author_id,cluster_id,comment_count,videos_commented,comment_ids,avg_comment_bot_prob,final_bot_probability,cross_video_avg_sim,cross_video_max_sim,cross_video_high_sim_count,classification,cluster_confidence,cluster_bot_probability,individual_bot_probability
UCKNK94GclrIH3FYZLBI2cRQ,8,1,1,['7dcbeced6ba8ce3a5ee9b0a22ccfa03b'],0.5591764235777632,0.3948112802452395,0.14244449703227774,0.9780718695304357,1,likely_human,1.0,0.3948112802452395,0.5591764235777632
UCv98o9HUz3kb6_9bSShJaIA,30,1,1,['d2ee14ab47374a4c8c1af0c9eee0d55f'],0.5109451719772927,0.3648425145269135,0.1689301923360221,0.8179412737812422,0,likely_human,1.0,0.3648425145269135,0.5109451719772927
UCGEiUm1x-K8Q6AAaz0yVWhQ,44,1,1,['6eba3a2cbbaf0bdd88a085e6ea3308fe'],0.49184184251183416,0.36439620625349245,0.19377786318906554,0.8195941985533592,0,likely_human,1.0,0.36439620625349245,0.49184184251183416
UCGexNX1yvi-3MmXhcH1xuaw,44,1,1,['0072d356541baea0402af51f0117dae6'],0.4927070870031286,0.36427413827318217,0.1885363147564967,0.8195941985533592,0,likely_human,1.0,0.36427413827318217,0.4927070870031286
UCgdaS5MJDmYOwprwT4MCroA,-1,1,1,['c93b0c759b0610533ac4838b5b0f1717'],0.5328157782654896,0.35679559589341825,0.12624404558948166,0.8592138456574167,1,likely_human,1.0,0.35679559589341825,0.5328157782654896
UCILdGJqmeYLMsyvqiN8yQQQ,34,1,1,['7f0464389cb8be7aecb808e45945fda2'],0.5383300167998498,0.35638214515432426,0.20181472490965727,0.5655849279554948,0,likely_human,1.0,0.35638214515432426,0.5383300167998498
UCAc93RdzK4YuCrBUbFYh2jw,70,1,1,['ba85bd1558f1658b1ffd3509a7334fbd'],0.519587809634906,0.35371663771577355,0.153775333909437,0.7305995333961396,0,likely_human,1.0,0.35371663771577355,0.519587809634906
UCDKRkQW6QjLI2RqKIFSCaGQ,8,2,1,"['c08458cc39f916a2e013d140c4d2b36c', '66acd1b62931cdd819c3bce115fadf12']",0.45764241621135593,0.3528832918715492,0.15659200056540523,0.9780718695304357,1,likely_human,1.0,0.3528832918715492,0.45764241621135593
UCCRLYBDNXAG1fWGoUcjngsw,7,1,1,['ede51a93a40488126945f7ebddf193be'],0.517261461981549,0.3501894120749326,0.18706003422800427,0.6117836642140795,0,likely_human,1.0,0.3501894120749326,0.517261461981549
UCD-axlcKx-hjfImju3CoZLA,44,1,1,['14f6d676fa834434174f76209d0172dc'],0.47697375234820627,0.3488940905328509,0.19483232194280037,0.728998775450598,0,likely_human,1.0,0.3488940905328509,0.47697375234820627
UCW5LHAAxVkRWMqLnRfQM3Fw,35,1,1,['523efc7728186cbfffbd9894ae81cb92'],0.46348141594062847,0.34321463049636686,0.21619197240788934,0.7522305274952589,0,likely_human,1.0,0.34321463049636686,0.46348141594062847
UCuzlUyMPFzm9qv-Q532-h8A,35,1,1,['74fde6f737ef163e43640d6e38eecda4'],0.46588929744521945,0.3425074433411392,0.20619972975074666,0.7522305274952589,0,likely_human,1.0,0.3425074433411392,0.46588929744521945
UCoJvn702cyyHvNJL2gZMNDA,30,1,1,['27d8bae6ad12eb87a6183c8b8228f72b'],0.49144830039392734,0.3398170949399969,0.23847812249168227,0.5113425692837686,0,likely_human,1.0,0.3398170949399969,0.49144830039392734
UCHs6R6v0kS1bMiuPCwzXD7w,80,1,1,['cd0b029f33ecde897cccb2f04ef0dfa3'],0.4845269261957076,0.33699952298164537,0.17696181769071379,0.696794666399984,0,likely_human,1.0,0.33699952298164537,0.4845269261957076
UCJY_qGnAKnmEllQtVVz60CQ,64,1,1,['e56302729cc9354d0b859a88f2d13b62'],0.4766132422815137,0.3355251281339393,0.22922687053335106,0.5225210902722092,0,likely_human,1.0,0.3355251281339393,0.4766132422815137
UCDVagAzZa0gKC24OBasOOKA,58,1,1,['c4745514ae93096a050314e9fbf87db1'],0.5062393346887315,0.33507872038841924,0.20098748422313112,0.49387204845300403,0,likely_human,1.0,0.33507872038841924,0.5062393346887315
UCf42c1CtgaIMyHyI1GXzYDQ,70,1,1,['dc7f87f2cda23d20b9d43aa97662ec41'],0.499046395917495,0.3345685132213978,0.1992271210288438,0.5241429397106336,0,likely_human,1.0,0.3345685132213978,0.499046395917495
UC6Woz0BS0B582fX84CEzvfQ,44,1,1,['ade51750567f94daea9bb218bf423a42'],0.4255965031271487,0.33410764534631676,0.2091380685425057,0.783835547464879,0,likely_human,1.0,0.33410764534631676,0.4255965031271487
UC_gtqPly8csw-PUbJtjqrVg,44,1,1,['fdd7fd15d11e53e2f68749eaaa3dc447'],0.463625479943906,0.33187949866844,0.22511477889460935,0.5498871657622535,0,likely_human,1.0,0.33187949866844,0.463625479943906
UCDgHFlpU12jLN3z2X0HsUjQ,70,2,1,"['d0e3d69e2d0187e9c2a354ccfc39e0e0', '56296f5b24766d9e68bef7be153d3fe8']",0.4807176370809081,0.3314326413991438,0.15997790176352386,0.6713405994228846,0,likely_human,1.0,0.3314326413991438,0.4807176370809081
UCLxNSFZ4D4I0_xoxqPD8csw,-1,1,1,['f88d7451d82df0f948ac2ad095666887'],0.5110674169234068,0.3313921354744634,0.19186332939728082,0.6212821094931604,0,likely_human,1.0,0.3313921354744634,0.5110674169234068
UC0g1uCmybfgnQcqsWzaDdmQ,53,1,1,['2727e0de297caa3d5584d2fa6e316480'],0.5066496513060076,0.33089060249171465,0.19622080551818302,0.49288651804507444,0,likely_human,1.0,0.33089060249171465,0.5066496513060076
UCSeeriLyoDbVljmgXyCHokQ,81,1,1,['6f321ded8b6bcebf6d90deae78280919'],0.47830826917176317,0.33027281700442046,0.19153769714470353,0.6580867327669155,0,likely_human,1.0,0.33027281700442046,0.47830826917176317
UCEqR7LYbMpiejHekEFbIRQQ,58,1,1,['d21357c9e73656bb3b27cf20e5d18f36'],0.4901401017623201,0.3301212597524141,0.1938252453191409,0.529207532894364,0,likely_human,1.0,0.3301212597524141,0.4901401017623201
UC6vgJyP7VMYBnbIogvlwlOw,24,1,1,['d027423b13d4a687bf532e15c33b0afe'],0.48943546855184006,0.32946469700726133,0.21651732595298148,0.5460057991016322,0,likely_human,1.0,0.32946469700726133,0.48943546855184006
UCZWwm472ruMRVAZpkGvxhWA,51,1,1,['b23d829c844d62a4c348d259a63c5157'],0.46309578378089344,0.3293183765565875,0.23402656852009382,0.5109770481117379,0,likely_human,1.0,0.3293183765565875,0.46309578378089344
UCLi_of7iB5lBJqQLwp_zj_g,67,1,1,['d40aa3ad31f3b9264865f092fca6f8c5'],0.48294150581030915,0.3290205694688027,0.1577311279483169,0.6703546079398206,0,likely_human,1.0,0.3290205694688027,0.48294150581030915
UCju5gZ7tAy5Mh0mQc4aS83A,2,1,1,['c0a9a98bf0b93fb011d9883a131cabd9'],0.4725742559721779,0.32832979722027783,0.1917190818913605,0.6898593429668061,0,likely_human,1.0,0.32832979722027783,0.4725742559721779
UCgPSpmBJppdNua6URIZhbwg,75,1,1,['3753f5ffd34eb54e7fa41731a3f58762'],0.48605934150254815,0.3279255040541636,0.20061315280680128,0.5833142308344016,0,likely_human,1.0,0.3279255040541636,0.48605934150254815
UCCh7QAfr1gFXNBaOnzQu3Xg,48,1,1,['2845ba306654bf13a013c2d5df2e4194'],0.4758121815583355,0.327660102347715,0.18775394079704047,0.6580867327669155,0,likely_human,1.0,0.327660102347715,0.4758121815583355
UCs7wsLlxVswl7LwiU26Wg0g,26,1,1,['bc89fc57420c76f2b2fda8a016436589'],0.48479080742004776,0.3274663535567014,0.1817202193608782,0.6081642796661673,0,likely_human,1.0,0.3274663535567014,0.48479080742004776
UC1DQcGNiVbet3_2-1H5FU1w,50,1,1,['059ed9574fca90998956564f9db0490d'],0.503612483965616,0.32737297892644945,0.19294135118860656,0.506360257394532,0,likely_human,1.0,0.32737297892644945,0.503612483965616
UCJnvT34OBmc5C8M_jnqS_Pw,46,1,1,['131b45e4ec279bcd06c1574a271de6c2'],0.45408702137690604,0.32725252225929,0.20618227776731243,0.6497133031194053,0,likely_human,1.0,0.32725252225929,0.45408702137690604
UC_GRNFSM6kmm63JtrDguR0Q,57,1,1,['99877f8a8464b7eba8c9f1cd5dc214b4'],0.4753022471271131,0.32685808404149597,0.1778649330434342,0.642075919461703,0,likely_human,1.0,0.32685808404149597,0.4753022471271131
UCfIECctFd9IyZKwBYnOImFQ,45,1,1,['09208c1dd571311f679a7590067bec4a'],0.4944204068728207,0.326834373710803,0.20422306212890048,0.5224054908149999,0,likely_human,1.0,0.326834373710803,0.4944204068728207
UCOu4DGzA3ZrzTbxKdc808Hw,26,1,1,['a187311e0fc13901e73122c01db3c94c'],0.4725557574391915,0.3264059660451073,0.2255366822465332,0.5533800659604338,0,likely_human,1.0,0.3264059660451073,0.4725557574391915
UCpsb33OD_ivya1X1b_nrZlQ,3,1,1,['ea31e5a2ae0b3c9d818c9fc101e01f52'],0.49096642718481276,0.3260992883458251,0.17422122816497282,0.5437098245429629,0,likely_human,1.0,0.3260992883458251,0.49096642718481276
UC0Zod8BfC9FjODYqEkiS-QA,-1,1,1,['8a17459fccd57591dee3058814f1ceab'],0.5218059287974184,0.32529282096619894,0.19250782644858958,0.49206173315484025,0,likely_human,1.0,0.32529282096619894,0.5218059287974184
UCLkSDnj7VTyq3If1ecis4Hw,-1,1,1,['868b117953828243cce559882d53cc40'],0.5095682723277537,0.32426658824438565,0.2018899331411978,0.5226113004925503,0,likely_human,1.0,0.32426658824438565,0.5095682723277537
UCHVVDFs73xBmB1B5-BV8wcw,6,1,1,['7a480ce1bdce2872d406da0f42a40df7'],0.489455313406141,0.3238870096465402,0.1915407965594894,0.5729304496633263,0,likely_human,1.0,0.3238870096465402,0.489455313406141
UCk5bnking3QAte5XW_32hCg,-1,3,1,"['633f0b731a09bcaa84086f1fd5f19dbc', '38d70ee5824bc5397e512af9d8ad877d', '5a4ee57ec21da3737224ccfdd2843375']",0.4550594318061112,0.3236757972369181,0.1396976721466954,0.8592138456574167,1,likely_human,1.0,0.3236757972369181,0.4550594318061112
UCe01MpGJoUSTzUL4VXeBnNg,66,2,1,"['bfb245f56d5064e594bc2fe44479b728', '2bf22fb3beadf28712273c88c6692c27']",0.4628045837171584,0.3236299626590757,0.1947063382937302,0.6588475081950573,0,likely_human,1.0,0.3236299626590757,0.4628045837171584
UC2Zk9pLMpXdK0kDoLHjmLQw,63,1,1,['e3f2f00dae9208abe2a520c88756896f'],0.4990083471131027,0.3235428368628006,0.19856375760259845,0.4778278595422521,0,likely_human,1.0,0.3235428368628006,0.4990083471131027
UC23011S1m6o3U_OT3J0MkyA,64,1,1,['93e03859c66549b7a2cdeae076118035'],0.4411832442296963,0.3234329366419809,0.18946010806855165,0.6452914613271417,0,likely_human,1.0,0.3234329366419809,0.4411832442296963
UCWU8U1DvoP35QK6ZmweTfng,62,1,1,['8b1d561573c76fae1d4a1c25f1016cc9'],0.5220643195000597,0.3232179217479558,0.16097775157072938,0.4606844958243925,0,likely_human,1.0,0.3232179217479558,0.5220643195000597
UCeOOpW3ltW7Vqv_RIlWzeKQ,0,1,1,['e9654d94ea9cd4c0ccb8bdded1bf35b4'],0.46003503937975354,0.32288642400723044,0.17978664613127562,0.7091243105004152,0,likely_human,1.0,0.32288642400723044,0.46003503937975354
UChl3R7kGKTe0EaWGxCIUzpQ,43,1,1,['d28da8b901b8d213767f04fa336d5a4c'],0.45447906957850925,0.3227013661938156,0.22082178152697954,0.5242694614186989,0,likely_human,1.0,0.3227013661938156,0.45447906957850925
UCk9dPCzxlnDelzKyrjsmU8Q,70,1,1,['8034f1e0fed7272b7562d10b0479a4df'],0.4757332306626257,0.3226712807688268,0.20102174682293655,0.5067157085377352,0,likely_human,1.0,0.3226712807688268,0.4757332306626257
UCuQMyjgPb4NgHXy6Ps11avQ,31,1,1,['318d0e9625457c23bec84ee251a2e1ec'],0.48918963418863903,0.32202933820972324,0.19328578563717175,0.4938746685297642,0,likely_human,1.0,0.32202933820972324,0.48918963418863903
UC5ZOVBvlDmUnHFahFCRNoDw,46,1,1,['7ba68eb2e09aca63c5a5a09051be0956'],0.4943475238270637,0.3219914239492824,0.13705538727183084,0.5630879218472817,0,likely_human,1.0,0.3219914239492824,0.4943475238270637
UCXEtzUp6K-bXw-5toITpFxw,76,1,1,['aacab709335347fec57730074eaa1088'],0.48702541227381096,0.32194975947812454,0.14802692143384422,0.627972690774271,0,likely_human,1.0,0.32194975947812454,0.48702541227381096
UCdOG63iUi5UMGXK50W30Zag,-1,1,1,['f8f1fcf0c425f2abdde2d432ce9207d2'],0.5088809824837244,0.32183081484280257,0.12290444008899147,0.6762167527830691,0,likely_human,1.0,0.32183081484280257,0.5088809824837244
UCbFNOYz_Q4JBkcxiGaFoW2w,57,1,1,['1b23e803a213352c8786ca86e2570c36'],0.5067621815578504,0.3218077227882695,0.17355261595286026,0.44355856432974267,0,likely_human,1.0,0.3218077227882695,0.5067621815578504
UCupGFdgE2xEAJTlmkf-fIAA,7,1,1,['f97986aface3655bf04f6be8de3e2b8f'],0.4601001479556188,0.32169573914066296,0.19597705886969638,0.5680304206415605,0,likely_human,1.0,0.32169573914066296,0.4601001479556188
UCFD90hd3w_1SovUc3qOBsVA,-1,1,1,['32aa344fb3e6368eac12acb5a84e182f'],0.5139116292881245,0.32162894013404414,0.18658572553494912,0.5072801318603681,0,likely_human,1.0,0.32162894013404414,0.5139116292881245
UCboqRtmmqvsHjomL3pC_Q2w,43,1,1,['4638af950cb2685235f4fdaee66e18d2'],0.45806968242170426,0.32159770497211443,0.2189135824946442,0.4934950648519219,0,likely_human,1.0,0.32159770497211443,0.45806968242170426
UCoDwGkvBKy3Q78WYAQ-vldQ,58,1,1,['066394b0d53c8d5887b667ea720924e1'],0.47818274155714846,0.321114605371697,0.18764048000821515,0.5082732197403013,0,likely_human,1.0,0.321114605371697,0.47818274155714846
UCNvnqx3Fr4XDgszqXosLYKA,51,1,1,['16c7285032bbd23a9377e0f933019ceb'],0.4446990990634385,0.3209455445263275,0.20757449012218865,0.5620781217880689,0,likely_human,1.0,0.3209455445263275,0.4446990990634385
UCurUA6tpFmzgQUd40knB3kQ,-1,1,1,['7361e6d71253a35e98325c987daa6c64'],0.4873971689063629,0.32026690451448436,0.2009322871266013,0.5999563097568954,0,likely_human,1.0,0.32026690451448436,0.4873971689063629
UCh3JcKdrrKhZ5vn6bb9Af8A,76,1,1,['0a5053e3f4381b974900929f791c16a5'],0.49046521449226166,0.31919517339253345,0.19799041372134138,0.4756520106311507,0,likely_human,1.0,0.31919517339253345,0.49046521449226166
UCjgIsUCCe91Tya698z75TCA,57,1,1,['70fc780805433ad98ea40692dd9afff2'],0.48800854816901695,0.3178885962131561,0.17506711970152755,0.4842903515827484,0,likely_human,1.0,0.3178885962131561,0.48800854816901695
UCag5jhg4hwoc9KGvQcUbxgw,69,1,1,['e46257dd9a18377c74272a39d26863f7'],0.46402208570880277,0.31770906186451453,0.21607998568221862,0.513074380893051,0,likely_human,1.0,0.31770906186451453,0.46402208570880277
UC7ZtZnW20Ksj-Op2vAafwAA,80,2,1,"['69acdfb55a90a0d11f1c70e1645c71fe', 'aadc74f58974baf2de5a31a0e72dd57a']",0.4463156651559733,0.31663496411931746,0.19853649019391564,0.6198517003070045,0,likely_human,1.0,0.31663496411931746,0.4463156651559733
UCgdAvtc8EAWhus1tb4SI8FQ,-1,1,1,['52d1fd845e4bbe3d10f096da6f07b35c'],0.5116459258267905,0.3162550094555908,0.201249735691536,0.43074553349966577,0,likely_human,1.0,0.3162550094555908,0.5116459258267905
UC4amCZENLgPw12NhOH_aBtw,-1,1,1,['5babce66cf46d927af913c4df2602652'],0.4979472646844333,0.31578177629378057,0.19799147638471087,0.5014849322672335,0,likely_human,1.0,0.31578177629378057,0.4979472646844333
UCh82Mun5I89Y2yKuDUEcxEw,28,1,1,['c56001b78ae40933c12693b17cb57480'],0.49601004059959575,0.31534648222872563,0.17452405909561414,0.45643629861037854,0,likely_human,1.0,0.31534648222872563,0.49601004059959575
UCTVwLqWwm4hZnEjEo7HRdXw,15,1,1,['2690e5f2c2afc7fb6fd887c9b619cf9e'],0.48097471750901083,0.3147375818563636,0.17447913210754198,0.5060919597436464,0,likely_human,1.0,0.3147375818563636,0.48097471750901083
UCe4hxuprNciIY9owFgw7beg,68,2,1,"['d1e488d63a782ad08ffa76006abacef6', '6c0aafec9e7e73b21bbb78c6b0ab0fef']",0.46417528114898615,0.3145934293925149,0.1759849149647345,0.5355956642023343,0,likely_human,1.0,0.3145934293925149,0.46417528114898615
UCc9evMpqHRpzjUvEgHgIljg,-1,1,1,['48586746ea6c3e20356920717193220b'],0.4895429185027799,0.3143184677352006,0.21120180684907208,0.510190243144707,0,likely_human,1.0,0.3143184677352006,0.4895429185027799
UCYmdUzL6ZTUkkP2gP5Yj19g,9,1,1,['6989c9ca4b6e7d9df28322d85628c768'],0.4510115759653574,0.31392558533478604,0.23803903672653162,0.5478817330933858,0,likely_human,1.0,0.31392558533478604,0.4510115759653574
UC6ANfKz4qr3jTAV6Dbr_e5g,78,1,1,['1aa3288ffa362acd85361a2422f08b4f'],0.4556487355399173,0.31384915724671913,0.18761200704321807,0.5733389481466917,0,likely_human,1.0,0.31384915724671913,0.4556487355399173
UCzV4RPyq-dO_xs_ZkVjZp8Q,63,1,1,['9c2720e15d7c59fe1696248d8c780706'],0.4558040365920057,0.3137106447461741,0.21622311005253514,0.5496111983892035,0,likely_human,1.0,0.3137106447461741,0.4558040365920057
UC60vklOxvK82XoZXH14K-ZA,51,1,1,['482920e52c298346498ac851559accfa'],0.4399010977598039,0.31287549542649723,0.1979760113543572,0.5303830247603617,0,likely_human,1.0,0.31287549542649723,0.4399010977598039
UCfITbF3F9eeXS6ZzZQW2OAw,11,1,1,['20ccf58cce504cbf5c210c93f68f289b'],0.4788720852179171,0.31281590572234275,0.21263793205716908,0.42200825662147023,0,likely_human,1.0,0.31281590572234275,0.4788720852179171
UCXp1hYqgz-D76SnFtcV2YVg,30,2,2,"['9a172587f11861577513afda7d53886e', '3f4f62929376069b30472752fbecdff5']",0.3915605648034689,0.31261842546853325,0.18178529855576958,0.8179412737812422,0,likely_human,1.0,0.31261842546853325,0.3915605648034689
UCu_O5P7XK5icNZ2WyhfA7nw,79,1,1,['0f2cf9d5b72992a04b2c310492a495e5'],0.48095613043251917,0.31182606965018866,0.18433732920192983,0.47381646744150163,0,likely_human,1.0,0.31182606965018866,0.48095613043251917
UC9SzKb1S-fznI04g18P7V6Q,62,1,1,['b017ecb34e663d9ea3d039b08c35350d'],0.49708512580873965,0.31166011744793465,0.13227640572478186,0.5078342868804966,0,likely_human,1.0,0.31166011744793465,0.49708512580873965
UC7ST2Re92sw5j-P_e8Ek0gA,-1,1,1,['8a412948a1882b3d7575f3aadb94b539'],0.4781356352282964,0.3112394973794091,0.11414121859274909,0.7265375716520821,0,likely_human,1.0,0.3112394973794091,0.4781356352282964
UCDCmozhmU3e-HyIyTe2eRug,-1,1,1,['8cd9a55c92e75589fdf357a629404472'],0.48043484362798294,0.3109312424209146,0.23133367469759838,0.47752660447227563,0,likely_human,1.0,0.3109312424209146,0.48043484362798294
UC_6tVNZpMjPY4gidEv2ad3g,61,1,1,['1439361133c2f08972a27253c9f8cf57'],0.4571150856707974,0.31060910963590027,0.19376817795972662,0.5510714950814616,0,likely_human,1.0,0.31060910963590027,0.4571150856707974
UCbd2VhFwPqkvquky1YdtSjg,-1,3,1,"['d5bb434e63d359b9f1203fc6577bd3ad', '2c194fbe4f503d78e2ee013a84ec2f3c', '9b2b99788f53e383e63afec9d78d631b']",0.45431907054829473,0.31037749115718044,0.14918224021749069,0.7487144291735076,0,likely_human,1.0,0.31037749115718044,0.45431907054829473
UC6YrEr5sdbpTBGb7jBydQPg,51,1,1,['7b6c328762f178b86a8c16132bf2021d'],0.45579538322948937,0.31034430145680425,0.18242357279226365,0.4528400313445907,0,likely_human,1.0,0.31034430145680425,0.45579538322948937
UCoLJO5DUHYoZqDiz3j9wlAQ,55,1,1,['fe9f4f79f5fb8d70fb3230ae12711680'],0.4597788518120533,0.30965565500657904,0.1848378406162805,0.4520036433772551,0,likely_human,1.0,0.30965565500657904,0.4597788518120533
UCbX6uVwOpeaRdk-EXKPNwqQ,73,1,1,['99acbff07f2dcabb675c1019e3f47289'],0.4439718591082663,0.309501939722697,0.20847136031490912,0.5714614609428813,0,likely_human,1.0,0.309501939722697,0.4439718591082663
UCX54IkjMzC46u3eqa9KmQag,49,1,1,['aaf3168cfc26aa0cafa8b9a28baad9a7'],0.4397499864375803,0.30936435481217067,0.1887302711776841,0.6012123599224577,0,likely_human,1.0,0.30936435481217067,0.4397499864375803
UCqi4CEBWkYRRKjKtV8HbmZQ,-1,2,1,"['6e3ecf71269a6361d58250e7e23102f2', '7711475c52011597550a92862f3b81e8']",0.4703240835364528,0.30931324143642736,0.1895144743835944,0.5830052486977951,0,likely_human,1.0,0.30931324143642736,0.4703240835364528
UCiReaz_6crGlCVTN1Snd2_Q,10,1,1,['2864154d7f74dd79b5383369d3230d43'],0.45884321006337125,0.30929623578179166,0.18252082711862405,0.5422139254180709,0,likely_human,1.0,0.30929623578179166,0.45884321006337125
UCQxjLDhCeMdk3mfpxddrNsA,31,1,1,['dbe18013457c1f20b534fe3eb198b249'],0.4791700005797115,0.30890572422441576,0.18491198430809336,0.4216466868810568,0,likely_human,1.0,0.30890572422441576,0.4791700005797115
UCsr67mvfS7FLzDUl_cNDj1Q,14,1,1,['53a48dc69b1d2fd468cb1b2e08ed28b9'],0.4477498096093556,0.3088212343228023,0.2170626095127881,0.5029595937008164,0,likely_human,1.0,0.3088212343228023,0.4477498096093556
UCle-xOdxjFQJkAt-UIQPHAA,-1,1,1,['c783d2c5f1533dd89a125a081438d32e'],0.4713786380563918,0.3087320417570437,0.21646218533425315,0.5175995013017963,0,likely_human,1.0,0.3087320417570437,0.4713786380563918
UClF_cYxYicDnglsm20j4Eew,7,1,1,['311c7b92fe5799d43dcce1b3c1b72116'],0.4628115387566951,0.30867879696563394,0.17768484412250493,0.46002012520399127,0,likely_human,1.0,0.30867879696563394,0.4628115387566951
UC6SlO_C8Kxkaapari9NX7nw,-1,1,1,['38db313fe206b6537c1a5567673f5d64'],0.48121133681444483,0.3080987540798603,0.20787242597009037,0.4701482064414496,0,likely_human,1.0,0.3080987540798603,0.48121133681444483
UCnyvnhRckBe-cre95P-BCgg,52,1,1,['116a6d8389f93f7fef61b7f7eaba1fce'],0.44683413534177474,0.30777289259849594,0.18876056438874106,0.5877879095471786,0,likely_human,1.0,0.30777289259849594,0.44683413534177474
UCyIZdoAhhRSiWEAvOuxj_9g,43,1,1,['3a7e6d725f4843b8a273469c41e6b502'],0.4317761679255725,0.3076319325087036,0.21215930507528055,0.4830886825603543,0,likely_human,1.0,0.3076319325087036,0.4317761679255725
UCaROQnts63MOq3mDtq2QyeA,33,1,1,['e974e036fc90771e4fb7003bc7a464ec'],0.45636339791831604,0.3074845166262084,0.20827621445927097,0.49966446534585496,0,likely_human,1.0,0.3074845166262084,0.45636339791831604
UC_PebcHVPtongdf6w5tQ4rw,44,1,1,['67252e4e5bf9b9d82fc98cfe009083b0'],0.4414183605221829,0.30739921476712406,0.17384408332657467,0.5162338278020105,0,likely_human,1.0,0.30739921476712406,0.4414183605221829
UC2_7WiVUh65Eo2q2FinGv3Q,35,1,1,['126febc07dbf48b2f629d4ad112e20fe'],0.4465023382892228,0.3072652346295135,0.17905886996009535,0.5468886264903647,0,likely_human,1.0,0.3072652346295135,0.4465023382892228
UC9euuZkqgYviuyAdEWWRNsQ,21,1,1,['3e6be2548a7f58eee21b07d7c390c15d'],0.4617560288637126,0.3070087772615837,0.200599933981224,0.48353411371777466,0,likely_human,1.0,0.3070087772615837,0.4617560288637126
UCqQ9lmqABieqvtvSwQ3P01g,-1,1,1,['31daf3f4ec239dc168803bb6d57867fc'],0.4476136286334868,0.30649056877624914,0.21216094663537866,0.6100548607611727,0,likely_human,1.0,0.30649056877624914,0.4476136286334868
UCLw1r6HtuWy5ktW40dl_ybg,-1,1,1,['3b6085af7e56ccfcbf2e2cc8e92bce56'],0.4804328381642773,0.30641939255729156,0.196585743501452,0.48307865391326293,0,likely_human,1.0,0.30641939255729156,0.4804328381642773
UCurJ-0yzokAsZ4-WVYrfirg,11,1,1,['373e9c7a7405bac90fffb07606ee8acd'],0.47611948649327435,0.3063001296118643,0.17881517026198476,0.43417438775516826,0,likely_human,1.0,0.3063001296118643,0.47611948649327435
UCDK7vHMn0pKx142weas4bCQ,11,1,1,['8a4094c939fbeb5afa86b997b479d25b'],0.4595857922315273,0.3061785791479795,0.18493892079781135,0.4881861914851977,0,likely_human,1.0,0.3061785791479795,0.4595857922315273
UC5I7jhv727SxIIIEPcYAxkA,9,1,1,['7e841684f99ba1ce8313d8deded64eff'],0.47174919842028795,0.30604577764583807,0.21583772846384583,0.40955974469212497,0,likely_human,1.0,0.30604577764583807,0.47174919842028795
UCsGcp7uQZ7RZ10uLw4L2XoQ,-1,1,1,['112874fa2e6d6e72f0e8e90167ccd82b'],0.47211475075228615,0.3059568304083864,0.1927076435457629,0.5248845369204024,0,likely_human,1.0,0.3059568304083864,0.47211475075228615
UCqbce6TXjakby8Xan2HvxmQ,-1,1,1,['2406f399b0cdc0f55c71383f93e165b7'],0.4715010799523231,0.3059173507621895,0.22362257822789147,0.47261184313226134,0,likely_human,1.0,0.3059173507621895,0.4715010799523231
UCqi-hW4QupQYqVhZgQD-o_g,70,1,1,['e6b207293a82023c7094fcede8f5269b'],0.46751826324787116,0.30581455068737234,0.1911474008509833,0.39545875973224903,0,likely_human,1.0,0.30581455068737234,0.46751826324787116
UCbOFTddZ9eK2GlgeROmqnvw,64,1,1,['154af1569fd84d1c83f12ff12f9be675'],0.4429241677871873,0.3058056217412436,0.15860563507077013,0.5272520220653019,0,likely_human,1.0,0.3058056217412436,0.4429241677871873
UCBxdcOIAcyxxVrsbkgzRqKQ,7,1,1,['8486140d013af3d0cdff22f85da51e04'],0.43732394034931943,0.305775526575998,0.22287823453570785,0.4684057296714416,0,likely_human,1.0,0.305775526575998,0.43732394034931943
UCfX9b0EVGcBH4484epE4LUw,77,1,1,['9f30c4ce0ff38a133b5ffb816a7a2cdb'],0.45578374082100753,0.3056276563714111,0.20588264198524597,0.48048643688421055,0,likely_human,1.0,0.3056276563714111,0.45578374082100753
UCyiFeYTmWqXByyyu7enpI-A,-1,1,1,['00273a94a03e739cfea7b74119f24d29'],0.49421627175329175,0.30530289309882186,0.1833118620488461,0.44142403555761067,0,likely_human,1.0,0.30530289309882186,0.49421627175329175
UCnRwRsweACDLEvVKl-xeTtQ,52,1,1,['2c5515677c5c0e41b13fc961d2e93f78'],0.4635066922834661,0.3049820330627444,0.18990123917362803,0.4688202601070547,0,likely_human,1.0,0.3049820330627444,0.4635066922834661
UC4oTHTBVpiyP9_OdchlYoBw,0,1,1,['19c6ad54d249696fb02c1246c427d605'],0.43230266305502707,0.30492732172132775,0.14744814309527043,0.7091243105004152,0,likely_human,1.0,0.30492732172132775,0.43230266305502707
UCelB0QbfxLojpqJFNsgpgEQ,43,1,1,['d809f64dd13540ebf619f3a1dcb13c92'],0.4375999100159751,0.3048797358421851,0.19654867240077073,0.46198287236202495,0,likely_human,1.0,0.3048797358421851,0.4375999100159751
UChZqz5SuEScxfNImUmtMyHg,7,1,1,['e203d4dd66a47476cb315a831b47b425'],0.48916666387089985,0.3046227204972299,0.142685796286007,0.3785250416319354,0,likely_human,1.0,0.3046227204972299,0.48916666387089985
UCRL_Cy81Dp3L_Sba9udy0jA,-1,1,1,['3f9864202357ea1414972e86416b3847'],0.47487728015479275,0.30456974224324074,0.20929481063761132,0.45939183717620785,0,likely_human,1.0,0.30456974224324074,0.47487728015479275
UCtFtvP9nIRgl9XQKPxBxnoA,30,1,1,['bb7959785b592c9ea1742a3f58b3fc75'],0.43387099526120865,0.3042342664886874,0.1868475284865714,0.5251696297553298,0,likely_human,1.0,0.3042342664886874,0.43387099526120865
UCVauhqKElVCJt-ybjDSmeAA,-1,1,1,['42e88792a4113bd0157caf8df6236fd6'],0.4782550578951785,0.3040006861478922,0.1909101267983038,0.4767123931952061,0,likely_human,1.0,0.3040006861478922,0.4782550578951785
UCHrRezuP-yPp110kvyxED1w,-1,1,1,['112fa9d2e795e73355093a882ff74d6e'],0.48719109701709096,0.3039730091571134,0.19981128746697216,0.42357402172910896,0,likely_human,1.0,0.3039730091571134,0.48719109701709096
UC0OJM_M8weii0zkuC-Q-3fQ,47,1,1,['694fac64f4c3a63f5630457869ab3c03'],0.4745180020060984,0.3039242277807659,0.16545639243208377,0.4567223656899677,0,likely_human,1.0,0.3039242277807659,0.4745180020060984
UCp6R_AjuB1rGv-8SdyYjGBw,-1,1,1,['97753eafd461f9c3f61e7329395263f2'],0.5007292819185568,0.3038993790367383,0.09013971467056846,0.5950487638692249,0,likely_human,1.0,0.3038993790367383,0.5007292819185568
UCCWA-7zqH1gYV1PYdg-nm0g,36,1,1,['97caebb97e8afc2b560fa3bb7cab3ddd'],0.4701496472592057,0.3036602258627502,0.19258646176389285,0.42592579990890633,0,likely_human,1.0,0.3036602258627502,0.4701496472592057
UCk4ri7JzHbrbzdFBL2hnHtQ,51,1,1,['e02fa8221ebf57e7d0ce34afeac824ce'],0.45033414608238787,0.3036253955574342,0.12930873333299328,0.5307831344811251,0,likely_human,1.0,0.3036253955574342,0.45033414608238787
UCP1cO8gZqBXW9u8lEV3GU1A,36,2,1,"['9bc203cd7e2e242d9475185630c6e82c', 'cef7644f2a9d71a36c76b4996018a95b']",0.43048305964156414,0.30331650858171844,0.17337069098611815,0.6411131758769575,0,likely_human,1.0,0.30331650858171844,0.43048305964156414
UC2sA_93INBwoBAOkdXJxGOg,29,1,1,['24cf691f30a0702f4cd0c900a00fed54'],0.4390036637382084,0.3032572789384994,0.2025109535336407,0.47944207092742647,0,likely_human,1.0,0.3032572789384994,0.4390036637382084
UCTmhfUpe5jeVXHaMsRAZGeA,8,1,1,['da87e29f2945a3dd66c3dc2a2f72004e'],0.4440609205130767,0.3031692737385138,0.17811167652836868,0.5453226557649211,0,likely_human,1.0,0.3031692737385138,0.4440609205130767
UCqw1Pm-_Pt9MZA02VvyM8oQ,-1,1,1,['58bc5c43f1408e2c52f8ff5d3572ecc6'],0.4672781032221974,0.3026512538422964,0.1716164805642288,0.5850065274496269,0,likely_human,1.0,0.3026512538422964,0.4672781032221974
UCB3tJvVaCvLztpDjZD6s30Q,-1,1,1,['0297627ffe460416906d4d0093f985b0'],0.4340578285397801,0.3025241017665532,0.2262280157532097,0.6012123599224577,0,likely_human,1.0,0.3025241017665532,0.4340578285397801
UCv6q5VoRACxxfkCARM6zs8A,25,1,1,['7abf9c817e036174e89c03a1204d5545'],0.4826367838483213,0.3025112137199516,0.16942534846087187,0.3992769634880961,0,likely_human,1.0,0.3025112137199516,0.4826367838483213
UChSFit3ya4usLgaQzf91o7g,30,1,1,['1ea8e87c2b8b0fc668e28e8eb06be2b6'],0.4229644616747679,0.3025074284121885,0.21079532277197643,0.5059274169623736,0,likely_human,1.0,0.3025074284121885,0.4229644616747679
UCRbsNItHCulB81Sk7Hv4FFQ,49,1,1,['2b8b587d9d422758ed9c0414fbd9e8a4'],0.4636013914259412,0.3023010519233853,0.15822196467756666,0.4773331806529181,0,likely_human,1.0,0.3023010519233853,0.4636013914259412
UCqhg66B2aunrYKVVUtFiepQ,33,1,1,['8293ebe1d812ccf34a953d6e48ce34c0'],0.4457762890978313,0.30223429056109563,0.1814555481217605,0.5490186813555596,0,likely_human,1.0,0.30223429056109563,0.4457762890978313
UCIY1pamxfe-VRxowlr4SnSg,17,1,1,['7fffd8ffc233b578126cf161cea52e25'],0.4577192900994528,0.3021984881088553,0.21451830692336318,0.4266416637332236,0,likely_human,1.0,0.3021984881088553,0.4577192900994528
UC6X1U8ASpiieZGX7kCmIlXQ,29,1,1,['ec1ae9ba7839030e99b7391452c515fa'],0.4441193623523442,0.3019634454437031,0.21002903518070565,0.4369145400568215,0,likely_human,1.0,0.3019634454437031,0.4441193623523442
UC50UCBhOFZJlDT6qemQg5Gg,-1,1,1,['4a94a0909bc7cf51511a673c22b2951b'],0.45189821637092864,0.3019481524025088,0.2220044669103814,0.5209657819100657,0,likely_human,1.0,0.3019481524025088,0.45189821637092864
UChRDOPH2ctE91TaH0Pw2PGQ,-1,1,1,['781f3bb147f0f054adc69a63d1fda18b'],0.463477648064074,0.3017936938008077,0.19190394678678682,0.5222407536962539,0,likely_human,1.0,0.3017936938008077,0.463477648064074
UCoSPXsQzlYXPw2_NSf4Hiwg,16,1,1,['bfbe9a19cb19481e144102c554d23a01'],0.45966224474716405,0.3017552135621576,0.16310890570832917,0.5159365495925541,0,likely_human,1.0,0.3017552135621576,0.45966224474716405
UCl83_vSBvJTt8tWFrz-UqLQ,52,1,1,['b155800c7771bc5449728d456f26b08c'],0.43525697097346805,0.30172175971001397,0.18837027958600147,0.5690025389783543,0,likely_human,1.0,0.30172175971001397,0.43525697097346805
UCnRIcQcIwi3mHurrKrZPlqA,-1,1,1,['c6c83fc2e66836f2956dead1f26e457c'],0.4703399337929501,0.30149793696387417,0.20034066990306318,0.47622113100855323,0,likely_human,1.0,0.30149793696387417,0.4703399337929501
UCI--sjCJJxCQZ4crGZuz4Fg,-1,1,1,['bff111683758a8f69ccfb30853cb925d'],0.47895170139830795,0.3012786315760753,0.18954655086240402,0.4654152842789461,0,likely_human,1.0,0.3012786315760753,0.47895170139830795
UCFWCSQoI-CgJ0SC708kthCw,41,1,1,['e8bb4064f35aacae630b234ba8a5110a'],0.45228733543587846,0.3011822540210845,0.2024851159506046,0.43285657580688885,0,likely_human,1.0,0.3011822540210845,0.45228733543587846
UCpb2XKOieHiGqTssrJUANxw,-1,1,1,['2f1b0e8c579ba051d4e381a9e642ca45'],0.4741308291708172,0.30110559577986673,0.2003507008753605,0.46976583335782784,0,likely_human,1.0,0.30110559577986673,0.4741308291708172
UClhOBPVGDVZNCNlO7FHjUcA,25,1,1,['b8582d293abcd7e782b622208867ba8b'],0.44094399551427593,0.30100792498728646,0.22045276197922514,0.49039535357737274,0,likely_human,1.0,0.30100792498728646,0.44094399551427593
UCEgyfKzHAak-cdl6euPiLJw,-1,1,1,['63b10532db3085dd99e944b37923ce82'],0.4541582418894473,0.3007869966375189,0.22448327519473615,0.4948035212447922,0,likely_human,1.0,0.3007869966375189,0.4541582418894473
UCBrvMdDHKuvryUS6Aswu08A,-1,1,1,['20b2f637717d08eb5ac1032d04491af2'],0.4651146491882959,0.3006819635357279,0.21860323699750053,0.46089717981940337,0,likely_human,1.0,0.3006819635357279,0.4651146491882959
UCJENnwpdvCtHyumKFVubZog,-1,1,1,['4cf5a9ce544fc45fb4f2aac79c2dba80'],0.45755061524578555,0.3006316559633906,0.20654112759976012,0.5082137469200838,0,likely_human,1.0,0.3006316559633906,0.45755061524578555
UC8rDFBeJkOEz4DpS51JNqgA,55,1,1,['238d84ceeb88e7c8771ee127aaa9922c'],0.42238205631446285,0.3005329614480172,0.20362325452984392,0.5035714810465401,0,likely_human,1.0,0.3005329614480172,0.42238205631446285
UCXo-YD14T2P1vVYMThjG_4A,-1,3,1,"['6b5caacf2ae12bf2b1d23b045f790673', '4ced7c5fbac1f88191cdfe94cf0742f4', '679ce3c524d3c6208592331f823f94ba']",0.42651050430374,0.3004957795507316,0.2025954383014995,0.661966585465803,0,likely_human,1.0,0.3004957795507316,0.42651050430374
UCFbLUqv1XsGBV5vd5goZd6w,69,1,1,['c06556a6c66f006ecfa6edfba454cafb'],0.4499653074998548,0.30017908057474696,0.19001211975795462,0.4552458113704272,0,likely_human,1.0,0.30017908057474696,0.4499653074998548
UCUzJvlIOvygCBjNBfKw8scA,17,1,1,['2f2a5a1a96cc78b5233a5e7e2fe54954'],0.4393989220067232,0.3001219985098593,0.21364240116799546,0.49134273658009564,0,likely_human,1.0,0.3001219985098593,0.4393989220067232
UCrFgYXbc5Kc664vVEOUFjSg,-1,1,1,['7375e1ed7243a4bcac2b401e348ca103'],0.5107762848083461,0.3000718030043106,0.129725321720185,0.4327121940401462,0,likely_human,1.0,0.3000718030043106,0.5107762848083461
UCYqMjj0iV_DouX_pmwr61Kg,-1,2,2,"['fcf0e6c8c8863844f17678922c8338ea', '24e5171186427249c8d8273af7742d1d']",0.444079778815859,0.2998578349969398,0.17386583431082203,0.6452914613271417,0,likely_human,1.0,0.2998578349969398,0.444079778815859
UCM8sb7S8H9v_z3TLy-oVPdg,51,1,1,['9daff03fa35c3044a968a5a98d5ef4cf'],0.44930617466834627,0.29969777734361025,0.17447609276088677,0.3931132983215815,0,likely_human,1.0,0.29969777734361025,0.44930617466834627
UCgEnzBobrxXhG8ovfNPFjCA,47,1,1,['9501c1acc6f5e8e427ce7c2e76ab5150'],0.4483939707548731,0.29968680011321575,0.17430633702279233,0.5282141136936869,0,likely_human,1.0,0.29968680011321575,0.4483939707548731
UCtdRQAqR1F5WzdYVPFaLmKA,66,1,1,['9ca7fe907068baa1990c91f61607b904'],0.46274178086891504,0.2994158281902224,0.19441020365207065,0.4110200319561701,0,likely_human,1.0,0.2994158281902224,0.46274178086891504
UC_nY7qvBlF3yWmSr81w19OA,38,1,1,['3cec5f6698638e018f4d02aa1727a593'],0.444515439090513,0.29931324233219025,0.16499384929149888,0.4612433025593049,0,likely_human,1.0,0.29931324233219025,0.444515439090513
UCz-1vxPoZA2A1dYLjK8mMow,-1,1,1,['c12b03274cc84f257356ae0ae1ac4c8a'],0.48006646498728883,0.29921250442804576,0.19521842093179892,0.4218449696023134,0,likely_human,1.0,0.29921250442804576,0.48006646498728883
UCuexDA3qkPycioSL2VDXROg,55,1,1,['79e25a7aac87caf7b6eef8423f6507d8'],0.47987200442834854,0.29902672072865905,0.12839896287786576,0.38251899502923065,0,likely_human,1.0,0.29902672072865905,0.47987200442834854
UCqtJEJ8roQwC1Jr-G-yqLAg,4,1,1,['bc26f0c4ab193c7340f8285183d4fc0c'],0.4463679683761354,0.2989693406053683,0.22046476023506287,0.4141482368569285,0,likely_human,1.0,0.2989693406053683,0.4463679683761354
UCPJn2p_48xQ7q2ctoCpD4pw,64,1,1,['f998a0dd965bb4fc1b81925b5ebafba1'],0.4254418983995638,0.2988743088002328,0.19675366011143816,0.45354518481118133,0,likely_human,1.0,0.2988743088002328,0.4254418983995638
UCQXgCwEa4uR9jFL9O6zvM1w,55,1,1,['083072ab9679184319e21c004cdc2fc5'],0.4342483827913468,0.29881494225682237,0.18739212473401703,0.4636813410281284,0,likely_human,1.0,0.29881494225682237,0.4342483827913468
UCQi86xJudjVJCrDbwtLJKSg,43,1,1,['273716a5b3993bb49045c99a36c7d4ab'],0.42453425335432066,0.29880791500681236,0.19151398977245992,0.4700958456709233,0,likely_human,1.0,0.29880791500681236,0.42453425335432066
UC1K6jBYLly7LD1GvH31uJ9Q,-1,7,1,"['98131a50110ac701ef792477db14a383', 'b8c64c23ad3e288b49e669430701e0f9', '00d6f3d1b11fe25b1a0495232dc007f0', 'ba6768b383bb5e3b138e2360df52c298', 'c1ff8f09b0f37018f56653a3f0579eba', '6a377a8c93c5ec5d3d0b12e68556cb36', '0527e545611a6e84fb6296b80b916aad']",0.42985807642713336,0.2987763498951149,0.15599658770681543,0.7265375716520821,0,likely_human,1.0,0.2987763498951149,0.42985807642713336
UCA_vWItKZd_dKNsqJpy09Kw,54,1,1,['cbd2fc13d10560a02eeab1fcc25edb77'],0.43530266998862227,0.29866458487019754,0.20136953761633214,0.5221079338275484,0,likely_human,1.0,0.29866458487019754,0.43530266998862227
UCGXLpxq8sie7uWAk5Mei3sw,-1,1,1,['1e67eb8da46ea3c834526f7ed33d471b'],0.44532748149161466,0.2986585905712277,0.22378180977711135,0.5139111876675817,0,likely_human,1.0,0.2986585905712277,0.44532748149161466
UCY7-ILTX9eL2pDzkOLwDmYA,37,1,1,['310a353e38cc3046d3f59937b8aadce7'],0.43876242057112214,0.2985013804766322,0.213059415933077,0.4757923201241536,0,likely_human,1.0,0.2985013804766322,0.43876242057112214
UCrVG2g3hCT3ZO1HBdLg0lJQ,14,1,1,['d93c995d430e15321805d2bb104af438'],0.48037024456325184,0.2982491461823742,0.1518425910056825,0.3784835441975806,0,likely_human,1.0,0.2982491461823742,0.48037024456325184
UCF_ZO08Z9TEdzo4GaCMiqzA,27,2,2,"['1e7b26b45ccfcfbdc76b6d566b307735', '3109fdc12e31f14258ed267e90d67dc5']",0.4251544358098574,0.2982474665359103,0.19612134405522968,0.572519882593078,0,likely_human,1.0,0.2982474665359103,0.4251544358098574
UCLLosUuM6DOcy3uohU5JkxQ,-1,2,1,"['2a7da800d5a0d03c9829fee5ccfd7db4', 'd6df84f5759a98ed7f461249665a486c']",0.4671963924636554,0.2981843536067928,0.18215504760833778,0.488492950615207,0,likely_human,1.0,0.2981843536067928,0.4671963924636554
UCdKu7f4_xvDk76cBywWEYqA,61,1,1,['f760a5a5b2d45bc75c03aa7acbe9d2d5'],0.45864063382377573,0.2979743321378951,0.18630824966026951,0.4219848162262548,0,likely_human,1.0,0.2979743321378951,0.45864063382377573
UCL1GO40gZwDwQcliwSeibpQ,-1,1,1,['0f5015889b4536852165389a55e871ae'],0.45405845714959114,0.29796052056612077,0.18410670109301056,0.5503841597263341,0,likely_human,1.0,0.29796052056612077,0.45405845714959114
UCy5wtg21JOcL3IQX2rSTUww,28,1,1,['de6d906674b5e52f0debcf007f0f71a0'],0.45141451114617076,0.2979019163217195,0.1790660445622238,0.4914684633592731,0,likely_human,1.0,0.2979019163217195,0.45141451114617076
UC1_nF_AKcCr-IIG-Fg3OtWA,-1,9,1,"['01c840dc33196a1cc8722cd6e8a6f7c2', 'f43ab75e88a9b31d2652baed81fa26ba', '8f4a18e0fdd66820ddaf5c7516c430f6', '951067564bf65222530438c8f7f11068', '58d2b635b01ba4cb663a917135303355', '4607cf3123dd72e83f5e7cdf8fe9e612', 'ac618317a559e402bb44c946808c3270', '594eeb5423af2385614da5cd12464d38', '17270982b305184ea3af90e809cbd1ff']",0.46162171488305,0.2978484440848241,0.10852204074563501,0.6762167527830691,0,likely_human,1.0,0.2978484440848241,0.46162171488305
UCEoQxz3osed6rv_WE2As72A,-1,3,3,"['1f09d3577398c31194eb1b10435b0cee', '81f138d4cc9042b7fdb733ffc9a7850e', '647499ee504ad9c8c58996a7e0689bc3']",0.4291707196341617,0.29757255030440555,0.16947500496362738,0.6972829289948326,0,likely_human,1.0,0.29757255030440555,0.4291707196341617
UCu1W2L-EUrE07wZYMh6D5oA,78,2,1,"['3a2f8dcb3c31e980bfa458c83d34aab0', '8560a9c8c82fd75fda2be36ad0a96e12']",0.44658460874913547,0.2974519459866886,0.1727013209686512,0.4820756332752926,0,likely_human,1.0,0.2974519459866886,0.44658460874913547
UChV5GLWpaNDr501QNg3Tzuw,-1,1,1,['e333badcb47efae607e17891a674c365'],0.44443920739698733,0.29726741725371936,0.21040822775697346,0.5363615963188609,0,likely_human,1.0,0.29726741725371936,0.44443920739698733
UCUMjr51IH7WYuKuQ_W-_QFw,-1,2,1,"['80b43e720d211734e755a41c47630f3d', 'b1617b85f03fc26f8cbfd7a37ab041b8']",0.4323845018338357,0.2971441125371824,0.19368097901028644,0.6209476380585104,0,likely_human,1.0,0.2971441125371824,0.4323845018338357
UCZo0em90gT7cexZZ8vyJziw,-1,2,2,"['c375ad0e9f75519a8022a8b8211107a8', '5c36cd3feb790b806d7b9841a6cab9c1']",0.4231322601477936,0.2967697081204048,0.16103914334386102,0.7271297755713199,0,likely_human,1.0,0.2967697081204048,0.4231322601477936
UCndf4j84cDOVQxf0MRfvFFA,-1,1,1,['a864aadee66cf44ea5c3f8ffd765b636'],0.48786436152870916,0.29674760282818574,0.13818694834415168,0.4846378563770028,0,likely_human,1.0,0.29674760282818574,0.48786436152870916
UCdw9D0pYCLz1rgbxSH63Cog,5,1,1,['45e53845a9162a1dcfd156753d607500'],0.442288570106622,0.29668204267856046,0.20515805400936077,0.4700958456709233,0,likely_human,1.0,0.29668204267856046,0.442288570106622
UCSA81cFySOYeLzM151kCvaw,-1,1,1,['fe4d1b57eee3f05a805ba53dfb034d8a'],0.46889176713895087,0.29656322913613387,0.17690474181627427,0.4901024108645003,0,likely_human,1.0,0.29656322913613387,0.46889176713895087
UC0-5UVBwytMzFNpByiE3j2A,-1,1,1,['96ee6c3d0660516a36d6e74b70f6d588'],0.4380754631965052,0.29636382729583743,0.1982198369731607,0.571094628317468,0,likely_human,1.0,0.29636382729583743,0.4380754631965052
UCmGJXUjlge76zhLgF3oekSg,44,1,1,['f9c169c61286ca267e1c68feea989b1d'],0.4558583713138525,0.296332197293279,0.1532919297832653,0.3697005274646043,0,likely_human,1.0,0.296332197293279,0.4558583713138525
UCaCC7tiP0ntGpl0UTAMgwXg,65,1,1,['a2b7e08249699d004f0f6e1ab309048e'],0.4617656346022291,0.29630412718189425,0.1456338404314627,0.4938746685297642,0,likely_human,1.0,0.29630412718189425,0.4617656346022291
UCOvOseV19N_oRXoDLUYqfCg,57,1,1,['9553420bd0c4d8d5dadbbfc35d8ef2dc'],0.42943223272729086,0.2961995048048038,0.21360189443346556,0.4679530810870367,0,likely_human,1.0,0.2961995048048038,0.42943223272729086
UCEmHg9cSvrR9-kkbnJw2DHA,55,1,1,['f535f1ffb2288c3eb3fc3af8f420dc1e'],0.40724609002567624,0.29617387443674276,0.2065327446899514,0.5209657819100657,0,likely_human,1.0,0.29617387443674276,0.40724609002567624
UCe-vhiftnbujiKgMGfie7cg,-1,1,1,['e4c1f7f6fef89c21a7ce94b39d7a8fab'],0.46053506453199555,0.2960686431584313,0.211444658730155,0.4392556707063624,0,likely_human,1.0,0.2960686431584313,0.46053506453199555
UCW4DTdvPpXsvvxZzD32UDgA,-1,1,1,['3112394b5547852b2ac1b4616932d14f'],0.44857404765664777,0.29596618612001474,0.1935626809179641,0.5326722402060748,0,likely_human,1.0,0.29596618612001474,0.44857404765664777
UCB9-4aGQCJSwyGTRGXCl0_Q,-1,8,1,"['f0f82b8f3f45f164e72b2a1ed63292a5', 'ecf58d031482e76da98a4c1ffc2cf0dc', '8aae04d8d16f97956f2e98364fd779f6', '4b4563774233baa3184b54a5778662ba', '9b48c6cc1234d96b0b0dc82a01339e2a', '468e28d2ef216bf918dd97771623bb2d', '84e0f410b95ad8c66481ca053bb54bb2', '8dd0c5ad4d1629594d3c9df66097f3a2']",0.41711339086051824,0.2959611235167272,0.16014040674289515,0.7487144291735076,0,likely_human,1.0,0.2959611235167272,0.41711339086051824
UCctGCJdbx9EgG2W_y7tGc1g,-1,1,1,['c7bc519c03220ac1496e8a281e8997de'],0.4516737459286148,0.29585027752763815,0.22391089908499495,0.4719020773960016,0,likely_human,1.0,0.29585027752763815,0.4516737459286148
UCOoAo5nq30850DPQmNqo1Fg,-1,1,1,['ec8b419e0d7eac79118fe705124bf114'],0.4520861216888783,0.29556474576185066,0.179392391988494,0.5471657582463927,0,likely_human,1.0,0.29556474576185066,0.4520861216888783
UCZiHGUYtVOTQUyE5XwcR3OA,-1,1,1,['583170884647cf18f957472d255b18cc'],0.4583878215821823,0.2955631875756514,0.2049236465908663,0.4686566704389555,0,likely_human,1.0,0.2955631875756514,0.4583878215821823
UCakGMiQN_jGVWn_iwS-6bgA,67,1,1,['4f9941cb4163b95740b713367fb628a7'],0.43412357924585243,0.29550356699509683,0.17878358699628805,0.5093819494696803,0,likely_human,1.0,0.29550356699509683,0.43412357924585243
UCvizeihd0C80NJU5gKBBWZA,71,2,1,"['33020b9117476b6b98f7149a8412d18c', '61f690369eec80776e3060f9460dfc15']",0.44651516609555664,0.29550174310784083,0.17823137096490643,0.47746677070680765,0,likely_human,1.0,0.29550174310784083,0.44651516609555664
UCjjzD6I9d89vT2bs3BE2maQ,-1,1,1,['b73729931736ed2cb43ac5f33a4ee9db'],0.4892908684852043,0.2954576004676249,0.12581823412986182,0.4917677587790161,0,likely_human,1.0,0.2954576004676249,0.4892908684852043
UC2o_CVJzXsFaWnBfgtq9zmQ,81,1,1,['0df9f176b99a2d02343f8a1f076a943c'],0.46407886848888646,0.2954316447410819,0.18704673967387908,0.38571220455517174,0,likely_human,1.0,0.2954316447410819,0.46407886848888646
UCIcYxb8Z9NAyQHlQ4Dgzdtw,-1,1,1,['0cb3870db21d9f850f11c08c372d6cbf'],0.4610383874211972,0.2952196539589832,0.2041327616643865,0.45968780001138576,0,likely_human,1.0,0.2952196539589832,0.4610383874211972
UCpH0qppw6ZdnQv2KEHgPmQw,32,1,1,['44d248c4740b906c9bc69717611f3a42'],0.44155588748889923,0.29518812847718906,0.17301328091109344,0.5167657363106771,0,likely_human,1.0,0.29518812847718906,0.44155588748889923
UCDiSMd4I1N5lenbpLAJgIEw,32,1,1,['4a74de8d50fb5bbcb0429f36209c5cff'],0.5009915790657387,0.29517053725145415,0.12773763840498795,0.33457701528866934,0,likely_human,1.0,0.29517053725145415,0.5009915790657387
UCmjIpGewm6Ky0CZ9W4PoNmw,12,1,1,['a6127ecd2acbe1a62e9aff2056cd43bf'],0.45570748085704926,0.29514418868356884,0.1750567921338603,0.4491980198941639,0,likely_human,1.0,0.29514418868356884,0.45570748085704926
UCi9Jg0cB_w43yjZcafMESnw,77,2,1,"['cbd7e6a43d4cb857c31763a3491a11d0', '7e04c0242ad6657842280916e44506f8']",0.4747605046476155,0.29501396376414185,0.13819631947751293,0.43170581654643925,0,likely_human,1.0,0.29501396376414185,0.4747605046476155
UCcj3O7miPBuHHF8HyzVXDrw,-1,1,1,['7d5a6759431790b8e2d6d44d1e8c9104'],0.42808262729835256,0.29498775145837136,0.22923717550965644,0.5533800659604338,0,likely_human,1.0,0.29498775145837136,0.42808262729835256
UC9AFKKqhXgZYR_o0YXY40dA,-1,1,1,['dd6f1c24556b1042f56af3c7f8de927d'],0.44551431513710316,0.29496434143303224,0.2111143484107922,0.5099646579800361,0,likely_human,1.0,0.29496434143303224,0.44551431513710316
UCuCxtT1Bnve2HftbGCL4_Zg,-1,1,1,['4f8b75268a483a61d58e189a3e563018'],0.4572512385781734,0.2949119254016155,0.17367565054873954,0.5298956372682215,0,likely_human,1.0,0.2949119254016155,0.4572512385781734
UCXVlElKJvRyzxHEZSRNsigA,-1,2,1,"['2978e31cfb818052d721f31c2794776b', '9724ef4b296860bf244ea5ba4c9a7ecf']",0.44342516198162396,0.2947389337033717,0.17047763613229136,0.5906084449294174,0,likely_human,1.0,0.2947389337033717,0.44342516198162396
UCT4MrLc7jMQdpxEgLK8L_7w,80,1,1,['5a175065456e85a1df3ebde746197f25'],0.3819172140678426,0.29469596204746046,0.19100072929061546,0.7271297755713199,0,likely_human,1.0,0.29469596204746046,0.3819172140678426
UCV5saiNPvDIkOnGgcMdC4tg,74,1,1,['2288b375b2ebe23e1e9368ac75a5d838'],0.4485885708957397,0.2946817769471924,0.20009293601166897,0.4190024593136389,0,likely_human,1.0,0.2946817769471924,0.4485885708957397
UCtdYGERa4WjbKVO4beDYpCQ,-1,1,1,['f46c73ae00eeed7c04b697fa59606c38'],0.46035107812325976,0.2946354370989573,0.15206476042229755,0.5618949912207956,0,likely_human,1.0,0.2946354370989573,0.46035107812325976
UCFJnklKYvnncUXZ8rmErepg,38,1,1,['09e98ed0412685a3cce14d52a6f149ac'],0.40867975413590985,0.29461133404303497,0.15839692057353205,0.5967490837816565,0,likely_human,1.0,0.29461133404303497,0.40867975413590985
UC3AfbkYR4IQOqYFqbMB54xA,-1,1,1,['a7af02b56a195b737de4804e92b2b028'],0.4436915055205416,0.29435552382867364,0.20338796946687213,0.5174764340989928,0,likely_human,1.0,0.29435552382867364,0.4436915055205416
UC4Gn6sFAfXkorAMW65tqwdQ,-1,1,1,['b2cd39c3bf4e30087b20aa597429d1dc'],0.4552466121744475,0.2942003840061572,0.18013770592526035,0.5114491383962458,0,likely_human,1.0,0.2942003840061572,0.4552466121744475
UCR7xw30xVQPwNQy93hOGI0g,-1,1,1,['84e17a67adcc92ffcd11c71a790fa32d'],0.453948815407231,0.29410043548568165,0.19246400759696244,0.48472935278370516,0,likely_human,1.0,0.29410043548568165,0.453948815407231
UCmef13hNyz3DoBYmPjLIuqw,-1,1,1,['bf611dddee82c6044f24cb2d4983eb32'],0.46572617966061247,0.2940590975152414,0.17740683100986146,0.46397364097020605,0,likely_human,1.0,0.2940590975152414,0.46572617966061247
UCbIiCSId6hfR4Ob730-ACWg,58,1,1,['5de7620bf65fa08dcc349782dd45eb35'],0.42498925502058954,0.29403371199791645,0.18435109206386088,0.49495499389910935,0,likely_human,1.0,0.29403371199791645,0.42498925502058954
UCQ4on3x7s8s_Of10znbJtkg,49,1,1,['87c83c690859699aca646a52081f799d'],0.4420001014241309,0.29383311916315646,0.17233701843840732,0.475813831886739,0,likely_human,1.0,0.29383311916315646,0.4420001014241309
UCiXaqUcyCgfmT5zcfL2kEzg,-1,1,1,['23a1942c709f98cc67c2bad7d9334dc9'],0.4858867515253679,0.29374064718017384,0.1401343725974276,0.46074898869783515,0,likely_human,1.0,0.29374064718017384,0.4858867515253679
UCGElHlG25YBeggkfcJFFp0Q,-1,1,1,['7b7e80e4f1d0e2c78f697c5c12d7fb9a'],0.4841476977617828,0.2936942809254455,0.09311479435969501,0.5650145416589779,0,likely_human,1.0,0.2936942809254455,0.4841476977617828
UCs6zRtlNrFOmY5-Cfy33nVw,-1,1,1,['5c0761689a709899f18f8c439ea661dd'],0.40739897032084493,0.29368230260779304,0.26051962524848865,0.5889505167734149,0,likely_human,1.0,0.29368230260779304,0.40739897032084493
UCMfxLJzvdgEu-G1p2kDK0gw,-1,1,1,['f34c85c75edd684175ac8dbe40b77d9e'],0.4687393837256171,0.2933620594976059,0.18866320567696232,0.44913366789872095,0,likely_human,1.0,0.2933620594976059,0.4687393837256171
UCuII0Bsi_qgCAyQSzU54t6w,-1,2,1,"['bc2b4e4f204f9ebe60466bca6f5416cf', 'ff08052368e4b62d4782a1a00ab40320']",0.4308073469793103,0.29331884152796645,0.19912005448827708,0.5816929521587535,0,likely_human,1.0,0.29331884152796645,0.4308073469793103
UCMikPHhpXF3Z8HfiEz4QLyw,62,1,1,['2c00fd0396fd0f305f275a5f7a13c997'],0.43626602087136035,0.29281257506050096,0.16588925746291608,0.5174727961742812,0,likely_human,1.0,0.29281257506050096,0.43626602087136035
UCYOAyYgHXpr9lgtvg8ZshQg,-1,1,1,['99a21a34c04bac2ef879a547e4bcde89'],0.4844097364640705,0.29281073829043014,0.16087896687886494,0.4111194183878041,0,likely_human,1.0,0.29281073829043014,0.4844097364640705
UCxo34Z_-IA37h8o6FMLnl8A,37,1,1,['42e7ff617fc32ae4f892f7f6ff581310'],0.4664000019290833,0.2928086052244225,0.15120680670751802,0.4111404576533988,0,likely_human,1.0,0.2928086052244225,0.4664000019290833
UCxXsIFvn6f3hdmDHt4K6PAQ,-1,1,1,['2b45d5e6999d48ec286ae8c99b34d9de'],0.46556239102464025,0.2927863933457876,0.19458950624278953,0.4284660231172101,0,likely_human,1.0,0.2927863933457876,0.46556239102464025
UCjZSr26T86eJwOOnmKQCkXQ,-1,1,1,['52cb4f40710308cb66bf0ea0cc6e34e4'],0.44154631764049435,0.2927219033009521,0.19024903937624474,0.5416832641397265,0,likely_human,1.0,0.2927219033009521,0.44154631764049435
UCiitr-tOs8wA-NbUS1mLhmQ,-1,1,1,['cee0e72f9121dde071ceecba54206cda'],0.45855961498396125,0.2925838454838674,0.18641083334527286,0.4674736613075552,0,likely_human,1.0,0.2925838454838674,0.45855961498396125
UC2pDnsnToCz9zN8gb6VCN8Q,-1,2,2,"['14c3e965362beff66fe0f19a8ac32cf1', 'c7aa6045ea984115e19cba4ce3f2c683']",0.44203339518136187,0.29251139689324474,0.14770098111642568,0.6371968563147943,0,likely_human,1.0,0.29251139689324474,0.44203339518136187
UC-FtoiiBoRTJr3sQzWqBvwQ,-1,1,1,['0312ea7828337ee24936a66320c1ffc5'],0.43665652545929423,0.29220639084435246,0.2217695946253432,0.5091845359957907,0,likely_human,1.0,0.29220639084435246,0.43665652545929423
UCQGeBMHi7yLE7pbc-FyAjDQ,-1,1,1,['40c89c90b2013ae7a1903b88eec33a62'],0.4972283058790709,0.2920337823290651,0.13417886874579915,0.3979326028748988,0,likely_human,1.0,0.2920337823290651,0.4972283058790709
UCpl8ayldXLxOhVSN-fsJQ2Q,8,2,1,"['4c94ef0cb1555aa40d313832779129f3', 'f35403e96444cb7d4e935263fdc85986']",0.4325831220652483,0.2919837668914585,0.17521712691583832,0.4913587862434643,0,likely_human,1.0,0.2919837668914585,0.4325831220652483
UCREzd_hIP92_wI5K1TKjwDg,18,1,1,['47b1ad2988e5a037172f19b42998d671'],0.42573913302607946,0.29182645107248295,0.20251282455461667,0.49491977925198083,0,likely_human,1.0,0.29182645107248295,0.42573913302607946
UCVvVB7_mdE9SNUwM-_C1MRg,-1,1,1,['f7915f6e1bb511aff4d4ccd01f49d10d'],0.4521230065631778,0.2917810719487736,0.19056920046564776,0.4849765809404966,0,likely_human,1.0,0.2917810719487736,0.4521230065631778
UCDpDHPvnPkiAjSovbljSujg,78,1,1,['abb4aa17b86aaeddc5767f8daacbd3c7'],0.41445363548648795,0.2917372289549607,0.19657017708690727,0.521319517379803,0,likely_human,1.0,0.2917372289549607,0.41445363548648795
UCpocCN0DmAbHf6lHXyL9C4w,25,1,1,['23618fbc96d76f5b126bdda314fa7d9d'],0.4224667239596728,0.291731725293682,0.1868075052106905,0.5307831344811251,0,likely_human,1.0,0.291731725293682,0.4224667239596728
UC-t2OQcKkmgm7aZrCIxYLeQ,-1,1,1,['255a7b3eb287d51b9ad018aafe16e906'],0.529995100454747,0.2916682705784,0.11147774937744112,0.2997231830653567,0,likely_human,1.0,0.2916682705784,0.529995100454747
UCaqN9Njp8Avrh9t8Y80BLPg,-1,1,1,['a385928bdb1684cfb5a4fdf6aefff4e0'],0.4597628909223336,0.2916287620398701,0.1912146197083989,0.46724217071609486,0,likely_human,1.0,0.2916287620398701,0.4597628909223336
UCDa0GQQyWwndhnx7zL4sr0w,-1,1,1,['f815df66afac2ac4037400bca25cbe5f'],0.4415324515887332,0.2915564323507248,0.2077375962587222,0.4862674807215125,0,likely_human,1.0,0.2915564323507248,0.4415324515887332
UCRFH-LtUUtAXjrkoiWM8zBQ,-1,3,1,"['5d724434907e439b934544b77dd4f94e', 'd90c4b7387d7ecd549db569735e10175', '6f8e9b4ff334ccf18182dd411d49c941']",0.4269094762969556,0.29142681509069157,0.211628376071692,0.5492488845037182,0,likely_human,1.0,0.29142681509069157,0.4269094762969556
UCfPEjrdt_jYO-7YBKAgd5dg,68,1,1,['eb64e3bbed091f583b8deaefda8a6200'],0.4490662146555807,0.2913938582384537,0.14947371104437063,0.42391262874467606,0,likely_human,1.0,0.2913938582384537,0.4490662146555807
UCHyEouwt0MHCIIbE5ctPIeA,55,1,1,['cffead959924312ec8e547914b516ed5'],0.46624365492170633,0.2911498663376039,0.12425026628155232,0.37750810796381135,0,likely_human,1.0,0.2911498663376039,0.46624365492170633
UCqtOKKwYZSqqs8OARaPfTzQ,28,1,1,['b54f1b1f18e504039e99dc67c16d7366'],0.44198327712071456,0.29111652308152014,0.18339656287741682,0.45057725817546507,0,likely_human,1.0,0.29111652308152014,0.44198327712071456
UCLShV3RlKk51URfG8d9btNg,5,1,1,['55370167686be4046050dfcdf647090f'],0.44059188033343666,0.29100890352493974,0.1912734758846589,0.43695938944807405,0,likely_human,1.0,0.29100890352493974,0.44059188033343666
UCNjz7OJl74xxxeXtVBog_Wg,-1,1,1,['78807ce51a960984cbb9489707de9001'],0.4434615324779178,0.29095262682484857,0.1396342606403507,0.627972690774271,0,likely_human,1.0,0.29095262682484857,0.4434615324779178
UCAj3SG47d_QuT8w5VjL-0GA,-1,3,1,"['88d6caa65c276392111e92a9c91d18db', 'c6a2ead0d0cc3de54075f9ccee5b66ec', 'df55e3a739c58299193be877e9f9f051']",0.46294530905167847,0.29087894008761295,0.14067474981830116,0.5300639945254143,0,likely_human,1.0,0.29087894008761295,0.46294530905167847
UCYdKn7O5e7HvhFv83WMEIlw,-1,1,1,['28094c2d4ceee395ce8b287c44b56a3d'],0.4602339782052093,0.2907591712342137,0.18760327418163242,0.4598916962795924,0,likely_human,1.0,0.2907591712342137,0.4602339782052093
UC_ceaEcM6M5Y0_Y-oTJdChg,-1,2,1,"['8c9a8978b82dd1fd08c49622b78e3453', '1bfd49b77da6557f92979a9d244e82b5']",0.44555339529701743,0.2907287157454712,0.20175616073667585,0.48183008096851004,0,likely_human,1.0,0.2907287157454712,0.44555339529701743
UCPx6COWolwf1jspDWJGFo8g,60,1,1,['280ada05e26e39faef08e42dc0daddb2'],0.4443001002807202,0.2906639836133762,0.18037759967463113,0.4354219717450454,0,likely_human,1.0,0.2906639836133762,0.4443001002807202
UChN7vDHcrHxa1GQ3E00B6mg,50,1,1,['497efbf78058f989194ba4a7bcaa5240'],0.49882697452504515,0.29062023656713354,0.12470175021165444,0.3144823226183056,0,likely_human,1.0,0.29062023656713354,0.49882697452504515
UC8HpA2SRZ7otKpBwOP_pFPg,71,1,1,['e035f7fdbd8dd3b5c717afadf534e908'],0.4346919304224278,0.2905074565950101,0.1832377638763247,0.4736896241839754,0,likely_human,1.0,0.2905074565950101,0.4346919304224278
UCZpevvYCPpxs-4MXbJDXecg,-1,1,1,['dd904f2ff8594fa091312b618e43206e'],0.47939624057251995,0.2905042264964397,0.12720069146484664,0.48271932919222643,0,likely_human,1.0,0.2905042264964397,0.47939624057251995
UCvTcP7weib7Lv3Ck_HVYBhQ,20,1,1,['3fc98f14d79a5448dae5cbd4ea3400ba'],0.44275153740333917,0.2904724456974963,0.19083971115029089,0.42291584638392954,0,likely_human,1.0,0.2904724456974963,0.44275153740333917
UCMmdGsw2RtbR95RUeLcrlAw,27,1,1,['e262c28ff589a3f4e22326f7adbc1baf'],0.4160057819191568,0.2902466022014588,0.2102835025868512,0.503075999887181,0,likely_human,1.0,0.2902466022014588,0.4160057819191568
UCiV9GrN8JUebV3D3u5U5pow,-1,1,1,['e5eab041cecb9a3f03e106062ca49659'],0.4598084244221262,0.2901604934121881,0.17315315568764758,0.47510569728981245,0,likely_human,1.0,0.2901604934121881,0.4598084244221262
UC0P-lVjMiCXLnpw_ekf2Byg,3,3,2,"['4f1422d5a8ab0a4bb6ca4ab3acd92476', '73557a4e04655344330f192da1b22e2e', '407efa122b5b0588fd138c86522ca185']",0.3977363067612658,0.2900835654280473,0.19486011566673686,0.5566885098102466,0,likely_human,1.0,0.2900835654280473,0.3977363067612658
UCzuIUA93o-Ji424lLtPLRQA,23,1,1,['090228167403b1dfea2b4cff99d13009'],0.44226993748767296,0.28995046197628516,0.17773615972729376,0.44503667088502935,0,likely_human,1.0,0.28995046197628516,0.44226993748767296
UCY97jS0f8gQSMRIet1c9t6g,37,1,1,['36b1ee16ba3d2e10f4c7bdea5727421f'],0.44541234344803243,0.2898119189946,0.16202221615309323,0.4654918995509485,0,likely_human,1.0,0.2898119189946,0.44541234344803243
UCAtRH_FMYBx66jAubqX1twg,23,1,1,['d108326132552b8e21a015e5fafd1373'],0.4230671644037337,0.289778803605108,0.18170835469936633,0.5289924202683313,0,likely_human,1.0,0.289778803605108,0.4230671644037337
UCaCG9e83Z9LcLo-6ZngI0wg,3,1,1,['079ccd80c99c125f10121a370f302901'],0.4484071880507392,0.2896951863091333,0.14401441702895407,0.42754296160247085,0,likely_human,1.0,0.2896951863091333,0.4484071880507392
UCmL3KJSsj7_N1ZBajqYvzMA,59,2,1,"['0f150786ee80542b62c65e2d7d69fdf1', '60b34dc5cdd275faa6353bfb123a3a30']",0.4365454401552502,0.28965946654206204,0.16307759343532202,0.5042340083455875,0,likely_human,1.0,0.28965946654206204,0.4365454401552502
UCTbPT3tlfHqkX66wPGJubHQ,27,1,1,['36e09866493d194060d9ddeeab2a8751'],0.44407191803248935,0.2896204333913202,0.17740021687047758,0.43204432045073166,0,likely_human,1.0,0.2896204333913202,0.44407191803248935
UCAmMfDSFgTLcXjotPHIPFWw,-1,1,1,['d697415e30b10cd035b8751ca04e4c03'],0.4462505747051033,0.2895592724214777,0.1863884951118911,0.49467140221910993,0,likely_human,1.0,0.2895592724214777,0.4462505747051033
UCvuhQop73hpuGSi8YZBsKaA,-1,1,1,['a3ad1f735c8e1d6adebb221b0aaff830'],0.45381651815716456,0.2894956235403359,0.18342835988161083,0.46637195467479153,0,likely_human,1.0,0.2894956235403359,0.45381651815716456
UC7oIXJEYdKnHAwaTBKRTM_w,-1,1,1,['4c36343bf807d2a82d574149056f12ea'],0.4619061504656202,0.2893480414562639,0.19244983944706442,0.4231532134246959,0,likely_human,1.0,0.2893480414562639,0.4619061504656202
UCunC-Vz-EbOihsEb1Yf0jxA,-1,2,1,"['cfece2395e8350421ab024372c97735c', '02c22b803b4ca075537952e024506e30']",0.4321148343968336,0.28934622777694363,0.19908527663756723,0.5552236774265034,0,likely_human,1.0,0.28934622777694363,0.4321148343968336
UCMQo-WvsnEeqmyUJ9Di5f3w,-1,1,1,['4e2e82d422e468153b230859354724e2'],0.4461191682907494,0.2893284265834758,0.20140403037263555,0.470680058340418,0,likely_human,1.0,0.2893284265834758,0.4461191682907494
UCFBS70KFhPJ-Lt7ABEKJZPQ,-1,1,1,['78965e96119c65217e36d89765bd53a8'],0.44256637794164244,0.2892057621226112,0.20202341673598626,0.473350590434627,0,likely_human,1.0,0.2892057621226112,0.44256637794164244
UCynRjfsh1GMMUmgHnduEuow,-1,1,1,['e8a9077953d909323ead021bbdcac24a'],0.46724825267054604,0.2891537005622812,0.13206586499601664,0.5096449796945572,0,likely_human,1.0,0.2891537005622812,0.46724825267054604
UCcBVW_alxRFuMlzZSPAvUMA,-1,1,1,['0a72bafaadc32755e8388b4118524e9a'],0.4703168466922909,0.2891176640938707,0.16914001526723504,0.43929690292217444,0,likely_human,1.0,0.2891176640938707,0.4703168466922909
UCEPL4pWoZ7oxPLB2gipTGYA,-1,1,1,['e196401bda1a246baa0ec7a4f357e8dc'],0.4432803035286669,0.28905830013723804,0.1921059928280222,0.5131392645056636,0,likely_human,1.0,0.28905830013723804,0.4432803035286669
UC3h-hWTI7v0sib5QZedFWaQ,-1,2,1,"['3318b48f7af5b36ee45ffa3437250e4f', '3266bd15058b42f56d25f2a099a3b599']",0.42837855401169367,0.28898803650924965,0.16922696970441034,0.6100548607611727,0,likely_human,1.0,0.28898803650924965,0.42837855401169367
UCI8kPN4o80-CK_VPoV35XgA,-1,1,1,['a83ad40b48fdb682f52ddb5a7af12a66'],0.42554327229657835,0.28897655877338535,0.18478709282712819,0.5833142308344016,0,likely_human,1.0,0.28897655877338535,0.42554327229657835
UCue0R8vNxzLKt4SyXSXX95A,-1,1,1,['e293ca5b7088ddc73c35740072a92974'],0.4410827988809116,0.28877085254690465,0.19769265640359246,0.48694464845626517,0,likely_human,1.0,0.28877085254690465,0.4410827988809116
UC5iPyieeF30ng7UmRJUarhg,-1,1,1,['32e4015133e85f8ca4aab5d2b3985c2b'],0.462716231731113,0.2887064694815867,0.1698604085586721,0.44502877825305065,0,likely_human,1.0,0.2887064694815867,0.462716231731113
UCioVYC14hZJMWikcq8VFfnQ,-1,1,1,['64e0aaa00e56d3898007753b42acbef5'],0.4289829690070843,0.2886667873635508,0.2126228889493364,0.5221079338275484,0,likely_human,1.0,0.2886667873635508,0.4289829690070843
UC_EDbavkx5PqmV6BSdggpAA,-1,1,1,['024cd7179da32b6a6ba73f1acea713a8'],0.4460458947136732,0.2886221359648166,0.23489199464389246,0.4035587923323713,0,likely_human,1.0,0.2886221359648166,0.4460458947136732
UC_sdVTPsa8URK_er3C4xrgA,-1,1,1,['947192cf6e2667ac6f0f5e562daa8f00'],0.43182711201132984,0.2885636543141831,0.1926795454931749,0.5273314184356362,0,likely_human,1.0,0.2885636543141831,0.43182711201132984
UCLP-QovfAGEWtuMNyHCCwDA,48,1,1,['64f60a9a70f2f890e830e072141233d4'],0.39707966197885625,0.28841662969097626,0.18878671624865423,0.6184862535034872,0,likely_human,1.0,0.28841662969097626,0.39707966197885625
UC9WuJcz3IaUxwAPMbOPWtbA,-1,1,1,['6ac25dce9551764d2855aca2464ea0da'],0.4546059647209486,0.2883078559876905,0.14833481879851512,0.5298956372682215,0,likely_human,1.0,0.2883078559876905,0.4546059647209486
UC8iREOJsFJj1tKu0eBpdL8A,40,1,1,['c3bf533f9a2100041da74b93014ae092'],0.46595961255508167,0.2883013189469028,0.15032334733834712,0.37699121104161787,0,likely_human,1.0,0.2883013189469028,0.46595961255508167
UC4EZAD7g3AiOelcsELEFUgw,-1,1,1,['d089a61af262bbbb0d9d97136f601af6'],0.45086802133047943,0.2882456574826646,0.1746428333382256,0.48447524777618634,0,likely_human,1.0,0.2882456574826646,0.45086802133047943
UCw3OgJSEaUvFAswxVNmK_xQ,-1,1,1,['7f0ec9becdc203fcfa43af3176ab8d4a'],0.43680144337734106,0.2881874571696182,0.20281228495966835,0.4910782004711024,0,likely_human,1.0,0.2881874571696182,0.43680144337734106
UCvcvoagUEQNelKjJiufPL-g,-1,3,1,"['2cfbd92b175caaf65b45489685957256', '5b9ad82cb3d317623e27a58093d11bdc', 'ba5cab3584a80ffd628585fec7a3c0c2']",0.4267171979048674,0.28810719495351356,0.19700118627315788,0.5471960468247324,0,likely_human,1.0,0.28810719495351356,0.4267171979048674
UCGGefblb_5ZEObps4mbozWg,54,1,1,['c4e215fc4dd83e254a41a43b19ee1c47'],0.4424385964043258,0.2880296563067919,0.17547991727291598,0.43413483431554734,0,likely_human,1.0,0.2880296563067919,0.4424385964043258
UCC-oAdFbDaHEeoj784_G0CQ,3,1,1,['94f1636969966853518694d3cb815993'],0.44700779828826265,0.28794884081273175,0.13027331382484944,0.44069808262364835,0,likely_human,1.0,0.28794884081273175,0.44700779828826265
UC5LSSmxrrjK9F4UyHweYWOw,-1,1,1,['65e1d166f55936a0e1a13ef96023a10c'],0.4569572348311831,0.28792847485804934,0.17499051715549271,0.4619398441030618,0,likely_human,1.0,0.28792847485804934,0.4569572348311831
UCXfkfsNOqszjX2r-YKa0AtA,-1,1,1,['932f6781974173f32d5a9e76f36a8a64'],0.45975380420035006,0.287844951231782,0.16468340386638766,0.4597615707922778,0,likely_human,1.0,0.287844951231782,0.45975380420035006
UCardNKpD-sa0MEvsC-hFvnw,-1,1,1,['c22b9da475ea2b1ba27c0002956e8fe4'],0.4771886895765163,0.2878068574304423,0.17800473285804427,0.3513852079626658,0,likely_human,1.0,0.2878068574304423,0.4771886895765163
UCIaEfGksUkx_jyicvBQfwHg,16,1,1,['48349b8c915100d38d35df221116731a'],0.4343259231531128,0.2877104583862725,0.17274957983821612,0.46755242754619947,0,likely_human,1.0,0.2877104583862725,0.4343259231531128
UCnmdz__KxbGP_1Gv99uR4HQ,-1,1,1,['267e65683b8a5e0fbbacfe3c92472c40'],0.41001400958127787,0.28766625612234376,0.1934475919663127,0.637144946784089,0,likely_human,1.0,0.28766625612234376,0.41001400958127787
UCKWXLvlPO783MVZWUfILkxw,-1,1,1,['0ccfd7f31e7e6f060556ef198338298e'],0.4663145026409775,0.28761956058784766,0.16040968334986325,0.443565860579137,0,likely_human,1.0,0.28761956058784766,0.4663145026409775
UCQdAHyP4c7oZX_b44XZpqZw,12,1,1,['057a4bc8d65a106f49d890281cd67cfa'],0.5059271437544045,0.287540451071354,0.10165833843228202,0.29736320995016197,0,likely_human,1.0,0.287540451071354,0.5059271437544045
UCYG2Xxc0kMVu7EkMO18Rjgg,4,1,1,['08e61f3eeb84e7b9c84850178d9b2ac9'],0.4121579218857512,0.28753820683231435,0.1961053043546263,0.504870016043619,0,likely_human,1.0,0.28753820683231435,0.4121579218857512
UCZYTXNDk7rz7b9NY8hHqlcA,-1,1,1,['c27a34153e05de8bd6ffbcf1cbf7bf70'],0.4235417281833084,0.2874958731235661,0.18852778538497167,0.578438154049669,0,likely_human,1.0,0.2874958731235661,0.4235417281833084
UCZo8yctUioD06OzlQuKtJcw,-1,1,1,['6344154c521b1bf1974d151e9381079a'],0.4399281899192804,0.2874552501322187,0.1858832021382073,0.5129430998244778,0,likely_human,1.0,0.2874552501322187,0.4399281899192804
UCA_iWp63ZE2LiVYjfFpvfnQ,-1,2,1,"['e2b8fbf99b747406ab3a113cd31ed303', '9443b6e4a620ebb3ce71f52a2e4ae6e3']",0.44433459542650033,0.2874367454274917,0.15324439389450056,0.5756350102454714,0,likely_human,1.0,0.2874367454274917,0.44433459542650033
UC5wl0j0drX7B-UL31HF7ODw,-1,1,1,['7bd3dd39e6e3ed08cb078a09d8c31d4a'],0.44422672747301867,0.2874191567042568,0.19748264803574972,0.4626848375396791,0,likely_human,1.0,0.2874191567042568,0.44422672747301867
UC5lUh56SW3k49FNbULwRxFg,-1,1,1,['ffb3cd730b94e49e28ee69b34b2d501b'],0.4872072650168693,0.28735684472807016,0.13723446480409657,0.40019921165161865,0,likely_human,1.0,0.28735684472807016,0.4872072650168693
UC-QftIhfu_C0F6cWdNROXKg,-1,1,1,['5827307aaac9fb97b398cf841868d39a'],0.4308774073747611,0.28730220798927136,0.20725856914365176,0.5058100157210318,0,likely_human,1.0,0.28730220798927136,0.4308774073747611
UCHGMqjNT3e9Vf0NoQLIo6HQ,3,1,1,['f0c36f77ce1c7d2455b61eb2e10e7303'],0.44946743091713504,0.28719426716339075,0.1302585231895068,0.42397426388530624,0,likely_human,1.0,0.28719426716339075,0.44946743091713504
UC3i61_TwzHy-cxiRgXGgwxw,1,1,1,['9f36b2c4deeca39c7ec4582f3db89afc'],0.4246188391858017,0.28718918274968036,0.18451388168500876,0.459644571863891,0,likely_human,1.0,0.28718918274968036,0.4246188391858017
UC7LqYowx6QqAB5v8gO0ESvw,-1,1,1,['f6118d80b282d45513e9f2b1ddaa95f4'],0.42131888841997334,0.287068475508782,0.20679188645941252,0.5530335889080776,0,likely_human,1.0,0.287068475508782,0.42131888841997334
UCljbkXZvdw9VcIrPuV1iAlg,-1,1,1,['45a14b975b4e5bb0d51503986f5b6dc4'],0.4580787332563562,0.28705919902829563,0.17865498159685367,0.4494653468436434,0,likely_human,1.0,0.28705919902829563,0.4580787332563562
UCeH2ZkhuYC3_Bq84ppeq7xw,-1,1,1,['a14ac2fcd9104169d8a40a2ee6c28410'],0.43243786971034626,0.28702877548889716,0.22953930737870976,0.4658752744161122,0,likely_human,1.0,0.28702877548889716,0.43243786971034626
UCg9gFXb9oZmroz_XD9ESglw,15,1,1,['3447687683d06db33c9a2b5bbffa5483'],0.4359996485219165,0.28679307142211835,0.17420823598708463,0.42806644289112095,0,likely_human,1.0,0.28679307142211835,0.4359996485219165
UCDWdumV9jVkVrXPQf-nZ5lg,-1,1,1,['62f63ae76c5b0b82b4241790e7ce613a'],0.4270697239707357,0.2867763372869366,0.20651654246715007,0.5075247709253022,0,likely_human,1.0,0.2867763372869366,0.4270697239707357
UCsyR5GsIqOmSlWGF2d9opPQ,20,1,1,['44e6b32657d16be04d52600b53b759be'],0.46483627836521413,0.28671072295930283,0.1492356326170843,0.3751367112291185,0,likely_human,1.0,0.28671072295930283,0.46483627836521413
UCa8T-D1ZiSoUWQy7DP-IIEA,-1,1,1,['73a361731968829ef2e2e2a9e05e507a'],0.43978504194714163,0.2866524480471056,0.16966810772860494,0.5375434436169139,0,likely_human,1.0,0.2866524480471056,0.43978504194714163
UCw4EzVdCp5dWnCWwYclxuuw,-1,1,1,['c9ab5978c370176d64763a36d7596f54'],0.45791919951675986,0.286471896214607,0.1935544289291341,0.40898027358014183,0,likely_human,1.0,0.286471896214607,0.45791919951675986
UCSOB72WE42T97R_IelJo9Ig,-1,1,1,['86120474b7b166c5e2400293663a852a'],0.5048211979991774,0.28643866283826686,0.11803999398167388,0.34704347547561,0,likely_human,1.0,0.28643866283826686,0.5048211979991774
UCLREchAKcK-c9rLEFBh1WBg,12,1,1,['929df40f519397e73c7c3a0ef17af512'],0.43667643247933247,0.28631043709694215,0.1821974943190329,0.4322107283778174,0,likely_human,1.0,0.28631043709694215,0.43667643247933247
UC4Q11sf9yFpRDQ0ewpF_85g,-1,1,1,['c421a0940aeac10d4dc89195cee1dc36'],0.4396192982897461,0.2862029378699017,0.2055291050649188,0.46002895846851355,0,likely_human,1.0,0.2862029378699017,0.4396192982897461
UCTMIhzxjycbx2aaixQKPaNw,-1,1,1,['f339a20025078eb91f405b4e781847fa'],0.4406202005361043,0.2861753606378423,0.21292853144195867,0.43494079241928874,0,likely_human,1.0,0.2861753606378423,0.4406202005361043
UCyJcfQ4zL_ZnwJdbpeXeW5g,74,1,1,['9b0bc1f741ad044887a552cb3297c3ab'],0.4155267248599539,0.2860235272237507,0.20578279208890302,0.47008147765308705,0,likely_human,1.0,0.2860235272237507,0.4155267248599539
UCtatAbbZFO8ffU__cRgNZJw,-1,1,1,['54eb93ab660183b99315f4471cc12205'],0.42220788173616486,0.2859984566538073,0.1892353433776745,0.5758526396923017,0,likely_human,1.0,0.2859984566538073,0.42220788173616486
UCRp73v6KoutcRiNrJ4MiWQQ,-1,1,1,['5753c03a01cb6c8e4a1cf42c82984f80'],0.4302186035099689,0.28590519023197714,0.19168053209238406,0.5167859824461158,0,likely_human,1.0,0.28590519023197714,0.4302186035099689
UCcGVwkAS0EWigy7K5KTRiXQ,-1,5,1,"['8dc94143bd5ffe75823ed008964d19bc', '0352ff36d4a583a379b9ffa69355096b', '8fedf25fc747c0c506bc2c5c2aec3b61', '6f5813bbbac3041d783e636617e40a2a', '189274d4e057f5e832e55cbe194dabe9']",0.4225367864243301,0.28578430664687876,0.20476148819779025,0.5492488845037182,0,likely_human,1.0,0.28578430664687876,0.4225367864243301
UCZISGQjEJykuTYHEv-3GXrA,1,1,1,['ae9940bf7fc8bc1701499192e46b2803'],0.4749187868328322,0.2857310428990493,0.11736886311132415,0.3478955068401672,0,likely_human,1.0,0.2857310428990493,0.4749187868328322
UC8Xxf5xxWVK9gOu1EAUSUHw,-1,1,1,['c596214bf98db070025550db2dd6ac85'],0.4293901503321821,0.2856639513152718,0.2053083874721498,0.5146724612408736,0,likely_human,1.0,0.2856639513152718,0.4293901503321821
UCTCRkv3zAHq4ixSW9OxIdIA,56,1,1,['f0ba8f7080e0fe04f572840813c6d782'],0.41634867152281824,0.2856101539321696,0.2055590897713205,0.45625267769707456,0,likely_human,1.0,0.2856101539321696,0.41634867152281824
UC7sAry8PxdNgQC2h95QTQPQ,47,1,1,['19b5690934c1e86f888d413f3c848876'],0.43575959572999395,0.28556786670021717,0.17541406191225112,0.44362733228202755,0,likely_human,1.0,0.28556786670021717,0.43575959572999395
UCwKjvrYjBBFQuRgjLiyCK_Q,69,1,1,['c47345bbfbcb9fecdf1af1d7974cb0db'],0.4253650043486924,0.28553195054400865,0.1699023645377398,0.474840062499856,0,likely_human,1.0,0.28553195054400865,0.4253650043486924
UChpMzZNg0cLmC21UTkkf2wQ,-1,2,1,"['9a6f36597ea860e4f4047b2fa74a8e41', '34f1cca27ca3b8d34490896c741b69ae']",0.4450591184160456,0.28550375714642323,0.1611812098300607,0.5202067828406192,0,likely_human,1.0,0.28550375714642323,0.4450591184160456
UCF6qNlG7Fdiyk6ZchZackUA,-1,1,1,['475f3f87d1d6cefa500c6135f32d0518'],0.43356898985492587,0.28548986748693717,0.20869150330917968,0.4755280984935043,0,likely_human,1.0,0.28548986748693717,0.43356898985492587
UCMRDmNCYE5noKlvStEUx1OQ,-1,1,1,['07e879594dc97b9e793d4c46559edd48'],0.491753124570397,0.2852973617033125,0.1181161569601406,0.39451014118021005,0,likely_human,1.0,0.2852973617033125,0.491753124570397
UCJv8R_nZXEwwMCUyL2SawpQ,64,1,1,['bdde529d217f05045ae18adc9d3afb63'],0.42325735679466453,0.2852422200273909,0.16493024237101078,0.3869114819915024,0,likely_human,1.0,0.2852422200273909,0.42325735679466453
UCuIZwrOWJdr8NQoOA3E0YFA,-1,1,1,['d6d17183368524992f627f50bf024637'],0.426113008716997,0.2851836063066907,0.18824738033731261,0.5590645954226644,0,likely_human,1.0,0.2851836063066907,0.426113008716997
UC_G-2z0nn8dqecpVT-zF13g,48,1,1,['3b3509579aef6997cac8bf2128972ef3'],0.441694712472674,0.2850117153237783,0.1765104710977979,0.41251799542718565,0,likely_human,1.0,0.2850117153237783,0.441694712472674
UCShd-L4NquG_SA3-IptUkmQ,-1,1,1,['dbe2d39408256aa2c4fe226fda85bb8a'],0.42157468860030795,0.28491496124096377,0.2288910496686302,0.4995099006103576,0,likely_human,1.0,0.28491496124096377,0.42157468860030795
UCV298b0dGtqTDCeOOo9fYaw,-1,4,1,"['99c0ddeda2ecf0f1019744b015392154', '6c8bd79726ac84a65e765617c96fc0b5', '4c4fd243eda51d26e2d2e57e9bba0237', '9dffc4ef28b31be8e7ad6c33b3e01ae2']",0.41580790030934955,0.2848730883419279,0.1966504284892353,0.5663230234267547,0,likely_human,1.0,0.2848730883419279,0.41580790030934955
UCvbGx_dD6qwPbU0FST6Gwjw,-1,1,1,['0fcb65b360d4e46c651689a9a964eb6e'],0.4689537696740095,0.2848646101463388,0.16888385290276725,0.3886760693093176,0,likely_human,1.0,0.2848646101463388,0.4689537696740095
UC711ZKqdmWiwDFnp1pBxHjw,19,1,1,['2fd72ceeff0e0a9ff6686cff6f0f4b6c'],0.43534637731010095,0.28483899638155763,0.14127962139712563,0.5057920561700334,0,likely_human,1.0,0.28483899638155763,0.43534637731010095
UCXxa5QbNK-BYCiMgg0EFloA,78,1,1,['321fa0afa6db8050ae0f8ec0c6144bb9'],0.43045945398209,0.28482020244119866,0.18240077755066356,0.41333707409162934,0,likely_human,1.0,0.28482020244119866,0.43045945398209
UCGLpZfFKpSa7-hG8oYdylkA,-1,1,1,['681859bc59106670694b023679e7ed0f'],0.4490171409719891,0.2847884190173824,0.1726122352133583,0.4651912196714858,0,likely_human,1.0,0.2847884190173824,0.4490171409719891
UCDjzqCz97zhf5EVevvzG9Gg,10,1,1,['19ac5388ad2e18767c519d6d76eeaf8b'],0.43569923550043443,0.2846876959695276,0.1681690272469268,0.4163743107265764,0,likely_human,1.0,0.2846876959695276,0.43569923550043443
UC1pGVGbkbQJcuXYbf9uHWGA,32,1,1,['3afb2f1e639c6832a62a7226b552babb'],0.4313827577837527,0.28462268526064777,0.18183682594719572,0.43616316263969823,0,likely_human,1.0,0.28462268526064777,0.4313827577837527
UCyLagg7YHhdOiKx4YLIXU_g,-1,1,1,['c27fb113fc4a30b69269ab2a40c23ac3'],0.4130869932759389,0.2845747339524395,0.20749614977796177,0.5472608526002131,0,likely_human,1.0,0.2845747339524395,0.4130869932759389
UCBOkRmc_VZxLgAgqMVbV8Vg,73,1,1,['3ae3654ac007b1d9ec47f1abe65c6954'],0.4090216403712846,0.28454306452321393,0.19085359055660447,0.5127200337836353,0,likely_human,1.0,0.28454306452321393,0.4090216403712846
UCKe4imf6sQGiaPL3Nyzd2Ow,69,1,1,['24007463dc6efff65f386c08df2c6473'],0.44025959102742085,0.28429568749199696,0.12385150944890455,0.4751096068816958,0,likely_human,1.0,0.28429568749199696,0.44025959102742085
UCVhsEcaYnh8IgMQs44ocAug,-1,1,1,['25bd2e9d8f40229b9bdbe6f0d675c755'],0.43798796290097586,0.28423969725044473,0.1912848427866843,0.47998704643463097,0,likely_human,1.0,0.28423969725044473,0.43798796290097586
UC9VTLDRXpSEOec7E5H2yKfw,-1,1,1,['273edfc76085411dd1962434e3c3a51a'],0.42218224546037386,0.2840945784314949,0.1705688774993049,0.5794609296361378,0,likely_human,1.0,0.2840945784314949,0.42218224546037386
UCc-twOFDH-Euw6RKFcYxTuQ,-1,1,1,['5574484646516a8f0cdf4d79efa3f73f'],0.42426138181475,0.28398567460234525,0.18757110182418466,0.5277694664593083,0,likely_human,1.0,0.28398567460234525,0.42426138181475
UCY4Gt5nYvtPvlKmv056UAjA,-1,1,1,['3b9d79568df72f9b12041cbba8d85759'],0.48352518403766914,0.28389777474177513,0.1344939599432753,0.3739887972857631,0,likely_human,1.0,0.28389777474177513,0.48352518403766914
UC5slkaJaIpDwSoUzsrNAUiA,15,1,1,['5f28cc7fb8d79506840f8a7a68eaa97e'],0.4458720057737777,0.28372353033952574,0.13849279715373583,0.41511495198804466,0,likely_human,1.0,0.28372353033952574,0.4458720057737777
UCuS6k3HP_YBVLMCoIshkIRg,-1,1,1,['71c4404d40bf961205722c95b97e8420'],0.43799893950770896,0.2837103037510159,0.17523759500579994,0.4931508495839476,0,likely_human,1.0,0.2837103037510159,0.43799893950770896
UCPJtDGQWB8LhSuIqbQypnYQ,64,1,1,['c15018adb27875f11faf01452eaf8be0'],0.4047603945721043,0.2837079022744611,0.1842485493227731,0.42515218585660053,0,likely_human,1.0,0.2837079022744611,0.4047603945721043
UCkCKfmuzb5MphmUdVk1Pw7A,-1,1,1,['301583e5c74653379582d61623cd4e36'],0.446685155947899,0.2836193749819638,0.19240425730771404,0.4330103089506776,0,likely_human,1.0,0.2836193749819638,0.446685155947899
UCrGfG3Qflwb2SlE-G7t0xcg,29,1,1,['bbd971a120145a81d279b20a8a7a60e7'],0.41966495770583867,0.28348109713202646,0.1618420398762638,0.45476634625823503,0,likely_human,1.0,0.28348109713202646,0.41966495770583867
UCo64KZwA3hIulpQ4vFAmdzQ,-1,1,1,['9f5e44106a2f3f1b628b93ab93aada4c'],0.4377892773528948,0.2833908929757911,0.18154684322505035,0.47910309933336304,0,likely_human,1.0,0.2833908929757911,0.4377892773528948
UCJrXUOK4v4wwyPUqTVqpUBA,65,1,1,['7d0db65a1137b0436ca4b5a7e2bc1d9d'],0.4297693022566591,0.28337450352388116,0.18550620758051461,0.42129672820477226,0,likely_human,1.0,0.28337450352388116,0.4297693022566591
UCCN9bNhyjpy3ehmhkBZqyfQ,-1,5,1,"['bebddbb9c8ff40725b0557e5584d0b4f', 'dfdf7269a6b5bcb3debf43836fa5b686', 'fe703e630104934051e12ddaa6c6b4b6', 'd07a35f8ed6924a32a63373a64dd65b7', '563789fb15cbb19f3da15be4e43fc577']",0.4371134909614029,0.28334466428370075,0.17579572285657807,0.49781255328971363,0,likely_human,1.0,0.28334466428370075,0.4371134909614029
UCErBM75YVQGaSrgnL28snFQ,-1,2,2,"['8dd1106d95a8d2b74d03eaa31c97800d', '625f990ad01f8fdf3172484528941d05']",0.424745999696573,0.28326478624512186,0.15814144811348096,0.5859456603624233,0,likely_human,1.0,0.28326478624512186,0.424745999696573
UCjVVMGwg9Wcef8h1UKYqtGQ,-1,1,1,['979a9d66c1fc9f8c7b00ad0e3ff8c4e3'],0.42274263007223256,0.28280350965200607,0.18710340137662657,0.5352301621226608,0,likely_human,1.0,0.28280350965200607,0.42274263007223256
UCZ8D_dBddr75F8Kulv2Cb5g,-1,1,1,['3533a0f606822df43109c285d96932a6'],0.462326460017455,0.2827516171794034,0.16099309859566271,0.4029504867562642,0,likely_human,1.0,0.2827516171794034,0.462326460017455
UC5KN5WpGlsWNOeXW3_c7EWQ,-1,1,1,['90e813e2791175e138e6a9d9aaf23566'],0.4535658006586911,0.2826843124763617,0.15064322096187965,0.47130636453346497,0,likely_human,1.0,0.2826843124763617,0.4535658006586911
UC5I7fua7kSqdHRpSefsc0yA,16,1,1,['d6d9c93a6c5d1638e3ad59c42613d5e5'],0.41851919609165966,0.28251130389559864,0.1734346250051892,0.49122976315314526,0,likely_human,1.0,0.28251130389559864,0.41851919609165966
UCOsQ4Zn64Z24fLJqir3coHw,31,1,1,['e0197c5281d7faebd376e77aed716ca5'],0.4074741977375238,0.28250946049539416,0.175250306758959,0.5016671144964147,0,likely_human,1.0,0.28250946049539416,0.4074741977375238
UC7d6i4quOCB_amf2hwxRGwQ,21,1,1,['72d1e8e1cc0a0ecbf88a68b8720c646a'],0.4565331920509407,0.2824785007692625,0.13216691794261828,0.39791861190410527,0,likely_human,1.0,0.2824785007692625,0.4565331920509407
UCo6mSbgiDh6CH3yHWJaHrrw,22,1,1,['59d231776406ee1e860c2f36daf57f8c'],0.41188135210069543,0.28234520110544087,0.18777496587574455,0.484661972346568,0,likely_human,1.0,0.28234520110544087,0.41188135210069543
UCZZkawg84_O40z0vUVYAUiw,-1,1,1,['2409d6cf5e65d3c9a95f91fd8753cc29'],0.44922399536719865,0.2822978990221273,0.16429173915658124,0.46387445383213033,0,likely_human,1.0,0.2822978990221273,0.44922399536719865
UCOlnVMMaCwpT6JQqgYH92vA,40,1,1,['f1e2e0b0631c8be17c0e97d2b402b5ef'],0.42304330003145196,0.2822001686703757,0.17607150000014862,0.460735119531479,0,likely_human,1.0,0.2822001686703757,0.42304330003145196
UCWY1sWhRHv1akOz8dMXmt9Q,71,1,1,['98349c07febcbcde2e0417184138b184'],0.4195255494344511,0.2821913628469742,0.1797584418090015,0.4706042679555631,0,likely_human,1.0,0.2821913628469742,0.4195255494344511
UCVO79BfueJ08SyInOhK9-rw,-1,1,1,['8f6bc61d7f8ed8f818b443d3149b5415'],0.42868892845046563,0.2821353726174388,0.18213647349849263,0.5277601804541783,0,likely_human,1.0,0.2821353726174388,0.42868892845046563
UC_3QBdZgT31M79LuQ_9yBrw,-1,1,1,['86a6cbb8a6137a6123e233bd0b09ed97'],0.4112296545502996,0.28211794870572543,0.21700036704751768,0.5220462865392835,0,likely_human,1.0,0.28211794870572543,0.4112296545502996
UCFLrtI9PZkcMoWnk2onz5DQ,-1,1,1,['2284e81ac5e5ac0e13b89a5781c72e44'],0.453984719006877,0.28204848220995404,0.19243980223154414,0.3847487457799113,0,likely_human,1.0,0.28204848220995404,0.453984719006877
UCRON2GiN8iaT0zVbuoJiDsw,-1,1,1,['0d0e0b33f0805a03dd27b15c32bbef76'],0.45363130314171607,0.28198583791848,0.16380401351387391,0.4193607524907367,0,likely_human,1.0,0.28198583791848,0.45363130314171607
UCOF9dshUr7bbpE3JcEZRWrg,-1,1,1,['cad8b552b0c9055c96b4f9c54d88ab4e'],0.44138309131187,0.2819500859097635,0.17943159772767897,0.46383726151807064,0,likely_human,1.0,0.2819500859097635,0.44138309131187
UC71ueILZddLK5LE_qEqCV1Q,-1,1,1,['a455b26cf5ce7ee4d2f1b701a28c0d6f'],0.44710418017965414,0.28189115867169756,0.15057712636329929,0.487442508247089,0,likely_human,1.0,0.28189115867169756,0.44710418017965414
UCbAtLaVyhBgMz3N6Kj6P3yQ,-1,1,1,['6849b5259d4bc13d8da1ac2e6d9b47d8'],0.4332208676616234,0.28184631811747896,0.17747216404983318,0.4974570950105797,0,likely_human,1.0,0.28184631811747896,0.4332208676616234
UCPLhgZXY1HFJxAtr0SPrWww,-1,1,1,['eb752e8fe39d136bb17cd7e12a4bcab8'],0.4240616860455737,0.2818352576371924,0.18935385776897762,0.5111204087649208,0,likely_human,1.0,0.2818352576371924,0.4240616860455737
UCxo6DUYmPI1DBmYebadESfQ,-1,1,1,['62ebbe60677d953f46192176fcc5fa25'],0.4639345450321486,0.28181799786023876,0.17083054381330345,0.3690457154771928,0,likely_human,1.0,0.28181799786023876,0.4639345450321486
UCRc7qAwjSoXaIdYgdkpPQXQ,-1,1,1,['aa371c7bf39e4e401f0b75c651ee47ec'],0.43796701950288086,0.28174204088728216,0.12391248375016342,0.5950487638692249,0,likely_human,1.0,0.28174204088728216,0.43796701950288086
UCC8oXnQpqHFeBXpIbYq4nZQ,-1,1,1,['da1f3d19640172135cadf9a66ea803a0'],0.4260727457676342,0.28173462846158703,0.17946466303311717,0.5237807009455693,0,likely_human,1.0,0.28173462846158703,0.4260727457676342
UCFd6gkpLOuP4VNgsKkZ8ClA,-1,2,1,"['daed2d0a4c7556a5e4e94e47758936fc', 'd05c6536096a56124f202e4f91fab0bf']",0.4415201617964919,0.2817126116187702,0.17024083997246764,0.47154278882157113,0,likely_human,1.0,0.2817126116187702,0.4415201617964919
UCYMTTqyaNXL1RZ-AduxiSeA,-1,3,1,"['951ed7af843b86a11177c05711dcbb6e', '4581add5205a1fcf980db879806340b3', 'b09fb93a914055401368081f39da4157']",0.44150373364821,0.28170072510113386,0.1742192241427317,0.4640057094817062,0,likely_human,1.0,0.28170072510113386,0.44150373364821
UCLYaG2vsJkk07dJAFVyJ8mg,-1,2,1,"['ed53769154be0dbaaaaeafe15e7c56f6', 'e97c95040efccec9c7e3ca36acc687c4']",0.45049364135699543,0.2816513273905249,0.17916781226859735,0.4136536522914226,0,likely_human,1.0,0.2816513273905249,0.45049364135699543
UCOdcfviUvTnck1KlKYHfsQg,-1,1,1,['98e6fe53b1b2948613af0da0e35299e0'],0.45739206827770507,0.28163109720524443,0.14936209885344592,0.4402507890365082,0,likely_human,1.0,0.28163109720524443,0.45739206827770507
UCooV05fE4aZddhMeNX4J_sw,-1,1,1,['5a9235f165d85bb085c47d1509fd328c'],0.4115916423683733,0.28153193924398917,0.1853255988625979,0.5775801619049391,0,likely_human,1.0,0.28153193924398917,0.4115916423683733
UCa3W3WEzMhtan_8EWlF_6yg,43,1,1,['0a5e1b85e06ae46c36541264def729b7'],0.4024350810434569,0.2815019185596473,0.18833704318990663,0.40280885710114667,0,likely_human,1.0,0.2815019185596473,0.4024350810434569
UCBu3CAWI98_SA5oNgsfyB4w,-1,1,1,['b59f27de75f6613c607aaa0cded75e66'],0.4151063512969868,0.2814838424834823,0.21445555536476477,0.5040959744647353,0,likely_human,1.0,0.2814838424834823,0.4151063512969868
UC5sWdALeHav_bo3cFMIJtdA,-1,1,1,['5a309868014518b6538f28ef10053eb7'],0.41631430189420815,0.281430514947973,0.21662336418117134,0.49439227057640545,0,likely_human,1.0,0.281430514947973,0.41631430189420815
UCqh0YXbYHMTLVyEAXstxi8A,-1,1,1,['2d76a2c55256a3b114711c66306fc49a'],0.4189816740297012,0.28136565976880745,0.21386988353447026,0.4855104170899463,0,likely_human,1.0,0.28136565976880745,0.4189816740297012
UCryZZS-xmaoOCIY76St1d-Q,18,1,1,['7c60f368396091f0e746d8db646a5f4f'],0.42170498850132365,0.2813598437519375,0.17832378464058576,0.4566238341856981,0,likely_human,1.0,0.2813598437519375,0.42170498850132365
UC4C76Nr9CJWxk2jAi5RZY_A,-1,1,1,['757128c361c81114badfa9be294cc56e'],0.446456140955104,0.2813482882083684,0.16468696234111374,0.4577774183637694,0,likely_human,1.0,0.2813482882083684,0.446456140955104
UCzrbn1vdeY5NEPHewvG23mg,-1,1,1,['f7b9a9723ea816f4ead2c8c14529f1f3'],0.45444684629082555,0.2813429646557169,0.16365371150568156,0.4205134782731258,0,likely_human,1.0,0.2813429646557169,0.45444684629082555
UCFvmbj9yMDV0G0xZiZEyARg,-1,1,1,['63e0d093a5126cbdd977332ec3427150'],0.42176461824243944,0.2811881911574397,0.19623599653461596,0.5255966959207788,0,likely_human,1.0,0.2811881911574397,0.42176461824243944
UCj1w0MCUWQs_SetQoUEwQBg,-1,1,1,['e0e08b909834e839c95a08569391a326'],0.4318333415921296,0.2811650691118416,0.2034427758859826,0.46620048866548736,0,likely_human,1.0,0.2811650691118416,0.4318333415921296
UCwtj9v55QB2TRLt2K4Xo-_A,-1,2,2,"['16cc490e7ac68ba27593fcb51d47effe', '29d433d2870cdf7b45bd81ddd8dd9f92']",0.42877978259034655,0.2808981464330411,0.19055441769069675,0.48773389123547917,0,likely_human,1.0,0.2808981464330411,0.42877978259034655
UC2I89AX4I4SesjA-PA54hNA,-1,1,1,['ac98636295bc2a86e715d83ea160588c'],0.4714253554149028,0.28084608884179074,0.15305399272086986,0.35925757584178736,0,likely_human,1.0,0.28084608884179074,0.4714253554149028
UCGAHjCEA5rKfZm57ye_Cv8Q,4,1,1,['244e201551f8e51810e5cb056e32bb9d'],0.40873425904586935,0.2807864294118274,0.17980296396829232,0.4828785153503126,0,likely_human,1.0,0.2807864294118274,0.40873425904586935
UCDQqqs2NFsUtLEvPHKLL3XA,-1,1,1,['8c7fc1a833b12d83db9e13613927ccc3'],0.4213664855992493,0.2807310446851151,0.20144378504110305,0.49021710681032743,0,likely_human,1.0,0.2807310446851151,0.4213664855992493
UCgod1jVuJszOWSj2V8LBvgw,-1,1,1,['fe06739cf5e75c0350acc75bda76c51e'],0.4254124572374289,0.28050310723922095,0.19292608966418962,0.4881467107098253,0,likely_human,1.0,0.28050310723922095,0.4254124572374289
UCuLTnN0BWx7Wk64CcvZLYtw,-1,1,1,['d011d79ddaec7b69976cd752e62c1e6b'],0.4225372003646868,0.2804123806599198,0.1886197286230239,0.5159671041333707,0,likely_human,1.0,0.2804123806599198,0.4225372003646868
UCauXaG-HoiSdI1c_ir44CnA,-1,2,1,"['f25285fe45683968b2b163fcf2936fbe', '0ac3849961f5ac6505c3071bcaa79ae8']",0.4361468866499863,0.28030295677687384,0.16475752650454412,0.4975312099111791,0,likely_human,1.0,0.28030295677687384,0.4361468866499863
UCWodR_NJXpbBqAWLrkkwr1g,-1,2,1,"['fa5f80c0a6473c046f6c881df46c4d46', '4f4a676720177aeb4e69f3d0bdac985a']",0.44868023663466794,0.2802984853975571,0.09848860442979641,0.5838082386264627,0,likely_human,1.0,0.2802984853975571,0.44868023663466794
UCwaWe0BxmJFYp-p4u2qYHTQ,-1,2,2,"['52ad3079dfd93133f268b4ede4ee4804', 'bbefcff81f30f7b63c8e546233ffb590']",0.4295222585286903,0.2802904136409436,0.19547700320952557,0.47688553791887106,0,likely_human,1.0,0.2802904136409436,0.4295222585286903
UCzcPHuIlGaunfay1mwzSRHQ,14,1,1,['f83693475d3f0edfae86611ce99ad77c'],0.42548410990857266,0.2802095522538877,0.18438379713620429,0.38791913091101704,0,likely_human,1.0,0.2802095522538877,0.42548410990857266
UCYvhHE9has6o8w8wlrOI8bA,-1,1,1,['619e1d925f5ce0ad9049d534ad7c566b'],0.4509683014669701,0.2800753793956887,0.16877908085577745,0.4116318227546113,0,likely_human,1.0,0.2800753793956887,0.4509683014669701
UCXb-LkVL53ZoAsCORAQMgGQ,36,1,1,['4b730dff91da09342219140fb845a5fe'],0.3883685910001238,0.2800573236084972,0.20897754693289508,0.5389206366034776,0,likely_human,1.0,0.2800573236084972,0.3883685910001238
UCujQmj6dmezGp83Ulvy4DDw,42,1,1,['732f6db2796cc5632c9fb248fadab52f'],0.42051438412875586,0.28004940508115195,0.18739921540635104,0.4330103089506776,0,likely_human,1.0,0.28004940508115195,0.42051438412875586
UCxM00i65uBsCx2lAWs2gQvw,-1,1,1,['95fdd360c5616c64755bdcb0b3a1e5eb'],0.3989915869445,0.28002628962250253,0.21762507577960627,0.5579987351859309,0,likely_human,1.0,0.28002628962250253,0.3989915869445
UCh2CsfdBxVs6soBAU01x3VA,11,1,1,['029aafff3a2f420744f0f26b908eecb7'],0.42822571442587115,0.27993338674640683,0.1521119139032208,0.43585786698812157,0,likely_human,1.0,0.27993338674640683,0.42822571442587115
UCSVGtc03LKmI5jCHAoH9_ow,-1,1,1,['4534c14a3109478f18245674839e755b'],0.44554967626540376,0.2798401895658355,0.16242966933085096,0.44868363503012976,0,likely_human,1.0,0.2798401895658355,0.44554967626540376
UCf3hlMIULvxgAJKB1Axm40A,-1,1,1,['5daba7c901aed9640ac015ada0108ceb'],0.44487969968855307,0.2798224632223574,0.1771097547693285,0.4333726860530859,0,likely_human,1.0,0.2798224632223574,0.44487969968855307
UCRo6wL87lSU4Is3mEF0iM_g,7,1,1,['3fd19e4e58a58d8be8421234d21e77ef'],0.3841040817249004,0.27975724282891434,0.2040022754888594,0.48687514725774617,0,likely_human,1.0,0.27975724282891434,0.3841040817249004
UCEvkyZqKCS54WKmERylwwqA,-1,1,1,['b79d13a42e3345d5568bc297def89cf1'],0.43228965087960897,0.2796043389721081,0.19421283509469958,0.4470590858819191,0,likely_human,1.0,0.2796043389721081,0.43228965087960897
UC84oDUR7RrWWCZaAZpi8r8A,79,1,1,['9fd1545647fc426613974b532e547282'],0.4216089562854835,0.2795161701538544,0.16531375029354634,0.457921739789456,0,likely_human,1.0,0.2795161701538544,0.4216089562854835
UC6SYoBRjhbzwL6BvSlUlyIg,-1,1,1,['bee230911389595e3c7c74edab2f97b2'],0.44307881731976295,0.2795067338626774,0.17518525969869103,0.4421940928422381,0,likely_human,1.0,0.2795067338626774,0.44307881731976295
UCTe0iktv04uNYlPynC-JckQ,-1,1,1,['b5476f516de921aefa4d8cc792b82ae4'],0.4773711142688677,0.27949474049477224,0.10881510029157766,0.41095360630597905,0,likely_human,1.0,0.27949474049477224,0.4773711142688677
UCgysRixsIolSXa0ewhjGQRQ,72,1,1,['f41ec094cd0835a0a0177f4a100bb253'],0.4478203151986997,0.27939604989656464,0.14875390592344126,0.37231751595930773,0,likely_human,1.0,0.27939604989656464,0.4478203151986997
UCO1hsVpqYdTLt_9oruldsOA,-1,1,1,['eb374e07642df340baa94dcf32d57114'],0.42703949595084767,0.279183061721656,0.19345806409544097,0.472885347134411,0,likely_human,1.0,0.279183061721656,0.42703949595084767
UCH_EaBP2UHavgerCtApkftQ,17,1,1,['6312f7ad4df542a1adc24e5a8ecadeb2'],0.4430033913162846,0.2791814635728743,0.14378743037161254,0.3985576507322097,0,likely_human,1.0,0.2791814635728743,0.4430033913162846
UCOe_k2PdugTXV8rHINo4M4Q,41,1,1,['3f3c6470236aa02153c73ddaefdb7554'],0.41594262931251436,0.27916708950727726,0.1709393672169628,0.447864747172629,0,likely_human,1.0,0.27916708950727726,0.41594262931251436
UCoo_xPPEM-7kKxM7ThZF6zg,19,1,1,['4e4e37abd31bdfd9bf2faf99926b758d'],0.3990226211520924,0.2789690209640055,0.1571510768253329,0.5816929521587535,0,likely_human,1.0,0.2789690209640055,0.3990226211520924
UCwUHiiivje_lmuxwa35Sgdg,-1,1,1,['a5467c26d472315161b3203d6c17315a'],0.4086736739039344,0.2789473840535661,0.18950619702989432,0.5478817330933858,0,likely_human,1.0,0.2789473840535661,0.4086736739039344
UCTy2su70TX08-h0PgsyetsA,-1,1,1,['a28250f8e45e3d3ec57bad53eb856958'],0.44933165105608586,0.2789421051495202,0.18231782500024715,0.393751712397549,0,likely_human,1.0,0.2789421051495202,0.44933165105608586
UC6YJyNqfiNcrWq2wBBxrJyQ,-1,5,1,"['e7379b243bc830e784d40dd196ed1aa2', 'f72cda0efc7f9ac112b8d22ea6835f03', 'd891df32722235222450e222a8bb76d0', '3dd3bbe41477f531a7ab9a2d1d57959a', 'cfbc342cd7f4552ff616ea05d7acb432']",0.42345783710916507,0.27889116007005177,0.17214383011681433,0.5227494751634015,0,likely_human,1.0,0.27889116007005177,0.42345783710916507
UCC__IUP4Oqi86Eepd27tS_Q,-1,1,1,['f595ee5975ef04c1179e7b9fbfbb794c'],0.44141234433462917,0.27883909063412593,0.1834925745523212,0.42689296350708983,0,likely_human,1.0,0.27883909063412593,0.44141234433462917
UCk7rYMzuVwpMSBZcPn3Y8Iw,-1,1,1,['8b21bf681d8950c77ae0cd7eeb21c9f3'],0.47180436014772914,0.278832421771261,0.1440645753456906,0.35807517990059823,0,likely_human,1.0,0.278832421771261,0.47180436014772914
UCpEsws9488c4n_2n9R9h8iA,30,1,1,['3af7cdd32f5ef3feb3c917d256fcaf7c'],0.453605232388265,0.27869773372307816,0.12378955139435355,0.30497053594421814,0,likely_human,1.0,0.27869773372307816,0.453605232388265
UC5-ABN7KPLqeYetHmCGZHOw,-1,2,1,"['19b6e6ea9c90af4f25111f4e2abf4aff', '23b57c585a97e35039eb79b45aef19a7']",0.44680537686630034,0.2784011200093412,0.15123332142055276,0.45471912432863504,0,likely_human,1.0,0.2784011200093412,0.44680537686630034
UCZ_V8XcGJySMuYpDV6lLisg,-1,1,1,['7d982c008c7b2a6758be9f0ce086a2fc'],0.44672676550880613,0.2783561420524807,0.17275392171840598,0.4184832690913171,0,likely_human,1.0,0.2783561420524807,0.44672676550880613
UCX4nd7hGv56DVfeloYpskrw,-1,2,1,"['6fc3cc4a3cd54b8103855fedc8d5885e', '36cd8e716ede2cd2cfca887eaa73a6ac']",0.4310231000338452,0.27827471834612794,0.1793476526330154,0.4664340783377317,0,likely_human,1.0,0.27827471834612794,0.4310231000338452
UCzx2jDCwqLgPEUkCnCVzTBg,-1,1,1,['ba8a66655af491ed75a86cd062e93f63'],0.3992360860734065,0.2782425583687269,0.18837810425896978,0.5879305158068243,0,likely_human,1.0,0.2782425583687269,0.3992360860734065
UCe_w2FUWgVFnoDVMikB0NkQ,38,1,1,['fe9d5e75f3313063d5d5146ce5f518fa'],0.41563949271106015,0.27823231027655365,0.15630469765851648,0.3945231114336004,0,likely_human,1.0,0.27823231027655365,0.41563949271106015
UCYr9CVUA1vOubI5Wv1WUx0w,-1,1,1,['b10a2a391c2ad3ff0d841a54cc245233'],0.4016002797614472,0.27815088356158524,0.20977330952433873,0.5336619305051962,0,likely_human,1.0,0.27815088356158524,0.4016002797614472
UCkuEOJvIFlTqRwynmf5trtg,10,1,1,['d375229aff2bfed3ef87e5eb2fadf1a1'],0.4248834602719196,0.27814941182350894,0.1527411788375303,0.4366716869983313,0,likely_human,1.0,0.27814941182350894,0.4248834602719196
UC5Ix8HQcxDadSTIKv7TlWWQ,0,1,1,['094590a75ee31c000b5043f391e55f16'],0.39512822092594635,0.2781084969328616,0.18583424773113075,0.5364399834880159,0,likely_human,1.0,0.2781084969328616,0.39512822092594635
UCzWbdy6S3B7kvndiNrC6JzQ,18,1,1,['e2432ccc609327498e4ea5840a01b33f'],0.42434023894194217,0.27808356177621424,0.15064602697683394,0.4648456469030473,0,likely_human,1.0,0.27808356177621424,0.42434023894194217
UCOxwNnmVxZ3evP7aTd1RjQw,-1,1,1,['846e2f3a1e25d37f0aca81e5af2aac29'],0.4375658258829589,0.27806945384905446,0.16611808067791092,0.4662749305668277,0,likely_human,1.0,0.27806945384905446,0.4375658258829589
UCGWnDJ-bmzZXcjYNCrgmPag,-1,1,1,['d0cecf38b5404278f5f0b45eb7f34c5b'],0.4347481203220361,0.2780437017779331,0.15176465025925506,0.5099646579800361,0,likely_human,1.0,0.2780437017779331,0.4347481203220361
UCSj2xjFQJffweAih9l3ao_Q,-1,1,1,['0dfeeb30ee4ab14f6dcc25aca8d77bb7'],0.41956441431938957,0.2779649958608389,0.20268445963493437,0.4805936325357091,0,likely_human,1.0,0.2779649958608389,0.41956441431938957
UCqSvx2bOTu2JhI6D4BmkZtQ,-1,5,1,"['6b57f20b7add7578484e3eb5c4cde272', '7b4b0d9b7c5bb77540957c7470b4e471', 'ae57ba332c3dc532ad79858d3dd46fe9', 'c6a032665210a96895302484137565bb', '776b71cc5ad57eb92befc307f7450956']",0.43125821497936434,0.2779599328536392,0.15747166567387605,0.5092717114857421,0,likely_human,1.0,0.2779599328536392,0.43125821497936434
UCrz_g5zX4gP2ya4n3cTOFuA,-1,1,1,['da53366b489a2ae4dadaf9ec8133cde3'],0.4568970364500242,0.2779485349958384,0.15927694334977485,0.38375251754972595,0,likely_human,1.0,0.2779485349958384,0.4568970364500242
UCdD_oHsX8KB62xQLdp5Vi1g,-1,1,1,['4d2fc287af5d55cf42cc0b5018d379d7'],0.42373887029059104,0.27793795460186876,0.16919496915397325,0.5149267425334395,0,likely_human,1.0,0.27793795460186876,0.42373887029059104
UCNCrnVdkPZOWcUp-9-TeSQQ,-1,1,1,['32c5f7fad788d49a902d6b346715ea14'],0.3907627311753322,0.2778776448101153,0.22712614959287727,0.572519882593078,0,likely_human,1.0,0.2778776448101153,0.3907627311753322
UCmNIbJGSk_QolFb8mMNHO4w,26,1,1,['4e2c71ad0e8267d4eb935ba3b93a3714'],0.45414087993574914,0.277809593770169,0.12546715077592008,0.3467372671308968,0,likely_human,1.0,0.277809593770169,0.45414087993574914
UC6tvlswBFL2gO9ZpSd-7t0w,-1,1,1,['0a9bc199368d3dc654a8d04e71edf0cf'],0.4216989246469901,0.27778997316784504,0.19494195725371014,0.4829527259469928,0,likely_human,1.0,0.27778997316784504,0.4216989246469901
UCATolgGWymawPd1L4bEKCNA,42,1,1,['6457d7fdaae2ebb031ba71cc5be89c74'],0.4209779985524158,0.27764487624668327,0.1558065383908412,0.4695760216528688,0,likely_human,1.0,0.27764487624668327,0.4209779985524158
UC1Cg3tWxMB5T0XPuwJw9zEA,46,1,1,['0424cc9fd6236c479ca7810da45c3acc'],0.45825528016214734,0.2776107942867118,0.10717015685331067,0.3289750959679025,0,likely_human,1.0,0.2776107942867118,0.45825528016214734
UCOYCp5oSnW0iPxgWl0ZQ9iQ,38,1,1,['8d4b92d605bfe97106eb18be2b778acd'],0.4236425409411788,0.2775792844290192,0.14909224898206982,0.3698439227984952,0,likely_human,1.0,0.2775792844290192,0.4236425409411788
UCxkF8zgpuj8QpDit5XYgX-A,-1,1,1,['b228a38335b2e91476ea56bcb36134c8'],0.4415291751887258,0.2774333229777979,0.1727276193240836,0.4317337711984349,0,likely_human,1.0,0.2774333229777979,0.4415291751887258
UC1zIggX5lj_Ixm2FArleiEw,-1,1,1,['1e7ab213038cec7d31be19f89381019c'],0.4198122191429177,0.2773045102253665,0.1919199169435353,0.493384583594094,0,likely_human,1.0,0.2773045102253665,0.4198122191429177
UCfAm11FLQidnxAlLPJGcq1w,-1,1,1,['dca191d91e70f6de0daa037fcd873af5'],0.42107143979940254,0.27729924065613676,0.1992510702047393,0.46002895846851355,0,likely_human,1.0,0.27729924065613676,0.42107143979940254
UC5CbbAtWT00K3rRBFoD0vPQ,72,1,1,['d4f35a76d172eca0a30709d432498067'],0.4492912668244387,0.2771858392315157,0.12998294420278797,0.3707791466437782,0,likely_human,1.0,0.2771858392315157,0.4492912668244387
UCfPSiig5qfHbovpiVFnwTEA,-1,1,1,['7803e18efcff1b2db0f160ff5ceada9d'],0.4402466509959956,0.27716432335543445,0.1719330644900383,0.43074911244220365,0,likely_human,1.0,0.27716432335543445,0.4402466509959956
UCY42uB0cpuL8uND_oFE1fGw,-1,1,1,['28fe0444b50726e1856725d27943d2c2'],0.42992902486568163,0.2771112547756408,0.1978613231496902,0.41561659183326605,0,likely_human,1.0,0.2771112547756408,0.42992902486568163
UCng6qVw2Qxg9uQF7s5qodsw,-1,1,1,['a8ef243852802d5f4caceb2ed584950d'],0.4380426371121747,0.277102838005657,0.13424225633260248,0.5159365495925541,0,likely_human,1.0,0.277102838005657,0.4380426371121747
UCnqZlAZ4vgqIqP1VPubobiw,-1,1,1,['577dbd657eb6a9fdb48cd51ab9abceed'],0.44579371045060623,0.2770912099888977,0.1706641195238701,0.4126071353060624,0,likely_human,1.0,0.2770912099888977,0.44579371045060623
UC7nU1bvrc4H3r4jJRgvIytQ,-1,1,1,['8dff79af1c9c847f3dc79dceb690a9d1'],0.4626909651684957,0.27708790689008544,0.1220080461697404,0.4364247758527896,0,likely_human,1.0,0.27708790689008544,0.4626909651684957
UCO-aHOfK6TRjR-IBuzhAMpw,-1,1,1,['71e82d7915a70b27d380d1d6cc97d10a'],0.4109533828809854,0.2768367663668998,0.20250831361397256,0.4940233736908276,0,likely_human,1.0,0.2768367663668998,0.4109533828809854
UC9qTvHAwNVRVWQFuRsWxUfA,-1,1,1,['f115ef9a1ec0e87d77dff38461630d47'],0.41216294133518727,0.2768254478966325,0.19506721105982122,0.5061188577871187,0,likely_human,1.0,0.2768254478966325,0.41216294133518727
UC-6s-S7QpQ0-Wc_C1eNrobQ,-1,1,1,['6562dd2049008ea973496ba178ecbb5e'],0.4163996975695653,0.2767736862093937,0.20101957392383824,0.4723843006671027,0,likely_human,1.0,0.2767736862093937,0.4163996975695653
UCiEbMX-9RNkk_Rfy3QZ85uw,81,1,1,['3a986c18dbf97ecdc346febc74267cc2'],0.42455936813372774,0.2767430772454008,0.1648489505013971,0.41892073284834347,0,likely_human,1.0,0.2767430772454008,0.42455936813372774
UCBOLFOmRtkeoCVyBn_UXyDQ,-1,3,1,"['7645d89e488dcb80a98e078fdc1859ee', '6ecebae39f05611e130c5c413f21899d', 'f88f88aef5218a39b06229bdf095a07c']",0.4388974725689969,0.27656738872807474,0.15619594620973082,0.4677891441561183,0,likely_human,1.0,0.27656738872807474,0.4388974725689969
UCBuI2GcON8MkVlQOej1r_XQ,-1,6,1,"['e5f473977e2f41907a00d853ffdad9fb', '8273067bb0d15706b73216e5d8cd4d11', 'dfe1bef6ac8eaf62f3c9f38fe7c88e57', '22eaf6e706f6f91fb7269b1733f7b89f', 'e5f473977e2f41907a00d853ffdad9fb', '8273067bb0d15706b73216e5d8cd4d11']",0.42465308240520877,0.2764050500708734,0.17807516880446736,0.48051717939091587,0,likely_human,1.0,0.2764050500708734,0.42465308240520877
UCaFX2-ecM9CzDQQ5Hmjymeg,-1,1,1,['d3e032c9ff55ee7743a022401a24a9f5'],0.44357763520906146,0.27633016315391,0.15810800310817585,0.4317618018015954,0,likely_human,1.0,0.27633016315391,0.44357763520906146
UC7GJBBaD3qWqjHT2YYLxhdA,-1,2,1,"['b1bf2feedcd265a501b63d7ce5863ad2', '373311f0962848b74c9f53e00d75279b']",0.4120458542608549,0.27624096160619677,0.15713671840347274,0.5770078916336685,0,likely_human,1.0,0.27624096160619677,0.4120458542608549
UCoT-JcS0KCseMz0rTbqJgCQ,-1,1,1,['28cbddd1cbb49587e5ea02366fdc413f'],0.4439644056973117,0.27619958553677887,0.17491766585338192,0.3932412687599861,0,likely_human,1.0,0.27619958553677887,0.4439644056973117
UCD-mQTMtFKnu3DZT54g67Yw,-1,1,1,['61a30a1c8b954a77f8f6720f4ed672b8'],0.3930854340617974,0.27598320557770045,0.2351742241674409,0.5010367747683229,0,likely_human,1.0,0.27598320557770045,0.3930854340617974
UCQEfqgWAkAEdf7f8xdYiIpQ,51,1,1,['7547895dba10763fedc606c5cab6284e'],0.4086664802371528,0.27568512783598875,0.15620450639929526,0.37239863154338393,0,likely_human,1.0,0.27568512783598875,0.4086664802371528
UC-XoOm4LrID484qmvVWmAQQ,76,2,1,"['05b5cc44a682d868956a754890b6c45b', '916ecd0f30528a10786846e79348675d']",0.39736586304232124,0.2756520168832602,0.16447209273794045,0.5319125226709842,0,likely_human,1.0,0.2756520168832602,0.39736586304232124
UCx9LsEGiuxndy5xs64AE6Qw,-1,5,1,"['70c0ec8af2a365f04a1b0ad377ad6068', '62b161582260f8ec7b57fd792b870605', '9e5c3971eb4f634f873c8f32d499a904', 'cacd5aa65991905965329f302d163665', '5c9179c708ffb5c40d56fc894a86e54a']",0.43692379717271745,0.27562113601392546,0.1198340341417561,0.539551524002099,0,likely_human,1.0,0.27562113601392546,0.43692379717271745
UC18M0MxOMj9G9GyfkLJR_tA,-1,1,1,['667fe5a41508a69fe0e280e08e1642cc'],0.42343985064991596,0.2756181477101862,0.18872004082502192,0.4531818311748187,0,likely_human,1.0,0.2756181477101862,0.42343985064991596
UCiqgEt3j2iU7LO_aswt99BA,41,1,1,['03845416716e41f2b8f2545e4cc6ef96'],0.41018629969702103,0.2755717683783598,0.159630161880309,0.4545654533397172,0,likely_human,1.0,0.2755717683783598,0.41018629969702103
UCu_7ZGxNO_cMJFQOyX0o6vg,-1,1,1,['6f480ad67387218ab46cb685903e8130'],0.411270034286238,0.2754422806775122,0.20358063068925428,0.47594922778041315,0,likely_human,1.0,0.2754422806775122,0.411270034286238
UCrEo9ExR6Qg9SlkTyjjbRxQ,-1,1,1,['dc2374062156eeb467fb974461c10ca2'],0.44701237967497276,0.2754392848744212,0.17456333740487742,0.3695739764998022,0,likely_human,1.0,0.2754392848744212,0.44701237967497276
UCpjjjQVE-bnp-2NE0Svu-1A,-1,1,1,['fda6254bb9249ea4bae76e7c84d450e8'],0.4304492285057824,0.27533009573728984,0.16696749684075368,0.4712503580213723,0,likely_human,1.0,0.27533009573728984,0.4304492285057824
UCHKjNP0GCtP-7x1TeEwhpAw,-1,2,1,"['8e6151de8fbcb2e5bc9cd749d61ea7fe', '15ffd8da0cd723bd72d12eeb5820bfec']",0.42835718138012924,0.2752014496972665,0.18743251608485478,0.42945961118609216,0,likely_human,1.0,0.2752014496972665,0.42835718138012924
UC86VC8V_UfEeDBPvfRRbU7w,64,1,1,['6d610ffa5e918c22ddbf0d49f1834a14'],0.4238038590803832,0.2751935786157192,0.13175052871199364,0.3576457561472203,0,likely_human,1.0,0.2751935786157192,0.4238038590803832
UCfJTbBQFdmmOhRSfPcyWqbA,-1,1,1,['85dcd5df23fc4b03d584dedd4bdf8910'],0.44294232415572565,0.2749086563115788,0.15128972427431786,0.43543729147039517,0,likely_human,1.0,0.2749086563115788,0.44294232415572565
UCfeVgApuMPw04-2JpqO5w8A,10,1,1,['232c5b865e78a1168f8893839a1676d7'],0.4324274330093393,0.27481290352067944,0.1368802254413229,0.40084616454526684,0,likely_human,1.0,0.27481290352067944,0.4324274330093393
UCD-fq0XRLbmxNCZL8EHnU-g,-1,2,1,"['55162a40f850c5f6fac48ddbce4ddbdf', '682434cfbc85df013cac37a43f74ecd5']",0.4217407537441658,0.27465427458514124,0.1771373153192566,0.47957980814226575,0,likely_human,1.0,0.27465427458514124,0.4217407537441658
UCowPYvagfgj_c7qwVGodb2Q,-1,1,1,['425ce58e6bd73423f1d206620b4e41d1'],0.4264243679020976,0.2746196592635955,0.18819315900702155,0.4318889668777091,0,likely_human,1.0,0.2746196592635955,0.4264243679020976
UCqiY5-opFWhDz7hMr-MmhMg,-1,1,1,['679b8787ce9d29dd2e8539fecfae6a12'],0.4509565342244394,0.2745583929683668,0.1489955042811877,0.41240688078341475,0,likely_human,1.0,0.2745583929683668,0.4509565342244394
UCF5xJlfnbFWeYtgnUyt3C6A,-1,1,1,['a9a4500d31d81279e8ed56f5ea758612'],0.38806194071080574,0.2745218387314331,0.22158500841104656,0.54349448756901,0,likely_human,1.0,0.2745218387314331,0.38806194071080574
UCJLwL7Q4T8GO5d70sNBue5g,-1,1,1,['79e387a019aa5dad5307e43630319885'],0.49480404501386377,0.2744987934890003,0.09755529285333117,0.3115464549303683,0,likely_human,1.0,0.2744987934890003,0.49480404501386377
UCOWyzyJefOVuYgRbs2h4VIw,-1,1,1,['b62857c51c5165658d06410f4e017416'],0.42515256079676866,0.27449423419817287,0.18177610590185383,0.44232562273971393,0,likely_human,1.0,0.27449423419817287,0.42515256079676866
UCDuA-0yP9fQDfhtrZZZJHYw,-1,1,1,['bfe1ad65bd05fe3f5684be558fdecbc6'],0.42262718132942984,0.2744691237727095,0.18038744181222127,0.46692318835633284,0,likely_human,1.0,0.2744691237727095,0.42262718132942984
UCfaTHx5Ak2Vb3aydNzaCGrg,53,1,1,['9018567a106609bc18f28c0316842cd4'],0.4618546497390802,0.2744324317641985,0.11852205586215322,0.2896146176268207,0,likely_human,1.0,0.2744324317641985,0.4618546497390802
UCEzKqAww2ayfhho8O5y-ZfA,68,1,1,['aee5a6d57d0d10226e974303a846ff19'],0.43882266059902886,0.27428981921937395,0.14181418850855612,0.31718735326864095,0,likely_human,1.0,0.27428981921937395,0.43882266059902886
UCMb6dfnWfAxH3b9WyTuGa2A,9,1,1,['72996a301e850bb6b78f18091d9631ed'],0.4277122709106407,0.27419760313340424,0.17332746714882036,0.37316914547537633,0,likely_human,1.0,0.27419760313340424,0.4277122709106407
UCicTgzKgO-JX4J3g9AGoMjg,-1,1,1,['a062599e54ec6f7a10828b678b5ef2f3'],0.44130318122876155,0.2741503565723637,0.15960851769314247,0.42299643350729466,0,likely_human,1.0,0.2741503565723637,0.44130318122876155
UCIrvi0GBwQtu8-zzZuveN-Q,15,1,1,['04d168fb811bb1aa478b29602a28e57c'],0.4133305339123653,0.2741164067430423,0.16574358397396055,0.4116111314754021,0,likely_human,1.0,0.2741164067430423,0.4133305339123653
UCt8_C0pG2X8amBeKarn8BdA,-1,2,1,"['66a1c4a52607af7801e98df319385b49', '99c13727717bfeea37ef67f4b991f86c']",0.4644255493443537,0.27408046228072724,0.08350409021761365,0.4771830631622659,0,likely_human,1.0,0.27408046228072724,0.4644255493443537
UCteFfhhbjDhiKf8yX3cD8BQ,-1,1,1,['b64148625404b133225bf68034f7b25b'],0.424965437798694,0.2739480709484702,0.1820920229315766,0.4669610348816779,0,likely_human,1.0,0.2739480709484702,0.424965437798694
UC2d7t7pDMSs0dgnT61nU6Qw,-1,1,1,['3abe2c7c2f3c9dd89912397cb575b93b'],0.41023638155846187,0.2739229981175277,0.17096843502449474,0.5364399834880159,0,likely_human,1.0,0.2739229981175277,0.41023638155846187
UCgVxdTAP2c6SzSLvx987P2w,-1,1,1,['088d6b8cea22d456e58209c046ccec27'],0.4133046935731186,0.2738511411551991,0.20044255447770526,0.45423150316801897,0,likely_human,1.0,0.2738511411551991,0.4133046935731186
UCh-bC8ravLIaLwWwYQmNk6g,-1,1,1,['530e890edf71b80c4face9ea14aec3ea'],0.43032353579712623,0.2737198177684076,0.18583916599476866,0.4096004725169365,0,likely_human,1.0,0.2737198177684076,0.43032353579712623
UCmcpyU5l75cXRa3a54iX7TA,-1,1,1,['00673ffba016d6c18f34f88ee9e6a8c6'],0.42118040079790287,0.2735670034135055,0.19206851462726843,0.45049283845323135,0,likely_human,1.0,0.2735670034135055,0.42118040079790287
UCAG2KSvHOq3wM5UhUnOd9Hg,-1,6,1,"['67c317fcf783fc027e670f30f60d43ec', '4446d737ac04f87f58ab29acedd6617b', '34565f8047b05620005c34e91ec68541', '9df752f6bfa712bc1613ab3a747ca421', '13b02c15299fe30a1f25a136ab4e3ad3', '781027d18d57bc2fd2f2034cdd063a02']",0.42505485779566304,0.2735085586273118,0.1651492229578588,0.4751180605394395,0,likely_human,1.0,0.2735085586273118,0.42505485779566304
UC7r_jS3XLZu-QFgIUGYwiiw,-1,1,1,['767d6990843c102b04aa920bcbc2f110'],0.43521401746157296,0.27343040111023514,0.18186617485482082,0.40637926594845664,0,likely_human,1.0,0.27343040111023514,0.43521401746157296
UCYhBhTjgAPubKYv2BgZWYhQ,-1,1,1,['030249ae2e02bc677c0fbcb6cbd65ad4'],0.43440437999812603,0.2733045794655874,0.16798899314530807,0.4252283180052623,0,likely_human,1.0,0.2733045794655874,0.43440437999812603
UCRCyJ_1oQabOXse2WhWw2RQ,-1,1,1,['1a83f5fd8dd1676e5b6dd7dbc1bce8cb'],0.42351959167626063,0.2732091896481042,0.1665552522386017,0.4987292140413585,0,likely_human,1.0,0.2732091896481042,0.42351959167626063
UC_2FHDfVins2ACvhOSCe-4A,-1,1,1,['1f1fcce05fea51f45f72b53a370113ce'],0.4151064340438413,0.2732011592178457,0.20806773734036788,0.4577422846154249,0,likely_human,1.0,0.2732011592178457,0.4151064340438413
UCPDjWWMI-CEXNYHwSCiQM7g,-1,1,1,['2f6bf07a492c036484ce0faaffa4ebaa'],0.39753139696396983,0.2731874606407173,0.20951154253607007,0.5057636073373191,0,likely_human,1.0,0.2731874606407173,0.39753139696396983
UCMxOKc7VLY9g-AsYeKwv9Hg,-1,4,1,"['86a94dc68d6d46c7e0fc6a4fb7ebf9e2', '7d963ae2233c2bb77a55e2eace626ce4', '86a94dc68d6d46c7e0fc6a4fb7ebf9e2', '7d963ae2233c2bb77a55e2eace626ce4']",0.41528881840302234,0.27317312231397195,0.18393867318809232,0.4781939747620674,0,likely_human,1.0,0.27317312231397195,0.41528881840302234
UCnyHL7AE5EBLBZgby24LLtQ,14,1,1,['74499eb4fc146a468d7b951062edea1d'],0.42344995016439957,0.27308096774514246,0.1519440575669813,0.38228410442347055,0,likely_human,1.0,0.27308096774514246,0.42344995016439957
UCwXVQdwdmzWxzTQQE41l7ew,34,1,1,['2e0f076664b1457bd92e1ece3317dfe4'],0.41608415837309015,0.2730751980244511,0.1494862293334631,0.39737278192558273,0,likely_human,1.0,0.2730751980244511,0.41608415837309015
UCMVaHHhVKI5cl7G78Z_O22A,-1,1,1,['b0b1e007fa81fecad62d8474f47a1efe'],0.4304001903597609,0.27305413547722907,0.14212001358680335,0.4986247075496473,0,likely_human,1.0,0.27305413547722907,0.4304001903597609
UC8ESFLyiIFsI6EBf85P56oA,-1,1,1,['87196c7e6a02b099b8482adf00ef17f8'],0.40423785821851266,0.2730079767413008,0.2008608440044249,0.5011018839924298,0,likely_human,1.0,0.2730079767413008,0.40423785821851266
UCqad35Os-C9NLpU0aJOCp5w,56,1,1,['2ccb49536ef393e62fd190188e584f5a'],0.4013212802656563,0.2730074620555003,0.17232726860021458,0.46086118372081963,0,likely_human,1.0,0.2730074620555003,0.4013212802656563
UCmJ_TuxReEkprZcvONBa3qA,-1,1,1,['21265bee19f80e6d5f538ec177e746ed'],0.4442821447063278,0.27297555226682746,0.15185896809193844,0.4129430521916365,0,likely_human,1.0,0.27297555226682746,0.4442821447063278
UCYr8i1voTbmCV21geXBdmAA,-1,1,1,['4b5008ebcd8970dcd069a149c48ac654'],0.45647762009500437,0.27289589250926105,0.1582180805534508,0.3464331768288117,0,likely_human,1.0,0.27289589250926105,0.45647762009500437
UCO4lzsIZerqVySpntnyCliQ,-1,1,1,['154ed8931f770f84ec2602349fdbb82c'],0.4422147816725781,0.27289509783790405,0.1204761136365705,0.49531024775123406,0,likely_human,1.0,0.27289509783790405,0.4422147816725781
UClg_2zvYfKFr5MLxvxClJKw,-1,2,1,"['dc2ba1cae314112fa63a150727cd5d1d', 'aaaa9e0783e5e6c212552d4f5c2025c6']",0.42934290131765707,0.2728556293306788,0.18870654631606454,0.4240734825170285,0,likely_human,1.0,0.2728556293306788,0.42934290131765707
UCr1gJhjOPjllykghxCfxXgA,-1,3,1,"['8ed52025798293783397f6fe9c36c0e5', '6a8b8c3c90c7a994a70bc288a4ec391e', 'fddce5241246c05b6f90934e9bae0106']",0.4095595223568996,0.27283943350119855,0.1800390994487902,0.5077087052752511,0,likely_human,1.0,0.27283943350119855,0.4095595223568996
UCkJOjnpd307_UqbwX7SgHuA,-1,1,1,['09359bc840c36b8e68f2681b063c1323'],0.4004027433580022,0.2728183569183418,0.21187027496569028,0.48353411371777466,0,likely_human,1.0,0.2728183569183418,0.4004027433580022
UCuGAccKAO0csFFZSAavlXyg,-1,3,1,"['8f6c570e02d6faf1b61773104b1789fe', '95aea4906571e1c869de912875a8dffd', '432404baae6bba50e7b2a674f219c81d']",0.416978774552416,0.2727829563591248,0.16641398039481348,0.5044136002274493,0,likely_human,1.0,0.2727829563591248,0.416978774552416
UCZKyIe4CIFHs4xeXX3t9BKw,20,1,1,['6ff6e117297895e7033958915d8a2ab1'],0.405682841815593,0.2727700603885368,0.18314427117466917,0.43189848903972256,0,likely_human,1.0,0.2727700603885368,0.405682841815593
UCWKPZ3_pBmCgqtL7bZUsxUA,-1,3,1,"['655c5acfeb36bab5d370a0b82c620f93', '32207b245278c6494e4fa9157b057cb6', 'abd1286ffe9b7791e531a59aeb489368']",0.41329003540634374,0.27274734156863145,0.15126724675830683,0.5537367633966417,0,likely_human,1.0,0.27274734156863145,0.41329003540634374
UCK0IlKDKAs3UNATPZCX7fEA,24,1,1,['e55a0834ac95e7f01ce52f08fe1a42b9'],0.404125006316199,0.2727340249675905,0.17720462879701215,0.4540961118498053,0,likely_human,1.0,0.2727340249675905,0.404125006316199
UC6wg3TWQEz_GspA4sXaGkQg,-1,1,1,['42d5d3ff5bd78225d458f341ab1f6c38'],0.3676969868917008,0.2726768522296928,0.25729779403982406,0.5669347390352809,0,likely_human,1.0,0.2726768522296928,0.3676969868917008
UCesZllRBquffsvxAJTVqilQ,39,1,1,['f3a5b0e15d58be1313a8a6cab4d250ae'],0.4145497308032168,0.2726437953553602,0.16913005057061659,0.42602859388025854,0,likely_human,1.0,0.2726437953553602,0.4145497308032168
UC0kbGM3GWc9qgUgk9f271Xg,49,1,1,['6475788e5226f98cb22a1035991600b1'],0.44828154718477076,0.27262092655174164,0.12764863119296901,0.3200513581887433,0,likely_human,1.0,0.27262092655174164,0.44828154718477076
UCcD_8x_nZWrAUNJjNtKhZiA,-1,5,1,"['28865141fd2f9cfc97dd66d040438b3b', '5f07d068b25b1c22013020b93e8ea50c', '330e36d3909846e891b1cbae081f8aa8', '28bb9533ddc31a5aa722f778d0ef6bd6', '3ff31bb9f69d9e7a6162cfe108145856']",0.3938858859621579,0.2726035764760938,0.18705386135481547,0.5614781229435354,0,likely_human,1.0,0.2726035764760938,0.3938858859621579
UCvSdknes7CWqms1z9mlFXxg,-1,1,1,['c5791fb5e9234ecd757f386583f58846'],0.4373808790631102,0.2725889585573211,0.1423533195285163,0.4596528401795169,0,likely_human,1.0,0.2725889585573211,0.4373808790631102
UCkKO1iXODdNJ6hqmGOtCe7Q,-1,1,1,['9ae460ef14a446b6a5e5806a909d18eb'],0.4524163483410568,0.2725337066956745,0.13830203768478494,0.395360566767603,0,likely_human,1.0,0.2725337066956745,0.4524163483410568
UC382UTo_zc0SBFrERqmIFJA,-1,1,1,['3709b37d1a3f2de0caaf831a2b1bc328'],0.38095794454075094,0.27242327484893347,0.2130811990209432,0.5859456603624233,0,likely_human,1.0,0.27242327484893347,0.38095794454075094
UCdf4M7MbyzTtfX_-1AbJcVg,-1,3,1,"['6d9afc14e2eb36a168fc7f95f102676a', 'ae305d8cf76512ac988b2c5a8bcba952', 'caf9adf67729cd23d9b15e140ad7ea77']",0.38594518027763797,0.27241839405424956,0.1961682645398828,0.5762670642444411,0,likely_human,1.0,0.27241839405424956,0.38594518027763797
UCYSiE9OusdEtW_UuxikglAw,-1,1,1,['b2c226c9838c9ce21eaf5c0473dd02c6'],0.3952248712572658,0.2723991093808852,0.21052740962065755,0.5227448412103165,0,likely_human,1.0,0.2723991093808852,0.3952248712572658
UCAjHP2HBZCVKBwndrNfUj8g,-1,1,1,['7fa0a651517cc702436d24af9383342b'],0.4064803208121123,0.2723087991623122,0.19742862508247097,0.47911908018051375,0,likely_human,1.0,0.2723087991623122,0.4064803208121123
UC7kpvR1Sp3DGrTnMVu-drhw,13,1,1,['e98eca775154453a0dfb62e677ebcabe'],0.4201151205968707,0.27226941954520323,0.15462068426763817,0.38744964942848714,0,likely_human,1.0,0.27226941954520323,0.4201151205968707
UCKrsiva2s0vX_bKulF858SA,-1,2,2,"['434c9f0f8e27d7eb7a7eb91146d08791', 'b48045d29b041d1c4f504f2d9ddb9cd6']",0.43434471040649436,0.27225509050533364,0.1705126710798123,0.41382498878004204,0,likely_human,1.0,0.27225509050533364,0.43434471040649436
UCLEiXEEiM24CmsryDtUoJnw,-1,1,1,['c709e32bb67c919638cac866e7a7c689'],0.4233377673278329,0.27224860353787567,0.18137947356243406,0.4377205851169007,0,likely_human,1.0,0.27224860353787567,0.4233377673278329
UCTeN4kQlvdLHVXZDJr-hQRw,13,1,1,['e62f51b05f2fa718626e884c9818a248'],0.4310064698201069,0.2721974335222562,0.14124712874934336,0.3644215915809643,0,likely_human,1.0,0.2721974335222562,0.4310064698201069
UCbLadsYPkZ7YXBnAoiAr0Ug,-1,1,1,['076b0110c941b7386b1e1f373dbe514e'],0.449115644524462,0.27212894287685746,0.1300057309365532,0.43077318849614277,0,likely_human,1.0,0.27212894287685746,0.449115644524462
UCqlj0G1-oYEOWgIzFfUZcbw,-1,1,1,['e8818d90d16e8ff4226296c451ab70c4'],0.4354780899225634,0.2720342027057544,0.169424291300253,0.4023254907449053,0,likely_human,1.0,0.2720342027057544,0.4354780899225634
UClGOyXpVHyeVqCIdG-Yr6yQ,-1,1,1,['89793f0cd7f1fdcf1c66a6509b432681'],0.4057946877015314,0.2720210644163012,0.20731366610352392,0.47404801181021555,0,likely_human,1.0,0.2720210644163012,0.4057946877015314
UC-QoBV8jqLFzXCWS0K9o31Q,-1,1,1,['919c382ac202726bee24da73b49038ad'],0.39992596662228685,0.27180910446777284,0.1970768356823425,0.5003444802845521,0,likely_human,1.0,0.27180910446777284,0.39992596662228685
UCHWn1ObdEXTuOkPzQjHpuwQ,45,2,1,"['7b0d2dc096802c006cc6f0648861388e', 'b15782bc8c4b14020e5e032abbd8675c']",0.392567126026078,0.27173038658590276,0.15621042768520435,0.5313186315197979,0,likely_human,1.0,0.27173038658590276,0.392567126026078
UCoj65W_m3KC0PZnMDN2AWPA,-1,1,1,['7ff908b3eb3ac359301da2e309fd1226'],0.4631954439282401,0.27161962002596535,0.12371914091700217,0.3698716917321865,0,likely_human,1.0,0.27161962002596535,0.4631954439282401
UC0z2D_xBWlmAdeAuGJLdDmw,-1,1,1,['746f2a340b194c453c3efcdea592ce95'],0.39157546858928843,0.2716190636992661,0.21391914359111533,0.5082732197403013,0,likely_human,1.0,0.2716190636992661,0.39157546858928843
UCg7CiXEothZm35NJWLKGb8g,-1,2,1,"['9070b152c219d434466c35957e190c5f', 'd07d4539aa4f5ba45f65fe53c3eb56e7']",0.44266914838057386,0.27161080344872013,0.12776895970336127,0.4637758983384739,0,likely_human,1.0,0.27161080344872013,0.44266914838057386
UCi8OYgK7CSoH8qXinm0fqnA,39,1,1,['a8f90fb66ce323476cd2d0ed10aba7bf'],0.3967763334474741,0.27155181430111036,0.2032629739391242,0.4193239762413983,0,likely_human,1.0,0.27155181430111036,0.3967763334474741
UCzjkMxm9IPPEvzwKZfMqTYg,-1,2,1,"['ba917f062b4b06d5480751c996db7be6', 'b8a824b3591c2ac52bb10c517d406a97']",0.43767772673625027,0.2715149158213884,0.12299931286406013,0.48661397201489787,0,likely_human,1.0,0.2715149158213884,0.43767772673625027
UCpxBaWnpiApe9rHmUgRJhow,-1,1,1,['29d11d67e9e60ef5e835fe5794952f0a'],0.4214959172912708,0.2714270413150532,0.16543343606463815,0.47447765860561014,0,likely_human,1.0,0.2714270413150532,0.4214959172912708
UCJDswaXOLl-d4VuN60Km-AA,-1,1,1,['c2280209db1d09c96fa9d75ac95424c6'],0.43944151319632363,0.27139706160595967,0.1567199380559144,0.41068324655087796,0,likely_human,1.0,0.27139706160595967,0.43944151319632363
UCpfWvc2m3yckLPf0XUGlfrg,24,1,1,['5e2ca56539afe302a7929a43ad954d53'],0.43139640565208426,0.27132111431422595,0.13395758234342392,0.4096537387998985,0,likely_human,1.0,0.27132111431422595,0.43139640565208426
UCQwiKashQSpZkVC0OynwY1w,35,1,1,['b619ffea7104dfb3ba9b802ab76e2dcd'],0.4169851496317177,0.2711148565051643,0.15791580205136532,0.3547467110244293,0,likely_human,1.0,0.2711148565051643,0.4169851496317177
UCRpXRC30ayPKDRvr6wcGVjA,63,1,1,['d6846904076e84f5eca6787b1a78ba3b'],0.45404476596263577,0.27110277277763695,0.12190201466102273,0.32006324602030184,0,likely_human,1.0,0.27110277277763695,0.45404476596263577
UCRXtKKpn7VlNNSmnjmAaZ7w,13,1,1,['3cd8ebf32fa6fed04d13d530ce3db25f'],0.408502102493568,0.27108921232300637,0.1829082775487947,0.37573913355863203,0,likely_human,1.0,0.27108921232300637,0.408502102493568
UCFPZCMx2zMjSQhrDkuNKcfg,34,1,1,['58d33505339264008b63176fae2568c6'],0.41973205004846004,0.27107415817762404,0.144157329852879,0.36729624189558285,0,likely_human,1.0,0.27107415817762404,0.41973205004846004
UCh9zOCf6QNBhdUWNprco99w,-1,1,1,['b3d1cabf6f8b2348aea9673a02866321'],0.40140812585958197,0.27095302286645984,0.20729593236981436,0.4728873483871188,0,likely_human,1.0,0.27095302286645984,0.40140812585958197
UCQqcv0y-maAXqHTvwWxqNww,-1,1,1,['215050bb6fe76abbd920c8a560e39904'],0.4344952743600571,0.27091673892990803,0.16671777740763294,0.40849969743586273,0,likely_human,1.0,0.27091673892990803,0.4344952743600571
UCbRQgJBRuLW3jIdTos_-rBQ,26,1,1,['ce23df0cc921da7bafacca61d591a46f'],0.33964702034039435,0.27090180039562695,0.2250738009610228,0.597232808254953,0,likely_human,1.0,0.27090180039562695,0.33964702034039435
UCd0FE0D79RXOEKL0eEq4N8Q,-1,1,1,['ad5c7cf96b4618cf01467a456cdb6058'],0.42530337382306493,0.2708859565575833,0.17321001478536957,0.43640044768729086,0,likely_human,1.0,0.2708859565575833,0.42530337382306493
UChEFanzegbn8wiN-3twX2zg,-1,2,1,"['cd2e6975889a8495361fd8cdf72b628d', '7eacf8a55c827df08c77a6bf94f69e64']",0.4146416302867382,0.27086271455216643,0.18355158099412341,0.4572360584562699,0,likely_human,1.0,0.27086271455216643,0.4146416302867382
UC4hS9xn8lO-J6vfo5C0Vstg,-1,4,1,"['b7cb7a87998287efc3a9cc53a9c84d15', 'db9be799318aff46ed2047d41313e5c3', '424670be23700094ebc588d68f447d91', '6764acafbac2198d513cbb69be133f9a']",0.422811655117376,0.27074591447068885,0.15748064805449086,0.4777376312725011,0,likely_human,1.0,0.27074591447068885,0.422811655117376
UCQco2Iu_l-8S2sViqgPdrQg,-1,1,1,['19459f0b6d7dd9f4d442961e560747df'],0.43414911846253523,0.2706892030889446,0.174012155339161,0.3896440079959333,0,likely_human,1.0,0.2706892030889446,0.43414911846253523
UCqzeJcNs9xUaq1RGmDQXy_g,-1,1,1,['e161b0c491cf9ef138a90a7fd7c52549'],0.44725974440806093,0.2705509369044287,0.15108014744648252,0.3749442413300075,0,likely_human,1.0,0.2705509369044287,0.44725974440806093
UCTGne6xF1PH_a6VgIuw8OKQ,-1,1,1,['08122b666a27cc2660f3e7f069045be4'],0.4264957074388619,0.270453020023524,0.190698233468611,0.3825227543812508,0,likely_human,1.0,0.270453020023524,0.4264957074388619
UC8imZtAF0buqlVTH6w6h4Cw,-1,1,1,['5b36762e7716eca9c4c3e81d63367d20'],0.4235514806197056,0.2703806346110321,0.19249017746350838,0.4239941937869934,0,likely_human,1.0,0.2703806346110321,0.4235514806197056
UCCOJlwyZ6M4_VNPGAggxruw,-1,1,1,['1c27825a185b4e375f34b06478a1e22d'],0.4087147399077249,0.2703418455948434,0.1796917112452294,0.48447524777618634,0,likely_human,1.0,0.2703418455948434,0.4087147399077249
UCsF1DnT-8en_fZiMYp_ArmA,67,1,1,['2a18fe6edace69c72c47602e416e339f'],0.3887509569848291,0.27014366480470287,0.19653806226674972,0.42455482493648355,0,likely_human,1.0,0.27014366480470287,0.3887509569848291
UCbZFqx3zOO5jzvwQOQq_NjQ,-1,1,1,['69c15fe0dfb09ea2facdc8bc44936f61'],0.42193905216245864,0.2700641555041559,0.17744523219518119,0.42804736773673197,0,likely_human,1.0,0.2700641555041559,0.42193905216245864
UCC7ZZ6AAWs4LHOZgUabfMhA,6,1,1,['a38ddccb4e70554df15366bf9c0200c2'],0.40595374707528836,0.26995839064091925,0.18749931610481294,0.40280971548277583,0,likely_human,1.0,0.26995839064091925,0.40595374707528836
UCObSGiTmuWPJFVi6Xpd6cHQ,38,1,1,['f7384cf6f3be651c3380749949c2810e'],0.381625650454544,0.2698865291751626,0.1725315597417064,0.4371853098783638,0,likely_human,1.0,0.2698865291751626,0.381625650454544
UCKQwpfig6T04joWqC2_HvFQ,-1,2,1,"['4ddf9f0373b21707959ed485e6cf6aac', '4c6698880b4054949514df2a301b46a4']",0.3908366115500317,0.2697521777428119,0.174439870774303,0.5729304496633263,0,likely_human,1.0,0.2697521777428119,0.3908366115500317
UCWOW9nXbn1mO0UkQSGkrLeQ,-1,7,2,"['face3bb1ce6d929ae0029593b1233db9', 'be371619b182dd0e21e1cbaa6a82785e', '05bb64732e159be117d515172d3f5dbd', 'fff35ba9859e86729976fdae45976414', '356c1f3ec05a539a8fe9e074ba787e35', '7828f9f3073a94db84ca5023702f3e35', '16135326becd867d3d5343aa936423a5']",0.41068464250300557,0.26950459838879093,0.14870297752241196,0.5389206366034776,0,likely_human,1.0,0.26950459838879093,0.41068464250300557
UCA7f5qzRdOb1Xf8OiVlPvug,-1,1,1,['57d6e4898609c8eaa0e7095b464b112b'],0.43852966553719447,0.2694828387487043,0.15589937073274932,0.4119225735760494,0,likely_human,1.0,0.2694828387487043,0.43852966553719447
UC3QP_ZDjHLjj_jxsTOR_d7A,-1,1,1,['0334626baacf84eccd6e0cb03cbd24ce'],0.4488793276237619,0.26946776211100204,0.12080085576817166,0.41842315121709406,0,likely_human,1.0,0.26946776211100204,0.4488793276237619
UCyDoZcHQAcx6EmdjKK50JLw,-1,1,1,['533362257adf4ea97bae64947594c6bc'],0.4224717615535049,0.26944029969113975,0.16586059894512428,0.4495190759242456,0,likely_human,1.0,0.26944029969113975,0.4224717615535049
UCLeSSatpJ9-I1mAfrWbMODg,-1,1,1,['ee8db9072dfb19edcef84ecb8b8875bd'],0.4303898820376733,0.26929953006154433,0.1754657949142256,0.39633013060722344,0,likely_human,1.0,0.26929953006154433,0.4303898820376733
UC2arOYlRJOw_3L58Ygs9U1Q,43,1,1,['393380fce28bd3f1d6792957bcf8bdb5'],0.4251446570136348,0.26927318269850875,0.11918477905419449,0.32213208242709257,0,likely_human,1.0,0.26927318269850875,0.4251446570136348
UCb9BIXjzeMCb8pSCv3wTCUg,-1,1,1,['8794c989d760c875f21b71a4bc1cba21'],0.4040011602470801,0.26925847835246514,0.20317740083882782,0.46021276403273875,0,likely_human,1.0,0.26925847835246514,0.4040011602470801
UCa2x-ifN-0XlOn7y6jzvXMA,-1,3,1,"['219388e2937bc9b4d11a0d84fbb73d6e', 'd848e207bc13a3e66acc34505f094cc7', 'b4d79966f6c25ce6404e317fcbb7e48e']",0.42155857739009167,0.2692204584200029,0.16974624051434303,0.4400012598222566,0,likely_human,1.0,0.2692204584200029,0.42155857739009167
UCYAtW2xXlR23de1UcqpamSA,-1,1,1,['26667f26b3aa1bd54dc94cbe47ddff4b'],0.4240652280413965,0.26919107485384886,0.1658483990867583,0.4357815543682626,0,likely_human,1.0,0.26919107485384886,0.4240652280413965
UCZxM9P_HHiBCuRTszAmC4ew,-1,1,1,['10f5e80a0e9e3a89b91ed3c1f22f1d2f'],0.3994489345681247,0.2690710910583891,0.195367657207425,0.4936918391031494,0,likely_human,1.0,0.2690710910583891,0.3994489345681247
UCm_PR4oVL-yyehwIsblNtmA,-1,5,1,"['ba0cd286019011ea9eebaadd2dfc7a5e', '45340565666c010f10ac101baa7a97e7', '4ce007681d0dce80cbf3d99563614866', '2457bebd2e6f22d52c27f39df46ca31c', 'f863c4de14a69f1d3a88adb7206d13d0']",0.4069572923955119,0.269047685312664,0.1712257178387058,0.500917779699443,0,likely_human,1.0,0.269047685312664,0.4069572923955119
UCN1kX34IOPrcbEyobG8mq9A,46,1,1,['477795ff77dcbf390ed07b017e7e745a'],0.43597330430153236,0.26903124684003876,0.0876525449312842,0.384206950373224,0,likely_human,1.0,0.26903124684003876,0.43597330430153236
UCMKQeBCAUMiqjp_6g7ePG-Q,-1,1,1,['86e508e596b0e9546e3d52e06c732b3b'],0.38307164418088374,0.26886085439657037,0.22809994962747127,0.5113425692837686,0,likely_human,1.0,0.26886085439657037,0.38307164418088374
UCpvw0nD3fQWUtye9lAeH56g,-1,1,1,['4c80088bd6185f5e7081fa984a3a28b3'],0.43818837103713254,0.2688594042905963,0.13981596804726606,0.4181868534319218,0,likely_human,1.0,0.2688594042905963,0.43818837103713254
UCXj_fzZpAWhJYo53I_uR4hA,-1,1,1,['5cf45a770aa202bc76e78dd9b9c92e2f'],0.4552525145975467,0.2688222581028299,0.12506903990538332,0.3763445428106762,0,likely_human,1.0,0.2688222581028299,0.4552525145975467
UCYGUC5g_ygmA866qVgH8ZOQ,-1,1,1,['499c76013bc8f6b21681f27ec2719d2a'],0.4284743141397782,0.2687884548132915,0.1662868552142325,0.4165229868841513,0,likely_human,1.0,0.2687884548132915,0.4284743141397782
UC0vwa66xRWRbsUg2aAoHIzQ,42,1,1,['d6fab1a69f6ce2e40397f9931ef08ae2'],0.4346365439937951,0.2687607633279347,0.12631571597617283,0.36921731920059475,0,likely_human,1.0,0.2687607633279347,0.4346365439937951
UCFM8V_8DgM-NQVu8hU77Gwg,-1,1,1,['32b2366cea48e7da0635d0825436c1fc'],0.4171123521505155,0.2687564461367181,0.19080467821034516,0.40892542975585766,0,likely_human,1.0,0.2687564461367181,0.4171123521505155
UCRTrMe3_Awuih01r3hpr3pQ,1,2,1,"['2e67eb9a37d56596480b0c9322fd0417', '0e725bd675f54f923ce8c36b5ec223ad']",0.4095535559680633,0.26864509775959683,0.1523457905681659,0.41534996974410326,0,likely_human,1.0,0.26864509775959683,0.4095535559680633
UCBSAKLB-c_oManEJjmT9vfw,60,1,1,['32231476ab4df145c64e20eb04985841'],0.4121576236499522,0.2686084230435974,0.14290618138640326,0.439442381788288,0,likely_human,1.0,0.2686084230435974,0.4121576236499522
UCH2BsoJgBI7-IGIAvVFMBpA,-1,2,1,"['8dc9082138788dbeed62e6bda93c78a0', 'e24c0d68703e619e2f3e8a02507b85be']",0.3951746571561548,0.26855210719530015,0.171436493853581,0.5486486361226028,0,likely_human,1.0,0.26855210719530015,0.3951746571561548
UCjq7IDWM-1aYMNM-UErNacQ,-1,1,1,['e33dd9b709de94ce54eee05d67bd9956'],0.36646611409760277,0.26846103652358805,0.2056137638323606,0.6053485808329292,0,likely_human,1.0,0.26846103652358805,0.36646611409760277
UCCE84flXnIZlJGYyoeYm0Fw,-1,1,1,['860d032ef18e0ced45096dd120256f95'],0.39309398768419557,0.26843773345179917,0.20449652677112556,0.4909357073781007,0,likely_human,1.0,0.26843773345179917,0.39309398768419557
UCtAGTy02pD1iVWcXaHz9QLA,-1,3,1,"['19230696a0941bbeb31577ed3c1473ed', '66c69978b04a22c38a7944c24f742fdb', '1f623830e2b0baba3bfa882d44ff6b50']",0.415474544446699,0.2683234305701737,0.1671059008308401,0.46197585980090594,0,likely_human,1.0,0.2683234305701737,0.415474544446699
UC_ZW4nbHwymfiD0oQYbf3KA,-1,1,1,['1c4b4b8cc09648822eb0b66fcd902dc3'],0.3942077012871247,0.2682960603329416,0.19952240770240065,0.49279350871497135,0,likely_human,1.0,0.2682960603329416,0.3942077012871247
UCUWIhAOVWv8U1wIg9F5FrXw,-1,1,1,['13d6e4c69749e43853604b988c723f97'],0.43234641641855986,0.2682746553434292,0.16942839046303285,0.386846779386165,0,likely_human,1.0,0.2682746553434292,0.43234641641855986
UCUlGUkYCWFIPOWc4vM-rR7A,-1,1,1,['0e81ec9298e81439ce5b773049b9f61f'],0.4227260799133854,0.2681792192394537,0.16341303270425594,0.43481625803300045,0,likely_human,1.0,0.2681792192394537,0.4227260799133854
UCHhy53KqcH-SCMl2oeANxBw,-1,2,1,"['5812ec30afff63014fe6485986729831', '4988f72303dfac605923364957461259']",0.40403889389715436,0.26814175469690943,0.189394530682658,0.48084498623543376,0,likely_human,1.0,0.26814175469690943,0.40403889389715436
UCFHv65dS4zeQswsbSEmHauQ,-1,1,1,['a00dd66897230fb763bf45d7ca9fa32f'],0.3928637562210127,0.26810522881741583,0.1648192879348504,0.5733389481466917,0,likely_human,1.0,0.26810522881741583,0.3928637562210127
UCZEz846YsD5enxyuGDYa9-Q,68,1,1,['fc6c94702805f2a137806fcb644c4685'],0.37198725630640533,0.2680453076649522,0.18694978434877643,0.4720332332083362,0,likely_human,1.0,0.2680453076649522,0.37198725630640533
UCR6SPvkd-ejn2pCxRV3PDvg,-1,3,1,"['d50a405b162a530d7804880ac1539e51', 'a15fb15ee41f7b881057c5a2cfc118a1', '309ab2893b37c6764bae823cbcdd0d36']",0.38854333487373355,0.2680304866255165,0.16604821665877703,0.5844669380791063,0,likely_human,1.0,0.2680304866255165,0.38854333487373355
UCRLnvLn-3iNp_7v9j7sUNiA,-1,1,1,['ee1352dcd63a209bb997850ec586a9cc'],0.4321184265494399,0.268028278173355,0.16421245739362675,0.39327766341126,0,likely_human,1.0,0.268028278173355,0.4321184265494399
UClg8yqkCdU08gDcy4HDA5kg,-1,4,2,"['a4a7b772087a0b5c1812974a7eed3e3d', '0bf73d21d77a18db9d76828aa808071e', 'c8c8d25c6bf0a6be5b42b03d77a59cf3', 'f1bdc5d85db632aeb8820368bb6f9d74']",0.4158262452808099,0.26801950280453635,0.11380463083636065,0.5744792698112768,0,likely_human,1.0,0.26801950280453635,0.4158262452808099
UCluhTevgKYVDAeJlCfEeYbw,6,2,1,"['bb7ba1e3cda536cfd5c74e1ab2fcd093', '8f17c995a1e62593697bbabf37733145']",0.4119600649635672,0.26795081181383196,0.16620820151027016,0.40040124857864556,0,likely_human,1.0,0.26795081181383196,0.4119600649635672
UCPoptHd-JgzKhTGSjf11Ebg,-1,1,1,['7604cc00b5a6b30a754d2ab8789c99c9'],0.39606496280126136,0.2679347532550075,0.2034511324209503,0.4732881781107081,0,likely_human,1.0,0.2679347532550075,0.39606496280126136
UCjpLHyR0XNFLG9PZsDLSe2w,-1,1,1,['eae38976cfe5555ba805fc4092d3b27e'],0.4128977371025302,0.2678257375554348,0.17951709098658564,0.4400577418271959,0,likely_human,1.0,0.2678257375554348,0.4128977371025302
UCEmEHlM4Hg7cG6fz8e4nOIQ,-1,1,1,['d0918f000ad6d2f648eacc91f9a6e9ee'],0.4266872673942032,0.26778949085358844,0.14779163573298015,0.45265524192743034,0,likely_human,1.0,0.26778949085358844,0.4266872673942032
UCwjhUspSQ_LYD-0s4HXiWMA,-1,1,1,['5187b40400464ee9592468249baa8642'],0.46707785267024843,0.2675662688838901,0.11121910458668591,0.3378220445986112,0,likely_human,1.0,0.2675662688838901,0.46707785267024843
UCfSBaAA2CHybv1x2rSzYXAA,-1,1,1,['869bae16dd235046d44557bfeb118d98'],0.403197258848125,0.2673764295714327,0.19997050006348766,0.44082711358292426,0,likely_human,1.0,0.2673764295714327,0.403197258848125
UC-QIg7QxeliS8GGhDCgmqmw,2,1,1,['5517a80caf53b420df5c3fe88dfd3f49'],0.4177640654537993,0.26733781535013273,0.15498810767797405,0.39605526990552875,0,likely_human,1.0,0.26733781535013273,0.4177640654537993
UCDg1jn0HmcGxnt4q6b1i02w,-1,1,1,['3ea14b2d1ad7b9a52883496912871ed4'],0.388554903175207,0.26722843375147726,0.20235966906215339,0.49731356594080806,0,likely_human,1.0,0.26722843375147726,0.388554903175207
UCNO367Iyb8RxY7YqTCGz9xQ,-1,2,1,"['6d141dcd2847c4599ff6f64f09628a2e', 'd3a8990f0f1d50d0dd09bdadfa14c696']",0.4090058999820597,0.2671168461217031,0.1806760448169707,0.45316505364926585,0,likely_human,1.0,0.2671168461217031,0.4090058999820597
UCgctZngToMGlfc0V94HW1dw,66,1,1,['8ea847fb3dedecf81d7561acb3e71083'],0.4221771187890905,0.26694722519998176,0.11199647386027012,0.4370508761720162,0,likely_human,1.0,0.26694722519998176,0.4221771187890905
UCppAfqzC7Rc0qRPgyYrNgCA,-1,1,1,['71f3b75686a67acc05f59eb3ad91c32a'],0.4177167101580683,0.26693866417984424,0.19067825637762448,0.40250376677051597,0,likely_human,1.0,0.26693866417984424,0.4177167101580683
UCNeUoigo5PpE7jn_wz4ORmw,-1,1,1,['96a9078a64b2101ea226957ebc9a808a'],0.4098930778987212,0.2668897327572865,0.1833304600533575,0.43665786732189416,0,likely_human,1.0,0.2668897327572865,0.4098930778987212
UCKey20totl_t6Oiu0RZ1YFQ,-1,6,2,"['1818d760b852fd4e164ba69765c29216', 'a777dfeda1f3462443ee8fdad10cf5f6', '8abe95a36fd19b40219dda473c299807', '2fbb2a8b23312e61ff734716705419aa', '7847ab95c72a2d4ce33ae5fd71db0140', '2a56584c78b78d710aa231785391c638']",0.38838257283751715,0.266783542251342,0.12118557176278434,0.6703546079398206,0,likely_human,1.0,0.266783542251342,0.38838257283751715
UCMt30rzhJLXqzVGZzby-4wQ,-1,2,2,"['6165f7160c0b95cff4893ce7ee920445', '6bb1a2d684d2b8bc22dd765bd4168267']",0.3752416244987491,0.2667280813878757,0.20722536644239056,0.5498871657622535,0,likely_human,1.0,0.2667280813878757,0.3752416244987491
UCdO75BAA5vaHHZU2kZKlnFA,40,1,1,['ad5d8b9a56d32d0d6bbeaf54a32b0661'],0.365949828477099,0.2666938683892187,0.2093346848012291,0.5045609329775742,0,likely_human,1.0,0.2666938683892187,0.365949828477099
UCJSBPU9bzShM1Vs5WC3kbRg,65,1,1,['cf78f934290f8ad8c13a2216cf630555'],0.44524122731056737,0.2666798413964041,0.11696032224317247,0.3229286569382732,0,likely_human,1.0,0.2666798413964041,0.44524122731056737
UCtKnBGWANjWKY0_jYQUNX4Q,-1,1,1,['687059cd8c2c0118b5743ac200d5326e'],0.4075930393044352,0.26666532236763413,0.19475090653726834,0.4491980198941639,0,likely_human,1.0,0.26666532236763413,0.4075930393044352
UCIXKGIDQilq3-fVNZy45yJg,-1,1,1,['2384639701fd23fa56934094edf96b29'],0.440542906752855,0.26663042061692327,0.1529492825305183,0.3601341243482123,0,likely_human,1.0,0.26663042061692327,0.440542906752855
UCBPdkV5FsuXI0tH9fKbERpg,-1,1,1,['e1f03377637535704f80c705e43a5a0c'],0.4703738036800476,0.26653158677554234,0.08710388603231611,0.3653678708150175,0,likely_human,1.0,0.26653158677554234,0.4703738036800476
UC0Jne90V2SbFx85Y8o2-ziA,-1,1,1,['f27fa3d9c74b1d8ad0e01ec20f7ca8dc'],0.4092971525776411,0.2665195284337101,0.18757596484150163,0.4253307308043067,0,likely_human,1.0,0.2665195284337101,0.4092971525776411
UCRM_7yPpl5DGDV_8rygdTWg,-1,1,1,['5897f79b429d6aa74fd5bed0ea578b3a'],0.4309268647573657,0.2664242753846101,0.14871981979290794,0.40730041910590575,0,likely_human,1.0,0.2664242753846101,0.4309268647573657
UCEy0zZUBzcQZfCh1K-DUamg,-1,2,1,"['6349f848303076812014b102721d8cf8', '8072ba57202fc9906216916c83a3850c']",0.3979730771780642,0.26639871992313635,0.18271349353770885,0.495565367285992,0,likely_human,1.0,0.26639871992313635,0.3979730771780642
UCp3CnHFB0C4ME4in6YZXeXQ,-1,3,1,"['677492f2211894b9273ddd8d901558e9', '86093e4d918538633a82a2d8690c31ed', '81c5bce82864efa65e5af9361f00c850']",0.38355158348765434,0.2663841053189546,0.19292886783929455,0.5377596309433349,0,likely_human,1.0,0.2663841053189546,0.38355158348765434
UCIGc_sh0uWZR0W2sjuC9Qgw,-1,1,1,['ec6af15a2030b6429c695268b2b8e54a'],0.40442224592227255,0.2663813764390514,0.1701236212508826,0.4984892586853848,0,likely_human,1.0,0.2663813764390514,0.40442224592227255
UCHibz4GFruWiwJ3bKs_dQZA,77,1,1,['6737af2d68023620b1940d0bd272d4b9'],0.3845220990649755,0.26634649247372827,0.165762710802546,0.49051358956841973,0,likely_human,1.0,0.26634649247372827,0.3845220990649755
UC_z-M8C_eUHFc8UC5BNnr3A,54,1,1,['01df3a0bacce4842d39fb3fb6809edc1'],0.48235318258743926,0.26634083116333834,0.0642337563628187,0.2585832818249216,0,likely_human,1.0,0.26634083116333834,0.48235318258743926
UCQ19NKU8R8iP4dqzv-KbAaA,-1,1,1,['9654d85b6307bc5fd5fac42924138763'],0.4246508951569939,0.2662734589306134,0.15399649137257665,0.41799264417894105,0,likely_human,1.0,0.2662734589306134,0.4246508951569939
UCbk6fqksvhIie0_pU_mDOnA,59,1,1,['df664497a6649a45aea6e00ca21360bd'],0.41117145953979106,0.2662160138437393,0.16178624932778912,0.38435776904816665,0,likely_human,1.0,0.2662160138437393,0.41117145953979106
UCH3qGRoqmWrw7e0dAxjXacw,-1,1,1,['08b36b2790550986075dc581fb7d5f77'],0.4655741863881051,0.2662037299410114,0.091738729287957,0.3696718353303473,0,likely_human,1.0,0.2662037299410114,0.4655741863881051
UCyIDkeJJJjZ8k097bSIYLIA,-1,1,1,['c36634a3799c7bc989fb08214e330681'],0.4279209065989311,0.2660404519457218,0.1597464374275887,0.4093746513933162,0,likely_human,1.0,0.2660404519457218,0.4279209065989311
UCJa7u8qchf9par8HS9TQofQ,-1,2,1,"['9d14145ee0694a499b2c1effefbb0ae7', 'f8e0e1729e258fed4bc47d5ee21e0fef']",0.4612943328478196,0.26602904496848934,0.10896451621570814,0.34821370318051953,0,likely_human,1.0,0.26602904496848934,0.4612943328478196
UCayFVqYlfMdAFsFFGd8E5Lw,-1,1,1,['9a721f038ac43484dbd048e9e1e35127'],0.3979751916017904,0.2660167836010757,0.18234279398942452,0.48499206298349257,0,likely_human,1.0,0.2660167836010757,0.3979751916017904
UClIzhCtwNga1gc7y2njaLxQ,-1,1,1,['f5563652facc7118fdff75b9b3db11cd'],0.4096811372619833,0.26598508671276355,0.15767986746368898,0.5039826221962255,0,likely_human,1.0,0.26598508671276355,0.4096811372619833
UC87QrYltW5kAEz-UyRR11Tg,-1,1,1,['c9ff5374084db8eee4ab0d4a99022a64'],0.4313759101554974,0.26594857394968185,0.13986461109218265,0.41247643933592204,0,likely_human,1.0,0.26594857394968185,0.4313759101554974
UCTha-aeq_QUUdOuW3_YFbvg,-1,1,1,['9ca9267a8e1c38da0c7e8f4620971829'],0.40206448574815606,0.26578428798130577,0.19401592166624104,0.4494480970870954,0,likely_human,1.0,0.26578428798130577,0.40206448574815606
UCcZ3td2fGN8x1H3c7o75ZZQ,-1,1,1,['bd057348909af10c91d019e759335a8f'],0.4335458652526975,0.265652224884704,0.16113715252673066,0.36383011377206,0,likely_human,1.0,0.265652224884704,0.4335458652526975
UCRFCYYp-MXHPGjKMeua4Xqg,-1,1,1,['a50d5d912cec71a4788b14164135f08d'],0.4348267263856346,0.26558752900906507,0.11966500769965371,0.4517500936671974,0,likely_human,1.0,0.26558752900906507,0.4348267263856346
UC5cg1AMc4XPEOgL8s7SC0Ng,-1,1,1,['365585b8a67cecef542682fdcd57d8df'],0.3924109902351126,0.2655776215663471,0.16965606012724677,0.5370275003818447,0,likely_human,1.0,0.2655776215663471,0.3924109902351126
UCiFpnsHgl5hZ7tGnl1A77Tw,-1,1,1,['56133e811d8945eb79ffd9c3419fc962'],0.3856658737533238,0.2654328129021562,0.22021771750389096,0.462722261053905,0,likely_human,1.0,0.2654328129021562,0.3856658737533238
UCtf-taFQfPflj_3WiIjHGug,-1,1,1,['6bdd14dedafa7f3a8367faee05469f8d'],0.4193391934937942,0.26538989291316417,0.17243879364725354,0.42760761776564293,0,likely_human,1.0,0.26538989291316417,0.4193391934937942
UCV5Sbtce4RGak0wT-3G_LHA,58,1,1,['2cdc3162cd26a211618e0affdab5fa1a'],0.43826776217416286,0.26530959552769906,0.1081189131730998,0.300150481805155,0,likely_human,1.0,0.26530959552769906,0.43826776217416286
UCYJB3AdMFwoqzfqHSQOvmjg,-1,1,1,['18796a3deb4b72bd34f3048b67467ced'],0.39785137508451446,0.2652769929231156,0.19959656556864497,0.4461741387405863,0,likely_human,1.0,0.2652769929231156,0.39785137508451446
UCVLSNttbfMtzFESh4XmXDfg,34,1,1,['ecd4ae0f34b2035e78773bef289ddd7f'],0.38893468280575644,0.26520193476201676,0.1728841394430744,0.3956949143687848,0,likely_human,1.0,0.26520193476201676,0.38893468280575644
UCjAb9PECpot75KraNH2H-nQ,-1,1,1,['23b21fe602fece3c9cfeb0832b8ac319'],0.45955712497637385,0.26519098179857953,0.12046501150989897,0.3346889475170957,0,likely_human,1.0,0.26519098179857953,0.45955712497637385
UCPGAkxdi3YBCKlTcY0cgFxg,-1,1,1,['b6e69a4d2086d7b09f5b510f28f4c7fa'],0.4387687318082645,0.265155279221169,0.1405575452443374,0.3750423736155538,0,likely_human,1.0,0.265155279221169,0.4387687318082645
UCJQKHMwb1Vzfrz59meNnG7Q,-1,1,1,['5640e617e594f32cef5b1387fdfefc13'],0.3896967015204232,0.2651200154498424,0.16015387622124014,0.5687100864623311,0,likely_human,1.0,0.2651200154498424,0.3896967015204232
UCIZPOOqAs9TpL-rIds5Ej2Q,-1,1,1,['f4b8849823cda914889b1d5df5cdacf2'],0.38493018619208563,0.2651130555176342,0.18613059946298555,0.5475676825198041,0,likely_human,1.0,0.2651130555176342,0.38493018619208563
UCj-VSksZ3KkN9GeS8gFGolg,34,1,1,['5ba404231fb903c76dba012dbcb529f9'],0.43074682029795175,0.2650874141047428,0.12353949947900238,0.3042922425484048,0,likely_human,1.0,0.2650874141047428,0.43074682029795175
UCBTkIvYSZuzf0uFKDFa-_LA,45,1,1,['7d7ad514f4b4a4a592326dfdbb7a8244'],0.42727777355954594,0.2650539423713858,0.14309438615068848,0.3353634770308618,0,likely_human,1.0,0.2650539423713858,0.42727777355954594
UCOWXz88XBCezFdNJITdVo_Q,-1,1,1,['31a1c0a9b85a32024469237aa106fc98'],0.4375763488543124,0.2649929351959589,0.16441684520693958,0.350883195870188,0,likely_human,1.0,0.2649929351959589,0.4375763488543124
UCzdKquJB2GNQjJ0KunLHCmA,-1,1,1,['50ea0c36855454a0f9227f77b0664bf1'],0.366288512727613,0.26499105635017506,0.21871920543918438,0.5503818901914854,0,likely_human,1.0,0.26499105635017506,0.366288512727613
UCGTJbZ9ONLnF1wT6YGd9Auw,-1,2,2,"['48b0199a54a2649afa941578fa0502a4', 'd11ec8c51f87f13e92e5fa3a7b8d01ea']",0.4024365555792822,0.264959696375837,0.1893020916901513,0.44704269356002213,0,likely_human,1.0,0.264959696375837,0.4024365555792822
UCXK4YvhqvGWOTOTNMyYL94g,-1,1,1,['27df676385408fe836ca5403e818f353'],0.42004869941147943,0.26493385927718327,0.16642807143358873,0.40749127875663516,0,likely_human,1.0,0.26493385927718327,0.42004869941147943
UCWYv-hPpl09fZEeKv8yWR7g,-1,2,1,"['0483da4b2fd5baa061df19b8cbb2d658', '306e437dc7f8e9d4e6da0466ad043fae']",0.3994387979678242,0.264870172804028,0.1688374408777193,0.4893673562339981,0,likely_human,1.0,0.264870172804028,0.3994387979678242
UCqhxEirRs1Zo4rU9mxHiLsg,-1,1,1,['36e7ab81dd4f8c746db7690bccd7fa5e'],0.3846237795110014,0.2646919607857562,0.2046386305991477,0.49021710681032743,0,likely_human,1.0,0.2646919607857562,0.3846237795110014
UCoY6D3zqLztpxjqS1rgGp_w,-1,1,1,['0c0f48d281fa85c6be74d2c760fbaa62'],0.3928658792013908,0.26468109469848006,0.1858561396330757,0.5035088873497826,0,likely_human,1.0,0.26468109469848006,0.3928658792013908
UCfKyuOzUhwzGhzBBLIogGLg,-1,1,1,['779cb657f904061fab12f860aed4864a'],0.41347309577875746,0.2646708625125464,0.17750885151572018,0.418761964987554,0,likely_human,1.0,0.2646708625125464,0.41347309577875746
UC2K2fZC7AVKpRn5MFaqIfyA,50,1,1,['8afa1ee8ba0490958217ec56bc085cd0'],0.39757402091904803,0.264545759249132,0.16655818981846296,0.4082728989577953,0,likely_human,1.0,0.264545759249132,0.39757402091904803
UCrod9DLIVXGHeIcq63B-OVQ,-1,2,1,"['539785d4441318338e4516bc9ed0c4a9', '108b01999a6b602a45fedd4db5d1c95f']",0.4324773455811604,0.26453469604616675,0.12300810929190216,0.4416695562938419,0,likely_human,1.0,0.26453469604616675,0.4324773455811604
UCszlohf_muJSJAsRZ3du9Fw,-1,1,1,['f4bfef28e57fd3e0f16cfe7d5f62ffc7'],0.43448749751658433,0.26445858504028735,0.1475908005299521,0.38759027687410436,0,likely_human,1.0,0.26445858504028735,0.43448749751658433
UCVGxZO1G53hE8y8k00ahapA,-1,1,1,['3c277d4c61f0c08eb843458d1c602413'],0.3806049128365425,0.2644108495933865,0.188538242498523,0.5352301621226608,0,likely_human,1.0,0.2644108495933865,0.3806049128365425
UCgzck7aOzVCPUf1bsDh8R5A,-1,1,1,['ffd30a3754eac9705caff6e336933653'],0.4035639614109312,0.26439902464238585,0.18459899939727725,0.44542479466000295,0,likely_human,1.0,0.26439902464238585,0.4035639614109312
UC6i_xLK7BWXg1Mx5UNY94kQ,-1,1,1,['a86c7e08027f24c1f1e0764b6b295ba6'],0.4188166528876568,0.26426950863046567,0.15471510488150858,0.438173589304346,0,likely_human,1.0,0.26426950863046567,0.4188166528876568
UCIeURl4usdr3c6x63aRQISQ,-1,1,1,['62d0626c692b62f67784f6efe614feff'],0.4302368952619222,0.2642054221138527,0.1662577758164104,0.363201135125318,0,likely_human,1.0,0.2642054221138527,0.4302368952619222
UC3o8Xsw5Go5E3FU17dLlJ8Q,39,1,1,['56bf75ca219ff7e2797c7e35b49b9063'],0.4091455631437605,0.26417666415365665,0.15002428047630503,0.3925679966030788,0,likely_human,1.0,0.26417666415365665,0.4091455631437605
UCfrSpBYlc7Zg4IIjvoMNMsg,-1,1,1,['d3783d420181514badc829745c73f8f1'],0.42089418423366975,0.2639741741473385,0.15711303330316198,0.4164419307999797,0,likely_human,1.0,0.2639741741473385,0.42089418423366975
UCu8yhbuF_ncNzTHUVcw0rcQ,22,1,1,['6493f0a1be1d46e9f15cd8592290d0aa'],0.3930838227989337,0.26388025289804695,0.16200541300831836,0.43550852478599267,0,likely_human,1.0,0.26388025289804695,0.3930838227989337
UCL_HmsXqD0Bjj-41MQaP1qw,-1,2,1,"['894ad45096135883c14853313129802d', '8f883029b7c341fa5df418d70b9092c4']",0.38222830476555925,0.2634339904171678,0.1862371486704914,0.5277601804541783,0,likely_human,1.0,0.2634339904171678,0.38222830476555925
UCAohOKFoOYq1eFCOJYJzqBQ,-1,1,1,['ba2d17be8f125852ead7c8824031a739'],0.3894178484625595,0.2633225638613195,0.19781189617489914,0.48904165693038004,0,likely_human,1.0,0.2633225638613195,0.3894178484625595
UCls6_y3uRnFuD_Lm1yJOmxg,-1,3,2,"['cca9677d5f43e52c45e351a3107f7f7a', 'd101ceb7d26e6aed4cb8a598ef9a15ea', '86d953e70f67470d5cfacbe5aef8b559']",0.41502846367767154,0.2633139175835439,0.16042761362582428,0.43661173383420315,0,likely_human,1.0,0.2633139175835439,0.41502846367767154
UCPinhXHdLvvpKSc-IYyuvnQ,-1,2,1,"['2bfb1428c09963203c8d0dd504f8a2a4', 'c0d263751750b7c2ef0d21010693ad5e']",0.39526760253869225,0.26316312817348597,0.15839508054981097,0.5289924202683313,0,likely_human,1.0,0.26316312817348597,0.39526760253869225
UCEioiIdnuSu2NDUyJl4QR6A,-1,1,1,['03db4893fea893a91660641151eb3e6e'],0.3937030965349738,0.26313524347886524,0.18140107018643528,0.4800836709734013,0,likely_human,1.0,0.26313524347886524,0.3937030965349738
UC75-vaybAjzBcYPCX-yYJZA,-1,1,1,['69f334eb134aae2300763c9fadf2a9ae'],0.41257357032577385,0.26313407947790124,0.17863519746800177,0.41842315121709406,0,likely_human,1.0,0.26313407947790124,0.41257357032577385
UCvCCUZdV7XRKN4ly-fTttPg,-1,1,1,['db332c6de842ba6eb4ab937716ac293b'],0.39317958462841907,0.2631305770986323,0.1687069612777391,0.5170792054551105,0,likely_human,1.0,0.2631305770986323,0.39317958462841907
UCGF3QBosPqFw8vclO0iFyyQ,-1,1,1,['4183b642cbceb1c583acbd60d3f64641'],0.4204300317844847,0.26309016959793385,0.141261110320283,0.4344860408485687,0,likely_human,1.0,0.26309016959793385,0.4204300317844847
UCciBHhAty0lwHgN-SIu9b_w,46,1,1,['dbc50a1bffec59ad9080ba57251eeb21'],0.3869431619256858,0.263015874913062,0.1439154685968495,0.4281295219629176,0,likely_human,1.0,0.263015874913062,0.3869431619256858
UCm3tNGwZGnD4--7KFiZlFcg,-1,1,1,['385a3fe322ae234d7000dc4548e13168'],0.44246477144556995,0.26291235464336776,0.11088460444100959,0.4068674060495276,0,likely_human,1.0,0.26291235464336776,0.44246477144556995
UCGQO3h52WMG_6wbGNwZ7YIQ,-1,1,1,['5be471ae31d8ebae5ea872ccbcaeced6'],0.40612571725677993,0.26283660884494986,0.17697051723088525,0.4317061144853064,0,likely_human,1.0,0.26283660884494986,0.40612571725677993
UCMi0pCDwwN_OOQeSda9A5RA,-1,1,1,['df374922e8a0c9c7ec0f475d7efdd3a3'],0.4616463858147752,0.2628197206185807,0.11860673309991793,0.29857327125028915,0,likely_human,1.0,0.2628197206185807,0.4616463858147752
UC8SqVJZAXXm0SXhP_1G7eOQ,-1,1,1,['801a2f080ceb71d1e641ab161747782d'],0.4333841205848827,0.2627234035068388,0.15553519041566022,0.3477193450468409,0,likely_human,1.0,0.2627234035068388,0.4333841205848827
UCNueNsVy1u88HqSUhVUo14g,-1,1,1,['a5b2fdde5a9e8155f72c3dfebd7b1a18'],0.36664684000259007,0.2626983306028286,0.19950855109256485,0.5552636909182155,0,likely_human,1.0,0.2626983306028286,0.36664684000259007
UCQBXCM-ydWDtYyT5kRXYDLw,-1,1,1,['ce2f95e35933b10f91512d9491ce144e'],0.4048678734947509,0.26266365771507766,0.1537788842043393,0.4827053191839152,0,likely_human,1.0,0.26266365771507766,0.4048678734947509
UC6D2Cgn8M1Svmh5NAxNqXzA,-1,1,1,['63b8f66ce1cd5739480ddbd8684211a7'],0.41581299351613976,0.26262324510644786,0.17666578370119296,0.38804293625463016,0,likely_human,1.0,0.26262324510644786,0.41581299351613976
UCxi8Q1XROgtbcE-k3ulq35A,-1,1,1,['23a8028210dad6c205aeb0e5a1121dbf'],0.37469919101566207,0.26255254286357593,0.2080268613789413,0.5096542879367169,0,likely_human,1.0,0.26255254286357593,0.37469919101566207
UCCkPFoZrYJLiej2L3qWselQ,-1,2,1,"['99adec71285c14621b742bbc0d75baa5', '3668cd83c28fe3db593d7bea085a45df']",0.39624927876024996,0.2625118075463288,0.17821612860624195,0.4667189351677045,0,likely_human,1.0,0.2625118075463288,0.39624927876024996
UCQ1dWV95Q1LEhxfTxzdorfA,75,1,1,['7dcabd1d0305f775089c6a9ab0558742'],0.4366304819902356,0.26234366380297175,0.13256854683080613,0.2880372676896889,0,likely_human,1.0,0.26234366380297175,0.4366304819902356
UCdgNeoWh0o3genSWpscN_uw,-1,1,1,['478216380d3859eb7d24e4183bdfda95'],0.38897489468277496,0.26208320005985586,0.19436539461095753,0.4726900802719872,0,likely_human,1.0,0.26208320005985586,0.38897489468277496
UCJzOye5PSb_HkhloMgLc97A,-1,1,1,['24d0e55543018f3814d428f442416675'],0.3934141760953389,0.26206223466334605,0.19678747592865836,0.43768837007714734,0,likely_human,1.0,0.26206223466334605,0.3934141760953389
UC9rsPG16hUG_i_KUFKuwhmQ,-1,1,1,['68b4d7d3312862626a182e4a4c9a07a9'],0.3553740793250254,0.26202024970864757,0.17782181204636516,0.6588475081950573,0,likely_human,1.0,0.26202024970864757,0.3553740793250254
UCZf4IuOrMBmE2h4Bv_Pp_MQ,-1,2,2,"['f34cea23149b3f7e393190343a0c4558', '4186cf1a6eacaf6a5e2d69ef3a216281']",0.38818824630564674,0.2619133100197313,0.1683252108532657,0.5251696297553298,0,likely_human,1.0,0.2619133100197313,0.38818824630564674
UCGiCaQeiXZYDxLt5m2_9NXQ,-1,1,1,['06fbc299034c6379383f486c7da6da2b'],0.3879663421966024,0.26188942338102017,0.2147023294437385,0.4251928781839668,0,likely_human,1.0,0.26188942338102017,0.3879663421966024
UCzTJBQGJNHKHsbaJAYx8GQw,-1,1,1,['5dfa73f142206389c841de0ba8322a1e'],0.42449082912121855,0.26188618623188237,0.14034044450051308,0.410867121988858,0,likely_human,1.0,0.26188618623188237,0.42449082912121855
UCW9GErC_5w35FO70k84dwGA,-1,1,1,['cf1793f5f83b391ee8b23625e89666b6'],0.4085821741085502,0.2618739080751551,0.1809689132916265,0.40096795691192827,0,likely_human,1.0,0.2618739080751551,0.4085821741085502
UCTdJEKy-qKbLO4OBJepnI6w,-1,1,1,['ca7b037125b993c1ebb20406169066fa'],0.41243115827164956,0.26168502047023035,0.14848127178006643,0.45259642013672047,0,likely_human,1.0,0.26168502047023035,0.41243115827164956
UCqUyhbJXoOeGNiV1zzO8KLg,-1,1,1,['aa8067bfd323d27195a48c574d0c9812'],0.4033970074886597,0.26163558030715645,0.17221675173679063,0.4423274923620603,0,likely_human,1.0,0.26163558030715645,0.4033970074886597
UCja1jusj9Q3t0412Q4vfq-Q,-1,1,1,['435302066a6e27d5451b1733370a84be'],0.40960440599962633,0.2615540009038608,0.1901102311457044,0.39555825565694774,0,likely_human,1.0,0.2615540009038608,0.40960440599962633
UCJqkZDhGxzQBbuN26fLnCGQ,-1,1,1,['cbf3b338e01c1b20649f37a62edc201a'],0.3591092057397909,0.2615495070729031,0.2263032602493126,0.5503012593574386,0,likely_human,1.0,0.2615495070729031,0.3591092057397909
UCN-gWDXm2CI2vr6TgzP5Yew,-1,1,1,['c5cc214f0db30d5358fcd3875889df7c'],0.3831707159918363,0.2615187403695635,0.19858813232329803,0.49682963021896664,0,likely_human,1.0,0.2615187403695635,0.3831707159918363
UC5-jrbVErrb6y_yHb7ZAkhQ,-1,1,1,['18154ac9233f419eaa6160ff17f5d07b'],0.38887002571868756,0.261475809286124,0.15891406628434238,0.5343029325695838,0,likely_human,1.0,0.261475809286124,0.38887002571868756
UCp7uk_8sk53CxkV7_4siMHQ,-1,1,1,['32b51f68eb9e5de7b7db9d8b8bd3c649'],0.43885588937459996,0.2614393510716654,0.13343113260639156,0.36876542371877247,0,likely_human,1.0,0.2614393510716654,0.43885588937459996
UC9HvDLhg8o2PdDJdqKMGJjw,-1,1,1,['7a9ffbd2f4da24bb379cdeef09030c94'],0.3935952679744135,0.2613911970370969,0.18047700758274435,0.45621196866244257,0,likely_human,1.0,0.2613911970370969,0.3935952679744135
UCLi15Ba1mtMNvN9nCOJ8ycA,-1,2,1,"['b49572f2c4f6837b2ee62e3280357444', '3aa516bef986f5aa85fb6f403986ec27']",0.37127911705572425,0.2613886044474954,0.18050594516510254,0.5637664811693633,0,likely_human,1.0,0.2613886044474954,0.37127911705572425
UCIgyuDs9pKfxt489bjC1ZPA,-1,1,1,['9b09c0a87abb38a7949f108c4b31049a'],0.41055272504960966,0.2613877365396923,0.16493135828646963,0.42783344391763073,0,likely_human,1.0,0.2613877365396923,0.41055272504960966
UCcmm7nxcy4187SwtbcjkbZg,-1,1,1,['150451a7e01b6afc423c3dc9e459b3a5'],0.3935264721157258,0.2613438146081044,0.1779183672945505,0.47380263203656425,0,likely_human,1.0,0.2613438146081044,0.3935264721157258
UC_hFK37Qj24AAkFIthI1JKA,-1,1,1,['1e72a4c1bb0a629415aaa53361e158a2'],0.41882606033622943,0.26133771260992733,0.15604034627596755,0.41240688078341475,0,likely_human,1.0,0.26133771260992733,0.41882606033622943
UC9k9Bfd3ZcuUgFGa04Nqk2w,13,1,1,['b593f396d906b5e277f390578310ebb7'],0.3618939978569924,0.2612012597734204,0.19661725490515833,0.45799400493065334,0,likely_human,1.0,0.2612012597734204,0.3618939978569924
UCFLk9V5RJaoQ2fUcZG_1y3A,-1,1,1,['04dd0a65b85cb55ff34d9622e058fc00'],0.39384908675555425,0.26093405205917086,0.16574272703802223,0.487442508247089,0,likely_human,1.0,0.26093405205917086,0.39384908675555425
UCUIvXsJ1jUPO1A3L8zN1hsw,-1,1,1,['86fd80c48446d91918fe84b671d1fa6c'],0.37993521825711507,0.26078540662785477,0.20068977973875815,0.4709393819996508,0,likely_human,1.0,0.26078540662785477,0.37993521825711507
UCONHTA-sxdJ-_OSaVvim8hw,-1,1,1,['88e26d4b4c905ce617b71a7d9a5b28fe'],0.37000152068602243,0.26077130230330514,0.19443652215847873,0.5323503844358364,0,likely_human,1.0,0.26077130230330514,0.37000152068602243
UCpp_u6LqqvvTt13cdotRKbA,-1,1,1,['4284cc2e14ef1d518698c74ce5d8d7ea'],0.4458644243507349,0.26063386808916134,0.12770350501612668,0.3338508978309058,0,likely_human,1.0,0.26063386808916134,0.4458644243507349
UC_sbS-l5cATdgMAJBpVdaPA,-1,2,2,"['cfdb156d3ab8aa6535f4ebc11f2d6e6a', 'e95c72b51cce2f2d4f308ebb4c59cb37']",0.4297943305378313,0.26046995196202277,0.08826356406411952,0.486711590065936,0,likely_human,1.0,0.26046995196202277,0.4297943305378313
UCwqoo6P5Aw4GiGm9wan7YEQ,-1,1,1,['9b34c09488ea1e34fabce604df7ded32'],0.38159649585485755,0.26030561754292386,0.18817186917014944,0.5003926773835832,0,likely_human,1.0,0.26030561754292386,0.38159649585485755
UCjqZciFZrG80237qZtFj4eA,-1,1,1,['79c46abf780e2ea9efc1f8447dcc42b1'],0.42692891416611767,0.26029522000965644,0.1603191716632225,0.3569413706352802,0,likely_human,1.0,0.26029522000965644,0.42692891416611767
UCFGv7LXAbNgLPORuaSVYQHw,-1,1,1,['1be61cc0100f4554e8a244a2b4503ee7'],0.4252068251915846,0.2602740786144877,0.13828014795897658,0.3994399976140802,0,likely_human,1.0,0.2602740786144877,0.4252068251915846
UC6AL-KMssQRqQJs4OJz4iSA,-1,1,1,['7c388ea103e0ac36f72b49d42c4c38be'],0.37459585253015926,0.2601691852525421,0.21035329399352973,0.48419385947894755,0,likely_human,1.0,0.2601691852525421,0.37459585253015926
UCZnoe5j6yjwy2Z7j9BDlpaA,-1,1,1,['6f3aabe496da744a1fc67b38e2e8370e'],0.4268706184686379,0.259974316003701,0.14950044758422495,0.359842391203986,0,likely_human,1.0,0.259974316003701,0.4268706184686379
UCIRKB791cffITqtAGWlsFRQ,-1,1,1,['fedfcd0b7e681adca67b05172cd6b1f3'],0.43201580487402436,0.25986461317950493,0.13860306284984034,0.36301337339057504,0,likely_human,1.0,0.25986461317950493,0.43201580487402436
UCd1QZaVMxf7tALCZznrxrAw,-1,1,1,['dd46372ead047ee26b5801523f1d6c12'],0.40505558009538256,0.2597261144034446,0.16405866435670013,0.42149009978529395,0,likely_human,1.0,0.2597261144034446,0.40505558009538256
UC79ItWR_DMfO3OEkXkrlAeQ,21,1,1,['51f6dc5009dc5a5ec73e2f70d74cd9f6'],0.38199705985166293,0.25967625620498536,0.1692721713824283,0.4309828071878444,0,likely_human,1.0,0.25967625620498536,0.38199705985166293
UCADlBbQ7BfrwzUY0_TIAQDw,-1,1,1,['3e15c06c379e23487741ce853c18e4a1'],0.4086673663558639,0.2596737654186628,0.16976568062909483,0.4126075063751612,0,likely_human,1.0,0.2596737654186628,0.4086673663558639
UCoYJQdrKWt6lO9tO1ZSbtAQ,-1,4,2,"['83d45dd35f46f5d53a2d34d224c82763', 'd5de5fedab51663e7480feffc0786612', '415c2194cde82b7db2bae376f10a7cd0', 'f07b6cc7401571dd337f51f98c35bab9']",0.43802937022616933,0.2596213783068231,0.07285816917808842,0.47584134903307296,0,likely_human,1.0,0.2596213783068231,0.43802937022616933
UCeuhSp9SJEaRhJA2zl9steQ,-1,1,1,['8fafe3771b4b13fbb3f1eaac37e63981'],0.44374125635252215,0.2593542336143754,0.11574103532569409,0.35913254864617034,0,likely_human,1.0,0.2593542336143754,0.44374125635252215
UCP31odWRcEMmtMTHs3n9zEQ,-1,2,2,"['f23788644a2bcd07ea32ac6aaaa1914a', '60162fbfbd0d3540eaad8e09f39e0913']",0.3806549093888255,0.2593338606603678,0.193512882465797,0.4821584671870016,0,likely_human,1.0,0.2593338606603678,0.3806549093888255
UCLxf7BbSIQzwlp-4Nzd76zA,74,1,1,['adc1f716c17469602394bd62f555bdcc'],0.42400213880725324,0.25928022869423567,0.1341153627659386,0.3164608809696585,0,likely_human,1.0,0.25928022869423567,0.42400213880725324
UCoMl_MMFBQ0Fh1HmQjFTxWg,-1,2,1,"['05bfecfb0336eadce577fb39b2e4e44b', '8467c7492dc8c34158985740480f9b80']",0.382885943690334,0.25927246734601034,0.1836138604918049,0.482492649552376,0,likely_human,1.0,0.25927246734601034,0.382885943690334
UCBDd8JxfFQ4zsE5Z9f3MXKg,-1,3,1,"['8f2005fef64e8af621828b6321165ebf', '90c657e4093b67ac7c1a2972715b8fa9', '577084c3fcc0e1eecee9e85f673aab4a']",0.3997634442371349,0.2592597126993881,0.16219710677307903,0.45730648680226055,0,likely_human,1.0,0.2592597126993881,0.3997634442371349
UCAmzl5SPYY8fIWdXBBW6AUQ,-1,1,1,['c86e5eb5ff37d8babdf182cd38dd1602'],0.3923517660131526,0.2591834804601284,0.15006655392644208,0.501475312932467,0,likely_human,1.0,0.2591834804601284,0.3923517660131526
UC-LDRpMjamKrpCaPhXay_Lg,-1,1,1,['e22b0bd18f0426c7f6063bc9c8551d2e'],0.39328702590171977,0.2591349823203083,0.18985153236156332,0.4279355308776683,0,likely_human,1.0,0.2591349823203083,0.39328702590171977
UCBINNR1O7r7EEUXVMi3cgjw,-1,2,1,"['8d0d69e25c39cde7ddfe88244b7591d1', 'acff095ff8cef3cb63c23217d364721f']",0.42845077338963833,0.25891327223746785,0.1320338748942124,0.38427757993430334,0,likely_human,1.0,0.25891327223746785,0.42845077338963833
UCJQ8QBy7XSli8FsAX6Ly2Xw,-1,1,1,['eabfd6c143d5eeb2c6b006c86f934956'],0.41322387706470776,0.25883754873882353,0.15254609543135333,0.4053074656554617,0,likely_human,1.0,0.25883754873882353,0.41322387706470776
UCGk4Z4iQu9nDtPZShvTfH8w,73,1,1,['db3accef6538693d6583c6e863142600'],0.41291655163049884,0.25882451472967544,0.12945474721695754,0.36844876411016775,0,likely_human,1.0,0.25882451472967544,0.41291655163049884
UCP_Z1jD2Bh0zqsfcoKP_BpQ,-1,1,1,['5b3626d538c3c5d176d0e18e0b76ad0f'],0.41687782643081295,0.25868054040076954,0.1494484403099797,0.40141876033879653,0,likely_human,1.0,0.25868054040076954,0.41687782643081295
UCQz8ZKRYzJwQWHobmOeUttg,-1,1,1,['779c4f02da085beb2d71a5995b05da11'],0.4359011669665449,0.25850224802969335,0.11687711424877768,0.37397723815385114,0,likely_human,1.0,0.25850224802969335,0.4359011669665449
UCZxMs5ZqvDerE3U8ApLktPA,-1,1,1,['f0380c5a7358a1aa79ce76eea1e96ecd'],0.41206129556554694,0.25849873089633146,0.14304566091592194,0.42912393269293725,0,likely_human,1.0,0.25849873089633146,0.41206129556554694
UCaAmsX5iRyJ27JfngCJft4w,33,1,1,['7ce02fc670fd38fecd2b121e897d3bee'],0.42193429958338813,0.2584973676538949,0.13290643097395857,0.3164050175908516,0,likely_human,1.0,0.2584973676538949,0.42193429958338813
UCktbWiBAir-1bCliycnoCvw,-1,2,1,"['d62a435e03d98bf55d3f00eaa585e8b2', 'd6eed09c5319404424478e569a9e9c33']",0.4036300506058036,0.25849705026126185,0.15338974609196704,0.4523553644033877,0,likely_human,1.0,0.25849705026126185,0.4036300506058036
UCHj_4BISQxWuUDSwq0BIV_g,-1,1,1,['8960ac6913d467c2250c3f6d16c1a407'],0.42941304225717836,0.2584923565338154,0.12349392341263739,0.3973323520927196,0,likely_human,1.0,0.2584923565338154,0.42941304225717836
UC8q92gtzMpQuNhGSAXHPM5A,-1,2,1,"['66bd58907979e06b60815b8514331b37', 'e33a24d2abd30c3675dcd1321ec68b5d']",0.44414850861977606,0.2584709065945927,0.1259223792060176,0.3210283700751591,0,likely_human,1.0,0.2584709065945927,0.44414850861977606
UCK1lezxwH0gFmuFslSVxBOw,-1,1,1,['bc9a71755eb2c0c7501dc6f97380f7a6'],0.43513938998088536,0.25843234491750516,0.13530916383154612,0.34572215370719434,0,likely_human,1.0,0.25843234491750516,0.43513938998088536
UCMG4vrEq3fFEvxXr_fMiSRA,-1,1,1,['3d20c4da2de27a420b65344dc760fceb'],0.38845231983779605,0.2582928008624654,0.18139278030715347,0.47381646744150163,0,likely_human,1.0,0.2582928008624654,0.38845231983779605
UCNugrNx7On7tTCWqEo-9b6g,2,1,1,['139472300a4de3b0426960c8c82c16ea'],0.38166672594594353,0.2582926199403046,0.16576434773107274,0.4378650429274202,0,likely_human,1.0,0.2582926199403046,0.38166672594594353
UCHLAmPbFPO62nKpTYHRu4JA,-1,2,1,"['e7df0ee6ac848c0403ac626596395c52', '88f624af3a402a0db2870117336f567b']",0.41322179130724307,0.25822769764213327,0.16745241371819022,0.37765689309994316,0,likely_human,1.0,0.25822769764213327,0.41322179130724307
UC987z3_jAALZ5M_4m3Wzvcw,53,1,1,['e746d083d55f0b4b607ee36d0d7c9db4'],0.39396383717958083,0.25820153738971935,0.14017810596491584,0.38511759514943206,0,likely_human,1.0,0.25820153738971935,0.39396383717958083
UC-gTR3yDr4UsCLrj0_7T98A,-1,1,1,['1f28c2de0210a0d6ed00a32c91c81adf'],0.4341445455775576,0.2581835295155344,0.11669907208536133,0.3814337660431871,0,likely_human,1.0,0.2581835295155344,0.4341445455775576
UCgpyalyb_FavhdOh76ihGBA,-1,1,1,['f8d0380dbcbbc7950505d84c925f1f0f'],0.39229202721022205,0.25817780322012795,0.15821135090175661,0.4896231062726383,0,likely_human,1.0,0.25817780322012795,0.39229202721022205
UC_I4v1Ny_cVGniXWOmkmRaA,-1,1,1,['03f8540a4a4fe5b440f1af5f97ab5692'],0.328716712853631,0.2581311580774307,0.23005969937625076,0.6480866767818326,0,likely_human,1.0,0.2581311580774307,0.328716712853631
UCPOxUdLxoXLV0MZeqAY3Hew,-1,1,1,['b8b28196c22cb3b7c937cee481dba9d3'],0.38989699144320605,0.25809240126543276,0.1755267877287059,0.4573565245705893,0,likely_human,1.0,0.25809240126543276,0.38989699144320605
UCkOy6foqVq48SvgVJQYxIbQ,-1,1,1,['9696dca69d6b89f6907b1dfaaf85ed1b'],0.39707699739604263,0.2579872693700088,0.1765161788828383,0.4261111395284028,0,likely_human,1.0,0.2579872693700088,0.39707699739604263
UC9wlUlyARNatf5fsVTpLV-w,-1,1,1,['516ce360236fa8439ffe8127077972be'],0.4170561256547024,0.2578772996047175,0.15184053677478535,0.38686620319043474,0,likely_human,1.0,0.2578772996047175,0.4170561256547024
UCW44UyqPPwh25ab_G23XXvQ,-1,1,1,['2e406f54b4d4cb643955c4a8d87d03ac'],0.40271507549613594,0.25786171943452507,0.13792003521057272,0.492337500721315,0,likely_human,1.0,0.25786171943452507,0.40271507549613594
UCAHRY1O9i5Vt1TKqfObpC7Q,-1,1,1,['a9093517cfa3f56a53fc89c58e1af46c'],0.42200387226543634,0.25785995950114604,0.14825354200801888,0.36332988727129095,0,likely_human,1.0,0.25785995950114604,0.42200387226543634
UCdwcHlIwxGvy8Bb0Es63E5g,-1,1,1,['3807406a2c8b6588c3fd5262cebaa556'],0.39492236280659626,0.25772203164314955,0.1645825670018901,0.4521716641344129,0,likely_human,1.0,0.25772203164314955,0.39492236280659626
UC6Rnyhm7d9oN8NUyiPOrupA,-1,1,1,['d02c503b9879d79b6641640aff0cd447'],0.36559796866935257,0.2576842393337945,0.1845640028850484,0.5577353912131915,0,likely_human,1.0,0.2576842393337945,0.36559796866935257
UCbsCeP7BdPA8D8_MdeGI56Q,-1,1,1,['87f3e1b029aaff51bce512fdc10fce6e'],0.3858094836670267,0.2575095411672329,0.16768723400243288,0.4876451543699253,0,likely_human,1.0,0.2575095411672329,0.3858094836670267
UC2WGxLFNGXLyh9IinBRLhaw,23,1,1,['b3f160fca05756d8240d9561fb3efa8d'],0.3543679932073982,0.25733916169244475,0.19157856823230798,0.49011675277213906,0,likely_human,1.0,0.25733916169244475,0.3543679932073982
UCKvWmG03nXPgtzkUakFvdSw,-1,1,1,['3e190a8d60d29f62f720e835879d3c10'],0.39551603987256895,0.2573042070846895,0.14847309057356112,0.4947389612334031,0,likely_human,1.0,0.2573042070846895,0.39551603987256895
UC7W_8HsiSRRozpW6ND6KQeA,-1,5,2,"['8f91d7e1769d60234f97dc09eff66f5f', '6fe437bfdeb9b09f63193ebd47794a7c', '5757874fcb2868d832c98cfc4ee45845', '3d080857b70d1dac547e728dea64d35d', '018f3f9832dbbf736662dab637d9680f']",0.39139936791164104,0.25728872856161655,0.12798723044786114,0.545742080276974,0,likely_human,1.0,0.25728872856161655,0.39139936791164104
UCQ7JIZ6T5ybVzikmggLA-yQ,67,1,1,['b76194adb43ad1de2af4d6cf5e1316cd'],0.4054620242010507,0.25727169146894296,0.13441665910801415,0.3510805509042314,0,likely_human,1.0,0.25727169146894296,0.4054620242010507
UCfsV26LR7EhNaoC0uJeKLyg,-1,1,1,['d4559475271c67e6c6489a5c278b1d7b'],0.40018595213107855,0.2572308980732214,0.17461418439230625,0.40735201769875473,0,likely_human,1.0,0.2572308980732214,0.40018595213107855
UCYMKQ-yKas2Vj4_SuPDsy-Q,-1,1,1,['01d6979df9a50c5485867f9bb4aa724d'],0.3601879812276678,0.25709067842007,0.22719691685116372,0.47597730751271444,0,likely_human,1.0,0.25709067842007,0.3601879812276678
UC9rm2-9ZncMxUyR0zkA9PyA,-1,1,1,['08ef519beb8ae68e02130e4a7be7e1f5'],0.428328638737243,0.25709030826762036,0.14130767755010273,0.34275174222806837,0,likely_human,1.0,0.25709030826762036,0.428328638737243
UCviLzvEAfCXP0HdoqCyU2nw,-1,1,1,['c9aaf0fedddff5a4e0110483641ec6a6'],0.4131694521181143,0.256833251779619,0.13450759904435589,0.4252346141405007,0,likely_human,1.0,0.256833251779619,0.4131694521181143
UCuU5Jh76fn3AE0DSnpvqPPg,-1,1,1,['81bf03d2b85d1270eb209f0d7246dcd1'],0.43282626393010754,0.2568193459460647,0.1315555371570373,0.3405842721120325,0,likely_human,1.0,0.2568193459460647,0.43282626393010754
UC3JYEBecAzZ9u23O_SmYFGw,-1,1,1,['2aa67ab4dbc9874fc7b3775f65f687b8'],0.3648961799679804,0.25676129035147865,0.21051476799738594,0.4907002138848206,0,likely_human,1.0,0.25676129035147865,0.3648961799679804
UClByENXsgf8CizUpeNvg8og,38,1,1,['8d7c65e29616f26892e355dc50b674a2'],0.40172199403704645,0.25667682081413135,0.11164723131160256,0.3379981552243654,0,likely_human,1.0,0.25667682081413135,0.40172199403704645
UC-pY7JQaZSAI6w2OW_n1tWw,22,1,1,['64d804cf5e32e738fd09abfc3d312853'],0.3612570613834589,0.25664886938466974,0.19049978392195027,0.4499617957954807,0,likely_human,1.0,0.25664886938466974,0.3612570613834589
UCSvw8gecx8roTuSskSsk3VQ,-1,1,1,['dfdb2f01ba10e699b6ffc30d92c0367b'],0.3974557372994286,0.25648203741186826,0.16487529459344183,0.431019191018465,0,likely_human,1.0,0.25648203741186826,0.3974557372994286
UCeG-nrditN7VV9cYqzfhXbA,-1,4,1,"['169125e555f7985afc2821a383931c38', '3b2cf8e84ecb6bc9d36b4901baabe37f', 'a25ddbc42366ff3d69e4417a83c0ad44', 'f59dd4648f4456393c01740302cbf795']",0.3581030595576402,0.2563787806039899,0.17709383770286263,0.5829503864780309,0,likely_human,1.0,0.2563787806039899,0.3581030595576402
UCBD6DP4Krww4IGd02FOF4cw,-1,1,1,['330f57cce83f13820654cf8eb3bc89a4'],0.34971522729855475,0.256258557948,0.24827125310912806,0.47640066075744986,0,likely_human,1.0,0.256258557948,0.34971522729855475
UCcokFB3aPgwwBzn8gtIP26A,-1,1,1,['a8851701779c19a13f8ced11bbc264f0'],0.3832583328964882,0.2561998964486183,0.16384378338271083,0.49529567945343017,0,likely_human,1.0,0.2561998964486183,0.3832583328964882
UC-wUaGok9sVMGHZlwYHs_9Q,-1,3,2,"['e5932b658cf9de95c5a31d0ff6141296', '8397a74309dd1b0dc5a6913f9dc5817d', '3abe75562d95ddbdd99ae39cf0af77b0']",0.39628704433298534,0.25619541450789457,0.1453240354795208,0.4738626284886775,0,likely_human,1.0,0.25619541450789457,0.39628704433298534
UC2P6IaK7BKuaYuoozK-YKOQ,-1,1,1,['942b01bbd88b6167ab64e205a37efd34'],0.40997499755538913,0.2560312517155212,0.1541339690823767,0.386667509850256,0,likely_human,1.0,0.2560312517155212,0.40997499755538913
UC-gZjHJlPzGObfn1u005zXA,-1,1,1,['f4e77e765964d9d5d2c89bf99bb312f8'],0.37497122916655734,0.2559170823417324,0.18856999057181237,0.4787483681180035,0,likely_human,1.0,0.2559170823417324,0.37497122916655734
UCay36T6RgIf7q0YZqCZZc_g,-1,1,1,['a79261f9850e9eebb9e3a01620dd5d2a'],0.4317635485250018,0.255824684999259,0.1298974240454262,0.340323185657671,0,likely_human,1.0,0.255824684999259,0.4317635485250018
UCaTOE_6zGyJArLA2QwgHGxQ,-1,1,1,['927af44b7af43d5bbb27f7e04b981690'],0.3997619665992158,0.25581556416936313,0.1679839413248102,0.4046393275041966,0,likely_human,1.0,0.25581556416936313,0.3997619665992158
UC8-6fuij9NJ5raN6NteohFw,-1,1,1,['5402f8af883d87ee932a75b1385b9655'],0.43206237275068343,0.25579413477570045,0.13346036844754053,0.34069450923461,0,likely_human,1.0,0.25579413477570045,0.43206237275068343
UCTjjs9HEov4i8BuHw49-AwA,-1,1,1,['bbcdf79469b578bb9c883bece271300a'],0.4177457212116969,0.25565990599606997,0.14604486143180279,0.37903374467261336,0,likely_human,1.0,0.25565990599606997,0.4177457212116969
UCNk80z0UTScmSIC8TWoSLIw,-1,1,1,['b7a93bab081d551df236907d301cd546'],0.39336142943240593,0.25563615869414325,0.15926676283503188,0.4566238341856981,0,likely_human,1.0,0.25563615869414325,0.39336142943240593
UCuhNQYEU1CtQh1NXiZUUBAA,5,1,1,['9d3de74884a727e7e1a2d86622dc935a'],0.40836289631524403,0.255522989775432,0.12413150310001113,0.3654701975089706,0,likely_human,1.0,0.255522989775432,0.40836289631524403
UCi7gJ0Pc1E0raFE_T-LYnbg,-1,1,1,['37995ba5a11dacf4cc51be74dc03a317'],0.4359529951308038,0.25542978041467795,0.1208304896301745,0.3372333236455047,0,likely_human,1.0,0.25542978041467795,0.4359529951308038
UCwl-LG3FsfsbFA-RbHdxugw,-1,1,1,['8f8e52f463e4cc2394dd9a7f5fec3a25'],0.3751326151006974,0.2554123465268555,0.19583616706969978,0.46004298332108706,0,likely_human,1.0,0.2554123465268555,0.3751326151006974
UC08MGW7atI9gFiVM6ygNU0w,-1,1,1,['54ca3b3babf65c878a169736c1433d31'],0.4071919700508634,0.2553521199988223,0.1413661301089488,0.4247152025405126,0,likely_human,1.0,0.2553521199988223,0.4071919700508634
UC9SX2zR4bdekAFgqmNh8Edg,-1,1,1,['feb12497557b19a9b3731210bd0c8747'],0.4295119992477301,0.2553427527952183,0.12789036828926956,0.34987620671696995,0,likely_human,1.0,0.2553427527952183,0.4295119992477301
UCWzShoZZgEXpKvYzjnuqHGA,-1,1,1,['86baaa05955202030cc98956aa97eaa7'],0.384912728677654,0.2552311547859082,0.17511561528100075,0.45311690754558365,0,likely_human,1.0,0.2552311547859082,0.384912728677654
UCp7zvBiqpFjZc_oHqPAYEEQ,-1,2,1,"['3e06ca1a705f167e063d377a5d5a68f5', 'e4b0055c80a0e2a11627a54fcd483675']",0.39839145273647114,0.2552202374565966,0.17468895423222142,0.40282272776263267,0,likely_human,1.0,0.2552202374565966,0.39839145273647114
UCXdNqPxcLe0lDrrgvota6rQ,-1,1,1,['e2b4186bbcdc0825f705dc3538592dc7'],0.42861405499951144,0.25521876282052003,0.13470556546478715,0.33435820179010456,0,likely_human,1.0,0.25521876282052003,0.42861405499951144
UCdPg0BIp1zlrG6ufZEsPRlw,-1,1,1,['bfb09dceae89eed804edd6fb9182f406'],0.44736624229127425,0.2551907547949596,0.09000548433163529,0.33923087905803134,0,likely_human,1.0,0.2551907547949596,0.44736624229127425
UCVEIWacx88D5TlJkd_IAalA,-1,2,1,"['46b3134e9c3079628d941e4338875764', '1327acfc9035d1f9d4e3143b81ff447c']",0.40549186196944853,0.25518302044542435,0.14038006701281483,0.44047297698131066,0,likely_human,1.0,0.25518302044542435,0.40549186196944853
UCkXG9y2hSmO_zcbWpDEifpw,-1,1,1,['3ec40d547b07738aaecc69bbf98e080e'],0.37925867449578143,0.25512713633962375,0.19320556074412024,0.44424564039635406,0,likely_human,1.0,0.25512713633962375,0.37925867449578143
UCnp6Guvc9AdjzOvFMD-jaaA,-1,2,1,"['fcd0309aca3874444aa26a0766c734ad', 'f0d9f90938a3b119c80ae2317eccb64d']",0.42170377433148043,0.25511454122163213,0.1371396035536016,0.3655199831987659,0,likely_human,1.0,0.25511454122163213,0.42170377433148043
UCKkC7aNFOEL4Fzkojh8_zGg,-1,1,1,['692947d56d7fe730708fbb7d5e148494'],0.45694221308731636,0.25508589007379473,0.08874696438228698,0.3094946111701813,0,likely_human,1.0,0.25508589007379473,0.45694221308731636
UCklG55t1rEMAs9LypT8k24w,35,1,1,['5b6b905e3a1530e921b445c20f381d18'],0.4135968528311948,0.25501251132763136,0.11008129872344212,0.3111880932823153,0,likely_human,1.0,0.25501251132763136,0.4135968528311948
UCiiWnnYYn-7bZ2J30n4iIxA,72,1,1,['2451674b9f4324066243d56100ddcaae'],0.3712685490431068,0.2549199233630581,0.15839886080976356,0.4531412636877097,0,likely_human,1.0,0.2549199233630581,0.3712685490431068
UCjCh3QGcTMStiZd0jmyXtrQ,-1,3,1,"['0e98053d81495513601eff9fe12a036f', '23b0b1ccb10daba62c62b5347299d46d', '5e61034f48a65d03474c3850b11d3722']",0.3814239999636686,0.2548148129898622,0.18373999196028332,0.46924916457599986,0,likely_human,1.0,0.2548148129898622,0.3814239999636686
UCsKwcWYwgs4f0Sm0ihs53Kg,-1,1,1,['0b0fd8d4056524bf26f80d8e90a5a455'],0.3953676823518082,0.25474632386213286,0.1663186813472618,0.42580590852163197,0,likely_human,1.0,0.25474632386213286,0.3953676823518082
UCw39-Vlc553SRvPD_w4neqw,-1,1,1,['4f6a62fbe4ef8f94888d21f29b4fbc7f'],0.39060009187752653,0.25471125815863715,0.15424903579889415,0.46715654030882753,0,likely_human,1.0,0.25471125815863715,0.39060009187752653
UCc0021moXiGcFI2IQDdL36w,-1,1,1,['aa55b9bfa5d371c51665b0812a8313cd'],0.3268091808921372,0.2546041190621495,0.24851263005294968,0.5906084449294174,0,likely_human,1.0,0.2546041190621495,0.3268091808921372
UCGPkv6D-iB9ng8ITFyweGPA,19,1,1,['93a63848917c18433c7691ab220c03b7'],0.4172737403514756,0.25459661715585824,0.10844506383258912,0.3446953506603846,0,likely_human,1.0,0.25459661715585824,0.4172737403514756
UCjgiLmsM9lETmdQ_9XJ6LEQ,-1,2,2,"['6e4c25db38fde5128d4bceb701a956ed', '5568d96fb0025b62e59313e1adf12ccf']",0.3545835608066795,0.25456070956677124,0.21055791382118427,0.5237277617517994,0,likely_human,1.0,0.25456070956677124,0.3545835608066795
UCgb5QJonNsWRSl264fVGMLg,-1,1,1,['29f7121a139a7c4422d5ec330c3f1e7d'],0.44647980212895405,0.25449648219099896,0.11152578983336085,0.3172563244004268,0,likely_human,1.0,0.25449648219099896,0.44647980212895405
UCr8RVRakB_BVR2LTSUOkiqQ,-1,1,1,['bf16e4ea817edeb412a7af8fca185530'],0.4413748222908501,0.25442608215452045,0.10815678274442522,0.34431747563682225,0,likely_human,1.0,0.25442608215452045,0.4413748222908501
UC2SezOyV_Neybxk0VaTrFPA,-1,3,1,"['a8927653d8878ee307c7a6eb03f23f33', 'd4bff2c10aa48a89848259a968fe349c', '169707b489e7a039fc66f042edf2631d']",0.3966737024273872,0.2542910245783557,0.1720263140603795,0.41564147433514215,0,likely_human,1.0,0.2542910245783557,0.3966737024273872
UCYjzYdR9Sz9LfrnZkL1e0jw,-1,1,1,['ed33a52535cc98e1b12d307861b61713'],0.40067109523205935,0.2542611329990414,0.16023861886162677,0.4067954800898967,0,likely_human,1.0,0.2542611329990414,0.40067109523205935
UCCJnf6Y0MUCuKdXodYLyd5w,-1,1,1,['22353196d967531084c07ef6e1840c67'],0.4525774264335495,0.25413596847555636,0.09670902561770559,0.3094946111701813,0,likely_human,1.0,0.25413596847555636,0.4525774264335495
UCl4Hx6zurs-IyMmJ0MH7lbA,68,1,1,['ba694388b492d5fb0745b8ad4c6f8c1a'],0.4061417049082054,0.2541330028557897,0.09600516556402074,0.3628377359903393,0,likely_human,1.0,0.2541330028557897,0.4061417049082054
UCeduX6ZUiLN2JLKvPwJ73jw,-1,2,1,"['773fe32cdb6762f6bc0530ec6c0ea540', '743cd04bbc2457e84d8b91c7f34e51f4']",0.38784051060018643,0.25408347798816994,0.15802037580082265,0.4675885376796682,0,likely_human,1.0,0.25408347798816994,0.38784051060018643
UC6qznUI2_zcofgtoSsL6T5g,-1,1,1,['1511b513d1e61c8ee82ed34a9a40c6e9'],0.4418439971772904,0.2540643074437943,0.103359097459029,0.3339974603722517,0,likely_human,1.0,0.2540643074437943,0.4418439971772904
UCEh9GUtxWHvMuyOtj3gqtEg,-1,2,1,"['221a78362e7ee38a2e4e91554189d72a', '004cb110b65ce7ad83e430b9116b21d8']",0.38082873630467795,0.25402975011726237,0.1686248933097684,0.46877863077445847,0,likely_human,1.0,0.25402975011726237,0.38082873630467795
UCfYD6PqWjNkuNDjVa5mP9tA,-1,1,1,['d2edacfc9bf537119468dd3d42569731'],0.3672076269742993,0.25392315617834504,0.15210038866601758,0.5650145416589779,0,likely_human,1.0,0.25392315617834504,0.3672076269742993
UCHeUzqJ9_k57zaU-HDf0LIQ,-1,1,1,['13f0d7721207ab2897d40adc3287919b'],0.391016245262673,0.2539004791915951,0.15635269687837192,0.4576994153492788,0,likely_human,1.0,0.2539004791915951,0.391016245262673
UCSzsQpaHkzB8a6wt7Jp_OZw,-1,1,1,['7c701cbb02ba6dce60fc75429f9ac17b'],0.4131719786306131,0.25388237248418194,0.141980646083569,0.3824222445655322,0,likely_human,1.0,0.25388237248418194,0.4131719786306131
UCrQ5gBHpyN3hWvHb8q_UROQ,-1,1,1,['be0b00810ec60aedb6b91272fbf5d54a'],0.37111702972455696,0.25382184665296015,0.201259730567355,0.45082764786763985,0,likely_human,1.0,0.25382184665296015,0.37111702972455696
UCkoB6vXtlar4xCLXLxFFsFQ,31,1,1,['01cce311a425545927b9e45e8f29041e'],0.3782930763951,0.25379520310353404,0.16546522575925868,0.37226901817597324,0,likely_human,1.0,0.25379520310353404,0.3782930763951
UCUrIh0lrL9SQ1vjFloys08A,-1,1,1,['62253ede519757e3ee148e412ca00711'],0.42439630508133985,0.2537905925776252,0.13709129028231454,0.34780399720790495,0,likely_human,1.0,0.2537905925776252,0.42439630508133985
UC5SML9lpGgTW0PLEucLOChA,-1,1,1,['8570391b610058f09e69c2e1281edd2a'],0.41962404289147626,0.25376226314557715,0.11303722152171024,0.40512474572044355,0,likely_human,1.0,0.25376226314557715,0.41962404289147626
UC9wNb4TOrb7Ko_uxNd4Eh6g,-1,1,1,['dcc338970c88328fad3eb870f96cc800'],0.4319629587900816,0.25371942427936384,0.12825470974172948,0.3275302096910404,0,likely_human,1.0,0.25371942427936384,0.4319629587900816
UC9Z4V0tK_FC4XQvXoqNwZWg,-1,1,1,['a1c728a5e216acdc3de573209747a45d'],0.4317798551424389,0.25370043395807074,0.11534679781974785,0.34829073159166685,0,likely_human,1.0,0.25370043395807074,0.4317798551424389
UCnyx2yGaiqdfkTeIZsUXygA,-1,3,1,"['c1c0bd498af85fef38f410926fdc1983', '2bb4f693dc3c7db9a7512a187db69227', 'ad89b505b6e575a310d3abb45cd507d1']",0.3688247137603755,0.2536524380278299,0.16050607883768117,0.5442026470058039,0,likely_human,1.0,0.2536524380278299,0.3688247137603755
UCDEcu0kTAvqC3pVGF4AuBSA,53,1,1,['751a29089e5cfb351d1ae7e9f2c9e3f9'],0.3912836837070286,0.2535681949385747,0.14103417578062472,0.3601341243482123,0,likely_human,1.0,0.2535681949385747,0.3912836837070286
UC5tsP6MJstkvRhjuaRfD3ag,-1,1,1,['51bca73fb1493cbab866167fb1a2217b'],0.3786189414338142,0.2535145362558794,0.17972912416439052,0.4555248531196557,0,likely_human,1.0,0.2535145362558794,0.3786189414338142
UCIiSNSUseFm7SN99n7zw_9w,-1,2,1,"['32943986ea1fb1127a62d80da0f83034', '5c48c60252e49e70910d5583a39ca8eb']",0.3706795065765532,0.2535105146520179,0.18000624984853514,0.4861734672471921,0,likely_human,1.0,0.2535105146520179,0.3706795065765532
UCDMwgrMIIW3vje7o5saiXew,-1,1,1,['c83e0500a37fe0abf74871311d78a1fc'],0.4279348574800651,0.2534810759977978,0.11399100310386132,0.36843147969543133,0,likely_human,1.0,0.2534810759977978,0.4279348574800651
UCP-AKQxJM8StDZNd-L7FQ5A,-1,1,1,['4b419955e53974c8afac809f10283f81'],0.3848194974898147,0.253451710118856,0.18584114597307302,0.41265109103891645,0,likely_human,1.0,0.253451710118856,0.3848194974898147
UCx4bHVXbvc5GhNqZLibbjPw,-1,1,1,['90c5fa927a7330f53ebdf414065654fb'],0.4104932851875954,0.25333347553811714,0.14155446738423802,0.38929250135658766,0,likely_human,1.0,0.25333347553811714,0.4104932851875954
UC5V00hfLK5lqFxFyp-KcITA,-1,1,1,['b1d2e1b132de8f5e7f0f14939adc37d8'],0.42536730409584944,0.25319837625244257,0.12525190286901539,0.35715514791191616,0,likely_human,1.0,0.25319837625244257,0.42536730409584944
UCEaRrsWsV1OW3MPYmFOKduA,-1,1,1,['5409a7d134a17c5e4488d2fa70f21c15'],0.385286480356721,0.2531028528833508,0.1770206247196332,0.4386247294586317,0,likely_human,1.0,0.2531028528833508,0.385286480356721
UCmYIDuuwrpsu5J7HqJj16hQ,-1,1,1,['046a112ce8408c28047a7cae0bfde296'],0.422818856011226,0.2529747818749815,0.156759182419143,0.3185382802868413,0,likely_human,1.0,0.2529747818749815,0.422818856011226
UCBfDQNuhpjOWNlXt5v-1Bgw,-1,2,1,"['f7bf248dfb9398f9d6a6f0fde9121fae', '9945aa1cab710f6574fda8a31ec4e8e6']",0.407084698764424,0.25288981837929486,0.1475800707123662,0.39307415983603,0,likely_human,1.0,0.25288981837929486,0.407084698764424
UCYwSgaFBOuHRVmMD74N_EsA,-1,1,1,['410b04915b7baf5c69f64ed7ebf39129'],0.41818030665086936,0.2527459199688183,0.13152048164346128,0.370764751863936,0,likely_human,1.0,0.2527459199688183,0.41818030665086936
UCpHltGaMpQRyC9wRN6c9LtQ,-1,1,1,['929625cb37fd8904231eabaabdc7a6af'],0.40859176526224783,0.2527051742909669,0.1364928513941914,0.40905100303970493,0,likely_human,1.0,0.2527051742909669,0.40859176526224783
UC_USEFQl4oiMhOQHUjpi6pQ,61,1,1,['ffd6eddf8179e8373fa0a4b0dd7a63cc'],0.3632586784784852,0.2526372671411347,0.14699991978091975,0.4878220871446432,0,likely_human,1.0,0.2526372671411347,0.3632586784784852
UC1o8VoEXiySeIW7pNWyuD8Q,-1,1,1,['f02c37ec717a3b05827f4bc918ef5667'],0.4111010835573992,0.2524960856957311,0.13273284332022997,0.3950141186462287,0,likely_human,1.0,0.2524960856957311,0.4111010835573992
UCeW5c-FlNwtS-IMDiztdQeQ,1,1,1,['e2d3798b745fc7d835041dd9d40fee68'],0.3879388278714819,0.2524882336225165,0.1259120787162322,0.3933592231929676,0,likely_human,1.0,0.2524882336225165,0.3879388278714819
UCaXNXfkO9_p0cLLBkpmo_nw,-1,1,1,['41aa9c875ea48fdf6b07ceb5c04da3d8'],0.42187931709633086,0.25247787733786353,0.1341593227402232,0.3502653548023185,0,likely_human,1.0,0.25247787733786353,0.42187931709633086
UCuufY3kZauF2yrGL2t-mJYA,-1,1,1,['fe75304dec2f2df996c2ba6f9ab6dbbb'],0.39612378432419637,0.2524166316118365,0.16162547508450156,0.40941047620339444,0,likely_human,1.0,0.2524166316118365,0.39612378432419637
UCSsQbGzr8vudGhO8bdvkHuw,-1,1,1,['b59a2fbff67f6e93351988ae4094ac7a'],0.38054217046493855,0.25218913903934337,0.17603982135653007,0.4336389073827811,0,likely_human,1.0,0.25218913903934337,0.38054217046493855
UCZXK5boVsBkKZjVFhRTWxFg,-1,1,1,['eaa127e963cce85b36ff66e769e64d9c'],0.3952856580051445,0.25216744346145253,0.09760458240874223,0.5377596309433349,0,likely_human,1.0,0.25216744346145253,0.3952856580051445
UCGbJTdM6XneREY73Jl324PA,-1,1,1,['77c447158b5f8ccb99b3d57090ec08ab'],0.3828066844854531,0.25202291528716475,0.1538979870956634,0.47499443892016213,0,likely_human,1.0,0.25202291528716475,0.3828066844854531
UCsgDWYocPo46efweASFamFA,-1,1,1,['1c9d45e1415d58fe269f16771ef3de1e'],0.4043173436919339,0.2519340528273449,0.13633000378365523,0.41173576699784614,0,likely_human,1.0,0.2519340528273449,0.4043173436919339
UCFVzy5wfCIroT3kHNW6jK9A,4,1,1,['d01c7cd1532c735ff1223b98de5bac8b'],0.37113409002584863,0.25192525483630307,0.162042783094086,0.3913627908174273,0,likely_human,1.0,0.25192525483630307,0.37113409002584863
UC91X8tKqlJ7faXGQExmWrSg,-1,1,1,['a7eda859a5c97abe5cac86d7bae2fb3f'],0.4142263662077595,0.2519119489734906,0.15632396770418222,0.333161409720175,0,likely_human,1.0,0.2519119489734906,0.4142263662077595
UCexNumkDw0pnljhK1GMNwHg,59,1,1,['85591c7e6cc87fd5ee3f54bfc7e5eb14'],0.3991092855158269,0.25186193498166703,0.13111662323767437,0.35425430840515,0,likely_human,1.0,0.25186193498166703,0.3991092855158269
UC8j6KhWITqSdtuNV9hjnrtw,75,1,1,['75ec11258355281d21bf2dccfddc59a7'],0.4623065956898538,0.25184444417366564,0.05778718717006378,0.22422559906417897,0,likely_human,1.0,0.25184444417366564,0.4623065956898538
UCgF6mCgJmfpo2dC5kcDfj9A,-1,1,1,['5ab9f3ea279f90ef8bf57bbbd4829c6d'],0.3410851323605206,0.2518312792195959,0.19922965472169765,0.5669347390352809,0,likely_human,1.0,0.2518312792195959,0.3410851323605206
UCH0qzGtnHcIH_bgChWoCxDg,-1,1,1,['1fb8901c35c63d7127f34ad6077d6a19'],0.3956938910598117,0.2517768340981973,0.17108248173671411,0.3839472672369671,0,likely_human,1.0,0.2517768340981973,0.3956938910598117
UCDXlDUDrQx1LJIa4zIVc8ug,-1,1,1,['3509bec0f63f7ae2f31115b8649284f2'],0.39193198776345894,0.2516940480770498,0.16962118524447986,0.406457915607757,0,likely_human,1.0,0.2516940480770498,0.39193198776345894
UCIdGUozFZ18JiYcJEziyIwg,-1,4,2,"['17931ced7f96689f15200f5e773cea5e', '9093fa15e974cf66b408809bb1914abe', '235c5a4b05d38c817059a23c5fbeb3d1', '16fd533dd4198f0bf386e9e747b562d0']",0.425446026462985,0.2515576479150155,0.0838189319525072,0.4267089631519394,0,likely_human,1.0,0.2515576479150155,0.425446026462985
UCHkFDnGGO2f47ZvMwHeofnA,-1,1,1,['328af92831f4b862f0c5c75d5dfc9fd3'],0.38008261004384825,0.2515077705723465,0.166294347815725,0.4579242033805979,0,likely_human,1.0,0.2515077705723465,0.38008261004384825
UCeMTapDr6RZjbwOWeyU3GLQ,-1,1,1,['ce060d9e9bc617421ef427b912836787'],0.3994283433878113,0.25139656328618815,0.1462342323733142,0.41812689103171136,0,likely_human,1.0,0.25139656328618815,0.3994283433878113
UCJlAphZPeGfu9cZJsCnDs1g,-1,1,1,['a3325824515ea6ff8db0f96a23337efc'],0.34611279403485984,0.2512577786453911,0.21745673575774702,0.5238217829844726,0,likely_human,1.0,0.2512577786453911,0.34611279403485984
UCrIH3Ljf97u9hxIHahpfy6A,-1,3,1,"['2bb378313a3c6860cf58425e69043dce', '2414893aa5310b44d0306f116779c1e5', '6010638628b0a81dc37d27807d8c10e2']",0.40749986637218577,0.2512219633427115,0.12415289780259883,0.4347878763256008,0,likely_human,1.0,0.2512219633427115,0.40749986637218577
UCwk0nGGw6OFJHn1X4lyk96Q,-1,1,1,['ab722a46b9337adafaf9294c87ea83b4'],0.37476269366284004,0.251116139719928,0.18311919564313203,0.4427178853794431,0,likely_human,1.0,0.251116139719928,0.37476269366284004
UCF1hcizqnvh4gH5Lb8Codkg,-1,1,1,['1938bbefb9b466f96a1417d749bcb852'],0.3827408849220351,0.25090827244395664,0.18610019405653702,0.3957276997915692,0,likely_human,1.0,0.25090827244395664,0.3827408849220351
UCsYdhvEArgCOAvaoVc-nsTA,-1,1,1,['b44a7b5127ef9fecc1e992ebb627323d'],0.38339872369795547,0.2507638643985716,0.15837807424506362,0.43919613573258554,0,likely_human,1.0,0.2507638643985716,0.38339872369795547
UCmjQRS1pH1A87BkzxKrX6VQ,-1,1,1,['f1066724e226d24c114f2c5beee7923f'],0.42607693258366347,0.2506167402527039,0.14038573139287605,0.297157321910146,0,likely_human,1.0,0.2506167402527039,0.42607693258366347
UCs7OfMjZAtzceIA54-ue3yw,-1,1,1,['332f58be2808e486dbe62dfce1dd1026'],0.3950600545733367,0.25040215584690284,0.15694452946678658,0.39776308467151994,0,likely_human,1.0,0.25040215584690284,0.3950600545733367
UCYPXtMslU5TNE-RzzAQFGBw,-1,2,1,"['285e12d02f91440e685f11eb40ec2400', '34827fafe258f0462903cefa76609855']",0.42484317104708813,0.250388650285124,0.1257159391872974,0.3292189942714142,0,likely_human,1.0,0.250388650285124,0.42484317104708813
UCEfUt2kmfM8SfucfjVeJq4A,-1,1,1,['efb15f65be017b13f414774d9d64e3ad'],0.3737025911618507,0.25037016381933913,0.19359534476299492,0.43645747718626937,0,likely_human,1.0,0.25037016381933913,0.3737025911618507
UCNRTq2pMXLeczFdV8HU7o4Q,-1,1,1,['f77b61fc96dedc330b84d6829e283e8a'],0.36332907384193736,0.2502634523397625,0.18594563114637147,0.47901042383896986,0,likely_human,1.0,0.2502634523397625,0.36332907384193736
UCcay-y8bW3FR_0HQnn6oT8g,29,1,1,['f1cf657c9351e55eb0625209bd94cd34'],0.39205759126583906,0.2502288443047065,0.12698141322017803,0.32491297379217654,0,likely_human,1.0,0.2502288443047065,0.39205759126583906
UC93fa-7TDJKDfxKvGyaUP7w,-1,1,1,['fe415205fd123b63ee1291f3e4980ab5'],0.349222031919841,0.2501840394332988,0.19030018407147417,0.545742080276974,0,likely_human,1.0,0.2501840394332988,0.349222031919841
UC9023Ru6uut_UV0ToUlaKeA,-1,1,1,['7a8ee47d049dd484e9cf9b665a77a179'],0.39532538262801653,0.25013543626691953,0.15481370355090418,0.4028707185370954,0,likely_human,1.0,0.25013543626691953,0.39532538262801653
UC0jJxJsBKdyLKNMM81Fb1Ng,-1,1,1,['1e486d702187b935cc110a56eadbdad2'],0.36235354658625196,0.2501277061209499,0.19491473648704444,0.46404499262843735,0,likely_human,1.0,0.2501277061209499,0.36235354658625196
UCfS_8pmC0L_FsrKJr11s-Fw,-1,1,1,['f4a1f25f24a9f0808523a4ce36127ed4'],0.3596561441687237,0.2500470554544122,0.1972245149785122,0.46296300069578317,0,likely_human,1.0,0.2500470554544122,0.3596561441687237
UCjpgL8U9g2ZN5Ojr_gswjpA,-1,1,1,['9e9f4dbcae925b46ae7b33975224ecc8'],0.33626533527171476,0.250041636139038,0.18710610285965631,0.5961069795542246,0,likely_human,1.0,0.250041636139038,0.33626533527171476
UCWbMJdnAM9vVBftQdOZn4eQ,60,1,1,['1825003682b11a08535b442349bd0e0c'],0.40051664605525167,0.24981191461634106,0.12887982138850773,0.3390342231282064,0,likely_human,1.0,0.24981191461634106,0.40051664605525167
UCweNcKiXrIC8ZcNoGxvmJCA,-1,1,1,['29e2383f4f708279963a64e56607b5f0'],0.3720449679613155,0.24974446472361328,0.17157103951788635,0.4690038526300089,0,likely_human,1.0,0.24974446472361328,0.3720449679613155
UCh9mdhSIhFijK5XUzPm5fMg,-1,1,1,['eba89be0f90cbb2ed7932268f9586923'],0.3801183596890708,0.24970793412897202,0.18453624404452673,0.4205415336203491,0,likely_human,1.0,0.24970793412897202,0.3801183596890708
UC9avub1GVTMG7foNUn8yT_w,-1,1,1,['735c592eff049949ed7c062b733ca63d'],0.4245143347278394,0.2496118891746526,0.12855472441860843,0.332819679727942,0,likely_human,1.0,0.2496118891746526,0.4245143347278394
UCoM8-JhmYESW4PUUhknK7Hw,-1,1,1,['60f5b18e88ccb495c2f426a098bc9b31'],0.3998821623565292,0.24957501013964398,0.15765593264610647,0.36059463424700966,0,likely_human,1.0,0.24957501013964398,0.3998821623565292
UC309ZfFENqF2KYILdriu8Mg,-1,1,1,['b0a677fbbd1aeb03e545853f07ccf13f'],0.418354643022546,0.24957020173707964,0.12555979507333434,0.349331841598867,0,likely_human,1.0,0.24957020173707964,0.418354643022546
UC9bHnZhPsz7lELQdOlI8HUA,-1,4,2,"['eb4747afbd32c2cc15db088d06ef2826', '8f0cc8a3e37a49cd5396797526985f1c', '286ec4aec75e444c5ac94a609aa0f6a5', '4a56078d7e352fd1ffab63406b36b36e']",0.40590616406135616,0.24950298899985457,0.09988195196543899,0.4637758983384739,0,likely_human,1.0,0.24950298899985457,0.40590616406135616
UC5U9kgYktcQbglY7Q-zaIzg,-1,1,1,['83fa522d7bee1267f070d28f97a7db37'],0.3484094074459946,0.24948548883060667,0.18048427020342236,0.5475676825198041,0,likely_human,1.0,0.24948548883060667,0.3484094074459946
UC4FVOKWaW7Lqg6hBcSVNy1Q,-1,1,1,['7f5b001a4c119655770a4612656c3005'],0.33924774137262526,0.24946431069004776,0.2206937061860631,0.5057636073373191,0,likely_human,1.0,0.24946431069004776,0.33924774137262526
UCkWDUBryrjfk7ES1gCsA7nA,-1,1,1,['a021ac0c79eb0517353478f05e1d789a'],0.42935143288683963,0.24940575376718313,0.0740566262791582,0.40023042094457545,0,likely_human,1.0,0.24940575376718313,0.42935143288683963
UCxG7Uu_KNLiA3D-hRLCthMQ,-1,1,1,['6a8ce4451af77983e34e3e88cc8ee755'],0.3604374245510345,0.2492709056866221,0.19352785735472525,0.46776856849033044,0,likely_human,1.0,0.2492709056866221,0.3604374245510345
UCcU7hQOboCImPBiTALSOBmQ,-1,1,1,['30930800d571183996d206f248326c8a'],0.355570887335136,0.24917772352195003,0.19966017793982568,0.4747714192341422,0,likely_human,1.0,0.24917772352195003,0.355570887335136
UC33KV39qgto4iofwQ6nG3Xg,-1,1,1,['c104b247ad4531a9cee2ac9dc671ab68'],0.3875165547361816,0.2489946239963241,0.15239200691676524,0.43097399409509085,0,likely_human,1.0,0.2489946239963241,0.3875165547361816
UCTYOkBoxcPFGPfbziq3WlCA,-1,1,1,['d76600e1e8d1d51ad70417836e49a30e'],0.34376013477537026,0.2489712637336673,0.2098192933883855,0.500264051541852,0,likely_human,1.0,0.2489712637336673,0.34376013477537026
UCEOfhFYHtR6gnP-4vyDmfPA,-1,1,1,['146ff9cad46d7f3eda5f4bac7abb2add'],0.35670112975141643,0.24888290627047244,0.1749626060656497,0.5237277617517994,0,likely_human,1.0,0.24888290627047244,0.35670112975141643
UCzSI33EMVUupditH0CZYemg,-1,1,1,['4d6a741546bded76368552d520148dac'],0.40279643494582645,0.24883860756267048,0.14078006119033382,0.38497519423375604,0,likely_human,1.0,0.24883860756267048,0.40279643494582645
UCN_iXPrE7nj8KzONUX2gXFw,-1,1,1,['3e907b47e18b8f55ff2905360729314e'],0.36057097544810723,0.24875258574494108,0.1933087151002284,0.45729737793135294,0,likely_human,1.0,0.24875258574494108,0.36057097544810723
UCXIJgqnII2ZOINSWNOGFThA,-1,2,1,"['3bd8c76ea3215c2568fabc7c61830c3b', '3bd8c76ea3215c2568fabc7c61830c3b']",0.37618862383089524,0.24860930140788567,0.15840348598993956,0.46396910182525486,0,likely_human,1.0,0.24860930140788567,0.37618862383089524
UCP8Ca1uQWyNA6irNP8ik59g,-1,1,1,['b9ac5cd89ce007ae35e47e6bc7971965'],0.3852989381218497,0.24838689394499355,0.17243399549519225,0.39508880707876204,0,likely_human,1.0,0.24838689394499355,0.3852989381218497
UCezg3Dhuif8l8iF-uUOT1MQ,-1,1,1,['aecc00efdaf8ef9743ffd1da072b6aab'],0.3709486667683529,0.24833307902692897,0.17202764337205784,0.45198066543671456,0,likely_human,1.0,0.24833307902692897,0.3709486667683529
UCYr7cE-pNQbyNL9Qhvw3duA,-1,1,1,['60517e73d678795f9aa9c833df66f831'],0.3909121305908542,0.24827528291611367,0.16432488268794374,0.3688339027236636,0,likely_human,1.0,0.24827528291611367,0.3909121305908542
UCcMsnyzps_2kn7Pi1y9dLtQ,-1,3,1,"['918cc89b56ea94cf4b080a9b85cce440', 'a637313cdcdd486dd0017fbd44000a87', '3a81265d1520d528fca02eda2753423e']",0.39579857071775293,0.24795024474102345,0.1281817335031492,0.42783344391763073,0,likely_human,1.0,0.24795024474102345,0.39579857071775293
UCJYLQSY5WW1lWove0eJHP4g,-1,2,1,"['2eed646a47463c016fe7862742666b5f', 'c58cd1db7ecdc3fddbdd34ae39b03993']",0.4213090674106974,0.24794513533217005,0.1103130945839022,0.35296964194308567,0,likely_human,1.0,0.24794513533217005,0.4213090674106974
UCG1NCWuK5-JyuggQd5UAl-A,-1,1,1,['f25422d93d7a5b6fb5525bce240ebcc0'],0.36877119871793534,0.24779226803768012,0.20141302574299194,0.4060147505668863,0,likely_human,1.0,0.24779226803768012,0.36877119871793534
UCoe2P0S-koPG90DN9MqfsIg,-1,1,1,['b598a0a63a0643be08c80690d0ce3614'],0.3353808596311487,0.24774224278443313,0.2164002096939041,0.5169663263655698,0,likely_human,1.0,0.24774224278443313,0.3353808596311487
UCgBin5d6eRGVQoiF-K4BGIA,-1,1,1,['a64d9a13672689ed78669218b2722797'],0.3773119097744851,0.24772970920651785,0.15330663016907783,0.45204242461510685,0,likely_human,1.0,0.24772970920651785,0.3773119097744851
UCjG3L2gaTP1P2wdAdgKEhyQ,-1,1,1,['b099c77bab0499aa6f712a55ef3531b0'],0.3631854897501981,0.24770083058824272,0.1826960336699929,0.47065623131133394,0,likely_human,1.0,0.24770083058824272,0.3631854897501981
UCXVvEWIyQ7Gx28MfsSbsVAg,-1,1,1,['d17f013283603584e07dd7292333b100'],0.41272144035093605,0.24763736251122812,0.11533396651739172,0.3750294627709815,0,likely_human,1.0,0.24763736251122812,0.41272144035093605
UCrzW_uYCdrbON9UNGuLt7yQ,-1,1,1,['7ad4bf78d0b0bfe47fd7329b6183c5ff'],0.3908354972854169,0.24745335269846366,0.1511072253492038,0.4009811942678839,0,likely_human,1.0,0.24745335269846366,0.3908354972854169
UCGpoA6eHHj4Cn4YsOFd4erg,79,1,1,['adf3e562a24cf4178e3e0aea41eada9c'],0.36200969400220206,0.24744357964199015,0.14985770897734368,0.4383345600187705,0,likely_human,1.0,0.24744357964199015,0.36200969400220206
UCIe15gMXxcbQ-A5PO2UvJxg,-1,1,1,['2639ca8b732f2321a92f70e4ebb9f2c9'],0.35818049833879484,0.2473031158115757,0.1586247659888615,0.5333420602531385,0,likely_human,1.0,0.2473031158115757,0.35818049833879484
UCTJWkRemBBHSEnw-Ssly1aA,41,1,1,['a17580cc7c7ae4263510fd661115d0f9'],0.3949290850805447,0.24699150644531712,0.1070773767858592,0.347028278493214,0,likely_human,1.0,0.24699150644531712,0.3949290850805447
UCt9i4HYkFzmikNOCoIwllfg,-1,1,1,['0b8e77b561473ced6fcddd363e416e28'],0.4019232361484092,0.2468859660272717,0.14121316655819555,0.3681318953916762,0,likely_human,1.0,0.2468859660272717,0.4019232361484092
UCZvtpw2-LqZw6evn0-AqcNA,-1,1,1,['5f47bf56463603eba9dc9165278c2407'],0.36445851847852073,0.24687312982701426,0.19587112470050105,0.43051115610761037,0,likely_human,1.0,0.24687312982701426,0.36445851847852073
UChSqi1NsKYpPKrcjnKXcBiw,-1,1,1,['a1e102c714bd779473f281f311502b17'],0.4109282501593412,0.2467252945481112,0.11031556273019924,0.3908314358816864,0,likely_human,1.0,0.2467252945481112,0.4109282501593412
UCY6hQpKmKUjGZVEvBXJ8cpA,-1,1,1,['301f9d6841db21d19d49f96ab5b410a0'],0.36668259962187494,0.24670463174349322,0.17285292672430028,0.45822304420615567,0,likely_human,1.0,0.24670463174349322,0.36668259962187494
UCFFFT8e0BjTuFgNQNoWmgrw,-1,2,1,"['e4f5da27c14779fef18e3da332fe4148', '12dc1b5346d42a4fa79e721af20de26c']",0.38175177877784694,0.24665978074826014,0.15812416457804,0.4235760167352203,0,likely_human,1.0,0.24665978074826014,0.38175177877784694
UC9ggBrzEk9AETXE3PXMnNQw,-1,1,1,['3b83c2ad5b913259c0ad2f3aef782b46'],0.3956024729222337,0.24643810273739034,0.12898047199701798,0.40687375956251526,0,likely_human,1.0,0.24643810273739034,0.3956024729222337
UCtScPAAHusSilWzbkIYocMQ,-1,1,1,['a76ec32b0867d9d1517f654384227fbf'],0.40551265117034274,0.24643095703284967,0.13288313011965774,0.3571007306439735,0,likely_human,1.0,0.24643095703284967,0.40551265117034274
UCCQGQvgD4N8Wy19_46ZiSig,-1,1,1,['5310b20b3e862caac6859fb11e396f7c'],0.3502927958013794,0.2464048174197906,0.1842917755774787,0.5043068751641873,0,likely_human,1.0,0.2464048174197906,0.3502927958013794
UCaL_VN13wLpeUFzcMy-6KAw,-1,1,1,['456c896f7dc5ef5499b04e4d781b3690'],0.36864123289319817,0.24632523235725756,0.1667767280373678,0.46298930797109633,0,likely_human,1.0,0.24632523235725756,0.36864123289319817
UCViQmNdhx8093id4_5MJZIA,-1,1,1,['eb6a3a7d6f0c6894722f5f6a9a1a11e1'],0.377783461999311,0.2463020395570774,0.1613130897649965,0.42497825461184524,0,likely_human,1.0,0.2463020395570774,0.377783461999311
UC8W1IWY3FwFqQmbdGu5BCww,-1,2,2,"['721a92efd441dfa9e32c173a0de12810', '7596c855ac30063d0d6ab957c2c97451']",0.3147058025841165,0.24613587730703218,0.20519904922140694,0.6383642633818187,0,likely_human,1.0,0.24613587730703218,0.3147058025841165
UCUBMXTLxruDORgK0TM_8gng,-1,1,1,['80bc4890d46d3cfa24e52bc22eb178dc'],0.3734943477616176,0.24612838978499504,0.16514409134922148,0.44172422486581636,0,likely_human,1.0,0.24612838978499504,0.3734943477616176
UCbm4Ct9IR36B4XRe3tAfifg,-1,1,1,['7d05056161abfdc232ba25efa9ed79bd'],0.39012991380647344,0.24612511214643226,0.13024212199615698,0.4338577970846839,0,likely_human,1.0,0.24612511214643226,0.39012991380647344
UCKflTMWB0_-lrtUoRDH2XSQ,-1,1,1,['9a27fbef8252250eba5e79b580b10440'],0.39478738115582807,0.24609624076395611,0.13946924030645466,0.39475452618845996,0,likely_human,1.0,0.24609624076395611,0.39478738115582807
UC0-J6L-_a6nzGB1svT_1KfQ,-1,11,1,"['6e5b4786760d1da0f879f245782df228', '98248674ccb963d556e0fdc7963039ba', 'c9eca10a4b96c40ab7319ea51f04d589', '7bde2719d34f4f2ba6cfaebac03c3044', '193cbf1489b6b85180f073e41ca04604', '201196d2b8285ade1bbc73bf4994183d', '9896a594dfd23f749bcc212be07f96cf', 'fb9d0534eac3f378002f3424097881ed', 'a1b0e80a28812e0aaf5296a0752a3d7c', 'fbf9b9e5f6beca959ed680c399dd7099', '7514e757ab895c5f772c230c7f119d18']",0.3810294651879284,0.2459833428761147,0.12379122545935015,0.49928409823610675,0,likely_human,1.0,0.2459833428761147,0.3810294651879284
UC_gHyU4rBnatxCsXASXjt5w,-1,1,1,['cafd6d082ea7b2b65e8149520d6104ef'],0.3702809218403572,0.24580625296130343,0.181520661015832,0.42188898553169923,0,likely_human,1.0,0.24580625296130343,0.3702809218403572
UCfRqHOvd_72A7HekIZ78T6w,29,1,1,['2539666cfe5f28038680e4d2359eacf9'],0.38513130436372894,0.24577551076469634,0.1259168502516998,0.3107691127835159,0,likely_human,1.0,0.24577551076469634,0.38513130436372894
UC19X_xEskOjg32LnMXmNPWA,-1,1,1,['46b660d2486dfeb07b3102dfec5bf317'],0.3968259581766964,0.2457689092679426,0.1384890751573092,0.37543897812622784,0,likely_human,1.0,0.2457689092679426,0.3968259581766964
UCDyvjaVq_5bfp1Yd35PlUzA,-1,1,1,['46a04ac9df25a447af3afe1a6ba439bf'],0.39337104402527023,0.24559109422040054,0.15876899738557793,0.35635778744390717,0,likely_human,1.0,0.24559109422040054,0.39337104402527023
UC1yBLArVb9DQZ-1wfrKFKng,-1,1,1,['1fbd35c4deec491860523d057586cf24'],0.3972458901790976,0.24557106387025715,0.15370118086219933,0.3447855685680383,0,likely_human,1.0,0.24557106387025715,0.3972458901790976
UCsYu3IRGRyZnCs3iBWD8nJQ,-1,1,1,['ae6632cbed9787e46e490678cae0f8e9'],0.3740209660475101,0.24555763579372594,0.16301929001524496,0.42354193247615773,0,likely_human,1.0,0.24555763579372594,0.3740209660475101
UCk-7abu__SFVTE459oWJRDA,-1,1,1,['63c6aae247850a835e2ccbab09c46f61'],0.3810675329612274,0.24552691101987,0.1561299998974612,0.41107489821564114,0,likely_human,1.0,0.24552691101987,0.3810675329612274
UCql6rs6xXxnwz-OoooI7N6Q,-1,1,1,['edefbb7a27d79505d54c52c96e353149'],0.3734225374709381,0.2454349742911672,0.17490638368116754,0.40507994672646813,0,likely_human,1.0,0.2454349742911672,0.3734225374709381
UC5UlPjTtW70pT3QIZJK-KRQ,-1,3,3,"['ae03695ff156031b3545fe3b5c848c8a', 'bf4f85120b87db0b891b71ce221a129e', '8048adb02c5748774de69e3754779bd8']",0.3475339264020878,0.24540914480297366,0.1788548920811721,0.5175017890666865,0,likely_human,1.0,0.24540914480297366,0.3475339264020878
UCErSh-Cs4cpXNrrRE7tOTHQ,-1,1,1,['f27269fea631fb5d7951dbe21e284028'],0.3998920417701893,0.24536305570403333,0.13512882945860893,0.37270430629963613,0,likely_human,1.0,0.24536305570403333,0.3998920417701893
UCHsF9wPcYnk1upp5-zbig_Q,-1,1,1,['bb0d4b9032854961d3a9883886811c44'],0.36699656964873717,0.2453059212503378,0.15703494540131327,0.47416882916827796,0,likely_human,1.0,0.2453059212503378,0.36699656964873717
UCC6K5rZ-3-_YCGbmF4r5-FA,-1,1,1,['d438ffef6270cf3063dc8d16020ac994'],0.40274738570990753,0.24520059034682826,0.13328922098885282,0.3604703940176604,0,likely_human,1.0,0.24520059034682826,0.40274738570990753
UCcyeGLaYh9zTcD2YEBUJbvw,-1,1,1,['e5d00a5d3971b6b470fd36f9f5d1a8c3'],0.381258190576794,0.24493403101447156,0.17326903950249292,0.37432599137272465,0,likely_human,1.0,0.24493403101447156,0.381258190576794
UCrThO9Cb1uV55eE3v_wOwcQ,-1,1,1,['610425d2717df6408165276b8cb7bd88'],0.4015784743484718,0.24466289773644284,0.10739052723038163,0.40297554387469775,0,likely_human,1.0,0.24466289773644284,0.4015784743484718
UC82bkJ2tZBFxGggcMeXaERg,-1,1,1,['6af90506c052ea9db3c5e9c689bec9ea'],0.37642052034088036,0.2444039387719863,0.16114800723109973,0.4095648859594957,0,likely_human,1.0,0.2444039387719863,0.37642052034088036
UCJYJKONhcWvnTosTGhGuZvQ,-1,2,1,"['a014e97bbc39c18ac88a04152ae5b53d', '37d55b45636cf46b4b00e83f42ca2942']",0.4223048034096647,0.24408884233652509,0.09711816225617749,0.34261640221049383,0,likely_human,1.0,0.24408884233652509,0.4223048034096647
UC49ulzqrhscIrBYW8Ml5Agw,-1,1,1,['d94bd54c377bc7836c5ccf062436a944'],0.38303862268510114,0.24402498656042043,0.16127304582261678,0.3748664094491813,0,likely_human,1.0,0.24402498656042043,0.38303862268510114
UC2H7UCgkCphed0_VCzvyVWQ,-1,1,1,['b1050f9d9ea0f61c9e76021a639022c2'],0.3101823533532245,0.24398274200892445,0.22259549091550385,0.5762670642444411,0,likely_human,1.0,0.24398274200892445,0.3101823533532245
UCt16fwXEo6a9FBX5YxYYMmg,-1,1,1,['8c2693e22830e4a18d5761d27f1c784f'],0.4129446082525304,0.24394929306213908,0.11463128708794099,0.3408779590990994,0,likely_human,1.0,0.24394929306213908,0.4129446082525304
UCf6FKBSa-eU-LBJs1B_o_Pw,-1,1,1,['8ece9f4cbfffccd8e88aa7d997c9b13f'],0.40269022731112836,0.24382852177455908,0.12469755131080164,0.35500419995350474,0,likely_human,1.0,0.24382852177455908,0.40269022731112836
UCRctbPbW1tFQSx9qlfTxvPw,-1,1,1,['ad5c783be5e20d55d035428312d5917f'],0.3683316429886043,0.24377767870689104,0.18712794684643508,0.3999862792582911,0,likely_human,1.0,0.24377767870689104,0.3683316429886043
UCTkH7o0_87pyvoNbgd2MhsA,-1,1,1,['633c8f5dac84cd3f9b029404c24f5f28'],0.3769656416632614,0.24354902647694937,0.18038611281359632,0.37145213321609083,0,likely_human,1.0,0.24354902647694937,0.3769656416632614
UCzuJL2iQyEMI11uFB6ym_kA,-1,1,1,['e8ee2ce6dac88b58429c5b1b9086f5e2'],0.3996495683256787,0.24347712839758323,0.1241403889761024,0.3778088279276148,0,likely_human,1.0,0.24347712839758323,0.3996495683256787
UC81zcf4kuHixmbPD5f6xLaA,-1,1,1,['fd3161181872b62f739be606ca781a1f'],0.3614285480517345,0.24345690021359298,0.17358304420725487,0.44506875293503567,0,likely_human,1.0,0.24345690021359298,0.3614285480517345
UCu9hLuPlhWvrduZv9Jm6CWA,-1,1,1,['06f8e8bce598c3c14ab83c72ebec5641'],0.3732186508691916,0.2432533609421631,0.16395770982574898,0.40645919212883785,0,likely_human,1.0,0.2432533609421631,0.3732186508691916
UCDKDNnlLLJfDENAPKHCl_UQ,-1,1,1,['f9736641de9a989d199af7f2b6a03c49'],0.4029965913605351,0.24323389351632724,0.10934061617602282,0.3916979498151993,0,likely_human,1.0,0.24323389351632724,0.4029965913605351
UCloxiwnGUZcqFiwn6k2V3lQ,-1,1,1,['8fbe161bd5049885c19b148420dafe5f'],0.40843909276267093,0.2430843384744124,0.12337809103350343,0.33435820179010456,0,likely_human,1.0,0.2430843384744124,0.40843909276267093
UCaTAFoE62QzLLptCRPw9gHg,-1,1,1,['372846e1c72f552df8de1e12e3748f01'],0.3839405661402058,0.24306607085819243,0.1253835810239784,0.43829941550890317,0,likely_human,1.0,0.24306607085819243,0.3839405661402058
UCbahqJnEYXMi8F2IKuptUOg,-1,1,1,['2f1b22b67bcbfa17fcf0219ad140be15'],0.3263863036611367,0.24293685976713358,0.20863253253463335,0.5386931112911632,0,likely_human,1.0,0.24293685976713358,0.3263863036611367
UCF0sO9eR6oonUB4TCGhrpyg,-1,1,1,['2a8b8e3f7c5f441890a3d8115e7bd28d'],0.35592958559023175,0.2429144009552246,0.1843682796395559,0.44339320373033264,0,likely_human,1.0,0.2429144009552246,0.35592958559023175
UCkD5wIPDeTn1u98ncKzz2vw,-1,1,1,['03844cfe9ee8007d03a4127abe6d0f22'],0.3284599079877557,0.24291150324202232,0.21697401769342475,0.49969587484438005,0,likely_human,1.0,0.24291150324202232,0.3284599079877557
UCWQqbHTnAWvfsyzb8zAfkHw,-1,2,1,"['6bdb3c4b84a01e39d40b568f10e89d4a', '476d90e18f11e8a356f3c4f99c8415a7']",0.35243653116585194,0.24271822600272325,0.17600343647536187,0.48183008096851004,0,likely_human,1.0,0.24271822600272325,0.35243653116585194
UCUZ_FeXQ_4RNsQw98Jj0U_A,-1,1,1,['aacb99283f07b3eab2cda41319fc5d5e'],0.41879716704089026,0.24259159254779347,0.11276385362693438,0.30329821670890805,0,likely_human,1.0,0.24259159254779347,0.41879716704089026
UC65GMHPLzSXu9na-o7dkRsw,-1,1,1,['9eb6b356f57146e2431c6442fc798ae0'],0.4203740013191353,0.24253627843932676,0.10958004192267264,0.30740788979943345,0,likely_human,1.0,0.24253627843932676,0.4203740013191353
UCCF0p8JN5iRBj5ORycvMW4A,-1,1,1,['f7a1aaffe529a999b6cf7490d29edaea'],0.3766496325672616,0.2424670488563099,0.1314460348873923,0.4513923971790764,0,likely_human,1.0,0.2424670488563099,0.3766496325672616
UC5i3mB-ojXIqA8BVL63vfYw,-1,1,1,['d78dc204ab4fdaefe08c986acc6e356c'],0.4287742456443492,0.2422161185744663,0.08545396705447061,0.3151775267349039,0,likely_human,1.0,0.2422161185744663,0.4287742456443492
UCPHtMK83Fc9_R0Ie2l3xa-g,-1,1,1,['2fa00ed7361be3484096eb03c0f76980'],0.42006778618852625,0.2421411309913426,0.09440754938693437,0.3341801793966445,0,likely_human,1.0,0.2421411309913426,0.42006778618852625
UC1VKU_Q7mMhraEKjlCa0xlw,-1,1,1,['ec9593bb219687875ecfb6f4786724a5'],0.3371889794978723,0.24207110120284853,0.19830248539288642,0.48933296052285596,0,likely_human,1.0,0.24207110120284853,0.3371889794978723
UCPoI11w72seQt9IHfkApnpw,-1,1,1,['296e7302d0f3b1d740a58892c99e996c'],0.3526079786380003,0.2419471400442977,0.18629343019917124,0.4443210573068195,0,likely_human,1.0,0.2419471400442977,0.3526079786380003
UCunW-Xi58WFqsMeH1oo6vvQ,-1,1,1,['f9cb14670be04d6a79309cba8726a233'],0.36850777291695425,0.2418146985136141,0.1757174342313283,0.4080674989079616,0,likely_human,1.0,0.2418146985136141,0.36850777291695425
UCAj0C3F3HGfuezpvKC3XUCg,-1,1,1,['22913a6c968bd6248a3e805c332337ed'],0.3740647930437321,0.24180759649872133,0.13408356082211534,0.4515243329285317,0,likely_human,1.0,0.24180759649872133,0.3740647930437321
UCvJCaIHmrIcFkr9s4ip7DDQ,-1,1,1,['6b0aa6a8ca57dc19e81027bd516dfe8c'],0.3521364050449065,0.24180462875419653,0.18752676513277697,0.4518089490939572,0,likely_human,1.0,0.24180462875419653,0.3521364050449065
UCLsf3KatZ30CfF4IFB0kRrw,-1,1,1,['547c5f15157c418a94a51a56f062460f'],0.37416265368197343,0.2415635884396995,0.14990803790534563,0.42676186797248117,0,likely_human,1.0,0.2415635884396995,0.37416265368197343
UCxSmfVkmJ55x469SyvTYq1w,-1,26,1,"['fa22db09b1383a6ca2799f28a9ce8d8c', '570d12d52f596b5418581a3e99c3a056', 'ddbaf6ad3e34654510278a70499cbbb4', 'a3fbe26880732fbc444b1f2b5ec7a80b', 'd7f5b3fbe40f2701a7c49d9a8626fe28', 'd6aa447fd569caf5d48cfa80a5d893d4', 'df1b84905b50061d3c1110fa8a94ae68', 'a44a482e284e97d0724ab62850b73bb7', 'b1b5503f257784d7c7508e3c10b8cc9e', '4c628db21c0963b050693a1efb8092aa', '227d41f095a2a0782f17245ddfc0ca3e', '5fe05efc540f90560e255a481795e069', '4eaac58d9ce2fdee37d662658ba5003b', '9e34c9a3a70ccfe0dbd3c392f118fcab', 'a020de1cdf09487e2c5409727bf6f6a0', '360f0965fecec78cade4987cda8c1284', '37282347b1d67fc68628129978d0a3f9', '94d7537934d65daf8f60c07e865f92fe', 'e7d15cc5194bb685fafbbb0a2bd7f0d8', '7b2a872dcef1d10fa70e12ebeaf3bdc6', 'bf4114f868e3f1bbe6484674759b354a', 'e88979daf91ba570ee95e8cfb7d2c5e3', 'ac519a7370c47d322550967a11030f67', '153a206e9b480bf990d3215451d53334', 'b313d37ee819c3fa7f7a7d65c1e30eb3', '31bb6e1d7d6f21babec9cb773f63bca7']",0.32325012290790806,0.24156337048016338,0.1563702206851327,0.6383642633818187,0,likely_human,1.0,0.24156337048016338,0.32325012290790806
UC80v_tf3280u4CJOn4w-30A,-1,2,1,"['e39633e84b2307cebbc33d55d3288e8c', '0b3071c0811c80ada4645fcee1259649']",0.38572010395847356,0.24153292735015902,0.1452552938456877,0.3764694617557589,0,likely_human,1.0,0.24153292735015902,0.38572010395847356
UCRdjLzoy6zMZ5lrhzjpusqg,-1,5,2,"['d056ff2f0daf62b21578fd49ec49d989', '45bfefff1fd2dc59634a0e8cb6a3ad1d', '8484c23ba5d33b3cdc25dac1bdc6f478', '88e286da786c1c943dc3b91037e37a8c', '5c495c86c9c34badc7aae9c09f6820f3']",0.35738251095019485,0.2412882661274563,0.15531795540115612,0.4931508495839476,0,likely_human,1.0,0.2412882661274563,0.35738251095019485
UCjvx1E0gHFdC5LxJRT0aGsg,-1,1,1,['e074edc73a87800b984cefc823877bf9'],0.39248629825855447,0.24118758602349266,0.13650907359137315,0.3603006214546034,0,likely_human,1.0,0.24118758602349266,0.39248629825855447
UCHs9BMOBFJ5sTsUa3NSs73g,-1,3,1,"['5f06069b473cb391421bde9318ddc62f', '5f06069b473cb391421bde9318ddc62f', '0bb6dd321c9c96d8f47e9a342f2256d5']",0.3880816394283662,0.24044116234113375,0.11732881933462805,0.4141068508543846,0,likely_human,1.0,0.24044116234113375,0.3880816394283662
UChMgaUaL8c5YO7PBMO2TDCw,-1,1,1,['fbada87ca777b2fa6af770cb999171c7'],0.4191923973293848,0.24001382726760295,0.1013637588369547,0.3044988873921433,0,likely_human,1.0,0.24001382726760295,0.4191923973293848
UCiwXm8qpvoK6d7eKE6JconA,-1,1,1,['b0ee915810e85ced2e3a3f1aff5072d6'],0.3608714477161431,0.23995614993852735,0.1676254924467692,0.4218721045330837,0,likely_human,1.0,0.23995614993852735,0.3608714477161431
UCdm6XKicjgoCQj9T4nlY5cw,-1,1,1,['64dce672797903d7dee13a04a175bd75'],0.28957423159653667,0.2398564269126236,0.25532547402528744,0.597232808254953,0,likely_human,1.0,0.2398564269126236,0.28957423159653667
UCin5si7K4x_jp_ZIAunGmMA,-1,1,1,['2d22a7dca09526146e708f51ee433b33'],0.38038575017078347,0.23979428552418192,0.13515135332180003,0.4071003681056337,0,likely_human,1.0,0.23979428552418192,0.38038575017078347
UCkJbrzsq7EcLdTCW34nvDCA,-1,1,1,['99b409887c82d96d7b2333e9a45599c0'],0.3516351629456585,0.23975261610397852,0.16884121450916298,0.45643629861037854,0,likely_human,1.0,0.23975261610397852,0.3516351629456585
UCgyoSpIFO1dd7MzjA53l-ug,-1,1,1,['38b67baaa65a568a2f31bd6889c71155'],0.34736431145209823,0.23971979045816716,0.17395961384866826,0.46339541640791704,0,likely_human,1.0,0.23971979045816716,0.34736431145209823
UCYrdVaDj5oKxQrUze4BSz9w,-1,2,1,"['2380c05ff99f84027f8cb70a32b68f3b', '49de4ea9948e622b09d3a282e5e49a3a']",0.3980960227573928,0.23967254905889018,0.11538256274056116,0.3612056222444491,0,likely_human,1.0,0.23967254905889018,0.3980960227573928
UCO-JZCyRoyMAVBaviQU2feA,-1,2,2,"['8a17a5f66fdfce70f94438af8f4e66ce', '3c610d31dcc30351bda6c608654b47bc']",0.3727652488243805,0.23964044276318539,0.14855980460856003,0.41391096772996916,0,likely_human,1.0,0.23964044276318539,0.3727652488243805
UCMQ0ZUyHLYmZdASSY9n2zug,-1,1,1,['3e68747772300f2f4e7ed41ed6003223'],0.3576959141399796,0.23954933557834587,0.16756413679019735,0.4301877846833473,0,likely_human,1.0,0.23954933557834587,0.3576959141399796
UCaZO7fbH-4y540cEEE5MMGQ,-1,3,1,"['a37720ad3050c73ce5cad701f3c58884', '63600d2f5c5c3e607b768a1c34268b50', '9cf9f96cee2fe0b2f344226a8492058d']",0.36684159079559,0.23950557241767814,0.15947996016854807,0.42304266647376654,0,likely_human,1.0,0.23950557241767814,0.36684159079559
UC48Fk-HFhHUiw_33X-bNdOw,-1,1,1,['9d97f061ced75a19fc39e5130ea3f60a'],0.39933053806407004,0.2393723441659454,0.11549378297875643,0.3540114722289064,0,likely_human,1.0,0.2393723441659454,0.39933053806407004
UCe2x_KN_sjsXwwJyxumHrpg,-1,1,1,['8ea69428eab455632c5e4c54ea5ed204'],0.3621339838051613,0.23929828324532776,0.15236647091835992,0.4427135165257472,0,likely_human,1.0,0.23929828324532776,0.3621339838051613
UCRpi4ZOzNkh60r4FBYXLj8Q,-1,1,1,['de04016a87d4be66ee83f31befcd03b4'],0.3354446614946635,0.2392480897111605,0.18672847272077817,0.49426212760111227,0,likely_human,1.0,0.2392480897111605,0.3354446614946635
UCzFAONwZpQ4VTu891DQSQ1w,-1,1,1,['46c24a2fbb658ec8b7630cd90a4f8da9'],0.39860484130633145,0.23922068506433242,0.13919600410477356,0.3124403471094807,0,likely_human,1.0,0.23922068506433242,0.39860484130633145
UCCUfUqT4jYddXQo0qx17VkA,-1,1,1,['266914b8e19fbf7e847b303ce4c1c861'],0.3585761650420125,0.23918913013892398,0.15832839177905775,0.44606365270991555,0,likely_human,1.0,0.23918913013892398,0.3585761650420125
UCUVcjW1PBFr5_KjYF--W42Q,-1,1,1,['7f2dca3467c5185689c314ac2796670f'],0.3254684096951237,0.2391555900668273,0.18850514901685628,0.5331476374654432,0,likely_human,1.0,0.2391555900668273,0.3254684096951237
UCgqpBDemn5iQNRjcdGyxCJw,-1,1,1,['164e7a6c6ff725d6c2f7f87c72012355'],0.3763741702325616,0.23914462595756628,0.15502154080276281,0.37505933366506966,0,likely_human,1.0,0.23914462595756628,0.3763741702325616
UCtBeEcsGaF-kmPDowOEw2Pg,-1,2,1,"['58fbf40a789d6d6ab57ce77f580fc99e', 'd7cc37849bf448941576a3e4d19f196d']",0.34031209527763256,0.2388758692716148,0.18299912935986332,0.47950448158926573,0,likely_human,1.0,0.2388758692716148,0.34031209527763256
UCakGMfOKYtFD85vadE0ncVA,-1,4,2,"['bbbd3da828a17e89f00208e7098c288c', 'ce18399a79708fd0399ee20c7281fcd2', '4c8fdf844bef49c8ca96b7dc73752693', 'bab66f87499a40d125721c26d649db02']",0.3503759625466139,0.23866469530490478,0.17525586229977025,0.44480477126743595,0,likely_human,1.0,0.23866469530490478,0.3503759625466139
UCU7WEYvJau0eIjA0zFaAHQw,-1,1,1,['bd4c640e1e46dec8d42689fb002b3b6b'],0.3837880983098345,0.2384521502831481,0.1278670798532814,0.389938004489338,0,likely_human,1.0,0.2384521502831481,0.3837880983098345
UC5XSwR9gXJfpWnNBCd-Mfbg,-1,1,1,['68c61df5cb26df3465c42e08140daacf'],0.375182085942244,0.23841670923777802,0.1244201286340428,0.43741177382213975,0,likely_human,1.0,0.23841670923777802,0.375182085942244
UCDhyswSIqpVBF-q2mXa4GfA,-1,1,1,['3fd64e8c74b05210dedf540a4b9df102'],0.37020426218160485,0.2381893700362786,0.14512129035030527,0.41126987739182747,0,likely_human,1.0,0.2381893700362786,0.37020426218160485
UCXjYwIt4_YUzBGs0KFuCdZQ,-1,2,1,"['0b3b58969b610b3f5e4f01fd2b0404a8', '1e5e44624762a216e6912ace8bd2a882']",0.3606800976879881,0.23818119555308698,0.1529072353636774,0.4333710646713937,0,likely_human,1.0,0.23818119555308698,0.3606800976879881
UC74s3tyDYKTibN_3AwkbxYA,-1,1,1,['42ee473f4dede141d07e139e836995f7'],0.3470887250819841,0.23806244088048245,0.13173376599467898,0.5408313020364635,0,likely_human,1.0,0.23806244088048245,0.3470887250819841
UCT8xyVfPrnnBk3aatJ8ld8w,-1,1,1,['07398a0bd5c25e8dc750faa75aa0bc8a'],0.3644703803643882,0.2378326779759945,0.176047059773272,0.375138882048686,0,likely_human,1.0,0.2378326779759945,0.3644703803643882
UCxMVyAVNm2qKvj8QfL-03bA,-1,1,1,['f9f7f84b248e857340b1395bc289f71d'],0.3470674197476846,0.23772970680529587,0.17794054390393715,0.4386247294586317,0,likely_human,1.0,0.23772970680529587,0.3470674197476846
UCneorqIoMOohHOrlo1m8axg,-1,1,1,['e212bd7a3fe068345598b3158649b681'],0.33865990628434745,0.23756571540415863,0.19338040904811699,0.4487816273054779,0,likely_human,1.0,0.23756571540415863,0.33865990628434745
UC0Grip7OkGswYyjsQukiROQ,-1,1,1,['5f718cb47aa877e17d7362ee47f151c9'],0.3375352428488495,0.23737484710486867,0.17250647080175566,0.4952023095808499,0,likely_human,1.0,0.23737484710486867,0.3375352428488495
UCJIakGIwf4lw1byIHxnZ_Ww,-1,1,1,['664b81e325bbdd803469b0548ba101ac'],0.3583476684466509,0.2373715720767438,0.17625592945611898,0.4025258106331389,0,likely_human,1.0,0.2373715720767438,0.3583476684466509
UCh8hCsti0sVLeXLoQFoUevA,-1,1,1,['96c9df1675042bfe5115f1a5f4cb13d1'],0.345293833975421,0.23734463821254181,0.17876814944174307,0.45084662898740485,0,likely_human,1.0,0.23734463821254181,0.345293833975421
UCySReTfg6xeRSPzFN6Kp5CA,-1,2,1,"['b217797d1c43908be79093d2e6cfef26', '3ecd086fda885c6f751435b6b4ff82da']",0.3393970456159338,0.23711976431621512,0.17183459512059057,0.49731356594080806,0,likely_human,1.0,0.23711976431621512,0.3393970456159338
UCZn5Uq6Dy4Ok62we7udhMsQ,-1,1,1,['cec2975971e86ce100e65e40237c1dd4'],0.3424680889015058,0.2369936611234037,0.1658437526497634,0.48433969626002443,0,likely_human,1.0,0.2369936611234037,0.3424680889015058
UC_EVZOX04xbsO1-pv_Tlecg,-1,1,1,['c9d7cb78ba5f5ca21d9b5cdef9479f1d'],0.35450201628772027,0.23684714828296385,0.16555583091321005,0.42937083685510335,0,likely_human,1.0,0.23684714828296385,0.35450201628772027
UCDjPXX1_QLCHyDOKd-UFMLQ,-1,1,1,['6caa2b1d9df6419044b29658fb3a937b'],0.3546418006838047,0.2368036245220021,0.18907793619218935,0.38264713987893373,0,likely_human,1.0,0.2368036245220021,0.3546418006838047
UCFQ3EdtuKzsl9H8fDj33Rkw,-1,2,1,"['585f4b67cd2e676d437eed53f91d1609', '123f4e7a664c840a970eebd3b2e95ade']",0.3519412985520189,0.23675462657149318,0.16634147489636214,0.4347878763256008,0,likely_human,1.0,0.23675462657149318,0.3519412985520189
UCuqrsjo5K-GQs5SGe7AUVlw,-1,1,1,['4ac965d856c0f66f96946aee07dbed8a'],0.3527373851923513,0.23653838432603663,0.17726461535578195,0.40568610655330445,0,likely_human,1.0,0.23653838432603663,0.3527373851923513
UCTo0EU99rK6p1DadEXj8e4A,-1,1,1,['280e06b8e09f40c821dd5241970b040e'],0.3289068450463567,0.23651945266089386,0.2060929314352848,0.45828175546327543,0,likely_human,1.0,0.23651945266089386,0.3289068450463567
UCQRpGNZRN5FgOHBzKogdcMg,-1,2,1,"['48af7bcb2fd41603946b888fa7901539', '6ebe73004f0caed712d6df0d8c5a7c3e']",0.3378249348424162,0.23633335864583277,0.16848748499889546,0.4855054410047589,0,likely_human,1.0,0.23633335864583277,0.3378249348424162
UCL1N-NkB2tn5xvigrPmpi3Q,-1,2,1,"['1f2c94bce100430cbf154908b9568c2a', '4aa5164988d38a1d3bfc7ad8e1db55dc']",0.3583752638139599,0.23627027203914558,0.1346891878874841,0.45828175546327543,0,likely_human,1.0,0.23627027203914558,0.3583752638139599
UCTsVBds37T4VK5jFLQ_1edA,-1,1,1,['7c74e5c9b84fc66e6b9c536c94a79d87'],0.3536910400389276,0.2362327645415721,0.1568678755235715,0.43929690292217444,0,likely_human,1.0,0.2362327645415721,0.3536910400389276
UCy6wNSSy5021FugvjbCr1AA,-1,1,1,['41f2236baa2901e1e190d7d83b06221f'],0.34056939358705335,0.2357594452295425,0.1534177367802255,0.5002887018448069,0,likely_human,1.0,0.2357594452295425,0.34056939358705335
UCWH8owUOKJTv_sGNMzpmQow,-1,2,1,"['2b48b718627246aa6031f75f05f5600e', '010c2dfd8819eb9a1967bf89ed883899']",0.3778487788158412,0.2356911529065951,0.13355472788841663,0.37763499639968845,0,likely_human,1.0,0.2356911529065951,0.3778487788158412
UCTcULAxnLTSkr_HmXJPVIIw,-1,1,1,['c32bfa82f2d034b832ca34364f6d3398'],0.3551215550963809,0.23558434144223306,0.14086673633306054,0.4599744619769536,0,likely_human,1.0,0.23558434144223306,0.3551215550963809
UCI_jMi8M2cPTde2leP5Gx_g,-1,2,1,"['dd9a500f28c7c8bc982c67c961d8cf6d', 'abf5c5e1e4bfd9d91e95ea5e21e22590']",0.32566785005983717,0.23556078765528432,0.17852110099672105,0.5133774913286407,0,likely_human,1.0,0.23556078765528432,0.32566785005983717
UC2TF3i2EOyEN-L8Rm8OBntw,-1,2,1,"['8dff66d366bf60e3a8f8f31797c2fa2c', 'ed2589bf383bf19726cd5f531ba951e9']",0.34937042657809114,0.23552638697592207,0.18489276087663856,0.3961206156269105,0,likely_human,1.0,0.23552638697592207,0.34937042657809114
UCvLXHsoxyRGqBVG9xB2xSog,-1,1,1,['cdd6181fbd5e463a31fa33f11d0402bc'],0.3436566259027191,0.23552604694325313,0.17365318292460605,0.43817972041739583,0,likely_human,1.0,0.23552604694325313,0.3436566259027191
UCFG3y2_SVpLTXZo69ZAnFiA,-1,1,1,['62ff315305adf44d072596c9bfc72d01'],0.37415232389876407,0.23530234784430723,0.152039866385777,0.3538782946957432,0,likely_human,1.0,0.23530234784430723,0.37415232389876407
UCdhfOA7-yaSwFkqgen3Yk-A,-1,1,1,['93eb28ee63934bbb6c94cb71911ab28f'],0.38782623391092996,0.2351065938275192,0.1214296925491933,0.3428568633149892,0,likely_human,1.0,0.2351065938275192,0.38782623391092996
UCbNGH7QtyDa4ogMlDSeB81g,-1,1,1,['794e80d168d6cd3079f836a4328faa1e'],0.3360960141746174,0.23503955040196117,0.1981005980802501,0.43669339905257454,0,likely_human,1.0,0.23503955040196117,0.3360960141746174
UCETz4CikRMW2M37aEGJdZxw,-1,1,1,['64a6ba0de324406a9141d086cbbc6dc9'],0.3401268503545367,0.23494394686023498,0.16799390561523517,0.47404801181021555,0,likely_human,1.0,0.23494394686023498,0.3401268503545367
UCO2b5rhWyZP8CyW86_Y_XRg,-1,2,1,"['0696929b25e6d04379b203d1b9b57139', '2db38a103f38b132b7e4f2e22ffe49d1']",0.3510103489012584,0.23476302467720156,0.15695624049351714,0.4399765190048238,0,likely_human,1.0,0.23476302467720156,0.3510103489012584
UCE-XAbH1WQyBpEoqvvEScBA,-1,1,1,['b88274acfd7d46f371c787da84bb342c'],0.3873386393499859,0.2346311108969804,0.11170754738258237,0.36835269495895395,0,likely_human,1.0,0.2346311108969804,0.3873386393499859
UCXYrmZJy1pTQRdWfRFrMZoQ,-1,1,1,['01e07ae72fb7603cde89db9f22e77335'],0.3975427137429652,0.23455395195284623,0.12131474857917623,0.3114719020226962,0,likely_human,1.0,0.23455395195284623,0.3975427137429652
UCQ3XhCwWHIsJ4q2OomdRMVA,-1,1,1,['9dadb167ba0912eb0857c1b11f78587b'],0.3615096790617978,0.2344994435624036,0.17487194674864645,0.3600032350328015,0,likely_human,1.0,0.2344994435624036,0.3615096790617978
UCECt5djqyBVznqhmi7E1a_Q,-1,1,1,['21894b5ab530c2cfc5303a48d31abb92'],0.3196483977699841,0.234271601574136,0.16867731512342618,0.5590645954226644,0,likely_human,1.0,0.234271601574136,0.3196483977699841
UCY5rLxYbnhR8FyiXTe1MT_Q,-1,1,1,['314708e640115b8c7f377eabceb7bda9'],0.39522226653073944,0.23410095726799235,0.0879863811678313,0.37405374485669723,0,likely_human,1.0,0.23410095726799235,0.39522226653073944
UCxuB8ld9rfSxLkuqkhfzBxg,-1,1,1,['389c5e30f2f81ce05c1fbe30bc9bc2b4'],0.4020717647184322,0.2340159928717283,0.10493817403170326,0.30564879342906853,0,likely_human,1.0,0.2340159928717283,0.4020717647184322
UCe5PkU4wVEwjzpuScPoB2_A,-1,1,1,['ee0dce8e94e562874bda98867842c96d'],0.3701932375241822,0.2337138956143704,0.1339628681622525,0.39031176609692353,0,likely_human,1.0,0.2337138956143704,0.3701932375241822
UC7GSLQNH726994azH3l4g8w,-1,1,1,['180ecd2f6beb45a533d24bce9ce48682'],0.291567344101631,0.23370591093110213,0.21678773637250634,0.5732325050893312,0,likely_human,1.0,0.23370591093110213,0.291567344101631
UCYi8ccKFPRBPzWcPn81dTeg,-1,1,1,['6183f2d1618660a9ad51324a2527e4c3'],0.37226960440865153,0.23334603269200516,0.14793416715451743,0.3628377359903393,0,likely_human,1.0,0.23334603269200516,0.37226960440865153
UCeqrh3HjE2HXTZPpINDO-wA,-1,1,1,['9f322698222e760eadf24765788b9de0'],0.3248883030822858,0.23319924832572195,0.19097292523690085,0.4695760216528688,0,likely_human,1.0,0.23319924832572195,0.3248883030822858
UCs-en0qhzy67ZRRWxtkQexg,-1,1,1,['a9fc410ee3fc10095a862e4b253f3cb5'],0.3503817260713718,0.23319151847656167,0.16904347226247976,0.41116119189047307,0,likely_human,1.0,0.23319151847656167,0.3503817260713718
UCZb777DMB5rqO3zHnapML7A,-1,2,2,"['b98cd9c3f7a37252c131f2ef9ec8f1e7', 'd976ce97a5cf8d5d3ecc9e361323ebcd']",0.3325649262019335,0.23273926055396216,0.18044518551847433,0.45839753965329316,0,likely_human,1.0,0.23273926055396216,0.3325649262019335
UCJMWFa4DiTXEShW_prbTguA,-1,1,1,['b1cb59f6ea8f27b6c1bf6edaa354dd07'],0.35378396107079424,0.23273806407957764,0.14158071471533046,0.4495190759242456,0,likely_human,1.0,0.23273806407957764,0.35378396107079424
UCz7n-wbrA_P2DwV9beeybvg,-1,1,1,['6f3a3d2f9a03249466ae4faf9e928212'],0.3389515608048024,0.23246612902709113,0.18071769446172647,0.41750733154830266,0,likely_human,1.0,0.23246612902709113,0.3389515608048024
UCHFxd7PMuqnkzbbrsh6QHyw,-1,1,1,['5a90eaaf024f9c89d1dcf805042315eb'],0.3384618135386105,0.23213789558225287,0.17434091764041468,0.43355691412176356,0,likely_human,1.0,0.23213789558225287,0.3384618135386105
UCkzaYy3Q8QswaMfAG58fOcA,-1,1,1,['236554fc08eb20fcac3530a55e32ac14'],0.35467241652136916,0.23209458167929736,0.13045687936144917,0.44913366789872095,0,likely_human,1.0,0.23209458167929736,0.35467241652136916
UCaFVcRMC2ob0no8HEhtb51g,-1,1,1,['fcadf4e455855e60d7e4945103ab0338'],0.3587179707225357,0.2318545894220761,0.16073792960063776,0.3655184291203288,0,likely_human,1.0,0.2318545894220761,0.3587179707225357
UCzksAq-4hJcifoEpqJfQm4w,-1,2,2,"['06eaf1ba8ae08cddbc45bf4192ffcb8d', 'f94958e2229a0935d530fa8b6c090226']",0.3416058884517662,0.23177053495629907,0.16077218695416215,0.4399951747578775,0,likely_human,1.0,0.23177053495629907,0.3416058884517662
UCk9w6Az3DAEq80GHNKzvNfA,-1,2,2,"['c8ba49868a87ae49d689e1f736f6e215', 'e6f8e3105a42c83b27e719e25af7a4c3']",0.3124483133452236,0.2316847425374069,0.19383549398981623,0.5152197326845123,0,likely_human,1.0,0.2316847425374069,0.3124483133452236
UCdtTDSeRV3dZx3Wwcotpu_w,-1,1,1,['c183649d7b1f9f7b337696836f18a23c'],0.3556598286643712,0.23162233602833265,0.14054384473637993,0.42636418212087385,0,likely_human,1.0,0.23162233602833265,0.3556598286643712
UCvlRxZYvNBYzBb_E5wBZrYg,-1,3,1,"['aac8372416c8e6248215796cdce155c5', '02bf07e28c8435f03416cd2dd5045863', '5ef5782886ee10683af9dd7a0f847a75']",0.34888351082377006,0.23138017629731872,0.15397286554831205,0.4158100783236337,0,likely_human,1.0,0.23138017629731872,0.34888351082377006
UCdK8u2mTNAwDMNd2vsrsVuA,-1,1,1,['a479df81e7c98452bd2b9bcd9b8bf049'],0.341693434496645,0.2313776356749244,0.17121421534505843,0.4258684910893277,0,likely_human,1.0,0.2313776356749244,0.341693434496645
UC2s4qVK3p2hkdJLjxfVY3CA,-1,2,1,"['02b48aacb074eca7b0718e79ea0f42b4', 'dcf5e3d6d8fd9c07a5fa204a2f341d1b']",0.3467934113407171,0.23086213263666233,0.1484417678136875,0.43729987440380474,0,likely_human,1.0,0.23086213263666233,0.3467934113407171
UCP3hjjv-EoffkYtuIBYzIRA,-1,1,1,['686ccbd40cf109119d8b9875147d6678'],0.35989728763537604,0.2308154629618127,0.13948287674275175,0.3968236813282997,0,likely_human,1.0,0.2308154629618127,0.35989728763537604
UC-793Q-DesS7_5Kyi2MiUlw,-1,1,1,['709a3d4e7530753387f846c40aa58e30'],0.3180197849569574,0.2307159428230483,0.17609327327395585,0.5131392645056636,0,likely_human,1.0,0.2307159428230483,0.3180197849569574
UCDQ0vOEfkG4WAitAq4MDOSg,-1,1,1,['50db5c811bcd6106874bf801f614b61f'],0.4112161784405445,0.23048843342672698,0.06713990216210264,0.29794377300896796,0,likely_human,1.0,0.23048843342672698,0.4112161784405445
UCBsIqkfz4QaXYZ-w0m07Uxw,-1,1,1,['f3dd71a31209a69a373b039ab8207c36'],0.4108642480946628,0.23027620220456685,0.08198025411896331,0.2788159328398343,0,likely_human,1.0,0.23027620220456685,0.4108642480946628
UC-oqwjU-gPcJ64UKcE6HUuA,-1,1,1,['08a415e63fb5b18a5039b739833b3b50'],0.30279670466202663,0.23000592097465455,0.19937981883173245,0.5242694614186989,0,likely_human,1.0,0.23000592097465455,0.30279670466202663
UCrtFjBTFIkg1PEGs-SGqyRw,-1,1,1,['b2dfd88140e1b1ed78b74d4c93e0e6d6'],0.41405049265538896,0.229773084451529,0.07186076181560927,0.28831604696596863,0,likely_human,1.0,0.229773084451529,0.41405049265538896
UCJ7C0lQ0jlewYBebFwureQQ,-1,1,1,['dc95a60648533d9f6733608187a0404c'],0.3416634921950486,0.22964911661023335,0.16674052880270557,0.4031998395301682,0,likely_human,1.0,0.22964911661023335,0.3416634921950486
UCfi_xz23hkLfuZWxNzen5iQ,-1,1,1,['10fdcc9971409c195ffd645748da3a6c'],0.31996975208912715,0.2294374341533088,0.18416237522339676,0.4706042679555631,0,likely_human,1.0,0.2294374341533088,0.31996975208912715
UCQcuphhvax9aJIKpOGiBcaA,-1,1,1,['994d76c1481f2314ba6021442e8f1c1f'],0.34388817295915397,0.229187642177548,0.14762070541174643,0.43355691412176356,0,likely_human,1.0,0.229187642177548,0.34388817295915397
UCH_Br78N44cEgvlgTaJcKuw,-1,1,1,['952fbd516d090ab6c61be87bc594db1e'],0.3747294776186957,0.2291659411281647,0.11900938636627466,0.3501358529665112,0,likely_human,1.0,0.2291659411281647,0.3747294776186957
UCfF1AalCvyt2Sd96rNN3bAw,-1,1,1,['09e5320cf93ee1c42c8f1eb2215c3687'],0.3456616284025058,0.229052088758609,0.170542165651006,0.3780959085156186,0,likely_human,1.0,0.229052088758609,0.3456616284025058
UCeGr6Y2jvA23DNSKMf7oyPA,-1,1,1,['dc7a3bf755b668a75618127fcbc7e31c'],0.3422944280190419,0.22901591524332696,0.1736295356080549,0.3853712356127572,0,likely_human,1.0,0.22901591524332696,0.3422944280190419
UCSFC80sUTIqcpMkx_HVobNA,-1,1,1,['5446b6fc007ebe314cdc8f5ee5a08f0c'],0.3292482925690042,0.22893132514045414,0.18608216695832366,0.4213679669206761,0,likely_human,1.0,0.22893132514045414,0.3292482925690042
UCh7jsXGOc2txgpJRXzjRTDQ,-1,1,1,['20b26cb08dbd4a5e8dc8cfcc093bede4'],0.3239202686637249,0.22884461096952902,0.186493070976208,0.45011609242792194,0,likely_human,1.0,0.22884461096952902,0.3239202686637249
UCnMnERV7k6HCZPdqjO9XN0Q,-1,1,1,['34ea0866d1c025761dc1a7b5220c4710'],0.4037029313432474,0.22848715080891263,0.0925023217012185,0.2749673184984077,0,likely_human,1.0,0.22848715080891263,0.4037029313432474
UCzw15U2oFjJoy21T1aVNK5g,-1,4,1,"['e7568acc96a56d34cae3fca6806d4a70', '2b1c6ac839d52a51f3f4f28da006f2d1', '161d665fd99da81fa9109866138830ce', '1a80dce86a4aef4b47745876ff991dd7']",0.30943903338452283,0.2284289475900237,0.156408134191182,0.5627516858669688,0,likely_human,1.0,0.2284289475900237,0.30943903338452283
UCaBtEQl-gM2D3ridTJe-4ug,-1,1,1,['215be56e5ef5d4686c54c70d1028f183'],0.31162597263125785,0.22829414033193712,0.19890151229867273,0.46465600844281507,0,likely_human,1.0,0.22829414033193712,0.31162597263125785
UC7RUcnYcqrxypGCttHPYJOQ,-1,2,1,"['3bece436fae99135d0d028d6e3dd9a49', 'eafab8299558798f484c4cabbac9454a']",0.3468209794611261,0.22823382385072996,0.1384117195351623,0.43235686506066207,0,likely_human,1.0,0.22823382385072996,0.3468209794611261
UCWHveC-25lVa-avIXn7AHqw,-1,1,1,['71815e11fa6ac2477354ddbd4660a519'],0.36503635855693023,0.22822519949312337,0.13212269986237477,0.3541886054111046,0,likely_human,1.0,0.22822519949312337,0.36503635855693023
UCrDOS5pDF0HvoYrEzOZZ0kw,-1,1,1,['725e71b8e61e1c239024814fba17ae17'],0.31788694904787274,0.22787625774162037,0.14607569013315724,0.5486211908951725,0,likely_human,1.0,0.22787625774162037,0.31788694904787274
UCLXHI7LXQiTe3aiF85BKtRw,-1,1,1,['9ed1c8a81516e7e37b660f2be6a71745'],0.3347494960806219,0.22787094343046443,0.13238860901958008,0.4987292140413585,0,likely_human,1.0,0.22787094343046443,0.3347494960806219
UCFPxnqN6VljYqt-C0ZlRwww,-1,2,1,"['6ecef236274060f6cf33781c741c7468', 'ffeb4847f1f2e5fb11b72d648df53467']",0.3576372753233482,0.22778668712794595,0.13747369000058018,0.37924355686817374,0,likely_human,1.0,0.22778668712794595,0.3576372753233482
UCzyJiK6qGkTbZzqgRW4mGrw,-1,1,1,['a52060a8b8027ebe0b9efe25590840ca'],0.30575293203826703,0.2276320813785192,0.16889422807461266,0.564678047572367,0,likely_human,1.0,0.2276320813785192,0.30575293203826703
UC7XLfeMJzWZX_vfZQ8Iivwg,-1,1,1,['b414856ea3fe504686ff95bb5db128a0'],0.32343782875408345,0.22754371706126936,0.14590320630904982,0.5243896633858436,0,likely_human,1.0,0.22754371706126936,0.32343782875408345
UCjRmVS-FyYcKg4pVo_A2oDA,-1,1,1,['a4fa1cd41ea4e569180dbfc659fb7d62'],0.35414322948829385,0.22744194925900443,0.1438434412840606,0.38194905590290207,0,likely_human,1.0,0.22744194925900443,0.35414322948829385
UC47CNBVHAEn0pUOno2od8Ow,-1,2,2,"['1d0f0884dd622e409039ff54fa40b046', '61cea9f20dbc291db7727e1df77dcd06']",0.3081616546660205,0.22712073969529334,0.18961827175324386,0.4862416031448441,0,likely_human,1.0,0.22712073969529334,0.3081616546660205
UCDnnNjkcr2yMmSW4QFgUp-g,-1,2,1,"['84a17b813c08e13134238b145af737c9', '582f9111a7ced25fa3930e62bcf074f7']",0.3475543922646362,0.22705920304236352,0.14765715712050326,0.39471583077133,0,likely_human,1.0,0.22705920304236352,0.3475543922646362
UCFK9w7six9GcMMYg49MKrZw,-1,1,1,['a07711abf552a65be66b91a18022772b'],0.36904113059460175,0.22700843184844896,0.12371169708014504,0.34355605343007517,0,likely_human,1.0,0.22700843184844896,0.36904113059460175
UCIK3c5-CGCr5qhID6yy5aQA,-1,1,1,['ceb75ac40d0e3cb2b773e2ac4ae44362'],0.34306434663814445,0.22700452927344414,0.14558960146052508,0.42230742775152064,0,likely_human,1.0,0.22700452927344414,0.34306434663814445
UCBgZibhnzHOH8GPHtqLObMg,-1,1,1,['83089e013bc04d30f4fbaee3a25681b4'],0.35213740723215237,0.22681355230751613,0.1579741384741241,0.3504570739325754,0,likely_human,1.0,0.22681355230751613,0.35213740723215237
UC_FbQBdP7Nf6Durkyvzn9Cw,-1,1,1,['5fc992b89201ce5cbc51abdc1791fdb0'],0.3266660651527155,0.22639247707649382,0.15266517147977998,0.4771830631622659,0,likely_human,1.0,0.22639247707649382,0.3266660651527155
UCG7JRDGySfgv9IeNaJf3gpA,-1,1,1,['b7c6e17c0072c5e3818ee50ee0ff5c88'],0.3390462979732004,0.22591287981250463,0.14880956371574994,0.43741177382213975,0,likely_human,1.0,0.22591287981250463,0.3390462979732004
UCjq3D2i0c1t26SLsK8Pj0pw,-1,1,1,['d02806509f67ebde4fbbfb4ef0e72206'],0.3156248416415831,0.22574404358043404,0.1863211445266491,0.4599693913776365,0,likely_human,1.0,0.22574404358043404,0.3156248416415831
UCTXiW9WWqMYy-tchIMrvM2A,-1,1,1,['4a0efc838395a883215aaeee2bdbb376'],0.3514038917839466,0.22510493027152187,0.14903179624852095,0.3620392676090768,0,likely_human,1.0,0.22510493027152187,0.3514038917839466
UCIoujX6Q68SVQ89uFot6DDQ,-1,1,1,['593af19e0b0d73010d0ccb7c785acda0'],0.31873416611034416,0.22507193319022514,0.18928982817288406,0.41502102982754424,0,likely_human,1.0,0.22507193319022514,0.31873416611034416
UCqb0-vjnN7UdFy6ONw-NkrQ,-1,1,1,['5723373b1a2e9a8b074f5207c35a5d49'],0.3141876329872647,0.22505062915930346,0.19866716073302734,0.4268587857357043,0,likely_human,1.0,0.22505062915930346,0.3141876329872647
UC1p0gTbx4UiFC-1iT_0m7mA,-1,1,1,['d1c18184de8f3dd484ab16e82f4bf5cc'],0.30377132519440464,0.2249456296509867,0.19860520088241257,0.4698336216888787,0,likely_human,1.0,0.2249456296509867,0.30377132519440464
UC0_MRQKGyiuo-2svnx0T6-Q,-1,1,1,['af3605198f3662797c1c88efd13a1ea6'],0.3927197280052622,0.22484340428430435,0.08043984633920646,0.3112687477544665,0,likely_human,1.0,0.22484340428430435,0.3927197280052622
UCsyW2UbCgdqlmfmdf0xoFrQ,-1,2,2,"['3deb1bd5ffb0e66449c0a51bf081dbbf', 'be28149d1752822a27f678b630f6b233']",0.33418262498411544,0.22474039494810014,0.1538768215744733,0.4205134782731258,0,likely_human,1.0,0.22474039494810014,0.33418262498411544
UCWbsSFluANBH9kxJVf_iTiw,-1,1,1,['1cb6bc51cac29a1503b9fd945aada3a8'],0.32164307986518437,0.22435290810185943,0.1651068509665676,0.45783163346350675,0,likely_human,1.0,0.22435290810185943,0.32164307986518437
UC35w6_uwClaKGLVl_-tLWEw,-1,1,1,['55dd061686a73f1b617cb6e44ac666bf'],0.34285269903492044,0.22401982054889633,0.14129834902926966,0.3988571221165906,0,likely_human,1.0,0.22401982054889633,0.34285269903492044
UCxkKS4RTTQW6z_7pZ4vbJzQ,-1,1,1,['838677ae6f338dd946f8020fdc542bff'],0.3082206447692268,0.22401096196005377,0.17932793790857726,0.4771489456926642,0,likely_human,1.0,0.22401096196005377,0.3082206447692268
UCHsTIcoufKa876aWIQlNVKw,-1,1,1,['4e173da2f2ba011ad7c346f8c97391cf'],0.27275549446438807,0.22398182784970855,0.21473289267818146,0.5725487668426026,0,likely_human,1.0,0.22398182784970855,0.27275549446438807
UCrTD5zdxx-Lwh2dNIvHAs3w,-1,1,1,['5f143aa5171477f80bb92d5324be14e5'],0.36598478807493806,0.22391356614165822,0.11753435114296457,0.3359496238283444,0,likely_human,1.0,0.22391356614165822,0.36598478807493806
UCiVW0pHBlL8MntVl6DVJprg,-1,1,1,['0eb54df194cf804a8765e009d141fd11'],0.3277275857745997,0.22359354864658454,0.18424548643044614,0.3834298124572859,0,likely_human,1.0,0.22359354864658454,0.3277275857745997
UC1vz1FHEAUWhuJedC7933Ug,-1,1,1,['1e31472564b9c0dc68289f20be227309'],0.330007519641229,0.22324204726262467,0.17124381310756726,0.3952949899888627,0,likely_human,1.0,0.22324204726262467,0.330007519641229
UCnV8VP3lIBPrEXK31rCi1oQ,-1,1,1,['31f89d39d418857fdc958e5655b2f635'],0.2989701006559371,0.22318033925637698,0.18935610715906728,0.48889508972949336,0,likely_human,1.0,0.22318033925637698,0.2989701006559371
UCa0_SDmpUnBLq2zlvzKpGUQ,-1,1,1,['1f3cfe17be73520085ff0840a314594f'],0.3191129131093251,0.223140538325647,0.16591785687120755,0.4523553644033877,0,likely_human,1.0,0.223140538325647,0.3191129131093251
UCoHOjvewS-3Qm7KPMCQFz9A,-1,1,1,['c1b9da6e97201d8c59917be23d75024a'],0.33434586760473645,0.22311792479500497,0.17104716377407211,0.3744149282220086,0,likely_human,1.0,0.22311792479500497,0.33434586760473645
UCXVIkv29htA9rNr1Tibgdaw,-1,2,2,"['43ef0700bbea66dedb0c9a2487ae4e95', '6becff0eb5087192c38790f1c56271ea']",0.3434988587744139,0.22227692839197313,0.12080691240519513,0.4226617303774203,0,likely_human,1.0,0.22227692839197313,0.3434988587744139
UCrf3sz8HBoEUyEP_xw7bglQ,-1,1,1,['c8c381994d7242d933b96a7d934f1185'],0.29489939704401724,0.22214282711378838,0.19741847887604896,0.484671240549299,0,likely_human,1.0,0.22214282711378838,0.29489939704401724
UCKPbDTbEyXrlXy0DL3Wt6mw,-1,1,1,['84bc2b3f85d5cece6fa9d804b0bc6bcc'],0.3174336714498267,0.2221071149768672,0.18566315163151684,0.406455736983733,0,likely_human,1.0,0.2221071149768672,0.3174336714498267
UCxs5FfALYvVtL8WzU1qmzMw,-1,1,1,['5053689d812972821f180c592573e125'],0.30091543034008916,0.22192968737281318,0.1972198713377486,0.46614432756226687,0,likely_human,1.0,0.22192968737281318,0.30091543034008916
UCCfgYYO82uuEWrQbpbxNamA,-1,2,2,"['c603657dba996e694db99d4d43209e61', '146110e55bdd6802e0d589affec2d20f']",0.32770322277654157,0.22149193388048383,0.15508830163148046,0.4107634745006403,0,likely_human,1.0,0.22149193388048383,0.32770322277654157
UCi0roWH9FzIKdWYJea1Ruvw,-1,1,1,['bee3e8ca8d64134dcb3f9b42ec6522d4'],0.3050074990841642,0.2214475646963254,0.1925233171335759,0.4532009210084784,0,likely_human,1.0,0.2214475646963254,0.3050074990841642
UCKjfd8qSL7jv83XEw2TEMFA,-1,1,1,['42b6a80dda9432951daf3b29fbfbe06e'],0.32048725283762347,0.22129822968546542,0.17945245988198183,0.39130189062447085,0,likely_human,1.0,0.22129822968546542,0.32048725283762347
UChnJwYOKVOkSP2Px_0vj4wA,-1,1,1,['d2f587399f826b504788639f3a97e69c'],0.35176592544725005,0.22123925895610203,0.13465741362726416,0.34828101655475985,0,likely_human,1.0,0.22123925895610203,0.35176592544725005
UCoQRdglBG-e31AuzcUwkZ6w,-1,1,1,['6de7e1ff59967c4060b9624fedad1a8e'],0.33254403030287627,0.22121525402986036,0.14683753328269117,0.40637926594845664,0,likely_human,1.0,0.22121525402986036,0.33254403030287627
UCHdAu6riUiqViLO3736o_8g,56,1,1,['8175f9a83b79e691c21c348df056868a'],0.3550861999816495,0.2209970639098817,0.10182230315938537,0.302229817913103,0,likely_human,1.0,0.2209970639098817,0.3550861999816495
UCZJAtHDXaqeRP4xws8tU-1w,-1,1,1,['7b9e846640ebed6342f5d2cf9dc05381'],0.2851816326193245,0.22086381345448003,0.20482707323974844,0.5175794635378659,0,likely_human,1.0,0.22086381345448003,0.2851816326193245
UC3CLRrimiQq-oQ2kpj0qkEg,-1,2,1,"['1809c4a8f41999d32fc32f322c10d134', '43e7857d166a886db9d47c13d2577c6b']",0.30993280661440603,0.22082104783692402,0.18690278266531996,0.428118554713293,0,likely_human,1.0,0.22082104783692402,0.30993280661440603
UCjz3Gxf9ddXO0he4a8OpcEA,-1,1,1,['235ccce7f5717fce0b8c67cc939e2a56'],0.32240896912203365,0.22057531080342202,0.1700541251342685,0.39545261123572767,0,likely_human,1.0,0.22057531080342202,0.32240896912203365
UCZlNNO6GiXBVaxeAHtuh4pA,-1,1,1,['513a7e9b768b93e2c1033fba8f735059'],0.3512338174563388,0.22012784538103525,0.1247056505304333,0.36348040848428215,0,likely_human,1.0,0.22012784538103525,0.3512338174563388
UCuvZ8JxMvYQzZkDj_90V-Pw,-1,1,1,['45af257e39974d106156984e8e1227b3'],0.34693509015037594,0.21996833774690927,0.11923084147330348,0.38814096251403996,0,likely_human,1.0,0.21996833774690927,0.34693509015037594
UC8m664T46NZwxITfB87QFTg,80,1,1,['fc6519e8ab0169f666d32cf92ed9c91c'],0.23184871268883783,0.21984669194954426,0.17577745667563355,0.675898432516969,0,likely_human,1.0,0.21984669194954426,0.23184871268883783
UCM2xSAUurniqjeKSqm7T_wA,-1,1,1,['92f4862294472c319657a74a53c4b382'],0.2777693731412933,0.219621272284375,0.20137126772218833,0.5254258434673367,0,likely_human,1.0,0.219621272284375,0.2777693731412933
UCHYBIDel9D5aSbA90i_NSvA,-1,1,1,['96efe2eeb67726dae4388114fa8630bf'],0.35617284466159305,0.21959865602075784,0.13274536644469953,0.3207754622003126,0,likely_human,1.0,0.21959865602075784,0.35617284466159305
UCSt1RZV1TwkRwuUd11iWjAw,-1,1,1,['b1f3462736b911859699f5b92c9cc88a'],0.3667067595185374,0.21914909140722744,0.11296388859669768,0.3024435867839049,0,likely_human,1.0,0.21914909140722744,0.3667067595185374
UCWalrPHkQ3Q9ILZeUzByoQw,-1,1,1,['d22c62a9c97d44b5a60aa0aaaf6e989c'],0.3714039657656574,0.2189539856856617,0.10732080447728087,0.28904804612258417,0,likely_human,1.0,0.2189539856856617,0.3714039657656574
UC7-B_bGZKh6xUUe7q6CWwEg,-1,1,1,['77eab60fe74dcacaa27d87c48d9b9b38'],0.32598757938220047,0.2187886107727947,0.14099580759017755,0.41448057211961475,0,likely_human,1.0,0.2187886107727947,0.32598757938220047
UCjnw-mxdK9PTDRYZdMNR_XA,-1,1,1,['c1d8fead40be78de41bc9f6c69a567b1'],0.33110763595881654,0.21853959882813281,0.14255708181529997,0.39724290680342356,0,likely_human,1.0,0.21853959882813281,0.33110763595881654
UCfCouKXB_tMG85Gd0m_60JQ,-1,1,1,['ea3060317142b5afe40f5ed44dbcd649'],0.36277336845138164,0.21852894075003496,0.12285007677169878,0.3013015846018594,0,likely_human,1.0,0.21852894075003496,0.36277336845138164
UC2B6UGkH1aOW37HfCxcx-gw,-1,3,1,"['a02a1d4def5ea5b897897808cf8033a8', '0329039631329816ae4390fa4e9c7def', 'e8083df09d021a2cba9df1c2303c69ad']",0.2954318154167916,0.21832248821586223,0.18683017234352262,0.48773389123547917,0,likely_human,1.0,0.21832248821586223,0.2954318154167916
UCyRIghZ7vS0n-bKKiNPy14A,-1,1,1,['5b504bcdc22368ccd88083889d921cc1'],0.3396671470221221,0.2182913061908187,0.14598550759115433,0.3647555072602226,0,likely_human,1.0,0.2182913061908187,0.3396671470221221
UCftAIPZHdDYr4DTLTOj4RpA,-1,1,1,['477cc2116efbf7fdb6e8f458369d7f8b'],0.30110762754550024,0.21807595049793227,0.1849019624140935,0.4426937321482334,0,likely_human,1.0,0.21807595049793227,0.30110762754550024
UCmeSTJxoMLrABWWK1xFj6Aw,-1,1,1,['a173cbb6510da6055e640efd6b10c648'],0.28800110894885556,0.2180232329433272,0.18145878958805056,0.5162338278020105,0,likely_human,1.0,0.2180232329433272,0.28800110894885556
UCP5EA-7Y0ZhR7Wp9Ig0UaOg,-1,1,1,['b9116ff88f599c79033707e0891d98e7'],0.2968387590832669,0.21787944638856338,0.17433981632115123,0.47246448587537754,0,likely_human,1.0,0.21787944638856338,0.2968387590832669
UCqBN5U6GSVAkK72xGW1Panw,-1,2,1,"['04277589c7540698d30ddd075d576bd1', '41f779a3a044a6ae32a2a2a1ce6297b4']",0.3184365337381667,0.21786256112748725,0.14381504472927598,0.4411607613364737,0,likely_human,1.0,0.21786256112748725,0.3184365337381667
UCUpCKlMbgS1Vq9usqkwW6Jw,-1,1,1,['5adaa758faf0b76236806961f7096013'],0.30106424515207997,0.21780790257468619,0.16990649122537013,0.46630873427210845,0,likely_human,1.0,0.21780790257468619,0.30106424515207997
UCsdu-Rf4TspPhvxtBFpKJ1Q,-1,1,1,['f31977263bf26cd6089762e029631835'],0.27221853956470965,0.21749171793524313,0.20702187832345464,0.5208386125450803,0,likely_human,1.0,0.21749171793524313,0.27221853956470965
UCJqc0EZHgerfBzORGEnHp1A,-1,1,1,['f64a49ebfb16347322f6276047e825e5'],0.3624840912887675,0.21742445595658302,0.10272700993827918,0.33031155901506815,0,likely_human,1.0,0.21742445595658302,0.3624840912887675
UCXSmg9ONCTUjo0qRWbHOlFQ,-1,6,1,"['fd8bb2c72329de0a41d28394e11ca3f6', 'ecfe50410592dc7df427f9d328fa95fa', '0697b2a48e2ae7c148c9f443691a8b38', '9dde2d0b59249fda76f9bd8a11bfc96d', 'eacec6d7feeb2e7ae45931422365aa68', '4daa6f58a08843fad5efd3138ee16e23']",0.28402783010778837,0.2171991853466769,0.15941744720281156,0.56254311470901,0,likely_human,1.0,0.2171991853466769,0.28402783010778837
UCYbYpJadaMM0VdqtwWCFbtg,-1,2,2,"['1130c6eb0ef7345a5d791a51feaa003f', 'cc26645c36b0677d1640aac5266c2c36']",0.3295388758132362,0.21679612224312012,0.12415159705819735,0.43077318849614277,0,likely_human,1.0,0.21679612224312012,0.3295388758132362
UC2sUHj1vtMFacADEfdwFIWg,-1,2,2,"['1bfa7ce2f63f1be90029baf5f52715e6', '8de758b29f3b12136fac58ad38a38db4']",0.2974141467497981,0.21677640688386363,0.17691200212117794,0.4730216479923343,0,likely_human,1.0,0.21677640688386363,0.2974141467497981
UCDJMrIN72nmBWW0GPqjy-tA,-1,1,1,['87ece6d345055a59e891d004ef1e743a'],0.2997929774771492,0.2164717766584304,0.18360836122897942,0.42071917299459294,0,likely_human,1.0,0.2164717766584304,0.2997929774771492
UCvMC7vqyqw9_70nZcfuWeCA,-1,2,1,"['bcd77cd2d433dff15e24b0f902e6432e', '43586fda91003c6db5521123cefc6dbe']",0.30136243286237213,0.21620732944338844,0.1653291767941023,0.4606844958243925,0,likely_human,1.0,0.21620732944338844,0.30136243286237213
UCEhkjuvJUfkN5HJuoF2uaSQ,-1,1,1,['3eef900a3eb5568f2f08c7821b7a4300'],0.29492265720339517,0.21568405120669878,0.1908985920931624,0.43912996904444107,0,likely_human,1.0,0.21568405120669878,0.29492265720339517
UC3VkN_z92a02FAZpata0KxA,-1,1,1,['4057a297038ddbee65b97b00e7e6ce84'],0.3229564543874912,0.21524353404892838,0.1612576253447173,0.36150000876277977,0,likely_human,1.0,0.21524353404892838,0.3229564543874912
UCSMzgS-CDyqKnlmPa_BMZjA,-1,1,1,['6b11f9b5039d1dbd7e0e03d389825b70'],0.27633866044424255,0.2151382874106489,0.14872797290219197,0.5967490837816565,0,likely_human,1.0,0.2151382874106489,0.27633866044424255
UCqJ5xvNYbHz35GSRrx4n8LQ,-1,1,1,['bce476b9fef6acf054a6e2f26c3d3121'],0.3334880490937122,0.2151119226263975,0.13354580319873738,0.37363315423522336,0,likely_human,1.0,0.2151119226263975,0.3334880490937122
UCsF7YmHLSUQKVm-1yyvAGPg,-1,1,1,['07349bd5e03e4d0d6e86157a0ce22000'],0.32830704831216995,0.2149998084513081,0.1381562292293398,0.3830613126865053,0,likely_human,1.0,0.2149998084513081,0.32830704831216995
UCWP4NGp8SfUy76XvxRUMMPw,-1,1,1,['0c131f2483bbc6184ff129ef3fa4a50c'],0.32187071391546584,0.21494536708991896,0.15588051462485633,0.3840896123954904,0,likely_human,1.0,0.21494536708991896,0.32187071391546584
UCfEa338QgDlmy5GrXO82qGg,-1,2,1,"['65befeb205260aa3f2df83549a8fe6ed', '9ca9da13eb42a0bc01a65903f3681e2a']",0.28853382030093455,0.21451753041049532,0.16655968616095268,0.5071976047419491,0,likely_human,1.0,0.21451753041049532,0.28853382030093455
UCrtML7737PgoFp6rl4NuZIA,-1,1,1,['094566936bf6193e34c4d4a660e77a2e'],0.3234753242821825,0.21438091272905416,0.14936165807370622,0.37820265752936755,0,likely_human,1.0,0.21438091272905416,0.3234753242821825
UCHF06QQT1hHgcQYdr0hhjJA,-1,1,1,['8c3097b971d2e406e67b4da0b22b2c16'],0.3302203967705923,0.21431504407715632,0.13234791544805202,0.3741778569358627,0,likely_human,1.0,0.21431504407715632,0.3302203967705923
UC7N469kEgqmagVCqGpl0pzA,-1,1,1,['27322d0a951e231e238d73fc76a0a63f'],0.2647231736811212,0.21413370777478155,0.21593067445568134,0.4979447269596088,0,likely_human,1.0,0.21413370777478155,0.2647231736811212
UCuRmwTTMUZzi3VQ4xsQJwkg,-1,1,1,['d4796d041fafe59fe445c785fa43a72b'],0.30401545635693106,0.21408269655332932,0.15008482975868398,0.46057170229645655,0,likely_human,1.0,0.21408269655332932,0.30401545635693106
UCefjmV2yE17vnME3Ffmb5cA,-1,1,1,['5867250a3d15563fd8b1194d9e4ff644'],0.34244833251067225,0.21400079267549754,0.12779630698013478,0.33011380608549884,0,likely_human,1.0,0.21400079267549754,0.34244833251067225
UCnDuK6rxa7gDFkwC6QEOB9A,-1,1,1,['b15c8aadd6324f7288938de6da602bb8'],0.2999911663306899,0.21396176183574744,0.1834744400954389,0.4071265183819907,0,likely_human,1.0,0.21396176183574744,0.2999911663306899
UCnMWIblTzW_PtcLAYVIGZ5A,-1,2,1,"['3067d870ce6e138e664afb758e82914e', '5d18f90299df71e52b41b4436ebe6898']",0.27971466721370253,0.21330162449328605,0.18117536127605519,0.5092717114857421,0,likely_human,1.0,0.21330162449328605,0.27971466721370253
UC9bkjU5VZQ16bhGmAoUlC0g,-1,1,1,['a4a308a32d815bf4b7f9fe7d6573efb6'],0.3259664372955185,0.21315739240201792,0.1340697893423904,0.3823720819279525,0,likely_human,1.0,0.21315739240201792,0.3259664372955185
UCWY7a9hFzUUCIBmNPw-egmg,-1,1,1,['9e46e1b4235b6cc54d71c9479f54d968'],0.32415643331397426,0.21312543397692565,0.134994703723051,0.39219668467124524,0,likely_human,1.0,0.21312543397692565,0.32415643331397426
UCC4JgYdnpvQRvfg4YtTG3qg,-1,1,1,['808267b2f23877da30a0285584d572e2'],0.32044318527568677,0.212867706188554,0.13714843600217716,0.39960277544237793,0,likely_human,1.0,0.212867706188554,0.32044318527568677
UCV8QaNgFn0ECGq6AdMMjNqA,-1,1,1,['d80328788c18eda33a993deb53503388'],0.3401506899785445,0.2127879122604081,0.11286383310317913,0.3492330686517932,0,likely_human,1.0,0.2127879122604081,0.3401506899785445
UCtEMxAhuwzzQF_RcA-3eSiQ,-1,1,1,['ae905faa4e961079e9fe7f85fb92545d'],0.3079105745350089,0.21252084105091473,0.17146455798241303,0.3791973016026691,0,likely_human,1.0,0.21252084105091473,0.3079105745350089
UCcEZvo-jG1YSMlmvkCYdcBw,-1,1,1,['131cb7735a653bfaad300749e83ad384'],0.3297436376714575,0.21208609650355031,0.10804324205685335,0.40792393337054034,0,likely_human,1.0,0.21208609650355031,0.3297436376714575
UC1sXcl5DV29YeF1zDDUsj-g,-1,1,1,['79120f8f28332cc72af809360933f502'],0.33414955382061684,0.21188724141285692,0.11339963547040106,0.36907579779238664,0,likely_human,1.0,0.21188724141285692,0.33414955382061684
UC6jDnt5Yw4mhwVkLZPhG47Q,-1,1,1,['34062736a87987375b2abffaf1ea386b'],0.26740791078613424,0.21175767341481966,0.1819192810667804,0.5426078886215469,0,likely_human,1.0,0.21175767341481966,0.26740791078613424
UCzBUrxMlLkH0PkTAKmxTUBQ,-1,3,2,"['ae8c103eb5a7eeff58b27ce899b02154', '6b7a528ac7b3f954015c2ca38a188091', '465ae644779e86889e15f3597998e97f']",0.30959505165973317,0.21171631378709208,0.14242871360671808,0.42651531973516627,0,likely_human,1.0,0.21171631378709208,0.30959505165973317
UCwX-2VDNpzVf5-lWW-4vrVQ,-1,1,1,['0fec297d0aff8e5c89007c43b11e6ad6'],0.3098550930549548,0.21152299981743986,0.15932831044895682,0.3831782287895429,0,likely_human,1.0,0.21152299981743986,0.3098550930549548
UClVMURIvK9VoR2Fg3LEq11w,-1,1,1,['d350cdda9de738447b3372507bd8d264'],0.28073456629921884,0.21127747510666484,0.185819205234015,0.46396910182525486,0,likely_human,1.0,0.21127747510666484,0.28073456629921884
UCVHZccq1NrMQhVt593QlGDA,-1,1,1,['ed5e4347f3defa97e1f4ed45096b8bcd'],0.3377095940385991,0.21101905903235105,0.119374798212662,0.3422502212937491,0,likely_human,1.0,0.21101905903235105,0.3377095940385991
UC4La1d8rnjb_cOtODyj-jIQ,-1,1,1,['7c4aa61d79256f1bd0aae3ba3ed1f383'],0.3097108701631327,0.21098490856262672,0.1488875119913857,0.4083827280149732,0,likely_human,1.0,0.21098490856262672,0.3097108701631327
UC3lsgvwXKJ3xrFTFtJpCVfg,-1,1,1,['7dcbc2ad357a6314a70c706f4da14e4a'],0.3382272782992559,0.2104813697651834,0.1333676968286284,0.307943371974321,0,likely_human,1.0,0.2104813697651834,0.3382272782992559
UC-0MFGsYxsWPLQUmauAU0Mw,-1,1,1,['88a97e97c47957ceddf0a7c7697c49c7'],0.24619837063295513,0.21040336518064418,0.2076798607236458,0.5758526396923017,0,likely_human,1.0,0.21040336518064418,0.24619837063295513
UCjuAqgsizMFm1Bc7brlisRg,-1,1,1,['ca3d683aa61a4bc5e2d74787c93e7e8e'],0.3259844140063303,0.21021829306508827,0.1439633430219668,0.3380086309455363,0,likely_human,1.0,0.21021829306508827,0.3259844140063303
UCr4vWzd9i4owQum37ssOuiw,-1,1,1,['c55e277b71920ef5bdfb7c971a43f57e'],0.2304628118281083,0.20994010689147297,0.23143236639622256,0.5889505167734149,0,likely_human,1.0,0.20994010689147297,0.2304628118281083
UCgkHEP8kgFLmvjT8gnpv-Eg,-1,1,1,['1cec5f2bff84a5dc76e7952b980ce3ef'],0.2554703835125488,0.20991533251214162,0.1928730330525903,0.5503818901914854,0,likely_human,1.0,0.20991533251214162,0.2554703835125488
UCRg0Y7BJ2zfsJK6iSBTuk6g,-1,1,1,['d3bea11bbe001e8cd60516473bf895d7'],0.34709254069675566,0.2097777689729655,0.09895908421755832,0.3183367106679386,0,likely_human,1.0,0.2097777689729655,0.34709254069675566
UC3mcVIWXNjCtAYo9ce2x7DA,-1,2,1,"['58f65cd3b0935f0311449055f4058c82', '5c16198714364c928d9f3725169f16e7']",0.2991764824276205,0.20976725246247502,0.1610256465543412,0.4231155654601756,0,likely_human,1.0,0.20976725246247502,0.2991764824276205
UCmcTHPe_b8zjsDZlKxo7u9w,-1,1,1,['e31c98823e3836746ad1f0dc00d97099'],0.26105726005898666,0.20957716505105953,0.19994128329224917,0.5099448042990713,0,likely_human,1.0,0.20957716505105953,0.26105726005898666
UCoeGS56J7yqkE2i5Mkq1C0A,-1,1,1,['9cc8792bafd8fde0dbfeb558dcd77ed7'],0.26201912245465686,0.20953963289581778,0.20832790884634217,0.5012997536601084,0,likely_human,1.0,0.20953963289581778,0.26201912245465686
UCoFnQ1CUBEyidBbo5gizW_A,-1,1,1,['dc1a288d3d48d8edb84b902419b57acb'],0.33760704550932064,0.20879898430608235,0.11890853033589643,0.321204720700232,0,likely_human,1.0,0.20879898430608235,0.33760704550932064
UC2ze6HLMvstFPfD_uUU2Dsg,-1,1,1,['8751039377dbc8dc438df4ffb8af267c'],0.31096106019979586,0.2084777942471242,0.13342250353491045,0.4119225735760494,0,likely_human,1.0,0.2084777942471242,0.31096106019979586
UCLxDFyhZYr0jNpp2bwRthaw,-1,1,1,['84acbc387d3ab55594d0f5a23fbe9537'],0.2978440618408193,0.20767617670935926,0.13751270215537956,0.4563503652387867,0,likely_human,1.0,0.20767617670935926,0.2978440618408193
UCtKe-6UJN4f33lqBDcA36YA,-1,1,1,['9ae708eda5068dd109b7f890ee50cc26'],0.24613981729635023,0.2065446857858146,0.2271451374900048,0.5077087052752511,0,likely_human,1.0,0.2065446857858146,0.24613981729635023
UC5C3ZWaq8hQrLQhK-bE6Xjw,-1,1,1,['8e9cdb96ec0bdc8547e881ed545c0f36'],0.2596228838928632,0.20529881684659168,0.18615593190638952,0.5096954837141584,0,likely_human,1.0,0.20529881684659168,0.2596228838928632
UCh8zUskcfrvi63dleUGNTUA,-1,1,1,['4bdf7e73e666f94f3827cf45b31fcdb6'],0.3108601413045685,0.20509791779069986,0.1362309684181726,0.35323346777894604,0,likely_human,1.0,0.20509791779069986,0.3108601413045685
UCU6xkiVaGJUjPi3wQ1-Xntg,-1,1,1,['05dcd3fea05fa05e2899b544408a1360'],0.325100518146869,0.20490769202283982,0.11653613768170548,0.3385515507685112,0,likely_human,1.0,0.20490769202283982,0.325100518146869
UCjUp_lnBndtjq70PmnTfL8A,-1,1,1,['64cfacde2489ece6c828242a3c23117c'],0.29287766486516137,0.2048958288753883,0.1533786366025313,0.4090038034112002,0,likely_human,1.0,0.2048958288753883,0.29287766486516137
UCBqIsZYNBbDtyGoidQjh_PQ,-1,34,1,"['5c043a7789b348d1dcfcf8abab85bc22', '865e2ea7b2c06c4cfffc9348534e2a74', '616c2e8fafdecf27ae8c03b527e19af1', '40225603989f71840d5c8dee5699e997', 'b61b0962a07a88a7c14c750f429fb75e', 'e158f60828060b05ec1ca0f39be22d12', 'd0aac965077cf666136f5e820db70cb2', 'dd786dcbefc381c833fdac37a4e3b3e7', '4b42ac92a6e081095b774bef081acd83', '6b2f60876be6bf294dd32d7796bb6912', '7768c91f08312c458e4a004d547cc423', '9b2ff6193e07d456fe88959d1853f070', '59eb17ba121af3d222eec7e78ede35b9', '125336d83d94c5715dccb27aec6a1047', '10723bc3d293447d4006046e6509a1f1', 'ebac1eb9b31db99177efa9ca54db8be9', 'e7e17b8049528dc9a5a02203c3ff3576', '3afbe582ddd4cccc423f83f70f8b542e', '99aa89669934c9e0024f474217f2d5fe', '4d5cfe3bffc5ab302d011f6d5f60aaa0', 'fd6a7d1cabc366a765ff6e47a2557494', '7438febea04f2602ba47e2d5d9977c7f', 'a8741816b6e9d25b18c570b9a5f34523', 'c079dbc8f4e072bcbe419491394052d4', 'aa36f2f48ff91de6ba454ebca2f9b1a5', 'a7d5fb4a72c51d8181bd2772bd2c19c8', '75f50aa5b9ab5c17993d63e26710210a', '610d8043f390dd367f83d5420a341336', '3c770a6d2b568d7a229fcbd03fe949b3', '37fc70517ff2c60041c86b2f4d98789d', '1ea049584a528a80d2d6edabba6c2ee7', '1dcf965d94b73d9ae93ff40600274726', 'b9ddfe6d1f546e2eddb2dbd288649bd2', '54b6b62b59f6a0abfb762c8eda18a5c1']",0.2630524187863086,0.2045241620774314,0.16004152038850097,0.539551524002099,0,likely_human,1.0,0.2045241620774314,0.2630524187863086
UCZjkmUg4ylsRM_uqhV32mBw,-1,1,1,['19cdeac6caf4fda8cbcbd9252f614bfe'],0.2339334593662099,0.2043478575146242,0.22517844896966943,0.5252601929055079,0,likely_human,1.0,0.2043478575146242,0.2339334593662099
UCCJcUDmjK_TQaheR4CzPhtA,-1,1,1,['5e7fa6c01c6731bcbb8b9b2866f8f134'],0.3117561225246722,0.20404600678744855,0.1436311343357517,0.3292189362683714,0,likely_human,1.0,0.20404600678744855,0.3117561225246722
UCLboahbZIFMghpmBQfUVejA,-1,1,1,['bba62e1c1ff52d678577fa1f22ccb585'],0.25921344880931907,0.20346863458618494,0.19820368942753075,0.45682876377905657,0,likely_human,1.0,0.20346863458618494,0.25921344880931907
UCy8GP5VZpVJFJeymyL4XJNQ,-1,1,1,['1435c5860b8b25df66406e5073a11ba2'],0.309285371680245,0.2034551685921567,0.14591824889793098,0.3357694201017303,0,likely_human,1.0,0.2034551685921567,0.309285371680245
UCZCN7OxziTqJIClvRayhO3w,-1,1,1,['a4064ecacc6474d03df089641cb2ddf6'],0.3362885413334987,0.2033767563262509,0.0891389595337721,0.3283382467321174,0,likely_human,1.0,0.2033767563262509,0.3362885413334987
UC_YjsatUIXuXJOcztC1PQjw,-1,1,1,['e00fdec2d36e0e450a32e8c97849f77c'],0.343083560827269,0.20334073908549793,0.0769921252953483,0.31919846801076596,0,likely_human,1.0,0.20334073908549793,0.343083560827269
UCvXS_utX7LKQD1kpernFaxQ,-1,2,1,"['0bfde80f99c5623bfeb63a0b8c826e2f', 'c07417d83e0f68f3829eeb7c6b854452']",0.2977427424945956,0.20333241466274166,0.09750561776332216,0.49491977925198083,0,likely_human,1.0,0.20333241466274166,0.2977427424945956
UCKIEjKEigyPXQRja0ioFXhA,-1,1,1,['68616f4d8ec6670382923a2dc3443bec'],0.23044320083981468,0.20331128109582625,0.17228129173406004,0.6434669748421251,0,likely_human,1.0,0.20331128109582625,0.23044320083981468
UCa4jJIi4Sb3_5ssh-u8fpew,-1,2,2,"['a062681095404f3e2cd0bc552268c0d6', '8587ce8df4ecb103658970fa497a2707']",0.269793756169797,0.20324493851514047,0.1629005664157977,0.4835935785990047,0,likely_human,1.0,0.20324493851514047,0.269793756169797
UCPjIjx5aRJiCQ-7aDRFPYXA,-1,1,1,['93955dcabfd7927e1f69a9200a8882d7'],0.45072985957132294,0.20310213414634146,0.0,0.0,0,likely_human,1.0,0.20310213414634146,0.45072985957132294
UCecZUgcn_6lmmB8Mv-vgmag,-1,1,1,['60d1dc5c41bf9b5ea2aa54226e9d7f1c'],0.4504582409460458,0.20287804878048782,0.0,0.0,0,likely_human,1.0,0.20287804878048782,0.4504582409460458
UCK42_mpjxeX6oX0GzQ1N6LQ,-1,3,3,"['68dc20a6a1639ee584912b50c6dca23b', 'd813b9e74783d3911d47fca4384b21f8', 'bf3bcaff02ebcc24d22dff2ce8c0db40']",0.25745766941409404,0.2028595892388534,0.18740184748112215,0.4909357073781007,0,likely_human,1.0,0.2028595892388534,0.25745766941409404
UCi4W1fiKNdrUlBWqIc3WMsQ,-1,1,1,['730deabf690cefeb8cf4b0a4708d2da9'],0.45036400591278636,0.20280030487804876,0.0,0.0,0,likely_human,1.0,0.20280030487804876,0.45036400591278636
UCogBwKecx8WqTLOHJnS_TDA,-1,1,1,['2102bf9e49a8ff8585048b53fbf78b5e'],0.28348175353801647,0.20266790189570463,0.14475131710868264,0.44360906844747816,0,likely_human,1.0,0.20266790189570463,0.28348175353801647
UCxXH_m8Q-Y6QmWCCag58zLQ,-1,1,1,['190cd71d368cb2d88b74690fecd2e597'],0.2928350674062678,0.20240656630013198,0.1383163406082163,0.42327263988713315,0,likely_human,1.0,0.20240656630013198,0.2928350674062678
UCvtv3u8FCGIBlntSKWUT9Vg,-1,1,1,['91e5b10207635a377a7a2a1a4bfce6cc'],0.2838712110395606,0.20214558279801156,0.17756330896315006,0.3774681792066801,0,likely_human,1.0,0.20214558279801156,0.2838712110395606
UCflGYmmboZa6xXcDMpbKDqQ,-1,1,1,['767939415745f7d0a06635caa65a364f'],0.2787459192775193,0.20202307413041015,0.18000179357252172,0.4002927983991726,0,likely_human,1.0,0.20202307413041015,0.2787459192775193
UCeeANKWkaGjyD55NBzYbMAA,-1,1,1,['c23c900fecfd345c22ae4e9bb97786b0'],0.2507154810419544,0.20180758775099972,0.16169967051864184,0.548900597149491,0,likely_human,1.0,0.20180758775099972,0.2507154810419544
UCFMR4B_dBPhoMb8ytUdsOvg,-1,1,1,['36201b1e3811dd0e1aa8d0f7146c819b'],0.32873760842620103,0.20164354713980037,0.11285923401944689,0.3007380787012213,0,likely_human,1.0,0.20164354713980037,0.32873760842620103
UCTWk826G2ExSzQpgyRAFoHw,-1,1,1,['8aa44e45f6b0c4e42439b1edbd6f4e07'],0.2726553527875215,0.20115640018496717,0.15633703768052412,0.4699370791345957,0,likely_human,1.0,0.20115640018496717,0.2726553527875215
UC9y69M3xFvryH183t_yUTjA,-1,1,1,['5a1ae4ba420c4c26401a51114b121fa4'],0.3106195137923679,0.20114394271816216,0.15806434636466626,0.299042136702416,0,likely_human,1.0,0.20114394271816216,0.3106195137923679
UCfkyQvjuHffEhl91D9AflOA,-1,1,1,['0c4e3699e6bc05bca741aaa601b93548'],0.445620842572062,0.2007621951219512,0.0,0.0,0,likely_human,1.0,0.2007621951219512,0.445620842572062
UCKWvJVyGRnU5fEI9v_SQIjg,-1,1,1,['31030e53a329a6b03d358a6fedb33f5d'],0.44561714708056166,0.2007591463414634,0.0,0.0,0,likely_human,1.0,0.2007591463414634,0.44561714708056166
UC9WT9nqofvN3abZeL8M4rCQ,-1,1,1,['42d59eab54d728ba4dbaafb3144f6f1b'],0.25683462237542726,0.2007141427942749,0.16982166275079863,0.5032548145183788,0,likely_human,1.0,0.2007141427942749,0.25683462237542726
UCkXMOnBveMOwmnhd_gt3uxw,-1,1,1,['182c44a1ea2fce441506030322df8ba6'],0.44546563192904653,0.20063414634146343,0.0,0.0,0,likely_human,1.0,0.20063414634146343,0.44546563192904653
UCc6sqS21OR6_g5Beb-nBGGg,-1,1,1,['c8ec6f542c4e3f0b4119876d9c705809'],0.445460088691796,0.2006295731707317,0.0,0.0,0,likely_human,1.0,0.2006295731707317,0.445460088691796
UCq5dKC9CRek1K-MKofN9x-A,-1,1,1,['3d2a57773754dcf286910a53a76c1c68'],0.24352718225509254,0.20059666050025599,0.14230786984831917,0.6180069997832822,0,likely_human,1.0,0.20059666050025599,0.24352718225509254
UCagEVczGkolXhFnUe4oC1Sg,-1,1,1,['1e13ea159d8e5ba3206e6ec87cc0ccda'],0.4453898743532889,0.2005716463414634,0.0,0.0,0,likely_human,1.0,0.2005716463414634,0.4453898743532889
UCfjW2aG07v3hy0MdbrpnAag,-1,1,1,['01f607049f55c72b98d3784daa1355c1'],0.44538802660753873,0.20057012195121948,0.0,0.0,0,likely_human,1.0,0.20057012195121948,0.44538802660753873
UCLE7aTdA-uPip4NIgjBzOCQ,-1,1,1,['235f2d6eb6873aba736381bc7cd64970'],0.44524390243902434,0.2004512195121951,0.0,0.0,0,likely_human,1.0,0.2004512195121951,0.44524390243902434
UCWBf6AHwRD752Hi6B8_vF_A,-1,1,1,['46dc6f0eb28f9776b71bee4587f1df99'],0.4452346637102734,0.2004435975609756,0.0,0.0,0,likely_human,1.0,0.2004435975609756,0.4452346637102734
UCpOoStTsmR4yBFORwOwLQFg,-1,1,1,['e2d0cbb94706282ab73dd57ab21903fc'],0.24968478742653114,0.20027741748986147,0.18426478951904773,0.4990798152993118,0,likely_human,1.0,0.20027741748986147,0.24968478742653114
UCpCIpjN0NF01o5QBgUzWVLw,-1,1,1,['83546d2f541f42ad1fa7d43aa2ffd183'],0.2972942301166197,0.20000728577605548,0.13502109395539139,0.36995663875842827,0,likely_human,1.0,0.20000728577605548,0.2972942301166197
UCdRDH2Rqp-qx8SHVVcvQ7eg,-1,2,2,"['bb1a367dc18290c0f2e491f6755d41f6', 'd29606d441d4fd9b73058d21acf8cdba']",0.294107448440148,0.19996221979117093,0.12290567845817091,0.4176953843394367,0,likely_human,1.0,0.19996221979117093,0.294107448440148
UCqWMj-5mm6RDCshVZwsJATQ,-1,2,1,"['5f8bd5ac3a66d82b7a117e28d19c6177', 'b1a891e32952dc42006bebf3dc91ae7e']",0.25647890552956554,0.1999355601846755,0.156946084085418,0.5170792054551105,0,likely_human,1.0,0.1999355601846755,0.25647890552956554
UCqY3LzlUqOybn54O22ZhufA,-1,1,1,['5748e93d3f703cc829f0b6c3a994a0c9'],0.3017337101021834,0.19987508575491925,0.12060616381504062,0.3866976323669177,0,likely_human,1.0,0.19987508575491925,0.3017337101021834
UCCGP4Zktxh5Nwi-YG4vkINQ,-1,1,1,['b51159f0888696d2fc90ffb751f93bbc'],0.30936224314371863,0.19971539535429614,0.13074146434522024,0.3371389060454175,0,likely_human,1.0,0.19971539535429614,0.30936224314371863
UCRspky3sgHLiAsZBrQaf4Lw,-1,1,1,['b8e72190d1e2ba8de3e4ad24e9c96f7c'],0.2621198599868609,0.19932427094960503,0.1779579713438291,0.4507063598298887,0,likely_human,1.0,0.19932427094960503,0.2621198599868609
UC_hLguUJ-7pSg3ew3mz-czg,-1,1,1,['d96fd805f6d03a2f1c06311b33f3808d'],0.2859384782161791,0.19921313515740158,0.14300224502847936,0.4086233437727951,0,likely_human,1.0,0.19921313515740158,0.2859384782161791
UCUuDWKZwe3T-fYCoO0T1vyA,-1,1,1,['fe8932de5775cb59ee7f9e2981f7a3f3'],0.44060051736881,0.19849542682926827,0.0,0.0,0,likely_human,1.0,0.19849542682926827,0.44060051736881
UCzWpJn0P9a8Vw6Wdjf5ZMPg,-1,1,1,['ed5a6d53b7184577605bd812ccbbec7e'],0.44060051736881,0.19849542682926827,0.0,0.0,0,likely_human,1.0,0.19849542682926827,0.44060051736881
UCHtdSSRRFnfCX5oI4FN6gOw,-1,1,1,['3563091b5ad5a0e274c25c8efb1bcb6c'],0.44047671840354763,0.19839329268292683,0.0,0.0,0,likely_human,1.0,0.19839329268292683,0.44047671840354763
UC0OD_16O2sSf_Xh7VJzG7lA,-1,1,1,['1b7f7729844d153870735787aaeae1e0'],0.44041019955654104,0.19833841463414636,0.0,0.0,0,likely_human,1.0,0.19833841463414636,0.44041019955654104
UC-GwqpSnGjD9J1ifByMGAWA,-1,1,1,['8acba048e2aca261bc9164aa42f5e461'],0.4404028085735403,0.19833231707317076,0.0,0.0,0,likely_human,1.0,0.19833231707317076,0.4404028085735403
UC_BAQhU7820uJDr2OQLaJdQ,-1,1,1,['a886d3d2286f645c9743ba152d63bb52'],0.2654125029041954,0.19823051897692334,0.17743092508554323,0.42035842512426774,0,likely_human,1.0,0.19823051897692334,0.2654125029041954
UCsacuHZ6VLE00QJenB47Gtg,-1,1,1,['35e69920923a852f8d9823d50b63341b'],0.4401736881005174,0.19814329268292682,0.0,0.0,0,likely_human,1.0,0.19814329268292682,0.4401736881005174
UCMqni-c_0gjrR8PDGZCf5qw,-1,1,1,['074bf57f905929869eec9e8ee417b01d'],0.440169992609017,0.19814024390243903,0.0,0.0,0,likely_human,1.0,0.19814024390243903,0.440169992609017
UCwdPBwbU_daHaqQHMRo1hjw,-1,1,1,['f742ca1b5080a28db96c77d365749f6e'],0.3046467820605866,0.19806800024334936,0.10815850658764645,0.3856028646886276,0,likely_human,1.0,0.19806800024334936,0.3046467820605866
UCiLyrJhKSmlIWEAXDrj1MDg,-1,1,1,['9d8ee486933f37b471528b99cce39f2e'],0.26295383373080067,0.19801570429400833,0.17119577167206704,0.4455429958584958,0,likely_human,1.0,0.19801570429400833,0.26295383373080067
UCb6w3EkvFlwctKOzelje2xA,-1,2,2,"['b99d06d6211333d0583150c6aca143f2', 'f30106b30deb935f5eb388228057a697']",0.248651031324966,0.19768645463609993,0.18812709628867255,0.4827053191839152,0,likely_human,1.0,0.19768645463609993,0.248651031324966
UCBgBk2zUg8Xng1wJuSDBayA,-1,1,1,['6fe2841718c4f26dfa657c5c8b28a66b'],0.28937381958344377,0.19763268304304427,0.12772893203038804,0.40471912070624266,0,likely_human,1.0,0.19763268304304427,0.28937381958344377
UCUPJ3EJulZFj4QE8xkBRu2Q,-1,1,1,['1114911212c26a40c718a6d23bc1f5b6'],0.2879630787527431,0.1971455164918514,0.13536047006500562,0.3981215947375787,0,likely_human,1.0,0.1971455164918514,0.2879630787527431
UC0Gdwc_TvtvtiqiV7l8UxLg,-1,1,1,['45596f26dff19fb32d9f33fec9f0f890'],0.30540635282015083,0.1968647343294973,0.12551930776652376,0.3355856132941664,0,likely_human,1.0,0.1968647343294973,0.30540635282015083
UCHJ3GWaBeVdEkutJa2Ltq7g,-1,1,1,['ca4d5881d2dbb45ccb4f354dd9c7cc00'],0.22816083920958719,0.19661698357510726,0.21484076561973509,0.4935123034191827,0,likely_human,1.0,0.19661698357510726,0.22816083920958719
UC_SzN5xIyot7TkQRilcAraw,-1,1,1,['e98d2990125a6d62b2859df63144e6b0'],0.3016156316535775,0.19642643199963594,0.10877276450244786,0.3796164587408035,0,likely_human,1.0,0.19642643199963594,0.3016156316535775
UCpAE4IiY1pE4S49JGU9uM7Q,-1,1,1,['a5a81fe591435ba07e520127fb128732'],0.43572985957132293,0.19635213414634145,0.0,0.0,0,likely_human,1.0,0.19635213414634145,0.43572985957132293
UCAFAhoh4XBHhX3Zy59hMREA,-1,1,1,['66d45679ae95f9390190ea0bae6668ea'],0.4357224685883222,0.19634603658536584,0.0,0.0,0,likely_human,1.0,0.19634603658536584,0.4357224685883222
UCBF9c5zXr-I-MHLMa-HQjTQ,-1,1,1,['247acaf853a048f4e083d4d40e75784d'],0.43571877309682183,0.19634298780487805,0.0,0.0,0,likely_human,1.0,0.19634298780487805,0.43571877309682183
UCJFp63klRN4YSlRabKHnsNQ,-1,1,1,['93dcff5b4717d856e1cd16b8d6749c67'],0.4356984478935698,0.19632621951219512,0.0,0.0,0,likely_human,1.0,0.19632621951219512,0.4356984478935698
UCsLUdthze6WxGEYKkGKU8fQ,-1,1,1,['640e2024f9ad435266620dcc81f1ecea'],0.3067870584061819,0.19629384423876792,0.10075853083299385,0.3651610179095622,0,likely_human,1.0,0.19629384423876792,0.3067870584061819
UCn8D4ybZOPKNs7mhjfZ3j5w,-1,1,1,['266a3ac51b0317665830afe0c145660c'],0.4354785661492978,0.19614481707317072,0.0,0.0,0,likely_human,1.0,0.19614481707317072,0.4354785661492978
UCPwjewPHFqN0chExJGIHKLw,-1,1,1,['5b30a7835a8163bac3c93f627eec14a9'],0.43547302291204726,0.196140243902439,0.0,0.0,0,likely_human,1.0,0.196140243902439,0.43547302291204726
UCg28DRaVncqepMUYBUr2wqA,-1,1,1,['7198bd0c12e9426f43bfef58eeaa797e'],0.4354711751662971,0.1961387195121951,0.0,0.0,0,likely_human,1.0,0.1961387195121951,0.4354711751662971
UCH2ZTGim7ZfmDVnNMJlpIcA,-1,1,1,['5dc9e5c48ca9d4ec4acc659d8b1b6b37'],0.4353769401330376,0.19606097560975608,0.0,0.0,0,likely_human,1.0,0.19606097560975608,0.4353769401330376
UC22oHzXyXUuI7Dwf4swr5Iw,-1,1,1,['9d83c931c4a930bdb922158f5d4c2091'],0.4353713968957871,0.1960564024390244,0.0,0.0,0,likely_human,1.0,0.1960564024390244,0.4353713968957871
UCauuP1DUgB2CgFxvliEiQ8g,-1,1,1,['fa3895a6478da968d0feef39dd904815'],0.27725661413999025,0.19592613782711982,0.1287865182726094,0.44109075970678563,0,likely_human,1.0,0.19592613782711982,0.27725661413999025
UCT4-PFl8WFm7RlvqUDeKljA,-1,1,1,['6affbc2d493c3a0be4fe17ee17a90e1f'],0.2630274846686615,0.19549636560878492,0.16693718556069456,0.42998781896332894,0,likely_human,1.0,0.19549636560878492,0.2630274846686615
UCIYCaMLrLMnI5CyYs0e-TKg,-1,1,1,['803b4d00cdc8d5008e7a0a91e8988beb'],0.25530889569098303,0.1951661224545595,0.17774414513709022,0.4366645623194698,0,likely_human,1.0,0.1951661224545595,0.25530889569098303
UCfcNSUVklxm1orgj6KjHTrQ,-1,1,1,['ea924be5f044717e5efa4ca6df41bc40'],0.2782253477955533,0.19496080198721272,0.1554437971265684,0.37137772536928865,0,likely_human,1.0,0.19496080198721272,0.2782253477955533
UCm38iSLZDAq9oJtRjk5HjUw,-1,1,1,['ced57f8229437af024e1a4985e8127eb'],0.26280072562245893,0.1948089301515711,0.1674903412270883,0.42661110199001795,0,likely_human,1.0,0.1948089301515711,0.26280072562245893
UCrfD2AzGDAYXpRrbkOznWFg,-1,1,1,['dbb0ba67d7098568b0dab8f05d1efafc'],0.4306892091648189,0.19406859756097558,0.0,0.0,0,likely_human,1.0,0.19406859756097558,0.4306892091648189
UCMrjzCQHSgo1r-dS9bVe7xQ,-1,2,1,"['945a39f1e1c2c8c91b50459c7aaa1f71', 'ea2807ee5b859e4ba4b155e807301b67']",0.43059992604917724,0.19399493899057124,0.0,0.0,0,likely_human,1.0,0.19399493899057124,0.43059992604917724
UCC5AiMD0Huaqk7pYxqKguxA,-1,1,1,['11424130657b1f97f8067429323d7790'],0.43031966001478195,0.19376371951219512,0.0,0.0,0,likely_human,1.0,0.19376371951219512,0.43031966001478195
UCZzD4-p1FMLopS8Q_iYqPtg,-1,1,1,['9598a4915b99554eba04fce85d306fbb'],0.4302716186252771,0.19372408536585362,0.0,0.0,0,likely_human,1.0,0.19372408536585362,0.4302716186252771
UCAWiuZ8CZbJgAxg_LH552NA,-1,1,1,['e8da6455f855f152019f521c8c504238'],0.43024205469327415,0.1936996951219512,0.0,0.0,0,likely_human,1.0,0.1936996951219512,0.43024205469327415
UCsjqBB7XGAZlf5ewzyTGEWg,-1,1,1,['d3a184216e13a318275b705337ffc7e6'],0.4301792313377679,0.19364786585365854,0.0,0.0,0,likely_human,1.0,0.19364786585365854,0.4301792313377679
UCN_cQ5l3GUidDATfTag7o_A,-1,1,1,['18716a3333b162b14c9342acdac14ffa'],0.25117699117374037,0.1936045978183347,0.18330837560948582,0.42600727130881344,0,likely_human,1.0,0.1936045978183347,0.25117699117374037
UCmObeN0SPCEz5DgFyzPehxg,-1,1,1,['b89b31f47b6a98756c6cb91a6c7c3ee8'],0.4301034737620103,0.19358536585365851,0.0,0.0,0,likely_human,1.0,0.19358536585365851,0.4301034737620103
UCVzz4vVnvrQf1X4p2_XospQ,-1,1,1,['f6a5db25238aab3402ba608835e6da70'],0.20946504008945185,0.193248465728229,0.214167965767371,0.5418884321934673,0,likely_human,1.0,0.193248465728229,0.20946504008945185
UC1syRUuWi8q4RGXzKuLkfXQ,-1,1,1,['b9dd8ccf04a3ec49988e61d6b0b7d5d4'],0.2694144143675874,0.19319843491053512,0.1414793280049613,0.4106797197302406,0,likely_human,1.0,0.19319843491053512,0.2694144143675874
UCMWNxUAdyvr9TdVsJPC3hog,-1,1,1,['b1c4d3727b4a4bb074b011626449f9db'],0.27267506474124736,0.19222037691504545,0.16153520500769725,0.35170850023166134,0,likely_human,1.0,0.19222037691504545,0.27267506474124736
UCML3IKFPXLuPLBOOtdXKCHw,-1,1,1,['f06083a7f3276db95da2ca351d65c51c'],0.27828329118450856,0.1920935218754256,0.1620788518140406,0.3304836402444646,0,likely_human,1.0,0.1920935218754256,0.27828329118450856
UCutUnR7L15TFhegzrv16lng,-1,1,1,['6078d72040c51eb791587afaa8d79a77'],0.2107004714734924,0.19200054482239914,0.21518148497125786,0.5225792001451915,0,likely_human,1.0,0.19200054482239914,0.2107004714734924
UCkYy3kxIOhtFZMrmhoUitQw,-1,2,1,"['6cafe88e9e27b5bc53ee9820b59bc2e1', '2503ec0f4a2d3e7044be06b7246a3a03']",0.22075253051264518,0.1919555481910566,0.20179784785497812,0.5080881913284341,0,likely_human,1.0,0.1919555481910566,0.22075253051264518
UC8brFWqcjgnhTDZq_hw7R1g,-1,1,1,['72b5b3e619bae8c6ba3bb4e8a6252fce'],0.28250888396365786,0.19187071232798245,0.14149698950591244,0.35058389299363796,0,likely_human,1.0,0.19187071232798245,0.28250888396365786
UCiujhp7QL7B4qMHragb2usg,-1,1,1,['da167e83c839c41a2832b1db304b4ebb'],0.42553030303030304,0.1916875,0.0,0.0,0,likely_human,1.0,0.1916875,0.42553030303030304
UCwO5jMtv5h7IFzNqrIFj7Sw,-1,1,1,['7779effb5f6c8078dad18640be0e583c'],0.42552845528455285,0.1916859756097561,0.0,0.0,0,likely_human,1.0,0.1916859756097561,0.42552845528455285
UCqACwIAKm3fZIWFL8qjVo8A,-1,1,1,['fabf484eebe3593a2e60b4bc42f0c0cc'],0.42550813008130073,0.19166920731707313,0.0,0.0,0,likely_human,1.0,0.19166920731707313,0.42550813008130073
UCaJp9Yn4cEffctOtAVq3zAg,-1,1,1,['04bcf035061df67fed0d2d66f1360292'],0.42550813008130073,0.19166920731707313,0.0,0.0,0,likely_human,1.0,0.19166920731707313,0.42550813008130073
UCRF31ersViUd1kegojMZKCQ,-1,1,1,['a29bc0e250d6c21d9a692c801bce436f'],0.42547487065779743,0.19164176829268292,0.0,0.0,0,likely_human,1.0,0.19164176829268292,0.42547487065779743
UCmmtPV2qusmpDcozqEKKq3w,-1,1,1,['b8852461e1b885a47578b5243aa235f2'],0.23459462757259403,0.1915919388774077,0.18678126922971502,0.47957980814226575,0,likely_human,1.0,0.1915919388774077,0.23459462757259403
UCbUTGz8R1YHDGUOrwVMjzgA,-1,1,1,['7fc31735fddc527056ad6d707f3a988e'],0.29484036983484624,0.1910733054513909,0.12958848421261354,0.311808342048088,0,likely_human,1.0,0.1910733054513909,0.29484036983484624
UCy0dWprGeHHUh5l-kobUQ1A,-1,1,1,['bcd99b1f15d1cf1d4e13aacc71548dad'],0.27284333548307826,0.19098782171800757,0.15139294279546034,0.35808685651616606,0,likely_human,1.0,0.19098782171800757,0.27284333548307826
UCAcok1f448Otjieb82zr2uQ,-1,1,1,['bf0c4c369645766fcedb114423f86f0e'],0.23408484492736095,0.1902546004834943,0.17673228511243655,0.4798861016112553,0,likely_human,1.0,0.1902546004834943,0.23408484492736095
UCVB6rQIq_YO0E0o22vq7xjw,-1,1,1,['8dcf23620f7eb136afcddf62fb26de1d'],0.26758511277439423,0.19019200572441713,0.14542846816805702,0.4047335367367162,0,likely_human,1.0,0.19019200572441713,0.26758511277439423
UCZHHzf2q57b9ygeQskJ6nNw,-1,3,1,"['1c02410b1d48b8d36dd4b99d354301be', 'c11d9aab5c3f2409b8f02faab53ee2f7', 'ab2139e3c5cc6204b8edd3661e349862']",0.4220267603896904,0.1900470773214946,0.0,0.0,0,likely_human,1.0,0.1900470773214946,0.4220267603896904
UCgHHw2_5Zb27PNblYb6ihlA,-1,1,1,['a134ac88b88b6a4f1afdc2ff86fcde79'],0.24407934009582521,0.18960861130680856,0.18616705439995643,0.4237412699197401,0,likely_human,1.0,0.18960861130680856,0.24407934009582521
UCVnS0ycQ6nj5S0z0j_eWSWg,-1,2,1,"['52fc57319c62fad8b2aa2608e2fed430', '39d22a99ab1541a1180f73926eff48ea']",0.4204899242004067,0.18940418746533555,0.0,0.0,0,likely_human,1.0,0.18940418746533555,0.4204899242004067
UC4niLiWZI4XpghTnPwjip4g,-1,1,1,['794f6f2e12830aae00576c9263e1ad0a'],0.4202827050997783,0.18923323170731707,0.0,0.0,0,likely_human,1.0,0.18923323170731707,0.4202827050997783
UC7ghz_2AFFvoftXlp0O78nQ,-1,1,1,['f21b4fb37d69b0223ccdef8f64dc255f'],0.24940701128844842,0.18815159059923214,0.18297523795568196,0.3788818166944066,0,likely_human,1.0,0.18815159059923214,0.24940701128844842
UCiSdIYTSAryLO3M1d1sSMtg,-1,1,1,['8124350913f9c111736f135f123aca84'],0.26580697618813015,0.18766293768000875,0.16129928492147322,0.3508694091830035,0,likely_human,1.0,0.18766293768000875,0.26580697618813015
UCbw9gM5DzlxvMEx9Z68cjUA,-1,1,1,['d3f739bb4c792dd8b1140ca818832009'],0.41571507760532145,0.18733993902439022,0.0,0.0,0,likely_human,1.0,0.18733993902439022,0.41571507760532145
UCMTyXLwY3xuxUwUnkqL5a-A,-1,1,1,['08dcfa2f0074adcc6c8535982f7485f5'],0.4156762749445676,0.18730792682926828,0.0,0.0,0,likely_human,1.0,0.18730792682926828,0.4156762749445676
UCSTJRdxMP65WaTXGGrqT-2g,-1,1,1,['a0d59085393dfb288e721a40c8ced296'],0.41567073170731705,0.18730335365853656,0.0,0.0,0,likely_human,1.0,0.18730335365853656,0.41567073170731705
UCeWRII8Md7Vo41XuiE0CQ5w,-1,1,1,['89b581cfa15c066610b1d75e0ccdfe50'],0.4155099778270509,0.18717073170731702,0.0,0.0,0,likely_human,1.0,0.18717073170731702,0.4155099778270509
UCAenkqlYR6HZcQl300gRQVw,-1,1,1,['f745472dfcdbe428a534704c9b95a95c'],0.415480413895048,0.1871463414634146,0.0,0.0,0,likely_human,1.0,0.1871463414634146,0.415480413895048
UCI_hCGuh0MPnvOR9x6ttCDQ,-1,1,1,['f136d5e56349c225944b929bfe74bdb5'],0.2047478627230871,0.18706249128792246,0.19199109796192138,0.5499018505834734,0,likely_human,1.0,0.18706249128792246,0.2047478627230871
UC-WXj5co89gywZMIdOgLu-Q,-1,1,1,['af8a73ff0764297746405f19d854ce6b'],0.257396107665805,0.18703037372420112,0.14437701509348996,0.4131429491506318,0,likely_human,1.0,0.18703037372420112,0.257396107665805
UCojCS7WxogK5V7mY51t-DKA,-1,1,1,['fa286ea36d54f04e1619c49ba44cb2d7'],0.4153252032520325,0.18701829268292683,0.0,0.0,0,likely_human,1.0,0.18701829268292683,0.4153252032520325
UCY__dlu7CU9XCFTzPOZCdgw,-1,2,1,"['615fe9da648a40b1c148c7d95b793b15', 'a09abd9fec5d61270b2769f571cec8af']",0.4153244592346089,0.1870176788685524,0.0,0.0,0,likely_human,1.0,0.1870176788685524,0.4153244592346089
UC9aCmCwOt-YvuzuzYr5b8qQ,-1,1,1,['05e9d36a0319019447f02d6a0727a8d0'],0.18910845231297063,0.1866767211367248,0.20062269469822894,0.602147235677768,0,likely_human,1.0,0.1866767211367248,0.18910845231297063
UCxj3DAu1ihAOL8Ew16BiSDw,-1,2,1,"['bff03dda36dbdb7793cd3cf9e42f8cb6', '033d4c482b4b58c56fbb1361496bec21']",0.18848217617274765,0.18660343105627597,0.22399296590094023,0.5724601754273185,0,likely_human,1.0,0.18660343105627597,0.18848217617274765
UCLE_ZuaY0sIZ_MFkseXgQ5w,-1,1,1,['8d9321ac100ab2d04d32e3c5957c4dc7'],0.25204476685135746,0.1866011085195843,0.1473512720256092,0.4161949051755797,0,likely_human,1.0,0.1866011085195843,0.25204476685135746
UCdAr1lkx5d4qkNj-oCGBPLQ,-1,1,1,['7dc713e2d757aa63f8c2e690ef4edd1f'],0.23361816063248755,0.18638500960180227,0.1765429916373972,0.440495912120271,0,likely_human,1.0,0.18638500960180227,0.23361816063248755
UC3ogKqtzn8tm07H8DbWk3PA,-1,1,1,['7d25ccf34a666ef621ef6a73fd76c094'],0.2266979682797225,0.18612006980422213,0.18374633462043774,0.4473196800607474,0,likely_human,1.0,0.18612006980422213,0.2266979682797225
UCWnrGIpI1W9oa5Pf9oN2l0g,-1,2,1,"['74c110f1c726758ecb7ef3320a9312cf', '97fed956d34269b8fb02fa7890807e34']",0.4130583287114069,0.1860856211869107,0.0,0.0,0,likely_human,1.0,0.1860856211869107,0.4130583287114069
UCuN8lYPUFdOKmDaDdYI787Q,-1,1,1,['a7f2b419fc1360e0f167fe810a6ab9ee'],0.41053769401330376,0.18494359756097561,0.0,0.0,0,likely_human,1.0,0.18494359756097561,0.41053769401330376
UC3jHyzqX3mFbFLD4DO3cU3Q,-1,1,1,['6e411f793ffd9c8b013f7c4ceef17273'],0.20222585462652826,0.18458246447243426,0.21191676336225762,0.49911118961602274,0,likely_human,1.0,0.18458246447243426,0.20222585462652826
UCCupdOX4iuGaByUZpxW796w,-1,4,1,"['eab2310fef3a99ac433603f74916d1f9', '37c893a3a29fde51afce1fd2649ced90', '3ee38f05cdc56b4b7e6310450df7edf1', '762d13b80f935c7736798df250ae0d5a']",0.4091187766055895,0.18424174069961133,0.0,0.0,0,likely_human,1.0,0.18424174069961133,0.4091187766055895
UCk3zDwtg4YOQf4fSropS2xg,-1,1,1,['bd7c13dcf6999ec7a6593dd1f9fdfc73'],0.19992417236732923,0.18421489885861692,0.21764175883763057,0.48672174034709137,0,likely_human,1.0,0.18421489885861692,0.19992417236732923
UCLZwhShejAWovrN2m41mWYA,-1,1,1,['71e38321ca35eaa1fab25eced7df9f67'],0.24639345341598545,0.1835542681906791,0.1672247973658157,0.38660902307643796,0,likely_human,1.0,0.1835542681906791,0.24639345341598545
UCq1LzzkyDZj8yG7UAmvVDzQ,-1,1,1,['00f37ee4b8d1f09934ce6ffce94d11d6'],0.24889520113555585,0.18291920267396078,0.15343824770236464,0.38794527903201986,0,likely_human,1.0,0.18291920267396078,0.24889520113555585
UCNezQBVNhILJiMqN29caIVQ,-1,2,1,"['d5a5013f67ab9ad5acddd5fb0dc16471', 'fb3847f21b4e48f234b7aa26a02d3cd1']",0.24737896867064993,0.18275567111654178,0.16762444093550755,0.37916475398105226,0,likely_human,1.0,0.18275567111654178,0.24737896867064993
UCB_v65qZoOMKHQMZe5yWN0A,-1,2,1,"['8d744613ac483e38dee46f5f5e728ad4', 'b83dfcd188cbfd5c5c295aaadba2aaae']",0.23749639741049294,0.18273251605267984,0.18462081305955455,0.387428858328664,0,likely_human,1.0,0.18273251605267984,0.23749639741049294
UCE0TQA_vTE8pA4Bi9uZsXIA,-1,1,1,['1e0bb6c3baacc93a1da6f5ee315d3e21'],0.4055672579453067,0.18271798780487802,0.0,0.0,0,likely_human,1.0,0.18271798780487802,0.4055672579453067
UCq8nw-_swaPrAoPApUAPC-A,-1,1,1,['cd61f598ac35af1c268e20dfae13fe00'],0.4053252032520325,0.18251829268292682,0.0,0.0,0,likely_human,1.0,0.18251829268292682,0.4053252032520325
UCPrPRaY6vlr-aMGqjtMIZkw,-1,1,1,['ca7af533f568d63e42d6c610c6d6abfa'],0.405290096082779,0.1824893292682927,0.0,0.0,0,likely_human,1.0,0.1824893292682927,0.405290096082779
UCjLCBOhvRZpU_igpKc6UMjg,-1,1,1,['4c382625e78b457054c1f5efa72f2cd8'],0.2440748484658838,0.18199842833279484,0.15790213733369254,0.3904711872138252,0,likely_human,1.0,0.18199842833279484,0.2440748484658838
UCGiGhDVSBmLRQXSQjEKofVw,-1,1,1,['0957925ff0185d289bcfe508b9dcb587'],0.21099627853264932,0.18137637770127435,0.19916119113833272,0.45996847590636125,0,likely_human,1.0,0.18137637770127435,0.21099627853264932
UCv3dcP7SOvFU1JG-pHlUiww,-1,2,1,"['a825f9dede0fa44b3f08c2959f80a9d9', 'e236e15a2bb6460e70835abf6035bd4b']",0.40275143279718983,0.18133243205768163,0.0,0.0,0,likely_human,1.0,0.18133243205768163,0.40275143279718983
UC4BrmHU_W01-Egv8KztRMhw,-1,1,1,['de5c8fe08820374824b1b3660eb6dce4'],0.23733726711152797,0.18107663415626593,0.14299494949613203,0.44597950255412416,0,likely_human,1.0,0.18107663415626593,0.23733726711152797
UC7VIwlmfXD2FZVFjBbjDJZg,-1,1,1,['6eab9b1345434551f8384f488d46bdb8'],0.23864743789182946,0.18084176399842733,0.13006186129219058,0.45866830098892863,0,likely_human,1.0,0.18084176399842733,0.23864743789182946
UChDo8P7DoRTfSO190fhqICQ,-1,1,1,['88cc614459608062020b274d05917039'],0.4006208425720621,0.18051219512195124,0.0,0.0,0,likely_human,1.0,0.18051219512195124,0.4006208425720621
UCGk9pC2zRifZqLFPnlEdUPQ,-1,1,1,['fcb35e1b9b2a09eeeacf1d36f71dd8d2'],0.23828755096299886,0.17987752884724179,0.1517435554803945,0.401723244082689,0,likely_human,1.0,0.17987752884724179,0.23828755096299886
UCFeENAbpXmPrACJZxUJ4GpA,-1,1,1,['b301b0fb9dfa6a1c73ba5931bb91ccab'],0.21877339760046116,0.17967164936197358,0.16728335979450212,0.4698638280337034,0,likely_human,1.0,0.17967164936197358,0.21877339760046116
UCumTiSUMMP51WtHlW4MsxVA,-1,1,1,['e73626094d04e2a31978b4e5bfe45020'],0.21053240957015687,0.17932011855098767,0.21144961027670428,0.409759993756257,0,likely_human,1.0,0.17932011855098767,0.21053240957015687
UCxMWOr4LtsHJbCm_fSWJbrQ,-1,2,1,"['2b606360d43d03e05d405d071cfdb56f', 'd3824f12885accaabd05bdef2949beed']",0.39770428914771677,0.17904353854686633,0.0,0.0,0,likely_human,1.0,0.17904353854686633,0.39770428914771677
UCCwFWQN38GZ1_8Gmmyy5JOQ,-1,1,1,['c41fc5b0204b5f076ee3b44c7ef9b63e'],0.2093778760991559,0.17878697143514377,0.16408418721464235,0.5039826221962255,0,likely_human,1.0,0.17878697143514377,0.2093778760991559
UCsFXoCtjaE1fx8o8kElgUxg,-1,1,1,['3e4c1db986fc4844f5c2e6e4543373e9'],0.18271795833109472,0.178776342901237,0.17569337872007632,0.6030218602946302,0,likely_human,1.0,0.178776342901237,0.18271795833109472
UCEffhQ8RrH5sp6C3898K2vA,-1,1,1,['76c65dba995ad41f7f716d1fa27da722'],0.17396341524483536,0.17877519789711752,0.18686665456566798,0.6209476380585104,0,likely_human,1.0,0.17877519789711752,0.17396341524483536
UCUHhFRDz1F-DdRioWlraDDA,-1,2,1,"['1f433abb5657865e4d7b07a4126f8730', 'e25320cb45e29819b3dd350b232c5736']",0.21669243500434066,0.1783707019452365,0.146537676055768,0.5045609329775742,0,likely_human,1.0,0.1783707019452365,0.21669243500434066
UCSbOFVVM2JmdUSfsceVoMZw,-1,1,1,['082973e1b42fe48a4f5dd1463cc78af6'],0.3955838876570584,0.17823170731707316,0.0,0.0,0,likely_human,1.0,0.17823170731707316,0.3955838876570584
UCGJY1A_hY_c7BmbHoOsIsHg,-1,1,1,['e173925b0e87dc78aca249f0a46eb1be'],0.22409999888946383,0.1782058952583183,0.16358019376255922,0.434061284572711,0,likely_human,1.0,0.1782058952583183,0.22409999888946383
UC_uuAGP_-VMiA2L8QaKQJ5Q,-1,1,1,['b7e2291121ed533cf213c753b45b281b'],0.3953972653362897,0.17807774390243902,0.0,0.0,0,likely_human,1.0,0.17807774390243902,0.3953972653362897
UC3uZ1UCC1uihIP-aov7az9Q,-1,1,1,['48e7b9575dd13184ca7681257a32721a'],0.2559375760640872,0.1777748956315121,0.13552983772176921,0.34027416229863316,0,likely_human,1.0,0.1777748956315121,0.2559375760640872
UCxi_rPl6e18BCytBo9YCPkw,-1,2,2,"['e74c167ee0a9373a7ad3845898c0ac89', 'fe9d8a536aa4ad148970133375c292d3']",0.24176827074304919,0.17773332030200434,0.14180161972337096,0.4029723746218402,0,likely_human,1.0,0.17773332030200434,0.24176827074304919
UC7unsJtxDCjKfd049MpxNIw,-1,1,1,['4b4028045ff794583e7957ee99d27f1d'],0.20271662779518057,0.17765378844335072,0.18002707794356315,0.47932737429557437,0,likely_human,1.0,0.17765378844335072,0.20271662779518057
UCBvO-SqvMX_MDTVt7gNoA7Q,-1,1,1,['1da79e130186a2e8a50ee6cc080cea65'],0.1747980274716272,0.17753678552511654,0.21168339716285714,0.5552636909182155,0,likely_human,1.0,0.17753678552511654,0.1747980274716272
UCGx8vojw6VufJ4OSJyfqJYg,-1,1,1,['6f5fdd6589abf95269e2bb68b938762a'],0.25344984858019554,0.1775289897452715,0.1310109090458932,0.3775188543629727,0,likely_human,1.0,0.1775289897452715,0.25344984858019554
UC9-tZ7E3KYvz_EAQdOQRCyw,-1,1,1,['49024f3ad2dc203ddc9bcf1d9dfc43e1'],0.23566812839393905,0.17747189369158295,0.1588359728520279,0.38463537578009754,0,likely_human,1.0,0.17747189369158295,0.23566812839393905
UCR_e-BWh0LZqj03tns5TWBA,-1,1,1,['c28e5e4f71f88f99b920b4b14d7081da'],0.17039089929885398,0.17725399649483886,0.2122656014745165,0.5877879095471786,0,likely_human,1.0,0.17725399649483886,0.17039089929885398
UC7We4Du8uEbt8jiPNlXZQpA,-1,1,1,['fdfc361cc9c19bec6fe4d444a7c2902f'],0.17610264873817413,0.17641382484735013,0.19424649537664057,0.5724601754273185,0,likely_human,1.0,0.17641382484735013,0.17610264873817413
UC8VybL6Sl2P2je3H9q8JmWw,-1,1,1,['4240545acbe5119d7c5adc0000e52ed1'],0.19118481872096274,0.17637161125997952,0.19673400355288995,0.5014907501572761,0,likely_human,1.0,0.17637161125997952,0.19118481872096274
UCYhVJ7rcBMyIc1ejhnZ4u4g,-1,1,1,['92e29a93abc657c826eb8bd6a77cde9b'],0.19377380510629885,0.17558619940533743,0.21017313189469436,0.45840882653962123,0,likely_human,1.0,0.17558619940533743,0.19377380510629885
UC6KbEa3JA_BZixvZ2TB9yqA,-1,1,1,['723fd22bbce215d8ea6e05da0e0a5717'],0.16892178296577118,0.17511473429196936,0.21455531583720575,0.54349448756901,0,likely_human,1.0,0.17511473429196936,0.16892178296577118
UCr-_c7AbOU_fjkDRm_8nU3g,-1,2,1,"['ebd64210ef659aa2ee62c58c2d59efcc', '2aaccae3c34bd5ff476b8c6a31c07617']",0.185348949786458,0.17417513763476272,0.1853132433750541,0.5270666243201121,0,likely_human,1.0,0.17417513763476272,0.185348949786458
UCwWaUdbow-ImBlMizUMFL_g,-1,1,1,['f83b30d99a0ced23c2486c26f4be03ec'],0.3855672579453067,0.17371798780487804,0.0,0.0,0,likely_human,1.0,0.17371798780487804,0.3855672579453067
UCMtfoHfegkwitaCnKKSNX5Q,-1,1,1,['c2e452d04e97b53fa1c8958fc3c417f5'],0.19178770338279733,0.17301199920909066,0.15402362507633474,0.5627246677897526,0,likely_human,1.0,0.17301199920909066,0.19178770338279733
UCB92O4OLprReUKtlxsukJnA,-1,1,1,['23f6093908c07ed4cc033aad02989eac'],0.27044383513493353,0.17269069009036392,0.09348153965540829,0.31292945147562495,0,likely_human,1.0,0.17269069009036392,0.27044383513493353
UCK-v4pqF8vZ2d4lUVB6vurA,-1,1,1,['5b9a2b28ea87b604614658b07bd9c8f9'],0.19403628374473397,0.17181712543152589,0.19688204776250742,0.4391125430349421,0,likely_human,1.0,0.17181712543152589,0.19403628374473397
UCp--A0CaSt0L4LNb2z8f7zw,-1,1,1,['28759f26900d665a648bb77a5c4c5bea'],0.20129576686554537,0.17149163618181565,0.18955608415704508,0.41245948355211914,0,likely_human,1.0,0.17149163618181565,0.20129576686554537
UCzuQDvpHv3j-p27gtzVE5Zg,-1,1,1,['4551ba583b23d6d23d07b82af57e9d7f'],0.20271934489827484,0.16974118506517488,0.15890131613531458,0.4410812938329127,0,likely_human,1.0,0.16974118506517488,0.20271934489827484
UCGHD7SwBYFalykKia94ZtmA,-1,1,1,['4b03321d0437a519e2e70f6f0d1376b5'],0.18237524141661962,0.16926980815510423,0.16254566893472727,0.5343029325695838,0,likely_human,1.0,0.16926980815510423,0.18237524141661962
UCZPRNYSRxWkxNIpvjx6O6Hw,-1,1,1,['2222fa56bdd73903148faf808a735fa5'],0.375310421286031,0.1690060975609756,0.0,0.0,0,likely_human,1.0,0.1690060975609756,0.375310421286031
UC_vWPhc_8545WaArToRNh5w,-1,1,1,['b393a3453424899ece0b7ef491bda274'],0.17907109843028252,0.16891428355844346,0.19146103959073593,0.4893673562339981,0,likely_human,1.0,0.16891428355844346,0.17907109843028252
UCNPAtJBTowM-etaowaXK9gw,-1,1,1,['4208421bbda1e2895001597196cf3315'],0.20029332668272234,0.16880380495788816,0.18335576396546951,0.4206173075681878,0,likely_human,1.0,0.16880380495788816,0.20029332668272234
UC24-wQLoDACUtKVJF_xl6VQ,-1,1,1,['9d3f2cd3e1da08a96c6c343f1dc753aa'],0.17722169063028687,0.16824743308690787,0.17147146444737932,0.5358808610902952,0,likely_human,1.0,0.16824743308690787,0.17722169063028687
UC0jqRt6hUK4cVB6Jkb1DRwA,-1,2,1,"['903ac3158cb806820f3591b680ef34d1', '33b93d6996b1344197bcf573ed792a03']",0.1763125233120224,0.16814096086402677,0.18049058658857428,0.5258208463872778,0,likely_human,1.0,0.16814096086402677,0.1763125233120224
UCcP2Rauokc_02hgsKsfya3Q,-1,2,1,"['ac8be68067ca79041da110b194e4b511', '3af62b71ed4d838c1c15c19c00194363']",0.3727366426326493,0.16782023017193567,0.0,0.0,0,likely_human,1.0,0.16782023017193567,0.3727366426326493
UC0QjqNEzFG2adTEt0IWdEfA,-1,1,1,['5b7d58bf3cf2e51979719edd64436b68'],0.2243587626896103,0.16757781719164694,0.13714424716028287,0.3892116457465635,0,likely_human,1.0,0.16757781719164694,0.2243587626896103
UC8oPZYJa7BJjVc5xEaYmiHw,-1,1,1,['ff7cdd0676d373db963f4b2133d6fffc'],0.19591337042615076,0.16735781811509554,0.15691225952590304,0.455172130834077,0,likely_human,1.0,0.16735781811509554,0.19591337042615076
UCQqlAR141yniCRjiJToQwLQ,-1,1,1,['54506f598b6ee0cce03875474a9a3f7a'],0.24026521960139202,0.16693594677344625,0.1099701180751805,0.35485706177145304,0,likely_human,1.0,0.16693594677344625,0.24026521960139202
UCSNPohTpH0TwIC1Qb1_RpKA,-1,1,1,['00407995ccaa4380910f634dddb1c7b2'],0.37038248337028823,0.16681554878048782,0.0,0.0,0,likely_human,1.0,0.16681554878048782,0.37038248337028823
UCcGTahl_deaMtPl8oFWVa2w,-1,1,1,['ce09c934185bd72f7b974385f74499b6'],0.22681706190277945,0.16674056067050905,0.12166160796025155,0.3880051837992842,0,likely_human,1.0,0.16674056067050905,0.22681706190277945
UCKAV-1RIMSXINXUp6ipSFNA,-1,1,1,['70cdcfa01aadb81af08ca6d40b76ebf9'],0.2208816591862436,0.16668441348678753,0.13352021881844398,0.39471583077133,0,likely_human,1.0,0.16668441348678753,0.2208816591862436
UCy7x7DpB__OiAOQrBUXgR3w,-1,2,2,"['0ccb06a1401831913c138ec3426beb3e', '06685d06e37a2c449194bcc82047192c']",0.19172481576295242,0.16602382621231385,0.16430495219557112,0.4508219787943826,0,likely_human,1.0,0.16602382621231385,0.19172481576295242
UCXk_8drb2ZaBE_ZqjJ3YMfw,-1,1,1,['c1f2cf682b6b51ea65f921f90b2e1a8e'],0.20276827893350896,0.1656584333715862,0.1921297817459967,0.35308194028461537,0,likely_human,1.0,0.1656584333715862,0.20276827893350896
UCXys7l5vwc-Fs7Dgqd7g4Jg,-1,1,1,['94a1898b69458c62b3a8c2cd5f68345f'],0.18802256640615359,0.1651978737291236,0.18628705720831892,0.41148495851661615,0,likely_human,1.0,0.1651978737291236,0.18802256640615359
UCor_y7T3fndL-bBlDtJOKjA,-1,1,1,['968f7adf7654ceba4c34428d49f41c32'],0.22069430118414124,0.16461405165586535,0.13557514219933992,0.3650798286029211,0,likely_human,1.0,0.16461405165586535,0.22069430118414124
UCM5kqPaw-oxj2xbW1vtC5Tw,-1,1,1,['4222b9d2803a73aea12958c352007570'],0.17671381392815014,0.16448213631335584,0.17483090793623968,0.47552992561800717,0,likely_human,1.0,0.16448213631335584,0.17671381392815014
UCuKcIHAuUbFZshEd0TMt46g,-1,1,1,['4b4adeb2d5422b6903a3d20979dea177'],0.1671490003429333,0.16323231532471477,0.18528849388726454,0.49442336133090403,0,likely_human,1.0,0.16323231532471477,0.1671490003429333
UCOIZTYpxah43zAGOXC8Y1tQ,-1,1,1,['9d88c11ce4d790fe9bb13f2eb2f61b36'],0.14570214669733675,0.16312122942033935,0.22263006866123441,0.5227448412103165,0,likely_human,1.0,0.16312122942033935,0.14570214669733675
UCB6sQMIDwOSv744E_E6on4g,-1,1,1,['c38ab7461c8ea4ed3ad7e8eadc2ca83f'],0.17898938119750812,0.16309762806329625,0.17172276123436783,0.4672829303938478,0,likely_human,1.0,0.16309762806329625,0.17898938119750812
UCZFlFA_f1WCwrYZhpxgM3oQ,-1,1,1,['7872075fdb759cc9f7667065a1a85c6f'],0.36028824833702877,0.16223780487804879,0.0,0.0,0,likely_human,1.0,0.16223780487804879,0.36028824833702877
UCEkJB4ZLOKt2aWFOg9H-FJQ,-1,1,1,['d30677f5949909bb1b9fb83458fab53f'],0.36012564671101255,0.16210365853658537,0.0,0.0,0,likely_human,1.0,0.16210365853658537,0.36012564671101255
UC1wRRuCBKkUDnVCayfrl-Mw,-1,1,1,['fa38e1d4ab577de22764848cc4746558'],0.3600776053215078,0.16206402439024392,0.0,0.0,0,likely_human,1.0,0.16206402439024392,0.3600776053215078
UCZxDJs_sy3giFze4o6NWxXA,-1,1,1,['975b1a1866308c0f4100c2a3373d852f'],0.19480361302828605,0.16199590009745424,0.1567614912565936,0.4151215034075354,0,likely_human,1.0,0.16199590009745424,0.19480361302828605
UCsjL8c7bWzM074u9Z3CihQg,-1,1,1,['e39dbed0f9c94756221d5dafbfb3f5a3'],0.1513387568390472,0.16190591471491717,0.19739012791872018,0.5303830247603617,0,likely_human,1.0,0.16190591471491717,0.1513387568390472
UCeNkK9i43pMN07b55h7zrcw,-1,1,1,['948ce27d2bd158ff182b97d05a941230'],0.17368228244820444,0.16183702621739177,0.18775772326476822,0.44250484752793884,0,likely_human,1.0,0.16183702621739177,0.17368228244820444
UCtuHzmfhd3xx54Bhr9M6pcw,-1,1,1,['c94f1610638c1b5cdc3f6fbbeb07a59c'],0.18315701413019098,0.16154877801159734,0.14349011777359327,0.5078342868804966,0,likely_human,1.0,0.16154877801159734,0.18315701413019098
UCaFJZgu-lkZ4q5aT0d8JH_A,-1,2,1,"['2a2849e4496159adb2957f8d0ec2e7a0', '6b39e75c1b5b8fc08d027b215edf01bd']",0.3577542059530412,0.16108471991125903,0.0,0.0,0,likely_human,1.0,0.16108471991125903,0.3577542059530412
UCzEdaazE4Do0aDz-Y3pWinw,-1,2,1,"['f5ed73342f15d254460f82081fda93de', 'c49572350c06cc182f9056a5e97bd088']",0.35772000369754114,0.16105650305047145,0.0,0.0,0,likely_human,1.0,0.16105650305047145,0.35772000369754114
UCLx4B8bnDGQlUjYjLQ-093w,-1,1,1,['723f6c041a86f7ca5f1eb08a717e578f'],0.2402423426673932,0.16091290161184,0.1023527959912682,0.31823536407745806,0,likely_human,1.0,0.16091290161184,0.2402423426673932
UCM44GZj3nWOqRDzUkVnZTxw,-1,1,1,['9f4af21d9031c8bf6663963ee3342bd1'],0.1450081784937396,0.16071784407649736,0.19120131551780423,0.5566885098102466,0,likely_human,1.0,0.16071784407649736,0.1450081784937396
UCqzaAuvyneg0k4TmYCANYXw,-1,1,1,['59663c4e77604522d0268ee74db70c33'],0.20543865757363308,0.1602781147438866,0.12760682621901606,0.40407790080127726,0,likely_human,1.0,0.1602781147438866,0.20543865757363308
UC9jH3_n3VYb6qSS1zcyp3qQ,-1,1,1,['3b2da2395c5436640af954a221484ece'],0.2157381514381656,0.16026098757033763,0.14366678925108217,0.3373334513424401,0,likely_human,1.0,0.16026098757033763,0.2157381514381656
UCpv5nsVDJjZiZwDcylvecqA,-1,1,1,['7f4ba1d6eb5311b39bcffd7465870859'],0.3554120473022912,0.16008993902439025,0.0,0.0,0,likely_human,1.0,0.16008993902439025,0.3554120473022912
UCVTbD7dDtP5tmOBHA67cbrA,-1,1,1,['171f13246572a69e11ac13e29195140b'],0.17871006361819497,0.15963765506391792,0.14263780651033542,0.5021075045762196,0,likely_human,1.0,0.15963765506391792,0.17871006361819497
UCPcBLaaoEKcVSyI_OstH2ag,-1,1,1,['310266f3e57fb2850c07af7d67f61d81'],0.21411219386849722,0.15934678403197447,0.12826641374287076,0.3647555072602226,0,likely_human,1.0,0.15934678403197447,0.21411219386849722
UCQjwpJDuBCr-MRbYwqoX6rA,-1,1,1,['905a5d959f5da97e245340c3ac1fd29f'],0.17846345355243623,0.15906298229353566,0.17731343695190238,0.42123859213528564,0,likely_human,1.0,0.15906298229353566,0.17846345355243623
UCbNH3tNnFJgxTIXHHUGYqmQ,-1,1,1,['425c7a4f2717d636d3b0335788c25a47'],0.2153765630548511,0.1589159092453674,0.11638113916131215,0.37576851358287067,0,likely_human,1.0,0.1589159092453674,0.2153765630548511
UChgnbJaVg2sK4dUy5Zyk0Xw,-1,1,1,['9a1d87704bb456335069826a653be62d'],0.18812470334274545,0.15829380418882613,0.1716299761425548,0.3778035247675055,0,likely_human,1.0,0.15829380418882613,0.18812470334274545
UCdn0s-7xK_t9U185JF1envw,-1,1,1,['ebfba25dbc2d7c07bb46cce42bfdd349'],0.20547132327620551,0.15735724679034785,0.10937677636733446,0.4054911308099988,0,likely_human,1.0,0.15735724679034785,0.20547132327620551
UCOj6uqdNVO7mTk1HkOkKM1w,-1,1,1,['9f2ce6c53d53478a40da3d85d236eebc'],0.18002508679851906,0.15706102559457755,0.1928763566683826,0.36781063745776427,0,likely_human,1.0,0.15706102559457755,0.18002508679851906
UCmm5HovW4wlKaPhdV9fNQWw,-1,1,1,['b6ce1be6f5ca8046af424e42e7506e28'],0.15562675250744534,0.1569002801761041,0.18615650917343549,0.48857847357940215,0,likely_human,1.0,0.1569002801761041,0.15562675250744534
UChCu1BopnMxU9Zzt-vospPg,-1,1,1,['5056d5ebd02eeff9796086b1532a0fce'],0.2127701627942839,0.15597473621659308,0.12367460379323167,0.3354406745729338,0,likely_human,1.0,0.15597473621659308,0.2127701627942839
UCq3iEmG13pUTmCMKoBQvOdg,-1,1,1,['c54f78947cf8314e9bb3b3e2efa8f01f'],0.18958981418748816,0.15434060846744793,0.15132644527910796,0.37168982063320666,0,likely_human,1.0,0.15434060846744793,0.18958981418748816
UCsX16Caq8Ox3n6bX3_PAiRg,-1,1,1,['adb3b5b961896f7554b4e431c29c4b5a'],0.20385588843579697,0.1542304394528783,0.10806802436129014,0.39308926681839146,0,likely_human,1.0,0.1542304394528783,0.20385588843579697
UCJHRfY06qgKLCZCC5CAFvag,-1,1,1,['8f30ec491a66aa0e9216428803a10ccb'],0.17594307679868595,0.15401642355720851,0.1324672466282122,0.4846378563770028,0,likely_human,1.0,0.15401642355720851,0.17594307679868595
UC_ZgXI9apb0U0PIKd4-8hVw,-1,2,1,"['95773593093f51da4f4a28e6d32a7bf8', 'e14d915beec03e8b6a9a025b10d062cb']",0.14378235177922227,0.15370507093686456,0.2003867720204216,0.49051740889466455,0,likely_human,1.0,0.15370507093686456,0.14378235177922227
UCLAa91wDB2gAO833k-p1zLw,-1,1,1,['d31653296ce0817fa92288bc0a3d3ad4'],0.18921293211907564,0.15316359696286325,0.14773088693330164,0.37145213321609083,0,likely_human,1.0,0.15316359696286325,0.18921293211907564
UCuaPy0suLHvjv4a3R9hLwoA,-1,1,1,['de8f472f19ead2bb63a52674a2e7a973'],0.17294848204562818,0.15297288874765813,0.19322471007790515,0.3757167897588266,0,likely_human,1.0,0.15297288874765813,0.17294848204562818
UCiaIi9oU_CS6ihQimVRBOJQ,-1,1,1,['695750dcabdcbbd9886dd2afd9aed94b'],0.17192888007737303,0.15275404916146307,0.17052809884566394,0.40056907972947714,0,likely_human,1.0,0.15275404916146307,0.17192888007737303
UCVYq4L_frNmodog1BVPNMHA,-1,1,1,['2c02e0094a46ddb83d57ff6b80c7c3b1'],0.17118136374240847,0.15232437346872463,0.18043192433437452,0.3733937173596996,0,likely_human,1.0,0.15232437346872463,0.17118136374240847
UCEaXnTLIrQj-RvqUPZ7q6qw,-1,1,1,['4dd8fa3374da5c6c6b8a13245ccafbdc'],0.16955099446294264,0.15217860980593956,0.15950202955350357,0.4282952860839333,0,likely_human,1.0,0.15217860980593956,0.16955099446294264
UCpDXvflGqt1l-hUSkSKbFtg,-1,1,1,['ea986a3cd60aa75980cada0618c3f85f'],0.16849435169522448,0.15154412788956292,0.1596328390996329,0.4295936877705727,0,likely_human,1.0,0.15154412788956292,0.16849435169522448
UCndN8d2Px1agmjFkGeQ6v7Q,-1,1,1,['26c5f13fcc18427a1ab46709d54f3941'],0.19906203918309473,0.15071144928257815,0.1408318780431977,0.3173824784762337,0,likely_human,1.0,0.15071144928257815,0.19906203918309473
UCrE7M4C5aRquuMRKLNqHXcQ,-1,1,1,['fc9cf1eec75994f2e2fd634ed69f1ede'],0.1486768973576326,0.14965059043351697,0.1766852953782953,0.46742971928056365,0,likely_human,1.0,0.14965059043351697,0.1486768973576326
UCQeD3eIybMhk-xkevJSsR7A,-1,1,1,['22eacf41d34053cc44dfa897f4ccdcbe'],0.3302032520325203,0.14866768292682925,0.0,0.0,0,likely_human,1.0,0.14866768292682925,0.3302032520325203
UC95F-6oWWN_xcF8LYqnkPBA,-1,1,1,['12fc3426c655d8fdd3496f3dd4ac657b'],0.3301866223207687,0.14865396341463416,0.0,0.0,0,likely_human,1.0,0.14865396341463416,0.3301866223207687
UC19vDD0xuulm-XddkcozXbw,-1,1,1,['ba9a0a378349e9666599e0c0662838db'],0.1597496469548869,0.14826951634690916,0.18240120875211274,0.3788469787982506,0,likely_human,1.0,0.14826951634690916,0.1597496469548869
UCA1RO1biNjetD1cBKUg-8Ww,-1,1,1,['1cfe06e508e712774ff5749cb3de78be'],0.12809901028299678,0.14786127268487004,0.22092067203019122,0.46387445383213033,0,likely_human,1.0,0.14786127268487004,0.12809901028299678
UClT9IjLsB-KtLLS7j-YCMpg,-1,1,1,['00873bc49f0e0c43fe2589b440df9599'],0.17395995490965574,0.1474990544135144,0.10529551017836052,0.47042059717125045,0,likely_human,1.0,0.1474990544135144,0.17395995490965574
UCPWL7ZC5t0CYrlr7ztyiNgQ,-1,1,1,['1754441e2d51a601ad2bc5af9e5b1dc0'],0.20142406772330704,0.1463929845725436,0.1360363718576381,0.29011233403200476,0,likely_human,1.0,0.1463929845725436,0.20142406772330704
UC4pEzRCyp6glqBcjMq7UNYQ,-1,1,1,['dd041f1ca185c7d9f2e9df5d1e1e5247'],0.32512195121951215,0.14635060975609754,0.0,0.0,0,likely_human,1.0,0.14635060975609754,0.32512195121951215
UCnxMCwOrzkFuBk_Ed4IU8KQ,-1,1,1,['581426e12b9170eb0f7161880c7bb888'],0.1476425546026312,0.14580069407619342,0.16387743755468184,0.4654918995509485,0,likely_human,1.0,0.14580069407619342,0.1476425546026312
UCXe7nQxCypYj5Fr_k9yM2dw,-1,1,1,['4c27528721afb8c7b4e384d54cc64c81'],0.15067004921023813,0.14478983200231896,0.1935933196853113,0.38474110462505967,0,likely_human,1.0,0.14478983200231896,0.15067004921023813
UCY8JdFZYYj-6e7rnEiKU7mA,-1,1,1,['2aec88a949a689912037c83a6ec89fd3'],0.15478637328149605,0.14392762096433365,0.15593904510426443,0.4114221089350682,0,likely_human,1.0,0.14392762096433365,0.15478637328149605
UCmlHCW6-MBQnYG67LxDkYrQ,-1,1,1,['ac29fce575465ab5de3cc1fe3edab2aa'],0.15617200734480774,0.14320748567982663,0.15547889795726735,0.4027588729380653,0,likely_human,1.0,0.14320748567982663,0.15617200734480774
UCm-gYQbSJz63iokYK5Xgghg,-1,1,1,['e1b0c21934b356608654a56d560f34e1'],0.18490137001933765,0.1426732374078603,0.11598936044538548,0.3488575515325872,0,likely_human,1.0,0.1426732374078603,0.18490137001933765
UCYbtRxS1X5l11NeonOBN48g,-1,1,1,['6dd296f380e89aae0677fca7c5540101'],0.15134912523028612,0.1426345261645854,0.15392683923500525,0.4275464810244246,0,likely_human,1.0,0.1426345261645854,0.15134912523028612
UCeO1aO-HV1DgjqLCu1bi3UQ,-1,1,1,['388f5ad80ab5252737118fb3022484eb'],0.15200594020651045,0.14238308655672793,0.1710406900366546,0.391297563719027,0,likely_human,1.0,0.14238308655672793,0.15200594020651045
UCENN53LhU2fXCa4feb2VGAw,-1,1,1,['885ff9763be5272b314ff5795360e599'],0.16255309701224757,0.14228761854447988,0.1512309724408191,0.37541636401863604,0,likely_human,1.0,0.14228761854447988,0.16255309701224757
UC_qrNNh5_-yFULcm1rkyIng,-1,1,1,['cb49753df448f8f2cb4175317191b49a'],0.16725274469254647,0.14157437883947052,0.13919749417023375,0.389938004489338,0,likely_human,1.0,0.14157437883947052,0.16725274469254647
UC3AcR_OWSILz6SWh2rilkeA,-1,1,1,['8ee9aaf6d4d03b298eb1cb4ceb0521d2'],0.15436531549636476,0.14125309514909673,0.1648858600841942,0.3784810954726592,0,likely_human,1.0,0.14125309514909673,0.15436531549636476
UCPFGlf3tc0YhkD8J1M9FW2Q,-1,1,1,['eaab476e3484f1c297119928d4de5cc3'],0.18155134139718157,0.14109161329529743,0.11061807842101484,0.35440340179568697,0,likely_human,1.0,0.14109161329529743,0.18155134139718157
UCeqQDpjHV5QArLtAZTbW4Lg,-1,1,1,['e9da30759b5fd3240e06c2574e09e90b'],0.18088603029705902,0.13856140264187855,0.10861296595693302,0.34296087464175656,0,likely_human,1.0,0.13856140264187855,0.18088603029705902
UCFntHfRMoS6ac7H7Lgwkdzg,-1,1,1,['0ef8acc0c8db95da73f3b49d59b07812'],0.16430197634219026,0.13824737286209615,0.13929515287135094,0.37009308525118534,0,likely_human,1.0,0.13824737286209615,0.16430197634219026
UCLWpMd0012w59HGaMo4R9Kw,-1,1,1,['645b710fd4425b20a729cc0a87880178'],0.1523220984991952,0.13811876335947645,0.14086042992703085,0.4014166008571629,0,likely_human,1.0,0.13811876335947645,0.1523220984991952
UC4PZo94M23QNoaIzr2lv2cg,-1,1,1,['0c68e946db6e6d5cfa2c0e25e49491b2'],0.30514597191426457,0.13737042682926828,0.0,0.0,0,likely_human,1.0,0.13737042682926828,0.30514597191426457
UC2XzGwj6NjXM6Nz14ipdI2A,-1,1,1,['002cc917db9870dc598d18d7de266786'],0.14457016855036772,0.13718430073345356,0.16124070346588415,0.393672413484145,0,likely_human,1.0,0.13718430073345356,0.14457016855036772
UCMVi9yHYd-NBY9GaOZ-Hh2g,-1,1,1,['6f6361a8c7494b80baec1d87ec407367'],0.17959213841872373,0.13633519345284428,0.126416091885515,0.29580332658359293,0,likely_human,1.0,0.13633519345284428,0.17959213841872373
UCdqHJiIU-SYvuSEUyhF8Gaw,-1,1,1,['a96d947f207abb223c1e5199f1f8ec87'],0.15818305009547268,0.13547385970291237,0.1063927752638265,0.41402164069554964,0,likely_human,1.0,0.13547385970291237,0.15818305009547268
UC271Nxl8TFblL6IIcAP7XXQ,-1,1,1,['b0f8556c437993653b240f6a8e20d627'],0.16792284914135652,0.13418755812253835,0.11674344865180344,0.343370635306502,0,likely_human,1.0,0.13418755812253835,0.16792284914135652
UCEhYJ1GsYFZCKVKIHFgsc1w,-1,1,1,['ada310853c7f552105e8278bf1ecbbbc'],0.13729894572130502,0.13377900645236493,0.167897446808321,0.38611766261512104,0,likely_human,1.0,0.13377900645236493,0.13729894572130502
UCtLBuaf5fcxJgOd2Iq1L6TQ,-1,1,1,['c887b0453f58d0d930ff86c6b02987ec'],0.15485828693725723,0.13213340441567195,0.1307581354752076,0.3440118217802818,0,likely_human,1.0,0.13213340441567195,0.15485828693725723
UCGeR_g2ttAYFRna6sLEBytA,-1,1,1,['79eb6af728a21cd400a498263ea45345'],0.1417725059019264,0.1317661762145583,0.15115632097046158,0.36172369247599034,0,likely_human,1.0,0.1317661762145583,0.1417725059019264
UCjwM6eRed9Go5wegatK0ihA,-1,1,1,['a99057e63c81b1ca4b40da6922bfb1d7'],0.14405008870340064,0.13173345551262938,0.11668735511404715,0.4206336925741775,0,likely_human,1.0,0.13173345551262938,0.14405008870340064
UC97KsqfIIgwQ9oaoRaothzA,-1,1,1,['274875d00e22215fb9ac5810e3379156'],0.13860833831707792,0.13099895459209898,0.15543165017749572,0.36608575117570574,0,likely_human,1.0,0.13099895459209898,0.13860833831707792
UCve2zEdn9Ddzdvm8fSG-Bag,-1,1,1,['9627e94394b9c0cb7bcc2cb1b1e8cccb'],0.1475435871589546,0.13075570790356505,0.13683421856626546,0.35366810512986846,0,likely_human,1.0,0.13075570790356505,0.1475435871589546
UCnQGgxMaEw22daEGCwosxsw,-1,1,1,['1c593283ae7e24ae20dbb2d0edace793'],0.13322235465615356,0.12980984753219416,0.1619882423713567,0.3676095078597912,0,likely_human,1.0,0.12980984753219416,0.13322235465615356
UCIWwNtXosni5MUf7JtryD2A,-1,1,1,['8cfb05907efa01207590af3eb32b0185'],0.1412838286618881,0.1286254732066559,0.13869483013520081,0.36454180387288665,0,likely_human,1.0,0.1286254732066559,0.1412838286618881
UCkeg3zf886a5Cw24mn5Qx5g,-1,1,1,['db5bebe8e4f1d92f61620013e8d86aa3'],0.14352336590927006,0.12807892601169305,0.1503666585410741,0.3233852510031505,0,likely_human,1.0,0.12807892601169305,0.14352336590927006
UCgnI8ws2fm6n6MMCVwft40Q,-1,1,1,['bde7962ec8305f1c630e6b11967b8618'],0.1321639605930165,0.12680804480574417,0.14078453671529748,0.38759027687410436,0,likely_human,1.0,0.12680804480574417,0.1321639605930165
UCK1T7PMRUoryJ5-vtBQUGNQ,-1,1,1,['c7d4306986e42751936f65b24d8754b6'],0.13704283592378344,0.122560853301578,0.13210730202636736,0.33604323839679784,0,likely_human,1.0,0.122560853301578,0.13704283592378344
UCH7OUWq0lHG9YVHCjbolDzg,-1,1,1,['409ce8e99e275de31c7a961aaa0322ce'],0.14557668697698684,0.12076716211115954,0.12138910675147646,0.30529756435787536,0,likely_human,1.0,0.12076716211115954,0.14557668697698684
UCK65GVB0kc5TH7ykDTRSHPQ,-1,1,1,['50519c902b2043c996021c725f55ae90'],0.15840962436247571,0.1142324155805316,0.0696528896828124,0.2823821474879688,0,likely_human,1.0,0.1142324155805316,0.15840962436247571
