author_id,cluster_id,comment_count,videos_commented,comment_ids,avg_comment_bot_prob,final_bot_probability,cross_video_avg_sim,cross_video_max_sim,cross_video_high_sim_count,classification
UCOKCLPDExZWCM8daXh_4SZA,13,1,1,['66fdb8c44b822600b11a06e19ca42055'],0.5645683819326008,0.43815826922186096,0.15260367698690966,0.9999999999999994,1,likely_human
UCWKPnFneanj_B7shGGgwZCQ,16,1,1,['4956db5fc2733d94f65be73eb690e280'],0.5570964922866262,0.43642048422880975,0.1652523870508644,0.8994882040077308,1,likely_human
UCNfN8yv7gGSgHsGjUbEylQA,16,2,1,"['00993927b1bbecf06e52d1df1c773fa3', '3032ca38d8d439ca4bfde7076a7e32e9']",0.5234243776734595,0.4128612109344721,0.19910680206906495,0.7890245890228648,0,likely_human
UC2pmI1wQjhTiUOkQaG85C8A,16,1,1,['af99692654b2c10bbd6306f12084daec'],0.4773937969452157,0.4012899405196547,0.16494566617571807,0.8994882040077308,1,likely_human
UC2cl91cbKomx_Uq8iXKG7PQ,14,1,1,['77ef9fb7def3daced32b27955dada640'],0.5732125907486638,0.4011408871133536,0.11846482732518553,1.0000000000000009,2,likely_human
UCagIZOfDsOMnpUlPDWMJwuA,4,1,1,['ca56adfcd936dc6959012c292ebb4126'],0.5398093866942206,0.4008717762512325,0.13555759365813477,0.9999999999999992,3,likely_human
UC_5n637j5McBzZx-elorBYw,16,1,1,['5fffac1a598429c775aa7ea796fcff87'],0.5208692737991347,0.39332339300023345,0.1391732225308596,0.7359748241058985,0,likely_human
UCTBr5QBjE6xr4qRkwqzPn2g,13,1,1,['22e2913aa201a4f70c59391b7af6df62'],0.5068222605331815,0.3912594317825936,0.15906084043648394,0.8200604106533439,0,likely_human
UCHLo2hdHmPdkGabpvM3-IPw,16,1,1,['a23926869caaf0a820d2e655c76d8151'],0.4925608846632997,0.3871962426344868,0.16980941949993564,0.7293895960759255,0,likely_human
UCc6OGvvNjXV6JYjEnYGQuYQ,16,1,1,['84a9c3c8e17c16f427e60ad2655c46d1'],0.5124177717325025,0.38538750000250804,0.11508104952468093,0.7359748241058985,0,likely_human
UCJUYejqtHPZBkU6gUQRfcyw,16,1,1,['5542be5b6ce80f6653f793053f603eaa'],0.48556551916344076,0.38515513153873976,0.12944808222765328,0.8245280241949509,0,likely_human
UC8nphqigAxuDLb42DkLqimg,16,1,1,['e9a4d542c255cf9ee248ea4096ce3592'],0.49367002217342926,0.384464342059227,0.17128457299932165,0.7018324371740494,0,likely_human
UCGIX8tk8WLELoRWBRP49zyQ,16,1,1,['e6a85c95424efedaa12469f1096e2d72'],0.48805555044822796,0.3829372048915072,0.17430867356914362,0.6921175009334558,0,likely_human
UCIQBv2RttoqyMt-WvYIcthg,-1,2,1,"['abc2ee3546a9a7957fc5a9f081f5bc8b', '61b419ad8a5f4c4d6ed2870664c5da06']",0.517484026965296,0.3789145226731039,0.19526578803819775,1.0,1,likely_human
UCxrWDJOMEjXWq4iADp304WQ,16,1,1,['90e6e39626a128001a0f04055e2a9bba'],0.4439474714715514,0.37604142080153546,0.16716155201268795,0.8438069400669812,0,likely_human
UCmt_sqwDeoEuhd1Wm-6YuIQ,4,1,1,['476afcbc6b590d512cef7ec29888cc3d'],0.5038157181413216,0.3755694003509392,0.1407381117256487,1.0000000000000009,1,likely_human
UC4bigR6O4oik0hbBnSur-Iw,13,1,1,['f62f2518948698fb261b12015a05a878'],0.4981506359633826,0.37299284037750124,0.17622341532626473,0.6454088335004953,0,likely_human
UC4MahfT7Gl1ktHxS5c_mFHg,16,1,1,['2ab10a7d2bd1ec232e297c62bf863d09'],0.48115720558783615,0.367283304367626,0.1504211957293647,0.627022998371591,0,likely_human
UCnLFAzaItmkJfLg6Ea9SNhg,13,1,1,['073f9d8cd14f582cff6f1069dceef343'],0.47997942209170885,0.36188653922399794,0.14517856979600385,0.678134119585809,0,likely_human
UC8rUviggPbEZjsf5K39c-QQ,32,1,1,['c3c28d1c7c845fe05d382acb6309d57f'],0.498904037260568,0.35289017663747946,0.16162215352421216,0.7711809965651667,0,likely_human
UC5Dyo7pHqdM2-BwmQk1bGDA,13,2,2,"['ca647ada11bd0133d9d2c641520548ef', '5eebfc63f9e12e750ae79193e14ed173']",0.4540470011770668,0.34970199418883063,0.19384399967992844,0.5661791062596302,0,likely_human
UCLGmQQ5fsMQycwS4x3dTu0w,7,1,1,['5480a99032da9c9108616652abf6dac8'],0.5026278981206534,0.34902909687160727,0.18762684120138598,0.6796480881330742,0,likely_human
UCgjTUpjI7UvkXu2NVt4Vduw,13,1,1,['e5f3340287d2a9bd5267fd8955f6d50d'],0.46401319370406247,0.3485642759245083,0.19753999515834572,0.5194592361378811,0,likely_human
UCNnutMbASwOmPdPIQaDakDw,-1,1,1,['994c1d560cb5d8ae92a9a65524a1a8d5'],0.5166917944917575,0.34829334093808006,0.2357490474848021,0.6577331613112963,0,likely_human
UChlxZL5-BN7FoSNHnky83_Q,13,1,1,['026fbfacfdda774495d0411f440d8c58'],0.46806230703315743,0.3477660407990927,0.16322899075263525,0.5427590945950512,0,likely_human
UCiDGQ9ls26ik5RarHvmVsZg,16,1,1,['646ce0ab3b8940bce2eabe58e09f948f'],0.40689863854603137,0.3473528904749562,0.1789186914633735,0.6921175009334558,0,likely_human
UCSFEmBBNVaYjY7tyzzjDukA,13,1,1,['691cb4ca08310cd07056c1df7861f8c6'],0.4302123093493311,0.3470857155078307,0.16644826353519687,0.7096540295285485,0,likely_human
UCLzivcTRxdENd0IyjNLIGjw,16,1,1,['4a890b30b7da4764f442088d05c166f7'],0.4748930649197841,0.3469571069153584,0.15051804112822678,0.44962661064567877,0,likely_human
UCA4ZzrjMww8jOSm0wmkDr6Q,-1,1,1,['3aba41e9fdb56d0e10daf6aaf3a13e99'],0.4486033024196644,0.34650443779882656,0.187774202920577,1.0,1,likely_human
UCWZdHanLqH3XLd5KrJIbi3A,4,1,1,['7f83ef8be173f97e50f009e67cdde043'],0.43734840368747907,0.34605221626987914,0.13813084292096622,1.0000000000000009,1,likely_human
UCmv-giPA-BelRMUjhJOgXkg,16,1,1,['875a1c68af3cb7680e16b5e29afbfbcc'],0.45657460579221054,0.3457313718055668,0.1590129302912923,0.5051020169925395,0,likely_human
UCYJ_XG-Uw-wahPR4QOGZvrw,16,1,1,['097c709c59cce20d279980c36d760a1a'],0.44508454190129615,0.34440985261959123,0.1732250268632125,0.5098819279317492,0,likely_human
UCRhqsKtRw5E-mZEQeQxh1Dg,-1,7,1,"['687a1895c486f6939be63e46ab90ce08', '1d8146e0bb2b73ee0824b2d3332604e1', 'd6016fc4c267b3babd6cacd9989b8477', '99413fe70e51b0ded2131b09e06f4f17', '99240f3df572561a42211f9488e392a2', '7ed34b923170a8f18f0fb7ccd4f4b186', 'f666825d45dec512633bb24f0fa984bf']",0.4443239931170085,0.34293166417558024,0.13554887329333204,1.0,3,likely_human
UCyj7TN5uHp2bHVzXkekn9yQ,13,1,1,['11fb7424ce26e853982155bab9029b8b'],0.45586815265608804,0.34214512484749654,0.17121681260302135,0.5205122998712912,0,likely_human
UCTW-g77a_Be4kWrCQ1r2pfw,23,1,1,['4ff2419e9741ebeedbbe247813a9319f'],0.49267661507093063,0.3416208637407503,0.1689391573287603,0.7489566097978093,0,likely_human
UCO2V1AWXi-yVwKzgqV2nH4Q,-1,4,2,"['9bc41375834cf10f01195200a7cdf08c', '6e530631ff0a0dac79c0ea10baf79af1', 'f9cb839e5e45ca82c793b5b18cd49f70', '37a65bb8f3906df26fce2e8f0c481785']",0.441428424234532,0.34146297677880943,0.18216997141587554,1.000000000000001,1,likely_human
UC9gF6b3uKzx1anogd0zzLrw,8,1,1,['037d4468cffcdaff674bef4daf0d8ad2'],0.4930971489017247,0.33890361225248394,0.22684941028374245,0.6004419116173073,0,likely_human
UCOCQWtjT1bL4UIPvK3HojZA,-1,1,1,['43eadedf71380ebfa989c1189d051b9b'],0.4717684650325803,0.3369813651043092,0.16359060343174403,0.8599253782565189,1,likely_human
UCJNcvGA3D9qxYkaJIF5jE7w,37,1,1,['1340ce5e3deaf348afdcce6b2247df11'],0.49137465440838046,0.3364656260348716,0.21116314531686473,0.6390556440435576,0,likely_human
UC2_hl-9IyxREM6vaqmJeE2w,27,1,1,['b20263efa5df8e997ddcbedc95384767'],0.481079705367681,0.33508642611803496,0.16351722862498103,0.6960707004354767,0,likely_human
UCTl3mPvG9wS4o-3G-zTk1UA,-1,1,1,['fb96ef86dc0da5d8b37d1c0995e7125f'],0.5096518054328865,0.335066261601325,0.19611588183281342,0.6390556440435576,0,likely_human
UCyaqdwQXPA3lbX6L8n6v13A,27,1,1,['841f89e11a81c99481b9b939603bb8cd'],0.4849574010967442,0.33449802997406364,0.15544475637306207,0.6960707004354767,0,likely_human
UCsyZq--jxmRtphIflk8eQ2g,9,1,1,['42a0c19d86c10c91b1595dbf67eb6b13'],0.4936824087521676,0.3330323991363891,0.1811968764729679,0.6320636405834443,0,likely_human
UCsD4KGMoYBy9rHr76tG0cHw,13,1,1,['d432a34716198730721b9f0d0775bed2'],0.4302161814099744,0.33281973553045013,0.18480566861488656,0.5226762364002151,0,likely_human
UC816dEo4RmdioGafTVGGmbw,-1,1,1,['1f218cd3ca2b3917d17d4e0361983e5d'],0.5026208437928982,0.33281857392495573,0.17486886971560472,0.7046830495434497,0,likely_human
UCk6gh-31NyaSUkqey0U2atQ,13,1,1,['b6b7d176f2919bb1af9dbd013083f63e'],0.4454103907036814,0.3323134242087098,0.18911910339495905,0.4506923862650223,0,likely_human
UCadC6Zk-C38hdVBW-pLdmfA,16,1,1,['a297bec942e2d94330b18b2499bce0f5'],0.41615280628160795,0.3318249884696852,0.19198071999738317,0.47944381098927075,0,likely_human
UCsuhuM1_-ZKnMlCcT6Bt-CA,7,1,1,['c5cbe7965d6b254c7758c53af212c510'],0.46754149422163926,0.33056192188393274,0.1737749718682372,0.6796480881330742,0,likely_human
UC8T48awbkaLWNlepJ0ib3rA,-1,1,1,['a9f544e0816fd2e50bf6c7a44b61f6b0'],0.5377814664172103,0.32998787698608223,0.15508504869070136,0.5498106600949941,0,likely_human
UC-ftHOlHf8T97QZtwRhb-Rw,-1,1,1,['fa6de4d219cd90eefb3d0186478dd335'],0.45998060831381876,0.3283315326049062,0.20821161894883206,0.789024589022865,0,likely_human
UCuM6kpppW-mtPXDufwkUcCg,-1,1,1,['0e4c6240cf76a5b173005fc79a2b3307'],0.5052429358283664,0.3263407345315452,0.1742476313597522,0.6226100370464658,0,likely_human
UCzEF8Klt0EqZV7MRzWjKc5A,-1,1,1,['a72166cc7aa592f69b4ad6136d551cae'],0.4795970220339285,0.3262073778968443,0.20873514078330643,0.6624440461396706,0,likely_human
UCflfr23XWDyZMxGJ4_vrmqw,-1,1,1,['0fa5bda512b625a9e79b4ed1c4853962'],0.48170064150466285,0.32595414647257576,0.15198601295656633,0.7715169205214956,0,likely_human
UCr2WXCE1aF-S5NdYXqo-4TQ,16,1,1,['0122ceefee2f669dc1efa60d0302e055'],0.42716790549698036,0.32442166056351185,0.1465493878198147,0.44725235957228515,0,likely_human
UCsznyWs6YqrS2q1ikQoHNRQ,-1,1,1,['901eb48458bcacb97b88176f9ad63dae'],0.49841640261262066,0.324116305365723,0.1864303883436912,0.5983936016192893,0,likely_human
UCV3iUTGiorPOYJUNnxmjDWQ,-1,1,1,['bd44c2b206829b9b872a85d260f0d120'],0.5053673557453204,0.32391717138322723,0.13037626329068502,0.6953280004273115,0,likely_human
UCeNidNNCeVjjybHOVvax7nQ,-1,2,1,"['440ece3739ef645c796c94a0184308c8', 'ae1ce7467043bbd6af485701669a77c9']",0.484910407596119,0.3231820595760022,0.1941568561955023,0.6430905587858057,0,likely_human
UCE1a0_PghQfsCOzfOVeP-WQ,-1,1,1,['4c5f592fb53448782fc567b2d6849995'],0.4852382724121944,0.32298787363656983,0.18842877424363255,0.6444723775176631,0,likely_human
UCdc_1jpwlLLJE-52Uksi16w,-1,1,1,['07b8fba611dd2f9bd26b01fdbe4f38b7'],0.518460021309039,0.3227351239360867,0.16066184325278618,0.5588935735485836,0,likely_human
UCEkDdy2kn2Eikke2lrJ9tFg,7,1,1,['54e139e7ec741af645f6fc613ec0164d'],0.471343130011844,0.3223000035064513,0.18457508462448427,0.5612719276997417,0,likely_human
UCha1OENNg_F-ITgc3o3XVSA,17,1,1,['534618ac42280f16ebbfdddfb44a8b54'],0.4811091414026179,0.3222284254781736,0.19171867538657575,0.5584176314743569,0,likely_human
UCOGZCkBq7ubRleGAIE_Im3w,-1,7,1,"['a492b9186bbe784ccd5ee4296c8bf0fc', '72ecbdc83d16482b268fe2dabd54b0fd', '713be0dabdd8339cd16b095d5f0ff064', 'cb2eaa537f1768468c1adeff927abe0f', 'c06a60995e71e3ed38110800f51635b1', '179d45632456eee738ae604fc90248ea', 'c5fd387c8daa7c9b37cca86d01c913f0']",0.4039378331801638,0.321135897823314,0.16448150982057183,1.000000000000001,1,likely_human
UCtXeyKIN4s-mM6Nmh4NZtbg,-1,1,1,['a7079d8d1362441ea4ab4bfc4dfc0cba'],0.4821225202315539,0.320603321172208,0.2002038102604914,0.6147370161542968,0,likely_human
UCpzwGD0xJV0mu4qZDV48VUw,-1,1,1,['e06dff13b8aaeb97254fd8829378377a'],0.4777587938952216,0.31959499716274276,0.21114754744281092,0.6020826770446926,0,likely_human
UCKn2IF9F7Iv1LpYQ_l8wfow,-1,1,1,['31d4a2271ce44cb06f6cb1d7d481eab4'],0.4811561813582433,0.31930726667082715,0.18588059157025782,0.6319233421194628,0,likely_human
UCk-2KJafUzTTZwXl5b1NxWQ,-1,1,1,['7630addb200d4859f81512833af0fbf0'],0.49296110116411695,0.3189736827549107,0.19398502406341517,0.5562681199970818,0,likely_human
UC47A2t7TkfNL2ahou98-YbQ,30,1,1,['be4bb772f59326e0659fd8db2513bbbd'],0.4578516609643717,0.3176571586491994,0.2122265124686417,0.5955521477110929,0,likely_human
UCdDfGbLcexf9wv1c4KeXVig,13,1,1,['c767fa4dd7e54fec2ba407d8ba7c06bd'],0.44417238713572915,0.31616859778131046,0.12890830629538413,0.4141208837988014,0,likely_human
UCiPC7c5llXTEyNqtaKhhlWA,11,1,1,['5cf0d39e03d3efe67ed2a3e23a5b23b1'],0.4691095896419228,0.31549907710592406,0.17829009906954155,0.542761224455194,0,likely_human
UCpGPIeZY4JONcbinnyU7Jrg,-1,1,1,['db0d8bea56432f47d1166a774af626b2'],0.49409795628899944,0.31517947228800247,0.15519426475510967,0.6072916117291755,0,likely_human
UC412gvXtfGPVCQdquH7JXjA,-1,1,1,['bb1ad98bae26995833d5ed8b2fef6103'],0.4785411407318648,0.3148640402405341,0.19645691715190602,0.5772986912836167,0,likely_human
UCG56-6cH2_pHgrDk6lJ17rQ,-1,1,1,['ad699f5a1cc9e56ed1a8e8b2a4ba2c82'],0.46706019438751956,0.3146894663597696,0.22484665846222482,0.5710745052604793,0,likely_human
UCZrcPIBChP972MBPCEJxoSw,36,1,1,['8680ea1f5d593a48ced2a0c0109b7895'],0.46145656709667204,0.3143135115103455,0.1797211823119774,0.5431056409940362,0,likely_human
UCJpxzE1ZQ24H1l7pTypDiOA,-1,1,1,['7ab5b2fefe095c4d0bcd4fb8cc3c1e49'],0.4810425591829116,0.3142648010826944,0.16559104746373943,0.636822227701535,0,likely_human
UCeTvk4sbzMyLTl7OmkpcnEA,14,1,1,['2b5a2f3aaa417a9f9dbfd9ffb376a255'],0.4684804383916229,0.3140749875042192,0.19364716417988967,0.5313112347118094,0,likely_human
UCvF0PZAVADWxP-OQOIulkew,38,1,1,['fd45cd311580cbac3ab7e94209b65f10'],0.44420839059241624,0.31374337807647307,0.16104392263391154,0.7061545131198934,0,likely_human
UCytLsgUhn4p3T-s4W_cXlVQ,-1,1,1,['121a2b2c5e12dcce0507e0cd9e47675c'],0.5205596534226931,0.3137314875214572,0.17118442758925506,0.43146774264140375,0,likely_human
UCWiUTdTcvI2Ntds8qQ9qaAw,36,1,1,['41e5679a2b9730fdb5a190d662de572c'],0.4578866599947409,0.3136577262388157,0.1645892177007931,0.5814629873947172,0,likely_human
UC7cz6zV7mS5rGMRxUas6C0Q,1,1,1,['af2cf817ecb4fd5893724601c08bf48d'],0.4972691263831802,0.31353093356748796,0.13218904075048285,0.5336908395340355,0,likely_human
UC4USyEM92dnLLf1E4VI4Jvg,20,1,1,['a43b4cfd37ed536ba2ebf8d50d992d09'],0.47150777278483724,0.31333992443971087,0.17915737946263285,0.5383102924474703,0,likely_human
UC_YfrCEGTDg6gxWuWU6OImw,29,1,1,['a2973ea919bc03c4f4006dbb89c006c3'],0.4470483937628286,0.3132816614200856,0.14938451251385415,0.7126003432923882,0,likely_human
UCAH0RDKkppD73KGTGu3sE2w,13,3,1,"['f3d10e47fc901b842150eb2ed9778dfa', 'ebaea4d52dcafda8fed166786d353a29', 'd563a35b4b0b7c8a12859af239c85d7a']",0.39241518773398204,0.3131860008877024,0.15430841316232977,0.5574065308009432,0,likely_human
UCv1zT-rWzzWvBTQWcEFTn-w,16,1,1,['3e7c02035beb909f19d9e2710a5566c0'],0.4295324174575992,0.313100287132818,0.13434302334671513,0.34405030038721424,0,likely_human
UCuk0JR-shnDfkljwd3eVoYw,-1,1,1,['f5379d98a324acc174c3d8efe22ce5ce'],0.48378413469931325,0.31283599205522916,0.18768290201743984,0.5522179414463718,0,likely_human
UCzk4zWTfLsZrdEgetm5GO5w,-1,1,1,['ec9cb37b5d817aff105974e918b38d9a'],0.471691272548855,0.31233084786653287,0.17996245014082052,0.6300198906852942,0,likely_human
UCr3YMm4wUsPebfSfCVGkL9A,-1,1,1,['bff1a56be23db967d0867d9d1f3fde92'],0.47607616676292763,0.31231260550834017,0.18847713927130355,0.5819982197523033,0,likely_human
UCyRvOQCkdyUv3R-9r1RCiSw,-1,2,2,"['fe4241b4e6a996b4c895ea32036400bc', 'fe8317ba38bdece25651bcaf20eebdf3']",0.46693133186682906,0.3121132840844433,0.19622582217709592,0.5999121564977716,0,likely_human
UC1Uj4-Lh-NPy1_r57enXOIA,15,1,1,['28c68c592460239471fc118ed04833eb'],0.45415381031506996,0.3118274827256599,0.1754498371268691,0.6091730450932267,0,likely_human
UCcgyWfGly9_RUYQdfIDkBtA,2,1,1,['2934e6544fbf79d27a47dfe08b1fb962'],0.44432118348406824,0.3116816886797692,0.18155669100630498,0.6431537675421637,0,likely_human
UCVfBCOh3T4giCeEeDBQoB2Q,28,1,1,['97d587961c03bc32a33ba9ea328be99e'],0.4591549757104708,0.3115831091273983,0.18330510504614253,0.5139063609490738,0,likely_human
UCQwhaxdDkTZ52J0kPEb01AA,-1,1,1,['edf42817a86958dcc665bf037a9edd43'],0.4691906298447073,0.31146335069685993,0.2032336081039021,0.5743995609166539,0,likely_human
UC_EYRvVKHOgGzWADmMrGeIQ,-1,1,1,['ca11431ab2bda4989936118e0308930e'],0.4744014701531038,0.31146325400439206,0.2053008899488549,0.546887697694345,0,likely_human
UCPXlyJdQp12xpQ3EXa6Kq0A,10,1,1,['87dea1c1840b226b59eeb3467b003fee'],0.46444802468951474,0.3111755687185601,0.18062309329598875,0.5583306433505828,0,likely_human
UCqlXBYSDmTNedFHSMMFUJ_A,-1,1,1,['ebbba7aaa99402d90994cc2022482a07'],0.4771004800509364,0.3107312760904253,0.17143117987391482,0.5930190101349634,0,likely_human
UCoCXLZ-Jmvx8vMMa1smdl-Q,15,1,1,['7fa8cbcfa6dd3d1ffde1e9a6da6fc8b2'],0.45841649150799135,0.310125082399366,0.1968266623501244,0.531777352053974,0,likely_human
UCbI7LRCpIFLduQ1ERDtp_BQ,25,1,1,['a1c76874cef3cf5927aae4b13e70cdcf'],0.45441685586588454,0.3100904071551561,0.1917978740768823,0.5370282389647796,0,likely_human
UCGXuOEXRFV8sxLK6YtpS1gQ,28,1,1,['a946aeae2b356f07144e40edff299f60'],0.46236383248307866,0.3099867365718165,0.18754212447102517,0.4776595871603623,0,likely_human
UCJVc95IKw5OX5pNYDkw8oSw,-1,1,1,['967cee81f2ff3f13a1660869c40144ae'],0.5102279959259459,0.3096102062365023,0.11629622045813402,0.5644763867084054,0,likely_human
UCbpmPHT679KOANvgVKg1DzA,-1,1,1,['7da9c44fccdcd126c935eac0717da237'],0.47568792956854666,0.30958635498297865,0.16429283364727665,0.6155106767966776,0,likely_human
UC72wOtVmSuCHRTRQeWIiTTw,-1,1,1,['7747c1e62110040b90da84217f5ec444'],0.45508720672023045,0.30952163145694694,0.18062390653470717,0.6738501012326905,0,likely_human
UCrFwGN5SD2fA9PTjT8BQD-g,-1,1,1,['43bd705befec5332ce2ba1b081157411'],0.47909541595471433,0.3094000198805661,0.18872147806143938,0.5379787319408884,0,likely_human
UC4iPlZLj2vRmu2ww13O40aA,-1,4,1,"['a45ee7bf8b4000b48a08e2942cd25bdc', '2572bc7e903e2dd28cf9d59769fab65c', '99c8378c7d055e38b455d023141cfbb3', 'd7e9ea0ea08a4e3948ec98bf66ddf935']",0.43457163315188363,0.309285728505422,0.1770515053409506,0.7639692943431835,0,likely_human
UCVv-TJ0vSF9I06Ziy0Ztfzw,-1,1,1,['baa8479b52ad67b708b4c9c601e1a40e'],0.44469455335516517,0.3089962086897691,0.1431151027982809,0.7937781599043847,0,likely_human
UCzpc241GFQxR4UgVGIve8HQ,39,1,1,['aa6d1b56721a588c3cb0b73ef71327c6'],0.4341429398868615,0.3089659302677616,0.16113771809794109,0.6752615261842452,0,likely_human
UCgTI75eI5FLJck3bD8T_KhA,32,1,1,['65c070aae9a94435055c3ae1fdab025e'],0.43628352089910827,0.30879402473660195,0.20077522669701756,0.5382375259807564,0,likely_human
UC7IDPd4xTWWUYE9QW6ajU0g,-1,1,1,['93892939d5141fb5f85a0ddce7a430de'],0.4683700081482009,0.30856863917317556,0.2023876046674323,0.5487443714050728,0,likely_human
UCIA66MZSi2QQxXeRWmrCmOg,-1,1,1,['3599a99db47b668697d29c93c15e77b0'],0.47445621901423124,0.3084555492157059,0.17911563670648403,0.5742079927431876,0,likely_human
UCDiv105oHKOBo0biCI3ZJVw,28,1,1,['d07a0fe1392766d9c6dfb1471a07551e'],0.47107338832695966,0.3076696010404149,0.15757494324524865,0.4741591895776137,0,likely_human
UCbrnyrSrN9a-o7qYnXWVDFA,-1,1,1,['8956619fd4907a739f167b48fd606841'],0.4437215274150408,0.3071018682763477,0.22751077996177124,0.6158720675947223,0,likely_human
UCnxois89TMupKCF5z_XeNmw,-1,1,1,['83c4c7088aa43685cce5354a3bdbe8a0'],0.48065817727635846,0.3069768359699991,0.15626916147425857,0.5883761435452164,0,likely_human
UCyTOCfo9ZbtSDXtDVsRs9Sw,-1,3,1,"['7dc8b6ba32344a8713df3e45e930b44e', '727bb299888c5bb590200869ba43af7c', 'e2080d9ca13b35fcc01a1ddbc988f4a9']",0.45932570247060484,0.30697119992320204,0.1877607425291111,0.6039919203267601,0,likely_human
UC_a3MdtTBQkM2hT2beOVIZw,-1,1,1,['109047e2c2e2f837007cd9fbdbf37b65'],0.47463011232729685,0.3069252035626008,0.18323684533555687,0.5521321416789373,0,likely_human
UChFp2-EgX8cMBGj8hN71Cmg,28,1,1,['ce2a56730fca58442395df01aaba31b1'],0.4511949515799944,0.3066124309584324,0.1454728748211394,0.577586554328746,0,likely_human
UCl-M1VjjIDZJnL6v663Xz8w,-1,1,1,['e7a6cf1bb78846ee93977c566591f08f'],0.46356577378890285,0.3062525156359287,0.22419762306308685,0.5067243414536828,0,likely_human
UCVkigaz0sV5YmQzw60sFACg,18,1,1,['d37ede263e1a5ddaeffc5e7e51402e0e'],0.4485373142741368,0.30598329806885105,0.19019903529052284,0.5498330329163552,0,likely_human
UCTpXITlQpMR2wq2m1z6r83A,30,1,1,['ab62509995c2696bc8ac02a5386ba640'],0.4497832778193316,0.30574399833396115,0.16774491405301964,0.5884935559435248,0,likely_human
UCr2FrxYA-xonlRzPESYSt6Q,16,1,1,['1770299ec8602ad5a8384dd37ffc9fba'],0.3874399470125163,0.305675172147032,0.1638153089775555,0.40255565314788844,0,likely_human
UCyUG8e7eqajHUo_EDN6TFIA,13,1,1,['faa8e3da13dbcbb6160aa4db48cac0d3'],0.428921933294642,0.30562561807434013,0.12730230671167586,0.37665779594828086,0,likely_human
UC70I06CSEh5wYfg2Hb6-byA,-1,1,1,['1b9d6850a37c0f65376782e74932c54b'],0.46860164445127145,0.3055726774437697,0.18375166980589255,0.553601594091417,0,likely_human
UCdr8e9IrKM9h3EsQKI13uIg,26,1,1,['4064b60158c9b738a8a98fb3baf44c7e'],0.4463596721671676,0.3054982162193942,0.19400875903232212,0.5630663279984488,0,likely_human
UCpQ5Q1Yi9ODfutkMXvnLGsg,-1,2,1,"['f782a19cf1d9682c9cb25782a1796502', 'a77c09af1fbb9351f3c58fb10c432661']",0.4336540796909165,0.3051756559068827,0.16948403807899745,0.7426830044726785,0,likely_human
UCX_2VxZjuN985ZBw7cNgd2A,-1,1,1,['0c94664fcc08df6ed8492177b288ccbb'],0.4581175374781575,0.30513064109045385,0.20134073502190755,0.5646448338438014,0,likely_human
UCXbQcnRWegUtrEdoD5YQaTg,-1,1,1,['2b57402577b36ca2d973fe9818af155d'],0.45901567467769044,0.3048831873314686,0.172826614433868,0.6142065210205288,0,likely_human
UCTj92y0FzVTSSE5en1x7Q-A,13,1,1,['9840c427098070de038a2f6e9a63e39a'],0.4150617845160658,0.3048257458151586,0.15938875800683575,0.3735435511133518,0,likely_human
UCe1B2Fv7ZO0fUN40l2hrriA,-1,1,1,['80768ecd51a6745111b63c54811a29f6'],0.4932477701799287,0.304427751308583,0.1486361707977194,0.5169301079974903,0,likely_human
UCU_TZ1ZToV4CnvpdOTfk1hg,22,1,1,['1948bd88bcbe5e7837b832b9ecfd21eb'],0.43860429580599714,0.3042187665044247,0.20034558033881625,0.5554946659067639,0,likely_human
UC5ni4unIyc0kjy77RyDdg9A,-1,1,1,['f150d4a9b7abe59be320afb2ad0360ab'],0.4729209717828924,0.30417140189709185,0.19342175147640334,0.5156844202259523,0,likely_human
UCfR4HIIxJE7l6do5dPRVVCw,-1,2,2,"['ca6a89864acbe65916385235bcbcc8f8', 'c49c4985b8d3abb375c912820b21b427']",0.4553766163263189,0.30414575954329515,0.18110291935647024,0.6065470486159523,0,likely_human
UCQhCwbp2ZVIOgutqcN6_3vw,-1,1,1,['e6ed4a179c7fd55d93975c4c1496b453'],0.4561768665113274,0.3038068285386635,0.18681700720235558,0.5999859989413201,0,likely_human
UCr7j-0fGH4QaOEQtzrywAGQ,-1,1,1,['bb13e71f76e8e1aeaa98489d3fa8fc7e'],0.4635516019171292,0.30379340880137673,0.18608643133438826,0.5584451407987866,0,likely_human
UC9MQOKLbxCG3tLSlsVOrkzQ,33,1,1,['2c1644368f6ad5ed1ae143f528a16c42'],0.45538197711391337,0.3037931919798271,0.1752660785228549,0.5384413200678211,0,likely_human
UCkJUWgTm10BR2EqexSHQIsQ,31,1,1,['6e19004179c5f21fd936c9b3a6de8049'],0.4441273999933998,0.30366246087741977,0.17364618946691968,0.5848293574774669,0,likely_human
UClj6ZfwY74lchY8R56hwcUg,-1,1,1,['a89080409b10a2ca420b8757fade1c29'],0.4608402359033128,0.3035709428718898,0.1816027014176941,0.5765816137772488,0,likely_human
UCjWH-PGQW9XmO0WLhXxrgJw,-1,1,1,['3075f977bd73691e9223e1c93ed65136'],0.4551882583435212,0.30333593686002747,0.17915496232789754,0.6021101955072129,0,likely_human
UC_2UYrJRM73YNU-B4qemTrQ,-1,3,1,"['2095b3ca6cc4d8361e2720d25f14fce4', '70692a46668d62461c3ba1aedc7f6e68', '25cfb449aa387b7fadc7d615d4f8d066']",0.4345333305461831,0.303135983309596,0.15796428457896108,0.7426830044726785,0,likely_human
UC9tJhU4L27FhM6Z7GGum2uA,11,3,2,"['a0ebe1f250c53442530f9d20298e03dc', 'a4d2228b2bac27d87b71bdda7e71e870', '975099d67d98d4dce524f9749239d542']",0.43360794694465915,0.3028921592427621,0.18081447628619823,0.5725111070275894,0,likely_human
UCIR9vS02FWLD663JuyPXsLA,-1,1,1,['b1d86e9a17ae9d8b4ec8679a62abaca0'],0.4515453459698544,0.30267878992020325,0.15965391819345204,0.6595072829842473,0,likely_human
UCBsG9bEzjhVtUZjCLvgD0Cg,-1,2,1,"['bd19ba210e8979b52c9c1ff985caefd6', 'f23e2419b1b0141df9c0f6650612dce9']",0.45442936736097495,0.3024109290711638,0.19593056342433948,0.5653924279878261,0,likely_human
UCv6PiCHX9c08318vTKuyzUQ,-1,1,1,['fdecb84de5f85ade45c202b0f2277883'],0.4619462429899801,0.3023607118119576,0.18842525685672312,0.5458186089606448,0,likely_human
UCqpv6dOxU7DK2f1_tDjtKBw,-1,1,1,['f79d72181d0c6ad23a359372e1e55fb3'],0.4642015922226507,0.3018229368066767,0.14531175916452793,0.6261057604794564,0,likely_human
UCIr59pZ8nZwlANa6HHTG48g,-1,1,1,['0d9b0cdf3df680077bb838eb876edf6a'],0.45893708823936985,0.301671897251509,0.21228256193110068,0.5004895642020342,0,likely_human
UCFL67qn9ivEghJoeKOfoqfA,-1,1,1,['57d00761e234edbd4412e1f4c80ecb3b'],0.45852332299298637,0.3016225361338965,0.20216691797773195,0.5319577148959992,0,likely_human
UCdvDOQxVxeIK9pI9Tj91D4Q,-1,1,1,['0423c0013e9ca141cf84f5d52ad6bc38'],0.48266839727681404,0.3015713128662933,0.1240100725600699,0.5874158672840001,0,likely_human
UCcsDehHrYAou4Ro0h6Cl9fQ,32,1,1,['37583b7803be006e05761fa51446c0e9'],0.4788045063545008,0.30118281872522445,0.1032025592120069,0.46382211237964543,0,likely_human
UCyoInf1XTCbbTiZJXgqcLZw,-1,1,1,['64be14b5f58ebf933ada9566a8200df7'],0.4720611243191825,0.30096793905058117,0.13904538553222362,0.5979214917723713,0,likely_human
UCmuWU9hEsd0_6pvAF7F-VUQ,-1,3,1,"['d1ffd17e47ade1e0034dcab9f15f1173', 'f31871959b89954d59b2b03762072939', '9061a48a33190c22b6bcb498a778b149']",0.46399731837796027,0.300904744499317,0.16779100197272515,0.565272691751857,0,likely_human
UCiBsktyhs8iZXhg7IfUEuUQ,41,1,1,['d5d3285164440167742a7718a8d2deb8'],0.4442169593542794,0.30075009630146293,0.19938888800553017,0.4959323745080203,0,likely_human
UC2dG6eudcBi3X6Rl-UL0WSQ,-1,2,1,"['11c24e539b01fc8b3fc6e9168847e732', '3fbdf971fb2011e892011b42aebe214c']",0.42606201957857126,0.300531004635618,0.1956195341884827,0.6802447945334331,0,likely_human
UC1Ng3-PObLAH2_eTH00h-Jw,17,1,1,['89daca6b4ea1ec76308f69785b801c8f'],0.44171278336497544,0.30049148378768054,0.174845289535571,0.5591162912397857,0,likely_human
UCjqVTiwVRg0figY4hPHRK4g,-1,1,1,['404516fad5030289cf990cb4b9200f4e'],0.46377558619355974,0.300439403949739,0.18093142312146718,0.5527140691103152,0,likely_human
UCa2DKWCDcXjybBckyIhIa2Q,-1,1,1,['ad1885b92232e652766199c991b700d0'],0.4515315227355017,0.30041938273729574,0.22019230604755002,0.5166518087410082,0,likely_human
UCJdoUWV5TAIErd17nYlhiwg,6,1,1,['4714611971a104a81ca8dcf7e33fcced'],0.44359579295669643,0.3003889519445026,0.18377272734201688,0.5271335200246571,0,likely_human
UCBephuktiwrC0uTWcBro3Cw,-1,2,1,"['964eb4296ca6f15d4c599c788e0ed6e7', 'ac8ed0f2bbe28f8a8d86b9139cba725f']",0.46975099856136765,0.30036587728685193,0.15024424172132708,0.5680719487068746,0,likely_human
UCE9uCgn8K2JDjUsKUxIEjlA,17,1,1,['96f8405350a51a2b77e5b3ed84ce89be'],0.44508411407685566,0.3003065962630257,0.19021571356466965,0.5069105003906714,0,likely_human
UCGgMh3R3vtv4Mvsw6HvlbtQ,-1,1,1,['b93ff8f1c1826090eaaf5ec0dcd70817'],0.4437239087636087,0.29996714604069286,0.19605189627027797,0.5840996629833848,0,likely_human
UCBzl0SD2oaKqlu1Kr7TUaoA,9,1,1,['52662f9163bc80361027fe02d6899f37'],0.46556644522223267,0.2999618606444596,0.14954059897201682,0.4986678728184552,0,likely_human
UC2OTBApjAmmUSBWThZnRW9w,-1,2,1,"['7aeacf2198567362a39017508c5312ce', '7ee7e4fc9f558d2870255f1face8dda9']",0.42792208663863246,0.2997197033822516,0.1788699917464205,0.6973821954641157,0,likely_human
UCS_8ItNiTNbN7mlMtWeNgnw,40,1,1,['1c4ecd423fa665794cd95f71ea859552'],0.4216626063167431,0.29968195554156585,0.20722305684389367,0.5719896451258849,0,likely_human
UClp5GAYRnBSvzS8RabhNSlQ,13,1,1,['c9f337493560a12deb0cb0b137d9683a'],0.2589327291014475,0.29931803957593267,0.14344083519496303,0.9999999999999994,1,likely_human
UC7hVbv34dH3GCfTjDH8jTOw,-1,1,1,['f7c407e4346deab920767cb173050499'],0.4305745859409074,0.2989756457942877,0.19868854736842959,0.6460119178614101,0,likely_human
UCvL7fUEaVVZPF7fq5WoJr7Q,-1,1,1,['09c6dbe46f7ffe2bad62d3c077d092ad'],0.44573208298022277,0.2985701443147522,0.1830398262237784,0.5934908770358746,0,likely_human
UCWtpxXywZDmrti0EgVTgnkQ,-1,3,1,"['35867a519ed2b25124009e4dd4e9bc2b', '69274d978ee81bd1ecb494acbedde7e4', '905c04aa51bcd0c30563a3910bb8a6d1']",0.44769740322117685,0.2984707501640624,0.17439926269469946,0.5973177645985104,0,likely_human
UCjNmVJzfHfTrn3DcZxULdHw,-1,1,1,['44bd8642b6010d86e2bb4f7da04c6349'],0.4260034341297023,0.29836442701037835,0.1866619384834538,0.685193058943566,0,likely_human
UC72OaTLYakh3AqydTS0TwKw,12,3,2,"['1774f24fc5e5b1b192ecb3ed0792d29d', '11ae0b113afbb434f84bbd540151b808', '653faefdcbd0092e8022512915801aea']",0.4270343331146565,0.29826881398986455,0.18335768783638315,0.5807860885673696,0,likely_human
UCmpafFecXiA2OC80XmPGj_Q,-1,2,1,"['084a718ceae7774d3a8ee33a42d095e3', 'ab510db405d2d9805fe7c0e883a319c8']",0.4560441656713626,0.29811707029404333,0.18170154685046072,0.548469119050288,0,likely_human
UCtVTIiOkHKLU0Jxas3CeocA,-1,1,1,['cad5801717356840d3af47d8482b65a9'],0.4623327896118207,0.29783829897686576,0.13928209975938383,0.6044199148794334,0,likely_human
UCxrSQxv1mm1krxSHl7hf7EQ,-1,1,1,['6587fd81963ffeceb18dc03fef970e67'],0.422384531268879,0.2977630986037859,0.21440122386570754,0.6243535608723862,0,likely_human
UCdbpGplLZuyF2JRQ4E09Fjw,-1,1,1,['8350149d0c96bbd5cd36203e7fcc7d6d'],0.4716838129978498,0.29762204654605906,0.16867742321955806,0.505704705654036,0,likely_human
UCSOfeoxvZZxyGq0bSbKoNbA,-1,2,1,"['88a2589b2c6e79b8c235b51f7ac1ce38', 'bd2bb66b517ab0c020cc321d01f40c8d']",0.44492468509993544,0.29762127587049503,0.14382266826177972,0.6783914051104359,0,likely_human
UChXK5lxf_F2gmPEilpXk9Nw,-1,2,1,"['5daf32d6f8a37532286a51c60398209f', '82162cbb951fa17198317373a5bf5d56']",0.46322059119760906,0.2975859095349937,0.14842679999505998,0.582118299349624,0,likely_human
UCZfU87v06Ow-cV66Vg3pdAQ,-1,1,1,['9a433933e629520ab670e0cb5ef763b7'],0.44651669626369106,0.29752998630950844,0.2048252839939027,0.5329798798062737,0,likely_human
UCHzyffPdt0sWO-g4G-uzQyw,32,1,1,['a4169e7c0bc44d90506650da0adffeac'],0.4465811525101233,0.2975238153739794,0.1539583723739377,0.46607796362443443,0,likely_human
UCArrE3LKTausTaDlMrn9Esg,-1,1,1,['050efef12d727e284902c878d0219f55'],0.4450348261414873,0.29746899299548174,0.16617061602192487,0.6134796557452749,0,likely_human
UClHB8BHl5rfFO7wBw7RiIsw,42,1,1,['7fb0d24c7b36e4a3b3f4caf0acea399f'],0.44208301240623105,0.297463024975814,0.17705567106051023,0.5194580229817104,0,likely_human
UCXVHSbtgqTawNJn96pl4Qgw,-1,1,1,['8908ae2c1545575f3d8ccaa1c6b38d08'],0.44205184119411683,0.2973167491833145,0.2039362887372164,0.557391652536967,0,likely_human
UCuOHymdOay43fUkimt-_VcA,8,1,1,['178fc70118a4972490a6aa2b52395937'],0.4336970924692295,0.2971967686973575,0.1478979431994858,0.6134796557452749,0,likely_human
UCk5JXbsyWFBAMcCmDsu02EA,34,1,1,['5c05b6b5415bd28a3ddb808992d0aeb0'],0.4300192032846205,0.29675418325988884,0.18698878428905227,0.5323432354323023,0,likely_human
UCeOozjirA-vXgI9XTnQW-iA,-1,1,1,['3f2ac3b1f93a5db5dd72103a2c422d4d'],0.4428713210713199,0.2967425499598496,0.1936322638053129,0.571182332584818,0,likely_human
UC-TtoGKM4J3Uxt-EkPZu-UA,-1,1,1,['7c391c9b060388f394769fdebef66510'],0.47884176472230044,0.2967349741313558,0.13987786192588791,0.5166635221420701,0,likely_human
UCtQ-oAeXbU2Uii0Z1qn2rzw,-1,1,1,['b44dd9ff79fcb16160c441751684f76f'],0.46543952582900483,0.2967021639343082,0.1449896309674816,0.5661149658886333,0,likely_human
UCz2O2oQ81NbGahInpXfMIIQ,-1,8,3,"['1133dd93ee009e7bbf0550372a12a25c', '7d38e8154223478193f6af9a0de78637', '7f621c585634b8022d27268847e35a74', '38c7a7612930251509bfda890339eb1c', 'ea4c7d5388c149c874df800315a64117', '39503499ff8312c9534764133436600d', '8eda7e79d98307e5a3beed9ba4a3d9e7', 'eef64c12663f1d8df15c0102613b18e8']",0.427317076572738,0.29627212116326773,0.20978205848620615,0.6051341842991959,0,likely_human
UCBgrbtYr8q4cSZSIf2datgg,10,1,1,['f0845d4e3367a10a1090498b15390131'],0.469665360546601,0.29625669336496285,0.15075695781345574,0.4427828720974515,0,likely_human
UCl8rraLDCGraLxFrdhCFCKQ,-1,3,2,"['c2148fc1af6466eb9aeef0c4bd929ce8', '4164c6e3a0d330452799203aafec1e78', 'b506e52a0d117d60903112407d059c05']",0.4506026753837051,0.2961990762481669,0.16699971375772468,0.586060684905982,0,likely_human
UCvfuf7-lPn-URXqe2qhT9PQ,2,1,1,['4fe6b6b2661c304d4e2a0a1632b58294'],0.46293324065388103,0.29598018880891797,0.1415604429061852,0.48703086356966396,0,likely_human
UCLvsE8jfDGxXiGh0cbr3bWQ,24,1,1,['9944e7ea28f7750e92363101c61e9645'],0.4363272801192517,0.2959307576406427,0.1654166272289079,0.5661249903533851,0,likely_human
UCSCu7m5muJeBnuLyCmz_ErQ,37,1,1,['75cab035507d9e39564151d6180b6768'],0.46547387100967236,0.29591259212305804,0.14665265143393366,0.4707231602047704,0,likely_human
UCwVxipzu9_rMBS6Lo-lyhKg,-1,1,1,['f94b9a4977337372dade242cf8b7d919'],0.44735176832699874,0.2957520210006592,0.19651798411419738,0.5288044858444508,0,likely_human
UCnRd6WUE2HTUFBl7jlOFgVg,-1,1,1,['a871da753462bde16be84da82d454fe0'],0.453408547343059,0.2957152514663912,0.1606385922100893,0.5718841694307376,0,likely_human
UCXwHcrfXGiCYHbIQTizGoQQ,-1,1,1,['900cef6ba57e8336e2ec1869cb59f0e5'],0.4422283163180717,0.2956741855215299,0.1933361746588844,0.5571105421326911,0,likely_human
UCLxVYM3jgYg2iWWJRcx3klQ,-1,1,1,['a4d02d2bff08bd26275457591905ff28'],0.45033191357860625,0.29562266386632136,0.18095014283226216,0.545315603556732,0,likely_human
UCvhMMhm5pIOIZNEk52NsVYQ,-1,1,1,['2d3880f8f1d48f8befb3eae98168d3a5'],0.4399434608647278,0.29550502504094917,0.16145801341677934,0.6386398975281707,0,likely_human
UC1A99LkMRpVEIBC06zFEx4w,-1,2,2,"['1b731f90c4cae6bcebde2b664982b4f6', '1edf2c062b9cd53a228f0769f52158e4']",0.4923739143779646,0.29546354837794525,0.06182757706846869,0.6030421619996915,0,likely_human
UCugi0-XgtdXvKIjF0KcaXWg,-1,3,2,"['6c1688bd2798e92a526243184717fd86', 'e8bd06a7ed45843a7ec87d70fcbfb03e', 'd45ad4f977dc57e78e2ff05b24a7449b']",0.4331956703160758,0.29514677594751515,0.18868924614205526,0.6048522255306382,0,likely_human
UCzCNVfiELXuK9dYYUbSMgeQ,-1,1,1,['4b6431a4cc60b3cd470c411062b97372'],0.4424675570506951,0.29509778307079093,0.18456708766065075,0.5654376133331048,0,likely_human
UCnLPE_zNGmn6NsQWK7W0rvw,19,1,1,['a37539a3ce009138853506fcecd440df'],0.419338660337092,0.29504315860727653,0.17375898651771784,0.6064064416505501,0,likely_human
UCc4vCVsw4fbjcIu1Dg6tK1g,11,1,1,['0c63770a83c38e6f23a6aa11a41d52df'],0.4329344700938955,0.29503766927522923,0.16545397828669156,0.5308833639373797,0,likely_human
UCp4FNJTbsuou2e5ETS4fZTA,-1,1,1,['124473d241efff6e84317d43d7bf4a62'],0.42882294273436034,0.29497952165043906,0.19706535585431503,0.6027444080324019,0,likely_human
UC2tIigGKNUEv56G5ZyWWa3g,40,1,1,['c9af3c9cdc286839e625eafb7df98bc0'],0.4117931799176329,0.29494123581399434,0.16671952547101399,0.6530571378249128,0,likely_human
UCrmvAZ7DQI5eFInGktulybw,-1,1,1,['dfe8b29d83a3a66b7a669e1df591d5c1'],0.44237752946479625,0.2949005535312472,0.19728100244008084,0.5471197403722006,0,likely_human
UCyTg-yauSKlgO-ROt79n_7w,-1,1,1,['c3e1999fc93aed7859a334bff45eb842'],0.43285087157278435,0.2947199923217589,0.20288139280446926,0.5693194760192469,0,likely_human
UCjNyO9DKgFWefHm0j4nB7KA,-1,1,1,['d0ed1585039f17c7ad1866e6791df769'],0.4486055291107729,0.29470271547128657,0.18166744459771172,0.5466142740284611,0,likely_human
UCNRXyB_8cro_Y7s8Uvd11cw,-1,2,1,"['794a5560f14511468f2f1989728a2e4e', '9e429df6beb8204b50a9e0910cbd0ba4']",0.4336363123968122,0.2945230533453592,0.16262284391495344,0.6506039947698952,0,likely_human
UCeGaYSWw66ydETLSLB71xIQ,-1,5,1,"['83264d93d57c52c79d5d508930c89138', '8e2423fd9670a098acd114d5b8d8d4fd', '3ce025f691da4f286ee5794f78b488e2', '099003e88393879f0edb3f06ead08a16', '1beff153d66fa27a37fcf82ed2485c9e']",0.36824290121461645,0.294456401351747,0.14579598897383939,0.8804055875168649,2,likely_human
UCGjtKDA4zUN9QmG1j9haIGA,-1,1,1,['bed505f01f98ee23a964d7a326c8c90f'],0.4563287809734716,0.2944187583236687,0.16246190758688892,0.5509327514137337,0,likely_human
UCRZrn9Gz0KvIY8k44g1fv-Q,-1,4,2,"['720770e4d50d2ec7f4527da2579418fe', 'beef2a5011f27dc9ffe1875cddc980e6', 'debe68dcfe512a731c1b97780181b1c8', '15660c1977fb486ed74946d1f3308f13']",0.43789093269342394,0.2943127194205737,0.15193189909688137,0.6595072829842473,0,likely_human
UCwYt9itmJ9Tm4jPwZDk8Bag,-1,4,2,"['9bc2aee7af761918144f8d70e4ba7fa6', 'cdce49d39f1a0c21b23e3b3a6f1c53f8', 'dd1f42600be7700d19ebe0f91b61748d', '204f59abbfb503f084036f4c920126db']",0.4559443109156498,0.2942455108186971,0.1584966544518563,0.5578066994322325,0,likely_human
UCxm1uq58gOhHKy_4Onhj9ww,-1,5,1,"['14ad7181aac2450645636a1b5f99136a', '8917e1d2ed8fde72e74b4f4acef1157d', 'c8e9c08aadd5075d956c1cfcc5595a7f', '7fed0cec06a7f8185f5a1670c99859f8', '1bf894fd801c94bc6d93930379542b9d']",0.4304200087129537,0.2941741369332713,0.17045590206854672,0.6437822351204833,0,likely_human
UCyMpWfzKuZjAqVN2zzN5_XA,-1,1,1,['35ea82293310d3b2cace4078a502dab7'],0.4370763569667968,0.2940947896488748,0.20228977356543815,0.5468888847869442,0,likely_human
UCeoY3tpYSRKcxAAWBRbjm3A,-1,3,2,"['66f16140663652e1675dd1dc5d434fd1', '7c7bdba76667a703d4afa72149bc5cd9', '8c8ad18a1eb1c33865d76936216bef73']",0.4563530056116627,0.2937077228961439,0.1571077859060671,0.5568668808661678,0,likely_human
UCasQpyeA8D5S5PblrcXCRlA,12,1,1,['f8535a91a64abac0888586fe4b23c64a'],0.43614883984804265,0.2933759124304173,0.18683055844019392,0.4949151830598862,0,likely_human
UC0QIutongp0dmQ4lKpgK21A,-1,1,1,['10c5da6c2bb501f5119a624a6b057e2f'],0.4619545480031335,0.2933185613383842,0.18179812952917732,0.4814144508629215,0,likely_human
UCmBZNB2q0RN8dOBmbENNEtA,-1,3,2,"['af0d285a19a7afb8be3eb9d8027902b0', 'c631c4630e1e05ce151cf50e6e8b3831', '31c9c1efd7039bfb2c29fc05e9ae4ce3']",0.4199350861388922,0.29319001562295155,0.190822031376561,0.636822227701535,0,likely_human
UCRmdKBTK2K9OyQ1YKcsXTHA,36,1,1,['c09d5415413e40046b557c36a52514d0'],0.4413942196448778,0.29308658560481404,0.1554086262112621,0.4720986785486662,0,likely_human
UCgFL8b7VtQ8MRgGCKjQUJew,-1,1,1,['fafb577a3389cceb58dc4e4acad01f36'],0.4493649106134863,0.29307948087329094,0.17303998272561352,0.5529563180366359,0,likely_human
UCEvX-hirXkYEhlwgDKqj2UQ,-1,1,1,['486d7b71552aec4c11abc06664b65730'],0.44217062619768294,0.2929453435179766,0.19181389635491664,0.5381780654381599,0,likely_human
UCcKHCbyvvA_gsUbYaDcxfUQ,-1,1,1,['b5e0c32045b678fc44bde700f28f1f1a'],0.42387433184966494,0.29289371841320966,0.20481096037949817,0.5884983677259021,0,likely_human
UC52bodhD1hI3f1LGwW8ftvg,-1,2,1,"['6ae98d36bd1aff940c3ed40ad4ca1677', '283a0c33b00a8015a3d2e86b8ebe4442']",0.43104169783785834,0.2927523204648718,0.20622396823500094,0.5528014772065222,0,likely_human
UCAIV0ICk8YeIHOfkCLat5Pw,26,1,1,['1aa2b0b92ff921c577328edc4461463e'],0.4371815087140719,0.29273570286515443,0.18823193380114311,0.47756344327196926,0,likely_human
UCM0uz828_JBRV0bDBxgyQ6g,-1,1,1,['0590f8b4ff80fd7679a6b3204168f17d'],0.4519996574341747,0.29273509524216274,0.1297366361056418,0.627022998371591,0,likely_human
UCfBksFuX0xg4uli5Pe-e6Yg,34,1,1,['fed9e2761a2c1474e5b4d149546e7fae'],0.42575468234840563,0.29267508010946885,0.20557449897749364,0.4671316813280525,0,likely_human
UC5awXXF-jeB6VUsIDTYikPw,-1,1,1,['dd40d1a7b7c5927cc344e1919232cd89'],0.445100644577776,0.2926155971181206,0.19053384214534938,0.5231605466055983,0,likely_human
UCbE5N5NjNhxNzBFdvXEZ3MA,-1,1,1,['cc0bd5fcbd8d72d1b751108697119fbb'],0.43785916508043554,0.29259360888802105,0.15208527261498606,0.6337729584182086,0,likely_human
UCHUVGigngw3gQ2rCVAeI2MA,-1,1,1,['44bdfa445c2286e580ea6721987c68da'],0.43784669058996073,0.2925908670859795,0.1863893168502306,0.5645076431892472,0,likely_human
UCBp0rn8qbu3Nb1taMHjI-DA,22,1,1,['826e85a429960db7e8378a8394870750'],0.41729444448077546,0.29243584362959074,0.16976983946191804,0.5929610145316919,0,likely_human
UC8oF58BPP3xCTHqNqb_07Bw,-1,1,1,['8eec04d5071e80e879e318365c8a1dc4'],0.46399866908976295,0.29239944915138616,0.1517599623081738,0.5261459962859336,0,likely_human
UC-fRaWyIibaM665cuAYt14g,-1,1,1,['6da4ba31d758bb97d45bf6733647e007'],0.43261530210160676,0.2923358419474367,0.17115656357618508,0.6113641714398034,0,likely_human
UCro29G318j7faVxpvDOai4A,-1,2,1,"['6b69cebd8f5c32766c9be633bcca450b', 'f91ab4d526c0d6f1ef701d4d3070d375']",0.44062080922411584,0.2921521145361343,0.18561001660909832,0.5552773478645932,0,likely_human
UC6Ydm6lhk4wRscId6KRZAwQ,-1,1,1,['f6a52693341e89c6f9dc9c1517b39076'],0.45115011582027864,0.29209208493593797,0.18459846808209016,0.510329853931201,0,likely_human
UCOBgG9asYCuWCBSdP4a0K-w,-1,1,1,['fee934a949b5abf870a4173ad885b9a6'],0.4661373829568192,0.29199432355585814,0.1320654466381007,0.5512876721721894,0,likely_human
UCLxK1NaxM1-rFlG84xPsEBg,-1,2,1,"['fca5d19dd2ddb34435d9920d10104e8b', '27100d5c39775e34d09b3e81c6630d99']",0.4399869976590234,0.29194982608797776,0.16871826189060252,0.5787701463867558,0,likely_human
UCdfEzuWp_r4gWe6wP0XjChg,39,1,1,['f3778364ed85087e777bb3b9e153a500'],0.4518036599439721,0.2919287530253396,0.14687252898499661,0.4561842474929185,0,likely_human
UC-SvdXahzFZUrZ9dFB1N8Wg,-1,1,1,['44623da89950d1503d55ab0f98e1aa80'],0.4836094131851957,0.2918544648217747,0.13055564293246882,0.47759133624874306,0,likely_human
UCzFwh9JuMnSlDSLddpFo9jA,-1,1,1,['2440d6c17f3999cc863c03ebea0065d7'],0.46134494186933184,0.2917920134877824,0.15845555482259469,0.5171810502562986,0,likely_human
UC--P0FFW7tjcsQfwAbHCzCw,-1,1,1,['3b190d297102c18b7b02bf268d801791'],0.42508986298570584,0.2917437576650577,0.21996574916867567,0.5388371425533264,0,likely_human
UCfhPIiVx1ko1K-9Drq1FKSQ,-1,1,1,['659d6038e2572624e9c11acc6cfe179c'],0.4219910039274698,0.2916838170337244,0.1969247733384355,0.5997619277599078,0,likely_human
UCMBb9E7-qw3HHGkmBaNECrw,9,2,2,"['ebfa39ad779fec81a6083560d52bbb13', 'bbaf3f1135801f3b51199345f62ddf35']",0.4179007381271804,0.2916379743845182,0.19839276196386726,0.5324989683097524,0,likely_human
UCCT2owura6zVwA_lFYA8aOw,-1,1,1,['3e151ad36bdc3a6caea57f72918a7992'],0.4429467111940124,0.2915958866737888,0.16019278542640214,0.5778533989403565,0,likely_human
UCI_49duMnRbGPTXSaTrmEDw,24,1,1,['a9a509d2b2d8d95ae91688e7593fb5d1'],0.4413918588312265,0.2913498000028343,0.1841677488883913,0.4598514215230842,0,likely_human
UC4ZChj7dX2TDgszBMiuiBSg,-1,2,1,"['806e6e537fd766e3b59d49903a9b8c5a', 'e1e4f0f9fc9f1d7ed5d41782f2796b60']",0.43201347382675026,0.29131456648461945,0.1879381734816044,0.575298407365545,0,likely_human
UC4P8KZ-8kTIrYM0tc3sgd2w,-1,1,1,['0b233993d7b33e126ed5bd4705e47448'],0.4207132385325571,0.29108486844677484,0.19505832952595933,0.6072916117291755,0,likely_human
UCiDjpdc7LPnS_8ZaFCmpiRQ,-1,1,1,['818d49b209866b49e24d25c28838af4d'],0.44997356119307486,0.2910793176544162,0.16263976843432762,0.5466142740284611,0,likely_human
UCSPEa3CsSQf1uSgGzxHdFpg,-1,1,1,['76dcc07294fa78950f5a294df899982c'],0.44904226271829806,0.2910201379907465,0.19523841912855522,0.4874487394432713,0,likely_human
UCFQO4ZWM-Hc0TeuaRSvh1oA,42,1,1,['22d0377194c83b37139af2a97442c937'],0.4487212749197427,0.2908158294827424,0.16390500379687478,0.4530833337738514,0,likely_human
UCwM58W6Ie_wB5ctrAxTIjGg,-1,1,1,['bb15d660d3edef03e89ccba26f70b660'],0.43932437575685496,0.29077704041395197,0.18985374993258414,0.5263152440837697,0,likely_human
UCCAq_xdJLWE496Xo-RNmgww,-1,1,1,['4e4ae0cf38ce8cbd089d38c31b9280c1'],0.4611035096496323,0.2907188939855544,0.19230563928925046,0.43456411597473127,0,likely_human
UCTmBX7FRfCF02dFrw1Jq81Q,-1,1,1,['24d0f74563d238f3d9264eb71ba5aed1'],0.4625329889199443,0.2905135006023839,0.1415400344423497,0.5252111746670013,0,likely_human
UC52Aj4zquftc7DPfW0pukdw,-1,2,1,"['742c49263c2b182f185ca1e0d97aaaec', '707f0dc84bad08e1eeaa85049c35f635']",0.42555547981543396,0.29051094487968837,0.21047554924830708,0.5511980799512001,0,likely_human
UChWLbB4OArHA6nMgcig7VQg,-1,1,1,['6fe83a15e00890e0a7a3de578e39cdae'],0.44110025669872305,0.2904791156166067,0.1715091816273746,0.5661149658886333,0,likely_human
UCmvpmxneFlP8-pbgPmTjhIw,-1,1,1,['69ddea514d66401cbc9d8f9556c2ec7a'],0.4352941022342929,0.2904076962578048,0.2009060859725681,0.5202196843588033,0,likely_human
UCQWNDNGgg4cF4r3HVGb7iaQ,-1,2,2,"['3f6eaa64863e238f1aab62d1da916e43', 'd15a90ad945415b00901ff473d1d6bb2']",0.4232220381488338,0.290360106939032,0.19741979281993666,0.5787701463867558,0,likely_human
UChMzmONW0-EE2cdpRJRhf1w,-1,1,1,['c97e94ee6a8be7c6bf9306e7b66db3b3'],0.4094893192317437,0.29022370166428274,0.2047064369458328,0.6352480696142486,0,likely_human
UCjA0WgUMM8NunJSKElsNpoQ,-1,1,1,['0be494720f96afb99f3226901a824a85'],0.4372403777800742,0.2900489785067129,0.16366862083304654,0.586060684905982,0,likely_human
UC6Uc7TjQnWPo8qB64cj_MEQ,-1,2,1,"['b48088887c18d08ab0e048238d12ee80', 'c25514bd942ca6059f145ead8262b04a']",0.44637303742418305,0.28990874385255033,0.1608926631347609,0.5498675548844559,0,likely_human
UCrW_oJgJFpCY1OEf49QL_QQ,-1,2,1,"['efed47bac8562014cd51897a95be848d', 'bab4f2cf82c594bcf1419c09927434e5']",0.45218559793046753,0.28990140747132986,0.1642799946649024,0.5278713983084312,0,likely_human
UCK41oq4OAsvHYqvqJfpfAqg,-1,1,1,['fb6d7381736567ca5a8b2a887aa4c70c'],0.4360806823579688,0.28989529088506233,0.1636515037436196,0.5847337292884915,0,likely_human
UCFylEneFxSCT0fmdJ02JDZg,-1,1,1,['ff7bbcbc696d4a4f838265193daf9378'],0.43511796401053027,0.2898761101955844,0.17696217755566612,0.5663953110856917,0,likely_human
UCvPn51Y-aHk5y01vpVaek1g,-1,1,1,['b062f36d37a877e9069ad0d069939291'],0.41510448887974005,0.2898391483976612,0.19478787022101507,0.6133206270453239,0,likely_human
UCKEGsJmgzI_RGP58rRRBxZg,-1,1,1,['cfcac9083de091945b7d330699635c76'],0.4315917001629867,0.2893662618793215,0.20554630607599356,0.5208715993243918,0,likely_human
UCrSSFvTZLtqUwDUR7U6JxDQ,-1,1,1,['924d4dbeb114bfede85f12fac9437d26'],0.441985549464298,0.28931642304655036,0.17407735701990973,0.5325180233844156,0,likely_human
UCB5MX19xwInlcIcf-cs6Y6Q,10,2,1,"['b616cc4b758c1cfb02cea6fae52619b4', 'bc5359e2520204aaaa310ce01db9a9a8']",0.44051941663183913,0.28925972123517596,0.14370889707911497,0.5205304611622371,0,likely_human
UCdyFYZBDR_mOqjAV7MlU0EA,-1,1,1,['045d68760b1a0d5b3c3fddae53cd346d'],0.4373713260330467,0.2892404240737572,0.20339306703661425,0.4962454320855198,0,likely_human
UCyIG7qReZRr7BVSxUs4Pp5w,-1,1,1,['3fd844269e57499f33671fe3d4f2e7c7'],0.44898315700210095,0.28909075760167846,0.1781219817484852,0.49172369043298797,0,likely_human
UCM0LwniOjzV0UC3ZNFwr-Dw,36,1,1,['58318d9f56b847234fc1ee0ed1204129'],0.4583005683039819,0.2890443181351477,0.1409180998509274,0.3867300663063231,0,likely_human
UCkkOxT2rVBGaxlEF1lelLKg,-1,1,1,['d2ecc3dc6ef827d3f4c2c64fddfe1eec'],0.43611003221089184,0.28893472176586094,0.1543390590200233,0.5967177814207132,0,likely_human
UCT7GpjQ3skmRoQjsg0O5wrA,-1,1,1,['3561ffdc6799d1abcebb1e7083af1eb5'],0.4385224716963567,0.28885061765037323,0.14253738995302298,0.6152871056010132,0,likely_human
UCalfTDuHtgXEyWKCs97VuFA,-1,10,4,"['7961954c9bbf640b8a7756def34d7b75', '6c059f976a926f85bc1c52402a19a309', 'fd0c4bf19f3df0d4fce70a606f6bbd43', '01263f78ee29fcb3d6389678506f76a2', 'ba6197b14d8cb0edc709532a4483ea71', '4c12f53583388f45c2f5c077addda9c2', 'f9ecf420e6d50d3bca2012d432b5a03f', 'ed8b54e2c2f979a296da80d755a43e98', '530eae777f32360bfc1a7e8a7b70d91e', '2415afeb031905952a719e92b614bd07']",0.4071535700218618,0.2888345903945332,0.1955583560187855,0.6444723775176631,0,likely_human
UCBcVvd4jvx7aC9smT59ZOuQ,-1,2,2,"['c09d659105ec3d396a6cb33a0364b70e', '74a9fc9cd9f917f703b90cc8abeae068']",0.4285922436923164,0.2887386387996774,0.18884438437279294,0.5601122616893256,0,likely_human
UCTKoEkmiZiCQFc3MiGW2YFQ,-1,1,1,['5f37657c8533bcf6562d03aff8c5257a'],0.43189099354174243,0.28860963972223463,0.2057743586732621,0.5237676672217276,0,likely_human
UCrvjZYTceiyoeoaqZdXFacg,-1,2,1,"['6dae4ac3c99ac18d4ea0a741af1d5994', 'f9411be7cc79d3099be04a4be12e9fd1']",0.45771758451984296,0.2884993984355844,0.1422324096656277,0.5252111746670013,0,likely_human
UCk0nnok_qMpmQ5rCKskvgfw,-1,1,1,['a4e7d99b15410c52883a078b042d8148'],0.44986545210822027,0.2884530079172394,0.18697297498481438,0.46624808225371395,0,likely_human
UC9PZkvpzG190Toen92Q1rMw,-1,1,1,['ca4bf184fceaa7577086f5f1bf6adc7f'],0.45840019049500114,0.2884421502778153,0.15000850684466063,0.5161217660924724,0,likely_human
UCHAww4ttCLT64y5B1OfC-GA,-1,2,1,"['f2a042634893ef9dfc7036f6f4f6ca58', '791fb8a54b88d28a700f4b1f657861ab']",0.4341429286288103,0.28842964393100157,0.16521732367971714,0.5860900320270448,0,likely_human
UC4CDo2u0YQk90hOTYDFdfNQ,-1,1,1,['758c8ae704db57ff91d0db992edc54b7'],0.43969032250531764,0.288394095263003,0.17387018167379556,0.5343323961412767,0,likely_human
UCXf9m1HdQ5WxFHLOSku63ig,-1,1,1,['f425e734fcd510a1ee100e20526b6220'],0.4391347245448247,0.2882472601744246,0.1770561222200826,0.5286160020680418,0,likely_human
UCx0ozk7mAFwA_0MTQWmoANw,21,1,1,['81491aedfb40e2d3aff1848eeda38249'],0.40968885573314295,0.288215294585457,0.1601397246015082,0.5735830465161587,0,likely_human
UC2z0Y51u1ubvU65Gal2fr3A,-1,4,1,"['5e0e416b304277b88fe4a77697700f69', '4d76956ef1473d44f1f17d30dc771089', 'c9644a058182c1b69b752d59242ceb28', '48161e714e534b075bcaf8e055093b51']",0.43326824052290847,0.28820083084772014,0.17841160015354543,0.5571425921598585,0,likely_human
UCfkZWaLc8AQ2wKHRqVCNBiQ,-1,1,1,['f2d9df2af3f7b745523d9faa8b337e5c'],0.45188004527352793,0.2881597727391732,0.13781715185575005,0.5487403949779482,0,likely_human
UCj8TZtZGHgUp0qjC6PaCnSg,-1,1,1,['81fc2338a1ace3357ca7b5e6ad0ad6b5'],0.4434033947071832,0.2878995830717563,0.16140282950248583,0.5481630469372736,0,likely_human
UC8_qDUkVLKkmpNHD4DLozgg,-1,1,1,['275e3260737a222dce4ae3679ec033d1'],0.41945990662781973,0.2878271740113982,0.1835497314019824,0.5983861181468884,0,likely_human
UC2SjD1V0acc6DUzkT33HiuQ,-1,1,1,['71982941d9ad89e2ba083044cf8f6c4e'],0.45790243718329177,0.28778293214766376,0.18698360839673486,0.42835591421085356,0,likely_human
UCvFT6GhTnKkKtw7aNBTDAAA,35,1,1,['7cc0ff59fd87ead97ca7291ca494f0c2'],0.42613384681234806,0.2876382151416389,0.1887375462647434,0.4822613113456972,0,likely_human
UCcUxtUPk7NS1hmaDJXfMR6A,-1,1,1,['3d07ce72902c6cc7e450cee230e4e0f9'],0.4545713970118147,0.2875493272749197,0.17618057861179032,0.4644211480870605,0,likely_human
UCftwnmn5yFKNKLcfBKJh5tA,-1,1,1,['9e0de3aeca92f6a8a956c479909426df'],0.4205994665591207,0.2873549244490023,0.19202094274704412,0.5758877650945841,0,likely_human
UCDopCYHySZUpUoJBYA-BtGg,-1,2,1,"['96518d63ab84be8777e0e513c36fb862', '995a77e628204cbc2bef833fe13366cc']",0.42063957731477386,0.28733717947699766,0.16509203215990073,0.6378578073759233,0,likely_human
UCIESXMTRGbI6wZIDMcNSWxA,-1,1,1,['ba5a9b9f6fc324fdb41fbb9ccb9443e9'],0.4353731398794901,0.28731232632409587,0.17383663178824377,0.5427739981704515,0,likely_human
UC6WktgEVFo3N5HO34pHIEWA,1,1,1,['39c7b6757b27acfda9285e2bf48e555c'],0.4383780855667928,0.2872780231551164,0.16460150002825757,0.4630721168992762,0,likely_human
UCpifGoWLRl6a2JM9dLEKpwg,-1,2,1,"['6087079c258c75b0c0d4a482f8cc3697', 'beecd824c97d13fba6812cde21dbcd4b']",0.4358893683123204,0.28715507757887293,0.16277538371775477,0.5712411927219011,0,likely_human
UC4Gz3bJfnLsZVfWESUwSGBA,-1,1,1,['f99e35b87b2654dfa1900bc858bbf6cf'],0.4624802833007405,0.28714750698341096,0.16924696454115132,0.440890496861679,0,likely_human
UChNNkCMqMJnvmQufTLDQrpw,-1,1,1,['dcf567d525a46c83c45fc43fd4a3b3a1'],0.4331706875230934,0.287090686525167,0.2085247909171748,0.4782405768248358,0,likely_human
UCogTx8XkGLjU2eCDUIX03-A,-1,2,1,"['998e33ecefae56c505615e937c0afcd6', 'adb76c88c3b128892334f1eacf8e2c64']",0.4422906028569508,0.2870369575242711,0.165566299652691,0.5308670587234658,0,likely_human
UCW7bCDnDyuud3ZlVl0GF0Fg,23,1,1,['a80f64210fc343483bb130aa17952722'],0.4721168917534505,0.2868892012857563,0.11791400637026585,0.4121859390249813,0,likely_human
UCfpQ2C_zYI5ogyo1UlfesPg,39,1,1,['45e33feb0de1380e68532f5bb1c7e1cb'],0.4350942494489668,0.28686697424088825,0.14738889398228106,0.4777019285745182,0,likely_human
UCLwBiThDgQnFdzwuvj_1vKg,-1,1,1,['360543b37f14a70d3580cc810157ecc9'],0.4761162757345293,0.28673867092729843,0.1519367297102161,0.4135979089018964,0,likely_human
UCuB-i8KZ6vuYUU_7ODozSRg,-1,2,1,"['bf9b38c169185e98a029b9719f02ae0b', '5dbf49dcc4108925185cdfde5ffbc2d0']",0.44419715260423615,0.286458882777468,0.15594849561605847,0.5369892529268715,0,likely_human
UCVHpIdyVJ_0p6_zopLZi_HA,-1,1,1,['4b848706f0a22b99c34d65f3087581a8'],0.4382451450848291,0.28641123911508065,0.16815918443198632,0.5353566804128718,0,likely_human
UCvAa4pMDX7um6ZxUfjWZBsQ,0,1,1,['ba3c14a955c73124696ada0b2f96236b'],0.45290746686401606,0.2863186625104861,0.16414421997729778,0.38508941700191757,0,likely_human
UClC9AzoCYGh145G46xlKV7g,-1,2,1,"['b7e4de91e76ac4d935431de52975d49a', '71ca3c7408d5b3bc7ad8e3525735be4e']",0.43443517064500037,0.28614596781067014,0.17112166308771554,0.5501067545077609,0,likely_human
UCZqfb5sh9B_1MQDdOPLaLKg,-1,3,1,"['946110784dd9a717c87bc5c8a21ed3df', '15d260e01c537ba59ad8b04bd710c23b', 'e359620c1fecd5142c0f0345ef5b4a84']",0.42119500443985797,0.2861429980085368,0.17476884313876923,0.5967982894993538,0,likely_human
UCXWeeA9ksZMP3dkr7dTSizw,-1,2,1,"['11c363bb553e59a5a5f5e3e2d12d1eee', 'b9ef6581280048156f1a0c662c470033']",0.42169079217945804,0.28609986456397374,0.18084234870154986,0.582118299349624,0,likely_human
UCMOz_TsuFgcA09vaZy8Svxg,-1,3,1,"['5ac94bd9a817c9d9293ab60de0767c49', '48880d0be6ad5b7d9f18c77bf1c10adb', '988a1cdd4070813e7e22507817dace53']",0.443429753149398,0.28606751608753467,0.17429628910371167,0.49389053155659823,0,likely_human
UCNfkOTShWTfqLGxHIN2MdmA,23,1,1,['8def511460e071221930e3340a077c0a'],0.4644426235912656,0.2860171110899753,0.12836624869629873,0.41578234242417117,0,likely_human
UCt9X_W3SSPn_qjRNz6d2x4A,-1,1,1,['017649b9a833951e94a92a1a8f3d2e3c'],0.4254405188425197,0.2859297304808517,0.16890807630065735,0.5977816267356064,0,likely_human
UCydGk6yOTwCKHtx6vvL9cig,-1,2,2,"['650b8d515df00b258b742df90279393f', 'd84fa481ab6474791072049a1dc55bd5']",0.4179619749755081,0.2857696856957246,0.17876149414325376,0.601048056442933,0,likely_human
UCvsZ-qL1jrAQBashSbtoFew,33,1,1,['d67b9ff54c69db3db2684d4d94465eb0'],0.44694255685379464,0.28563482647653804,0.1670792039562422,0.4116637308258265,0,likely_human
UC-Z9ZGQFx0QWJAQu7339p7g,-1,1,1,['4c1f6dc8ce84f564e156d30848c712cf'],0.42417262497231545,0.2854839701040013,0.16850318661647024,0.5856426844278579,0,likely_human
UC-y05JA2fV7pP5vNDbS6gog,-1,1,1,['8db5c6f0ed6ce804b9f0c1d8a0f23247'],0.4443995822642943,0.2853384907714137,0.1667540712959346,0.5042901921554088,0,likely_human
UCPwL_MhigSf-NDIDb1nAMeA,-1,1,1,['fcaa7f2f2f0c1ef8033e03ede23a5c1f'],0.44575777805785666,0.2852451662284871,0.12359687014086741,0.592807931148908,0,likely_human
UCyA_P9Y-R7vysXuvwY96ykA,-1,7,1,"['e7d56c9e84687854aeb3712176044446', '4ee16403a143b4d4178326bf73e877fb', '2137be15bb5bec756c5f467d01270442', '96cf451ae71702cd9be3e95067bfc7a1', 'b43490931962b88d940b0983c6bb70d9', 'c2ae20bff7fce4cea6cfa7af214cf680', '8001f7267f030b0ca5dad50ff8ef4329']",0.4272576698392922,0.2851681576153978,0.16720908512514882,0.5742352601363597,0,likely_human
UCFmUVRjw81ASckDHWXQ_ceQ,-1,1,1,['db811df9a427969b9350c4048ac939cf'],0.4291503233455036,0.2851223563410311,0.17455880101705937,0.5526975372040609,0,likely_human
UCNwZJK7Nz7JofucDiWevkig,-1,1,1,['cca2877ab937aaf1e31f9b30e4c4bcce'],0.4326114259134084,0.28492771798147754,0.15159839394385055,0.5746240940632907,0,likely_human
UCR1dvI-lg-XGArLIGcxAVXg,6,1,1,['866133428cab251c516075bd1b76a245'],0.4518009277375512,0.28489146480897115,0.14020569651243447,0.4274270391358814,0,likely_human
UCynpK4wsiSwu80AbaWtilGg,-1,2,2,"['77164770be38d6e617c31dbb4e1301e6', 'b2f2ac911b41c31b1bb97919863664f7']",0.41495103258905963,0.2847228050350476,0.1425324387793966,0.6818665353042004,0,likely_human
UCUTKxfoW0zGPuICKEDncy4Q,-1,1,1,['3a3f014a92dd18ce3bc5f84ae1821ab4'],0.3880470134337921,0.28471184064435184,0.2097684957501139,0.6577331613112963,0,likely_human
UCrtiwgur6QMOjXyc-ApqRZQ,-1,2,1,"['1d83104af84f01e2a417989b61c361e5', 'f4fd54f46788ae513169d71d16465c43']",0.40680409003675094,0.2847050619172311,0.17588969909936222,0.6435164197020499,0,likely_human
UCtNJ-RWy8WyOXB_m2yhOQpg,-1,1,1,['e705d8d228de5a7e44fdd929ee566ad7'],0.43871897269217097,0.28468136626109564,0.182255345353155,0.49328815016659655,0,likely_human
UC2yC8HbiNJaZQJS8aUM4gAQ,-1,2,1,"['98ec90b4474d46e7e32ca104ab64bbc0', '52bb421e200356be0a83efe35e8208f9']",0.43504314471018546,0.28464071721052675,0.18150056827595665,0.5033484158478456,0,likely_human
UCB8vjgHy64ZHqn3tRurkr2Q,-1,1,1,['21d0c31e557e300a9a4c1f01c2bc6361'],0.4412914750010525,0.2846366773750854,0.16649419289454603,0.5046084092077397,0,likely_human
UCHBZHl9XW7lXXIh6P7QHAvg,-1,1,1,['92c36b47aba0918513caa200c08dcb9b'],0.4360143310621539,0.2844479423505909,0.18654949119644718,0.48637336441526957,0,likely_human
UCiX2393Jpilk93uP-_Pn08g,-1,1,1,['77176220ecba089bc3ff813f7dcf5ecd'],0.45498997876053404,0.2843673419424966,0.15601649535177653,0.473058819730352,0,likely_human
UCXMhq6rYHHBdOwdqIgLL17A,-1,4,2,"['f9299a0a99495561f98852245831ea3c', '332fe0eb7e74c1ca7f79eba45183143f', 'ff0910f4f27b62f3e62eb10ceec408b1', '888a157107bf2f39f648ce1ce76d1494']",0.41417331304361976,0.28423437588377165,0.19067911286109243,0.5809863501661113,0,likely_human
UC5uAPH1Mq217sg7r4tDQ6fg,-1,2,1,"['dbd27288d41b84fbb9584925a60787ee', '998a86c3e4765a67d5450e5638cb0137']",0.44838809665753987,0.28423286772474454,0.1222973362725762,0.5652073330513414,0,likely_human
UCtDaFPpfXGawAitBQjncc9w,-1,2,1,"['944c6acd0deb4671efbe22c0bae372ba', 'b11cbe7fddf045efa2ef4a8e13760f60']",0.49077270103809906,0.28423153822737396,0.11900705235780679,0.386996601179251,0,likely_human
UCTT4pE4hQ9lPxo4UqDnvE7w,-1,3,1,"['e0d7d7bf742aed15d478ce37fe55fd58', 'e5ba112c7932d3479ef4bf7d0224ca1a', '6dc18b3edc2cfa2a2e5475265addf54f']",0.4446824684087261,0.2839924647634126,0.13290009703000608,0.5631858579496846,0,likely_human
UCfHegrhOBK3bGHE5a3avrzg,-1,2,1,"['52c17f7432a898397623dbb2feb8a1d9', '9d45f6c54915705e97394d75fc4ba6cf']",0.44049945170029015,0.2839776044097325,0.14265504689392566,0.5555987929302934,0,likely_human
UCWjVrEuj6j1Chqmxon51d4A,-1,2,1,"['b86ee6865fae5a394875adc27bb57e29', '3b44b618063005c56d258b4f6e793b45']",0.4315318304826004,0.2838817095202335,0.160384967174196,0.5568718992265507,0,likely_human
UCMvlV3RAOMUUbZMFp_kbsOA,-1,1,1,['c9bf5e73273c48877ae20a606246d935'],0.414374185748732,0.2837981188732646,0.20832804284444054,0.536136251060748,0,likely_human
UC8eIIUz-8qngfj2yjgT9Jkw,-1,1,1,['0499d52930733201b295ba8ed9125c65'],0.4350992567088041,0.28367119384641926,0.17848793776646865,0.5105068076490175,0,likely_human
UCLOKS5t-wsJznaTV-9d6TCQ,-1,1,1,['aee58fbb61ad2164b9ac10b4e66b0d9b'],0.4352553152346402,0.28364900896412326,0.16128297783895293,0.5437911781403902,0,likely_human
UCKolLQqI-OYRGjh0RDhJ1_w,11,1,1,['a25dc7be67d05b4b391f8330626de0fc'],0.42099923609242385,0.2835350897090091,0.18065316831153633,0.4390596186442021,0,likely_human
UCQsbJv_EifQB8kTD5q-xQ2w,-1,1,1,['1b0d96fe72d0be732ad198389bc918d0'],0.4226411142697344,0.2835036011178553,0.1814915807624055,0.5519464984505573,0,likely_human
UCIwEv3mj6-MP-vmehM9eFyA,-1,1,1,['63e7f51aeb7f64173fefe0358e530776'],0.42367272799832645,0.28347352041368007,0.18170557083937686,0.5434651033187936,0,likely_human
UChU6XTCSrS0b3Zjbri4rmhA,-1,1,1,['7d0ea00856479aa27cd0735f325c950a'],0.4195002527367372,0.2832747695452522,0.17312974013674445,0.5806874055492237,0,likely_human
UCPM4NDWChzUQKPVqHWfhxXw,-1,1,1,['d9ec2d3a0010bf176d2bea231e62d83b'],0.43195416494209904,0.28316668760664815,0.1593767212702883,0.5572625589841605,0,likely_human
UC2aWUa8j-f3fxgldHm8XiLg,4,2,2,"['b0d31895b0e11cd1fc6ca4d29de69f22', '1b1ca1fe31514a8739be3f498669837e']",0.2664772370098647,0.28315656491723085,0.13299627988928797,0.9999999999999992,4,likely_human
UCamo9yZsMmpUm9PMkZyUVOw,-1,1,1,['584666165fcd7a5f65e8aebfec613b33'],0.4273366028328001,0.2830595166845997,0.20494437838414686,0.48232378602379267,0,likely_human
UCcTV1z6lHBfpL3c88oHeFKg,-1,10,2,"['cad9a3f1e9bb18da81e8ae5bd370a854', '57e8f052fbf30165b4497bb388c96f85', '60e6532abd8af26ed0ccb114aca145f6', '6b2fcfdc2e3fb77f3f26d27e950bf4e0', '61f1502f78fdd307e4702d155a5e4598', 'cf1d938eba9daebc7dfafd3e499c6ddb', '4f28aac848f2df5da72abc7a8a441d1b', 'eef8cdff06f6000b2fa3af52df62cfc1', 'aa17544dc31bfa13edb8b1426cae604d', '9fefce06bb727d22e441a7f54a5c931f']",0.4198377462766941,0.28304734257450076,0.1784319540088508,0.5638419089170639,0,likely_human
UCbBvBqpThH7kn8RMhgt8mSw,-1,1,1,['ef7dd901a17e81e6cad4b3d31546c266'],0.4497913207430026,0.282995720526389,0.15611101069984065,0.4730106602879295,0,likely_human
UC1CbW4bLekS_wYGSErWnncA,25,1,1,['7fa37fef2f0c9514647778017bc6f1c4'],0.427207988631763,0.28284979051337217,0.15510948185777942,0.46264854723798443,0,likely_human
UC_CwtCLB8L6T_Bz1I8biNnw,-1,2,1,"['cb7c18d1fd6bd5112ffc40c267f10a76', 'b8e9bcf40fd21e4f7e2bd828cf49d99e']",0.4175902385062602,0.28276846391092253,0.1847063457897093,0.5612997533327956,0,likely_human
UCXZ34t-pxdzM07QNmuJbFVQ,-1,1,1,['467ed6115b5ff0b9e6530ff2bff3cadc'],0.4230758770734276,0.2827589582864247,0.18007087339590125,0.5502716494590199,0,likely_human
UCQdpOvHgx9PTl9uy6FYXt3Q,-1,1,1,['491f9568b0b190e89052a8e0a6598836'],0.41114607267382297,0.2826503446931426,0.15654310010353117,0.6542189791942318,0,likely_human
UCHzSxkNlUfoRt9xBa5ayFYg,-1,1,1,['458484592a26c775c2adf04eb7185c57'],0.430089139591327,0.2826434720119988,0.18910053887417497,0.4934504445533495,0,likely_human
UCnwZ4IQ0kybagkkITn2A5dQ,-1,1,1,['2ec3a36807fdad7285a6798a3cd92109'],0.4608828856095618,0.28263644725974507,0.1792683716259386,0.3834606957795991,0,likely_human
UCI9I1bOicenqOyHYorqfEJw,15,1,1,['1f5da5f9065cc7f2a1abddf2b7953465'],0.4345377575933558,0.2825811124480355,0.164190762422866,0.442923610229728,0,likely_human
UCWHUBOpqYgnD0Z0XKgo5mdg,-1,1,1,['2b508e05ac53b8000bb64db654aa5c4c'],0.4083877518377385,0.2825429501665859,0.19230878777654625,0.5812272633988828,0,likely_human
UCaGjr1TRpLv0VFtdcblnnlQ,-1,2,1,"['a20bc288c949784ab55d0c4763536998', '7375f3af6af84a62b9f86b5591baedea']",0.4083662028498507,0.28248910250586784,0.1992106983702657,0.5676305945696869,0,likely_human
UCv8FjWSDA5OGf4WSwVVJweQ,-1,1,1,['22aa9f4ef60bfed4803ab656b81aad1c'],0.4370632878043694,0.282325884093581,0.16070923404404341,0.5167582551287727,0,likely_human
UCUBIh1EVDAFdAQTzRKZx4cw,30,1,1,['37a9f26f89468a920846f289b1e3ffc8'],0.4212578578980005,0.2822730505983002,0.1542027116498865,0.5169301079974903,0,likely_human
UChaq24PtRefEzYjgWFsvz7Q,-1,2,1,"['ad230d5f3c1be001b9a1bedf2cbb290f', 'c36a92a82517a78d180495b40b88cf67']",0.4506385301373181,0.2821648112106756,0.1372322265491933,0.5119337736554485,0,likely_human
UCs7D-BYhHQ4V6MNUVea6ixQ,-1,1,1,['3ad49f77f07eaee8f40496b49ecf93d2'],0.403072623803497,0.2820837574421663,0.20766767965167113,0.5837392704537622,0,likely_human
UClPjlZQ933tKQBH7nOv-CDQ,-1,1,1,['4286370cdb8c8c4dfacdd61ece450cc4'],0.4549545078195655,0.28198745994994784,0.16980819404730296,0.4178644352343236,0,likely_human
UCQiIrRQ-F1MvstdaVeVYsvg,18,1,1,['2abe3816134ccbc1e8c30d26a1ee8b89'],0.42264550775126003,0.28198466545203005,0.1689551188296813,0.4677300577367859,0,likely_human
UCQyx63ZS9XG7jDoJiv-l3Dw,-1,1,1,['2eb2430ea56ccc1ba1294fd00b763207'],0.4390301874677526,0.2819080099496699,0.1883758058880561,0.45530284159311185,0,likely_human
UCzsiCl8VmXd_yvnNRZtUubA,-1,2,1,"['ccf346b7d73b3a91d97f5d740afa5e81', '1b4d0bd07e1aeb4b16c5cb0ee8d37c61']",0.42975132491385215,0.28183891285227913,0.1457743917040674,0.5754563551917188,0,likely_human
UCpjE_nNyEeAI2oGl1EA2_Hw,-1,2,1,"['2d4685671c4086f2b2667932b4948eab', '3f89905070e09077fd3cab726075f3ec']",0.4394857508237294,0.2818209485975484,0.14758637396916796,0.5280162192477057,0,likely_human
UCslggGIRkbDlJy8gJ9A80uQ,-1,1,1,['f9b4a073cb9e6e4e38ca2becbbae82d4'],0.4347187483386215,0.28179499796462504,0.1489819302520162,0.542128856160174,0,likely_human
UCYo-zPUcnTUb9ONa-ZNhBeA,-1,2,2,"['0f4656d2e94f85207deb9a232b0abe4c', '6f934f5d69d8097c24504653079f566d']",0.4370346337453149,0.28176882755495947,0.14201273448152546,0.554877380597045,0,likely_human
UCjPWE5qH8POdc_0daT1L3ZA,34,2,1,"['da607dac49c6c84817ff5ba21be07ed8', '36c158be44bc7f0acb6f8900fa69f4aa']",0.4110056668216902,0.2816839558923346,0.18690053706704646,0.4611783261976137,0,likely_human
UCi-tjEvkgTAkCOHoxtAO3EQ,27,1,1,['6e53d376066228797c64d0c901aeb773'],0.4358215210144727,0.28168220784088727,0.1582251456254104,0.37512078995796266,0,likely_human
UCl3xq8Olj24-0UaOMttkoig,-1,2,1,"['50fdcb626fcc207c2ad08001ac515da3', '6e727c568b5add3ed407193a7d622da2']",0.41667671574260845,0.28165526971239857,0.17436883183906943,0.5797785712373225,0,likely_human
UCcudWlpcm43FowrXBgw59yQ,-1,2,1,"['d64953f5fb52f905b49f6073e0f58ccf', 'eba53c8247d52f961592712d06cc6982']",0.42886311811042593,0.28145767175766123,0.1642848761936056,0.5432055263514725,0,likely_human
UCy8GR8drDBMN1-ChdFMN2WA,-1,2,1,"['91b8ad5aef0d8d1ad6b6fffa8a78f203', '1788d963219b49cd8d196ba9c0ffa8fe']",0.4267059409928283,0.281419594709576,0.16926778177391213,0.5369486498915765,0,likely_human
UC7JVq88Rgz_OHr7mF_oBI3g,-1,1,1,['73dabaf88857b5cccbf135a5b7084262'],0.4387295890039581,0.28130271703003445,0.16569601246613164,0.49128370003469823,0,likely_human
UCmcqtm15d4QY55vd_uPuQCQ,-1,1,1,['88011e52ca017abe198c03e1d56ab914'],0.40354986465680487,0.2812516571903914,0.1526517709339567,0.6765519232271053,0,likely_human
UCUJ5vrNI4lr06zOYHsQLF8g,-1,1,1,['5698011da3f6a3c7d136bed4dd855b1f'],0.4290256057040994,0.28109278274127064,0.18600240070603602,0.48949659394847267,0,likely_human
UClNjoPOEqt4M7-m-34lXxXA,-1,1,1,['2b952b657e0344f62aa7b26b385f41d0'],0.4263007754179999,0.28094633546527137,0.18533020764261524,0.5093916763776339,0,likely_human
UCiReaz_6crGlCVTN1Snd2_Q,-1,2,2,"['96717b944a080ee00a8aaa5abff6676a', 'cf91f04fe64dc9327a1134790dfc81db']",0.42888787827964736,0.2808715019721296,0.1676878984137919,0.5287669705400376,0,likely_human
UCfR1TesAG6zxCmFB77c-m0A,-1,2,1,"['92113c6241c0574b70f73290f1610540', 'a0c2c6c356633c08f39cc2280b419886']",0.4474036672048211,0.28067303255644727,0.1422854907668531,0.4927914406296159,0,likely_human
UC9mmtO3kvjdQvmX5ux5iv6A,-1,1,1,['0db15223c3c136449bbe36f012c09d67'],0.40943979095455646,0.28063848839864425,0.20819892887758631,0.5234250527812357,0,likely_human
UCDwPB80rQNKZslwenTvoT-Q,31,1,1,['6248c69cc18fa3ff00f873e475f959d5'],0.4424639808924832,0.28050565270095884,0.13897004056618859,0.43350386279564274,0,likely_human
UCbfjI2yj-FIfMf-aqNfL2OQ,-1,3,1,"['e2d38296f52752a5655ef6d4cc66f306', '98c6a4ad344a6c95972bb781882cd174', '4f73cb85cd90e61cc05074b4ac3e3cca']",0.44906679208359296,0.2804039627479998,0.14696474401149573,0.4727478895496072,0,likely_human
UCWppF-NLfMa4je6zXqUOdnQ,27,1,1,['69d67b1b3dd6241d4d0aa8b345e40c74'],0.48412538214105105,0.2803897997527834,0.08400755976857098,0.3018685719409496,0,likely_human
UCtix-ut3OdlijNG6HjIJYAA,-1,1,1,['0ae022434ec82b5fbe1ba71fbf87c2d9'],0.4235598686921944,0.28038525225157684,0.1723880263872003,0.5325180233844156,0,likely_human
UCEDA95RREGOgzo_tNL1eBgw,-1,1,1,['7c6aa0c4b3f13c2dc41e02ef14ed3359'],0.42372955902721493,0.2803060651825768,0.15912125478639944,0.5541463767434214,0,likely_human
UCBt5vL_UxCJm-hlbbqYPE1w,-1,4,3,"['c812a18837c7f05a9b147d0850426375', 'e67395da37b88e8955ce799ce43bcde2', 'f7bdf86ec0dde08fd4128ab840c3acbd', 'd1c13b74a919f21431bbfd56c120a033']",0.3771894719810387,0.2802857143882958,0.16776517368614596,0.7489566097978093,0,likely_human
UCer_L2MoG6LQPO5-V_LrYHw,-1,2,1,"['272af62e03728d7b9ec765ea380748a1', '58700c5f144498d85c8d031159e7194b']",0.4177987342439782,0.28026772939766087,0.1735078227554251,0.5663953110856917,0,likely_human
UCqJDXsUW2OmT9kUIy6aJJPg,3,1,1,['aec69f260bebc942658fe88e87e2d268'],0.40265328971711356,0.28026720916539044,0.18754974130015487,0.5045942083820274,0,likely_human
UCJIDpJtdIXefzoQclAzBjjw,-1,1,1,['49f81847f2fd3b15c5742dd29997f7f6'],0.4492522450963023,0.28023781880558596,0.12322333870405945,0.5213196706769494,0,likely_human
UCSynzherakJxm_Ywrh0joJg,22,2,1,"['7bda9c3c17509c011e7d0d5c6fff2134', '70b5d31b7677cae680a7d864575d48c1']",0.4099285470772286,0.2802323609976885,0.17140371368223833,0.5028374484033638,0,likely_human
UCwOERBLpSKC6UXqxfkVeELg,-1,2,1,"['23ac7afd1b1e556d5a1dcadda262c271', 'e6a17a3f9103d6203b64d3f428fb40ee']",0.4453817830574003,0.2801376516306665,0.1332217718378805,0.5232924988324863,0,likely_human
UCC-Afc57eGEj2LVwMaO1jgg,29,1,1,['c6b5840805d27745742638ae4afe1605'],0.42967472188386646,0.2801024170250619,0.14660053074511264,0.4710618012738204,0,likely_human
UC843EIkRTW7HOSoladuENJQ,-1,2,1,"['8de0345870cb63e4c49b6526ec05d90d', '93eae4509ded2f8be0d7628a5e4759ee']",0.44125504400026233,0.2800822690933054,0.18142054866550703,0.44048491171643034,0,likely_human
UCZCDRDq1hMJTkDvTdSiBQaA,-1,1,1,['48e20e7d9eed665d9e946b3e18376fda'],0.40864797827237354,0.28006670451156257,0.15370047814148924,0.6359319848902034,0,likely_human
UC_B-_DhHdcufhDDpdeCIVMQ,-1,1,1,['212ea9f207b89e277b2b2cd67fbdbf4e'],0.4342717205368184,0.2800258833384549,0.17993102631718705,0.46539964182487215,0,likely_human
UCOb37-52pEbIH0n_cgz6lxA,-1,1,1,['1dbadcb68476324c36553c343f6e17ae'],0.44177404958915123,0.27997710850540614,0.16730842137475138,0.46109983474283245,0,likely_human
UCcecdbRCNRZUeuuRD-L-X4g,-1,1,1,['22f5cc09da7c4dbe065867b0740c737b'],0.4157865165073257,0.2799226728108476,0.17854521642358628,0.5490280192258881,0,likely_human
UCQwDemEqVd_uGgAI-nOID_Q,-1,1,1,['ea537a1667f225b65f5291f3bff0ba0f'],0.42446443312104953,0.27983969377066303,0.19207308313330337,0.484026047805608,0,likely_human
UCPliUnH9K1r2Ua8Ru6is_qg,21,1,1,['49c4891110ceb3583fe4e13ece53762f'],0.3947475911613607,0.2797578883977342,0.1922941967242949,0.5066674674830962,0,likely_human
UC89nI81uBfMPpkVfXTZa55A,19,1,1,['9a10af6e19b68e510a85a65feaead551'],0.39626247498790657,0.27969483172275333,0.17582121876854181,0.549550492499623,0,likely_human
UCHQJT0biXLeQ8gdRCQ_WCYQ,-1,1,1,['cb9972a8b8c908032d655a76ab02cf56'],0.4126088115540363,0.2796837992161267,0.2045149062477083,0.5194110287093313,0,likely_human
UCwsg_pNBqmhV17_aXHuwkyw,-1,1,1,['1158e26dff590aded355750b1cc5b9b0'],0.40903669145648947,0.2796682018646747,0.1878922631247813,0.5582577284384049,0,likely_human
UCPXB8a7JUa9Hi4npX-B3idA,-1,2,2,"['518aef3a692052c568e44f7db7fcd10c', '7b20ff710ee0438ed5dcf46ebba66d06']",0.42828326360005986,0.2796661062252613,0.16904644039754943,0.5112504722676767,0,likely_human
UC2qj76e7g9tUfZLWO922hNQ,-1,3,1,"['61e1750568741c95b2d093e023c1b096', '6fafe05cffaac8a0a78b01d697b5e7b6', '83391953f09ce50810ade2fe83faa1cf']",0.4129331157079837,0.27963188113238024,0.18124660100972342,0.555579353201934,0,likely_human
UC8SqVJZAXXm0SXhP_1G7eOQ,-1,3,1,"['7dab6cd3ea794e19b3552851ba5293b1', 'a9c8203029f417c245bd075e2c1b8ef8', '6f270a05e16ca576785158035c07e654']",0.41931264433528875,0.2796250085432006,0.16838845969744615,0.5525705012131533,0,likely_human
UCc0021moXiGcFI2IQDdL36w,-1,1,1,['35eb3c1024ed948682b53176e6a97275'],0.4320116063221126,0.27946510349861864,0.17795336268780235,0.482546550810564,0,likely_human
UCz_AY9mZP2ttD-a0le-dvJA,-1,1,1,['3cc6ac20fd45fbc4e5309e56216172f7'],0.4362977814412472,0.2793887628281112,0.14600518987244204,0.5190849330550447,0,likely_human
UC24J8eZZ6kBPsljGa7aLp_Q,-1,2,2,"['c60fef437b9e429ba20287ccef8e1c06', '7165f5e5c987ec967f4be438e68c66d2']",0.399572841314029,0.2793884604267034,0.1982805150424005,0.5817306259498944,0,likely_human
UC2CGQArgI0vKQi9PoLQEgfg,-1,1,1,['4ee01e739e15c21e891189c3bf1cc603'],0.47916329658788415,0.27936704033916343,0.12298273113641586,0.382743231027481,0,likely_human
UCv-nyH9Rk1qFFlewyDo0w3w,-1,2,2,"['f787e34aa952cfeba9f6c2c71dce289c', 'd04cd9605c705ba5b0bc5abd0a6fdb28']",0.36366127597267806,0.2793548631764952,0.19197338723880025,0.7488020970859193,0,likely_human
UCdqqY4QRQkyuFCVd93qIjFQ,-1,2,1,"['ebdc5133c5ba6577369aad409574c475', 'c79a21bf779a2f3da3a969d6af08e75f']",0.420172493381321,0.2792702372608775,0.17999252039454397,0.5223379075483986,0,likely_human
UCqhnAU_fXoUKINKnxijG0CQ,-1,1,1,['13d1485d0717aef3fc5f20f098411de2'],0.4622865359088324,0.27916276259552186,0.12073025127082039,0.4565552731988853,0,likely_human
UC_ZnH7JmmjXZ3tlzt_mYkkw,41,1,1,['295237b97923f5b024072dc81548ba50'],0.42269083247287575,0.27907053659941855,0.16369773899341608,0.4518231329442909,0,likely_human
UCXK6LEJFSTFQuD_K7zgBjXw,41,1,1,['644f4558d36bb5ed9c2a28edcb3c72c7'],0.4217422674120657,0.2790527557745902,0.1733447237475758,0.43448470996596794,0,likely_human
UCOMJjRv87dH7KdWA8HEAf9A,-1,1,1,['d265310a72ba52babbd2c6ed9c83ab6e'],0.4385281098478805,0.2789485127473974,0.16552090678684117,0.47566738923043317,0,likely_human
UCfb18QpKSI35yX2S_bVgvKw,-1,5,1,"['f9a6d2f114e3971923d296e2a2fa08c0', 'e843f7a9bd279df95811309742224163', 'f99aed83c6ce5ee20a6c222aeea420c3', 'b9b4e677a0e378727824a1e9b2639cbe', '8f0133b4a696bc5cfc99f268046e4102']",0.4103249303581554,0.27887073558885134,0.1636983117955641,0.5998617750213648,0,likely_human
UCvmhdq7HQ_1ewWQFx1cu2eg,-1,1,1,['e67215104f9e53d6b81a54986b2c82b0'],0.43715755147763913,0.2787893171465264,0.17033742118565048,0.47397027193464225,0,likely_human
UCBUel7A-A7fHMt6v8k9a9dg,-1,2,1,"['0da6f3db7ecd87733548c5f2aa764072', 'a0e979453b1f61f3a2b2cda812789c39']",0.4400535356352424,0.27877537361348625,0.1408909908070184,0.5086702263153436,0,likely_human
UCorI6TPrbxh0-_o0S_6Kyjg,-1,1,1,['8e2f62ff456bf74c281f7f4b55a23d61'],0.42741831791064977,0.2787397712216242,0.18133495238968766,0.4841678767197105,0,likely_human
UCJi8k3JAHwYn6BgiM51rwZg,-1,6,2,"['8c3eb472d920c5436152da321a700e46', '715c0daee1397ec693a23c79e77451ca', '4f3c45b55373698119ed9910c9372ece', '5973f7faf15b2d05eea048443050b799', '3c28a3b954683b776983acc77d524ac0', '102ec9e042f4e2d7d1dce89a195f6df7']",0.4320378901558659,0.2787301505402905,0.15486771257741602,0.5142828674796808,0,likely_human
UC8ObkQhLMMqKGc8kqhuglag,-1,1,1,['b3104bf61dd5163f5f6b205f4ef4e84b'],0.44765176642636834,0.2787160406556008,0.15368465441699114,0.4600675721925437,0,likely_human
UC4v5_5ALkQnqc201PZEh1jw,-1,4,2,"['8efe3a4ef12de80f74fe3eac807555d7', '5d6e815fc4c7eeac4fcfd2f3d68456b7', 'f3289a1a38b586513c9a88d781abc2ee', 'd0880edf8b02e37fe26b56b693a66211']",0.42371569329164455,0.2787073221646824,0.18147162413255208,0.5046455846331701,0,likely_human
UCp2nsUeCqpQDfQrOo_SvzBw,-1,1,1,['c409e14debd36abbf2f5883eb22c9760'],0.3721747595803102,0.27870484971863957,0.2146988233854295,0.6569387380891621,0,likely_human
UCO-t40v4tikdez35-_FneYg,-1,1,1,['17ad70f04b2933f976093f95134f7933'],0.4400474039562394,0.27867047616655705,0.17401929748477324,0.4414240772370769,0,likely_human
UCsiye9WoF-yd1jb5NK489dA,-1,1,1,['f594e3eb12483cc68de63ec2f89c71ed'],0.46064400985073695,0.2786600543989618,0.11256328551265513,0.4776758540342266,0,likely_human
UCHVVDFs73xBmB1B5-BV8wcw,-1,1,1,['5ad906802cb98c65683609cf54b19f92'],0.425030569020453,0.27865042488853203,0.14214194257759552,0.573853250968841,0,likely_human
UCWj9y0t0G65oqb-Lpy3J7oQ,42,1,1,['7205c87d3ad6df7be1e188f5152b68ab'],0.41940224958513456,0.2785399842868985,0.17558462731243069,0.43440875338570384,0,likely_human
UChO0N-eql1z6XrY6gS7dqDA,36,1,1,['8f2545674e1479e3b3eb29ccfb8a11fd'],0.4327567486268542,0.2784917687171918,0.128470589146987,0.4147063589929807,0,likely_human
UCy95JoNK7prqBKbbetcJ8CA,-1,1,1,['943b05401951f0277349a333686bc578'],0.41464134429423866,0.2783481062788797,0.20762342354137417,0.48970281832870743,0,likely_human
UCdqBsLRE9uKodZ0D6ubRCYw,-1,1,1,['defa73188cc774ffc38efc90b7a6fc97'],0.42242636579782855,0.2782363924561377,0.1606238160700884,0.5415896599893276,0,likely_human
UCJcUaxIGBkW2to6dpNPBIZg,-1,7,2,"['9524cd961b0505d0cea5a435145df439', '5c3ab15fbcea5910218c165c2c04f0d6', 'f147c6154feeed4373254eacc665a641', '9a035d43576d9444bc452887fbb0cb4b', '4e5c6180b00920c520459eb15018dba3', '46589386e39642582c87d2e50165d4a5', '6671db99b41b1860f9ee58225149d5db']",0.3419534186309349,0.27816762605071255,0.161202224869162,0.8599253782565189,1,likely_human
UCNlNZk6RZ0ECq1tHCjX8VtA,-1,1,1,['3e1385effac374cef6d3ebc9a6e03ba3'],0.3933874093754246,0.2781533814347086,0.21492203192501522,0.5566151512411126,0,likely_human
UCyOVxUSDpldzM8enDQJfLzw,-1,1,1,['642afb01889a946fcee8337a803fd51b'],0.4211113873122917,0.2781419008972247,0.18568700978589944,0.507399249981872,0,likely_human
UCaQ9JpylccGt1EtSoRGJ13Q,-1,2,1,"['3c4414f8707f3bc365d6c51b413a7709', 'b7ca6b2aba96cf7612c74c526c2e1623']",0.42201699194201303,0.27813661118673016,0.18037690800629938,0.5118871932579995,0,likely_human
UCvtZonxkL9ZPxLZy-gK_v8w,25,1,1,['b70ab3852a739b6bab0a1ed4d88d9e41'],0.4244133697530392,0.27803966521999923,0.17340351484475214,0.39501416545276474,0,likely_human
UCt_5ULcDGBo8dLBdsjmf_ZA,-1,1,1,['42f776dc223203391c90ff4dc82cc900'],0.4578131178326792,0.2780087511226018,0.13136198441917188,0.44233264099104486,0,likely_human
UCWBhiJqQW8fh5yp6jbQJ0xg,-1,1,1,['7b3a3170ffad4fd3d3ca050d45f8b41f'],0.4112783910727179,0.27800183114541704,0.17826228128375263,0.5537711885362397,0,likely_human
UCCv9L_2I8hrveaKjmq1qS-Q,-1,1,1,['185767fcaee33aa8c911e60f1a2dc9d3'],0.45281617522105433,0.27796009234468655,0.11872699608700554,0.4930509732418505,0,likely_human
UCQQq3XCICDKs_JO5DEyz5nw,-1,17,2,"['547afb369ae36b4101365e231b43add8', '33cb8eb24ba995767d430b6e83921f9d', 'c3e7bc913e7d1fcfdbe9523a5228adeb', '76162ececf6887f9045d199980d51143', '37df9887dd3321ba7df06e8c01f11c8f', '06ec44c1918048f43e4026f909f5a260', '9e1678e343d953866f6aeb104d9fadef', '624493e09b8d668498ce78323b7e56fc', '5d29c24c6eb131d6854ae24f3b61a34e', '7c3e79b022a10f376967fe43831fec3a', 'e7c184fe09b7d2be3dd26a941342c7fa', '1c6c94fbe9249dcc5df775129eec6a4c', 'e6ea32e2707b7840fddd277bba7b12ec', 'd6d0570aa871128d4a406b265c0fa957', '24dcc21e64ed63b827d93ecb9b5b43ef', '767093fb90e998fdf87bf0cdb3f45a39', '2aeef48184390c673b0b30a7fc98d3d5']",0.3881035033037609,0.2779092373594835,0.17883575977253874,0.6579955198136291,0,likely_human
UCMoP54iL28t8WSFidVp3t6A,-1,1,1,['975d6a4e7ed35bb86edc8ff3ef3c1b62'],0.4137172747944013,0.2778548726073838,0.21104268489615863,0.47092083770022775,0,likely_human
UCoB_FFuihw8zViVePd73okA,-1,1,1,['ebdc08fa99b964498164f963886d2ec4'],0.38991246405103186,0.2777129534238982,0.19187316617592182,0.6147583641588015,0,likely_human
UCKiYIIr7EKNpc_ugNDV7qyw,-1,1,1,['1b93be76ee8e8a2e55f8f9573c7a3cdf'],0.4406276034398477,0.27756930197993207,0.16317757130824417,0.4467281329508736,0,likely_human
UCAC94TXwIjHGIHGYyJdj86g,-1,1,1,['a1daaa9c2c329e25bf875255019194dc'],0.45268097480132946,0.2775040196882189,0.12923920604624414,0.4651715157987179,0,likely_human
UCOUFpzLhxZCccvzLh0kNj5A,-1,1,1,['9cff7c4abdb964ac36a095a8f482c782'],0.45550877783342014,0.2774784936624595,0.13395510749898096,0.44806002711709664,0,likely_human
UCCzKp8gjx7NTG9U2F7B4BHg,12,1,1,['5db8cff1ebd3746c3048ac07edc4bac9'],0.41199548488056037,0.27735252191248017,0.14726790111457555,0.5205307078141623,0,likely_human
UCU6IiWt2kYCxK9M-cQP5CNA,-1,1,1,['5193b6ff1d0d2e31ef6420f50671e6af'],0.42366190485269295,0.2772787413388729,0.1468526524237024,0.5534844083891861,0,likely_human
UCO4m8_iiX6EXt22AeYg7PFg,14,3,1,"['b2741fb8d1426e3fdf89d47bbd741634', 'df0719007f08c46b8257f506c8f4096e', '0407e6ded5dc07b53f6f5a73d6a176ea']",0.2673775130118074,0.27727078392494353,0.15698473116715117,1.0000000000000009,3,likely_human
UCzVc43-TAE7m5zd7YLwHdyg,-1,1,1,['8e1fbbdede702922f6f20dafd4c17e58'],0.4379003638049046,0.2771343272402045,0.1820452869784092,0.4252378864644309,0,likely_human
UCWwFWL0EQ8uBSsRg29YPFTg,-1,6,2,"['4c22d61c379aa33d007de95523909b0e', '66c5f93c7fb53e3b30257d0212274ba0', 'fb207964414670ef92689d61d8e44b1c', '96a1d699b3b9e39b247c9f494a4f01c5', 'c99d05d64e0cb2ee2b5f2adff9ffd4e1', 'e260896206d03a7f409df9a68dbcdd52']",0.39059160194695136,0.27710680367878066,0.1515108221970475,0.6953280004273115,0,likely_human
UC21GfJ78xTO9yoQ20DuaQPg,-1,1,1,['e7e1ea1a7f6e7bf5214c18c06143317b'],0.40194063365860877,0.27690919853146373,0.16920317071889443,0.610194356674984,0,likely_human
UCT4xu1ekk0BRMArMbK5Nj0Q,-1,1,1,['03b2716584d89096b199ecdd15d40352'],0.4513612934120453,0.2768803734387747,0.1610768560246774,0.40741953990133417,0,likely_human
UC7XZunheFhxGiPkdMYGYAMQ,-1,1,1,['91da943d2eb4036f9ece89d23c493421'],0.4492206392120154,0.2768623714515268,0.157703717559027,0.42112086313883296,0,likely_human
UCSudj57FPNCQPIb1NRVC90w,-1,1,1,['8d07f00f8706f8aa07049b14dbe7d7ed'],0.3891422426610084,0.27681618044118705,0.20553104701078198,0.5850327666728777,0,likely_human
UCIky-V0TsQvzfLMh5EoKwAg,-1,3,1,"['5b059911a1927dd5303d5dad138e0b69', '9d4706c5148911e89117bd574a08740b', '92ecf064bfccf68a7efa4e02fd4b8cd2']",0.4328258838220351,0.27674638633489357,0.15552460410262584,0.49332172618926445,0,likely_human
UCqwouDQx6q2z0MTBH0a2kWw,-1,2,1,"['e3e91ab3ccaf1feadabc6ee5e539f241', '7f109bddb264f883f8d2ab66d3dbcfe5']",0.40869173973781053,0.27672344650021236,0.18003099228670538,0.5494343174741272,0,likely_human
UCVm7-Nb1eULlk08Y8mvlH9w,-1,1,1,['2421cf94281ad53b41442523bd9fbe6f'],0.4042529427572565,0.27657943336378965,0.19059916370937383,0.5457196574937572,0,likely_human
UCENk8omdJe7rGMPEpj7YXPg,-1,1,1,['4b2976b1f9e24d8e3db74eff9d82de38'],0.3800188700625443,0.2765433111572833,0.19172499151204203,0.6471038706314074,0,likely_human
UCAF2SpNe25TsaNSMo-_avkQ,6,1,1,['5e7cdc0004ea557dc247c10a73c7cbdf'],0.4340857469334253,0.2765137341880034,0.15179925250536952,0.3986275313060521,0,likely_human
UC0imD0xHQhb2ZS1r3jm9hTg,35,1,1,['5a4c078eee0d604a91da213ffb60bc63'],0.4296528186020201,0.2764645210794511,0.16678629323457558,0.39794725480158083,0,likely_human
UCGKEPOn6SMG19J_Moq41ewQ,35,2,1,"['11b178548b0a510cd0fedcd468bfabd1', '2f6f64b801dc4abc8f56d14c910d340e']",0.40051429422559737,0.2763652364016148,0.18138816573331826,0.49887942676027874,0,likely_human
UCwtsKvaRT8iQDglNkz90byQ,-1,1,1,['979f0c9ccbe7a3e6e54c39eaf0d46ce2'],0.41865207840642316,0.27628784627584596,0.17270253731273064,0.5252985318434761,0,likely_human
UCbgNyl9FVAUCcAIreCfqLbA,-1,1,1,['877dd6ac7bab27d27357254d01d66b42'],0.44192112863989863,0.2762627253229438,0.15662327710378535,0.4492969081271464,0,likely_human
UC9OOeBlWWzX5upsESlmcoXA,-1,1,1,['70d95eec08e7dda959422034697ab186'],0.4325181372828756,0.2761795868107661,0.15060655443887994,0.5061703058984552,0,likely_human
UC2lh9xf3G6xchBTACSGH-RA,32,1,1,['956fe80a32b17ae3bc80bc6c6916c573'],0.4319166254382448,0.2761577190051969,0.14717966347818964,0.3343554175961549,0,likely_human
UCuQT8-wrLwjP12PHQdmk0Tg,-1,1,1,['49f4705346e39878bef6fb7d69a6227e'],0.41140082826726476,0.2760853199463644,0.1964188175537445,0.49877197814115815,0,likely_human
UCqrq-tsk9Ed_28Eu46AA4yQ,31,1,1,['6d172d9b592d404b71b683003bb01296'],0.41787536225536875,0.2760335188732147,0.17700728763852266,0.4200736083127975,0,likely_human
UCXs-A9XBy6jv_roPXjmmOlw,-1,1,1,['1c8e8e3374cb086706d852eb234a9586'],0.4402229376887006,0.27595227007429424,0.11749955083737322,0.5238420464566913,0,likely_human
UCB_sLeuUwmXHdy-VmdvjkWg,-1,1,1,['b76c0bf64834c80b9d6917b73d9739a7'],0.4172925571894691,0.2759503616378775,0.16942749698500295,0.5248850341503632,0,likely_human
UCpj8MlZSrkH-TzKEVEQeyKQ,-1,2,2,"['64e83b3ee42ccd2e98e2c666a6336c22', 'c4478a0ff2fef5c9aaaae9844234b0ba']",0.40711053905372674,0.2758471039181514,0.18003568662008484,0.5435586605964791,0,likely_human
UCFpCcPvj1iWIOKp7y2IsJTA,-1,1,1,['b6b29aecd30848a19391f39ecf1b13db'],0.46963795484368365,0.2757995525551784,0.12593865937583404,0.38828657053918625,0,likely_human
UCSFYDqq0vdYKLSRCjupvNIQ,-1,1,1,['3d5010a73cd10ccb770e62fbe59a2f57'],0.45804308505153013,0.27572859710741904,0.12431956307449246,0.4411993967884884,0,likely_human
UCofkHd1QYiQjI58NWsHHu-A,-1,1,1,['08e381f384c2f004233051c463c54a93'],0.4040923783011427,0.2757219928220763,0.16069756910835417,0.5952386951891027,0,likely_human
UCGv8YmrmzQDIO775EmEtiIA,-1,1,1,['63964032619e3f339c67e3277410adf7'],0.427217384188467,0.27568043885559756,0.1560862013613085,0.505076558225956,0,likely_human
UCjklneyws_j7GmNu-U4AZ8g,-1,1,1,['889c8bb6f2963a5be093ec023d653ad1'],0.39271284970012016,0.2756704637730415,0.22297015580663854,0.5205722222652073,0,likely_human
UCfahT3ii4D4E0wVAsg7V3Xg,-1,1,1,['eee542eacd0375823cc5a29e222ced59'],0.4399938169850267,0.2756439113867897,0.16357835643945162,0.43154178677234767,0,likely_human
UCSEygFW6zLmdLlWc2D8VC7Q,-1,1,1,['c1f6ca8033924b08ebec985f0244ff6c'],0.4105761703877993,0.27558079959675064,0.1955255288764075,0.4991296823995929,0,likely_human
UCd1WihKRNhH_Ieb9OHoGXJQ,-1,1,1,['42bcb3289ff110b8b54afe6b383d4d13'],0.45694284135874574,0.2754516025294233,0.1521594188779125,0.3736881189561982,0,likely_human
UCedtQvQ17y3HGPvIdA-yXRw,-1,1,1,['d5a024ae6d27a9b2689b894f7db54211'],0.42297990140637476,0.2754375772129297,0.1784961073607326,0.47673183409456843,0,likely_human
UCupC0GKAnfAYgwqynEmb5Lw,-1,8,2,"['29c79949ea4ba46702a3a9d4ac9e95e5', 'aa9c3542da37fa789b4dd6cbaf94a5ba', '4a863f35279cf7b91e7cf26a7c6e82e2', 'c13fefa6d7223ead8b25f53f330b66e8', '8cd1bd4cf54658ad4d70c16f86f258e4', '9616b0772b361b3e56a920c0cfb47715', '67db0cd131065b6b892e3514a275f6a3', '6d95726e6bf19170791a68ea8dcd73b4']",0.38998744553796716,0.27541351455862784,0.17233501799317388,0.6350100151755633,0,likely_human
UC82FnsWYHd77fO2uh73kA_A,-1,1,1,['ceeed4c3d563551cdc0a390c853fa0d9'],0.3923727365383236,0.27527630572246786,0.13556880504008764,0.7116798658723279,0,likely_human
UCaxK5TpaO4kdnY94Gqlkcqg,-1,1,1,['783e37c92469cc9b328e18da074caefe'],0.4753137391837648,0.2752452638954752,0.10999847085790768,0.3857537213534755,0,likely_human
UCXimBdWSV-XfcGE609EzyJA,-1,1,1,['378972d49597687819625ad4d4fc4c0e'],0.4157196036201733,0.27521091090502103,0.18732538747499192,0.49499298538676506,0,likely_human
UCM2_04oSi2rHx13gNR-M7-Q,-1,1,1,['ad75d73ed3194a46ef324c3b934119b6'],0.4498428097887278,0.27516836485203,0.13041841784450658,0.4544125585201764,0,likely_human
UCxxRbzSZgwFG-BDuSUsTkdQ,-1,1,1,['df5441ef6ad6dd7ab150a11fd71b0c37'],0.43819518183430856,0.2749840542190851,0.1293885153219725,0.5060957163695896,0,likely_human
UC0vcI1QYJe__7irFPFCio9g,-1,1,1,['a525ca4261dad2b113f30fb37efe2c65'],0.41073897883344346,0.2748889609645032,0.20712847347943802,0.4737649707511039,0,likely_human
UCQ4PdgUn27MHVt6qC3cH4_Q,-1,4,1,"['29adda73c31762e8cdeeeda2234bd53c', '1250d593f0b5e41706542b2c8a10966f', 'cdf32e9f1372ec63ed3f03febeddc0d8', 'd093bbcc5d374728526b97c21c461fc7']",0.42122357385058606,0.2748655449084602,0.1642696622667081,0.5088633485163583,0,likely_human
UCPeHur2hSxcMj10OWI1Ms5A,-1,2,1,"['5460ab73946be3b330fb8992fa0280f3', '8ef77c3092d288936e1417945c168fd5']",0.4562079244843893,0.27472973703657355,0.13813552044702726,0.4127959773177504,0,likely_human
UCveK7grf9c97jb3WNqVs0VA,-1,1,1,['b3e9c8df73ae9bfb8b4007685e9fd54d'],0.4281829402706883,0.2747058293681581,0.12033343445654232,0.5580714730310301,0,likely_human
UCSJMBi6A0hQeicVweTCKn4Q,-1,1,1,['f5e1b2826e8d674e56d5f3a6fb635986'],0.434422109732045,0.2746860481894739,0.1762145084126522,0.41968371936955096,0,likely_human
UCARcwQQX-DEIXdK4gR6s2Eg,18,2,1,"['04c4a223bec43a56e0602de6bc5c8a48', '2215a5ea016f1f954dfc5f5b087e2d43']",0.41008313769258253,0.2746445408484968,0.14622233809001198,0.4972327585010075,0,likely_human
UCwsbchIGdnkSVz45xk1kd5w,-1,1,1,['b5ddbe68fdc690fedf95e3fa6d80ffd8'],0.3954472157007623,0.27463996425349935,0.19974391852274215,0.5433451275945202,0,likely_human
UCCo0P0mXu5GCVz7G-iU9R-g,-1,1,1,['57df875550d8110b37c34a72cb161c38'],0.42968550515428505,0.27457757688994056,0.1554470163967691,0.47975929346663615,0,likely_human
UCE7UTJ5L1M4XJ8y8SxtZbSQ,7,1,1,['df0c4b5efa6256a2aa8bfeafa7a8c9bc'],0.3933675128845177,0.2745542369833967,0.1920929516522063,0.4236829742839918,0,likely_human
UCNPpivi1K5mZYueXHbuMJ0A,28,1,1,['7d01fca7f466366a09b235ff7e9426ce'],0.39260394642459606,0.274446427224923,0.17073973295102768,0.47051067120945433,0,likely_human
UCGMSQFloA65nEBjhJzlMjVg,-1,3,1,"['714d658d351cf44184319b0c490c8a1a', 'd3471d74d6dfbac85abbfa44bcd742f6', 'de63d063c4954a84984213106a7e274f']",0.41298974808303907,0.27443995338876465,0.16446858093098277,0.5428141794971446,0,likely_human
UCwsNrEYUpNKc_sJdVguokUQ,-1,3,2,"['40f133e176687cdef19798fc1f9d30bd', '43bcb6b90b34aff5c919df773f3e80a0', '4294b0f01533a135728ca08bc9d37854']",0.3815930748251821,0.2743378764520885,0.14445067012331483,0.7231402366874746,0,likely_human
UC6UXrlfDMsabSEin_yN-kIQ,-1,1,1,['416ca8c0bf590ed0aa4c52e43a998cb1'],0.4247616212904175,0.27426708256427895,0.1752838093891441,0.4622093053777804,0,likely_human
UCKvz4reZG7X0cKkQa6t_PZw,-1,3,1,"['77b681984824cdb4347ec94483580c54', 'e9a7ae237ef264aa5b1a69a798293eb5', '2d050a22dcf83a8470ac48076085c701']",0.43665836541267894,0.2739487550845327,0.1401471811213557,0.4778038825871301,0,likely_human
UC_oVmp5pu7QS8YV76elFuaw,-1,1,1,['bdab02e8ab159aa01f9d14359d590993'],0.4313500057203397,0.273944630967929,0.13194765200900935,0.517530184053697,0,likely_human
UCrLceMuhReWbLXIkPfKWoIg,-1,1,1,['8395a92c0ae0de94405871207e59060e'],0.4129106258079237,0.2739377776699977,0.1668855763263159,0.5343434128692683,0,likely_human
UC6shOOq3sM8vv9AraDIAbBQ,-1,2,1,"['633a2e4edbf14a7fd52fb7abd2428bac', '88562e9084138d39945296e69377c9b8']",0.410443535163612,0.27375999412010704,0.18146938710168492,0.5233830948866542,0,likely_human
UCDLhNAm9skJArAAN4Dcu6uA,-1,1,1,['ec65bfbc8675a7308ad3f075babe3a65'],0.43244270593528866,0.2735551275751222,0.15458342627119512,0.4691138140733499,0,likely_human
UCjvhip6Hz57RAVVCyC0i-BA,-1,2,2,"['456f850aab9a623e7fbcfbfba6900cbb', 'c800b1a0f22c484f2306d13e82c2fa69']",0.4032771064451861,0.2735373122871272,0.1691798759481635,0.5666742571276574,0,likely_human
UCNei2-07FhDfmkx_vCgfNRw,38,1,1,['b601fb5b82223e3b79830f425dec549e'],0.41528008750142575,0.27350511500835917,0.15860064841301527,0.4491939719596586,0,likely_human
UCymLcZTv9Tq50yx3Y2T343Q,-1,1,1,['6b7448efd31ff1f6de0bc0baa3c81b28'],0.45099346082821296,0.2733265396223361,0.13686282242384404,0.4201132646105804,0,likely_human
UCKvYs0P8E7HRv8-GUCb6-Xw,-1,3,1,"['9265fb0d8d9468f52b2ddb4211846092', '59ef9d32874649c81134c0fea7d62832', '5c2d685c8c4a405740fffe612c682bd5']",0.3986585280001229,0.27327434895363095,0.17348104533480624,0.5742352601363597,0,likely_human
UCtRl0CiCQ5ola37SzznMHlw,-1,1,1,['ad75101b7dc71bbc456dcfe58d44f7b2'],0.4052373351478692,0.2731878645861163,0.1818454602455335,0.5284217961946487,0,likely_human
UCiblW9WGge72Kyv-w498y3w,-1,1,1,['cdade6bf9dce26008c40a138c704e70c'],0.413020589779445,0.2731075801436037,0.18094105316080997,0.49982165736899425,0,likely_human
UCQvJGoOlnlsiFYCuJUHOomw,-1,2,1,"['e37a577bf3ff8578371a675fa1ec4c73', '48bd6eb476d82639aced5dceac10d2b0']",0.41132311140175615,0.273086012079118,0.17772583299684794,0.5021438376771625,0,likely_human
UCkm9GMqCwW3ZmZO1ppM35Eg,-1,2,1,"['99a96d069b6354e7034d8c31936754b1', 'b0272b601e150b1891ca4ef7ebfc4b98']",0.41384296202728366,0.273071627466254,0.1517842710846167,0.5578066994322325,0,likely_human
UCbWcbfc7cvNIReM-rwYA8AA,-1,1,1,['2c5db6a397cbde75dca6b992788567eb'],0.4093936713300883,0.2729780989083639,0.16281253057158315,0.5466032328660906,0,likely_human
UCOZvznrOWTuhE2fyFnK20wA,-1,1,1,['07dbe21c006e463ca8c9de7b373ec62a'],0.39703486440888774,0.272956705388597,0.18819591239870315,0.5435586605964791,0,likely_human
UCuiP4VyWyuQFD6LiKPX2zDw,-1,1,1,['763393b630170934b503d304f8efb0d1'],0.4352373090018168,0.27272118182899724,0.13921140902780824,0.48325677194578487,0,likely_human
UCmF5u_Pk4xaHumwEPjYunzg,-1,9,1,"['7986d9d0b78331db014327f066fa9ac0', '248c7575aa4deeea00817f8fb4a56a1b', '277060499caf747fcfcb83764a777306', 'd1f16b0f13c7c37ed7574f23e2460767', 'a05bfa1a30063ef7c9ddfa065c0d9f15', '5d21789b21d1751534dcdef2b48aeefa', 'e240978cf9a19104e357c03feaca2726', '3a7d8e2775f92fb82837094f32e91971', 'dffd545501ce10ce60c38bee5a0fe8fe']",0.40018053462596553,0.2727196994123053,0.15657135464188912,0.5997619277599078,0,likely_human
UC1UPbbaBOrqhJ-bGhmwWO2g,-1,1,1,['fc2d28a35e283f57a901831a05d03e08'],0.39938814720021665,0.27268459393737743,0.214543983864626,0.48472111892438363,0,likely_human
UCzCpsYBRtS7Kc7pBPTDfN7w,-1,1,1,['558b32c5a2b88918f8e5149446c6802f'],0.38900717258226875,0.27259952883305133,0.18760558861094784,0.57715101567572,0,likely_human
UCJOJzvDbmGHs393uYE2QKGA,-1,10,2,"['352090f20db11a918882e4a354980d77', '9a61aa1fdf17409d219b0181cb8d71e6', '5888c8da99ed701e9dbf5c8dea0d5778', '4a4dc44c3ea90f0f8d4610e383de5ebd', '4d8a31a3a875f585389adf1969912c85', 'bf4bab23148b3470ba339a91fa3797e2', '7e0e95166bc20e059e40a0fb6a334376', '0b04fc3104fa14449d0d4f3b4fefd4af', '545986322394472ce6b9baab016f5306', '95d6db953fc5851ac0f787da871b6b99']",0.41138078788865134,0.27236765885676384,0.15253127753448473,0.5498839965975669,0,likely_human
UCcMWebTbpMK4KkiIfv6uQ1A,-1,1,1,['db25cce22b8640e8f24bc5223c0af381'],0.4248079127849777,0.27231879275813137,0.16380888094567272,0.4704859574827232,0,likely_human
UCCZ0yX47c-GR-yov1UEybSw,-1,1,1,['e0d2a5ae0dc2b13b66a9a11000256906'],0.38194799860963935,0.27231498451966263,0.21657178188729345,0.5490890545640277,0,likely_human
UC4uarTBoodIpuJxTYkCbfbA,-1,4,3,"['ae4d308b26648a042b5c01c8388250d4', 'c3c851229c9313e652be8affbfb0c0e8', '63151fd3674b0aab7db98991c90025a8', '8d2ba06526a0891c6070767aa498b028']",0.38127711016313154,0.27215040344712377,0.204023085888368,0.5780280071510345,0,likely_human
UCYC0Zl_R0pKE9Z5UxM4W9zA,-1,1,1,['07753a0205ecdfd69c67b43b6ec8d2bd'],0.4133546042949912,0.2720702288816529,0.14100669675793276,0.5579026057144563,0,likely_human
UCrX4LttAETxyAuDtKH270fQ,-1,2,1,"['9864af434178d92d4fae548fecf33307', '16ac157c9a6656d9110a89dc9eff4c20']",0.38764545387268523,0.27205182778486525,0.1712762422280417,0.6158720675947223,0,likely_human
UCOjxpYAURcMhb-uQ5nSfXCw,-1,2,1,"['a5b11a5660702ee4080a7c6e9be8ec6c', '650fddd4f928b568c8c6d72fbf5f853c']",0.4145760267441253,0.2720406259168797,0.17144918923098107,0.4990232592884635,0,likely_human
UCWevJMGyGPQgPeRKWhnzaBg,-1,2,1,"['a5852a4617cba62e9389620418bf1b1d', 'b1ef6104cdc83c0c2f103d6a4b5c9d88']",0.38746117643055067,0.2720318421200733,0.18225117666010965,0.5955521477110929,0,likely_human
UC53zjQuygVofnypenJ3wuWw,-1,3,1,"['012f5bf6b7170fd8bce3a4f7099dac73', 'ce533ffee432b14c5839b9dc6128d8fe', '1ccc99706ee0748c53c0bbb34f0ac22d']",0.3734334073613704,0.2719242179452551,0.22598230148707857,0.5676305945696869,0,likely_human
UCPEVZfxHm21Fy0sFdGSxe_Q,-1,2,1,"['31aafdcb20c2f95a5c5f05c03ae1e0a9', '39369894f884e42f2b352cdae7a98f80']",0.4367637633431716,0.27192124697521836,0.16620987245777621,0.41358765621705984,0,likely_human
UC8M6N-zhvE4UeN4M3lBwk_A,-1,1,1,['a0669eddd1824724e6333099f8f7b8b0'],0.43610763111532036,0.27189110897478624,0.16875310643606786,0.404657996478384,0,likely_human
UC-oPPVP9mFKTuZKLka3J-Ig,-1,1,1,['ead89988eead59525edf9996eae872ef'],0.4218534496914955,0.27181188704148673,0.16929045120349995,0.47068733691179276,0,likely_human
UCg9gXh7_QecGmq99ceay8wQ,-1,8,1,"['a05b8c4d5262c7b5eb628e438f371c14', 'f64d78872cec53578a17e69395b10d80', '26881ef9a353a0e1111707d9859c8009', '767d97035e39bf9df15c8f9250090646', '959f112870345349ee11be8f4f1879e9', '500a9790fe1bb9c516ffbba778219345', 'fbc8a4af88bb6f3edb7f0deb03c9f3ae', '8dc99cfc311b1bbb73bab465601b156b']",0.4042163910861029,0.27178083014500787,0.17580155892577248,0.5357775866865885,0,likely_human
UCYhCTNHWsslnk5j57--XAlw,-1,1,1,['5d654093d39ca9bf238ee3af4e69fb03'],0.4054089476501993,0.27172497497540604,0.17324893007277292,0.5237676672217276,0,likely_human
UC_DsUgxhlq3gk8VrZkSxuAg,33,1,1,['bb32efc15975e4efad948b6509436d85'],0.4174478471074359,0.2716618697902212,0.16959573579289852,0.39457727646353397,0,likely_human
UCDDVmOHTygN3wqQwgtW2zmA,-1,1,1,['184e998b0354d4e1494b27b9493ba8a5'],0.43958630347811856,0.27162767137209576,0.13978080479963279,0.44521225240888535,0,likely_human
UC3vfg_QdERej0zHgyNR8TMw,-1,1,1,['b31bbb6212f86776dbda394d8393917b'],0.4350011742884049,0.2715609118105656,0.12981253777568932,0.4802237968386488,0,likely_human
UCNKj_4tCR6bgfTyAuP6K_nQ,-1,1,1,['e5277cb1d7d7215bc75c573c2633d101'],0.4462649716783904,0.27149405884898914,0.15172513847938424,0.3945754899533162,0,likely_human
UCDuLhXEmxwJwkjghO8csGbw,-1,1,1,['57ea338f99f721e576fd74a4635b490b'],0.44598304957338186,0.2714448069129972,0.08102350503006328,0.5300945847636511,0,likely_human
UC3TmDoXfUKCrVZMPIUbg2ww,-1,1,1,['ae3f801347af6d15e5e8a72048ebbd85'],0.412009765635087,0.27144327706309845,0.18789377869424004,0.46350968983821866,0,likely_human
UC5lXZNlLyuEZU4fa6lrJgQw,-1,2,1,"['f976e5300222956790b83da33668dca9', '233fd966827723c376ae835d93285c77']",0.3982637362132727,0.27144000112925404,0.1779067226625983,0.5520428174404151,0,likely_human
UCj8zvSRZpjdb12AKve2Rj2w,-1,2,1,"['992e0450857ffd7dce5357f6375ce276', '8d3dde5b56eecdbc3f2329f40ee7a877']",0.425243827453851,0.2713517840116227,0.1656645949255773,0.45687900264644216,0,likely_human
UCKlNQ8UcvwusgipEy7siN1g,-1,1,1,['df522194eeaf33adccef1924db8b5cc8'],0.3930563121652818,0.2713487634682867,0.19354954881738193,0.5442778351443046,0,likely_human
UCZI0EnpmpmUUL_TP18AcHlA,-1,25,2,"['ec567f03cc08e8afe2fe7899b72cb39c', '62388aa798dbbf392b783420e008bf83', 'c352869d3105f220db30b26c60d80812', 'bf2f7056ebd516d85af50607665bd4a5', '9557b1d672603bba46665ed716e5965b', 'af538b4a5e2c634da06f4d294b7b9deb', '0b5850c32f329faea9ac78fc94440e3b', 'c2ca3172e99cbe69605396c73deec67f', '86769837ecc453283de8b0ef494d5dab', '9f99b8f1d8e9d1185cbd3208c77beae7', '73112c27fb24e4dbcb20a9902a251400', 'ea9facc6f1087d4475f3957a0da27d6e', '890d5b5f2d49fcc5266e1b1467ae1a75', '0c0efe214bdfe73dfb5a695b226079ea', '62dc568572b0df4eb331411603dd5bc5', '352129809e833ec1c96ff9d493c5de51', '6e7476af5c0365da9c753cbfb8c7dd50', '07b1740c2395af40bc46ab05ed6b1b64', 'cad99c0c1b4b42cb50bca46698c63f93', '1785a2b83e17ede14c28e784fe5e0a3e', '1b359021c70f87461eb0809395a8c7cd', '8ff33cc022fa39a1e8601249881018c5', '9593de5772a7e134b7ac45b57fde5880', 'a398b72954ab8d44fe0839f06629a6f4', 'e43aeb1f6a89529c9bed163ceddee0d3']",0.3656463007045366,0.2712954564021217,0.1674368788665664,0.7177965401062059,0,likely_human
UCEqsmSX8KtxlZ17miwx1ghA,-1,1,1,['bdfa3cdb26433cfcc99adfcbc54c1752'],0.4143804575293221,0.2712709448176663,0.13369111782799928,0.5595322793123897,0,likely_human
UCgaxZ1MSQ7DJnvM2TfQBgsg,-1,1,1,['b5139f1c90b5140237cde83d84280825'],0.4006881660971183,0.2710850692421062,0.16212569428585755,0.5693521227886247,0,likely_human
UCSkj7dZGnslVgSl_yNWCpnw,-1,1,1,['26fe8246af033ffb43db9c0e75c99e8f'],0.41777233833402583,0.2710596312531039,0.19694513670008035,0.4149106047472991,0,likely_human
UCBACAql38vmFInSxJXkMiBA,-1,3,1,"['eded257dc4c43324830bc4b281fc1037', '93f6d5f716de9bf8853c9b52f5f7c167', '12254807c5f4de55362724496f40dd8e']",0.4065096944693661,0.2710079154055232,0.1496486637652668,0.5724068056387898,0,likely_human
UCwVOu7YS05W0Q12xpf8QPGg,-1,1,1,['b8671a36e60e6d47c6b44d2814cf8350'],0.4632296421830858,0.2707905433861594,0.12079360081907793,0.37274855839784465,0,likely_human
UCdD3kGrYhg5cW8hbVuc7RzA,-1,1,1,['5fdfd6477a1460ad05d381c7389eb497'],0.3800051624879627,0.27066414046250786,0.18993613396249107,0.5965651136921868,0,likely_human
UC2dp-uS5vDMOQUeCtVyky_g,-1,1,1,['95afb0dfe8f772ea512c5cbc825ae40d'],0.4534658804314268,0.27060086754479534,0.11804181642166495,0.4247203592393601,0,likely_human
UCKbxiqlppz-n1RFkIE-D66A,-1,1,1,['8c82b735a5e076aecc9c4cec46627ce6'],0.3890456792134227,0.27039524232145845,0.202496548301983,0.5300710015501071,0,likely_human
UCD964r_Jqu_Jw92PyFi0eZA,-1,1,1,['2ba1c8050730b8cb2ac4a17b7f7d440a'],0.41170006172248097,0.2703686006483318,0.1840091139959459,0.46820106069405837,0,likely_human
UCJb4VAUDy82NMW04xatvKVw,-1,1,1,['3e5470ac44aa2ab6db2301dc602c53d4'],0.43740278973074614,0.2703588384137582,0.16419127776725173,0.3891963951248786,0,likely_human
UCUnSM8Fw2wrGSxdWzkvGIuQ,-1,7,1,"['c3195b277b3aeb59aca65580f764d0cc', '4d7cf27e0976a03f1412a4f6f5b8bd56', '567a697335d082ac1c5e638b70bdf568', '10f1c0722738daccf4b21af3ed28301c', 'be1f0ea381d9dc625fc4987d2cb5087d', '164efa4f93392413c14106ecf5cacbab', '4c58da536831d0f815665b0e2fe36620']",0.4017264801166868,0.2703376221593303,0.16175711542427387,0.5533079406230761,0,likely_human
UCbzJbibXxfUYXJpiIJ01ajQ,-1,1,1,['2aab0705d8084e39b5e10a1167202171'],0.44559933892330006,0.2703024998585017,0.15453555976835404,0.3727014644865547,0,likely_human
UCqh2Dg-COTyuU4tnBHzMxXQ,-1,1,1,['52d35ca05a1519fe47174c8cb3652331'],0.41975773997498095,0.27029097966742577,0.198809316221557,0.4032563669141367,0,likely_human
UCfVT1-8HZ3BpYjlWlCPdeKw,21,1,1,['0507e920890b62834749c6ed9f8ec41f'],0.3723527972024052,0.27025615212399784,0.1854024613487047,0.5161691416400653,0,likely_human
UCyUDZxm8uBNHJqe-IRks23w,3,1,1,['c84cd97fe7a00cd7d6ad09d8aac39a9d'],0.479539525144973,0.2702394291060615,0.0772772296938117,0.2890320501160861,0,likely_human
UCfP0IMz40G3IisN-XpMu09w,-1,1,1,['9aef30a9bd6539acdc013e119e6ce757'],0.4366301223930055,0.27021167066507834,0.15495942497046583,0.4113087107736934,0,likely_human
UCEZy4uHtukC6TjmzdgRia_g,-1,1,1,['20d1d277b0f8a5f19a8f3afb5f901b67'],0.420333052393032,0.2702077363783416,0.18306048833903313,0.4232443446847983,0,likely_human
UCAO2yTsBVpXDDswEL0gkrvg,-1,1,1,['5d10e18ce9abb539447ac5f94e109f03'],0.4526374443501815,0.27012732914652765,0.11954186382230567,0.41803056793394333,0,likely_human
UCW8JlBsUaC3Hh3EctKJKq8A,-1,1,1,['2a07ee0c52c524584a07a9481f7800ce'],0.4253631150581998,0.27001640104181696,0.13996546731115322,0.4883590168196553,0,likely_human
UCSZ-CeP52d0IApK50bqro1w,-1,5,2,"['882b4d7147a9d41edcee7063eb3d299b', 'd45a8a7e29d7f9bfe5d9ce8573793c08', 'dc03ffde2feff4cc99daaf96f8bc8db9', '56013e56478df0e30e32f6a6de934984', '837f41bbfe246e30fc515e7335ac7554']",0.38714014952266085,0.2700052658518859,0.15178349135851257,0.6397148349771553,0,likely_human
UCxp1fkNYR8YoKfNG8iOUgSw,-1,1,1,['d2a436e5f675c97cd6d7752763b32bcc'],0.4650403140996093,0.26988284820129543,0.12252768531518222,0.3429349868172327,0,likely_human
UCOcTT5SIoB7c5kSn8tJFh-g,-1,1,1,['0555bae6d206d09998f390aab8583e0b'],0.41383192775343436,0.26987366702752,0.1859243858205304,0.4437816259415199,0,likely_human
UChPEUO50PsvZpuCTBZmF50Q,-1,1,1,['9dc916735aa08ee83e403ae2d86eba7c'],0.41376615379903015,0.26981537175997194,0.1671208621117524,0.48084057717698514,0,likely_human
UC4Ed7cj8-VzfsROv3opLRJA,-1,3,2,"['c4814e11ba2298148604e17512c60b56', '30f863f7c2a66737cc3c55e1a1cca8e8', 'b7fcd7613bbc95b89e686880ef3fac5c']",0.38186400751446564,0.269767879330177,0.1775381234227654,0.6072462188153728,0,likely_human
UCh6sk5esj-ey5titxsT4hWQ,-1,1,1,['0cf80796827ea6388f948c64d0e9355d'],0.40667662943984817,0.2695262711082597,0.19360067813235934,0.4549616437835606,0,likely_human
UC62I9beu-_aPSXaBSohqQCA,-1,1,1,['02f63093a3a6768258448bc23f6015a3'],0.41856492934588285,0.2695261286926033,0.17343079464072264,0.4521595776681411,0,likely_human
UCMQALC5O-doGAXmQVvy_lgw,-1,3,1,"['cde4d2478ab313822572bac8d0665bf5', '90d42b4935c5e8d78d0a69efc3431696', 'c50dcaf7ed16ebc7697316f33bafc314']",0.3909124210125123,0.2695078399709938,0.20088582971660718,0.5206972319425947,0,likely_human
UCFLJJ2p658uDJ52YtJY_OwA,-1,1,1,['2c2bf519818ef91252fa305ba1c1fb1c'],0.40491083383861315,0.2694401917713337,0.1821185782157982,0.48696069176721707,0,likely_human
UCgoVHtf0l8KW69i1h94pM2Q,8,1,1,['4b1bfa83f8c5e76844ad57f514444750'],0.3822444984957264,0.2694072459545677,0.18462699567512278,0.49453007653722336,0,likely_human
UC7jI5BZeb5aG0AguLCpWWIw,-1,1,1,['5f4cc38f7e14250fa08a054601ab8a0b'],0.3935240236847828,0.2692604390996628,0.17708821352126572,0.5559045168611283,0,likely_human
UCwIFmSJWwgnTl-xVMn2BxWg,19,1,1,['da8c52a4dacbe54b63da2ff6864da072'],0.38153022903465117,0.2691049061031866,0.15382082902207692,0.5530198687545435,0,likely_human
UCxFHR4gHnAii7Rb4z30bXRA,-1,1,1,['821070fd3cf065cfc0a6e2c20b615628'],0.3882741747630394,0.26908411483696676,0.18489769468971992,0.5604166314388077,0,likely_human
UCgrDAEeSwGlIMladakYXf6Q,-1,2,1,"['ccf49ac2c31cbb31bcb4a073f92eca7b', 'bc078bd892d2326a930ff3d761a52864']",0.4087679447457374,0.2690212146872509,0.17676610625062453,0.4808851748276317,0,likely_human
UCF2-wL_hHRb9XE9E7e_d3eA,-1,2,1,"['71baee3ec25e22445920951de526372e', '9222a1628777a570df1ca15a94cb1e12']",0.39328501010195704,0.2689722843621176,0.18451481184492394,0.5336908395340355,0,likely_human
UCm0saZgfveXY5KGTT6UDX9w,3,1,1,['9a9df198fe505269ee147a367ed24c3c'],0.4155878629696162,0.2689390316774225,0.13965883595225537,0.43217422356918206,0,likely_human
UCKcwOoY6Lx_9R7f9R39sOXw,38,1,1,['bf041965f3380ec6ac8c1ae62514e70d'],0.4293214330410242,0.2689200026674055,0.12136543439731938,0.408088695667256,0,likely_human
UCNZK7ulHDkcwSCBS7cZ1RBQ,-1,1,1,['b6b41084038b75409f88d08a80738db0'],0.4407380996679342,0.2688487005460065,0.15052888311425647,0.3905494092008019,0,likely_human
UC8Mc2x9t3C2K-f9TGOJNGlA,-1,1,1,['d6fbfc60204d7287a5df0b8e58954f14'],0.446932506262098,0.2688438754971969,0.12620394977669736,0.4136196590777371,0,likely_human
UCTsigr3QyikGfL0pbRDLtlw,-1,2,1,"['4a4026c7de8daacaa7779b3c3ba7d115', 'ef27c8025e334277a87c7f8a1393c060']",0.41291128506998587,0.26867525325191177,0.15957794492181018,0.5005400886242375,0,likely_human
UCDj9QH2hXpVW-ciZ4_op0kg,-1,13,1,"['a32d46a579efaf031249fa35bdd5ae9b', '28a658d9265c211581e8c3c5cd12bbe3', 'ac6458d4862bc75f5cff5d90e01e40dd', 'cfd4199d14c23caba0401f2882db87dd', 'c4374abf134ca51f053a387c5782c334', '1256180bfee827d1feac129aaa1aca93', '22e6374f8a4e52ac5f7061f1b5488746', '70eb7e31fea2b89dc68cb6cc0fad712a', '9fa847af39ad64ca7111d502cecb6ae7', 'd0bd38e31f389fa77d44f8e3d0ac1a75', '1b527212e0e92a5efaa9af0c12b8e6b2', '8641a4f3adeb850407a5114a610a5831', 'a6470c8f58323b268e720b84986a5445']",0.3857083322199111,0.26857833826093613,0.1685220111545851,0.594931834831816,0,likely_human
UChJFS1qVGUmCVKYOvY0V86Q,-1,1,1,['311a723cdcc0997ae70d8e8baaac2d45'],0.44016484757676283,0.2685692316344606,0.13389710789073553,0.4273287797786841,0,likely_human
UCdcK5-bVSs2Tgm29-H5irXg,-1,1,1,['cd170080005b6e75c57c9c6bbab832d3'],0.4518503017881145,0.26852872852586507,0.14170804862417144,0.3628713476387496,0,likely_human
UCzcsQqxFfx8ATQLltxq9YCQ,-1,1,1,['34648b7c80b182b8e8a4231401913455'],0.3761744455536389,0.2684335364831852,0.18442440179455796,0.5989277240447568,0,likely_human
UClVRaMwIzPktDPpGSsyJuLA,-1,1,1,['e4b721799013f3f5609dd40f97247ec9'],0.39567301867991483,0.2684034680458942,0.18441441383835627,0.5172984225695982,0,likely_human
UCzG1QHUBNTgzNUa6U5jaP_A,-1,1,1,['a308e6ec2a9c569fc881382ef50de3d0'],0.4760389489483297,0.26838471732026836,0.11638089987488456,0.2986073486026946,0,likely_human
UCJ_3ukM312oalP1pLAhgyYQ,-1,1,1,['dc74abd2bbfaaa86baf0f6b39203f8b3'],0.39787900650100255,0.268373238939429,0.1467472919302021,0.5797785712373225,0,likely_human
UCCAj8wki3jkCgQzciDbFiFQ,-1,2,1,"['c5d50378ac5cac3975a3a8ac56d31d63', '004b4eba1423d9674cb3c4a200cb0062']",0.4207810630404334,0.26831221842718833,0.1519438005794805,0.47118849600434043,0,likely_human
UCC8hp_P0WKAVsVEJ6pKoJxw,-1,1,1,['6f6a1bec3d789993130d34bbc1a49b2a'],0.4455276429040602,0.2683018034056883,0.1441816099528106,0.37210593153885413,0,likely_human
UCRhkqwV47X2kKqn0KpEjOTg,39,2,1,"['932d6949d55e0407bb3bb69d09dfa1c9', '11b29965cd61d91de47032d76d0c8feb']",0.4036868518160448,0.26826168811516293,0.15282529906031858,0.4310027851258804,0,likely_human
UCr57WT8lOenDzTTRxVvBg8w,-1,1,1,['20dfccbc64581b12ac0f4be582a16fa2'],0.41824510510904606,0.2682422603385209,0.1595243604988793,0.4747750685160367,0,likely_human
UCbhaxHRuvY-IZCu6Yii6YkQ,-1,1,1,['07987dc4597005d8bead95c9cfbba996'],0.40434048343663187,0.26823791070689146,0.1642067117372921,0.5196145979779772,0,likely_human
UCsiWA5GNN30Ojnfh9EPPYKQ,-1,1,1,['c3b1fb9f88748da193cbffb7e02bf73a'],0.3864704779218846,0.2681812515008033,0.18530549193315923,0.5601087388155803,0,likely_human
UCYjCEcQnRp6eS9rwe0Vbnsw,-1,1,1,['56d2d73c3032727f2d65a5ce44627ec8'],0.41396398007570656,0.2681317448232577,0.17328295691900988,0.46087001382362747,0,likely_human
UCBmZMAj3-h5yYDye2l4dnCg,-1,3,1,"['4ecc49fe0f7d66dc219240f0e486fbf2', 'ddca0c890d3973319c24ab68119e2544', '4a80395257bca9f231294d234709c11b']",0.4062672574102897,0.268010502229191,0.1829975246576875,0.46393887262729866,0,likely_human
UCm0gI5ZNFaiBiQVZE4Tl_wQ,-1,2,2,"['a9ae542c4209039592e654bdf186ff76', '0bb799ef727d6a48b252f585f468dd10']",0.39478148028801474,0.26798999679535307,0.18455890335781938,0.5148040287297438,0,likely_human
UCzb9mUKCBZFmIxjTrhJdrFA,-1,1,1,['15ea8ae0ba6ac0e30ed65c990e02e05b'],0.4127874826627197,0.2679493918696655,0.158439067409704,0.4855145310937027,0,likely_human
UCXWab7_Nzn9ICzhSjXiS6bw,-1,3,1,"['bf88a753a959b7ab140829920603da0f', '11f7aca8b69164b9872db255c5795b01', '0b1c2f08208c32b3db519b2c30e2d772']",0.3984731731765578,0.2679106702683761,0.15940888525043662,0.5579026057144563,0,likely_human
UCK7WhMoUIJ8YUxnVZRsSqPQ,-1,1,1,['2728ce71ffa380dc52c271ce8d5df0eb'],0.41185931678257803,0.2679070027165451,0.14418908632890629,0.5202921280199744,0,likely_human
UC_gXODE1YL2uWMSTqJooeWg,-1,4,1,"['3a9712950de48d982e260336e7c9010a', '41980ad025390b8e02c04c796d256014', 'e7a851086dff3952d7cfe74f87830c87', 'cd8ba0f4242ebc94ffc14f2e811d907c']",0.38530037746454837,0.2678329750255103,0.17770625635207818,0.5743403877335856,0,likely_human
UCZGJC8MAZXM1S8UhcgwEH1A,-1,1,1,['a1dc36ab5418c87eb0a58496670fef87'],0.37740322262645193,0.267773214108008,0.20927109473137206,0.5381756784692708,0,likely_human
UCq5De98_2T0gp1MQnDAQhtg,34,1,1,['a84f35b55606b78a6de6c41eab5df10c'],0.4071397163432595,0.26775054980392676,0.17091371865384464,0.37185116985174194,0,likely_human
UC8qUkYUjQeCZe9yYwZx9oZA,-1,3,1,"['0b75e99500b826b361e0dad79aa3391e', '37e89fd155afd1fc97439841f5eef752', '222cfe82a4808d58878a96ed08ae1e67']",0.38632599642602156,0.26773696948031256,0.1611428969458056,0.6051479637811618,0,likely_human
UCrsgBpJ3f72JyHeRDa1SEKw,-1,1,1,['68647af083d488f43a2d20b17c10011c'],0.4171650600264738,0.26756787571954094,0.17227858353139777,0.4349210467439428,0,likely_human
UCkJykaPiPrgp8bD-QkvmTPg,-1,2,1,"['3a93d2121e847f1a7d23708889f95974', '776d197dccb85d6c3bdb872be4605c5f']",0.4142348034442108,0.2675498456760811,0.1679849814958672,0.46194422862786244,0,likely_human
UC79fBLH9Y4rwOF5yYPZmIFw,-1,1,1,['0d6fd801446b9aab9cc001a4d866f887'],0.446562112203043,0.2674573713020566,0.11711791081952157,0.41275149779833037,0,likely_human
UC0wev-OWdDtG8abR66gRXvQ,20,1,1,['de537a5fb59e6bcac20c4765d91de6d4'],0.38703332996491935,0.2674295487941368,0.16125880089819944,0.4964249181544754,0,likely_human
UC99jvrjs_qCb8Ko2lkDTWfA,-1,7,2,"['499013c191ebd02bfc60f13d3972e336', 'b4823c6dc2d471a9baa9beb87ee9bf1d', 'a56dea00f69e34f233d852e332463185', '9671e2980c0eb0fa787c30bd952891c4', 'ead82a785465a36e05405b52ef9d786c', 'ed3538147292ebe24996a5b0eef4e0e5', 'cbb04924ae02e026c8ec13ac3e7fc99e']",0.39309991125219096,0.267196048930201,0.13791096377303783,0.6112464421871274,0,likely_human
UCIAfEDr39yoxzsMT8F1v16g,-1,10,2,"['9eb08f16b4525e917944aafd6ab2d625', 'cb4d788f0f50c95521f717b85c31abe5', 'e170589a4adcf89edb962436acd70752', '0d629e8d9d0436b5195c61e5468f80a6', 'cae9d68a4e025903afcda17f80a17832', 'f2d1c8f78ca3d1dda04bf39ce7903180', '57e0360dff022623167a3c03c5b1d7d2', 'e235c8967503ad84609107e93a7e3172', '32e8c9cc5a774033e42c39c0d1f77315', 'e66ec8abedd9f6404e689597f37167e7']",0.36706917014083695,0.26708711335980917,0.16646912505279013,0.6682250917044236,0,likely_human
UCnQT3WDck3ZZILYMtZe7TQw,-1,1,1,['ce87535ca8f70d010b7b4f5bd3652c0e'],0.39353631974329617,0.26707422027945205,0.21063568900288115,0.46330496779472596,0,likely_human
UCGlDm0pd61UNhVOOSwXbhQA,-1,2,1,"['8f09dd5512dd509df70365a48cc4d73e', '2ffcb72bffea5ee6cf422b86b67d4d9b']",0.44149319656027386,0.2669945942772928,0.13505405310498814,0.4044641196708324,0,likely_human
UCBRIJyTKNCVydU-L2NSnmYg,-1,1,1,['aa89a0d34c5e6532bbc548e9eb6e43ae'],0.416873984389497,0.2669456301940031,0.12535686337917362,0.5248058102142652,0,likely_human
UCwSA8D1qBUFfmX_v5tNKdMw,-1,1,1,['62d65e2e9fdaee835537ba23c115301b'],0.42776713225018903,0.26693221776613435,0.14090354203740307,0.4506923862650223,0,likely_human
UC8R29uJsRD_YY6ssn2QHWqQ,29,1,1,['56030eb3d1bd672b446532f54f281a76'],0.41207967339725304,0.2669216520333874,0.16093051807027187,0.39352749168089435,0,likely_human
UClsAhZ_Ory2isALz5CuzDqQ,-1,4,2,"['2721e9918f0c409d8dbb196f7563d8ee', '960d34ff1881c72ba82fac5e2a8113b7', '56b7c5f643a1642680ef3a4c3e676bf0', '189688ade8f127137145f9cad656db59']",0.39156296894062526,0.26689748723717943,0.1573794926453769,0.569223858139272,0,likely_human
UC8vszbXVCsV9-vQy5KRZMsw,24,1,1,['c34c9c65615d80bd0fca19e94d0bc633'],0.43365130196351737,0.2668950483595061,0.1281045847694436,0.3563632610661661,0,likely_human
UCou_IdyPRoNnnW8-SKm7UOw,-1,2,1,"['b789c41646ab4c5d9f622943d0d20a02', '7d0671a4e634b50c13746a64f1feff8d']",0.3527546660585798,0.2667751428217588,0.2053344618593778,0.6460119178614101,0,likely_human
UCxxguaDr2pYcGWNqnk2NLxQ,-1,1,1,['9ff9b5e8d5fd97fc4d64c1b721a6ea46'],0.4545663528174978,0.26677278116784175,0.1130786847406847,0.3787625675088254,0,likely_human
UCOYdQQLsqq6Kr7qz_4npQEA,-1,1,1,['368788f54246c442f164d636862a3058'],0.4270265423617884,0.2666950153179409,0.1491102364985775,0.4326363341321472,0,likely_human
UCpA97btr1wU_WZUqdxu8Bhw,-1,1,1,['e2b9f3254a1d0202f234098077c43ed2'],0.42696695174115346,0.2666887691217601,0.1356801907970817,0.4595807498007946,0,likely_human
UCgfVkOjBNMtLDWePxjCAoAg,0,2,1,"['e3c39fe7a1ecd2da08307fa78c55b4c0', 'c23bbaed24f2f4c2161e2c566105a31d']",0.39576391054335724,0.2665990209515269,0.1327577230230567,0.5115656646271515,0,likely_human
UCJ8x1GDZ2f81Eoq5EU7aJrA,-1,3,1,"['8c39eab24286d59804f54b84712d6fed', 'ed27e27b78f54e3b65770bb56f805c16', '85b35cbe439d8cb3438a7d41858be964']",0.3725239788287436,0.2665637969181084,0.17675736279909324,0.6147370161542968,0,likely_human
UCHvVFp1J48cf705Oswk3BDA,-1,2,1,"['5d2d65ce8119dd480b586d6b83b02a06', '75c795b462992a1cadaaf2047504e123']",0.4194130623701612,0.2665042671691202,0.1396224853636576,0.4928968704396738,0,likely_human
UCn6HCsE0zGlVXcai9xndo5A,-1,1,1,['56443fd9f15f3b35cace46d753f0f21d'],0.41605192832491855,0.2664801279076199,0.1754742358976935,0.43283835089767214,0,likely_human
UCyN1zODSZlOz_E1qXx8Y2IQ,4,2,1,"['26ba8a2468756ae27cbb9fa76ae286c7', 'c32a128f8089fe1e5d0301bc23aa7a53']",0.24989939886974039,0.2663908776141465,0.1611073874623752,0.897008282870086,3,likely_human
UCEzGgB4B9R_EPVxFU-vCVXA,-1,1,1,['65c179a2a71586329ad6161e06db7f7e'],0.43938623301863666,0.2663006442526574,0.12616799672413526,0.42328223919776164,0,likely_human
UCjRAGd3nvpdb5T445LSCYLA,-1,1,1,['0804dfbe0a7c3c1c74fba08e943ca61e'],0.41289145580120856,0.26616435113882325,0.1812472239215624,0.433991845469607,0,likely_human
UCQleA2xbKRySxVxvpA07gNw,-1,1,1,['400c8418789db13b82f8a1a4edefdf92'],0.4014039561228921,0.26611842632437593,0.16909436554027368,0.4983457267080067,0,likely_human
UCVgQIpVOmW-yOpq7WM6vKbQ,-1,1,1,['bc20e1550d49a7689a3925882413b8da'],0.4184456265210046,0.26609287944813964,0.17091636481806663,0.42081654747001196,0,likely_human
UCzSe9yF5rTTXsxbVSvv2CPA,-1,2,1,"['513491ee74a628711b1665c102cd050f', '4830cc4a3bc9b306cc0b671d914cd065']",0.4118723747715721,0.26609199696873787,0.1578041802265187,0.48406234597426673,0,likely_human
UCW67BtGg5kqkowokMdynFXQ,-1,1,1,['66a94ce78e81bb22083a5067b855a755'],0.3884387625905816,0.2660800703034744,0.20559103917404567,0.47787923308840935,0,likely_human
UC-FnktF314OIkgi4uIAS3OA,-1,1,1,['926da5aaf0256521936477a2809c894a'],0.3954043420547957,0.26604919737938293,0.17354739487482573,0.5142027924986408,0,likely_human
UClxcPbnSsHrPVQLO1rk15uQ,-1,1,1,['84bb0d013002b3f26d80bcf0b8bcfbf2'],0.4176424146175918,0.2659149407211387,0.13444438513886287,0.5039746589595522,0,likely_human
UC4bZTlgJTuKUiM--BdCEGrQ,-1,1,1,['e390888bd80b2639d127b1ee3d4ac8d1'],0.39545846381616306,0.26591403178648715,0.17991573058398974,0.5103927774642911,0,likely_human
UCq1me0OCcsRlaNI6-SZq1mw,-1,1,1,['51ae8f62a61a78ad8532acdfd194b1dc'],0.395351157066158,0.26573615779740356,0.19379579780051992,0.46998351339980127,0,likely_human
UCByI24pLsOU8_axZXbnJkUg,-1,1,1,['bd7cbfde86eaae751f3764a450a7cc78'],0.43381985319666205,0.26570483247892773,0.15051873190376405,0.39646807211515916,0,likely_human
UCNnLYoZdHi1gdBXlXZ4hkqg,-1,1,1,['4f50f02397bc59db998291833aa15579'],0.41701024563274636,0.26564904603091255,0.17956097162335521,0.4010899937082511,0,likely_human
UCx4uGNyk_sK9fBOu33RVY_Q,-1,1,1,['6ad5bd91c3771af97fea2afd66c84cd7'],0.43813769950980574,0.2656308133743763,0.13476578555217433,0.39797579814682404,0,likely_human
UC091JGH6HWzjw5UWTKlSURw,-1,1,1,['883a77ada3b27be55c7057bd7c50c02a'],0.40175194239526096,0.2656102505881579,0.16591306203706827,0.49512461685772813,0,likely_human
UCdOwrlYAPsMhiUc4eYqp67A,-1,3,1,"['4e0ca9d01b0e6c7108bfe515d2266989', 'e4eda1392553852fabf9d8e01d3a113f', 'f15b0837cbeb9500e4511622a9ed5a33']",0.4219821046172698,0.2655545081064673,0.14302903242355447,0.4583677878076936,0,likely_human
UCIVBsTlBt5NSHiJzEPvmUkQ,-1,5,1,"['63a5975d78f7e5a61eefff349a179092', 'b27bfd5b09d65bd906909d8434494835', '6711f5ccbfeedec4a38d0f7e05d4bbab', '962e4215c84439a59a89eb1a1562fc91', 'f58ccaca73913345d87fc4bd45c44e6e']",0.3654702416954505,0.2655528433750599,0.171431971211687,0.6471038706314074,0,likely_human
UCUGQbtVLUCkJHZKSaUiH9Qw,-1,1,1,['f9de6c2114ad9b20bb2cb1a21beb6ee9'],0.421581679336507,0.2655494415797095,0.16977272830230794,0.4110856328943255,0,likely_human
UCelPbnj4CXXVnrfVxHHZHeA,-1,2,2,"['a5c7e70dde8f4c98b76ba9906057ef5d', 'a0195ee575e96bbb268eef5eea9c3498']",0.40943944282011957,0.26552505336107324,0.16238980477314727,0.46739103066277077,0,likely_human
UCSwydHPBCt9H43eTs2xivBg,-1,1,1,['6befa39227b37ca2819f920c98d630eb'],0.4404092051349156,0.26537113688358516,0.15033457755294433,0.3548113830542391,0,likely_human
UCWYL7LbGgjjlJcNnoC8mSGg,-1,2,1,"['be2ce8ef754977df992a3973fe547985', '12a633adcbd73ad60fc26d822006a7cb']",0.3977773547080773,0.26533600961424164,0.15405511290554455,0.5371742000625419,0,likely_human
UCzdK26vJWcmuK9XQCWoo2rQ,-1,1,1,['d4bc666b1e99238157ac8e109c0a2a01'],0.42854783713453287,0.26526318805727467,0.14380046166316002,0.42110050065976057,0,likely_human
UC7xS_FnH1hfz2Vzwpt8BS7Q,-1,2,1,"['4fb767d78e6885613e667c9c7646ceab', 'd1b5b2ccd412230314bdf3cd707e489a']",0.41500236345435976,0.2652285784487896,0.1466938197186544,0.4731876405005321,0,likely_human
UCYtr-YbEF0Lu3PDcNo7oixg,-1,2,1,"['047d37ebad9e9d7078f470c98ecf6f15', 'c3e7311b1e4ac7ce94f16458da3cf5fb']",0.3932350182839661,0.265211813843552,0.14523695673527587,0.5718356985348536,0,likely_human
UCOKvPuVT16mA5CxZ_JWxEXg,-1,3,1,"['a23b9b1bfc2fb1229cd1e0e1b6e9f7a6', '5a209f3251a270f3a296b150c606d19a', 'b7eb9a021dba204073b2fa9ff584d1a9']",0.38706604480499956,0.26521174825310617,0.17117540653178756,0.5487291928730731,0,likely_human
UCqHp3k1fQiqW0GSWM_x2nZw,-1,8,2,"['d48591d56b3feab4134860778e04b040', '3bd9df1a92f4010c787494abd9d645e4', '79a95962eb1ad43a4bb13f70a314678c', 'eb3fe4d96b23bd11f3818e49061f0c43', 'f6fafd317df60f025c44a742a7457bc1', '8a1afb0779578aa1a7a4081627430992', 'f080cd4fcf2a94884610a1bbacc9e2dd', 'a6babcf7f366f9b1d98d7be4100b13d6']",0.3512522229525744,0.26520217013930775,0.16443465026579918,0.7231402366874746,0,likely_human
UCdXQH08wjFiG0w8Yy8UdEIA,-1,3,2,"['c3616a817665bf46a6db2fc3a81af4cb', '140a2a7ac1d9935a2c9cd320adc04ae6', '477c10c28c9b73d5bbf21463f474eb79']",0.39743792716835974,0.26518808439406477,0.1621502895925541,0.5224002078078628,0,likely_human
UC4s3K-Td0OZP2IqMfwVbEiw,-1,4,1,"['54fbfd514b441d23cc11713a143cf774', '61d814b6308e49dc50e81f6f85a74768', 'c906dfc29713a912ab414fcc0812d748', 'd6351d8925f82b01e8cc799ac9d47fd3']",0.40652063420469425,0.2651875632351115,0.14748151918587038,0.5088633485163583,0,likely_human
UCxsm8t1vR0sXU4dEkmEHVjQ,-1,1,1,['9eb0c2907c31eefab4f9fba4bc5aaf37'],0.3681457006848494,0.2651712229896405,0.16785523078448442,0.6414007851478609,0,likely_human
UC1lI3zJ724WKngHW_pdKNjA,-1,4,3,"['1f9eaf26d410fa459291889fda99455b', 'c056d1ffd7d403ec581712ba635dd4f9', 'cf871b6342a377e56051022ad0577d3b', '1f80c966a84a3e8a009e76bd34bf1f24']",0.40699821964812766,0.2651394245525916,0.14265652879105062,0.5183356390016239,0,likely_human
UCKxlnGDhVxkjqAQDDn-oaWw,-1,4,2,"['410debb559660dabcf2976828107f99f', 'c850e4cc98e47ce4babdabeeb8fb7706', '072e3bbf2f197fcb6783601593793f2d', 'ad33c4e7e649e4c632578abb610e262b']",0.3548983449139718,0.26507786619649343,0.1926226908142047,0.6452196648356674,0,likely_human
UCn62tr0kKmDe241FEgMvXBg,-1,1,1,['20c6e408afff3f56b0f97322c3c9fa8c'],0.3716310928218801,0.2649435614942709,0.1590115416836656,0.6414007851478609,0,likely_human
UCQiQ59Azd6oSCvMmogMLNLg,-1,4,2,"['0d69c64dcab27e06de0077c7af8b869e', 'e2d36b47c8dfd89db62098d7148f253e', '9b40a4b588c87e13a12920ddf2000bd6', 'adebbf6312750126329d42d1306f4382']",0.35089647096828325,0.2649289033209846,0.18441878331094355,0.6869853150071445,0,likely_human
UCxCvweBY28i56Eswlgv5e7w,-1,1,1,['849133cbe93fca22272e381849f04bd4'],0.36068015712518575,0.2648961039194206,0.17940163923189967,0.6430905587858057,0,likely_human
UCInF2WbgD5a2qI5pDLMSlQA,-1,2,1,"['c52976d090c9f590a5353f0c7a621be4', '515bebc05a05f06010b31decd26c0589']",0.40296061384814474,0.26485687519697176,0.13243285709232275,0.5582742331929527,0,likely_human
UCRlJUHg-KrJmGnJJiNR2sYA,-1,1,1,['48db4ffc73d4e85af0dac41d81a3b042'],0.40024500224884135,0.26484665119044104,0.1542488868419508,0.5207916511478332,0,likely_human
UC79-NrKePYtESqPbEbbd4fA,-1,1,1,['efe58a96eb43173c096085db4074c357'],0.4282373411323354,0.2648377704758869,0.16096117884262515,0.3835620870466607,0,likely_human
UChvCklWT02oQzlPDefC4PVw,-1,1,1,['a273c80a51810561d64afbc88a16186b'],0.38975030628492713,0.2648279259971899,0.16196528909812632,0.5516691788481776,0,likely_human
UCbQfir3_elfmtIN_yZ2L0Aw,-1,1,1,['b2971e62fba23f36befd21757a84e97e'],0.42977794003996883,0.26477967876173963,0.1375720773676403,0.42508564323719233,0,likely_human
UCazZj7hUZkn0yVWXY6tXKcw,5,1,1,['5b622daab092055079e9275ad518c187'],0.4055268227549423,0.2646466210943407,0.15156582324340073,0.40969327440001657,0,likely_human
UCuZnslTREezDvJmdVmwsjjQ,-1,1,1,['d7d7ec34c6d5efd62f666292e205017d'],0.3784483562825327,0.2646358362654928,0.18789542254572428,0.5526975372040609,0,likely_human
UCNXXRc1Nqu4OLLsQDWF4hFA,21,1,1,['e0c50b9c30798a4a84147115a50d3922'],0.3738197792042992,0.26458819055063687,0.18724752090724708,0.45201482498337553,0,likely_human
UCnRIcQcIwi3mHurrKrZPlqA,-1,3,1,"['83a7b308397e590adaad07c61a3d6ff3', '9cdfcef7b3feaca06ef9f630ee18c55a', 'c4996fe98772f12d5a3110f0a4aa195a']",0.40487142285865646,0.26456600571785793,0.14408890839517174,0.5228834290406654,0,likely_human
UCrTlGnAtoPtT9eRLn3Xz-dQ,-1,1,1,['e7e5f4dab739f85bdec180e19eddb653'],0.3735774194245637,0.2645345419879768,0.20617609494758352,0.5323432354323023,0,likely_human
UCvhSgkOmPjEYpgsuRwvXyxA,-1,1,1,['467e6d9676452449f4ba4f650d129036'],0.391869863498448,0.26452305191375064,0.16524642133886236,0.537128607386571,0,likely_human
UC0Yy27ZophoN92oLSpeWMVw,-1,1,1,['1000701d32904e9db051289e23bdbee2'],0.3714765958787274,0.2645027749536131,0.19909488202174955,0.5498106600949941,0,likely_human
UCfOFIAs5AE-N5TJrvMqXyug,-1,7,2,"['000daec52ed4b5b5c8c71cf1eecaad6d', 'f0d1742093e4363b62350fc87c0ee34a', '6db5d5b1c33c5939a06ec3e83496e108', 'dc8aa675c61bcc7fe4459a6b6151789b', '4146d1f1fcee8d09deeff118a50757e9', '5f6ffe8c671556c3f1a4e490a7f81eaf', '29bca8fccaf6151eafd3540cf28834b6']",0.3866830312496858,0.26448172457023217,0.14210149301424504,0.6068630991426672,0,likely_human
UC-l-0t74DH8_dm3PSU_C_Tw,-1,1,1,['d7e64be7d41b71d25cbceff266d8a56e'],0.4183878848737643,0.264467306449049,0.17447508404785878,0.39747029284477825,0,likely_human
UCGei6xEnvOrtd8hbo-Bg2tA,-1,1,1,['62b93797dd9f45979180a62fadf093e9'],0.4311585539312762,0.26445837520589177,0.1604294541895297,0.37348975431754783,0,likely_human
UCvZkSHNQR7Ae5NoVZ3IzzRA,-1,1,1,['116c57b9779feb1023703bf67a4693d8'],0.4140234682019416,0.2644437574741296,0.1662712975900872,0.44064439454108967,0,likely_human
UCsWWLg4h4qlQPT6Ei38cPmw,-1,1,1,['07861cc2e239aa212576c1d4f4544cae'],0.4102283262037092,0.26433306698830716,0.1586229006045709,0.47398506048847816,0,likely_human
UCqyjWcMS6Pm7hdWQ8kyCvlg,-1,1,1,['f01099f5805a39bd114235340a256233'],0.41722036460015566,0.2642801104679201,0.1382630723085589,0.47173604550735615,0,likely_human
UCq6EtlnH3qCQIxVAhAc0KgA,-1,1,1,['67a6f2397f08a8ebb5e8e33b7bc69179'],0.4322481571738517,0.2642637332495771,0.13246265024489556,0.421772735889664,0,likely_human
UCYC-F_lHUzysKfLQv6N5XZg,-1,2,1,"['c9158be4e4acf9d538cac74610dac183', 'c90fbddabd7bc90e181c5695f8c8b945']",0.3716910453339549,0.2642484060559587,0.18978946043667236,0.574622322289674,0,likely_human
UCviyPqvbfaT98_hqZzWXy3g,-1,2,1,"['d6252a6ed2dc34a1516ff749863b1959', 'fe862f22739823a6fe876d2b4b25977f']",0.4078536392776829,0.2642306191926813,0.13238794300530313,0.527731435323327,0,likely_human
UCH8VxpBuDVKP0IBrYZN2fBg,2,1,1,['1762d71088f9359a448b006bcc34f742'],0.4203219701248878,0.2642192717348697,0.14044634058200883,0.3607480732879409,0,likely_human
UCXbqsvPZdwsu6FJEnN-tpmA,-1,2,1,"['b08df6611041d4c76ffc51d0f862f709', '594927051733cff0cd8ca0aadd43d246']",0.3856434543228875,0.2641816650053037,0.16505378408183993,0.5560572514936898,0,likely_human
UC4H_0215JulckQkQl99zWuA,-1,2,1,"['ce2be9d72ede9be6112ab3d2bf16fd3c', '95a003e6baaec0486f64b6de9e8e6f30']",0.3793596977301993,0.2641802734566725,0.16937120387896792,0.5738926570618845,0,likely_human
UCOKXaauDtahsPXzhZ5mx70Q,-1,2,1,"['c3d4c7f3125925a8cc65f5667bdd4304', 'c80c1473d827e8d8d16bd58ce2c74975']",0.4012735825080065,0.2641617603889338,0.18476682066733904,0.44491147845209855,0,likely_human
UCXS-SPimshDa1C3u3XGfSwg,-1,1,1,['042441a9fa43339bd9fd4e30ee8ab442'],0.4217005504694304,0.2641557944434906,0.1259114230882447,0.4795379123026552,0,likely_human
UCoR0hGjVYW7OVax1NBJyDuQ,-1,1,1,['b9c0e176f3f01e0868b09a812e54b850'],0.40949168700576255,0.26414325312146275,0.17313666629715488,0.4347479586124494,0,likely_human
UC4txN56hWZboyhLXATb-6hA,-1,1,1,['41359bc1ab5599af623403ee625543cc'],0.4510766062670398,0.26410536829063985,0.10176154277352643,0.3930398598378549,0,likely_human
UC8vrNUfUSRsv6b4fOQ3voHw,-1,1,1,['b8bb6061b9f65da2fafc62e03e88a734'],0.3881794372305478,0.2641006984271709,0.20304433636624616,0.47662325688172,0,likely_human
UCLTT9eGKlJ_Pvg4pny8gtFg,-1,1,1,['f9dbc1edf405d191cba40f1b3e92932b'],0.37205155473919016,0.2640302749430554,0.19690171727691524,0.5466447849905735,0,likely_human
UCFiTWoP8hrbLFfeLVnI_esg,-1,4,2,"['d9719b37ab1ad48b5b15909c85a86b18', '8ec001f66561b948c6f94d4e3ed43127', '3f224881ed6e4ec5819190fa24c9ad2c', 'a0d363e5f6dc5ea520bff2265a297e25']",0.3680495036277613,0.2639816464507785,0.1701007340165412,0.6243535608723862,0,likely_human
UCU7ubZXFozWxEQt_zyqakNw,-1,1,1,['a4284a74e3f54e95a1e49a5eab9a960a'],0.40481292689337167,0.26395432080559916,0.1753680185771526,0.44427692443482947,0,likely_human
UCGwDeWJ9z0gSsu_1fXZOQYw,-1,1,1,['d04f83c5c36ab62f8920c7c296121079'],0.4064565198002427,0.26384273527483887,0.15422033640472477,0.49239510360164895,0,likely_human
UCj1_0NX_bMsjSnDiPXxuUUg,-1,1,1,['e68548a29b99bf49580d930979a0e811'],0.4486919874941231,0.263780348474283,0.11720019384121713,0.3692962533528775,0,likely_human
UCc9HGjWgqakOhkNdw-CLHmA,-1,1,1,['0cadf95f8eea02dba79a1062948b9e12'],0.41311356390175563,0.26375285730335474,0.16941478607843372,0.429182209107374,0,likely_human
UCavTJXo9JGvUliqyeOCgCng,-1,1,1,['ab58ce6230a85133d92290b3f2a3bc88'],0.3586297657341306,0.263748497110723,0.1923460797979555,0.626680356830125,0,likely_human
UCaoKfuiXh65zjATLQHenR0g,-1,6,3,"['fd1b6126e8cc5c3309d772603b9927b9', '51cb9350098e476cfd496dc7a6d5ded6', 'ef03218e2887f174ac6893ecfd7305ac', '8032cc2a136c395c2e7f86476f32b32f', 'bb3289795219b4614901a4a08a3ad3ce', '9a89d28210ba619919d461a0f92d49e3']",0.375278386495417,0.2637317888698827,0.1854006504071405,0.5574624906576159,0,likely_human
UCPFHlDxj4NRQzhV1oWRvZrQ,-1,1,1,['24b030991eb72b3e4e8707e87da22607'],0.4003309428632216,0.2636650216490501,0.1788800391992258,0.4595334243856134,0,likely_human
UCQcqhXRAyYkCrG0Si4Hqi5A,-1,1,1,['05be820047f19d7e50ad4ae11d81c7fb'],0.4016524123501817,0.26353814257663466,0.18309519133140906,0.449710319581921,0,likely_human
UCJ4VGzE3SEsktoXWadZmJ_A,-1,1,1,['b3e112994ef4e145a59bf5550dbdc2d0'],0.37675424945205804,0.26348869138169023,0.17339178099001323,0.569223858139272,0,likely_human
UCpPprqTbRKFMuhWGrBQek0g,-1,1,1,['09975d9bbb09c4c8d443cf977e0be85f'],0.391495496403508,0.2634479059884462,0.1706634082518626,0.5214945052832652,0,likely_human
UCVgbEGJQue61el-reCScS-w,-1,1,1,['a169afe98ac2351fd23438b66a8aa519'],0.4144189084800376,0.263394425846337,0.16025119312469846,0.4413923139708358,0,likely_human
UCreQqSUBm5CsY_EUr-Co9Jg,-1,1,1,['86421eb4c100415b0d50e269ded8f92f'],0.3905922850504242,0.26318375523497844,0.16047202175304556,0.5426105905087957,0,likely_human
UC6fqpwBOQMUVdmPsDWONqaw,-1,1,1,['d9d48d97c05236ff4d169292e4b48eb5'],0.3755562185835213,0.26311305970687465,0.1912464728226327,0.5343712087675581,0,likely_human
UClvI_lnimSAyTjnRO2tJK3Q,-1,1,1,['05e6f1db5f9726e9c44cf20fcb11d7ca'],0.4274345125209637,0.26308765834089554,0.13569336126426015,0.41917643286215256,0,likely_human
UCWeC1PfQcbN6x5TyHRrt_6Q,25,1,1,['fe47fa2fcfdcd4b0088554cf5c8e1034'],0.3753391844510142,0.2629621692941878,0.15640850166186604,0.4922469844134117,0,likely_human
UCDtpOFhhNN2h26W8P4KGyfw,-1,4,3,"['ab548ed38c0a1c1fab1619abaa765cb3', '683c037d598c757f5c3c0923ec5eced1', '3f39bf3805fba1171c43685ddfd17772', '150eba5cd183e5628e989b11619e909c']",0.37131282296684176,0.2629337291498276,0.17621633871652959,0.584555893207632,0,likely_human
UC_SXt9VKsla_71aj-H3R_-Q,-1,1,1,['a64d33e1dee1aecfd75584a92464e62e'],0.3854451673163112,0.2629265902573545,0.1526855664935304,0.566918120565588,0,likely_human
UCupKfdecx3QMyCiH12hJgOw,-1,2,1,"['06cc48f72fe7f5a6fc9cfdd33daa3616', 'ad6ddb7802f3d9936f11e158188ef7c8']",0.3706262332322321,0.2629198339531713,0.17699737974856283,0.5872968524438883,0,likely_human
UCboIOiWw62miS07H6CfR5jA,-1,3,1,"['b1709d494e612a7bd12779ffabe21e00', 'bb5813960c92139b0089a6039afa8386', 'cd99bd4df850966d2ae85aeacd73e512']",0.40378195762997215,0.26274228179592873,0.16435435018294442,0.4642333153325406,0,likely_human
UCq2o1J5icRQN2PVhLxdvBEw,-1,1,1,['2f4c0d49731e7e52822e6ff2b7294d30'],0.400843118582523,0.2626778468357546,0.18457786741142188,0.44048491171643034,0,likely_human
UCo614LcdWTd7ZJm_iRSszHA,-1,1,1,['106d8b4bdc7327ce3b5ccf1b667bdec8'],0.438822062767226,0.2626149773095127,0.1326617316193584,0.37025066765751735,0,likely_human
UCKN46S8vvDK-ZD4ZelTShNw,-1,3,2,"['45ad33deadac78a63bf77b723402a316', 'f34ca14313bcda5e33b03b8f321857c3', '5e52d1d70af34882244ec4313838b41e']",0.36792101792147375,0.2624977529713932,0.20491102679532167,0.5484648715537684,0,likely_human
UCht1jH3Kf6RPM9dFyiVTFJw,-1,2,1,"['cd936be8092a1973186107b4edf31e6a', 'dda6e0c52a06858365bbe0ba64759fae']",0.42573929448764103,0.2621669685434659,0.13612448053775678,0.4149043595316074,0,likely_human
UCWwEoHqshS8J22G1M6kLpTA,-1,2,1,"['635dbeeddbab33b9886c233057f5a40a', '6cc24d3d77182cf57c55be7e0d5f8e2b']",0.4160021371289981,0.26211154682806204,0.14932921579597275,0.4376708459972034,0,likely_human
UCKccDOfT3re0WqXhxWyIq0g,-1,1,1,['614582c30e7b09ad8998e5f37c55483a'],0.41026690521495124,0.26206291952052874,0.1381034524308447,0.48905917484987566,0,likely_human
UCeV9SiQ8ywwtk0L6d747erg,-1,3,2,"['1cb12c57d4421db7cdd1515851a69f71', 'ce59713fd3a70f567c7fe1d2b828816b', 'ba40e68b9b9a0c31c513d57f71aa2895']",0.4000182636575071,0.262007294413332,0.1589434322878582,0.48392248512811337,0,likely_human
UCFgtMd7wg3pXHTu1Pt_MmKQ,-1,1,1,['ab54c857cf6e9e2527ad139c58266713'],0.40879879305505995,0.2619830442178877,0.15698281718424284,0.45514657144444426,0,likely_human
UCMLkTrKuK8a9PwL4x51dG3g,-1,4,3,"['cba5b5ccffe38e31123655ab08fdfe16', 'fcfa8569701a2cdf7911ce7e0c5eb496', 'b41a82ea6e274df2e3e9f36a974540c2', '698e354b8fd9be655d7178a6831306a4']",0.38927678788827613,0.26193883898811,0.15174913489197686,0.5449537002388741,0,likely_human
UCSiAgLy7bxDOZGkwUeKDEMg,-1,1,1,['8b38dd7d398ce4ed3966aef37dc9c20e'],0.3874876240806801,0.2618507159763438,0.17834992224130014,0.5003947896123053,0,likely_human
UCESO19C9hOtMi_KT9OFxmgg,-1,1,1,['398054f7af2ea2ecc65bc5b51755da62'],0.39775640185424443,0.261786226999265,0.1458565928921584,0.517667176560913,0,likely_human
UCa8xZvkF7fZXDJzxRcZxnFw,-1,1,1,['fabd4f149390b87fae771212ad2ae2ef'],0.4268058098145341,0.2617498227932227,0.14037517271105582,0.40982025433300084,0,likely_human
UCCYwoTopj73Dt7GCWQ2FDSg,-1,1,1,['2735482e1ba10beb0a023488be329a14'],0.3971916914519116,0.2617479739379046,0.13586129518175874,0.5400157645050943,0,likely_human
UCzvVMHeLFE7_uKM3DAjtKsw,-1,1,1,['793210650d5ff0b93059b89a27188f29'],0.39980280149832137,0.2617107404944585,0.18077500751950337,0.4442949599006728,0,likely_human
UCXJprE1-28rrsR2JZy-RK7A,-1,2,1,"['ed5505ed5de22a8364203b031d3cfb9f', '474483becf5751ebcfb392553dc25731']",0.4231869186197742,0.26168610751381816,0.14487094079519247,0.41387690596365256,0,likely_human
UCCi0C_1-e-1cRbHPW82wYvQ,40,1,1,['d58e65abbc44a09fdf925782c7912fae'],0.3948838636811176,0.26168350735944423,0.15603147702435885,0.4187943631625612,0,likely_human
UCJHaeg5fRIF9HL_1ECwnecA,-1,1,1,['64df0f77ec2a2e8a3e0bf8f93605f532'],0.38533699684072464,0.26152374160067116,0.17604939491185775,0.508664446582218,0,likely_human
UCoL1AHpZV0qke5uniiEKOIw,-1,1,1,['642e5274be9fd89f33f8471132c140a6'],0.42262872051193273,0.2615070100364882,0.15899146176070716,0.3830291994810389,0,likely_human
UCJOM7oPax-ptotYxCEqEisA,-1,2,1,"['ffbd5b079ec93a4e9d5168010b7545db', '16e6fc29d441fac87ce1725203bb4e8a']",0.43151706552524305,0.26125745815837104,0.10925861311552175,0.43790390243463584,0,likely_human
UClB7IS2XtaiGFTZ51by-AiA,-1,2,1,"['a454ba50b02a46eb7752bdd1905777c5', '41ae8f7899203474da02eded5ad8d258']",0.4480099112527478,0.2612368917807754,0.10688383934348059,0.3710545650322872,0,likely_human
UCFxsxT71HsqcjPSYPKrvEmA,-1,1,1,['2a9fca7cf301f4b2907dcae23339b9ac'],0.4258183875573857,0.26122373946644023,0.15402677105961585,0.36900979303907183,0,likely_human
UCZvtauzxBEDcwziafHA0HKA,-1,1,1,['aff72a858f56ab9368af6f505acbc03a'],0.4138081434064606,0.26121609809876484,0.12101383271525927,0.48978350999968046,0,likely_human
UC7tFBsqfv1zqV2uUF_a6-3w,-1,1,1,['1326acc4025a6659810f9b7ef1db7234'],0.4518946548868065,0.26120943340958386,0.07508867861059795,0.4180730067449459,0,likely_human
UCflKcnLfE33lSFPLF2CTHEg,-1,2,1,"['65ba08299bf75ea13823efcf72394732', '27a22104e674c16d03a6da267d6e5d4d']",0.3622958054216172,0.2610939816292847,0.18625101070031846,0.5847337292884915,0,likely_human
UCty0KKpJtvbSz1tmZdzuRRw,-1,3,1,"['d09b90d36a5a27ad793921b99bc07962', '936b6dbff01726ccfb9637b2b0092c22', '9ac547a38abf3b3d840a779d63d67f4d']",0.39730397838116877,0.2610676690050935,0.16431547352591738,0.474757330566198,0,likely_human
UCEpcQPtHm6JugWkpP4spzWg,-1,1,1,['1a34bcc4dc865b70a0182101ad635d70'],0.41461006316513827,0.2610135256827443,0.13963932900726234,0.4526802528536122,0,likely_human
UCDZlH02nGD5DUolDOBLp9VA,27,1,1,['8d702195f254b81994ade6754c5a87e5'],0.3954339214581375,0.2609827447653954,0.1577627756375021,0.35547714165559907,0,likely_human
UCPIAXBrKinq9vRsMv1TVSiQ,-1,1,1,['41d938d7a9c93210b266b84db7c7921a'],0.42104455575441413,0.2609652937519681,0.1459939107725175,0.4141208837988014,0,likely_human
UCoDYSZCuH15-K9coie-Xstw,-1,2,2,"['94b2fc26c94dd094a6822ac61cf3a687', '5c9b8b7e9bd1d867b4d214d7af77f9ea']",0.4115543257732766,0.2609354543268088,0.1394211387531262,0.46377751954338153,0,likely_human
UCMPvoGHjJ_tc0H3raBgvM1A,-1,1,1,['ee671aa2926246d8e28cf4ef81daa1ee'],0.4659409241949638,0.2608979783027495,0.07553444585152846,0.35272418908467734,0,likely_human
UCcGVYYy9SXvsn795uQVwH_w,-1,1,1,['894541e7bd2805c0a812b3f95579f442'],0.37168861206541276,0.2608216893486398,0.17572769459843607,0.5639700411691598,0,likely_human
UCFbKDY_WMLFAVqDZmTcjQKQ,-1,1,1,['c4d269b5df2045ffff9a915081b77910'],0.4019438955172226,0.2608027605416835,0.13616519044342498,0.5062326122721555,0,likely_human
UCL_oUoBZS5NsbyRWr2dAbEQ,-1,1,1,['34f2fb94f4dc52eb7b855f089f71fb7a'],0.3926767895588684,0.26073760431167997,0.16619266039926195,0.49101346076395586,0,likely_human
UCkqoy5f94hVsy0TLTxVx-wA,-1,2,1,"['ed2abca4ba4eabed801ba118faca4da4', '476f65b3781cf267c14cc68e1147f79c']",0.3629276488793927,0.26069117803972514,0.16020819692359173,0.6437822351204833,0,likely_human
UCb-cSqtEQA4nXO7oTVFnilQ,-1,5,2,"['2ea63e5d8b28b6e0cf4384b55048c4db', 'fd49a2fbf100d408fa4aea26e32f4270', '71e5425224a21b3c31a5ae61e588f0fe', 'cd8c7366bb6a615bf3813c1e5e64a020', '77db81c4f1c012a7319d290e37ef55a3']",0.390365069814963,0.260601018983423,0.14051579640666392,0.5527140691103152,0,likely_human
UCwHi44RMhCcw6eqtpGpOhFg,-1,3,1,"['a5aec6693f4d28dce8b5ca474c6f459b', 'e85e765e641d36e8f29524e1a32e48c9', '83407f7ed007d96e09c3bb8402414085']",0.40318267369073685,0.26058951940956354,0.1631915189623067,0.4474191036331225,0,likely_human
UCvXffbh_Jhdac3h36xzoLHA,-1,18,1,"['d135ac23433decf60d70bccf5ddb57dc', '9b4f9aec89e9210d849c90e96dd63684', 'ef8bcca8ca102cf8374b4a97e775d237', '86df1a7e7f46b965c49b797c4955f4f8', 'ceeb4ee3ead7788f8be6314029313724', 'aaef389715a21d4316323b5339324140', 'bea5ec062f84b973753099bd13e748a9', 'a69ef7060cd7fab6b2467deddfdc29a2', 'a444f97128efef5c8e55d6e4918be581', 'f81dfcc190b8906fb6b34b3e725c568f', 'b32d42d4910621c543d9f1bc8ea8d829', 'd1fb3be5e6140f5ca6c59952df67e297', '597160e86f7eb0b2e539523ba2697bcc', 'f87b6043e0e82981ebb0f002470434a5', '1eab0321b0f71875d9305e6e5a23c3a6', '3b5c2ccd55bddfd3e2b6045a00b9b338', '1240c64d86ddfca1fc12ebb0cceb2f8a', '3c8f5fa4d700ca8e5807d3132ad70ff1']",0.38092750130700825,0.26051980338763686,0.1704050459004939,0.5356658480326102,0,likely_human
UC9mhc1p5GVhZvyLvrOB33JQ,-1,1,1,['1f047009d08c855d12827b7f4dd17f70'],0.40850424425835624,0.2604934391703386,0.1427215749762375,0.46338744119518466,0,likely_human
UCo1LkFdOLrJn0AsOKMTlutA,-1,2,1,"['1f302745c3004b99091604d9bce4dd89', '9585a98398a99d2b10155be40b9c01d6']",0.3881182094222949,0.2604918530069357,0.18029968696835613,0.47732865981470546,0,likely_human
UCnFdmuzrQ-rk1KI1cl1S2lg,-1,2,1,"['92e1bcf5b60e1acba3ff5d1495cde384', 'b54c61735db3190906716f9a93f1547b']",0.3865993917655231,0.2604701463675849,0.1705131062450526,0.5037909439330461,0,likely_human
UCSGPzMbGRjPDlg9eWsz9bzw,-1,1,1,['73e5ea6ab074128b1f083e3f40bc47fc'],0.3882449707948078,0.2604087814214339,0.11907650727724572,0.6030421619996915,0,likely_human
UC86xaIEQVVgtqzyp3Y2AEPQ,-1,2,1,"['8abb3ec635f225e9ad8aa7fe27377390', 'd472a24dc1a7e5e4dfe5df2ea697bf01']",0.36852031631504417,0.2602401296350448,0.133416833712431,0.6706174246710628,0,likely_human
UCqG79fkTFn6NSksVcyvGlzA,-1,1,1,['41cd78b081e492318cc7dc2cad402cbd'],0.43025916934382424,0.2600549265983674,0.1218207749800498,0.4106662530767085,0,likely_human
UCdQDRINAvtMbdQ40l94FIHw,5,1,1,['f2def760400d2933207b7a6522079db3'],0.4307116457792301,0.2599512861892307,0.11481117867918425,0.326954255581434,0,likely_human
UCpHWAIqqpVRWvLDlaSWIibg,-1,1,1,['04f51bbfc3376e2fd18a7a3ffd008421'],0.3988856634978174,0.259944083488552,0.1542420181947334,0.47485635635481355,0,likely_human
UCHZIzQlufY179qeQLUkSlEg,-1,2,1,"['0dc91df93e3e73508c51f35d6a715722', 'f7d3f10da8ec56d92f46bc38c96c42ac']",0.3831500548483174,0.25993652368622766,0.19118473466610417,0.4735492362751426,0,likely_human
UCjrVraEDhjNgESs-uyHqYGQ,-1,1,1,['f16de77af583f3362b593d8be68747d6'],0.4147355022400785,0.2598396018786221,0.16389085445635923,0.39422480741844823,0,likely_human
UCMbKAHO8danwZjIyFcFybHw,-1,1,1,['183453b6812ccbb9f10b79dae8e5b72f'],0.41557128246695707,0.25982698050612013,0.10777257684793842,0.5095882010086829,0,likely_human
UC3t4A1ToVnYGGPbwg2upWzA,-1,5,1,"['ea5f4b0c31350e9fb2236d4a15317a73', '06a4b72a2af164a1e4cba228bea6023a', 'd529141121a63fea25f527425ec30e67', 'aac29169f203846f4ee4f8122d533ca6', '6169e5249d4e03fbca8d556c486d77e9']",0.37821463464089145,0.2598198860441475,0.16406114332857463,0.5566544701935193,0,likely_human
UChTBZv1KwZM0ldVXpoL3XPw,-1,3,1,"['3d70315c79efd1da485d5d66a6399ed3', 'd96b6a6ce1146d204c38f9590eb80594', '237afc86d26ee38a47c3a3869de8b7fe']",0.36831720202159673,0.25977881630463046,0.18036702182241685,0.5612719276997417,0,likely_human
UCwVxsoWMs6C_aJH3TFcm7-g,-1,2,2,"['626fcf410477928779db0eb885c43ef7', 'ae42b1bd29ea2518cdd19da262b8fea4']",0.3854871136189245,0.2595386295234923,0.15911455147422637,0.5271182660427173,0,likely_human
UCEXTBV5eQbreTuUztY8p3BQ,-1,2,1,"['c47cb3386c81b1569b3df51b03150066', '6d52a32ca4aaea6e28d22755b9581452']",0.26442837845561107,0.2595323338584275,0.14728251531418018,1.0000000000000009,2,likely_human
UC3zTZZjOdngz1N7023ee7tA,-1,2,1,"['8a1b2ebff8d620aaa71e2bca4f1941ef', '1f8181ca11fc9a17af29e71bd1e72662']",0.4131556287342565,0.2595033546689782,0.1462557936855326,0.4320988683211291,0,likely_human
UCuX1RVGmcFuXNN7m4be_97Q,-1,1,1,['be1815162ce7af4ea849af5ffe423c3b'],0.40113513207338,0.2594417383927869,0.14572624028700928,0.48493808348531275,0,likely_human
UCF6BoRKIp9-8Q4eMhSTmO1Q,37,1,1,['be0448d60de901e6ad6edac1a40161ed'],0.39491865694278183,0.25940172213634627,0.1544551824549467,0.4033401830137828,0,likely_human
UCDYtaS4qB-FF4IQ1mGiBDyg,-1,1,1,['81c7b4e7c125e2c26edfc3959a5b78d2'],0.3899253070650762,0.25934638818518724,0.1679221924930354,0.4920690581357547,0,likely_human
UCD3neMo1CDdmhuIqHsP4ojw,-1,1,1,['dc652a8ab2a4ac41c4bc5655317eea7d'],0.3905207364668659,0.2593458152311444,0.16810401735495997,0.4854628843542395,0,likely_human
UCrVIWIBx_Ydbv0b6vc0v4WA,-1,1,1,['4cf65714a3c173d593bc7efa3bf92446'],0.43862159443137294,0.2593204641823234,0.11120369735172596,0.39111926635303296,0,likely_human
UCpEftiLtcvXVVO2XtF0g-3Q,-1,2,1,"['3bee17c71cf28da9f37edd7acbeb563d', '67041bda8949a5517b2b86dd262628b9']",0.3946794076082939,0.25927319489125333,0.15038856180714869,0.49550453507475556,0,likely_human
UC5f3EWKXB3sOWgiAHQ8_m2g,-1,3,1,"['ab15281170cbe968f09f3889b2c59590', '0489187cee3b6a9716541aaff8c92fe3', 'e8b0cc25da5f8e552d86eb542dca2df6']",0.38057558176627393,0.2592702449807879,0.17707051623208064,0.5102475502498481,0,likely_human
UCOhn3u8AV7dsfAucq30xZBA,-1,1,1,['ad047b7a7344b1294075f09fe35ae668'],0.403275278207246,0.25921798464631507,0.16431459977001114,0.43710725436515907,0,likely_human
UClynSvCAOfk8Un3xSYJ7t6w,-1,1,1,['87fd17d93659a5f7eb7e80fdbc976a59'],0.3912445682558655,0.25921640674703783,0.16792999987923904,0.47578569330541987,0,likely_human
UCOcDAVlA9-tRi6xhhnVs2xA,-1,3,1,"['64b00d90e07e418b9b00478185d659c1', 'f7bcf84b2caa36b6f40501eb2cbf6614', '0e41aac7040b476ad8b876b0c04eb4a5']",0.39659784717996915,0.2591336438464346,0.17133407766186215,0.4477235849737883,0,likely_human
UCYUS3EwNOGhMqpu5QSDYYGg,-1,1,1,['cb2eb0360ef24788af3b61c16b4897f3'],0.39663954454393635,0.2590988848162893,0.14306080366286275,0.49815162175235417,0,likely_human
UCrtF9tnV9T1NewZCySMN_Qg,-1,1,1,['b77673b0df85735ee36dfc61d9ef0d45'],0.4415944578885563,0.2590004090982878,0.11823591492678663,0.353409353132338,0,likely_human
UCfEjwTvNuu3ShrdMu30tIsQ,-1,2,1,"['c42dbbaf68d0348ab85790ee2c57251e', '34e9b7600b99c2afcec602e8d5d1a323']",0.4162085448752221,0.25898625096581196,0.1347784233604834,0.43271654679996485,0,likely_human
UCI-WAJKTstGObet5eWLi1Pg,-1,2,2,"['4fee354f82d3af7e1852e1b27e83cabf', '8eb6a052c0d543760b7d6b70c12cee65']",0.40100138053150225,0.2589320330167857,0.15728156818665126,0.46035300912561294,0,likely_human
UCOnOxCNFbMz4OOtjT0sIDyw,-1,1,1,['b85c7708ad06587120b901f5d024a9b4'],0.38210279657052376,0.2588594455746027,0.1948197148257753,0.4596631053451687,0,likely_human
UCcz6X0gof6KlkIFGx_4KqBg,-1,3,1,"['f2c09f24d39f89ef304551bc2f25c260', '8d82aacddbc6b293e5eb67a120c25e30', '215477992d6d3385f0171db9f3a09bb2']",0.37468400806752195,0.25883547533409185,0.1575088368695187,0.569432571785955,0,likely_human
UCal7FVu0VUvRBsRbhdna2eg,-1,1,1,['9ff3aa4a49edf11e5121fcb5e4db2b5f'],0.3892171409513875,0.2587925601008138,0.1675677157702578,0.4821666834981264,0,likely_human
UCAoA1Cs3nkQFFa6_GdSs9bA,-1,1,1,['c1f5a5d5df0e6379c85a534fb2be0184'],0.4194564497717613,0.25859442510101155,0.13165279801740964,0.4188063843636056,0,likely_human
UCz6nZNi3qvrGpCiXVT1dI_Q,-1,3,1,"['a038db86bd9b869543f592627f729c36', '06559b35ef753cbafca633035e4b74d1', '4dfbff5384c7a97d2a733ea9f6ed2bda']",0.33828019649115443,0.2585068878418577,0.16521979634276998,0.7177965401062059,0,likely_human
UCycRf1JxcEVE_ceKbrOxfSQ,-1,1,1,['0aa39b1ac615fbd80f8bb25bee0eb1c7'],0.41475044302950836,0.2584446961580295,0.1552480647876292,0.3896852659534739,0,likely_human
UCMXCe7S42Ui-n-FEmAQaQlQ,-1,1,1,['a4c77492dac091401baf2b287b0624ea'],0.40178490714084064,0.2584264364609447,0.1473196304270589,0.46338744119518466,0,likely_human
UCzj9BnaxUiBw3TZozzx9KrA,-1,4,2,"['142dae9f735a9eb8ea96485c58bef28f', '71948065028043db8e562ad3f15a2adf', '181d7931987eea0e1a9af99d7530b9ab', '2496e01b32cbe9dc4da78231cbe8517c']",0.39931397841787847,0.2584158816687583,0.16019515299670686,0.4549767629055623,0,likely_human
UCAo7QxXpZXkHKEgn7Jf2ZRQ,-1,1,1,['39a07bd1373eca32c64f80be5829a2d8'],0.35583885076571786,0.258343445444842,0.20469182758814292,0.5474074183177906,0,likely_human
UCP1me-MbEkpESuzaYV_nVbw,-1,1,1,['fd4164c51a0b247c7d81ffa7835e9a3b'],0.38464264853530966,0.2583052660387808,0.16368581543416047,0.5040287844079605,0,likely_human
UCUyUJfrc7R8TsrnNIagRjzw,-1,2,1,"['5acd9319e8b18e77a25ebee9543b266b', 'c7d2712b8cb4a5e42e29ad688b3af5ed']",0.3712055116720394,0.2582124727102021,0.16170794759101098,0.5706518558583092,0,likely_human
UCwHyNRnLaBU10oQhjtdXYvw,-1,2,1,"['e246acc7f3523b154336fc006bc41928', '851b351ea796c9a41bdd5e3ad88fff38']",0.4040552024528345,0.25816354542102465,0.14801858722207223,0.449710319581921,0,likely_human
UCiCIuchZKiEjtEr9RMTuJwg,-1,1,1,['97402368f6c77c0c6f2ba843c99c6a3c'],0.3965457203831445,0.25808623538156805,0.14290742492621464,0.4976986076347451,0,likely_human
UCXvVJGJWubBwVi27224IplQ,-1,2,1,"['69971c330d229da19d74a041575fc8e5', 'e0e31bcbd93fe8f47f38eaee4776574d']",0.39125723102166143,0.25803810147479656,0.1601503658095251,0.48392248512811337,0,likely_human
UC72_58iUL9D1xs3Dy7nKbSg,-1,1,1,['f950a2a5194ff2e2dcb356739b2eee6f'],0.4195288722956144,0.25792080839583204,0.13347322985859073,0.40686292668758167,0,likely_human
UCKPIFsUl9SAR94lnWillgpg,-1,1,1,['dcf57b2fa972b0cc3f07f94969f50bf1'],0.38039249012105836,0.2578287568996788,0.20023610810706435,0.4551826083724519,0,likely_human
UCmEiIkWh6pRXlMjPOf38nxg,-1,3,1,"['867fdba6e5d526d9d7de73b3fcb62d06', 'c71e0a4761cba7eb961b6b619ef760f4', '21dff8145237cfced6a474a611a6bc52']",0.39833697043860083,0.25771024239111223,0.1672766959884069,0.43959088972275895,0,likely_human
UCm7IW_rwlNAzl995C2NetXQ,-1,1,1,['4dd164a6d23759ff2698bc6c1cde43df'],0.40174960589916775,0.25770886515468444,0.13658507923225816,0.4784768481742926,0,likely_human
UCvM0yXmxoJ4XggpAN6Mo5Cg,-1,1,1,['e48b57f1d963bb85beea783516fee091'],0.4043309311696006,0.25761139040361486,0.1686482928927298,0.405639709032505,0,likely_human
UC5vt3-ajhkgcEVqnFaI0Mtg,-1,1,1,['d78f22fa02b979b4d0abcdd8208a3d6c'],0.40776467957692686,0.2575471367676481,0.13730799679519978,0.45296243964695315,0,likely_human
UCZDXdwYnUXOLnNCB-3IkHDg,-1,1,1,['99ee6863ac60171e374e4db883ad992a'],0.43256517412712653,0.257509887331145,0.12627700604818118,0.36182528203051234,0,likely_human
UCDd6iBm3SlBUMw2nJx9gtsw,-1,1,1,['cffd0fab06b30c57f74d43d7ccf66eac'],0.39086206729637635,0.25744446744385496,0.17212209604860798,0.4503667369217096,0,likely_human
UCKr06F3VKuzHTAhwhN7rAbQ,-1,1,1,['76bb87e75eea496ffdccdcfa939f0e54'],0.38542511772635285,0.25732746629600367,0.1778522227540891,0.4749341365665421,0,likely_human
UC6icgClrLZJHTFe19KIqtkA,-1,4,2,"['40c55f96528d41a86a8e7dd4683c0cad', 'b6e2aa268399a95b07fa5ba29647caf7', 'c30d87ce427b901758f74aa494a6c1ce', '81b742f31e3f557ff46eada17477576f']",0.3821821786672924,0.2572292395258536,0.16774333985126078,0.5051738805408552,0,likely_human
UCPabkMY40HJbqmEsvtnJxAw,-1,1,1,['075e41e9b8792662f9e1877231c828e7'],0.3896353214527699,0.25716549226115787,0.15994720133975135,0.48310131322712313,0,likely_human
UC3eLRxZOkTWE5UFfNhNZY3Q,-1,2,1,"['f057c10fa25f3b4ed6bffd95b05550ba', '4652f2ec965ecf9895ea1994d0c161c0']",0.38993037051035423,0.25700608373549727,0.1489965887009829,0.5008497806743135,0,likely_human
UCKsxKyRD3vasxZFxDOiOqfA,26,1,1,['da4f69fafab80ad121bbc9bb086a2e01'],0.40162962366982025,0.2569950033162582,0.15847430176279798,0.34785758201265626,0,likely_human
UC47jBEzJGN3azqAb-Dp97jQ,-1,1,1,['c07f54a2a72ce15e9a949ffdc79f3b37'],0.3421026899981655,0.25681478226594473,0.1649208130321139,0.6802447945334331,0,likely_human
UCsEqNhJAAHQPWMKwtNCKpUw,-1,5,2,"['2df278232a203336f94f89b6367d9dd1', '0a91dc47de9dd0e807a92d83e0830916', 'c6bd5f59d174fcd2e819bf7ac300d84b', 'cc4656bd6715165b111a450cb6bbe0e5', 'db1e6c72818ac07078b8b6241bc9cad4']",0.3698392592723915,0.2568128533021053,0.16917717676187224,0.5446520484381103,0,likely_human
UCl8Kfb9hcE1-ehia3ebQ-vA,-1,5,2,"['9136ef0341368962ba90b7803497d592', '159fc1725cd10f29a6099a53c2bbbc3f', '8da6f743aa3bb99450e92d7c3a155bd3', 'fcaed3bd86e943478599e3609bcf7839', '10eb4bc14d7375b8e7bedffd17aa7e76']",0.31957652405598413,0.2567805206654316,0.2028909310084216,0.7092640971259295,0,likely_human
UCUCiPLKIXI-d5ZzOII7l6cQ,-1,1,1,['5e5169354bf014e0eb0b57027d87bd47'],0.4154828860389934,0.2566348292527974,0.14571057561826983,0.3971948884290959,0,likely_human
UCMEgIgZwlgjBORKe7fu3a0A,-1,1,1,['c4dae88ed2e687fe6885ce2cd4d721b0'],0.4237813821792562,0.25654567757808716,0.13327632765986874,0.3835620870466607,0,likely_human
UCqX6XRnVnkfLBjb2UazDwWQ,1,1,1,['f56b98ace4750e487e7f09329a69dfc3'],0.37515473241934993,0.2565446989164099,0.14728015733297203,0.47566738923043317,0,likely_human
UCWWIFcSnnhzPvxjOy-IfANg,-1,1,1,['b3a740f7b220c685477fb978dab96863'],0.414746440967793,0.25654001027339346,0.15218337654450725,0.3783730128175359,0,likely_human
UC94TwVpQdMVjgk8KDmIi_Fw,-1,1,1,['07e30e703d42fb021fcf026cc3d6bf24'],0.36638865855085734,0.25653873813904654,0.1504830369517551,0.5922079621105552,0,likely_human
UCSN3IQHAz0Jpiab7hcUpZgw,-1,2,1,"['252a1d106a72e57ab83dcfc7f746ecec', 'ee7251c1be4c61ca5196d30fb2d23b51']",0.3963043070138832,0.2564961072643767,0.1310076111040861,0.5054947997110514,0,likely_human
UC8Qm4I0hLOm-Ykxy0uBNmbQ,-1,1,1,['7eaaab8ab489d3fa82c0dbde2026eb84'],0.36259800464389036,0.25644680570014733,0.15780661417321107,0.5967177814207132,0,likely_human
UCi992NKJ9TaQRWHllK9fKMg,-1,4,1,"['fbb53cbff7ecc41b4b39c760bee51394', '66074f231dabc5238f4a97a300e02b78', '1e0820f640056d3442700568b72e8d49', '81d58ccd11ae8323e913d494ad66606f']",0.34818015729861257,0.25640367394607866,0.15150893593736142,0.685193058943566,0,likely_human
UCOaSL9omAOPF24ZtoZ5hI_Q,-1,1,1,['d71e277a2a3626b3d00b687653a15212'],0.40465691203456,0.2563225271015855,0.1457843442728625,0.44528362450890646,0,likely_human
UCDPwIf3m1QIs7kPr9_hhHjQ,-1,1,1,['450a15e72d44d483a76ab9420fdb908e'],0.3775452949202205,0.2563203293366589,0.16827565694327004,0.5172984225695982,0,likely_human
UCDQ9PCnjB8NWmIDvfoAA4WQ,-1,1,1,['ad503c5291142fe8298627ce3030bc16'],0.4429859671019929,0.25629202565543047,0.12872968597488982,0.30565181844395384,0,likely_human
UCXDFeBOQZUUpYZdtOUm6BPw,7,2,1,"['a796879604791aca6c32431507365be4', 'a2cdfefef80a4cdf06a0d6167c9d4fec']",0.32432049670578367,0.25624177709764956,0.185457290362788,0.5692212541859919,0,likely_human
UCa_4JqDoZCw0NKvkT6a3FLg,-1,4,1,"['9e91b14827eb5a0dd2759c56a9f110d2', '8d515a1e21d3b2311175fa5de50665b4', 'fbeda9b100505fbe5be92d4445c624d4', '1cc9a65cec1c7e9283595966fabd3b71']",0.36122852820820994,0.256193075677866,0.1962689979637959,0.521159271049446,0,likely_human
UCoOJg6dZZvzCEeFUj7ECQCg,-1,12,3,"['3b5fe2fd8cd099334e1c623a107d41c1', 'e22223c28097bdaeabce7ef326b63cc9', 'defb06d576dc218ffb573463c086acfc', '1a4084cfcbb412a8d6ff442a1a18fc89', 'd9ef9090dbc769d96ac66f8289fcb67a', 'f54aebf842b29eaa65d367057403af74', 'f5654a90ce811f441d11cbd7f5ba665d', 'b4c6fa1593c07538bd0245dd920d3834', '1e5c7fdb15d67dbf6d3d501227773078', '555fd57d39771a2b4cecb3e8ffdc5c47', '4d53316d206e1761a1a0928ea90d1941', '68feb06b5287c1ee3a24170d171abf2f']",0.3532567373818642,0.2561645950443582,0.14002572100512942,0.6765519232271053,0,likely_human
UCTzA9UO5S5hGXxoEiIgmlzg,-1,1,1,['deb8521ae7dbe8f4f6a51f2dd700ad17'],0.416622836884476,0.2560480150711018,0.1419778512539084,0.39124855217136106,0,likely_human
UCzh0kMKbV1zDd3vf_9W55MA,32,1,1,['a3f32e7178df56f507fb71e7bc5e6bb4'],0.38723188004183734,0.2559381042316878,0.13664457567624796,0.35393612430352833,0,likely_human
UCHf7sF1IdPXQP5ameiAHSYg,-1,10,2,"['367aad708863fc1f58c0678330475820', '127bd8d59578b5e0ffc97a4ab4bd7a6a', 'f2d3a98143f0a0a3be2d18bc65d1da93', '52bab85b9f0d4a640a9d3628fd3b7b04', '27dc4745b998dc206d60b50f40845090', '9d8d26559a484014f4f867e41081f864', '60bb865fedfbcb054d597706a3151344', 'af3adf71824534f9005ac4e6fb4229c0', '4d53136c084e895fea23b86998212e98', '94e4a490a718b99ab10da054b3a0095a']",0.3708845212286476,0.2558410427314667,0.1576574072206325,0.5602067814526087,0,likely_human
UCk28LDkoPhDjOGzE3S4fSDQ,-1,2,2,"['4953b77a4ff84cb161f0d1a3d39684fb', '0c26569490f67805242c29f057064c67']",0.3122964044796623,0.2558323669849222,0.18273812677767956,0.7639692943431835,0,likely_human
UChbd-BIACdwAboKFwAg5EcQ,-1,1,1,['7665ed9476236f5e8e8c7ca38db82ad5'],0.43524046093328933,0.2557111185661547,0.10295611037466948,0.3866281665554843,0,likely_human
UCga4dF9awtlnrLVLB6aQvTg,-1,1,1,['47b7c3390b7ea04303acb1679d7e35b4'],0.4270557097881895,0.25561768183627687,0.10576597504434981,0.4110856328943255,0,likely_human
UC8PZ0wsgHAIbO4TZbsx_rCw,-1,1,1,['b19f1c12e72cd003066aea50c1841b89'],0.4126195088952366,0.2555775863467207,0.13153556611126108,0.4293940669592096,0,likely_human
UCa5zkVteixdOHx1_zmRyJ_Q,-1,1,1,['2c65a8bc9679077f566ba939a74fcf15'],0.36823679815782806,0.25553789540465754,0.18486692886497857,0.5186615006155166,0,likely_human
UCBZ4K_4bHOGj4Snd3vCKK-w,-1,1,1,['a56fd13373ed9fd54373f60ea4a4524c'],0.38163716493446276,0.2554948707128467,0.16356531471909314,0.4900834749670842,0,likely_human
UC74Nh9NadTBV6LrXWOqsl5g,-1,3,1,"['51349ef4c5a075eaac8c1280f64be246', '4704f17e7347362388993fc6577cc621', 'b89b0f1801d9c1063bed5d50be154653']",0.3590718925446803,0.2553695547562639,0.16461724139832537,0.5926708423289551,0,likely_human
UCwgVw6Cmebcxgvfd__DkDSA,-1,1,1,['bb0c088d93737e877767db3b3a54e12d'],0.40761727158064176,0.2552980048112098,0.16869638840621604,0.3654951661768557,0,likely_human
UC6zozvFp0L9il1OwPWdrQpA,-1,1,1,['64f3f0eb60c2a403894902bd2ca1eb74'],0.39866924537544435,0.2552383470183349,0.15551553451714367,0.4353083920635663,0,likely_human
UCl6rOFGVHJeNBZ0GZhxQFMQ,-1,1,1,['bf9053662d22d03893c967b9734d7e42'],0.414904918525387,0.2552323824977219,0.14939026312874046,0.37162918087035757,0,likely_human
UCARxPu4Ospqsr_smVc-il2w,-1,4,2,"['0e5c9f18143b4acd802b3bcbc7f857a3', '51e224e5ea965880fa596b1cace3af2d', '25c5309eac32ee14cd03540b8ab29af6', '43ad5e69a598e034dee175dd2c231c90']",0.34945612522215597,0.25518332475687416,0.20024759966145345,0.5661990158180956,0,likely_human
UCjiBF3qefkuM5AJsHD5LGmg,-1,2,1,"['cea99e6fc094b38c31c1d3ccc830030b', '65dadce9a44082abad5553f9725ecab6']",0.3559779820665223,0.2551679697214715,0.17919962305704856,0.577408901896332,0,likely_human
UCBkoAVqzelSJ8VRN8uZCyeA,-1,1,1,['a475c1b541b5be0074a256474d9288a7'],0.3695665070976842,0.25505820629966236,0.1998566465977302,0.47417602764409184,0,likely_human
UCs3KRBKPc1CHC9jN8rlMBNQ,-1,1,1,['252b8b592000b4e559e7e79bffe94f02'],0.35715063382659334,0.2550192702583147,0.18159315772993495,0.570055876523868,0,likely_human
UCv49KDVQdGGPsTQh5JkAXpg,-1,1,1,['1d36e5f72a597ab8aa706cc74c468ff6'],0.38158439878489925,0.2550060623240119,0.17974829768508033,0.4525995126878777,0,likely_human
UCYQWcUVh5TZDHP7kF4r6CRw,-1,4,1,"['ca0f515040be5ee0d5099b741096df56', 'd0b1482714fce3a040c48b8cee2a80ad', 'e9d1ca103c034111c31121c309652b73', '1bf3ff0cbe13dec9db3c96451d3f4f28']",0.37758812166665406,0.25496614305196463,0.13735537626076413,0.5620706570388883,0,likely_human
UC22oHzXyXUuI7Dwf4swr5Iw,-1,18,3,"['31443959779ae279974590f560f1ef01', '499d3e73bf7e55c3e19359366c5a3920', '9c3f953d28097be8d62cba7277ae9e0b', 'd2d7c68711a4d2747cfc1439fc267efe', '248fa9191adff3ba92fa0c90ee466621', '55a6e78d7218eb170f2c823d60e83a50', 'd5cf8865816bb38e4bf9c118ac027c1e', 'fdda2fd256351ba544e2838492a6c42d', '40a17bd808fc7a99d89b233746768f6b', 'eb0bfae9920f93429f838ba44153e93a', '9cc4ac4b281aaa71b3a1dc3bb97b62d1', 'b2f2cdbd7dc8960ec5924309dff5181a', '9872b328bbe1b7e0ecbfa278ec0acb20', 'f537a14fe5b4f6a9fb207ee0abd0a3db', '5365af0e98841111cf2daa26575865cc', 'f7ac4b2f24644f07efddf92077eeadc3', 'f2e247886f0f3834206b285088d9bcea', '55146eb0f0bdfef6b9874917e06ed2ad']",0.36555871480480534,0.25495085712556786,0.1401014833319913,0.609218365509504,0,likely_human
UC83ulxW9dL8skopC_ApIjvA,-1,1,1,['637fe0954311c324c653a65d8df91fe2'],0.3494991694933135,0.25460650717374345,0.18849053602658444,0.5757572647361687,0,likely_human
UC_2G-uSo2ZpRHMgXlRzAxIA,-1,11,1,"['3f22331c03e1f625e025667cd880b26d', '2e3550a611b4cbb1415610453f553cfb', '1961249e79a2848a6ce688e9f365af29', '833b2540602c9380f7dfa3b1c95680b7', '461f1b317845b6833e668cab970d8cf0', 'dc0dbcb15cb6bfa7fe78d4158d7f22f4', '13f33ba49c8efcd77ef0dad0bcc4596b', 'babdab8cafaf06356169619010b03563', '7245fd417cd8f51dad731f25540ff6ea', '1d9108edd85485aaf4f69c75a0c75f34', '7c3af923641f6393f99489a98a220ec2']",0.34528158345038656,0.2545334687582348,0.17294635897939875,0.6305465737169325,0,likely_human
UCR1U5Oen0Q7G6fSO_M5-lpA,-1,1,1,['c22d2cb4ac8b906b4f0ad5122c32a3ee'],0.38821590109136467,0.2544144415851458,0.1437217348700626,0.4926148566836101,0,likely_human
UCtHeXipeGMKeW1SJ13GB_eg,-1,2,1,"['adcbdb73923f36596304b153f4e51f8e', '50f2ef08d32d63498fef88ddc9c0f1b9']",0.3792669727029644,0.25428937291257514,0.15940992699380763,0.4991630721757043,0,likely_human
UCvxso9TSmIo7dz50SSJ4LdA,-1,2,1,"['df57fe04d191d55698b9146b628b0007', '70d1fdf4557ed1fa5ed9eac19463916c']",0.3808271825453293,0.25426135401327854,0.17558439355558747,0.459335091830959,0,likely_human
UCzhRHCsNa7cq0CMR8X6LONw,-1,2,1,"['a1eed45e4bc7f1c28109b1ca9cb2e5e7', 'dbf32b5bfec612bea007658dad53a82c']",0.3751360601036502,0.2542034317963106,0.1789118220126565,0.474200741863696,0,likely_human
UCSUkJFPrPtSK8kfs63mtmeQ,-1,2,1,"['d1dfa1bf58a0a76c80a3a029332633fd', '765e25b7ee50db2f3b4e8fe99fd79002']",0.3798398223955759,0.25404112913693216,0.1513532570837675,0.5126404470678539,0,likely_human
UCtNlwj9G_KnVD3ATFqQYvlQ,-1,1,1,['33efb8f7984037d0ca3a04c3e649934c'],0.3395831511928413,0.2539547764847837,0.19302559500903707,0.6065470486159523,0,likely_human
UC1X0QkDDx9PsjJUz9YNvH3Q,-1,2,1,"['449a02ed7fc3dc4f9cb9c89c07176839', 'c321af24081277a85f8fe03a24010ab8']",0.3886540900562969,0.2539288522139638,0.13592881856711897,0.5007676285812034,0,likely_human
UCveEf-Fh-hPSBLpthyTYX6A,-1,1,1,['1ee598b74c16f3fc39b396958158fb62'],0.41107918990300596,0.25390820412666415,0.1326167679074289,0.40839436313142424,0,likely_human
UCa-JZck_6JsCWBcqL1W9cKg,-1,2,2,"['d694c6e5085d73eff83342dfdc7f26c2', 'a9db0867764b887d94a8134ddb4b1a0d']",0.34648095512065186,0.25386665209938275,0.18585115546931977,0.5942921832886985,0,likely_human
UCosYBwyxX3UR7vIVH3Tv6wQ,-1,1,1,['8272134498d16ec27faff5ebcafb7b72'],0.4113732008529846,0.25385166161039135,0.13921691749662454,0.39095715358194044,0,likely_human
UC196-VuinOeDJQIYHZ5zI4A,-1,2,2,"['2ad2c68e7249b28a6f5cb4a573729e4f', 'd818448166c736326be633beb4f35a2e']",0.38117588707230393,0.25369162389748234,0.1612647962202555,0.48354121523580884,0,likely_human
UCD4vHzsHvj2U3L4pnMfDIGA,-1,1,1,['1d011b79836b5399421573a844296b2a'],0.3765720605837872,0.25358546239017304,0.14060240038461938,0.5523911979074031,0,likely_human
UCfYSjnl4tEMKgsLcQ92D1RA,-1,1,1,['d6009708e76008f121b17daa4a3216a8'],0.36882659269411977,0.2534889998025286,0.18008696237718905,0.5029628131529195,0,likely_human
UCJIlcn42VEzt4x3-pN05dbQ,-1,2,1,"['4e785ed642464176e1d69e1e9ae7be27', 'd430efd9b6eb85aae9825daff039683b']",0.3950255273613691,0.25348406432365006,0.1382616093657715,0.4638535924152173,0,likely_human
UCUn38O3kzCbhafs8FfsM7_A,-1,4,3,"['bf789c2b27882354f8f9cc3bad6b796b', '25774572f6c1675d31adeac71942894a', '2101918d60e2583079117ae828330a39', 'ccee2a93210a2a03d7dc19df766b2d5b']",0.3728964998765999,0.2534806832266828,0.1644763951177288,0.51240794185171,0,likely_human
UCJ2jPkP85cM6m7JiAJsHUQg,-1,1,1,['3b95cb68e7a53eb98eea258dcac48b9b'],0.4175672324373787,0.2533640536846977,0.12948233955028074,0.38447940974914896,0,likely_human
UCmrtqy5S9FGzd9_aLRfA2tQ,-1,1,1,['6039d7c36e92b0cc9b89c9744db5b563'],0.3720655239411188,0.2533179118707687,0.20331005247269215,0.42826857413362135,0,likely_human
UCZHqQWI2FZ1R9lmjBhjWnEg,-1,2,2,"['30b9f15e96450bad9caa5bad8f5756cf', '93cacd71a2866ec422a0efdca252198c']",0.33911504295739464,0.2531859360704692,0.19466710883091504,0.5902529609236636,0,likely_human
UChXI3LLvoC7E2-HiZgULFCg,-1,3,3,"['030c8532808aa25ac6e293ac111cfcde', '937e46622603519a64bf61c0e6050f8d', 'ceb34e5c072627cccf8516aee5c342bb']",0.3628812737014595,0.25317635395562504,0.1632607844951651,0.5614164116069,0,likely_human
UCQwVjF7G86h3xPBNO9AsTxA,-1,1,1,['c3eef9a718b9d34c9052cda8aef64f14'],0.3647214167968423,0.2530125392467483,0.18674096668783297,0.49475511539914196,0,likely_human
UCXz3RoC3tPKnbSx6_PTWo2Q,-1,1,1,['3f57bf3dea242670eb7d60d06646bd3e'],0.3610898483946525,0.25280270847980535,0.16988545009392222,0.5416080255896587,0,likely_human
UCKED68JWmO_n20tke_BRJQA,-1,2,1,"['3be39fc3e8ccdb215e462b46781dd316', '7b8eb873c41b1cbe3a66ccbe1543de13']",0.3861912524552863,0.2527486374651138,0.15303624849457662,0.46574313577930665,0,likely_human
UCj5Nk9ObiucUNDhHDskeKtA,-1,1,1,['63ce8ee5abcdedd4e10517a2ec498f33'],0.39232034332734733,0.2527226492209207,0.1744531540687776,0.40435787279334007,0,likely_human
UCbsEhKJs5XToI4ayy_E2tjg,-1,1,1,['ccd56e96de6c5225b1993000d1fc7c6e'],0.40187232732629213,0.2526255374488232,0.1512874020610638,0.39736966732555773,0,likely_human
UCXlDy3wW23QkjeuicO_b2RA,-1,1,1,['0eb9b20aceb594d29faa9a127ef72623'],0.39991877644169316,0.25244780507361214,0.14456346475437096,0.420140804990653,0,likely_human
UCZDpzkFMUb_lZqCaq2oBYWA,-1,1,1,['1550adb778e870eea028c87d2328cb41'],0.43356954956964533,0.25241205418713736,0.11925442371312282,0.32378589738521735,0,likely_human
UCfR8jz1cXHso8wyO3DSzibw,-1,1,1,['de2441bfdb2a806ac80daf0d57bab448'],0.39657280450078547,0.2520399493882046,0.15373336652870617,0.4134697726675048,0,likely_human
UCVMsE_qPVNgCYS5pMolRaiQ,-1,1,1,['08a692c679153ef93bae3b35de1fc416'],0.36105162708718974,0.25201088474476674,0.18836653067481554,0.4945237508600825,0,likely_human
UCTe82Zelr3x3lR55GoqambQ,-1,1,1,['9f2ae6aedc3632a4a95992811a3ceffd'],0.3641286676672971,0.2519538311546513,0.1694555297470205,0.5218770596061423,0,likely_human
UCqUl1LdEOrlSh7SjFGIi62g,-1,1,1,['80e2c5bacd40fad7e6d201c212407811'],0.394039292038565,0.25186942721791333,0.1715770373654533,0.38615195110248574,0,likely_human
UCsJBfJwoSi_8vJrEmTijwgw,-1,2,1,"['dc61cc6abc5157c509521e0c392e8588', '1778c14b28a450969959c506d8b62fb1']",0.38256806506949453,0.25184926095240673,0.15385675872077664,0.4709481492850106,0,likely_human
UCN8sWSdP37g87agcTsUh0fA,-1,1,1,['168862b1c213ddd4b170f7b410f5d128'],0.38420902403236273,0.25180691302164615,0.18703132935335579,0.4032015257413123,0,likely_human
UCdzDjTbr8EBGrqV2a04O0gg,-1,2,1,"['b27cd565507536e198c2fe2a82bc93d0', '217de4ae9682d75e59049bb2bc61703e']",0.41292857966213603,0.25176073647469266,0.1350199879337252,0.3808593296897875,0,likely_human
UCsT0_8NiceFTCDU-g1Tqe5A,-1,1,1,['61b22e58c1919aabfbdfd438fa9f4468'],0.39985177905337843,0.25172388070674523,0.16316798932046012,0.3813353303109687,0,likely_human
UCODc_hPhCsPKyyBl5z0E_xA,-1,1,1,['d6ff97a0c98569f7e26fdcc1de3da2ad'],0.361457116201354,0.2517202120538101,0.17842266951683367,0.5109588164320882,0,likely_human
UCikmoZcYKSEvEG6M1XhGWJA,-1,1,1,['f30fa8b3d5ffac9ee694d9ff40059050'],0.3957844499837887,0.25155676488653844,0.16320980556624742,0.4000035513596496,0,likely_human
UCTdXcO-HTQopWNDC-qt2nZQ,-1,1,1,['d58e206a9214bd8f6598d9478b522c49'],0.3593304224093546,0.25155637029129013,0.1684990650098815,0.5534160573450706,0,likely_human
UCkL74xPMUeJb1dWsG9c4U1A,-1,1,1,['2ecafe3c43b82f02ed13773e88773b66'],0.3419857270848081,0.25142747645745334,0.20058739279185506,0.56272263480355,0,likely_human
UCZUCwlUdNs5ORN4Lv48X3Ng,-1,1,1,['927e9aef06cba76bc13e5bbd27b04d9e'],0.34793851554804484,0.25130675789924606,0.14938296237293844,0.6397148349771553,0,likely_human
UC_P1tQ48flGqRts9jwyliUw,-1,1,1,['54f0e9f4a04f79d977e68404e94aeb88'],0.40014136395338307,0.25130100084698914,0.14011226058651607,0.414610230349056,0,likely_human
UCqmFbBEfXVnIohiZVkRM02g,-1,1,1,['bd973f48c4656586dd3f59c24e547714'],0.38570307004007465,0.2512899062727895,0.19118665585144629,0.37961765402783315,0,likely_human
UCkS42KUWIzoMtCguquq-ylQ,-1,1,1,['3f80245e0ce9be4f40e94ff4e889ffcd'],0.36058879961587564,0.2512319438273244,0.17793740123864857,0.510307798552356,0,likely_human
UCqRr29xfpBr6L2v5HaA_iaw,-1,1,1,['0a295147cd0feeaa62fb800e4cade9e1'],0.3919600811979826,0.25119356643667673,0.16540451369443396,0.39940686828165295,0,likely_human
UC4Xvl4RZLT7y5ttTvOEvHsg,-1,1,1,['3578fc9405ecfc4f21ebeb5a38bdf561'],0.3993322542380662,0.25114131645415005,0.1123249749320806,0.47528258455005057,0,likely_human
UCFeTNd0o19tfSey55bjF-Aw,-1,1,1,['839bba6322c21458e708b424d598dcc1'],0.363117409305384,0.25109866343796006,0.17542872144060134,0.5045338900504442,0,likely_human
UCVT0wOqfw7twfdR3MR0fWuQ,-1,1,1,['bde7dfce5a57ac4391a605ab71f4196a'],0.4357051025559329,0.2510180996095942,0.09222298770138336,0.36073941095544354,0,likely_human
UCXyGRUIl9_nSIb_cNC3S3Vw,-1,1,1,['96ce1b1fdb763b60f062d73996bec0f7'],0.3448442723290686,0.2509931315581584,0.2022491979782038,0.5371315232052526,0,likely_human
UCnC-g3tdzqB7ee2w6m8IQ0Q,-1,1,1,['4004b538e71bdc01b14a5484c7a71fb5'],0.3577692479882918,0.25088293425300723,0.21404448940750007,0.4572048605209447,0,likely_human
UCL4qnP4C2Kppw0jdYRCGpeA,-1,1,1,['c531e8a15140096869d22ab780d7ffa4'],0.3952196492617447,0.25079263530552637,0.14541103316468112,0.4209944505346209,0,likely_human
UCyJU9xxUKtw2jesxG-ItYrA,-1,1,1,['fe9b278cd4872d1f246b9fa04c486fe6'],0.35572835504777933,0.2507471213914836,0.19742707490406444,0.500887093979368,0,likely_human
UCafD1hMkTGaM0ht3Oyb74Cg,-1,1,1,['661402c477005680a4b910b6dfbf5264'],0.34373611234036744,0.25073844952633606,0.1735859465160795,0.5865001332731443,0,likely_human
UCjpW_Tpb68lD71j7XCiDmog,-1,1,1,['f7ded3ba0225e203692b10b5d5f59c94'],0.3850793084536419,0.25072981567749714,0.16527672619010264,0.4323649796465074,0,likely_human
UCZFhmduJg0xnWAKZTxLsEFQ,-1,2,1,"['1f88e5abdb4f7afe6dc0bfc055d2a104', 'e1f0c82c836b6fe3b697cefce2fbde1e']",0.34301950264956294,0.25069109994456307,0.1747782148737844,0.5972906416231366,0,likely_human
UCqH3dRI2uToFgNiA5uJ9aVA,-1,2,1,"['4ed3b7a3ddab0d949ec977e271cca210', '680f10cfc78e8305bd63e034e03954ed']",0.3881291519561612,0.2506298039992264,0.15816940104291569,0.4251489044180554,0,likely_human
UC5whgfTi1uxBF4wuRv7fTrg,-1,1,1,['588f4b7cd95b418246d59de0f7902bb6'],0.40976377226372346,0.25056273800487994,0.14274336336158192,0.3708352804475069,0,likely_human
UCnVGyve_0UXjAStVZV5Gk1w,-1,1,1,['f0d92206af74d63de4ca097bc7611d24'],0.38028385247197627,0.2505506248790188,0.1473072375484231,0.4899254067644845,0,likely_human
UCNG8-RIuzTlpxe2C1cfWDxQ,-1,1,1,['631041edba572505d9100429881f69dd'],0.3876411858781274,0.2504781899447503,0.16541884018235808,0.409634906895191,0,likely_human
UCnr_4bUnFR3mpU2vYs4uQzQ,-1,2,1,"['74dfc1d55a234322fb5b8cdd123e9e9d', 'af0ffad934b6bec4f5a56648544868fd']",0.4376486805913685,0.2504502951803716,0.0968294874966132,0.32911405180610065,0,likely_human
UCYw9_NgDgB6d7npatsKvElw,-1,1,1,['4e52bd3ef77d21af3d03f756ecdb6986'],0.3846342517569525,0.2504072595336751,0.16705551475437905,0.41652080712918227,0,likely_human
UCDgg8DNks_v4IAdwr4C0Qfg,-1,1,1,['935ed28245eb7c19cadf914eaa46afe5'],0.3457304711216484,0.25034312209876786,0.19145721783160138,0.5432959657472507,0,likely_human
UCo7YWSYoK2ayExqXOshYP2w,-1,5,1,"['071ff881b53f4ea8c54e6c7c4e1f4e84', '957807542ab957dd386d8e9cd71f0963', '408f58ccf08561ab8e345574023ca796', '57a967bcc9d64a9a565e5179fc382704', '0e6fe60c9437df5489798978b2cc3227']",0.362140806206312,0.25032833331859783,0.15655454823967907,0.5483576711069995,0,likely_human
UCQYefsgRII8ViLooLGVdkHQ,-1,1,1,['16552101db990ab5464194c6ab811716'],0.41251534371655363,0.25030893883402383,0.1361018172593074,0.3653055193519154,0,likely_human
UCcj7ZmXEhWKR_3Cm_VntTbQ,-1,1,1,['f77f12ee18be602a777fbd4e287894b7'],0.38229849496747226,0.2502650878420417,0.1781900247348252,0.4059682163165161,0,likely_human
UCwMaQ8wOZK9YW-l_2c_f9ng,-1,1,1,['078728e61f1562dcb6bf857e97491922'],0.3981929583680489,0.25026366052110566,0.12514436091237416,0.44757941706178883,0,likely_human
UC8rF1hiZtJUfQDH3gTbBaBw,-1,1,1,['621d5e0127d388f4a8388eafe1b57380'],0.37543078530216767,0.25015197498365305,0.1677275086312428,0.45652588112848225,0,likely_human
UCqHrqTAUXJZ_RAEiqCFvq7Q,-1,3,2,"['05c7008b31f3ecd192efaa80d5852a0c', 'a49f311f2c74498a3922594f61f89274', 'f80033bab8ce1ab2c64a0b6312881e99']",0.37526953146525077,0.2501192187257356,0.16647392993559007,0.4611783261976137,0,likely_human
UCzYItLPlTznh5rKJuWmvLLQ,-1,14,2,"['c199144d77f65bd2ab73ca70dd6dc734', '4017c144898c13219149a734fbf015ec', '8f69bf9283d17817ac7c521d954c62be', '20153683168104bb0332045651e21bff', '868d064a05da186c555194782004f2c5', 'f71b86476fe9054f3b1aa228e55c0083', 'b336a09f8a96be8760c3c00de3bd6619', '05928f6744775e8c7b19f0e4a401564b', '30ab812eb955154b43d35608dfda3c84', '1d92e8fee16e24423977f1406a96bdd2', 'a5ced99e942cf4f52fc3749858c409e7', 'c40f518b186d36c2296c47a1f454076b', '20101453fda2518aee8bd32763b0bc94', '6678cc53642c0eee724b4c2eac1d3219']",0.35702684221183834,0.2500288470959607,0.15001559181819626,0.5786114250009744,0,likely_human
UCjKGeuz3OfFeT61Fz5eAmBw,-1,2,1,"['405882053935438a8e498e17ca5d3034', 'e116a80ee7503db304878f759911793c']",0.34205220609547365,0.25002572516783617,0.18287382437562558,0.5860900320270448,0,likely_human
UC6QVPnU-2viDN5cf03PYOww,-1,1,1,['143506d3da7a47a47772b6407dfa6112'],0.37001122961949295,0.24994078402537057,0.18107597436185827,0.4639921026022211,0,likely_human
UCaxvfAHpymJ-OYKv4p0W7UA,-1,1,1,['1d2ac98779113395e310bb6b0e42fd38'],0.41006766900927155,0.2498845726623395,0.13459638016481912,0.3751785701311042,0,likely_human
UCT3IhkDG9rou9d8e-vsPudQ,-1,1,1,['c7d10126a5ede276487a9e3c2b1980f6'],0.3984858600431712,0.24988409807419484,0.15188724896744007,0.3944026204770019,0,likely_human
UC8QgHdr0fg7BLRnvRsBnz8A,-1,3,1,"['19f551b40630476961ca113b65a9379e', 'e29dc7af6bab97ab88a21ca3dbb8f36a', '7a373ff4fd56c2b1092ffc51255e1353']",0.33956536988559755,0.24980269412476194,0.19881494052929918,0.5566151512411126,0,likely_human
UC7r_jS3XLZu-QFgIUGYwiiw,-1,1,1,['a1cb7bbfec4806c757c5ce5030c1ae5c'],0.3684248474547281,0.2497072113153368,0.16975867287018515,0.480655592993147,0,likely_human
UC49fXjWRwmyBrp1wlFtQ9WQ,-1,1,1,['22e4d6c256b563224c918523d5177aa8'],0.3281535454477469,0.24961604463783776,0.2128573355995641,0.5796725357790506,0,likely_human
UC9vgr9A_cgFplP22d4beUSg,-1,1,1,['f30561159dbc400aeefb4bfd4964367a'],0.36768549020430913,0.2495914484415349,0.17637252103154907,0.46888611320875795,0,likely_human
UCVoDmuYpbFluQsBJxEXcZ5g,-1,2,1,"['90531f6781b008c006e68bb52e80407e', '7dbc8f2eccb81cbb78d973d76a7eba66']",0.32965268548578713,0.24958650549304254,0.17336879824463947,0.6451684600724088,0,likely_human
UCROh_jMW6Pu3x_o0KegRV7g,-1,3,2,"['cd12767a79829e579c33277209a76760', '4a82fde6168c8a5288d6ed6d21bf2f14', '861d21f07c15fc62fad8123ae30a21ab']",0.3703609513186151,0.24937007851082232,0.15806478808536525,0.4915739261375425,0,likely_human
UCJLLQeLaoiihayOm-2MegWA,-1,1,1,['e577bee0edb90c70c51fc859f6931726'],0.35947029233087857,0.24934587798015512,0.16800528708986467,0.5234766773953131,0,likely_human
UCDF3NfB75qWm3xFfpGpBwNA,-1,1,1,['178789eb517c0a64c9058e8e85a83cfe'],0.3396516537026368,0.2492777194868685,0.2192456059825605,0.5153061633648988,0,likely_human
UCiDBCPLFyrp1GmonaQ9ml4Q,-1,1,1,['7ebdcc414dedca37da02d5e2b7b182dc'],0.395637591165066,0.2492674105380368,0.1298110163432273,0.4438237691980457,0,likely_human
UCGeNLDlLSaoWnMdB4i219Bg,-1,1,1,['99db139bf17c4a43c023ebde4239fbf3'],0.362879028168831,0.24919648476144204,0.16631734515106467,0.5122862562714972,0,likely_human
UCUupLaUSLLLaePHXrK3YJVQ,-1,1,1,['018f034f3673655189f59b47b59d062a'],0.40317740037562966,0.24915621688445203,0.14642634302333896,0.37435255258471717,0,likely_human
UCZXjh5WDArEjLJu-BWevU0A,-1,1,1,['b10dfce12cbb9e1ce08c8c4ab68fe2fa'],0.3778209300031072,0.24911116612167186,0.13204455283063718,0.5154308088488456,0,likely_human
UCkdOQZiGEDZfGIghvYlxkZg,-1,1,1,['26179f653035fecdcc528a9093721119'],0.32887742984968293,0.249055658383513,0.2189526949996877,0.550712878945184,0,likely_human
UCntX6_cV3labt8C16u55EfA,-1,1,1,['94eb209802f3a1f9c6c3b0ec99a3109e'],0.4230196044355032,0.2489196970504875,0.13236558580309768,0.3088914951260769,0,likely_human
UC4pMoevLXhjJMmoILUIiXig,-1,1,1,['5c78a3c7e3ae29a7cb79cc9bfd934f2d'],0.34369553080020615,0.24891308427152362,0.20494740520711255,0.5139357180470496,0,likely_human
UCm_0MDty0yjXSGetUPW7dpA,-1,1,1,['cf81dcd5decc3f7b7a51b4e190344256'],0.39855301172688246,0.24886816729128272,0.11662273656818399,0.4501914406668326,0,likely_human
UCc5aT2g2MgdtadM5yUc_TSQ,-1,1,1,['f3c7394b33869c5f7d177578a9793a02'],0.3684563068060726,0.24857023958945268,0.18115383614659106,0.4445317988526285,0,likely_human
UCCh9KwuCnqQ5P66fJTEZJGQ,-1,2,1,"['2da3ab2115cc2916a5e89c2bf001f782', 'ef39e0d11aa4143db8867c29528b936d']",0.34606358726676445,0.24847691232281785,0.2024601046099792,0.5096291700355381,0,likely_human
UCgaWdKNuGq0LDOrmdvsJEYA,-1,1,1,['718eed63477edf5ba9c18c70526c6801'],0.37554610524816046,0.24837538895113323,0.1767870111944505,0.431998144968106,0,likely_human
UCNwMakn3g3k52j-gqDwKW5A,-1,5,5,"['59b78b469173922b7ecd1ee84b153107', 'f9a68f7aefc3ea90f5c93f9a7d19461c', '8b39e437afe633777752035121de5f6a', '22c6882fde8b8bb90af7d85649651fa8', 'af844d24f24cde1f5f99e0e200450ff2']",0.3229068326940169,0.2483709528594939,0.18620646812892447,0.6364338254882485,0,likely_human
UCiz1wYn85HED1IKYSWGNaSA,-1,1,1,['f4875a06f9495b81e0ae4956523d55e2'],0.3515156460786947,0.24834723427424846,0.18731040824669815,0.5070451732611947,0,likely_human
UCLKL6ERrlDgN8rBN4jyX9jw,-1,3,1,"['b656d2aad416f52daef4b55068d3d59b', 'da1b69ec1a17dd9cd2ddad31fa209109', 'c3dde983bc496feaf4dc25058f302129']",0.3612898429271241,0.24830770589325546,0.17165178592732325,0.5024784661935422,0,likely_human
UC03dQ9WbXb1ttHoxcBHeNug,-1,1,1,['fca1d3c77118096d7680c3ca28a207d8'],0.38324564206052003,0.24817288647635427,0.1399220355617649,0.4701809428283652,0,likely_human
UC9-l8gjM_kWhJhWKjOyEAlQ,-1,1,1,['30083138523906aa6124dd554266f6d4'],0.3893986805413005,0.24815750144938153,0.11884015699664342,0.4763469205974974,0,likely_human
UC_Dy10vrsDibz_9ewbHPDdg,-1,3,1,"['b281b3dfb8b61299004f9b7f1ccc77cf', 'b4ccc451dec287816f3d353e5bc0f604', 'bbe16559e6f4711c30998dc634099323']",0.374770857211238,0.24814205378847132,0.15322208659985967,0.47051067120945433,0,likely_human
UCiu5i_eARJZeyKBLie8BXxw,-1,7,3,"['77a08d2fbfa6ce20a84c3cf54c338037', '8c5fa37b5e1c4f81d2a51e3f40b0bbe3', '3b15bfea0d78c10f1533e5804866e2ad', 'f718d6e98b0942e089305d05f0838d82', '07bc94aadd598a9259afd97617383a8c', '3fe9871cbe69c0b26d7c9294a105ec37', '86873620d69482b8b43820c7186d3084']",0.3533398135471905,0.24803845134993138,0.1697864313098052,0.5296701525210294,0,likely_human
UCPvj9PV-kyDW0ulJP0z2gXA,-1,1,1,['a922d0ef459246df28862a2c05f649a6'],0.39744756033897805,0.2479041315758305,0.16208708409444592,0.3496966147528382,0,likely_human
UCK2CiYKbIiBlu_IQg0BbxhQ,-1,2,1,"['8f4d83029c19df76ca767f4959340a0e', '668e4be97a334323bbf2c900637a7ff0']",0.4111028055264394,0.24784049207222544,0.12914612713116916,0.3581444883290811,0,likely_human
UCB1gwMW-StFX-Vm4hegMCAA,-1,1,1,['d543b02a179553c131f57433f03cf35a'],0.3572505946746868,0.24769880073651188,0.1573376796777262,0.5317351544852886,0,likely_human
UCi2VPaouuShFXS3b2c6FQag,-1,1,1,['86abbdc6f5af89ffcf691250f4f25b5b'],0.43614968646931723,0.24768962454640414,0.11605464752956572,0.27410865135644397,0,likely_human
UCua9p0tKoQWRXPr7WSQrZ4Q,-1,1,1,['56f7dfd60ff5030d3981e3874a8169e2'],0.40720456396710186,0.2476428378434461,0.13588507141103734,0.3640637472168356,0,likely_human
UCwKEA2u2esSxf5LM1IzZT9Q,-1,1,1,['0868ba727baf9f06dd7b5dcecae4a8a8'],0.40322669051753457,0.24763785315272102,0.14150109650213394,0.3603882537659668,0,likely_human
UCkSpDGhf0Dr-ndys4MtiUFQ,-1,1,1,['6dd3653119ee98fa33125cc1cec16788'],0.4131472475779172,0.24759495246452318,0.12564764974040163,0.3546176012345554,0,likely_human
UC7NNyRKDl_CMzg5eZA2gHBA,-1,1,1,['b2abd72699f9a8d04382820b9e0ab84c'],0.34211373521716615,0.2474220260169752,0.20199285003620318,0.5066348150294493,0,likely_human
UCpYE4nZTomMsBMojSEur0iw,-1,1,1,['3495bf695aa74ab13f8ba6199f9e8556'],0.4010747679825233,0.24738408799523334,0.13931062008960113,0.38568888156251474,0,likely_human
UCB3iGXPVOt1MsThlpi7aIaQ,-1,1,1,['b13abd584aa47bd85956f5cbdb97b105'],0.39215891445969653,0.2473296954549286,0.16696757723224176,0.3636497571953372,0,likely_human
UCHgp8gG_UIfF-qHiqb5QteQ,-1,6,1,"['028fba02ba30f65c65ce8a6e807601fc', '4f0646665dd9961de6e498339e0aa682', 'aba7636652f2684fe9176f241530dbe3', '3c551830b95b1034d41a50cb2dd22fab', '6999a04fb43c59b58aaebf8f0902463d', '8e57c6374e79b94ba2b2361d28ad62ad']",0.3042634108395257,0.24732542958009957,0.16728006715073696,0.7528610610380075,0,likely_human
UC-qucpe3z811PUytR3CDBxw,-1,1,1,['a6a8f8de53f00f9f34e2637d40538ccf'],0.4127031464236831,0.24725343110465775,0.11334770351792521,0.38362182617707835,0,likely_human
UC_q6V8VoT2InlkIB04Gx5mw,-1,1,1,['81abf40660d7c44db9b79b740670bee5'],0.36968720036159564,0.247212075589697,0.17403320806513892,0.44757941706178883,0,likely_human
UCow8Zs_BYNTWSJHnvAQQLxw,-1,1,1,['672bc4f2fd5e2c4f1ea1235a841a1c81'],0.33914265904254637,0.24717272085021325,0.19697853199058354,0.5324656189417535,0,likely_human
UCdwtsC7Cwzo9v6j90KcXP3A,-1,2,1,"['77b7d4464201313fc488b244a9591507', '33b003f90203af4a6aa4a292fd326746']",0.32312060780500473,0.2470736475534545,0.19861017392833635,0.5983936016192893,0,likely_human
UChCNfh4WIQHXEdMc38oWLkg,-1,1,1,['37e69e431526bb8dcdd15cdcab9fb824'],0.37571926953254237,0.24691171453724686,0.1757888338835854,0.41682675812230013,0,likely_human
UCHbhHTv0Gh7PFLrwJtJ9M2A,-1,1,1,['271d31f5da0f1605881f430e8a346b46'],0.3695928785949727,0.24689681583089534,0.1858433019107608,0.41599861234493213,0,likely_human
UCoS_VqTTuJM_0T36X_Q6KWw,-1,1,1,['cd8d4c2ad0f026563cad6669639ec579'],0.31559464124932235,0.246721761934457,0.17566711551574113,0.6771609044653255,0,likely_human
UCAEzDmzNtaEYdFIX83Pee1g,-1,5,3,"['269a17eb19df9e7ef2d4b68e9e4ef342', '3ebdc6bac157cad19e4a8aa28ed26de9', '771ec5dc5ca86d44d93114f84313e843', 'ba4abc4d8c00904bbef24215881b086e', '068a192583ecbd267602c74964fda791']",0.3510463894987357,0.24672098742770632,0.15889503325301188,0.5517944051876185,0,likely_human
UCIKUrSCfTVsSxiFR9HdEdPA,-1,2,1,"['726f67915b045178fe461aa2056b20fe', 'd225392a31ddc104ff9736e08c4d1f11']",0.38652556852668407,0.2466292061050674,0.07218077733698881,0.5742079927431876,0,likely_human
UC2hZe__NLW92DEsiP_E8CcQ,-1,1,1,['9d220d685afdd0e0382e865682969c1a'],0.3789515202580563,0.24654225740343627,0.17171732512596197,0.4002930388570819,0,likely_human
UCXSkp7ZjxXTBcgDD_t5JrzQ,-1,4,2,"['5a9523aef88f244b7c19ae3be70909bd', '2f6a2799739e2c73e5286dcaced350ea', '392827e7df8b02fe1a6ec574b3fa9f22', '3b46e0edd9999a7eb5910679192a70cf']",0.337983252048608,0.2463834774551124,0.18035727106218918,0.5650529211083685,0,likely_human
UC2nJBkaNyIJVeOtyYgrt8hA,-1,1,1,['6dad98c52193012f883b74acecf164cd'],0.4214726980893731,0.2463370253628292,0.11612347994454038,0.3254722766830912,0,likely_human
UCakIy8OiOMtuC01WkxA36aQ,-1,3,1,"['350f2b62c28ba2a641e64f96c66b81cc', 'dc70e0b890ed2e32874e94eea79aeeb9', 'e3dc1df594828a820f8250fa53b92242']",0.33344141227151275,0.24633388613742963,0.19183758600192644,0.5619334951215735,0,likely_human
UCSWjmN6UVpUpB_Ac3HStZKA,-1,2,1,"['aee706b60f72f70f61acc94f56f7e007', 'eaf1aafbdeb9830f14f8ceda096dceef']",0.3765957771181029,0.2461242131075705,0.15824913352827358,0.43208056200284983,0,likely_human
UCGTexKl4jjsUzVZHUhRWuDg,-1,2,1,"['e7a5bfcb5ddb4591e0fb3574bda2d361', 'b8ad2f5326ebafbd3f7362265146e4aa']",0.3708502794390798,0.24608553346195458,0.11952610861541918,0.5433843539087249,0,likely_human
UC1QjBbiFdoaP_ShTrMoo7Sw,-1,1,1,['4a4592425a090a2eb1a2b742bac0303b'],0.40032449746158727,0.24603429247877312,0.1257047425370998,0.39920603745840993,0,likely_human
UC02n1jyDklU-uyoZ1MhwuIA,-1,1,1,['50d538fb48a7a6b24d8575293f3c6f6c'],0.3514595802834757,0.2459918253576689,0.20288073965954817,0.44869465607532777,0,likely_human
UCn6eZbZXgeC8lbGpeacwfew,-1,3,1,"['347b87709c84b0c0580cf2cc7d775203', '3da97d0c3cad7415216954a7e29727b3', '2dca4bb78d005295023c905e5d8eea56']",0.38402368740778514,0.24592987129438146,0.14318375842971395,0.42563137948243407,0,likely_human
UCfNk4bGPAvhc6BGQ6ZTBQsw,-1,1,1,['226f4b749ffb50e2fec61dfe938f9a11'],0.3455743750570587,0.2458851921692052,0.17051469252018628,0.5394407743386329,0,likely_human
UC8NQfWDYRBPBGxeZ4-fWQfQ,-1,3,2,"['99651023d4fcb3d8b2564495d6fe45ed', 'ec34ed3de753c0d071652291c39c12c2', 'f189ce6b805c05b8b92d5bde753dbc4f']",0.3561375373622521,0.24574079474876293,0.16793681815976982,0.5008355347246274,0,likely_human
UCnRaeTDfZ741eLL07jPIl8w,-1,1,1,['e3321453440b528aeed0ccd0ba39d81a'],0.36141471555256144,0.24570185218186055,0.19354764269133162,0.4349808192049248,0,likely_human
UCAb_-6zqnGl2aK4jh7Dag-A,-1,1,1,['f42709afe1debba9893a0759dabf98cf'],0.32687422543332145,0.24568156664880753,0.21704133591388275,0.5445466993558664,0,likely_human
UCqa64kJiJw-uOxwnFtDw_5w,-1,2,1,"['1155d2e010e20c78df5ee025822584d6', 'f146ba66b3846469fdd1ec0ade402d4c']",0.32434154331853304,0.24565854640136472,0.17522217350302252,0.6246806108839569,0,likely_human
UC-lZMtkNtxQlKHFm4Q9maVw,-1,5,4,"['b5661c1bb3d766885a0d8e00dbdee134', '07e271698505fade5c5b09748636bf15', '135bfb7460cb4a669987da8d6584220c', '93090a9b8f630b8053c80f2f03a0fd9f', 'bb4b0c9399c0d4fbe5354c476f9a8fdd']",0.3254957400850077,0.24553782291100856,0.1765533389035927,0.6165607964315868,0,likely_human
UCQbwH3YWoIW4YnuS95_d_yQ,-1,1,1,['2324a588560c40006adcb4390906f21b'],0.3595671953474715,0.24545226035106843,0.18482428538769344,0.44623555509584145,0,likely_human
UC8x5GvRORUhWiWM-b-_kRgg,-1,2,1,"['67d19639b19a9c3bf14e72ab9236e6c5', '524daedfe7172a0cb5af316e4f606be3']",0.361336643366782,0.24542615748324348,0.15690295148376146,0.5022366379394247,0,likely_human
UC1d3q5WROfkp-Y5fUBvSW9g,-1,1,1,['6ca14d851d5a16b501697bf2d41756c0'],0.3588427598724452,0.2451710960624381,0.16603306812188046,0.4840428118722431,0,likely_human
UCi1lrsWa7hmbpbcV42YFaAg,-1,1,1,['4fbb368457dbcb58057c64d25a8a8e19'],0.38441593884354486,0.24512704803232596,0.152377760168472,0.39797579814682404,0,likely_human
UCaMOjkAgOPCKwzqxdZY1UHA,-1,1,1,['4e9a91e96c69ad7ab2c022cb34ba285e'],0.3484755602169765,0.245090045541295,0.1914795488438156,0.4778601257907387,0,likely_human
UC7G2R1so6s6Mq09ukpjNjlA,-1,1,1,['c120d6b26d73467585696a362486db92'],0.37078078022215133,0.2450600235717788,0.1532863524773377,0.462526050471016,0,likely_human
UC8zmHK0-F1VwE_F8Hb-UaEw,-1,1,1,['a0d3491d0383a573f26355eae6af408f'],0.3829285555496891,0.2449396741986012,0.1509282049831839,0.4050711021465947,0,likely_human
UCYVnD21dQl067ssHki_LOxw,-1,2,2,"['56bb461f4eecb5bc86a7dd2b4a8abb9a', '6e6f3d73a55fbe3a5544a470268a9554']",0.360619895105032,0.24493902379527704,0.1841865144472399,0.43633755831176363,0,likely_human
UChqa--_-ceoWjbbsw8LjBGw,-1,1,1,['9b421e3a0e6113ac570f2241f6d076d7'],0.3845240539394711,0.24463129774293677,0.15589159125890714,0.3975233592802527,0,likely_human
UCiXDnjn4bGGc26Wbwi-9teA,-1,1,1,['6e2c0cd08c1ce42a8657b09077901083'],0.3666552523888119,0.24462466836073427,0.17045469432746824,0.4360256735345157,0,likely_human
UCO31XKveNp-QvMTSkRJLlAg,-1,1,1,['179e15c029a9d6eb493e3cc798f84b46'],0.36146454841416975,0.2446003959523229,0.17915036770987394,0.44497882565776403,0,likely_human
UCbFiCveMLv_jY2qr9Fj1R-w,-1,4,1,"['fe7e28a7eadb28e5cda26d4401cf9619', '070fb6094ec88e38f91705be031df32f', '0bea907afd5b7e821dae4fe5d68f69aa', 'f0f5e8692bc388b91d50cb34cf6f3e1b']",0.3496528120166016,0.24448440522727222,0.16201426813595637,0.5323104696836863,0,likely_human
UCuqHnx5ROKCe8FXxr5Ui4UA,-1,1,1,['d3331779a8e46588a0f58ad640d14046'],0.37931029298518304,0.24443889004012037,0.14567654164622781,0.42983794784523033,0,likely_human
UCQqWwcBG_8yg74jgy8_pY6w,-1,1,1,['429a4e6500dc913c14faf25bc6afbdb9'],0.34933824254708623,0.2444341719535026,0.1678397832959078,0.5147621482593568,0,likely_human
UC3cPxn3nb7hszc3xfg8Anhg,-1,1,1,['9db3654603dd21b3105895e76968f43f'],0.37042611925728053,0.24439001661806664,0.17567019047712754,0.4107275499064591,0,likely_human
UC9SHXhJHHIvOqhIrUZHxS6w,-1,2,1,"['7f56c78da6aec95488b968dea1e3cbdf', '2ddc9ea7fad9a33052c4c0f08b639261']",0.32591398239726665,0.24422713959041936,0.20642806817770762,0.5451484891968872,0,likely_human
UC4KZZdE6UWiAZFwXSwliaVw,-1,1,1,['253d479677524d150e863a0977c39005'],0.37533943241988577,0.24421343146500218,0.1613012399512589,0.41189670237625,0,likely_human
UC5aq2Qlh3nqyEBogW2k8Mbw,-1,2,1,"['e4594efd3c8dbd52b8509408dde80929', '7839b4ef04ef712ce6c63f494d85f474']",0.36201347703591336,0.24415380071745835,0.1690812847412022,0.4620157015870676,0,likely_human
UCYvl-7QANxObz-YBcCKqHGQ,-1,1,1,['7d8728cb9ec4bfcdf35f4722fce3a6ec'],0.37738973318496727,0.24412772519449977,0.16451706940554844,0.3973263583759978,0,likely_human
UCnSKrl0EpkITwuQQvmqkA0g,-1,8,1,"['18c46280c6eaf5bfbcf834542c5c6617', '56797fcffc032f3bf837150bd2794c04', 'bd2baf32e78f1a1e5a2c20271ee73c80', '9e04c1ac5f40b885a8b3efc9d5f9622a', '0925998944c23ec3c7d23ac594c5b665', 'b660b81485f05efc3b659eb01d5fed00', '3534b61b0640f9f083566e8b46176a43', '0bc430b3d0fa1f1da1b0d3ef8527412d']",0.3435293842399385,0.24397642524533425,0.16879194217681304,0.540927217603174,0,likely_human
UCd29SAn_stbnJbjVvULWsSQ,-1,1,1,['d72c71e9494342a88530e597c841dd00'],0.34952798651101613,0.2439713423506379,0.20858352792701754,0.4319025520609616,0,likely_human
UCyRgiHQm6o8X2bkh_FOwZaA,-1,1,1,['d50e46d8d37682e1494b2f9cdc50af10'],0.3467605890946915,0.24390271317843348,0.1960230519382612,0.4650341124602987,0,likely_human
UCiBDVh5EtZafTckEhE8V9GQ,-1,1,1,['3b94163ddf1e03da87c7df420ba960bc'],0.3492533761776448,0.24387229776085662,0.17070142102729827,0.5047148779644626,0,likely_human
UC02MOEeItB5zFoUg24nVbLg,-1,2,1,"['483f0e0fe3c09d2226a85d82e40c79b4', '6818ec5a86b69c0cf153f2e7e9acb218']",0.3359802156748406,0.24384196865602997,0.20615425945186336,0.5004895642020342,0,likely_human
UCpCpogDkJK8ZGDV5727duPQ,-1,1,1,['aa9af435778d848f7ce3608781f43e88'],0.3756648629130499,0.24376062027559958,0.1479220027158422,0.4436613165187206,0,likely_human
UCgBrTYJJH5aX4wo6z9FL8PA,-1,3,1,"['2574b593270ce489f0141ae769a505f9', '813640601c23a4f4d686681599b061a3', '9b6c8fb7cc1ca171aa5d196c42359b5e']",0.38686688368520555,0.24370050805159083,0.1226504572639448,0.4357625558273044,0,likely_human
UCSazkLaH6FjCoQRK74Xx2wA,5,1,1,['9bd12dc01ae23544280ca55e55650fa3'],0.351280013721184,0.243675405503133,0.1595127290255824,0.4283678544124193,0,likely_human
UCqR2mATkDFxJdHYZUvRsEWg,-1,1,1,['bd3ed77b1a0817c6c1e0eaa4fa429db3'],0.3701901221821782,0.24349694078978712,0.16161275173271816,0.43212728781965,0,likely_human
UCB4iGDrfuW9jw8MLYUcRreQ,-1,1,1,['8ce5e013272762054ce4c22d9e7861f1'],0.3334039051060791,0.24338410038546737,0.17388561214270848,0.5673964224825588,0,likely_human
UCG3Gf76TgJcZMzAq-_YGjHg,-1,1,1,['f171dde1ff7868cf4b434634949d5110'],0.33488074482295255,0.2432587590277412,0.1658784078920052,0.5865722132494731,0,likely_human
UCLGxusEFwGhvGvMTDvbbkJg,-1,1,1,['6f601960a3c7f8fea63c87be037b1dc0'],0.3436621552169513,0.24311676690580214,0.15289050048691932,0.5638782469539358,0,likely_human
UC6tkfgPxHg--EeGUoaD4_jQ,-1,1,1,['ed50014442decff7f9429e170a7192f3'],0.33476485687046165,0.24298828647454612,0.1921936551405714,0.5174251472370252,0,likely_human
UCRT817aaVgXP3cWlxAq-_iQ,-1,6,1,"['aeccc6bb320bf40e5c683df65ff681a6', '3826141dde98ef1ecc7540ad3bec8abf', '591023088602de07af4e5f99a126841f', 'e7c7ffeb9cd709c22c6389e5d043286d', 'f076284c7d2bb6749d33d2dbb2ee1dd0', 'cfdca818514ce2a2115a1d7cdcd38ad9']",0.3592508183599697,0.24296405745493038,0.1451369642608939,0.5038889872961957,0,likely_human
UC4KeO1dqWYIerdUyBl0R02g,-1,1,1,['0ab236770269afc1f7f2a89e070e4e0a'],0.3393168954032554,0.24260787444598986,0.1691363994474286,0.5377502449614849,0,likely_human
UC4XAVfsfIGBx-nYD_7aFvGQ,-1,1,1,['b8846611e8b59bea245afde9993c4df4'],0.38425764911453714,0.24260345623671364,0.1396773341047609,0.4050061082308854,0,likely_human
UCsbYCTphDYeBRZuTsn08bDA,-1,1,1,['9d12abedb1c17ffef8f216283cda255f'],0.3688162144285463,0.24254207950509263,0.13766455797631985,0.4697610847514315,0,likely_human
UCm7pi-p7E7hHRjcTMKsuhAA,-1,2,1,"['c8de1e92ba69ef6b77ac2e171613e535', '7983df2f0195ad80bbe8b31bdc523734']",0.34544581478391534,0.24198804674132648,0.1883983756299756,0.46656575956932755,0,likely_human
UCVpl-rVcj-MiA92KtDENiVw,-1,9,1,"['ad4d388590b90a255fd126dee93d5a8f', 'e4d15f35115ef76b03b224bd6a0ec204', 'dadf10eae4b22cd25015fc92f77927ec', '7611053a1ed84062cd39d8f81a3c202c', 'd03f31d0f3c978283a382c6bfc58678b', '24fabdd7696d52a756a52c255957bc2a', '810dabee7f32d9102ff244b277606489', '42c4004abbf0b471e3c9d1b1150fa57b', '4167ce0bf656aeaa86e070c4791c1a80']",0.361995652653907,0.24198779957146282,0.12402171153109105,0.529859531896221,0,likely_human
UCN2sSGCM-sb2cN-WykWJsXw,-1,3,2,"['0e409ea212012b346da7dfaa1303b647', 'f17d09f2f8e9b61594843d46db836179', '00d24792b87984bf9227e917cc06dc1d']",0.36002403412909967,0.24193326054067954,0.14448514840762064,0.5006677783746531,0,likely_human
UCKQhBcQtEyGYRB9xBMsKH1g,-1,1,1,['7cc41f810112d618c99c37595c2ac3e9'],0.341112407766369,0.24192870283372167,0.1694293035983832,0.538958799113999,0,likely_human
UC7QCriX9YL2eFTaOl22c0pQ,-1,2,1,"['98646b49230b520554522a89675337a4', '69935c51b71c7a646dd2c64c3d0d4838']",0.3515497511814685,0.2418937979840306,0.16426394572206798,0.5007449774532347,0,likely_human
UCWapX3mMvtOHL98rumK1OhQ,-1,1,1,['5264b6b6ca07c8c671fd5bd58713bf68'],0.34319106117651665,0.24178799949974528,0.14923492135582128,0.5608860353067301,0,likely_human
UC_SkT-RnCaT2UC-xqxJUnCA,-1,1,1,['be1298637f031e06947f56950232a1a4'],0.3330891672571401,0.2417564481201192,0.17391572499161795,0.5614164116069,0,likely_human
UC5_P8Lcig0WIoLL6Gw_8P-g,-1,13,2,"['c1bc43327bb2092c0b4ce4101121237a', '067ca4d593e27ca63b47897a33eaceca', '156e735b2ea5ac2403a45fa09e914fe3', 'b7567ff6c3fc4f97aa802482fd2b413c', 'd670ba925879c798400286e2579e32f1', 'ec2358f3ed29b7475d0cc1bb357b7c20', '4cb35f2118e41acafa6bee5bbd8ad678', '0cc39fb0bf2ed8b514423deefbc7778e', 'f914a43b484c63e958b5df7c5ca5e46f', '5c793509603067c6913534768f04d740', '86ccf395700ede0d3cb38129b22bd68a', '8d5531b758d7aaa3ffbc91e341a87868', '57814605c1e19d42c44286254c41dc73']",0.3490949240140002,0.24163098886234002,0.13400921140220803,0.5620382050219843,0,likely_human
UCdq1lNFbqQRWchCWTFEC5YQ,-1,1,1,['23652545f7fa2e6532740eee8f6bf70c'],0.361510048152846,0.24155362197952662,0.16612661448084762,0.4470056815994806,0,likely_human
UCIt_U40-ihhANT2h94Q46tw,-1,1,1,['92ebe34ba66980fd1bd0340fa4794917'],0.34956513871906464,0.24146304785496847,0.15754893256241717,0.5095096856720953,0,likely_human
UCWPSDbisaAammiMXiTusU-w,-1,2,1,"['f4fd94436fe078a8ca242b41a87474fe', '650a7d368b6e210fed48840f4037e507']",0.21115097884348827,0.24127399013032513,0.171174855692164,1.0000000000000013,2,likely_human
UCK2rn6pdf5jMmgPFaX_vU1g,-1,1,1,['c379f26751fe0091fcf4fee9950c004e'],0.34755667213557995,0.24104467659850443,0.18908286713836156,0.4483751875117109,0,likely_human
UCkd6W-2m2MEQvta14v2AzKA,-1,2,2,"['2938b00e5d887066e9eab1877401a6dd', 'd31bcdd3491a93a3d05214b462962cae']",0.3331770737884871,0.24093266995619605,0.16658122201007144,0.5555499845884069,0,likely_human
UC5NYbh-5DUjDXkJmg4Kdgpg,-1,1,1,['a5ce75627cd28c1f572633cbd8f39443'],0.3679335500985108,0.24089325318638177,0.1569758911226561,0.4312621726091509,0,likely_human
UC6zgi8-t2jDkTO0UPSUKCUw,-1,2,1,"['e905e94071d682fbc5920541f0a1b249', 'b09d633d2ccc4eb0735a6d8f67643e9d']",0.37209379388335856,0.24087292283142048,0.13795256950573798,0.450544933112524,0,likely_human
UCzJFlvyDL2lIm6nYRWymn8g,-1,4,2,"['9213346c450b3acd79941f5c8fe431c3', 'f43bf48e92a51d96bc5dde87eb5267c2', '4e5b1a04e91a56ab18b0f4cdbfc0d9c2', 'cf46f85303d3aed47bcf3e57b59a520c']",0.3601324747938627,0.24085769724618972,0.15755844860043908,0.4542747070213625,0,likely_human
UCAH3L2VwTu5TSUM90d4HXEg,-1,1,1,['091d2450807208a44daab8d22ddc3e19'],0.3657476991431591,0.24044421509093855,0.15188049829729816,0.4385786334911206,0,likely_human
UC-2pV1JjMLcKwxJUmd4JG7g,-1,1,1,['79e1c72bcb41721786dd7745741662a9'],0.3641778515555374,0.2403997939389229,0.11799554186006758,0.5130054341820188,0,likely_human
UCBXGJIoB8tU7QElqDFVOClw,-1,2,1,"['da6d6f368df3c3482b4a927fa73174f4', '7be1de0c2f1277922bd95eb03fdc0ee1']",0.35169486183420384,0.2403456050854178,0.181804892351319,0.44808029109423714,0,likely_human
UCFrx_QgPV1K7Y8A6UXG14nw,-1,1,1,['e3f3a59ebacd69741fe8fcf704309f50'],0.3614518657608782,0.24031262166138892,0.16489902979088694,0.43624015417801887,0,likely_human
UCDUJnGevGUHE3vMzZHhhusw,-1,1,1,['081bcbc3277aed1df213808fb043751f'],0.3993747739388972,0.24031003204894516,0.13154381511466454,0.32876270546144903,0,likely_human
UCVB6rQIq_YO0E0o22vq7xjw,-1,1,1,['e5502dcf08e090060a2c999d68cf3ad6'],0.3577145166220359,0.2402890264120373,0.17043637660284722,0.4323219518658279,0,likely_human
UCSR3Cs__rEmP5F2elxLAlYw,-1,1,1,['5c6cc1daf70882426baba3b5e6e6d0d6'],0.32778209451562784,0.24023823598228206,0.17690794420081474,0.5555677272905615,0,likely_human
UC1VziYZJiKNZW8zQ7F3pIcA,-1,3,1,"['4371b06af88423c66b1a129522a5bd16', '4f8a47ccd4b172b421139a4a600829f8', 'ca40a35f9b3a63f2e253aee15a2695d4']",0.32907207168033575,0.24014154249717473,0.17796263076543872,0.5509898172620362,0,likely_human
UCc3ownSFuY16cE1hWywGeZw,-1,1,1,['02abd74a0a9b004265b964c53b5525f4'],0.3494305258487008,0.24010660743384005,0.12422188919603816,0.5656698586043772,0,likely_human
UCOM4a2QTWooucQrESCL22Ng,-1,1,1,['9835660eef9c7ad300858f0e04ce85f5'],0.3494467670238932,0.23987385296942007,0.16662570471133636,0.47279512569711335,0,likely_human
UCZHbjMHBKJtWweIuRiKn7Cg,-1,1,1,['e480fc2cb7c0db970f205f271875d17c'],0.3699006708336199,0.2398023238626316,0.1408675315648208,0.4400150955268868,0,likely_human
UCllglsbNR1roB91ob1GTrDg,-1,1,1,['81af64a775b6b0d385363d150a015314'],0.3282580323477833,0.2397832208098432,0.15901892828542236,0.5780840282058554,0,likely_human
UChAV7SZikJzAxI-Vo1H0nwA,-1,3,2,"['5f492c8c2cab6e208c486cb32b55447b', 'de71ac10912c2b69fe5f1bfe95addffc', '5dbff1e68e37ce9c6da6aa5e3658daee']",0.36943116158731887,0.23971916311510014,0.1265170303470626,0.4684185753477146,0,likely_human
UCSzfruIYTMmQWRhsJ8X1IaA,-1,6,1,"['f18baced7b7dc4837b41d7eb017cac38', 'ad2881eaebba1ff9dbf079c16f7c96fd', '4294da0c355f1f5807760298ad195f91', 'a1d5d926875b79d51037aa9d6b1442a9', '431244602f9b6e959474f555fdf3c603', '838917cb3325431c4b8760f8d7d33de4']",0.35856663550220796,0.23967264418832604,0.14208098165087782,0.48050006927427613,0,likely_human
UCAiLU8MzgvF0oTXXBh0NAMw,-1,1,1,['2c123fa153cccde3e7f347ed2cdb681b'],0.314160776452321,0.23962692369729616,0.19749980037982032,0.577408901896332,0,likely_human
UCtCl9VksOS5p_vgmhFFTefA,-1,2,1,"['b1bb4e4ff6a5f6536334a9d1723fbe54', '91cdeac24fee5982ab65387611e4822c']",0.3074677181734292,0.23936381909256482,0.16458267817660385,0.6682250917044236,0,likely_human
UCsTNIgJqwdMHBNvXV-LAERg,-1,1,1,['6dd017dbe30c50dcbabc26ecf79d4a85'],0.35920246164186975,0.23924868381986733,0.16053995308106667,0.4431137472297967,0,likely_human
UCEKn5rETT53_NYyRts5t6LA,-1,2,2,"['ee25c7ad404e8f95bad2cd2a54e94385', 'bb2fb49a5cb258b22deecfbd2d30c4b2']",0.34377278721595844,0.23914959723325668,0.1621099056570344,0.5013747843665726,0,likely_human
UCklnryP_LZUIVga9B8sMC6Q,-1,1,1,['e5b8117f0d0ee40de440c849cb915a74'],0.34140495393128467,0.23896278718220876,0.1961967823858144,0.4515828576795083,0,likely_human
UCPbX2ZJcyvBI8_rwbQG0pKw,20,2,1,"['df4bf4e003cc6539380ad5ee5a36b0d6', '15bd4513ced257551e9b6c0c1eb3db2d']",0.3417110952816311,0.2383678711447223,0.12945278074045927,0.4836504194618352,0,likely_human
UCry37N-xj9bmUgRfDoD5HnA,-1,3,1,"['9eecab0b667d8d6161a8f5e1f85daad0', '77de21641ee0dc248396e01da79314fa', '4daef30eb56f2e883799dd79b9f61973']",0.3533115730108993,0.23824187935451002,0.1631245696153598,0.4538896919317114,0,likely_human
UChUJ5PfYUAUEQKaTUttc6Cw,-1,1,1,['99776a4f27fbaafc10bd5b1449c26cd3'],0.3873997440485941,0.23812143891023574,0.14510509544435687,0.3318987830310798,0,likely_human
UC-TbK4tM0HavUGKMCcqVNFw,-1,1,1,['c5949cea42a1b5fa452d4182cd580ae7'],0.39739061016457133,0.23810697376775253,0.12891455705662153,0.3258620985614448,0,likely_human
UC0iOiVPPGDNy1CBn2vMSbWw,-1,1,1,['b5db8ecff380e97d73e16c0154cbb446'],0.3695453494306742,0.23803387732180042,0.14106549760682696,0.42106813341275634,0,likely_human
UCcqMN88WoC4fuWikdogk6YQ,-1,7,3,"['73fedeff3527b1a2f3b3c839979750c5', '3c6b55289de8682c5c7eee20b540ee96', 'e5f7622ad176cf0148dc73608b2844dc', 'b4aa426752726fb73480b7076b874f84', 'fc4037dceb7ffbc46bbbe7ebdc2ff931', 'ff4cdb08c94aef1df6f42eb3b7931413', '5ee8e3b1b572e135ee52bb21f70e9f0f']",0.3186848027608639,0.23781779797890268,0.15149966048641605,0.6223925582739399,0,likely_human
UCBXPjY9GwNV505B3PauIM5w,-1,1,1,['3df4dab00e587e39dcb1e07182d0bc29'],0.38706391199477513,0.2377946493660601,0.13769260625652746,0.3445377919338475,0,likely_human
UCAUJoWMicKCLyzfv6jlccwg,-1,1,1,['cb3c6027389254f97c60752be0aa097d'],0.359207642182459,0.23769311078547078,0.14768731211852398,0.4566547981860768,0,likely_human
UCcP-XHmfw_m9B3-MPm7asNw,-1,2,2,"['d5c3de2c765121f6ef5fef1153db6773', '607e767279c71f045a0030a13b252d42']",0.30429868222027356,0.2376891884549015,0.21209755440672623,0.5653924279878261,0,likely_human
UC_Cq-OBKIJEmc1X_pGBxK-Q,-1,1,1,['c9e9fc9ee20155e5cbc3a112e9295cf8'],0.3326876966434041,0.23760462577356006,0.18497298941003412,0.4877924805572976,0,likely_human
UCY83G7qqtrP7Frp-0KaSNcQ,-1,1,1,['0a2293eed0a1d741060fab1529935aff'],0.33163399469857824,0.23760388669344484,0.17340681453872583,0.5168491748901599,0,likely_human
UCc-CRPruJU57CrPgGuHI0Rw,-1,1,1,['456d3da17aa9e7793a0b0036895202f8'],0.3347199674527704,0.23752726200745056,0.17624045307687264,0.4967671863818097,0,likely_human
UCQXGlIaxFgRqjtCR5nEDWyQ,-1,1,1,['a3cc493e890f49ecd900c3f36c610cd0'],0.3936461699198136,0.2375190878957509,0.1147408424012921,0.3658071064406447,0,likely_human
UCKMxTyV0NVJYLwdbZxgKxXg,-1,1,1,['19a6c224d544c24ac6dea104ff75304f'],0.3810726343440429,0.23744835039937023,0.1404547240515372,0.3700133944342062,0,likely_human
UCpSEFToGGts_D3nZwhlFeaw,-1,7,5,"['90e7d3aab55a2a3d56cbb75079217d3d', 'a4cf202ef74116904cd267ebe893b0bb', '07851ec53708b09902ea1416d93bc1b8', '53be34b55e70f62ce91a6aab6d5fde17', 'a85389e01f6dedcaadb140128db1ed53', 'f18a4f4e532d70f1ae4e9e96bde9c918', '1dc9bab17c0acfd5978e2aa51f733f65']",0.31880767674291643,0.2371927627753047,0.18527676476922852,0.5470124980455873,0,likely_human
UC9hmMjRkcW2xRAo6g2Je41Q,-1,1,1,['ac43c9201bac872eaa90474cb910f25d'],0.31564910550949543,0.23704271858579237,0.1924847495181489,0.5439793759077681,0,likely_human
UCrxRIrgS-6dc09ddsjN8MQg,-1,3,3,"['37f8b1451b278d836d328287c5ced673', '2a2e4949d0b32ae83e842cca9a0e7740', '5c19d8a621d8e510b69604fae4718f5e']",0.34207855072189136,0.23698186476207006,0.15289010444790974,0.5097269456992466,0,likely_human
UCxiJ5eov2TWME4ihip7L65Q,-1,3,1,"['52a8bcafde40e6a80dee2b058548c31f', '5739ac6fd49d140f0bdd3f7c7a0ec50e', '08548913b460267e4e57ec148204a239']",0.3715066739076082,0.23690838401103176,0.10368601452797176,0.4831255674416761,0,likely_human
UCqsNWmZmhOz3PVqcz5Oj8RA,-1,1,1,['dc5828494a5ac852aa4df8d79d283833'],0.34292673674859064,0.2365396149302542,0.1909684118385191,0.42770572465783796,0,likely_human
UCWKbCTKfS9__5YiTuVEF_8w,-1,2,1,"['4d58b671d6ff76720850e61a97b4a7d6', '308946062bc2fd30a6949578fe2fe7c1']",0.3206264633268053,0.2360916748093147,0.17026893353903053,0.5583079142119035,0,likely_human
UCrzIAv2M3nv2OM-uiJfETFw,-1,1,1,['2c261b47c5e9bdd81d1cfc816bed1b95'],0.41382086169776433,0.23582964586847963,0.09177779981632163,0.3082307982108035,0,likely_human
UCk8SdMJBYSF6sxrcdFFW8aw,-1,2,1,"['e22a7c80e2820642dada16939cb2ef87', 'c30398343a9c3e9b0408f9f3cbb90443']",0.3581261760516231,0.2356037441165577,0.16333295325711403,0.39919614912136575,0,likely_human
UCAzKg4xGAnkj7dyEmoVeOMQ,-1,1,1,['3613171f580a98c2ad2f3b607a4e553d'],0.3997714909309924,0.23556237516154216,0.1044513077891938,0.33060999670015634,0,likely_human
UCXJ4BCSpYUpKzl2itoM2fuQ,-1,1,1,['f7f81679b48be828aab8696f8c46926d'],0.4247282934053093,0.23551532995720584,0.07612785363358573,0.28074807208268515,0,likely_human
UC7a-YpSOQv_BH3SXvXtdnNw,-1,1,1,['83ebdabb691b4fba793c64b64a9cd05f'],0.41076083700272004,0.2353264034084152,0.08152460460328179,0.3283165478246881,0,likely_human
UC4jGtCVMc2KWvIySIX-OCFQ,-1,19,5,"['fbac967a303d8c67bce06715540883bc', '6be9d0497ebcf9393088d2ea4e73aaf4', '7dabd2741ecf2b154104ac1e7b643d2f', '97dc2295fd9881eed7c37a7f09a3b7bc', '629b9facfaa6def296a01c966acaa3db', '1690acdbb4a3830e7329e9f3a534977a', '7912b38542716cba00194a06967c0a88', 'c1bfb50a7b8d0030cdbcc8c8e2614f7b', '9fac145a211bc9cc72d149a83e0c6394', '18cabd336cc580a1c2ab81f58219c76d', 'd064e1a87de02b0e15e242f9537b2cfa', '219592bb6cbcf7d74a6137b423e26d43', 'd6b474291a3256b60a33eb4ac7e243f0', '067095c1a230a9289f9c4669cd5b3e59', '3d5ddacc373986dcb8d9e8595b576e63', '0d33df01b7af3b3a235ec353e9db3bff', '7d413f152519d0b53c880e2387b29488', 'd333f9a2b013725fc27959912b6d2ae9', '4d51921f3e838722a87c33a88a12c323']",0.31854234033105455,0.23520112870253498,0.17224270631590988,0.5533079406230761,0,likely_human
UC0H-a_1X3v1bsCdmp4oXR-A,-1,3,1,"['dcf4dd25d81c1b1f8529a5f3f6f28c55', 'b6b4e9e4540ca5df4efd248c88118126', 'b97311596cd0dc8e48090bce08eb21bd']",0.35093004891384827,0.23516749678411988,0.15502452517901338,0.44380727012720217,0,likely_human
UC8bfZjcsXvRCttDoZnk6Biw,-1,1,1,['9d2dab361ed26dad01e30d59278f2c7a'],0.35112519099913153,0.2351078503997988,0.13203976067001222,0.48905917484987566,0,likely_human
UCwar9l-yDI82ggRg5-43jFg,-1,1,1,['128576172ff5d53c7c1a67f9bccb943f'],0.3005389942509866,0.23505568470513866,0.19964371464179104,0.58370271583103,0,likely_human
UCN7rjuIP9Ag4pXOzeYGd7cg,-1,1,1,['1f68381a92ca2d944895879323463fb2'],0.3757715576547598,0.23503689666000308,0.13620117449258673,0.37809840600603684,0,likely_human
UCUWNXQIS_5XEMGBgW3FBKFw,-1,4,4,"['80e04803bf80b3129cd326ec219b5b82', '8cd70faf3fbe3aba0e6d94dabdeb41fb', '31f144cbe99ce983618c0fc74e7c9687', '57b77a8ed4484e8d89a8efaa6a4f6f61']",0.3085435858033653,0.23490151588782054,0.18681406222537317,0.5661791062596302,0,likely_human
UCyKjiMy7YAjFVita_yXB7jg,-1,1,1,['d147990f33629c9087813c3d91569809'],0.3442796637044451,0.23489041155836277,0.1685962304213959,0.4425710189396167,0,likely_human
UCL6b-xwkDdpfOA_KtIFh1tQ,-1,1,1,['e1d1b0835a7d7e9c6d3c1999ab1af614'],0.34322898213835895,0.2348563973960345,0.14545476791271486,0.4947738438815641,0,likely_human
UCxcHzPE_2bXCw3DUZF8ccgg,-1,3,1,"['191710faf9a13d0f363d6e3edaed8f89', '2fa0557bd97900a2a74db7bf0bdf8aff', 'e6f8c56a74cf77f2022844242fb03892']",0.3679224364655684,0.23480476117490537,0.1348642399003027,0.40752428348744074,0,likely_human
UC7W5a6AfIUE8fEg9bN4v5KQ,-1,1,1,['7a61d930cc0ab60377dbd58087c11d20'],0.3301437113022603,0.23465574350551904,0.17727706669939325,0.48949659394847267,0,likely_human
UCTidAaYaf3GkdoezvS00hVA,-1,1,1,['c0bde247e37f63b0165bd35bf54d5b57'],0.34334184456554784,0.23455046042590133,0.16394901968448558,0.4540820767307822,0,likely_human
UCYAPMBdOwAhIMPeQbZYGSTQ,-1,1,1,['240aac742cdd2617c096c116052314e4'],0.313746067056646,0.23453654231740712,0.19210545213715116,0.527731435323327,0,likely_human
UCdEzxeQH24n9uWW9wtIW8pw,-1,1,1,['5887c72ca4c4fcda14330cc780f8af8b'],0.3536817674349286,0.23449020388521827,0.136138523452709,0.47192926308845534,0,likely_human
UCwhQz_zFm-Xwnu60Mjb5uEw,-1,2,1,"['45694d16ae8f341ad3ea16e1797c1312', '002246694e398918d9d1da260da5dac2']",0.3381134311064916,0.23440985542599663,0.1718184750399953,0.467707280758438,0,likely_human
UCvCThEYjUXS1BPL6uhR_qLg,-1,1,1,['f6380825ca4fd241749b7d9fa7dd8331'],0.363632021677355,0.2341877274671623,0.16677309436912097,0.3584269591258894,0,likely_human
UC_8G031QPI7y2nG3b6setyg,-1,2,1,"['fcd3d3d4465cce54624f4426ae20ae30', '986631efd2a7d930f03f6c7678a21036']",0.34564549856822036,0.2341726737842637,0.14440913071966713,0.48289491576906063,0,likely_human
UCd2l-4W6PkHKgB03ObqcWMw,-1,2,1,"['97c939e2ad6e1e400116985b301c00b4', 'a93ba7794f1fd49424801486f1d0ddc4']",0.33927955179024966,0.23414350069418505,0.1646632266486762,0.475606475544342,0,likely_human
UCVQTygSgLx1rzVG6pUNVDPw,-1,2,1,"['aa44df0ab9f11b64ab429cc6add08188', 'c273eaed4428beaa965ecce56087d2af']",0.37255323118813016,0.2340948053477257,0.1217979015817076,0.4051585878962089,0,likely_human
UCoNwS0w3APw53vGvmoRMHvA,-1,1,1,['5acfbde066509556b382109ff02aa791'],0.324793097177837,0.23385604601201346,0.2103831449400924,0.4416284535286359,0,likely_human
UC2-GQjwaTpvReeLF8_Mq3CA,-1,1,1,['7074c1904808d4f2dd0f501847e32ef8'],0.3611114804399085,0.23361783777216416,0.1422061264821643,0.41599861234493213,0,likely_human
UCZe7k4EA0WWLb_a9D7Qfiew,-1,2,1,"['60488f562942e9d59689e827154b8a26', 'fcd9fab14322ac326dee281955c7e296']",0.3379071633903493,0.23359512523040496,0.16985889284365588,0.46647731713751645,0,likely_human
UCzINoiEVDnoXx78IiOsdrTQ,-1,1,1,['a56f866abd397b2bbb37a913abf85bad'],0.3286341845810335,0.23316848243779129,0.1864005009295079,0.4679314525425816,0,likely_human
UCNzJB4rIj-DFBXh1p8Ura2Q,-1,1,1,['f518679a3348e8419999b3cac67d9ec2'],0.33145107026298054,0.233165893965995,0.15113211281808234,0.5274084689184971,0,likely_human
UClbJUvJbzCvKUpxKcel-MdA,-1,2,1,"['2ba2370d0f7248dae3904f95eb59bbae', '74f2bd75047612cddb5047458a76c7cf']",0.29615643187212254,0.23304278883408375,0.15436942493179548,0.6738501012326905,0,likely_human
UCqVuwFGOCTy5v528SvEcL0w,-1,2,1,"['86cc7abd67071d44b8dc6e38b1f514bd', 'd09f8641df0dcd743b85ee795c2ae489']",0.32598240599210887,0.23282663688442037,0.1700417459306451,0.5126287447162307,0,likely_human
UCdqQqLujl_7uU55IAhPntWQ,-1,1,1,['93794a7e78d8c3a4abd19581477585a2'],0.30672111938537416,0.23272817082567465,0.19865833655985,0.5382322164153208,0,likely_human
UCD8Ju8zS4psaUWbnqK2Kb0A,-1,2,1,"['572e8cae1461ceb8dee814e8c3464657', 'abd5790439b792ba978cb38e9dd7a474']",0.35315063308133354,0.23257383273036464,0.14575627958208787,0.42721411347610916,0,likely_human
UCkQ7wtYpib_593YWOi_uXMg,-1,1,1,['607bd25b27b657305031bf94b777d8fa'],0.34683379816438176,0.23244382113021383,0.15928721260473763,0.4264573641899959,0,likely_human
UC4A0MFntchkaLWUJTRQnF7w,-1,1,1,['f8a0541a15c7900c3a72ea47518dcefa'],0.30123437047287127,0.23187081584980296,0.15771001331699355,0.6246806108839569,0,likely_human
UCAnZuBW4U98gwsvN-XyhfEA,-1,1,1,['f070e96279a3ba71e32c4fab44edd478'],0.349555166431535,0.23182197371272562,0.11905346916444672,0.4890268296955942,0,likely_human
UCW0i0eUxHz32HfqVNeT0tbw,-1,2,2,"['d11e8e7cb80909d67fc218afabc1cb2a', '718435a60a0a9b11b75a38d0eec1b261']",0.30223192809692156,0.23178278043539863,0.18191748733683757,0.5771986739822131,0,likely_human
UCCrtvDAl_x_AgzOBuzhzLJA,-1,1,1,['7e86842e9515190565b8579b43646a16'],0.37967497215868956,0.23176829724221257,0.10734364222497704,0.37989159406537143,0,likely_human
UCoDjDBxELy_djIq0SMBBkMA,-1,1,1,['3e2955042b7b8814264ff58a55962741'],0.3674860157103365,0.23170620252016477,0.1280146855050817,0.39217861298204526,0,likely_human
UCrSpdOiDRkaSljngY0PQR5Q,-1,4,4,"['fe24ed4664c406307db99d3e349fc0ee', 'd435302b2c53112e6ecd833380c55986', 'da7b117faff5c228416f07de317cf61f', '71d1e9a48390fc930f1bfd4459761c08']",0.30944115678572287,0.23165585485863757,0.19224249976520066,0.5242367778925338,0,likely_human
UCxm7K2OdssR7mCD_20zuRnQ,-1,1,1,['d15f85217c0fb7a1ef1924f3bcdfaf19'],0.3193635741317241,0.2312452161258634,0.20840120992011807,0.44704217093745596,0,likely_human
UChU22TUz9avk_N6Fmde_1zQ,-1,1,1,['5567f5a7257fe93f99ca90df4b61d3b2'],0.34376190705982357,0.23118928487038068,0.15490998715292198,0.4436613165187206,0,likely_human
UCmMk1wPlZBMtkBPPCD7qCLg,-1,1,1,['320d94c9d86772f0a971008c44157192'],0.3799044077487346,0.23118488702462617,0.11852361997104105,0.34886128900846397,0,likely_human
UCEu0cBAeuvoyjsbQsvZqZfA,-1,1,1,['03ddef89adc73c61cf2c9a43106c970f'],0.3701498944371848,0.2311837454436731,0.13934521054095225,0.35756647224792154,0,likely_human
UCGGFLahyrUCpBw-zwx-ADPQ,-1,1,1,['3f12c124c6eb128a6ea183cae3861c18'],0.34624959792869336,0.2310816793108919,0.15807156615333343,0.41708501981929386,0,likely_human
UC7ZeZdMPEH38C_FqTtD1JzQ,-1,1,1,['181dc3201750195e4ba792dbdc5d4924'],0.30627478042882333,0.23073253288438,0.15502023555822586,0.5952386951891027,0,likely_human
UCpo4U3d2ZozYI1bk5QaM_xg,-1,2,1,"['6825c076dd25d36aff0b96e028b8bc94', '88a9a6935cfd728f50c0e2a10b34a7b7']",0.2634696502119969,0.23073173763131505,0.15574179798587284,0.7937781599043847,0,likely_human
UCwlNAyHPoc9B4AvXhL8oeyw,-1,1,1,['2e374c90ecc7e0fa9423e6434f7f563a'],0.3670196791637208,0.23067240888357698,0.1438704360472834,0.357780194656138,0,likely_human
UC-k_tgT_uZrwc4TvFwhWNyg,-1,1,1,['02573174aa680da33c1354ef506c9a1a'],0.3188443662969862,0.2306560888283345,0.1552763705510258,0.5432340195103573,0,likely_human
UC7DCRt3STLpJ0dn5biB-WWw,-1,1,1,['40cf3b2e4eddb8866b0bc478371a8ac8'],0.31610232983853903,0.23065346602060538,0.1696555924083257,0.5277128092803915,0,likely_human
UCykS9EXkbjcT_KiURF6oN-w,0,1,1,['423c74ad508ecbad7326693ed14caa0f'],0.35984241243209913,0.2305688067692309,0.09255007811390736,0.395705431686789,0,likely_human
UC25m-hK3Y2apJHXX1U4qh5Q,-1,5,3,"['ebaf80643d03d05c7e42087b25ef5a5c', '6029ae86c41419b9451340a087b3f405', '322e558fe71b756db98261e18819dd71', 'ff5b29f877032e7b3383e0091ca5166a', '5bf742d21b1d56c81cb48c4dd64dc93b']",0.29137671369884977,0.23029046679700302,0.18706423884692566,0.5975167744923066,0,likely_human
UCCPZ_nqv98mbUkN1mM_GKqg,-1,1,1,['9a10b43dc936b016956d3c04732133ca'],0.356348792091841,0.23006184773779176,0.15075842731729017,0.37874979718658464,0,likely_human
UC_2PEVNF9n9cm_v09KKMjdg,-1,1,1,['548eb93b02b499309842a5d958767c6c'],0.30660272597089805,0.23001500773734784,0.20255752416751843,0.4915020641920058,0,likely_human
UC7MHfoSKeeWFEIoOawKEv_w,-1,1,1,['ec7e1ccb953d8dba7651dced40fea4e3'],0.3530604414298151,0.2299400625901713,0.16519896704399256,0.362113381568532,0,likely_human
UC2EFpHOr8HgVKsEnWxDpxGw,-1,1,1,['b57b09135e4cc2ce6cffbe8aa5726640'],0.35103862559797827,0.22992890732593746,0.15180328921070788,0.39934428439557623,0,likely_human
UCQ3kzNdHfmZSE5OIrs94YGg,-1,1,1,['e38e506565b37516171f3d9d95f79804'],0.3438605142493747,0.22958654974764076,0.15466772755471028,0.42021757824371936,0,likely_human
UC2_sfmO7iHfmlTDYv6ViY1g,-1,1,1,['7c9409b913aa0453ddbb1cfce4337273'],0.31137910426420706,0.22954250635157789,0.19985086221833,0.48056598244647997,0,likely_human
UCCgY3sl_RrZnxLubFYHexNw,-1,1,1,['5c32c6ab2382263ff3b4d147914472bf'],0.31810558165292024,0.22948684843326728,0.1377253449140537,0.5815090768014097,0,likely_human
UCn5m3kPF28E95-2st8fEU0A,-1,2,2,"['0651af8d1797460f6fb4bbef2542db12', '3aee8458b2fab0298b3bb866aba034b7']",0.37066251758092306,0.22943936728724096,0.10349531417886311,0.41079867469270326,0,likely_human
UCmIS4gBF0Dcv63NdgO1qvSw,-1,4,2,"['60cec73e7fa9d0e28f141d20956eefe8', '27d633cd7b4cb1dc049b798c52844292', '6b92842871cc16649d029d69ac23b9c3', '8f520d57e9ee671e3d8bf54e1a7dd575']",0.32533119752254946,0.22942346700207245,0.15879861088726924,0.49407176363910155,0,likely_human
UC5taSBVpDRALC50yxdLVlTA,-1,1,1,['7e9922216be941977ee64d801d2403a6'],0.3865750657692273,0.22940142848181005,0.11056898979094129,0.3217732614150642,0,likely_human
UCzXyq-qv6YKzzi6El3IkJcw,-1,1,1,['72575291bb7d1d6c4071de81b1f7337e'],0.3212425795086371,0.2292502936536337,0.19048281654227397,0.4491538990000607,0,likely_human
UCNyR07d9kSKHmVgZy402jTQ,-1,1,1,['6a99ba3f665a49dd31a0bc4d82c39222'],0.35290070390318595,0.22890109308939588,0.13960349341261089,0.41358765621705984,0,likely_human
UCxZNQFprWae4dAczZQkciMA,-1,1,1,['4e0d666b65250d3763a9050ef4f9cc4b'],0.33427993233132935,0.22885541964750442,0.15000468292115768,0.4657141458464392,0,likely_human
UCyPhUhZ6VKMEJm3QSmZsw3A,-1,1,1,['a3f6f28541c4d6ac5d57b444a96e8094'],0.3263893596672763,0.2288283954731014,0.13495968276635217,0.5329338510201367,0,likely_human
UC_8pTF6q1gXKpJ6Y5iIMqsg,-1,1,1,['4c453426c15fd5dfd2666b646ad35838'],0.28897594660940146,0.22875110063231202,0.15172618223657672,0.6633297461907004,0,likely_human
UCrRKzCcYcuDsIqpVA-JGpHA,-1,1,1,['2d28b46b6ebda7e3c283db03c63de7f3'],0.327575565225784,0.2286681204695416,0.19301292506031778,0.4046568231700012,0,likely_human
UCeUb29KFp837u7MfPdWS9mg,-1,3,1,"['ec681124160cfc9114fd77ac9b131eec', '5e7a347f724b5e9512343aa72f29bc12', 'c333792bc1543cde71f477c26aa0e180']",0.3209153784239828,0.22859028412816407,0.15138349948480292,0.5218455275195009,0,likely_human
UCURbOAC6hsG2105nXPlssIg,-1,1,1,['db7767f43835a40265ab2c04c90c1c91'],0.3549185665523509,0.228476363441514,0.1640858791868956,0.34909761969774755,0,likely_human
UCJYAx-m2ybY8cf9WFVa2cXw,-1,1,1,['f0ddac68843daa2f38bfb24c9564c9ca'],0.32300449260520947,0.22827363796469893,0.15512091082808074,0.5116188123266379,0,likely_human
UCHPwz03Ao7HeMlvEn32ampA,-1,1,1,['7d85dbac62e0c7960ea09b883d8b5fef'],0.3630663194794006,0.2281235943025102,0.13448659152510672,0.36576252650716035,0,likely_human
UCu4f2WD4MKi59aVWiMML9EA,-1,1,1,['3ff6d34d454ab285f6fbf105563fc604'],0.3312577229890614,0.2278419964692069,0.15422654969482993,0.4650073862323011,0,likely_human
UCtrf6ZiE6hw3k77hGpnuQWg,-1,2,1,"['84720a28798c42d58493288e55860826', '682a46e15986cc7bc90b25ef5dbce04a']",0.34238506019598536,0.22765875821684342,0.12445865887718174,0.4760051429783311,0,likely_human
UC1u6F6vbGLyuxsu9k3RpRTA,-1,1,1,['a8122e500a0bb17545163b87308b2169'],0.3026541628299555,0.2275745016383505,0.20881188211831292,0.48468327986658266,0,likely_human
UClWdzNSj1fOYUnhxaLgSyTA,-1,2,2,"['a3c5ae999d979422632579f03b68ca4c', '400c2785ac3a854f08cbf8cba41eb770']",0.3257709827799906,0.22733385851923638,0.15511586685819204,0.4773316812237292,0,likely_human
UCPFyY0XoqxQx-n6RZMH5Ldw,-1,9,1,"['1e7e10adc6ac195ce931ddfa14209952', 'e80b50dcf3776f5829eb783ff86a0893', 'aabc283166821d5beaaea9e97c499768', '569203131abdd8db1f2dedae55a3e3c6', '99b2192c805f0fb9be45f3fb76c0b2ca', 'a4e7d1e5ab3456a2f69ed65f77cc2a80', 'f13eb32c2901a201774a561d1aeede78', '246b30fb7073a0e795b1f936788e7c91', '2b9e112af9324dc56e5a195d77941774']",0.30549499877543407,0.22721090354451629,0.16322219643437738,0.5515179204142514,0,likely_human
UCBbbRnssDBZPTK5_QID3F2A,-1,1,1,['afc9495a7719f3830d07a057288b5926'],0.2884367984701578,0.22720438682359578,0.19310375958856285,0.5649635733718427,0,likely_human
UC1CpQG8tNecB3GZCMqfTzdQ,-1,2,2,"['0ba8f5c9610474dc22236e1526ccfd7d', 'ad8421db4a7a185f1d2d84ba436496fc']",0.30110399810359034,0.2271495326981018,0.15960596340631217,0.581325557601067,0,likely_human
UCXZaOa65i1e-g9icfJqO5MA,-1,1,1,['8da9b41fba07fa11d3844c3815b6a583'],0.2959550696462903,0.2270815584537654,0.19023079523308645,0.5429094189463807,0,likely_human
UCB6G-Nk5GlMGNffrMcdKO4Q,-1,1,1,['ee802b75c0bc26327bcddc520ddab18a'],0.3611744968768479,0.22707666822048744,0.14166009198058313,0.3549036965408563,0,likely_human
UCfsXcDsW7Fdc9AG6L73sv1g,-1,2,1,"['071bca8fa04df6d88b4378468bce2b87', '30ed3337f5be3dfd30c94a928b996a2d']",0.3080715555295206,0.22689601800569234,0.17508264540112245,0.5213196706769494,0,likely_human
UCEPkLQxD_3VkjVVw3dliVvQ,-1,1,1,['4c90f33cf90e4162d2e6ac32264ecb3b'],0.34835366288419434,0.22687078817710457,0.14283894655990584,0.40771889881165635,0,likely_human
UCQAHF5nn974Z1gWgfBcQ_vw,-1,2,1,"['a2e0920a70a6b7d6aea0eda80c6075a3', '005aad2828990abe33e04b47e8c84309']",0.31242104683986077,0.2267288142265421,0.1905194372768846,0.47109539632732944,0,likely_human
UCtDT0UdfTANQy73gvTe2XJg,-1,2,1,"['4d1664b7c84af8d86c0a4a788a8d3325', '4c94d0f35911f3fad595a6f5e8ebf4c3']",0.2953718818449693,0.22668968912356197,0.1934245908204327,0.5305716671822326,0,likely_human
UCPms3dRlA5W1sDGWUI4wWTw,-1,1,1,['61036e0657a329558437f6454eb5af97'],0.28733802834916106,0.2262948679176009,0.22620890121394382,0.49679296929846384,0,likely_human
UCvTRYBeIoBPMnXG7mLM0FUw,-1,1,1,['d02b033d75c2a5d377dcac5662732e11'],0.3473780357691185,0.2261398178136557,0.15129756252563872,0.3876823509245516,0,likely_human
UCH0rVnPpsNW39Bd16_HBZdg,-1,1,1,['dc9816d92a246d4c1bd34ad103cf3b00'],0.35054554773205,0.2260612692660069,0.14246649948456966,0.39028706625724424,0,likely_human
UC0fTRKidO8XgOgd4dYIh5cw,-1,2,1,"['d61cbb20ca1fe2de8f4fc8510ab154b5', '9275b92e077e9604cbf63385fbc56178']",0.2926495902765054,0.22588902643227846,0.1955817334578461,0.5412536042994087,0,likely_human
UCiOs81DJveJ0BAYGBYl8SBg,-1,1,1,['2f5006519a2d10b65c50758c1d52cc12'],0.34295618930168614,0.2258344197726495,0.12597446947359123,0.4465044418572169,0,likely_human
UCWwlAIoJYE-yJr8xhmDwbgQ,-1,1,1,['07e8cd32bc840cec6c123a1c2dff7e62'],0.355120480262773,0.2256577202296318,0.11174433176933389,0.4182809461524514,0,likely_human
UCU0j2LdP_eR_QMppqh4oNVg,-1,4,3,"['40e9bbc9497d7674f300dd07edd6b22e', '3db5838c42ba05f41824f30de14a8c4d', 'cbe1ca2748d3bb5343972b2b4d952413', '3bbe79a3464b19544ed4d9788f3776be']",0.3041130564058161,0.22527991180248033,0.1616433083481343,0.539108063506267,0,likely_human
UCLyYuqm_6pTojckO_7SzjYg,-1,1,1,['bfd4fb1b09012e6231bf2edf59025d95'],0.30380501672256677,0.22527011363718555,0.16400589807343371,0.5328528773918247,0,likely_human
UCxSeMMEKQz-rNxOCH4FqVZQ,-1,2,1,"['a0186d8bba789664d0735a298712a775', '711d051b830df610f04c29fa347936e7']",0.2995246950891301,0.2251169517913853,0.15584444689062743,0.5806874055492237,0,likely_human
UCIiwBDYlIX5JYvpwvocKSOA,-1,2,1,"['45ebd4f60134ba9d60e512ece5dc3c87', '19b63570fdc3e8a3d1fc5788bb742bdf']",0.3121144947561816,0.22442306724562688,0.15266930448230237,0.5155810234942511,0,likely_human
UCDnzs-RFMH3qSSE6mUF8ZyQ,-1,1,1,['8b1420f1d621df4cdfc16e46181eabc2'],0.2880613565610286,0.22423181488815372,0.1650885622682901,0.6096426015941755,0,likely_human
UC42O3XmOOHkNqZvrsmhh4lw,-1,2,1,"['ff2fcd3323cc408209041dd802477b89', 'f596f8244c942531132733a669982814']",0.18684599203612498,0.22397407046051876,0.14074169902686356,1.0000000000000013,2,likely_human
UCFAxY7BM6FHVpjXUnAYqlng,-1,3,1,"['4708c5b94f1b8c70412dc30126a5d614', 'ae798f85577243efdd9b685454ad647a', '5df4edf69185f8f6a3efdea0df0e6bf6']",0.3011567237903336,0.22357066373356188,0.16273490466363366,0.5343323961412767,0,likely_human
UCuCJndgQbQz1TMOyE6Qqf3w,-1,2,1,"['d45e5489c718ecde0ccca0ce99da1aa9', '80101b12133d9df13dc75f4ab08e83c0']",0.28703183884998607,0.2234120987636187,0.17006671557707742,0.5912118952516336,0,likely_human
UCSeoiBDDI9JJnsiU6Erylxw,-1,1,1,['8fc9fcf69cc25c15cfbe474fab98d4a9'],0.3012490071253933,0.22338420203854484,0.2046037695088758,0.4606503420543787,0,likely_human
UC7qMy7A4KDO7J_Rwd1X_HFA,-1,2,1,"['f67a6e92de14014631e12ab7fb97368d', '64d30e89bb3fef5d4f960ba84e9ebbac']",0.3032207802649069,0.22319151263278988,0.17845876781467565,0.49939991057996236,0,likely_human
UCEbA8_JGLpxNfvs9O1wq7Wg,-1,2,2,"['7363137423dc8f63a747fefa3fe8beb2', '73c9d756d75444f5c1784219914f9e6c']",0.3210540658203268,0.2230019611897807,0.15747272440066518,0.4616644834675162,0,likely_human
UC0qnzjl-NzsFmdhrpyu753g,-1,1,1,['4e8b2b5446aea4fe9029761159c44640'],0.3583280956182845,0.22289426911898205,0.13519898574509034,0.33641159692548567,0,likely_human
UC0lETRLeo0sWFMUgx_arffA,-1,3,3,"['0632497b6871dfac044d2e88cb134541', 'e2049166acd90b87d54beab67d8f9ae2', 'f321e2c1f7fb6d951fc565042d9f082d']",0.3217634842721388,0.22274699012406513,0.14535501622974997,0.47056350049201523,0,likely_human
UCB2Ww9ziG7xi1pzxHu8e0Tw,-1,1,1,['955cb03b0e7d1d3c28c5c054cc5b5613'],0.3605407906753631,0.22256836267879704,0.10397873904034907,0.38968303102020085,0,likely_human
UCh7aDUkZkUTvfA9PNQjvABg,-1,2,1,"['d1faa9c52a034073923091f858d6ab70', '8c8814472fb99b42c021b262c208abe6']",0.29727322231195313,0.22253990994323433,0.18553338434704797,0.49923680393680747,0,likely_human
UCx-mPnUO78MhwJO2iSCmP0w,-1,1,1,['b48d6118b24fe97c472001db1407916e'],0.34659392748996753,0.22248256719024878,0.13825021388888178,0.37439377774990373,0,likely_human
UCKnlWVizjWLivDrUOBrawZw,-1,1,1,['7f236938a2744084e7a2e7e68bacc5d3'],0.3571500439548888,0.22237643411209707,0.0910433834255723,0.41891235435818136,0,likely_human
UCtQeo8yEi46OBZfK7of5pRA,-1,1,1,['5ad6928c8b93a34b41ae0e8894e35af2'],0.35749210257084296,0.22232452403569816,0.13314316470696225,0.33120787612396885,0,likely_human
UCLpJqfrTcLpvrEme3Vp8-vQ,-1,1,1,['8bb3385f5eecef8c7b67262ee4086c06'],0.30463616871310534,0.22195719493904723,0.15919392042714783,0.5102873835031663,0,likely_human
UCOj5ZGo1mCQAHjynAbYAzHQ,-1,1,1,['65d70caab32efc9266bb6ac4304a39e5'],0.3309097228179381,0.2218733331163837,0.14601446686602162,0.4238057849748349,0,likely_human
UCfIgnMcEsA2IRoDZzGvtXVQ,-1,1,1,['0b50e143715424846e0abcbb1eb37034'],0.2806003453302851,0.22184465355473942,0.20812518767663307,0.5180811796590715,0,likely_human
UC47cU-kzFdBtmPCqgIKtB7g,-1,1,1,['0f4c43f5a0054cc6b5cc936e24b55390'],0.35139073602569415,0.22171924090550157,0.14829368578661675,0.32596762989287853,0,likely_human
UCnBrbkVOmTMpzjAQ5NCOuwg,-1,3,1,"['ff4bde962c2b9fd237135ef5308d888c', '309842359291dcf94ea8d9dbfd4cc0e3', 'c815b94b8a4c385fe8c2c8c10ff3148a']",0.3189070227240502,0.2216938435759332,0.1574238424953204,0.4613029298280974,0,likely_human
UChxuq7UOS6bpP0MPbXWAsXQ,-1,1,1,['851c63639aa3d0161048d73e54b29cbc'],0.2595131735894535,0.22157088385124693,0.21881985238877436,0.5965142239675564,0,likely_human
UCFJH6sgMrINrG99QUvpyBMg,-1,7,3,"['eb86f99362f164092b6f64a9018b6321', '85d1b836f512e13afb9c9244e369efc0', '4e80ece0c6ccfe9f4c70312a1b92eb69', 'f28b1e05c742ec7d44f71cb308e80066', 'b86b26009454866643d23457d7ccc0be', '9eef1167a29b61ce97c678db1c9c39af', 'cbf43b9d6da22d84e3d531f685cb7202']",0.3310848695009999,0.22146964542903647,0.1572513053880943,0.3945074193501492,0,likely_human
UCOAr7ExzhZ4-M3pjXXUmcHA,-1,1,1,['7234bee5947d343d619a42e12b21829e'],0.34513793555811284,0.2214318453359463,0.12353783028755715,0.3992860287832254,0,likely_human
UCmFcRvEeFcyC9iDJwXjhGSQ,-1,1,1,['14644f850599162eb2b93825fd36f640'],0.2661509463436046,0.22106728009213672,0.18627526945081155,0.6226100370464658,0,likely_human
UCM-iy2kIsLJhSmGMiXMfiZw,-1,1,1,['d95c9186cf7dd605b965010a58933373'],0.34437759552315933,0.22092493589630768,0.10793907967375868,0.42902300561146206,0,likely_human
UCysMwe0YySiQGSAdj00DgIQ,-1,1,1,['3b9f52f27b25a1ab95942ebd6f330e9a'],0.3238744495296051,0.2208537029043257,0.11590004745230552,0.5154308088488456,0,likely_human
UCbTqJDynLlq1UXBMKGBj66A,-1,4,1,"['f855224c0bf809ce516412209b92e62f', '4f5fd18ce9efb1d0d33b09ca26c92309', '0323b2ab841b0fec03bbf5e884c94d02', '24d54e40ed0c6f3b743eab76dbb24825']",0.24583790383598142,0.2207218045419131,0.16721908386130055,0.7488020970859193,0,likely_human
UCERe4RCslT6x4HOSHqEo17A,-1,2,1,"['4cfc643e011e2c8f7d71d50c0ce96a39', '3878c4e0e04eef4c1512b61d2325688f']",0.27986142524099666,0.22055759077147044,0.1821791902300029,0.56272263480355,0,likely_human
UCZ0y1fhXqdSdBuJTT7Ql5BA,-1,1,1,['45cc2a161359d566bf1d9fdb1b3556b1'],0.3374916795309155,0.2204672793685929,0.1425217299408417,0.3871555806339774,0,likely_human
UClD0pO84GAaM9veZQwIoGtQ,-1,2,1,"['b868251ed34cfab431a20e63fe4a49a1', '115728b149462d8f183b9fe543ee7355']",0.2813321248992884,0.22040609208925255,0.18684510096022944,0.5504720008982396,0,likely_human
UC07XQ7ddpmLE3R0LRB0en8A,-1,1,1,['1ba5800213a5c1485fec97a784ba0521'],0.3335453988881313,0.22024209369073,0.1587452168851763,0.36667858518367946,0,likely_human
UCPYKrenHx5b1GR3dst9qu1A,-1,1,1,['911c31e8b60f6f1bca35cbb9670895f1'],0.3022254243833252,0.22013225228684746,0.12084637380766289,0.592807931148908,0,likely_human
UCO2gBozdmbKqltuxg9JZE8A,-1,1,1,['f6f7a5db15634a33c12fdd960da3ffc6'],0.29380557551379693,0.22010670471319005,0.16472305237332815,0.539163402578557,0,likely_human
UCYcaYfdj1hUFPEPnYSclnWQ,-1,1,1,['dd5467c61119ca2876d3a22b82c54bd3'],0.3199289116508147,0.22002747347335938,0.16148425541926115,0.41750905946048233,0,likely_human
UCxKvfI-FSOv1hsDbYZ8hl5A,-1,1,1,['5bdb0cb0fc0bdbc75376b15ed609e5d1'],0.3374594118543002,0.21996213079574634,0.1299564254997193,0.40328756375137814,0,likely_human
UCWV56m2Y3mBz-r442WjM_ag,-1,1,1,['81d55eb5c7de798ce71a5b22825deb3a'],0.30870462492513917,0.21989109159917117,0.1245207548757213,0.547358104523882,0,likely_human
UCP6Axn38Xiz2urUkpx3B-6g,-1,1,1,['5cd836bb76908ad1748b21e44017a9a6'],0.3120675115931326,0.21978844216058321,0.14154948292871303,0.49542045432738446,0,likely_human
UCfswzD1A_xd66Iv2XyDEuIQ,-1,1,1,['2793e4d9cfee31d4c624b36795a2e765'],0.3128269574163409,0.21955970126061491,0.1569702177728295,0.4642772787688573,0,likely_human
UCd_bh2jG_l6mHdwCTJzHy5g,-1,1,1,['1ee109b2695b52d54fa2ed59cd6a8e61'],0.3039223818485197,0.2195491772908421,0.150596792316745,0.5097269456992466,0,likely_human
UC2BqlF7MmczAgSfS8zvafJg,-1,1,1,['dcbacbe5fa8fb1187f7a0aaaba9b43c2'],0.3026304493686014,0.21932735061624992,0.19615528888553094,0.42473186437883925,0,likely_human
UCXgC1XAWYlZFrtWbvBZl18Q,-1,1,1,['3f4546c08d98ea811b231fc5cc618661'],0.3228093977522135,0.21909083377520938,0.13555845443216988,0.4516697063905595,0,likely_human
UCpI840bOVcEYtRf1IgAJ7PA,-1,1,1,['5fe6fd4298d12f7de4b7c37dc6ab3476'],0.3368561183394317,0.2188546093028299,0.14502300213949335,0.37374465719850664,0,likely_human
UC6_-szfkCXAtERC-X3Kl71w,-1,1,1,['eca942570af533e64278914bada3b981'],0.29223232060185,0.21878133485515422,0.17436250672121542,0.5024689311465826,0,likely_human
UCCX79TmIJtG4Q3n-umMyE4g,-1,1,1,['9423b5dbec19c9064d8f929193939112'],0.3100889614573689,0.2187432085931532,0.1500417920319583,0.4836694599036694,0,likely_human
UCnBgsDPs_wdpDxKM9Lfxobg,-1,5,5,"['166a0db73508494416fb70a08cce5534', '4158638ce19fb393e81d797e64e7e540', 'd96456a2aa95159071b4f3de4f75c159', '54d878cd10c35dc2276e7808f94f6317', '018e4038fcb7e102cdff8e4c781ad5b1']",0.2893477981610046,0.21868802335022292,0.15809290577705645,0.5497337926445381,0,likely_human
UC1tZT_N9LhgJyFFeMgtbCPg,-1,5,1,"['ac87cd0e93a862c2bc913cd25c4b13f1', '1a535a9c877ee4f9ea5e8f1aee9dd194', 'bbf48379834b83ed29efb96f9595145e', 'a0fd1cacb6575a10efe64bf848e915a4', 'afd998f0d593a6aa3b9453b260a5efae']",0.285744272160818,0.21861584850280874,0.1578505050640823,0.5692212541859919,0,likely_human
UCiLpbULwP1PlxMHBFWAp6sg,-1,1,1,['0268fa13912c65387f96b34fbca72042'],0.34273938637512097,0.21860785422864104,0.14027162245416502,0.34976604185719473,0,likely_human
UCrYoaG2WwlE-Vr2LExzKa5A,-1,2,2,"['283371ded6758a3bbb1da48affcadd81', '80a868f4542d016273eb7d708f0a4087']",0.3242031474309607,0.21851872503731498,0.14814829576178992,0.4125838288753686,0,likely_human
UCTj8RYKayAesQ7IYBvAMp-g,-1,1,1,['e650749a564d372f3bdd10d1a8d7e447'],0.27564260031932253,0.21849268542879058,0.1923666939887729,0.5482833373317498,0,likely_human
UCpjexoE4MnR65AqpxAsT_fQ,-1,2,2,"['88051a21c3e2c1f4eb6d1152e5102f12', '2ee9e7c54c2a1328dccd7f36ceede938']",0.2910882168873554,0.218482108391222,0.1856618938606323,0.4815518163447844,0,likely_human
UCjX91NiVpa7eK3XfTu1ER7w,-1,4,1,"['700a107786233f3ec0a9e48e0f733c59', '1370f3ecc40821e6d95e93eaf1c9abc6', 'aa4ce3efa678155a1345283df0f6140f', '8a5796255707a5fc96a0e51189b1aebc']",0.2971229671905127,0.21825059368376754,0.12504636926350493,0.5856426844278579,0,likely_human
UCqnI2lvoSYfYEKpTIf4b1zw,-1,2,1,"['fb28a2d8315fdf1a7a459bd6f2eecd59', '7635b493ae1e731dd2e793c6aa6af93e']",0.27717299319731076,0.21823924363016645,0.20151347523923302,0.5243239897454833,0,likely_human
UCArI9_pRIAamxXHC-zL63sA,-1,1,1,['d3cdc5b9de5525bd16f3bc6f1f21159d'],0.318075695533548,0.2182342469372087,0.14047510177950048,0.4528810940011843,0,likely_human
UC5rwnjydNutr8wKZaAjiQ6g,-1,1,1,['cdf7ac3577cd60d8b81adb43df6d9935'],0.32160405144445403,0.21807632699878332,0.16140881646236904,0.3944935162192908,0,likely_human
UCH0Zrh60WMW2tpFibxh29LA,-1,1,1,['bf362ee61c24a70dd31793a0cebcfdfa'],0.27923419736270716,0.21799237406796632,0.17589059206213087,0.5574624906576159,0,likely_human
UC2bwc_FXWvqi8yrlrgT45_Q,-1,2,1,"['fbfc2d250d9cb2d8261dcdf849c61203', '405a5971a9441eeae81089ef08c38f1d']",0.2729968009105526,0.21787244605551148,0.18124908315361582,0.5676014742384121,0,likely_human
UCaFePSop7yiOZi_HWkm-k0g,-1,1,1,['a765bf2163172468201e647d9746a035'],0.32962938150662313,0.21786409819634509,0.11708925946017859,0.44091705334988346,0,likely_human
UClBTPl_7jYIxqxm5ktMahyw,-1,1,1,['0fa5494e70df58c9db62793edd4d260c'],0.3024193644804088,0.21762190659053307,0.15386835760513015,0.49453007653722336,0,likely_human
UC5lNl-HL4cE-hLXOCv5R68A,-1,3,1,"['4e210bfa2966a3638f4b31205165d4ba', 'aaab64a417b85b2f08fa950a4fc96202', 'cc0c6229b813839500555350ae50ff72']",0.2894947220840434,0.2175747211678051,0.17726766798356408,0.5069932780608061,0,likely_human
UCyvhXE5Bz2aBgu8iy61A81g,-1,3,2,"['282814f687c237c37bb7386eab571c42', '4196ab1f9cd1444a7c882e3c868d21a0', '3ce31b05a2f50a4a111d82344cedbfe8']",0.2880436449750041,0.21739746295826876,0.16284813791431713,0.5388283216345713,0,likely_human
UC6Lcvzzk0ADlq5Vs5U7Al_g,-1,1,1,['6363f3bf059b40ad4857bbb0bd584a6d'],0.31655628404202074,0.21670965529819405,0.15154673939820837,0.42409577958805256,0,likely_human
UCjk3ZdLBztNReRrw0pQ6y6Q,-1,1,1,['9908c5012ed076f82f29a0db1ade3c8d'],0.33919078159119687,0.21651143717802318,0.13592408846890836,0.35809683219831784,0,likely_human
UCvpIHt9Bb1FG2Dvkk-hhxYw,-1,2,1,"['69312ee19fac6b4879d627d0ad4318ef', '15dfeac269b01c435244be7da1dec326']",0.2810199707718768,0.21646946153228108,0.1539305345178438,0.5712453692083359,0,likely_human
UCX655LxCfO7pNK1HgJb_khA,-1,1,1,['26c084c26d25f0a505ae41fd78fd7223'],0.33893866822131336,0.21633873302035023,0.14121733878387083,0.3405687985304709,0,likely_human
UCIZAONIM3-3chgju4v_kCCA,-1,1,1,['2a78e2579d4ba44b51877b5e38146b1f'],0.328252179817342,0.2161273318298934,0.14774941006830494,0.37084457876003973,0,likely_human
UC16XEA0194vmBskJ2Yju1XQ,-1,6,1,"['0aef04852c45701620c75f693ecb8cc2', 'eb24fe5ac79eb79c82edc45973cfd54e', '8007040ca0a660f30ac177ca4196beb5', '3fb1f8b8c77b98e8a1e79798253cd421', '64505c20b23db884ac19e6f0735aacd6', '4d24db7a6363073b37cdbb6474719c59']",0.301515075505689,0.21610786543259516,0.14476906419783328,0.4995506868149471,0,likely_human
UCxmsAjbzcAPfHsLou3K7tfQ,-1,2,1,"['ae81874c0cca302016133f6964def728', 'f5eb405d2e915726adb4459420a405c9']",0.2990384380736385,0.21609832297349718,0.1534052207106293,0.49250396943022823,0,likely_human
UCLJSXYVhV5Jz6NGgqzSLEcg,-1,1,1,['ba4b101070df6567a12dfa720d1a5339'],0.2856989078783804,0.21605264988981362,0.1880216047977943,0.48743589832001266,0,likely_human
UCqflK1qV7JOqpLX6RB1h4uQ,-1,3,2,"['29f0e3f5efec44f2417d7b43337da77b', 'be2d3e01f6e3c75c2900f0b7d023912b', '16cfc47b54dfb89ca5ac39aa53c3cb43']",0.30694270788025974,0.21599993251091443,0.15127644598017212,0.45786913943685814,0,likely_human
UChVYkSDYLFrRdEJB2dBuv4A,-1,1,1,['118b95c24d4d70df6b62221df6071659'],0.32945170967403054,0.21559332516764967,0.14785088092895723,0.36818025470106286,0,likely_human
UChjha48npE1HzEf79jZ2OZg,-1,1,1,['8b496b3e0d867fb45ca319b3a19395d4'],0.28952830677928115,0.21550136721610708,0.18173504477908722,0.46765345745845566,0,likely_human
UC0EcEYUNaCQDnNEAJy7rpNg,-1,4,1,"['6b2096c881de4fbf2d3646b9daae7ed2', 'd066ae8c65a02d4765a7a3e442e6d473', 'e9b8b1525e14febb3cc413c91fd2d015', '2c97c75e56f2b72197254692503a7afb']",0.27657193633670263,0.21549552638057828,0.14993978815383363,0.5926866606837581,0,likely_human
UC7G-TFWael-XE22yokkhioQ,-1,2,1,"['545158d524685748abc3738ff07e011a', '690fffe166a80f09b24953fdbc103224']",0.30512676658367893,0.21541468294104843,0.15799436156902208,0.4526414142034598,0,likely_human
UCZ_V8XcGJySMuYpDV6lLisg,-1,1,1,['475bd46c116778f550b1e5f2893771d2'],0.22492578460824617,0.2151681967733975,0.1835257831861404,0.7528610610380075,0,likely_human
UCjmGaOq6AeO7O66-p0E7xPA,-1,2,1,"['aac110285250564ae2eca5961adeffa0', '173afb31d6f0007a608c82ec486cb23e']",0.30236935311508806,0.2150493130210801,0.15210055518726495,0.4716659702781857,0,likely_human
UCzA_hV7i_FGcbBQ-GsFBvpA,-1,1,1,['b6769ad9d4112e411d163ac1dc6ba0da'],0.2794578399040696,0.21494324815772245,0.17874136555112577,0.5132787579244588,0,likely_human
UCwGV0V4tUE_4OsrHvm4aP0w,-1,1,1,['17b89ef5f4f36e437777250113d40636'],0.2832806716697619,0.2147976915648009,0.197794038011628,0.4559926482467986,0,likely_human
UClcrVfksqX6bnHIvTE4HSJg,-1,2,1,"['a1e58a8341fd3ba043cf3e90bd62ff2c', '35c7bb689d14d5ade6f6565f453f6540']",0.26982706312796767,0.21438490551336686,0.18075178662000507,0.5465729136213255,0,likely_human
UCEDm-RB-rBStH2hSVos2oBw,-1,1,1,['9981456e81ccf047994db3ca7ef66ee2'],0.3250679033057884,0.21427348490225107,0.15887426853479708,0.34310310509613523,0,likely_human
UC2QGCXHs3--PuC1FScxUNUA,-1,1,1,['4636579c74b093b421569c0782c67890'],0.3118537627284133,0.21408610949749787,0.12084257871032716,0.47954625574112963,0,likely_human
UCXZ20uBLhsd_jNRSV24t0gA,-1,2,1,"['38db4d52aa986f180218f8035aab64d7', '21687075387b6d7fbe5e6333abae5234']",0.326966891159332,0.21336425156759523,0.1279782952745601,0.3904724389513222,0,likely_human
UCFqT8IgZQK1RQywjXlMGdEQ,-1,1,1,['d8920782be0ed162b4366198130d1329'],0.2856852009125176,0.21301324151202367,0.19332835370854254,0.450544933112524,0,likely_human
UCPuH007CQZCQssvAo1dUvTw,-1,3,1,"['e82d4b00d7a68cbf647ed74fc437f413', '0bc0ef7d75aa253b1a011bf96f878264', 'fe24a5cf27c472e77c20ea28f75cd1c7']",0.279462306162261,0.21298912663487385,0.1589499937050145,0.534045843763239,0,likely_human
UCdFDlJujJRZcD8OsXuqfjsg,-1,1,1,['d574232918baca717387c8ba7c59a7fc'],0.29603176717200674,0.21239534332864277,0.15773689404929903,0.4661222696238009,0,likely_human
UCLN-_yjf8FxBE83J5VLn-Cg,-1,2,2,"['5951e83ceeb2a3e6dd70ff100af88ef9', 'b5478d78a98e233766dbe487c8451105']",0.27902975838910393,0.21238452912664216,0.17112866928123038,0.5115656646271515,0,likely_human
UC2fZU0v_niC7tdZykVtj5lA,-1,1,1,['79389959ecb68ac0313bb4d5c5aa21f5'],0.3200736822632555,0.21236035953102578,0.13746291358226337,0.38939171181737064,0,likely_human
UCrCYmYYlKZ9MFgSsH9mys8Q,-1,1,1,['9beb0d384045218fd0b35fe7cf0d3338'],0.24981103011982636,0.2123056625592001,0.17457407128454377,0.6286423715904141,0,likely_human
UC2eGnrVwaL2VOjaJ8HBzqNw,-1,1,1,['6e59d5fe8050d6f9148e7d34dc489002'],0.2866130290317497,0.21227890711491748,0.14664127352410863,0.5193099541473041,0,likely_human
UCL7ANMcuk5kPKZgcnjjKaqQ,-1,1,1,['4ce95ddf41bb16057bb3f08318526b0a'],0.28264100520669655,0.21196933199343615,0.13455524506497119,0.564107966560398,0,likely_human
UCUmHpg4lvqQT6a7Z_-giaHQ,-1,1,1,['ea1efdcdc8ec01c44ee3d47dafedb3da'],0.33689776894091616,0.21146072426443757,0.10872670075510964,0.3725797912248333,0,likely_human
UCvDwtWfTiaZiqgxm6ImpsRQ,-1,1,1,['b023953c17f121310091a66a73b3322e'],0.26138672944208563,0.21090203915766068,0.12769268273719245,0.6706174246710628,0,likely_human
UCNbrSNp3UjyEj5HKS-LSlEA,-1,3,1,"['0f47d7c536a4a4106ee5d59266683839', '8d6e2544faeb8f53cec6bbb5fcb8272e', '1d5df63f7d88837eb7b9c3d4a56ceceb']",0.2925224430075232,0.2106281814564574,0.16872416544993493,0.4325201156770295,0,likely_human
UCcjjRAHrTCpWkBGSdZjsF0Q,-1,2,1,"['173f3e206635497232e8f0120f0757f1', 'a5f7e7665c5696d88952b8181c77dc99']",0.27692590609342255,0.210509598426228,0.16989465025287204,0.5003947896123053,0,likely_human
UC5YZlvxNE9LSJVEfSEWXjag,-1,4,2,"['7e7fc56e6cffa8a7b779506491ba990b', '3b6d594b7d7e817b5926480cee1904b1', 'ee6c5e9ed8aabcfbb19c4309d204836e', '441522de7a95836be16380793d7882b2']",0.24386536853078147,0.21049405925623418,0.1897007847986955,0.6055783567177601,0,likely_human
UCpokWRoyqHrOSnjvBVG57eA,-1,1,1,['2297470f6156498cec7ba93fcf9fe6c4'],0.2907680984060623,0.21027584017738016,0.1749332220654523,0.42396737361140874,0,likely_human
UCh8Wif5M1qMVAO3X7iHbIhg,-1,1,1,['7a711b2f2142acac4748df739ca63acb'],0.3019311454759164,0.21015661838415522,0.17944808413857521,0.3755768016758877,0,likely_human
UCfoK7tRBb-VJJFHjOjldxTA,-1,1,1,['028db3de328309f644223d3a766eb8ea'],0.2518692356543775,0.2098066390060005,0.18428593704658427,0.5809882141480905,0,likely_human
UC7GJYpCcag_WruBq5d-C3dw,-1,1,1,['f0cce4e707213dc87f9fa1f13bd94325'],0.24838621922220466,0.20967660561468315,0.20603312113096492,0.5533129735378788,0,likely_human
UC9RM3D3ttctKRvnFJD6ETVw,-1,2,1,"['21303957349777e4115c6cb51bfa500e', '33e57a18d561caefb38d4bc2c356f162']",0.2819676361989939,0.20924248227460168,0.16893598483576455,0.4758979518058725,0,likely_human
UCUD1rS92vZf2DkEwXNZJ_9w,-1,3,1,"['d647390cf87a6f8b292bcd090f8f663e', 'f6e8342a95157302765929b7f43b72b9', '955fcb860842fc64bf17894077610267']",0.29179810850780774,0.20915615215238165,0.13721722307486542,0.4991630721757043,0,likely_human
UClEtGOkjQcGAyON1b8GBDJw,-1,1,1,['c3a1fae87f5ad660112d75901e9e7080'],0.3353257858037467,0.20906106922984982,0.12971729313696725,0.30490928202085293,0,likely_human
UCj5J9zvKXHL8BSzZEzK5o7g,-1,1,1,['0e21a3cc873e0832fefd1b977860a70e'],0.3411062426627093,0.20905262787103662,0.09190455704922655,0.36590309169663904,0,likely_human
UC66XXR-HHVXkD5eAY-gClAQ,-1,1,1,['760ccfd6233391460a4481c31b379d84'],0.33170323975647364,0.2086668992145672,0.1298472420769294,0.32026176330952877,0,likely_human
UC4PZo94M23QNoaIzr2lv2cg,-1,2,2,"['b809ae603ce478ebbc00fa639dc08865', 'b60a9eda11411446b9aa63097f1c5849']",0.31785489792447724,0.20856185694490406,0.1264794408734084,0.3867159873436078,0,likely_human
UCOnULsxLCgbXeD313udb7Ow,-1,5,5,"['d4cf4c6a086786995395e152fb0c2637', '782deca2f6991a163fd6befd5c743c61', '065899350b2c4071b931fa866439a810', '1f3eabef600081b7e76f245c3213b3ea', '851f0905892cf9ea81ca8c4649b3f31c']",0.2847451794334468,0.20838897055064518,0.13941897686743884,0.5068396678382664,0,likely_human
UCnPzO-n2Yzgay-gCQkA4fzA,-1,1,1,['47b124066dbe52abef39e997f049d0f5'],0.26052057554251584,0.20801001869879376,0.15846052899261862,0.5708072418381938,0,likely_human
UCm7YabvxeGLDbNowq9CcECQ,-1,1,1,['c606f55ada1e5c31ca40a189740a710f'],0.27681727612697926,0.20776517320135932,0.17295652638425865,0.47334641634173935,0,likely_human
UCtNrbhjU0FAlvTDVymotxMw,-1,3,1,"['7feac7a3f220d343eb02aeac207d5cd1', '0abdf670699c9bdb7e29567b431cade5', '706f3576ce1e95b03faac8a5578a6acc']",0.28137598119315493,0.20768977565706065,0.15971207804576174,0.47297180514640114,0,likely_human
UCnMyOM6S3gZIkHhIPFfCRIg,-1,1,1,['e10dadb526b5c27d2d107c3e63eb2e24'],0.2713624295755729,0.20754270869542363,0.18995589833642784,0.46350968983821866,0,likely_human
UCKzJ9-UmYUGlx6VsFSTdoCg,-1,1,1,['292d29ca5661663f97daad8bc0036f50'],0.2503945808603898,0.20748393349939412,0.1713271892604339,0.5832939152718376,0,likely_human
UCes7XGrq-84rsyV0g17sEdA,-1,1,1,['8daf7d8c213a2bc31a5357d9a395c147'],0.3086219741650438,0.20736247523764254,0.1543282047432065,0.3672174171990642,0,likely_human
UCF0G8j_gZOfzZK6P7AajMpg,-1,1,1,['ef41dbda026730a1dd677f834c38a900'],0.3098668928837376,0.20684063738300962,0.12784905587704273,0.4001058633732014,0,likely_human
UCcVmLR96ExMZrV6kiFCN6tw,-1,1,1,['16f7e531d9ad7f8c83cb8064df437923'],0.31663131717340537,0.2067197865212867,0.13229691724806017,0.3704381829881546,0,likely_human
UCRfUpDiC3ZqdMBn2uz1yuvQ,-1,2,1,"['9254cb9e3d5deedf46cb88c5dc331f71', '6a54f1715ad07cd8dac315ab4dc9882c']",0.28015605551353734,0.20647501806335575,0.14900793874084528,0.48620971750612574,0,likely_human
UC6NOihAZ8N4s5daUf6kPCRw,-1,3,1,"['9f99ba39dc4122ecf32bfaaeda4e5d3a', '3d2d1509e9dca233d1653c23d8ff75ee', 'ead1401da174d4a0b92070d0633bcbc4']",0.28084784769422094,0.20611435913068335,0.16235362113343263,0.45584693034700297,0,likely_human
UCctVZJ2Uitkrit2EhyUfm7g,-1,1,1,['b0cc00e4ab9520b3a0cb17e70f164799'],0.28058676220394285,0.20549173139756222,0.17262004043408816,0.43232004814083297,0,likely_human
UCnKdom6Ws5ueMjQmZuzCFzg,-1,2,1,"['5f1ab54d742d9a061f08d4ecd56d25dc', '23531abf3091439ce70c1c8e58b429fe']",0.24509236047294164,0.2050976420589407,0.19551899992154098,0.547183302791773,0,likely_human
UCVthX266sfFrNSBqfDpvE_g,-1,2,1,"['96f05fd6eab812ead53cdc0c6be2cddc', '8b4e45f1008c04dc8e84a2282ac70ac1']",0.26928918408267705,0.20500157759159118,0.16317473147317874,0.49317430680565927,0,likely_human
UCM24I7ZX80jW8ZtfDInmwpg,-1,1,1,['6c912d9a6f5cc2289a2295e2ac288dd1'],0.2488452179702262,0.20496240188990128,0.18905951262504644,0.5349751328458496,0,likely_human
UC76T4qM2yPMn7XFON9ABfyA,-1,1,1,['8686511c738984f94c37050f7537f791'],0.2932797698352144,0.20473240277563165,0.14366833953044983,0.42541294521592077,0,likely_human
UCaUltBFwedl5bkFNmkaX0Cg,-1,3,1,"['888553f24bcd0a0db05708ad6c12c5a0', '92d8e625dac92213ceaaa70dbe244701', 'f37ef94f3ee6091713afcd78861affae']",0.2920468767326633,0.2046719055166215,0.10632168587350647,0.5100821226241512,0,likely_human
UCrUDzi758oDX9MocYKoFErA,-1,2,1,"['c69c406feec636053f35ad73ce86af88', '6804380c156c9977809ae700675e2a31']",0.29803042705060845,0.20460742273438434,0.13593106086454443,0.41803056793394333,0,likely_human
UCHuVkfiLtcufevWYdRBJZ5A,-1,2,1,"['230628192256f217842b5252b39d85ac', '575884f40434c5910ad7f7ea0beacc5f']",0.2738863366967073,0.20452688685566603,0.15004162800644627,0.49499298538676506,0,likely_human
UCbsnWUEPi6Bjp_wrBg28WqA,-1,3,1,"['7c8474f4d5636d3861a3467f63defb88', '7fec041382e4691791eb9901739b63ec', 'b47e293d542e0d55d0c1ff8479092a04']",0.23211604562432223,0.2038796484384517,0.19320463320289294,0.584555893207632,0,likely_human
UCNf0Tvh9hCsh4E7oxTtX_Pw,-1,1,1,['b8b988ccf25259b8c976372c3b3f4c03'],0.2651100160546684,0.20386147225803564,0.17911167014241272,0.47036485873335077,0,likely_human
UCD0L58aGehm3xU8XCgxlJLw,-1,1,1,['b3b3ebd62a6e315d4addff1293f6ffea'],0.27516695142753217,0.20346927574367787,0.17019007995758537,0.4439412551158198,0,likely_human
UCHxu-29VEy-H-Uf4IS8qMWg,-1,1,1,['25fa432826c3d61bc5b1af6a68981c34'],0.2361062189736879,0.2032451041318632,0.1999898696198225,0.5525967061816927,0,likely_human
UC61Cl1YE3-AUM04h-3lT7nQ,-1,1,1,['5402759589bd34f822d4750702032b49'],0.26189428706847817,0.20324326761585443,0.16091336063562017,0.5110269376197742,0,likely_human
UCeOLmyJIvGDGDzY1cjDCXUg,-1,1,1,['06c38370924b5085d712001979a0df0a'],0.2558150098208799,0.20283310948263747,0.18011504178668605,0.5012325763194032,0,likely_human
UCKqZ4e6VoRRZb1J09VtCbWg,-1,1,1,['34f274b66eb8cf7829b1445b93454cfe'],0.24003371476884755,0.20282621550754118,0.19376075811153703,0.5414455309531788,0,likely_human
UCLQjnBSMoHgTf-5-9b-Scwg,-1,1,1,['b359f2fda319db85dfbc3ddbe95df617'],0.33435784148339365,0.2021132892677088,0.10116910650596239,0.30128958261673877,0,likely_human
UC56s4kU1oW2DHePLJn7sWEQ,-1,2,1,"['44d20e4a6c884868d8a3ef7bdc153612', '1c372e22d64561934e4b675211bc8f13']",0.2521523789762772,0.2018724344530844,0.16108546125415732,0.5526613616275262,0,likely_human
UC46hOVC3bf4xoA44Cw3HU_A,-1,2,1,"['8af50af7409f5693f563bda74f37b089', 'b6277f3255f962aedbf82479d09b7419']",0.203033326051746,0.20136337462401727,0.1563687170932937,0.7715169205214956,0,likely_human
UCieYk5ZTnGpu2-xOFglTUnw,-1,1,1,['2d70bc8e1e5fc06a3c196b02ceb91fd9'],0.23660930858948792,0.20094590766214837,0.2024456505027275,0.5155810234942511,0,likely_human
UC87n4ULUVrTiSdtsH-Jcxmw,-1,1,1,['8f5deb37eed0a6314198725a01ab70b0'],0.31119360189688755,0.20091988616037337,0.1301112720290303,0.33959393035709873,0,likely_human
UCkK7L2nqQs6GgLM1dr8lxpA,-1,1,1,['8593d3aa335705d868ea612d2ce1535a'],0.2563583455108177,0.2008836461199442,0.1662128852456472,0.5024784661935422,0,likely_human
UCuu1vpWiKM2tBLacenVFbIw,-1,4,1,"['30f280f1c5d9092d9b9218c73b4c4508', '7a4b6673a7d8aa65930967c0b58b6b1f', '7c2830d0984a180869df11d4c0d950b1', '583da23412d151f5a579f59c468e1a80']",0.2542982913457557,0.2007636289016942,0.16780289457093248,0.5120359127119669,0,likely_human
UCHiKw-wxZZ9LtTvaB0APqOA,-1,2,1,"['99a608a30816c36e74081a195048f176', '0bb832f327c95eaee89436d9d691831e']",0.26725298413521026,0.20052755591962781,0.17818697475868167,0.4335870500084144,0,likely_human
UC27A1kHyD2zYe_SZu_X8tSw,-1,1,1,['98ba6bd43bf2bee44e66510e0bd6fc4d'],0.2922651211937569,0.20050460606688567,0.15737120813242603,0.3648832867510102,0,likely_human
UCUR49xaX8MnPtboV0Z9yssQ,-1,1,1,['fdceac1467afabfa96d15fadbbcf8abc'],0.20549159026308086,0.20042238584165983,0.1764329829559096,0.7046830495434497,0,likely_human
UCS1blgk4aqW0aAlv3Uey6Kg,-1,1,1,['a91e1dfcd69cf6fe1e5f8b6f4419bc2f'],0.2581602859736238,0.20002864662106,0.19121552381515125,0.43810322845800703,0,likely_human
UChn2CyV9zmtvFyIAIOUmgSQ,-1,1,1,['64b36df25eec64da32238adc8af30278'],0.26680367199214383,0.20000913038457224,0.16113843647434972,0.468307196448437,0,likely_human
UCif10aQh9VNj4fWoL3C78SA,-1,1,1,['013b90343c31f5269cde6ddac0075ca6'],0.2375513560110232,0.19993422315707404,0.20468958847350652,0.5179713995002146,0,likely_human
UCxxqHY9PZidA56re0LEx1gw,-1,1,1,['3b6a3730e055d77c4d094da607e48bcd'],0.24316233011075405,0.19852933966605923,0.17468557911847019,0.5221767659141793,0,likely_human
UCBHNRT2EdwzANBQPsSn97iA,-1,7,1,"['f558b0fe32d2c8b62348fb59fe66ce6e', 'f7033ed161fd1eff84fcd287b1fb9aed', 'b44ce77aa5d073c8fff1a787c272e41d', '5f0bc168627fa1ea54954da7625341e8', '29f8c75c1bc7e62040c058ec7aa41fa0', 'c00dc33652303e2021e0c7c6ce4bccf9', '162a238ce9597a40667a809ff388c6d2']",0.2758700745179681,0.19816208828395698,0.1395661667326473,0.44414821365240037,0,likely_human
UCmNvby4Z2EGilzHa3lR_5mQ,-1,2,1,"['ae26f5296e1035e5a345ee97be3998c6', '37418ce7e5d3e9dba08ba34e543b9c70']",0.23830923570075613,0.19744027646278486,0.18708116947746864,0.5164596136239564,0,likely_human
UC6-P1zYkzjajkdKyOe6HhvA,-1,1,1,['a700fa141ea729798d7d5437757d3f63'],0.26953675133179583,0.1971500710983912,0.15854045920628013,0.42214640356595956,0,likely_human
UChlc1gFnlpSzDepbMdLGjxg,-1,3,2,"['262676ee4625d022efbaa6549cf49386', 'ead6e1a9a6bf05971ec313080e9dd525', '789b8655a18c696c0058233dbea731b0']",0.24083165133132603,0.19697152666107706,0.1751646209798034,0.5186615006155166,0,likely_human
UC0orWZC62dr_Yo-OWvJmCYA,-1,2,1,"['6136fbc0092b33511cdff3285f2919bd', '4a9a7081f621a20f13cf220ea2917415']",0.3036397514058785,0.19677772872983132,0.12619566452784267,0.3347230978480019,0,likely_human
UCc4KT-Wh6n3QGj0-rnP0SqA,-1,1,1,['21ba253c4db3140128f7cd24846aca4c'],0.24625750879081654,0.1966491790719882,0.17713429328524,0.49317430680565927,0,likely_human
UCgrGMISPHrI90gJWCoDV7NQ,-1,3,1,"['209862103e22701cd21caf5d4ce6a658', '194e617dcd33faa60c0ad32bf1157071', 'fba09e2190d2205ef91cc146a91ee11c']",0.23718035238312463,0.1961792483805207,0.16188291556152368,0.5525705012131533,0,likely_human
UCaPT6DWr88E-2Ul_9qKoUfw,-1,1,1,['047a9263668e4a64a791e5fdf146bbbb'],0.2175247266125283,0.19613232901414485,0.19207449229519163,0.5791287964790806,0,likely_human
UCDtuNa9WrrV8gvHqQGCywaw,-1,1,1,['9a65694da20b71a5fbfb54b6052db294'],0.29563586850073365,0.19578131062656465,0.12672629475177796,0.3567742596146035,0,likely_human
UC0r7DW-bjFucEXTr-xRSmPQ,-1,1,1,['2b58398e8114d77c48baba8a21b0425d'],0.23017415863418406,0.19547693854853337,0.16543972336489202,0.564107966560398,0,likely_human
UCK5AiLIFgD3GBKzrYkrMwig,-1,1,1,['4e395c33fb73360d817ba98cf7421235'],0.26998931332658466,0.19545908230115022,0.15843714893084657,0.4059444658304018,0,likely_human
UCKpXJThkakolC72yTevKpbg,-1,1,1,['9c78df444c8ed328770cb67a9f7bcb15'],0.2719902629650728,0.1954155111503345,0.1657563357616681,0.38958415784994355,0,likely_human
UC06jnKZgKOn1rkmor9saFlQ,-1,1,1,['61ed8995c6471657d985525c9feb9d7c'],0.266326890286585,0.19496268926287172,0.1256341108836588,0.4844254216080105,0,likely_human
UCpZLmoo2322awSJ1HB7Yieg,-1,1,1,['a85ea4739679935964d75f5c69260517'],0.26278168877880226,0.1949353188367189,0.1698165498236062,0.4075406646335942,0,likely_human
UC9MjyjeKmidLZzh1lgfTNOQ,-1,1,1,['47ddb7384b8e421a2608b018946d24b4'],0.22841634556444929,0.19491637284997237,0.17394088920273637,0.5522179414463718,0,likely_human
UCYimwMx8oFM5yGNDHzikeGQ,-1,4,3,"['110804e0642af2b22fd5d7856cd62010', '8c2642de24934fbd3065d4e4b747686a', '11241a3ffedfd381e5c87af64686aa23', '71ac7e3bf9ae2c151e1f7e26cd0d7898']",0.24187912351827176,0.1949047260276845,0.16406501383509248,0.5164052789262391,0,likely_human
UC2ouDDp9vM9axTeAZbLFfgQ,-1,1,1,['4ba6ed72a43a6702514ff858e853f4e4'],0.2753608665574238,0.1947723368074649,0.1487234240896887,0.3936133508420889,0,likely_human
UCP54FTLrZDVYMxikG6YPH0w,-1,1,1,['e28386f773d41c5de95ba5049b9595c6'],0.19899482293235954,0.19462958222256815,0.17755795059875543,0.6771609044653255,0,likely_human
UCj2TDcOpLLa1_e7aljWBq4A,-1,1,1,['bf33711416921934720b2a516bb6d631'],0.2614960996684194,0.19459681142087432,0.15363268524995616,0.443942495337452,0,likely_human
UCBd4kW2ZDK7cFnl489iTqeA,-1,2,1,"['5bf4f8bf70f9bb512afd3347f598e477', '4fb053d47b803e538f40ea29ead8177b']",0.19797758553138622,0.19445454608139007,0.1655428040303475,0.7116798658723279,0,likely_human
UCT3NgLNHGYXYA2mGQbaSw0Q,-1,5,1,"['8c2a43bfdd39188f74ac5172a8927b26', '2382b02f7e6cd54b08254da775493807', '45c6534a9b2b3c8e72ffb527078454db', 'ca148ead250e1bfc8505ccccd901357e', '0bcacb04b873e888deaa17bca91727a7']",0.27609736026626497,0.1944194282215359,0.13759123127431216,0.41045910949005954,0,likely_human
UCFTyqtEGmpdK6UQEBPR1Wyw,-1,2,2,"['3e406e7d4f21c191a960657a45cee68d', 'f74bace52efd6503627aa60e936b77f3']",0.23501757670257917,0.19437944450288927,0.1579726177981134,0.5532198076513335,0,likely_human
UCEfB4s27uUCJIlZin7ZPqnw,-1,2,2,"['ea83e3384b6267edd8d363cdfb5a8699', '4657844dd82c1e24a24f48fe33607d85']",0.275668547071938,0.19418063156417664,0.13735815511042465,0.41519809362992377,0,likely_human
UCkU9alzT2dn_mwwwpDpM6vw,-1,1,1,['f653342f4d2b60f4ea7c98afcab47ff3'],0.2625329964783734,0.19411352914121166,0.15620376398422106,0.42850767157664127,0,likely_human
UCsQD6eNixXIaZPlewKZpK4Q,-1,2,1,"['0464350b593ded289cdb42653456cafd', '53b7da1c04d549abba2c72cbd2a4cc1e']",0.2746842368702214,0.19408584799720813,0.10578894638489712,0.4791425583241138,0,likely_human
UCq4c5VbHBVc790b9uDAdjCw,-1,2,1,"['6000313d378e3e138b4b4a9d39ae5aab', '72fdba875e432f17c21390140ff9f719']",0.2320786561453123,0.19377340676476287,0.1658112134520747,0.5526940978744268,0,likely_human
UCxQ2DhAptXGU-lxzNkAnMsw,-1,1,1,['0363b764952d52197f95beb5a2f7faa3'],0.20010971732626315,0.19359426727174517,0.2191878056476222,0.5750983495244639,0,likely_human
UC_zTMrsdmRa0DyO81-SDCIQ,-1,1,1,['386b96b2898b42cb47814a76b2ba3d26'],0.2404094956984879,0.1934636782481387,0.1726933951625594,0.49420151883248475,0,likely_human
UCN6WesXo1PvGhl_nzuwcO_A,-1,1,1,['36f46db75895756a6d56f1d7ba21b872'],0.19164269381792848,0.19317011596516173,0.18174849236735582,0.6973821954641157,0,likely_human
UCEsXlhmCmFGsCON06Xp2l0Q,-1,1,1,['c80fa03f6ddf0e776ccf433a6c7a9d43'],0.21784246003714242,0.19279947158587757,0.17710295137492615,0.5716909128715999,0,likely_human
UCrQsYMZveF2n8_Z1Tb8FwFw,-1,1,1,['25dfa78d508d03bc5b8208b63fa03665'],0.21386126612323664,0.192669115056067,0.1825711788673704,0.5796725357790506,0,likely_human
UC4srS8EgJONrSxJWm7nU1GA,-1,2,1,"['5ee57f6b3dc719504b440ef00824fbaa', '993302bf89814e3a876e7681df8aa6d3']",0.22796991605074715,0.19227583829977288,0.18404381099611805,0.5105434945094092,0,likely_human
UCZyjPGIx7ckh7ygEjo05sJA,-1,1,1,['282e1efad6e2a78f09e9d5d104bade7b'],0.2343473938174122,0.19212263529185866,0.15385447580787684,0.5409629292097805,0,likely_human
UCCZVypw5rNoE64xIwB_ts2g,-1,1,1,['29972817b16f0f66060b6c89b344958b'],0.20725886708275323,0.19207693494491512,0.21123242854437876,0.5413504016532105,0,likely_human
UC5VC2nD5eFZSytltSeVg1VA,-1,1,1,['3f162142d2563cad8acfaf6e7aeafe26'],0.2350772075173308,0.19190264467328394,0.16953809718092686,0.5005751672678478,0,likely_human
UCJZXCwSXrpzpeq_KmzmZrkg,-1,1,1,['e9a79ddbf2dc07cd20eb8d5874600ad0'],0.2676730848203547,0.19159036240409996,0.13727169119831956,0.42578899930286385,0,likely_human
UCUh-UETluyKnuMypzQcbo6Q,-1,3,1,"['44d5147b80ad28dfcbd8d9cca94f7df2', '6925aad678018f3915fd4899a6c7c059', '3287c6554147498c86ccaff9b19b6585']",0.2147609466791748,0.19139790254834155,0.17071120756869307,0.5853075535511825,0,likely_human
UCWVkD3zGzzaPlYgPKYKjZCA,-1,1,1,['31eb86f128087e406a2353267418bc5f'],0.2415676048186935,0.1912542114220957,0.16457742902038106,0.4801055930696527,0,likely_human
UC-YzN4zBdT6is-hk9PNLeGw,-1,1,1,['74c50e940d8bf6cad1ec75088370b1e6'],0.2517659390235789,0.19077371628354745,0.1508203286854574,0.4590746993598689,0,likely_human
UC60F797SBpCBUK8_e23fyZA,-1,1,1,['e547dfa10732545c1d08c92ec728c5e2'],0.22652884785895255,0.1902303181081635,0.18642486082233384,0.5033935260098491,0,likely_human
UC1c_p8FGpIyYRWDYtuMj1cg,-1,2,1,"['61160fff17bf61639832170aa525a540', '032b7a8c26704d7019538ada8e2d3866']",0.22687167097446853,0.1898396625763,0.16155759053489896,0.5348489467308531,0,likely_human
UCXvdhkr7XXicWvZS0_fzjLQ,-1,2,2,"['48ac4c34495ea2f1e87acc4f8d2bfb65', 'a12ce3e75ee582e4da9913313f621de0']",0.20603874218223048,0.18974774941782546,0.18082360840999084,0.5926684244659358,0,likely_human
UCsrGR9kTT8KiG1Zmg47xC7A,-1,1,1,['70403ae963900b459141e33cb22f8034'],0.23508360396659905,0.18971668750070142,0.18337488429274262,0.4542618993805057,0,likely_human
UCamQFRNnR_Wv0c_6ZK1BgLA,-1,2,1,"['ad8d2cce7998be5800e8c178e58921b4', '8cd7a5ebda5725e67da0f4fee77ff266']",0.2584412593150904,0.18963670197145205,0.13737875950695821,0.44250556780024813,0,likely_human
UCZdw8VVKcs6O402g2xH7mLA,-1,1,1,['d9e153c320934cad44b7232934f715a1'],0.26104818083273945,0.18962417966561884,0.14860659389913122,0.40490158200495924,0,likely_human
UCPdD3YpXTI2gROpI-LtEiNg,-1,9,3,"['04e1856f5c1621eaaf463f99e9030ed4', 'd128b53800503f2ca3f8ef9860bf1438', '82ef637e66f1a209bd1cf72a38008aea', 'e4fcd4257a0f0aee848e851f7f016b99', '8e00223ab8cb504edbc1cc9dd56cb522', '5929b3da83e92258d7a560a58e03ee4a', '38055faba83fe621b75374efd4b4dd30', '791f9cf70b4e75597d1e6b3443856f1c', '5525d82df77311967b4f589c93fadb79']",0.19316644391574297,0.18906733361476358,0.21073952175025085,0.5771986739822131,0,likely_human
UC3bhEF1zrhtJx4quO_uY8Ww,-1,2,1,"['f81bf643358105d17434b3b331d2126f', '30c8b6371d0630cad0fb00a98ac55044']",0.24109864921457044,0.18880853702885791,0.18148753999930095,0.429233634495264,0,likely_human
UCIsz8huZX0674iyT5Qrq0RQ,-1,1,1,['e54c13612c2decadfe0087486f8407b0'],0.2251822088423483,0.18874465445731153,0.17612270871160238,0.502287671639782,0,likely_human
UCz4d9ALe6BHELAnjmq706RA,-1,1,1,['7372f2d126f580851a4fe3b201c6e489'],0.20176011799219254,0.188582700317594,0.16167353579361612,0.6378578073759233,0,likely_human
UCsVCCj4PgH_yYAImjjC-y7A,-1,1,1,['62e30a4664f39d3d350a5b305a40bb54'],0.28261760671078523,0.188479023160327,0.12029717512944318,0.3569476258162333,0,likely_human
UCbT5TEYf-TLtUpDBQhazYEQ,-1,1,1,['c3b0606a2f13c555658b6252a235af6c'],0.24246017084045754,0.18829393307923248,0.1294678162671224,0.5138775029632185,0,likely_human
UCXt9cmCBWpP9QN1FcL7RZMg,-1,2,1,"['f07f8a21ea454634e9efdea6ab6f3bff', 'a5aa10030ed90d40c75fa89ae69e8856']",0.26449977575941325,0.18776841624356527,0.13981776866209092,0.3923133313955749,0,likely_human
UC76ivIKyHZPNtnN1SefKXGQ,-1,5,1,"['44d3185a5bf97363f1518a99279c4475', 'e0a75f91174f63c23732688697f58748', 'bbb99592fb33afaaba8445086b992cd5', 'b3de4190a70824f9cf30a53d25ea3648', '3f165a93bd334ce78ce4993b2aabd561']",0.17052293200416832,0.18757729344568927,0.15191371817818336,0.789024589022865,0,likely_human
UCQmOSfaGXDt7lQEog6D2bKg,-1,2,1,"['a76be9f9f1d1725ee35136067732d1f0', 'c223918776fc5ba0b9bfa9369ca39dd7']",0.26297159635326,0.18718070120811364,0.14538714797481755,0.38685595285733315,0,likely_human
UCf6S-TFB28ugpp49GnPqTSA,-1,3,2,"['36259dfbc523bd23c4a41a907273763d', '89550fa19017549e0079507068a452b9', '4ca8d65abcf9526b1ba057eb271b265b']",0.24154981371135223,0.18696685478908637,0.15080861887982253,0.4707074585540894,0,likely_human
UCN75QV-thwjmCOLaVUwXGoA,-1,1,1,['c8c829a99eebed77b30aab089ba1f5e3'],0.211413596480169,0.18686439471866745,0.16033129114959216,0.5857001013178382,0,likely_human
UClGG4NBhpL85Z8LuyqLUJ2g,-1,3,1,"['8fd05b93e2ec028497edaca726004024', '46be534351664a06c71d11f01a632335', '960ef7438b8234c8f4af67a1511a7ef5']",0.2432147691170777,0.18635018318064867,0.1365133713074618,0.48057937396014894,0,likely_human
UCLWGzTKv1nnSlpE_249_FrQ,-1,2,1,"['5bd2de040b19f24d0fa5e8a276b5cfb1', 'ca4676ac9fc416fd625cdb378a54a4b2']",0.1808425830572127,0.18632635143281984,0.14955907554853556,0.7370926636137959,0,likely_human
UC31eIJ1DAgMLQLjua4pyzrA,-1,2,1,"['a005a48c1ad225b6b06187892defac99', '06650a8e05b84c6143c5440a6c22b922']",0.2042109949852272,0.18614651706769877,0.16612708988001085,0.5942757275022101,0,likely_human
UCRYxNM5m2kokPgPUXRlz1bQ,-1,2,1,"['df6cbb2d75d830cc66b6b2cecb98569e', 'b99709e0e74e13a7cdd8891c008b1781']",0.24246852636355123,0.18583851838616228,0.16256669840462265,0.42412254992763143,0,likely_human
UCL8vSWcLmn8Ywii4IDx3GDA,-1,2,1,"['302f429617629099369af56c5fb1a92c', 'e282199c59461531b8a9b0882ac11abd']",0.2602875836333742,0.18570628333105055,0.12872368778681964,0.41299180672768465,0,likely_human
UCJpXUdepWwqF_caWKNzjBaA,-1,2,1,"['6f52be10a6c8dbd206c654690bcc706e', '910d28177892274e01b41027e5fc4d91']",0.26010368458199723,0.18495227820711357,0.11687582287965378,0.43129088088025713,0,likely_human
UCpnt-lNJhewVspZJxHwb5mw,-1,2,1,"['2e327580badd8c6af4d2d02b7eb46229', 'a2604e55ae52587b4f98724f22d8ae67']",0.22265925664744574,0.18456617978639756,0.15956292665901284,0.5070080964693012,0,likely_human
UCyRclKfjj3souZql93J0bcw,-1,2,1,"['10a8d629d1241dc93a6ef6b3abf3e6f7', '887453987c6abedfe0895b399f086633']",0.20260659382158752,0.1845221755419076,0.18529870170797275,0.5413539312030048,0,likely_human
UCcG2rymm-OPGa5QWnrlRi6w,-1,1,1,['2d8bd5f892ba2ebb08b12c0b57f09781'],0.20746168389088152,0.18439967147461667,0.15000882422963815,0.6012724068528402,0,likely_human
UCgRUlIw1mJbEOKJI6-6By8w,-1,1,1,['1d98f46a568da9875e81829a30a22ff7'],0.2270210498737184,0.18421812961131628,0.1558646318339554,0.5007676285812034,0,likely_human
UCHVD9hJ6xcRlpgK3CLW44CQ,-1,2,1,"['51d53fa978f9f81c4e3ddf5e42c5a7fb', '93021da5b96a7bc970824396d7ffe639']",0.2513798103971147,0.18339223399999796,0.13375621301488771,0.4191295953313907,0,likely_human
UClcfwszFmlT-xyyJe-YzTmg,-1,1,1,['5515386ff856389260f525c39126aa27'],0.19265702105461271,0.18322742229344047,0.18968095629854562,0.5662148761044274,0,likely_human
UCZFC9JHrvSg93WbsFuMiXDQ,-1,1,1,['1b9e62dc6357ec60877f165b363c5ad1'],0.27473461476386973,0.18294247316971943,0.11364459333465021,0.3514972850565299,0,likely_human
UCGXcJmnshx_InLp_BJVKzIQ,-1,1,1,['9309e239572d09e9572dcd1935b6da87'],0.22119978013046515,0.18290810574037655,0.15801906500291768,0.49837027336081696,0,likely_human
UCQEWFgzTCe0SucHJcdPv2iQ,-1,1,1,['7ad17c567843d204c459fe454c6edb50'],0.2525865876921545,0.18213937759168458,0.12615357178236605,0.4172767459565162,0,likely_human
UCYVICUlf-1AKESJj9nKxMIg,-1,1,1,['a9301dd380426dba0435bc942374cf6d'],0.227345702193198,0.18142444215991005,0.13789870746979857,0.4979912350805449,0,likely_human
UCBMoHIaWI0RoVbF-AYzZzVw,-1,4,1,"['dfe0af99f3eb12abe9d15c965371da64', 'f494853908f9aaf1d1cbc7b564de4b23', '1c6ab4bdc0c2ed0192acb3583981d285', 'dd7a34af76a080a0b20e11d10d95e8a2']",0.27029684420521105,0.18130322463301507,0.10527658876421432,0.37412940289446883,0,likely_human
UCTaW_zwwSupWUuI-7jemZwg,-1,2,1,"['06a8ffa439d341f19cb1948b4ed0e197', 'ca0f3ed2c531e65c3a67ae133600df71']",0.22758020134625145,0.18086715176794757,0.16318106281096012,0.43899128468766785,0,likely_human
UC6qKIfXvjRO9LaI2t2z6fmQ,-1,3,2,"['9aa6f9cf9832c797764181f273acef4f', '15b89607111ef0ee36f294ae3e81980f', '423731a76cd3e970c4ecac96bbe7a036']",0.19127160697457243,0.18083043540889207,0.1949784185947459,0.5440307351252772,0,likely_human
UCgUkokxzcMQzZn4oJAhEzrw,-1,2,1,"['a2037c37215f9890668b561e48bd2b09', 'b8885512504f544415c5f5cf2739067a']",0.1821994582718417,0.1806183374758887,0.15741575640167701,0.6542189791942318,0,likely_human
UCcLQUbqAcsExMi8NthllRRg,-1,1,1,['906d20930b13de687ba909e17a9dba32'],0.22316395185456844,0.18049176218755428,0.1942507870806878,0.40449127135369545,0,likely_human
UCyuB9JXgyYOJ1uuVK0qBt7Q,-1,1,1,['502ee63e6811c89b815c5448f9ccf301'],0.24088166647035317,0.18026283931556883,0.13478186592016314,0.431421383558902,0,likely_human
UCKzFJRT8-womHSjgS2wJFog,-1,4,1,"['42c28db66c0c354280ec25bb8cf64e1f', '89ebfbfcba14e788d0e40d638d0dca37', '9159c8aad46476993f6a31cff5667fc8', '0941e2d06b2e08a6b4461d255fcd4cb4']",0.2035382679836485,0.17992094126612368,0.15403000720646848,0.555579353201934,0,likely_human
UC0zr-G3cKx0tWqO5-5G8rHQ,-1,1,1,['c9cc243424615f299b4d006d199d2507'],0.25670013411133874,0.17986370525377657,0.12494657474283595,0.38267275096088765,0,likely_human
UCWoZ3B5s5SWcLAuhX9Nms5g,-1,1,1,['44c247575dbb34a567254551d5dd882d'],0.22284971051481395,0.17964490346725687,0.18854956139896348,0.40541115368397207,0,likely_human
UCxWtxXzL8AErFMLB5o95DQg,-1,1,1,['e97e33dd0746f2f17b10223f528bdccb'],0.22642381882671023,0.17951376970234206,0.1647151607339708,0.4426791475049569,0,likely_human
UCyuE0FBzirPJrNfgb1GziKQ,-1,1,1,['77ed4d7a300c731028d822da951f51a6'],0.24423524869998492,0.17937025617581287,0.14866578114740228,0.37930220969285616,0,likely_human
UC7XZ0ICjU6NUXsGnfMk6vfQ,-1,1,1,['83c564d15d3f188c0d9ebfc02be5aac5'],0.22438083810547593,0.17918040097899818,0.13489961706403386,0.4891865543233844,0,likely_human
UCfV408y91hqUkG7e-pNiGYw,-1,1,1,['df379c5110e3be47297049210fc08a65'],0.2536876201879702,0.1788582793212563,0.13886728862403233,0.3526088089571583,0,likely_human
UCvgDiS5AO9oQKr_NveDCIHg,-1,1,1,['16d3fddb88f14de0a0a781491848b06e'],0.19138920002246204,0.1786074254697947,0.19376772464299571,0.520903651871526,0,likely_human
UCoGz7Qagf8xuAOM8lzRkzpg,-1,1,1,['efc3503971133bbc6edaa8c4c0ea235d'],0.21138007240294943,0.17826432404392945,0.1750160900875166,0.4620157015870676,0,likely_human
UCxjI4tRiaoDHPkI6oopb6OA,-1,2,1,"['bbe6ba8da9b8656b26faff5b612e181e', '3a2e2b1333d5a1e09ef5caa4397ec887']",0.2102009312297665,0.17823372198444756,0.15908244393425577,0.5038889872961957,0,likely_human
UCcxUqH2xvPgnOS7gRtkDp7g,-1,2,1,"['1a34858cc17cf59d3a23f09e3b7fcb7f', 'd44fef3b3cb7d167866d46f3de767eb0']",0.2448502558573342,0.17755976001548718,0.12312433783874689,0.4121859390249813,0,likely_human
UC7_Wbn8yS-lgIZoPvPB1R-w,-1,3,1,"['8dffb682705fa6589c1a3b1cc062ad04', 'a231c528eadf8f268b5129ecb1a350ed', 'f1196c9d5e91ac273f5921f83376fb07']",0.17278128691737848,0.1773390386351759,0.15015686014470855,0.6796169391899767,0,likely_human
UCYbnbXa03ngWaliiv7yxsJg,-1,1,1,['b6f5c0dc651fd1a0ab8d8ea3a0255341'],0.22768998519208344,0.17706698890637013,0.151806769650717,0.42498472207767546,0,likely_human
UCHhUwOuBkNtZC0cgpo0kJIQ,-1,1,1,['08cf4e6c14067974e71f6cb82869cd54'],0.17992493543052435,0.17668293424976503,0.1574758358062536,0.6223925582739399,0,likely_human
UCwBQ3w2ewmqjD117uftcH_A,-1,1,1,['06131909bee32402a89e576a470b488c'],0.2276885024228546,0.17607751530641533,0.15986167420101396,0.3968770948548953,0,likely_human
UCW5L8ncIbBize39UYGU7a3g,-1,1,1,['4dbd3faa96e5744b8d62521490d9c621'],0.215348391326178,0.17590292658446915,0.16854735230615386,0.4435367904227339,0,likely_human
UCpqdo1wym5wQpBtEEBNKTww,-1,3,1,"['6a385b31cec034e4bee4eb2c51bd0aae', 'e360accfdf250e3b067732a5274968cf', 'c4c54695c8e4d85ba1e3cd53bad39584']",0.18065633437730108,0.1751353955527464,0.17504405151454042,0.5791287964790806,0,likely_human
UCzc6I9u_53yz7gD-B5DcGuQ,-1,1,1,['994e2a4cb0a679dbd257827ff075dcbe'],0.1946725055040645,0.1746025628084782,0.18036332905767175,0.4941457397373346,0,likely_human
UCSwUXwzLdq92vamSvRA0DNw,-1,1,1,['19572a30acfed3220a9ce04ee1bc1534'],0.1908180162697805,0.17435638967075012,0.1830142382327136,0.5112504722676767,0,likely_human
UCjfdIomK4-8DLEDEcUO-uVg,-1,1,1,['e1d022425bd8781384d9dc5a025606ab'],0.2419990839638823,0.17394829503006065,0.12762537102921875,0.37945057164418644,0,likely_human
UC4VI-pCcfA35DHXtt6saB6Q,-1,1,1,['5b820531068b5e7fc8831b5d93e9a41d'],0.2037009503873939,0.1737585591301345,0.18169653461928922,0.44767897979615373,0,likely_human
UCTj54chKTd8NNiRJUFPbLBA,-1,1,1,['88293ecfe1d248eaf11ea1c175954d81'],0.22104807835523482,0.1737184782263389,0.17012637625202598,0.38260947496764597,0,likely_human
UCLuQCyhM71R5yQCTRGiAW5A,-1,1,1,['9bd86d51179a32553f1f839453e618ad'],0.2169845975013987,0.17318776753847887,0.16123264641573823,0.4172436451880156,0,likely_human
UCl_nfmSy0GvLQDfi0pfnbrA,-1,1,1,['8695650f4fa57661d1c46a1d7d31d1b4'],0.18108102208094878,0.1730080941604538,0.17328854558741832,0.5498675548844559,0,likely_human
UC4jXdcPEC7bKjbwGAcogOYw,-1,1,1,['cad268a55f528921465ba6ecc84afde3'],0.17135730536718516,0.17296046987987934,0.20345082496783512,0.5327326584215819,0,likely_human
UCsgu9WMw1UBnDE_LMRSW2FQ,-1,1,1,['3eb9f90914605a8f1ada6c9b95512937'],0.17962770807498452,0.1728809887323536,0.18592147161713493,0.5319591080214233,0,likely_human
UCd5hm-Hf4qzNTvNJFPA9bQw,-1,2,2,"['7bc023a26cab8c2180321f717361deb9', 'b4069746c652bd5ad982019736a648d2']",0.20397120076093644,0.17273725618570723,0.15716771671412114,0.47715475873876984,0,likely_human
UCLXwyWjvdV2HfPwZnhVTj0Q,-1,1,1,['020fe480905d4230e9c0842b1db7a43a'],0.22338924215065586,0.17256291452111147,0.15127267395739488,0.4026461156656471,0,likely_human
UCvItZpas5hJPNlC-yvZ5sNg,-1,1,1,['942f54b7c024195e216650baf89d54bb'],0.1940525886668392,0.17205698069486736,0.17460898841385675,0.47545079825759873,0,likely_human
UCExyitmJ6yRzLlzhmGcNRXw,-1,1,1,['f185c7d1fc1d7a741b7a884edb48c6d5'],0.17511319306820272,0.1718593585112481,0.2044677453906399,0.5171206228027847,0,likely_human
UCTfSKzFj8yYHVKn2hTg8wFA,-1,1,1,['f5ab954f61c243cd5fa00319b9605342'],0.2033670856935535,0.17183139365277725,0.1506022944519697,0.48024126885981155,0,likely_human
UCNWE4hkW4aVMCtKxw6JD8uw,-1,3,1,"['52b746f592268be357d4be5d9ba3be0e', 'e6e0bd741f780d0a48bd5c4b4c7c91cb', 'fbb5daa56d96f2270cf27c8121633ae9']",0.20580973078810114,0.17173936739531911,0.1504035143300277,0.4741216966784913,0,likely_human
UC9UzUUP3O3egW7dFZZnED7A,-1,1,1,['da43e6e2e154f1e184e47bfd1f3f0f85'],0.2070342128944877,0.1710715094889561,0.17008718043549625,0.4270432398464433,0,likely_human
UCHh72EAMz4KbJKgmQMuL46A,-1,1,1,['aac5f93e47358ee512b7c06041564d03'],0.17275866223364497,0.17069221023748654,0.20504050309002222,0.5019766124567088,0,likely_human
UCfO1HKtG2B7a7fZzfFUQPJQ,-1,1,1,['7c0a8834cf4127ff6e7a4ee1886927e2'],0.16982074293901103,0.17054536838076767,0.1946006817372234,0.5286396462077686,0,likely_human
UCmKKGXU1SI298AxCvdhyI7Q,-1,1,1,['b2f917e1b6c4269820b271d88e9c7173'],0.20924171809467818,0.17035586707920403,0.16386136120888356,0.4181975304391729,0,likely_human
UCQATPPKgTTl7NGtb7P6e-wQ,-1,1,1,['5757c584e6f1eeb7241e637b297d104f'],0.1903749519404988,0.17031422284201714,0.17238221237365567,0.48057937396014894,0,likely_human
UCSNfnAOstlJaXmx1G93U6sw,-1,1,1,['9844001c43a8fab5ef6b649f98740dde'],0.1792811204445522,0.17028684373538436,0.18270897919762252,0.5081484180444162,0,likely_human
UCYHsKwU7oy4KxmOM06pNTPw,-1,1,1,['260cf5b055d38bf98a3ee0eda540dc2d'],0.17849367925358053,0.17025554831797596,0.17264738800979842,0.5353451628633997,0,likely_human
UCNsgKBFOWpfg6vjLKSDQSBw,-1,1,1,['0d2109a4d55f764e463c05f33292229d'],0.17201189110302853,0.16979117385760548,0.15907785645325326,0.5865722132494731,0,likely_human
UCGeOtEkKpHeLAULRYATaDmQ,-1,1,1,['791dbd69d4f862f5d39f023b502b2e87'],0.2238288281994159,0.1697556701423484,0.13469442178790345,0.41215962534125467,0,likely_human
UCqO3XN9UaWd0PTKJrfjjeLQ,-1,1,1,['bdcd7998a532dea28aa6c80a5322ac9d'],0.1717746412283539,0.16950962174343454,0.16644620589436884,0.571182332584818,0,likely_human
UC9GYK3eSy7piQ8TeU4Nc1bA,-1,1,1,['b02745db59820f2d71a4aa060770d6e0'],0.24882981277193825,0.1693116070019614,0.08803386021865778,0.38589526071201685,0,likely_human
UCNy9Ej0jhZDh8UJg8f27UBw,-1,3,1,"['dd89c52e0d4be82949363fd2d0c1ebd4', 'd2f4c8b3670308a3458cc99d5caa13e8', 'f2ee1e901038da8f2a0dd031c789d2fd']",0.18757949859309883,0.1692749950888039,0.1528683304948743,0.5242367778925338,0,likely_human
UCy4qqtS9BRMyxF-2M180QNQ,-1,1,1,['f5cf3eb4e63cc39c8a54f63f0b39f04b'],0.18742351641464117,0.16902333734628622,0.17524850716428847,0.4820523185194861,0,likely_human
UCREkMGQZNmErG2vhDXbpj7Q,-1,1,1,['f5e1be74351196bc033a335bd8de72d1'],0.20422986336428683,0.16892906368038813,0.1734329787821635,0.40328115746866894,0,likely_human
UCATHw1q-sDNsQsNQP1VfPhg,-1,1,1,['d3726fea67686cbb7db38a6641f3cfcc'],0.17341273797461332,0.1684213846767545,0.18806982556548205,0.5162467341954288,0,likely_human
UCc84jOyDWiGOhsRx6bceC_A,-1,1,1,['51f6c80f513d8c0ebf3d858fd6f2fa3c'],0.17797526195411906,0.1682981610079302,0.19494335354258036,0.4689470762045838,0,likely_human
UC6K_gfjA2y73aNRhLzycFhQ,-1,1,1,['b2dc3e00c69a1d37cf2968f390938626'],0.18688911359620702,0.1682141146291477,0.16985698877797395,0.47915639547163147,0,likely_human
UCF-sIlTVpwQMjUttT-RY1iA,-1,2,1,"['c85cea2f042359baa7c3867e82e489b4', '5191309e653bae9a1d5c15d5d1bcd220']",0.18663434138379928,0.16803128507090787,0.14343785720843044,0.5353628938699633,0,likely_human
UC8Sr1VpvFe8B60VCUg7oU6Q,-1,1,1,['1f43677e9851c93c8942bfd6d473301c'],0.1744673826717314,0.16711034640727934,0.18025282215892213,0.5033405552456771,0,likely_human
UC-IGE3a1NX8JNYDoi1aXR5w,-1,1,1,['a9e88100a2612e30ebd5fff3734770cd'],0.18595249091618735,0.16609327647500932,0.15849661867294643,0.49644406421319875,0,likely_human
UC7BdqeNdS6b3Miv7XVhbQzw,-1,1,1,['e6c543e1c193340b6104669c7d875da8'],0.1745070542727035,0.1660682807481696,0.1904407185174471,0.4740044986981977,0,likely_human
UCDMm6BLw4XQAZmZS3l4W5gA,-1,1,1,['9d625be48d436d16ec385c833801c324'],0.173233143170171,0.16562824496072992,0.15032987641368023,0.5645360876471012,0,likely_human
UCHe6Mzr1N7kJGCucYUKzUqw,-1,3,1,"['95813c46f487939d78f820be1721bd89', 'afb03a502ddfab7caa58ffd155dc2328', '85030db9002a7d733253b0c2ac6ddbc1']",0.2033155006134614,0.16550054255475882,0.1487904399537537,0.4263210447643567,0,likely_human
UCMNwU6tX2YD5J2JZDGytQVQ,-1,1,1,['c7301c283de91db72eb4b0007186d269'],0.16232797936051174,0.1654952784554996,0.21016637092569834,0.4882994101543546,0,likely_human
UCkFUHZZrPJVVHFsUBe29jnQ,-1,1,1,['707268078e1a7beb9fecaf40a3c4e117'],0.15867913478559803,0.16507670158703036,0.1917636440462328,0.5335431942663871,0,likely_human
UC-SBRZ_2aOWkRObbVZ3ziZQ,-1,2,1,"['90db93feebbc5f47cb87be64c0d4a701', '226e1b85669525e947d5b8d41eaf7532']",0.1694812137144533,0.16419128489377383,0.15395240217321576,0.5528014772065222,0,likely_human
UCWFwtqKxJH0JgRUz-kmxd2A,-1,2,1,"['c802fc2581b51afdae782834d48ca0a3', 'be12cddcf1b1bfe50c5c984d01312f22']",0.1923848272753232,0.1640939842318258,0.13742112507381607,0.48406234597426673,0,likely_human
UCwY-0FhKCH6ExhID3oZKl_A,-1,2,1,"['e7a69f2c8d4cbae1081ff955427843d1', 'd79823facfa3e58a3421f31fde02a77e']",0.15983487229315865,0.16404579370379424,0.17050510770450805,0.5719896451258849,0,likely_human
UCYRi_EE1p-T6E8yyH7ST4uw,-1,1,1,['249c512b48a7e97633d168a431e0ea6a'],0.17908771786231698,0.16395450971881892,0.15742168865462258,0.508207125312639,0,likely_human
UCnh6-2qSe9-qLkb2vz4zMZw,-1,1,1,['b3658d6b11dbadecc93e6b6bafcc03e4'],0.15650148941020495,0.1633772387401197,0.20581406794596493,0.5042217946904708,0,likely_human
UCWq18F_yYbeXM-m8vHwA9TA,-1,1,1,['64419cd8b117fda847d2455b7a17060f'],0.16007658566741556,0.16325744093925854,0.18499948631929333,0.5194580229817104,0,likely_human
UCH-ZR74I4eHOjXY2_59Dc-Q,-1,1,1,['7648772e78f557d7646829a226dbed31'],0.16297302967445795,0.16322025895061779,0.1670260313910918,0.5465880506095442,0,likely_human
UCdthXTPxELJGix0QKBNgx9g,-1,1,1,['0f076ad89105f4cc877eb09de560d0cc'],0.17809413593265258,0.16289092926885046,0.15627824163929316,0.49644936476246154,0,likely_human
UCt0u1ZcEwApaDfCqkjNgNPw,-1,2,1,"['f80c62d9cf91fca9f6b5da29b0f22511', '1c38d892bd4a48b4b08ff3c0742750a8']",0.17763502510015833,0.16270480419933891,0.1828892515853759,0.4530833337738514,0,likely_human
UCeZjmDWed9tecoJRTU7BQtg,-1,1,1,['1fe0aeb1d6924d900c0ccaf6eb648cf7'],0.15537412741005865,0.16237525578670406,0.2159272629171272,0.48288931262893997,0,likely_human
UCdAZg_FjTdpifCN__VvByUA,-1,1,1,['09a57f17d297e8816791e989dae5be90'],0.16350276848848844,0.16229528815515237,0.18147836566074438,0.5036633449689732,0,likely_human
UC7AequJO-ip7Mea4AqdjZFg,-1,1,1,['42fa28d93b0fbc4ef8e8f479fb16ab5d'],0.19453912492341527,0.1621402939156063,0.13896481353500675,0.4557320023703924,0,likely_human
UCOvfZN1gefGAc76WuE2bTRg,-1,1,1,['f1dce96b358ddcc6fe578908a51bc21c'],0.16063868938078432,0.1619944948149134,0.1943809886947686,0.49364209829109285,0,likely_human
UC3aK8-p25Oj_ez8tnNW5rvg,-1,1,1,['e8a49ecd65d9c2cc7902ab91828a023c'],0.18166426392605506,0.161725819619079,0.15580389897755192,0.4675757246491197,0,likely_human
UC0lkAl6k7SZFD1R9G7omVBg,-1,2,1,"['6f09e367a7f18b10d2b5794fb34d591e', '8b073346fea0d7d0c9320a3b9dd76d1c']",0.16304864281436898,0.16097404641808252,0.1747105017143277,0.5052773891390607,0,likely_human
UCNBW0hVAjCFzg8jVJ_PHtCg,-1,1,1,['22f96400433bd182a6aec3734c2bb3e0'],0.17293478456413794,0.16033675188848545,0.16695254849485985,0.4820095131265582,0,likely_human
UC3X846wyORjbr88YaGdOaVg,-1,1,1,['3b74c99b4987b30ec30f501ff044ac37'],0.1609708997815843,0.15967236816907618,0.18305014079167775,0.48471777662300186,0,likely_human
UCsmVcC7GLoILeoQcf6KHsAw,-1,1,1,['653439a507651418b7a7a78169b58c70'],0.15236381858410658,0.15956764923485295,0.17556048330357846,0.5384413200678211,0,likely_human
UCTn4NRP32LlIgsjAAMYznQg,-1,2,1,"['d40da83fc02fc3ba5f6fe18e7ee27dfd', 'f770a32d50322ebf60f8f2874a6d993a']",0.14945545991902282,0.15887808089840705,0.16929560564287793,0.5568718992265507,0,likely_human
UCOSdxaMA1drLtl1vMD4oljA,-1,1,1,['8ffa5f27308be6b849101fc8a5aba905'],0.21415603834110675,0.15876848150660033,0.13897789678647385,0.33611437805884214,0,likely_human
UCHI77ri4tm5X2G20uWN-BpQ,-1,2,1,"['0be19b17606ffaeb9c922a3d381d5434', '63bd5650555a1cdd7d51683fe3279af3']",0.17736162247155257,0.1583714209448694,0.16624038069940816,0.4340924793704801,0,likely_human
UCg4Ix69PK-YA0pPPXiSVl8Q,-1,1,1,['8be906d3202305f9d59a2b3bf9304519'],0.19558730448152445,0.1571680599078802,0.12038362782586613,0.43335042355815145,0,likely_human
UCU79DIK1AQBmV6_h3yEvAKA,-1,1,1,['2b04f23a18adcab23ef098660612bf66'],0.20180480555649527,0.1570765297623872,0.11738586092569744,0.4151391675911761,0,likely_human
UCx8oalmzMUXdxe3pjicjIKA,-1,1,1,['9b84a2ba8a6425584674555dadb28e81'],0.20285802540446102,0.15689327618852844,0.12154301233683508,0.4023261239683103,0,likely_human
UC2_siek2HrcatFGhaMebFWg,-1,1,1,['475a962f3987eadaac73efae67ac19d1'],0.13981631384575074,0.15631668791343165,0.19065298038066333,0.5292774952887493,0,likely_human
UCoSduiKXm8Jn_-e0xgyNazA,-1,2,1,"['9f3514989517b1d3a7e256a17d230391', 'c5e8d3debdfc2bf678092bece1bce50b']",0.15370384361297507,0.15613464558108509,0.16192222620787264,0.527203334395239,0,likely_human
UCGg0TU4uCb8KpXIuhtTUk3w,-1,2,1,"['3e1ba28444b0759bbe8f3146f70613ef', 'f550b2a13826c953a9c3841a20e3930b']",0.15420194656229663,0.1559853328765206,0.15754454935453474,0.5351377904385082,0,likely_human
UCwENr2gU3dRpnGWQ31WtFgQ,-1,1,1,['9ddeabe944cc1529ecae88302474652d'],0.1452526287859681,0.15594890273955386,0.20305188503813915,0.47858030277375446,0,likely_human
UCX0IKxjGOJSeKIJ31EajjWg,-1,1,1,['71325d01bbb1bdc1b148e29c6ec82d88'],0.1960493639557218,0.15574281068463003,0.14980146862173424,0.36597957581557694,0,likely_human
UCaVyVkBi_ygm3KuHNH0knIQ,-1,1,1,['b62bd0f2353f01463dfa193fe85488e7'],0.18812979526419496,0.1557209207822247,0.12086479175168009,0.45421409932928924,0,likely_human
UC6VgnHKk68QQpN8fRUs2t8A,-1,1,1,['789c42f5262960bb6d8a2abcc2b82f9a'],0.19429674557769966,0.15526800870267107,0.10520854864171306,0.4568847109323413,0,likely_human
UClIuWpiDEFamauZMtmEhGWA,-1,1,1,['d814249b08beed908a3234d0ed8a29be'],0.14313273190301384,0.15479341368837077,0.19640461430399628,0.4997786537826513,0,likely_human
UCY06VNX2hKRDv5YM7yb6tKg,-1,1,1,['024a81b8db77faaec70c306d988287a6'],0.15813486940574817,0.1547337589686118,0.17281383032338038,0.472047779375521,0,likely_human
UCJA0xWV0LuNTFwKdeX_c1pg,-1,1,1,['df26d0c80de30c0da094aa0a370ba26a'],0.14017521023343063,0.1545302615672276,0.20448653897201327,0.4811576308704359,0,likely_human
UC4impjzjEdk3OpOR6Wwgs5Q,-1,2,1,"['0849599c5238a8f943cf8d2609fcf61d', '4a8e75bb7d79ce7cd631aac30dbff9bc']",0.16876860611445094,0.1542588676909907,0.13370173104787222,0.5005400886242375,0,likely_human
UCX_bQ05X3mS9AMOY_m7EL1g,-1,1,1,['2cd9717a8e32e4e03a54780cfe20697f'],0.14980467197170386,0.15397745615696717,0.1521119543708984,0.5429094189463807,0,likely_human
UCJk7w-CQxBn3lnoR-FIhOaA,-1,1,1,['d6ec1f412c1dfffc5d914120d83d23fc'],0.14236260941985165,0.15389739909777775,0.1650750448056528,0.5498839965975669,0,likely_human
UC3-PuMTU4l-mvLCH4gL_mDA,-1,1,1,['2776b536665fe4e9fb7363fa854e0fba'],0.14083945240141235,0.15368260076575369,0.1783284331766014,0.5272847017941724,0,likely_human
UC6waS8-uKbNpY1tL5lSl69w,-1,1,1,['85a896770ac04c85e4866bf9c86bbbb2'],0.20292406144099337,0.15349639796442627,0.10371858619480251,0.40282232373798593,0,likely_human
UC84CRZAsYGKKopxfhAdmIrA,-1,1,1,['3ab6db28b4871153c09a169eee391a04'],0.17983782820040106,0.1533975408545222,0.1650961559369206,0.38745545006727444,0,likely_human
UCO89LvzrV9qfCEnrfq1HeMw,-1,1,1,['1369ac34cc6472eef01b3ecf71a456c4'],0.20699666271716738,0.15333040408283624,0.1238753050206194,0.34493572000175976,0,likely_human
UCufRVzyO3wulekv7boP1PXw,-1,1,1,['f55f2eced3214ecc5b1a2841cad49de3'],0.15429055714660317,0.15324140310592216,0.17215290447752815,0.4846866316715367,0,likely_human
UCTMVxLSejtA2pON0OY0KfBg,-1,1,1,['40de2cbfdbdc8c0fb3bac82dcc039a8b'],0.18308548775791372,0.15309199209198115,0.10484166862385023,0.4886417417241522,0,likely_human
UC0xaDaPhILeT44zLmhzm6-g,-1,2,1,"['932b74bfff56fdb2b37c30b1c9a07f58', '6c9d8c870af59dff9efcd114a1baf399']",0.15959477698045502,0.1527932544167506,0.16120482432513866,0.47215339630142106,0,likely_human
UCLHKOmbCoUmFCLFHfIG595Q,-1,1,1,['e703cfcb0abf61ff056b1680af28450b'],0.1509504133266595,0.1527805668080503,0.1819856554163316,0.47106023446466116,0,likely_human
UCU5Cl3FMj5f0rtXyrFIuLvg,-1,3,1,"['67310cc551dfb35f458de1e1564c7b89', 'f85d24af162b8e753f43b2ff561ab45f', '47c12f8ae9a163656e5b34f6764f13d9']",0.1538663311985501,0.15271666884264828,0.1563513813849535,0.5019628770079844,0,likely_human
UC8Q_iFMn3MhW6OCxJXvt-PQ,-1,1,1,['39f4e66599a3fc022a8f28d3f6232259'],0.17380035285175183,0.1526581342471085,0.1465525961098885,0.443426893668471,0,likely_human
UC9QD3LH7XAvAdBn4Pfc55wQ,-1,1,1,['23c656d885f94cad3fe2fb33db23130d'],0.13830166271225214,0.15265130297565382,0.19974585054144467,0.4832834104282714,0,likely_human
UCnnEEUSiNSfl2zE8qE7B8Mg,-1,1,1,['2a76e28bc1889b311572e44b33b980c3'],0.15462681892488975,0.1525246950376201,0.19428852943961092,0.4321240383186739,0,likely_human
UCd2QnVynC_3nBCKn-ciF71Q,-1,1,1,['de5eeb435ba5719b25fd148980a379d9'],0.13963375914154658,0.15241867563225742,0.17403911537713493,0.5292854002288709,0,likely_human
UC_LHnJzhAW1q7E_z3AQthVQ,-1,3,2,"['09ad20f0b9d2ee7c408c75180321689c', '6b9478229374a3d50c7e0897131b2d0f', '932b370f8f56261956d1a1e8105f699b']",0.1473379544593498,0.15223357743620583,0.1708776941339722,0.49861239058157103,0,likely_human
UCMb6pfGQE-yeKWf_w6E-X8w,-1,1,1,['d3e090b30e99d0c7ef1907b77646f4cf'],0.14958313396571246,0.15165240540540048,0.13980899964354182,0.5466032328660906,0,likely_human
UC82CrDe4dMsfUwPjQN_3k0w,-1,1,1,['6442cf749ab34a7d636010bf13c41209'],0.13942570409487223,0.15164294720751337,0.1929369799288546,0.48004744612848715,0,likely_human
UCq6v8olXMiPaMBj6lzJ8P_Q,-1,1,1,['b650bdf6646909b97149e8c5a88ad8c6'],0.16195954942065877,0.1515350588398937,0.1659842420234909,0.4331805120229345,0,likely_human
UCD8dX0Q2Me2JSgO-bcJSeLQ,-1,2,1,"['89a8e5211fa20d4738df2aec399cdffb', 'b1cbd7f0770dc450249d00471d8091b2']",0.16733651781410133,0.1513216474888955,0.13699627935073264,0.4691138140733499,0,likely_human
UC-UsibT_Vgh3K1lmDwUCjsQ,-1,1,1,['d4cb5cf90f449259a13d2cde84f82e5e'],0.15002189619704398,0.1512355885962377,0.15848114024014973,0.5011706203991949,0,likely_human
UCNUgCGUuHIB4aTR4-Pq3jrw,-1,1,1,['ca4f0a4cf6c701493119fd924400d382'],0.16212057210351194,0.15118296236857554,0.1715099955900595,0.42233469300666127,0,likely_human
UC3NfvWBOExnIFi-69TYbMmw,-1,1,1,['90f792eccaf5ee4a63c9b52aeb516a30'],0.3350854047163798,0.15082045889101336,0.0,0.0,0,likely_human
UCt6oEfXjqbJt0_lNILXbmCw,-1,1,1,['5e5ad300dfae46987e381fb072544096'],0.1525091954313734,0.15070851052737008,0.1729921306168471,0.4566021441247038,0,likely_human
UCmWWG5g02ZwFgBlF220K-8w,-1,1,1,['c35b9cb0bd366f69e9d709f5095d323a'],0.15437261210645153,0.15063649816022676,0.15677949723256618,0.4775405456771902,0,likely_human
UC9cTW_XR0FHzNG5UQNIR_3A,-1,1,1,['f13a0983e1248cc4b0100c0a36562988'],0.18822901717136675,0.1499419484937019,0.14700696532786242,0.34342886041015586,0,likely_human
UCHqhGAmU43xun6yBQsQzb9w,-1,1,1,['0dd58eb5e0af9107f16cf46a093ffbd9'],0.14777910641940437,0.14993288985123837,0.18669319510817733,0.437656828767095,0,likely_human
UC0xnMg_irTuvsUzEae_l1hg,-1,1,1,['be7e86eb4744ca6372add1d201285beb'],0.17340995676071957,0.1498049005128152,0.1423625972780273,0.4151624412438139,0,likely_human
UCzUnh6OrW9qYYTABnkYNgjg,-1,1,1,['d71b59b060d8c3de350df5347564a55a'],0.1462599716610442,0.1495073332845567,0.18099651311042247,0.4547118351724113,0,likely_human
UCoRhgdyLk2kiBncwKxSjV-w,-1,1,1,['ceda16f46de01c75d0892b8d3bdc3ee6'],0.17749027571507148,0.14868340810817346,0.15387762131938792,0.37156314314222005,0,likely_human
UCuEarjFsmNel1rdIJKEayZw,-1,1,1,['aca2b223903514ba5d53824612fbda80'],0.14892312455489437,0.14865248549678006,0.17079804189056166,0.4634559879656377,0,likely_human
UCPTeLfIEAn5c4zPv013iiLA,-1,1,1,['3d7ce4792adf37444839d79603ac65ed'],0.1459258993052409,0.14828216709695047,0.16255470577426473,0.4822836189600912,0,likely_human
UC2NE3OJ9s2Rnd-LVmibOjmw,-1,1,1,['876e49113a2bd2e875c58796586f609b'],0.15269090039771438,0.14793795449445163,0.17718607521967475,0.4217555241692323,0,likely_human
UCa3v_-38viYaleBN0gAGJaw,-1,4,1,"['d650ccbb762601bdb22d689d4269c777', 'bf2d052eee8017e74fa52cb5cd7ce480', 'dcb38c09f1ba6839acda0d2a67553234', '22a57d230e7b49b34ac8cf593d72db7d']",0.1594670629344695,0.14698808909970357,0.11720671998369557,0.5026167477677153,0,likely_human
UC0q5jTePHflWCaj840bmxRg,-1,1,1,['1885bc70b874e099f92e797bd8465da0'],0.1646192873189377,0.14675373696562455,0.15975501368748263,0.38877418316901685,0,likely_human
UCFADoswZ8M06Td10xzNPshg,-1,1,1,['916efa97fdb91746393296d002e87edb'],0.1359216960416362,0.14674658607358157,0.19052560764182752,0.45371406258383723,0,likely_human
UC2kHnkuWIO2hHJlBcH0qr6A,-1,1,1,['5cc320ce5dad518be382d9930df3d2c4'],0.16037140555502022,0.14609826758743177,0.15419591209560182,0.4167254488327726,0,likely_human
UCM6F9Rl11OMhGhmoDVWSPtA,-1,2,1,"['aacd201a403c3113c6dd5f65e847b054', 'ef90849e81aa5e15720aac84bb14cd1c']",0.1311158693777925,0.14584281208480093,0.16396988439250793,0.5205304611622371,0,likely_human
UCQuKoGeCcZ8kYBR2LuLOMrg,-1,1,1,['afa2701687c24011214bf9227639498c'],0.14443523352577278,0.1455297225761363,0.11546253722563847,0.5599039286903565,0,likely_human
UCbRAhZW8aFW_FyhL8yD9-wA,-1,1,1,['3b2546898dcff017042b98efb1d63d09'],0.1428571179366495,0.14524698390018387,0.1661296890699455,0.4571012499675955,0,likely_human
UCAIHn0FJ4uU4SD2QBpByPWA,-1,1,1,['9d9283f8f794232abe08e1639307ad17'],0.12815396980236324,0.14505843287157488,0.18965369159148232,0.47179461658330485,0,likely_human
UCysOvK4LNku7YyIoHi63X5g,-1,1,1,['8808801c0a294411816669de940f4b0b'],0.18681751517923673,0.14473118297290155,0.11910890828593076,0.3568370777606254,0,likely_human
UCNPbJZkjihZ8HuPf80C2zvw,-1,1,1,['0b9be2b19a6c1d9ebb027a906ab10f53'],0.13367380881986196,0.14447269655158512,0.2016859228723144,0.43020382543202745,0,likely_human
UC-MIEU5_qwAd_ryyuG6exUw,-1,1,1,['845a4ee7e7aa7c7c97ea3cdf94b11410'],0.15544246154351457,0.14444613451691368,0.15902736591942412,0.42112086313883296,0,likely_human
UCVm_Kb_tputOlAWgXXrPgmQ,-1,1,1,['52bf7f343d0dea20ac5bca50ad9e30e1'],0.1508537202013313,0.14424501127038414,0.1504018645752679,0.44633238069397735,0,likely_human
UC7Lsn0GF30lPeyvmp-SUf4A,-1,1,1,['d08bb47842ecdd8ce960eb29eaa85b92'],0.12806038390504626,0.1441138361365036,0.18185737302998028,0.48039419771635467,0,likely_human
UCSrUus4FZ5qEaPFyMdxmXfQ,-1,1,1,['7d722621eb081185a3bab6c63c5f36b8'],0.13844695767184023,0.1436131428997903,0.1864443477998589,0.41802826695216094,0,likely_human
UCZumFUORjtBtMCAhmzBfdfg,-1,1,1,['4ed3e6d964188361e8b6ea6592d90b1f'],0.15027382399092815,0.1435265506677701,0.16410415006068893,0.4127512244611877,0,likely_human
UCjnuXp9AF-t6uoxN2GxMvnw,-1,1,1,['76abc3775077421a808afde969a6f706'],0.12956719208833956,0.14341019768521687,0.1685569865825161,0.4935961907286369,0,likely_human
UCMGp4LHfCaWWwku1fHzEY4g,-1,1,1,['f62c411769afc0188b27dacdbe5ab61a'],0.13863104827424544,0.14331874693126798,0.15529265363639308,0.48441171298674635,0,likely_human
UCR3HRjAWEpdZZkp9ulnAuug,-1,2,2,"['2a53cc145557ef615ec8ae793a8a761d', 'e6365e7db103970b30472801bf58f860']",0.14156190158746806,0.14286899398376157,0.13459920606483106,0.505704705654036,0,likely_human
UCjkWddDQy63eClCXsMhiOhQ,-1,1,1,['c759ee8370c0aefa94d0935175b0f913'],0.1661159969882386,0.14262469778720954,0.14059479234944738,0.3908135291142414,0,likely_human
UCmmcvlVrUDBeR2GN5joycTg,-1,1,1,['934078b2aef39b17872f57e7dda4231e'],0.13884422758026038,0.14245096442200372,0.15049179522082154,0.48072480485680724,0,likely_human
UClRknWKXgt4pSqxfXuavkOA,-1,2,1,"['6a95e47cd6ab854d8fd003d45bd76cbd', 'aef6d8cf4e5d9243bc9afd7bd8347f71']",0.17159566821908218,0.1421153951793605,0.12299854184371446,0.38870351753814514,0,likely_human
UCsXYf896-M5Tm-7Mc6kOB4w,-1,2,1,"['a75e3636a969319f4eb6270d5aa018cb', '1f2c58d10cd2fbe9cf69b47e7291febb']",0.14387953864884354,0.1420748640282488,0.15201926491892975,0.44992796498303056,0,likely_human
UCbGxtBOqfIGrBD6EasD5UNw,-1,1,1,['958069910de11a240099cecbfd9b1f34'],0.14327173794229442,0.14192660613731872,0.1606901841758844,0.440089774973698,0,likely_human
UC2L-4LGq7Ia7KcJmSU4yoNQ,-1,2,1,"['341a11d211cf45aa092207bd74504804', 'edd3a4a12b675d89a11d4d4814d9dcbb']",0.13490150344136376,0.14164983700683087,0.15931609507686734,0.47157077353588694,0,likely_human
UCn12oVMRBIHpdm1lnmmJ8HA,-1,1,1,['d41ac163dc79fcc512dc12b57aa8e053'],0.1456801018570597,0.1412540259605533,0.15552432435463198,0.4348782802974264,0,likely_human
UCwiyoGvENQyuwXYSymFDfQg,-1,1,1,['b8ec3ab1a2997ba73f02a673ec345905'],0.15250362428283218,0.14116627639402257,0.14523564031625472,0.4167862099398127,0,likely_human
UCMICzLRRrUuVyxtmf58I2FA,-1,2,1,"['ac4670da896b4e48228fae03cfd4bc2a', '075048e8edaad1c49b07ffec84d6ace1']",0.13171040729600386,0.14093376028004212,0.17471288411315278,0.44623877027615066,0,likely_human
UCnTfLwYyCUdJDeK8WKOiz8g,-1,1,1,['077679341687937546c067600f41b35a'],0.19427381608836225,0.14060705828348868,0.09308844999197126,0.3373018467610857,0,likely_human
UCHysRgyO43ychqq6giAi0wQ,-1,2,1,"['6c17ac7b926d2ac14ccb449889a63f5e', '01400a088a0f3702e505c32ce6f57511']",0.13829119505325252,0.14056899419253402,0.16047127199959013,0.4420809509687849,0,likely_human
UCcoyh1oHRG4W3z1hFrtV9fA,-1,1,1,['b610b971360acbf865bcfae8b6f13aa9'],0.12755773724286287,0.14032012552924286,0.18662251324923979,0.43277689376096296,0,likely_human
UCHIoPHOGMDn7pYPBT1bqFgw,-1,1,1,['2835539e40af682277a7cb42d8b868e5'],0.1631018906395097,0.13980219770603053,0.11505332521362391,0.4180730067449459,0,likely_human
UCGbRv1pmRiyUQg9dWI3f97w,-1,4,1,"['870a79629bdd473e5e8a2fb2b2e7eaf0', 'e9d140d7da4f3b9d1c1be88aeae91df2', '08c13032b11824d825eca8e1d64a1215', '4fe072c5a2603defa28f41cce3a7c6be']",0.14114808719496386,0.13918186623989182,0.13971456841150637,0.4602625267647602,0,likely_human
UC7_30YJUNReTRr2a9l3lvOg,-1,1,1,['5db20001a5eaa6f96a085f782b048f35'],0.1593438275796406,0.1389753848299238,0.15178439047556402,0.3620771517447572,0,likely_human
UCmnG1sdyp0SX89xPSYrpPpQ,-1,1,1,['55752f9e41fe636b7e2dd7d3e97b9e4f'],0.13929209270049397,0.1388336770661035,0.17729697245592643,0.3981246982874819,0,likely_human
UCkuudzeOoCzzhnP3WQJlKUg,-1,1,1,['5e7c470ff8b83edd187d2c7028fb634d'],0.13183260868784138,0.1385599441742975,0.16318178788536855,0.44623555509584145,0,likely_human
UC43gTsclHCYyVS-oVciUBGA,-1,1,1,['ce4e953009cd453c049081bf231a2558'],0.16835176529551443,0.1385581457144826,0.11874743684827686,0.3815089416445203,0,likely_human
UCPnseCDXiV_vKtlB1-UThjQ,-1,1,1,['715e74d922b31741469429130e37f1b3'],0.12226626645267288,0.138558077290386,0.19095602306494577,0.43154178677234767,0,likely_human
UCQKrsDKMRivHX3hTJmcVt5Q,-1,1,1,['57e0c63fbae87496cc88c03513db2be0'],0.15568110703533308,0.1384355627617291,0.15199627995025608,0.36207902459776437,0,likely_human
UCin2EqTeyvrpssDuwzPaqcg,-1,1,1,['7189ab9888a961245822578d8f5812b4'],0.18548270495054334,0.1376414531682333,0.09350683876935001,0.34362957304298036,0,likely_human
UCsrvHrmBOk-x-vxDS7O5O2A,-1,1,1,['4b683869b1674aa86ddd3b51dafcdf7e'],0.15068362126177032,0.13763216856684957,0.15659158121023464,0.36818025470106286,0,likely_human
UCY1Uj0WaRDX5btRAqu8jI-A,-1,1,1,['c863a86251c9b9af8515f0c8a0937645'],0.14677230787780243,0.13751863052885882,0.15391097764735795,0.3880368572107159,0,likely_human
UCDoWakErVvtV60ro3cw2o7A,-1,1,1,['d72d5a4925d93c0f836dd65b8736faef'],0.13338925510046318,0.13745871464736403,0.156886574426632,0.446413367083029,0,likely_human
UCzn9FL-NRpWKBDbgZTvWUDg,-1,1,1,['38666a65babc70de03bc87de1194c098'],0.15530155870789228,0.13732794737010381,0.11152521763535324,0.43491812291777365,0,likely_human
UCQf5Q6s_4n9z4DOiYJRU4Yw,-1,1,1,['bfae99ec6ba2733ecc5b0ce8e852d04a'],0.13392778246959974,0.13667123455625688,0.14453610038931616,0.45773205059987876,0,likely_human
UCq0zcZz8Up2Uig-N_LfDkJQ,-1,1,1,['8dd9f6eacc32affd0b60b173e85251ef'],0.14587852062445705,0.13649953555189262,0.11684674813767157,0.46046514479951745,0,likely_human
UCrGKTVo_6r05NzT8L9M23cg,-1,1,1,['8438f0acf34eaaf27970523b39490f94'],0.1304954638526628,0.1359543054661567,0.16715859879742015,0.41720451067488146,0,likely_human
UCwxHv6Apdat5dR5BVdB8BXA,-1,1,1,['79e9d2e5aed4a44e8d2516a2e312f0a8'],0.1727749401993183,0.13567632733965007,0.10001894244474457,0.36976428567243225,0,likely_human
UCAotQxCB6jDG6JdXqqvV6Qg,-1,1,1,['06c3fd93cdcfcdd7727f7b5ae8fff012'],0.12572327183535267,0.13560794812902704,0.1815844844521236,0.40491260581795596,0,likely_human
UC68H5dKO3__rMJlqQqDnSfw,-1,1,1,['6ade3e6ed08013b8a9b9de316ded5de2'],0.14221022916990014,0.13538141154256617,0.1496284983813023,0.4013789294779909,0,likely_human
UCChciiqF90BKP-enZ2n0BZQ,-1,1,1,['5859041f8e60a84ec3aa79e658696cc9'],0.12523224312953474,0.13535344355838314,0.15716813532001833,0.4564621772789038,0,likely_human
UCGb8thn_4H8mPBkD-bVAEIw,-1,1,1,['08e280a50c381ec8159a3da7a683dd7b'],0.1690584588030275,0.13519147985515867,0.10924879966425906,0.3594931980932282,0,likely_human
UCJoDTZpFwhubbOEThpLUeLw,-1,1,1,['7098d512e01a25ec93b270f1bcaf81a6'],0.1402897732976061,0.13499912908724016,0.1448494007709758,0.41098313016876864,0,likely_human
UCpRH-CyS36rmkSobt8W2G3w,-1,2,1,"['249415d7dcd6eec3d5e9668a310918c8', '609305a5194338810ff9ed294cc1bf19']",0.13535006141931205,0.1346984896617498,0.15688374289360543,0.4076266248609537,0,likely_human
UC9QNuXcPHKpwRZlgNbkqPaw,-1,1,1,['a81f66319d1e85a4d886cd65d154e4fa'],0.14317994323240008,0.13454535990004665,0.13148273988735198,0.4221254884006608,0,likely_human
UCM-dVA_ZDUFBxVecSf8OTRA,-1,1,1,['1a9ad017a5ada0bfcf41d9039096344d'],0.12111042148485981,0.13438971742994119,0.17363922099436188,0.4305799317327003,0,likely_human
UCA1lDEZ3ah7lH9257o0mXig,-1,1,1,['11859be38dba66f565a7df056e02354a'],0.1335567294952631,0.1338257362429044,0.1524799766634129,0.41343346747205634,0,likely_human
UC3Ox06P-3Eu_gchcdkZozvw,-1,1,1,['1cd90c30f217e906a3a0b366c857713e'],0.17196216512298945,0.1336529120479788,0.10967759754644284,0.3330851151830531,0,likely_human
UCP2cy2RnS8XJn0KhSfuc3Nw,-1,1,1,['0db18f141f370bf08f9161d1143808e1'],0.14699039721488333,0.1335471268251235,0.14728696830059085,0.36207352191395437,0,likely_human
UCCL_wvy-8o83wGAPZAfE1Dg,-1,1,1,['e4555b0e77be2eb0a82c9e98a0b4d7e0'],0.11511081738935788,0.13295727144942188,0.18144006507110835,0.4266944547161876,0,likely_human
UCCEF2wUeKMsVX5Vc-_JaMEw,-1,1,1,['a3f7ca6fac6c735cfdbeb0a110edcf90'],0.12377015042176756,0.13291124122741682,0.175228052248134,0.4006799608853909,0,likely_human
UCzFXARw_99oeLEvKL-DTbeg,-1,1,1,['6cc61e83a4cc1ada9e41072b836b70e1'],0.1539759152115389,0.1328607814244444,0.12997026195182299,0.3701274273098414,0,likely_human
UCbxQXwVxhQE8MIaj12iulUA,-1,1,1,['be7a91162b9c8ae4892dd7b91e7fb314'],0.1444230433253377,0.13273310190951038,0.1557144752381726,0.3475646220823978,0,likely_human
UCtg6SqeVrnDOnv76xLNS1Qw,-1,1,1,['556fb9d33f5e18db60b3e224b06c9895'],0.14714512954607242,0.13184517330440582,0.12216307144141374,0.3961266908741825,0,likely_human
UCer7CduACfu4n4l7b787-Jg,-1,1,1,['2607015e15297d21200ea4b3aadec214'],0.14986028942682794,0.13148313208421009,0.13036152683691785,0.3620018131102103,0,likely_human
UCu1oTg1OkgGUbRG0S5rqnGQ,-1,1,1,['54c070989771d920fb5e6600c36fa24c'],0.1332475596675291,0.1314656725321372,0.11987623956286701,0.4595783934955907,0,likely_human
UC1vnF2jNQT8prgqMsf1bU5A,-1,1,1,['b97d772f67263530b8abdf82fd0137ef'],0.11504861228812184,0.1313958484477316,0.1703240190688632,0.4343011886594334,0,likely_human
UCCK6ddWtK3UMxmBo8gRrHGg,-1,1,1,['a3174f1e77707acf5e262bd286c61612'],0.15392484353728234,0.1301401612192165,0.08810439549935502,0.4174740244480323,0,likely_human
UCWv9-5Sxyzmor863FnqkHCg,-1,2,1,"['9082ecdce4220087fcb3f26de69b48d1', '90c12d933a1f873c473cc5a8eeb68498']",0.16007543694109055,0.12983738073026088,0.11008937612428042,0.34180320454940233,0,likely_human
UC29m-k2HX5D5xV5BEzr1HWQ,-1,1,1,['32b6f378f9ba16394ae3b4239a2571ee'],0.13682600397941366,0.12966631539403292,0.14118750721894407,0.38052323742708627,0,likely_human
UCA1wWjtwv-poY-JUHjAliyg,-1,1,1,['8b465cd062508253014982594670ba3f'],0.1666179993454156,0.12805995895092764,0.09113588982579969,0.3437291512298238,0,likely_human
UCf_UUfAOdzYOy7BxNaEimJA,-1,1,1,['1a47cf108e153b71a4c64379fbe9e71d'],0.12620786798169856,0.12685113360452602,0.12193068468802137,0.4406891035995544,0,likely_human
UCXDnoP1i3frY8wFHLiAXf-A,-1,1,1,['66c3535e30a9b2816102d89f6df0403a'],0.13617008971144465,0.12654571353291053,0.12435452489456064,0.38892137130812143,0,likely_human
UCkVn0dgx4t3cF0sCcHPe7kw,-1,1,1,['d753d36b417d6eba418ee171e8ff3820'],0.13669486841887593,0.126381605181435,0.14012015482485204,0.3523215073578169,0,likely_human
UC9kzZGaGbvh6LodjU9oW8_g,-1,1,1,['390e82ed868ee9a3e0b9864f43d7f2e2'],0.124129415372565,0.12591442380388906,0.14042896045239112,0.40246548006835564,0,likely_human
UCPWL7ZC5t0CYrlr7ztyiNgQ,-1,2,1,"['e7b358e7dc2ad2c52380e78881e1d675', '93906fa08308480d18700cad4a6b36d6']",0.11815367730108614,0.1253674810056023,0.14188411041502988,0.4209601528635179,0,likely_human
UCE8eFmEmnoZhGI58MwjoNug,-1,1,1,['62b7ad69ff24f616245074adc67a1475'],0.13031022143183604,0.1252063675627012,0.13205448876628906,0.3850765051475202,0,likely_human
UCc9zpJNId_qJfwI1PhTy5FA,-1,1,1,['66b67d8f82b25fd8074e9f5bafbc5a83'],0.13771240598190526,0.12430086381946939,0.13741278782269936,0.3318780229767121,0,likely_human
UCuDvr79gOn-F0kmWharMhIg,-1,1,1,['55db36ecfe1bbf2a1dd012bd042f5a28'],0.12210054715734381,0.1242072969157294,0.16291391973575986,0.34723623616073435,0,likely_human
UCGJBPjNEWprkmW2YMgRUgsw,-1,1,1,['7112b82537f185db9ff2bf2f6ea7d4a7'],0.12390443210569294,0.12358975057439461,0.12308760394062479,0.41683590510905766,0,likely_human
UCpr4LsufHU-6w0HfWOjYa2Q,-1,1,1,['58b226e59036653b7988136ee9aa55e4'],0.13964624538226153,0.1230327143069755,0.12409329774590962,0.33989537131058223,0,likely_human
UCWVb-zRyZUst7mBV-EDftVw,-1,1,1,['19c5b1c19edf6c05413ca81c932a15e4'],0.11614631910793055,0.12298411298747425,0.1641647758739688,0.367137133104028,0,likely_human
UCBS4HuZ0Tnc-6BOsbVodmeg,-1,1,1,['1a43ef048ca5b5337daf5d227a94c7c7'],0.1398384072993143,0.12266757976057528,0.13579637379385892,0.3088497991059658,0,likely_human
UC-Mnh7Y_lLZy7Qj53celWNQ,-1,1,1,['64de7378fe29a5eb4027a8bab2c42726'],0.1425296700007853,0.12192456501617312,0.10341030600461622,0.3587042597507148,0,likely_human
UCGprsZMq9uYhL6Ea82JkTIw,-1,1,1,['73a752f3bb36435d05fea1aade305582'],0.18217471002595434,0.12155478242480858,0.06613515273930862,0.25620904965426333,0,likely_human
UCa5C0tY4nbBs9EFPEijpBdw,-1,1,1,['abf65f723039ad2790f2fef68cc5640f'],0.12961902050349983,0.1196818243612894,0.11278354929711655,0.3736881189561982,0,likely_human
UCTMlYTbugD6yPbe4F2ouatQ,-1,1,1,['070dcd2163cbdba51143b3d8a1020a0f'],0.11570458924279578,0.11963162247171473,0.15165348679620805,0.3539659098363992,0,likely_human
UCRUY18kNkxnOFHhqArovmRQ,-1,1,1,['bf0fdfe4b1a2075ceeb5abdf0e60425d'],0.1625577033154167,0.11950689195458161,0.08081339947128503,0.29287375285009015,0,likely_human
UCKrMoEfd0WeXG28On1kb1bw,-1,1,1,['5053e7c81fc928d28d16ff6374ff648f'],0.13253756965424557,0.11915235232658936,0.12328442841632054,0.33366707910465054,0,likely_human
UCBeVhlvIeranfShnqA35yuA,-1,1,1,['6e939a7b9255ec64b96f65b49e8c2923'],0.11793748487797874,0.1158277324930958,0.10026456754123377,0.41433796716329757,0,likely_human
UCkyUZLhKss_yNSR4Vzc23iQ,-1,1,1,['a2e7572a43ac9715e86598ae8ecadc14'],0.11734672236617431,0.11342104286830727,0.10760487151698114,0.3771073700927336,0,likely_human
UC52TcReAqSeWkfAhpoD4X2A,-1,1,1,['3d4645ddd57ba17c5ed94fc6e2d9bcf5'],0.13491225102727059,0.1126300432035727,0.10491605865499859,0.2992316765549236,0,likely_human
UC-re4CWqG0beYkoCAedcn6g,-1,1,1,['7d89626dd8b5fbe9dd1a32a4fab20836'],0.10057954301895784,0.1120286037635962,0.1407528490937999,0.36862263219701724,0,likely_human
UCX5Veib_Pq6v9CfyUUdeIgg,-1,1,1,['452850d00e9d7b3474711f6259d54c01'],0.12116834608874896,0.1115665990173638,0.10340112866178555,0.350318010178415,0,likely_human
UClWbjPdOW4eiyjnGUlBbdiw,-1,1,1,['cc17210715001d65398a95fb43b9d426'],0.1358900267510537,0.11115290126947186,0.09435594855611278,0.29938031782529123,0,likely_human
UCWp7NJsOXuQaI3RkDXKHHvA,-1,1,1,['3a534e9b2b24dba8885dd8261b9aa291'],0.13012568474882072,0.1051208786024552,0.07718491714454438,0.30158003796187965,0,likely_human
