author_id,cluster_id,comment_count,videos_commented,comment_ids,avg_comment_bot_prob,final_bot_probability,cross_video_avg_sim,cross_video_max_sim,cross_video_high_sim_count,classification,cluster_confidence,cluster_bot_probability,individual_bot_probability
UCOKCLPDExZWCM8daXh_4SZA,21,1,1,['66fdb8c44b822600b11a06e19ca42055'],0.5640328828560782,0.4371851643966285,0.1477078194174071,0.999999999999999,1,likely_human,1.0,0.4371851643966285,0.5640328828560782
UCWKPnFneanj_B7shGGgwZCQ,23,1,1,['4956db5fc2733d94f65be73eb690e280'],0.5568098931410326,0.4360365977563864,0.16285002837542958,0.8994499377388584,1,likely_human,1.0,0.4360365977563864,0.5568098931410326
UCagIZOfDsOMnpUlPDWMJwuA,13,1,1,['ca56adfcd936dc6959012c292ebb4126'],0.5388570628640541,0.4080121750854736,0.12766581001625782,1.0000000000000004,3,likely_human,1.0,0.4080121750854736,0.5388570628640541
UC2pmI1wQjhTiUOkQaG85C8A,23,1,1,['af99692654b2c10bbd6306f12084daec'],0.47702025365057166,0.40096266218966026,0.16369610301503656,0.8994499377388584,1,likely_human,1.0,0.40096266218966026,0.47702025365057166
UC0YcEzp5kHXRcF1YKNUKvxw,13,1,1,['92e01b5246dc95b12f959fb048d00219'],0.5479003715841959,0.4001518093257332,0.14222641022427332,0.9451760385597612,1,likely_human,1.0,0.4001518093257332,0.5479003715841959
UCNfN8yv7gGSgHsGjUbEylQA,23,2,1,"['00993927b1bbecf06e52d1df1c773fa3', '3032ca38d8d439ca4bfde7076a7e32e9']",0.5228910603989132,0.4000418648050218,0.19633514850811337,0.6671492541964164,0,likely_human,1.0,0.4000418648050218,0.5228910603989132
UC_5n637j5McBzZx-elorBYw,23,1,1,['5fffac1a598429c775aa7ea796fcff87'],0.5203770647291271,0.39242805114399565,0.13458227178009624,0.7361015297155734,0,likely_human,1.0,0.39242805114399565,0.5203770647291271
UCTBr5QBjE6xr4qRkwqzPn2g,21,1,1,['22e2913aa201a4f70c59391b7af6df62'],0.5062083964193459,0.39048723249143935,0.1559845888131639,0.820023880456252,0,likely_human,1.0,0.39048723249143935,0.5062083964193459
UCHLo2hdHmPdkGabpvM3-IPw,23,1,1,['a23926869caaf0a820d2e655c76d8151'],0.492175192188467,0.38692284037596875,0.16889565251990565,0.7293895960759255,0,likely_human,1.0,0.38692284037596875,0.492175192188467
UC2cl91cbKomx_Uq8iXKG7PQ,-1,1,1,['77ef9fb7def3daced32b27955dada640'],0.5729727329960572,0.3867953194000914,0.11642610342408659,1.0,1,likely_human,1.0,0.3867953194000914,0.5729727329960572
UCJUYejqtHPZBkU6gUQRfcyw,23,1,1,['5542be5b6ce80f6653f793053f603eaa'],0.48538767507233405,0.3852314194736791,0.1300087387408823,0.8245280241949509,0,likely_human,1.0,0.3852314194736791,0.48538767507233405
UCc6OGvvNjXV6JYjEnYGQuYQ,23,1,1,['84a9c3c8e17c16f427e60ad2655c46d1'],0.5120180484478397,0.38489868622173207,0.11319801917525824,0.7361015297155734,0,likely_human,1.0,0.38489868622173207,0.5120180484478397
UC8nphqigAxuDLb42DkLqimg,23,1,1,['e9a4d542c255cf9ee248ea4096ce3592'],0.49346582991920324,0.38431686921642755,0.16997912994367334,0.7017885077288841,0,likely_human,1.0,0.38431686921642755,0.49346582991920324
UCGIX8tk8WLELoRWBRP49zyQ,23,1,1,['e6a85c95424efedaa12469f1096e2d72'],0.48714624062834866,0.3817260325901339,0.17018795339753848,0.6921063668109795,0,likely_human,1.0,0.3817260325901339,0.48714624062834866
UCIQBv2RttoqyMt-WvYIcthg,-1,2,1,"['abc2ee3546a9a7957fc5a9f081f5bc8b', '61b419ad8a5f4c4d6ed2870664c5da06']",0.5170397280934917,0.37843115352229895,0.19348177502933026,0.9999999999999994,1,likely_human,1.0,0.37843115352229895,0.5170397280934917
UCxrWDJOMEjXWq4iADp304WQ,23,1,1,['90e6e39626a128001a0f04055e2a9bba'],0.4436770613240516,0.37592761800004826,0.1666693157435418,0.8438269741441966,0,likely_human,1.0,0.37592761800004826,0.4436770613240516
UC4bigR6O4oik0hbBnSur-Iw,21,1,1,['f62f2518948698fb261b12015a05a878'],0.4978652538712617,0.3727626846138829,0.17469656447891072,0.6454907354822196,0,likely_human,1.0,0.3727626846138829,0.4978652538712617
UCmt_sqwDeoEuhd1Wm-6YuIQ,13,1,1,['476afcbc6b590d512cef7ec29888cc3d'],0.4913367524038673,0.37207779018668574,0.1326069035150765,0.9451760385597612,1,likely_human,1.0,0.37207779018668574,0.4913367524038673
UC4MahfT7Gl1ktHxS5c_mFHg,23,1,1,['2ab10a7d2bd1ec232e297c62bf863d09'],0.480513039911108,0.36622116468884647,0.1456745358007638,0.626997037825607,0,likely_human,1.0,0.36622116468884647,0.480513039911108
UCnLFAzaItmkJfLg6Ea9SNhg,21,1,1,['073f9d8cd14f582cff6f1069dceef343'],0.4794877229525054,0.3612003050107575,0.14217614126362474,0.6780352310573864,0,likely_human,1.0,0.3612003050107575,0.4794877229525054
UC7cz6zV7mS5rGMRxUas6C0Q,1,1,1,['af2cf817ecb4fd5893724601c08bf48d'],0.5425010756083584,0.3584600634440493,0.13185350863552406,0.7490205508247006,0,likely_human,1.0,0.3584600634440493,0.5425010756083584
UCVnX0AuBuPu8SkZ9ihdewyg,2,1,1,['5ec5dc2c03a437921e786a9496974902'],0.5209819760781463,0.3556296904948252,0.13662061424494903,0.8328395236893678,0,likely_human,1.0,0.3556296904948252,0.5209819760781463
UC8rUviggPbEZjsf5K39c-QQ,39,1,1,['c3c28d1c7c845fe05d382acb6309d57f'],0.49871373934666274,0.35281899339068873,0.16082754355910509,0.7711511858608708,0,likely_human,1.0,0.35281899339068873,0.49871373934666274
UC5Dyo7pHqdM2-BwmQk1bGDA,21,2,2,"['ca647ada11bd0133d9d2c641520548ef', '5eebfc63f9e12e750ae79193e14ed173']",0.45415425076817734,0.3506260074093852,0.1978537375083148,0.566566092986615,0,likely_human,1.0,0.3506260074093852,0.45415425076817734
UCLzivcTRxdENd0IyjNLIGjw,23,1,1,['4a890b30b7da4764f442088d05c166f7'],0.47558690996917813,0.34885244761932716,0.15819878514171792,0.4496366923290882,0,likely_human,1.0,0.34885244761932716,0.47558690996917813
UCLGmQQ5fsMQycwS4x3dTu0w,15,1,1,['5480a99032da9c9108616652abf6dac8'],0.5021399972884998,0.348705818742788,0.18702627675717395,0.6797793316360008,0,likely_human,1.0,0.348705818742788,0.5021399972884998
UCNnutMbASwOmPdPIQaDakDw,-1,1,1,['994c1d560cb5d8ae92a9a65524a1a8d5'],0.5164728948193973,0.34849801547043857,0.23720483502039982,0.6577436064182254,0,likely_human,1.0,0.34849801547043857,0.5164728948193973
UC7LG2DFFip1zwPY5kTBGZlQ,-1,1,1,['c59db7311e62afde6335924534f08a91'],0.5150464033319931,0.34745628100857606,0.16814969637234314,0.8016735883493774,0,likely_human,1.0,0.34745628100857606,0.5150464033319931
UChlxZL5-BN7FoSNHnky83_Q,21,1,1,['026fbfacfdda774495d0411f440d8c58'],0.4673593357429793,0.3470290560950047,0.16117069033440148,0.5427848629760293,0,likely_human,1.0,0.3470290560950047,0.4673593357429793
UCiDGQ9ls26ik5RarHvmVsZg,23,1,1,['646ce0ab3b8940bce2eabe58e09f948f'],0.4064219464809822,0.3468736209950432,0.17760257360664333,0.6921063668109795,0,likely_human,1.0,0.3468736209950432,0.4064219464809822
UCSFEmBBNVaYjY7tyzzjDukA,21,1,1,['691cb4ca08310cd07056c1df7861f8c6'],0.42968302730733987,0.34641733778623296,0.1635211777763592,0.7096289410296632,0,likely_human,1.0,0.34641733778623296,0.42968302730733987
UCgjTUpjI7UvkXu2NVt4Vduw,21,1,1,['e5f3340287d2a9bd5267fd8955f6d50d'],0.4629612042742319,0.34639252857681696,0.1868820086425841,0.5195139869006699,0,likely_human,1.0,0.34639252857681696,0.4629612042742319
UCA4ZzrjMww8jOSm0wmkDr6Q,-1,1,1,['3aba41e9fdb56d0e10daf6aaf3a13e99'],0.44827185197792574,0.34588514789187125,0.1853192624302189,0.9999999999999994,1,likely_human,1.0,0.34588514789187125,0.44827185197792574
UCmv-giPA-BelRMUjhJOgXkg,23,1,1,['875a1c68af3cb7680e16b5e29afbfbcc'],0.45609674085569546,0.3449675706413007,0.1551961392320647,0.5053210939914089,0,likely_human,1.0,0.3449675706413007,0.45609674085569546
UCYJ_XG-Uw-wahPR4QOGZvrw,23,1,1,['097c709c59cce20d279980c36d760a1a'],0.4449014568610709,0.34449654225268267,0.1735397956617688,0.5099031574035274,0,likely_human,1.0,0.34449654225268267,0.4449014568610709
UCTW-g77a_Be4kWrCQ1r2pfw,30,1,1,['4ff2419e9741ebeedbbe247813a9319f'],0.4924728140051219,0.3418658935031157,0.1707053542341859,0.7491185724942423,0,likely_human,1.0,0.3418658935031157,0.4924728140051219
UCO2V1AWXi-yVwKzgqV2nH4Q,-1,4,2,"['9bc41375834cf10f01195200a7cdf08c', '6e530631ff0a0dac79c0ea10baf79af1', 'f9cb839e5e45ca82c793b5b18cd49f70', '37a65bb8f3906df26fce2e8f0c481785']",0.44139479285301286,0.3416579648010155,0.1825247122758625,1.000000000000002,1,likely_human,1.0,0.3416579648010155,0.44139479285301286
UCyj7TN5uHp2bHVzXkekn9yQ,21,1,1,['11fb7424ce26e853982155bab9029b8b'],0.4551372287552391,0.34147158010186357,0.16987222546517827,0.5205423868681678,0,likely_human,1.0,0.34147158010186357,0.4551372287552391
UC9gF6b3uKzx1anogd0zzLrw,16,1,1,['037d4468cffcdaff674bef4daf0d8ad2'],0.493193290048288,0.3396698493577722,0.23028407204844228,0.6004864837685122,0,likely_human,1.0,0.3396698493577722,0.493193290048288
UCRhqsKtRw5E-mZEQeQxh1Dg,-1,7,1,"['687a1895c486f6939be63e46ab90ce08', '1d8146e0bb2b73ee0824b2d3332604e1', 'd6016fc4c267b3babd6cacd9989b8477', '99413fe70e51b0ded2131b09e06f4f17', '99240f3df572561a42211f9488e392a2', '7ed34b923170a8f18f0fb7ccd4f4b186', 'f666825d45dec512633bb24f0fa984bf']",0.44427662951772107,0.337853413487913,0.13458037984857102,1.0,2,likely_human,1.0,0.337853413487913,0.44427662951772107
UCtKmmjUQ9v9Qu7u-olNT_xQ,1,1,1,['09def1bbeb1443919d77f6dfb985cbce'],0.48792780296096316,0.3370345785629514,0.14552992330889122,0.7490205508247006,0,likely_human,1.0,0.3370345785629514,0.48792780296096316
UCJNcvGA3D9qxYkaJIF5jE7w,44,1,1,['1340ce5e3deaf348afdcce6b2247df11'],0.4913628589947562,0.33648650197297175,0.20933746138527207,0.6389984227994385,0,likely_human,1.0,0.33648650197297175,0.4913628589947562
UCOCQWtjT1bL4UIPvK3HojZA,-1,1,1,['43eadedf71380ebfa989c1189d051b9b'],0.47129999105580556,0.3364632856832631,0.16127736235373116,0.8595977966878217,1,likely_human,1.0,0.3364632856832631,0.47129999105580556
UCTl3mPvG9wS4o-3G-zTk1UA,-1,1,1,['fb96ef86dc0da5d8b37d1c0995e7125f'],0.5092696069803259,0.33511063351222037,0.1973901101325979,0.6389984227994385,0,likely_human,1.0,0.33511063351222037,0.5092696069803259
UC2_hl-9IyxREM6vaqmJeE2w,34,1,1,['b20263efa5df8e997ddcbedc95384767'],0.4806503886441348,0.3346371792904353,0.16154246634709413,0.6961126933897491,0,likely_human,1.0,0.3346371792904353,0.4806503886441348
UCsD4KGMoYBy9rHr76tG0cHw,21,1,1,['d432a34716198730721b9f0d0775bed2'],0.43058888544105367,0.33426379249125227,0.19120367612507466,0.5226704744458454,0,likely_human,1.0,0.33426379249125227,0.43058888544105367
UCyaqdwQXPA3lbX6L8n6v13A,34,1,1,['841f89e11a81c99481b9b939603bb8cd'],0.4846705391374471,0.3340304684090578,0.15253913478216594,0.6961126933897491,0,likely_human,1.0,0.3340304684090578,0.4846705391374471
UCadC6Zk-C38hdVBW-pLdmfA,23,1,1,['a297bec942e2d94330b18b2499bce0f5'],0.416485350331916,0.3337610926289766,0.19593192329235234,0.4878670825008637,0,likely_human,1.0,0.3337610926289766,0.416485350331916
UCk6gh-31NyaSUkqey0U2atQ,21,1,1,['b6b7d176f2919bb1af9dbd013083f63e'],0.4453958326405793,0.3332458943215698,0.18932121288713688,0.4575257174036317,0,likely_human,1.0,0.3332458943215698,0.4453958326405793
UCsyZq--jxmRtphIflk8eQ2g,17,1,1,['42a0c19d86c10c91b1595dbf67eb6b13'],0.4930974932697829,0.33254114393809153,0.18012691783764231,0.6321806313876253,0,likely_human,1.0,0.33254114393809153,0.4930974932697829
UC816dEo4RmdioGafTVGGmbw,-1,1,1,['1f218cd3ca2b3917d17d4e0361983e5d'],0.5019141086396155,0.33146002610963204,0.16878235505278066,0.7047922733700621,0,likely_human,1.0,0.33146002610963204,0.5019141086396155
UC_2UYrJRM73YNU-B4qemTrQ,-1,3,1,"['2095b3ca6cc4d8361e2720d25f14fce4', '70692a46668d62461c3ba1aedc7f6e68', '25cfb449aa387b7fadc7d615d4f8d066']",0.446409862532495,0.33056933152054824,0.16088206683607467,0.9071408813887707,1,likely_human,1.0,0.33056933152054824,0.446409862532495
UCVfBCOh3T4giCeEeDBQoB2Q,35,1,1,['97d587961c03bc32a33ba9ea328be99e'],0.46414164561437765,0.3303715351539239,0.1887201276678126,0.6683683366323312,0,likely_human,1.0,0.3303715351539239,0.46414164561437765
UCsuhuM1_-ZKnMlCcT6Bt-CA,15,1,1,['c5cbe7965d6b254c7758c53af212c510'],0.4669557184421167,0.3298766924086207,0.17180092996747887,0.6797793316360008,0,likely_human,1.0,0.3298766924086207,0.4669557184421167
UCr2WXCE1aF-S5NdYXqo-4TQ,23,1,1,['0122ceefee2f669dc1efa60d0302e055'],0.42723383620886757,0.3270086550655523,0.14842818718842316,0.46817253167927,0,likely_human,1.0,0.3270086550655523,0.42723383620886757
UCzEF8Klt0EqZV7MRzWjKc5A,-1,1,1,['a72166cc7aa592f69b4ad6136d551cae'],0.4788178383259717,0.3253188415590454,0.20573108143071034,0.6625037534660714,0,likely_human,1.0,0.3253188415590454,0.4788178383259717
UCV3iUTGiorPOYJUNnxmjDWQ,-1,1,1,['bd44c2b206829b9b872a85d260f0d120'],0.5054618463255514,0.32441477854589873,0.1321293002842175,0.6953519471034547,0,likely_human,1.0,0.32441477854589873,0.5054618463255514
UCE1a0_PghQfsCOzfOVeP-WQ,-1,1,1,['4c5f592fb53448782fc567b2d6849995'],0.4854285677003849,0.32399493907795596,0.19318309037253809,0.6444861287432819,0,likely_human,1.0,0.32399493907795596,0.4854285677003849
UCsznyWs6YqrS2q1ikQoHNRQ,-1,1,1,['901eb48458bcacb97b88176f9ad63dae'],0.49771302129227646,0.32357853694518734,0.18564141176974056,0.5982886094903372,0,likely_human,1.0,0.32357853694518734,0.49771302129227646
UCuM6kpppW-mtPXDufwkUcCg,-1,1,1,['0e4c6240cf76a5b173005fc79a2b3307'],0.5049382503374379,0.32335343363878694,0.17296478072832686,0.5962322577341634,0,likely_human,1.0,0.32335343363878694,0.5049382503374379
UC7bCfghFgapJ6MiJyemQ4BQ,10,1,1,['13665f325e8d1bf16ba54e92c0578dce'],0.47988353332950306,0.32307114459471376,0.15619959168765174,0.6512315994386177,0,likely_human,1.0,0.32307114459471376,0.47988353332950306
UCeNidNNCeVjjybHOVvax7nQ,-1,2,1,"['440ece3739ef645c796c94a0184308c8', 'ae1ce7467043bbd6af485701669a77c9']",0.48439193910478995,0.32270310636148747,0.19242853428305634,0.6430188616987068,0,likely_human,1.0,0.32270310636148747,0.48439193910478995
UCOGZCkBq7ubRleGAIE_Im3w,-1,7,1,"['a492b9186bbe784ccd5ee4296c8bf0fc', '72ecbdc83d16482b268fe2dabd54b0fd', '713be0dabdd8339cd16b095d5f0ff064', 'cb2eaa537f1768468c1adeff927abe0f', 'c06a60995e71e3ed38110800f51635b1', '179d45632456eee738ae604fc90248ea', 'c5fd387c8daa7c9b37cca86d01c913f0']",0.4059583286449131,0.32227348607553896,0.16518565407265418,1.000000000000002,1,likely_human,1.0,0.32227348607553896,0.4059583286449131
UCha1OENNg_F-ITgc3o3XVSA,24,1,1,['534618ac42280f16ebbfdddfb44a8b54'],0.48054698963094156,0.32185021033861433,0.19116606371923392,0.5584571629267285,0,likely_human,1.0,0.32185021033861433,0.48054698963094156
UCEkDdy2kn2Eikke2lrJ9tFg,15,1,1,['54e139e7ec741af645f6fc613ec0164d'],0.4707095960910437,0.32172622999827494,0.18295999441555602,0.5612501981272078,0,likely_human,1.0,0.32172622999827494,0.4707095960910437
UC9sUGHDUuGqqnod-OuD5OLA,13,1,1,['43d64d2aae793d0e2fb0903f980b3eea'],0.43673528136785617,0.32130206057157684,0.19099643585570647,0.6033897682878873,0,likely_human,1.0,0.32130206057157684,0.43673528136785617
UCtXeyKIN4s-mM6Nmh4NZtbg,-1,1,1,['a7079d8d1362441ea4ab4bfc4dfc0cba'],0.4819229617511827,0.32087558293567264,0.2017775297874833,0.6147560124091627,0,likely_human,1.0,0.32087558293567264,0.4819229617511827
UClMi0VipeA_4gbOmKrG84Xw,-1,29,2,"['7e23b0ee3a2923ac3e16f7558bfbb143', '31755b8358c648a434d80537a38bfd6d', 'd593330626e3ddc89f331e022b88928c', '4ece235ee9627ecd430f8d31978fa8ce', 'c77aec97f09e6191ebb861ef33d0252b', 'b8c2bba570a41fabc11a5dc6c975642e', '24b5c98d8a2b6af60d8433fbcb8a66e8', 'c777e56dbb00a94c6972f692b6f5d6ff', '5d0a3000d9a631266e510ed075e54c81', 'fbb21e6b9fb801c221a9a0f3f6a3532e', 'b863a3a6fce29e1bd1dbf79645b0c9c2', 'fab1755a46019c8ef6162fefef908754', 'aefc0605e4ce3506a5e86063341b57c3', 'ae51c5d5f45652ee4abbe23c7989aa7d', 'a136a3186bd03d1e0c7fe512dc040be4', '0123b7ce337ad856acd2be88d542d5ad', 'aa0d715586c29c92b632eceb6de40917', '5566d3e500c8c1e3d0aab96c407834cc', '5dc401adfb799865cadf900a869b1d96', '7b90121e3c92c4cf33f23a1c3fbba282', 'd770aff3088a9225e4741fa7bf2fbadd', 'fb5f2449ef9f70a9eee6104c5bebb177', 'aff3446270f00c5edf6a6850ecbd042f', '705f3b9e75661b866d34593bf9eff4a6', 'ab8e37d00f3a22e29d4faaeaaf474de4', 'a0e38ca4a3014e6e3ef18a70b219c3dd', 'd9e5094ff3003bab0124041e892844e8', '463c565baeed85a437cf3cc590ca843d', '72c92ba84b4a99ae6b2c53745471fb25']",0.3801899531041247,0.31979378034080463,0.15966921132697431,1.0000000000000002,3,likely_human,1.0,0.31979378034080463,0.3801899531041247
UCk-2KJafUzTTZwXl5b1NxWQ,-1,1,1,['7630addb200d4859f81512833af0fbf0'],0.4924640581550891,0.3189503570461374,0.19528889859815912,0.5562288052796439,0,likely_human,1.0,0.3189503570461374,0.4924640581550891
UCeGaYSWw66ydETLSLB71xIQ,-1,5,1,"['83264d93d57c52c79d5d508930c89138', '8e2423fd9670a098acd114d5b8d8d4fd', '3ce025f691da4f286ee5794f78b488e2', '099003e88393879f0edb3f06ead08a16', '1beff153d66fa27a37fcf82ed2485c9e']",0.37320649382852594,0.31867762882891837,0.14572280736800544,1.000000000000001,4,likely_human,1.0,0.31867762882891837,0.37320649382852594
UCKn2IF9F7Iv1LpYQ_l8wfow,-1,1,1,['31d4a2271ce44cb06f6cb1d7d481eab4'],0.4805646335667128,0.3186178378602838,0.18379931429711013,0.6319675224810253,0,likely_human,1.0,0.3186178378602838,0.4805646335667128
UCv1zT-rWzzWvBTQWcEFTn-w,23,1,1,['3e7c02035beb909f19d9e2710a5566c0'],0.42917453159647023,0.3185802636509511,0.1338151589165339,0.4012465269506813,0,likely_human,1.0,0.3185802636509511,0.42917453159647023
UCIky-V0TsQvzfLMh5EoKwAg,-1,3,1,"['5b059911a1927dd5303d5dad138e0b69', '9d4706c5148911e89117bd574a08740b', '92ecf064bfccf68a7efa4e02fd4b8cd2']",0.45402516478467164,0.3169551586389947,0.15432169009355398,0.8016735883493774,0,likely_human,1.0,0.3169551586389947,0.45402516478467164
UCdDfGbLcexf9wv1c4KeXVig,21,1,1,['c767fa4dd7e54fec2ba407d8ba7c06bd'],0.44383776154490706,0.31582699476587134,0.12747657051141356,0.414148832961392,0,likely_human,1.0,0.31582699476587134,0.44383776154490706
UC-ftHOlHf8T97QZtwRhb-Rw,-1,1,1,['fa6de4d219cd90eefb3d0186478dd335'],0.45963759756012085,0.31565274432489243,0.20497727704934732,0.6671492541964164,0,likely_human,1.0,0.31565274432489243,0.45963759756012085
UC47A2t7TkfNL2ahou98-YbQ,37,1,1,['be4bb772f59326e0659fd8db2513bbbd'],0.45680242271371435,0.31563432283304876,0.20248895207419887,0.5955296895606074,0,likely_human,1.0,0.31563432283304876,0.45680242271371435
UCpGPIeZY4JONcbinnyU7Jrg,-1,1,1,['db0d8bea56432f47d1166a774af626b2'],0.4940329673735159,0.3152095623597659,0.15476378161328624,0.6073635360444034,0,likely_human,1.0,0.3152095623597659,0.4940329673735159
UCiPC7c5llXTEyNqtaKhhlWA,19,1,1,['5cf0d39e03d3efe67ed2a3e23a5b23b1'],0.4685310106173575,0.3149961860780194,0.17681689830653616,0.5436312260919839,0,likely_human,1.0,0.3149961860780194,0.4685310106173575
UCuk0JR-shnDfkljwd3eVoYw,-1,1,1,['f5379d98a324acc174c3d8efe22ce5ce'],0.48479078841727435,0.3149549146296447,0.19564161032711255,0.5523096524633543,0,likely_human,1.0,0.3149549146296447,0.48479078841727435
UCZrcPIBChP972MBPCEJxoSw,43,1,1,['8680ea1f5d593a48ced2a0c0109b7895'],0.4612494291446698,0.314336399752384,0.17961790482994308,0.543138445921297,0,likely_human,1.0,0.314336399752384,0.4612494291446698
UCG56-6cH2_pHgrDk6lJ17rQ,-1,1,1,['ad699f5a1cc9e56ed1a8e8b2a4ba2c82'],0.46650360600349305,0.3143208186602798,0.22384601811531563,0.57122446926558,0,likely_human,1.0,0.3143208186602798,0.46650360600349305
UCvF0PZAVADWxP-OQOIulkew,45,1,1,['fd45cd311580cbac3ab7e94209b65f10'],0.4440579336763535,0.314141314935532,0.16348467348779502,0.7061539314201808,0,likely_human,1.0,0.314141314935532,0.4440579336763535
UC412gvXtfGPVCQdquH7JXjA,-1,1,1,['bb1ad98bae26995833d5ed8b2fef6103'],0.4776886788781879,0.3140688782284699,0.19442593472403613,0.5771748393760375,0,likely_human,1.0,0.3140688782284699,0.4776886788781879
UC_YfrCEGTDg6gxWuWU6OImw,36,1,1,['a2973ea919bc03c4f4006dbb89c006c3'],0.44704675794614307,0.31396078159114227,0.15304408695581928,0.712547966204359,0,likely_human,1.0,0.31396078159114227,0.44704675794614307
UCWiUTdTcvI2Ntds8qQ9qaAw,43,1,1,['41e5679a2b9730fdb5a190d662de572c'],0.45776153423411226,0.3139085233032548,0.16575633907675147,0.5814892934463851,0,likely_human,1.0,0.3139085233032548,0.45776153423411226
UCJpxzE1ZQ24H1l7pTypDiOA,-1,1,1,['7ab5b2fefe095c4d0bcd4fb8cc3c1e49'],0.48069862771708055,0.3138623352957467,0.16345363413309316,0.6367597608018157,0,likely_human,1.0,0.3138623352957467,0.48069862771708055
UCpzwGD0xJV0mu4qZDV48VUw,-1,1,1,['e06dff13b8aaeb97254fd8829378377a'],0.47811890095343795,0.313016203050269,0.214569243284956,0.5269695857056697,0,likely_human,1.0,0.313016203050269,0.47811890095343795
UCr3YMm4wUsPebfSfCVGkL9A,-1,1,1,['bff1a56be23db967d0867d9d1f3fde92'],0.47598130615753276,0.31283901917795365,0.19134510550982697,0.5819093708769206,0,likely_human,1.0,0.31283901917795365,0.47598130615753276
UCAH0RDKkppD73KGTGu3sE2w,21,3,1,"['f3d10e47fc901b842150eb2ed9778dfa', 'ebaea4d52dcafda8fed166786d353a29', 'd563a35b4b0b7c8a12859af239c85d7a']",0.3918239155747991,0.3126441658299591,0.15294291396822937,0.5573693071914089,0,likely_human,1.0,0.3126441658299591,0.3918239155747991
UCzk4zWTfLsZrdEgetm5GO5w,-1,1,1,['ec9cb37b5d817aff105974e918b38d9a'],0.4715861425019837,0.3124304048768914,0.17977515731180116,0.6300043681386279,0,likely_human,1.0,0.3124304048768914,0.4715861425019837
UC4USyEM92dnLLf1E4VI4Jvg,27,1,1,['a43b4cfd37ed536ba2ebf8d50d992d09'],0.4707034415583957,0.3123452416865551,0.17601128637245728,0.5384251312501511,0,likely_human,1.0,0.3123452416865551,0.4707034415583957
UCdc_1jpwlLLJE-52Uksi16w,-1,1,1,['07b8fba611dd2f9bd26b01fdbe4f38b7'],0.5180208696613499,0.31197118971944643,0.15780649812674952,0.4579436737568476,0,likely_human,1.0,0.31197118971944643,0.5180208696613499
UC1Uj4-Lh-NPy1_r57enXOIA,22,1,1,['28c68c592460239471fc118ed04833eb'],0.45371580329277583,0.3116518179360235,0.17573522623015292,0.6092393518323268,0,likely_human,1.0,0.3116518179360235,0.45371580329277583
UCyRvOQCkdyUv3R-9r1RCiSw,-1,2,2,"['fe4241b4e6a996b4c895ea32036400bc', 'fe8317ba38bdece25651bcaf20eebdf3']",0.4661502226684525,0.3112654972477718,0.19394056357633502,0.5998898690565189,0,likely_human,1.0,0.3112654972477718,0.4661502226684525
UCclQKW9_4lmZ5t8Z8Fshzpg,-1,1,1,['a37f831a5868c96e2d4dc9add59978b0'],0.46375983307399454,0.31100202290092405,0.19914926635182392,0.6029467641088728,0,likely_human,1.0,0.31100202290092405,0.46375983307399454
UC_EYRvVKHOgGzWADmMrGeIQ,-1,1,1,['ca11431ab2bda4989936118e0308930e'],0.4737876259766995,0.3108408849531882,0.20321027783343396,0.5469160918833287,0,likely_human,1.0,0.3108408849531882,0.4737876259766995
UCpQ5Q1Yi9ODfutkMXvnLGsg,-1,2,1,"['f782a19cf1d9682c9cb25782a1796502', 'a77c09af1fbb9351f3c58fb10c432661']",0.43715015865268825,0.3107162475606714,0.1738398058301122,0.7736046165319026,0,likely_human,1.0,0.3107162475606714,0.43715015865268825
UCGXuOEXRFV8sxLK6YtpS1gQ,35,1,1,['a946aeae2b356f07144e40edff299f60'],0.46239564373581465,0.310651267456285,0.19030255862295273,0.4777758021730594,0,likely_human,1.0,0.310651267456285,0.46239564373581465
UCbI7LRCpIFLduQ1ERDtp_BQ,32,1,1,['a1c76874cef3cf5927aae4b13e70cdcf'],0.45438632787531863,0.31051183405336963,0.1933977501311141,0.5369628731123184,0,likely_human,1.0,0.31051183405336963,0.45438632787531863
UC7IDPd4xTWWUYE9QW6ajU0g,-1,1,1,['93892939d5141fb5f85a0ddce7a430de'],0.4689916177059868,0.309966118851208,0.20769301996712028,0.5487740463327684,0,likely_human,1.0,0.309966118851208,0.4689916177059868
UCqlXBYSDmTNedFHSMMFUJ_A,-1,1,1,['ebbba7aaa99402d90994cc2022482a07'],0.4764115505032301,0.30990954161648027,0.1691148376971326,0.5929757535105314,0,likely_human,1.0,0.30990954161648027,0.4764115505032301
UCoCXLZ-Jmvx8vMMa1smdl-Q,22,1,1,['7fa8cbcfa6dd3d1ffde1e9a6da6fc8b2'],0.457937887303411,0.3099021926278169,0.19663413789067397,0.5318143607097658,0,likely_human,1.0,0.3099021926278169,0.457937887303411
UCbpmPHT679KOANvgVKg1DzA,-1,1,1,['7da9c44fccdcd126c935eac0717da237'],0.47562968048333665,0.30984289324288505,0.1650042643589748,0.6155001775410555,0,likely_human,1.0,0.30984289324288505,0.47562968048333665
UCQwhaxdDkTZ52J0kPEb01AA,-1,1,1,['edf42817a86958dcc665bf037a9edd43'],0.4681344655950172,0.3097770555902327,0.19693642426793004,0.5743040975022184,0,likely_human,1.0,0.3097770555902327,0.4681344655950172
UC72wOtVmSuCHRTRQeWIiTTw,-1,1,1,['7747c1e62110040b90da84217f5ec444'],0.454932423587776,0.3096291284667644,0.18069536781862516,0.6738517312154999,0,likely_human,1.0,0.3096291284667644,0.454932423587776
UCzpc241GFQxR4UgVGIve8HQ,46,1,1,['aa6d1b56721a588c3cb0b73ef71327c6'],0.4340939031674006,0.3094867151079536,0.16383201904578396,0.6752615261842452,0,likely_human,1.0,0.3094867151079536,0.4340939031674006
UC4iPlZLj2vRmu2ww13O40aA,-1,4,1,"['a45ee7bf8b4000b48a08e2942cd25bdc', '2572bc7e903e2dd28cf9d59769fab65c', '99c8378c7d055e38b455d023141cfbb3', 'd7e9ea0ea08a4e3948ec98bf66ddf935']",0.43444757297334835,0.30927430689564406,0.17705290443508362,0.763951095644811,0,likely_human,1.0,0.30927430689564406,0.43444757297334835
UCJVc95IKw5OX5pNYDkw8oSw,-1,1,1,['967cee81f2ff3f13a1660869c40144ae'],0.5100259834222359,0.3092717952044343,0.11415337308046691,0.5643096827405552,0,likely_human,1.0,0.3092717952044343,0.5100259834222359
UCVv-TJ0vSF9I06Ziy0Ztfzw,-1,1,1,['baa8479b52ad67b708b4c9c601e1a40e'],0.44456408292435734,0.30899621475925637,0.1426792065035932,0.79377863488338,0,likely_human,1.0,0.30899621475925637,0.44456408292435734
UCrFwGN5SD2fA9PTjT8BQD-g,-1,1,1,['43bd705befec5332ce2ba1b081157411'],0.47856017269713447,0.30878778850511485,0.1867458981770406,0.5380326359178038,0,likely_human,1.0,0.30878778850511485,0.47856017269713447
UCIA66MZSi2QQxXeRWmrCmOg,-1,1,1,['3599a99db47b668697d29c93c15e77b0'],0.47418657096952077,0.30810959680691125,0.17752899427834518,0.5743514197538977,0,likely_human,1.0,0.30810959680691125,0.47418657096952077
UChFp2-EgX8cMBGj8hN71Cmg,35,1,1,['ce2a56730fca58442395df01aaba31b1'],0.45163172646623573,0.308100072790633,0.15210853793408116,0.5776204126753586,0,likely_human,1.0,0.308100072790633,0.45163172646623573
UCyTOCfo9ZbtSDXtDVsRs9Sw,-1,3,1,"['7dc8b6ba32344a8713df3e45e930b44e', '727bb299888c5bb590200869ba43af7c', 'e2080d9ca13b35fcc01a1ddbc988f4a9']",0.45927625231743624,0.3075891046110662,0.190972848465152,0.6041836064272514,0,likely_human,1.0,0.3075891046110662,0.45927625231743624
UCyUG8e7eqajHUo_EDN6TFIA,21,1,1,['faa8e3da13dbcbb6160aa4db48cac0d3'],0.4287802359232189,0.30754279074915475,0.1285671698363041,0.3938746881196589,0,likely_human,1.0,0.30754279074915475,0.4287802359232189
UCl-M1VjjIDZJnL6v663Xz8w,-1,1,1,['e7a6cf1bb78846ee93977c566591f08f'],0.463984222011834,0.3075284638198832,0.22916937716015212,0.5066967797876358,0,likely_human,1.0,0.3075284638198832,0.463984222011834
UC_a3MdtTBQkM2hT2beOVIZw,-1,1,1,['109047e2c2e2f837007cd9fbdbf37b65'],0.4748604496234518,0.3074681761611811,0.18478309226726322,0.5521071129066845,0,likely_human,1.0,0.3074681761611811,0.4748604496234518
UCTpXITlQpMR2wq2m1z6r83A,37,1,1,['ab62509995c2696bc8ac02a5386ba640'],0.45017248499905804,0.30726516357082645,0.17468876247478918,0.588396131721916,0,likely_human,1.0,0.30726516357082645,0.45017248499905804
UCgTI75eI5FLJck3bD8T_KhA,39,1,1,['65c070aae9a94435055c3ae1fdab025e'],0.4355028494130848,0.307245954146034,0.19284674914722358,0.5383001890280148,0,likely_human,1.0,0.307245954146034,0.4355028494130848
UCr2FrxYA-xonlRzPESYSt6Q,23,1,1,['1770299ec8602ad5a8384dd37ffc9fba'],0.38795941603250117,0.3071748319622054,0.1698094827579509,0.4025574397941474,0,likely_human,1.0,0.3071748319622054,0.38795941603250117
UCVkigaz0sV5YmQzw60sFACg,25,1,1,['d37ede263e1a5ddaeffc5e7e51402e0e'],0.4485396317875022,0.30670405874617396,0.19375747376940122,0.5497894842904293,0,likely_human,1.0,0.30670405874617396,0.4485396317875022
UCoAbh_S69dXPJqgUt9gFrDg,12,1,1,['0359571f15b7e05e0c2ba013174988fb'],0.46750180347030246,0.30663118394339073,0.1606882246986402,0.533150442116587,0,likely_human,1.0,0.30663118394339073,0.46750180347030246
UCnxois89TMupKCF5z_XeNmw,-1,1,1,['83c4c7088aa43685cce5354a3bdbe8a0'],0.480336097338781,0.3064528445955913,0.15316107853967914,0.5884114625666071,0,likely_human,1.0,0.3064528445955913,0.480336097338781
UCRwtocdbDTo4H-xk81f5fCQ,-1,1,1,['306f1fdc0c1b5a3853c82c8b8f399b2e'],0.4636310985511688,0.3062821337312519,0.2077186033390536,0.5362350503197306,0,likely_human,1.0,0.3062821337312519,0.4636310985511688
UCAJHjSq2JzMKRDDg2mx9aCQ,-1,1,1,['717d43e53ef6ab9b2875d27a2e0d2fb1'],0.45611892666582243,0.30615921999905843,0.21192038876642902,0.5600817570418051,0,likely_human,1.0,0.30615921999905843,0.45611892666582243
UC9MQOKLbxCG3tLSlsVOrkzQ,40,1,1,['2c1644368f6ad5ed1ae143f528a16c42'],0.4562593103524309,0.3059914506656083,0.1836854485956442,0.5384139101676687,0,likely_human,1.0,0.3059914506656083,0.4562593103524309
UCTj92y0FzVTSSE5en1x7Q-A,21,1,1,['9840c427098070de038a2f6e9a63e39a'],0.41528240270381794,0.30556631954514074,0.16172756756543744,0.3736193874611631,0,likely_human,1.0,0.30556631954514074,0.41528240270381794
UCc0021moXiGcFI2IQDdL36w,-1,1,1,['35eb3c1024ed948682b53176e6a97275'],0.46032349547463475,0.3055011474835846,0.17482944305459983,0.6199097992106156,0,likely_human,1.0,0.3055011474835846,0.46032349547463475
UC70I06CSEh5wYfg2Hb6-byA,-1,1,1,['1b9d6850a37c0f65376782e74932c54b'],0.46822859803956435,0.30542253240327644,0.18409148709462228,0.5535693777339755,0,likely_human,1.0,0.30542253240327644,0.46822859803956435
UCbrnyrSrN9a-o7qYnXWVDFA,-1,1,1,['8956619fd4907a739f167b48fd606841'],0.44276919695772565,0.3051508430147806,0.21751372545438333,0.6158807186979773,0,likely_human,1.0,0.3051508430147806,0.44276919695772565
UCe1B2Fv7ZO0fUN40l2hrriA,-1,1,1,['80768ecd51a6745111b63c54811a29f6'],0.4932839072366326,0.3048743021626131,0.1502477753281263,0.5168585409400732,0,likely_human,1.0,0.3048743021626131,0.4932839072366326
UCeTvk4sbzMyLTl7OmkpcnEA,-1,1,1,['2b5a2f3aaa417a9f9dbfd9ffb376a255'],0.46795579052214764,0.3047496346083891,0.1932595155891698,0.5311271150760635,0,likely_human,1.0,0.3047496346083891,0.46795579052214764
UCdr8e9IrKM9h3EsQKI13uIg,33,1,1,['4064b60158c9b738a8a98fb3baf44c7e'],0.4458328643620371,0.30452000632300424,0.18855705462945174,0.5631288375501646,0,likely_human,1.0,0.30452000632300424,0.4458328643620371
UCX_2VxZjuN985ZBw7cNgd2A,-1,1,1,['0c94664fcc08df6ed8492177b288ccbb'],0.457505873783422,0.3044871809088985,0.19912617934655205,0.5647858874580375,0,likely_human,1.0,0.3044871809088985,0.457505873783422
UCfR4HIIxJE7l6do5dPRVVCw,-1,2,2,"['ca6a89864acbe65916385235bcbcc8f8', 'c49c4985b8d3abb375c912820b21b427']",0.4550215826737265,0.3040140920509496,0.18131801099595599,0.606547048615953,0,likely_human,1.0,0.3040140920509496,0.4550215826737265
UCU_TZ1ZToV4CnvpdOTfk1hg,29,1,1,['1948bd88bcbe5e7837b832b9ecfd21eb'],0.43801787008548054,0.30400374866799995,0.20043788346151223,0.5554071255998894,0,likely_human,1.0,0.30400374866799995,0.43801787008548054
UCXbQcnRWegUtrEdoD5YQaTg,-1,1,1,['2b57402577b36ca2d973fe9818af155d'],0.45820722329568575,0.3039310619435773,0.16990512496086527,0.6142183465124549,0,likely_human,1.0,0.3039310619435773,0.45820722329568575
UCkJUWgTm10BR2EqexSHQIsQ,38,1,1,['6e19004179c5f21fd936c9b3a6de8049'],0.4439654355299444,0.30384152414681254,0.17447114401093744,0.5848602084568099,0,likely_human,1.0,0.30384152414681254,0.4439654355299444
UCPXlyJdQp12xpQ3EXa6Kq0A,18,1,1,['87dea1c1840b226b59eeb3467b003fee'],0.45622033466082906,0.3037518512350933,0.18036734901047288,0.5199664587306683,0,likely_human,1.0,0.3037518512350933,0.45622033466082906
UCjWH-PGQW9XmO0WLhXxrgJw,-1,1,1,['3075f977bd73691e9223e1c93ed65136'],0.45495144119313985,0.3036415269992029,0.181474129099106,0.6021234217577904,0,likely_human,1.0,0.3036415269992029,0.45495144119313985
UCQhCwbp2ZVIOgutqcN6_3vw,-1,1,1,['e6ed4a179c7fd55d93975c4c1496b453'],0.4555167344595562,0.3034725113101355,0.18759464983764934,0.5962322577341634,0,likely_human,1.0,0.3034725113101355,0.4555167344595562
UC5ni4unIyc0kjy77RyDdg9A,-1,1,1,['f150d4a9b7abe59be320afb2ad0360ab'],0.4723572500455689,0.3032774215648537,0.1890186509189806,0.5156692774105793,0,likely_human,1.0,0.3032774215648537,0.4723572500455689
UCIR9vS02FWLD663JuyPXsLA,-1,1,1,['b1d86e9a17ae9d8b4ec8679a62abaca0'],0.4515637613643543,0.3032281349291474,0.1621512933620066,0.6595081167901481,0,likely_human,1.0,0.3032281349291474,0.4515637613643543
UCRyWOPDFpNXnf4htSGZ7sGQ,-1,1,1,['46ef97a8920d04ba849e98e0435b738f'],0.44231614112315365,0.30321713405790196,0.21375713604332397,0.5898972442431828,0,likely_human,1.0,0.30321713405790196,0.44231614112315365
UCBsG9bEzjhVtUZjCLvgD0Cg,-1,2,1,"['bd19ba210e8979b52c9c1ff985caefd6', 'f23e2419b1b0141df9c0f6650612dce9']",0.45441387608643785,0.303123334685549,0.19956674138273486,0.565198728978479,0,likely_human,1.0,0.303123334685549,0.45441387608643785
UCIr59pZ8nZwlANa6HHTG48g,-1,1,1,['0d9b0cdf3df680077bb838eb876edf6a'],0.4595499923783583,0.3030940138424253,0.21786434582764355,0.500342269030762,0,likely_human,1.0,0.3030940138424253,0.4595499923783583
UC7XZunheFhxGiPkdMYGYAMQ,-1,1,1,['91da943d2eb4036f9ece89d23c493421'],0.4775467977935666,0.30305796601750773,0.15628598854185338,0.5569823385498543,0,likely_human,1.0,0.30305796601750773,0.4775467977935666
UCr7j-0fGH4QaOEQtzrywAGQ,-1,1,1,['bb13e71f76e8e1aeaa98489d3fa8fc7e'],0.46285151867742946,0.3029821923374396,0.18335856189858543,0.5584163576525415,0,likely_human,1.0,0.3029821923374396,0.46285151867742946
UClj6ZfwY74lchY8R56hwcUg,-1,1,1,['a89080409b10a2ca420b8757fade1c29'],0.46011906080122306,0.30274915052180534,0.17892799938878712,0.5766561681961206,0,likely_human,1.0,0.30274915052180534,0.46011906080122306
UC9tJhU4L27FhM6Z7GGum2uA,19,3,2,"['a0ebe1f250c53442530f9d20298e03dc', 'a4d2228b2bac27d87b71bdda7e71e870', '975099d67d98d4dce524f9749239d542']",0.43324023532284794,0.3026987293228709,0.1807523769958904,0.5724985097487988,0,likely_human,1.0,0.3026987293228709,0.43324023532284794
UCrd-wq14j3r-lbt4YCVGVvw,-1,1,1,['8ab3a4f5331dbf9814c8ce28141c4421'],0.447428866914625,0.3026708721980734,0.1914518049682143,0.6082451117706177,0,likely_human,1.0,0.3026708721980734,0.447428866914625
UCFL67qn9ivEghJoeKOfoqfA,-1,1,1,['57d00761e234edbd4412e1f4c80ecb3b'],0.4588341619504179,0.3025205502280906,0.20528526002711742,0.5321620045109742,0,likely_human,1.0,0.3025205502280906,0.4588341619504179
UC5GG86-m9_wh1O0q0ENKMeA,-1,9,1,"['100237b0680aa72029d6d5402a871420', 'ad2019bb6d7fae99aeac4854b7ce8940', 'c4f60c3bd0770b32699f9a01f628a0ec', 'b45d27a660ce15105522bd56961ae6fe', 'd709f0677c880dfa5112f8f12e861564', '56b24d70163918df4b1e999c12bcb35b', 'eb3401b269d61ddc94372a103ca2f307', '51b1a6e46a5a5178f368a6ea20820454', 'c26271ac92ac1360fe8f653e0c07c93a']",0.3795865248553664,0.3024983858870839,0.17017187487691654,0.9071408813887707,1,likely_human,1.0,0.3024983858870839,0.3795865248553664
UCHVVDFs73xBmB1B5-BV8wcw,2,1,1,['5ad906802cb98c65683609cf54b19f92'],0.4328863863414421,0.30237008582276026,0.14315383930284958,0.6833195061467893,0,likely_human,1.0,0.30237008582276026,0.4328863863414421
UCv6PiCHX9c08318vTKuyzUQ,-1,1,1,['fdecb84de5f85ade45c202b0f2277883'],0.46143139154036567,0.3019664901885781,0.18745479160804931,0.5458391341838564,0,likely_human,1.0,0.3019664901885781,0.46143139154036567
UCBzl0SD2oaKqlu1Kr7TUaoA,17,1,1,['52662f9163bc80361027fe02d6899f37'],0.4663039775180281,0.30185458091047035,0.1572461340234374,0.49870684168501483,0,likely_human,1.0,0.30185458091047035,0.4663039775180281
UCiBsktyhs8iZXhg7IfUEuUQ,48,1,1,['d5d3285164440167742a7718a8d2deb8'],0.44464721414358543,0.30176602882181547,0.20328800963806798,0.49588355642662807,0,likely_human,1.0,0.30176602882181547,0.44464721414358543
UCDiv105oHKOBo0biCI3ZJVw,35,1,1,['d07a0fe1392766d9c6dfb1471a07551e'],0.4711594515981302,0.30174019683298503,0.16133366156069914,0.40693456906421244,0,likely_human,1.0,0.30174019683298503,0.4711594515981302
UCqpv6dOxU7DK2f1_tDjtKBw,-1,1,1,['f79d72181d0c6ad23a359372e1e55fb3'],0.46383572095417197,0.30146585895778905,0.1438353435956292,0.6261341310734791,0,likely_human,1.0,0.30146585895778905,0.46383572095417197
UC2dG6eudcBi3X6Rl-UL0WSQ,-1,2,1,"['11c24e539b01fc8b3fc6e9168847e732', '3fbdf971fb2011e892011b42aebe214c']",0.426173986979711,0.3013081287311009,0.19875483066315808,0.6802423215125538,0,likely_human,1.0,0.3013081287311009,0.426173986979711
UCdvDOQxVxeIK9pI9Tj91D4Q,-1,1,1,['0423c0013e9ca141cf84f5d52ad6bc38'],0.482374965823841,0.30125380193059476,0.1224712333095491,0.5873715439983059,0,likely_human,1.0,0.30125380193059476,0.482374965823841
UCa2DKWCDcXjybBckyIhIa2Q,-1,1,1,['ad1885b92232e652766199c991b700d0'],0.45165886010440215,0.3012024110944981,0.22297566563699475,0.5166368533054111,0,likely_human,1.0,0.3012024110944981,0.45165886010440215
UCJdoUWV5TAIErd17nYlhiwg,8,1,1,['4714611971a104a81ca8dcf7e33fcced'],0.44379167072706466,0.30098616682937646,0.18621244909184165,0.5271643878165225,0,likely_human,1.0,0.30098616682937646,0.44379167072706466
UCE9uCgn8K2JDjUsKUxIEjlA,24,1,1,['96f8405350a51a2b77e5b3ed84ce89be'],0.4450463956488979,0.30089684007996575,0.1932507686683953,0.5070009583231858,0,likely_human,1.0,0.30089684007996575,0.4450463956488979
UCmuWU9hEsd0_6pvAF7F-VUQ,-1,3,1,"['d1ffd17e47ade1e0034dcab9f15f1173', 'f31871959b89954d59b2b03762072939', '9061a48a33190c22b6bcb498a778b149']",0.4636702266159662,0.30077760896161837,0.16830210909899052,0.5643450286413155,0,likely_human,1.0,0.30077760896161837,0.4636702266159662
UC1Ng3-PObLAH2_eTH00h-Jw,24,1,1,['89daca6b4ea1ec76308f69785b801c8f'],0.4415527734585709,0.3007477734098591,0.17626817367840072,0.5591219473427388,0,likely_human,1.0,0.3007477734098591,0.4415527734585709
UCS_8ItNiTNbN7mlMtWeNgnw,47,1,1,['1c4ecd423fa665794cd95f71ea859552'],0.4221362923915346,0.30074130952475264,0.21113262750145256,0.5718609955070576,0,likely_human,1.0,0.30074130952475264,0.4221362923915346
UCpEMylrkPrIXFHz81JhA5hQ,13,1,1,['3b489943cc6445642b2b17b5b8a2b94a'],0.4158092999748464,0.3007394878842181,0.19888233707223651,0.47472996329425443,0,likely_human,1.0,0.3007394878842181,0.4158092999748464
UC0lETRLeo0sWFMUgx_arffA,-1,1,1,['6f4fd7f6ee1ac53d888abdfc77edf9ef'],0.45398035455021263,0.3004915054302102,0.14000831239008082,0.6649151910428931,0,likely_human,1.0,0.3004915054302102,0.45398035455021263
UCyoInf1XTCbbTiZJXgqcLZw,-1,1,1,['64be14b5f58ebf933ada9566a8200df7'],0.47169932163148276,0.30048848291621366,0.13674219100192989,0.5979188531077723,0,likely_human,1.0,0.30048848291621366,0.47169932163148276
UCjRAGd3nvpdb5T445LSCYLA,-1,1,1,['0804dfbe0a7c3c1c74fba08e943ca61e'],0.4488211637158568,0.3002192544015062,0.18513423948883886,0.6029467641088728,0,likely_human,1.0,0.3002192544015062,0.4488211637158568
UCfpA1wC58vBvimX_nJvgzzw,-1,2,1,"['373aac24eb7d8d76e4a1f12d4bcd3693', '33ca25852e7cb976dbc7b596e0806faa']",0.43528683746492897,0.30003768074596654,0.1916649664446932,0.6361290990873654,0,likely_human,1.0,0.30003768074596654,0.43528683746492897
UC6XE_FFg7SBedGCyD5TNvxA,13,1,1,['40152b62600869cd472fea5503692b66'],0.41906580455044357,0.2999670683555714,0.18441368074831516,0.4837784169498976,0,likely_human,1.0,0.2999670683555714,0.41906580455044357
UCftwnmn5yFKNKLcfBKJh5tA,-1,1,1,['9e0de3aeca92f6a8a956c479909426df'],0.43245580075822976,0.29994488684002985,0.19783232983121207,0.6361290990873654,0,likely_human,1.0,0.29994488684002985,0.43245580075822976
UCQR5frYLvebvBZL7A1nFr-g,-1,1,1,['367af68e7cded5133e9e82a62ae7ea6e'],0.44954273068379547,0.29950661698806685,0.17561930952802474,0.6033740843791869,0,likely_human,1.0,0.29950661698806685,0.44954273068379547
UCcsDehHrYAou4Ro0h6Cl9fQ,39,1,1,['37583b7803be006e05761fa51446c0e9'],0.47792112055338776,0.29950183631553373,0.0960087642404001,0.4638583805236175,0,likely_human,1.0,0.29950183631553373,0.47792112055338776
UCBephuktiwrC0uTWcBro3Cw,-1,2,1,"['964eb4296ca6f15d4c599c788e0ed6e7', 'ac8ed0f2bbe28f8a8d86b9139cba725f']",0.4690953990266782,0.2994904383371019,0.14746346615985537,0.5681647880898831,0,likely_human,1.0,0.2994904383371019,0.4690953990266782
UC2OTBApjAmmUSBWThZnRW9w,-1,2,1,"['7aeacf2198567362a39017508c5312ce', '7ee7e4fc9f558d2870255f1face8dda9']",0.4275489741083294,0.2994722347405281,0.17796986894053363,0.6973821954641157,0,likely_human,1.0,0.2994722347405281,0.4275489741083294
UC7hVbv34dH3GCfTjDH8jTOw,-1,1,1,['f7c407e4346deab920767cb173050499'],0.43074481061059533,0.2993160631197875,0.19820471851751903,0.6470573213345315,0,likely_human,1.0,0.2993160631197875,0.43074481061059533
UCTKLftqByNsAFv4ds5tWaFQ,-1,3,1,"['2bd767b0858491783494397dcadbdbbe', '541b0b73101cb63e26e315feefb1cd87', 'e24b9672d44dadd622685666ba64b7d4']",0.44257042551561604,0.2992413730524557,0.1882161874958269,0.6033132230435947,0,likely_human,1.0,0.2992413730524557,0.44257042551561604
UClHB8BHl5rfFO7wBw7RiIsw,49,1,1,['7fb0d24c7b36e4a3b3f4caf0acea399f'],0.44289550775171604,0.2991909830938982,0.18351356564912127,0.5195993191659615,0,likely_human,1.0,0.2991909830938982,0.44289550775171604
UCt_5ULcDGBo8dLBdsjmf_ZA,-1,1,1,['42f776dc223203391c90ff4dc82cc900'],0.47942823753641955,0.2990377408651593,0.1381140961366335,0.5410885327530655,0,likely_human,1.0,0.2990377408651593,0.47942823753641955
UCvL7fUEaVVZPF7fq5WoJr7Q,-1,1,1,['09c6dbe46f7ffe2bad62d3c077d092ad'],0.4455680428515335,0.29889159267254184,0.1848619263376703,0.5935435766552248,0,likely_human,1.0,0.29889159267254184,0.4455680428515335
UCWtpxXywZDmrti0EgVTgnkQ,-1,3,1,"['35867a519ed2b25124009e4dd4e9bc2b', '69274d978ee81bd1ecb494acbedde7e4', '905c04aa51bcd0c30563a3910bb8a6d1']",0.44747679039128735,0.2987874182534128,0.17674013313391151,0.5973177645985089,0,likely_human,1.0,0.2987874182534128,0.44747679039128735
UCjqVTiwVRg0figY4hPHRK4g,-1,1,1,['404516fad5030289cf990cb4b9200f4e'],0.4629459294552184,0.29873980870630557,0.17238177696162924,0.5527391670414974,0,likely_human,1.0,0.29873980870630557,0.4629459294552184
UCGgMh3R3vtv4Mvsw6HvlbtQ,-1,1,1,['b93ff8f1c1826090eaaf5ec0dcd70817'],0.4428189907984398,0.2987121156915511,0.19200393567347346,0.5839947383374546,0,likely_human,1.0,0.2987121156915511,0.4428189907984398
UCytLsgUhn4p3T-s4W_cXlVQ,-1,2,2,"['121a2b2c5e12dcce0507e0cd9e47675c', '93b9cc6e370f066bd2e58513822ce9c3']",0.4801602947506788,0.2986661473744124,0.16383367806132854,0.47790542702226896,0,likely_human,1.0,0.2986661473744124,0.4801602947506788
UCSOfeoxvZZxyGq0bSbKoNbA,-1,2,1,"['88a2589b2c6e79b8c235b51f7ac1ce38', 'bd2bb66b517ab0c020cc321d01f40c8d']",0.445289630662454,0.29865603129467766,0.14759235209321414,0.6782983950275888,0,likely_human,1.0,0.29865603129467766,0.445289630662454
UClp5GAYRnBSvzS8RabhNSlQ,21,1,1,['c9f337493560a12deb0cb0b137d9683a'],0.2584342539925995,0.29859746641571433,0.1402940770967825,0.999999999999999,1,likely_human,1.0,0.29859746641571433,0.2584342539925995
UCXVHSbtgqTawNJn96pl4Qgw,-1,1,1,['8908ae2c1545575f3d8ccaa1c6b38d08'],0.44228346773453875,0.29840550974828367,0.20850295724096923,0.5573921424094139,0,likely_human,1.0,0.29840550974828367,0.44228346773453875
UCjNmVJzfHfTrn3DcZxULdHw,-1,1,1,['44bd8642b6010d86e2bb4f7da04c6349'],0.4259019270873675,0.29837676155942394,0.1857315280710867,0.6851686382195252,0,likely_human,1.0,0.29837676155942394,0.4259019270873675
UCl8rraLDCGraLxFrdhCFCKQ,-1,3,2,"['c2148fc1af6466eb9aeef0c4bd929ce8', '4164c6e3a0d330452799203aafec1e78', 'b506e52a0d117d60903112407d059c05']",0.4549594484914172,0.2982088682271677,0.16672653309881375,0.5860436909097542,0,likely_human,1.0,0.2982088682271677,0.4549594484914172
UChXK5lxf_F2gmPEilpXk9Nw,-1,2,1,"['5daf32d6f8a37532286a51c60398209f', '82162cbb951fa17198317373a5bf5d56']",0.4633347299563093,0.29818085754991847,0.15030672034737205,0.5829686325705598,0,likely_human,1.0,0.29818085754991847,0.4633347299563093
UCmpafFecXiA2OC80XmPGj_Q,-1,2,1,"['084a718ceae7774d3a8ee33a42d095e3', 'ab510db405d2d9805fe7c0e883a319c8']",0.4558929225008842,0.29809649176123965,0.1814952044656977,0.5484691190502876,0,likely_human,1.0,0.29809649176123965,0.4558929225008842
UCtVTIiOkHKLU0Jxas3CeocA,-1,1,1,['cad5801717356840d3af47d8482b65a9'],0.4620203216299561,0.2976663806870601,0.1389443658123266,0.6043634086896087,0,likely_human,1.0,0.2976663806870601,0.4620203216299561
UC72OaTLYakh3AqydTS0TwKw,20,3,2,"['1774f24fc5e5b1b192ecb3ed0792d29d', '11ae0b113afbb434f84bbd540151b808', '653faefdcbd0092e8022512915801aea']",0.42636098081586454,0.29744432966418527,0.18080765330759363,0.5806729979044879,0,likely_human,1.0,0.29744432966418527,0.42636098081586454
UCHzyffPdt0sWO-g4G-uzQyw,39,1,1,['a4169e7c0bc44d90506650da0adffeac'],0.4462905876319728,0.2973429667119453,0.1531036307539388,0.4660152546791453,0,likely_human,1.0,0.2973429667119453,0.4462905876319728
UCuOHymdOay43fUkimt-_VcA,16,1,1,['178fc70118a4972490a6aa2b52395937'],0.4334859652216772,0.2973245807095509,0.14926492096665497,0.6134067703097967,0,likely_human,1.0,0.2973245807095509,0.4334859652216772
UCArrE3LKTausTaDlMrn9Esg,-1,1,1,['050efef12d727e284902c878d0219f55'],0.44456563480802513,0.2972983219833193,0.16686421938184756,0.6134067703097967,0,likely_human,1.0,0.2972983219833193,0.44456563480802513
UCk5JXbsyWFBAMcCmDsu02EA,41,1,1,['5c05b6b5415bd28a3ddb808992d0aeb0'],0.43012554732762776,0.2971939053443809,0.1876632302227012,0.5322586398958361,0,likely_human,1.0,0.2971939053443809,0.43012554732762776
UCdbpGplLZuyF2JRQ4E09Fjw,-1,1,1,['8350149d0c96bbd5cd36203e7fcc7d6d'],0.4712633247056527,0.29710279254632355,0.16605611436933548,0.5057783434769987,0,likely_human,1.0,0.29710279254632355,0.4712633247056527
UCZfU87v06Ow-cV66Vg3pdAQ,-1,1,1,['9a433933e629520ab670e0cb5ef763b7'],0.44606515746673525,0.2970693857386114,0.20334217005798386,0.5329897269971638,0,likely_human,1.0,0.2970693857386114,0.44606515746673525
UC4ZChj7dX2TDgszBMiuiBSg,-1,2,1,"['806e6e537fd766e3b59d49903a9b8c5a', 'e1e4f0f9fc9f1d7ed5d41782f2796b60']",0.4390506093230456,0.29704196412900913,0.18619591933786617,0.6033740843791869,0,likely_human,1.0,0.29704196412900913,0.4390506093230456
UC-TtoGKM4J3Uxt-EkPZu-UA,-1,1,1,['7c391c9b060388f394769fdebef66510'],0.47924284634707753,0.29699577938952815,0.1397429192999354,0.517547901624486,0,likely_human,1.0,0.29699577938952815,0.47924284634707753
UCz2O2oQ81NbGahInpXfMIIQ,-1,8,3,"['1133dd93ee009e7bbf0550372a12a25c', '7d38e8154223478193f6af9a0de78637', '7f621c585634b8022d27268847e35a74', '38c7a7612930251509bfda890339eb1c', 'ea4c7d5388c149c874df800315a64117', '39503499ff8312c9534764133436600d', '8eda7e79d98307e5a3beed9ba4a3d9e7', 'eef64c12663f1d8df15c0102613b18e8']",0.42731748888555915,0.29678203993260105,0.2115967510971516,0.6049848782928899,0,likely_human,1.0,0.29678203993260105,0.42731748888555915
UC52bodhD1hI3f1LGwW8ftvg,-1,2,1,"['6ae98d36bd1aff940c3ed40ad4ca1677', '283a0c33b00a8015a3d2e86b8ebe4442']",0.43620542777931703,0.29671132919069654,0.21246617776498258,0.555954229366671,0,likely_human,1.0,0.29671132919069654,0.43620542777931703
UCfBksFuX0xg4uli5Pe-e6Yg,41,1,1,['fed9e2761a2c1474e5b4d149546e7fae'],0.42604546950083555,0.2966768711602845,0.20938674041413458,0.4964655515271127,0,likely_human,1.0,0.2966768711602845,0.42604546950083555
UCeOozjirA-vXgI9XTnQW-iA,-1,1,1,['3f2ac3b1f93a5db5dd72103a2c422d4d'],0.4426502620081909,0.2966077578597326,0.1928575894233835,0.5710816556131348,0,likely_human,1.0,0.2966077578597326,0.4426502620081909
UCrmvAZ7DQI5eFInGktulybw,-1,1,1,['dfe8b29d83a3a66b7a669e1df591d5c1'],0.44290514175668816,0.2964525829346044,0.2033749424388583,0.5472896525040347,0,likely_human,1.0,0.2964525829346044,0.44290514175668816
UCtQ-oAeXbU2Uii0Z1qn2rzw,-1,1,1,['b44dd9ff79fcb16160c441751684f76f'],0.46520398617702574,0.29642952479947515,0.14384377056698386,0.5665556480536837,0,likely_human,1.0,0.29642952479947515,0.46520398617702574
UCxrSQxv1mm1krxSHl7hf7EQ,-1,1,1,['6587fd81963ffeceb18dc03fef970e67'],0.42144078079325914,0.2963039025921553,0.20894110265293306,0.624353560872386,0,likely_human,1.0,0.2963039025921553,0.42144078079325914
UCSCu7m5muJeBnuLyCmz_ErQ,44,1,1,['75cab035507d9e39564151d6180b6768'],0.4654808109861718,0.29622697922945107,0.14758610079840884,0.47080527475495304,0,likely_human,1.0,0.29622697922945107,0.4654808109861718
UCXwHcrfXGiCYHbIQTizGoQQ,-1,1,1,['900cef6ba57e8336e2ec1869cb59f0e5'],0.44212890659386417,0.2961534301112691,0.19595039504007397,0.5571280170879447,0,likely_human,1.0,0.2961534301112691,0.44212890659386417
UCBgrbtYr8q4cSZSIf2datgg,18,1,1,['f0845d4e3367a10a1090498b15390131'],0.4693153685946968,0.29604920186659694,0.15018117097777534,0.4427847546011229,0,likely_human,1.0,0.29604920186659694,0.4693153685946968
UCvfuf7-lPn-URXqe2qhT9PQ,3,1,1,['4fe6b6b2661c304d4e2a0a1632b58294'],0.4628176407534961,0.2960068151879559,0.1418556716225792,0.48701958756726543,0,likely_human,1.0,0.2960068151879559,0.4628176407534961
UCxm1uq58gOhHKy_4Onhj9ww,-1,5,1,"['14ad7181aac2450645636a1b5f99136a', '8917e1d2ed8fde72e74b4f4acef1157d', 'c8e9c08aadd5075d956c1cfcc5595a7f', '7fed0cec06a7f8185f5a1670c99859f8', '1bf894fd801c94bc6d93930379542b9d']",0.4332136749693648,0.29597449472929777,0.17297439306804768,0.6437967853240254,0,likely_human,1.0,0.29597449472929777,0.4332136749693648
UC1A99LkMRpVEIBC06zFEx4w,-1,2,2,"['1b731f90c4cae6bcebde2b664982b4f6', '1edf2c062b9cd53a228f0769f52158e4']",0.4923949626114723,0.295773574628203,0.06348691686066375,0.6035190918459478,0,likely_human,1.0,0.295773574628203,0.4923949626114723
UCnRd6WUE2HTUFBl7jlOFgVg,-1,1,1,['a871da753462bde16be84da82d454fe0'],0.45311756592210123,0.2957178577206116,0.1616015002198346,0.5718762984538449,0,likely_human,1.0,0.2957178577206116,0.45311756592210123
UCvhMMhm5pIOIZNEk52NsVYQ,-1,1,1,['2d3880f8f1d48f8befb3eae98168d3a5'],0.4395102535909544,0.2955137844259367,0.16252179685754173,0.637592486472107,0,likely_human,1.0,0.2955137844259367,0.4395102535909544
UCc4vCVsw4fbjcIu1Dg6tK1g,19,1,1,['0c63770a83c38e6f23a6aa11a41d52df'],0.43282364847272803,0.2953569329930807,0.1674946373449207,0.530482654360827,0,likely_human,1.0,0.2953569329930807,0.43282364847272803
UC2tIigGKNUEv56G5ZyWWa3g,47,1,1,['c9af3c9cdc286839e625eafb7df98bc0'],0.4119405014001698,0.2953445581031479,0.16827377712112626,0.6530440092058685,0,likely_human,1.0,0.2953445581031479,0.4119405014001698
UCSPEa3CsSQf1uSgGzxHdFpg,-1,1,1,['76dcc07294fa78950f5a294df899982c'],0.45315709058746934,0.2953438889557004,0.19761789579696953,0.5054365322515518,0,likely_human,1.0,0.2953438889557004,0.45315709058746934
UCzCNVfiELXuK9dYYUbSMgeQ,-1,1,1,['4b6431a4cc60b3cd470c411062b97372'],0.4421950536005471,0.2953165471837237,0.18676775251429534,0.5649773553022346,0,likely_human,1.0,0.2953165471837237,0.4421950536005471
UC0QIutongp0dmQ4lKpgK21A,-1,1,1,['10c5da6c2bb501f5119a624a6b057e2f'],0.4627051178919233,0.2952403582127174,0.1888074075299877,0.4817089384878051,0,likely_human,1.0,0.2952403582127174,0.4627051178919233
UCLxVYM3jgYg2iWWJRcx3klQ,-1,1,1,['a4d02d2bff08bd26275457591905ff28'],0.4498330346235345,0.29520508434279613,0.17990846456269496,0.5453686145918742,0,likely_human,1.0,0.29520508434279613,0.4498330346235345
UCugi0-XgtdXvKIjF0KcaXWg,-1,3,2,"['6c1688bd2798e92a526243184717fd86', 'e8bd06a7ed45843a7ec87d70fcbfb03e', 'd45ad4f977dc57e78e2ff05b24a7449b']",0.4329589185875608,0.2951476126114876,0.18894257593540234,0.6048412163281668,0,likely_human,1.0,0.2951476126114876,0.4329589185875608
UCwVxipzu9_rMBS6Lo-lyhKg,-1,1,1,['f94b9a4977337372dade242cf8b7d919'],0.44682465667393445,0.29512939552595385,0.19442258614184144,0.5287942120961495,0,likely_human,1.0,0.29512939552595385,0.44682465667393445
UCLvsE8jfDGxXiGh0cbr3bWQ,31,1,1,['9944e7ea28f7750e92363101c61e9645'],0.4358093226175543,0.29509117011493646,0.1613031500007295,0.5660972069880591,0,likely_human,1.0,0.29509117011493646,0.4358093226175543
UCOBgG9asYCuWCBSdP4a0K-w,-1,1,1,['fee934a949b5abf870a4173ad885b9a6'],0.4703719731242786,0.2948783544185076,0.12329982156761969,0.5763781275329672,0,likely_human,1.0,0.2948783544185076,0.4703719731242786
UCjNyO9DKgFWefHm0j4nB7KA,-1,1,1,['d0ed1585039f17c7ad1866e6791df769'],0.4485200639862921,0.29485701610761295,0.18224211785850708,0.5467190428811212,0,likely_human,1.0,0.29485701610761295,0.4485200639862921
UCnLPE_zNGmn6NsQWK7W0rvw,26,1,1,['a37539a3ce009138853506fcecd440df'],0.4189456335382229,0.2948204076726432,0.1732956206911492,0.6064841500902909,0,likely_human,1.0,0.2948204076726432,0.4189456335382229
UCEvX-hirXkYEhlwgDKqj2UQ,-1,1,1,['486d7b71552aec4c11abc06664b65730'],0.4427002755092265,0.29467216726980794,0.1990973785971673,0.5381142288222553,0,likely_human,1.0,0.29467216726980794,0.4427002755092265
UCp4FNJTbsuou2e5ETS4fZTA,-1,1,1,['124473d241efff6e84317d43d7bf4a62'],0.42839032618366,0.29459211901363364,0.1959936156535574,0.6027202909901426,0,likely_human,1.0,0.29459211901363364,0.42839032618366
UCyTg-yauSKlgO-ROt79n_7w,-1,1,1,['c3e1999fc93aed7859a334bff45eb842'],0.4323036229949249,0.29432653345800974,0.20202659586218283,0.5693194760192463,0,likely_human,1.0,0.29432653345800974,0.4323036229949249
UCRZrn9Gz0KvIY8k44g1fv-Q,-1,4,2,"['720770e4d50d2ec7f4527da2579418fe', 'beef2a5011f27dc9ffe1875cddc980e6', 'debe68dcfe512a731c1b97780181b1c8', '15660c1977fb486ed74946d1f3308f13']",0.4377342581094309,0.29422960387265684,0.1510668891622267,0.6595081167901481,0,likely_human,1.0,0.29422960387265684,0.4377342581094309
UC3-k_TsbF8Tt1NcUzH4CzGQ,-1,1,1,['3da12bd14762be3d164545341bb21660'],0.4479823084585769,0.2942063977179777,0.20682819596947122,0.4886855524443405,0,likely_human,1.0,0.2942063977179777,0.4479823084585769
UCgFL8b7VtQ8MRgGCKjQUJew,-1,1,1,['fafb577a3389cceb58dc4e4acad01f36'],0.44974511504443077,0.2941894307640471,0.1769658486014711,0.5529159185299501,0,likely_human,1.0,0.2941894307640471,0.44974511504443077
UCAIV0ICk8YeIHOfkCLat5Pw,33,1,1,['1aa2b0b92ff921c577328edc4461463e'],0.43760932457284596,0.2941817512599897,0.19420231667617163,0.4774679892842158,0,likely_human,1.0,0.2941817512599897,0.43760932457284596
UCGjtKDA4zUN9QmG1j9haIGA,-1,1,1,['bed505f01f98ee23a964d7a326c8c90f'],0.4559126860322318,0.2940470321634655,0.16105803075292913,0.5509177119941687,0,likely_human,1.0,0.2940470321634655,0.4559126860322318
UC--P0FFW7tjcsQfwAbHCzCw,-1,1,1,['3b190d297102c18b7b02bf268d801791'],0.4260500088798878,0.2938731551252656,0.22799541114016028,0.5388640996152583,0,likely_human,1.0,0.2938731551252656,0.4260500088798878
UCro29G318j7faVxpvDOai4A,-1,2,1,"['6b69cebd8f5c32766c9be633bcca450b', 'f91ab4d526c0d6f1ef701d4d3070d375']",0.4411821811202162,0.29369388713844136,0.1914551828282069,0.5552135430418038,0,likely_human,1.0,0.29369388713844136,0.4411821811202162
UCRmdKBTK2K9OyQ1YKcsXTHA,43,1,1,['c09d5415413e40046b557c36a52514d0'],0.44145250085207377,0.2936058199662921,0.15736190244260043,0.47206429071415174,0,likely_human,1.0,0.2936058199662921,0.44145250085207377
UC5awXXF-jeB6VUsIDTYikPw,-1,1,1,['dd40d1a7b7c5927cc344e1919232cd89'],0.44521859393198915,0.2935688671746781,0.1941701181075041,0.5244141917874557,0,likely_human,1.0,0.2935688671746781,0.44521859393198915
UCT4xu1ekk0BRMArMbK5Nj0Q,-1,1,1,['03b2716584d89096b199ecdd15d40352'],0.46637013442392594,0.2935074709067236,0.16730583073364294,0.4922925838507697,0,likely_human,1.0,0.2935074709067236,0.46637013442392594
UClC9AzoCYGh145G46xlKV7g,-1,2,1,"['b7e4de91e76ac4d935431de52975d49a', '71ca3c7408d5b3bc7ad8e3525735be4e']",0.43484293073455715,0.29327504491404627,0.1764675628861607,0.6081687382584162,0,likely_human,1.0,0.29327504491404627,0.43484293073455715
UCmBZNB2q0RN8dOBmbENNEtA,-1,3,2,"['af0d285a19a7afb8be3eb9d8027902b0', 'c631c4630e1e05ce151cf50e6e8b3831', '31c9c1efd7039bfb2c29fc05e9ae4ce3']",0.41971394283265423,0.2932464874799089,0.19163562243325877,0.6367597608018157,0,likely_human,1.0,0.2932464874799089,0.41971394283265423
UCeoY3tpYSRKcxAAWBRbjm3A,-1,3,2,"['66f16140663652e1675dd1dc5d434fd1', '7c7bdba76667a703d4afa72149bc5cd9', '8c8ad18a1eb1c33865d76936216bef73']",0.4559307444211555,0.29320957067705944,0.15492207871282704,0.556844199165707,0,likely_human,1.0,0.29320957067705944,0.4559307444211555
UC2SjD1V0acc6DUzkT33HiuQ,-1,1,1,['71982941d9ad89e2ba083044cf8f6c4e'],0.45844437639883145,0.2927751736855458,0.19374893643201369,0.4615311850344405,0,likely_human,1.0,0.2927751736855458,0.45844437639883145
UCHUVGigngw3gQ2rCVAeI2MA,-1,1,1,['44bdfa445c2286e580ea6721987c68da'],0.43772616748568594,0.29277387260326954,0.18603042391535643,0.566824912747193,0,likely_human,1.0,0.29277387260326954,0.43772616748568594
UCRHovqMcPh26me0GL9DkQ6A,-1,1,1,['f095adef1b26f89a7907dee6508df435'],0.44352085551867276,0.29268205222589994,0.18404918228657224,0.5413226031684676,0,likely_human,1.0,0.29268205222589994,0.44352085551867276
UCasQpyeA8D5S5PblrcXCRlA,20,1,1,['f8535a91a64abac0888586fe4b23c64a'],0.43562275947590967,0.29262172493543787,0.1832612807461903,0.49489642000206435,0,likely_human,1.0,0.29262172493543787,0.43562275947590967
UC6Ydm6lhk4wRscId6KRZAwQ,-1,1,1,['f6a52693341e89c6f9dc9c1517b39076'],0.4512749882952035,0.2924867507199667,0.18532637617569375,0.5104045480785555,0,likely_human,1.0,0.2924867507199667,0.4512749882952035
UCcKHCbyvvA_gsUbYaDcxfUQ,-1,1,1,['b5e0c32045b678fc44bde700f28f1f1a'],0.42329149041250147,0.29236755236836964,0.20320187368100473,0.5885995649102017,0,likely_human,1.0,0.29236755236836964,0.42329149041250147
UCLxK1NaxM1-rFlG84xPsEBg,-1,2,1,"['fca5d19dd2ddb34435d9920d10104e8b', '27100d5c39775e34d09b3e81c6630d99']",0.43981834549487536,0.29235741730873377,0.17150671733104475,0.5786015932389089,0,likely_human,1.0,0.29235741730873377,0.43981834549487536
UCnBgsDPs_wdpDxKM9Lfxobg,-1,4,4,"['166a0db73508494416fb70a08cce5534', '018e4038fcb7e102cdff8e4c781ad5b1', '2fa9de10fdf3a76acea34ab0dce85b17', '07608f187093ec518cab262b89800d6e']",0.4276054451207032,0.29220832181858886,0.1557494601004451,0.6683683366323312,0,likely_human,1.0,0.29220832181858886,0.4276054451207032
UC7V23X7ASxoDBxXo8kgzlHQ,5,1,1,['4f04282d2af6f41da79db1de77f4cb01'],0.42510145653970743,0.29208884216240383,0.18810609644657944,0.5193955252840918,0,likely_human,1.0,0.29208884216240383,0.42510145653970743
UC8oF58BPP3xCTHqNqb_07Bw,-1,1,1,['8eec04d5071e80e879e318365c8a1dc4'],0.4637192123880792,0.2920400700893826,0.14948724497178145,0.5261827647507121,0,likely_human,1.0,0.2920400700893826,0.4637192123880792
UCdfEzuWp_r4gWe6wP0XjChg,46,1,1,['f3778364ed85087e777bb3b9e153a500'],0.4515111832205595,0.2918392273302805,0.14689051905322842,0.4562390238038762,0,likely_human,1.0,0.2918392273302805,0.4515111832205595
UCFylEneFxSCT0fmdJ02JDZg,-1,1,1,['ff7bbcbc696d4a4f838265193daf9378'],0.4360186778842646,0.29181716886264075,0.18425405017638552,0.5663398577961791,0,likely_human,1.0,0.29181716886264075,0.4360186778842646
UCMBb9E7-qw3HHGkmBaNECrw,17,2,2,"['ebfa39ad779fec81a6083560d52bbb13', 'bbaf3f1135801f3b51199345f62ddf35']",0.4178053627231022,0.29181619234041456,0.19881694182053186,0.5325975869494188,0,likely_human,1.0,0.29181619234041456,0.4178053627231022
UC-fRaWyIibaM665cuAYt14g,-1,1,1,['6da4ba31d758bb97d45bf6733647e007'],0.43202483149962956,0.2916108892521556,0.16895560984635205,0.6113720117227697,0,likely_human,1.0,0.2916108892521556,0.43202483149962956
UC4P8KZ-8kTIrYM0tc3sgd2w,-1,1,1,['0b233993d7b33e126ed5bd4705e47448'],0.42084847132893766,0.2915802557217896,0.1968388532885078,0.6073635360444034,0,likely_human,1.0,0.2915802557217896,0.42084847132893766
UCBp0rn8qbu3Nb1taMHjI-DA,29,1,1,['826e85a429960db7e8378a8394870750'],0.4165206292822551,0.29157644101001745,0.1673942867108215,0.5928542162356881,0,likely_human,1.0,0.29157644101001745,0.4165206292822551
UCCAq_xdJLWE496Xo-RNmgww,-1,1,1,['4e4ae0cf38ce8cbd089d38c31b9280c1'],0.46175518455802556,0.29155574639375215,0.19403570947798812,0.4349878619699192,0,likely_human,1.0,0.29155574639375215,0.46175518455802556
UCGF61yjCQS13lQrWpWz9CzQ,-1,1,1,['c5d44d8548c05e0642ef78f96fa2f06d'],0.44986541406780567,0.2914856278222959,0.14468283811153593,0.5848838754869444,0,likely_human,1.0,0.2914856278222959,0.44986541406780567
UCiUu7dATjo_T4GFJR-J2MqA,-1,2,1,"['4272386095f2f76b8948da1776d35819', 'd17ce732e7cbb3725e9daf6332da3803']",0.42957744739186,0.2914703467750187,0.17079013190626344,0.6208507923966422,0,likely_human,1.0,0.2914703467750187,0.42957744739186
UCiDjpdc7LPnS_8ZaFCmpiRQ,-1,1,1,['818d49b209866b49e24d25c28838af4d'],0.449922752402825,0.29138023618428854,0.16375524574477202,0.5467190428811212,0,likely_human,1.0,0.29138023618428854,0.449922752402825
UChWLbB4OArHA6nMgcig7VQg,-1,1,1,['6fe83a15e00890e0a7a3de578e39cdae'],0.441419299670607,0.2913431440880642,0.17415382640031354,0.5665556480536837,0,likely_human,1.0,0.2913431440880642,0.441419299670607
UCzFwh9JuMnSlDSLddpFo9jA,-1,1,1,['2440d6c17f3999cc863c03ebea0065d7'],0.46098448343961107,0.29126548071064656,0.1556221476893988,0.5170902527609087,0,likely_human,1.0,0.29126548071064656,0.46098448343961107
UCCT2owura6zVwA_lFYA8aOw,-1,1,1,['3e151ad36bdc3a6caea57f72918a7992'],0.44227647810399484,0.2909554669681368,0.15880790251183838,0.5778218507529724,0,likely_human,1.0,0.2909554669681368,0.44227647810399484
UCfhPIiVx1ko1K-9Drq1FKSQ,-1,1,1,['659d6038e2572624e9c11acc6cfe179c'],0.4213666336991634,0.2909327429834419,0.1945284071178032,0.5997579906680047,0,likely_human,1.0,0.2909327429834419,0.4213666336991634
UCzJFlvyDL2lIm6nYRWymn8g,-1,4,2,"['9213346c450b3acd79941f5c8fe431c3', 'f43bf48e92a51d96bc5dde87eb5267c2', '4e5b1a04e91a56ab18b0f4cdbfc0d9c2', 'cf46f85303d3aed47bcf3e57b59a520c']",0.3827828725443886,0.29091539985107456,0.15913513382857794,0.849495657406201,0,likely_human,1.0,0.29091539985107456,0.3827828725443886
UCB5MX19xwInlcIcf-cs6Y6Q,18,2,1,"['b616cc4b758c1cfb02cea6fae52619b4', 'bc5359e2520204aaaa310ce01db9a9a8']",0.4423668016304239,0.2908915167584753,0.1472676866111299,0.5205880158339888,0,likely_human,1.0,0.2908915167584753,0.4423668016304239
UCamo9yZsMmpUm9PMkZyUVOw,-1,1,1,['584666165fcd7a5f65e8aebfec613b33'],0.42768944296696537,0.29089028416025237,0.2097968105819025,0.5481261627541175,0,likely_human,1.0,0.29089028416025237,0.42768944296696537
UCrW_oJgJFpCY1OEf49QL_QQ,-1,2,1,"['efed47bac8562014cd51897a95be848d', 'bab4f2cf82c594bcf1419c09927434e5']",0.4525286813192225,0.2908682092699353,0.16744027878024162,0.5279137184490846,0,likely_human,1.0,0.2908682092699353,0.4525286813192225
UCM0uz828_JBRV0bDBxgyQ6g,-1,1,1,['0590f8b4ff80fd7679a6b3204168f17d'],0.45094166914717937,0.29072689101408694,0.12099227436523184,0.626997037825607,0,likely_human,1.0,0.29072689101408694,0.45094166914717937
UCBcVvd4jvx7aC9smT59ZOuQ,-1,3,3,"['c09d659105ec3d396a6cb33a0364b70e', '74a9fc9cd9f917f703b90cc8abeae068', '6514cbc6e6dbad851161b498bd9319f5']",0.43003510131442285,0.2906984377162679,0.19533858923114875,0.5600906189226883,0,likely_human,1.0,0.2906984377162679,0.43003510131442285
UC6Uc7TjQnWPo8qB64cj_MEQ,-1,2,1,"['b48088887c18d08ab0e048238d12ee80', 'c25514bd942ca6059f145ead8262b04a']",0.4467172221838499,0.29069589203187013,0.1638733781522044,0.5497858070911362,0,likely_human,1.0,0.29069589203187013,0.4467172221838499
UC4CDo2u0YQk90hOTYDFdfNQ,-1,1,1,['758c8ae704db57ff91d0db992edc54b7'],0.44071513489083713,0.29067709198040315,0.18277654279242408,0.5343170479073311,0,likely_human,1.0,0.29067709198040315,0.44071513489083713
UCdyFYZBDR_mOqjAV7MlU0EA,-1,1,1,['045d68760b1a0d5b3c3fddae53cd346d'],0.43793646624537,0.29063851615410974,0.20872037616592162,0.49618329600416256,0,likely_human,1.0,0.29063851615410974,0.43793646624537
UC52Aj4zquftc7DPfW0pukdw,-1,2,1,"['742c49263c2b182f185ca1e0d97aaaec', '707f0dc84bad08e1eeaa85049c35f635']",0.42553270543426236,0.29059449093070144,0.21029894929453866,0.5511815866384744,0,likely_human,1.0,0.29059449093070144,0.42553270543426236
UCTUE55dMTrtw4CR-9QHsMag,-1,2,1,"['6814dc9a8c00c60ceee675819a8c8ea5', 'bdf810e234caa2bff2ab9a08e0662417']",0.41524668334061116,0.29044327682195437,0.16896836621352848,0.6810470288218585,0,likely_human,1.0,0.29044327682195437,0.41524668334061116
UCjA0WgUMM8NunJSKElsNpoQ,-1,1,1,['0be494720f96afb99f3226901a824a85'],0.4371956696676508,0.2904039840068706,0.16549345773601648,0.5860436909097542,0,likely_human,1.0,0.2904039840068706,0.4371956696676508
UCQWNDNGgg4cF4r3HVGb7iaQ,-1,2,2,"['3f6eaa64863e238f1aab62d1da916e43', 'd15a90ad945415b00901ff473d1d6bb2']",0.4227182972457449,0.29037544525109843,0.19882235892305306,0.5786015932389089,0,likely_human,1.0,0.29037544525109843,0.4227182972457449
UC2aWUa8j-f3fxgldHm8XiLg,13,2,2,"['b0d31895b0e11cd1fc6ca4d29de69f22', '1b1ca1fe31514a8739be3f498669837e']",0.26555137516178995,0.29035880469467373,0.12645579033048124,1.0000000000000004,4,likely_human,1.0,0.29035880469467373,0.26555137516178995
UCwYt9itmJ9Tm4jPwZDk8Bag,-1,5,3,"['9bc2aee7af761918144f8d70e4ba7fa6', 'cdce49d39f1a0c21b23e3b3a6f1c53f8', 'dd1f42600be7700d19ebe0f91b61748d', '204f59abbfb503f084036f4c920126db', '898aed0441edaf720945d08d64410d08']",0.44758474554737804,0.290293682047843,0.15709511183601582,0.5577686143563667,0,likely_human,1.0,0.290293682047843,0.44758474554737804
UCFQO4ZWM-Hc0TeuaRSvh1oA,49,1,1,['22d0377194c83b37139af2a97442c937'],0.44840065323072426,0.29026548969610405,0.16173213604719672,0.4531462519836047,0,likely_human,1.0,0.29026548969610405,0.44840065323072426
UCTmBX7FRfCF02dFrw1Jq81Q,-1,1,1,['24d0f74563d238f3d9264eb71ba5aed1'],0.46237285099451975,0.29025646511978026,0.14047955574719442,0.5252111746670013,0,likely_human,1.0,0.29025646511978026,0.46237285099451975
UCNRXyB_8cro_Y7s8Uvd11cw,-1,2,1,"['794a5560f14511468f2f1989728a2e4e', '9e429df6beb8204b50a9e0910cbd0ba4']",0.4295238339291473,0.2901966857222317,0.16112307829381395,0.628559756827076,0,likely_human,1.0,0.2901966857222317,0.4295238339291473
UCmvpmxneFlP8-pbgPmTjhIw,-1,1,1,['69ddea514d66401cbc9d8f9556c2ec7a'],0.43495902145132603,0.29010039109711144,0.20005085028655217,0.5200535374686737,0,likely_human,1.0,0.29010039109711144,0.43495902145132603
UC6WktgEVFo3N5HO34pHIEWA,1,1,1,['39c7b6757b27acfda9285e2bf48e555c'],0.438181810929719,0.29005421647725016,0.16376380761194154,0.4629856831829952,0,likely_human,1.0,0.29005421647725016,0.438181810929719
UCk0nnok_qMpmQ5rCKskvgfw,-1,1,1,['a4e7d99b15410c52883a078b042d8148'],0.4504506136301625,0.28986886220107116,0.19235633983868,0.46628448303892334,0,likely_human,1.0,0.28986886220107116,0.4504506136301625
UClvI_lnimSAyTjnRO2tJK3Q,-1,3,2,"['05e6f1db5f9726e9c44cf20fcb11d7ca', 'aea94ba9918de3391d579f0da10c8707', '398bf3226833e940c7119ea53648350f']",0.44221188830546304,0.2898241237043611,0.17528267982299126,0.5388280070177136,0,likely_human,1.0,0.2898241237043611,0.44221188830546304
UCM0LwniOjzV0UC3ZNFwr-Dw,43,1,1,['58318d9f56b847234fc1ee0ed1204129'],0.45850817013579215,0.28981593883931067,0.14379599238148733,0.38672323508299866,0,likely_human,1.0,0.28981593883931067,0.45850817013579215
UChMzmONW0-EE2cdpRJRhf1w,-1,1,1,['c97e94ee6a8be7c6bf9306e7b66db3b3'],0.4089098223425112,0.28969520494961215,0.2024326816752726,0.6352480696142486,0,likely_human,1.0,0.28969520494961215,0.4089098223425112
UCW7bCDnDyuud3ZlVl0GF0Fg,30,1,1,['a80f64210fc343483bb130aa17952722'],0.4757955525181824,0.28968775540168473,0.11242113001476099,0.4328533348312468,0,likely_human,1.0,0.28968775540168473,0.4757955525181824
UCrSSFvTZLtqUwDUR7U6JxDQ,-1,1,1,['924d4dbeb114bfede85f12fac9437d26'],0.44178267554129524,0.289662608207079,0.17651413196069543,0.5324914759941161,0,likely_human,1.0,0.289662608207079,0.44178267554129524
UCwM58W6Ie_wB5ctrAxTIjGg,-1,1,1,['bb15d660d3edef03e89ccba26f70b660'],0.4384350765706412,0.28959748731864016,0.1864006779638631,0.5253187060182755,0,likely_human,1.0,0.28959748731864016,0.4384350765706412
UCalfTDuHtgXEyWKCs97VuFA,-1,10,4,"['7961954c9bbf640b8a7756def34d7b75', '6c059f976a926f85bc1c52402a19a309', 'fd0c4bf19f3df0d4fce70a606f6bbd43', '01263f78ee29fcb3d6389678506f76a2', 'ba6197b14d8cb0edc709532a4483ea71', '4c12f53583388f45c2f5c077addda9c2', 'f9ecf420e6d50d3bca2012d432b5a03f', 'ed8b54e2c2f979a296da80d755a43e98', '530eae777f32360bfc1a7e8a7b70d91e', '2415afeb031905952a719e92b614bd07']",0.4081110506405651,0.28953703187988067,0.19661839128761122,0.6444861287432819,0,likely_human,1.0,0.28953703187988067,0.4081110506405651
UCK41oq4OAsvHYqvqJfpfAqg,-1,1,1,['fb6d7381736567ca5a8b2a887aa4c70c'],0.4356005785932976,0.28950189309176777,0.16307915328356143,0.5847402858600894,0,likely_human,1.0,0.28950189309176777,0.4356005785932976
UC843EIkRTW7HOSoladuENJQ,-1,2,1,"['8de0345870cb63e4c49b6526ec05d90d', '93eae4509ded2f8be0d7628a5e4759ee']",0.44149186778679034,0.2894877797531122,0.1845769247701834,0.525707343485555,0,likely_human,1.0,0.2894877797531122,0.44149186778679034
UCIAfEDr39yoxzsMT8F1v16g,-1,8,1,"['9eb08f16b4525e917944aafd6ab2d625', 'cb4d788f0f50c95521f717b85c31abe5', 'e170589a4adcf89edb962436acd70752', '0d629e8d9d0436b5195c61e5468f80a6', 'cae9d68a4e025903afcda17f80a17832', 'f2d1c8f78ca3d1dda04bf39ce7903180', '57e0360dff022623167a3c03c5b1d7d2', 'e235c8967503ad84609107e93a7e3172']",0.4077704573151173,0.28942225547499617,0.16691417273809034,0.7069903750365572,0,likely_human,1.0,0.28942225547499617,0.4077704573151173
UCvPn51Y-aHk5y01vpVaek1g,-1,1,1,['b062f36d37a877e9069ad0d069939291'],0.4144070341964585,0.28929880581054845,0.19381451722736243,0.6134247040617975,0,likely_human,1.0,0.28929880581054845,0.4144070341964585
UCb1wLx3gPy3lw07GrDajj1Q,14,1,1,['44292b7499e20524f2120c00510474af'],0.424822397807974,0.2892780419016567,0.16344077892596337,0.5143564710621097,0,likely_human,1.0,0.2892780419016567,0.424822397807974
UCKIKSGKHuuJb0Ace95n33AQ,-1,1,1,['b929807873dc63b8b8e10dbd48d2bdc0'],0.4231841565491483,0.28922216153446983,0.20415860100164368,0.5559066965134546,0,likely_human,1.0,0.28922216153446983,0.4231841565491483
UCxmIwwt5MW_uIsWVHAz_Nvg,-1,1,1,['6aa6d1122fc2b673e4ec3d75bc514d2f'],0.41756568441806413,0.2891113537282113,0.21804960649783853,0.5516160516261251,0,likely_human,1.0,0.2891113537282113,0.41756568441806413
UCkkOxT2rVBGaxlEF1lelLKg,-1,1,1,['d2ecc3dc6ef827d3f4c2c64fddfe1eec'],0.4358259398315346,0.2890250114441729,0.15562190997942513,0.5967757026255472,0,likely_human,1.0,0.2890250114441729,0.4358259398315346
UCI_49duMnRbGPTXSaTrmEDw,31,1,1,['a9a509d2b2d8d95ae91688e7593fb5d1'],0.43889024612416216,0.2890227810424392,0.18237428323372112,0.4490820640583858,0,likely_human,1.0,0.2890227810424392,0.43889024612416216
UCj8zvSRZpjdb12AKve2Rj2w,-1,2,1,"['992e0450857ffd7dce5357f6375ce276', '8d3dde5b56eecdbc3f2329f40ee7a877']",0.4253563499250856,0.28896472919713023,0.167674239171854,0.6272268008704107,0,likely_human,1.0,0.28896472919713023,0.4253563499250856
UCMOz_TsuFgcA09vaZy8Svxg,-1,3,1,"['5ac94bd9a817c9d9293ab60de0767c49', '48880d0be6ad5b7d9f18c77bf1c10adb', '988a1cdd4070813e7e22507817dace53']",0.4445453385373088,0.28895433304630463,0.18271920288752505,0.5004138011600141,0,likely_human,1.0,0.28895433304630463,0.4445453385373088
UCcUxtUPk7NS1hmaDJXfMR6A,-1,1,1,['3d07ce72902c6cc7e450cee230e4e0f9'],0.4551386700394657,0.2889523690847889,0.18125742092676841,0.4644349168804376,0,likely_human,1.0,0.2889523690847889,0.4551386700394657
UCvAa4pMDX7um6ZxUfjWZBsQ,0,1,1,['ba3c14a955c73124696ada0b2f96236b'],0.4539802798519398,0.2886144532830559,0.17299356990176712,0.385052865273674,0,likely_human,1.0,0.2886144532830559,0.4539802798519398
UCrvjZYTceiyoeoaqZdXFacg,-1,2,1,"['6dae4ac3c99ac18d4ea0a741af1d5994', 'f9411be7cc79d3099be04a4be12e9fd1']",0.45761915947662624,0.2885277767352667,0.142420021801986,0.5252111746670013,0,likely_human,1.0,0.2885277767352667,0.45761915947662624
UCXCPTE9dZPHexBZLvONq1Qw,6,1,1,['47e0048a9677f45c79f38fec5a5911d4'],0.42834915478029156,0.2884483724324607,0.19564219376383796,0.4518287248753049,0,likely_human,1.0,0.2884483724324607,0.42834915478029156
UCHAww4ttCLT64y5B1OfC-GA,-1,2,1,"['f2a042634893ef9dfc7036f6f4f6ca58', '791fb8a54b88d28a700f4b1f657861ab']",0.43401991009997665,0.28838833163099376,0.16478648359974718,0.5860632662072045,0,likely_human,1.0,0.28838833163099376,0.43401991009997665
UCtRl0CiCQ5ola37SzznMHlw,-1,1,1,['ad75101b7dc71bbc456dcfe58d44f7b2'],0.4163794904312884,0.28834744786146016,0.19083123299210908,0.611619129136194,0,likely_human,1.0,0.28834744786146016,0.4163794904312884
UCKEGsJmgzI_RGP58rRRBxZg,-1,1,1,['cfcac9083de091945b7d330699635c76'],0.4309935197251378,0.2883411000546473,0.20133729938341144,0.5209032983533185,0,likely_human,1.0,0.2883411000546473,0.4309935197251378
UCyIG7qReZRr7BVSxUs4Pp5w,-1,1,1,['3fd844269e57499f33671fe3d4f2e7c7'],0.44829738140338726,0.28833377107602953,0.17580037726526027,0.4917356789090152,0,likely_human,1.0,0.28833377107602953,0.44829738140338726
UC2z0Y51u1ubvU65Gal2fr3A,-1,4,1,"['5e0e416b304277b88fe4a77697700f69', '4d76956ef1473d44f1f17d30dc771089', 'c9644a058182c1b69b752d59242ceb28', '48161e714e534b075bcaf8e055093b51']",0.4330543424162123,0.2883250639183853,0.1792130032596348,0.5571812797651937,0,likely_human,1.0,0.2883250639183853,0.4330543424162123
UCvFT6GhTnKkKtw7aNBTDAAA,42,1,1,['7cc0ff59fd87ead97ca7291ca494f0c2'],0.42629806073762344,0.2882737284078895,0.19045864951146835,0.4822888800984484,0,likely_human,1.0,0.2882737284078895,0.42629806073762344
UC26GG82nryF7Nc_JgmnjlCA,-1,1,1,['8f75110162d57a36c15ed5cb0326806b'],0.44760458968810235,0.288107126906899,0.19179743870728755,0.45904601572208426,0,likely_human,1.0,0.288107126906899,0.44760458968810235
UC9PZkvpzG190Toen92Q1rMw,-1,1,1,['ca4bf184fceaa7577086f5f1bf6adc7f'],0.45813093522630466,0.28803520512389885,0.14745709903287418,0.5160778954844427,0,likely_human,1.0,0.28803520512389885,0.45813093522630466
UC-SvdXahzFZUrZ9dFB1N8Wg,-1,1,1,['44623da89950d1503d55ab0f98e1aa80'],0.47993874941985304,0.2880102524688074,0.12602821626189425,0.46235012976264783,0,likely_human,1.0,0.2880102524688074,0.47993874941985304
UCIESXMTRGbI6wZIDMcNSWxA,-1,1,1,['ba5a9b9f6fc324fdb41fbb9ccb9443e9'],0.4353210385288172,0.28799632384180585,0.17768619021711152,0.5427333189791385,0,likely_human,1.0,0.28799632384180585,0.4353210385288172
UCXf9m1HdQ5WxFHLOSku63ig,-1,1,1,['f425e734fcd510a1ee100e20526b6220'],0.4386543612571475,0.2879915387659892,0.17694783012192924,0.528666145396534,0,likely_human,1.0,0.2879915387659892,0.4386543612571475
UCjPWE5qH8POdc_0daT1L3ZA,41,2,1,"['da607dac49c6c84817ff5ba21be07ed8', '36c158be44bc7f0acb6f8900fa69f4aa']",0.41310815053853944,0.2879406701639816,0.1936608991502374,0.4995805391703405,0,likely_human,1.0,0.2879406701639816,0.41310815053853944
UCx0ozk7mAFwA_0MTQWmoANw,28,1,1,['81491aedfb40e2d3aff1848eeda38249'],0.4091790755387345,0.2879179186355656,0.16018130818068255,0.5735548552701618,0,likely_human,1.0,0.2879179186355656,0.4091790755387345
UCj8TZtZGHgUp0qjC6PaCnSg,-1,1,1,['81fc2338a1ace3357ca7b5e6ad0ad6b5'],0.4431502251513296,0.2878143064256655,0.1609586639209962,0.548124097866715,0,likely_human,1.0,0.2878143064256655,0.4431502251513296
UCLwBiThDgQnFdzwuvj_1vKg,-1,1,1,['360543b37f14a70d3580cc810157ecc9'],0.4764339962699665,0.28769310445513624,0.15523664001276719,0.4135582367818844,0,likely_human,1.0,0.28769310445513624,0.4764339962699665
UCDLhNAm9skJArAAN4Dcu6uA,-1,1,1,['ec65bfbc8675a7308ad3f075babe3a65'],0.4467111699319811,0.28751566700859066,0.1550397517555868,0.5423722441166641,0,likely_human,1.0,0.28751566700859066,0.4467111699319811
UCTKoEkmiZiCQFc3MiGW2YFQ,-1,1,1,['5f37657c8533bcf6562d03aff8c5257a'],0.431264815927957,0.28750914824441076,0.19993414854288735,0.5238778617846221,0,likely_human,1.0,0.28750914824441076,0.431264815927957
UCfpQ2C_zYI5ogyo1UlfesPg,46,1,1,['45e33feb0de1380e68532f5bb1c7e1cb'],0.43509783845649364,0.2874640267331638,0.15048097007355724,0.4777019285745182,0,likely_human,1.0,0.2874640267331638,0.43509783845649364
UCQyx63ZS9XG7jDoJiv-l3Dw,-1,1,1,['2eb2430ea56ccc1ba1294fd00b763207'],0.4391792545402074,0.2874284659049008,0.1906412951813097,0.5035793525118855,0,likely_human,1.0,0.2874284659049008,0.4391792545402074
UCfkZWaLc8AQ2wKHRqVCNBiQ,-1,1,1,['f2d9df2af3f7b745523d9faa8b337e5c'],0.4513907699308942,0.28742786892781763,0.13524914793965928,0.5497157371479694,0,likely_human,1.0,0.28742786892781763,0.4513907699308942
UC8_qDUkVLKkmpNHD4DLozgg,-1,1,1,['275e3260737a222dce4ae3679ec033d1'],0.4188655280333641,0.28738537330671377,0.18282836529511826,0.5983859684101883,0,likely_human,1.0,0.28738537330671377,0.4188655280333641
UCl3xq8Olj24-0UaOMttkoig,-1,2,1,"['50fdcb626fcc207c2ad08001ac515da3', '6e727c568b5add3ed407193a7d622da2']",0.4197463610790766,0.2870609191951328,0.17952277678738385,0.6083290020980902,0,likely_human,1.0,0.2870609191951328,0.4197463610790766
UCpifGoWLRl6a2JM9dLEKpwg,-1,2,1,"['6087079c258c75b0c0d4a482f8cc3697', 'beecd824c97d13fba6812cde21dbcd4b']",0.43560298587570584,0.2869817333842375,0.16195270595886108,0.5712574652254321,0,likely_human,1.0,0.2869817333842375,0.43560298587570584
UC4Gz3bJfnLsZVfWESUwSGBA,-1,1,1,['f99e35b87b2654dfa1900bc858bbf6cf'],0.46231452049816646,0.2869529700867057,0.16783138147777346,0.4408892386641202,0,likely_human,1.0,0.2869529700867057,0.46231452049816646
UChNNkCMqMJnvmQufTLDQrpw,-1,1,1,['dcf567d525a46c83c45fc43fd4a3b3a1'],0.43307006593820413,0.2869108298265669,0.20791871033196743,0.47822659105673404,0,likely_human,1.0,0.2869108298265669,0.43307006593820413
UClWdzNSj1fOYUnhxaLgSyTA,-1,1,1,['a3c5ae999d979422632579f03b68ca4c'],0.4420310983055673,0.2866540487716586,0.17779077737270177,0.5001935805768964,0,likely_human,1.0,0.2866540487716586,0.4420310983055673
UCt9X_W3SSPn_qjRNz6d2x4A,-1,1,1,['017649b9a833951e94a92a1a8f3d2e3c'],0.42563180919888866,0.2866181559836446,0.17108395015975203,0.5977557023059117,0,likely_human,1.0,0.2866181559836446,0.42563180919888866
UCDopCYHySZUpUoJBYA-BtGg,-1,2,1,"['96518d63ab84be8777e0e513c36fb862', '995a77e628204cbc2bef833fe13366cc']",0.4200915703794416,0.2865847154654021,0.16178654649029697,0.6378593123596494,0,likely_human,1.0,0.2865847154654021,0.4200915703794416
UCZqfb5sh9B_1MQDdOPLaLKg,-1,3,1,"['946110784dd9a717c87bc5c8a21ed3df', '15d260e01c537ba59ad8b04bd710c23b', 'e359620c1fecd5142c0f0345ef5b4a84']",0.42106326429412877,0.28650368881919863,0.17674226290269934,0.5968699099499613,0,likely_human,1.0,0.28650368881919863,0.42106326429412877
UCIjp4FPX41vkBHHhKjz0cdQ,-1,1,1,['6ad1216b8a956b8fb762817e800b8ab4'],0.45190984372336584,0.28650017686135487,0.1575764733151914,0.4947506923035263,0,likely_human,1.0,0.28650017686135487,0.45190984372336584
UCuB-i8KZ6vuYUU_7ODozSRg,-1,2,1,"['bf9b38c169185e98a029b9719f02ae0b', '5dbf49dcc4108925185cdfde5ffbc2d0']",0.4441167211741708,0.2864930663403842,0.1560701324405421,0.5370247086214802,0,likely_human,1.0,0.2864930663403842,0.4441167211741708
UClNjoPOEqt4M7-m-34lXxXA,-1,1,1,['2b952b657e0344f62aa7b26b385f41d0'],0.431975168188662,0.2863596917374972,0.18523740539624328,0.536269984644086,0,likely_human,1.0,0.2863596917374972,0.431975168188662
UCx1vFOuhyGcZAh2K8VpmMoQ,-1,1,1,['02e06f26290c69dbba0fd1c90f45392f'],0.46022356200391934,0.28635886781176634,0.1611994890202271,0.452396519007007,0,likely_human,1.0,0.28635886781176634,0.46022356200391934
UC2yC8HbiNJaZQJS8aUM4gAQ,-1,2,1,"['98ec90b4474d46e7e32ca104ab64bbc0', '52bb421e200356be0a83efe35e8208f9']",0.4354240184183472,0.2861992637535541,0.1858546519925099,0.5083100743012245,0,likely_human,1.0,0.2861992637535541,0.4354240184183472
UCcZSNw2j911d_GDuZwzvvBQ,-1,2,1,"['3e513440408e4bad1debf0a6affc1049', 'f6906495098f56af7e4d46bf6f835909']",0.4495556439061107,0.2861825751051906,0.17164494168040648,0.4756287061050504,0,likely_human,1.0,0.2861825751051906,0.4495556439061107
UCvsZ-qL1jrAQBashSbtoFew,40,1,1,['d67b9ff54c69db3db2684d4d94465eb0'],0.4469763228983271,0.2861241983026779,0.16836179527469516,0.41210897282160064,0,likely_human,1.0,0.2861241983026779,0.4469763228983271
UCVHpIdyVJ_0p6_zopLZi_HA,-1,1,1,['4b848706f0a22b99c34d65f3087581a8'],0.4378961672349213,0.2861112414078889,0.16735726011998084,0.5354076434553121,0,likely_human,1.0,0.2861112414078889,0.4378961672349213
UCydGk6yOTwCKHtx6vvL9cig,-1,2,2,"['650b8d515df00b258b742df90279393f', 'd84fa481ab6474791072049a1dc55bd5']",0.4178646017350919,0.2860905178801409,0.18036182499438969,0.6009842360772765,0,likely_human,1.0,0.2860905178801409,0.4178646017350919
UCXWeeA9ksZMP3dkr7dTSizw,-1,2,1,"['11c363bb553e59a5a5f5e3e2d12d1eee', 'b9ef6581280048156f1a0c662c470033']",0.42070543162189467,0.28571601009721154,0.18052684946888606,0.5829686325705598,0,likely_human,1.0,0.28571601009721154,0.42070543162189467
UCFmUVRjw81ASckDHWXQ_ceQ,-1,1,1,['db811df9a427969b9350c4048ac939cf'],0.4291358546235498,0.2856353201452362,0.17702108999855046,0.5525981741234022,0,likely_human,1.0,0.2856353201452362,0.4291358546235498
UCXZ34t-pxdzM07QNmuJbFVQ,-1,1,1,['467ed6115b5ff0b9e6530ff2bff3cadc'],0.42417352660140395,0.2855505208487054,0.19129022785439478,0.5502828077667418,0,likely_human,1.0,0.2855505208487054,0.42417352660140395
UCR1dvI-lg-XGArLIGcxAVXg,8,1,1,['866133428cab251c516075bd1b76a245'],0.4520188746400584,0.28550096056890617,0.14266785559668485,0.4274958330312981,0,likely_human,1.0,0.28550096056890617,0.4520188746400584
UCpjE_nNyEeAI2oGl1EA2_Hw,-1,2,1,"['2d4685671c4086f2b2667932b4948eab', '3f89905070e09077fd3cab726075f3ec']",0.4420273614264909,0.2854251390862632,0.14544412294462436,0.5566934101299378,0,likely_human,1.0,0.2854251390862632,0.4420273614264909
UC8eIIUz-8qngfj2yjgT9Jkw,-1,1,1,['0499d52930733201b295ba8ed9125c65'],0.4357466175037886,0.2854021125285173,0.1850238864107267,0.5106091969608295,0,likely_human,1.0,0.2854021125285173,0.4357466175037886
UCnwZ4IQ0kybagkkITn2A5dQ,-1,1,1,['2ec3a36807fdad7285a6798a3cd92109'],0.4613622500319552,0.2852740643338542,0.18418212589786925,0.39634657011365704,0,likely_human,1.0,0.2852740643338542,0.4613622500319552
UC-Z9ZGQFx0QWJAQu7339p7g,-1,1,1,['4c1f6dc8ce84f564e156d30848c712cf'],0.4237684417316844,0.2852477082650252,0.16848321604939512,0.5855109061735486,0,likely_human,1.0,0.2852477082650252,0.4237684417316844
UCUTKxfoW0zGPuICKEDncy4Q,-1,1,1,['3a3f014a92dd18ce3bc5f84ae1821ab4'],0.3879424049206588,0.2852280168828667,0.21248267073307753,0.6577436064182254,0,likely_human,1.0,0.2852280168828667,0.3879424049206588
UCfHegrhOBK3bGHE5a3avrzg,-1,2,1,"['52c17f7432a898397623dbb2feb8a1d9', '9d45f6c54915705e97394d75fc4ba6cf']",0.4409840906900372,0.2851859454975922,0.14743197637454614,0.5555939393930498,0,likely_human,1.0,0.2851859454975922,0.4409840906900372
UC5uAPH1Mq217sg7r4tDQ6fg,-1,2,1,"['dbd27288d41b84fbb9584925a60787ee', '998a86c3e4765a67d5450e5638cb0137']",0.4485703560278994,0.28509505284263353,0.12630525613152319,0.565229900764068,0,likely_human,1.0,0.28509505284263353,0.4485703560278994
UCHBZHl9XW7lXXIh6P7QHAvg,-1,1,1,['92c36b47aba0918513caa200c08dcb9b'],0.4362214539690087,0.2850357095959261,0.1888841496505424,0.4864089824879519,0,likely_human,1.0,0.2850357095959261,0.4362214539690087
UCWjVrEuj6j1Chqmxon51d4A,-1,2,1,"['b86ee6865fae5a394875adc27bb57e29', '3b44b618063005c56d258b4f6e793b45']",0.43205980171019354,0.28495570492013517,0.16435354856618883,0.556873896520943,0,likely_human,1.0,0.28495570492013517,0.43205980171019354
UCyA_P9Y-R7vysXuvwY96ykA,-1,7,1,"['e7d56c9e84687854aeb3712176044446', '4ee16403a143b4d4178326bf73e877fb', '2137be15bb5bec756c5f467d01270442', '96cf451ae71702cd9be3e95067bfc7a1', 'b43490931962b88d940b0983c6bb70d9', 'c2ae20bff7fce4cea6cfa7af214cf680', '8001f7267f030b0ca5dad50ff8ef4329']",0.4268380016303755,0.284915583825862,0.16684929622648167,0.5742059381449126,0,likely_human,1.0,0.284915583825862,0.4268380016303755
UC8M6N-zhvE4UeN4M3lBwk_A,-1,1,1,['a0669eddd1824724e6333099f8f7b8b0'],0.44981876190131787,0.2848122620174253,0.16925465372820056,0.47010022334675805,0,likely_human,1.0,0.2848122620174253,0.44981876190131787
UCz3OZLF267N1hoF30Z6DFFA,14,1,1,['f9138ee785e13dc41c63faa5c2de4882'],0.42492385306945085,0.2848027022191194,0.157773032746019,0.4817965398326233,0,likely_human,1.0,0.2848027022191194,0.42492385306945085
UCLycEZy5WrkGZ2cSJyZZRPA,-1,1,1,['8b61e30903e767e44039e9b4ab618cc8'],0.48633315682890244,0.2847581684116909,0.11045749906196772,0.4271471958341584,0,likely_human,1.0,0.2847581684116909,0.48633315682890244
UCNwZJK7Nz7JofucDiWevkig,-1,1,1,['cca2877ab937aaf1e31f9b30e4c4bcce'],0.4321413223400915,0.28475031413095825,0.15230981408327401,0.5745052564096026,0,likely_human,1.0,0.28475031413095825,0.4321413223400915
UCrpaA_hxg8-kPaKAa5R53Mg,-1,1,1,['5bc2e4576c85088ae24c94a9b26feab7'],0.44100513926021645,0.2847288868751902,0.17149578206866992,0.49788271863902456,0,likely_human,1.0,0.2847288868751902,0.44100513926021645
UCi-tjEvkgTAkCOHoxtAO3EQ,34,1,1,['6e53d376066228797c64d0c901aeb773'],0.43563286037957505,0.28470711817072436,0.1585685159256235,0.4046603550843665,0,likely_human,1.0,0.28470711817072436,0.43563286037957505
UC-y05JA2fV7pP5vNDbS6gog,-1,1,1,['8db5c6f0ed6ce804b9f0c1d8a0f23247'],0.44381888187854013,0.28466839221808166,0.1642082774347891,0.5042944997111203,0,likely_human,1.0,0.28466839221808166,0.44381888187854013
UCrtiwgur6QMOjXyc-ApqRZQ,-1,2,1,"['1d83104af84f01e2a417989b61c361e5', 'f4fd54f46788ae513169d71d16465c43']",0.40650227169527475,0.28462293672851835,0.17606025828585545,0.6435824116250382,0,likely_human,1.0,0.28462293672851835,0.40650227169527475
UCtDaFPpfXGawAitBQjncc9w,-1,2,1,"['944c6acd0deb4671efbe22c0bae372ba', 'b11cbe7fddf045efa2ef4a8e13760f60']",0.49027976192646827,0.2846081220799672,0.11569085140027296,0.39839306336144137,0,likely_human,1.0,0.2846081220799672,0.49027976192646827
UCXMhq6rYHHBdOwdqIgLL17A,-1,4,2,"['f9299a0a99495561f98852245831ea3c', '332fe0eb7e74c1ca7f79eba45183143f', 'ff0910f4f27b62f3e62eb10ceec408b1', '888a157107bf2f39f648ce1ce76d1494']",0.41393722738183214,0.28437829254232005,0.19137814534950898,0.5809628829573724,0,likely_human,1.0,0.28437829254232005,0.41393722738183214
UCiX2393Jpilk93uP-_Pn08g,-1,1,1,['77176220ecba089bc3ff813f7dcf5ecd'],0.454914477923705,0.2843708869221443,0.15554623204696125,0.4730506245916344,0,likely_human,1.0,0.2843708869221443,0.454914477923705
UCIwEv3mj6-MP-vmehM9eFyA,-1,1,1,['63e7f51aeb7f64173fefe0358e530776'],0.42372789992558657,0.2842656902751963,0.18563435337409384,0.5433748282605375,0,likely_human,1.0,0.2842656902751963,0.42372789992558657
UCT7GpjQ3skmRoQjsg0O5wrA,-1,1,1,['3561ffdc6799d1abcebb1e7083af1eb5'],0.43830527970521216,0.2842102366748327,0.14217453660488852,0.5701002819765351,0,likely_human,1.0,0.2842102366748327,0.43830527970521216
UCtNJ-RWy8WyOXB_m2yhOQpg,-1,1,1,['e705d8d228de5a7e44fdd929ee566ad7'],0.4383698958282351,0.2842032914579996,0.18003470654571438,0.49322376339768864,0,likely_human,1.0,0.2842032914579996,0.4383698958282351
UCvZkSHNQR7Ae5NoVZ3IzzRA,-1,1,1,['116c57b9779feb1023703bf67a4693d8'],0.4349059798007193,0.28411518864073565,0.16724188397349143,0.5395435337439101,0,likely_human,1.0,0.28411518864073565,0.4349059798007193
UCvbWGwaTA_-cxcZG8V1PH8Q,-1,1,1,['cd70b0140471724a3498c0fcaf655582'],0.41540459325747525,0.28410468953156254,0.19957453834512193,0.5499154571574033,0,likely_human,1.0,0.28410468953156254,0.41540459325747525
UCUKhiBRmfQenvUK4P1kNhcA,-1,1,1,['da98614f50d6a6cacba8b2f93c4f0a31'],0.4577993788454161,0.28405809393022663,0.13173625571390665,0.5019874770849404,0,likely_human,1.0,0.28405809393022663,0.4577993788454161
UCJ-PRvq0JvqP5lTSPghNlvg,9,1,1,['6e7e2bd4016a55075c4cc65334f11db8'],0.4204261763409498,0.28398349367170067,0.17813603991486673,0.4806995456202059,0,likely_human,1.0,0.28398349367170067,0.4204261763409498
UCYjWaRwqpxOdgw6xErfIdAg,9,1,1,['507c5ae43a6d130c5b86190323715414'],0.4307763989564246,0.2839794241052501,0.1645769367991679,0.46128839445039804,0,likely_human,1.0,0.2839794241052501,0.4307763989564246
UCKolLQqI-OYRGjh0RDhJ1_w,19,1,1,['a25dc7be67d05b4b391f8330626de0fc'],0.42092695189873575,0.28383094987640095,0.18212875583684693,0.439088028888275,0,likely_human,1.0,0.28383094987640095,0.42092695189873575
UC2lh9xf3G6xchBTACSGH-RA,39,1,1,['956fe80a32b17ae3bc80bc6c6916c573'],0.43955305841220405,0.283771634139628,0.14723437993180408,0.3745798016728292,0,likely_human,1.0,0.283771634139628,0.43955305841220405
UCB8vjgHy64ZHqn3tRurkr2Q,-1,1,1,['21d0c31e557e300a9a4c1f01c2bc6361'],0.44054809487865076,0.2837647533765111,0.1638174903109717,0.5047107973894789,0,likely_human,1.0,0.2837647533765111,0.44054809487865076
UCynpK4wsiSwu80AbaWtilGg,-1,2,2,"['77164770be38d6e617c31dbb4e1301e6', 'b2f2ac911b41c31b1bb97919863664f7']",0.41428642676770827,0.28365938809497127,0.1382324601378811,0.6818603431510343,0,likely_human,1.0,0.28365938809497127,0.41428642676770827
UCv8FjWSDA5OGf4WSwVVJweQ,-1,1,1,['22aa9f4ef60bfed4803ab656b81aad1c'],0.4373772784285647,0.2835948739562173,0.1664417513469295,0.5167582551287727,0,likely_human,1.0,0.2835948739562173,0.4373772784285647
UCPwL_MhigSf-NDIDb1nAMeA,-1,1,1,['fcaa7f2f2f0c1ef8033e03ede23a5c1f'],0.44489388837743277,0.2835897764556819,0.11624239035819942,0.592846116947022,0,likely_human,1.0,0.2835897764556819,0.44489388837743277
UCTT4pE4hQ9lPxo4UqDnvE7w,-1,3,1,"['e0d7d7bf742aed15d478ce37fe55fd58', 'e5ba112c7932d3479ef4bf7d0224ca1a', '6dc18b3edc2cfa2a2e5475265addf54f']",0.44414765693414865,0.2834491262776954,0.13070683581035317,0.563306359412444,0,likely_human,1.0,0.2834491262776954,0.44414765693414865
UCVT0wOqfw7twfdR3MR0fWuQ,-1,1,1,['bde7dfce5a57ac4391a605ab71f4196a'],0.4701988378706609,0.2833855382368316,0.09440480922211025,0.5238685790599189,0,likely_human,1.0,0.2833855382368316,0.4701988378706609
UCzvVMHeLFE7_uKM3DAjtKsw,-1,1,1,['793210650d5ff0b93059b89a27188f29'],0.42054833159115385,0.28334600768416474,0.1814531060660138,0.5643470094608379,0,likely_human,1.0,0.28334600768416474,0.42054833159115385
UCcTV1z6lHBfpL3c88oHeFKg,-1,10,2,"['cad9a3f1e9bb18da81e8ae5bd370a854', '57e8f052fbf30165b4497bb388c96f85', '60e6532abd8af26ed0ccb114aca145f6', '6b2fcfdc2e3fb77f3f26d27e950bf4e0', '61f1502f78fdd307e4702d155a5e4598', 'cf1d938eba9daebc7dfafd3e499c6ddb', '4f28aac848f2df5da72abc7a8a441d1b', 'eef8cdff06f6000b2fa3af52df62cfc1', 'aa17544dc31bfa13edb8b1426cae604d', '9fefce06bb727d22e441a7f54a5c931f']",0.41975649525802866,0.2832943864500782,0.1797561784132471,0.5638234468523785,0,likely_human,1.0,0.2832943864500782,0.41975649525802866
UCLOKS5t-wsJznaTV-9d6TCQ,-1,1,1,['aee58fbb61ad2164b9ac10b4e66b0d9b'],0.43491264119862716,0.28327544218427436,0.1595021832637646,0.5436491077948233,0,likely_human,1.0,0.28327544218427436,0.43491264119862716
UCQHmVruCWHvUZVKTWfq9LQQ,-1,1,1,['55a9829a09c731951d711b7e7e305894'],0.42005780705146356,0.2831112017391696,0.1864577093003885,0.54550040994362,0,likely_human,1.0,0.2831112017391696,0.42005780705146356
UC7JVq88Rgz_OHr7mF_oBI3g,-1,1,1,['73dabaf88857b5cccbf135a5b7084262'],0.4387715147173895,0.2829974877500415,0.16851837199225925,0.5019001480277954,0,likely_human,1.0,0.2829974877500415,0.4387715147173895
UCPIl-FkhnF-rtSr3PcyS95w,-1,2,1,"['373199cf3c1217584528dbdc444bd911', 'ff60e08435ab7ef85302ffbedaf38eda']",0.43250880797586383,0.28281737493183884,0.18250012729454212,0.4963185512079822,0,likely_human,1.0,0.28281737493183884,0.43250880797586383
UCUBIh1EVDAFdAQTzRKZx4cw,37,1,1,['37a9f26f89468a920846f289b1e3ffc8'],0.42129476053534576,0.2827883220971773,0.15622021783992282,0.5168585409400732,0,likely_human,1.0,0.2827883220971773,0.42129476053534576
UC1CbW4bLekS_wYGSErWnncA,32,1,1,['7fa37fef2f0c9514647778017bc6f1c4'],0.4269695896143945,0.28273614473033104,0.15456758451651548,0.46265521060370735,0,likely_human,1.0,0.28273614473033104,0.4269695896143945
UC_CwtCLB8L6T_Bz1I8biNnw,-1,2,1,"['cb7c18d1fd6bd5112ffc40c267f10a76', 'b8e9bcf40fd21e4f7e2bd828cf49d99e']",0.41730096349915774,0.28270377490882,0.184602948329883,0.5613235472867737,0,likely_human,1.0,0.28270377490882,0.41730096349915774
UCAEzDmzNtaEYdFIX83Pee1g,-1,7,3,"['269a17eb19df9e7ef2d4b68e9e4ef342', '3ebdc6bac157cad19e4a8aa28ed26de9', '771ec5dc5ca86d44d93114f84313e843', 'ba4abc4d8c00904bbef24215881b086e', 'bd7d8c9b2efa62b237160374bc0ba852', '303bcd9b6d36185f394cc4b5d1d92a6a', '720ea8080105e3afbda12ed843e5f136']",0.4181870391567272,0.2826870564782794,0.1833555623590572,0.5581867709277013,0,likely_human,1.0,0.2826870564782794,0.4181870391567272
UCMZ3YaPtbZcTJR7j8Oo7XTw,-1,1,1,['9f2811f1c524f6acd93b489acb122710'],0.45538272958222925,0.2826648126232748,0.13270649223492803,0.4960490141287693,0,likely_human,1.0,0.2826648126232748,0.45538272958222925
UCer_L2MoG6LQPO5-V_LrYHw,-1,2,1,"['272af62e03728d7b9ec765ea380748a1', '58700c5f144498d85c8d031159e7194b']",0.4187869195327671,0.2826616668809664,0.18267208403126609,0.5663398577961791,0,likely_human,1.0,0.2826616668809664,0.4187869195327671
UCKFuyvdLfjHKjTgQkmaZnbQ,-1,1,1,['80b4efca454ce3c16ea445c9f9658c34'],0.42855004816271125,0.2826478128550178,0.1784225497333296,0.520021129498959,0,likely_human,1.0,0.2826478128550178,0.42855004816271125
UCWHUBOpqYgnD0Z0XKgo5mdg,-1,1,1,['2b508e05ac53b8000bb64db654aa5c4c'],0.40812333158698116,0.2825870425568977,0.19295944767766982,0.581234774534032,0,likely_human,1.0,0.2825870425568977,0.40812333158698116
UCPM4NDWChzUQKPVqHWfhxXw,-1,1,1,['d9ec2d3a0010bf176d2bea231e62d83b'],0.43136220638301304,0.2822610829162937,0.15539143905431924,0.5572580857771656,0,likely_human,1.0,0.2822610829162937,0.43136220638301304
UCFVtmaxFgbA1h6wJkXgKiGQ,-1,1,1,['6b3356646f71ab1d33accf49f153232c'],0.40543805227338714,0.2822327676724999,0.18005375213148764,0.6199097992106156,0,likely_human,1.0,0.2822327676724999,0.40543805227338714
UCFLNeIve-S92liUUxLWXllg,12,2,1,"['d863e4aa369ec70abd395143dd8408c6', '375ae59da17632f4eff833d5fb70dc57']",0.4151949988702992,0.28223248406593854,0.15501219404385314,0.5361097156974952,0,likely_human,1.0,0.28223248406593854,0.4151949988702992
UCUJ5vrNI4lr06zOYHsQLF8g,-1,1,1,['5698011da3f6a3c7d136bed4dd855b1f'],0.4295278375738799,0.2822143343281464,0.1899665142596585,0.4899140066250852,0,likely_human,1.0,0.2822143343281464,0.4295278375738799
UCUTZMRTtlKfEwcjlwKTNLHA,11,1,1,['47d450a3b261485c56ea42c04f025a75'],0.4472766475481159,0.28219053221551177,0.1323925432901415,0.43878489774688234,0,likely_human,1.0,0.28219053221551177,0.4472766475481159
UCbBvBqpThH7kn8RMhgt8mSw,-1,1,1,['ef7dd901a17e81e6cad4b3d31546c266'],0.4504878585347145,0.2821793607686377,0.1614312331720677,0.45078577843157974,0,likely_human,1.0,0.2821793607686377,0.4504878585347145
UCrtwp7mke1t-bwS3H1q3qFg,-1,1,1,['6db8d19b87e3d86cb44860416c1bd1b7'],0.47421331413775114,0.28214680092918504,0.1273784791152564,0.41868434217950456,0,likely_human,1.0,0.28214680092918504,0.47421331413775114
UC1ig_r4dKD--Rn81iwTLkdw,-1,2,1,"['2a41c0ea4086b277a842acf05ca8a66b', '9fb536a57cc32807a4811f100f41eb4b']",0.4412749627833682,0.28212303264519595,0.1761686672812432,0.46484881495344466,0,likely_human,1.0,0.28212303264519595,0.4412749627833682
UCI9I1bOicenqOyHYorqfEJw,22,1,1,['1f5da5f9065cc7f2a1abddf2b7953465'],0.43416776640306065,0.2820397093173253,0.1612785709712785,0.4429723801352524,0,likely_human,1.0,0.2820397093173253,0.43416776640306065
UCqJDXsUW2OmT9kUIy6aJJPg,4,1,1,['aec69f260bebc942658fe88e87e2d268'],0.4033305599155385,0.28196633501570245,0.19426776141982752,0.5044953685765058,0,likely_human,1.0,0.28196633501570245,0.4033305599155385
UCPEVZfxHm21Fy0sFdGSxe_Q,-1,2,1,"['31aafdcb20c2f95a5c5f05c03ae1e0a9', '39369894f884e42f2b352cdae7a98f80']",0.443942527882585,0.28193566612023163,0.1672260967071531,0.47743002686814595,0,likely_human,1.0,0.28193566612023163,0.443942527882585
UCHQJT0biXLeQ8gdRCQ_WCYQ,-1,1,1,['cb9972a8b8c908032d655a76ab02cf56'],0.4128786910303184,0.28191088281731996,0.20765057928165892,0.5322658314858129,0,likely_human,1.0,0.28191088281731996,0.4128786910303184
UCXK6LEJFSTFQuD_K7zgBjXw,48,1,1,['644f4558d36bb5ed9c2a28edcb3c72c7'],0.42225922737532995,0.281881428870611,0.1801566385185332,0.4462840224832816,0,likely_human,1.0,0.281881428870611,0.42225922737532995
UCWBhiJqQW8fh5yp6jbQJ0xg,-1,1,1,['7b3a3170ffad4fd3d3ca050d45f8b41f'],0.41089992976353584,0.28187680139596233,0.17630617552492386,0.5976789757316155,0,likely_human,1.0,0.28187680139596233,0.41089992976353584
UCJOJzvDbmGHs393uYE2QKGA,-1,10,2,"['352090f20db11a918882e4a354980d77', '9a61aa1fdf17409d219b0181cb8d71e6', '5888c8da99ed701e9dbf5c8dea0d5778', '4a4dc44c3ea90f0f8d4610e383de5ebd', '4d8a31a3a875f585389adf1969912c85', 'bf4bab23148b3470ba339a91fa3797e2', '7e0e95166bc20e059e40a0fb6a334376', '0b04fc3104fa14449d0d4f3b4fefd4af', '545986322394472ce6b9baab016f5306', '95d6db953fc5851ac0f787da871b6b99']",0.41231700238721813,0.28186353791973534,0.15372701695070867,0.6379448442314127,0,likely_human,1.0,0.28186353791973534,0.41231700238721813
UCcgyWfGly9_RUYQdfIDkBtA,3,1,1,['2934e6544fbf79d27a47dfe08b1fb962'],0.41546489294743527,0.2818463039328144,0.18346084631100146,0.47052975381355144,0,likely_human,1.0,0.2818463039328144,0.41546489294743527
UChaq24PtRefEzYjgWFsvz7Q,-1,2,1,"['ad230d5f3c1be001b9a1bedf2cbb290f', 'c36a92a82517a78d180495b40b88cf67']",0.45036804945766384,0.28180669245061973,0.13521041959305577,0.5119097471221313,0,likely_human,1.0,0.28180669245061973,0.45036804945766384
UCaGjr1TRpLv0VFtdcblnnlQ,-1,2,1,"['a20bc288c949784ab55d0c4763536998', '7375f3af6af84a62b9f86b5591baedea']",0.4077598593968076,0.2816516382615224,0.19609537817190198,0.5675774104149275,0,likely_human,1.0,0.2816516382615224,0.4077598593968076
UCy8GR8drDBMN1-ChdFMN2WA,-1,2,1,"['91b8ad5aef0d8d1ad6b6fffa8a78f203', '1788d963219b49cd8d196ba9c0ffa8fe']",0.42660616024038156,0.28160956312487107,0.17025629379311635,0.5369257400677996,0,likely_human,1.0,0.28160956312487107,0.42660616024038156
UCyMpWfzKuZjAqVN2zzN5_XA,-1,1,1,['35ea82293310d3b2cace4078a502dab7'],0.4233914107503911,0.28157435501613637,0.20292136768208419,0.48153741948162054,0,likely_human,1.0,0.28157435501613637,0.4233914107503911
UCiReaz_6crGlCVTN1Snd2_Q,-1,2,2,"['96717b944a080ee00a8aaa5abff6676a', 'cf91f04fe64dc9327a1134790dfc81db']",0.42892034338984975,0.28154308751191204,0.1704819915475689,0.5288787927289267,0,likely_human,1.0,0.28154308751191204,0.42892034338984975
UCmOphgsowkxPMVYQ2i3-j8Q,10,1,1,['f03d207e8eab5b52ee05ee34dd468ba5'],0.41982993512730604,0.2814809037854967,0.18096904480899645,0.45168824169645927,0,likely_human,1.0,0.2814809037854967,0.41982993512730604
UCfb18QpKSI35yX2S_bVgvKw,-1,5,1,"['f9a6d2f114e3971923d296e2a2fa08c0', 'e843f7a9bd279df95811309742224163', 'f99aed83c6ce5ee20a6c222aeea420c3', 'b9b4e677a0e378727824a1e9b2639cbe', '8f0133b4a696bc5cfc99f268046e4102']",0.4167450630860151,0.28144282264008613,0.16166482435502846,0.5998617750213648,0,likely_human,1.0,0.28144282264008613,0.4167450630860151
UC2qj76e7g9tUfZLWO922hNQ,-1,3,1,"['61e1750568741c95b2d093e023c1b096', '6fafe05cffaac8a0a78b01d697b5e7b6', '83391953f09ce50810ade2fe83faa1cf']",0.4136418041721779,0.2812966301567529,0.18765849121457012,0.555579353201934,0,likely_human,1.0,0.2812966301567529,0.4136418041721779
UCycRf1JxcEVE_ceKbrOxfSQ,-1,1,1,['0aa39b1ac615fbd80f8bb25bee0eb1c7'],0.438926531717051,0.2812832128203255,0.15805251680722254,0.5032155503420139,0,likely_human,1.0,0.2812832128203255,0.438926531717051
UC99jvrjs_qCb8Ko2lkDTWfA,-1,6,1,"['499013c191ebd02bfc60f13d3972e336', 'b4823c6dc2d471a9baa9beb87ee9bf1d', 'a56dea00f69e34f233d852e332463185', '9671e2980c0eb0fa787c30bd952891c4', 'ead82a785465a36e05405b52ef9d786c', 'ed3538147292ebe24996a5b0eef4e0e5']",0.43701595595548204,0.28124570377882396,0.14649496346134924,0.5366295721827847,0,likely_human,1.0,0.28124570377882396,0.43701595595548204
UCDwPB80rQNKZslwenTvoT-Q,38,1,1,['6248c69cc18fa3ff00f873e475f959d5'],0.44254823445141767,0.281126465086802,0.1416112412927416,0.43350386279564346,0,likely_human,1.0,0.281126465086802,0.44254823445141767
UCBt5vL_UxCJm-hlbbqYPE1w,-1,4,3,"['c812a18837c7f05a9b147d0850426375', 'e67395da37b88e8955ce799ce43bcde2', 'f7bdf86ec0dde08fd4128ab840c3acbd', 'd1c13b74a919f21431bbfd56c120a033']",0.37741514525854597,0.2810289754406504,0.17087385559425364,0.7491185724942423,0,likely_human,1.0,0.2810289754406504,0.37741514525854597
UCGKEPOn6SMG19J_Moq41ewQ,42,2,1,"['11b178548b0a510cd0fedcd468bfabd1', '2f6f64b801dc4abc8f56d14c910d340e']",0.40081625169761337,0.28102686262540866,0.18389194672751735,0.5372888654465451,0,likely_human,1.0,0.28102686262540866,0.40081625169761337
UCWj9y0t0G65oqb-Lpy3J7oQ,49,1,1,['7205c87d3ad6df7be1e188f5152b68ab'],0.42052601329007555,0.2810146993971547,0.18509685695492073,0.43443405827914894,0,likely_human,1.0,0.2810146993971547,0.42052601329007555
UCs7D-BYhHQ4V6MNUVea6ixQ,-1,1,1,['3ad49f77f07eaee8f40496b49ecf93d2'],0.4024469138606903,0.28098549122324695,0.20191205500892548,0.5837777857308736,0,likely_human,1.0,0.28098549122324695,0.4024469138606903
UC_ZnH7JmmjXZ3tlzt_mYkkw,48,1,1,['295237b97923f5b024072dc81548ba50'],0.4235726351896246,0.28097436110124085,0.17086340971031805,0.45184138728346157,0,likely_human,1.0,0.28097436110124085,0.4235726351896246
UCQiIrRQ-F1MvstdaVeVYsvg,25,1,1,['2abe3816134ccbc1e8c30d26a1ee8b89'],0.42185272824656594,0.2809579753159085,0.1657022282874373,0.4674613019789408,0,likely_human,1.0,0.2809579753159085,0.42185272824656594
UCMoP54iL28t8WSFidVp3t6A,-1,1,1,['975d6a4e7ed35bb86edc8ff3ef3c1b62'],0.4158281317609315,0.28092858522428465,0.21837166092812318,0.4765292733942012,0,likely_human,1.0,0.28092858522428465,0.4158281317609315
UC8SqVJZAXXm0SXhP_1G7eOQ,-1,3,1,"['7dab6cd3ea794e19b3552851ba5293b1', 'a9c8203029f417c245bd075e2c1b8ef8', '6f270a05e16ca576785158035c07e654']",0.41968675501132097,0.2808937550489816,0.17362442644529655,0.5525434439187965,0,likely_human,1.0,0.2808937550489816,0.41968675501132097
UCHzSxkNlUfoRt9xBa5ayFYg,-1,1,1,['458484592a26c775c2adf04eb7185c57'],0.42923127298824826,0.2808382064017976,0.18446446978619901,0.4874932770745674,0,likely_human,1.0,0.2808382064017976,0.42923127298824826
UCC-Afc57eGEj2LVwMaO1jgg,36,1,1,['c6b5840805d27745742638ae4afe1605'],0.42978482724720973,0.280754404305597,0.14931165994270942,0.4710850640331137,0,likely_human,1.0,0.280754404305597,0.42978482724720973
UCyUDZxm8uBNHJqe-IRks23w,4,1,1,['c84cd97fe7a00cd7d6ad09d8aac39a9d'],0.48025889349620543,0.2807022621505789,0.08391379634806542,0.377115995807144,0,likely_human,1.0,0.2807022621505789,0.48025889349620543
UCZCDRDq1hMJTkDvTdSiBQaA,-1,1,1,['48e20e7d9eed665d9e946b3e18376fda'],0.4086271078758099,0.2806317349799856,0.15663058578953812,0.6359319848902034,0,likely_human,1.0,0.2806317349799856,0.4086271078758099
UCbfjI2yj-FIfMf-aqNfL2OQ,-1,3,1,"['e2d38296f52752a5655ef6d4cc66f306', '98c6a4ad344a6c95972bb781882cd174', '4f73cb85cd90e61cc05074b4ac3e3cca']",0.44901875071232583,0.28053832516226807,0.1476185245370756,0.472692114994527,0,likely_human,1.0,0.28053832516226807,0.44901875071232583
UCslggGIRkbDlJy8gJ9A80uQ,-1,1,1,['f9b4a073cb9e6e4e38ca2becbbae82d4'],0.43376542787972516,0.28048904314247947,0.14467446622438446,0.5421040257742412,0,likely_human,1.0,0.28048904314247947,0.43376542787972516
UCofkHd1QYiQjI58NWsHHu-A,-1,1,1,['08e381f384c2f004233051c463c54a93'],0.40867871390471056,0.28048421290975234,0.1631379148593726,0.6178614336012014,0,likely_human,1.0,0.28048421290975234,0.40867871390471056
UCPliUnH9K1r2Ua8Ru6is_qg,28,1,1,['49c4891110ceb3583fe4e13ece53762f'],0.39492894958764796,0.28043669776040847,0.19427774105668313,0.5066176287463012,0,likely_human,1.0,0.28043669776040847,0.39492894958764796
UCOb37-52pEbIH0n_cgz6lxA,-1,1,1,['1dbadcb68476324c36553c343f6e17ae'],0.4418334032385006,0.2804297300272321,0.16905768668529367,0.46112966989354265,0,likely_human,1.0,0.2804297300272321,0.4418334032385006
UCSynzherakJxm_Ywrh0joJg,29,2,1,"['7bda9c3c17509c011e7d0d5c6fff2134', '70b5d31b7677cae680a7d864575d48c1']",0.4096775402620614,0.28039943259484934,0.1729085283414559,0.5028339613456181,0,likely_human,1.0,0.28039943259484934,0.4096775402620614
UC8ObkQhLMMqKGc8kqhuglag,-1,1,1,['b3104bf61dd5163f5f6b205f4ef4e84b'],0.44840499762017083,0.280388294058082,0.15941733008981573,0.4602095576379496,0,likely_human,1.0,0.280388294058082,0.44840499762017083
UCXE4crCov-kgqtYrNeRNJtQ,-1,1,1,['ab9ebf45f50e868bfa8778273fd9b07b'],0.40893597207573895,0.28033771185240797,0.19661274389129962,0.5473678551209888,0,likely_human,1.0,0.28033771185240797,0.40893597207573895
UCEDA95RREGOgzo_tNL1eBgw,-1,1,1,['7c6aa0c4b3f13c2dc41e02ef14ed3359'],0.42323422723350523,0.28026485779106003,0.16045186856725066,0.5540559824363478,0,likely_human,1.0,0.28026485779106003,0.42323422723350523
UCf8ROwqU4Gnib5s9Y5EWWug,-1,1,1,['7bb939332d9d55fe8afc9fdfc5cf487a'],0.4251396505750773,0.28022179563135896,0.17730102216460453,0.5125744056061917,0,likely_human,1.0,0.28022179563135896,0.4251396505750773
UCyOVxUSDpldzM8enDQJfLzw,-1,1,1,['642afb01889a946fcee8337a803fd51b'],0.42276661008893796,0.28017713675776795,0.18750928092299468,0.5143564710621097,0,likely_human,1.0,0.28017713675776795,0.42276661008893796
UCfR1TesAG6zxCmFB77c-m0A,-1,2,1,"['92113c6241c0574b70f73290f1610540', 'a0c2c6c356633c08f39cc2280b419886']",0.4474257928775778,0.2800941691989065,0.1450104149005537,0.4814044372688059,0,likely_human,1.0,0.2800941691989065,0.4474257928775778
UCwOERBLpSKC6UXqxfkVeELg,-1,2,1,"['23ac7afd1b1e556d5a1dcadda262c271', 'e6a17a3f9103d6203b64d3f428fb40ee']",0.4452315329236791,0.28006884968621615,0.13245222229804665,0.523304973450989,0,likely_human,1.0,0.28006884968621615,0.4452315329236791
UCtix-ut3OdlijNG6HjIJYAA,-1,1,1,['0ae022434ec82b5fbe1ba71fbf87c2d9'],0.42317378517648163,0.2800507813022446,0.1715114210606825,0.5324914759941161,0,likely_human,1.0,0.2800507813022446,0.42317378517648163
UC4DvZkPdvFNkK_hSFecHWIg,-1,2,1,"['cc8f8ab5d2284dbcde991b42d221adf9', 'b3d08a5ddc2c4669b017805ad5380bed']",0.42376686417534487,0.28003849945948694,0.16899376623818782,0.536269984644086,0,likely_human,1.0,0.28003849945948694,0.42376686417534487
UCJIDpJtdIXefzoQclAzBjjw,-1,1,1,['49f81847f2fd3b15c5742dd29997f7f6'],0.4491198413830386,0.2800152337031925,0.12217961086405363,0.5214724634348886,0,likely_human,1.0,0.2800152337031925,0.4491198413830386
UC9mmtO3kvjdQvmX5ux5iv6A,-1,1,1,['0db15223c3c136449bbe36f012c09d67'],0.4087810736889239,0.28000831610210364,0.20631031855143356,0.5234097958634125,0,likely_human,1.0,0.28000831610210364,0.4087810736889239
UCdqBsLRE9uKodZ0D6ubRCYw,-1,1,1,['defa73188cc774ffc38efc90b7a6fc97'],0.4232280249588666,0.28000264289169646,0.16726873424916733,0.5416114003216476,0,likely_human,1.0,0.28000264289169646,0.4232280249588666
UCYo-zPUcnTUb9ONa-ZNhBeA,-1,2,2,"['0f4656d2e94f85207deb9a232b0abe4c', '6f934f5d69d8097c24504653079f566d']",0.43601776603762393,0.27995572992911416,0.13443093028199557,0.5549926510825137,0,likely_human,1.0,0.27995572992911416,0.43601776603762393
UCPXB8a7JUa9Hi4npX-B3idA,-1,2,2,"['518aef3a692052c568e44f7db7fcd10c', '7b20ff710ee0438ed5dcf46ebba66d06']",0.42565083100123163,0.2799090516578766,0.17089540840433373,0.5215565649376706,0,likely_human,1.0,0.2799090516578766,0.42565083100123163
UCvmhdq7HQ_1ewWQFx1cu2eg,-1,1,1,['e67215104f9e53d6b81a54986b2c82b0'],0.4375836688918723,0.2798452651336158,0.17358281493550354,0.4739933112161795,0,likely_human,1.0,0.2798452651336158,0.4375836688918723
UCa91TxcfImniQq1KsZFE1ZQ,-1,1,1,['02794b07b94f489e73f7171cc1e0d70c'],0.4477553129593844,0.2797924240745945,0.15675644126540797,0.4520296619606675,0,likely_human,1.0,0.2797924240745945,0.4477553129593844
UCNlNZk6RZ0ECq1tHCjX8VtA,-1,1,1,['3e1385effac374cef6d3ebc9a6e03ba3'],0.3941283572802068,0.2797829828463715,0.22100767966901488,0.5566142652234922,0,likely_human,1.0,0.2797829828463715,0.3941283572802068
UC2CGQArgI0vKQi9PoLQEgfg,-1,1,1,['4ee01e739e15c21e891189c3bf1cc603'],0.47913460154400633,0.2796761024879327,0.1240536598750463,0.3828612684451305,0,likely_human,1.0,0.2796761024879327,0.47913460154400633
UCdqqY4QRQkyuFCVd93qIjFQ,-1,2,1,"['ebdc5133c5ba6577369aad409574c475', 'c79a21bf779a2f3da3a969d6af08e75f']",0.4200160124714016,0.2795925404069798,0.1817998473198069,0.5223379075483986,0,likely_human,1.0,0.2795925404069798,0.4200160124714016
UCwsg_pNBqmhV17_aXHuwkyw,-1,1,1,['1158e26dff590aded355750b1cc5b9b0'],0.408741090820997,0.2795599309309797,0.18793983974002546,0.5581751216038794,0,likely_human,1.0,0.2795599309309797,0.408741090820997
UCy95JoNK7prqBKbbetcJ8CA,-1,1,1,['943b05401951f0277349a333686bc578'],0.4150108926207221,0.2795549428530907,0.21196584981493097,0.48968687247813203,0,likely_human,1.0,0.2795549428530907,0.4150108926207221
UCOYdQQLsqq6Kr7qz_4npQEA,-1,1,1,['368788f54246c442f164d636862a3058'],0.4293458913173733,0.2794601503945172,0.16385999222954872,0.5209057173761229,0,likely_human,1.0,0.2794601503945172,0.4293458913173733
UCOMJjRv87dH7KdWA8HEAf9A,-1,1,1,['d265310a72ba52babbd2c6ed9c83ab6e'],0.43860711769915917,0.2793830655734087,0.16664110244251668,0.47573461014904106,0,likely_human,1.0,0.2793830655734087,0.43860711769915917
UCRhkqwV47X2kKqn0KpEjOTg,46,2,1,"['932d6949d55e0407bb3bb69d09dfa1c9', '11b29965cd61d91de47032d76d0c8feb']",0.4054217366991772,0.2793506551181139,0.15622960409892123,0.5260252321084984,0,likely_human,1.0,0.2793506551181139,0.4054217366991772
UCqhnAU_fXoUKINKnxijG0CQ,-1,1,1,['13d1485d0717aef3fc5f20f098411de2'],0.46232799466818886,0.27932212772909926,0.12124802984318007,0.4566076219895473,0,likely_human,1.0,0.27932212772909926,0.46232799466818886
UCvtZonxkL9ZPxLZy-gK_v8w,32,1,1,['b70ab3852a739b6bab0a1ed4d88d9e41'],0.4248784218972257,0.2793176828803403,0.1779275041773596,0.39498700318229285,0,likely_human,1.0,0.2793176828803403,0.4248784218972257
UC89nI81uBfMPpkVfXTZa55A,26,1,1,['9a10af6e19b68e510a85a65feaead551'],0.3957082818649042,0.27928000571521083,0.17497773852624887,0.5496111226982182,0,likely_human,1.0,0.27928000571521083,0.3957082818649042
UCBUel7A-A7fHMt6v8k9a9dg,-1,2,1,"['0da6f3db7ecd87733548c5f2aa764072', 'a0e979453b1f61f3a2b2cda812789c39']",0.44017294997127887,0.2792692124613943,0.1430323873359632,0.5086282698416833,0,likely_human,1.0,0.2792692124613943,0.44017294997127887
UCAC94TXwIjHGIHGYyJdj86g,-1,1,1,['a1daaa9c2c329e25bf875255019194dc'],0.4523584895223586,0.2792269166331016,0.12727538482290715,0.4875601867310365,0,likely_human,1.0,0.2792269166331016,0.4523584895223586
UC4v5_5ALkQnqc201PZEh1jw,-1,4,2,"['8efe3a4ef12de80f74fe3eac807555d7', '5d6e815fc4c7eeac4fcfd2f3d68456b7', 'f3289a1a38b586513c9a88d781abc2ee', 'd0880edf8b02e37fe26b56b693a66211']",0.4237109103198525,0.2791711531225451,0.18279359610052479,0.5052109216984538,0,likely_human,1.0,0.2791711531225451,0.4237109103198525
UCk1AWh2m-eokN-SJdg5UVKg,-1,1,1,['b59651ebe03158483ba9266dae0da8b1'],0.4440528391602329,0.27912381322989255,0.1827173602579445,0.4084482800261233,0,likely_human,1.0,0.27912381322989255,0.4440528391602329
UCwlaBqbchZgcIQsaSEUiqqA,-1,2,1,"['923aa9f02a2597eae88e700f7a590073', '997f1c50ed357ec4f252f2787c3d958d']",0.43257070186926694,0.27907623118919855,0.1361331828238846,0.5569823385498543,0,likely_human,1.0,0.27907623118919855,0.43257070186926694
UCO-t40v4tikdez35-_FneYg,-1,1,1,['17ad70f04b2933f976093f95134f7933'],0.4401647959250114,0.2790652620158398,0.17532674289812084,0.4414418460304486,0,likely_human,1.0,0.2790652620158398,0.4401647959250114
UC4faAEanWbfwQlhuRPiBNyg,-1,1,1,['622ab3bfb120f495c1d1896359e7ef91'],0.4219253158681364,0.2789966326751582,0.20600549654320519,0.4535931370712327,0,likely_human,1.0,0.2789966326751582,0.4219253158681364
UCv-nyH9Rk1qFFlewyDo0w3w,-1,2,2,"['f787e34aa952cfeba9f6c2c71dce289c', 'd04cd9605c705ba5b0bc5abd0a6fdb28']",0.36331015247461373,0.27898257288219996,0.19092907830362973,0.7488295901554827,0,likely_human,1.0,0.27898257288219996,0.36331015247461373
UC24J8eZZ6kBPsljGa7aLp_Q,-1,2,2,"['c60fef437b9e429ba20287ccef8e1c06', '7165f5e5c987ec967f4be438e68c66d2']",0.3991175645880173,0.27896221668846827,0.19661433823465477,0.5817185673740425,0,likely_human,1.0,0.27896221668846827,0.3991175645880173
UCaQ9JpylccGt1EtSoRGJ13Q,-1,2,1,"['3c4414f8707f3bc365d6c51b413a7709', 'b7ca6b2aba96cf7612c74c526c2e1623']",0.42198428818374745,0.2787676437325538,0.1811762639292001,0.5147759518310775,0,likely_human,1.0,0.2787676437325538,0.42198428818374745
UCWwFWL0EQ8uBSsRg29YPFTg,-1,6,2,"['4c22d61c379aa33d007de95523909b0e', '66c5f93c7fb53e3b30257d0212274ba0', 'fb207964414670ef92689d61d8e44b1c', '96a1d699b3b9e39b247c9f494a4f01c5', 'c99d05d64e0cb2ee2b5f2adff9ffd4e1', 'e260896206d03a7f409df9a68dbcdd52']",0.3943720113050098,0.27872095235066846,0.15077030354959597,0.6953519471034547,0,likely_human,1.0,0.27872095235066846,0.3943720113050098
UCsiye9WoF-yd1jb5NK489dA,-1,1,1,['f594e3eb12483cc68de63ec2f89c71ed'],0.46055249407946675,0.2785633176921694,0.11203867973168304,0.4776896555839672,0,likely_human,1.0,0.2785633176921694,0.46055249407946675
UCJcUaxIGBkW2to6dpNPBIZg,-1,7,2,"['9524cd961b0505d0cea5a435145df439', '5c3ab15fbcea5910218c165c2c04f0d6', 'f147c6154feeed4373254eacc665a641', '9a035d43576d9444bc452887fbb0cb4b', '4e5c6180b00920c520459eb15018dba3', '46589386e39642582c87d2e50165d4a5', '6671db99b41b1860f9ee58225149d5db']",0.3420056598863335,0.2785274415916687,0.16232596481168948,0.8595977966878217,1,likely_human,1.0,0.2785274415916687,0.3420056598863335
UCorI6TPrbxh0-_o0S_6Kyjg,-1,1,1,['8e2f62ff456bf74c281f7f4b55a23d61'],0.4272183675018355,0.2784813779475095,0.18005443364489457,0.4842239049607679,0,likely_human,1.0,0.2784813779475095,0.4272183675018355
UCJi8k3JAHwYn6BgiM51rwZg,-1,6,2,"['8c3eb472d920c5436152da321a700e46', '715c0daee1397ec693a23c79e77451ca', '4f3c45b55373698119ed9910c9372ece', '5973f7faf15b2d05eea048443050b799', '3c28a3b954683b776983acc77d524ac0', '102ec9e042f4e2d7d1dce89a195f6df7']",0.43163113369334133,0.2783507461878294,0.15384153245283771,0.5142950336013482,0,likely_human,1.0,0.2783507461878294,0.43163113369334133
UCz_AY9mZP2ttD-a0le-dvJA,-1,1,1,['3cc6ac20fd45fbc4e5309e56216172f7'],0.43548607267816125,0.27822366388514863,0.14202161263464147,0.5191653347591807,0,likely_human,1.0,0.27822366388514863,0.43548607267816125
UCM2_04oSi2rHx13gNR-M7-Q,-1,1,1,['ad75d73ed3194a46ef324c3b934119b6'],0.4496013195682048,0.27822296562573434,0.13000231540197194,0.4861891352586972,0,likely_human,1.0,0.27822296562573434,0.4496013195682048
UCp2nsUeCqpQDfQrOo_SvzBw,-1,1,1,['c409e14debd36abbf2f5883eb22c9760'],0.371667813774027,0.27820575365149486,0.21324463758695472,0.6569689261137004,0,likely_human,1.0,0.27820575365149486,0.371667813774027
UChO0N-eql1z6XrY6gS7dqDA,43,1,1,['8f2545674e1479e3b3eb29ccfb8a11fd'],0.43236153493805685,0.2781909392831249,0.12779379990175466,0.4147446000682831,0,likely_human,1.0,0.2781909392831249,0.43236153493805685
UCNfkOTShWTfqLGxHIN2MdmA,30,1,1,['8def511460e071221930e3340a077c0a'],0.4560986411004245,0.27817316592924046,0.1262740629999979,0.37758935395426657,0,likely_human,1.0,0.27817316592924046,0.4560986411004245
UCogTx8XkGLjU2eCDUIX03-A,-1,4,2,"['998e33ecefae56c505615e937c0afcd6', 'adb76c88c3b128892334f1eacf8e2c64', '37566ba12aa1c64eb5565a715394f124', 'd858d94cfd83429a350508cf16c8a8c9']",0.4247606991533674,0.2781715449211569,0.16082752114549906,0.5307394705760382,0,likely_human,1.0,0.2781715449211569,0.4247606991533674
UCzVc43-TAE7m5zd7YLwHdyg,-1,1,1,['8e1fbbdede702922f6f20dafd4c17e58'],0.4381860513518993,0.27808733880370096,0.18544130301228914,0.4251846595655322,0,likely_human,1.0,0.27808733880370096,0.4381860513518993
UC3DxYYzgsZnZRIwTAtxokTQ,-1,2,1,"['d62ebdf5de64449f997e45dc15bcdcf2', '95752f7be4e29f86adc53479a0e045e2']",0.3793624476468931,0.277869119758935,0.17950921983758095,0.6921809649056638,0,likely_human,1.0,0.277869119758935,0.3793624476468931
UCJ4Wj44Jbptm74cX6TlOjHw,-1,1,1,['5ed9cabe9d33da4913109c556c8fed2f'],0.42464909494408865,0.27781423139467976,0.19418830714658875,0.45700731227113806,0,likely_human,1.0,0.27781423139467976,0.42464909494408865
UCQQq3XCICDKs_JO5DEyz5nw,-1,17,2,"['547afb369ae36b4101365e231b43add8', '33cb8eb24ba995767d430b6e83921f9d', 'c3e7bc913e7d1fcfdbe9523a5228adeb', '76162ececf6887f9045d199980d51143', '37df9887dd3321ba7df06e8c01f11c8f', '06ec44c1918048f43e4026f909f5a260', '9e1678e343d953866f6aeb104d9fadef', '624493e09b8d668498ce78323b7e56fc', '5d29c24c6eb131d6854ae24f3b61a34e', '7c3e79b022a10f376967fe43831fec3a', 'e7c184fe09b7d2be3dd26a941342c7fa', '1c6c94fbe9249dcc5df775129eec6a4c', 'e6ea32e2707b7840fddd277bba7b12ec', 'd6d0570aa871128d4a406b265c0fa957', '24dcc21e64ed63b827d93ecb9b5b43ef', '767093fb90e998fdf87bf0cdb3f45a39', '2aeef48184390c673b0b30a7fc98d3d5']",0.38786060763173297,0.27776604565612345,0.17823316020968932,0.6579939913245246,0,likely_human,1.0,0.27776604565612345,0.38786060763173297
UCKlNQ8UcvwusgipEy7siN1g,-1,1,1,['df522194eeaf33adccef1924db8b5cc8'],0.399475318630087,0.27773101807755424,0.19497689406924282,0.5747721946560289,0,likely_human,1.0,0.27773101807755424,0.399475318630087
UCKiYIIr7EKNpc_ugNDV7qyw,-1,1,1,['1b93be76ee8e8a2e55f8f9573c7a3cdf'],0.44055103366299786,0.2777026117676702,0.16395505532489962,0.4467281329508736,0,likely_human,1.0,0.2777026117676702,0.44055103366299786
UCSJMBi6A0hQeicVweTCKn4Q,-1,1,1,['f5e1b2826e8d674e56d5f3a6fb635986'],0.4344043624981442,0.27767113197177584,0.1771282666880037,0.4474120988270503,0,likely_human,1.0,0.27767113197177584,0.4344043624981442
UCqrq-tsk9Ed_28Eu46AA4yQ,38,1,1,['6d172d9b592d404b71b683003bb01296'],0.41839266806261305,0.27767098128272705,0.1838230842305043,0.4200550961656635,0,likely_human,1.0,0.27767098128272705,0.41839266806261305
UC6UXrlfDMsabSEin_yN-kIQ,-1,1,1,['416ca8c0bf590ed0aa4c52e43a998cb1'],0.42511463286228546,0.2776555023503185,0.18131018000618476,0.4824050429177358,0,likely_human,1.0,0.2776555023503185,0.42511463286228546
UCdcK5-bVSs2Tgm29-H5irXg,-1,1,1,['cd170080005b6e75c57c9c6bbab832d3'],0.4604673310449806,0.27754978721570606,0.140622301696847,0.4144910950388859,0,likely_human,1.0,0.27754978721570606,0.4604673310449806
UCGv8YmrmzQDIO775EmEtiIA,-1,1,1,['63964032619e3f339c67e3277410adf7'],0.4277582766235721,0.27738920701739034,0.16351249484233163,0.5050819048417954,0,likely_human,1.0,0.27738920701739034,0.4277582766235721
UCupC0GKAnfAYgwqynEmb5Lw,-1,8,2,"['29c79949ea4ba46702a3a9d4ac9e95e5', 'aa9c3542da37fa789b4dd6cbaf94a5ba', '4a863f35279cf7b91e7cf26a7c6e82e2', 'c13fefa6d7223ead8b25f53f330b66e8', '8cd1bd4cf54658ad4d70c16f86f258e4', '9616b0772b361b3e56a920c0cfb47715', '67db0cd131065b6b892e3514a275f6a3', '6d95726e6bf19170791a68ea8dcd73b4']",0.3927170367835201,0.2773717868227207,0.17575958327836724,0.6349273748814445,0,likely_human,1.0,0.2773717868227207,0.3927170367835201
UCuw0t9oJwWIGlWGO2FLTA_g,-1,1,1,['f2656f1fc63e3e4b475ca8cf6e8f8965'],0.4076130957717681,0.2773272346328086,0.20391796016213512,0.5121759972655315,0,likely_human,1.0,0.2773272346328086,0.4076130957717681
UCB_sLeuUwmXHdy-VmdvjkWg,-1,1,1,['b76c0bf64834c80b9d6917b73d9739a7'],0.41764471102466916,0.2772311685415181,0.17500458648037504,0.5248867958452056,0,likely_human,1.0,0.2772311685415181,0.41764471102466916
UCCv9L_2I8hrveaKjmq1qS-Q,-1,1,1,['185767fcaee33aa8c911e60f1a2dc9d3'],0.4523259698324057,0.27715546606562386,0.11542618265648402,0.4932155127844109,0,likely_human,1.0,0.27715546606562386,0.4523259698324057
UCENk8omdJe7rGMPEpj7YXPg,-1,1,1,['4b2976b1f9e24d8e3db74eff9d82de38'],0.3800405947966746,0.27714321456015234,0.19481121688337985,0.6470156119414067,0,likely_human,1.0,0.27714321456015234,0.3800405947966746
UCqwouDQx6q2z0MTBH0a2kWw,-1,2,1,"['e3e91ab3ccaf1feadabc6ee5e539f241', '7f109bddb264f883f8d2ab66d3dbcfe5']",0.40867029629549423,0.2770589639019745,0.18146712189451128,0.5494311222305026,0,likely_human,1.0,0.2770589639019745,0.40867029629549423
UCSudj57FPNCQPIb1NRVC90w,-1,1,1,['8d07f00f8706f8aa07049b14dbe7d7ed'],0.38899133543290676,0.2768810989697859,0.2057789293778585,0.5851192368136242,0,likely_human,1.0,0.2768810989697859,0.38899133543290676
UCoB_FFuihw8zViVePd73okA,-1,1,1,['ebdc08fa99b964498164f963886d2ec4'],0.3891345001848171,0.27685685833017293,0.18924668223741048,0.6147494525505685,0,likely_human,1.0,0.27685685833017293,0.3891345001848171
UCSEygFW6zLmdLlWc2D8VC7Q,-1,1,1,['c1f6ca8033924b08ebec985f0244ff6c'],0.4108607639179095,0.2768393671743352,0.20086121307943777,0.4991825095267234,0,likely_human,1.0,0.2768393671743352,0.4108607639179095
UC0imD0xHQhb2ZS1r3jm9hTg,42,1,1,['5a4c078eee0d604a91da213ffb60bc63'],0.4296903324806292,0.27683452151195315,0.16771742722027552,0.39794167290089677,0,likely_human,1.0,0.27683452151195315,0.4296903324806292
UCVm7-Nb1eULlk08Y8mvlH9w,-1,1,1,['2421cf94281ad53b41442523bd9fbe6f'],0.4041002004255849,0.27682630847920414,0.1917643636788983,0.5459944951226898,0,likely_human,1.0,0.27682630847920414,0.4041002004255849
UC21GfJ78xTO9yoQ20DuaQPg,-1,1,1,['e7e1ea1a7f6e7bf5214c18c06143317b'],0.40167698876312286,0.27677019065499925,0.1683793459946493,0.610092054726929,0,likely_human,1.0,0.27677019065499925,0.40167698876312286
UC0FNQ3lvFtdiwGmuDFDFTcw,-1,3,1,"['f6a5c9fb088e42728db273f72a1e26b0', 'b3085e1f0925dd8eb2687ae0b63414d9', '5d2deced0e510f3dbe6c443a298fe4dd']",0.27672822181394874,0.2767347431198805,0.17652540310144318,1.000000000000001,3,likely_human,1.0,0.2767347431198805,0.27672822181394874
UCAF2SpNe25TsaNSMo-_avkQ,8,1,1,['5e7cdc0004ea557dc247c10a73c7cbdf'],0.43409439380977743,0.27671270367462697,0.15275731697341788,0.39867435310104987,0,likely_human,1.0,0.27671270367462697,0.43409439380977743
UC9OOeBlWWzX5upsESlmcoXA,-1,1,1,['70d95eec08e7dda959422034697ab186'],0.43263634862273137,0.2766636617532138,0.1520034651243159,0.506112005154902,0,likely_human,1.0,0.2766636617532138,0.43263634862273137
UCXimBdWSV-XfcGE609EzyJA,-1,1,1,['378972d49597687819625ad4d4fc4c0e'],0.41632297040291255,0.2766527108104431,0.1924691245173638,0.49499520840914446,0,likely_human,1.0,0.2766527108104431,0.41632297040291255
UCCzKp8gjx7NTG9U2F7B4BHg,20,1,1,['5db8cff1ebd3746c3048ac07edc4bac9'],0.4114112247857803,0.27657767387909027,0.14426561353081158,0.5205594934434726,0,likely_human,1.0,0.27657767387909027,0.4114112247857803
UCE7UTJ5L1M4XJ8y8SxtZbSQ,15,1,1,['df0c4b5efa6256a2aa8bfeafa7a8c9bc'],0.3944865056017516,0.27654248091541667,0.19770089372259303,0.42639114265167916,0,likely_human,1.0,0.27654248091541667,0.3944865056017516
UCyHSlNSPxzlastun2312rLw,-1,1,1,['0b92c7fd0c08af647fea64b859b3ac3c'],0.42174157359617215,0.27652840089775654,0.16491801633849695,0.5188400117252875,0,likely_human,1.0,0.27652840089775654,0.42174157359617215
UCGV-Sv3EAv7nEHAMBHO3TyQ,-1,1,1,['30da176ee06339b617d303482774f616'],0.3822286281435171,0.2765063245521451,0.216391641023065,0.5878994893398266,0,likely_human,1.0,0.2765063245521451,0.3822286281435171
UCwtsKvaRT8iQDglNkz90byQ,-1,1,1,['979f0c9ccbe7a3e6e54c39eaf0d46ce2'],0.4185993939468661,0.276432336443426,0.17241333682215737,0.5254381235299689,0,likely_human,1.0,0.276432336443426,0.4185993939468661
UCbgNyl9FVAUCcAIreCfqLbA,-1,1,1,['877dd6ac7bab27d27357254d01d66b42'],0.4417719091068273,0.2763286178913067,0.15664953677503912,0.4492969081271464,0,likely_human,1.0,0.2763286178913067,0.4417719091068273
UCjmyeC1hiBT7DzxlURtDDWw,-1,1,1,['5d812919a90f81609e2a0746f02112a2'],0.45238446007090005,0.27630883863065464,0.13599845198210905,0.43845756843305994,0,likely_human,1.0,0.27630883863065464,0.45238446007090005
UCwsbchIGdnkSVz45xk1kd5w,-1,1,1,['b5ddbe68fdc690fedf95e3fa6d80ffd8'],0.396488662242629,0.2763050470297076,0.20519435208437234,0.5438279118701929,0,likely_human,1.0,0.2763050470297076,0.396488662242629
UCedtQvQ17y3HGPvIdA-yXRw,-1,1,1,['d5a024ae6d27a9b2689b894f7db54211'],0.4231938473984026,0.27622148104729394,0.18153716055708416,0.4767799106453803,0,likely_human,1.0,0.27622148104729394,0.4231938473984026
UC0vcI1QYJe__7irFPFCio9g,-1,1,1,['a525ca4261dad2b113f30fb37efe2c65'],0.4112607195462725,0.2761840130425062,0.21146931180728615,0.4739264497903748,0,likely_human,1.0,0.2761840130425062,0.4112607195462725
UCOUFpzLhxZCccvzLh0kNj5A,-1,1,1,['9cff7c4abdb964ac36a095a8f482c782'],0.4547669767885373,0.27617792605565455,0.12826556911415704,0.4480989168509576,0,likely_human,1.0,0.27617792605565455,0.4547669767885373
UCevTqbtXvErD3DUsv8PPSTQ,-1,1,1,['8ddbdac59eb27b39015b9811242e282b'],0.39413394319966255,0.27610505752012854,0.17663361082464316,0.6145731822166653,0,likely_human,1.0,0.27610505752012854,0.39413394319966255
UClPjlZQ933tKQBH7nOv-CDQ,-1,1,1,['4286370cdb8c8c4dfacdd61ece450cc4'],0.45476977393231277,0.2760976831134577,0.1702567550676786,0.35797425933097127,0,likely_human,1.0,0.2760976831134577,0.45476977393231277
UCWppF-NLfMa4je6zXqUOdnQ,34,1,1,['69d67b1b3dd6241d4d0aa8b345e40c74'],0.4833789647387674,0.27600621685417953,0.07797746704607586,0.2721655657345865,0,likely_human,1.0,0.27600621685417953,0.4833789647387674
UCXs-A9XBy6jv_roPXjmmOlw,-1,1,1,['1c8e8e3374cb086706d852eb234a9586'],0.4399816917352262,0.2757630497184568,0.11748938179915466,0.5238390638669453,0,likely_human,1.0,0.2757630497184568,0.4399816917352262
UCpj8MlZSrkH-TzKEVEQeyKQ,-1,2,2,"['64e83b3ee42ccd2e98e2c666a6336c22', 'c4478a0ff2fef5c9aaaae9844234b0ba']",0.40672004616308444,0.2756829163955529,0.18009325624199596,0.5436189720046241,0,likely_human,1.0,0.2756829163955529,0.40672004616308444
UCQ4PdgUn27MHVt6qC3cH4_Q,-1,4,1,"['29adda73c31762e8cdeeeda2234bd53c', '1250d593f0b5e41706542b2c8a10966f', 'cdf32e9f1372ec63ed3f03febeddc0d8', 'd093bbcc5d374728526b97c21c461fc7']",0.4215115548504117,0.2756271695389638,0.16700492073935308,0.5088632259189081,0,likely_human,1.0,0.2756271695389638,0.4215115548504117
UCcudWlpcm43FowrXBgw59yQ,-1,2,1,"['d64953f5fb52f905b49f6073e0f58ccf', 'eba53c8247d52f961592712d06cc6982']",0.42444606439680865,0.27558355112311517,0.16470114453109924,0.5023413277242035,0,likely_human,1.0,0.27558355112311517,0.42444606439680865
UCEJzhjJf60YOF25jR1Tg8Ng,-1,1,1,['58d3c1157c432e8f6abad1d85572ec79'],0.41381293267634467,0.27555697982897354,0.20877084654680056,0.45152987223413305,0,likely_human,1.0,0.27555697982897354,0.41381293267634467
UCyN1zODSZlOz_E1qXx8Y2IQ,13,2,1,"['26ba8a2468756ae27cbb9fa76ae286c7', 'c32a128f8089fe1e5d0301bc23aa7a53']",0.2499780736790864,0.2755428015257312,0.1616681779726529,0.8969818055095357,3,likely_human,1.0,0.2755428015257312,0.2499780736790864
UCCo0P0mXu5GCVz7G-iU9R-g,-1,1,1,['57df875550d8110b37c34a72cb161c38'],0.42990835462460053,0.27553137117336335,0.15991930976227683,0.4797592934666355,0,likely_human,1.0,0.27553137117336335,0.42990835462460053
UCfahT3ii4D4E0wVAsg7V3Xg,-1,1,1,['eee542eacd0375823cc5a29e222ced59'],0.43985037209252564,0.27551071331724597,0.16305211532535197,0.43150587410848873,0,likely_human,1.0,0.27551071331724597,0.43985037209252564
UCDUJnGevGUHE3vMzZHhhusw,-1,1,1,['081bcbc3277aed1df213808fb043751f'],0.43337983531551016,0.2754217415650848,0.13241318691906384,0.5247140861366351,0,likely_human,1.0,0.2754217415650848,0.43337983531551016
UCNPpivi1K5mZYueXHbuMJ0A,35,1,1,['7d01fca7f466366a09b235ff7e9426ce'],0.3926324295047465,0.2754176716472405,0.17362112444169506,0.4737406863699615,0,likely_human,1.0,0.2754176716472405,0.3926324295047465
UCqh2Dg-COTyuU4tnBHzMxXQ,-1,1,1,['52d35ca05a1519fe47174c8cb3652331'],0.42004039930213855,0.27529825413104186,0.20262080572642144,0.44290435523326716,0,likely_human,1.0,0.27529825413104186,0.42004039930213855
UCLgOf0SNcIViwBz4UwE3tiw,14,1,1,['2c5841a9352d3cd65cf856684fb74e15'],0.4166364704707905,0.2751005069634524,0.1495919780589895,0.43781343426294195,0,likely_human,1.0,0.2751005069634524,0.4166364704707905
UCrLceMuhReWbLXIkPfKWoIg,-1,1,1,['8395a92c0ae0de94405871207e59060e'],0.4128982266753004,0.2749921155426133,0.17180700046333702,0.5342923079777019,0,likely_human,1.0,0.2749921155426133,0.4128982266753004
UCe8Bhl8d8g0IhfFHDzlRJiQ,-1,1,1,['ee63bf5f4ac62320187cdc9cad4f7543'],0.39427052182307865,0.2749309767886741,0.20758215214803424,0.5361097156974952,0,likely_human,1.0,0.2749309767886741,0.39427052182307865
UCK7b1_pHGy643HCxbdJh27g,6,1,1,['54cb237303feabac79418a19dd5afe48'],0.3809616626907426,0.2749192319745446,0.18797182455274755,0.5464435739010545,0,likely_human,1.0,0.2749192319745446,0.3809616626907426
UC_DsUgxhlq3gk8VrZkSxuAg,40,1,1,['bb32efc15975e4efad948b6509436d85'],0.4176973898819542,0.2749027308476564,0.17364088323976618,0.4170273779169107,0,likely_human,1.0,0.2749027308476564,0.4176973898819542
UCoJ5uyszxTGKFAwU9cdAfsw,-1,1,1,['6d51b82009183f49babb835b5eb9b5a3'],0.45349106641654374,0.27485911863339957,0.09933840314623937,0.4984075729542449,0,likely_human,1.0,0.27485911863339957,0.45349106641654374
UCQvJGoOlnlsiFYCuJUHOomw,-1,2,1,"['e37a577bf3ff8578371a675fa1ec4c73', '48bd6eb476d82639aced5dceac10d2b0']",0.41211837717706407,0.2748336754916931,0.18441081418955144,0.502187027997686,0,likely_human,1.0,0.2748336754916931,0.41211837717706407
UCPeHur2hSxcMj10OWI1Ms5A,-1,2,1,"['5460ab73946be3b330fb8992fa0280f3', '8ef77c3092d288936e1417945c168fd5']",0.4562210897554204,0.27475601062210186,0.13698065327919487,0.41333512858448584,0,likely_human,1.0,0.27475601062210186,0.4562210897554204
UCaxK5TpaO4kdnY94Gqlkcqg,-1,1,1,['783e37c92469cc9b328e18da074caefe'],0.4749679044849723,0.274743224100908,0.10777979007147147,0.38561026805520165,0,likely_human,1.0,0.274743224100908,0.4749679044849723
UC82FnsWYHd77fO2uh73kA_A,-1,1,1,['ceeed4c3d563551cdc0a390c853fa0d9'],0.3920273020735026,0.2746445005274145,0.13204893669293666,0.7116852247800792,0,likely_human,1.0,0.2746445005274145,0.3920273020735026
UCLrRue6_mCHlUV1VRNcVD_Q,-1,1,1,['f741f07a8abecc16a7027674cf7a5a08'],0.4303626379201461,0.2745509018390846,0.17567535174681656,0.43790942221525975,0,likely_human,1.0,0.2745509018390846,0.4303626379201461
UCnQT3WDck3ZZILYMtZe7TQw,-1,1,1,['ce87535ca8f70d010b7b4f5bd3652c0e'],0.400075045037678,0.27452949826714845,0.21893282798713218,0.4907749334662478,0,likely_human,1.0,0.27452949826714845,0.400075045037678
UCKPZ263KSEzqXgipw-MGT-Q,-1,1,1,['032d44018102fe2f7c44da86f7de2d14'],0.43578769227197706,0.2745154219569787,0.15108241532372058,0.4615399988893333,0,likely_human,1.0,0.2745154219569787,0.43578769227197706
UCmF5u_Pk4xaHumwEPjYunzg,-1,9,1,"['7986d9d0b78331db014327f066fa9ac0', '248c7575aa4deeea00817f8fb4a56a1b', '277060499caf747fcfcb83764a777306', 'd1f16b0f13c7c37ed7574f23e2460767', 'a05bfa1a30063ef7c9ddfa065c0d9f15', '5d21789b21d1751534dcdef2b48aeefa', 'e240978cf9a19104e357c03feaca2726', '3a7d8e2775f92fb82837094f32e91971', 'dffd545501ce10ce60c38bee5a0fe8fe']",0.4031184933100993,0.27450091254483855,0.15844892650932935,0.5997579906680047,0,likely_human,1.0,0.27450091254483855,0.4031184933100993
UCARcwQQX-DEIXdK4gR6s2Eg,25,2,1,"['04c4a223bec43a56e0602de6bc5c8a48', '2215a5ea016f1f954dfc5f5b087e2d43']",0.40970912577913876,0.27443579255071704,0.14585580536738468,0.4979762581750977,0,likely_human,1.0,0.27443579255071704,0.40970912577913876
UCjklneyws_j7GmNu-U4AZ8g,-1,1,1,['889c8bb6f2963a5be093ec023d653ad1'],0.3920190485832101,0.2743137629421236,0.21759941545004133,0.5205137118331871,0,likely_human,1.0,0.2743137629421236,0.3920190485832101
UCxxRbzSZgwFG-BDuSUsTkdQ,-1,1,1,['df5441ef6ad6dd7ab150a11fd71b0c37'],0.4376811076485017,0.2742903512612046,0.12671413980664037,0.506120140460727,0,likely_human,1.0,0.2742903512612046,0.4376811076485017
UC1UPbbaBOrqhJ-bGhmwWO2g,-1,1,1,['fc2d28a35e283f57a901831a05d03e08'],0.3999055527577742,0.27428560745754155,0.2207730564135311,0.48472111892438363,0,likely_human,1.0,0.27428560745754155,0.3999055527577742
UCYVnD21dQl067ssHki_LOxw,-1,1,1,['6e6f3d73a55fbe3a5544a470268a9554'],0.42207493770357807,0.2742678087152358,0.1924571401604793,0.4363644106623337,0,likely_human,1.0,0.2742678087152358,0.42207493770357807
UCGMSQFloA65nEBjhJzlMjVg,-1,3,1,"['714d658d351cf44184319b0c490c8a1a', 'd3471d74d6dfbac85abbfa44bcd742f6', 'de63d063c4954a84984213106a7e274f']",0.4126335564465025,0.2741350540561514,0.16315668420166424,0.5428852329591236,0,likely_human,1.0,0.2741350540561514,0.4126335564465025
UCm0gI5ZNFaiBiQVZE4Tl_wQ,-1,2,2,"['a9ae542c4209039592e654bdf186ff76', '0bb799ef727d6a48b252f585f468dd10']",0.3987027425213414,0.27409528775964964,0.19092840755447837,0.5445582647008581,0,likely_human,1.0,0.27409528775964964,0.3987027425213414
UCMvlV3RAOMUUbZMFp_kbsOA,-1,2,2,"['c9bf5e73273c48877ae20a606246d935', '360041208bae4519822be4089083082a']",0.39809398375774674,0.27405434175219584,0.2030535829700708,0.5224359912756722,0,likely_human,1.0,0.27405434175219584,0.39809398375774674
UCFpCcPvj1iWIOKp7y2IsJTA,-1,1,1,['b6b29aecd30848a19391f39ecf1b13db'],0.4687565663459292,0.2740329166586164,0.11790495480917443,0.3882463061387592,0,likely_human,1.0,0.2740329166586164,0.4687565663459292
UCmFcRvEeFcyC9iDJwXjhGSQ,-1,1,1,['5b404dfff95fcc2a6afca0c3867b4d6f'],0.4584915456997456,0.27385385689055197,0.10645161661483336,0.4500586061784049,0,likely_human,1.0,0.27385385689055197,0.4584915456997456
UCiblW9WGge72Kyv-w498y3w,-1,1,1,['cdade6bf9dce26008c40a138c704e70c'],0.41318185969321136,0.27382025066551186,0.18334254471866754,0.4997532392593981,0,likely_human,1.0,0.27382025066551186,0.41318185969321136
UCveK7grf9c97jb3WNqVs0VA,-1,1,1,['b3e9c8df73ae9bfb8b4007685e9fd54d'],0.4274233664827478,0.2738167387898337,0.11800440761158792,0.55808535560858,0,likely_human,1.0,0.2738167387898337,0.4274233664827478
UCuiP4VyWyuQFD6LiKPX2zDw,-1,1,1,['763393b630170934b503d304f8efb0d1'],0.4355879476385479,0.27373270590008797,0.1428405664238273,0.48319135116055834,0,likely_human,1.0,0.27373270590008797,0.4355879476385479
UCcMWebTbpMK4KkiIfv6uQ1A,-1,1,1,['db25cce22b8640e8f24bc5223c0af381'],0.4252476323192202,0.2736859443673796,0.16932895840560197,0.47047015977919915,0,likely_human,1.0,0.2736859443673796,0.4252476323192202
UCSFYDqq0vdYKLSRCjupvNIQ,-1,1,1,['3d5010a73cd10ccb770e62fbe59a2f57'],0.4576503527712361,0.2736453693846695,0.12118214387428805,0.42669471114627106,0,likely_human,1.0,0.2736453693846695,0.4576503527712361
UCg9gXh7_QecGmq99ceay8wQ,-1,8,1,"['a05b8c4d5262c7b5eb628e438f371c14', 'f64d78872cec53578a17e69395b10d80', '26881ef9a353a0e1111707d9859c8009', '767d97035e39bf9df15c8f9250090646', '959f112870345349ee11be8f4f1879e9', '500a9790fe1bb9c516ffbba778219345', 'fbc8a4af88bb6f3edb7f0deb03c9f3ae', '8dc99cfc311b1bbb73bab465601b156b']",0.40561874463415504,0.27358493609742096,0.1808936359087218,0.5360732088496563,0,likely_human,1.0,0.27358493609742096,0.40561874463415504
UCqoeNnYboe9dojW4-hfyqzA,-1,2,1,"['ccb89fbe6a19f8bb31b732084a6879c3', '82b002aec52c9356733442f2dd8717aa']",0.4386167286287791,0.27354258019326455,0.14159522846487962,0.46210601021299214,0,likely_human,1.0,0.27354258019326455,0.4386167286287791
UCCAGIVzsu4ncfAjLQsZ2wBg,-1,1,1,['8ff17f616153d53b3ffbf81145c4bf7c'],0.39822535619429555,0.2734244703598022,0.19783284378356156,0.5247140861366351,0,likely_human,1.0,0.2734244703598022,0.39822535619429555
UCkm9GMqCwW3ZmZO1ppM35Eg,-1,2,1,"['99a96d069b6354e7034d8c31936754b1', 'b0272b601e150b1891ca4ef7ebfc4b98']",0.4139086298565053,0.27341962419237154,0.15248591290511498,0.5577686143563667,0,likely_human,1.0,0.27341962419237154,0.4139086298565053
UCOjxpYAURcMhb-uQ5nSfXCw,-1,2,1,"['a5b11a5660702ee4080a7c6e9be8ec6c', '650fddd4f928b568c8c6d72fbf5f853c']",0.41599504061382264,0.27340690867767165,0.17456970090412513,0.49896034919835835,0,likely_human,1.0,0.27340690867767165,0.41599504061382264
UCNei2-07FhDfmkx_vCgfNRw,45,1,1,['b601fb5b82223e3b79830f425dec549e'],0.41509330848121817,0.2733902566868168,0.15768002415874097,0.44909489168840133,0,likely_human,1.0,0.2733902566868168,0.41509330848121817
UCoubx0ok0etMhTGisCfG-lQ,-1,1,1,['8a0c5cb64d6191a3e0050ffa90cb6c34'],0.47422601728024727,0.273298401686616,0.1135572340213459,0.36072393206450415,0,likely_human,1.0,0.273298401686616,0.47422601728024727
UCOZvznrOWTuhE2fyFnK20wA,-1,1,1,['07dbe21c006e463ca8c9de7b373ec62a'],0.3968401900528672,0.2732589676208389,0.1901469605231016,0.5436189720046241,0,likely_human,1.0,0.2732589676208389,0.3968401900528672
UCWYL7LbGgjjlJcNnoC8mSGg,-1,2,1,"['be2ce8ef754977df992a3973fe547985', '12a633adcbd73ad60fc26d822006a7cb']",0.40188183200261873,0.27320256673784776,0.15935732861979107,0.5861844675518154,0,likely_human,1.0,0.27320256673784776,0.40188183200261873
UC6shOOq3sM8vv9AraDIAbBQ,-1,2,1,"['633a2e4edbf14a7fd52fb7abd2428bac', '88562e9084138d39945296e69377c9b8']",0.410119159592388,0.27317184327832716,0.17761452101698158,0.5234625967315999,0,likely_human,1.0,0.27317184327832716,0.410119159592388
UC4uarTBoodIpuJxTYkCbfbA,-1,4,3,"['ae4d308b26648a042b5c01c8388250d4', 'c3c851229c9313e652be8affbfb0c0e8', '63151fd3674b0aab7db98991c90025a8', '8d2ba06526a0891c6070767aa498b028']",0.38155925328862683,0.2731240002356756,0.20789655935008872,0.5779312876423116,0,likely_human,1.0,0.2731240002356756,0.38155925328862683
UCymLcZTv9Tq50yx3Y2T343Q,-1,1,1,['6b7448efd31ff1f6de0bc0baa3c81b28'],0.45073595563406654,0.27310293032228744,0.13573079282085634,0.420085460101074,0,likely_human,1.0,0.27310293032228744,0.45073595563406654
UCibLFWHbliMMtl8_5FWqDvQ,-1,1,1,['9139544a7694311c60aa3b0f4f7ae17b'],0.42479576923842033,0.27306224253279565,0.15768413515214064,0.4845315544912412,0,likely_human,1.0,0.27306224253279565,0.42479576923842033
UC-oPPVP9mFKTuZKLka3J-Ig,-1,1,1,['ead89988eead59525edf9996eae872ef'],0.42234147272629774,0.2730546805685652,0.17351807801630378,0.4711235933338856,0,likely_human,1.0,0.2730546805685652,0.42234147272629774
UCzCpsYBRtS7Kc7pBPTDfN7w,-1,1,1,['558b32c5a2b88918f8e5149446c6802f'],0.3888486527393755,0.27302649170441773,0.19018768121305246,0.5771195030229027,0,likely_human,1.0,0.27302649170441773,0.3888486527393755
UCSMX7eIOCCRRDI1GxuITx3g,-1,1,1,['9596168bdd06b689945882c349093323'],0.4409853030252754,0.2730215548117696,0.17095549398429058,0.38558316644494345,0,likely_human,1.0,0.2730215548117696,0.4409853030252754
UCKvYs0P8E7HRv8-GUCb6-Xw,-1,3,1,"['9265fb0d8d9468f52b2ddb4211846092', '59ef9d32874649c81134c0fea7d62832', '5c2d685c8c4a405740fffe612c682bd5']",0.39710812538894347,0.2727749768438882,0.1741706295360838,0.5742059381449126,0,likely_human,1.0,0.2727749768438882,0.39710812538894347
UCh6sk5esj-ey5titxsT4hWQ,-1,1,1,['0cf80796827ea6388f948c64d0e9355d'],0.4090609788454888,0.27267651437266127,0.1998926174694719,0.4624205446346702,0,likely_human,1.0,0.27267651437266127,0.4090609788454888
UCVSBJTfR3DtmJy7MCOdjCOQ,-1,1,1,['6ff65a3ec3c46d2f5b004367aa9292a1'],0.4144499474166721,0.27266152056067094,0.16462224111566362,0.5134531390131344,0,likely_human,1.0,0.27266152056067094,0.4144499474166721
UCjvhip6Hz57RAVVCyC0i-BA,-1,2,2,"['456f850aab9a623e7fbcfbfba6900cbb', 'c800b1a0f22c484f2306d13e82c2fa69']",0.40266106870818275,0.27260509215189094,0.16528570263385217,0.5667236548131545,0,likely_human,1.0,0.27260509215189094,0.40266106870818275
UCejObaKHouKOCED-FXMAgnA,-1,1,1,['10f0dab0b0c2cb766f2c97de83816475'],0.45322563060767634,0.2724283746215157,0.14188617444448226,0.3885430587726961,0,likely_human,1.0,0.2724283746215157,0.45322563060767634
UCQcqhXRAyYkCrG0Si4Hqi5A,-1,1,1,['05be820047f19d7e50ad4ae11d81c7fb'],0.40461008261420794,0.27241084071831956,0.19116096319117193,0.5079518951239008,0,likely_human,1.0,0.27241084071831956,0.40461008261420794
UCOcTT5SIoB7c5kSn8tJFh-g,-1,1,1,['0555bae6d206d09998f390aab8583e0b'],0.41460182440656423,0.27235166363679075,0.1920687813452826,0.4519613277715402,0,likely_human,1.0,0.27235166363679075,0.41460182440656423
UCmMjgavAvqluoftrXhaj6zQ,-1,1,1,['24e3595f88011d3ece2782261e7188df'],0.431020606720517,0.2723143802436951,0.16216230813604565,0.43733958670531936,0,likely_human,1.0,0.2723143802436951,0.431020606720517
UC53zjQuygVofnypenJ3wuWw,-1,3,1,"['012f5bf6b7170fd8bce3a4f7099dac73', 'ce533ffee432b14c5839b9dc6128d8fe', '1ccc99706ee0748c53c0bbb34f0ac22d']",0.373872230731148,0.2722792818315368,0.22608725020562043,0.5675774104149275,0,likely_human,1.0,0.2722792818315368,0.373872230731148
UCO8yEyxsS1xeehNPQeVworA,-1,2,1,"['e64a9189b8e5353b37d01428da029004', 'fac61f81317fc5cb7c00156eddb4966c']",0.44091705149308397,0.27216962520568044,0.12545422630707687,0.4728813404202663,0,likely_human,1.0,0.27216962520568044,0.44091705149308397
UCYC0Zl_R0pKE9Z5UxM4W9zA,-1,1,1,['07753a0205ecdfd69c67b43b6ec8d2bd'],0.41311470180321064,0.2720689190634546,0.14176831472731133,0.5579406242687168,0,likely_human,1.0,0.2720689190634546,0.41311470180321064
UCbWcbfc7cvNIReM-rwYA8AA,-1,1,1,['2c5db6a397cbde75dca6b992788567eb'],0.4088632874797824,0.2720563409257019,0.15906846244299208,0.5465889357776221,0,likely_human,1.0,0.2720563409257019,0.4088632874797824
UC3TmDoXfUKCrVZMPIUbg2ww,-1,1,1,['ae3f801347af6d15e5e8a72048ebbd85'],0.41224766586909883,0.2720459733189554,0.1900565179542009,0.46359471813321496,0,likely_human,1.0,0.2720459733189554,0.41224766586909883
UCSkj7dZGnslVgSl_yNWCpnw,-1,1,1,['26fe8246af033ffb43db9c0e75c99e8f'],0.4181224216962666,0.27202148335079773,0.20066993846931136,0.414935899806974,0,likely_human,1.0,0.27202148335079773,0.4181224216962666
UCJ5RYEq9Vj0T-VfihkqY6rw,-1,1,1,['189c16c8f052576c1f645cc0384a207d'],0.3795765423546538,0.27194742855344467,0.17530523879338256,0.6401222181460753,0,likely_human,1.0,0.27194742855344467,0.3795765423546538
UCZI0EnpmpmUUL_TP18AcHlA,-1,25,2,"['ec567f03cc08e8afe2fe7899b72cb39c', '62388aa798dbbf392b783420e008bf83', 'c352869d3105f220db30b26c60d80812', 'bf2f7056ebd516d85af50607665bd4a5', '9557b1d672603bba46665ed716e5965b', 'af538b4a5e2c634da06f4d294b7b9deb', '0b5850c32f329faea9ac78fc94440e3b', 'c2ca3172e99cbe69605396c73deec67f', '86769837ecc453283de8b0ef494d5dab', '9f99b8f1d8e9d1185cbd3208c77beae7', '73112c27fb24e4dbcb20a9902a251400', 'ea9facc6f1087d4475f3957a0da27d6e', '890d5b5f2d49fcc5266e1b1467ae1a75', '0c0efe214bdfe73dfb5a695b226079ea', '62dc568572b0df4eb331411603dd5bc5', '352129809e833ec1c96ff9d493c5de51', '6e7476af5c0365da9c753cbfb8c7dd50', '07b1740c2395af40bc46ab05ed6b1b64', 'cad99c0c1b4b42cb50bca46698c63f93', '1785a2b83e17ede14c28e784fe5e0a3e', '1b359021c70f87461eb0809395a8c7cd', '8ff33cc022fa39a1e8601249881018c5', '9593de5772a7e134b7ac45b57fde5880', 'a398b72954ab8d44fe0839f06629a6f4', 'e43aeb1f6a89529c9bed163ceddee0d3']",0.36679999675023717,0.27188523782166507,0.1672446967103388,0.7179229011477171,0,likely_human,1.0,0.27188523782166507,0.36679999675023717
UCFxsxT71HsqcjPSYPKrvEmA,-1,1,1,['2a9fca7cf301f4b2907dcae23339b9ac'],0.4262028807924256,0.271882820945818,0.15732180704463167,0.46698657508794195,0,likely_human,1.0,0.271882820945818,0.4262028807924256
UC_oVmp5pu7QS8YV76elFuaw,-1,1,1,['bdab02e8ab159aa01f9d14359d590993'],0.429405784843343,0.27180437918939504,0.12838414067917064,0.5117930059427923,0,likely_human,1.0,0.27180437918939504,0.429405784843343
UCCZ0yX47c-GR-yov1UEybSw,-1,1,1,['e0d2a5ae0dc2b13b66a9a11000256906'],0.3814658316978053,0.27174994348570675,0.21442730774324897,0.5490856334981256,0,likely_human,1.0,0.27174994348570675,0.3814658316978053
UCNKj_4tCR6bgfTyAuP6K_nQ,-1,1,1,['e5277cb1d7d7215bc75c573c2633d101'],0.4462047916553925,0.27165817553776933,0.15182877332257821,0.39467614182315264,0,likely_human,1.0,0.27165817553776933,0.4462047916553925
UCkJykaPiPrgp8bD-QkvmTPg,-1,2,1,"['3a93d2121e847f1a7d23708889f95974', '776d197dccb85d6c3bdb872be4605c5f']",0.41441573225799333,0.2716503763697308,0.17130379098824997,0.4945951668890488,0,likely_human,1.0,0.2716503763697308,0.41441573225799333
UC-cAkJO2lUB_Nc0KGb-W4Vg,5,1,1,['dc23e48e38a0a03d54256670fab69abe'],0.44965131599561586,0.2716005329720759,0.08878619058887521,0.41398191839097787,0,likely_human,1.0,0.2716005329720759,0.44965131599561586
UCEZy4uHtukC6TjmzdgRia_g,-1,1,1,['20d1d277b0f8a5f19a8f3afb5f901b67'],0.42086827992637293,0.2715413521035051,0.1883093194689463,0.4232327320142811,0,likely_human,1.0,0.2715413521035051,0.42086827992637293
UCD964r_Jqu_Jw92PyFi0eZA,-1,1,1,['2ba1c8050730b8cb2ac4a17b7f7d440a'],0.4120136089295885,0.27152713237650106,0.18864948090613734,0.4681872139220965,0,likely_human,1.0,0.27152713237650106,0.4120136089295885
UCDDVmOHTygN3wqQwgtW2zmA,-1,1,1,['184e998b0354d4e1494b27b9493ba8a5'],0.43931991907896084,0.27148022460163623,0.1392741270333175,0.4452623897556858,0,likely_human,1.0,0.27148022460163623,0.43931991907896084
UC62I9beu-_aPSXaBSohqQCA,-1,1,1,['02f63093a3a6768258448bc23f6015a3'],0.41928254994867936,0.27143867797205684,0.18096472139652467,0.4521712274192117,0,likely_human,1.0,0.27143867797205684,0.41928254994867936
UCdVQHu3dgE3rpj8_rDm81VA,-1,1,1,['b8e16f7e08e7769c31d11b76f47f5f41'],0.4098634095840519,0.2714054835848312,0.18511771566642682,0.4772218118011941,0,likely_human,1.0,0.2714054835848312,0.4098634095840519
UC5lXZNlLyuEZU4fa6lrJgQw,-1,2,1,"['f976e5300222956790b83da33668dca9', '233fd966827723c376ae835d93285c77']",0.3979926549759928,0.27134368524825947,0.17742970740991493,0.5519768432947711,0,likely_human,1.0,0.27134368524825947,0.3979926549759928
UCBACAql38vmFInSxJXkMiBA,-1,3,1,"['eded257dc4c43324830bc4b281fc1037', '93f6d5f716de9bf8853c9b52f5f7c167', '12254807c5f4de55362724496f40dd8e']",0.40650559099155,0.2712780229268713,0.1502933996396999,0.5723732935921956,0,likely_human,1.0,0.2712780229268713,0.40650559099155
UCYhCTNHWsslnk5j57--XAlw,-1,1,1,['5d654093d39ca9bf238ee3af4e69fb03'],0.4048856979445795,0.27126429798102564,0.17209742742808476,0.5238778617846221,0,likely_human,1.0,0.27126429798102564,0.4048856979445795
UCDuLhXEmxwJwkjghO8csGbw,-1,1,1,['57ea338f99f721e576fd74a4635b490b'],0.4456368401646734,0.27122123796767444,0.08105815556936241,0.5301728491148185,0,likely_human,1.0,0.27122123796767444,0.4456368401646734
UCC8hp_P0WKAVsVEJ6pKoJxw,-1,1,1,['6f6a1bec3d789993130d34bbc1a49b2a'],0.4458302717277953,0.27117523543016003,0.14704551329122162,0.39347294053002363,0,likely_human,1.0,0.27117523543016003,0.4458302717277953
UCgaxZ1MSQ7DJnvM2TfQBgsg,-1,1,1,['b5139f1c90b5140237cde83d84280825'],0.4005229607174482,0.27117177989259067,0.16242590370180943,0.5694257729271398,0,likely_human,1.0,0.27117177989259067,0.4005229607174482
UC3vfg_QdERej0zHgyNR8TMw,-1,1,1,['b31bbb6212f86776dbda394d8393917b'],0.43433490768556776,0.2711130796977737,0.12917282426015353,0.48029064829117335,0,likely_human,1.0,0.2711130796977737,0.43433490768556776
UC8qUkYUjQeCZe9yYwZx9oZA,-1,3,1,"['0b75e99500b826b361e0dad79aa3391e', '37e89fd155afd1fc97439841f5eef752', '222cfe82a4808d58878a96ed08ae1e67']",0.38972793459594035,0.27111056833313957,0.1601460478455541,0.6241216880448217,0,likely_human,1.0,0.27111056833313957,0.38972793459594035
UCIPUEJQRQjI1S30Ms753v-w,-1,1,1,['cce790bd48a1dc8f4aef60e8be595830'],0.4184375352933828,0.2711064327204983,0.15337746614523684,0.5019783200112958,0,likely_human,1.0,0.2711064327204983,0.4184375352933828
UCrX4LttAETxyAuDtKH270fQ,-1,2,1,"['9864af434178d92d4fae548fecf33307', '16ac157c9a6656d9110a89dc9eff4c20']",0.3869936476765355,0.2710926870506945,0.16761892084977895,0.6158807186979773,0,likely_human,1.0,0.2710926870506945,0.3869936476765355
UCfP0IMz40G3IisN-XpMu09w,-1,1,1,['9aef30a9bd6539acdc013e119e6ce757'],0.43694217022484855,0.2710841677431347,0.15884018436219544,0.41039696767147643,0,likely_human,1.0,0.2710841677431347,0.43694217022484855
UCWevJMGyGPQgPeRKWhnzaBg,-1,2,1,"['a5852a4617cba62e9389620418bf1b1d', 'b1ef6104cdc83c0c2f103d6a4b5c9d88']",0.38673646830651454,0.2710514214677383,0.17835974628188866,0.5955296895606074,0,likely_human,1.0,0.2710514214677383,0.38673646830651454
UCoOJg6dZZvzCEeFUj7ECQCg,-1,8,3,"['3b5fe2fd8cd099334e1c623a107d41c1', 'e22223c28097bdaeabce7ef326b63cc9', 'defb06d576dc218ffb573463c086acfc', '1a4084cfcbb412a8d6ff442a1a18fc89', 'd9ef9090dbc769d96ac66f8289fcb67a', 'f54aebf842b29eaa65d367057403af74', '870784d0b3809e906e2d23271d449ab3', 'd3e7f74578583a07003932882f712f5a']",0.3763627492037636,0.27098751397034715,0.16106414037779118,0.6764675568092984,0,likely_human,1.0,0.27098751397034715,0.3763627492037636
UCa8xZvkF7fZXDJzxRcZxnFw,-1,1,1,['fabd4f149390b87fae771212ad2ae2ef'],0.43584834505734166,0.27081928806594247,0.14408920726770266,0.45093060567043464,0,likely_human,1.0,0.27081928806594247,0.43584834505734166
UCc9HGjWgqakOhkNdw-CLHmA,-1,1,1,['0cadf95f8eea02dba79a1062948b9e12'],0.4167265114578661,0.27077486151929214,0.17709782630915577,0.4667279356540664,0,likely_human,1.0,0.27077486151929214,0.4167265114578661
UCXJprE1-28rrsR2JZy-RK7A,-1,2,1,"['ed5505ed5de22a8364203b031d3cfb9f', '474483becf5751ebcfb392553dc25731']",0.4204122906352127,0.27073001528715446,0.14532657681042674,0.5144794445978784,0,likely_human,1.0,0.27073001528715446,0.4204122906352127
UCByI24pLsOU8_axZXbnJkUg,-1,1,1,['bd7cbfde86eaae751f3764a450a7cc78'],0.438528084788551,0.27071575438330164,0.1537092430655867,0.4174670999097378,0,likely_human,1.0,0.27071575438330164,0.438528084788551
UCZFhmduJg0xnWAKZTxLsEFQ,-1,4,2,"['1f88e5abdb4f7afe6dc0bfc055d2a104', 'e1f0c82c836b6fe3b697cefce2fbde1e', 'a2bcec94cefa39da66b65f9e2f0128bc', 'af5bba3530efc5926c9375644894cc24']",0.38071728546592043,0.2705750719930671,0.1971868427862279,0.5774772183965335,0,likely_human,1.0,0.2705750719930671,0.38071728546592043
UCV2i20IfuXEfRoB30s1SRuA,-1,5,1,"['53a81ed52167c8560ed998bc00abd152', 'f73764226b569654756d3748f9796070', '85df76708c832c9e1de73ef3928f237b', '2d00b4401aefd4019cb0678832c1327a', '80977815ef1a759806f1275ebc74ec31']",0.39857696101732804,0.27049669639509,0.15184267808263405,0.591088209989889,0,likely_human,1.0,0.27049669639509,0.39857696101732804
UCJ_3ukM312oalP1pLAhgyYQ,-1,1,1,['dc74abd2bbfaaa86baf0f6b39203f8b3'],0.3988800827127036,0.27045701490039853,0.15452630737598783,0.5801360597387311,0,likely_human,1.0,0.27045701490039853,0.3988800827127036
UC3eLRxZOkTWE5UFfNhNZY3Q,2,2,1,"['f057c10fa25f3b4ed6bffd95b05550ba', '4652f2ec965ecf9895ea1994d0c161c0']",0.3899158754689379,0.270441628900013,0.1499005820183394,0.543100470119744,0,likely_human,1.0,0.270441628900013,0.3899158754689379
UCAO2yTsBVpXDDswEL0gkrvg,-1,1,1,['5d10e18ce9abb539447ac5f94e109f03'],0.45263830849742104,0.27038188233514093,0.12028107580979244,0.4179508917056257,0,likely_human,1.0,0.27038188233514093,0.45263830849742104
UCSZ-CeP52d0IApK50bqro1w,-1,5,2,"['882b4d7147a9d41edcee7063eb3d299b', 'd45a8a7e29d7f9bfe5d9ce8573793c08', 'dc03ffde2feff4cc99daaf96f8bc8db9', '56013e56478df0e30e32f6a6de934984', '837f41bbfe246e30fc515e7335ac7554']",0.3871127603508044,0.2703739911283937,0.15344835706049836,0.6396483864513615,0,likely_human,1.0,0.2703739911283937,0.3871127603508044
UChPEUO50PsvZpuCTBZmF50Q,-1,1,1,['9dc916735aa08ee83e403ae2d86eba7c'],0.4137054318315333,0.27035881178933885,0.17014740585941962,0.4807722304822177,0,likely_human,1.0,0.27035881178933885,0.4137054318315333
UCEqsmSX8KtxlZ17miwx1ghA,-1,1,1,['bdfa3cdb26433cfcc99adfcbc54c1752'],0.4136523261480892,0.2702887724141916,0.13073093078744114,0.5595456957986503,0,likely_human,1.0,0.2702887724141916,0.4136523261480892
UC2dp-uS5vDMOQUeCtVyky_g,-1,1,1,['95afb0dfe8f772ea512c5cbc825ae40d'],0.45321741888433187,0.2702213478463067,0.11578482355670396,0.42477549165491224,0,likely_human,1.0,0.2702213478463067,0.45321741888433187
UCsiWA5GNN30Ojnfh9EPPYKQ,-1,1,1,['c3b1fb9f88748da193cbffb7e02bf73a'],0.3872106752187341,0.2701881087822935,0.19311376370112732,0.5601064407244578,0,likely_human,1.0,0.2701881087822935,0.3872106752187341
UCJb4VAUDy82NMW04xatvKVw,-1,1,1,['3e5470ac44aa2ab6db2301dc602c53d4'],0.43719903021462714,0.2701819751920941,0.16350144548906081,0.38930273100311985,0,likely_human,1.0,0.2701819751920941,0.43719903021462714
UCgrDAEeSwGlIMladakYXf6Q,-1,2,1,"['ccf49ac2c31cbb31bcb4a073f92eca7b', 'bc078bd892d2326a930ff3d761a52864']",0.4091171240381708,0.2700318284899132,0.18064749478932524,0.4808207876413083,0,likely_human,1.0,0.2700318284899132,0.4091171240381708
UCm0saZgfveXY5KGTT6UDX9w,4,1,1,['9a9df198fe505269ee147a367ed24c3c'],0.4150624802478553,0.2700314839106262,0.13689261455943375,0.4511365377135863,0,likely_human,1.0,0.2700314839106262,0.4150624802478553
UC_B-_DhHdcufhDDpdeCIVMQ,-1,2,2,"['212ea9f207b89e277b2b2cd67fbdbf4e', '12c40fe85fb527632b4b04de19394d93']",0.41940410811286805,0.27000070369957646,0.16428972914765336,0.46542115305875337,0,likely_human,1.0,0.27000070369957646,0.41940410811286805
UCFLJJ2p658uDJ52YtJY_OwA,-1,1,1,['2c2bf519818ef91252fa305ba1c1fb1c'],0.40495906018688516,0.2699951832004632,0.18467076986376707,0.4869726131877664,0,likely_human,1.0,0.2699951832004632,0.40495906018688516
UCj1_0NX_bMsjSnDiPXxuUUg,-1,1,1,['e68548a29b99bf49580d930979a0e811'],0.4488956549640869,0.2699770462914626,0.12015877832735739,0.4243803732395391,0,likely_human,1.0,0.2699770462914626,0.4488956549640869
UCfVT1-8HZ3BpYjlWlCPdeKw,28,1,1,['0507e920890b62834749c6ed9f8ec41f'],0.37182798742674317,0.26980603499631567,0.18406943342868673,0.5160907628685691,0,likely_human,1.0,0.26980603499631567,0.37182798742674317
UCzzdqjrfILcLtElzYZKwp6Q,-1,1,1,['c404596f1c1b6f739cbb75e23ef24222'],0.40789062199951975,0.26978045121987587,0.18793160963750805,0.46337691328225433,0,likely_human,1.0,0.26978045121987587,0.40789062199951975
UC6fFg4EWASqQ-rN72r7w8Uw,-1,1,1,['bb46ea5265f598048f18f3e5db1e0a92'],0.4139021599274456,0.26974729634852274,0.17001567454533761,0.47743002686814595,0,likely_human,1.0,0.26974729634852274,0.4139021599274456
UCpjexoE4MnR65AqpxAsT_fQ,-1,11,3,"['2ee9e7c54c2a1328dccd7f36ceede938', '045fa12fe38a81ad826571a66d6d926c', '13ec68c949878cd8805754fa4c1124ea', '89e4fb709b8d0255b61cbb8b46ee5fd3', '94f960eed175fb33929bc5b27f6aa424', '2256823fc8b9fe59bac48ef6f6b12b1d', 'c838e6253d2bf1b07934d9b0b22c14d4', '5e932658df0df2c380be63b1a24d488b', '8c54a0c245f339fc12f5194ae80c6dc1', 'd44c937bd888fff4900ff3c649a3b807', 'a393f81b3f5fd288900614abc64b029b']",0.3657924834623486,0.2697304998564589,0.16937253463250204,0.6941339404004989,0,likely_human,1.0,0.2697304998564589,0.3657924834623486
UCKcwOoY6Lx_9R7f9R39sOXw,45,1,1,['bf041965f3380ec6ac8c1ae62514e70d'],0.42938129635941547,0.26971391025309305,0.12490704187515919,0.40916560073248426,0,likely_human,1.0,0.26971391025309305,0.42938129635941547
UCKbxiqlppz-n1RFkIE-D66A,-1,1,1,['8c82b735a5e076aecc9c4cec46627ce6'],0.38844456052325005,0.26971249483105286,0.1997958677099634,0.53001408369986,0,likely_human,1.0,0.26971249483105286,0.38844456052325005
UCF2-wL_hHRb9XE9E7e_d3eA,-1,2,1,"['71baee3ec25e22445920951de526372e', '9222a1628777a570df1ca15a94cb1e12']",0.3933536308574822,0.2696506063040217,0.18740567942528796,0.5336908395340364,0,likely_human,1.0,0.2696506063040217,0.3933536308574822
UC7jI5BZeb5aG0AguLCpWWIw,-1,1,1,['5f4cc38f7e14250fa08a054601ab8a0b'],0.39364703922030303,0.26963909107289535,0.17786601967031446,0.5559502580429925,0,likely_human,1.0,0.26963909107289535,0.39364703922030303
UCK7WhMoUIJ8YUxnVZRsSqPQ,-1,1,1,['2728ce71ffa380dc52c271ce8d5df0eb'],0.4125136870113583,0.2696010757099576,0.15109526697779813,0.5204401510533434,0,likely_human,1.0,0.2696010757099576,0.4125136870113583
UCYjCEcQnRp6eS9rwe0Vbnsw,-1,1,1,['56d2d73c3032727f2d65a5ce44627ec8'],0.4144737937016635,0.26959966849405514,0.1788808061391327,0.46084733472952805,0,likely_human,1.0,0.26959966849405514,0.4144737937016635
UCGg0TU4uCb8KpXIuhtTUk3w,-1,1,1,['75ad1ea649cf86fc67a1aac5f48825b5'],0.4333456715828505,0.26959358797606914,0.16279975521247744,0.39916425853575715,0,likely_human,1.0,0.26959358797606914,0.4333456715828505
UCEzGgB4B9R_EPVxFU-vCVXA,-1,1,1,['65c179a2a71586329ad6161e06db7f7e'],0.44153244260746277,0.26958097162300426,0.13459953228465615,0.4288277776031622,0,likely_human,1.0,0.26958097162300426,0.44153244260746277
UCxFHR4gHnAii7Rb4z30bXRA,-1,1,1,['821070fd3cf065cfc0a6e2c20b615628'],0.3882982819273561,0.2695527008217375,0.1864706109374691,0.5604476464908723,0,likely_human,1.0,0.2695527008217375,0.3882982819273561
UCzSe9yF5rTTXsxbVSvv2CPA,-1,2,1,"['513491ee74a628711b1665c102cd050f', '4830cc4a3bc9b306cc0b671d914cd065']",0.4122390431565473,0.26953850885142294,0.16137563621959783,0.5081523988199804,0,likely_human,1.0,0.26953850885142294,0.4122390431565473
UCgoVHtf0l8KW69i1h94pM2Q,16,1,1,['4b1bfa83f8c5e76844ad57f514444750'],0.3820860704415996,0.2695345529620854,0.18546803736881187,0.4943947310910935,0,likely_human,1.0,0.2695345529620854,0.3820860704415996
UCMPvoGHjJ_tc0H3raBgvM1A,-1,1,1,['ee671aa2926246d8e28cf4ef81daa1ee'],0.47417737289738116,0.2693072313242802,0.08064282978550436,0.3894694040749124,0,likely_human,1.0,0.2693072313242802,0.47417737289738116
UCW8JlBsUaC3Hh3EctKJKq8A,-1,1,1,['2a07ee0c52c524584a07a9481f7800ce'],0.42473732872567227,0.2692757872723994,0.13760515815509464,0.48834026360251054,0,likely_human,1.0,0.2692757872723994,0.42473732872567227
UCrsgBpJ3f72JyHeRDa1SEKw,-1,1,1,['68647af083d488f43a2d20b17c10011c'],0.4178917011003619,0.26925360210380617,0.17872847208980094,0.4349855450564743,0,likely_human,1.0,0.26925360210380617,0.4178917011003619
UChJFS1qVGUmCVKYOvY0V86Q,-1,1,1,['311a723cdcc0997ae70d8e8baaac2d45'],0.440314964811939,0.2692061740485972,0.1362994941874788,0.4273287797786841,0,likely_human,1.0,0.2692061740485972,0.440314964811939
UCNZK7ulHDkcwSCBS7cZ1RBQ,-1,1,1,['b6b41084038b75409f88d08a80738db0'],0.44067469406391124,0.2691854521368606,0.15200858015543162,0.3905346281420349,0,likely_human,1.0,0.2691854521368606,0.44067469406391124
UC4Ed7cj8-VzfsROv3opLRJA,-1,3,2,"['c4814e11ba2298148604e17512c60b56', '30f863f7c2a66737cc3c55e1a1cca8e8', 'b7fcd7613bbc95b89e686880ef3fac5c']",0.3812253370280125,0.26912954374641035,0.1758156149777438,0.606241141665413,0,likely_human,1.0,0.26912954374641035,0.3812253370280125
UCnRIcQcIwi3mHurrKrZPlqA,-1,4,2,"['1e4526ce0f939706df28a136738de044', '83a7b308397e590adaad07c61a3d6ff3', '9cdfcef7b3feaca06ef9f630ee18c55a', 'c4996fe98772f12d5a3110f0a4aa195a']",0.4115362403080479,0.2690848338021654,0.15093782980090936,0.5229279108206107,0,likely_human,1.0,0.2690848338021654,0.4115362403080479
UCeV9SiQ8ywwtk0L6d747erg,-1,3,2,"['1cb12c57d4421db7cdd1515851a69f71', 'ce59713fd3a70f567c7fe1d2b828816b', 'ba40e68b9b9a0c31c513d57f71aa2895']",0.4047524825613877,0.2690824215690273,0.1608861403627804,0.529133772119047,0,likely_human,1.0,0.2690824215690273,0.4047524825613877
UC0imP9Ras4vkpj_lZy9AIMg,-1,1,1,['9cc0064353acad8044f041915203f617'],0.4406002078436216,0.26894945727924724,0.11396952683234891,0.46382048036081425,0,likely_human,1.0,0.26894945727924724,0.4406002078436216
UCbzJbibXxfUYXJpiIJ01ajQ,-1,1,1,['2aab0705d8084e39b5e10a1167202171'],0.44484591309714255,0.26887172596711684,0.14903562462254089,0.3726787601806871,0,likely_human,1.0,0.26887172596711684,0.44484591309714255
UCbhaxHRuvY-IZCu6Yii6YkQ,-1,1,1,['07987dc4597005d8bead95c9cfbba996'],0.404381786904912,0.2688564670978315,0.16691777099891414,0.5195058193784113,0,likely_human,1.0,0.2688564670978315,0.404381786904912
UCtQHFioj5jXTs2fgkgggj_w,-1,1,1,['8b7941e8f06f39a85e1f623379ba51f9'],0.3905563199438079,0.26882959089683145,0.19286403522850296,0.5202151607318809,0,likely_human,1.0,0.26882959089683145,0.3905563199438079
UCmtZTFFEvqmTmwEy4TJ-oqA,5,1,1,['16687221f9e03927513c3f5d33c55fed'],0.394092097093812,0.2687258252219218,0.17420355346345576,0.4539382441162065,0,likely_human,1.0,0.2687258252219218,0.394092097093812
UCDj9QH2hXpVW-ciZ4_op0kg,-1,13,1,"['a32d46a579efaf031249fa35bdd5ae9b', '28a658d9265c211581e8c3c5cd12bbe3', 'ac6458d4862bc75f5cff5d90e01e40dd', 'cfd4199d14c23caba0401f2882db87dd', 'c4374abf134ca51f053a387c5782c334', '1256180bfee827d1feac129aaa1aca93', '22e6374f8a4e52ac5f7061f1b5488746', '70eb7e31fea2b89dc68cb6cc0fad712a', '9fa847af39ad64ca7111d502cecb6ae7', 'd0bd38e31f389fa77d44f8e3d0ac1a75', '1b527212e0e92a5efaa9af0c12b8e6b2', '8641a4f3adeb850407a5114a610a5831', 'a6470c8f58323b268e720b84986a5445']",0.3855139924332636,0.2685556636832279,0.16862318494585335,0.5949114621060289,0,likely_human,1.0,0.2685556636832279,0.3855139924332636
UCKmoUByX84VlPofWHGJwPbQ,-1,1,1,['83cffd2e4d13499c77baad62eee89c00'],0.36750483118671085,0.26855093628640836,0.21558820457612674,0.5791394670796932,0,likely_human,1.0,0.26855093628640836,0.36750483118671085
UCTsigr3QyikGfL0pbRDLtlw,-1,2,1,"['4a4026c7de8daacaa7779b3c3ba7d115', 'ef27c8025e334277a87c7f8a1393c060']",0.41271945409138056,0.26847437092409376,0.15815212050593017,0.5004274865701837,0,likely_human,1.0,0.26847437092409376,0.41271945409138056
UCwIFmSJWwgnTl-xVMn2BxWg,26,1,1,['da8c52a4dacbe54b63da2ff6864da072'],0.3808754967570882,0.26846977467699035,0.1523709919519089,0.553069106315434,0,likely_human,1.0,0.26846977467699035,0.3808754967570882
UCCAj8wki3jkCgQzciDbFiFQ,-1,2,1,"['c5d50378ac5cac3975a3a8ac56d31d63', '004b4eba1423d9674cb3c4a200cb0062']",0.4206885470237481,0.26840121344144274,0.1522401099389667,0.47120467928638493,0,likely_human,1.0,0.26840121344144274,0.4206885470237481
UC8Mc2x9t3C2K-f9TGOJNGlA,-1,1,1,['d6fbfc60204d7287a5df0b8e58954f14'],0.44671859143006243,0.2683864087792801,0.12397214011996303,0.4137469190277671,0,likely_human,1.0,0.2683864087792801,0.44671859143006243
UCxxguaDr2pYcGWNqnk2NLxQ,-1,1,1,['9ff9b5e8d5fd97fc4d64c1b721a6ea46'],0.4552007275928494,0.26826628256539586,0.11912858976314447,0.3787852715989742,0,likely_human,1.0,0.26826628256539586,0.4552007275928494
UCPI-EBil0ofntxrkzTm4EFQ,-1,4,1,"['0e17ded6932caee94c24e71b80492c3d', '08a7e7d201611ac62cb28f45d7904e44', 'bc758f98fb1bd2aca8b8b33a601e5551', 'c3e60ada92262e7735ac15757fe6965a']",0.4015347181109983,0.26823373943324913,0.15643282288003832,0.5436912611137559,0,likely_human,1.0,0.26823373943324913,0.4015347181109983
UChvCklWT02oQzlPDefC4PVw,-1,1,1,['a273c80a51810561d64afbc88a16186b'],0.3900494715655184,0.2681575250852942,0.16812266628624017,0.5715880492569771,0,likely_human,1.0,0.2681575250852942,0.3900494715655184
UCRD-Bpd_FEE3U3ptPDqe9Qw,-1,1,1,['21f64544f568a3348a8d803b8f97c798'],0.3846377316928299,0.26813419878783173,0.19203986048190294,0.5443618939287038,0,likely_human,1.0,0.26813419878783173,0.3846377316928299
UCzG1QHUBNTgzNUa6U5jaP_A,-1,1,1,['a308e6ec2a9c569fc881382ef50de3d0'],0.4757379316260695,0.26807919913920664,0.11511818040791329,0.2986559055483124,0,likely_human,1.0,0.26807919913920664,0.4757379316260695
UCywgWR3-dgvf64UcqpX7VrQ,-1,3,1,"['d31e546c41ffc527715508abec650127', 'cc3c1af4457b9df7d2b89766ec48a06a', 'c6e7dec2649032eece3d5e46722ed329']",0.4095187530987093,0.26807421322377084,0.17526929812604283,0.46721280364488194,0,likely_human,1.0,0.26807421322377084,0.4095187530987093
UCHvVFp1J48cf705Oswk3BDA,-1,2,1,"['5d2d65ce8119dd480b586d6b83b02a06', '75c795b462992a1cadaaf2047504e123']",0.42144360300756967,0.26802791521697444,0.13958389579008373,0.4971947224618465,0,likely_human,1.0,0.26802791521697444,0.42144360300756967
UCq5De98_2T0gp1MQnDAQhtg,41,1,1,['a84f35b55606b78a6de6c41eab5df10c'],0.40709356699385446,0.2680135360421523,0.17160888321319656,0.3718357508552671,0,likely_human,1.0,0.2680135360421523,0.40709356699385446
UCgfVkOjBNMtLDWePxjCAoAg,0,2,1,"['e3c39fe7a1ecd2da08307fa78c55b4c0', 'c23bbaed24f2f4c2161e2c566105a31d']",0.3963675593385569,0.2679924024142487,0.1382537190952398,0.5115975987718588,0,likely_human,1.0,0.2679924024142487,0.3963675593385569
UC3t4A1ToVnYGGPbwg2upWzA,-1,5,1,"['ea5f4b0c31350e9fb2236d4a15317a73', '06a4b72a2af164a1e4cba228bea6023a', 'd529141121a63fea25f527425ec30e67', 'aac29169f203846f4ee4f8122d533ca6', '6169e5249d4e03fbca8d556c486d77e9']",0.38737732277913806,0.26785075776677275,0.16788578487777933,0.5869660240048289,0,likely_human,1.0,0.26785075776677275,0.38737732277913806
UCVgQIpVOmW-yOpq7WM6vKbQ,-1,1,1,['bc20e1550d49a7689a3925882413b8da'],0.41874058297757827,0.26782749806601297,0.17559024270101536,0.4268936757693698,0,likely_human,1.0,0.26782749806601297,0.41874058297757827
UCXWab7_Nzn9ICzhSjXiS6bw,-1,3,1,"['bf88a753a959b7ab140829920603da0f', '11f7aca8b69164b9872db255c5795b01', '0b1c2f08208c32b3db519b2c30e2d772']",0.3982927562770388,0.26782441303823784,0.15848845965412706,0.5579406242687168,0,likely_human,1.0,0.26782441303823784,0.3982927562770388
UC0wev-OWdDtG8abR66gRXvQ,27,1,1,['de537a5fb59e6bcac20c4765d91de6d4'],0.38686676034232736,0.2677897817908177,0.16379089246498355,0.4964643331186773,0,likely_human,1.0,0.2677897817908177,0.38686676034232736
UC_gXODE1YL2uWMSTqJooeWg,-1,4,1,"['3a9712950de48d982e260336e7c9010a', '41980ad025390b8e02c04c796d256014', 'e7a851086dff3952d7cfe74f87830c87', 'cd8ba0f4242ebc94ffc14f2e811d907c']",0.38503089824435854,0.2677486756049981,0.1773298727379614,0.5742551846431996,0,likely_human,1.0,0.2677486756049981,0.38503089824435854
UCzb9mUKCBZFmIxjTrhJdrFA,-1,1,1,['15ea8ae0ba6ac0e30ed65c990e02e05b'],0.4123930256639916,0.2677471076053908,0.15827065535992912,0.48555238589759986,0,likely_human,1.0,0.2677471076053908,0.4123930256639916
UC1lI3zJ724WKngHW_pdKNjA,-1,3,2,"['1f9eaf26d410fa459291889fda99455b', 'c056d1ffd7d403ec581712ba635dd4f9', 'cf871b6342a377e56051022ad0577d3b']",0.40663676101278484,0.2677372482763575,0.1561313208995898,0.5183720561192373,0,likely_human,1.0,0.2677372482763575,0.40663676101278484
UCEAfnC-8sjv-fKBxkDl90RA,-1,1,1,['513d1ea9701edf80cc3497cfde90c9c0'],0.4153698457907784,0.2677362713490403,0.16221945160411316,0.46500276846006433,0,likely_human,1.0,0.2677362713490403,0.4153698457907784
UCChguGVaxofZYU2_SBOyZpg,-1,2,1,"['42848c6ddb21022c0404859432a88ad3', '50fe538e71d94260a6336d2ef304dcf2']",0.36657658753668365,0.26769311898573667,0.19276984627096597,0.620175252181687,0,likely_human,1.0,0.26769311898573667,0.36657658753668365
UCelPbnj4CXXVnrfVxHHZHeA,-1,2,2,"['a5c7e70dde8f4c98b76ba9906057ef5d', 'a0195ee575e96bbb268eef5eea9c3498']",0.41312489543754854,0.26766553891203204,0.16472891475420867,0.4673454667778615,0,likely_human,1.0,0.26766553891203204,0.41312489543754854
UCW4lQmlnjwEEic__i7ntWYA,-1,2,1,"['cabf433ee00e059a5a6dc272fe20a978', '41fd14567294607cd1641e23d05adeef']",0.408623293689858,0.2676508176560042,0.17514139867500667,0.46698657508794195,0,likely_human,1.0,0.2676508176560042,0.408623293689858
UCa_4JqDoZCw0NKvkT6a3FLg,-1,5,2,"['9e91b14827eb5a0dd2759c56a9f110d2', '8d515a1e21d3b2311175fa5de50665b4', 'fbeda9b100505fbe5be92d4445c624d4', '1cc9a65cec1c7e9283595966fabd3b71', 'f9caa93578e33d7d396a7bd032c7b744']",0.38449067953860167,0.26754018592054907,0.20035747577462334,0.5212187783318664,0,likely_human,1.0,0.26754018592054907,0.38449067953860167
UCL129njbHk7J3LJsGuGSZ4Q,-1,1,1,['017a9bec403c505af344db09750493b1'],0.3866974973496552,0.26746159112052814,0.20127395140978077,0.5076693644733918,0,likely_human,1.0,0.26746159112052814,0.3866974973496552
UC8R29uJsRD_YY6ssn2QHWqQ,36,1,1,['56030eb3d1bd672b446532f54f281a76'],0.412052975175492,0.26746020994479586,0.16156673648281708,0.3961380195354003,0,likely_human,1.0,0.26746020994479586,0.412052975175492
UCzcsQqxFfx8ATQLltxq9YCQ,-1,1,1,['34648b7c80b182b8e8a4231401913455'],0.3754689337489798,0.2674508111739612,0.18107532225204323,0.5990260798063464,0,likely_human,1.0,0.2674508111739612,0.3754689337489798
UCfIHPB9tMEmqWN4DwKyD6bA,-1,1,1,['75d9f00dd863c562bb5d12336fb350d4'],0.445712096439664,0.2674339496197846,0.1306628885549167,0.3924377144001261,0,likely_human,1.0,0.2674339496197846,0.445712096439664
UCZGJC8MAZXM1S8UhcgwEH1A,-1,1,1,['a1dc36ab5418c87eb0a58496670fef87'],0.376895507887697,0.2674023748334099,0.2082401843090766,0.5381859889364443,0,likely_human,1.0,0.2674023748334099,0.376895507887697
UCwSA8D1qBUFfmX_v5tNKdMw,-1,1,1,['62d65e2e9fdaee835537ba23c115301b'],0.42776504731250475,0.26733924752494304,0.14256332715102116,0.4506832116248437,0,likely_human,1.0,0.26733924752494304,0.42776504731250475
UCGlDm0pd61UNhVOOSwXbhQA,-1,2,1,"['8f09dd5512dd509df70365a48cc4d73e', '2ffcb72bffea5ee6cf422b86b67d4d9b']",0.44149474934685184,0.2673189657212051,0.1360664049303711,0.404462046573689,0,likely_human,1.0,0.2673189657212051,0.44149474934685184
UC3KXilb_qecIRSPQbtZST_w,-1,1,1,['f84b9c8c9e42affa353a2bcaf86da591'],0.42527048076095775,0.2672317547904503,0.15470068885746702,0.4310277875220718,0,likely_human,1.0,0.2672317547904503,0.42527048076095775
UCKqr79EWECxhBWUzgciHoLA,-1,2,1,"['7196f1105867483237aef2a11c5307c6', 'd173839b794b9363a6c118bed42563ac']",0.4232903487120708,0.26709040143743623,0.15228863100590653,0.4430016504007156,0,likely_human,1.0,0.26709040143743623,0.4232903487120708
UCviyPqvbfaT98_hqZzWXy3g,-1,2,1,"['d6252a6ed2dc34a1516ff749863b1959', 'fe862f22739823a6fe876d2b4b25977f']",0.414206529394066,0.26706739033653737,0.13207941175061172,0.5277742170359631,0,likely_human,1.0,0.26706739033653737,0.414206529394066
UC8vszbXVCsV9-vQy5KRZMsw,31,1,1,['c34c9c65615d80bd0fca19e94d0bc633'],0.4334785675159884,0.26697261466544525,0.12889605633799472,0.3562371548167112,0,likely_human,1.0,0.26697261466544525,0.4334785675159884
UCrTlGnAtoPtT9eRLn3Xz-dQ,-1,1,1,['e7e5f4dab739f85bdec180e19eddb653'],0.37408848777468473,0.266889665025349,0.21038779013837688,0.5440492388909501,0,likely_human,1.0,0.266889665025349,0.37408848777468473
UCwVOu7YS05W0Q12xpf8QPGg,-1,1,1,['b8671a36e60e6d47c6b44d2814cf8350'],0.4628420983682796,0.26688923598410164,0.11850017775188891,0.33892459861164836,0,likely_human,1.0,0.26688923598410164,0.4628420983682796
UCk_vEWDgJZlLmlriw-LWtdQ,-1,1,1,['f405c9e34a6fa0b778ea039f72713bf1'],0.41378874426734286,0.26683257441155245,0.17840933933844247,0.42837784751541225,0,likely_human,1.0,0.26683257441155245,0.41378874426734286
UCUnSM8Fw2wrGSxdWzkvGIuQ,-1,17,5,"['4f502c89e2746e68c5671ec1f5ee08e0', 'c6b0d001122124e391304edca0b66565', 'c3195b277b3aeb59aca65580f764d0cc', '4d7cf27e0976a03f1412a4f6f5b8bd56', '567a697335d082ac1c5e638b70bdf568', '10f1c0722738daccf4b21af3ed28301c', 'be1f0ea381d9dc625fc4987d2cb5087d', '164efa4f93392413c14106ecf5cacbab', '4c58da536831d0f815665b0e2fe36620', '8e2a6978f1e31230185237386e878a0a', 'f90b2edb55c7f248652ea5f741fb8b8c', '41ebf1e1a6fb1a56149d96dd60edd638', '934551841c1f0bcc19b67f0995495754', 'c89e02997ef243a90ecfb5ee5d600e4d', 'ce44e47d65eee9c56afc80fe3957f5ae', 'd32ff04568e6e26028717c9ad6f88282', 'eca39a5d77a9d7a74ebff483c73b1b07']",0.3803978469106028,0.266812898607107,0.16872165258386168,0.5997743411380251,0,likely_human,1.0,0.266812898607107,0.3803978469106028
UCJ8x1GDZ2f81Eoq5EU7aJrA,-1,3,1,"['8c39eab24286d59804f54b84712d6fed', 'ed27e27b78f54e3b65770bb56f805c16', '85b35cbe439d8cb3438a7d41858be964']",0.37236830560452144,0.26676378967707476,0.17802828489672165,0.6147560124091627,0,likely_human,1.0,0.26676378967707476,0.37236830560452144
UC6b8sVk-HzOR46zMnc9ROIw,-1,1,1,['4fd576a92b01c60373996cd7151ad6a6'],0.3780508951008018,0.2667484727963509,0.19050083415476915,0.5634488971246431,0,likely_human,1.0,0.2667484727963509,0.3780508951008018
UCQleA2xbKRySxVxvpA07gNw,-1,1,1,['400c8418789db13b82f8a1a4edefdf92'],0.40161809533627424,0.2667251545407244,0.17167583094176578,0.4976205435385784,0,likely_human,1.0,0.2667251545407244,0.40161809533627424
UC1NE89AZrCbd-PcP8ZZV8LQ,-1,1,1,['e4f5e2bd00f3e774d65b375d8f55550b'],0.4207684737046031,0.2666567975712791,0.16943685654266896,0.41439871447606913,0,likely_human,1.0,0.2666567975712791,0.4207684737046031
UCdOwrlYAPsMhiUc4eYqp67A,-1,3,1,"['4e0ca9d01b0e6c7108bfe515d2266989', 'e4eda1392553852fabf9d8e01d3a113f', 'f15b0837cbeb9500e4511622a9ed5a33']",0.4222557050751907,0.26655005790559394,0.14711002641456705,0.45836832763651536,0,likely_human,1.0,0.26655005790559394,0.4222557050751907
UCGyACMrpfWW2orMch_UUvBQ,-1,1,1,['b9494ecf272a69fab3fae45a798a58ce'],0.3886999766438162,0.2664986540667069,0.1892387819222823,0.5140779485057226,0,likely_human,1.0,0.2664986540667069,0.3886999766438162
UCSwydHPBCt9H43eTs2xivBg,-1,1,1,['6befa39227b37ca2819f920c98d630eb'],0.440149683948935,0.2664824836892309,0.14853057991754337,0.3704567434687366,0,likely_human,1.0,0.2664824836892309,0.440149683948935
UCUGQbtVLUCkJHZKSaUiH9Qw,-1,1,1,['f9de6c2114ad9b20bb2cb1a21beb6ee9'],0.4221146602846869,0.2664041546551798,0.17083730694843524,0.4130717888224372,0,likely_human,1.0,0.2664041546551798,0.4221146602846869
UCou_IdyPRoNnnW8-SKm7UOw,-1,2,1,"['b789c41646ab4c5d9f622943d0d20a02', '7d0671a4e634b50c13746a64f1feff8d']",0.35243784311811743,0.26639668797847393,0.2034529957348046,0.6470573213345315,0,likely_human,1.0,0.26639668797847393,0.35243784311811743
UCwHi44RMhCcw6eqtpGpOhFg,-1,3,1,"['a5aec6693f4d28dce8b5ca474c6f459b', 'e85e765e641d36e8f29524e1a32e48c9', '83407f7ed007d96e09c3bb8402414085']",0.40332054307528215,0.26639385928668624,0.16395024101704347,0.5029031049425324,0,likely_human,1.0,0.26639385928668624,0.40332054307528215
UCW67BtGg5kqkowokMdynFXQ,-1,1,1,['66a94ce78e81bb22083a5067b855a755'],0.3885572427373976,0.26639007401800485,0.20667885147519754,0.477871128613402,0,likely_human,1.0,0.26639007401800485,0.3885572427373976
UCn6HCsE0zGlVXcai9xndo5A,-1,1,1,['56443fd9f15f3b35cace46d753f0f21d'],0.4158570182961902,0.2663087899163283,0.17395908451440173,0.4328444494539001,0,likely_human,1.0,0.2663087899163283,0.4158570182961902
UC4bZTlgJTuKUiM--BdCEGrQ,-1,1,1,['e390888bd80b2639d127b1ee3d4ac8d1'],0.39548774203632364,0.26630109868383955,0.1807958891701953,0.510374083246583,0,likely_human,1.0,0.26630109868383955,0.39548774203632364
UClsAhZ_Ory2isALz5CuzDqQ,-1,4,2,"['2721e9918f0c409d8dbb196f7563d8ee', '960d34ff1881c72ba82fac5e2a8113b7', '56b7c5f643a1642680ef3a4c3e676bf0', '189688ade8f127137145f9cad656db59']",0.3908824130946041,0.2662766573026348,0.1560480549494146,0.5692051595157869,0,likely_human,1.0,0.2662766573026348,0.3908824130946041
UC7xS_FnH1hfz2Vzwpt8BS7Q,-1,2,1,"['4fb767d78e6885613e667c9c7646ceab', 'd1b5b2ccd412230314bdf3cd707e489a']",0.4154449030218441,0.2662713197815839,0.15072013199358908,0.47324840954426073,0,likely_human,1.0,0.2662713197815839,0.4154449030218441
UC0Yy27ZophoN92oLSpeWMVw,-1,1,1,['1000701d32904e9db051289e23bdbee2'],0.3724896424538843,0.2661223480397239,0.20757389349346891,0.5438279118701929,0,likely_human,1.0,0.2661223480397239,0.3724896424538843
UC8vrNUfUSRsv6b4fOQ3voHw,-1,1,1,['b8bb6061b9f65da2fafc62e03e88a734'],0.3889586598492331,0.26610881453006846,0.2105803224165558,0.4765580052687251,0,likely_human,1.0,0.26610881453006846,0.3889586598492331
UCWamAT8Rm1adeRK1CuYG8Ew,-1,1,1,['a5beb606d18755d6667af502e8515d83'],0.37233241364779346,0.2660635776117609,0.19357914388697134,0.5792067313442666,0,likely_human,1.0,0.2660635776117609,0.37233241364779346
UCdD3kGrYhg5cW8hbVuc7RzA,-1,1,1,['5fdfd6477a1460ad05d381c7389eb497'],0.38011890035303436,0.265973218452333,0.19098650198404327,0.5464435739010545,0,likely_human,1.0,0.265973218452333,0.38011890035303436
UC7Js3ZqAwKtGrmODSPuhh1g,10,1,1,['84728cfc61d22fb48b951f54249dac4c'],0.41476378468504316,0.26596530179883715,0.11782327584260703,0.4541997426119926,0,likely_human,1.0,0.26596530179883715,0.41476378468504316
UCwsNrEYUpNKc_sJdVguokUQ,-1,3,2,"['40f133e176687cdef19798fc1f9d30bd', '43bcb6b90b34aff5c919df773f3e80a0', '6e96ee46611a29fa775f5499dfce0f6b']",0.4000300682379603,0.26591479931335094,0.1317122219567752,0.5808205645940452,0,likely_human,1.0,0.26591479931335094,0.4000300682379603
UCq1me0OCcsRlaNI6-SZq1mw,-1,1,1,['51ae8f62a61a78ad8532acdfd194b1dc'],0.39522741634596187,0.26584890797204586,0.1943122980187579,0.47008875741196987,0,likely_human,1.0,0.26584890797204586,0.39522741634596187
UCoL1AHpZV0qke5uniiEKOIw,-1,1,1,['642e5274be9fd89f33f8471132c140a6'],0.4252486410349433,0.26580478964602094,0.16468616868693037,0.4020748392016208,0,likely_human,1.0,0.26580478964602094,0.4252486410349433
UCvi0_uU2bCEfxxSNhnQgVDA,-1,1,1,['36449585b92e5d4db05bdc183d91aa57'],0.40701952897980204,0.26577077489898426,0.17637263548594925,0.45397382388161767,0,likely_human,1.0,0.26577077489898426,0.40701952897980204
UCkV_wdp2bRdcjMo0DzRDbYQ,-1,1,1,['5bfe5bf1e2b4ea14c66ee7e7064c495e'],0.4104998727121304,0.26576618310155486,0.18318803304362094,0.42311182836018324,0,likely_human,1.0,0.26576618310155486,0.4104998727121304
UCNnLYoZdHi1gdBXlXZ4hkqg,-1,1,1,['4f50f02397bc59db998291833aa15579'],0.41697183032962903,0.26572891237735835,0.17985261515691645,0.40102742517612944,0,likely_human,1.0,0.26572891237735835,0.41697183032962903
UC9LtIl4WIeNCybJXPWTpPbA,-1,1,1,['4fa20f2534d707a13bf6ad27c278f8c6'],0.3816231295315027,0.26572172487379997,0.1831613028524503,0.5516160516261251,0,likely_human,1.0,0.26572172487379997,0.3816231295315027
UCNXXRc1Nqu4OLLsQDWF4hFA,28,1,1,['e0c50b9c30798a4a84147115a50d3922'],0.374070096231934,0.26566337516766886,0.19172300751013907,0.45206403323740907,0,likely_human,1.0,0.26566337516766886,0.374070096231934
UCgWFGvmtat3rRHdHZDT5VWA,-1,4,1,"['972dfcc30b5ac910639aa26d818345f9', 'b934b3860cd5b7b0f12c42b419ad1e05', '672b37d3eb9d15466eb0fb6dd7a25b97', 'd5cf3ab21eaa9d00617d972857470cf2']",0.40058821528689237,0.2656388717383099,0.13992340577698867,0.5582885739485618,0,likely_human,1.0,0.2656388717383099,0.40058821528689237
UC79fBLH9Y4rwOF5yYPZmIFw,-1,1,1,['0d6fd801446b9aab9cc001a4d866f887'],0.44722155698464716,0.2656362439067357,0.12333405134121912,0.379215625868237,0,likely_human,1.0,0.2656362439067357,0.44722155698464716
UCwHyNRnLaBU10oQhjtdXYvw,-1,2,1,"['e246acc7f3523b154336fc006bc41928', '851b351ea796c9a41bdd5e3ad88fff38']",0.40460864956262127,0.2654852904471521,0.1527111227809987,0.5105541836798442,0,likely_human,1.0,0.2654852904471521,0.40460864956262127
UCqmFbBEfXVnIohiZVkRM02g,-1,1,1,['bd973f48c4656586dd3f59c24e547714'],0.3998685625501702,0.2654536207151035,0.19387553787838488,0.4506610711248123,0,likely_human,1.0,0.2654536207151035,0.3998685625501702
UCreQqSUBm5CsY_EUr-Co9Jg,-1,1,1,['86421eb4c100415b0d50e269ded8f92f'],0.3914920233122934,0.2654459023570833,0.16927336785423275,0.5428108599526416,0,likely_human,1.0,0.2654459023570833,0.3914920233122934
UC091JGH6HWzjw5UWTKlSURw,-1,1,1,['883a77ada3b27be55c7057bd7c50c02a'],0.40129228433549013,0.26539308899712255,0.16595871509318,0.49502218185400293,0,likely_human,1.0,0.26539308899712255,0.40129228433549013
UCKxlnGDhVxkjqAQDDn-oaWw,-1,4,2,"['410debb559660dabcf2976828107f99f', 'c850e4cc98e47ce4babdabeeb8fb7706', '072e3bbf2f197fcb6783601593793f2d', 'ad33c4e7e649e4c632578abb610e262b']",0.3548304935217952,0.26538477845530445,0.19423289797579085,0.6452378922229264,0,likely_human,1.0,0.26538477845530445,0.3548304935217952
UCzdK26vJWcmuK9XQCWoo2rQ,-1,1,1,['d4bc666b1e99238157ac8e109c0a2a01'],0.4284463643972209,0.2653825868704501,0.14441936695374452,0.42112671356307424,0,likely_human,1.0,0.2653825868704501,0.4284463643972209
UCNoXxhw184aytBErn5wmpxQ,-1,1,1,['f3c2bbb3e4de11681dfbbc586eb49bf7'],0.42901970829763514,0.2653343191006892,0.14902809915506374,0.4075951901615811,0,likely_human,1.0,0.2653343191006892,0.42901970829763514
UCQiQ59Azd6oSCvMmogMLNLg,-1,4,2,"['0d69c64dcab27e06de0077c7af8b869e', 'e2d36b47c8dfd89db62098d7148f253e', '9b40a4b588c87e13a12920ddf2000bd6', 'adebbf6312750126329d42d1306f4382']",0.3509110865187469,0.26531011045968733,0.18561910827947267,0.6870355804917964,0,likely_human,1.0,0.26531011045968733,0.3509110865187469
UCx4uGNyk_sK9fBOu33RVY_Q,-1,1,1,['6ad5bd91c3771af97fea2afd66c84cd7'],0.4378490645021149,0.2653078811154689,0.13386267795171883,0.3979331362047428,0,likely_human,1.0,0.2653078811154689,0.4378490645021149
UCdXQH08wjFiG0w8Yy8UdEIA,-1,3,2,"['c3616a817665bf46a6db2fc3a81af4cb', '140a2a7ac1d9935a2c9cd320adc04ae6', '477c10c28c9b73d5bbf21463f474eb79']",0.3972707269932567,0.2652689968595978,0.16264519688615423,0.5224325448456824,0,likely_human,1.0,0.2652689968595978,0.3972707269932567
UCIVBsTlBt5NSHiJzEPvmUkQ,-1,5,1,"['63a5975d78f7e5a61eefff349a179092', 'b27bfd5b09d65bd906909d8434494835', '6711f5ccbfeedec4a38d0f7e05d4bbab', '962e4215c84439a59a89eb1a1562fc91', 'f58ccaca73913345d87fc4bd45c44e6e']",0.36500441808137907,0.2652677212898075,0.17104526900376557,0.6470156119414067,0,likely_human,1.0,0.2652677212898075,0.36500441808137907
UCq2o1J5icRQN2PVhLxdvBEw,-1,1,1,['2f4c0d49731e7e52822e6ff2b7294d30'],0.40197862592530964,0.26522750862129957,0.1940891212052657,0.44048491171643034,0,likely_human,1.0,0.26522750862129957,0.40197862592530964
UCoR0hGjVYW7OVax1NBJyDuQ,-1,1,1,['b9c0e176f3f01e0868b09a812e54b850'],0.4099322857679075,0.26521739439559305,0.1771106845002676,0.43480251860319746,0,likely_human,1.0,0.26521739439559305,0.4099322857679075
UCazZj7hUZkn0yVWXY6tXKcw,7,1,1,['5b622daab092055079e9275ad518c187'],0.4057491106656518,0.2652021271352464,0.1537365536769519,0.40971060434010187,0,likely_human,1.0,0.2652021271352464,0.4057491106656518
UCOKvPuVT16mA5CxZ_JWxEXg,-1,3,1,"['a23b9b1bfc2fb1229cd1e0e1b6e9f7a6', '5a209f3251a270f3a296b150c606d19a', 'b7eb9a021dba204073b2fa9ff584d1a9']",0.3869195542322155,0.2651871235982105,0.17120940990604916,0.5487340204336159,0,likely_human,1.0,0.2651871235982105,0.3869195542322155
UCJQw9j7CYrxv4rjVazw-KFg,-1,3,2,"['8adb3d0c562043ca3a87ab168bd21981', '2f5f9660e1215202d129a8e065e5de1a', '0f6894d96d3237c056410fd3a514a686']",0.40786842728603423,0.2651699856504883,0.17322077451019896,0.4506016819728571,0,likely_human,1.0,0.2651699856504883,0.40786842728603423
UCGei6xEnvOrtd8hbo-Bg2tA,-1,1,1,['62b93797dd9f45979180a62fadf093e9'],0.4313437161387562,0.2651663009340442,0.16287376248369936,0.373471578919715,0,likely_human,1.0,0.2651663009340442,0.4313437161387562
UCMLkTrKuK8a9PwL4x51dG3g,-1,10,4,"['cba5b5ccffe38e31123655ab08fdfe16', '698e354b8fd9be655d7178a6831306a4', 'c2fc172b6f79aa862fd119c5add01c12', '5d9c8b7f149b959ce7b93ab1a1786960', 'cef3a077159427ac8d45b69d069d7c3b', 'e88405d7c5d803fa030621b9416a5729', '7ead3187e0045ecedfd04984126bc95e', '1b079850519a25e475acb1b867cec617', 'dffe7e81415a9465c49c3feafeb6c082', '35a07736cb95521e78b40a127608ff0e']",0.3831671390465791,0.26499836605492066,0.15829048087309472,0.591088209989889,0,likely_human,1.0,0.26499836605492066,0.3831671390465791
UCaMOjkAgOPCKwzqxdZY1UHA,-1,1,1,['4e9a91e96c69ad7ab2c022cb34ba285e'],0.36684351631573103,0.26493159184817283,0.19267995473494604,0.5908114105815968,0,likely_human,1.0,0.26493159184817283,0.36684351631573103
UCYtr-YbEF0Lu3PDcNo7oixg,-1,2,1,"['047d37ebad9e9d7078f470c98ecf6f15', 'c3e7311b1e4ac7ce94f16458da3cf5fb']",0.39287318703742025,0.2649191173499773,0.14471565496695551,0.5719024949241844,0,likely_human,1.0,0.2649191173499773,0.39287318703742025
UCbQfir3_elfmtIN_yZ2L0Aw,-1,1,1,['b2971e62fba23f36befd21757a84e97e'],0.42959200082289684,0.2649130503186209,0.1383600105647045,0.4251680193876215,0,likely_human,1.0,0.2649130503186209,0.42959200082289684
UC-l-0t74DH8_dm3PSU_C_Tw,-1,1,1,['d7e64be7d41b71d25cbceff266d8a56e'],0.41834244730667547,0.2648804279866538,0.1762206904665383,0.3974600579802238,0,likely_human,1.0,0.2648804279866538,0.41834244730667547
UCRlJUHg-KrJmGnJJiNR2sYA,-1,1,1,['48db4ffc73d4e85af0dac41d81a3b042'],0.4000534596912677,0.2648363447253027,0.15452526324286847,0.5208125794266442,0,likely_human,1.0,0.2648363447253027,0.4000534596912677
UCfOFIAs5AE-N5TJrvMqXyug,-1,7,2,"['000daec52ed4b5b5c8c71cf1eecaad6d', 'f0d1742093e4363b62350fc87c0ee34a', '6db5d5b1c33c5939a06ec3e83496e108', 'dc8aa675c61bcc7fe4459a6b6151789b', '4146d1f1fcee8d09deeff118a50757e9', '5f6ffe8c671556c3f1a4e490a7f81eaf', '29bca8fccaf6151eafd3540cf28834b6']",0.3866520249958777,0.26478292488694166,0.14336892636018275,0.6069015515837125,0,likely_human,1.0,0.26478292488694166,0.3866520249958777
UCVgbEGJQue61el-reCScS-w,-1,1,1,['a169afe98ac2351fd23438b66a8aa519'],0.41495706435020135,0.264778509696653,0.1651847767539919,0.4413264269398679,0,likely_human,1.0,0.264778509696653,0.41495706435020135
UCxsm8t1vR0sXU4dEkmEHVjQ,-1,1,1,['9eb0c2907c31eefab4f9fba4bc5aaf37'],0.3679194631126327,0.26477761123335697,0.16622227940727563,0.6413924818741603,0,likely_human,1.0,0.26477761123335697,0.3679194631126327
UC61j_BwqQMfDtREViVUBCJA,-1,1,1,['625d64c93f8e8d3efba5dfc7c6c2adf3'],0.41210307084347797,0.26473669419352003,0.16767927140395553,0.4386380295367373,0,likely_human,1.0,0.26473669419352003,0.41210307084347797
UClxcPbnSsHrPVQLO1rk15uQ,-1,1,1,['84bb0d013002b3f26d80bcf0b8bcfbf2'],0.41695781723324543,0.2646924822854621,0.12892563904137203,0.5038713759723722,0,likely_human,1.0,0.2646924822854621,0.41695781723324543
UCI499J7QG1tGwUWfDk2jALg,-1,1,1,['d83eea25914a04de6bb75a06f9f0069e'],0.42921743029906956,0.2646792575098958,0.12173416535590671,0.4569804669400726,0,likely_human,1.0,0.2646792575098958,0.42921743029906956
UCuZnslTREezDvJmdVmwsjjQ,-1,1,1,['d7d7ec34c6d5efd62f666292e205017d'],0.37828505316470135,0.2645902007249196,0.1873994661358309,0.5525981741234022,0,likely_human,1.0,0.2645902007249196,0.37828505316470135
UCOKXaauDtahsPXzhZ5mx70Q,-1,2,1,"['c3d4c7f3125925a8cc65f5667bdd4304', 'c80c1473d827e8d8d16bd58ce2c74975']",0.4014140678820891,0.2645777580764572,0.18634212518580578,0.4449059240710943,0,likely_human,1.0,0.2645777580764572,0.4014140678820891
UCvhSgkOmPjEYpgsuRwvXyxA,-1,1,1,['467e6d9676452449f4ba4f650d129036'],0.39167436753251145,0.2645457958324649,0.16527659161892008,0.5371626956867772,0,likely_human,1.0,0.2645457958324649,0.39167436753251145
UCq6EtlnH3qCQIxVAhAc0KgA,-1,1,1,['67a6f2397f08a8ebb5e8e33b7bc69179'],0.4322084310964238,0.2645355464251096,0.13346423888659925,0.4218419028144408,0,likely_human,1.0,0.2645355464251096,0.4322084310964238
UCavTJXo9JGvUliqyeOCgCng,-1,1,1,['ab58ce6230a85133d92290b3f2a3bc88'],0.35882813799295676,0.264521061942959,0.19497242869622228,0.6266278181634927,0,likely_human,1.0,0.264521061942959,0.35882813799295676
UCInF2WbgD5a2qI5pDLMSlQA,-1,2,1,"['c52976d090c9f590a5353f0c7a621be4', '515bebc05a05f06010b31decd26c0589']",0.4026104111181509,0.2645002160307236,0.13105808295026988,0.558220882415377,0,likely_human,1.0,0.2645002160307236,0.4026104111181509
UCsWWLg4h4qlQPT6Ei38cPmw,-1,1,1,['07861cc2e239aa212576c1d4f4544cae'],0.4102295954655746,0.264470410288177,0.1581406934705126,0.4741168642230373,0,likely_human,1.0,0.264470410288177,0.4102295954655746
UCqyjWcMS6Pm7hdWQ8kyCvlg,-1,1,1,['f01099f5805a39bd114235340a256233'],0.41720419757011573,0.26446893229351515,0.13922537090734863,0.4717046787872017,0,likely_human,1.0,0.26446893229351515,0.41720419757011573
UCn62tr0kKmDe241FEgMvXBg,-1,1,1,['20c6e408afff3f56b0f97322c3c9fa8c'],0.37134825453884346,0.2644556685434205,0.15711219886372588,0.6413924818741603,0,likely_human,1.0,0.2644556685434205,0.37134825453884346
UCht1jH3Kf6RPM9dFyiVTFJw,-1,2,1,"['cd936be8092a1973186107b4edf31e6a', 'dda6e0c52a06858365bbe0ba64759fae']",0.4261798073555009,0.2644234614695069,0.14106119560732164,0.42570574195377214,0,likely_human,1.0,0.2644234614695069,0.4261798073555009
UCuIM-KRwlcIeWVXva_FNMQg,-1,3,1,"['6c026fe8bf44824a888862a5d3e756d0', '12cc9d619a47a904b7fbe599cf5598a2', '1bef367d63e6fb73fe0d04e361e61722']",0.4063571702411433,0.2644101622870567,0.17359461265889892,0.44711382624115603,0,likely_human,1.0,0.2644101622870567,0.4063571702411433
UCXS-SPimshDa1C3u3XGfSwg,-1,1,1,['042441a9fa43339bd9fd4e30ee8ab442'],0.42161827537339586,0.2643761287670098,0.1269878400490229,0.47954415855437016,0,likely_human,1.0,0.2643761287670098,0.42161827537339586
UCxCvweBY28i56Eswlgv5e7w,-1,1,1,['849133cbe93fca22272e381849f04bd4'],0.36016151131807417,0.2643745414577502,0.1781096062606255,0.6430188616987068,0,likely_human,1.0,0.2643745414577502,0.36016151131807417
UClNV-gmQ0yTD88GhExs2tNg,-1,1,1,['1d52b9c6fdafb1174395b52ae5052155'],0.4111110197994625,0.26429225422611075,0.16478316875185658,0.44165573383246703,0,likely_human,1.0,0.26429225422611075,0.4111110197994625
UCi2XTOE8xHclqMHC6Ntomuw,-1,1,1,['c2cf1967ff066b6e6b9394883d5e486e'],0.3996270149685503,0.26425249799144557,0.17223628757146578,0.47963033244847736,0,likely_human,1.0,0.26425249799144557,0.3996270149685503
UCGwDeWJ9z0gSsu_1fXZOQYw,-1,1,1,['d04f83c5c36ab62f8920c7c296121079'],0.40649809062505216,0.2642173839002348,0.15517900903283643,0.49242068536997396,0,likely_human,1.0,0.2642173839002348,0.40649809062505216
UCNnfXbc1FB3r2bRBqkK7eug,-1,1,1,['67cbf0e1d76d708558ad110856c6f9cd'],0.4191780599483711,0.26421014208602384,0.17946913680858823,0.3755756498980436,0,likely_human,1.0,0.26421014208602384,0.4191780599483711
UCMQALC5O-doGAXmQVvy_lgw,-1,3,1,"['cde4d2478ab313822572bac8d0665bf5', '90d42b4935c5e8d78d0a69efc3431696', 'c50dcaf7ed16ebc7697316f33bafc314']",0.3913126758743582,0.2641562253642513,0.20558933755397849,0.45452671437081377,0,likely_human,1.0,0.2641562253642513,0.3913126758743582
UCLTT9eGKlJ_Pvg4pny8gtFg,-1,1,1,['f9dbc1edf405d191cba40f1b3e92932b'],0.37161411474438977,0.2639693143470696,0.1976690855984819,0.5466880877484936,0,likely_human,1.0,0.2639693143470696,0.37161411474438977
UCDKTg3MAaf1aa7KtN1pdrvw,-1,1,1,['e0c9ec1ca885af0b45373a693c0d6e37'],0.3833040483032111,0.26396856554149134,0.2068266457519758,0.4770551853689978,0,likely_human,1.0,0.26396856554149134,0.3833040483032111
UCPFHlDxj4NRQzhV1oWRvZrQ,-1,1,1,['24b030991eb72b3e4e8707e87da22607'],0.400393891965081,0.2639499885714739,0.17979473782273953,0.4595334243856134,0,likely_human,1.0,0.2639499885714739,0.400393891965081
UCWWIFcSnnhzPvxjOy-IfANg,-1,1,1,['b3a740f7b220c685477fb978dab96863'],0.4222583468160335,0.26388805806346066,0.15428724673608765,0.41334221596062803,0,likely_human,1.0,0.26388805806346066,0.4222583468160335
UCKN46S8vvDK-ZD4ZelTShNw,-1,3,2,"['45ad33deadac78a63bf77b723402a316', 'f34ca14313bcda5e33b03b8f321857c3', '5e52d1d70af34882244ec4313838b41e']",0.36991807950961225,0.26387224092235656,0.20619765199420684,0.5484602686622811,0,likely_human,1.0,0.26387224092235656,0.36991807950961225
UCH8VxpBuDVKP0IBrYZN2fBg,3,1,1,['1762d71088f9359a448b006bcc34f742'],0.41994592830744987,0.26378440417317933,0.13921099123450245,0.3608469119713708,0,likely_human,1.0,0.26378440417317933,0.41994592830744987
UC4H_0215JulckQkQl99zWuA,-1,2,1,"['ce2be9d72ede9be6112ab3d2bf16fd3c', '95a003e6baaec0486f64b6de9e8e6f30']",0.37884106012298696,0.2636292305486028,0.16782500805914913,0.5739194721738116,0,likely_human,1.0,0.2636292305486028,0.37884106012298696
UCJHaeg5fRIF9HL_1ECwnecA,-1,1,1,['64df0f77ec2a2e8a3e0bf8f93605f532'],0.3863070164196144,0.2636018256788287,0.18383619839012716,0.5086644465822183,0,likely_human,1.0,0.2636018256788287,0.3863070164196144
UCCYwoTopj73Dt7GCWQ2FDSg,-1,1,1,['2735482e1ba10beb0a023488be329a14'],0.39806931762888,0.2635996606522734,0.14296216018409072,0.5399808374904692,0,likely_human,1.0,0.2635996606522734,0.39806931762888
UCI-WAJKTstGObet5eWLi1Pg,-1,2,2,"['4fee354f82d3af7e1852e1b27e83cabf', '8eb6a052c0d543760b7d6b70c12cee65']",0.40324362689932275,0.26358987028360303,0.15634174083419225,0.4971088570285684,0,likely_human,1.0,0.26358987028360303,0.40324362689932275
UC25m-hK3Y2apJHXX1U4qh5Q,-1,1,1,['ebaf80643d03d05c7e42087b25ef5a5c'],0.3960350499974499,0.2635278241875305,0.17723833478020645,0.4793895863167331,0,likely_human,1.0,0.2635278241875305,0.3960350499974499
UCFiTWoP8hrbLFfeLVnI_esg,-1,4,2,"['d9719b37ab1ad48b5b15909c85a86b18', '8ec001f66561b948c6f94d4e3ed43127', '3f224881ed6e4ec5819190fa24c9ad2c', 'a0d363e5f6dc5ea520bff2265a297e25']",0.3675702427777663,0.26351894297953077,0.16864384406888988,0.624353560872386,0,likely_human,1.0,0.26351894297953077,0.3675702427777663
UC6fqpwBOQMUVdmPsDWONqaw,-1,1,1,['d9d48d97c05236ff4d169292e4b48eb5'],0.37541108905734055,0.2633524852351685,0.1928203658537865,0.5343559790422238,0,likely_human,1.0,0.2633524852351685,0.37541108905734055
UCDd6iBm3SlBUMw2nJx9gtsw,-1,1,1,['cffd0fab06b30c57f74d43d7ccf66eac'],0.39167076936319034,0.26332038070428143,0.17872759717063597,0.4916762479845387,0,likely_human,1.0,0.26332038070428143,0.39167076936319034
UCpPprqTbRKFMuhWGrBQek0g,-1,1,1,['09975d9bbb09c4c8d443cf977e0be85f'],0.3913047833382953,0.2632959290784769,0.16941198167115307,0.5214487310325446,0,likely_human,1.0,0.2632959290784769,0.3913047833382953
UCDtpOFhhNN2h26W8P4KGyfw,-1,2,1,"['3f39bf3805fba1171c43685ddfd17772', '150eba5cd183e5628e989b11619e909c']",0.39141126097484163,0.26315944316632267,0.17344310511609737,0.5026255548189072,0,likely_human,1.0,0.26315944316632267,0.39141126097484163
UC4s3K-Td0OZP2IqMfwVbEiw,-1,6,2,"['54fbfd514b441d23cc11713a143cf774', '61d814b6308e49dc50e81f6f85a74768', 'c906dfc29713a912ab414fcc0812d748', 'd6351d8925f82b01e8cc799ac9d47fd3', '8739766cf30b098dba6ad2c6c881d932', '59650ed16e3771874b55febaf6dea689']",0.40023068116517685,0.26315042071784955,0.15149063687685438,0.5088632259189081,0,likely_human,1.0,0.26315042071784955,0.40023068116517685
UCo614LcdWTd7ZJm_iRSszHA,-1,1,1,['106d8b4bdc7327ce3b5ccf1b667bdec8'],0.439055005545249,0.2630930644436817,0.13440482536564458,0.37025066765751735,0,likely_human,1.0,0.2630930644436817,0.439055005545249
UCWeC1PfQcbN6x5TyHRrt_6Q,32,1,1,['fe47fa2fcfdcd4b0088554cf5c8e1034'],0.3751618472762939,0.26304677786803277,0.15696435393532746,0.49219825675131007,0,likely_human,1.0,0.26304677786803277,0.3751618472762939
UCfFMSLBAkOWCNwPIhcPZLIw,-1,5,1,"['66601209590c93883d75d09704bed392', '376840275b4d04984eaf19c0616a3027', 'c2ec6d672cfd7596e5493e5e1930038f', '200586dbbb4539ba5ba79aabdbcca743', '8f7ec8a3f19530d92b0e342f7b3b858a']",0.38749639021264815,0.2629204705518054,0.17529658701104328,0.5144794445978784,0,likely_human,1.0,0.2629204705518054,0.38749639021264815
UCJ4VGzE3SEsktoXWadZmJ_A,-1,1,1,['b3e112994ef4e145a59bf5550dbdc2d0'],0.3760539702653487,0.2627548484521539,0.17136930726560964,0.5692051595157869,0,likely_human,1.0,0.2627548484521539,0.3760539702653487
UCflfr23XWDyZMxGJ4_vrmqw,-1,1,1,['0fa5bda512b625a9e79b4ed1c4853962'],0.4134495313097074,0.26269787334746486,0.1513755338071142,0.4469434858711866,0,likely_human,1.0,0.26269787334746486,0.4134495313097074
UCSiAgLy7bxDOZGkwUeKDEMg,-1,1,1,['8b38dd7d398ce4ed3966aef37dc9c20e'],0.3875910074728658,0.2626840002341288,0.1820788140258397,0.5003916325936218,0,likely_human,1.0,0.2626840002341288,0.3875910074728658
UC22oHzXyXUuI7Dwf4swr5Iw,-1,17,2,"['31443959779ae279974590f560f1ef01', '499d3e73bf7e55c3e19359366c5a3920', '9c3f953d28097be8d62cba7277ae9e0b', 'd2d7c68711a4d2747cfc1439fc267efe', '248fa9191adff3ba92fa0c90ee466621', '55a6e78d7218eb170f2c823d60e83a50', 'd5cf8865816bb38e4bf9c118ac027c1e', 'fdda2fd256351ba544e2838492a6c42d', '40a17bd808fc7a99d89b233746768f6b', 'eb0bfae9920f93429f838ba44153e93a', '9cc4ac4b281aaa71b3a1dc3bb97b62d1', 'b2f2cdbd7dc8960ec5924309dff5181a', '9872b328bbe1b7e0ecbfa278ec0acb20', 'f537a14fe5b4f6a9fb207ee0abd0a3db', '5365af0e98841111cf2daa26575865cc', 'f7ac4b2f24644f07efddf92077eeadc3', 'f2e247886f0f3834206b285088d9bcea']",0.3816680555996912,0.26265518132817434,0.1421105022933763,0.6092369285617377,0,likely_human,1.0,0.26265518132817434,0.3816680555996912
UCboIOiWw62miS07H6CfR5jA,-1,3,1,"['b1709d494e612a7bd12779ffabe21e00', 'bb5813960c92139b0089a6039afa8386', 'cd99bd4df850966d2ae85aeacd73e512']",0.403557745686836,0.2626160705487712,0.1639716234901293,0.46425456479683463,0,likely_human,1.0,0.2626160705487712,0.403557745686836
UCtZvvlfpNkEk5jRoXPeEBog,-1,1,1,['4159a832eecf721b0087fabdecffe9c1'],0.4174480317141549,0.26252386539522043,0.161666738877911,0.4047104000929549,0,likely_human,1.0,0.26252386539522043,0.4174480317141549
UC21YhdRUXrYXwWJInQhpqaQ,11,1,1,['e5d2a6e2c6f745c851ddcbce466cb056'],0.3811459247132405,0.26239903149111676,0.18497849498338279,0.42686287700236625,0,likely_human,1.0,0.26239903149111676,0.3811459247132405
UCdQDRINAvtMbdQ40l94FIHw,7,2,2,"['f2def760400d2933207b7a6522079db3', '14ae82401acf00e520165ee795216b0f']",0.3709191470010595,0.262358084127622,0.16025225293470421,0.5250070757812959,0,likely_human,1.0,0.262358084127622,0.3709191470010595
UCQdpOvHgx9PTl9uy6FYXt3Q,-1,1,1,['491f9568b0b190e89052a8e0a6598836'],0.3893270238362959,0.26225998118601296,0.1536894963640942,0.5523208672792939,0,likely_human,1.0,0.26225998118601296,0.3893270238362959
UC69GcHh2CPYykI98JYAzSyA,-1,1,1,['2da59f307e9cb0eb6e44a08d6b26227e'],0.39616870484383787,0.26224924448587494,0.17368407600995306,0.4734116175568883,0,likely_human,1.0,0.26224924448587494,0.39616870484383787
UC-w7i_wlrZLdF9kkKplhrJA,-1,1,1,['d4cf87bc9e1fc7ec516b3a24708b8171'],0.36043951978594585,0.2620725138694483,0.22161060241939393,0.530365545345749,0,likely_human,1.0,0.2620725138694483,0.36043951978594585
UC_SXt9VKsla_71aj-H3R_-Q,-1,1,1,['a64d33e1dee1aecfd75584a92464e62e'],0.38466744837865763,0.2620078308630859,0.15000076716291766,0.5669188496158409,0,likely_human,1.0,0.2620078308630859,0.38466744837865763
UCcDdGqQ6j4UrB3qyWxMpEQw,-1,1,1,['b0556c1c430d7f10e49cf4131acdbd90'],0.40313573394157154,0.2619400749346722,0.1376809387288278,0.5148539615159583,0,likely_human,1.0,0.2619400749346722,0.40313573394157154
UC-FnktF314OIkgi4uIAS3OA,-1,1,1,['926da5aaf0256521936477a2809c894a'],0.3903729342114779,0.2619157710894654,0.1766065999830315,0.489000815113533,0,likely_human,1.0,0.2619157710894654,0.3903729342114779
UCWwEoHqshS8J22G1M6kLpTA,-1,2,1,"['635dbeeddbab33b9886c233057f5a40a', '6cc24d3d77182cf57c55be7e0d5f8e2b']",0.41571304838303486,0.26190479644333514,0.1484570449325205,0.43764944470597356,0,likely_human,1.0,0.26190479644333514,0.41571304838303486
UCFgtMd7wg3pXHTu1Pt_MmKQ,-1,1,1,['ab54c857cf6e9e2527ad139c58266713'],0.40868087432619565,0.26189862091800564,0.15615361278347645,0.45514073044754016,0,likely_human,1.0,0.26189862091800564,0.40868087432619565
UCNrnao2BGwmFFRVt4Ty2G8Q,6,2,1,"['673fca7c47a4553aa11c089c19512edd', '2d56a92eefa9f85ea2cd2f17c39ee697']",0.37037363389302136,0.2618671388589445,0.18074078643629343,0.4774766847908031,0,likely_human,1.0,0.2618671388589445,0.37037363389302136
UC6bnFDmc7SzET3ZCtRoPBLA,-1,3,1,"['99b566b69e22256f502b14e13d0be0c2', 'cb787d1c4f23c2aaef4b83f6815ea254', 'd9fca92bf5e127e61950f13b96135ec0']",0.3923918769517309,0.26186053022312267,0.1735395956444171,0.485346134503391,0,likely_human,1.0,0.26186053022312267,0.3923918769517309
UCoHwVlGCKCfsYh_l9Y9mCPA,-1,8,1,"['3cd8517be2972de65ca1fc22b2dabaf8', '857f2fcbc6eafd724126ec49bba4a101', '4df614d5a484eff6489df69e8e552d6e', 'a3d50213b68d18f07f42eff61cd8ecbb', '9ae1d316cfe1e1c01580fdfb0152b59d', '7d3b885288eb302e388ce8f33b898478', '38e5ac90697e067a24b44a71b17364dd', '07f281802187f08bb9e0ce82d35a39ce']",0.3841596951441396,0.26164366254893956,0.16979639222795687,0.5295063186732615,0,likely_human,1.0,0.26164366254893956,0.3841596951441396
UCAzKg4xGAnkj7dyEmoVeOMQ,-1,2,2,"['3613171f580a98c2ad2f3b607a4e553d', '7c3ac546bac30c763379bd8c49fa4029']",0.4242633596121791,0.261624748333423,0.11862065542126966,0.45492945629134185,0,likely_human,1.0,0.261624748333423,0.4242633596121791
UCee8UQT6mH8139E4-ckfVcw,14,1,1,['39093541226bd293a2aaa0ac21d0a7d3'],0.40337280469722414,0.26161943242914515,0.14671547447818414,0.36947370546527547,0,likely_human,1.0,0.26161943242914515,0.40337280469722414
UCDZlH02nGD5DUolDOBLp9VA,34,1,1,['8d702195f254b81994ade6754c5a87e5'],0.39558153054479905,0.2616138811036401,0.159819719913067,0.3555483929277601,0,likely_human,1.0,0.2616138811036401,0.39558153054479905
UCwVxsoWMs6C_aJH3TFcm7-g,-1,2,2,"['626fcf410477928779db0eb885c43ef7', 'ae42b1bd29ea2518cdd19da262b8fea4']",0.38875323572425324,0.26161054883459633,0.161901880974195,0.5270730002958464,0,likely_human,1.0,0.26161054883459633,0.38875323572425324
UCSGPzMbGRjPDlg9eWsz9bzw,-1,1,1,['73e5ea6ab074128b1f083e3f40bc47fc'],0.388695511415307,0.26154162501213496,0.12375918190078909,0.6035190918459478,0,likely_human,1.0,0.26154162501213496,0.388695511415307
UCo1LkFdOLrJn0AsOKMTlutA,-1,2,1,"['1f302745c3004b99091604d9bce4dd89', '9585a98398a99d2b10155be40b9c01d6']",0.38844179393377376,0.26148357838786135,0.18376303806196526,0.4782775755554008,0,likely_human,1.0,0.26148357838786135,0.38844179393377376
UCmEiIkWh6pRXlMjPOf38nxg,-1,3,1,"['867fdba6e5d526d9d7de73b3fcb62d06', 'c71e0a4761cba7eb961b6b619ef760f4', '21dff8145237cfced6a474a611a6bc52']",0.40003640607917257,0.2612928750645222,0.16999814616733488,0.46090132612168266,0,likely_human,1.0,0.2612928750645222,0.40003640607917257
UCEpcQPtHm6JugWkpP4spzWg,-1,1,1,['1a34bcc4dc865b70a0182101ad635d70'],0.41451766745560337,0.26117357630110616,0.14025496168511686,0.4527299111295621,0,likely_human,1.0,0.26117357630110616,0.41451766745560337
UCflKcnLfE33lSFPLF2CTHEg,-1,2,1,"['65ba08299bf75ea13823efcf72394732', '27a22104e674c16d03a6da267d6e5d4d']",0.362071260598711,0.26110950766188457,0.18685485207738622,0.5847402858600894,0,likely_human,1.0,0.26110950766188457,0.362071260598711
UCr57WT8lOenDzTTRxVvBg8w,-1,1,1,['20dfccbc64581b12ac0f4be582a16fa2'],0.4101631974866408,0.2610296513834395,0.1595626572341824,0.43680540976762827,0,likely_human,1.0,0.2610296513834395,0.4101631974866408
UCty0KKpJtvbSz1tmZdzuRRw,-1,3,1,"['d09b90d36a5a27ad793921b99bc07962', '936b6dbff01726ccfb9637b2b0092c22', '9ac547a38abf3b3d840a779d63d67f4d']",0.3956255114346819,0.26102962741780944,0.16761591279340618,0.47490581684576005,0,likely_human,1.0,0.26102962741780944,0.3956255114346819
UCvXffbh_Jhdac3h36xzoLHA,-1,18,1,"['d135ac23433decf60d70bccf5ddb57dc', '9b4f9aec89e9210d849c90e96dd63684', 'ef8bcca8ca102cf8374b4a97e775d237', '86df1a7e7f46b965c49b797c4955f4f8', 'ceeb4ee3ead7788f8be6314029313724', 'aaef389715a21d4316323b5339324140', 'bea5ec062f84b973753099bd13e748a9', 'a69ef7060cd7fab6b2467deddfdc29a2', 'a444f97128efef5c8e55d6e4918be581', 'f81dfcc190b8906fb6b34b3e725c568f', 'b32d42d4910621c543d9f1bc8ea8d829', 'd1fb3be5e6140f5ca6c59952df67e297', '597160e86f7eb0b2e539523ba2697bcc', 'f87b6043e0e82981ebb0f002470434a5', '1eab0321b0f71875d9305e6e5a23c3a6', '3b5c2ccd55bddfd3e2b6045a00b9b338', '1240c64d86ddfca1fc12ebb0cceb2f8a', '3c8f5fa4d700ca8e5807d3132ad70ff1']",0.3815085371590271,0.2610068196032218,0.17101447785645632,0.5356785400840403,0,likely_human,1.0,0.2610068196032218,0.3815085371590271
UCb-cSqtEQA4nXO7oTVFnilQ,-1,5,2,"['2ea63e5d8b28b6e0cf4384b55048c4db', 'fd49a2fbf100d408fa4aea26e32f4270', '71e5425224a21b3c31a5ae61e588f0fe', 'cd8c7366bb6a615bf3813c1e5e64a020', '77db81c4f1c012a7319d290e37ef55a3']",0.3919629727828575,0.26090732792333154,0.13820759743078845,0.5527391670414974,0,likely_human,1.0,0.26090732792333154,0.3919629727828575
UCpEftiLtcvXVVO2XtF0g-3Q,-1,2,1,"['3bee17c71cf28da9f37edd7acbeb563d', '67041bda8949a5517b2b86dd262628b9']",0.3953639578242063,0.2608366467854584,0.1565533570425448,0.49551984019968365,0,likely_human,1.0,0.2608366467854584,0.3953639578242063
UCoDYSZCuH15-K9coie-Xstw,-1,2,2,"['94b2fc26c94dd094a6822ac61cf3a687', '5c9b8b7e9bd1d867b4d214d7af77f9ea']",0.4116512222797382,0.26079384864745947,0.14273826257138747,0.45513300327672784,0,likely_human,1.0,0.26079384864745947,0.4116512222797382
UC3zTZZjOdngz1N7023ee7tA,-1,2,1,"['8a1b2ebff8d620aaa71e2bca4f1941ef', '1f8181ca11fc9a17af29e71bd1e72662']",0.4145802215127571,0.26078673797059476,0.14900935028002363,0.4320988683211288,0,likely_human,1.0,0.26078673797059476,0.4145802215127571
UCZvtauzxBEDcwziafHA0HKA,-1,1,1,['aff72a858f56ab9368af6f505acbc03a'],0.41336809283077214,0.2607305075745606,0.11982118794430506,0.48975937998855146,0,likely_human,1.0,0.2607305075745606,0.41336809283077214
UCFbKDY_WMLFAVqDZmTcjQKQ,-1,1,1,['c4d269b5df2045ffff9a915081b77910'],0.40153091524277207,0.2606451249015622,0.13657498317399405,0.5063026451041974,0,likely_human,1.0,0.2606451249015622,0.40153091524277207
UCF6BoRKIp9-8Q4eMhSTmO1Q,44,1,1,['be0448d60de901e6ad6edac1a40161ed'],0.3952447158016307,0.2605959435847547,0.15955708387575965,0.40329804945179193,0,likely_human,1.0,0.2605959435847547,0.3952447158016307
UCL_oUoBZS5NsbyRWr2dAbEQ,-1,1,1,['34f2fb94f4dc52eb7b855f089f71fb7a'],0.39265441827153225,0.260585686634372,0.16561390545683863,0.4901403604403116,0,likely_human,1.0,0.260585686634372,0.39265441827153225
UC27IRvc3AbJ35uwixrFxZKA,-1,1,1,['875181f7d3da216b4e9357852d49efff'],0.38154696964837265,0.2605487254471577,0.1681706978931715,0.5333345238050794,0,likely_human,1.0,0.2605487254471577,0.38154696964837265
UCKPIFsUl9SAR94lnWillgpg,-1,1,1,['dcf57b2fa972b0cc3f07f94969f50bf1'],0.3810303724823488,0.26047425747847663,0.20648624304144336,0.4645504973096902,0,likely_human,1.0,0.26047425747847663,0.3810303724823488
UCHZIzQlufY179qeQLUkSlEg,-1,2,1,"['0dc91df93e3e73508c51f35d6a715722', 'f7d3f10da8ec56d92f46bc38c96c42ac']",0.3831855979159481,0.2603668555738904,0.19291795453092941,0.473525993702242,0,likely_human,1.0,0.2603668555738904,0.3831855979159481
UCikMWnf2cWZXjRMpIkPD3_Q,-1,3,1,"['43066e435acaab98a9ace28853197a91', '70dbd9387f9a99ae80b2f7f224dd984d', 'b1630c4e2c3cefaf29e1a38ee29b12a8']",0.3751436980361856,0.260314506099679,0.1365656619819243,0.6272268008704107,0,likely_human,1.0,0.260314506099679,0.3751436980361856
UCjrVraEDhjNgESs-uyHqYGQ,-1,1,1,['f16de77af583f3362b593d8be68747d6'],0.4147099869692161,0.26011006970107076,0.16452002933193727,0.39419766352510927,0,likely_human,1.0,0.26011006970107076,0.4147099869692161
UCPIAXBrKinq9vRsMv1TVSiQ,-1,1,1,['41d938d7a9c93210b266b84db7c7921a'],0.42045872985931715,0.2600586644923925,0.141859617741175,0.414148832961392,0,likely_human,1.0,0.2600586644923925,0.42045872985931715
UCnFdmuzrQ-rk1KI1cl1S2lg,-1,2,1,"['92e1bcf5b60e1acba3ff5d1495cde384', 'b54c61735db3190906716f9a93f1547b']",0.3861956402876609,0.26004463153876706,0.16922312877923903,0.5037346254412761,0,likely_human,1.0,0.26004463153876706,0.3861956402876609
UC9wSF1_rLI5PMt7jBUvkLPA,-1,1,1,['e6fab9fffa8be1cf4a5189989cd05101'],0.38782979924401084,0.26002102947518346,0.17735899683181447,0.48036869298375595,0,likely_human,1.0,0.26002102947518346,0.38782979924401084
UCOcDAVlA9-tRi6xhhnVs2xA,-1,3,1,"['64b00d90e07e418b9b00478185d659c1', 'f7bcf84b2caa36b6f40501eb2cbf6614', '0e41aac7040b476ad8b876b0c04eb4a5']",0.39740095913858003,0.2598766355532357,0.1728137501049353,0.44779139644633403,0,likely_human,1.0,0.2598766355532357,0.39740095913858003
UCcXL5ms9bTW_mwAwQVbURvA,-1,2,1,"['8cbe5e702155fafe9dc5a2e77bcaa9d7', 'c962eddc084ae23c5567c84dbfd39e9e']",0.3692906145899668,0.259869300481351,0.20994348128209947,0.49358684354310156,0,likely_human,1.0,0.259869300481351,0.3692906145899668
UCOhn3u8AV7dsfAucq30xZBA,-1,1,1,['ad047b7a7344b1294075f09fe35ae668'],0.40340364408812307,0.25986783783488465,0.16666213565480364,0.43713586375156127,0,likely_human,1.0,0.25986783783488465,0.40340364408812307
UCf4_CkOpot7IVancEcpjcqA,-1,1,1,['525c155f6e55960cbd426d36bfefbf94'],0.41237933079187095,0.25980701120875166,0.13949194187967878,0.446681157291624,0,likely_human,1.0,0.25980701120875166,0.41237933079187095
UChTBZv1KwZM0ldVXpoL3XPw,-1,3,1,"['3d70315c79efd1da485d5d66a6399ed3', 'd96b6a6ce1146d204c38f9590eb80594', '237afc86d26ee38a47c3a3869de8b7fe']",0.36821458509838556,0.25979911133922157,0.1803810644891336,0.5612501981272078,0,likely_human,1.0,0.25979911133922157,0.36821458509838556
UCDYtaS4qB-FF4IQ1mGiBDyg,-1,1,1,['81c7b4e7c125e2c26edfc3959a5b78d2'],0.3899644866634503,0.25977898464373106,0.1692569516830099,0.49206905813575486,0,likely_human,1.0,0.25977898464373106,0.3899644866634503
UCCi0C_1-e-1cRbHPW82wYvQ,47,1,1,['d58e65abbc44a09fdf925782c7912fae'],0.39533473995310076,0.25965880036416217,0.16002319460220552,0.3881485715580497,0,likely_human,1.0,0.25965880036416217,0.39533473995310076
UCuX1RVGmcFuXNN7m4be_97Q,-1,1,1,['be1815162ce7af4ea849af5ffe423c3b'],0.40096522993919714,0.2595198649303567,0.14607921879733982,0.4849751808406223,0,likely_human,1.0,0.2595198649303567,0.40096522993919714
UCrtF9tnV9T1NewZCySMN_Qg,-1,1,1,['b77673b0df85735ee36dfc61d9ef0d45'],0.44215325055592236,0.2594825497503789,0.11743888176903507,0.3570474361530639,0,likely_human,1.0,0.2594825497503789,0.44215325055592236
UCqG79fkTFn6NSksVcyvGlzA,-1,1,1,['41cd78b081e492318cc7dc2cad402cbd'],0.42981880971097935,0.25945537327141716,0.11927663455024595,0.41072107967088556,0,likely_human,1.0,0.25945537327141716,0.42981880971097935
UCmrtqy5S9FGzd9_aLRfA2tQ,-1,1,1,['6039d7c36e92b0cc9b89c9744db5b563'],0.3779433477140738,0.2594504348132636,0.2077607198906979,0.45367221036291716,0,likely_human,1.0,0.2594504348132636,0.3779433477140738
UCcz6X0gof6KlkIFGx_4KqBg,-1,3,1,"['f2c09f24d39f89ef304551bc2f25c260', '8d82aacddbc6b293e5eb67a120c25e30', '215477992d6d3385f0171db9f3a09bb2']",0.374994942088535,0.259439711670579,0.1595878993466883,0.5694673661615868,0,likely_human,1.0,0.259439711670579,0.374994942088535
UCDtcDYdS90ZLA7idYVMIISQ,-1,2,1,"['7a7a8602e6c97071e32688201215f26e', 'd47951c4013bd1f9c37d038f8f760b53']",0.38061257471547816,0.25941365532958627,0.16480221563550534,0.5329961186275187,0,likely_human,1.0,0.25941365532958627,0.38061257471547816
UCpHWAIqqpVRWvLDlaSWIibg,-1,1,1,['04f51bbfc3376e2fd18a7a3ffd008421'],0.3986684288313417,0.2594126303744927,0.15059590009152374,0.4778092773248166,0,likely_human,1.0,0.2594126303744927,0.3986684288313417
UCqHrqTAUXJZ_RAEiqCFvq7Q,-1,2,1,"['05c7008b31f3ecd192efaa80d5852a0c', 'a49f311f2c74498a3922594f61f89274']",0.38696078410239537,0.259376009466433,0.18496642702923058,0.4612254143260933,0,likely_human,1.0,0.259376009466433,0.38696078410239537
UCal7FVu0VUvRBsRbhdna2eg,-1,1,1,['9ff3aa4a49edf11e5121fcb5e4db2b5f'],0.3892353531115469,0.25926429374789706,0.1697973707272572,0.48209734949358357,0,likely_human,1.0,0.25926429374789706,0.3892353531115469
UCl8Kfb9hcE1-ehia3ebQ-vA,-1,5,2,"['9136ef0341368962ba90b7803497d592', '159fc1725cd10f29a6099a53c2bbbc3f', '8da6f743aa3bb99450e92d7c3a155bd3', 'fcaed3bd86e943478599e3609bcf7839', '10eb4bc14d7375b8e7bedffd17aa7e76']",0.3237149249585814,0.2592096941244003,0.20505759141636454,0.7090362349995903,0,likely_human,1.0,0.2592096941244003,0.3237149249585814
UCzj9BnaxUiBw3TZozzx9KrA,-1,4,2,"['142dae9f735a9eb8ea96485c58bef28f', '71948065028043db8e562ad3f15a2adf', '181d7931987eea0e1a9af99d7530b9ab', '2496e01b32cbe9dc4da78231cbe8517c']",0.399906285037123,0.2591416496813917,0.16190249139415597,0.45498268566899197,0,likely_human,1.0,0.2591416496813917,0.399906285037123
UC86xaIEQVVgtqzyp3Y2AEPQ,-1,2,1,"['8abb3ec635f225e9ad8aa7fe27377390', 'd472a24dc1a7e5e4dfe5df2ea697bf01']",0.3679002137170897,0.2591325604709517,0.1282461810167798,0.6706666261440246,0,likely_human,1.0,0.2591325604709517,0.3679002137170897
UC5f3EWKXB3sOWgiAHQ8_m2g,-1,3,1,"['ab15281170cbe968f09f3889b2c59590', '0489187cee3b6a9716541aaff8c92fe3', 'e8b0cc25da5f8e552d86eb542dca2df6']",0.3803373943837996,0.2590819927207584,0.17606766504639296,0.5103513363988514,0,likely_human,1.0,0.2590819927207584,0.3803373943837996
UCqX6XRnVnkfLBjb2UazDwWQ,1,1,1,['f56b98ace4750e487e7f09329a69dfc3'],0.3748053261794392,0.2590722843584553,0.14558953117918,0.47573461014904106,0,likely_human,1.0,0.2590722843584553,0.3748053261794392
UCm7IW_rwlNAzl995C2NetXQ,-1,1,1,['4dd164a6d23759ff2698bc6c1cde43df'],0.4021096035003642,0.2590547184782538,0.14281107922311836,0.4784534568669098,0,likely_human,1.0,0.2590547184782538,0.4021096035003642
UCfEjwTvNuu3ShrdMu30tIsQ,-1,2,1,"['c42dbbaf68d0348ab85790ee2c57251e', '34e9b7600b99c2afcec602e8d5d1a323']",0.41613652330337275,0.2590137494760196,0.13512027843913454,0.4322760268837804,0,likely_human,1.0,0.2590137494760196,0.41613652330337275
UCxjI4tRiaoDHPkI6oopb6OA,-1,1,1,['d680459e3cc315cc6d391c5ffe61a7bb'],0.3944568933772915,0.25887726009427636,0.17782068768250164,0.4357496870468197,0,likely_human,1.0,0.25887726009427636,0.3944568933772915
UCvM0yXmxoJ4XggpAN6Mo5Cg,-1,1,1,['e48b57f1d963bb85beea783516fee091'],0.40472437673593153,0.2588655380734186,0.1736974822813066,0.4055526689049797,0,likely_human,1.0,0.2588655380734186,0.40472437673593153
UCEbA8_JGLpxNfvs9O1wq7Wg,-1,2,2,"['7363137423dc8f63a747fefa3fe8beb2', '73c9d756d75444f5c1784219914f9e6c']",0.3602821734708266,0.25883933157169037,0.15262837216544695,0.6512315994386177,0,likely_human,1.0,0.25883933157169037,0.3602821734708266
UCXvVJGJWubBwVi27224IplQ,-1,2,1,"['69971c330d229da19d74a041575fc8e5', 'e0e31bcbd93fe8f47f38eaee4776574d']",0.39232058638691536,0.2588245250504214,0.1613446362690456,0.4839409063624326,0,likely_human,1.0,0.2588245250504214,0.39232058638691536
UCOnOxCNFbMz4OOtjT0sIDyw,-1,1,1,['b85c7708ad06587120b901f5d024a9b4'],0.3817807460640742,0.258809451738558,0.19498744961835782,0.45958101461142753,0,likely_human,1.0,0.258809451738558,0.3817807460640742
UCUyUJfrc7R8TsrnNIagRjzw,-1,2,1,"['5acd9319e8b18e77a25ebee9543b266b', 'c7d2712b8cb4a5e42e29ad688b3af5ed']",0.3715789537099291,0.2587709897768857,0.1633755469029128,0.5706903855448785,0,likely_human,1.0,0.2587709897768857,0.3715789537099291
UC6icgClrLZJHTFe19KIqtkA,-1,4,2,"['40c55f96528d41a86a8e7dd4683c0cad', 'b6e2aa268399a95b07fa5ba29647caf7', 'c30d87ce427b901758f74aa494a6c1ce', '81b742f31e3f557ff46eada17477576f']",0.3841055834129384,0.25876387448625293,0.16973992540490765,0.506553602243667,0,likely_human,1.0,0.25876387448625293,0.3841055834129384
UClynSvCAOfk8Un3xSYJ7t6w,-1,1,1,['87fd17d93659a5f7eb7e80fdbc976a59'],0.3907092267144201,0.2587304583982098,0.16656263078111008,0.4757941608266916,0,likely_human,1.0,0.2587304583982098,0.3907092267144201
UCP1me-MbEkpESuzaYV_nVbw,-1,1,1,['fd4164c51a0b247c7d81ffa7835e9a3b'],0.3845946444202251,0.25865538156354223,0.1655270299463248,0.5041411437866086,0,likely_human,1.0,0.25865538156354223,0.3845946444202251
UCKr06F3VKuzHTAhwhN7rAbQ,-1,1,1,['76bb87e75eea496ffdccdcfa939f0e54'],0.38590415184101795,0.25861130503254337,0.1822732959621302,0.47493413656654265,0,likely_human,1.0,0.25861130503254337,0.38590415184101795
UC72_58iUL9D1xs3Dy7nKbSg,-1,1,1,['f950a2a5194ff2e2dcb356739b2eee6f'],0.41977107659560825,0.25856154492723527,0.13604507663767754,0.4069711141992668,0,likely_human,1.0,0.25856154492723527,0.41977107659560825
UCjpW_Tpb68lD71j7XCiDmog,-1,1,1,['f7ded3ba0225e203692b10b5d5f59c94'],0.3859647293884924,0.25842192615383297,0.1741769119658817,0.4867927697730679,0,likely_human,1.0,0.25842192615383297,0.3859647293884924
UCYUS3EwNOGhMqpu5QSDYYGg,-1,1,1,['cb2eb0360ef24788af3b61c16b4897f3'],0.3959468850044796,0.25841136838254897,0.14146894995848658,0.4980778191096065,0,likely_human,1.0,0.25841136838254897,0.3959468850044796
UCz6nZNi3qvrGpCiXVT1dI_Q,-1,3,1,"['a038db86bd9b869543f592627f729c36', '06559b35ef753cbafca633035e4b74d1', '4dfbff5384c7a97d2a733ea9f6ed2bda']",0.33811791445303,0.25836009871790555,0.164301080620028,0.7179229011477171,0,likely_human,1.0,0.25836009871790555,0.33811791445303
UCR8rshYkNNQSqs6W6FMd02Q,-1,1,1,['055655ab206ef9f5bf6ef7cd59ff549a'],0.38774278924320604,0.25832605454217195,0.18029557619607003,0.45784072845151536,0,likely_human,1.0,0.25832605454217195,0.38774278924320604
UCrVIWIBx_Ydbv0b6vc0v4WA,-1,1,1,['4cf65714a3c173d593bc7efa3bf92446'],0.4380662964887647,0.25824256618406566,0.10637965474600523,0.39113945709124115,0,likely_human,1.0,0.25824256618406566,0.4380662964887647
UCSKGkrmbQ8avW9v-GOwUkQQ,-1,1,1,['7eaec3aec642a2a689cbe3c879d61416'],0.38306773440850517,0.2581099394333287,0.18139218874523766,0.4757053569646034,0,likely_human,1.0,0.2581099394333287,0.38306773440850517
UCa3AZUrvub5nkT6E5NW7sgQ,11,2,1,"['2ea5600f9d701e0c9de5a959eb24a81c', '36d8ce1372a913466b4d4787eb8dbdb6']",0.3475019637543172,0.258009745041454,0.1893311355299247,0.52536174440991,0,likely_human,1.0,0.258009745041454,0.3475019637543172
UCPabkMY40HJbqmEsvtnJxAw,-1,1,1,['075e41e9b8792662f9e1877231c828e7'],0.389880899191391,0.2579447896411474,0.16290175400179716,0.48319296548046037,0,likely_human,1.0,0.2579447896411474,0.389880899191391
UC8QgHdr0fg7BLRnvRsBnz8A,-1,3,1,"['19f551b40630476961ca113b65a9379e', 'e29dc7af6bab97ab88a21ca3dbb8f36a', '7a373ff4fd56c2b1092ffc51255e1353']",0.3402803401814136,0.25790060482509686,0.20685995663626294,0.6175071786837218,0,likely_human,1.0,0.25790060482509686,0.3402803401814136
UCYfUJ-KLfWBMXhqpcjr4ohQ,-1,1,1,['e8fa4fd13ec67a71b59dd88e0d255254'],0.3528774698257191,0.25762843452715395,0.21385259677780538,0.5360916544702057,0,likely_human,1.0,0.25762843452715395,0.3528774698257191
UCMbKAHO8danwZjIyFcFybHw,-1,1,1,['183453b6812ccbb9f10b79dae8e5b72f'],0.4144923007899398,0.2575857907113917,0.0977494778028941,0.5096492464930289,0,likely_human,1.0,0.2575857907113917,0.4144923007899398
UCiCIuchZKiEjtEr9RMTuJwg,-1,1,1,['97402368f6c77c0c6f2ba843c99c6a3c'],0.3960983550222227,0.2575790571404113,0.1408843172886273,0.4977386809274605,0,likely_human,1.0,0.2575790571404113,0.3960983550222227
UCAo7QxXpZXkHKEgn7Jf2ZRQ,-1,1,1,['39a07bd1373eca32c64f80be5829a2d8'],0.35515621004147435,0.2575699862634069,0.20235306072399514,0.5473515740439682,0,likely_human,1.0,0.2575699862634069,0.35515621004147435
UCYC-F_lHUzysKfLQv6N5XZg,-1,2,1,"['c9158be4e4acf9d538cac74610dac183', 'c90fbddabd7bc90e181c5695f8c8b945']",0.36771594923458145,0.2573455150485249,0.18827293717069754,0.5252210134682287,0,likely_human,1.0,0.2573455150485249,0.36771594923458145
UCZDXdwYnUXOLnNCB-3IkHDg,-1,1,1,['99ee6863ac60171e374e4db883ad992a'],0.432493275514815,0.2573278749574338,0.12524257371569666,0.36222243300083795,0,likely_human,1.0,0.2573278749574338,0.432493275514815
UCikmoZcYKSEvEG6M1XhGWJA,-1,1,1,['f30fa8b3d5ffac9ee694d9ff40059050'],0.4008098356978996,0.2573218332001283,0.16243866300000265,0.4345865271258076,0,likely_human,1.0,0.2573218332001283,0.4008098356978996
UC5vt3-ajhkgcEVqnFaI0Mtg,-1,1,1,['d78f22fa02b979b4d0abcdd8208a3d6c'],0.4074310788016443,0.25726800557755586,0.13622667072529177,0.45308465434414,0,likely_human,1.0,0.25726800557755586,0.4074310788016443
UC47jBEzJGN3azqAb-Dp97jQ,-1,1,1,['c07f54a2a72ce15e9a949ffdc79f3b37'],0.34211298662571543,0.2571957090506667,0.16666132355034607,0.6802423215125538,0,likely_human,1.0,0.2571957090506667,0.34211298662571543
UCnLmOWMHQ11k1-NKTl-8HRA,9,1,1,['917144b5e5b311d65befd91e4aa7b960'],0.3762479763252181,0.25699400488888197,0.17587241575942456,0.41375067296573803,0,likely_human,1.0,0.25699400488888197,0.3762479763252181
UCsEqNhJAAHQPWMKwtNCKpUw,-1,5,2,"['2df278232a203336f94f89b6367d9dd1', '0a91dc47de9dd0e807a92d83e0830916', 'c6bd5f59d174fcd2e819bf7ac300d84b', 'cc4656bd6715165b111a450cb6bbe0e5', 'db1e6c72818ac07078b8b6241bc9cad4']",0.3696006730953967,0.25687744465695705,0.1700427865498589,0.5446370501590668,0,likely_human,1.0,0.25687744465695705,0.3696006730953967
UC4jGtCVMc2KWvIySIX-OCFQ,-1,24,4,"['1690acdbb4a3830e7329e9f3a534977a', '7912b38542716cba00194a06967c0a88', 'c1bfb50a7b8d0030cdbcc8c8e2614f7b', '9fac145a211bc9cc72d149a83e0c6394', '18cabd336cc580a1c2ab81f58219c76d', 'd064e1a87de02b0e15e242f9537b2cfa', '219592bb6cbcf7d74a6137b423e26d43', 'd6b474291a3256b60a33eb4ac7e243f0', '067095c1a230a9289f9c4669cd5b3e59', '3d5ddacc373986dcb8d9e8595b576e63', '0d33df01b7af3b3a235ec353e9db3bff', '7d413f152519d0b53c880e2387b29488', 'd333f9a2b013725fc27959912b6d2ae9', '4d51921f3e838722a87c33a88a12c323', '1f83d18fb6433feb00914c80152f0cce', 'e913a8ca42633d2948aab0855a1e6322', '3d6718c436ce7ffa779c7ccf66ffb93e', '179f747950b304dfe01c6fc29461b5d7', '1abb31b0104e58626b62bfd6cd048a57', '3d42bc2c2c5f6c1e217d39a65934f340', '312194dd9fed50ee01884849d7adb0b4', '5c256eed57e222cda44b5739d981dcc0', 'e58a79a243ec21001bfeeb16d3511cae', 'b403f5739c534f226c70502f0c9846d2']",0.36575004313675347,0.2568140059559059,0.17520187923984037,0.5519359194934821,0,likely_human,1.0,0.2568140059559059,0.36575004313675347
UCkqoy5f94hVsy0TLTxVx-wA,-1,2,1,"['ed2abca4ba4eabed801ba118faca4da4', '476f65b3781cf267c14cc68e1147f79c']",0.3540090878066237,0.2568090276336704,0.1600239708541479,0.6437967853240254,0,likely_human,1.0,0.2568090276336704,0.3540090878066237
UC_RMshabteqXJ4fBlnzU2hw,-1,1,1,['e8a27af55191fa96b24fcc8bd6e7e5e3'],0.3638025017762025,0.25668450831856193,0.1776107839791337,0.5537498889019559,0,likely_human,1.0,0.25668450831856193,0.3638025017762025
UCKMxTyV0NVJYLwdbZxgKxXg,-1,1,1,['19a6c224d544c24ac6dea104ff75304f'],0.39995791751323784,0.2566036635500344,0.14461053592082138,0.46721280364488194,0,likely_human,1.0,0.2566036635500344,0.39995791751323784
UCKsxKyRD3vasxZFxDOiOqfA,33,1,1,['da4f69fafab80ad121bbc9bb086a2e01'],0.401299626175187,0.2565705349474198,0.15605119383102742,0.3478575820126555,0,likely_human,1.0,0.2565705349474198,0.401299626175187
UC8PZ0wsgHAIbO4TZbsx_rCw,-1,1,1,['b19f1c12e72cd003066aea50c1841b89'],0.4130536260122136,0.25651742144985545,0.13467706732813717,0.4293012727774543,0,likely_human,1.0,0.25651742144985545,0.4130536260122136
UC8Qm4I0hLOm-Ykxy0uBNmbQ,-1,1,1,['7eaaab8ab489d3fa82c0dbde2026eb84'],0.3623918188526434,0.25647136564675044,0.15842710149548442,0.5967757026255472,0,likely_human,1.0,0.25647136564675044,0.3623918188526434
UChqa--_-ceoWjbbsw8LjBGw,-1,1,1,['9b421e3a0e6113ac570f2241f6d076d7'],0.39516999501321803,0.2564702510845549,0.1608797742525699,0.45642096401847143,0,likely_human,1.0,0.2564702510845549,0.39516999501321803
UCSN3IQHAz0Jpiab7hcUpZgw,-1,2,1,"['252a1d106a72e57ab83dcfc7f746ecec', 'ee7251c1be4c61ca5196d30fb2d23b51']",0.39607103323948456,0.25642708789602986,0.13101103738125366,0.5054876812527164,0,likely_human,1.0,0.25642708789602986,0.39607103323948456
UCi992NKJ9TaQRWHllK9fKMg,-1,4,1,"['fbb53cbff7ecc41b4b39c760bee51394', '66074f231dabc5238f4a97a300e02b78', '1e0820f640056d3442700568b72e8d49', '81d58ccd11ae8323e913d494ad66606f']",0.34840512346384606,0.25641631151585587,0.1502459924955823,0.6851686382195252,0,likely_human,1.0,0.25641631151585587,0.34840512346384606
UCveEf-Fh-hPSBLpthyTYX6A,-1,1,1,['1ee598b74c16f3fc39b396958158fb62'],0.4110126431907444,0.25633896649640936,0.13307776692218554,0.43190906590974415,0,likely_human,1.0,0.25633896649640936,0.4110126431907444
UCnHi7mXwxPhO6ASLtzIOt9w,-1,2,1,"['9e2495b327c5c1d8521378bfb09f40d0', 'caef7a5ae2f66be9353684fafbd0c5cc']",0.3513681723333649,0.25632256836303485,0.20360640189324264,0.5528049466709737,0,likely_human,1.0,0.25632256836303485,0.3513681723333649
UCJTlycLwh4AzyaDg8UQ5fqQ,-1,1,1,['60da596c746fb1534d20c311961f91cc'],0.38916710053219417,0.2562617230916642,0.14674056753018402,0.4995120542513314,0,likely_human,1.0,0.2562617230916642,0.38916710053219417
UCDQ9PCnjB8NWmIDvfoAA4WQ,-1,1,1,['ad503c5291142fe8298627ce3030bc16'],0.4428555484286053,0.2562420036353007,0.12790857718119703,0.3057853688244085,0,likely_human,1.0,0.2562420036353007,0.4428555484286053
UCTzA9UO5S5hGXxoEiIgmlzg,-1,1,1,['deb8521ae7dbe8f4f6a51f2dd700ad17'],0.41651108059619163,0.2561509562641807,0.1422232226071386,0.39116556988205026,0,likely_human,1.0,0.2561509562641807,0.41651108059619163
UC_MB45H-uXwuWQkBAiMSb6g,-1,4,1,"['3d61105b2eb0bf474c85c0eb3b40ad3f', '88ef6160ddec8e96c8ff77b6611b4f1e', '809f8c73d120e057a4c2d4ddd9b676b1', '7580264cdc8c2e8a515e175ca8915715']",0.36203803607705176,0.2561295151002149,0.1694526150909355,0.5740751107014707,0,likely_human,1.0,0.2561295151002149,0.36203803607705176
UCARxPu4Ospqsr_smVc-il2w,-1,4,2,"['0e5c9f18143b4acd802b3bcbc7f857a3', '51e224e5ea965880fa596b1cace3af2d', '25c5309eac32ee14cd03540b8ab29af6', '43ad5e69a598e034dee175dd2c231c90']",0.3497355521752309,0.2561138809596957,0.20347584486952733,0.566090033978287,0,likely_human,1.0,0.2561138809596957,0.3497355521752309
UCn6eZbZXgeC8lbGpeacwfew,-1,3,1,"['347b87709c84b0c0580cf2cc7d775203', '3da97d0c3cad7415216954a7e29727b3', '2dca4bb78d005295023c905e5d8eea56']",0.3847761626903025,0.2559908648212172,0.15014223183642772,0.5086206024046396,0,likely_human,1.0,0.2559908648212172,0.3847761626903025
UC94TwVpQdMVjgk8KDmIi_Fw,-1,1,1,['07e30e703d42fb021fcf026cc3d6bf24'],0.36587597809882794,0.25595284624998216,0.14914127973716282,0.5920527055760293,0,likely_human,1.0,0.25595284624998216,0.36587597809882794
UCa5zkVteixdOHx1_zmRyJ_Q,-1,1,1,['2c65a8bc9679077f566ba939a74fcf15'],0.3682395098479864,0.25579913765222406,0.1850490977708115,0.5188390838483443,0,likely_human,1.0,0.25579913765222406,0.3682395098479864
UCdZ3YZiGy5NfDwpVjbgE_Ug,-1,1,1,['42126238724b2db5e7c08768bcf0ff11'],0.3378568826636027,0.2557453443870725,0.21662017121379437,0.5791394670796932,0,likely_human,1.0,0.2557453443870725,0.3378568826636027
UCxU2NePw8exfX9_uBk0p9ng,12,1,1,['ee9a958672ab9a0140c105f2c2a7117f'],0.39797575820048803,0.25573254007094043,0.14609735880533217,0.3672766570706158,0,likely_human,1.0,0.25573254007094043,0.39797575820048803
UCzhRHCsNa7cq0CMR8X6LONw,-1,2,1,"['a1eed45e4bc7f1c28109b1ca9cb2e5e7', 'dbf32b5bfec612bea007658dad53a82c']",0.37582223509048107,0.2557283224624915,0.1847356738288028,0.47418679943574416,0,likely_human,1.0,0.2557283224624915,0.37582223509048107
UCOaSL9omAOPF24ZtoZ5hI_Q,-1,1,1,['d71e277a2a3626b3d00b687653a15212'],0.40429339897563477,0.2557254996058973,0.14252761995708244,0.4451915612881164,0,likely_human,1.0,0.2557254996058973,0.40429339897563477
UC1X0QkDDx9PsjJUz9YNvH3Q,-1,2,1,"['449a02ed7fc3dc4f9cb9c89c07176839', 'c321af24081277a85f8fe03a24010ab8']",0.3892180434743971,0.255678076049183,0.14240434763592794,0.502383904184846,0,likely_human,1.0,0.255678076049183,0.3892180434743971
UCkL74xPMUeJb1dWsG9c4U1A,-1,1,1,['2ecafe3c43b82f02ed13773e88773b66'],0.3455608518780803,0.2555765446542191,0.20487014346538082,0.5777638872210347,0,likely_human,1.0,0.2555765446542191,0.3455608518780803
UCfYSjnl4tEMKgsLcQ92D1RA,-1,1,1,['d6009708e76008f121b17daa4a3216a8'],0.3696041634117214,0.2555289382296203,0.18803533453959725,0.5029467289838793,0,likely_human,1.0,0.2555289382296203,0.3696041634117214
UChbd-BIACdwAboKFwAg5EcQ,-1,1,1,['7665ed9476236f5e8e8c7ca38db82ad5'],0.435067081573004,0.25551756238691914,0.1017396059556844,0.38672614071193323,0,likely_human,1.0,0.25551756238691914,0.435067081573004
UCwgVw6Cmebcxgvfd__DkDSA,-1,1,1,['bb0c088d93737e877767db3b3a54e12d'],0.407648891849702,0.2554581502032116,0.16899960713513218,0.3655100077117561,0,likely_human,1.0,0.2554581502032116,0.407648891849702
UCjiBF3qefkuM5AJsHD5LGmg,-1,2,1,"['cea99e6fc094b38c31c1d3ccc830030b', '65dadce9a44082abad5553f9725ecab6']",0.35586201273708756,0.25536094232936934,0.1797609158750348,0.5774545060192076,0,likely_human,1.0,0.25536094232936934,0.35586201273708756
UCBZ4K_4bHOGj4Snd3vCKK-w,-1,1,1,['a56fd13373ed9fd54373f60ea4a4524c'],0.3814077745722564,0.25529545878323756,0.1630820786513585,0.49009148069644004,0,likely_human,1.0,0.25529545878323756,0.3814077745722564
UCk28LDkoPhDjOGzE3S4fSDQ,-1,2,2,"['4953b77a4ff84cb161f0d1a3d39684fb', '0c26569490f67805242c29f057064c67']",0.31186427163125213,0.2552885919137447,0.18108533005373612,0.763951095644811,0,likely_human,1.0,0.2552885919137447,0.31186427163125213
UCD3neMo1CDdmhuIqHsP4ojw,-1,1,1,['dc652a8ab2a4ac41c4bc5655317eea7d'],0.3910126846362024,0.2552397784394922,0.17427070743246129,0.4293337545064664,0,likely_human,1.0,0.2552397784394922,0.3910126846362024
UCBkoAVqzelSJ8VRN8uZCyeA,-1,1,1,['a475c1b541b5be0074a256474d9288a7'],0.3701139978874082,0.25523564542182764,0.20604331014568367,0.45983779026827476,0,likely_human,1.0,0.25523564542182764,0.3701139978874082
UC8yXFHqKrkUCNj3OAaPNLTg,-1,1,1,['c46b0dee7c03f2823715937c9ae47536'],0.3482588377885426,0.25516073435499415,0.21161947930485844,0.5359712120943738,0,likely_human,1.0,0.25516073435499415,0.3482588377885426
UCzh0kMKbV1zDd3vf_9W55MA,39,1,1,['a3f32e7178df56f507fb71e7bc5e6bb4'],0.38668862950125094,0.25513583222400693,0.13312771591667488,0.3539257758859903,0,likely_human,1.0,0.25513583222400693,0.38668862950125094
UCrSoNdG0DzD4R3-qntUd_4Q,-1,1,1,['f7de7bf7359dd34b008aafe1d745f25c'],0.4149331311347775,0.2551328565827474,0.12160547993696089,0.4268898286932496,0,likely_human,1.0,0.2551328565827474,0.4149331311347775
UCMXCe7S42Ui-n-FEmAQaQlQ,-1,1,1,['a4c77492dac091401baf2b287b0624ea'],0.401839871390634,0.255044737092771,0.14894595543862107,0.42598256253983424,0,likely_human,1.0,0.255044737092771,0.401839871390634
UCga4dF9awtlnrLVLB6aQvTg,-1,1,1,['47b7c3390b7ea04303acb1679d7e35b4'],0.4266997764691426,0.2550208258177277,0.10347572231348404,0.411155065864909,0,likely_human,1.0,0.2550208258177277,0.4266997764691426
UC8QAtWTIktMxzLX_66ATNpw,-1,2,1,"['f239242b818472beb48e1cb3a59372c4', '16f60dc9fa08fbd3d1944dcad6c77060']",0.4031832279097796,0.2549676523640141,0.12493089056852238,0.47136516901306363,0,likely_human,1.0,0.2549676523640141,0.4031832279097796
UCXz3RoC3tPKnbSx6_PTWo2Q,-1,1,1,['3f57bf3dea242670eb7d60d06646bd3e'],0.36210129582576034,0.2549449622115081,0.1780137616526773,0.5415926546789288,0,likely_human,1.0,0.2549449622115081,0.36210129582576034
UC6zozvFp0L9il1OwPWdrQpA,-1,1,1,['64f3f0eb60c2a403894902bd2ca1eb74'],0.3983267741393144,0.25492133790937355,0.15407340277909107,0.4352813012104002,0,likely_human,1.0,0.25492133790937355,0.3983267741393144
UC_Dy10vrsDibz_9ewbHPDdg,-1,3,1,"['b281b3dfb8b61299004f9b7f1ccc77cf', 'b4ccc451dec287816f3d353e5bc0f604', 'bbe16559e6f4711c30998dc634099323']",0.378768955103926,0.25487318914594603,0.1559027138760937,0.5140779485057226,0,likely_human,1.0,0.25487318914594603,0.378768955103926
UC83ulxW9dL8skopC_ApIjvA,-1,1,1,['637fe0954311c324c653a65d8df91fe2'],0.3492355512738623,0.25472233625787055,0.18950252513585716,0.5756886138685424,0,likely_human,1.0,0.25472233625787055,0.3492355512738623
UCUCiPLKIXI-d5ZzOII7l6cQ,-1,1,1,['5e5169354bf014e0eb0b57027d87bd47'],0.4143847758533087,0.25469573771811316,0.13718087338465532,0.39748172349236055,0,likely_human,1.0,0.25469573771811316,0.4143847758533087
UCMEgIgZwlgjBORKe7fu3a0A,-1,1,1,['c4dae88ed2e687fe6885ce2cd4d721b0'],0.4238230259685807,0.2546784140248776,0.1345985812926329,0.3608532820175087,0,likely_human,1.0,0.2546784140248776,0.4238230259685807
UCqflK1qV7JOqpLX6RB1h4uQ,-1,2,1,"['be2d3e01f6e3c75c2900f0b7d023912b', '16cfc47b54dfb89ca5ac39aa53c3cb43']",0.3929782104042392,0.25463957598151216,0.150917987335704,0.4578108129310947,0,likely_human,1.0,0.25463957598151216,0.3929782104042392
UCtHeXipeGMKeW1SJ13GB_eg,-1,2,1,"['adcbdb73923f36596304b153f4e51f8e', '50f2ef08d32d63498fef88ddc9c0f1b9']",0.37934945643149315,0.2545601267343455,0.16044128039162375,0.49908608911048236,0,likely_human,1.0,0.2545601267343455,0.37934945643149315
UCa-JZck_6JsCWBcqL1W9cKg,-1,2,2,"['d694c6e5085d73eff83342dfdc7f26c2', 'a9db0867764b887d94a8134ddb4b1a0d']",0.34660616840645464,0.2545477700821557,0.18835478393595798,0.594200715574322,0,likely_human,1.0,0.2545477700821557,0.34660616840645464
UCEXTBV5eQbreTuUztY8p3BQ,-1,2,1,"['c47cb3386c81b1569b3df51b03150066', '6d52a32ca4aaea6e28d22755b9581452']",0.2642612045543664,0.25453221172262525,0.1470536024433865,1.0,1,likely_human,1.0,0.25453221172262525,0.2642612045543664
UCYQWcUVh5TZDHP7kF4r6CRw,-1,4,1,"['ca0f515040be5ee0d5099b741096df56', 'd0b1482714fce3a040c48b8cee2a80ad', 'e9d1ca103c034111c31121c309652b73', '1bf3ff0cbe13dec9db3c96451d3f4f28']",0.37724396478805544,0.25452446169806264,0.13561000090768943,0.5621213651102782,0,likely_human,1.0,0.25452446169806264,0.37724396478805544
UCktzGyeqUBLFstCfcP_CnXg,-1,1,1,['e2afee0e2a1e02a705191cc5fd89290c'],0.372233403774783,0.2545044763406086,0.14933284396847984,0.5550170739033373,0,likely_human,1.0,0.2545044763406086,0.372233403774783
UCv49KDVQdGGPsTQh5JkAXpg,-1,1,1,['1d36e5f72a597ab8aa706cc74c468ff6'],0.38106895309783717,0.25448336584471565,0.17821010175615254,0.4524900972211381,0,likely_human,1.0,0.25448336584471565,0.38106895309783717
UCHf7sF1IdPXQP5ameiAHSYg,-1,10,2,"['367aad708863fc1f58c0678330475820', '127bd8d59578b5e0ffc97a4ab4bd7a6a', 'f2d3a98143f0a0a3be2d18bc65d1da93', '52bab85b9f0d4a640a9d3628fd3b7b04', '27dc4745b998dc206d60b50f40845090', '9d8d26559a484014f4f867e41081f864', '60bb865fedfbcb054d597706a3151344', 'af3adf71824534f9005ac4e6fb4229c0', '4d53136c084e895fea23b86998212e98', '94e4a490a718b99ab10da054b3a0095a']",0.3702080429958755,0.2544795374697204,0.15605023058623005,0.5519768432947711,0,likely_human,1.0,0.2544795374697204,0.3702080429958755
UCosYBwyxX3UR7vIVH3Tv6wQ,-1,1,1,['8272134498d16ec27faff5ebcafb7b72'],0.41160449306826896,0.2544651624385351,0.14171374127883155,0.39095715358194044,0,likely_human,1.0,0.2544651624385351,0.41160449306826896
UC7YT3M6Esan4EueAR-GTRXQ,-1,1,1,['42c9d54acf5b445a291a22eca32f66dc'],0.3607778641299147,0.25443012027604417,0.19885597476691738,0.5030700993797169,0,likely_human,1.0,0.25443012027604417,0.3607778641299147
UC_2G-uSo2ZpRHMgXlRzAxIA,-1,11,1,"['3f22331c03e1f625e025667cd880b26d', '2e3550a611b4cbb1415610453f553cfb', '1961249e79a2848a6ce688e9f365af29', '833b2540602c9380f7dfa3b1c95680b7', '461f1b317845b6833e668cab970d8cf0', 'dc0dbcb15cb6bfa7fe78d4158d7f22f4', '13f33ba49c8efcd77ef0dad0bcc4596b', 'babdab8cafaf06356169619010b03563', '7245fd417cd8f51dad731f25540ff6ea', '1d9108edd85485aaf4f69c75a0c75f34', '7c3af923641f6393f99489a98a220ec2']",0.3446900743858465,0.25440107172591686,0.1730611404704291,0.630637473449606,0,likely_human,1.0,0.25440107172591686,0.3446900743858465
UChxGjXYqtM2U4C44hPLmZrA,-1,1,1,['64fb4010518d5cb98022a2d4df28ecfb'],0.3798108489843144,0.2543944435915414,0.15000088735188302,0.5141629515474454,0,likely_human,1.0,0.2543944435915414,0.3798108489843144
UCSUkJFPrPtSK8kfs63mtmeQ,-1,2,1,"['d1dfa1bf58a0a76c80a3a029332633fd', '765e25b7ee50db2f3b4e8fe99fd79002']",0.3799095404010516,0.25433147603381023,0.1524065617760854,0.5125949676920033,0,likely_human,1.0,0.25433147603381023,0.3799095404010516
UCaoKfuiXh65zjATLQHenR0g,-1,7,3,"['fd1b6126e8cc5c3309d772603b9927b9', '51cb9350098e476cfd496dc7a6d5ded6', 'ef03218e2887f174ac6893ecfd7305ac', '8032cc2a136c395c2e7f86476f32b32f', 'bb3289795219b4614901a4a08a3ad3ce', '1ad15da754f901f73f609bc0e7c5a7cc', 'f2e45d6ad1945815197c3e86009899f8']",0.34819755134607877,0.25419654401216907,0.19203638418140634,0.5690171792088582,0,likely_human,1.0,0.25419654401216907,0.34819755134607877
UCfR8jz1cXHso8wyO3DSzibw,-1,1,1,['de2441bfdb2a806ac80daf0d57bab448'],0.396903099584963,0.25419321266273776,0.1586391487348244,0.4234084151037819,0,likely_human,1.0,0.25419321266273776,0.396903099584963
UC6QVPnU-2viDN5cf03PYOww,-1,1,1,['143506d3da7a47a47772b6407dfa6112'],0.3732740596247869,0.2541878770085596,0.18831543905784737,0.4756287061050504,0,likely_human,1.0,0.2541878770085596,0.3732740596247869
UCJIlcn42VEzt4x3-pN05dbQ,-1,2,1,"['4e785ed642464176e1d69e1e9ae7be27', 'd430efd9b6eb85aae9825daff039683b']",0.3951870428409694,0.254177278308578,0.14135707953865242,0.4638535924152174,0,likely_human,1.0,0.254177278308578,0.3951870428409694
UCeOrsJN4pr4sNmPdCNc-nqQ,-1,1,1,['bfc9590ee12a937c2b833923c835b667'],0.38188872945619345,0.2540868632872966,0.1883728223174867,0.42344269532356016,0,likely_human,1.0,0.2540868632872966,0.38188872945619345
UCUn38O3kzCbhafs8FfsM7_A,-1,4,3,"['bf789c2b27882354f8f9cc3bad6b796b', '25774572f6c1675d31adeac71942894a', '2101918d60e2583079117ae828330a39', 'ccee2a93210a2a03d7dc19df766b2d5b']",0.37286056879615764,0.2539714130695881,0.1649399471624797,0.5157395356775858,0,likely_human,1.0,0.2539714130695881,0.37286056879615764
UCs3KRBKPc1CHC9jN8rlMBNQ,-1,1,1,['252b8b592000b4e559e7e79bffe94f02'],0.3565174085997299,0.25396921477717316,0.1765277213904161,0.5701002819765351,0,likely_human,1.0,0.25396921477717316,0.3565174085997299
UCYr5j5B9KRnDEK_gAnRnOkg,-1,2,1,"['267b3e1d14ff78900c7d7ae31dcedeaf', 'ea67d22f768b11c7e218a409d05a9db5']",0.3524014822534888,0.25387378817912787,0.19344944170690817,0.5440492388909501,0,likely_human,1.0,0.25387378817912787,0.3524014822534888
UCVoDmuYpbFluQsBJxEXcZ5g,-1,2,1,"['90531f6781b008c006e68bb52e80407e', '7dbc8f2eccb81cbb78d973d76a7eba66']",0.3323169289637635,0.2538332811722098,0.1795590119002699,0.662607018795038,0,likely_human,1.0,0.2538332811722098,0.3323169289637635
UCj5Nk9ObiucUNDhHDskeKtA,-1,1,1,['63ce8ee5abcdedd4e10517a2ec498f33'],0.3927069202544229,0.25381676948062176,0.17809944773276848,0.40446203528602576,0,likely_human,1.0,0.25381676948062176,0.3927069202544229
UCODc_hPhCsPKyyBl5z0E_xA,-1,1,1,['d6ff97a0c98569f7e26fdcc1de3da2ad'],0.3611571714039292,0.2537853991768976,0.17965889368563207,0.53066862144821,0,likely_human,1.0,0.2537853991768976,0.3611571714039292
UCXlDy3wW23QkjeuicO_b2RA,-1,1,1,['0eb9b20aceb594d29faa9a127ef72623'],0.4002399677320572,0.25367259536200004,0.1499633852208147,0.420194114578348,0,likely_human,1.0,0.25367259536200004,0.4002399677320572
UC3lg20XGa6t646_-duutnXg,-1,1,1,['7a26918c421b419b46f1e8b4a2625f8c'],0.3734686719329301,0.25363225051763605,0.189716799945853,0.45397382388161767,0,likely_human,1.0,0.25363225051763605,0.3734686719329301
UCVso7JYUwkg9c4n2GKrtZFQ,-1,1,1,['71075f1eb724ef686421a61461656125'],0.38113003829704406,0.2535967144690842,0.19437399319205825,0.4109664979608241,0,likely_human,1.0,0.2535967144690842,0.38113003829704406
UCK2CiYKbIiBlu_IQg0BbxhQ,-1,2,1,"['8f4d83029c19df76ca767f4959340a0e', '668e4be97a334323bbf2c900637a7ff0']",0.4113901048400219,0.25335249438924573,0.13328523727365799,0.40337951932219995,0,likely_human,1.0,0.25335249438924573,0.4113901048400219
UCTdXcO-HTQopWNDC-qt2nZQ,-1,1,1,['d58e206a9214bd8f6598d9478b522c49'],0.3600189985772254,0.2532968090785776,0.17490811285224514,0.5533989497923051,0,likely_human,1.0,0.2532968090785776,0.3600189985772254
UCtNlwj9G_KnVD3ATFqQYvlQ,-1,1,1,['33efb8f7984037d0ca3a04c3e649934c'],0.3391574688881891,0.25313294630933403,0.18958486802267835,0.606547048615953,0,likely_human,1.0,0.25313294630933403,0.3391574688881891
UCzsiCl8VmXd_yvnNRZtUubA,-1,10,3,"['ccf346b7d73b3a91d97f5d740afa5e81', '1b4d0bd07e1aeb4b16c5cb0ee8d37c61', '05e242e7ce1a40109c986957fb7c8b69', 'd15867d3f0e3d9482414ca91635ad67d', '45e14b70077e372038b948978a47faf9', '64aa3d9dd1ecc1703f2365e966687298', 'ad1d77bf7aff972725b5fdaaae1a52b6', '753670e162cda4d117585fdaf466db9e', 'bab4cc771d43f30323123be4a6bfe959', 'be5ab202d6748d8f0b879a329272820e']",0.3530584341775448,0.2530699816939739,0.16610643169947137,0.5908114105815968,0,likely_human,1.0,0.2530699816939739,0.3530584341775448
UC196-VuinOeDJQIYHZ5zI4A,-1,2,2,"['2ad2c68e7249b28a6f5cb4a573729e4f', 'd818448166c736326be633beb4f35a2e']",0.38067395076551325,0.25304749980637864,0.15881495283420324,0.48341712349969346,0,likely_human,1.0,0.25304749980637864,0.38067395076551325
UCoqGPviLAF9VXxtGRyhSe6A,-1,2,1,"['4ed200376a390bd8cc5f491ffac6f770', 'a76e40e3d30d719171363480f5bc4cd1']",0.3783546967499145,0.25303407319699994,0.15518740610105347,0.4995120542513314,0,likely_human,1.0,0.25303407319699994,0.3783546967499145
UCZDpzkFMUb_lZqCaq2oBYWA,-1,1,1,['1550adb778e870eea028c87d2328cb41'],0.43313267112896114,0.25300831275865887,0.11704009352771544,0.33531051737193895,0,likely_human,1.0,0.25300831275865887,0.43313267112896114
UCdq1lNFbqQRWchCWTFEC5YQ,-1,1,1,['23652545f7fa2e6532740eee8f6bf70c'],0.37252515842945966,0.2529937003635375,0.16441150682651237,0.5133618734861612,0,likely_human,1.0,0.2529937003635375,0.37252515842945966
UClB7IS2XtaiGFTZ51by-AiA,-1,2,1,"['a454ba50b02a46eb7752bdd1905777c5', '41ae8f7899203474da02eded5ad8d258']",0.4422927741446838,0.25296761291440983,0.10254106986520126,0.32263136365877904,0,likely_human,1.0,0.25296761291440983,0.4422927741446838
UC_P1tQ48flGqRts9jwyliUw,-1,1,1,['54f0e9f4a04f79d977e68404e94aeb88'],0.40021924938690207,0.2528015741157985,0.14664917954734374,0.41668536558042935,0,likely_human,1.0,0.2528015741157985,0.40021924938690207
UCc5aT2g2MgdtadM5yUc_TSQ,-1,1,1,['f3c7394b33869c5f7d177578a9793a02'],0.37212772088299806,0.252800953922286,0.18643980164710297,0.45904601572208426,0,likely_human,1.0,0.252800953922286,0.37212772088299806
UCJLLQeLaoiihayOm-2MegWA,-1,1,1,['e577bee0edb90c70c51fc859f6931726'],0.35951957009165325,0.2527767294068918,0.16979832334735,0.5533694027605561,0,likely_human,1.0,0.2527767294068918,0.35951957009165325
UCkS42KUWIzoMtCguquq-ylQ,-1,1,1,['3f80245e0ce9be4f40e94ff4e889ffcd'],0.3602792805969152,0.25277079662446106,0.17825988361552533,0.5266478094412714,0,likely_human,1.0,0.25277079662446106,0.3602792805969152
UCmf5rP-diqNqY6OsD2V5zpA,-1,5,1,"['d3df7aed9e01882b6b5275e3d632b1e7', 'd55b154f7a23a49359127dfdef1da6e2', 'ff5584798349379d682b00a3968e5e71', 'd988b0c26c5c4acfb92e609898a79b68', '74607dd407d20ac1be7cb05d920bd8cf']",0.3591008137021988,0.2527295137462336,0.15842454880413523,0.5767515818180649,0,likely_human,1.0,0.2527295137462336,0.3591008137021988
UChXI3LLvoC7E2-HiZgULFCg,-1,3,3,"['030c8532808aa25ac6e293ac111cfcde', '937e46622603519a64bf61c0e6050f8d', 'ceb34e5c072627cccf8516aee5c342bb']",0.3623145084201756,0.2526590199497002,0.16115558885126863,0.5614403591376631,0,likely_human,1.0,0.2526590199497002,0.3623145084201756
UCJ2jPkP85cM6m7JiAJsHUQg,-1,1,1,['3b95cb68e7a53eb98eea258dcac48b9b'],0.4169982936329041,0.25259156081254347,0.12625407198570293,0.3847131076284599,0,likely_human,1.0,0.25259156081254347,0.4169982936329041
UCyJU9xxUKtw2jesxG-ItYrA,-1,1,1,['fe9b278cd4872d1f246b9fa04c486fe6'],0.3563489597080278,0.25243399991278076,0.20365961793844733,0.5008498400870834,0,likely_human,1.0,0.25243399991278076,0.3563489597080278
UCTe82Zelr3x3lR55GoqambQ,-1,1,1,['9f2ae6aedc3632a4a95992811a3ceffd'],0.3641352095906225,0.2524124599465752,0.1716659634268205,0.5218936818009489,0,likely_human,1.0,0.2524124599465752,0.3641352095906225
UCZHqQWI2FZ1R9lmjBhjWnEg,-1,2,2,"['30b9f15e96450bad9caa5bad8f5756cf', '93cacd71a2866ec422a0efdca252198c']",0.3383950761005732,0.25238720132660597,0.1924404780697394,0.5901512222116487,0,likely_human,1.0,0.25238720132660597,0.3383950761005732
UCKccDOfT3re0WqXhxWyIq0g,-1,1,1,['614582c30e7b09ad8998e5f37c55483a'],0.40034148578263995,0.2523718228038837,0.1377259848054885,0.4362604149861874,0,likely_human,1.0,0.2523718228038837,0.40034148578263995
UCD4vHzsHvj2U3L4pnMfDIGA,-1,1,1,['1d011b79836b5399421573a844296b2a'],0.37585374338779,0.25231205362499076,0.13492588085217963,0.5522176900593357,0,likely_human,1.0,0.25231205362499076,0.37585374338779
UCsT0_8NiceFTCDU-g1Tqe5A,-1,1,1,['61b22e58c1919aabfbdfd438fa9f4468'],0.39992086299678387,0.2522445298891804,0.16478888168686937,0.38152185582952286,0,likely_human,1.0,0.2522445298891804,0.39992086299678387
UCN8sWSdP37g87agcTsUh0fA,-1,1,1,['168862b1c213ddd4b170f7b410f5d128'],0.38400097399798977,0.25220320622733194,0.186103282411985,0.40807075339654797,0,likely_human,1.0,0.25220320622733194,0.38400097399798977
UCupKfdecx3QMyCiH12hJgOw,-1,2,1,"['06cc48f72fe7f5a6fc9cfdd33daa3616', 'ad6ddb7802f3d9936f11e158188ef7c8']",0.3629329669949566,0.252145459612441,0.17627317716508065,0.5153571580111311,0,likely_human,1.0,0.252145459612441,0.3629329669949566
UCYw9_NgDgB6d7npatsKvElw,-1,1,1,['4e52bd3ef77d21af3d03f756ecdb6986'],0.38537344491248776,0.2520971384715081,0.1737318102911539,0.4165131228134407,0,likely_human,1.0,0.2520971384715081,0.38537344491248776
UCQwVjF7G86h3xPBNO9AsTxA,-1,1,1,['c3eef9a718b9d34c9052cda8aef64f14'],0.36411439832835124,0.25208729492371496,0.18321749928987505,0.49479105337297746,0,likely_human,1.0,0.25208729492371496,0.36411439832835124
UCjKGeuz3OfFeT61Fz5eAmBw,-1,2,1,"['405882053935438a8e498e17ca5d3034', 'e116a80ee7503db304878f759911793c']",0.34287026180066366,0.25204988354454533,0.19039869437840745,0.5860632662072045,0,likely_human,1.0,0.25204988354454533,0.34287026180066366
UCyeeRcQqcBqL5fGNoia7ivA,-1,1,1,['e17e65d1ffc76c9c543fd457942f95c2'],0.3055769321826297,0.2519544515895332,0.1404139362352164,0.849495657406201,0,likely_human,1.0,0.2519544515895332,0.3055769321826297
UCR1U5Oen0Q7G6fSO_M5-lpA,-1,1,1,['c22d2cb4ac8b906b4f0ad5122c32a3ee'],0.3882906867116671,0.251913168628306,0.14724129571751812,0.4603816487386686,0,likely_human,1.0,0.251913168628306,0.3882906867116671
UCdzDjTbr8EBGrqV2a04O0gg,-1,2,1,"['b27cd565507536e198c2fe2a82bc93d0', '217de4ae9682d75e59049bb2bc61703e']",0.4128428600509698,0.25186799732603615,0.1350505754910377,0.38094252252161126,0,likely_human,1.0,0.25186799732603615,0.4128428600509698
UCsJBfJwoSi_8vJrEmTijwgw,-1,2,1,"['dc61cc6abc5157c509521e0c392e8588', '1778c14b28a450969959c506d8b62fb1']",0.3823728922786441,0.2518234174269478,0.15414709925824982,0.47084378060362764,0,likely_human,1.0,0.2518234174269478,0.3823728922786441
UCWPSDbisaAammiMXiTusU-w,-1,2,1,"['f4fd94436fe078a8ca242b41a87474fe', '650a7d368b6e210fed48840f4037e507']",0.2113661064547287,0.25180948041473317,0.17318696542968093,1.0000000000000002,4,likely_human,1.0,0.25180948041473317,0.2113661064547287
UCqUl1LdEOrlSh7SjFGIi62g,-1,1,1,['80e2c5bacd40fad7e6d201c212407811'],0.3939244478041687,0.2517894465644825,0.17106037788853862,0.3860966724918042,0,likely_human,1.0,0.2517894465644825,0.3939244478041687
UCnC-g3tdzqB7ee2w6m8IQ0Q,-1,1,1,['4004b538e71bdc01b14a5484c7a71fb5'],0.35796008159775816,0.25177358897269353,0.21699030428022073,0.4575310166153616,0,likely_human,1.0,0.25177358897269353,0.35796008159775816
UCL4qnP4C2Kppw0jdYRCGpeA,-1,1,1,['c531e8a15140096869d22ab780d7ffa4'],0.3955493768943172,0.25168077495117025,0.14899902004138246,0.421006406783043,0,likely_human,1.0,0.25168077495117025,0.3955493768943172
UCVMsE_qPVNgCYS5pMolRaiQ,-1,1,1,['08a692c679153ef93bae3b35de1fc416'],0.3606194488988278,0.25166452110672577,0.18718440828943303,0.4954356842763936,0,likely_human,1.0,0.25166452110672577,0.3606194488988278
UCnVGyve_0UXjAStVZV5Gk1w,-1,1,1,['f0d92206af74d63de4ca097bc7611d24'],0.3806172385475263,0.25158374293536856,0.15119745868564882,0.48990548351136265,0,likely_human,1.0,0.25158374293536856,0.3806172385475263
UC7r_jS3XLZu-QFgIUGYwiiw,-1,1,1,['a1cb7bbfec4806c757c5ce5030c1ae5c'],0.3692042421946381,0.2515646207372889,0.17705432064689464,0.480533243479378,0,likely_human,1.0,0.2515646207372889,0.3692042421946381
UCXyGRUIl9_nSIb_cNC3S3Vw,-1,1,1,['96ce1b1fdb763b60f062d73996bec0f7'],0.3449251886239604,0.2514861244196028,0.2038844894327271,0.5370706857292722,0,likely_human,1.0,0.2514861244196028,0.3449251886239604
UCpSEFToGGts_D3nZwhlFeaw,-1,9,5,"['90e7d3aab55a2a3d56cbb75079217d3d', 'a4cf202ef74116904cd267ebe893b0bb', '30c55f51cc0f19c057f8d14f0c64526a', '9a59721593678ecac4947a6547ccf474', '3e247a961e2c15bc3ef94946ebaec159', 'f18a4f4e532d70f1ae4e9e96bde9c918', '6d91c619c80a40d322cba29233cde581', '9a8d24b2933a3cb57c5c96da3edd838c', '1dc9bab17c0acfd5978e2aa51f733f65']",0.3460976498182095,0.2514767971841286,0.19332391420379497,0.5506125020174569,0,likely_human,1.0,0.2514767971841286,0.3460976498182095
UCXTH36mp2FaadTtPhu7GyLw,-1,1,1,['de28762ae6712755e7bc9c3565a7f7c2'],0.3690440688625174,0.2514702667414679,0.18146131590902687,0.46931912962949585,0,likely_human,1.0,0.2514702667414679,0.3690440688625174
UC4UbCHXKzWQRY-UIwHFlWOw,-1,5,1,"['c28cbcb4afd20e1d80f1fda67f7487a7', '97479bb50f7ec3109830c27bf974ccd3', '86a1cd7fc095e0200bcefee0aacc8d27', '7ba0f8bdd7ac1ee1f14fa0ff182e1010', 'cc5d492929eea7ce6f805dbf1edd6113']",0.35329672718606153,0.25146678070000966,0.18723122686107485,0.5284607071487086,0,likely_human,1.0,0.25146678070000966,0.35329672718606153
UCcj7ZmXEhWKR_3Cm_VntTbQ,-1,1,1,['f77f12ee18be602a777fbd4e287894b7'],0.38285806752682694,0.25142869476835766,0.18257675399143167,0.40579241964943646,0,likely_human,1.0,0.25142869476835766,0.38285806752682694
UCo7YWSYoK2ayExqXOshYP2w,-1,5,1,"['071ff881b53f4ea8c54e6c7c4e1f4e84', '957807542ab957dd386d8e9cd71f0963', '408f58ccf08561ab8e345574023ca796', '57a967bcc9d64a9a565e5179fc382704', '0e6fe60c9437df5489798978b2cc3227']",0.3624577398509575,0.2514172107342439,0.16085770933956312,0.5483940881589753,0,likely_human,1.0,0.2514172107342439,0.3624577398509575
UCNG8-RIuzTlpxe2C1cfWDxQ,-1,1,1,['631041edba572505d9100429881f69dd'],0.38804588160850495,0.25140342625315126,0.16889458033192076,0.409738575611596,0,likely_human,1.0,0.25140342625315126,0.38804588160850495
UCDPwIf3m1QIs7kPr9_hhHjQ,-1,1,1,['450a15e72d44d483a76ab9420fdb908e'],0.372113020380756,0.25140319403883965,0.16758356205054384,0.4922289388844534,0,likely_human,1.0,0.25140319403883965,0.372113020380756
UCzR2JtOhhoRAlIkj4EEuLZw,-1,2,1,"['5daa2843edaf8977626b7f76a4be07a5', '9ee2eacfee625742decc7e830c91fd1f']",0.3539366202800387,0.25139713240916606,0.19117542991295383,0.5167145260530424,0,likely_human,1.0,0.25139713240916606,0.3539366202800387
UC5whgfTi1uxBF4wuRv7fTrg,-1,1,1,['588f4b7cd95b418246d59de0f7902bb6'],0.41004607952787425,0.251347606114152,0.14511971750018154,0.37089159279943945,0,likely_human,1.0,0.251347606114152,0.41004607952787425
UCnr_4bUnFR3mpU2vYs4uQzQ,-1,2,1,"['74dfc1d55a234322fb5b8cdd123e9e9d', 'af0ffad934b6bec4f5a56648544868fd']",0.4376012850682761,0.2513275620467578,0.09688738730843259,0.33801317962654104,0,likely_human,1.0,0.2513275620467578,0.4376012850682761
UCrXTcm4wPUP2586BP0Smq2A,-1,1,1,['6cece8ac8aa8a94272e9e3f9b2da903c'],0.3524628058256827,0.2510188105303195,0.20763436752959716,0.4849105676952351,0,likely_human,1.0,0.2510188105303195,0.3524628058256827
UCqRr29xfpBr6L2v5HaA_iaw,-1,1,1,['0a295147cd0feeaa62fb800e4cade9e1'],0.39176875817976603,0.2509893129166216,0.16457198381813926,0.39948196220158605,0,likely_human,1.0,0.2509893129166216,0.39176875817976603
UCZUCwlUdNs5ORN4Lv48X3Ng,-1,1,1,['927e9aef06cba76bc13e5bbd27b04d9e'],0.34774932849891604,0.2509843862695489,0.14744350385486793,0.6396483864513615,0,likely_human,1.0,0.2509843862695489,0.34774932849891604
UCqH3dRI2uToFgNiA5uJ9aVA,-1,2,1,"['4ed3b7a3ddab0d949ec977e271cca210', '680f10cfc78e8305bd63e034e03954ed']",0.3881120033837762,0.25093670839631016,0.15946108705794534,0.42541767195391905,0,likely_human,1.0,0.25093670839631016,0.3881120033837762
UCm7pi-p7E7hHRjcTMKsuhAA,-1,2,1,"['c8de1e92ba69ef6b77ac2e171613e535', '7983df2f0195ad80bbe8b31bdc523734']",0.35139427854362065,0.2508364909032845,0.19378102763828595,0.5168551159421073,0,likely_human,1.0,0.2508364909032845,0.35139427854362065
UCafD1hMkTGaM0ht3Oyb74Cg,-1,1,1,['661402c477005680a4b910b6dfbf5264'],0.3433693896183046,0.2507945745642632,0.1751716257894176,0.5864779295575713,0,likely_human,1.0,0.2507945745642632,0.3433693896183046
UC4Xvl4RZLT7y5ttTvOEvHsg,-1,1,1,['3578fc9405ecfc4f21ebeb5a38bdf561'],0.39891348341045874,0.2507178910519705,0.11113518612618958,0.47528532749834074,0,likely_human,1.0,0.2507178910519705,0.39891348341045874
UCwMaQ8wOZK9YW-l_2c_f9ng,-1,1,1,['078728e61f1562dcb6bf857e97491922'],0.3982020059423401,0.2507068094690813,0.12716599485172284,0.4476512485930747,0,likely_human,1.0,0.2507068094690813,0.3982020059423401
UCFeTNd0o19tfSey55bjF-Aw,-1,1,1,['839bba6322c21458e708b424d598dcc1'],0.3626399145338051,0.25066547982352383,0.17431502576949162,0.5045022138610494,0,likely_human,1.0,0.25066547982352383,0.3626399145338051
UCpYE4nZTomMsBMojSEur0iw,-1,1,1,['3495bf695aa74ab13f8ba6199f9e8556'],0.40422365772705904,0.2505146877467214,0.13950504446950213,0.4004477780668718,0,likely_human,1.0,0.2505146877467214,0.40422365772705904
UCDgg8DNks_v4IAdwr4C0Qfg,-1,1,1,['935ed28245eb7c19cadf914eaa46afe5'],0.34573489544744357,0.2504286006103814,0.1916714201062847,0.5432904810261453,0,likely_human,1.0,0.2504286006103814,0.34573489544744357
UCzyM-sd1U_z-8S96ozv-81w,-1,2,1,"['19aea9dfc838e8e4bd49aaf4a1e6b940', 'ff37bf38b54b33d7e08f19649bf23efb']",0.36825424492511627,0.25041111092818635,0.1849270398436173,0.45600694476619963,0,likely_human,1.0,0.25041111092818635,0.36825424492511627
UC4pMoevLXhjJMmoILUIiXig,-1,1,1,['5c78a3c7e3ae29a7cb79cc9bfd934f2d'],0.3441076354977568,0.2503659147711895,0.2110143101058356,0.5138607311066529,0,likely_human,1.0,0.2503659147711895,0.3441076354977568
UC49fXjWRwmyBrp1wlFtQ9WQ,-1,1,1,['22e4d6c256b563224c918523d5177aa8'],0.3282442083511873,0.2502114298585287,0.2147264294368089,0.5796533852688044,0,likely_human,1.0,0.2502114298585287,0.3282442083511873
UCrCYmYYlKZ9MFgSsH9mys8Q,-1,6,2,"['9beb0d384045218fd0b35fe7cf0d3338', '49fcbb95ec266f24be831860d35abe2c', '8fcb2502762ec8841d6907ad23a79720', '371812d76e66af3785591894d6207ccb', '662f688f431f047383604d3f4376d54c', 'a715b6ab4f2d38ded85fbd1d3a0ae1b7']",0.330592252932372,0.25020400590564346,0.18248380277712556,0.628559756827076,0,likely_human,1.0,0.25020400590564346,0.330592252932372
UCinhWk4qeIpRAL5h9GjtoKg,-1,1,1,['ea96e1eded8b8979d0c408e5cde5aebd'],0.36784772462624715,0.2501348026710207,0.20023332071492042,0.4225652509467134,0,likely_human,1.0,0.2501348026710207,0.36784772462624715
UCwKEA2u2esSxf5LM1IzZT9Q,-1,1,1,['0868ba727baf9f06dd7b5dcecae4a8a8'],0.40395465621092863,0.2500757512801112,0.14794737872593902,0.36824293492370397,0,likely_human,1.0,0.2500757512801112,0.40395465621092863
UCzYItLPlTznh5rKJuWmvLLQ,-1,14,2,"['c199144d77f65bd2ab73ca70dd6dc734', '4017c144898c13219149a734fbf015ec', '8f69bf9283d17817ac7c521d954c62be', '20153683168104bb0332045651e21bff', '868d064a05da186c555194782004f2c5', 'f71b86476fe9054f3b1aa228e55c0083', 'b336a09f8a96be8760c3c00de3bd6619', '05928f6744775e8c7b19f0e4a401564b', '30ab812eb955154b43d35608dfda3c84', '1d92e8fee16e24423977f1406a96bdd2', 'a5ced99e942cf4f52fc3749858c409e7', 'c40f518b186d36c2296c47a1f454076b', '20101453fda2518aee8bd32763b0bc94', '6678cc53642c0eee724b4c2eac1d3219']",0.3572285235540794,0.2500399890755268,0.14932180987582985,0.578591586734709,0,likely_human,1.0,0.2500399890755268,0.3572285235540794
UCaxvfAHpymJ-OYKv4p0W7UA,-1,1,1,['1d2ac98779113395e310bb6b0e42fd38'],0.4099831487505343,0.24999955211163102,0.1347376678395941,0.37523187269318115,0,likely_human,1.0,0.24999955211163102,0.4099831487505343
UCua9p0tKoQWRXPr7WSQrZ4Q,-1,1,1,['56f7dfd60ff5030d3981e3874a8169e2'],0.4099460647414201,0.24997966916860406,0.13314745926785942,0.3789601719242939,0,likely_human,1.0,0.24997966916860406,0.4099460647414201
UCuKzwyrlEgVd1PWnHuPZLXg,-1,1,1,['fb0912cff776bfffe967a122cbf51647'],0.3479234046719999,0.24997698869025578,0.1833904444841674,0.54575843316901,0,likely_human,1.0,0.24997698869025578,0.3479234046719999
UCkdOQZiGEDZfGIghvYlxkZg,-1,1,1,['26179f653035fecdcc528a9093721119'],0.3290672120670884,0.2498924902315385,0.22233650186171666,0.5506761302490344,0,likely_human,1.0,0.2498924902315385,0.3290672120670884
UCBXPjY9GwNV505B3PauIM5w,-1,1,1,['3df4dab00e587e39dcb1e07182d0bc29'],0.38683075004972434,0.24983232599252436,0.1368827636347208,0.467458553858377,0,likely_human,1.0,0.24983232599252436,0.38683075004972434
UC9vgr9A_cgFplP22d4beUSg,-1,1,1,['f30561159dbc400aeefb4bfd4964367a'],0.3677355467693181,0.24980822909747574,0.1771550766533929,0.4688336846143154,0,likely_human,1.0,0.24980822909747574,0.3677355467693181
UCQYefsgRII8ViLooLGVdkHQ,-1,1,1,['16552101db990ab5464194c6ab811716'],0.41028097457984714,0.24974423773559593,0.13519969883691074,0.3702096817284815,0,likely_human,1.0,0.24974423773559593,0.41028097457984714
UCGeNLDlLSaoWnMdB4i219Bg,-1,1,1,['99db139bf17c4a43c023ebde4239fbf3'],0.3629053617622552,0.2497087216164305,0.16837957217989738,0.5122811720671965,0,likely_human,1.0,0.2497087216164305,0.3629053617622552
UCNwMakn3g3k52j-gqDwKW5A,-1,5,5,"['59b78b469173922b7ecd1ee84b153107', 'f9a68f7aefc3ea90f5c93f9a7d19461c', '8b39e437afe633777752035121de5f6a', '22c6882fde8b8bb90af7d85649651fa8', 'af844d24f24cde1f5f99e0e200450ff2']",0.32319674594333847,0.2496858077607486,0.19048454123987288,0.6394997604175792,0,likely_human,1.0,0.2496858077607486,0.32319674594333847
UC4XAVfsfIGBx-nYD_7aFvGQ,-1,1,1,['b8846611e8b59bea245afde9993c4df4'],0.3875085100363625,0.24967499695996354,0.14377588478744321,0.45245234973059467,0,likely_human,1.0,0.24967499695996354,0.3875085100363625
UCDF3NfB75qWm3xFfpGpBwNA,-1,1,1,['178789eb517c0a64c9058e8e85a83cfe'],0.33953041341745854,0.24955326281270457,0.21885496529264364,0.516706446144461,0,likely_human,1.0,0.24955326281270457,0.33953041341745854
UC7tFBsqfv1zqV2uUF_a6-3w,-1,1,1,['1326acc4025a6659810f9b7ef1db7234'],0.4513872383613242,0.24937044197351343,0.07156084917727898,0.3095663914883058,0,likely_human,1.0,0.24937044197351343,0.4513872383613242
UCgaWdKNuGq0LDOrmdvsJEYA,-1,1,1,['718eed63477edf5ba9c18c70526c6801'],0.3758642027552579,0.2492986976193427,0.17968753959999711,0.43205429665665784,0,likely_human,1.0,0.2492986976193427,0.3758642027552579
UCCh9KwuCnqQ5P66fJTEZJGQ,-1,2,1,"['2da3ab2115cc2916a5e89c2bf001f782', 'ef39e0d11aa4143db8867c29528b936d']",0.3462414933606274,0.24927718783999492,0.20517109774527273,0.5096853339354139,0,likely_human,1.0,0.24927718783999492,0.3462414933606274
UC-lZMtkNtxQlKHFm4Q9maVw,-1,3,2,"['b5661c1bb3d766885a0d8e00dbdee134', '93090a9b8f630b8053c80f2f03a0fd9f', 'bb4b0c9399c0d4fbe5354c476f9a8fdd']",0.35234714435142944,0.24921025977059988,0.1859049770054929,0.5135984204556874,0,likely_human,1.0,0.24921025977059988,0.35234714435142944
UCPOx17Al-o5ptrh4OtFEHOw,-1,2,1,"['e634a26877065513b0bd0f4c253adf64', 'cb72f45ccc4abe6eec94b31c7bc6f286']",0.39859650639864247,0.24920497742860737,0.14584855158179036,0.3918619943948377,0,likely_human,1.0,0.24920497742860737,0.39859650639864247
UCs0w7nnfrB7W4GW1ZVIHLFA,-1,1,1,['1f92c0074f61c1d1df87f4289dcbbf5d'],0.3509104426980676,0.24920062048634278,0.1575385982342141,0.5814535519700714,0,likely_human,1.0,0.24920062048634278,0.3509104426980676
UCT3IhkDG9rou9d8e-vsPudQ,-1,1,1,['c7d10126a5ede276487a9e3c2b1980f6'],0.39854495078716423,0.2491527243394499,0.15263721674766384,0.3835725929261191,0,likely_human,1.0,0.2491527243394499,0.39854495078716423
UCiDBCPLFyrp1GmonaQ9ml4Q,-1,1,1,['7ebdcc414dedca37da02d5e2b7b182dc'],0.3954589845803166,0.24912350289173776,0.12893388595915692,0.4437138378305708,0,likely_human,1.0,0.24912350289173776,0.3954589845803166
UCLKL6ERrlDgN8rBN4jyX9jw,-1,3,1,"['b656d2aad416f52daef4b55068d3d59b', 'da1b69ec1a17dd9cd2ddad31fa209109', 'c3dde983bc496feaf4dc25058f302129']",0.36297900010913353,0.2490777031082248,0.17086666609591356,0.502506702012674,0,likely_human,1.0,0.2490777031082248,0.36297900010913353
UCm_0MDty0yjXSGetUPW7dpA,-1,1,1,['cf81dcd5decc3f7b7a51b4e190344256'],0.39833377351781407,0.2487685550832334,0.11637845625137586,0.45020680595775814,0,likely_human,1.0,0.2487685550832334,0.39833377351781407
UC3cPxn3nb7hszc3xfg8Anhg,-1,1,1,['9db3654603dd21b3105895e76968f43f'],0.3711315428695927,0.24870715401236204,0.1838165408789533,0.4339912930529495,0,likely_human,1.0,0.24870715401236204,0.3711315428695927
UCty-mIXty9a9v6ZNLI1DUzg,-1,2,1,"['225c1e7e212c060dd9a67f296e006de3', 'bc8698b1fb11cfde0a4d2f7b0abb6eca']",0.3632511736581372,0.24854102295455027,0.14565195617833748,0.5430355698345052,0,likely_human,1.0,0.24854102295455027,0.3632511736581372
UCYAPMBdOwAhIMPeQbZYGSTQ,-1,1,1,['240aac742cdd2617c096c116052314e4'],0.3276779503091441,0.24849621112801715,0.19436300813994173,0.5997743411380251,0,likely_human,1.0,0.24849621112801715,0.3276779503091441
UCOFVG60RUQ6OLfkw4JyNLzg,-1,1,1,['1e3106889156c0603f413f4794c7549c'],0.40593219137237874,0.2484794670299722,0.12982257409644118,0.38162897907280297,0,likely_human,1.0,0.2484794670299722,0.40593219137237874
UCow8Zs_BYNTWSJHnvAQQLxw,-1,1,1,['672bc4f2fd5e2c4f1ea1235a841a1c81'],0.3393409239024675,0.24824450007158286,0.20166487213293363,0.5324338603408928,0,likely_human,1.0,0.24824450007158286,0.3393409239024675
UCiz1wYn85HED1IKYSWGNaSA,-1,1,1,['f4875a06f9495b81e0ae4956523d55e2'],0.35123149004667753,0.24819963625446662,0.18691394440503392,0.5070956943469882,0,likely_human,1.0,0.24819963625446662,0.35123149004667753
UCZXjh5WDArEjLJu-BWevU0A,-1,1,1,['b10dfce12cbb9e1ce08c8c4ab68fe2fa'],0.37719624459947665,0.24817484590130406,0.1282257952890602,0.515398258335945,0,likely_human,1.0,0.24817484590130406,0.37719624459947665
UC8NQfWDYRBPBGxeZ4-fWQfQ,-1,3,2,"['99651023d4fcb3d8b2564495d6fe45ed', 'ec34ed3de753c0d071652291c39c12c2', 'f189ce6b805c05b8b92d5bde753dbc4f']",0.35951068984267104,0.2481120354015176,0.17192547068671782,0.5008364502191316,0,likely_human,1.0,0.2481120354015176,0.35951068984267104
UC8x5GvRORUhWiWM-b-_kRgg,-1,2,1,"['67d19639b19a9c3bf14e72ab9236e6c5', '524daedfe7172a0cb5af316e4f606be3']",0.3657513833680078,0.248086510861584,0.15980212715387873,0.5022366379394247,0,likely_human,1.0,0.248086510861584,0.3657513833680078
UC7NNyRKDl_CMzg5eZA2gHBA,-1,1,1,['b2abd72699f9a8d04382820b9e0ab84c'],0.3423497308415401,0.24803220604268422,0.20438407095279065,0.5065246840654105,0,likely_human,1.0,0.24803220604268422,0.3423497308415401
UCO_cFbZ79bpZLVhvXhAIdvg,-1,1,1,['6ab25b6f1edd07d4bbb944be8e84b674'],0.37342495902633766,0.24803134024196616,0.172822247166574,0.4344167281735322,0,likely_human,1.0,0.24803134024196616,0.37342495902633766
UC_q6V8VoT2InlkIB04Gx5mw,-1,1,1,['81abf40660d7c44db9b79b740670bee5'],0.3699777897967528,0.2479935648872481,0.17657508173998537,0.4476512485930747,0,likely_human,1.0,0.2479935648872481,0.3699777897967528
UCB1gwMW-StFX-Vm4hegMCAA,-1,1,1,['d543b02a179553c131f57433f03cf35a'],0.3569826802477332,0.24787575068749657,0.1591342153917311,0.5317736129608338,0,likely_human,1.0,0.24787575068749657,0.3569826802477332
UCB3iGXPVOt1MsThlpi7aIaQ,-1,1,1,['b13abd584aa47bd85956f5cbdb97b105'],0.39221800084886976,0.2478146766757511,0.1685640033617617,0.36362101135586233,0,likely_human,1.0,0.2478146766757511,0.39221800084886976
UCoS_VqTTuJM_0T36X_Q6KWw,-1,1,1,['cd8d4c2ad0f026563cad6669639ec579'],0.31587790859435716,0.2476851324805876,0.17965416845431298,0.6770798852854564,0,likely_human,1.0,0.2476851324805876,0.31587790859435716
UCcPukUVpEzWPfWjwVtvDTDA,-1,2,1,"['6c4829a788995e74edcc584865dc6cf6', '6223881cbb898d8a717bd28173e3094b']",0.34555657233919146,0.24763787297458426,0.19068554268301113,0.5191199837201901,0,likely_human,1.0,0.24763787297458426,0.34555657233919146
UC02n1jyDklU-uyoZ1MhwuIA,-1,1,1,['50d538fb48a7a6b24d8575293f3c6f6c'],0.35230242233189146,0.2476318955247217,0.2083676774374359,0.44967233341308904,0,likely_human,1.0,0.2476318955247217,0.35230242233189146
UCBmZMAj3-h5yYDye2l4dnCg,-1,24,3,"['4ecc49fe0f7d66dc219240f0e486fbf2', 'ddca0c890d3973319c24ab68119e2544', '4a80395257bca9f231294d234709c11b', '0ba3e265ed4d052933d1b5708f6c7c48', 'ca4e40f16b5434c8ac27cb64ee5dbbc4', '5e0ad716f5f83d94396a2b8730854b9a', 'ed9889961999ca7c6b28d4ba974b0b43', '713adec2fb673acbe7d65ae32bd69210', 'e31f3971db05ba049a1c63c9b81ae68c', 'fb0ea1298dac34d13964e48db5f88bc5', 'cfaac31569fde5488e004287a8b53c9e', '8b9f9bfc60985575a674cca58d7e5317', '4e2fef02fc39b2ec416e94a6695b4f0d', 'b5a6af2db994edb0d502c475e726ce67', '00d4da767157676c991fa883616e2727', '06836bf192cd1dc27d5f14ac65c3b74f', '42177dfae637314c039cba877f083291', '3e1863d44633651fa95cc0b5796d2c77', 'af24d77287e44bb01160efb2fb4ea5ee', '1f215da0634244209d7b398641542a4d', '5c1b1ceb395855621416e33b108576f7', '19583194e908fcb99774067afede802f', '45022042ff112386604482a9cd1f4a60', '395ab6a2519e3a67dd3af8323a5453d6']",0.3369181594230933,0.2475792136618824,0.16202671145279013,0.6175071786837218,0,likely_human,1.0,0.2475792136618824,0.3369181594230933
UCKE1pFEf1puwkU76z2Z02Og,-1,4,1,"['a76f18da43fc0aaf6b848fd3e43f804d', 'f635d791a9fe44447f1f3165053bd2dd', '80a2de531849492ac46c32ad5e0b0f93', '164aef916af668739fbb3e60c51537e3']",0.3728446869377184,0.24756839050568508,0.15548208277342182,0.467831440857314,0,likely_human,1.0,0.24756839050568508,0.3728446869377184
UCntX6_cV3labt8C16u55EfA,-1,1,1,['94eb209802f3a1f9c6c3b0ec99a3109e'],0.42226110317443416,0.24750653504887976,0.12673197440699652,0.30891320090033136,0,likely_human,1.0,0.24750653504887976,0.42226110317443416
UC03dQ9WbXb1ttHoxcBHeNug,-1,1,1,['fca1d3c77118096d7680c3ca28a207d8'],0.38278946514382384,0.24739199498148956,0.1361010479615176,0.47011942515145644,0,likely_human,1.0,0.24739199498148956,0.38278946514382384
UCUupLaUSLLLaePHXrK3YJVQ,-1,1,1,['018f034f3673655189f59b47b59d062a'],0.401317626827414,0.24738779888311463,0.14476078734855974,0.3669363050288301,0,likely_human,1.0,0.24738779888311463,0.401317626827414
UCi2VPaouuShFXS3b2c6FQag,-1,1,1,['86abbdc6f5af89ffcf691250f4f25b5b'],0.43590000319723005,0.2473475012525279,0.11433720610868692,0.27408295685147016,0,likely_human,1.0,0.2473475012525279,0.43590000319723005
UCQbwH3YWoIW4YnuS95_d_yQ,-1,1,1,['2324a588560c40006adcb4390906f21b'],0.36046285632285535,0.24733401175652503,0.19180155787281475,0.44613179213706206,0,likely_human,1.0,0.24733401175652503,0.36046285632285535
UCs6iSQ-tPjcssJDgNvn9Lew,-1,3,1,"['bc8fd35e6eac3c0f29530512b7e0a779', 'af6b9903f160d34175446d5353ea451d', 'ac03e4b8e74aae2fb8af9127c7512a74']",0.40251537618165534,0.24731503698783683,0.13093917249923068,0.3851050816927056,0,likely_human,1.0,0.24731503698783683,0.40251537618165534
UCZ6xasDcsCDL2wFvFTxIeHA,-1,1,1,['0d7c1b9a8d495e4d982b8d5ef9bcec85'],0.4096926476986651,0.24718870364233664,0.12970329888340876,0.35593297524187406,0,likely_human,1.0,0.24718870364233664,0.4096926476986651
UCHbhHTv0Gh7PFLrwJtJ9M2A,-1,1,1,['271d31f5da0f1605881f430e8a346b46'],0.369603782179021,0.24707827577451008,0.1862911644514697,0.4160491382574564,0,likely_human,1.0,0.24707827577451008,0.369603782179021
UC-qucpe3z811PUytR3CDBxw,-1,1,1,['a6a8f8de53f00f9f34e2637d40538ccf'],0.4124722558814719,0.2469249675289063,0.11142935966052515,0.3836218261770778,0,likely_human,1.0,0.2469249675289063,0.4124722558814719
UC7ZeZdMPEH38C_FqTtD1JzQ,-1,1,1,['181dc3201750195e4ba792dbdc5d4924'],0.3228177170451315,0.24688233986595068,0.15600268799724326,0.6810470288218585,0,likely_human,1.0,0.24688233986595068,0.3228177170451315
UC5aq2Qlh3nqyEBogW2k8Mbw,-1,2,1,"['e4594efd3c8dbd52b8509408dde80929', '7839b4ef04ef712ce6c63f494d85f474']",0.3644981076792322,0.24687721957441483,0.17668727584278482,0.4620897697219269,0,likely_human,1.0,0.24687721957441483,0.3644981076792322
UCkSpDGhf0Dr-ndys4MtiUFQ,-1,1,1,['6dd3653119ee98fa33125cc1cec16788'],0.41261284757879135,0.2468114926501022,0.1224452522880779,0.3545713560199573,0,likely_human,1.0,0.2468114926501022,0.41261284757879135
UC2hZe__NLW92DEsiP_E8CcQ,-1,1,1,['9d220d685afdd0e0382e865682969c1a'],0.3788978599757948,0.24660593859332539,0.17179057644346415,0.4002273584661138,0,likely_human,1.0,0.24660593859332539,0.3788978599757948
UCyRgiHQm6o8X2bkh_FOwZaA,-1,1,1,['d50e46d8d37682e1494b2f9cdc50af10'],0.34881594829922286,0.2466006476933824,0.19939476009695514,0.47529267830942656,0,likely_human,1.0,0.2466006476933824,0.34881594829922286
UCGTexKl4jjsUzVZHUhRWuDg,-1,2,1,"['e7a5bfcb5ddb4591e0fb3574bda2d361', 'b8ad2f5326ebafbd3f7362265146e4aa']",0.3709268966981838,0.24657867969359382,0.1214886167265209,0.5433630495435956,0,likely_human,1.0,0.24657867969359382,0.3709268966981838
UChCNfh4WIQHXEdMc38oWLkg,-1,1,1,['37e69e431526bb8dcdd15cdcab9fb824'],0.37539831549682035,0.24657532488758183,0.17377959725849562,0.4168690378461065,0,likely_human,1.0,0.24657532488758183,0.37539831549682035
UCXSkp7ZjxXTBcgDD_t5JrzQ,-1,4,2,"['5a9523aef88f244b7c19ae3be70909bd', '2f6a2799739e2c73e5286dcaced350ea', '392827e7df8b02fe1a6ec574b3fa9f22', '3b46e0edd9999a7eb5910679192a70cf']",0.33786821025636243,0.24657347435767216,0.18108572156812855,0.5652140680888499,0,likely_human,1.0,0.24657347435767216,0.33786821025636243
UCUjEWAFMhqcbhHQjILjB9SA,-1,1,1,['07a26aeb26f1d1c53ba7f6f60cdf8af4'],0.39057258746700935,0.24649489863228485,0.16789553757830972,0.35187955992235376,0,likely_human,1.0,0.24649489863228485,0.39057258746700935
UC02MOEeItB5zFoUg24nVbLg,-1,2,1,"['483f0e0fe3c09d2226a85d82e40c79b4', '6818ec5a86b69c0cf153f2e7e9acb218']",0.33638276243333387,0.24642811156894395,0.2115924596935653,0.512213880144458,0,likely_human,1.0,0.24642811156894395,0.33638276243333387
UCIKUrSCfTVsSxiFR9HdEdPA,-1,2,1,"['726f67915b045178fe461aa2056b20fe', 'd225392a31ddc104ff9736e08c4d1f11']",0.38636668772695115,0.24636656142786284,0.0711412486680631,0.5743514197538977,0,likely_human,1.0,0.24636656142786284,0.38636668772695115
UCakIy8OiOMtuC01WkxA36aQ,-1,3,1,"['350f2b62c28ba2a641e64f96c66b81cc', 'dc70e0b890ed2e32874e94eea79aeeb9', 'e3dc1df594828a820f8250fa53b92242']",0.3331883353945224,0.24634525403868585,0.19191766025336573,0.5619717161814161,0,likely_human,1.0,0.24634525403868585,0.3331883353945224
UC2nJBkaNyIJVeOtyYgrt8hA,-1,1,1,['6dad98c52193012f883b74acecf164cd'],0.421359977957616,0.24620707567366265,0.11527931664135385,0.3254921011990712,0,likely_human,1.0,0.24620707567366265,0.421359977957616
UCKED68JWmO_n20tke_BRJQA,-1,2,1,"['3be39fc3e8ccdb215e462b46781dd316', '7b8eb873c41b1cbe3a66ccbe1543de13']",0.3820745386989931,0.24618155932367647,0.15803246078764838,0.40802501963496485,0,likely_human,1.0,0.24618155932367647,0.3820745386989931
UCqa64kJiJw-uOxwnFtDw_5w,-1,2,1,"['1155d2e010e20c78df5ee025822584d6', 'f146ba66b3846469fdd1ec0ade402d4c']",0.3243636913655439,0.2461676337313228,0.1777723303436302,0.6246199374837552,0,likely_human,1.0,0.2461676337313228,0.3243636913655439
UC1d3q5WROfkp-Y5fUBvSW9g,-1,1,1,['6ca14d851d5a16b501697bf2d41756c0'],0.3591292981287024,0.24613448613564565,0.17025858402456512,0.4836194149848937,0,likely_human,1.0,0.24613448613564565,0.3591292981287024
UCdwtsC7Cwzo9v6j90KcXP3A,-1,2,1,"['77b7d4464201313fc488b244a9591507', '33b003f90203af4a6aa4a292fd326746']",0.32138585405957065,0.24612770886419982,0.1975310411300396,0.5982886094903372,0,likely_human,1.0,0.24612770886419982,0.32138585405957065
UCi1lrsWa7hmbpbcV42YFaAg,-1,1,1,['4fbb368457dbcb58057c64d25a8a8e19'],0.38485400882030085,0.2460663154591597,0.15594321974209913,0.3979331362047428,0,likely_human,1.0,0.2460663154591597,0.38485400882030085
UCKAfzRAB3WeeEZ6W62EVVXA,-1,1,1,['7f8a6e1e5642a7beeb7db71d11ee985f'],0.34847272614702274,0.2459643991198439,0.2090222130875788,0.4495664933117437,0,likely_human,1.0,0.2459643991198439,0.34847272614702274
UCSWjmN6UVpUpB_Ac3HStZKA,-1,2,1,"['aee706b60f72f70f61acc94f56f7e007', 'eaf1aafbdeb9830f14f8ceda096dceef']",0.3761508698515902,0.24586615946413048,0.15775415170738896,0.43216701033782773,0,likely_human,1.0,0.24586615946413048,0.3761508698515902
UCfNk4bGPAvhc6BGQ6ZTBQsw,-1,1,1,['226f4b749ffb50e2fec61dfe938f9a11'],0.34528380163790695,0.24586519608093813,0.17127473314356575,0.5393563373797263,0,likely_human,1.0,0.24586519608093813,0.34528380163790695
UC8zmHK0-F1VwE_F8Hb-UaEw,-1,1,1,['a0d3491d0383a573f26355eae6af408f'],0.38324570961593835,0.24580336209567238,0.15428340812056765,0.4053442299213045,0,likely_human,1.0,0.24580336209567238,0.38324570961593835
UC1QjBbiFdoaP_ShTrMoo7Sw,-1,1,1,['4a4592425a090a2eb1a2b742bac0303b'],0.40004507900397623,0.24573097377106243,0.12419344102242252,0.39915774151178707,0,likely_human,1.0,0.24573097377106243,0.40004507900397623
UCAb_-6zqnGl2aK4jh7Dag-A,-1,1,1,['f42709afe1debba9893a0759dabf98cf'],0.3267158281719096,0.24568400503010523,0.21576840891772267,0.5445828201155761,0,likely_human,1.0,0.24568400503010523,0.3267158281719096
UCqR2mATkDFxJdHYZUvRsEWg,-1,1,1,['bd3ed77b1a0817c6c1e0eaa4fa429db3'],0.37091861204934895,0.2454921250149955,0.1697704113586842,0.4321171359914991,0,likely_human,1.0,0.2454921250149955,0.37091861204934895
UCLqcZGfLm06xYitWZTeF9Ww,-1,2,2,"['469f07553b6d536b485f4360b9e312de', '281ad7df5c3b9c5077fd3f7f96798a56']",0.3628125719454457,0.2454123829539001,0.1652938048773582,0.4726435426555975,0,likely_human,1.0,0.2454123829539001,0.3628125719454457
UCiXDnjn4bGGc26Wbwi-9teA,-1,1,1,['6e2c0cd08c1ce42a8657b09077901083'],0.3669629828342054,0.24534795202327558,0.1731398690433534,0.43599890717403256,0,likely_human,1.0,0.24534795202327558,0.3669629828342054
UC7G2R1so6s6Mq09ukpjNjlA,-1,1,1,['c120d6b26d73467585696a362486db92'],0.3708133475220208,0.24534598911452293,0.15410975428116816,0.4626385757522561,0,likely_human,1.0,0.24534598911452293,0.3708133475220208
UCiBDVh5EtZafTckEhE8V9GQ,-1,1,1,['3b94163ddf1e03da87c7df420ba960bc'],0.3499052622685159,0.24532920676330588,0.1762619635710495,0.5047393377420826,0,likely_human,1.0,0.24532920676330588,0.3499052622685159
UCQqWwcBG_8yg74jgy8_pY6w,-1,1,1,['429a4e6500dc913c14faf25bc6afbdb9'],0.3494324691055374,0.24516284616975925,0.17142662509964626,0.5146570124460882,0,likely_human,1.0,0.24516284616975925,0.3494324691055374
UCMPxC7PGfd7f1erSWkCjZfg,-1,4,1,"['56748f63a09692980b71c8a0ca4582e1', '715cd2d6829103d0b0b1a95f705733fe', '1d55b05f0b1b848511e2ba81e7998bdf', '7f28762496c5d8dc3ebf2822e3dafeb1']",0.357988972599684,0.2449987681462374,0.15893450747687454,0.5032984762756734,0,likely_human,1.0,0.2449987681462374,0.357988972599684
UCxcHzPE_2bXCw3DUZF8ccgg,-1,3,1,"['191710faf9a13d0f363d6e3edaed8f89', '2fa0557bd97900a2a74db7bf0bdf8aff', 'e6f8c56a74cf77f2022844242fb03892']",0.3706870013675154,0.24495017049171847,0.13381381979552595,0.4984075729542449,0,likely_human,1.0,0.24495017049171847,0.3706870013675154
UCrxRIrgS-6dc09ddsjN8MQg,-1,3,3,"['37f8b1451b278d836d328287c5ced673', '2a2e4949d0b32ae83e842cca9a0e7740', '5c19d8a621d8e510b69604fae4718f5e']",0.34792923732883557,0.2448184309999408,0.15426742757497466,0.5582885739485618,0,likely_human,1.0,0.2448184309999408,0.34792923732883557
UCbFiCveMLv_jY2qr9Fj1R-w,-1,4,1,"['fe7e28a7eadb28e5cda26d4401cf9619', '070fb6094ec88e38f91705be031df32f', '0bea907afd5b7e821dae4fe5d68f69aa', 'f0f5e8692bc388b91d50cb34cf6f3e1b']",0.3496662012640493,0.24477503526530475,0.16303707000184367,0.5323104696836863,0,likely_human,1.0,0.24477503526530475,0.3496662012640493
UCtCl9VksOS5p_vgmhFFTefA,-1,2,1,"['b1bb4e4ff6a5f6536334a9d1723fbe54', '91cdeac24fee5982ab65387611e4822c']",0.311032365506884,0.24473529549135675,0.16576191696659548,0.70239000930311,0,likely_human,1.0,0.24473529549135675,0.311032365506884
UCuqHnx5ROKCe8FXxr5Ui4UA,-1,1,1,['d3331779a8e46588a0f58ad640d14046'],0.3793518168112093,0.2447215970355708,0.14686598686595176,0.42975797146875894,0,likely_human,1.0,0.2447215970355708,0.3793518168112093
UCYvl-7QANxObz-YBcCKqHGQ,-1,1,1,['7d8728cb9ec4bfcdf35f4722fce3a6ec'],0.3775152626965665,0.24455722628015952,0.16603481186068958,0.3973550693092327,0,likely_human,1.0,0.24455722628015952,0.3775152626965665
UC5NYbh-5DUjDXkJmg4Kdgpg,-1,1,1,['a5ce75627cd28c1f572633cbd8f39443'],0.36861630541686063,0.24453036383363702,0.1631560943692848,0.45088537765555337,0,likely_human,1.0,0.24453036383363702,0.36861630541686063
UCnSKrl0EpkITwuQQvmqkA0g,-1,8,1,"['18c46280c6eaf5bfbcf834542c5c6617', '56797fcffc032f3bf837150bd2794c04', 'bd2baf32e78f1a1e5a2c20271ee73c80', '9e04c1ac5f40b885a8b3efc9d5f9622a', '0925998944c23ec3c7d23ac594c5b665', 'b660b81485f05efc3b659eb01d5fed00', '3534b61b0640f9f083566e8b46176a43', '0bc430b3d0fa1f1da1b0d3ef8527412d']",0.34342897731029465,0.24430292859721633,0.1702893971038318,0.5408616947685059,0,likely_human,1.0,0.24430292859721633,0.34342897731029465
UCXDFeBOQZUUpYZdtOUm6BPw,15,2,1,"['a796879604791aca6c32431507365be4', 'a2cdfefef80a4cdf06a0d6167c9d4fec']",0.3162944628338658,0.2441797957035094,0.18875028283441195,0.4767653611803768,0,likely_human,1.0,0.2441797957035094,0.3162944628338658
UCRKp9xGVz9nIw_eHduy1E6A,-1,1,1,['7b5c0f782c56ebd0a0c475982bace3d6'],0.36134320937642095,0.2440527192675761,0.1850807498787767,0.42255747901038965,0,likely_human,1.0,0.2440527192675761,0.36134320937642095
UCCX79TmIJtG4Q3n-umMyE4g,-1,1,1,['9423b5dbec19c9064d8f929193939112'],0.3370026691257624,0.24398841281160408,0.15069661041451077,0.6120909063479556,0,likely_human,1.0,0.24398841281160408,0.3370026691257624
UCnRaeTDfZ741eLL07jPIl8w,-1,1,1,['e3321453440b528aeed0ccd0ba39d81a'],0.3604419771670976,0.24398695955896865,0.18559074522883393,0.4350157080046402,0,likely_human,1.0,0.24398695955896865,0.3604419771670976
UCSazkLaH6FjCoQRK74Xx2wA,7,1,1,['9bd12dc01ae23544280ca55e55650fa3'],0.35138179075531495,0.24396247027182172,0.1605321701852446,0.4284518837988686,0,likely_human,1.0,0.24396247027182172,0.35138179075531495
UCyKjiMy7YAjFVita_yXB7jg,-1,1,1,['d147990f33629c9087813c3d91569809'],0.34589897702603967,0.2438572473161443,0.173472286542773,0.5146348664003842,0,likely_human,1.0,0.2438572473161443,0.34589897702603967
UC4KZZdE6UWiAZFwXSwliaVw,-1,1,1,['253d479677524d150e863a0977c39005'],0.375071244600978,0.2437987882663611,0.15974201741987548,0.4119507360574581,0,likely_human,1.0,0.2437987882663611,0.375071244600978
UCBXGJIoB8tU7QElqDFVOClw,-1,2,1,"['da6d6f368df3c3482b4a927fa73174f4', '7be1de0c2f1277922bd95eb03fdc0ee1']",0.3559755585791446,0.24374925818947257,0.188380915701626,0.44809543003900854,0,likely_human,1.0,0.24374925818947257,0.3559755585791446
UCG3Gf76TgJcZMzAq-_YGjHg,-1,1,1,['f171dde1ff7868cf4b434634949d5110'],0.3349750718817414,0.24370089743781184,0.16681286157930003,0.5866541200590765,0,likely_human,1.0,0.24370089743781184,0.3349750718817414
UC36RC0NYzup8vYOgNxgLe0Q,-1,1,1,['76f2a064d5c5369bb41f857beb0987f2'],0.3659439483087731,0.24368067588783301,0.16357883807803159,0.4420594127729123,0,likely_human,1.0,0.24368067588783301,0.3659439483087731
UCd29SAn_stbnJbjVvULWsSQ,-1,1,1,['d72c71e9494342a88530e597c841dd00'],0.34924482550757446,0.24366218562699243,0.20701130153292435,0.43189784755236177,0,likely_human,1.0,0.24366218562699243,0.34924482550757446
UCB4iGDrfuW9jw8MLYUcRreQ,-1,1,1,['8ce5e013272762054ce4c22d9e7861f1'],0.33322956352357447,0.2435687844454638,0.1749941409172693,0.56736628427609,0,likely_human,1.0,0.2435687844454638,0.33322956352357447
UCpCpogDkJK8ZGDV5727duPQ,-1,1,1,['aa9af435778d848f7ce3608781f43e88'],0.37540139555956775,0.24345222284579748,0.1460535556422504,0.44363889098582626,0,likely_human,1.0,0.24345222284579748,0.37540139555956775
UCLYkz5AmNu5H0SH1OSNYRPw,-1,1,1,['ea5d7c9b7fe8ba0e9eb203328bc70f43'],0.36643445198671554,0.24318251084870735,0.1724791761374134,0.41765990508354245,0,likely_human,1.0,0.24318251084870735,0.36643445198671554
UCO31XKveNp-QvMTSkRJLlAg,-1,1,1,['179e15c029a9d6eb493e3cc798f84b46'],0.36067508986942676,0.243158028769297,0.17335719933869975,0.44490579547779996,0,likely_human,1.0,0.243158028769297,0.36067508986942676
UCM3GDXz0nSHP8cBPrWVNKwg,-1,1,1,['cd2b925271cdf753117099141701ed77'],0.3409517837818623,0.24293862907148078,0.20693146186250908,0.4598191059331744,0,likely_human,1.0,0.24293862907148078,0.3409517837818623
UC_SkT-RnCaT2UC-xqxJUnCA,-1,1,1,['be1298637f031e06947f56950232a1a4'],0.33345379871088826,0.2428121179578388,0.17753518608847818,0.5614403591376631,0,likely_human,1.0,0.2428121179578388,0.33345379871088826
UCsbYCTphDYeBRZuTsn08bDA,-1,1,1,['9d12abedb1c17ffef8f216283cda255f'],0.36858313752040317,0.24275031827643873,0.13955120135099391,0.46980826358249583,0,likely_human,1.0,0.24275031827643873,0.36858313752040317
UCWapX3mMvtOHL98rumK1OhQ,-1,1,1,['5264b6b6ca07c8c671fd5bd58713bf68'],0.3433974012038935,0.24267293442251578,0.15300006185440312,0.5608807902856952,0,likely_human,1.0,0.24267293442251578,0.3433974012038935
UCVNsTKh0wJzjisigxs4ylqg,-1,1,1,['81c14106e73b9efafb8634975bc50ad3'],0.3734160567959057,0.24265043030308792,0.16790587459655712,0.3913138548295608,0,likely_human,1.0,0.24265043030308792,0.3734160567959057
UC6tkfgPxHg--EeGUoaD4_jQ,-1,1,1,['ed50014442decff7f9429e170a7192f3'],0.334331094154124,0.24249915117319873,0.1905332808593545,0.5173985826178807,0,likely_human,1.0,0.24249915117319873,0.334331094154124
UCVQTygSgLx1rzVG6pUNVDPw,-1,2,1,"['aa44df0ab9f11b64ab429cc6add08188', 'c273eaed4428beaa965ecce56087d2af']",0.3734951321357425,0.24248398452926356,0.129460787812624,0.46896974617313925,0,likely_human,1.0,0.24248398452926356,0.3734951321357425
UCB6G-Nk5GlMGNffrMcdKO4Q,-1,1,1,['ee802b75c0bc26327bcddc520ddab18a'],0.36644165586219746,0.24239353765912117,0.14004927582436064,0.485820914297467,0,likely_human,1.0,0.24239353765912117,0.36644165586219746
UCVpl-rVcj-MiA92KtDENiVw,-1,9,1,"['ad4d388590b90a255fd126dee93d5a8f', 'e4d15f35115ef76b03b224bd6a0ec204', 'dadf10eae4b22cd25015fc92f77927ec', '7611053a1ed84062cd39d8f81a3c202c', 'd03f31d0f3c978283a382c6bfc58678b', '24fabdd7696d52a756a52c255957bc2a', '810dabee7f32d9102ff244b277606489', '42c4004abbf0b471e3c9d1b1150fa57b', '4167ce0bf656aeaa86e070c4791c1a80']",0.36281430794057046,0.24231725902081144,0.12354880709489456,0.5300383691606988,0,likely_human,1.0,0.24231725902081144,0.36281430794057046
UC4KeO1dqWYIerdUyBl0R02g,-1,1,1,['0ab236770269afc1f7f2a89e070e4e0a'],0.3388582560104522,0.24220226331985611,0.16832066993399647,0.5376883119694299,0,likely_human,1.0,0.24220226331985611,0.3388582560104522
UCc-CRPruJU57CrPgGuHI0Rw,-1,1,1,['456d3da17aa9e7793a0b0036895202f8'],0.33569785994940277,0.24187748444390686,0.1847114797070181,0.5182857767927845,0,likely_human,1.0,0.24187748444390686,0.33569785994940277
UC2t5NxAJG-FyhHukTVWiByw,-1,2,1,"['5522eb6483c26b482590dea0b5adaa3e', '5a9c988a541971671686ac14a609308f']",0.3291562075720673,0.24186712901742813,0.15256963444918703,0.6145731822166653,0,likely_human,1.0,0.24186712901742813,0.3291562075720673
UCKQhBcQtEyGYRB9xBMsKH1g,-1,1,1,['7cc41f810112d618c99c37595c2ac3e9'],0.34096421046387365,0.24178552454490662,0.16779963291664285,0.5390095586935983,0,likely_human,1.0,0.24178552454490662,0.34096421046387365
UC5_P8Lcig0WIoLL6Gw_8P-g,-1,13,2,"['c1bc43327bb2092c0b4ce4101121237a', '067ca4d593e27ca63b47897a33eaceca', '156e735b2ea5ac2403a45fa09e914fe3', 'b7567ff6c3fc4f97aa802482fd2b413c', 'd670ba925879c798400286e2579e32f1', 'ec2358f3ed29b7475d0cc1bb357b7c20', '4cb35f2118e41acafa6bee5bbd8ad678', '0cc39fb0bf2ed8b514423deefbc7778e', 'f914a43b484c63e958b5df7c5ca5e46f', '5c793509603067c6913534768f04d740', '86ccf395700ede0d3cb38129b22bd68a', '8d5531b758d7aaa3ffbc91e341a87868', '57814605c1e19d42c44286254c41dc73']",0.34890800656647336,0.24176444411713285,0.13495171091829816,0.5620497328543552,0,likely_human,1.0,0.24176444411713285,0.34890800656647336
UCN2sSGCM-sb2cN-WykWJsXw,-1,3,2,"['0e409ea212012b346da7dfaa1303b647', 'f17d09f2f8e9b61594843d46db836179', '00d24792b87984bf9227e917cc06dc1d']",0.3597667653958885,0.24168063207454493,0.1430853966459711,0.5006508267987072,0,likely_human,1.0,0.24168063207454493,0.3597667653958885
UCNMwhSemP6yqKEZazHIueRg,-1,2,1,"['0a421c3f1f4f782721b3586c6ad34dbd', '61fee0d559cf52e2ee9e7ec5cd7a7afe']",0.3723068853062678,0.24158937526704788,0.16574471502329458,0.390597755526531,0,likely_human,1.0,0.24158937526704788,0.3723068853062678
UCkd6W-2m2MEQvta14v2AzKA,-1,2,2,"['2938b00e5d887066e9eab1877401a6dd', 'd31bcdd3491a93a3d05214b462962cae']",0.33317135611820414,0.24155839832787185,0.169841966636506,0.5555495717714817,0,likely_human,1.0,0.24155839832787185,0.33317135611820414
UCFrx_QgPV1K7Y8A6UXG14nw,-1,1,1,['e3f3a59ebacd69741fe8fcf704309f50'],0.36187342565749697,0.24155747176810705,0.1696147916496266,0.43615100205338286,0,likely_human,1.0,0.24155747176810705,0.36187342565749697
UCIW0eWmjCz_rWUCQBI9JV2Q,-1,2,1,"['e99dbb5e3e712b26d4665cc64d8fee16', '9b4d90b45db68810263d9055beb9cb26']",0.3650085438609728,0.24149231373343424,0.13630079716676372,0.4840364057321739,0,likely_human,1.0,0.24149231373343424,0.3650085438609728
UCgBrTYJJH5aX4wo6z9FL8PA,-1,7,2,"['2574b593270ce489f0141ae769a505f9', '813640601c23a4f4d686681599b061a3', '9b6c8fb7cc1ca171aa5d196c42359b5e', '5859e1c124f1e73150926fe39febbf78', '3c838401d62bded940d4929f1aea1631', '6636c46d6ac514b1dd84b242a6f00b77', 'bd888f5ab07f1dcdf72045fbe2af683e']",0.36402333328357656,0.2414457630743904,0.13996208826123152,0.47980855419467133,0,likely_human,1.0,0.2414457630743904,0.36402333328357656
UCJKk3foKoxS3j6k-kQCJ_KQ,-1,1,1,['75d36490d2a0032c3c99600e20aaefae'],0.35777534938703065,0.2413676998541126,0.14537631735292622,0.49823351984922926,0,likely_human,1.0,0.2413676998541126,0.35777534938703065
UC6zgi8-t2jDkTO0UPSUKCUw,-1,2,1,"['e905e94071d682fbc5920541f0a1b249', 'b09d633d2ccc4eb0735a6d8f67643e9d']",0.3721715604944318,0.24129627114845276,0.1392797553650582,0.45040148265360863,0,likely_human,1.0,0.24129627114845276,0.3721715604944318
UCPw-ohGZAKaNuCWZ6dR0IpQ,-1,1,1,['4a5b2441d17bfc4c2b513b6aeebf7565'],0.3243829665871587,0.24118201755900076,0.16150382421985807,0.6120909063479556,0,likely_human,1.0,0.24118201755900076,0.3243829665871587
UC7QCriX9YL2eFTaOl22c0pQ,-1,2,1,"['98646b49230b520554522a89675337a4', '69935c51b71c7a646dd2c64c3d0d4838']",0.3510659176055546,0.24110897030219955,0.16025880516122518,0.5007365589998813,0,likely_human,1.0,0.24110897030219955,0.3510659176055546
UCRT817aaVgXP3cWlxAq-_iQ,-1,6,1,"['aeccc6bb320bf40e5c683df65ff681a6', '3826141dde98ef1ecc7540ad3bec8abf', '591023088602de07af4e5f99a126841f', 'e7c7ffeb9cd709c22c6389e5d043286d', 'f076284c7d2bb6749d33d2dbb2ee1dd0', 'cfdca818514ce2a2115a1d7cdcd38ad9']",0.36017048022623505,0.24092073539998723,0.15087147310355326,0.46752288429723443,0,likely_human,1.0,0.24092073539998723,0.36017048022623505
UCVB6rQIq_YO0E0o22vq7xjw,-1,1,1,['e5502dcf08e090060a2c999d68cf3ad6'],0.3578860121190719,0.24090372453894743,0.1726825468372424,0.43279618975266343,0,likely_human,1.0,0.24090372453894743,0.3578860121190719
UCklnryP_LZUIVga9B8sMC6Q,-1,1,1,['e5b8117f0d0ee40de440c849cb915a74'],0.3421221543601032,0.24080478587195497,0.20287968098661205,0.45156670505611046,0,likely_human,1.0,0.24080478587195497,0.3421221543601032
UCAH3L2VwTu5TSUM90d4HXEg,-1,1,1,['091d2450807208a44daab8d22ddc3e19'],0.36585117572493764,0.24070949171246442,0.1527511728550534,0.4385282769158936,0,likely_human,1.0,0.24070949171246442,0.36585117572493764
UC1VziYZJiKNZW8zQ7F3pIcA,-1,3,1,"['4371b06af88423c66b1a129522a5bd16', '4f8a47ccd4b172b421139a4a600829f8', 'ca40a35f9b3a63f2e253aee15a2695d4']",0.32914658874948594,0.24049799425130636,0.17893892182981247,0.5509358232463407,0,likely_human,1.0,0.24049799425130636,0.32914658874948594
UCK2rn6pdf5jMmgPFaX_vU1g,-1,1,1,['c379f26751fe0091fcf4fee9950c004e'],0.3470075655087046,0.24026197782940897,0.1860504503003213,0.44844083799586226,0,likely_human,1.0,0.24026197782940897,0.3470075655087046
UC_esX5JZlbaiI_cHGkxs0Og,-1,3,1,"['88d657f76fe762de456d043c7d823fc4', 'c2934e770f0dcd3d97d6d5c617f64062', '154056b2718801b42c355fbd0b3d6f1e']",0.35701496422573187,0.24020407670001007,0.16604926470275472,0.44277111812310205,0,likely_human,1.0,0.24020407670001007,0.35701496422573187
UCQXGlIaxFgRqjtCR5nEDWyQ,-1,1,1,['a3cc493e890f49ecd900c3f36c610cd0'],0.39631061460903194,0.2400736503683988,0.11430343678933419,0.379280485665777,0,likely_human,1.0,0.2400736503683988,0.39631061460903194
UCOM4a2QTWooucQrESCL22Ng,-1,1,1,['9835660eef9c7ad300858f0e04ce85f5'],0.34937574746170724,0.2399997119676292,0.16733158231072845,0.47283526148438326,0,likely_human,1.0,0.2399997119676292,0.34937574746170724
UCllglsbNR1roB91ob1GTrDg,-1,1,1,['81af64a775b6b0d385363d150a015314'],0.32806181407307,0.239943746368604,0.16064641454159806,0.5780815743690271,0,likely_human,1.0,0.239943746368604,0.32806181407307
UCm9bK3Ax63NPUE9C7EiJi8A,-1,1,1,['4cad0883d4eb769b6829fd621088395e'],0.34221604057165245,0.23975994436994913,0.1752361427263793,0.48632537961936656,0,likely_human,1.0,0.23975994436994913,0.34221604057165245
UCZHbjMHBKJtWweIuRiKn7Cg,-1,1,1,['e480fc2cb7c0db970f205f271875d17c'],0.3695755331772776,0.23946480535937809,0.13938948652243724,0.44001285735424844,0,likely_human,1.0,0.23946480535937809,0.3695755331772776
UCAiLU8MzgvF0oTXXBh0NAMw,-1,1,1,['2c123fa153cccde3e7f347ed2cdb681b'],0.3138271968290398,0.23921378310973132,0.19491178442198123,0.5774545060192076,0,likely_human,1.0,0.23921378310973132,0.3138271968290398
UCEKn5rETT53_NYyRts5t6LA,-1,2,2,"['ee25c7ad404e8f95bad2cd2a54e94385', 'bb2fb49a5cb258b22deecfbd2d30c4b2']",0.34355697280587766,0.2391747892518609,0.1625861624904153,0.5014560314741097,0,likely_human,1.0,0.2391747892518609,0.34355697280587766
UCsTNIgJqwdMHBNvXV-LAERg,-1,1,1,['6dd017dbe30c50dcbabc26ecf79d4a85'],0.3590016622363019,0.23900866817432181,0.1591235621348945,0.4431372028806174,0,likely_human,1.0,0.23900866817432181,0.3590016622363019
UC9-l8gjM_kWhJhWKjOyEAlQ,-1,1,1,['30083138523906aa6124dd554266f6d4'],0.380676599197991,0.23897176327987352,0.11128638102943059,0.43983135951391195,0,likely_human,1.0,0.23897176327987352,0.380676599197991
UCcqMN88WoC4fuWikdogk6YQ,-1,7,3,"['73fedeff3527b1a2f3b3c839979750c5', '3c6b55289de8682c5c7eee20b540ee96', 'e5f7622ad176cf0148dc73608b2844dc', 'b4aa426752726fb73480b7076b874f84', 'fc4037dceb7ffbc46bbbe7ebdc2ff931', 'ff4cdb08c94aef1df6f42eb3b7931413', '5ee8e3b1b572e135ee52bb21f70e9f0f']",0.3192602124842865,0.23858626087043272,0.1540051103317198,0.6223112770383376,0,likely_human,1.0,0.23858626087043272,0.3192602124842865
UCcP-XHmfw_m9B3-MPm7asNw,-1,2,2,"['d5c3de2c765121f6ef5fef1153db6773', '607e767279c71f045a0030a13b252d42']",0.30450787987288686,0.23857877253008805,0.21558387312037133,0.565198728978479,0,likely_human,1.0,0.23857877253008805,0.30450787987288686
UCry37N-xj9bmUgRfDoD5HnA,-1,3,1,"['9eecab0b667d8d6161a8f5e1f85daad0', '77de21641ee0dc248396e01da79314fa', '4daef30eb56f2e883799dd79b9f61973']",0.3532687160539199,0.238552158366017,0.16414750431393993,0.4539612615175965,0,likely_human,1.0,0.238552158366017,0.3532687160539199
UCXJ4BCSpYUpKzl2itoM2fuQ,-1,1,1,['f7f81679b48be828aab8696f8c46926d'],0.4250413941532059,0.2383371704296588,0.07920171957017828,0.3013952378255602,0,likely_human,1.0,0.2383371704296588,0.4250413941532059
UCyRCzDqdE1xkUFccRLTXkrg,-1,1,1,['58c3cbebe73e2569b4c0156bcfd27286'],0.3872510060742485,0.23833654651416117,0.12033251319213172,0.3872330492173516,0,likely_human,1.0,0.23833654651416117,0.3872510060742485
UCSR3Cs__rEmP5F2elxLAlYw,-1,1,1,['5c6cc1daf70882426baba3b5e6e6d0d6'],0.32659428319324535,0.23830445854008184,0.16929115654389648,0.5555574518193511,0,likely_human,1.0,0.23830445854008184,0.32659428319324535
UCPbX2ZJcyvBI8_rwbQG0pKw,27,2,1,"['df4bf4e003cc6539380ad5ee5a36b0d6', '15bd4513ced257551e9b6c0c1eb3db2d']",0.341433675985966,0.23821947378784178,0.12909105310532681,0.48367659465151314,0,likely_human,1.0,0.23821947378784178,0.341433675985966
UCXXQdiW_VYuMhNJE67dZhuA,-1,1,1,['dbcc67010885673850ffc6a22db0cf31'],0.3410777317503225,0.23812506697081956,0.1831062369836434,0.4582932177840929,0,likely_human,1.0,0.23812506697081956,0.3410777317503225
UChUJ5PfYUAUEQKaTUttc6Cw,-1,1,1,['99776a4f27fbaafc10bd5b1449c26cd3'],0.38736027302144577,0.2380976715275448,0.14489950137442137,0.3318987830310798,0,likely_human,1.0,0.2380976715275448,0.38736027302144577
UCqsNWmZmhOz3PVqcz5Oj8RA,-1,1,1,['dc5828494a5ac852aa4df8d79d283833'],0.34334501156777464,0.23791377430217675,0.19615193809543505,0.42781733155333374,0,likely_human,1.0,0.23791377430217675,0.34334501156777464
UCxiJ5eov2TWME4ihip7L65Q,-1,3,1,"['52a8bcafde40e6a80dee2b058548c31f', '5739ac6fd49d140f0bdd3f7c7a0ec50e', '08548913b460267e4e57ec148204a239']",0.3717404856636441,0.23761702534629647,0.10625705214794179,0.4832600550788193,0,likely_human,1.0,0.23761702534629647,0.3717404856636441
UCrSpdOiDRkaSljngY0PQR5Q,-1,4,4,"['fe24ed4664c406307db99d3e349fc0ee', 'd435302b2c53112e6ecd833380c55986', 'da7b117faff5c228416f07de317cf61f', '71d1e9a48390fc930f1bfd4459761c08']",0.3154108194600983,0.23749137240115895,0.19191465315413664,0.5550170739033373,0,likely_human,1.0,0.23749137240115895,0.3154108194600983
UCpYT6lXwIg1p8GqdzWx4G0Q,-1,9,1,"['fac6209be03d12aca6bf14fa5e89e962', '474c30c50356c4281cfc09ff0d899913', '248fa1c9e8b69c3f778c11163ed706dd', 'e45f70d9675301f676967814ad0b1c7f', 'b087c181d2c6841a37c94bb993aa79cf', '82217dd094e40218448243d79e776f05', '5c9af8fd7ba3ac646752bd1ba5c56417', '5a871cbe030f2d82c80b95ac538d6926', 'd83d40e6d834583dcd0ef1cac1706b41']",0.34142971242093545,0.23739838539895602,0.1530458892990849,0.5146348664003842,0,likely_human,1.0,0.23739838539895602,0.34142971242093545
UC_2PEVNF9n9cm_v09KKMjdg,-1,1,1,['548eb93b02b499309842a5d958767c6c'],0.31207130683905493,0.23734655699532653,0.21224233814931467,0.5198600620659836,0,likely_human,1.0,0.23734655699532653,0.31207130683905493
UCKvz4reZG7X0cKkQa6t_PZw,-1,15,3,"['77b681984824cdb4347ec94483580c54', 'e9a7ae237ef264aa5b1a69a798293eb5', '2d050a22dcf83a8470ac48076085c701', '614fec91f6df49a9dda6a278c915333e', '5fa5cc5c584a9fee9c7962cf31e91784', '1636c52babc351eb7beddb6340f26970', '12e8dc020a919b01297a7d3bd50dd3dd', 'd8ff07d27ef35ddf6b0556592ac7089e', '1a2a9dd1493ff561982eec97813cb139', '2520a61ef21908d2919ccb0b94d05655', '13429d20548ea899174fd3ae909c0bd7', '3bacc16af7a0ab9092832c0cfcf40904', 'cb05c91ed75582008d56a60059fdfe90', 'e1f16137221516c8d26b4831d3e3e340', '42dca84d173d04ccf0d8d2d9ea214e77']",0.3453346267864755,0.2373290094836938,0.1488053226713641,0.5041925978096016,0,likely_human,1.0,0.2373290094836938,0.3453346267864755
UCY83G7qqtrP7Frp-0KaSNcQ,-1,1,1,['0a2293eed0a1d741060fab1529935aff'],0.33117589726705055,0.2372831666082948,0.1726822978193816,0.5168360606578102,0,likely_human,1.0,0.2372831666082948,0.33117589726705055
UCAUJoWMicKCLyzfv6jlccwg,-1,1,1,['cb3c6027389254f97c60752be0aa097d'],0.35885496361475144,0.237176381508471,0.1449437369078939,0.45676503319004974,0,likely_human,1.0,0.237176381508471,0.35885496361475144
UC-TbK4tM0HavUGKMCcqVNFw,-1,1,1,['c5949cea42a1b5fa452d4182cd580ae7'],0.3966226026324409,0.23706299653493212,0.12482486018806717,0.32562396844223856,0,likely_human,1.0,0.23706299653493212,0.3966226026324409
UC_Cq-OBKIJEmc1X_pGBxK-Q,-1,1,1,['c9e9fc9ee20155e5cbc3a112e9295cf8'],0.33226972738167304,0.23699665129706599,0.1826911078144586,0.4878088411631182,0,likely_human,1.0,0.23699665129706599,0.33226972738167304
UCrtU9GtilaXqa2u7afRcUMw,-1,1,1,['45d8306d84f95d6e58a3c5b0c944834d'],0.34622240434660545,0.23687431211704557,0.14718703176006626,0.49855848453266305,0,likely_human,1.0,0.23687431211704557,0.34622240434660545
UC0H-a_1X3v1bsCdmp4oXR-A,-1,3,1,"['dcf4dd25d81c1b1f8529a5f3f6f28c55', 'b6b4e9e4540ca5df4efd248c88118126', 'b97311596cd0dc8e48090bce08eb21bd']",0.35170160299661046,0.2368130668501314,0.16121302693711237,0.4438174175188482,0,likely_human,1.0,0.2368130668501314,0.35170160299661046
UC7a-YpSOQv_BH3SXvXtdnNw,-1,1,1,['83ebdabb691b4fba793c64b64a9cd05f'],0.4113310433927717,0.23633906982621916,0.08454353054226113,0.33060286815602935,0,likely_human,1.0,0.23633906982621916,0.4113310433927717
UCTidAaYaf3GkdoezvS00hVA,-1,1,1,['c0bde247e37f63b0165bd35bf54d5b57'],0.3440173690264247,0.23614112583415225,0.17011930526492997,0.4540833254748396,0,likely_human,1.0,0.23614112583415225,0.3440173690264247
UC9hmMjRkcW2xRAo6g2Je41Q,-1,1,1,['ac43c9201bac872eaa90474cb910f25d'],0.314994435731454,0.2360940750299687,0.18893254262100592,0.5440072817846151,0,likely_human,1.0,0.2360940750299687,0.314994435731454
UCtSEB24yjPm4XCBs_cjUftg,-1,1,1,['add56f9b0c34c799267bd4fafe6c58f5'],0.3396106562698411,0.23596566180675163,0.1816561936226927,0.4476193037086114,0,likely_human,1.0,0.23596566180675163,0.3396106562698411
UCbTqJDynLlq1UXBMKGBj66A,-1,4,1,"['f855224c0bf809ce516412209b92e62f', '4f5fd18ce9efb1d0d33b09ca26c92309', '0323b2ab841b0fec03bbf5e884c94d02', '24d54e40ed0c6f3b743eab76dbb24825']",0.2600080806200591,0.23590354791189488,0.16894424803863334,0.8328395236893678,0,likely_human,1.0,0.23590354791189488,0.2600080806200591
UC_8G031QPI7y2nG3b6setyg,-1,2,1,"['fcd3d3d4465cce54624f4426ae20ae30', '986631efd2a7d930f03f6c7678a21036']",0.3485695077089801,0.23586627633670126,0.14315323384523473,0.4886855524443405,0,likely_human,1.0,0.23586627633670126,0.3485695077089801
UCk8SdMJBYSF6sxrcdFFW8aw,-1,2,1,"['e22a7c80e2820642dada16939cb2ef87', 'c30398343a9c3e9b0408f9f3cbb90443']",0.3581869932960736,0.23578118863255823,0.16392625839008027,0.39917419819895794,0,likely_human,1.0,0.23578118863255823,0.3581869932960736
UChAV7SZikJzAxI-Vo1H0nwA,-1,4,3,"['5f492c8c2cab6e208c486cb32b55447b', 'de71ac10912c2b69fe5f1bfe95addffc', '5dbff1e68e37ce9c6da6aa5e3658daee', '312361efbbed0a8544c7fd6700bf5423']",0.3582794186484231,0.2357535478523872,0.13030964792541067,0.4697345720543236,0,likely_human,1.0,0.2357535478523872,0.3582794186484231
UCzINoiEVDnoXx78IiOsdrTQ,-1,1,1,['a56f866abd397b2bbb37a913abf85bad'],0.3296392290783762,0.2356891538012463,0.19630476580723363,0.46785727508902325,0,likely_human,1.0,0.2356891538012463,0.3296392290783762
UCd2l-4W6PkHKgB03ObqcWMw,-1,2,1,"['97c939e2ad6e1e400116985b301c00b4', 'a93ba7794f1fd49424801486f1d0ddc4']",0.3398506690915718,0.23563550763308092,0.17021526631493566,0.4756003134727382,0,likely_human,1.0,0.23563550763308092,0.3398506690915718
UCUWNXQIS_5XEMGBgW3FBKFw,-1,4,4,"['80e04803bf80b3129cd326ec219b5b82', '8cd70faf3fbe3aba0e6d94dabdeb41fb', '31f144cbe99ce983618c0fc74e7c9687', '57b77a8ed4484e8d89a8efaa6a4f6f61']",0.3087295148574712,0.23544743829504783,0.18871031592892037,0.566566092986615,0,likely_human,1.0,0.23544743829504783,0.3087295148574712
UCWKbCTKfS9__5YiTuVEF_8w,-1,2,1,"['4d58b671d6ff76720850e61a97b4a7d6', '308946062bc2fd30a6949578fe2fe7c1']",0.3200458570244378,0.23534003099821865,0.16813844106689033,0.5573076200482022,0,likely_human,1.0,0.23534003099821865,0.3200458570244378
UCL6b-xwkDdpfOA_KtIFh1tQ,-1,1,1,['e1d1b0835a7d7e9c6d3c1999ab1af614'],0.3432409708101476,0.23527736228700294,0.14760080027405698,0.4947038856210348,0,likely_human,1.0,0.23527736228700294,0.3432409708101476
UCdTw0mMTTEiEhPJaEd7zGWQ,-1,1,1,['fd886b0662b16bbce407692057d242d1'],0.3314193814496059,0.23527158281957164,0.18695285705794595,0.4647896005851535,0,likely_human,1.0,0.23527158281957164,0.3314193814496059
UCN7rjuIP9Ag4pXOzeYGd7cg,-1,1,1,['1f68381a92ca2d944895879323463fb2'],0.37565634118224106,0.2350655929623784,0.1359567397530556,0.37809478247561656,0,likely_human,1.0,0.2350655929623784,0.37565634118224106
UCwar9l-yDI82ggRg5-43jFg,-1,1,1,['128576172ff5d53c7c1a67f9bccb943f'],0.30026527441200074,0.2349535926268173,0.1989464179303775,0.58371017856698,0,likely_human,1.0,0.2349535926268173,0.30026527441200074
UCCPZ_nqv98mbUkN1mM_GKqg,-1,1,1,['9a10b43dc936b016956d3c04732133ca'],0.36109352753586355,0.23493611573506612,0.15385878288061697,0.39938754504921753,0,likely_human,1.0,0.23493611573506612,0.36109352753586355
UC7W5a6AfIUE8fEg9bN4v5KQ,-1,1,1,['7a61d930cc0ab60377dbd58087c11d20'],0.3300133639828362,0.23483333939005127,0.17785399086829393,0.4899140066250852,0,likely_human,1.0,0.23483333939005127,0.3300133639828362
UCdEzxeQH24n9uWW9wtIW8pw,-1,1,1,['5887c72ca4c4fcda14330cc780f8af8b'],0.35366662706833074,0.23472565377702032,0.13677360958246984,0.47189662020585166,0,likely_human,1.0,0.23472565377702032,0.35366662706833074
UCoDjDBxELy_djIq0SMBBkMA,-1,1,1,['3e2955042b7b8814264ff58a55962741'],0.3703444277703399,0.23444958943195307,0.12840104970273125,0.40581525316696715,0,likely_human,1.0,0.23444958943195307,0.3703444277703399
UCrzIAv2M3nv2OM-uiJfETFw,-1,1,1,['2c261b47c5e9bdd81d1cfc816bed1b95'],0.4115873467616785,0.23430344953736174,0.09479726781897414,0.2960906492062694,0,likely_human,1.0,0.23430344953736174,0.4115873467616785
UCoNwS0w3APw53vGvmoRMHvA,-1,1,1,['5acfbde066509556b382109ff02aa791'],0.32478136907578425,0.2342490016327879,0.2114912448360349,0.44163764920703763,0,likely_human,1.0,0.2342490016327879,0.32478136907578425
UC1_D2tdCmCmINbZBG830UkQ,-1,1,1,['c538b4df02f9877022b361e2c1c7a413'],0.3610341591666556,0.23420996873675967,0.14039037746900057,0.41906676237986096,0,likely_human,1.0,0.23420996873675967,0.3610341591666556
UCvarhKggC81sZKAOpd8FpDg,-1,1,1,['959a8f6d53d47daf4f682d8b1b7fe417'],0.39386336304975167,0.23420557566856381,0.10340855508133663,0.34785773436256834,0,likely_human,1.0,0.23420557566856381,0.39386336304975167
UCWWluKKt2EF6Qgf207MgDjg,-1,1,1,['613a421c68631f1ac7ce4fba8f5913ce'],0.359040318030836,0.23408610578156822,0.14123228830720655,0.425687926391397,0,likely_human,1.0,0.23408610578156822,0.359040318030836
UCV95PuhnMKZmmbBhxzsElYQ,-1,1,1,['537c75e94c2e72257a0216eaf19aed6e'],0.3025798633858291,0.2340484349814435,0.222156432843187,0.5100675796525322,0,likely_human,1.0,0.2340484349814435,0.3025798633858291
UCqHp3k1fQiqW0GSWM_x2nZw,-1,9,2,"['79a95962eb1ad43a4bb13f70a314678c', 'eb3fe4d96b23bd11f3818e49061f0c43', 'f6fafd317df60f025c44a742a7457bc1', '8a1afb0779578aa1a7a4081627430992', 'f080cd4fcf2a94884610a1bbacc9e2dd', 'a6babcf7f366f9b1d98d7be4100b13d6', '708af4321552d6f51e3b83506e254174', '859108789d8b50915a3a35aabef71058', '4950690bc42cbe106922226659fbe3eb']",0.32143137077626927,0.23396785773445533,0.15283821733940298,0.5700448312579836,0,likely_human,1.0,0.23396785773445533,0.32143137077626927
UC2-GQjwaTpvReeLF8_Mq3CA,-1,1,1,['7074c1904808d4f2dd0f501847e32ef8'],0.36108362728165205,0.2339045064418087,0.14316463018768216,0.4160491382574564,0,likely_human,1.0,0.2339045064418087,0.36108362728165205
UCzXyq-qv6YKzzi6El3IkJcw,-1,1,1,['72575291bb7d1d6c4071de81b1f7337e'],0.32198154681936064,0.23387547448873072,0.19884373295299423,0.47493412184562606,0,likely_human,1.0,0.23387547448873072,0.32198154681936064
UChinvPZanfd1I21tiBtt_4A,-1,1,1,['fc641e8881f01e0413a84bf1b5e85727'],0.3390772167143925,0.23383801396331982,0.18341777772665604,0.42481420799827707,0,likely_human,1.0,0.23383801396331982,0.3390772167143925
UC9nSY7vV6RVuFj9Z0jaLIFw,-1,1,1,['31798effbe67d56a32f97cba562f59fb'],0.323123205882911,0.23376123836064902,0.18119830225694136,0.5006674521156113,0,likely_human,1.0,0.23376123836064902,0.323123205882911
UCW0i0eUxHz32HfqVNeT0tbw,-1,2,2,"['d11e8e7cb80909d67fc218afabc1cb2a', '718435a60a0a9b11b75a38d0eec1b261']",0.3030439893739586,0.23375543939953233,0.1895006128120017,0.577179554099057,0,likely_human,1.0,0.23375543939953233,0.3030439893739586
UCZe7k4EA0WWLb_a9D7Qfiew,-1,2,1,"['60488f562942e9d59689e827154b8a26', 'fcd9fab14322ac326dee281955c7e296']",0.33784302600101146,0.23374274392279573,0.16973545406306653,0.4665789858808222,0,likely_human,1.0,0.23374274392279573,0.33784302600101146
UC42O3XmOOHkNqZvrsmhh4lw,-1,2,1,"['ff2fcd3323cc408209041dd802477b89', 'f596f8244c942531132733a669982814']",0.18668873857751309,0.23369922791030706,0.13976534011968675,1.0000000000000002,4,likely_human,1.0,0.23369922791030706,0.18668873857751309
UCdqQqLujl_7uU55IAhPntWQ,-1,1,1,['93794a7e78d8c3a4abd19581477585a2'],0.3070175421636856,0.2336824809395765,0.20175899363572009,0.5383959782793869,0,likely_human,1.0,0.2336824809395765,0.3070175421636856
UCvCThEYjUXS1BPL6uhR_qLg,-1,1,1,['f6380825ca4fd241749b7d9fa7dd8331'],0.3630932210478768,0.23347482135527514,0.16372784502896587,0.3584271336019305,0,likely_human,1.0,0.23347482135527514,0.3630932210478768
UClD0pO84GAaM9veZQwIoGtQ,-1,2,1,"['b868251ed34cfab431a20e63fe4a49a1', '115728b149462d8f183b9fe543ee7355']",0.2944701825594723,0.23330817949719776,0.1883222939296156,0.6160507770256363,0,likely_human,1.0,0.23330817949719776,0.2944701825594723
UC7DCRt3STLpJ0dn5biB-WWw,-1,1,1,['40cf3b2e4eddb8866b0bc478371a8ac8'],0.3161885700000396,0.2332492586346031,0.17298481061901883,0.5462446948471742,0,likely_human,1.0,0.2332492586346031,0.3161885700000396
UCkQ7wtYpib_593YWOi_uXMg,-1,1,1,['607bd25b27b657305031bf94b777d8fa'],0.3469794905321291,0.23298073604225766,0.16150741876643995,0.4264573641899959,0,likely_human,1.0,0.23298073604225766,0.3469794905321291
UCqVuwFGOCTy5v528SvEcL0w,-1,2,1,"['86cc7abd67071d44b8dc6e38b1f514bd', 'd09f8641df0dcd743b85ee795c2ae489']",0.3263709275236862,0.23292749995533335,0.16861396396863254,0.5126329269029473,0,likely_human,1.0,0.23292749995533335,0.3263709275236862
UCxm7K2OdssR7mCD_20zuRnQ,-1,1,1,['d15f85217c0fb7a1ef1924f3bcdfaf19'],0.3199504994558634,0.23278502258477574,0.21380482320898267,0.4471373019270696,0,likely_human,1.0,0.23278502258477574,0.3199504994558634
UClbJUvJbzCvKUpxKcel-MdA,-1,2,1,"['2ba2370d0f7248dae3904f95eb59bbae', '74f2bd75047612cddb5047458a76c7cf']",0.29571785248396,0.23265218896072162,0.15302174380437356,0.6738517312154999,0,likely_human,1.0,0.23265218896072162,0.29571785248396
UCnu3VsAEiXNqtM3lFZ4vL5A,-1,1,1,['a463db134676518dce6ffa9aaa180a28'],0.3490202404086248,0.2322871914053697,0.15133742443051973,0.43080249868782794,0,likely_human,1.0,0.2322871914053697,0.3490202404086248
UCNzJB4rIj-DFBXh1p8Ura2Q,-1,1,1,['f518679a3348e8419999b3cac67d9ec2'],0.33084316671320907,0.23225934252608368,0.14721005927257358,0.527272405361569,0,likely_human,1.0,0.23225934252608368,0.33084316671320907
UCwhQz_zFm-Xwnu60Mjb5uEw,-1,2,1,"['45694d16ae8f341ad3ea16e1797c1312', '002246694e398918d9d1da260da5dac2']",0.33775723314540335,0.2320878369130809,0.169712274826762,0.4485192749325557,0,likely_human,1.0,0.2320878369130809,0.33775723314540335
UCD8Ju8zS4psaUWbnqK2Kb0A,-1,2,1,"['572e8cae1461ceb8dee814e8c3464657', 'abd5790439b792ba978cb38e9dd7a474']",0.35284505333677363,0.23198506001961802,0.14355527995990505,0.42729158284472896,0,likely_human,1.0,0.23198506001961802,0.35284505333677363
UC-k_tgT_uZrwc4TvFwhWNyg,-1,1,1,['02573174aa680da33c1354ef506c9a1a'],0.3194847593867183,0.23194869798158468,0.15995714776534684,0.5433345718557776,0,likely_human,1.0,0.23194869798158468,0.3194847593867183
UCAnZuBW4U98gwsvN-XyhfEA,-1,1,1,['f070e96279a3ba71e32c4fab44edd478'],0.34928759884400506,0.2318479561350617,0.12007522285105687,0.4890308913571212,0,likely_human,1.0,0.2318479561350617,0.34928759884400506
UCykS9EXkbjcT_KiURF6oN-w,0,1,1,['423c74ad508ecbad7326693ed14caa0f'],0.3603560710873127,0.23182818189712134,0.09779601124212238,0.39573964710008813,0,likely_human,1.0,0.23182818189712134,0.3603560710873127
UCmIS4gBF0Dcv63NdgO1qvSw,-1,4,2,"['60cec73e7fa9d0e28f141d20956eefe8', '27d633cd7b4cb1dc049b798c52844292', '6b92842871cc16649d029d69ac23b9c3', '8f520d57e9ee671e3d8bf54e1a7dd575']",0.32947808773457443,0.2317226671926679,0.16076219034445133,0.49412509000852345,0,likely_human,1.0,0.2317226671926679,0.32947808773457443
UCGGFLahyrUCpBw-zwx-ADPQ,-1,1,1,['3f12c124c6eb128a6ea183cae3861c18'],0.34642980494004794,0.23165687156502146,0.1604697482070362,0.41700028645457315,0,likely_human,1.0,0.23165687156502146,0.34642980494004794
UCEu0cBAeuvoyjsbQsvZqZfA,-1,1,1,['03ddef89adc73c61cf2c9a43106c970f'],0.3694214623876063,0.23119838216704391,0.13432408174983335,0.36941948126786817,0,likely_human,1.0,0.23119838216704391,0.3694214623876063
UC2_sfmO7iHfmlTDYv6ViY1g,-1,1,1,['7c9409b913aa0453ddbb1cfce4337273'],0.31190349971746034,0.23107201521664683,0.20567682352355512,0.4805920487217959,0,likely_human,1.0,0.23107201521664683,0.31190349971746034
UCwlNAyHPoc9B4AvXhL8oeyw,-1,1,1,['2e374c90ecc7e0fa9423e6434f7f563a'],0.3669782258869056,0.23089593002282874,0.14443681150451906,0.3577963008842312,0,likely_human,1.0,0.23089593002282874,0.3669782258869056
UC4A0MFntchkaLWUJTRQnF7w,-1,1,1,['f8a0541a15c7900c3a72ea47518dcefa'],0.30040236961642586,0.23087581210474373,0.15478527741906975,0.6246199374837552,0,likely_human,1.0,0.23087581210474373,0.30040236961642586
UCpo4U3d2ZozYI1bk5QaM_xg,-1,2,1,"['6825c076dd25d36aff0b96e028b8bc94', '88a9a6935cfd728f50c0e2a10b34a7b7']",0.2648419876438063,0.23081050777660955,0.15291857199691242,0.79377863488338,0,likely_human,1.0,0.23081050777660955,0.2648419876438063
UChU22TUz9avk_N6Fmde_1zQ,-1,1,1,['5567f5a7257fe93f99ca90df4b61d3b2'],0.3434746697531204,0.23074223415567596,0.15269339220349515,0.44363889098582626,0,likely_human,1.0,0.23074223415567596,0.3434746697531204
UCrYAHH5xO0LPaGLTRNj6aBw,-1,3,1,"['08eae82ae16ff86d91e61acfef5c5933', 'b38db28cdd242b4e32dbd03fea45136d', '5feaffb9956d72074eb51c15a94b823e']",0.3221028111791158,0.2307188251944821,0.18029666638241174,0.47677586330375155,0,likely_human,1.0,0.2307188251944821,0.3221028111791158
UCXTcNdsfbGdMln4byEu-lrQ,-1,2,1,"['295808b23041d68f6969514f39267746', '3f1eac4494993d20efd5750cb19c42a5']",0.34329966462441835,0.2306463143673989,0.1391741490257172,0.4654194902379884,0,likely_human,1.0,0.2306463143673989,0.34329966462441835
UCQ3kzNdHfmZSE5OIrs94YGg,-1,1,1,['e38e506565b37516171f3d9d95f79804'],0.3443784945544236,0.23061078088277434,0.15832652191969945,0.4203437434063985,0,likely_human,1.0,0.23061078088277434,0.3443784945544236
UCURbOAC6hsG2105nXPlssIg,-1,1,1,['db7767f43835a40265ab2c04c90c1c91'],0.35473813999095904,0.23015964364385244,0.16339373564258175,0.3664711979682514,0,likely_human,1.0,0.23015964364385244,0.35473813999095904
UCeUb29KFp837u7MfPdWS9mg,-1,3,1,"['ec681124160cfc9114fd77ac9b131eec', '5e7a347f724b5e9512343aa72f29bc12', 'c333792bc1543cde71f477c26aa0e180']",0.32285206251433424,0.23014209953821202,0.15442706875222326,0.5220499686044244,0,likely_human,1.0,0.23014209953821202,0.32285206251433424
UC5taSBVpDRALC50yxdLVlTA,-1,1,1,['7e9922216be941977ee64d801d2403a6'],0.38673390685940606,0.23001501186835635,0.1131251048224347,0.32176845216585165,0,likely_human,1.0,0.23001501186835635,0.38673390685940606
UCn5m3kPF28E95-2st8fEU0A,-1,2,2,"['0651af8d1797460f6fb4bbef2542db12', '3aee8458b2fab0298b3bb866aba034b7']",0.37059902754382334,0.22956804854162471,0.103975262839494,0.41077330476483653,0,likely_human,1.0,0.22956804854162471,0.37059902754382334
UCNkeJEgT70n0PtNKwFLSWCQ,-1,2,1,"['96fed82d5c7fd9bfed8c193db1da9e4f', 'c451fe94796ef30ebaf5acb2b606cd50']",0.3169556496305943,0.22955348709073525,0.1859615991810706,0.4763961800814558,0,likely_human,1.0,0.22955348709073525,0.3169556496305943
UCPNaMqxws19jAsBqTeU1NSQ,-1,1,1,['0988b191c5eee3402fa61bbd87e72d5b'],0.31509655833833894,0.22954671953591715,0.1915100170736543,0.4722799945032918,0,likely_human,1.0,0.22954671953591715,0.31509655833833894
UCBKhgRN7sf_YARroSU_XbKA,-1,1,1,['41385284d4168a47f1b5775d49ede2d2'],0.32814265300084533,0.2293293338275348,0.18712527014211247,0.4215450213236559,0,likely_human,1.0,0.2293293338275348,0.32814265300084533
UCXbqsvPZdwsu6FJEnN-tpmA,-1,3,2,"['b08df6611041d4c76ffc51d0f862f709', '594927051733cff0cd8ca0aadd43d246', '5c4b5be18cd786be2a1704b78d6b3e0c']",0.30112568426722075,0.22903396513399918,0.1789440422977443,0.556130352867345,0,likely_human,1.0,0.22903396513399918,0.30112568426722075
UCPFyY0XoqxQx-n6RZMH5Ldw,-1,9,1,"['1e7e10adc6ac195ce931ddfa14209952', 'e80b50dcf3776f5829eb783ff86a0893', 'aabc283166821d5beaaea9e97c499768', '569203131abdd8db1f2dedae55a3e3c6', '99b2192c805f0fb9be45f3fb76c0b2ca', 'a4e7d1e5ab3456a2f69ed65f77cc2a80', 'f13eb32c2901a201774a561d1aeede78', '246b30fb7073a0e795b1f936788e7c91', '2b9e112af9324dc56e5a195d77941774']",0.30713611883497766,0.22901670192270324,0.16828940913622278,0.5515112058625131,0,likely_human,1.0,0.22901670192270324,0.30713611883497766
UCqFbQ2g7xYvS1NkBHFVJfOw,-1,1,1,['a9ba507db8634d9d0503c08a6b3b5973'],0.28049805009267037,0.22881629052014835,0.21794884328594694,0.566631395152103,0,likely_human,1.0,0.22881629052014835,0.28049805009267037
UCtrf6ZiE6hw3k77hGpnuQWg,-1,2,1,"['84720a28798c42d58493288e55860826', '682a46e15986cc7bc90b25ef5dbce04a']",0.34392300527201286,0.2287532578050503,0.12614409360240642,0.47606569839074164,0,likely_human,1.0,0.2287532578050503,0.34392300527201286
UC_8pTF6q1gXKpJ6Y5iIMqsg,-1,1,1,['4c453426c15fd5dfd2666b646ad35838'],0.2887168834762237,0.22858952843254632,0.15153911508337395,0.6634620198051093,0,likely_human,1.0,0.22858952843254632,0.2887168834762237
UC0bN8JagMTQ1ywkfOTYCPAA,-1,4,1,"['bacfe22b52bf83aa340c38c48d10be2d', '4ea2f49f424368ef53cf309630bb14b4', '5b213cf300856d165f633116b53290a4', '719fce71db9d5558fddaebbd77fe8a0d']",0.31441431136566245,0.2284943764852475,0.15788213483181904,0.5372990870742455,0,likely_human,1.0,0.2284943764852475,0.31441431136566245
UCpI840bOVcEYtRf1IgAJ7PA,-1,1,1,['5fe6fd4298d12f7de4b7c37dc6ab3476'],0.3469727356709591,0.22845938947351485,0.1454024698907403,0.422089453567083,0,likely_human,1.0,0.22845938947351485,0.3469727356709591
UC-BR3r_cuMgTnimGQi5N1Ag,-1,1,1,['8ffd4ebe710ba35ad518154f916b537e'],0.34859063060199497,0.2284084640396522,0.12912758175401975,0.4417367212093591,0,likely_human,1.0,0.2284084640396522,0.34859063060199497
UCZ0y1fhXqdSdBuJTT7Ql5BA,-1,1,1,['45cc2a161359d566bf1d9fdb1b3556b1'],0.33765317228702285,0.22828799445063164,0.14579508424122617,0.4577169455644935,0,likely_human,1.0,0.22828799445063164,0.33765317228702285
UCNyR07d9kSKHmVgZy402jTQ,-1,1,1,['6a99ba3f665a49dd31a0bc4d82c39222'],0.3524731510958955,0.22828578518570802,0.13665571084820474,0.41355139563031285,0,likely_human,1.0,0.22828578518570802,0.3524731510958955
UCHPwz03Ao7HeMlvEn32ampA,-1,1,1,['7d85dbac62e0c7960ea09b883d8b5fef'],0.3629339163504404,0.2282557194352583,0.13515091000093005,0.3657594050159885,0,likely_human,1.0,0.2282557194352583,0.3629339163504404
UCyPhUhZ6VKMEJm3QSmZsw3A,-1,1,1,['a3f6f28541c4d6ac5d57b444a96e8094'],0.32589211573384225,0.22818264413285205,0.13283397764032642,0.5328970598866903,0,likely_human,1.0,0.22818264413285205,0.32589211573384225
UCJYAx-m2ybY8cf9WFVa2cXw,-1,1,1,['f0ddac68843daa2f38bfb24c9564c9ca'],0.32278687514850835,0.22803940709279596,0.15346030589863072,0.5115499115494251,0,likely_human,1.0,0.22803940709279596,0.32278687514850835
UCRtzuUTceXvuJQUCn1QUE-g,-1,1,1,['8c75a1ad5fb3a5a72dc97fc6b6d01313'],0.32754283484910574,0.2279907939200861,0.16023446563444932,0.46864885731376626,0,likely_human,1.0,0.2279907939200861,0.32754283484910574
UCxZNQFprWae4dAczZQkciMA,-1,1,1,['4e0d666b65250d3763a9050ef4f9cc4b'],0.33364858211323967,0.2279490154427468,0.1460555767031869,0.4672569888615097,0,likely_human,1.0,0.2279490154427468,0.33364858211323967
UC1GbjySfooaPg_8p-xAuYZQ,-1,3,1,"['bcaf916801cb734b8d72d989323857f6', '395a7a90f9818def864123b1d674a067', 'dc3ba107dfaa90126cfc4b142ea6a24e']",0.28098266856906046,0.2277652991178986,0.17991351907751496,0.6330511222097805,0,likely_human,1.0,0.2277652991178986,0.28098266856906046
UCSzfruIYTMmQWRhsJ8X1IaA,-1,8,2,"['f18baced7b7dc4837b41d7eb017cac38', 'ad2881eaebba1ff9dbf079c16f7c96fd', '4294da0c355f1f5807760298ad195f91', 'a1d5d926875b79d51037aa9d6b1442a9', '431244602f9b6e959474f555fdf3c603', '838917cb3325431c4b8760f8d7d33de4', '3bbc6ebff828394e10c2b782d70e21af', 'eb0f27ad6c8487f9da244f3d8a49fd30']",0.32491829145020024,0.2277121013792343,0.1575330927414535,0.4803769137410809,0,likely_human,1.0,0.2277121013792343,0.32491829145020024
UCXZaOa65i1e-g9icfJqO5MA,-1,1,1,['8da9b41fba07fa11d3844c3815b6a583'],0.2960895790909107,0.22762185727347564,0.19199394485517648,0.5429315270353908,0,likely_human,1.0,0.22762185727347564,0.2960895790909107
UC1u6F6vbGLyuxsu9k3RpRTA,-1,1,1,['a8122e500a0bb17545163b87308b2169'],0.30247325245377044,0.2275462250244294,0.20789108771461529,0.48468327986658266,0,likely_human,1.0,0.2275462250244294,0.30247325245377044
UCPms3dRlA5W1sDGWUI4wWTw,-1,1,1,['61036e0657a329558437f6454eb5af97'],0.2879792313459767,0.22754473389746205,0.2298905691475248,0.49772957277305335,0,likely_human,1.0,0.22754473389746205,0.2879792313459767
UCPHgc4RbWFeRGB7Y-H4uzCQ,-1,1,1,['52ef1d72f0b477c3e22e0562291f68ce'],0.3388226258859878,0.22744214463206894,0.15914228165093364,0.41337172136785133,0,likely_human,1.0,0.22744214463206894,0.3388226258859878
UCQAHF5nn974Z1gWgfBcQ_vw,-1,2,1,"['a2e0920a70a6b7d6aea0eda80c6075a3', '005aad2828990abe33e04b47e8c84309']",0.31256357555096664,0.22738591737278685,0.19239503329290755,0.471136176907025,0,likely_human,1.0,0.22738591737278685,0.31256357555096664
UCtDT0UdfTANQy73gvTe2XJg,-1,2,1,"['4d1664b7c84af8d86c0a4a788a8d3325', '4c94d0f35911f3fad595a6f5e8ebf4c3']",0.29563229517128503,0.227287876597695,0.19542817174953397,0.530614870002842,0,likely_human,1.0,0.227287876597695,0.29563229517128503
UCfsXcDsW7Fdc9AG6L73sv1g,-1,2,1,"['071bca8fa04df6d88b4378468bce2b87', '30ed3337f5be3dfd30c94a928b996a2d']",0.30805387290976793,0.22725394132823873,0.17602979238345726,0.5214724634348886,0,likely_human,1.0,0.22725394132823873,0.30805387290976793
UCFJH6sgMrINrG99QUvpyBMg,-1,7,3,"['eb86f99362f164092b6f64a9018b6321', '85d1b836f512e13afb9c9244e369efc0', '4e80ece0c6ccfe9f4c70312a1b92eb69', 'f28b1e05c742ec7d44f71cb308e80066', 'b86b26009454866643d23457d7ccc0be', '9eef1167a29b61ce97c678db1c9c39af', 'cbf43b9d6da22d84e3d531f685cb7202']",0.3331949137372972,0.2272536184356399,0.16046700416214388,0.4356807489666826,0,likely_human,1.0,0.2272536184356399,0.3331949137372972
UCCgY3sl_RrZnxLubFYHexNw,-1,1,1,['5c32c6ab2382263ff3b4d147914472bf'],0.31692154774211867,0.22715338702784238,0.12739856944866082,0.5816117182903466,0,likely_human,1.0,0.22715338702784238,0.31692154774211867
UCEPkLQxD_3VkjVVw3dliVvQ,-1,1,1,['4c90f33cf90e4162d2e6ac32264ecb3b'],0.34835025541829423,0.22713010936557868,0.1433425437502415,0.40776023202292977,0,likely_human,1.0,0.22713010936557868,0.34835025541829423
UC1CpQG8tNecB3GZCMqfTzdQ,-1,2,2,"['0ba8f5c9610474dc22236e1526ccfd7d', 'ad8421db4a7a185f1d2d84ba436496fc']",0.3008481133125851,0.22690500360760657,0.1586218360703939,0.581372142826782,0,likely_human,1.0,0.22690500360760657,0.3008481133125851
UC8ERO95vB-12-VurznRyuRA,-1,1,1,['c3d14044e95467dea4b373e7d39607da'],0.33147888081389654,0.22672427281989976,0.15673456742022523,0.44506404616391326,0,likely_human,1.0,0.22672427281989976,0.33147888081389654
UCBbbRnssDBZPTK5_QID3F2A,-1,1,1,['afc9495a7719f3830d07a057288b5926'],0.28797023518752046,0.22670394475034375,0.1914932203800321,0.5650585979394143,0,likely_human,1.0,0.22670394475034375,0.28797023518752046
UC47cU-kzFdBtmPCqgIKtB7g,-1,1,1,['0f4c43f5a0054cc6b5cc936e24b55390'],0.35152975628900807,0.2266867707642234,0.15135831200132188,0.3683279784403168,0,likely_human,1.0,0.2266867707642234,0.35152975628900807
UCrYoaG2WwlE-Vr2LExzKa5A,-1,2,2,"['283371ded6758a3bbb1da48affcadd81', '80a868f4542d016273eb7d708f0a4087']",0.33028561277449187,0.2257959109509302,0.14998065764345903,0.45400116474879565,0,likely_human,1.0,0.2257959109509302,0.33028561277449187
UCD3Xce4GYU5XlkhYd0Ld7Rw,-1,1,1,['69d8b63e9a733d63c61fe59f9ce200cf'],0.3221252995626752,0.22574363060409514,0.14985837567936502,0.49154135579700187,0,likely_human,1.0,0.22574363060409514,0.3221252995626752
UCH0rVnPpsNW39Bd16_HBZdg,-1,1,1,['dc9816d92a246d4c1bd34ad103cf3b00'],0.3503342707341236,0.2257267081241491,0.14016608737059616,0.39076036805535114,0,likely_human,1.0,0.2257267081241491,0.3503342707341236
UCU0j2LdP_eR_QMppqh4oNVg,-1,4,3,"['40e9bbc9497d7674f300dd07edd6b22e', '3db5838c42ba05f41824f30de14a8c4d', 'cbe1ca2748d3bb5343972b2b4d952413', '3bbe79a3464b19544ed4d9788f3776be']",0.30411166519958094,0.22572446817854702,0.16405924401859753,0.5390172032268005,0,likely_human,1.0,0.22572446817854702,0.30411166519958094
UCFAxY7BM6FHVpjXUnAYqlng,-1,3,1,"['4708c5b94f1b8c70412dc30126a5d614', 'ae798f85577243efdd9b685454ad647a', '5df4edf69185f8f6a3efdea0df0e6bf6']",0.29987366136065347,0.2255653376969102,0.16883692269389133,0.5473678551209888,0,likely_human,1.0,0.2255653376969102,0.29987366136065347
UC0fTRKidO8XgOgd4dYIh5cw,-1,2,1,"['d61cbb20ca1fe2de8f4fc8510ab154b5', '9275b92e077e9604cbf63385fbc56178']",0.29223268997324825,0.22533276458556117,0.19244188188866607,0.5412485190402798,0,likely_human,1.0,0.22533276458556117,0.29223268997324825
UCLyYuqm_6pTojckO_7SzjYg,-1,1,1,['bfd4fb1b09012e6231bf2edf59025d95'],0.30342028028471213,0.22527201359653062,0.16531319046906798,0.5327555116365834,0,likely_human,1.0,0.22527201359653062,0.30342028028471213
UCvTRYBeIoBPMnXG7mLM0FUw,-1,1,1,['d02b033d75c2a5d377dcac5662732e11'],0.3471321906330597,0.2250534389691334,0.1498204248468842,0.3790240069556608,0,likely_human,1.0,0.2250534389691334,0.3471321906330597
UCIiwBDYlIX5JYvpwvocKSOA,-1,2,1,"['45ebd4f60134ba9d60e512ece5dc3c87', '19b63570fdc3e8a3d1fc5788bb742bdf']",0.31231039891040846,0.2249129133598366,0.15459767125756427,0.5155283281889445,0,likely_human,1.0,0.2249129133598366,0.31231039891040846
UCYleqfV15rsIdjy0wTyLqlQ,-1,3,1,"['2793187ad91fb1ff6f52365617890b01', '47e2f0a052993eba657e5cafcdfb81dc', 'f2eb2361a8aab410c7588ffef55ca89c']",0.3289815557864772,0.22453817198599896,0.14789975155876178,0.4530038489436575,0,likely_human,1.0,0.22453817198599896,0.3289815557864772
UCSeoiBDDI9JJnsiU6Erylxw,-1,1,1,['8fc9fcf69cc25c15cfbe474fab98d4a9'],0.3014178683574984,0.2239923214477817,0.20596685889387417,0.46065034205437827,0,likely_human,1.0,0.2239923214477817,0.3014178683574984
UChxuq7UOS6bpP0MPbXWAsXQ,-1,1,1,['851c63639aa3d0161048d73e54b29cbc'],0.26040944203690564,0.22391928866373467,0.22782145627102235,0.596537393752883,0,likely_human,1.0,0.22391928866373467,0.26040944203690564
UCDnzs-RFMH3qSSE6mUF8ZyQ,-1,1,1,['8b1420f1d621df4cdfc16e46181eabc2'],0.2877632362166105,0.22375145825902193,0.16211550225895444,0.6096274758091523,0,likely_human,1.0,0.22375145825902193,0.2877632362166105
UC7qMy7A4KDO7J_Rwd1X_HFA,-1,2,1,"['f67a6e92de14014631e12ab7fb97368d', '64d30e89bb3fef5d4f960ba84e9ebbac']",0.30330142837612484,0.22369160015202816,0.17996386119511643,0.4993869855962572,0,likely_human,1.0,0.22369160015202816,0.30330142837612484
UCEdf86yOoB3soQnTyhoqiTA,-1,3,2,"['ec375de5e0ef993b03db7d8b7ebd4863', '6b92f5877c27e4a7dc5bf6f5699286a9', '652f9c3f2d0313a15994fea4f52f6565']",0.31162696849139665,0.2235402273673055,0.13256242792836662,0.5519359194934821,0,likely_human,1.0,0.2235402273673055,0.31162696849139665
UCOj5ZGo1mCQAHjynAbYAzHQ,-1,1,1,['65d70caab32efc9266bb6ac4304a39e5'],0.3308503158939202,0.22348650667018105,0.14735641075054462,0.436933610333721,0,likely_human,1.0,0.22348650667018105,0.3308503158939202
UCnBrbkVOmTMpzjAQ5NCOuwg,-1,3,1,"['ff4bde962c2b9fd237135ef5308d888c', '309842359291dcf94ea8d9dbfd4cc0e3', 'c815b94b8a4c385fe8c2c8c10ff3148a']",0.3197181825973237,0.2234566443635027,0.16354826291123123,0.46134428507429137,0,likely_human,1.0,0.2234566443635027,0.3197181825973237
UC0ogYvWgkEqWnfDxzu8giGA,-1,2,1,"['8286a1f0269d8fff0902c945a480e16c', 'd53c6d2542c19aa32f92f8fd36a18853']",0.32932292827791776,0.22345263053915293,0.1424348318501372,0.449768367036845,0,likely_human,1.0,0.22345263053915293,0.32932292827791776
UC_e6aWXKEdhNcb_83pGfsFA,-1,1,1,['f198e236ef014f6007da37c7a30d20b9'],0.3109102232663429,0.22341026530319416,0.16821327572296488,0.4768882184043191,0,likely_human,1.0,0.22341026530319416,0.3109102232663429
UC0qnzjl-NzsFmdhrpyu753g,-1,1,1,['4e8b2b5446aea4fe9029761159c44640'],0.3584065054399178,0.22339808027497937,0.1370306212255987,0.3364423936788028,0,likely_human,1.0,0.22339808027497937,0.3584065054399178
UCjvx1E0gHFdC5LxJRT0aGsg,-1,2,1,"['e9e574dfebcd47f2a065de20b137cefb', '0be3d894b1583585d834abaaf6a25996']",0.3211229274735738,0.22337276866423122,0.16489706369462936,0.4394636371475563,0,likely_human,1.0,0.22337276866423122,0.3211229274735738
UCjmGaOq6AeO7O66-p0E7xPA,-1,2,1,"['aac110285250564ae2eca5961adeffa0', '173afb31d6f0007a608c82ec486cb23e']",0.30273786286737636,0.22335694774847326,0.1571578159907401,0.5425906745384882,0,likely_human,1.0,0.22335694774847326,0.30273786286737636
UCjk3ZdLBztNReRrw0pQ6y6Q,-1,1,1,['9908c5012ed076f82f29a0db1ade3c8d'],0.3450767284013293,0.22326569610766916,0.14031890970253322,0.38943459661181223,0,likely_human,1.0,0.22326569610766916,0.3450767284013293
UCuCJndgQbQz1TMOyE6Qqf3w,-1,2,1,"['d45e5489c718ecde0ccca0ce99da1aa9', '80101b12133d9df13dc75f4ab08e83c0']",0.28674738739117744,0.22316649465972288,0.1687547917751463,0.5909628770324841,0,likely_human,1.0,0.22316649465972288,0.28674738739117744
UCh7aDUkZkUTvfA9PNQjvABg,-1,2,1,"['d1faa9c52a034073923091f858d6ab70', '8c8814472fb99b42c021b262c208abe6']",0.2972486225864962,0.22282153170387903,0.18638552166521818,0.49955754695766563,0,likely_human,1.0,0.22282153170387903,0.2972486225864962
UCNam2QGXxklPS_ikp1eWCWw,-1,1,1,['bc9a40980ade738c59683d3194e3aa9a'],0.3175871704883778,0.22230919155838835,0.17925248806174754,0.41933545698071817,0,likely_human,1.0,0.22230919155838835,0.3175871704883778
UCB2Ww9ziG7xi1pzxHu8e0Tw,-1,1,1,['955cb03b0e7d1d3c28c5c054cc5b5613'],0.3602837498672661,0.2221626247484414,0.10189724002466875,0.38962439766646273,0,likely_human,1.0,0.2221626247484414,0.3602837498672661
UCfIgnMcEsA2IRoDZzGvtXVQ,-1,1,1,['0b50e143715424846e0abcbb1eb37034'],0.28042839452977525,0.22192310792524994,0.20855458402383523,0.5180658435034224,0,likely_human,1.0,0.22192310792524994,0.28042839452977525
UCOAr7ExzhZ4-M3pjXXUmcHA,-1,1,1,['7234bee5947d343d619a42e12b21829e'],0.34531439476038345,0.22188635327029604,0.12527860485835035,0.3993317103639087,0,likely_human,1.0,0.22188635327029604,0.34531439476038345
UCs1_FoGt886pe7LXtw-LTsQ,-1,3,1,"['57afcff5c9c7e06c43e000051433b6a0', '222f81582cc007b823d5d80114285fa6', 'ddcf2d3e5313a944c0e018908a3f2c90']",0.31029325981904504,0.22185354682520875,0.15074713717961508,0.5031340234163687,0,likely_human,1.0,0.22185354682520875,0.31029325981904504
UCx-mPnUO78MhwJO2iSCmP0w,-1,1,1,['b48d6118b24fe97c472001db1407916e'],0.3458210877590262,0.22176947275665645,0.1329165918518839,0.3808435185146539,0,likely_human,1.0,0.22176947275665645,0.3458210877590262
UCDpKtIF18b8CQULNDI-_Qow,-1,2,1,"['8cff80f7ef709c7c3e8539e232b02474', 'd00c7f0d9bf6f440072098f32b666b56']",0.2972800639605574,0.22172726734671105,0.15807326354357434,0.5481785578180144,0,likely_human,1.0,0.22172726734671105,0.2972800639605574
UCgxWBcwjrec8vDpF-oHuIXw,-1,2,1,"['f853ad30eced69ba78a2e8c21e64cab1', 'f45d1b48f8c7beb2d39aaa7ef77944ec']",0.3177987945929521,0.2214406885604876,0.1617918075603712,0.44132050056930217,0,likely_human,1.0,0.2214406885604876,0.3177987945929521
UCERe4RCslT6x4HOSHqEo17A,-1,2,1,"['4cfc643e011e2c8f7d71d50c0ce96a39', '3878c4e0e04eef4c1512b61d2325688f']",0.2801886925005155,0.2212998498971387,0.18477917865641896,0.5627034024544157,0,likely_human,1.0,0.2212998498971387,0.2801886925005155
UCxf3pve5qW_pEY2lbXCBy1g,-1,1,1,['aaa67b07597b17ce5e3e9c7c58814b25'],0.2888223249886823,0.22126233870139458,0.1767861810551282,0.5395435337439101,0,likely_human,1.0,0.22126233870139458,0.2888223249886823
UCH0Zrh60WMW2tpFibxh29LA,-1,1,1,['bf362ee61c24a70dd31793a0cebcfdfa'],0.2806039593142031,0.22104279386601283,0.18756462133252305,0.5574247003835858,0,likely_human,1.0,0.22104279386601283,0.2806039593142031
UCbM2UUYB1oG93d37z2drJkQ,-1,1,1,['8bdffc2c4e70a15d30e6881e65b00c77'],0.2992545143862716,0.2210229981878895,0.18214801726447177,0.4770551853689978,0,likely_human,1.0,0.2210229981878895,0.2992545143862716
UC46hOVC3bf4xoA44Cw3HU_A,-1,1,1,['d86a6d582b41bce2ff9fc9af03a4445b'],0.30474049789905755,0.22098020688752756,0.18329974787419562,0.44922527785518085,0,likely_human,1.0,0.22098020688752756,0.30474049789905755
UC1gGxPtQgGVe6BeRY6nA9Vw,-1,2,1,"['ebdd100589cf4b9bbbceab5b9dc07974', 'e36023187d37f173e48694c50baff6fd']",0.28850671936285477,0.22062315280295572,0.18355991639497443,0.5229431886113004,0,likely_human,1.0,0.22062315280295572,0.28850671936285477
UCjX91NiVpa7eK3XfTu1ER7w,-1,4,1,"['700a107786233f3ec0a9e48e0f733c59', '1370f3ecc40821e6d95e93eaf1c9abc6', 'aa4ce3efa678155a1345283df0f6140f', '8a5796255707a5fc96a0e51189b1aebc']",0.3031800238718616,0.22061483723362296,0.12274939152541677,0.5855109061735486,0,likely_human,1.0,0.22061483723362296,0.3031800238718616
UCzAeYx35RX9DUWiOQk2PSxw,-1,1,1,['e9a8982f79025e421c70d8c5abc541b3'],0.3269176699847568,0.2204462959575142,0.15629504723526766,0.4022860186952592,0,likely_human,1.0,0.2204462959575142,0.3269176699847568
UCWV56m2Y3mBz-r442WjM_ag,-1,1,1,['81d55eb5c7de798ce71a5b22825deb3a'],0.30875713026732976,0.22042343174481913,0.1269836122310948,0.547373091750631,0,likely_human,1.0,0.22042343174481913,0.30875713026732976
UCKShjsbrinIC2cks46IhfpQ,-1,1,1,['2536b0e40d93b057bf44fe0d4daa66d9'],0.2984783430912848,0.22041550770392335,0.19553367628637322,0.44652469345610624,0,likely_human,1.0,0.22041550770392335,0.2984783430912848
UCO2gBozdmbKqltuxg9JZE8A,-1,1,1,['f6f7a5db15634a33c12fdd960da3ffc6'],0.2937904349116053,0.22035351713715567,0.1652395606846229,0.5391023558078704,0,likely_human,1.0,0.22035351713715567,0.2937904349116053
UCP6Axn38Xiz2urUkpx3B-6g,-1,1,1,['5cd836bb76908ad1748b21e44017a9a6'],0.31207891771351454,0.22034222054936048,0.1441510262677843,0.4954972797787368,0,likely_human,1.0,0.22034222054936048,0.31207891771351454
UCxkIGgh48Ihm9LtidRVG8cA,-1,1,1,['a1ec1272242a85a0153ad3378efd4255'],0.30732488021613025,0.22023480251242328,0.1811663959223727,0.4335915459637148,0,likely_human,1.0,0.22023480251242328,0.30732488021613025
UCysMwe0YySiQGSAdj00DgIQ,-1,1,1,['3b9f52f27b25a1ab95942ebd6f330e9a'],0.32353302970435016,0.2202305703413846,0.11260435319347302,0.515398258335945,0,likely_human,1.0,0.2202305703413846,0.32353302970435016
UC2BqlF7MmczAgSfS8zvafJg,-1,1,1,['dcbacbe5fa8fb1187f7a0aaaba9b43c2'],0.3028288074223164,0.22021555441996002,0.19944769917183822,0.4248022288089518,0,likely_human,1.0,0.22021555441996002,0.3028288074223164
UCTj8RYKayAesQ7IYBvAMp-g,-1,1,1,['e650749a564d372f3bdd10d1a8d7e447'],0.27623944973504877,0.220134928526261,0.19847808056798988,0.54832517848771,0,likely_human,1.0,0.220134928526261,0.27623944973504877
UCis65cHFZVyUa1HEBxxVitA,-1,2,1,"['87618b595b8ee66dafe3f2003a3b93e3', '2ffa39369c5d2eb385c1a39255702882']",0.32193388662982136,0.22005334428488918,0.1491005810365095,0.4330835773051075,0,likely_human,1.0,0.22005334428488918,0.32193388662982136
UCm7YabvxeGLDbNowq9CcECQ,-1,1,1,['c606f55ada1e5c31ca40a189740a710f'],0.277907933685964,0.21979304291409163,0.18391528732188542,0.5662958524847427,0,likely_human,1.0,0.21979304291409163,0.277907933685964
UCXgC1XAWYlZFrtWbvBZl18Q,-1,1,1,['3f4546c08d98ea811b231fc5cc618661'],0.3231169061453687,0.2197540434965088,0.1379624921427578,0.45169334889835944,0,likely_human,1.0,0.2197540434965088,0.3231169061453687
UCd_bh2jG_l6mHdwCTJzHy5g,-1,1,1,['1ee109b2695b52d54fa2ed59cd6a8e61'],0.30390575324008684,0.21970973004496425,0.15128367447540822,0.5097100486861064,0,likely_human,1.0,0.21970973004496425,0.30390575324008684
UCfswzD1A_xd66Iv2XyDEuIQ,-1,1,1,['2793e4d9cfee31d4c624b36795a2e765'],0.3126748047795383,0.2195822806955774,0.15664568660941658,0.4642391339799018,0,likely_human,1.0,0.2195822806955774,0.3126748047795383
UCqGUd1lvGgoulG-e0RMBt4g,-1,1,1,['1798c2bc0e7c07bddf69f9078bdc0173'],0.32448699342600684,0.21949512246948394,0.11388145539705499,0.49118312128953534,0,likely_human,1.0,0.21949512246948394,0.32448699342600684
UCIZAONIM3-3chgju4v_kCCA,-1,1,1,['2a78e2579d4ba44b51877b5e38146b1f'],0.32853389100875574,0.2193414125099341,0.15026731338709762,0.39638325391243,0,likely_human,1.0,0.2193414125099341,0.32853389100875574
UC6_-szfkCXAtERC-X3Kl71w,-1,1,1,['eca942570af533e64278914bada3b981'],0.29195093127026395,0.2188483361063664,0.17532179239353518,0.5025220878531582,0,likely_human,1.0,0.2188483361063664,0.29195093127026395
UCwiKRQcAIS33FNvr5Zzc3pw,-1,1,1,['77a3e76013cfc13a648a39a0d6a45215'],0.34534006997259714,0.21869424092575185,0.12354966634245791,0.36765830313340636,0,likely_human,1.0,0.21869424092575185,0.34534006997259714
UCqnI2lvoSYfYEKpTIf4b1zw,-1,2,1,"['fb28a2d8315fdf1a7a459bd6f2eecd59', '7635b493ae1e731dd2e793c6aa6af93e']",0.2772324438539813,0.2185759122178097,0.20170203940341763,0.5243239897454836,0,likely_human,1.0,0.2185759122178097,0.2772324438539813
UChVYkSDYLFrRdEJB2dBuv4A,-1,1,1,['118b95c24d4d70df6b62221df6071659'],0.3296452500540006,0.21853536219665007,0.15035333420603075,0.3905193736511874,0,likely_human,1.0,0.21853536219665007,0.3296452500540006
UCaFePSop7yiOZi_HWkm-k0g,-1,1,1,['a765bf2163172468201e647d9746a035'],0.3290984114937099,0.21840122902393094,0.11642114356074289,0.45083558012433883,0,likely_human,1.0,0.21840122902393094,0.3290984114937099
UC5lNl-HL4cE-hLXOCv5R68A,-1,3,1,"['4e210bfa2966a3638f4b31205165d4ba', 'aaab64a417b85b2f08fa950a4fc96202', 'cc0c6229b813839500555350ae50ff72']",0.29083530884624387,0.21831657818238343,0.1771846036706901,0.5068615556073649,0,likely_human,1.0,0.21831657818238343,0.29083530884624387
UClBTPl_7jYIxqxm5ktMahyw,-1,1,1,['0fa5494e70df58c9db62793edd4d260c'],0.3025061640800296,0.21822665412799697,0.15638010141734018,0.4943947310910935,0,likely_human,1.0,0.21822665412799697,0.3025061640800296
UCNcNlMT2yyrzXdcXQN6sX0A,-1,1,1,['66d2922d26612d7bf7b6981626be3f4f'],0.3352349042170851,0.21810135273251982,0.15049687870071063,0.35393266011049485,0,likely_human,1.0,0.21810135273251982,0.3352349042170851
UCjbZ2ybiRt0XLtJgecRVunA,-1,1,1,['3fa0beedabe0aef49aa834f22899762d'],0.3210264857176973,0.21778220761051578,0.16081085481455043,0.394301694131029,0,likely_human,1.0,0.21778220761051578,0.3210264857176973
UCPYKrenHx5b1GR3dst9qu1A,-1,1,1,['911c31e8b60f6f1bca35cbb9670895f1'],0.30092373608606265,0.21758919761801615,0.10995759785640632,0.592846116947022,0,likely_human,1.0,0.21758919761801615,0.30092373608606265
UC7G-TFWael-XE22yokkhioQ,-1,2,1,"['545158d524685748abc3738ff07e011a', '690fffe166a80f09b24953fdbc103224']",0.3056061924511203,0.2171992548894369,0.16406715768412272,0.45551504357821293,0,likely_human,1.0,0.2171992548894369,0.3056061924511203
UC0EcEYUNaCQDnNEAJy7rpNg,-1,4,1,"['6b2096c881de4fbf2d3646b9daae7ed2', 'd066ae8c65a02d4765a7a3e442e6d473', 'e9b8b1525e14febb3cc413c91fd2d015', '2c97c75e56f2b72197254692503a7afb']",0.2772217006581048,0.21692197209121622,0.1553209861451644,0.5926995778747595,0,likely_human,1.0,0.21692197209121622,0.2772217006581048
UC6Lcvzzk0ADlq5Vs5U7Al_g,-1,1,1,['6363f3bf059b40ad4857bbb0bd584a6d'],0.31651711853151543,0.21677688982949916,0.15169032899345314,0.42409577958805256,0,likely_human,1.0,0.21677688982949916,0.31651711853151543
UCj5J9zvKXHL8BSzZEzK5o7g,-1,1,1,['0e21a3cc873e0832fefd1b977860a70e'],0.34209045849748504,0.21672327990140983,0.10100712570631423,0.4198357599359693,0,likely_human,1.0,0.21672327990140983,0.34209045849748504
UCwGV0V4tUE_4OsrHvm4aP0w,-1,1,1,['17b89ef5f4f36e437777250113d40636'],0.2841876407111348,0.2167016324706169,0.2047878376971281,0.45594012611911067,0,likely_human,1.0,0.2167016324706169,0.2841876407111348
UCyvhXE5Bz2aBgu8iy61A81g,-1,3,2,"['282814f687c237c37bb7386eab571c42', '4196ab1f9cd1444a7c882e3c868d21a0', '3ce31b05a2f50a4a111d82344cedbfe8']",0.2875311992650018,0.21669774644789402,0.15975970906691525,0.5389443536081485,0,likely_human,1.0,0.21669774644789402,0.2875311992650018
UCL6faS2AxWRHyhe9PST-BGA,-1,2,1,"['a89605008d7cc1813b2e6054575ffe57', '506e8d69d60432bcae445a465663d3a9']",0.2770807621848851,0.21667510262925804,0.18679597974406426,0.5257331460919972,0,likely_human,1.0,0.21667510262925804,0.2770807621848851
UCX655LxCfO7pNK1HgJb_khA,-1,1,1,['26c084c26d25f0a505ae41fd78fd7223'],0.33884574474361684,0.21632216196763857,0.14110210660625566,0.3406633157141339,0,likely_human,1.0,0.21632216196763857,0.33884574474361684
UClcrVfksqX6bnHIvTE4HSJg,-1,2,1,"['a1e58a8341fd3ba043cf3e90bd62ff2c', '35c7bb689d14d5ade6f6565f453f6540']",0.2723763833419151,0.21628261458425235,0.18443217538928589,0.5466168721590595,0,likely_human,1.0,0.21628261458425235,0.2723763833419151
UCh8Wif5M1qMVAO3X7iHbIhg,-1,1,1,['7a711b2f2142acac4748df739ca63acb'],0.3082522073813718,0.21620964973203388,0.17887393602862814,0.4065372949776102,0,likely_human,1.0,0.21620964973203388,0.3082522073813718
UCzA_hV7i_FGcbBQ-GsFBvpA,-1,1,1,['b6769ad9d4112e411d163ac1dc6ba0da'],0.279907559820817,0.21597912483293868,0.18265567583775727,0.5132882953270854,0,likely_human,1.0,0.21597912483293868,0.279907559820817
UCLJSXYVhV5Jz6NGgqzSLEcg,-1,1,1,['ba4b101070df6567a12dfa720d1a5339'],0.2854327477967291,0.21584277521103057,0.18662554468328918,0.48731575838658214,0,likely_human,1.0,0.21584277521103057,0.2854327477967291
UCxmsAjbzcAPfHsLou3K7tfQ,-1,2,1,"['ae81874c0cca302016133f6964def728', 'f5eb405d2e915726adb4459420a405c9']",0.298854399776943,0.21581477208482974,0.15223931695262707,0.492414501565246,0,likely_human,1.0,0.21581477208482974,0.298854399776943
UCR4Yixu9euk4NhPvG__WhOA,-1,1,1,['f0aa235f3205bd99bf373c990a5b5ace'],0.26770662161708003,0.21566692642885066,0.21627931565988728,0.49847011497049326,0,likely_human,1.0,0.21566692642885066,0.26770662161708003
UCvpIHt9Bb1FG2Dvkk-hhxYw,-1,2,1,"['69312ee19fac6b4879d627d0ad4318ef', '15dfeac269b01c435244be7da1dec326']",0.2802983720528068,0.21559805123191414,0.1511998656260604,0.5712987070307535,0,likely_human,1.0,0.21559805123191414,0.2802983720528068
UCoT6vowpfEpzwUMS3Sd32vA,-1,4,2,"['1190060ec756447e3aa5eaf1d525f5d7', '3f0e921198248efe31e6683e1aadb4d9', '8c6418f966d8ed0979b740a55a95b5a3', 'effbfaea347741bcb681df56c9e5d2a0']",0.2879233382671655,0.21549627647487501,0.18499566440544693,0.46831389037092414,0,likely_human,1.0,0.21549627647487501,0.2879233382671655
UCFqT8IgZQK1RQywjXlMGdEQ,-1,1,1,['d8920782be0ed162b4366198130d1329'],0.28722341367119075,0.21544662792604774,0.198857786787128,0.4547076709583265,0,likely_human,1.0,0.21544662792604774,0.28722341367119075
UCfOFxzlwitrUbnyqTncDopA,-1,1,1,['3736ba3cbdb9483fb850fb87efba375b'],0.35337898600993495,0.21523068099381498,0.10729942798523982,0.3344725588687613,0,likely_human,1.0,0.21523068099381498,0.35337898600993495
UCjh9m-7dIk_SrhAI87fNTFQ,-1,1,1,['e25a878c9de574bf3f8f2f055d246937'],0.2853312271330402,0.21521686745936575,0.17295176993363673,0.5026301202575659,0,likely_human,1.0,0.21521686745936575,0.2853312271330402
UChjha48npE1HzEf79jZ2OZg,-1,1,1,['8b496b3e0d867fb45ca319b3a19395d4'],0.28924240941768964,0.21504833224311626,0.17977480311318825,0.4680084438616929,0,likely_human,1.0,0.21504833224311626,0.28924240941768964
UCPuH007CQZCQssvAo1dUvTw,-1,3,1,"['e82d4b00d7a68cbf647ed74fc437f413', '0bc0ef7d75aa253b1a011bf96f878264', 'fe24a5cf27c472e77c20ea28f75cd1c7']",0.28035473937658023,0.21498273444595578,0.1666267828968915,0.5341155375353411,0,likely_human,1.0,0.21498273444595578,0.28035473937658023
UCNbrSNp3UjyEj5HKS-LSlEA,-1,3,1,"['0f47d7c536a4a4106ee5d59266683839', '8d6e2544faeb8f53cec6bbb5fcb8272e', '1d5df63f7d88837eb7b9c3d4a56ceceb']",0.2948086855698074,0.21492667939589152,0.17217200330779217,0.45784072845151536,0,likely_human,1.0,0.21492667939589152,0.2948086855698074
UCRULpq3bOxUfIGQUHvTJzJA,-1,2,1,"['bda138f687264ee386507380b7eb6bb5', '6542b982fb5e6070163b0842e50761ac']",0.2973477324140887,0.2147205819782275,0.13529791613756506,0.5238685790599189,0,likely_human,1.0,0.2147205819782275,0.2973477324140887
UC2fZU0v_niC7tdZykVtj5lA,-1,1,1,['79389959ecb68ac0313bb4d5c5aa21f5'],0.32105130518968306,0.2144610975475584,0.14556505165634226,0.3894709905225111,0,likely_human,1.0,0.2144610975475584,0.32105130518968306
UCROh_jMW6Pu3x_o0KegRV7g,-1,4,2,"['4a82fde6168c8a5288d6ed6d21bf2f14', '861d21f07c15fc62fad8123ae30a21ab', 'c1b6021b443e1f7b4e16ed583969cfb7', '042742c228af8b6e239c984d834e68ea']",0.30561740060459036,0.2141515413923492,0.12586850727466922,0.4984097003433687,0,likely_human,1.0,0.2141515413923492,0.30561740060459036
UCLN-_yjf8FxBE83J5VLn-Cg,-1,2,2,"['5951e83ceeb2a3e6dd70ff100af88ef9', 'b5478d78a98e233766dbe487c8451105']",0.2797531357767727,0.21403049185398637,0.1771556688310103,0.5115975987718588,0,likely_human,1.0,0.21403049185398637,0.2797531357767727
UCcjjRAHrTCpWkBGSdZjsF0Q,-1,2,1,"['173f3e206635497232e8f0120f0757f1', 'a5f7e7665c5696d88952b8181c77dc99']",0.2830293132684931,0.21374809113507176,0.1720758460320856,0.5003916325936218,0,likely_human,1.0,0.21374809113507176,0.2830293132684931
UCxSeMMEKQz-rNxOCH4FqVZQ,-1,2,1,"['a0186d8bba789664d0735a298712a775', '711d051b830df610f04c29fa347936e7']",0.2960625434777468,0.21333401159301796,0.15804768917367523,0.47286226115422364,0,likely_human,1.0,0.21333401159301796,0.2960625434777468
UC5YZlvxNE9LSJVEfSEWXjag,-1,4,2,"['7e7fc56e6cffa8a7b779506491ba990b', '3b6d594b7d7e817b5926480cee1904b1', 'ee6c5e9ed8aabcfbb19c4309d204836e', '441522de7a95836be16380793d7882b2']",0.24646058961858208,0.2130386605618832,0.1949448534334187,0.6082451117706177,0,likely_human,1.0,0.2130386605618832,0.24646058961858208
UCi9fuSPEgZfDBSqpk77AP9g,-1,1,1,['5843c5940fa6daf52bea0bae1fff9d2c'],0.25439741436533503,0.21295875839686343,0.2045164753313694,0.5533694027605561,0,likely_human,1.0,0.21295875839686343,0.25439741436533503
UCS1blgk4aqW0aAlv3Uey6Kg,-1,1,1,['a91e1dfcd69cf6fe1e5f8b6f4419bc2f'],0.2585869230815826,0.21252211938137427,0.19473259137916535,0.5530415208668974,0,likely_human,1.0,0.21252211938137427,0.2585869230815826
UCXZ20uBLhsd_jNRSV24t0gA,-1,2,1,"['38db4d52aa986f180218f8035aab64d7', '21687075387b6d7fbe5e6333abae5234']",0.32646214222785164,0.2123691167857791,0.12433077882022327,0.3904787511145641,0,likely_human,1.0,0.2123691167857791,0.32646214222785164
UCVthX266sfFrNSBqfDpvE_g,-1,2,1,"['96f05fd6eab812ead53cdc0c6be2cddc', '8b4e45f1008c04dc8e84a2282ac70ac1']",0.27475664406664124,0.21231567453330716,0.17092529999618147,0.5253443763758041,0,likely_human,1.0,0.21231567453330716,0.27475664406664124
UChhRfI1LZqRkPJWsqmTvfpg,-1,1,1,['01548061101641d3b75137afeb26e0c6'],0.3146145422350641,0.21230113129922457,0.16642916878078057,0.35598611177193884,0,likely_human,1.0,0.21230113129922457,0.3146145422350641
UC0T7huJ77YPxTIQKwJnO7Dw,-1,1,1,['892939750cdc16e7be4627eb32e340df'],0.2673146342644346,0.2120518683823377,0.17919003284963256,0.5362350503197306,0,likely_human,1.0,0.2120518683823377,0.2673146342644346
UC2eGnrVwaL2VOjaJ8HBzqNw,-1,1,1,['6e59d5fe8050d6f9148e7d34dc489002'],0.2860574431609939,0.21175244010166386,0.14539596560440718,0.5192705450154473,0,likely_human,1.0,0.21175244010166386,0.2860574431609939
UCiu5i_eARJZeyKBLie8BXxw,-1,8,3,"['f718d6e98b0942e089305d05f0838d82', '07bc94aadd598a9259afd97617383a8c', '3fe9871cbe69c0b26d7c9294a105ec37', '86873620d69482b8b43820c7186d3084', 'ac404f7b38eab35278a27bc579042887', '45806420439a7df95a863b7bd04a4f91', '75e803b159d3f75a6dbc6a6da3a58887', 'ba01e4daec39dbf8f51663e662ff4611']",0.2765393705175341,0.21158820870772643,0.16858918266030504,0.5146698809793618,0,likely_human,1.0,0.21158820870772643,0.2765393705175341
UCdFDlJujJRZcD8OsXuqfjsg,-1,1,1,['d574232918baca717387c8ba7c59a7fc'],0.29544354377347165,0.2114741773005658,0.15353811112654078,0.4661155394708302,0,likely_human,1.0,0.2114741773005658,0.29544354377347165
UCL7ANMcuk5kPKZgcnjjKaqQ,-1,1,1,['4ce95ddf41bb16057bb3f08318526b0a'],0.2819985471211934,0.21104845417666468,0.13103163047562283,0.5642069859917893,0,likely_human,1.0,0.21104845417666468,0.2819985471211934
UC7GJYpCcag_WruBq5d-C3dw,-1,1,1,['f0cce4e707213dc87f9fa1f13bd94325'],0.2487447185785178,0.21084978971758195,0.2103069073235269,0.5533287850777611,0,likely_human,1.0,0.21084978971758195,0.2487447185785178
UCHwQM9LCCcvYAqTSFQL09hQ,-1,9,1,"['ceb8d09b471c999506453ead9f046c81', '2cc16b67e8d412aa954fb750d418d59d', '7fe37d0a7fe07b75acf7ad658e552cf0', '65142224e8540c1bf4997e588a75132c', 'e0ebbffc71aa4617ddc595a44fc9315b', '8b48727f920cd4250133a05c42b68613', 'b9a73a05503c5c500eea1ff35bfb5df1', '19d56afa3f53633b8ec1923a381464f3', '1ad8b6704150b7b22fff0728a3921757']",0.30337476186001555,0.21074178583922,0.13350814765999394,0.4602628575195677,0,likely_human,1.0,0.21074178583922,0.30337476186001555
UCUmHpg4lvqQT6a7Z_-giaHQ,-1,1,1,['ea1efdcdc8ec01c44ee3d47dafedb3da'],0.3362991142692183,0.21048641832106543,0.10463481917754373,0.3725867960022907,0,likely_human,1.0,0.21048641832106543,0.3362991142692183
UCUD1rS92vZf2DkEwXNZJ_9w,-1,3,1,"['d647390cf87a6f8b292bcd090f8f663e', 'f6e8342a95157302765929b7f43b72b9', '955fcb860842fc64bf17894077610267']",0.2940811822815123,0.21043023761228297,0.13753587350826946,0.49908608911048236,0,likely_human,1.0,0.21043023761228297,0.2940811822815123
UCbOf-te9QnBj99a7dt6P8KA,-1,1,1,['ff84f2d3b9c212b15b706430c09ed6fd'],0.2597107774178588,0.21001727223952868,0.21308801568944344,0.48102450595634566,0,likely_human,1.0,0.21001727223952868,0.2597107774178588
UCtNrbhjU0FAlvTDVymotxMw,-1,3,1,"['7feac7a3f220d343eb02aeac207d5cd1', '0abdf670699c9bdb7e29567b431cade5', '706f3576ce1e95b03faac8a5578a6acc']",0.28402117107982766,0.20972874816259587,0.1636212084858544,0.473076749741168,0,likely_human,1.0,0.20972874816259587,0.28402117107982766
UCes7XGrq-84rsyV0g17sEdA,-1,1,1,['8daf7d8c213a2bc31a5357d9a395c147'],0.30946153522598696,0.20966226746591954,0.1625708850396839,0.3689941012003821,0,likely_human,1.0,0.20966226746591954,0.30946153522598696
UCvDwtWfTiaZiqgxm6ImpsRQ,-1,1,1,['b023953c17f121310091a66a73b3322e'],0.2606229546356924,0.20952615775874672,0.1215409512004993,0.6706666261440246,0,likely_human,1.0,0.20952615775874672,0.2606229546356924
UC9RM3D3ttctKRvnFJD6ETVw,-1,2,1,"['21303957349777e4115c6cb51bfa500e', '33e57a18d561caefb38d4bc2c356f162']",0.2819234752485161,0.20945655248430828,0.16923436315207893,0.47588325115375985,0,likely_human,1.0,0.20945655248430828,0.2819234752485161
UCmaLKVR7lg1xqkNopYWcm5w,-1,1,1,['72f47f799a2b3785bca5b09b91271e3d'],0.27979227678100393,0.2088954660105214,0.17985697282571858,0.450249491865334,0,likely_human,1.0,0.2088954660105214,0.27979227678100393
UCfoK7tRBb-VJJFHjOjldxTA,-1,1,1,['028db3de328309f644223d3a766eb8ea'],0.25111872265426705,0.20867733984746356,0.17951857177042713,0.5809810449199818,0,likely_human,1.0,0.20867733984746356,0.25111872265426705
UCRfUpDiC3ZqdMBn2uz1yuvQ,-1,2,1,"['9254cb9e3d5deedf46cb88c5dc331f71', '6a54f1715ad07cd8dac315ab4dc9882c']",0.2811107262784965,0.20852361747092607,0.15685761215977514,0.48620072222251076,0,likely_human,1.0,0.20852361747092607,0.2811107262784965
UC6PIB2EKmp7QeFU2sfKkpuw,-1,1,1,['d15518166cb6aed2290fa4fc19fe6f29'],0.27100986774533387,0.20841790669723603,0.18804735100242398,0.4677292073123229,0,likely_human,1.0,0.20841790669723603,0.27100986774533387
UCF0G8j_gZOfzZK6P7AajMpg,-1,1,1,['ef41dbda026730a1dd677f834c38a900'],0.3105515106305673,0.20840506540604453,0.13406954557493309,0.4001159755705117,0,likely_human,1.0,0.20840506540604453,0.3105515106305673
UCcGVYYy9SXvsn795uQVwH_w,-1,7,1,"['92707a9a388063ad01d60da4b4078a05', '3373e67099e735e526630c4ab3054d6e', '27523271f75fee2c44a8be011165d9da', '1b5339b15cc6ca4fda8719e545411b01', '2d878cf6eef2e69c6fa3b28e306ea07f', '38317a5d868103f5577d77ae66d2167c', '48243be1350ecac3d692a6133d81e7e8']",0.26917530956956015,0.20836767623577274,0.16866885630472833,0.5158861239606045,0,likely_human,1.0,0.20836767623577274,0.26917530956956015
UC66XXR-HHVXkD5eAY-gClAQ,-1,1,1,['760ccfd6233391460a4481c31b379d84'],0.33149309009270733,0.2082919646881955,0.12834361954576276,0.3202380145648302,0,likely_human,1.0,0.2082919646881955,0.33149309009270733
UCKzJ9-UmYUGlx6VsFSTdoCg,-1,1,1,['292d29ca5661663f97daad8bc0036f50'],0.250471762187348,0.2081279746759746,0.1744712794494576,0.5832632488086493,0,likely_human,1.0,0.2081279746759746,0.250471762187348
UCoqDUAKADZL2k9aA_SNH8pQ,-1,1,1,['8a5e8c8526d895c459327e8fd6221344'],0.2923134028478407,0.20810051052964385,0.1521854839354958,0.44264057573881727,0,likely_human,1.0,0.20810051052964385,0.2923134028478407
UCRKChwGlWNgsb2oNX4vR0YA,-1,1,1,['4ff927f8ff4fdadfaf03a1cd37248ee4'],0.28169708279719385,0.20788110508052982,0.17013586564242006,0.4504377405177319,0,likely_human,1.0,0.20788110508052982,0.28169708279719385
UCnMyOM6S3gZIkHhIPFfCRIg,-1,1,1,['e10dadb526b5c27d2d107c3e63eb2e24'],0.27134153493457924,0.20782958881985808,0.19040034266770584,0.46359471813321496,0,likely_human,1.0,0.20782958881985808,0.27134153493457924
UCRhpRz4YNJEDdaIdS3LaEuw,-1,1,1,['3fae4a45625a3315a33fbf5f77aacffa'],0.2803430659646784,0.2074983334486269,0.16682054815665198,0.46008321100215704,0,likely_human,1.0,0.2074983334486269,0.2803430659646784
UCN5Omhcln_Hvs_NX49YAx5A,-1,1,1,['42bd566c13946ad1996ffb74d04607a1'],0.26735032539928405,0.2071903488659093,0.20442412929331072,0.43592480027616315,0,likely_human,1.0,0.2071903488659093,0.26735032539928405
UC6NOihAZ8N4s5daUf6kPCRw,-1,3,1,"['9f99ba39dc4122ecf32bfaaeda4e5d3a', '3d2d1509e9dca233d1653c23d8ff75ee', 'ead1401da174d4a0b92070d0633bcbc4']",0.2812804696975674,0.20718475606846157,0.16643110280727366,0.4557522439089253,0,likely_human,1.0,0.20718475606846157,0.2812804696975674
UCnPzO-n2Yzgay-gCQkA4fzA,-1,1,1,['47b124066dbe52abef39e997f049d0f5'],0.2598358252862474,0.2070363428860065,0.1551749202182478,0.5706990456481579,0,likely_human,1.0,0.2070363428860065,0.2598358252862474
UCnKdom6Ws5ueMjQmZuzCFzg,-1,2,1,"['5f1ab54d742d9a061f08d4ecd56d25dc', '23531abf3091439ce70c1c8e58b429fe']",0.2458539955828038,0.20702701923231737,0.20259743909865643,0.5471733089689657,0,likely_human,1.0,0.20702701923231737,0.2458539955828038
UCAlBCmAKjdBo6VT4V0vO5-Q,-1,1,1,['81a2f18eb208080d9548f889c07296a4'],0.28181850081005866,0.20698282585816064,0.17417884338687725,0.4345770920703691,0,likely_human,1.0,0.20698282585816064,0.28181850081005866
UCKqZ4e6VoRRZb1J09VtCbWg,-1,1,1,['34f274b66eb8cf7829b1445b93454cfe'],0.24358956320842495,0.206332568093038,0.19448843466345836,0.5582297607980319,0,likely_human,1.0,0.206332568093038,0.24358956320842495
UCp0JKIiHRytKI-a5CrDZavw,-1,2,1,"['c9fc02016e92fdf0e41686fea54f8445', 'a1ad14056dc99dd7f6a90bc6b9d996b4']",0.26046640273841776,0.20621671576086728,0.18397878097703962,0.5027171320970968,0,likely_human,1.0,0.20621671576086728,0.26046640273841776
UC60F797SBpCBUK8_e23fyZA,-1,1,1,['e547dfa10732545c1d08c92ec728c5e2'],0.24284633135287093,0.2061034745225862,0.19030921528175185,0.5786388607995119,0,likely_human,1.0,0.2061034745225862,0.24284633135287093
UCHuVkfiLtcufevWYdRBJZ5A,-1,2,1,"['230628192256f217842b5252b39d85ac', '575884f40434c5910ad7f7ea0beacc5f']",0.27432744948174503,0.20549266720915887,0.15365947320538356,0.49499520840914446,0,likely_human,1.0,0.20549266720915887,0.27432744948174503
UCctVZJ2Uitkrit2EhyUfm7g,-1,1,1,['b0cc00e4ab9520b3a0cb17e70f164799'],0.28039637668449136,0.20536459918739813,0.17188857490329004,0.4322760268837804,0,likely_human,1.0,0.20536459918739813,0.28039637668449136
UCcVmLR96ExMZrV6kiFCN6tw,-1,1,1,['16f7e531d9ad7f8c83cb8064df437923'],0.31593631240882986,0.20534951465058893,0.12624548312831513,0.37041141558968904,0,likely_human,1.0,0.20534951465058893,0.31593631240882986
UCrUDzi758oDX9MocYKoFErA,-1,2,1,"['c69c406feec636053f35ad73ce86af88', '6804380c156c9977809ae700675e2a31']",0.29829908041832437,0.20531310610449754,0.13869486272514497,0.4179508917056257,0,likely_human,1.0,0.20531310610449754,0.29829908041832437
UCM24I7ZX80jW8ZtfDInmwpg,-1,1,1,['6c912d9a6f5cc2289a2295e2ac288dd1'],0.2486339704398699,0.20507095328289193,0.18957327037150784,0.534941335161345,0,likely_human,1.0,0.20507095328289193,0.2486339704398699
UC8vy0uZ81aofNprMr1Mmr2Q,-1,2,1,"['47da65387fe8c96c27834c9dd831110a', 'a01bc3530dc5f01c9568f4d575ab1f6a']",0.2748037895237465,0.20489562375191425,0.17892768154510136,0.4345499087464287,0,likely_human,1.0,0.20489562375191425,0.2748037895237465
UCaUltBFwedl5bkFNmkaX0Cg,-1,3,1,"['888553f24bcd0a0db05708ad6c12c5a0', '92d8e625dac92213ceaaa70dbe244701', 'f37ef94f3ee6091713afcd78861affae']",0.2920403956704743,0.2047197817527287,0.1063001681021901,0.5100821226241512,0,likely_human,1.0,0.2047197817527287,0.2920403956704743
UCeOLmyJIvGDGDzY1cjDCXUg,-1,1,1,['06c38370924b5085d712001979a0df0a'],0.25628484368795,0.20422081854850405,0.18595293531171583,0.5007303544795974,0,likely_human,1.0,0.20422081854850405,0.25628484368795
UCD0L58aGehm3xU8XCgxlJLw,-1,1,1,['b3b3ebd62a6e315d4addff1293f6ffea'],0.2750120755337648,0.20403953613826759,0.1700433013335843,0.4491820978827743,0,likely_human,1.0,0.20403953613826759,0.2750120755337648
UCHiKw-wxZZ9LtTvaB0APqOA,-1,2,1,"['99a608a30816c36e74081a195048f176', '0bb832f327c95eaee89436d9d691831e']",0.26757867914403927,0.20394522128490192,0.1824256110384819,0.4566566011768278,0,likely_human,1.0,0.20394522128490192,0.26757867914403927
UC76T4qM2yPMn7XFON9ABfyA,-1,1,1,['8686511c738984f94c37050f7537f791'],0.29205042550557014,0.20364671054604347,0.14368598680570524,0.4195565203542412,0,likely_human,1.0,0.20364671054604347,0.29205042550557014
UC6kFnNI9cM4vluFJrx07KOQ,-1,4,1,"['50b6c686ae530f4ec6d4e10aa9033752', '1e4c2aed5014b7392ad951dd098466c6', '8d5a864e19ef5e57b88e5cd27acdddff', '6f400919a42053d966d35eb88cbbce95']",0.28699006551781225,0.20356533865670273,0.1624171930590264,0.400923764091181,0,likely_human,1.0,0.20356533865670273,0.28699006551781225
UCBdUPkd_OhnO0w5SK5yQYVA,-1,1,1,['9478726c6d48a19a41939be1432fa643'],0.2883539356972817,0.2031301218146938,0.17056020483724196,0.37232095446922125,0,likely_human,1.0,0.2031301218146938,0.2883539356972817
UCKpXJThkakolC72yTevKpbg,-1,1,1,['9c78df444c8ed328770cb67a9f7bcb15'],0.2798656971499366,0.2029791099923261,0.16619188723178643,0.427116658732558,0,likely_human,1.0,0.2029791099923261,0.2798656971499366
UCUN-8Q9kvKxjeWeznoFJhxQ,-1,3,1,"['7d44aa829938c60d8953d97ae28e636a', '65061ae134439b1e5b49ff8187dee42f', 'e827aa862b8e60a9732742f7b69a148c']",0.2578123017425688,0.2026899421534508,0.18648515989742231,0.4726849100689682,0,likely_human,1.0,0.2026899421534508,0.2578123017425688
UCghzfrjsrgC1voCfnDhJ4Pg,-1,1,1,['28de6af2e86ebe37f06aaffd62b99a13'],0.2627573138691958,0.20259212822771547,0.1854260619419762,0.4522801165875314,0,likely_human,1.0,0.20259212822771547,0.2627573138691958
UC0t-gL08OkT379Zp6vXhchg,-1,1,1,['b4c2ac23a1135d42eadaacc30519b84b'],0.27324007870012323,0.2024482603601544,0.14614607349793102,0.48281961285032754,0,likely_human,1.0,0.2024482603601544,0.27324007870012323
UC61Cl1YE3-AUM04h-3lT7nQ,-1,1,1,['5402759589bd34f822d4750702032b49'],0.261199581401746,0.20242909596978936,0.15837812399408535,0.5110268635836491,0,likely_human,1.0,0.20242909596978936,0.261199581401746
UCieYk5ZTnGpu2-xOFglTUnw,-1,1,1,['2d70bc8e1e5fc06a3c196b02ceb91fd9'],0.23725909011675,0.2023916030625128,0.2079417386686481,0.5155283281889445,0,likely_human,1.0,0.2023916030625128,0.23725909011675
UChn2CyV9zmtvFyIAIOUmgSQ,-1,1,1,['64b36df25eec64da32238adc8af30278'],0.26757653739971965,0.2019551001175951,0.16849089000182105,0.4684140745213452,0,likely_human,1.0,0.2019551001175951,0.26757653739971965
UC56s4kU1oW2DHePLJn7sWEQ,-1,2,1,"['44d20e4a6c884868d8a3ef7bdc153612', '1c372e22d64561934e4b675211bc8f13']",0.2519440967122126,0.20179449014216952,0.16028697814992668,0.5526312860045853,0,likely_human,1.0,0.20179449014216952,0.2519440967122126
UCu1oTg1OkgGUbRG0S5rqnGQ,-1,1,1,['d60dbeb1e58c10408d6042f6759cf934'],0.23435810992085082,0.20126633835348853,0.20754913461665808,0.522171504918857,0,likely_human,1.0,0.20126633835348853,0.23435810992085082
UCLQjnBSMoHgTf-5-9b-Scwg,-1,1,1,['b359f2fda319db85dfbc3ddbe95df617'],0.3338338697806914,0.20108285444728233,0.09746043749780185,0.3012524049261959,0,likely_human,1.0,0.20108285444728233,0.3338338697806914
UC27A1kHyD2zYe_SZu_X8tSw,-1,1,1,['98ba6bd43bf2bee44e66510e0bd6fc4d'],0.2922283150950191,0.20095245108018717,0.1578588435106111,0.36710713188559585,0,likely_human,1.0,0.20095245108018717,0.2922283150950191
UC-fL84EIuUkUlJ6w8kND5lw,-1,1,1,['02bb9093231fd87e113402deda018cb2'],0.3016278145729608,0.20086930267422143,0.13553460281638624,0.36297914338529286,0,likely_human,1.0,0.20086930267422143,0.3016278145729608
UCSNYw0TY4TDk9W542gEkiAg,-1,10,1,"['9e9c2203d36ec7bb4936fb2217b6042e', '73b9d4b8c334e5e863e8df7fc78ab078', '747f129a55cbce286c833b1b9e1ef332', '379c64d1dc0d09d951ca748748013f9d', '7795318bc3d8907a867619210c1d8b7c', '0c040d27fe06a87500ad1692cc2f593c', '132001f1a7d49673c8e6bd4160ea4b2c', '8222d572b7ff3449016b8f2979f950f2', '1ca9c58da8dea0665ba2f0ecf5e99669', 'bee445bb7ad16c38b19107d5afab43e7']",0.24300902939672286,0.20068775128401806,0.16308331570450704,0.5692114332541149,0,likely_human,1.0,0.20068775128401806,0.24300902939672286
UCuu1vpWiKM2tBLacenVFbIw,-1,4,1,"['30f280f1c5d9092d9b9218c73b4c4508', '7a4b6673a7d8aa65930967c0b58b6b1f', '7c2830d0984a180869df11d4c0d950b1', '583da23412d151f5a579f59c468e1a80']",0.25400021200013667,0.20060047871208397,0.1671433098385603,0.5121728793036125,0,likely_human,1.0,0.20060047871208397,0.25400021200013667
UC87n4ULUVrTiSdtsH-Jcxmw,-1,1,1,['8f5deb37eed0a6314198725a01ab70b0'],0.3106893274734982,0.2001644618818951,0.1267892012363748,0.33953864500997566,0,likely_human,1.0,0.2001644618818951,0.3106893274734982
UCYimwMx8oFM5yGNDHzikeGQ,-1,5,4,"['6aa75cd35f12da1224d94b211ab5bc5d', '110804e0642af2b22fd5d7856cd62010', '8c2642de24934fbd3065d4e4b747686a', '11241a3ffedfd381e5c87af64686aa23', '71ac7e3bf9ae2c151e1f7e26cd0d7898']",0.2505252810823254,0.2000912931816644,0.16458779941656762,0.5273088433729485,0,likely_human,1.0,0.2000912931816644,0.2505252810823254
UCmNvby4Z2EGilzHa3lR_5mQ,-1,2,1,"['ae26f5296e1035e5a345ee97be3998c6', '37418ce7e5d3e9dba08ba34e543b9c70']",0.23863660335477366,0.20004664744203968,0.19124653304885392,0.5311729944530398,0,likely_human,1.0,0.20004664744203968,0.23863660335477366
UCOnULsxLCgbXeD313udb7Ow,-1,8,8,"['d4cf4c6a086786995395e152fb0c2637', '782deca2f6991a163fd6befd5c743c61', '065899350b2c4071b931fa866439a810', '851f0905892cf9ea81ca8c4649b3f31c', '6c259a242e64cdc47548adfbb8266f35', '17d76385e37b5211333b5a5b72a2e070', '52a514c9d90a24dfc5120d9afb622910', '0d28f74c0950212f534ba13891471ec7']",0.26870129184151736,0.2000399969693467,0.13751553612872466,0.49932546885493667,0,likely_human,1.0,0.2000399969693467,0.26870129184151736
UCl1B0yHKjOWamVTAKQ8P0_Q,-1,2,1,"['7b34b78365ecd7877711b8ea92fcf9c2', 'b5119086b4d39ce671dd5d7492f0baea']",0.26628948294122035,0.19993448676489584,0.16535208539261673,0.45117303416561555,0,likely_human,1.0,0.19993448676489584,0.26628948294122035
UCxxqHY9PZidA56re0LEx1gw,-1,1,1,['3b6a3730e055d77c4d094da607e48bcd'],0.24385254122739058,0.19981573202040998,0.17881446558400754,0.5230050268028322,0,likely_human,1.0,0.19981573202040998,0.24385254122739058
UC0orWZC62dr_Yo-OWvJmCYA,-1,2,1,"['6136fbc0092b33511cdff3285f2919bd', '4a9a7081f621a20f13cf220ea2917415']",0.3038916078078528,0.19975455373300618,0.12830062548686266,0.3587510289207021,0,likely_human,1.0,0.19975455373300618,0.3038916078078528
UC4oLbRg413WY7YGfdv5ps3g,-1,1,1,['3253d6b732a78a457ec1a70e7d8d5ac6'],0.25269962985387073,0.19959554616228298,0.1688229632173494,0.5008868056430862,0,likely_human,1.0,0.19959554616228298,0.25269962985387073
UCUh-UETluyKnuMypzQcbo6Q,-1,3,1,"['44d5147b80ad28dfcbd8d9cca94f7df2', '6925aad678018f3915fd4899a6c7c059', '3287c6554147498c86ccaff9b19b6585']",0.21892399015274658,0.199254783555245,0.173050344869154,0.6401222181460753,0,likely_human,1.0,0.199254783555245,0.21892399015274658
UCUR49xaX8MnPtboV0Z9yssQ,-1,1,1,['fdceac1467afabfa96d15fadbbcf8abc'],0.2047872112854443,0.19895683478708087,0.17096785895144256,0.7047922733700621,0,likely_human,1.0,0.19895683478708087,0.2047872112854443
UCbsnWUEPi6Bjp_wrBg28WqA,-1,3,1,"['7c8474f4d5636d3861a3467f63defb88', '7fec041382e4691791eb9901739b63ec', 'b47e293d542e0d55d0c1ff8479092a04']",0.22423615464750432,0.19856693687476412,0.1963652096927883,0.5600817570418051,0,likely_human,1.0,0.19856693687476412,0.22423615464750432
UCif10aQh9VNj4fWoL3C78SA,-1,1,1,['013b90343c31f5269cde6ddac0075ca6'],0.23687657613159396,0.1985659128830548,0.19732175609314173,0.5179078985722559,0,likely_human,1.0,0.1985659128830548,0.23687657613159396
UCNf0Tvh9hCsh4E7oxTtX_Pw,-1,1,1,['b8b988ccf25259b8c976372c3b3f4c03'],0.264909350720079,0.1981195207254809,0.17780635550055968,0.4156607758893995,0,likely_human,1.0,0.1981195207254809,0.264909350720079
UCuZ2pUdWeoq-c4c2cDTH4Xw,-1,1,1,['d3d2ec2b16dc21ac3b5aec6ac55989f4'],0.22592782319481008,0.19804865985956133,0.18790082096801813,0.5675980073682465,0,likely_human,1.0,0.19804865985956133,0.22592782319481008
UCc4KT-Wh6n3QGj0-rnP0SqA,-1,1,1,['21ba253c4db3140128f7cd24846aca4c'],0.246649097888065,0.19782484153740498,0.18137082708944768,0.4932705779791207,0,likely_human,1.0,0.19782484153740498,0.246649097888065
UC6-P1zYkzjajkdKyOe6HhvA,-1,1,1,['a700fa141ea729798d7d5437757d3f63'],0.2694394972942224,0.19756645875700712,0.1608972704060768,0.4221477082259682,0,likely_human,1.0,0.19756645875700712,0.2694394972942224
UCJZXCwSXrpzpeq_KmzmZrkg,-1,1,1,['e9a79ddbf2dc07cd20eb8d5874600ad0'],0.26875485779408265,0.19749901977364875,0.14813981277307267,0.4582015896014673,0,likely_human,1.0,0.19749901977364875,0.26875485779408265
UChlc1gFnlpSzDepbMdLGjxg,-1,3,2,"['262676ee4625d022efbaa6549cf49386', 'ead6e1a9a6bf05971ec313080e9dd525', '789b8655a18c696c0058233dbea731b0']",0.24100836341940757,0.19749688753907066,0.17689206578445507,0.5188390838483443,0,likely_human,1.0,0.19749688753907066,0.24100836341940757
UCgrGMISPHrI90gJWCoDV7NQ,-1,3,1,"['209862103e22701cd21caf5d4ce6a658', '194e617dcd33faa60c0ad32bf1157071', 'fba09e2190d2205ef91cc146a91ee11c']",0.23757270618213888,0.19704662031879838,0.16506263701460644,0.5525434439187965,0,likely_human,1.0,0.19704662031879838,0.23757270618213888
UCvZMfhS6i6y1Pn4HkfLkSog,-1,4,1,"['8129ba8d3d2a021f32b4355179852a31', '91e2f67d3e87a8388287b82b6ec83bd0', '0c397dad18c814f6f508f360f6d00ed8', '304f799ce39d72926cea33810ba847b8']",0.2684592543054132,0.19681360038596532,0.14141730410811043,0.4595820077910311,0,likely_human,1.0,0.19681360038596532,0.2684592543054132
UC8rF1hiZtJUfQDH3gTbBaBw,-1,2,2,"['621d5e0127d388f4a8388eafe1b57380', 'b82445cadb940d49b6d0f00ef366276f']",0.2545155354916919,0.1967663369294127,0.17021346769708784,0.46210163524462194,0,likely_human,1.0,0.1967663369294127,0.2545155354916919
UC9MjyjeKmidLZzh1lgfTNOQ,-1,1,1,['47ddb7384b8e421a2608b018946d24b4'],0.22870010709565522,0.19571016702187535,0.17712698909432936,0.5523096524633543,0,likely_human,1.0,0.19571016702187535,0.22870010709565522
UCFTyqtEGmpdK6UQEBPR1Wyw,-1,2,2,"['3e406e7d4f21c191a960657a45cee68d', 'f74bace52efd6503627aa60e936b77f3']",0.23549454313594098,0.19566495243390797,0.16318665980004177,0.5530913963226054,0,likely_human,1.0,0.19566495243390797,0.23549454313594098
UC2ouDDp9vM9axTeAZbLFfgQ,-1,1,1,['4ba6ed72a43a6702514ff858e853f4e4'],0.27544357043805473,0.19516198933508805,0.1503876332616746,0.393586898747882,0,likely_human,1.0,0.19516198933508805,0.27544357043805473
UC0r7DW-bjFucEXTr-xRSmPQ,-1,1,1,['2b58398e8114d77c48baba8a21b0425d'],0.22975199128214338,0.1951349276092127,0.1648864063667939,0.5642069859917893,0,likely_human,1.0,0.1951349276092127,0.22975199128214338
UCq4c5VbHBVc790b9uDAdjCw,-1,2,1,"['6000313d378e3e138b4b4a9d39ae5aab', '72fdba875e432f17c21390140ff9f719']",0.23252521391549907,0.1949903594525178,0.17014516209995684,0.5527063372427384,0,likely_human,1.0,0.1949903594525178,0.23252521391549907
UCP54FTLrZDVYMxikG6YPH0w,-1,1,1,['e28386f773d41c5de95ba5049b9595c6'],0.19911675390209949,0.1949216304020014,0.17846267740982552,0.6770798852854564,0,likely_human,1.0,0.1949216304020014,0.19911675390209949
UCj2TDcOpLLa1_e7aljWBq4A,-1,1,1,['bf33711416921934720b2a516bb6d631'],0.26155516795939676,0.1948393272434832,0.1545673076131304,0.44397588465769544,0,likely_human,1.0,0.1948393272434832,0.26155516795939676
UCkU9alzT2dn_mwwwpDpM6vw,-1,1,1,['f653342f4d2b60f4ea7c98afcab47ff3'],0.26275185397054857,0.1946935021977287,0.15839707661287164,0.42865351383797706,0,likely_human,1.0,0.1946935021977287,0.26275185397054857
UC06jnKZgKOn1rkmor9saFlQ,-1,1,1,['61ed8995c6471657d985525c9feb9d7c'],0.2660652001466398,0.19435549802778868,0.12307894918286817,0.484886595287345,0,likely_human,1.0,0.19435549802778868,0.2660652001466398
UCDPKygkJMX6SzSUww3zE9_Q,-1,1,1,['717503786678178ae83efe5068f64fcf'],0.23283192200313912,0.19423140685103724,0.18081832651467578,0.512213880144458,0,likely_human,1.0,0.19423140685103724,0.23283192200313912
UCpZLmoo2322awSJ1HB7Yieg,-1,1,1,['a85ea4739679935964d75f5c69260517'],0.26270169368330376,0.19419204201916088,0.1696118549157133,0.4006483443884312,0,likely_human,1.0,0.19419204201916088,0.26270169368330376
UC_zTMrsdmRa0DyO81-SDCIQ,-1,1,1,['386b96b2898b42cb47814a76b2ba3d26'],0.2405332933547048,0.19408530038386762,0.17497640600812464,0.49415676668314984,0,likely_human,1.0,0.19408530038386762,0.2405332933547048
UCmcqtm15d4QY55vd_uPuQCQ,-1,1,1,['b62df2fbdd28fc05c2c7bf1eb60ad87b'],0.20998484500561443,0.19408317960543525,0.1518491671382472,0.6764675568092984,0,likely_human,1.0,0.19408317960543525,0.20998484500561443
UCBd4kW2ZDK7cFnl489iTqeA,-1,2,1,"['5bf4f8bf70f9bb512afd3347f598e477', '4fb053d47b803e538f40ea29ead8177b']",0.1976202214021233,0.1940604869081336,0.163518386467364,0.7116852247800792,0,likely_human,1.0,0.1940604869081336,0.1976202214021233
UCEfB4s27uUCJIlZin7ZPqnw,-1,2,2,"['ea83e3384b6267edd8d363cdfb5a8699', '4657844dd82c1e24a24f48fe33607d85']",0.27540969999314846,0.19388215210088605,0.13598929788195607,0.4151405574598916,0,likely_human,1.0,0.19388215210088605,0.27540969999314846
UCCZVypw5rNoE64xIwB_ts2g,-1,1,1,['29972817b16f0f66060b6c89b344958b'],0.20794343278179978,0.1934624420554274,0.21623487769837496,0.5413492958894637,0,likely_human,1.0,0.1934624420554274,0.20794343278179978
UCTj54chKTd8NNiRJUFPbLBA,-1,1,1,['88293ecfe1d248eaf11ea1c175954d81'],0.2415681090755914,0.19336323489934032,0.174197938429967,0.4779997069495899,0,likely_human,1.0,0.19336323489934032,0.2415681090755914
UCZyjPGIx7ckh7ygEjo05sJA,-1,1,1,['282e1efad6e2a78f09e9d5d104bade7b'],0.234710814401895,0.19326317826812725,0.1586596321138102,0.5410111375235958,0,likely_human,1.0,0.19326317826812725,0.234710814401895
UCrQsYMZveF2n8_Z1Tb8FwFw,-1,1,1,['25dfa78d508d03bc5b8208b63fa03665'],0.2138241711668018,0.19298126916528113,0.18397612870874142,0.5796533852688044,0,likely_human,1.0,0.19298126916528113,0.2138241711668018
UCN6WesXo1PvGhl_nzuwcO_A,-1,1,1,['36f46db75895756a6d56f1d7ba21b872'],0.19137914651992796,0.1928639193441728,0.1795986985559683,0.6973821954641157,0,likely_human,1.0,0.1928639193441728,0.19137914651992796
UCxQ2DhAptXGU-lxzNkAnMsw,-1,1,1,['0363b764952d52197f95beb5a2f7faa3'],0.19931776862704226,0.19262967518019292,0.2155571460020663,0.5751361045667123,0,likely_human,1.0,0.19262967518019292,0.19931776862704226
UCWVkD3zGzzaPlYgPKYKjZCA,-1,1,1,['31eb86f128087e406a2353267418bc5f'],0.24198364406571563,0.19243228516438948,0.1692302250881986,0.4801055930696527,0,likely_human,1.0,0.19243228516438948,0.24198364406571563
UCEsXlhmCmFGsCON06Xp2l0Q,-1,1,1,['c80fa03f6ddf0e776ccf433a6c7a9d43'],0.21727618329072762,0.1920998149970666,0.17481103814756846,0.5717368496807078,0,likely_human,1.0,0.1920998149970666,0.21727618329072762
UC4srS8EgJONrSxJWm7nU1GA,-1,2,1,"['5ee57f6b3dc719504b440ef00824fbaa', '993302bf89814e3a876e7681df8aa6d3']",0.2275869564892517,0.19202885921162005,0.1832844957150764,0.5105092684763082,0,likely_human,1.0,0.19202885921162005,0.2275869564892517
UC1c_p8FGpIyYRWDYtuMj1cg,-1,2,1,"['61160fff17bf61639832170aa525a540', '032b7a8c26704d7019538ada8e2d3866']",0.2296182458252556,0.19172530014928796,0.16460052109776444,0.5348077863936541,0,likely_human,1.0,0.19172530014928796,0.2296182458252556
UC5VC2nD5eFZSytltSeVg1VA,-1,1,1,['3f162142d2563cad8acfaf6e7aeafe26'],0.23465392979234256,0.1916276192599983,0.16912419601139989,0.5005745989234005,0,likely_human,1.0,0.1916276192599983,0.23465392979234256
UCcLQUbqAcsExMi8NthllRRg,-1,1,1,['906d20930b13de687ba909e17a9dba32'],0.22938292505477262,0.19160304589743332,0.1987422373208369,0.4763961800814558,0,likely_human,1.0,0.19160304589743332,0.22938292505477262
UC3bhEF1zrhtJx4quO_uY8Ww,-1,2,1,"['f81bf643358105d17434b3b331d2126f', '30c8b6371d0630cad0fb00a98ac55044']",0.2410920023228321,0.1909042841164475,0.1833856034110527,0.44471880634150895,0,likely_human,1.0,0.1909042841164475,0.2410920023228321
UCPdD3YpXTI2gROpI-LtEiNg,-1,9,3,"['04e1856f5c1621eaaf463f99e9030ed4', 'd128b53800503f2ca3f8ef9860bf1438', '82ef637e66f1a209bd1cf72a38008aea', 'e4fcd4257a0f0aee848e851f7f016b99', '8e00223ab8cb504edbc1cc9dd56cb522', '5929b3da83e92258d7a560a58e03ee4a', '38055faba83fe621b75374efd4b4dd30', '791f9cf70b4e75597d1e6b3443856f1c', '5525d82df77311967b4f589c93fadb79']",0.1939188623738881,0.19087439960488595,0.2134795322758311,0.58566715297077,0,likely_human,1.0,0.19087439960488595,0.1939188623738881
UC-YzN4zBdT6is-hk9PNLeGw,-1,1,1,['74c50e940d8bf6cad1ec75088370b1e6'],0.2514299248215005,0.19053479596612488,0.1498499721383749,0.45929810817168093,0,likely_human,1.0,0.19053479596612488,0.2514299248215005
UCQmOSfaGXDt7lQEog6D2bKg,-1,2,1,"['a76be9f9f1d1725ee35136067732d1f0', 'c223918776fc5ba0b9bfa9369ca39dd7']",0.2626777757915917,0.19045318935327413,0.14513168842931917,0.42023204056705055,0,likely_human,1.0,0.19045318935327413,0.2626777757915917
UC-okSgxGx6vZViZN3wG9vBw,-1,2,1,"['b501d1fa79cfbba0271e069089ef543b', 'b43769bc6aaad54c0641f34fd5884c35']",0.2737530630274232,0.1902684491049696,0.0942191638272274,0.46896974617313925,0,likely_human,1.0,0.1902684491049696,0.2737530630274232
UCXvdhkr7XXicWvZS0_fzjLQ,-1,2,2,"['48ac4c34495ea2f1e87acc4f8d2bfb65', 'a12ce3e75ee582e4da9913313f621de0']",0.20579539979156788,0.18968215082167317,0.18051732999468442,0.5926425605743421,0,likely_human,1.0,0.18968215082167317,0.20579539979156788
UCsrGR9kTT8KiG1Zmg47xC7A,-1,1,1,['70403ae963900b459141e33cb22f8034'],0.23491626183355424,0.18960821338269498,0.18283891226352442,0.45426124435476595,0,likely_human,1.0,0.18960821338269498,0.23491626183355424
UCIsz8huZX0674iyT5Qrq0RQ,-1,1,1,['e54c13612c2decadfe0087486f8407b0'],0.22547186149541473,0.18954855431914025,0.17928617990702295,0.5022079954800752,0,likely_human,1.0,0.18954855431914025,0.22547186149541473
UCPOq-nrLG-OMexBMxX3178w,-1,1,1,['77b7ef694177e604994192f32cc4252e'],0.19815446823420876,0.18902665291638984,0.15840047060506915,0.6649151910428931,0,likely_human,1.0,0.18902665291638984,0.19815446823420876
UC4j3grkDzvGtvMnKsdUhMgg,-1,1,1,['6392700f73b5cc49ec8f445111000798'],0.24022635406088128,0.18869400193297997,0.15528895740959245,0.4753253724024097,0,likely_human,1.0,0.18869400193297997,0.24022635406088128
UC4PZo94M23QNoaIzr2lv2cg,-1,3,2,"['b809ae603ce478ebbc00fa639dc08865', '26877bdce47f70cf020bfe4afb4b6883', 'f85edd4aa8912f7549e73fa30e575688']",0.24022864917484807,0.18833334752961187,0.16002769702743466,0.4624666205378498,0,likely_human,1.0,0.18833334752961187,0.24022864917484807
UC8Sr1VpvFe8B60VCUg7oU6Q,-1,1,1,['1f43677e9851c93c8942bfd6d473301c'],0.18767999180858022,0.18826553791241252,0.19100280698872882,0.6330511222097805,0,likely_human,1.0,0.18826553791241252,0.18767999180858022
UC9UzUUP3O3egW7dFZZnED7A,-1,1,1,['da43e6e2e154f1e184e47bfd1f3f0f85'],0.22437774650933126,0.18818508010065885,0.17213960102394116,0.5147149803274335,0,likely_human,1.0,0.18818508010065885,0.22437774650933126
UCbT5TEYf-TLtUpDBQhazYEQ,-1,1,1,['c3b0606a2f13c555658b6252a235af6c'],0.2420920663384188,0.18797710382473173,0.12896619729490846,0.5138139419919663,0,likely_human,1.0,0.18797710382473173,0.2420920663384188
UCz4d9ALe6BHELAnjmq706RA,-1,1,1,['7372f2d126f580851a4fe3b201c6e489'],0.20142253051703815,0.18795095511670282,0.1590966229236246,0.6378593123596494,0,likely_human,1.0,0.18795095511670282,0.20142253051703815
UCLg2WqqE0Hlk3vyQIEocPyQ,-1,1,1,['c646e6d03f2e4167e48b4e4696afec24'],0.24131755551392836,0.18760594400916175,0.14812992775385928,0.47731932210047673,0,likely_human,1.0,0.18760594400916175,0.24131755551392836
UCtAGTy02pD1iVWcXaHz9QLA,-1,1,1,['2163860c5285be0eb80d37a4dbde88a6'],0.24702827453256676,0.18759919810009948,0.17966472687492044,0.3824973016280372,0,likely_human,1.0,0.18759919810009948,0.24702827453256676
UCsVCCj4PgH_yYAImjjC-y7A,-1,1,1,['62e30a4664f39d3d350a5b305a40bb54'],0.28190637625514614,0.18710008681585913,0.11532331028968454,0.35693491101633906,0,likely_human,1.0,0.18710008681585913,0.28190637625514614
UC-UyhIn4JS5iYmn3peCaYJw,-1,1,1,['4db04709cfd12cf719b53fdd78af9ea5'],0.25139390993015853,0.1870119482481047,0.13722536102562197,0.4516764877139704,0,likely_human,1.0,0.1870119482481047,0.25139390993015853
UCf6S-TFB28ugpp49GnPqTSA,-1,3,2,"['36259dfbc523bd23c4a41a907273763d', '89550fa19017549e0079507068a452b9', '4ca8d65abcf9526b1ba057eb271b265b']",0.24147068237975153,0.18698270407030793,0.1503625131026912,0.4707685034265157,0,likely_human,1.0,0.18698270407030793,0.24147068237975153
UCN75QV-thwjmCOLaVUwXGoA,-1,1,1,['c8c829a99eebed77b30aab089ba1f5e3'],0.21130087888435223,0.186956119294107,0.16033685951968818,0.5856812092252668,0,likely_human,1.0,0.186956119294107,0.21130087888435223
UCRYxNM5m2kokPgPUXRlz1bQ,-1,2,1,"['df6cbb2d75d830cc66b6b2cecb98569e', 'b99709e0e74e13a7cdd8891c008b1781']",0.24269449557370693,0.1864061544940341,0.16468263070406602,0.42402379085471176,0,likely_human,1.0,0.1864061544940341,0.24269449557370693
UCLWGzTKv1nnSlpE_249_FrQ,-1,2,1,"['5bd2de040b19f24d0fa5e8a276b5cfb1', 'ca4676ac9fc416fd625cdb378a54a4b2']",0.18074804882593865,0.18620743456535066,0.14876343977967285,0.7370926636137959,0,likely_human,1.0,0.18620743456535066,0.18074804882593865
UCgRUlIw1mJbEOKJI6-6By8w,-1,1,1,['1d98f46a568da9875e81829a30a22ff7'],0.22799418752613299,0.18616094082344165,0.16193204714249548,0.502383904184846,0,likely_human,1.0,0.18616094082344165,0.22799418752613299
UCyRclKfjj3souZql93J0bcw,-1,2,1,"['10a8d629d1241dc93a6ef6b3abf3e6f7', '887453987c6abedfe0895b399f086633']",0.20328347935330476,0.1860230459194066,0.1909394655229673,0.541345700701068,0,likely_human,1.0,0.1860230459194066,0.20328347935330476
UCpnt-lNJhewVspZJxHwb5mw,-1,2,1,"['2e327580badd8c6af4d2d02b7eb46229', 'a2604e55ae52587b4f98724f22d8ae67']",0.22317485573965137,0.18576032640183768,0.1641080823782569,0.5070080964693012,0,likely_human,1.0,0.18576032640183768,0.22317485573965137
UC4zSFYCbPrz9kkblfv8VdeA,-1,1,1,['63601211461e90e09060ea3a08abeae9'],0.24418535302174413,0.18548835307039555,0.15201081318804782,0.43540663519730666,0,likely_human,1.0,0.18548835307039555,0.24418535302174413
UC31eIJ1DAgMLQLjua4pyzrA,-1,2,1,"['a005a48c1ad225b6b06187892defac99', '06650a8e05b84c6143c5440a6c22b922']",0.20410209300227494,0.18477425533985145,0.16570036703236696,0.5811587846045088,0,likely_human,1.0,0.18477425533985145,0.20410209300227494
UClcfwszFmlT-xyyJe-YzTmg,-1,1,1,['5515386ff856389260f525c39126aa27'],0.19322441478695376,0.18457525883188491,0.19474085265232013,0.5662229582332493,0,likely_human,1.0,0.18457525883188491,0.19322441478695376
UCXt9cmCBWpP9QN1FcL7RZMg,-1,2,1,"['f07f8a21ea454634e9efdea6ab6f3bff', 'a5aa10030ed90d40c75fa89ae69e8856']",0.264124515421422,0.18455049435752607,0.13764732267636073,0.365926273382952,0,likely_human,1.0,0.18455049435752607,0.264124515421422
UCkK7L2nqQs6GgLM1dr8lxpA,-1,3,2,"['8593d3aa335705d868ea612d2ce1535a', 'd446e24557777743f8bcde0244e8a610', '73fd8e334b261781d339dbe03c294aa1']",0.22411209465436457,0.1843182018224912,0.15668733103642402,0.502506702012674,0,likely_human,1.0,0.1843182018224912,0.22411209465436457
UCcG2rymm-OPGa5QWnrlRi6w,-1,1,1,['2d8bd5f892ba2ebb08b12c0b57f09781'],0.2073177498041536,0.1841763551850033,0.14842468532805134,0.6013153372270102,0,likely_human,1.0,0.1841763551850033,0.2073177498041536
UCJJJSf0K8uGe0bUd7OGYf2g,-1,1,1,['cf0c612b322464516ff2c68e0c540a09'],0.24434058435932693,0.18355421043933018,0.14773661442589697,0.4224716264488486,0,likely_human,1.0,0.18355421043933018,0.24434058435932693
UCudFHoEF0HLhpWZ9lHgBnLA,-1,1,1,['bad156f434f90cfbda1fcb99335b7509'],0.1711973593669006,0.1830199210414896,0.21397068238570902,0.6083290020980902,0,likely_human,1.0,0.1830199210414896,0.1711973593669006
UCHVD9hJ6xcRlpgK3CLW44CQ,-1,2,1,"['51d53fa978f9f81c4e3ddf5e42c5a7fb', '93021da5b96a7bc970824396d7ffe639']",0.2509410937320446,0.18295102339038605,0.1323800939556461,0.4192367553900698,0,likely_human,1.0,0.18295102339038605,0.2509410937320446
UCajRi48SzItrMN87lGTo-zw,-1,1,1,['63a3bb755aff16f4e23dbbb6daf375e9'],0.18965677164634911,0.18292454733640645,0.19457252091426236,0.566824912747193,0,likely_human,1.0,0.18292454733640645,0.18965677164634911
UCi6L0qNKNDSk51nfbVYHPbw,-1,1,1,['ad25a9d096164a4dbdb28a1fe9642adc'],0.25116468678525006,0.1827932732288123,0.1378371622942897,0.40583807004794925,0,likely_human,1.0,0.1827932732288123,0.25116468678525006
UCGXcJmnshx_InLp_BJVKzIQ,-1,1,1,['9309e239572d09e9572dcd1935b6da87'],0.22102337520243587,0.1825868635954726,0.1568362121724138,0.49837533491584335,0,likely_human,1.0,0.1825868635954726,0.22102337520243587
UCQEWFgzTCe0SucHJcdPv2iQ,-1,1,1,['7ad17c567843d204c459fe454c6edb50'],0.2525262193948803,0.18252893458468686,0.12828772899656585,0.417256000162687,0,likely_human,1.0,0.18252893458468686,0.2525262193948803
UCKzFJRT8-womHSjgS2wJFog,-1,4,1,"['42c28db66c0c354280ec25bb8cf64e1f', '89ebfbfcba14e788d0e40d638d0dca37', '9159c8aad46476993f6a31cff5667fc8', '0941e2d06b2e08a6b4461d255fcd4cb4']",0.2052899331941789,0.18205664860680365,0.16051173019018908,0.555579353201934,0,likely_human,1.0,0.18205664860680365,0.2052899331941789
UC6qKIfXvjRO9LaI2t2z6fmQ,-1,3,2,"['9aa6f9cf9832c797764181f273acef4f', '15b89607111ef0ee36f294ae3e81980f', '423731a76cd3e970c4ecac96bbe7a036']",0.19171523969905457,0.18201399387518652,0.1991423284469417,0.5440034154554056,0,likely_human,1.0,0.18201399387518652,0.19171523969905457
UCNWE4hkW4aVMCtKxw6JD8uw,-1,3,1,"['52b746f592268be357d4be5d9ba3be0e', 'e6e0bd741f780d0a48bd5c4b4c7c91cb', 'fbb5daa56d96f2270cf27c8121633ae9']",0.2118827200915688,0.18193226127972578,0.1523148787450754,0.5443618939287038,0,likely_human,1.0,0.18193226127972578,0.2118827200915688
UCNYIFEUZsHzn_xzRniovJ3w,-1,2,1,"['6cc6911a3a6711a7cbdf5c2f44beb925', 'c827c60c131761b739be71eb9eb72139']",0.22005573181156735,0.1818798139288448,0.16482216826063797,0.47929808001285534,0,likely_human,1.0,0.1818798139288448,0.22005573181156735
UCWoZ3B5s5SWcLAuhX9Nms5g,-1,1,1,['44c247575dbb34a567254551d5dd882d'],0.22352781516116155,0.18145261104266083,0.19537096104311874,0.40539347669975434,0,likely_human,1.0,0.18145261104266083,0.22352781516116155
UCoGz7Qagf8xuAOM8lzRkzpg,-1,1,1,['efc3503971133bbc6edaa8c4c0ea235d'],0.21218748556505823,0.17999899410598036,0.1814019162187134,0.4620897697219269,0,likely_human,1.0,0.17999899410598036,0.21218748556505823
UCyuE0FBzirPJrNfgb1GziKQ,-1,1,1,['77ed4d7a300c731028d822da951f51a6'],0.24509775589793212,0.17984573286157393,0.14630855396303327,0.3850609812464818,0,likely_human,1.0,0.17984573286157393,0.24509775589793212
UC0zr-G3cKx0tWqO5-5G8rHQ,-1,1,1,['c9cc243424615f299b4d006d199d2507'],0.256574427326541,0.1796408415897259,0.12376272638768779,0.38268076793434125,0,likely_human,1.0,0.1796408415897259,0.256574427326541
UCGQsNTPM8Az3IS-hDpHWhPg,-1,3,1,"['acba335d91b15528caea38e8824fce1e', '329818d9b1a8e21db275b14e298f1d3d', '2335587777b02a0c20e5ab860c927027']",0.2209819380024729,0.17963640922563073,0.17201951417005368,0.43961497214956685,0,likely_human,1.0,0.17963640922563073,0.2209819380024729
UCG1NgcYIa5YrBGCRqyea9WA,-1,1,1,['64607e7941ec39e84516852eb1f95739'],0.21433113596754622,0.1796304405770976,0.16864612440285956,0.4741104526590973,0,likely_human,1.0,0.1796304405770976,0.21433113596754622
UC1u8OJDU83VZ-Ojo1CSsHNQ,-1,1,1,['322a62a63887e06916a2a51b5b3a9627'],0.24853281132768557,0.17906232631755034,0.12311066614557331,0.4122082646317574,0,likely_human,1.0,0.17906232631755034,0.24853281132768557
UCxWtxXzL8AErFMLB5o95DQg,-1,1,1,['e97e33dd0746f2f17b10223f528bdccb'],0.22615480876218613,0.17904601140827134,0.16156393672393213,0.4426657818539653,0,likely_human,1.0,0.17904601140827134,0.22615480876218613
UCfV408y91hqUkG7e-pNiGYw,-1,1,1,['df379c5110e3be47297049210fc08a65'],0.2536602109532138,0.1789059560751104,0.1390657268442525,0.352681958687191,0,likely_human,1.0,0.1789059560751104,0.2536602109532138
UCTaW_zwwSupWUuI-7jemZwg,-1,2,1,"['06a8ffa439d341f19cb1948b4ed0e197', 'ca0f3ed2c531e65c3a67ae133600df71']",0.2231803097148821,0.17877940501916612,0.1630118386855604,0.4380766551569608,0,likely_human,1.0,0.17877940501916612,0.2231803097148821
UCzJgClz4DQOfsh5FD8jV3Gw,-1,2,1,"['1ea0f0274f690af3bfdda8c09e141c8c', '82467c48e157477511be1d45fe165daf']",0.2524116977081542,0.1787224644919536,0.13894250647148815,0.35971787814697875,0,likely_human,1.0,0.1787224644919536,0.2524116977081542
UC7XZ0ICjU6NUXsGnfMk6vfQ,-1,1,1,['83c564d15d3f188c0d9ebfc02be5aac5'],0.223736447409284,0.17854673111014013,0.13361567856027687,0.4891927680370803,0,likely_human,1.0,0.17854673111014013,0.223736447409284
UCHhUwOuBkNtZC0cgpo0kJIQ,-1,1,1,['08cf4e6c14067974e71f6cb82869cd54'],0.18057992304049286,0.17813336282077907,0.1630622149912941,0.6223112770383376,0,likely_human,1.0,0.17813336282077907,0.18057992304049286
UCYbnbXa03ngWaliiv7yxsJg,-1,1,1,['b6f5c0dc651fd1a0ab8d8ea3a0255341'],0.22804957723214175,0.1778670876094661,0.15476603071057513,0.42498472207767546,0,likely_human,1.0,0.1778670876094661,0.22804957723214175
UCIRZ6M6cxlLOUoVhg_UVdlQ,-1,8,1,"['08c127745b5faea01171a5b6b8d41641', 'ac0b1dc1390963756480f3420e5c64f1', '36ec353001006d2e1119b97487972cee', '87e7949348067b1e7a7a3e0ec71f5e69', 'f864bd30950d4ba545251565d59f93c5', '8d9c92c38e02207687ab2d68a9ceb1f9', '0927bf6832bf40d6a5628fb9be520ee0', 'ecd7a102b300bebc6fd053b1c5ac23ec']",0.21253784964646988,0.1776742909393617,0.15153536712469923,0.49851229169982897,0,likely_human,1.0,0.1776742909393617,0.21253784964646988
UC7_Wbn8yS-lgIZoPvPB1R-w,-1,3,1,"['8dffb682705fa6589c1a3b1cc062ad04', 'a231c528eadf8f268b5129ecb1a350ed', 'f1196c9d5e91ac273f5921f83376fb07']",0.17253169343631047,0.17713738461183642,0.1494994910757405,0.6795830751355485,0,likely_human,1.0,0.17713738461183642,0.17253169343631047
UCW5L8ncIbBize39UYGU7a3g,-1,1,1,['4dbd3faa96e5744b8d62521490d9c621'],0.21544713470371663,0.1770980542829696,0.16987883851362626,0.4506464952266773,0,likely_human,1.0,0.1770980542829696,0.21544713470371663
UCJpXUdepWwqF_caWKNzjBaA,-1,2,1,"['6f52be10a6c8dbd206c654690bcc706e', '910d28177892274e01b41027e5fc4d91']",0.2543692457272929,0.17706561543527677,0.11848704498403491,0.3747728500584236,0,likely_human,1.0,0.17706561543527677,0.2543692457272929
UCwBQ3w2ewmqjD117uftcH_A,-1,1,1,['06131909bee32402a89e576a470b488c'],0.2287292297262701,0.17693132267940986,0.15901760671492998,0.4024512622262659,0,likely_human,1.0,0.17693132267940986,0.2287292297262701
UCum7UAPK3gmKm5v3fzgViCQ,-1,2,1,"['784711bffa4f34470f9bc3f32fbf9f41', '6631f82fb4d81e11ff6843609c550b9a']",0.2202404279191721,0.17672279786410403,0.13422893175725598,0.49061685385698073,0,likely_human,1.0,0.17672279786410403,0.2202404279191721
UCb6EnxkSCLux4ZhQJBKP64g,-1,2,1,"['92291ab1291588b089acb8b4e5415bdb', 'e2af099484159ac0824505b91361b608']",0.22060308880634177,0.17659745061922766,0.1336474403717561,0.4920147908379883,0,likely_human,1.0,0.17659745061922766,0.22060308880634177
UCIbCta7MynPvzYsdPxP_-sw,-1,3,1,"['79da84fcd5109fdadf1c80bd889b369c', '21c928db6e48be288dd3f072f2c8460e', '86ea5d3a83e4595ec7493830eae68aa0']",0.18829775239392488,0.17641615992744605,0.15648790072259966,0.5865919369437507,0,likely_human,1.0,0.17641615992744605,0.18829775239392488
UCB-E7le4rWSJKHbF4vqC0Gg,-1,1,1,['be7211bffafd069c5fdfb193e6bde36b'],0.1877846724568723,0.17565802458138918,0.19690577239874946,0.4945951668890488,0,likely_human,1.0,0.17565802458138918,0.1877846724568723
UCSwUXwzLdq92vamSvRA0DNw,-1,1,1,['19572a30acfed3220a9ce04ee1bc1534'],0.19140558481467862,0.17557254844174042,0.18696280966930912,0.5108107707474842,0,likely_human,1.0,0.17557254844174042,0.19140558481467862
UCzc6I9u_53yz7gD-B5DcGuQ,-1,1,1,['994e2a4cb0a679dbd257827ff075dcbe'],0.19467536880698258,0.17530751141401923,0.18389880339563563,0.49322415693269966,0,likely_human,1.0,0.17530751141401923,0.19467536880698258
UCl_nfmSy0GvLQDfi0pfnbrA,-1,1,1,['8695650f4fa57661d1c46a1d7d31d1b4'],0.18204055380945072,0.17497080706259815,0.18044452752378665,0.5497858070911362,0,likely_human,1.0,0.17497080706259815,0.18204055380945072
UCNy35ptog4P0UO1rGmQMLVA,-1,1,1,['8e4dd0bf1268322bfefee4a9ac2e683d'],0.19496029043491814,0.17480806788414455,0.17338905726565698,0.5022031046819768,0,likely_human,1.0,0.17480806788414455,0.19496029043491814
UCvgDiS5AO9oQKr_NveDCIHg,-1,1,1,['16d3fddb88f14de0a0a781491848b06e'],0.1915681747111455,0.17435013888154746,0.19747190984995935,0.4691882916822735,0,likely_human,1.0,0.17435013888154746,0.1915681747111455
UC7BdqeNdS6b3Miv7XVhbQzw,-1,1,1,['e6c543e1c193340b6104669c7d875da8'],0.17508991062717155,0.1739096157685192,0.195576883238919,0.5388280070177136,0,likely_human,1.0,0.1739096157685192,0.17508991062717155
UC4VI-pCcfA35DHXtt6saB6Q,-1,1,1,['5b820531068b5e7fc8831b5d93e9a41d'],0.2035197863892399,0.17364389801089766,0.1804673254290206,0.44768752763690745,0,likely_human,1.0,0.17364389801089766,0.2035197863892399
UCsgu9WMw1UBnDE_LMRSW2FQ,-1,1,1,['3eb9f90914605a8f1ada6c9b95512937'],0.1797067796169848,0.17360658542434368,0.1889959366665664,0.531926403896841,0,likely_human,1.0,0.17360658542434368,0.1797067796169848
UC4jXdcPEC7bKjbwGAcogOYw,-1,1,1,['cad268a55f528921465ba6ecc84afde3'],0.17075502084245925,0.17340748155013402,0.19887928911655828,0.5481785578180144,0,likely_human,1.0,0.17340748155013402,0.17075502084245925
UCvItZpas5hJPNlC-yvZ5sNg,-1,1,1,['942f54b7c024195e216650baf89d54bb'],0.1946467362715632,0.17339283923665177,0.17979501404279932,0.4754423258208629,0,likely_human,1.0,0.17339283923665177,0.1946467362715632
UCfO1HKtG2B7a7fZzfFUQPJQ,-1,1,1,['7c0a8834cf4127ff6e7a4ee1886927e2'],0.17097996202836274,0.17292617931212972,0.2034284400033016,0.5286618490953757,0,likely_human,1.0,0.17292617931212972,0.17097996202836274
UCLXwyWjvdV2HfPwZnhVTj0Q,-1,1,1,['020fe480905d4230e9c0842b1db7a43a'],0.22330373873447887,0.17283509310246534,0.15258945146640035,0.4026385422191839,0,likely_human,1.0,0.17283509310246534,0.22330373873447887
UC2B1Z1N8t3CzrS3MKqB9znw,-1,2,1,"['77e1794da3b7f181953a53e029ec04e9', '8075dcaaaac29303e3ea3f806ac72807']",0.171374564279967,0.17268846066002075,0.18030645763917852,0.5767515818180649,0,likely_human,1.0,0.17268846066002075,0.171374564279967
UCBLeYZcUhw8B_aOfQrfDw3w,-1,2,1,"['98f15c2f4a14648c166f8fba4f4c00b5', '5428e30387a535a24931564cabbed552']",0.16133978051999143,0.1726436881724617,0.21060450883221926,0.5553604790302927,0,likely_human,1.0,0.1726436881724617,0.16133978051999143
UCahg1b2PTnhHiJMohYWW2Gw,-1,1,1,['01d8a26335383530d61c6e190360dc1d'],0.1965036336617573,0.1720995996017425,0.1849286230400903,0.44584117161917947,0,likely_human,1.0,0.1720995996017425,0.1965036336617573
UCTfSKzFj8yYHVKn2hTg8wFA,-1,1,1,['f5ab954f61c243cd5fa00319b9605342'],0.20310782433090532,0.17195555086972583,0.1520907581102722,0.48024262435812914,0,likely_human,1.0,0.17195555086972583,0.20310782433090532
UCSNfnAOstlJaXmx1G93U6sw,-1,1,1,['9844001c43a8fab5ef6b649f98740dde'],0.17998983765120513,0.17183305782970407,0.1885604713330276,0.5081608025335203,0,likely_human,1.0,0.17183305782970407,0.17998983765120513
UCExyitmJ6yRzLlzhmGcNRXw,-1,1,1,['f185c7d1fc1d7a741b7a884edb48c6d5'],0.1749882116216214,0.17166762903024885,0.20206825748654422,0.5170629429216833,0,likely_human,1.0,0.17166762903024885,0.1749882116216214
UCd_JQlXk37k7ZCeLaLPAVhw,-1,1,1,['74165e1e4062e25cbf3281de231f6bdc'],0.2299461816051834,0.1716137890933253,0.1305902186942934,0.40661060455146053,0,likely_human,1.0,0.1716137890933253,0.2299461816051834
UCWFwtqKxJH0JgRUz-kmxd2A,-1,2,1,"['c802fc2581b51afdae782834d48ca0a3', 'be12cddcf1b1bfe50c5c984d01312f22']",0.19513603806837393,0.17090259123864965,0.14523329761353496,0.523402988323802,0,likely_human,1.0,0.17090259123864965,0.19513603806837393
UCGeOtEkKpHeLAULRYATaDmQ,-1,1,1,['791dbd69d4f862f5d39f023b502b2e87'],0.22401598480707743,0.17040631254002453,0.13698945851992067,0.41215761974351844,0,likely_human,1.0,0.17040631254002453,0.22401598480707743
UC6K_gfjA2y73aNRhLzycFhQ,-1,1,1,['b2dc3e00c69a1d37cf2968f390938626'],0.1880943754309431,0.17035275521657295,0.17755356025209576,0.47921711153414415,0,likely_human,1.0,0.17035275521657295,0.1880943754309431
UCZ_V8XcGJySMuYpDV6lLisg,-1,1,1,['475bd46c116778f550b1e5f2893771d2'],0.17548491167342756,0.17030842742051638,0.18945027371083611,0.5141704825513593,0,likely_human,1.0,0.17030842742051638,0.17548491167342756
UCqO3XN9UaWd0PTKJrfjjeLQ,-1,1,1,['bdcd7998a532dea28aa6c80a5322ac9d'],0.17206864181802906,0.1701787847261953,0.16886903756673832,0.5710816556131348,0,likely_human,1.0,0.1701787847261953,0.17206864181802906
UCREkMGQZNmErG2vhDXbpj7Q,-1,1,1,['f5e1be74351196bc033a335bd8de72d1'],0.20468171387906203,0.1699470232209713,0.1771785958148444,0.4033607683460634,0,likely_human,1.0,0.1699470232209713,0.20468171387906203
UCQATPPKgTTl7NGtb7P6e-wQ,-1,1,1,['5757c584e6f1eeb7241e637b297d104f'],0.18925400341347037,0.16968669610385956,0.17508695209303357,0.4735702315604299,0,likely_human,1.0,0.16968669610385956,0.18925400341347037
UCc84jOyDWiGOhsRx6bceC_A,-1,1,1,['51f6c80f513d8c0ebf3d858fd6f2fa3c'],0.17804929039,0.1693411716893957,0.19965337194405042,0.4690594755943978,0,likely_human,1.0,0.1693411716893957,0.17804929039
UCYHsKwU7oy4KxmOM06pNTPw,-1,1,1,['260cf5b055d38bf98a3ee0eda540dc2d'],0.17798222284322943,0.16920974915543102,0.16851333744418812,0.5353651592409306,0,likely_human,1.0,0.16920974915543102,0.17798222284322943
UCNsgKBFOWpfg6vjLKSDQSBw,-1,1,1,['0d2109a4d55f764e463c05f33292229d'],0.1716914514558014,0.16918616490004673,0.15680163003247113,0.5866541200590765,0,likely_human,1.0,0.16918616490004673,0.1716914514558014
UCy4qqtS9BRMyxF-2M180QNQ,-1,1,1,['f5cf3eb4e63cc39c8a54f63f0b39f04b'],0.1873435858226786,0.16910431149453115,0.17524570317677782,0.48202588418635905,0,likely_human,1.0,0.16910431149453115,0.1873435858226786
UCNy9Ej0jhZDh8UJg8f27UBw,-1,3,1,"['dd89c52e0d4be82949363fd2d0c1ebd4', 'd2f4c8b3670308a3458cc99d5caa13e8', 'f2ee1e901038da8f2a0dd031c789d2fd']",0.18746863431068872,0.1690872209992454,0.15220516362801628,0.5241887270422707,0,likely_human,1.0,0.1690872209992454,0.18746863431068872
UCF-sIlTVpwQMjUttT-RY1iA,-1,2,1,"['c85cea2f042359baa7c3867e82e489b4', '5191309e653bae9a1d5c15d5d1bcd220']",0.18754732941841862,0.16881242592896462,0.15078855499673094,0.5237663212621999,0,likely_human,1.0,0.16881242592896462,0.18754732941841862
UCATHw1q-sDNsQsNQP1VfPhg,-1,1,1,['d3726fea67686cbb7db38a6641f3cfcc'],0.17329885297669767,0.16853661508797496,0.18795155990110501,0.5162467341954288,0,likely_human,1.0,0.16853661508797496,0.17329885297669767
UC-SBRZ_2aOWkRObbVZ3ziZQ,-1,2,1,"['90db93feebbc5f47cb87be64c0d4a701', '226e1b85669525e947d5b8d41eaf7532']",0.17180603813525516,0.16780553011026558,0.1574888873426249,0.5709896291058958,0,likely_human,1.0,0.16780553011026558,0.17180603813525516
UCKw8nEuhOrsNIveIu-ylKrg,-1,1,1,['39f5b3db20bd0a48f2fee3f76e481d2a'],0.17449920842810274,0.16757217752914766,0.17854614364131538,0.513723072014919,0,likely_human,1.0,0.16757217752914766,0.17449920842810274
UCnE2_0tfPNMzhI78gSc_ZZg,-1,1,1,['5c4247deb6cfe0f86b85443852727bbd'],0.21867287960337595,0.16749800808317744,0.14746761621077992,0.37800355415493053,0,likely_human,1.0,0.16749800808317744,0.21867287960337595
UCMvJjm5a3AL0O4zpVVO7UZA,-1,1,1,['2f59150994fe14fb7ccee58901a5354c'],0.18473265807397654,0.16696342218319066,0.16179470425367087,0.4992441346002905,0,likely_human,1.0,0.16696342218319066,0.18473265807397654
UCMNwU6tX2YD5J2JZDGytQVQ,-1,1,1,['c7301c283de91db72eb4b0007186d269'],0.16286431298701293,0.16685108932558784,0.21497116106976746,0.48827633227957157,0,likely_human,1.0,0.16685108932558784,0.16286431298701293
UCOvfZN1gefGAc76WuE2bTRg,-1,1,1,['f1dce96b358ddcc6fe578908a51bc21c'],0.1610663626745333,0.1665967234202032,0.19985208779032396,0.5257331460919972,0,likely_human,1.0,0.1665967234202032,0.1610663626745333
UCCetoKXo0FzZcyVnRl9QmIA,-1,1,1,['cca370c711f94d807c910586b94790ed'],0.16043250405080206,0.16648887909481147,0.1928694727414111,0.5372888654465451,0,likely_human,1.0,0.16648887909481147,0.16043250405080206
UC3aK8-p25Oj_ez8tnNW5rvg,-1,1,1,['e8a49ecd65d9c2cc7902ab91828a023c'],0.18209792782840534,0.16643686717980682,0.1593268152509452,0.5055540707180587,0,likely_human,1.0,0.16643686717980682,0.18209792782840534
UC3X846wyORjbr88YaGdOaVg,-1,1,1,['3b74c99b4987b30ec30f501ff044ac37'],0.16683470920840648,0.1662013850794319,0.19050673628826095,0.5076693644733918,0,likely_human,1.0,0.1662013850794319,0.16683470920840648
UCHe6Mzr1N7kJGCucYUKzUqw,-1,3,1,"['95813c46f487939d78f820be1721bd89', 'afb03a502ddfab7caa58ffd155dc2328', '85030db9002a7d733253b0c2ac6ddbc1']",0.20354358763061156,0.16614661037827733,0.15123911994147468,0.4263928091297201,0,likely_human,1.0,0.16614661037827733,0.20354358763061156
UC-IGE3a1NX8JNYDoi1aXR5w,-1,1,1,['a9e88100a2612e30ebd5fff3734770cd'],0.1858561386381135,0.16605118597770907,0.1578331096388772,0.496340858578065,0,likely_human,1.0,0.16605118597770907,0.1858561386381135
UC_lmVUakK2_GB6OcyWIIn8A,-1,1,1,['5dd6a7df9dd7f2b96bdd5cd5fd17ae97'],0.19632819081549296,0.1659694358534945,0.1355811662072468,0.4922289388844534,0,likely_human,1.0,0.1659694358534945,0.19632819081549296
UComBA9kkh85IFdIyYj5VFfw,-1,1,1,['2757b745b10b794f8d0201c993b8e82c'],0.18738257368462008,0.16591475760114396,0.16655653309746482,0.46449789053255186,0,likely_human,1.0,0.16591475760114396,0.18738257368462008
UCJA0xWV0LuNTFwKdeX_c1pg,-1,2,2,"['df26d0c80de30c0da094aa0a370ba26a', '99c2a58ecbe87a1a8b84d25bda8c89c6']",0.16803719527269212,0.16575762394064697,0.1853760753317277,0.5084497897521729,0,likely_human,1.0,0.16575762394064697,0.16803719527269212
UCkFUHZZrPJVVHFsUBe29jnQ,-1,1,1,['707268078e1a7beb9fecaf40a3c4e117'],0.15857325342710707,0.1652336782697282,0.1924564495104433,0.5335347985196979,0,likely_human,1.0,0.1652336782697282,0.15857325342710707
UCWq18F_yYbeXM-m8vHwA9TA,-1,1,1,['64419cd8b117fda847d2455b7a17060f'],0.16096616432036473,0.16516838843015635,0.19214285449051816,0.5195993191659615,0,likely_human,1.0,0.16516838843015635,0.16096616432036473
UCdthXTPxELJGix0QKBNgx9g,-1,1,1,['0f076ad89105f4cc877eb09de560d0cc'],0.17901440098393223,0.1647324713451469,0.16294677269891739,0.496469406102162,0,likely_human,1.0,0.1647324713451469,0.17901440098393223
UCnh6-2qSe9-qLkb2vz4zMZw,-1,1,1,['b3658d6b11dbadecc93e6b6bafcc03e4'],0.15730432439671513,0.16471703325403403,0.21415524593575774,0.4961121886192389,0,likely_human,1.0,0.16471703325403403,0.15730432439671513
UCDMm6BLw4XQAZmZS3l4W5gA,-1,1,1,['9d625be48d436d16ec385c833801c324'],0.17260806660255654,0.1646833241138421,0.14629492018393164,0.5644985012114903,0,likely_human,1.0,0.1646833241138421,0.17260806660255654
UCpqdo1wym5wQpBtEEBNKTww,-1,3,1,"['6a385b31cec034e4bee4eb2c51bd0aae', 'e360accfdf250e3b067732a5274968cf', 'c4c54695c8e4d85ba1e3cd53bad39584']",0.17390520645252586,0.16459288160242894,0.17491027979032908,0.5023413277242035,0,likely_human,1.0,0.16459288160242894,0.17390520645252586
UCwY-0FhKCH6ExhID3oZKl_A,-1,2,1,"['e7a69f2c8d4cbae1081ff955427843d1', 'd79823facfa3e58a3421f31fde02a77e']",0.1598996683919932,0.16445349398109665,0.17146973895860756,0.5718609955070576,0,likely_human,1.0,0.16445349398109665,0.1598996683919932
UCEaqwC_SaLXfsplkcGr_K_w,-1,1,1,['e9c1c7a7c15b4009118d1c8f1c47166d'],0.1495273178356481,0.16437383658601212,0.19787499336656744,0.5530415208668974,0,likely_human,1.0,0.16437383658601212,0.1495273178356481
UC8HgB2S8fvhwyNT0o5eQX4w,-1,1,1,['5317ba6e20a1b0d06f4bf82aa76902a3'],0.17979016918567783,0.16433932714033403,0.1779280135148613,0.4553696378956568,0,likely_human,1.0,0.16433932714033403,0.17979016918567783
UCdAZg_FjTdpifCN__VvByUA,-1,1,1,['09a57f17d297e8816791e989dae5be90'],0.16376056115665663,0.16427921944985896,0.18457281530120107,0.5157146028792696,0,likely_human,1.0,0.16427921944985896,0.16376056115665663
UC03ICS45nbkHXfNT60PFfCA,-1,3,1,"['eecdf21a411870b1adce016d49d97470', '0dae0941833663cc96bf5ebc4e7c22cd', '0e3ab525d8b6bbf22c3da28518ff6464']",0.17793183747795802,0.16380311884128862,0.1613366051164371,0.49657687074051077,0,likely_human,1.0,0.16380311884128862,0.17793183747795802
UCYRi_EE1p-T6E8yyH7ST4uw,-1,1,1,['249c512b48a7e97633d168a431e0ea6a'],0.17895116162199315,0.1637938941213452,0.1561810731910884,0.5082474950020391,0,likely_human,1.0,0.1637938941213452,0.17895116162199315
UCeZjmDWed9tecoJRTU7BQtg,-1,1,1,['1fe0aeb1d6924d900c0ccaf6eb648cf7'],0.1559069842259709,0.16379144964120168,0.2206516206863271,0.482890966958732,0,likely_human,1.0,0.16379144964120168,0.1559069842259709
UCH-ZR74I4eHOjXY2_59Dc-Q,-1,1,1,['7648772e78f557d7646829a226dbed31'],0.16306246303569974,0.16353812121372843,0.1682336136509803,0.5464347390427043,0,likely_human,1.0,0.16353812121372843,0.16306246303569974
UCajuj1YRdrkxrQEn84oPTcA,-1,2,1,"['d714cc5593727b72f90f20273afab489', '79cab368e45165bea13d3220df509c80']",0.18894296707979036,0.16343039122867745,0.17264298372929282,0.41786211469792073,0,likely_human,1.0,0.16343039122867745,0.18894296707979036
UCt0u1ZcEwApaDfCqkjNgNPw,-1,2,1,"['f80c62d9cf91fca9f6b5da29b0f22511', '1c38d892bd4a48b4b08ff3c0742750a8']",0.17776378440683333,0.16326300042459635,0.1843120442525891,0.4531462519836047,0,likely_human,1.0,0.16326300042459635,0.17776378440683333
UCNBW0hVAjCFzg8jVJ_PHtCg,-1,1,1,['22f96400433bd182a6aec3734c2bb3e0'],0.17378047168827018,0.1624058618963265,0.17476224721255731,0.4820880147264335,0,likely_human,1.0,0.1624058618963265,0.17378047168827018
UC0lkAl6k7SZFD1R9G7omVBg,-1,2,1,"['6f09e367a7f18b10d2b5794fb34d591e', '8b073346fea0d7d0c9320a3b9dd76d1c']",0.16371851090565143,0.16236957135667762,0.18011044399706885,0.504863867588639,0,likely_human,1.0,0.16236957135667762,0.16371851090565143
UC7AequJO-ip7Mea4AqdjZFg,-1,1,1,['42fa28d93b0fbc4ef8e8f479fb16ab5d'],0.1943766551889075,0.16203051570558122,0.13833885872566626,0.4558091281596728,0,likely_human,1.0,0.16203051570558122,0.1943766551889075
UCZ-q5u8D4UN8nhbqcHBuRIA,-1,1,1,['05089c23a86b8f1362f0cf185a9b2c21'],0.16159965679292673,0.16197793175574493,0.1692723944827701,0.5369608390083195,0,likely_human,1.0,0.16197793175574493,0.16159965679292673
UCsmVcC7GLoILeoQcf6KHsAw,-1,1,1,['653439a507651418b7a7a78169b58c70'],0.15333772470004245,0.16166105715819157,0.18343294659155648,0.5384139101676687,0,likely_human,1.0,0.16166105715819157,0.15333772470004245
UCHI77ri4tm5X2G20uWN-BpQ,-1,2,1,"['0be19b17606ffaeb9c922a3d381d5434', '63bd5650555a1cdd7d51683fe3279af3']",0.17806512949946185,0.15989976746107476,0.17155272933920274,0.43489906483603075,0,likely_human,1.0,0.15989976746107476,0.17806512949946185
UCTn4NRP32LlIgsjAAMYznQg,-1,2,1,"['d40da83fc02fc3ba5f6fe18e7ee27dfd', 'f770a32d50322ebf60f8f2874a6d993a']",0.14989602124819512,0.1597776615238231,0.17258714852358187,0.556873896520943,0,likely_human,1.0,0.1597776615238231,0.14989602124819512
UCOSdxaMA1drLtl1vMD4oljA,-1,1,1,['8ffa5f27308be6b849101fc8a5aba905'],0.21401042913740553,0.1587907027672531,0.13875685148398104,0.33624219652524323,0,likely_human,1.0,0.1587907027672531,0.21401042913740553
UCNNzQJPHA-DpXCmmPVfsWUA,-1,1,1,['4438ec29ee43c4260e844c4eb72dd67a'],0.18754034245746798,0.15827736289276745,0.166601770836383,0.3860785138682742,0,likely_human,1.0,0.15827736289276745,0.18754034245746798
UC9QD3LH7XAvAdBn4Pfc55wQ,-1,1,1,['23c656d885f94cad3fe2fb33db23130d'],0.14409360363160983,0.1581313008047761,0.2001353705495834,0.5106464812732899,0,likely_human,1.0,0.1581313008047761,0.14409360363160983
UCj06he36yItHNtSCqHGxY4w,-1,1,1,['890964066c47ee713c31c181267bf8fb'],0.14938740923662883,0.15789734803268457,0.17741602842956106,0.5304420295750196,0,likely_human,1.0,0.15789734803268457,0.14938740923662883
UC0xaDaPhILeT44zLmhzm6-g,-1,2,1,"['932b74bfff56fdb2b37c30b1c9a07f58', '6c9d8c870af59dff9efcd114a1baf399']",0.15946677417790195,0.15760488228181774,0.16244746536366067,0.5176832903662584,0,likely_human,1.0,0.15760488228181774,0.15946677417790195
UCoSduiKXm8Jn_-e0xgyNazA,-1,2,1,"['9f3514989517b1d3a7e256a17d230391', 'c5e8d3debdfc2bf678092bece1bce50b']",0.1543740370746825,0.15755695973682204,0.1671956195785168,0.5272033343952381,0,likely_human,1.0,0.15755695973682204,0.1543740370746825
UCx8oalmzMUXdxe3pjicjIKA,-1,1,1,['9b84a2ba8a6425584674555dadb28e81'],0.20299228583981163,0.15749648472673677,0.1239545599364254,0.40241583063243624,0,likely_human,1.0,0.15749648472673677,0.20299228583981163
UCzYhtos8a5QQcEOLtFkB_MQ,-1,1,1,['f16cb91be62e993b17604f1f95d48298'],0.15961954383813826,0.15674237033597577,0.1671060011056554,0.49575509497606396,0,likely_human,1.0,0.15674237033597577,0.15961954383813826
UCf7EkkHx3EjGjQeoS0MAXKw,-1,4,1,"['f84f6936d161d9c89c2b18567eca1f21', '1423906efdece53fd36019aa41df13d9', '065ee6615b5871de6b2cdedc7ecd4fac', 'e34265c189baf29da0dc4443b6f846fd']",0.1618942532933511,0.15635918103601526,0.16767491176892008,0.4806646908422446,0,likely_human,1.0,0.15635918103601526,0.1618942532933511
UC84CRZAsYGKKopxfhAdmIrA,-1,1,1,['3ab6db28b4871153c09a169eee391a04'],0.18004168472103352,0.1563014729455394,0.16668595006318396,0.41039442653400515,0,likely_human,1.0,0.1563014729455394,0.18004168472103352
UCX0IKxjGOJSeKIJ31EajjWg,-1,1,1,['71325d01bbb1bdc1b148e29c6ec82d88'],0.19615751225439945,0.1562822892949261,0.15162494935860582,0.3659589609153378,0,likely_human,1.0,0.1562822892949261,0.19615751225439945
UCwENr2gU3dRpnGWQ31WtFgQ,-1,1,1,['9ddeabe944cc1529ecae88302474652d'],0.14527948302841698,0.15605611707947176,0.20317399125875105,0.47861506621610506,0,likely_human,1.0,0.15605611707947176,0.14527948302841698
UC6VgnHKk68QQpN8fRUs2t8A,-1,1,1,['789c42f5262960bb6d8a2abcc2b82f9a'],0.1940637893198777,0.1550907849204749,0.10459236698985201,0.45700938782428235,0,likely_human,1.0,0.1550907849204749,0.1940637893198777
UClIuWpiDEFamauZMtmEhGWA,-1,1,1,['d814249b08beed908a3234d0ed8a29be'],0.14311423624183234,0.1550818923260422,0.19685583397936263,0.4997911881693772,0,likely_human,1.0,0.1550818923260422,0.14311423624183234
UCLHKOmbCoUmFCLFHfIG595Q,-1,1,1,['e703cfcb0abf61ff056b1680af28450b'],0.15154100644068472,0.15502339698109585,0.1890652715986832,0.47573407051360406,0,likely_human,1.0,0.15502339698109585,0.15154100644068472
UC8Q_iFMn3MhW6OCxJXvt-PQ,-1,1,1,['39f4e66599a3fc022a8f28d3f6232259'],0.17467535579352259,0.15455287164776493,0.15351289823493325,0.44345842004041935,0,likely_human,1.0,0.15455287164776493,0.17467535579352259
UCnnEEUSiNSfl2zE8qE7B8Mg,-1,1,1,['2a76e28bc1889b311572e44b33b980c3'],0.1554317508816687,0.15450558518527818,0.20140859956309595,0.4322072501095715,0,likely_human,1.0,0.15450558518527818,0.1554317508816687
UCY06VNX2hKRDv5YM7yb6tKg,-1,1,1,['024a81b8db77faaec70c306d988287a6'],0.15797784602697706,0.15446854870827806,0.17155867760473048,0.472150337409747,0,likely_human,1.0,0.15446854870827806,0.15797784602697706
UCufRVzyO3wulekv7boP1PXw,-1,1,1,['f55f2eced3214ecc5b1a2841cad49de3'],0.15469125789429577,0.154359428621133,0.17601040054652276,0.4847158050345286,0,likely_human,1.0,0.154359428621133,0.15469125789429577
UCU5Cl3FMj5f0rtXyrFIuLvg,-1,3,1,"['67310cc551dfb35f458de1e1564c7b89', 'f85d24af162b8e753f43b2ff561ab45f', '47c12f8ae9a163656e5b34f6764f13d9']",0.15473664886348576,0.15433497312451208,0.16276355828280784,0.5009289135289472,0,likely_human,1.0,0.15433497312451208,0.15473664886348576
UC4impjzjEdk3OpOR6Wwgs5Q,-1,2,1,"['0849599c5238a8f943cf8d2609fcf61d', '4a8e75bb7d79ce7cd631aac30dbff9bc']",0.16874816544741605,0.15424931942233788,0.13363927076525595,0.5004274865701837,0,likely_human,1.0,0.15424931942233788,0.16874816544741605
UC82CrDe4dMsfUwPjQN_3k0w,-1,1,1,['6442cf749ab34a7d636010bf13c41209'],0.14065145521943953,0.1538492567669,0.20015571108138874,0.48118252263399386,0,likely_human,1.0,0.1538492567669,0.14065145521943953
UCX_bQ05X3mS9AMOY_m7EL1g,-1,1,1,['2cd9717a8e32e4e03a54780cfe20697f'],0.14968586454958713,0.15378250835599372,0.15139422556786827,0.5429315270353908,0,likely_human,1.0,0.15378250835599372,0.14968586454958713
UC3-PuMTU4l-mvLCH4gL_mDA,-1,1,1,['2776b536665fe4e9fb7363fa854e0fba'],0.1406849528530789,0.1537085786877993,0.17848613599972196,0.5274243234078199,0,likely_human,1.0,0.1537085786877993,0.1406849528530789
UCq6v8olXMiPaMBj6lzJ8P_Q,-1,1,1,['b650bdf6646909b97149e8c5a88ad8c6'],0.16289975554631148,0.1534890024481929,0.17336459500411341,0.4331829062925563,0,likely_human,1.0,0.1534890024481929,0.16289975554631148
UCO89LvzrV9qfCEnrfq1HeMw,-1,1,1,['1369ac34cc6472eef01b3ecf71a456c4'],0.20688864076837457,0.15318640838031666,0.12288504502353735,0.3449506894798748,0,likely_human,1.0,0.15318640838031666,0.20688864076837457
UCGjRKbiGE9YKiXZd9b1FwxA,-1,1,1,['f4d0c73852ccb8a6f0d10700f1090217'],0.1705579229955617,0.15313501383065448,0.16806618681239427,0.4058860264246363,0,likely_human,1.0,0.15313501383065448,0.1705579229955617
UC_LHnJzhAW1q7E_z3AQthVQ,-1,3,2,"['09ad20f0b9d2ee7c408c75180321689c', '6b9478229374a3d50c7e0897131b2d0f', '932b370f8f56261956d1a1e8105f699b']",0.14775496163664423,0.15311985694124525,0.1740698673211247,0.49856634335213945,0,likely_human,1.0,0.15311985694124525,0.14775496163664423
UCwiyoGvENQyuwXYSymFDfQg,-1,1,1,['b8ec3ab1a2997ba73f02a673ec345905'],0.16501421344188316,0.15303941206863392,0.14723120549197358,0.4749790471511466,0,likely_human,1.0,0.15303941206863392,0.16501421344188316
UCd2QnVynC_3nBCKn-ciF71Q,-1,1,1,['de5eeb435ba5719b25fd148980a379d9'],0.13972731516525821,0.15298569719938035,0.17643246711976812,0.5292722160235579,0,likely_human,1.0,0.15298569719938035,0.13972731516525821
UCTMVxLSejtA2pON0OY0KfBg,-1,1,1,['40de2cbfdbdc8c0fb3bac82dcc039a8b'],0.18277321879102243,0.15272205577149736,0.10321041736540987,0.48878170571669743,0,likely_human,1.0,0.15272205577149736,0.18277321879102243
UCmWWG5g02ZwFgBlF220K-8w,-1,1,1,['c35b9cb0bd366f69e9d709f5095d323a'],0.1552736773333149,0.1525693502465336,0.1641648758965758,0.47755485315970764,0,likely_human,1.0,0.1525693502465336,0.1552736773333149
UC9NRfNANZs8mLyht0UBl_5g,-1,1,1,['a6f82c322fc32d524fb2cd2abdb2a353'],0.13885331726910763,0.15250529291746018,0.1862519617690095,0.5062342410384357,0,likely_human,1.0,0.15250529291746018,0.13885331726910763
UCNUgCGUuHIB4aTR4-Pq3jrw,-1,1,1,['ca4f0a4cf6c701493119fd924400d382'],0.1624634915993602,0.15204841186768916,0.1746149042731558,0.4224203965455091,0,likely_human,1.0,0.15204841186768916,0.1624634915993602
UCMb6pfGQE-yeKWf_w6E-X8w,-1,1,1,['d3e090b30e99d0c7ef1907b77646f4cf'],0.14970566059098414,0.15195184876719886,0.14095077066444134,0.5465889357776221,0,likely_human,1.0,0.15195184876719886,0.14970566059098414
UCkTe7YapEkdJQCn2m-WavPg,-1,1,1,['60101fdd364b67f587669b52fa1c496a'],0.17232384018891306,0.15152213173739038,0.12891680330193742,0.469057315600239,0,likely_human,1.0,0.15152213173739038,0.17232384018891306
UCD8dX0Q2Me2JSgO-bcJSeLQ,-1,2,1,"['89a8e5211fa20d4738df2aec399cdffb', 'b1cbd7f0770dc450249d00471d8091b2']",0.1671177082246179,0.15101422927587435,0.13630531694159312,0.4684877862658405,0,likely_human,1.0,0.15101422927587435,0.1671177082246179
UC0STFkkGT2ZDc18gZp1QjTg,-1,1,1,['0da318a4d4bdfa32b8d3dc88d23f7e1c'],0.1783101242742145,0.15094442805827163,0.1603333978944488,0.36767508548119004,0,likely_human,1.0,0.15094442805827163,0.1783101242742145
UC-UsibT_Vgh3K1lmDwUCjsQ,-1,1,1,['d4cb5cf90f449259a13d2cde84f82e5e'],0.14979846436082514,0.1507725695382359,0.15669029555242686,0.5012217351683528,0,likely_human,1.0,0.1507725695382359,0.14979846436082514
UCuEarjFsmNel1rdIJKEayZw,-1,1,1,['aca2b223903514ba5d53824612fbda80'],0.1493192268298948,0.14981238347174092,0.17505778671615535,0.4635080322780792,0,likely_human,1.0,0.14981238347174092,0.1493192268298948
UCHh72EAMz4KbJKgmQMuL46A,-1,1,1,['30d4faf027952aee4a8a88ca28044280'],0.14375715324848778,0.14978830758205677,0.1714521793004615,0.48907570581538784,0,likely_human,1.0,0.14978830758205677,0.14375715324848778
UCRPrFcCM4MEQVt7CzpdLPEA,-1,1,1,['98082b66977455a0f992fb3f60a97477'],0.17375234528413053,0.14953567102556353,0.13036913124631855,0.43940211169665033,0,likely_human,1.0,0.14953567102556353,0.17375234528413053
UCoRhgdyLk2kiBncwKxSjV-w,-1,1,1,['ceda16f46de01c75d0892b8d3bdc3ee6'],0.17771286522265994,0.14943866427731123,0.1564377190554272,0.37156314314222005,0,likely_human,1.0,0.14943866427731123,0.17771286522265994
UC_tRyzO_hF_CmRdexOOxTSg,-1,1,1,['d9f0b59cbef0d1138d0a7f9f189c6311'],0.14603644018588482,0.14924783812159165,0.18564934885904294,0.44199211599254806,0,likely_human,1.0,0.14924783812159165,0.14603644018588482
UCPTeLfIEAn5c4zPv013iiLA,-1,1,1,['3d7ce4792adf37444839d79603ac65ed'],0.1461791124931575,0.14887173578912027,0.16474017706399605,0.48225659269410115,0,likely_human,1.0,0.14887173578912027,0.1461791124931575
UCa3v_-38viYaleBN0gAGJaw,-1,4,1,"['d650ccbb762601bdb22d689d4269c777', 'bf2d052eee8017e74fa52cb5cd7ce480', 'dcb38c09f1ba6839acda0d2a67553234', '22a57d230e7b49b34ac8cf593d72db7d']",0.16051267659761537,0.14870898228586443,0.12326264035611345,0.5025680936856136,0,likely_human,1.0,0.14870898228586443,0.16051267659761537
UC9cTW_XR0FHzNG5UQNIR_3A,-1,1,1,['f13a0983e1248cc4b0100c0a36562988'],0.18746331025893148,0.1483771975923336,0.1408769438759853,0.34341950927045817,0,likely_human,1.0,0.1483771975923336,0.18746331025893148
UCI_rnWAKOXAIpeoVq78LJtA,-1,1,1,['d18800d48885a17a8836eadeec55dc37'],0.14752710521375964,0.14794251056280855,0.17753121160824537,0.43869523781138636,0,likely_human,1.0,0.14794251056280855,0.14752710521375964
UCd5hm-Hf4qzNTvNJFPA9bQw,-1,1,1,['7bc023a26cab8c2180321f717361deb9'],0.14293570834091246,0.1479353633585942,0.17042294816826878,0.47726136093727467,0,likely_human,1.0,0.1479353633585942,0.14293570834091246
UC0q5jTePHflWCaj840bmxRg,-1,1,1,['1885bc70b874e099f92e797bd8465da0'],0.1649766279435131,0.14747668359012417,0.16231867684423307,0.38880941739641384,0,likely_human,1.0,0.14747668359012417,0.1649766279435131
UCt6oEfXjqbJt0_lNILXbmCw,-1,1,1,['5e5ad300dfae46987e381fb072544096'],0.14864707285734374,0.14744980960321383,0.17487313534487217,0.43695138176280934,0,likely_human,1.0,0.14744980960321383,0.14864707285734374
UCbGxtBOqfIGrBD6EasD5UNw,-1,1,1,['958069910de11a240099cecbfd9b1f34'],0.14346077161260962,0.14738191149710012,0.16409319799995864,0.48616248569764087,0,likely_human,1.0,0.14738191149710012,0.14346077161260962
UCM6F9Rl11OMhGhmoDVWSPtA,-1,2,1,"['aacd201a403c3113c6dd5f65e847b054', 'ef90849e81aa5e15720aac84bb14cd1c']",0.1316729574775743,0.14698860319127735,0.16814042686551925,0.5205880158339888,0,likely_human,1.0,0.14698860319127735,0.1316729574775743
UCFADoswZ8M06Td10xzNPshg,-1,1,1,['916efa97fdb91746393296d002e87edb'],0.13593941614283978,0.1468637377042226,0.1908421269614412,0.45371406258383723,0,likely_human,1.0,0.1468637377042226,0.13593941614283978
UCpr4LsufHU-6w0HfWOjYa2Q,-1,1,1,['58b226e59036653b7988136ee9aa55e4'],0.16472075623031274,0.14678470621588408,0.1275492272123158,0.457139952118951,0,likely_human,1.0,0.14678470621588408,0.16472075623031274
UCN390H_gxBlMnwa2_Y06IDw,-1,1,1,['479658706d4d16d7f0733d267e9ed3af'],0.14471255073263217,0.14623907612956594,0.16170750165993644,0.46770212170121084,0,likely_human,1.0,0.14623907612956594,0.14471255073263217
UCsrvHrmBOk-x-vxDS7O5O2A,-1,1,1,['4b683869b1674aa86ddd3b51dafcdf7e'],0.15967442892382788,0.14623794580471816,0.1582504802120906,0.40991154091494725,0,likely_human,1.0,0.14623794580471816,0.15967442892382788
UCSrUus4FZ5qEaPFyMdxmXfQ,-1,1,1,['7d722621eb081185a3bab6c63c5f36b8'],0.13893350091062318,0.14612134459587484,0.19025869615815386,0.43278520342200444,0,likely_human,1.0,0.14612134459587484,0.13893350091062318
UCGbRv1pmRiyUQg9dWI3f97w,-1,4,1,"['870a79629bdd473e5e8a2fb2b2e7eaf0', 'e9d140d7da4f3b9d1c1be88aeae91df2', '08c13032b11824d825eca8e1d64a1215', '4fe072c5a2603defa28f41cce3a7c6be']",0.14608467946760456,0.14603806952725074,0.13846993198559107,0.5091590321417527,0,likely_human,1.0,0.14603806952725074,0.14608467946760456
UCNPbJZkjihZ8HuPf80C2zvw,-1,1,1,['0b9be2b19a6c1d9ebb027a906ab10f53'],0.13389396410193963,0.14583283661720975,0.20419505361375268,0.4355505689775241,0,likely_human,1.0,0.14583283661720975,0.13389396410193963
UCbRAhZW8aFW_FyhL8yD9-wA,-1,1,1,['3b2546898dcff017042b98efb1d63d09'],0.1430756969299501,0.14569757402747147,0.168014145170498,0.4565643110977776,0,likely_human,1.0,0.14569757402747147,0.1430756969299501
UCAIHn0FJ4uU4SD2QBpByPWA,-1,1,1,['9d9283f8f794232abe08e1639307ad17'],0.12827194421610857,0.145356355761145,0.1907734100539391,0.47173461145279594,0,likely_human,1.0,0.145356355761145,0.12827194421610857
UCjnuXp9AF-t6uoxN2GxMvnw,-1,1,1,['76abc3775077421a808afde969a6f706'],0.1303475842591108,0.14504297466813887,0.17464221458711965,0.4935961907286369,0,likely_human,1.0,0.14504297466813887,0.1303475842591108
UC7Lsn0GF30lPeyvmp-SUf4A,-1,1,1,['d08bb47842ecdd8ce960eb29eaa85b92'],0.12840250692087019,0.14489828587688725,0.1847759867013853,0.48032688693325803,0,likely_human,1.0,0.14489828587688725,0.12840250692087019
UCMGp4LHfCaWWwku1fHzEY4g,-1,1,1,['f62c411769afc0188b27dacdbe5ab61a'],0.13890406218825788,0.1448490473569054,0.1624266774787185,0.483974105085336,0,likely_human,1.0,0.1448490473569054,0.13890406218825788
UC7_30YJUNReTRr2a9l3lvOg,-1,1,1,['5db20001a5eaa6f96a085f782b048f35'],0.15949331812631085,0.14466368212645617,0.15338781014376446,0.4133384726498859,0,likely_human,1.0,0.14466368212645617,0.15949331812631085
UC-MIEU5_qwAd_ryyuG6exUw,-1,1,1,['845a4ee7e7aa7c7c97ea3cdf94b11410'],0.1553942974071443,0.14453640799250728,0.15843163927045067,0.4211648442794793,0,likely_human,1.0,0.14453640799250728,0.1553942974071443
UCVm_Kb_tputOlAWgXXrPgmQ,-1,1,1,['52bf7f343d0dea20ac5bca50ad9e30e1'],0.15085255371128933,0.14427225913266672,0.1503369066056452,0.44637956683193336,0,likely_human,1.0,0.14427225913266672,0.15085255371128933
UCcZm80ers0p67idJzHjE81Q,-1,1,1,['d7eff035b304f1ed3a0a2f3124c55e89'],0.1697466732416633,0.14420051584657007,0.15199057064252214,0.3529500170132632,0,likely_human,1.0,0.14420051584657007,0.1697466732416633
UCQuKoGeCcZ8kYBR2LuLOMrg,-1,1,1,['afa2701687c24011214bf9227639498c'],0.14374919545178927,0.1441213947814854,0.11022812017122058,0.5600277330540175,0,likely_human,1.0,0.1441213947814854,0.14374919545178927
UC0xnMg_irTuvsUzEae_l1hg,-1,1,1,['be7e86eb4744ca6372add1d201285beb'],0.17350965513655373,0.14353750694127315,0.1432819660546566,0.3501009810638685,0,likely_human,1.0,0.14353750694127315,0.17350965513655373
UCjkWddDQy63eClCXsMhiOhQ,-1,1,1,['c759ee8370c0aefa94d0935175b0f913'],0.16638585144852103,0.14339840092620745,0.14310598604631186,0.3908135291142414,0,likely_human,1.0,0.14339840092620745,0.16638585144852103
UCsXYf896-M5Tm-7Mc6kOB4w,-1,2,1,"['a75e3636a969319f4eb6270d5aa018cb', '1f2c58d10cd2fbe9cf69b47e7291febb']",0.14408831557257729,0.14271564877578072,0.1545986633499656,0.4500616830566514,0,likely_human,1.0,0.14271564877578072,0.14408831557257729
UCYy01_eO8U1tt23KewA62-g,-1,1,1,['093b10411e65cea0dcd62a2f4d21c5e8'],0.1341948024651878,0.142534363202654,0.15754477709633535,0.4862661540617414,0,likely_human,1.0,0.142534363202654,0.1341948024651878
UCR3HRjAWEpdZZkp9ulnAuug,-1,2,2,"['2a53cc145557ef615ec8ae793a8a761d', 'e6365e7db103970b30472801bf58f860']",0.14133609525324767,0.1424210696713686,0.1329231119805928,0.5057783434769987,0,likely_human,1.0,0.1424210696713686,0.14133609525324767
UCzLjekZQGmOT7t32oDUvJTQ,-1,2,1,"['70776559b5b250900842c14718e5ed84', '1c42cb4804cdefa76e70d8eb3d71f94b']",0.15325493672359936,0.14205941645067163,0.1518235073176895,0.41156305881819044,0,likely_human,1.0,0.14205941645067163,0.15325493672359936
UCsqOLbYoESAj-812UFjquoQ,-1,1,1,['7aa29ad7176e3c49061f0e0e39448fb6'],0.3150708991298743,0.14180849178214633,0.0,0.0,0,likely_human,1.0,0.14180849178214633,0.3150708991298743
UC2L-4LGq7Ia7KcJmSU4yoNQ,-1,2,1,"['341a11d211cf45aa092207bd74504804', 'edd3a4a12b675d89a11d4d4814d9dcbb']",0.1348939759157328,0.1416265630686131,0.1591553276797525,0.4716050326037915,0,likely_human,1.0,0.1416265630686131,0.1348939759157328
UCHysRgyO43ychqq6giAi0wQ,-1,2,1,"['6c17ac7b926d2ac14ccb449889a63f5e', '01400a088a0f3702e505c32ce6f57511']",0.13872633615371294,0.14154976520634732,0.16376453155058604,0.44309965680426916,0,likely_human,1.0,0.14154976520634732,0.13872633615371294
UCQKrsDKMRivHX3hTJmcVt5Q,-1,1,1,['57e0c63fbae87496cc88c03513db2be0'],0.15564109730616277,0.14151866715365685,0.15212308676579164,0.3926253981149319,0,likely_human,1.0,0.14151866715365685,0.15564109730616277
UCMICzLRRrUuVyxtmf58I2FA,-1,2,1,"['ac4670da896b4e48228fae03cfd4bc2a', '075048e8edaad1c49b07ffec84d6ace1']",0.13174928923724816,0.14151085881234746,0.17502501834188025,0.4510395751156045,0,likely_human,1.0,0.14151085881234746,0.13174928923724816
UCn12oVMRBIHpdm1lnmmJ8HA,-1,1,1,['d41ac163dc79fcc512dc12b57aa8e053'],0.14524616522247255,0.14065509705063717,0.152827180670474,0.4346994060193351,0,likely_human,1.0,0.14065509705063717,0.14524616522247255
UCnTfLwYyCUdJDeK8WKOiz8g,-1,1,1,['077679341687937546c067600f41b35a'],0.1943437173041075,0.14014205750705366,0.09358852957878612,0.3308055566516081,0,likely_human,1.0,0.14014205750705366,0.1943437173041075
UCkuudzeOoCzzhnP3WQJlKUg,-1,1,1,['5e7c470ff8b83edd187d2c7028fb634d'],0.13258925675112446,0.14004743229092304,0.16861227265307102,0.44613179213706206,0,likely_human,1.0,0.14004743229092304,0.13258925675112446
UCDoWakErVvtV60ro3cw2o7A,-1,1,1,['d72d5a4925d93c0f836dd65b8736faef'],0.13358352257566294,0.1392784953038606,0.16041350284344555,0.45611423781267213,0,likely_human,1.0,0.1392784953038606,0.13358352257566294
UCPnseCDXiV_vKtlB1-UThjQ,-1,1,1,['715e74d922b31741469429130e37f1b3'],0.12256742069345389,0.13927066115351389,0.19359129717190754,0.43150587410848873,0,likely_human,1.0,0.13927066115351389,0.12256742069345389
UCQf5Q6s_4n9z4DOiYJRU4Yw,-1,1,1,['bfae99ec6ba2733ecc5b0ce8e852d04a'],0.13484641512436496,0.1387437315886985,0.15158974707070502,0.45954353437443785,0,likely_human,1.0,0.1387437315886985,0.13484641512436496
UC43gTsclHCYyVS-oVciUBGA,-1,1,1,['ce4e953009cd453c049081bf231a2558'],0.16793925869142992,0.13795754469935292,0.11613682199521702,0.3814439818859639,0,likely_human,1.0,0.13795754469935292,0.16793925869142992
UCY1Uj0WaRDX5btRAqu8jI-A,-1,1,1,['c863a86251c9b9af8515f0c8a0937645'],0.14693245492961374,0.1379566442558211,0.15542731102407722,0.3884341939911138,0,likely_human,1.0,0.1379566442558211,0.14693245492961374
UC83lL1j0wofOaU49MOU-CJQ,-1,1,1,['6176d0bc3f3fab17208b7c47876ff491'],0.1648343029364828,0.1378684192265069,0.11697181536869193,0.3893916429666273,0,likely_human,1.0,0.1378684192265069,0.1648343029364828
UCmnG1sdyp0SX89xPSYrpPpQ,-1,1,1,['55752f9e41fe636b7e2dd7d3e97b9e4f'],0.13891117035054878,0.13774756308051347,0.1741102658776147,0.39299080121531105,0,likely_human,1.0,0.13774756308051347,0.13891117035054878
UCJJlnST3Sdk0Wi319dCPX-A,-1,1,1,['6c6643f9636bb296a8bd6f6f599fdd11'],0.1643384033631942,0.13735914936114538,0.11919837110932582,0.3811354235914658,0,likely_human,1.0,0.13735914936114538,0.1643384033631942
UCdFmg22WhT246YTp9DGt6ZA,-1,5,1,"['1d100d88ac466627f9d29deb2bdde951', 'e379aeeaa836f112e81ccdda56a0a880', '3f12b8c6e00af59010aba5dedb3173f4', 'aca0110f2835754ec3118a8db2e3ae12', '26807f05df3f20043e89f528dddb6da4']",0.1387004892720101,0.13728185396843157,0.14480956806095752,0.44236983925555873,0,likely_human,1.0,0.13728185396843157,0.1387004892720101
UCin2EqTeyvrpssDuwzPaqcg,-1,1,1,['7189ab9888a961245822578d8f5812b4'],0.18508978542718435,0.13713122505910585,0.09173523677200922,0.3436043111668466,0,likely_human,1.0,0.13713122505910585,0.18508978542718435
UCwxHv6Apdat5dR5BVdB8BXA,-1,1,1,['e626f084f7fca133d0698f44752c5a34'],0.17471851580335002,0.13642492387104022,0.10858994065513909,0.35037809338421144,0,likely_human,1.0,0.13642492387104022,0.17471851580335002
UC68H5dKO3__rMJlqQqDnSfw,-1,1,1,['6ade3e6ed08013b8a9b9de316ded5de2'],0.14224067233329715,0.13628787295155537,0.15160069994293815,0.40566493587849917,0,likely_human,1.0,0.13628787295155537,0.14224067233329715
UCAotQxCB6jDG6JdXqqvV6Qg,-1,1,1,['06c3fd93cdcfcdd7727f7b5ae8fff012'],0.126041599796586,0.1362577854554337,0.18397501741333722,0.40485642911194464,0,likely_human,1.0,0.1362577854554337,0.126041599796586
UCrGKTVo_6r05NzT8L9M23cg,-1,1,1,['8438f0acf34eaaf27970523b39490f94'],0.13060839293410115,0.1361908231094237,0.16804515511288337,0.4171623338963292,0,likely_human,1.0,0.1361908231094237,0.13060839293410115
UC9QNuXcPHKpwRZlgNbkqPaw,-1,1,1,['a81f66319d1e85a4d886cd65d154e4fa'],0.14361389811215283,0.13540358691228704,0.1345999061630672,0.42210939912778134,0,likely_human,1.0,0.13540358691228704,0.14361389811215283
UCGb8thn_4H8mPBkD-bVAEIw,-1,1,1,['08e280a50c381ec8159a3da7a683dd7b'],0.1689649885206269,0.1350503855495862,0.10875474409343039,0.35946774624526734,0,likely_human,1.0,0.1350503855495862,0.1689649885206269
UCJoDTZpFwhubbOEThpLUeLw,-1,1,1,['7098d512e01a25ec93b270f1bcaf81a6'],0.140249801700504,0.13496621729838093,0.14475340112201313,0.41102031911724346,0,likely_human,1.0,0.13496621729838093,0.140249801700504
UCM-dVA_ZDUFBxVecSf8OTRA,-1,1,1,['1a9ad017a5ada0bfcf41d9039096344d'],0.12117226515725611,0.13452459410877135,0.17410026202210124,0.43057219245363954,0,likely_human,1.0,0.13452459410877135,0.12117226515725611
UCbxQXwVxhQE8MIaj12iulUA,-1,1,1,['be7a91162b9c8ae4892dd7b91e7fb314'],0.14509931697207018,0.13412756532936176,0.1610274017360147,0.34728457845149874,0,likely_human,1.0,0.13412756532936176,0.14509931697207018
UCh4809-atgpLGKLRg9YhBiw,-1,1,1,['fdfd4da6890659678215e02d64693808'],0.1444640990595124,0.13380630881323557,0.15644508162988197,0.3591321323061666,0,likely_human,1.0,0.13380630881323557,0.1444640990595124
UC3Ox06P-3Eu_gchcdkZozvw,-1,1,1,['1cd90c30f217e906a3a0b366c857713e'],0.17186225450948517,0.13379511113895626,0.11032347308061426,0.33317249850047287,0,likely_human,1.0,0.13379511113895626,0.17186225450948517
UCP2cy2RnS8XJn0KhSfuc3Nw,-1,1,1,['0db18f141f370bf08f9161d1143808e1'],0.1470700716014255,0.13377324422672215,0.1481294134120001,0.3620626644558129,0,likely_human,1.0,0.13377324422672215,0.1470700716014255
UCChciiqF90BKP-enZ2n0BZQ,-1,1,1,['5859041f8e60a84ec3aa79e658696cc9'],0.1228542356460145,0.1336289624294445,0.16047097538273164,0.4428751695183799,0,likely_human,1.0,0.1336289624294445,0.1228542356460145
UCkVn0dgx4t3cF0sCcHPe7kw,-1,1,1,['d753d36b417d6eba418ee171e8ff3820'],0.13749227865148914,0.13362302261049153,0.14648349997558685,0.4077129836642499,0,likely_human,1.0,0.13362302261049153,0.13749227865148914
UCCL_wvy-8o83wGAPZAfE1Dg,-1,1,1,['e4555b0e77be2eb0a82c9e98a0b4d7e0'],0.11541399791180289,0.13357624682080746,0.18367225652710018,0.4266970058445797,0,likely_human,1.0,0.13357624682080746,0.11541399791180289
UCzFXARw_99oeLEvKL-DTbeg,-1,1,1,['6cc61e83a4cc1ada9e41072b836b70e1'],0.15387932563323803,0.13283495303715764,0.12919774418116756,0.3701177143622401,0,likely_human,1.0,0.13283495303715764,0.15387932563323803
UCCEF2wUeKMsVX5Vc-_JaMEw,-1,1,1,['a3f7ca6fac6c735cfdbeb0a110edcf90'],0.12341070591938223,0.13219431295028536,0.17250618433018836,0.40073315348190114,0,likely_human,1.0,0.13219431295028536,0.12341070591938223
UC1vnF2jNQT8prgqMsf1bU5A,-1,1,1,['b97d772f67263530b8abdf82fd0137ef'],0.1152492931711668,0.13180128180006256,0.1718296051011002,0.43425308789053707,0,likely_human,1.0,0.13180128180006256,0.1152492931711668
UCuDvr79gOn-F0kmWharMhIg,-1,1,1,['55db36ecfe1bbf2a1dd012bd042f5a28'],0.12973887760544905,0.1314763366936921,0.16426224939517237,0.38257891789416265,0,likely_human,1.0,0.1314763366936921,0.12973887760544905
UCfw0aFsKax0WFi-c1WLGcwg,-1,1,1,['51c70881405ca2bc78ebe635e2ed8a89'],0.12824595024705066,0.13122738589893657,0.1436015706903046,0.4305476218750479,0,likely_human,1.0,0.13122738589893657,0.12824595024705066
UC4MLGn0sMiY7P5SpuhhZjKw,-1,1,1,['dc5910b2ce8ebecbfa63e5b97afe50d3'],0.12617234704232344,0.12893533544124502,0.14677198324965157,0.4094876619970861,0,likely_human,1.0,0.12893533544124502,0.12617234704232344
UCiSevyoat2yPbrvQtibAQjQ,-1,1,1,['f5fdc45c223a7b7f35dd5ad15937b0a7'],0.13734826602372577,0.12889586777817613,0.1191241112282218,0.41636110696739836,0,likely_human,1.0,0.12889586777817613,0.13734826602372577
UCX2cDbzfIpXHJ319_iqURDA,-1,1,1,['fa716fdae452121712e75d0b9bd3a84a'],0.15794366514980615,0.12862417175779048,0.09978229269521227,0.3620338073815626,0,likely_human,1.0,0.12862417175779048,0.15794366514980615
UCBS4HuZ0Tnc-6BOsbVodmeg,-1,1,1,['1a43ef048ca5b5337daf5d227a94c7c7'],0.14024817232333833,0.12825724095448438,0.13880001352601914,0.3565262014549956,0,likely_human,1.0,0.12825724095448438,0.14024817232333833
UCA1wWjtwv-poY-JUHjAliyg,-1,1,1,['8b465cd062508253014982594670ba3f'],0.1665471475676964,0.12790943618485137,0.08960470097333914,0.344441613680165,0,likely_human,1.0,0.12790943618485137,0.1665471475676964
UCPWL7ZC5t0CYrlr7ztyiNgQ,-1,2,1,"['e7b358e7dc2ad2c52380e78881e1d675', '93906fa08308480d18700cad4a6b36d6']",0.12378360009690914,0.12776067872481636,0.14115402389600248,0.42102308368813723,0,likely_human,1.0,0.12776067872481636,0.12378360009690914
UCWVb-zRyZUst7mBV-EDftVw,-1,1,1,['19c5b1c19edf6c05413ca81c932a15e4'],0.12024511618463213,0.12730805687279026,0.16484361187355548,0.38925144218160557,0,likely_human,1.0,0.12730805687279026,0.12024511618463213
UCXDnoP1i3frY8wFHLiAXf-A,-1,1,1,['66c3535e30a9b2816102d89f6df0403a'],0.13613940935800795,0.12658148663572286,0.12462247709230727,0.3887820972540452,0,likely_human,1.0,0.12658148663572286,0.13613940935800795
UC9kzZGaGbvh6LodjU9oW8_g,-1,1,1,['390e82ed868ee9a3e0b9864f43d7f2e2'],0.12339987759234641,0.12558596791364438,0.14050159789054215,0.40225330004400434,0,likely_human,1.0,0.12558596791364438,0.12339987759234641
UC_teSySwSqDm_Iv1JyP1Pjg,-1,1,1,['b841a1d58c04d8a83fea7fd59edb4a9c'],0.12931956194727426,0.12418725654260285,0.13534966626199857,0.3711925605114186,0,likely_human,1.0,0.12418725654260285,0.12931956194727426
UCrpXrkGWdesgdouzMqcuosA,-1,1,1,['f7bfb36d26729b8b1eaab7e6ee9528e6'],0.12534979717535025,0.12418248392561196,0.13414663117002015,0.39242724504214355,0,likely_human,1.0,0.12418248392561196,0.12534979717535025
UCc9zpJNId_qJfwI1PhTy5FA,-1,1,1,['66b67d8f82b25fd8074e9f5bafbc5a83'],0.13758611728838852,0.12404159709428031,0.1363939835505773,0.33191531731287915,0,likely_human,1.0,0.12404159709428031,0.13758611728838852
UC-Mnh7Y_lLZy7Qj53celWNQ,-1,1,1,['64de7378fe29a5eb4027a8bab2c42726'],0.14302877625531332,0.12299640854133967,0.1074988065535175,0.35859393439988724,0,likely_human,1.0,0.12299640854133967,0.14302877625531332
UCKrMoEfd0WeXG28On1kb1bw,-1,1,1,['5053e7c81fc928d28d16ff6374ff648f'],0.1364256224664986,0.12237550928559368,0.12067427892803477,0.35382694934292735,0,likely_human,1.0,0.12237550928559368,0.1364256224664986
UCf_UUfAOdzYOy7BxNaEimJA,-1,1,1,['1a47cf108e153b71a4c64379fbe9e71d'],0.12606831654050307,0.12193430956935071,0.12136123740018014,0.39346061768812646,0,likely_human,1.0,0.12193430956935071,0.12606831654050307
UCE8eFmEmnoZhGI58MwjoNug,-1,1,1,['62b7ad69ff24f616245074adc67a1475'],0.13036719337656485,0.12106505449331141,0.13261230068258806,0.34222465263918833,0,likely_human,1.0,0.12106505449331141,0.13036719337656485
UCIB-7-yqD_HbBnXM2kJEnGQ,-1,1,1,['ec8f662045b2042a4ccbb72ac214da5a'],0.11467307198439644,0.12060459812611618,0.15429758528780696,0.36348154922923176,0,likely_human,1.0,0.12060459812611618,0.11467307198439644
UCRUY18kNkxnOFHhqArovmRQ,-1,1,1,['bf0fdfe4b1a2075ceeb5abdf0e60425d'],0.16269923271953943,0.11983464394948287,0.08202355268804794,0.29282418109098024,0,likely_human,1.0,0.11983464394948287,0.16269923271953943
UCTMlYTbugD6yPbe4F2ouatQ,-1,1,1,['070dcd2163cbdba51143b3d8a1020a0f'],0.11573388563651033,0.11971369857401565,0.1519096557358661,0.35402190229101926,0,likely_human,1.0,0.11971369857401565,0.11573388563651033
UClVRaMwIzPktDPpGSsyJuLA,-1,1,1,['fdc1a64d313b6f0a5c002b72cef8868e'],0.15430398130982032,0.11786675738564224,0.07954463978043538,0.31568595181509745,0,likely_human,1.0,0.11786675738564224,0.15430398130982032
UCa5C0tY4nbBs9EFPEijpBdw,-1,1,1,['abf65f723039ad2790f2fef68cc5640f'],0.12966595859130747,0.11752058556801631,0.11336738807391161,0.35065921706504566,0,likely_human,1.0,0.11752058556801631,0.12966595859130747
UCBeVhlvIeranfShnqA35yuA,-1,1,1,['6e939a7b9255ec64b96f65b49e8c2923'],0.1177437151316263,0.11544936993491564,0.0988978401590069,0.41435151886618193,0,likely_human,1.0,0.11544936993491564,0.1177437151316263
UCe89ZFzbWyMwGXp6JeWFvQQ,-1,1,1,['cecdbce92f12d9385ca96305fbbbd7c9'],0.13948312114728834,0.11486456196807153,0.09665752727747225,0.3151052418478796,0,likely_human,1.0,0.11486456196807153,0.13948312114728834
UC52TcReAqSeWkfAhpoD4X2A,-1,1,1,['3d4645ddd57ba17c5ed94fc6e2d9bcf5'],0.13512093825548555,0.1133547040649201,0.10796271378949884,0.2992249603277505,0,likely_human,1.0,0.1133547040649201,0.13512093825548555
UCkyUZLhKss_yNSR4Vzc23iQ,-1,1,1,['a2e7572a43ac9715e86598ae8ecadc14'],0.11714307014871699,0.11297664117571418,0.10603684644292885,0.3769531020386032,0,likely_human,1.0,0.11297664117571418,0.11714307014871699
UC-re4CWqG0beYkoCAedcn6g,-1,1,1,['7d89626dd8b5fbe9dd1a32a4fab20836'],0.10025023370882222,0.1113560544073639,0.1382414738358994,0.368701383531635,0,likely_human,1.0,0.1113560544073639,0.10025023370882222
UClWbjPdOW4eiyjnGUlBbdiw,-1,1,1,['cc17210715001d65398a95fb43b9d426'],0.13593310476721152,0.11125112813855043,0.09473088807818084,0.2993946145375943,0,likely_human,1.0,0.11125112813855043,0.13593310476721152
UCWp7NJsOXuQaI3RkDXKHHvA,-1,1,1,['3a534e9b2b24dba8885dd8261b9aa291'],0.12987600026250629,0.10525469121145023,0.07556764505110022,0.30748381711631906,0,likely_human,1.0,0.10525469121145023,0.12987600026250629
