author_id,cluster_id,comment_count,videos_commented,comment_ids,avg_comment_bot_prob,final_bot_probability,cross_video_avg_sim,cross_video_max_sim,cross_video_high_sim_count,classification,cluster_confidence,cluster_bot_probability,individual_bot_probability
UCKNK94GclrIH3FYZLBI2cRQ,8,1,1,['7dcbeced6ba8ce3a5ee9b0a22ccfa03b'],0.5591847031094701,0.39481842425451197,0.14245522077995953,0.9780877819494923,1,likely_human,1.0,0.39481842425451197,0.5591847031094701
UCv98o9HUz3kb6_9bSShJaIA,30,1,1,['d2ee14ab47374a4c8c1af0c9eee0d55f'],0.5109453701119856,0.36485122777945467,0.16895907043078695,0.8179747165316026,0,likely_human,1.0,0.36485122777945467,0.5109453701119856
UCGEiUm1x-K8Q6AAaz0yVWhQ,44,1,1,['6eba3a2cbbaf0bdd88a085e6ea3308fe'],0.49170142415322116,0.3642809543335537,0.19394908803678326,0.8187571988273047,0,likely_human,1.0,0.3642809543335537,0.49170142415322116
UCGexNX1yvi-3MmXhcH1xuaw,44,1,1,['0072d356541baea0402af51f0117dae6'],0.49251770769399666,0.3640985975432017,0.18850297421106865,0.8187571988273047,0,likely_human,1.0,0.3640985975432017,0.49251770769399666
UCgdaS5MJDmYOwprwT4MCroA,-1,1,1,['c93b0c759b0610533ac4838b5b0f1717'],0.5328109939357764,0.3567895841190231,0.12623640376871226,0.8591914113071543,1,likely_human,1.0,0.3567895841190231,0.5328109939357764
UCILdGJqmeYLMsyvqiN8yQQQ,34,1,1,['7f0464389cb8be7aecb808e45945fda2'],0.5380191376329604,0.3562363357259335,0.20182750831904453,0.5655069291601104,0,likely_human,1.0,0.3562363357259335,0.5380191376329604
UCAc93RdzK4YuCrBUbFYh2jw,70,1,1,['ba85bd1558f1658b1ffd3509a7334fbd'],0.51957564681956,0.3537178759065506,0.15379562110396436,0.730625601701591,0,likely_human,1.0,0.3537178759065506,0.51957564681956
UCDKRkQW6QjLI2RqKIFSCaGQ,8,2,1,"['c08458cc39f916a2e013d140c4d2b36c', '66acd1b62931cdd819c3bce115fadf12']",0.4576319050629868,0.3528736928250464,0.15655871154503465,0.9780877819494923,1,likely_human,1.0,0.3528736928250464,0.4576319050629868
UCCRLYBDNXAG1fWGoUcjngsw,7,1,1,['ede51a93a40488126945f7ebddf193be'],0.5172556300356124,0.3501631297639699,0.1870160743062687,0.6116299488974355,0,likely_human,1.0,0.3501631297639699,0.5172556300356124
UCD-axlcKx-hjfImju3CoZLA,44,1,1,['14f6d676fa834434174f76209d0172dc'],0.477014183240052,0.3488988844077077,0.19482466898856174,0.7288824918306697,0,likely_human,1.0,0.3488988844077077,0.477014183240052
UCW5LHAAxVkRWMqLnRfQM3Fw,35,1,1,['523efc7728186cbfffbd9894ae81cb92'],0.4634964356254684,0.34323265877162734,0.2161842746535161,0.7523638702326441,0,likely_human,1.0,0.34323265877162734,0.4634964356254684
UCuzlUyMPFzm9qv-Q532-h8A,35,1,1,['74fde6f737ef163e43640d6e38eecda4'],0.46594059676067434,0.3425443382617563,0.20619821757017914,0.7523638702326441,0,likely_human,1.0,0.3425443382617563,0.46594059676067434
UCoJvn702cyyHvNJL2gZMNDA,30,1,1,['27d8bae6ad12eb87a6183c8b8228f72b'],0.4914445212719943,0.33981535377973043,0.23848155789168138,0.5113425692837686,0,likely_human,1.0,0.33981535377973043,0.4914445212719943
UCHs6R6v0kS1bMiuPCwzXD7w,80,1,1,['cd0b029f33ecde897cccb2f04ef0dfa3'],0.4847384433967603,0.33708498769299194,0.1767061023332604,0.697221346588784,0,likely_human,1.0,0.33708498769299194,0.4847384433967603
UCJY_qGnAKnmEllQtVVz60CQ,64,1,1,['e56302729cc9354d0b859a88f2d13b62'],0.47669913464648905,0.3355639518859672,0.2292225007825381,0.5225315099568194,0,likely_human,1.0,0.3355639518859672,0.47669913464648905
UCDVagAzZa0gKC24OBasOOKA,58,1,1,['c4745514ae93096a050314e9fbf87db1'],0.5062400215619114,0.3350821324109681,0.20098982804716106,0.4938983802829739,0,likely_human,1.0,0.3350821324109681,0.5062400215619114
UCf42c1CtgaIMyHyI1GXzYDQ,70,1,1,['dc7f87f2cda23d20b9d43aa97662ec41'],0.4990511394572055,0.3346404808258544,0.19922265604640232,0.5248504075226442,0,likely_human,1.0,0.3346404808258544,0.4990511394572055
UC6Woz0BS0B582fX84CEzvfQ,44,1,1,['ade51750567f94daea9bb218bf423a42'],0.42559805976585907,0.3341127580845338,0.20913192502835637,0.7838936498035739,0,likely_human,1.0,0.3341127580845338,0.42559805976585907
UC_gtqPly8csw-PUbJtjqrVg,44,1,1,['fdd7fd15d11e53e2f68749eaaa3dc447'],0.4636440761163443,0.33188409746211506,0.22510956144640099,0.549854934009581,0,likely_human,1.0,0.33188409746211506,0.4636440761163443
UCDgHFlpU12jLN3z2X0HsUjQ,70,2,1,"['d0e3d69e2d0187e9c2a354ccfc39e0e0', '56296f5b24766d9e68bef7be153d3fe8']",0.48071429706185104,0.33142465309986635,0.15996836636552905,0.6712942072630941,0,likely_human,1.0,0.33142465309986635,0.48071429706185104
UCLxNSFZ4D4I0_xoxqPD8csw,-1,1,1,['f88d7451d82df0f948ac2ad095666887'],0.5110762018524655,0.33139871079817507,0.19186762852306122,0.6212978858426559,0,likely_human,1.0,0.33139871079817507,0.5110762018524655
UC0g1uCmybfgnQcqsWzaDdmQ,53,1,1,['2727e0de297caa3d5584d2fa6e316480'],0.5066500667010986,0.33089411541117286,0.19621797617848913,0.4929237819005213,0,likely_human,1.0,0.33089411541117286,0.5066500667010986
UCSeeriLyoDbVljmgXyCHokQ,81,1,1,['6f321ded8b6bcebf6d90deae78280919'],0.47830145063991225,0.33028166616238297,0.19155809240773325,0.6581712294690549,0,likely_human,1.0,0.33028166616238297,0.47830145063991225
UCEqR7LYbMpiejHekEFbIRQQ,58,1,1,['d21357c9e73656bb3b27cf20e5d18f36'],0.49014377507572154,0.33012295055040775,0.1938242589001453,0.529207532894364,0,likely_human,1.0,0.33012295055040775,0.49014377507572154
UC6vgJyP7VMYBnbIogvlwlOw,24,1,1,['d027423b13d4a687bf532e15c33b0afe'],0.4894389065640914,0.32946400172181095,0.21653138764796753,0.5459628871646435,0,likely_human,1.0,0.32946400172181095,0.4894389065640914
UCZWwm472ruMRVAZpkGvxhWA,51,1,1,['b23d829c844d62a4c348d259a63c5157'],0.4630742164556072,0.3292780717359334,0.23400930984083787,0.5107064387012465,0,likely_human,1.0,0.3292780717359334,0.4630742164556072
UCLi_of7iB5lBJqQLwp_zj_g,67,1,1,['d40aa3ad31f3b9264865f092fca6f8c5'],0.4829620779727266,0.32903747116656346,0.1577357108335677,0.6704243867659058,0,likely_human,1.0,0.32903747116656346,0.4829620779727266
UCju5gZ7tAy5Mh0mQc4aS83A,2,1,1,['c0a9a98bf0b93fb011d9883a131cabd9'],0.4725762744520514,0.3283421281521141,0.19173574901022536,0.689939105542808,0,likely_human,1.0,0.3283421281521141,0.4725762744520514
UCgPSpmBJppdNua6URIZhbwg,75,1,1,['3753f5ffd34eb54e7fa41731a3f58762'],0.48606701092198734,0.3279477604224518,0.20064857728600582,0.5834304971463016,0,likely_human,1.0,0.3279477604224518,0.48606701092198734
UCCh7QAfr1gFXNBaOnzQu3Xg,48,1,1,['2845ba306654bf13a013c2d5df2e4194'],0.4758191968921621,0.3276653497534334,0.18772165836358057,0.6581712294690549,0,likely_human,1.0,0.3276653497534334,0.4758191968921621
UCs7wsLlxVswl7LwiU26Wg0g,26,1,1,['bc89fc57420c76f2b2fda8a016436589'],0.4847898022659388,0.3274610921755081,0.18171887185824534,0.6081235504559188,0,likely_human,1.0,0.3274610921755081,0.4847898022659388
UC1DQcGNiVbet3_2-1H5FU1w,50,1,1,['059ed9574fca90998956564f9db0490d'],0.503656968987211,0.32736078318048717,0.19295402189038224,0.5060082368253596,0,likely_human,1.0,0.32736078318048717,0.503656968987211
UCJnvT34OBmc5C8M_jnqS_Pw,46,1,1,['131b45e4ec279bcd06c1574a271de6c2'],0.45405410532906465,0.3272230449354857,0.20615912466639116,0.6496112073589229,0,likely_human,1.0,0.3272230449354857,0.45405410532906465
UC_GRNFSM6kmm63JtrDguR0Q,57,1,1,['99877f8a8464b7eba8c9f1cd5dc214b4'],0.4752962263789228,0.3268527666725892,0.17786279201457902,0.6420531187477498,0,likely_human,1.0,0.3268527666725892,0.4752962263789228
UCfIECctFd9IyZKwBYnOImFQ,45,1,1,['09208c1dd571311f679a7590067bec4a'],0.4944126807690183,0.3268357717369143,0.20420647342833065,0.5224898303320684,0,likely_human,1.0,0.3268357717369143,0.4944126807690183
UCOu4DGzA3ZrzTbxKdc808Hw,26,1,1,['a187311e0fc13901e73122c01db3c94c'],0.4725149500767255,0.3263877429520507,0.22556629426595395,0.5533271476606821,0,likely_human,1.0,0.3263877429520507,0.4725149500767255
UCpsb33OD_ivya1X1b_nrZlQ,3,1,1,['ea31e5a2ae0b3c9d818c9fc101e01f52'],0.4907288227149865,0.32590948489033233,0.17387741013124947,0.543542668921104,0,likely_human,1.0,0.32590948489033233,0.4907288227149865
UC0Zod8BfC9FjODYqEkiS-QA,-1,1,1,['8a17459fccd57591dee3058814f1ceab'],0.5218071632537884,0.3252924236884165,0.1925019864990316,0.49206215509461726,0,likely_human,1.0,0.3252924236884165,0.5218071632537884
UCLkSDnj7VTyq3If1ecis4Hw,-1,1,1,['868b117953828243cce559882d53cc40'],0.5095651842301494,0.3242643095219867,0.201879323189838,0.5226204618757951,0,likely_human,1.0,0.3242643095219867,0.5095651842301494
UCHVVDFs73xBmB1B5-BV8wcw,6,1,1,['7a480ce1bdce2872d406da0f42a40df7'],0.4894735027632088,0.32389418809834336,0.19151380749668184,0.5729727222223452,0,likely_human,1.0,0.32389418809834336,0.4894735027632088
UCk5bnking3QAte5XW_32hCg,-1,3,1,"['633f0b731a09bcaa84086f1fd5f19dbc', '38d70ee5824bc5397e512af9d8ad877d', '5a4ee57ec21da3737224ccfdd2843375']",0.4550606399054891,0.32367324594919333,0.13969261843386216,0.8591914113071543,1,likely_human,1.0,0.32367324594919333,0.4550606399054891
UCe01MpGJoUSTzUL4VXeBnNg,66,2,1,"['bfb245f56d5064e594bc2fe44479b728', '2bf22fb3beadf28712273c88c6692c27']",0.46280357364026425,0.3236299803246076,0.19469203300524096,0.6588824277454989,0,likely_human,1.0,0.3236299803246076,0.46280357364026425
UC2Zk9pLMpXdK0kDoLHjmLQw,63,1,1,['e3f2f00dae9208abe2a520c88756896f'],0.49900854728997257,0.3235427050042748,0.19856230746328635,0.4778278595422521,0,likely_human,1.0,0.3235427050042748,0.49900854728997257
UC23011S1m6o3U_OT3J0MkyA,64,1,1,['93e03859c66549b7a2cdeae076118035'],0.44119681749457557,0.32344894881643516,0.18945066110672867,0.6454042107637714,0,likely_human,1.0,0.32344894881643516,0.44119681749457557
UCWU8U1DvoP35QK6ZmweTfng,62,1,1,['8b1d561573c76fae1d4a1c25f1016cc9'],0.522061571967853,0.32321959500600583,0.16093722581120035,0.46079282704810726,0,likely_human,1.0,0.32321959500600583,0.522061571967853
UCeOOpW3ltW7Vqv_RIlWzeKQ,0,1,1,['e9654d94ea9cd4c0ccb8bdded1bf35b4'],0.46004964056383296,0.3228976210483627,0.17978836096108675,0.7091690158352445,0,likely_human,1.0,0.3228976210483627,0.46004964056383296
UCk9dPCzxlnDelzKyrjsmU8Q,70,1,1,['8034f1e0fed7272b7562d10b0479a4df'],0.47573985484326853,0.32267639627504807,0.20104386397292529,0.5066918566202706,0,likely_human,1.0,0.32267639627504807,0.47573985484326853
UChl3R7kGKTe0EaWGxCIUzpQ,43,1,1,['d28da8b901b8d213767f04fa336d5a4c'],0.45448172886056276,0.3225941543333196,0.22087760460207884,0.5231053396011721,0,likely_human,1.0,0.3225941543333196,0.45448172886056276
UCuQMyjgPb4NgHXy6Ps11avQ,31,1,1,['318d0e9625457c23bec84ee251a2e1ec'],0.4891699440142707,0.322015048086299,0.19326596510186103,0.4938621305604355,0,likely_human,1.0,0.322015048086299,0.4891699440142707
UC5ZOVBvlDmUnHFahFCRNoDw,46,1,1,['7ba68eb2e09aca63c5a5a09051be0956'],0.4943527412862092,0.3219893908247331,0.1370515414045491,0.563049954149497,0,likely_human,1.0,0.3219893908247331,0.4943527412862092
UCXEtzUp6K-bXw-5toITpFxw,76,1,1,['aacab709335347fec57730074eaa1088'],0.48701128923887055,0.32194422757575714,0.1480367989301318,0.6279593093055051,0,likely_human,1.0,0.32194422757575714,0.48701128923887055
UCdOG63iUi5UMGXK50W30Zag,-1,1,1,['f8f1fcf0c425f2abdde2d432ce9207d2'],0.5088872282284551,0.32182770469011135,0.12290100981957898,0.6761629940133174,0,likely_human,1.0,0.32182770469011135,0.5088872282284551
UCbFNOYz_Q4JBkcxiGaFoW2w,57,1,1,['1b23e803a213352c8786ca86e2570c36'],0.5067415060151825,0.3218031461528118,0.17353224446331342,0.44364635225097415,0,likely_human,1.0,0.3218031461528118,0.5067415060151825
UCupGFdgE2xEAJTlmkf-fIAA,7,1,1,['f97986aface3655bf04f6be8de3e2b8f'],0.4600954250706185,0.3216703853734709,0.19595923849629948,0.5678290319741708,0,likely_human,1.0,0.3216703853734709,0.4600954250706185
UCFD90hd3w_1SovUc3qOBsVA,-1,1,1,['32aa344fb3e6368eac12acb5a84e182f'],0.5139074600230137,0.321611664101732,0.18658588589787098,0.5071327023935499,0,likely_human,1.0,0.321611664101732,0.5139074600230137
UCboqRtmmqvsHjomL3pC_Q2w,43,1,1,['4638af950cb2685235f4fdaee66e18d2'],0.45806704270104015,0.32160189393741745,0.21891788117787356,0.49354384415580216,0,likely_human,1.0,0.32160189393741745,0.45806704270104015
UCNvnqx3Fr4XDgszqXosLYKA,51,1,1,['16c7285032bbd23a9377e0f933019ceb'],0.44473259329125137,0.3209628986111396,0.20758771851431262,0.5620736537201618,0,likely_human,1.0,0.3209628986111396,0.44473259329125137
UCoDwGkvBKy3Q78WYAQ-vldQ,58,1,1,['066394b0d53c8d5887b667ea720924e1'],0.47761596100046383,0.3208712624711918,0.18723033749433532,0.5092287021023032,0,likely_human,1.0,0.3208712624711918,0.47761596100046383
UCurUA6tpFmzgQUd40knB3kQ,-1,1,1,['7361e6d71253a35e98325c987daa6c64'],0.4873798149124646,0.3202416939842566,0.2008901579158553,0.5998640483069805,0,likely_human,1.0,0.3202416939842566,0.4873798149124646
UCh3JcKdrrKhZ5vn6bb9Af8A,76,1,1,['0a5053e3f4381b974900929f791c16a5'],0.49042359405880676,0.3191702746663063,0.1979759737059506,0.47562152509472655,0,likely_human,1.0,0.3191702746663063,0.49042359405880676
UCjgIsUCCe91Tya698z75TCA,57,1,1,['70fc780805433ad98ea40692dd9afff2'],0.4879683579242182,0.317842167529898,0.17499132227833716,0.48415390634426436,0,likely_human,1.0,0.317842167529898,0.4879683579242182
UCag5jhg4hwoc9KGvQcUbxgw,69,1,1,['e46257dd9a18377c74272a39d26863f7'],0.4640092142774015,0.3176816265495057,0.21605880649278483,0.5128954202488405,0,likely_human,1.0,0.3176816265495057,0.4640092142774015
UC7ZtZnW20Ksj-Op2vAafwAA,80,2,1,"['69acdfb55a90a0d11f1c70e1645c71fe', 'aadc74f58974baf2de5a31a0e72dd57a']",0.44633765250590796,0.3166435789248506,0.1985274697415103,0.6198536754661272,0,likely_human,1.0,0.3166435789248506,0.44633765250590796
UCgdAvtc8EAWhus1tb4SI8FQ,-1,1,1,['52d1fd845e4bbe3d10f096da6f07b35c'],0.5116162353526137,0.31624810751136867,0.20121572598672535,0.43087849301142855,0,likely_human,1.0,0.31624810751136867,0.5116162353526137
UC4amCZENLgPw12NhOH_aBtw,-1,1,1,['5babce66cf46d927af913c4df2602652'],0.4979017298969823,0.31584574289817813,0.19798882583256022,0.502338088072459,0,likely_human,1.0,0.31584574289817813,0.4979017298969823
UCh82Mun5I89Y2yKuDUEcxEw,28,1,1,['c56001b78ae40933c12693b17cb57480'],0.49600640956619135,0.3153494341686761,0.17452528074629026,0.4564855299377799,0,likely_human,1.0,0.3153494341686761,0.49600640956619135
UCTVwLqWwm4hZnEjEo7HRdXw,15,1,1,['2690e5f2c2afc7fb6fd887c9b619cf9e'],0.48097010546020447,0.31474591510506544,0.17450153539639474,0.506151029853573,0,likely_human,1.0,0.31474591510506544,0.48097010546020447
UCe4hxuprNciIY9owFgw7beg,68,2,1,"['d1e488d63a782ad08ffa76006abacef6', '6c0aafec9e7e73b21bbb78c6b0ab0fef']",0.46418486034776074,0.3146015200634199,0.17598606575079612,0.5356293379235372,0,likely_human,1.0,0.3146015200634199,0.46418486034776074
UCc9evMpqHRpzjUvEgHgIljg,-1,1,1,['48586746ea6c3e20356920717193220b'],0.48954570915269646,0.31433399651118116,0.21121681204958023,0.5103031805919606,0,likely_human,1.0,0.31433399651118116,0.48954570915269646
UC6ANfKz4qr3jTAV6Dbr_e5g,78,1,1,['1aa3288ffa362acd85361a2422f08b4f'],0.4557532805210088,0.31393106883855226,0.18762735561912924,0.5736510541031887,0,likely_human,1.0,0.31393106883855226,0.4557532805210088
UCYmdUzL6ZTUkkP2gP5Yj19g,9,1,1,['6989c9ca4b6e7d9df28322d85628c768'],0.45100345021739235,0.3139187004089439,0.23803336318866858,0.5478607226896874,0,likely_human,1.0,0.3139187004089439,0.45100345021739235
UCzV4RPyq-dO_xs_ZkVjZp8Q,63,1,1,['9c2720e15d7c59fe1696248d8c780706'],0.45580769599252324,0.31370274657696817,0.21621749642072063,0.5495230535166333,0,likely_human,1.0,0.31370274657696817,0.45580769599252324
UC60vklOxvK82XoZXH14K-ZA,51,1,1,['482920e52c298346498ac851559accfa'],0.4398859166897683,0.3128628408528577,0.1979254412508137,0.5304237841451563,0,likely_human,1.0,0.3128628408528577,0.4398859166897683
UCfITbF3F9eeXS6ZzZQW2OAw,11,1,1,['20ccf58cce504cbf5c210c93f68f289b'],0.47885837271078674,0.31280370645949285,0.21263146966531146,0.4219623236695155,0,likely_human,1.0,0.31280370645949285,0.47885837271078674
UCXp1hYqgz-D76SnFtcV2YVg,30,2,2,"['9a172587f11861577513afda7d53886e', '3f4f62929376069b30472752fbecdff5']",0.39156150129380274,0.3126248028750134,0.1817997499720202,0.8179747165316026,0,likely_human,1.0,0.3126248028750134,0.39156150129380274
UCu_O5P7XK5icNZ2WyhfA7nw,79,1,1,['0f2cf9d5b72992a04b2c310492a495e5'],0.4808887302791658,0.3117946802256091,0.1843236182197533,0.47384084385748687,0,likely_human,1.0,0.3117946802256091,0.4808887302791658
UC9SzKb1S-fznI04g18P7V6Q,62,1,1,['b017ecb34e663d9ea3d039b08c35350d'],0.4970931629138833,0.31166580466470706,0.13226441300769562,0.507881729788139,0,likely_human,1.0,0.31166580466470706,0.4970931629138833
UC7ST2Re92sw5j-P_e8Ek0gA,-1,1,1,['8a412948a1882b3d7575f3aadb94b539'],0.47802164904865896,0.31117294866797496,0.11411769197298212,0.7264011571415508,0,likely_human,1.0,0.31117294866797496,0.47802164904865896
UCDCmozhmU3e-HyIyTe2eRug,-1,1,1,['8cd9a55c92e75589fdf357a629404472'],0.4804591922191682,0.31094441372191317,0.23134931819866622,0.4775191494343177,0,likely_human,1.0,0.31094441372191317,0.4804591922191682
UC_6tVNZpMjPY4gidEv2ad3g,61,1,1,['1439361133c2f08972a27253c9f8cf57'],0.45707806230961645,0.3105854720817283,0.193743085627075,0.5510530281297064,0,likely_human,1.0,0.3105854720817283,0.45707806230961645
UC6YrEr5sdbpTBGb7jBydQPg,51,1,1,['7b6c328762f178b86a8c16132bf2021d'],0.4557832592030041,0.3104254784672482,0.18242890236598067,0.4536960929814391,0,likely_human,1.0,0.3104254784672482,0.4557832592030041
UCbd2VhFwPqkvquky1YdtSjg,-1,3,1,"['d5bb434e63d359b9f1203fc6577bd3ad', '2c194fbe4f503d78e2ee013a84ec2f3c', '9b2b99788f53e383e63afec9d78d631b']",0.45430748251350245,0.31035787000672393,0.14917803207342278,0.7485781443755444,0,likely_human,1.0,0.31035787000672393,0.45430748251350245
UCoLJO5DUHYoZqDiz3j9wlAQ,55,1,1,['fe9f4f79f5fb8d70fb3230ae12711680'],0.45977830429527244,0.3096582464003394,0.18483335923402322,0.45203968250502513,0,likely_human,1.0,0.3096582464003394,0.45977830429527244
UCbX6uVwOpeaRdk-EXKPNwqQ,73,1,1,['99acbff07f2dcabb675c1019e3f47289'],0.4440202763461605,0.30953429394726606,0.20847191330226303,0.5715609693523559,0,likely_human,1.0,0.30953429394726606,0.4440202763461605
UCX54IkjMzC46u3eqa9KmQag,49,1,1,['aaf3168cfc26aa0cafa8b9a28baad9a7'],0.43977836717470675,0.30938620764390024,0.18874428859917336,0.601273121562111,0,likely_human,1.0,0.30938620764390024,0.43977836717470675
UCiReaz_6crGlCVTN1Snd2_Q,10,1,1,['2864154d7f74dd79b5383369d3230d43'],0.4588289362037927,0.3092871306807353,0.18252218142661525,0.5421827416650747,0,likely_human,1.0,0.3092871306807353,0.4588289362037927
UCqi4CEBWkYRRKjKtV8HbmZQ,-1,2,1,"['6e3ecf71269a6361d58250e7e23102f2', '7711475c52011597550a92862f3b81e8']",0.4701080680554759,0.3092206231058935,0.18953305352673236,0.5830183883205249,0,likely_human,1.0,0.3092206231058935,0.4701080680554759
UCQxjLDhCeMdk3mfpxddrNsA,31,1,1,['dbe18013457c1f20b534fe3eb198b249'],0.4791796591684727,0.30892234763184667,0.18492364829513266,0.4217531535293971,0,likely_human,1.0,0.30892234763184667,0.4791796591684727
UClF_cYxYicDnglsm20j4Eew,7,1,1,['311c7b92fe5799d43dcce1b3c1b72116'],0.46280074763953316,0.3088599488905545,0.17766582907591522,0.4619129251448147,0,likely_human,1.0,0.3088599488905545,0.46280074763953316
UCsr67mvfS7FLzDUl_cNDj1Q,14,1,1,['53a48dc69b1d2fd468cb1b2e08ed28b9'],0.4477324635517561,0.30881177703351925,0.21704803564093691,0.5029759413939865,0,likely_human,1.0,0.30881177703351925,0.4477324635517561
UCle-xOdxjFQJkAt-UIQPHAA,-1,1,1,['c783d2c5f1533dd89a125a081438d32e'],0.47137777575488715,0.30873114079294367,0.21645262862977419,0.5176100924862849,0,likely_human,1.0,0.30873114079294367,0.47137777575488715
UC6SlO_C8Kxkaapari9NX7nw,-1,1,1,['38db313fe206b6537c1a5567673f5d64'],0.4812009098089622,0.3081398652483011,0.2078253223301886,0.4706948872213477,0,likely_human,1.0,0.3081398652483011,0.4812009098089622
UCnyvnhRckBe-cre95P-BCgg,52,1,1,['116a6d8389f93f7fef61b7f7eaba1fce'],0.44681774061403845,0.30775826358188024,0.18874811536213984,0.5877362289429889,0,likely_human,1.0,0.30775826358188024,0.44681774061403845
UCyIZdoAhhRSiWEAvOuxj_9g,43,1,1,['3a7e6d725f4843b8a273469c41e6b502'],0.43179413982695347,0.30763781990694405,0.212179330453543,0.4830342975904572,0,likely_human,1.0,0.30763781990694405,0.43179413982695347
UCaROQnts63MOq3mDtq2QyeA,33,1,1,['e974e036fc90771e4fb7003bc7a464ec'],0.4563527407547172,0.3074815381668408,0.20829565038106307,0.4996489490359023,0,likely_human,1.0,0.3074815381668408,0.4563527407547172
UC_PebcHVPtongdf6w5tQ4rw,44,1,1,['67252e4e5bf9b9d82fc98cfe009083b0'],0.4414423351771587,0.307399324535502,0.17382759767228137,0.5161612604224457,0,likely_human,1.0,0.307399324535502,0.4414423351771587
UC2_7WiVUh65Eo2q2FinGv3Q,35,1,1,['126febc07dbf48b2f629d4ad112e20fe'],0.4465085780335095,0.3072675295163646,0.17905860871120693,0.5468861249321963,0,likely_human,1.0,0.3072675295163646,0.4465085780335095
UC9euuZkqgYviuyAdEWWRNsQ,21,1,1,['3e6be2548a7f58eee21b07d7c390c15d'],0.4617550656626934,0.30700573343855986,0.200600746559952,0.48351001669739757,0,likely_human,1.0,0.30700573343855986,0.4617550656626934
UCqQ9lmqABieqvtvSwQ3P01g,-1,1,1,['31daf3f4ec239dc168803bb6d57867fc'],0.447580223545022,0.30647339779904503,0.2121238621324202,0.6101085138058863,0,likely_human,1.0,0.30647339779904503,0.447580223545022
UCLw1r6HtuWy5ktW40dl_ybg,-1,1,1,['3b6085af7e56ccfcbf2e2cc8e92bce56'],0.48040450748531205,0.3064025534771039,0.19654776310684283,0.4831123592638827,0,likely_human,1.0,0.3064025534771039,0.48040450748531205
UCurJ-0yzokAsZ4-WVYrfirg,11,1,1,['373e9c7a7405bac90fffb07606ee8acd'],0.4761242987037599,0.3062934847268226,0.1788045670518964,0.43410430635440467,0,likely_human,1.0,0.3062934847268226,0.4761242987037599
UCDK7vHMn0pKx142weas4bCQ,11,1,1,['8a4094c939fbeb5afa86b997b479d25b'],0.4595575753820223,0.30616706848886976,0.18494968498735517,0.4881807206966537,0,likely_human,1.0,0.30616706848886976,0.4595575753820223
UC5I7jhv727SxIIIEPcYAxkA,9,1,1,['7e841684f99ba1ce8313d8deded64eff'],0.4718269742591366,0.3060850368385831,0.21584809879234887,0.4095780988595545,0,likely_human,1.0,0.3060850368385831,0.4718269742591366
UCsGcp7uQZ7RZ10uLw4L2XoQ,-1,1,1,['112874fa2e6d6e72f0e8e90167ccd82b'],0.4721376635003419,0.30596355504352113,0.19271059776564575,0.524837517599725,0,likely_human,1.0,0.30596355504352113,0.4721376635003419
UCqbce6TXjakby8Xan2HvxmQ,-1,1,1,['2406f399b0cdc0f55c71383f93e165b7'],0.47149584959920454,0.3059244862008753,0.223635882401015,0.47268881503500354,0,likely_human,1.0,0.3059244862008753,0.47149584959920454
UCbOFTddZ9eK2GlgeROmqnvw,64,1,1,['154af1569fd84d1c83f12ff12f9be675'],0.44310230656550614,0.3058719084389843,0.15859289253531453,0.5271416721683089,0,likely_human,1.0,0.3058719084389843,0.44310230656550614
UCqi-hW4QupQYqVhZgQD-o_g,70,1,1,['e6b207293a82023c7094fcede8f5269b'],0.4675320251831384,0.30582016953273217,0.1911381081310536,0.3954704454499023,0,likely_human,1.0,0.30582016953273217,0.4675320251831384
UCBxdcOIAcyxxVrsbkgzRqKQ,7,1,1,['8486140d013af3d0cdff22f85da51e04'],0.4373125519168753,0.3057653973117901,0.2228547029149691,0.46839876294498967,0,likely_human,1.0,0.3057653973117901,0.4373125519168753
UCfX9b0EVGcBH4484epE4LUw,77,1,1,['9f30c4ce0ff38a133b5ffb816a7a2cdb'],0.4558041272784218,0.3056471938529003,0.2058834723231684,0.4805845122881914,0,likely_human,1.0,0.3056471938529003,0.4558041272784218
UCyiFeYTmWqXByyyu7enpI-A,-1,1,1,['00273a94a03e739cfea7b74119f24d29'],0.4942363962331957,0.30530764109711733,0.1833224812532845,0.4413613638752128,0,likely_human,1.0,0.30530764109711733,0.4942363962331957
UCnRwRsweACDLEvVKl-xeTtQ,52,1,1,['2c5515677c5c0e41b13fc961d2e93f78'],0.4634998540649406,0.30497591494748366,0.18989480825702387,0.4687989079523081,0,likely_human,1.0,0.30497591494748366,0.4634998540649406
UC4oTHTBVpiyP9_OdchlYoBw,0,1,1,['19c6ad54d249696fb02c1246c427d605'],0.43232259925561606,0.3049379293232617,0.14743468056828707,0.7091690158352445,0,likely_human,1.0,0.3049379293232617,0.43232259925561606
UCelB0QbfxLojpqJFNsgpgEQ,43,1,1,['d809f64dd13540ebf619f3a1dcb13c92'],0.4376416331182508,0.30490552396452764,0.19656137471142712,0.4620270512025135,0,likely_human,1.0,0.30490552396452764,0.4376416331182508
UChZqz5SuEScxfNImUmtMyHg,7,1,1,['e203d4dd66a47476cb315a831b47b425'],0.4891831165147865,0.3046388792583072,0.14270065513026825,0.37858885200871945,0,likely_human,1.0,0.3046388792583072,0.4891831165147865
UCRL_Cy81Dp3L_Sba9udy0jA,-1,1,1,['3f9864202357ea1414972e86416b3847'],0.4748278211188255,0.30454702033269004,0.2092691487671346,0.45944001435506054,0,likely_human,1.0,0.30454702033269004,0.4748278211188255
UCtFtvP9nIRgl9XQKPxBxnoA,30,1,1,['bb7959785b592c9ea1742a3f58b3fc75'],0.43386350026128634,0.30422635372075363,0.18685698208411394,0.5251113328958502,0,likely_human,1.0,0.30422635372075363,0.43386350026128634
UCHrRezuP-yPp110kvyxED1w,-1,1,1,['112fa9d2e795e73355093a882ff74d6e'],0.487323977947394,0.30403496545723846,0.19981837179986264,0.42358777467486,0,likely_human,1.0,0.30403496545723846,0.487323977947394
UCVauhqKElVCJt-ybjDSmeAA,-1,1,1,['42e88792a4113bd0157caf8df6236fd6'],0.4782858893912033,0.30400806912905887,0.19091268296005304,0.4766311916591701,0,likely_human,1.0,0.30400806912905887,0.4782858893912033
UCp6R_AjuB1rGv-8SdyYjGBw,-1,1,1,['97753eafd461f9c3f61e7329395263f2'],0.5007094527446556,0.3038781649983343,0.0901228800332658,0.5949585978075379,0,likely_human,1.0,0.3038781649983343,0.5007094527446556
UC0OJM_M8weii0zkuC-Q-3fQ,47,1,1,['694fac64f4c3a63f5630457869ab3c03'],0.47444011331563224,0.3038742676939249,0.16541795218788066,0.45665835299419555,0,likely_human,1.0,0.3038742676939249,0.47444011331563224
UCCWA-7zqH1gYV1PYdg-nm0g,36,1,1,['97caebb97e8afc2b560fa3bb7cab3ddd'],0.47013697092512896,0.3037508358321621,0.19241507542970526,0.42724305976476196,0,likely_human,1.0,0.3037508358321621,0.47013697092512896
UCk4ri7JzHbrbzdFBL2hnHtQ,51,1,1,['e02fa8221ebf57e7d0ce34afeac824ce'],0.4503561061641582,0.30365123150537254,0.12933715070965723,0.5308897949456443,0,likely_human,1.0,0.30365123150537254,0.4503561061641582
UCP1cO8gZqBXW9u8lEV3GU1A,36,2,1,"['9bc203cd7e2e242d9475185630c6e82c', 'cef7644f2a9d71a36c76b4996018a95b']",0.43047216370547303,0.30330440912541423,0.17337079656121646,0.6410463546966834,0,likely_human,1.0,0.30330440912541423,0.43047216370547303
UC2sA_93INBwoBAOkdXJxGOg,29,1,1,['24cf691f30a0702f4cd0c900a00fed54'],0.4389798308910037,0.3032594807789053,0.20253567576304843,0.47953136149172154,0,likely_human,1.0,0.3032594807789053,0.4389798308910037
UCTmhfUpe5jeVXHaMsRAZGeA,8,1,1,['da87e29f2945a3dd66c3dc2a2f72004e'],0.44405941145288713,0.3031574256429035,0.17809184496945735,0.5452492032230769,0,likely_human,1.0,0.3031574256429035,0.44405941145288713
UCqw1Pm-_Pt9MZA02VvyM8oQ,-1,1,1,['58bc5c43f1408e2c52f8ff5d3572ecc6'],0.46726871306448686,0.3026461190715662,0.17162284888650672,0.5849845875061535,0,likely_human,1.0,0.3026461190715662,0.46726871306448686
UCv6q5VoRACxxfkCARM6zs8A,25,1,1,['7abf9c817e036174e89c03a1204d5545'],0.4826540215647483,0.302628962636076,0.1694420858381529,0.40034709099623755,0,likely_human,1.0,0.302628962636076,0.4826540215647483
UCB3tJvVaCvLztpDjZD6s30Q,-1,1,1,['0297627ffe460416906d4d0093f985b0'],0.4340655025149117,0.3025331801843071,0.2262260891432564,0.601273121562111,0,likely_human,1.0,0.3025331801843071,0.4340655025149117
UChSFit3ya4usLgaQzf91o7g,30,1,1,['1ea8e87c2b8b0fc668e28e8eb06be2b6'],0.4229610158481464,0.30250528778390107,0.2107943243793719,0.5059274169623736,0,likely_human,1.0,0.30250528778390107,0.4229610158481464
UCRbsNItHCulB81Sk7Hv4FFQ,49,1,1,['2b8b587d9d422758ed9c0414fbd9e8a4'],0.46359908157815233,0.3022983460979466,0.1582151689242819,0.4773293901159862,0,likely_human,1.0,0.3022983460979466,0.46359908157815233
UCqhg66B2aunrYKVVUtFiepQ,33,1,1,['8293ebe1d812ccf34a953d6e48ce34c0'],0.44579572044847937,0.3022393092563257,0.18144076560926636,0.5490158222071436,0,likely_human,1.0,0.3022393092563257,0.44579572044847937
UCIY1pamxfe-VRxowlr4SnSg,17,1,1,['7fffd8ffc233b578126cf161cea52e25'],0.45773890206847523,0.30222133441939114,0.2145573281459562,0.426706645610655,0,likely_human,1.0,0.30222133441939114,0.45773890206847523
UC6X1U8ASpiieZGX7kCmIlXQ,29,1,1,['ec1ae9ba7839030e99b7391452c515fa'],0.4440954563847922,0.30195394240311935,0.21002541381765102,0.43693972101272205,0,likely_human,1.0,0.30195394240311935,0.4440954563847922
UC50UCBhOFZJlDT6qemQg5Gg,-1,1,1,['4a94a0909bc7cf51511a673c22b2951b'],0.45189606478444844,0.30194702338530766,0.2220061192361122,0.5209657819100657,0,likely_human,1.0,0.30194702338530766,0.45189606478444844
UChRDOPH2ctE91TaH0Pw2PGQ,-1,1,1,['781f3bb147f0f054adc69a63d1fda18b'],0.463486110889273,0.3018064004926991,0.19190034451711085,0.5223336778482459,0,likely_human,1.0,0.3018064004926991,0.463486110889273
UCoSPXsQzlYXPw2_NSf4Hiwg,16,1,1,['bfbe9a19cb19481e144102c554d23a01'],0.4596576745520188,0.30175410296844996,0.16310405575381956,0.515956516821831,0,likely_human,1.0,0.30175410296844996,0.4596576745520188
UCl83_vSBvJTt8tWFrz-UqLQ,52,1,1,['b155800c7771bc5449728d456f26b08c'],0.4352951316330819,0.3017506155167088,0.1883791810684174,0.5690959155904751,0,likely_human,1.0,0.3017506155167088,0.4352951316330819
UCnRIcQcIwi3mHurrKrZPlqA,-1,1,1,['c6c83fc2e66836f2956dead1f26e457c'],0.4703315351108614,0.30149764735756196,0.2003356405189431,0.47626603994890904,0,likely_human,1.0,0.30149764735756196,0.4703315351108614
UCI--sjCJJxCQZ4crGZuz4Fg,-1,1,1,['bff111683758a8f69ccfb30853cb925d'],0.47895205279641095,0.3012772348018623,0.18953649832234648,0.46541789496716207,0,likely_human,1.0,0.3012772348018623,0.47895205279641095
UCFWCSQoI-CgJ0SC708kthCw,41,1,1,['e8bb4064f35aacae630b234ba8a5110a'],0.45228585034258173,0.30118168986171684,0.20248370417587844,0.43286434653154154,0,likely_human,1.0,0.30118168986171684,0.45228585034258173
UCpb2XKOieHiGqTssrJUANxw,-1,1,1,['2f1b0e8c579ba051d4e381a9e642ca45'],0.4741546796440915,0.30112421260559163,0.20037016888100714,0.46980613261572235,0,likely_human,1.0,0.30112421260559163,0.4741546796440915
UClhOBPVGDVZNCNlO7FHjUcA,25,1,1,['b8582d293abcd7e782b622208867ba8b'],0.4409255460095822,0.30100098142534204,0.22046241286858403,0.49039535357737274,0,likely_human,1.0,0.30100098142534204,0.4409255460095822
UCEgyfKzHAak-cdl6euPiLJw,-1,1,1,['63b10532db3085dd99e944b37923ce82'],0.4541644037263064,0.30078727460842586,0.2244952850615277,0.494762744958109,0,likely_human,1.0,0.30078727460842586,0.4541644037263064
UCBrvMdDHKuvryUS6Aswu08A,-1,1,1,['20b2f637717d08eb5ac1032d04491af2'],0.4651119894120578,0.30067347176371184,0.21860868118705232,0.460818698931674,0,likely_human,1.0,0.30067347176371184,0.4651119894120578
UCJENnwpdvCtHyumKFVubZog,-1,1,1,['4cf5a9ce544fc45fb4f2aac79c2dba80'],0.45753923444321865,0.30063306920778,0.20654066032347515,0.5082783470998111,0,likely_human,1.0,0.30063306920778,0.45753923444321865
UC8rDFBeJkOEz4DpS51JNqgA,55,1,1,['238d84ceeb88e7c8771ee127aaa9922c'],0.422354372684757,0.3005126745726002,0.20360414715688055,0.5035325727802832,0,likely_human,1.0,0.3005126745726002,0.422354372684757
UCXo-YD14T2P1vVYMThjG_4A,-1,3,1,"['6b5caacf2ae12bf2b1d23b045f790673', '4ced7c5fbac1f88191cdfe94cf0742f4', '679ce3c524d3c6208592331f823f94ba']",0.42658221865572893,0.30047455317180105,0.20230729385768542,0.6620242231213911,0,likely_human,1.0,0.30047455317180105,0.42658221865572893
UCFbLUqv1XsGBV5vd5goZd6w,69,1,1,['c06556a6c66f006ecfa6edfba454cafb'],0.4499725315269131,0.3001758280489324,0.18998297668460173,0.4552341040252991,0,likely_human,1.0,0.3001758280489324,0.4499725315269131
UCrFgYXbc5Kc664vVEOUFjSg,-1,1,1,['7375e1ed7243a4bcac2b401e348ca103'],0.5107501396239784,0.30006556733115686,0.1297300972516867,0.4327532757813744,0,likely_human,1.0,0.30006556733115686,0.5107501396239784
UCUzJvlIOvygCBjNBfKw8scA,17,1,1,['2f2a5a1a96cc78b5233a5e7e2fe54954'],0.4393318158266398,0.3000400186773475,0.21350542578772724,0.4910756993008938,0,likely_human,1.0,0.3000400186773475,0.4393318158266398
UCYqMjj0iV_DouX_pmwr61Kg,-1,2,2,"['fcf0e6c8c8863844f17678922c8338ea', '24e5171186427249c8d8273af7742d1d']",0.44407920200493667,0.2998735081903602,0.17389119402831454,0.6454042107637714,0,likely_human,1.0,0.2998735081903602,0.44407920200493667
UCM8sb7S8H9v_z3TLy-oVPdg,51,1,1,['9daff03fa35c3044a968a5a98d5ef4cf'],0.4493141927517987,0.2997024694417246,0.1744817927179433,0.393111181268702,0,likely_human,1.0,0.2997024694417246,0.4493141927517987
UCgEnzBobrxXhG8ovfNPFjCA,47,1,1,['9501c1acc6f5e8e427ce7c2e76ab5150'],0.4482941460565041,0.2995785042522341,0.17427561921802762,0.5276438662829058,0,likely_human,1.0,0.2995785042522341,0.4482941460565041
UCtdRQAqR1F5WzdYVPFaLmKA,66,1,1,['9ca7fe907068baa1990c91f61607b904'],0.46276018630568594,0.2994299391714441,0.19441374491149016,0.4110686904386047,0,likely_human,1.0,0.2994299391714441,0.46276018630568594
UC_nY7qvBlF3yWmSr81w19OA,38,1,1,['3cec5f6698638e018f4d02aa1727a593'],0.44452044581744843,0.2993040602056659,0.16499554953251624,0.46112973842477484,0,likely_human,1.0,0.2993040602056659,0.44452044581744843
UCz-1vxPoZA2A1dYLjK8mMow,-1,1,1,['c12b03274cc84f257356ae0ae1ac4c8a'],0.48008612229088365,0.2992264834093974,0.19520760172386128,0.4219168884149585,0,likely_human,1.0,0.2992264834093974,0.48008612229088365
UCuexDA3qkPycioSL2VDXROg,55,1,1,['79e25a7aac87caf7b6eef8423f6507d8'],0.47987687171719096,0.2990479397779381,0.1283963434014793,0.3827155931832995,0,likely_human,1.0,0.2990479397779381,0.47987687171719096
UCqtJEJ8roQwC1Jr-G-yqLAg,4,1,1,['bc26f0c4ab193c7340f8285183d4fc0c'],0.4463760232243248,0.2989679466701403,0.22045986187824784,0.41410465839723326,0,likely_human,1.0,0.2989679466701403,0.4463760232243248
UCPJn2p_48xQ7q2ctoCpD4pw,64,1,1,['f998a0dd965bb4fc1b81925b5ebafba1'],0.4254394848666836,0.29887299107087295,0.19675246994780868,0.45354518481118133,0,likely_human,1.0,0.29887299107087295,0.4254394848666836
UCQXgCwEa4uR9jFL9O6zvM1w,55,1,1,['083072ab9679184319e21c004cdc2fc5'],0.43427221553632217,0.29882533765658276,0.18739289602259715,0.46367117225335874,0,likely_human,1.0,0.29882533765658276,0.43427221553632217
UC1K6jBYLly7LD1GvH31uJ9Q,-1,7,1,"['98131a50110ac701ef792477db14a383', 'b8c64c23ad3e288b49e669430701e0f9', '00d6f3d1b11fe25b1a0495232dc007f0', 'ba6768b383bb5e3b138e2360df52c298', 'c1ff8f09b0f37018f56653a3f0579eba', '6a377a8c93c5ec5d3d0b12e68556cb36', '0527e545611a6e84fb6296b80b916aad']",0.42986633200506497,0.2987632057345418,0.15598131730393566,0.7264011571415508,0,likely_human,1.0,0.2987632057345418,0.42986633200506497
UCGXLpxq8sie7uWAk5Mei3sw,-1,1,1,['1e67eb8da46ea3c834526f7ed33d471b'],0.44532539600360793,0.29872523728018957,0.22379871552440536,0.5145545239728718,0,likely_human,1.0,0.29872523728018957,0.44532539600360793
UCQi86xJudjVJCrDbwtLJKSg,43,1,1,['273716a5b3993bb49045c99a36c7d4ab'],0.42443147181047247,0.29870919486528524,0.19151042745573107,0.46957861713825133,0,likely_human,1.0,0.29870919486528524,0.42443147181047247
UCA_vWItKZd_dKNsqJpy09Kw,54,1,1,['cbd2fc13d10560a02eeab1fcc25edb77'],0.43531207702297314,0.2986713606208249,0.2013790805222795,0.5221135987772567,0,likely_human,1.0,0.2986713606208249,0.43531207702297314
UCY7-ILTX9eL2pDzkOLwDmYA,37,1,1,['310a353e38cc3046d3f59937b8aadce7'],0.4389167757560116,0.29865154470111166,0.21324457614059633,0.4762313981599624,0,likely_human,1.0,0.29865154470111166,0.4389167757560116
UCrVG2g3hCT3ZO1HBdLg0lJQ,14,1,1,['d93c995d430e15321805d2bb104af438'],0.48036892399302844,0.2982520949892558,0.15185089365325236,0.37850339135475225,0,likely_human,1.0,0.2982520949892558,0.48036892399302844
UCF_ZO08Z9TEdzo4GaCMiqzA,27,2,2,"['1e7b26b45ccfcfbdc76b6d566b307735', '3109fdc12e31f14258ed267e90d67dc5']",0.4251524245810595,0.29824327918277677,0.1961258234498912,0.5724787506206749,0,likely_human,1.0,0.29824327918277677,0.4251524245810595
UCLLosUuM6DOcy3uohU5JkxQ,-1,2,1,"['2a7da800d5a0d03c9829fee5ccfd7db4', 'd6df84f5759a98ed7f461249665a486c']",0.4672195858946643,0.2981963235853653,0.18215851617443699,0.48849840750616136,0,likely_human,1.0,0.2981963235853653,0.4672195858946643
UCdKu7f4_xvDk76cBywWEYqA,61,1,1,['f760a5a5b2d45bc75c03aa7acbe9d2d5'],0.4586071772116884,0.29795685548944884,0.18629866116678884,0.4219777820626716,0,likely_human,1.0,0.29795685548944884,0.4586071772116884
UC1_nF_AKcCr-IIG-Fg3OtWA,-1,9,1,"['01c840dc33196a1cc8722cd6e8a6f7c2', 'f43ab75e88a9b31d2652baed81fa26ba', '8f4a18e0fdd66820ddaf5c7516c430f6', '951067564bf65222530438c8f7f11068', '58d2b635b01ba4cb663a917135303355', '4607cf3123dd72e83f5e7cdf8fe9e612', 'ac618317a559e402bb44c946808c3270', '594eeb5423af2385614da5cd12464d38', '17270982b305184ea3af90e809cbd1ff']",0.46163711863222606,0.29785216918718516,0.10853366292377019,0.6761629940133174,0,likely_human,1.0,0.29785216918718516,0.46163711863222606
UCy5wtg21JOcL3IQX2rSTUww,28,1,1,['de6d906674b5e52f0debcf007f0f71a0'],0.4514438259529595,0.2978394353617261,0.17885561471987796,0.4911370978507738,0,likely_human,1.0,0.2978394353617261,0.4514438259529595
UCL1GO40gZwDwQcliwSeibpQ,-1,1,1,['0f5015889b4536852165389a55e871ae'],0.4535083390607122,0.29767385619653514,0.18416235252405333,0.5499696668461642,0,likely_human,1.0,0.29767385619653514,0.4535083390607122
UCEoQxz3osed6rv_WE2As72A,-1,3,3,"['1f09d3577398c31194eb1b10435b0cee', '81f138d4cc9042b7fdb733ffc9a7850e', '647499ee504ad9c8c58996a7e0689bc3']",0.4291569502300328,0.2975843380387893,0.16955103114587564,0.6973149398188241,0,likely_human,1.0,0.2975843380387893,0.4291569502300328
UCu1W2L-EUrE07wZYMh6D5oA,78,2,1,"['3a2f8dcb3c31e980bfa458c83d34aab0', '8560a9c8c82fd75fda2be36ad0a96e12']",0.4465776779878097,0.29744744955899965,0.1726911108267841,0.482083865539274,0,likely_human,1.0,0.29744744955899965,0.4465776779878097
UChV5GLWpaNDr501QNg3Tzuw,-1,1,1,['e333badcb47efae607e17891a674c365'],0.4444229470668002,0.29726056007301355,0.21042121857237342,0.5363478000672439,0,likely_human,1.0,0.29726056007301355,0.4444229470668002
UCUMjr51IH7WYuKuQ_W-_QFw,-1,2,1,"['80b43e720d211734e755a41c47630f3d', 'b1617b85f03fc26f8cbfd7a37ab041b8']",0.43241155284657856,0.29715922999818606,0.1936768301628824,0.6209831462778304,0,likely_human,1.0,0.29715922999818606,0.43241155284657856
UCZo0em90gT7cexZZ8vyJziw,-1,2,2,"['c375ad0e9f75519a8022a8b8211107a8', '5c36cd3feb790b806d7b9841a6cab9c1']",0.42317937341482664,0.2967902930778233,0.1610450227458392,0.727111076248915,0,likely_human,1.0,0.2967902930778233,0.42317937341482664
UCndf4j84cDOVQxf0MRfvFFA,-1,1,1,['a864aadee66cf44ea5c3f8ffd765b636'],0.4878771197487597,0.29675662801764296,0.13820188471468436,0.4846420707531527,0,likely_human,1.0,0.29675662801764296,0.4878771197487597
UCSA81cFySOYeLzM151kCvaw,-1,1,1,['fe4d1b57eee3f05a805ba53dfb034d8a'],0.46894671574538144,0.2966010441898679,0.17694643177998512,0.4901484320037703,0,likely_human,1.0,0.2966010441898679,0.46894671574538144
UCdw9D0pYCLz1rgbxSH63Cog,5,1,1,['45e53845a9162a1dcfd156753d607500'],0.44206908904443826,0.29650316632105156,0.20502157612710592,0.46957861713825133,0,likely_human,1.0,0.29650316632105156,0.44206908904443826
UCOvOseV19N_oRXoDLUYqfCg,57,1,1,['9553420bd0c4d8d5dadbbfc35d8ef2dc'],0.42944980496735397,0.29634553683693676,0.21360032184145614,0.469332099124543,0,likely_human,1.0,0.29634553683693676,0.42944980496735397
UC0-5UVBwytMzFNpByiE3j2A,-1,1,1,['96ee6c3d0660516a36d6e74b70f6d588'],0.4380529980972562,0.2963415262470466,0.1981918607646528,0.5710295055721166,0,likely_human,1.0,0.2963415262470466,0.4380529980972562
UCmGJXUjlge76zhLgF3oekSg,44,1,1,['f9c169c61286ca267e1c68feea989b1d'],0.4558763774843274,0.2963396796311041,0.15327900307622896,0.3697142498942318,0,likely_human,1.0,0.2963396796311041,0.4558763774843274
UCaCC7tiP0ntGpl0UTAMgwXg,65,1,1,['a2b7e08249699d004f0f6e1ab309048e'],0.4617602943357827,0.2962996657482029,0.14562886803635927,0.4938621305604355,0,likely_human,1.0,0.2962996657482029,0.4617602943357827
UCEmHg9cSvrR9-kkbnJw2DHA,55,1,1,['f535f1ffb2288c3eb3fc3af8f420dc1e'],0.4072428650049037,0.2961717799714345,0.2065278406666105,0.5209657819100657,0,likely_human,1.0,0.2961717799714345,0.4072428650049037
UCe-vhiftnbujiKgMGfie7cg,-1,1,1,['e4c1f7f6fef89c21a7ce94b39d7a8fab'],0.4605620840552765,0.29608219843595146,0.2114451853715951,0.4392646019820585,0,likely_human,1.0,0.29608219843595146,0.4605620840552765
UCW4DTdvPpXsvvxZzD32UDgA,-1,1,1,['3112394b5547852b2ac1b4616932d14f'],0.4486229381872313,0.2960001383986831,0.19358021620917143,0.5327526450799769,0,likely_human,1.0,0.2960001383986831,0.4486229381872313
UCB9-4aGQCJSwyGTRGXCl0_Q,-1,8,1,"['f0f82b8f3f45f164e72b2a1ed63292a5', 'ecf58d031482e76da98a4c1ffc2cf0dc', '8aae04d8d16f97956f2e98364fd779f6', '4b4563774233baa3184b54a5778662ba', '9b48c6cc1234d96b0b0dc82a01339e2a', '468e28d2ef216bf918dd97771623bb2d', '84e0f410b95ad8c66481ca053bb54bb2', '8dd0c5ad4d1629594d3c9df66097f3a2']",0.4170997733339477,0.29595058800839746,0.16018601841115684,0.7485781443755444,0,likely_human,1.0,0.29595058800839746,0.4170997733339477
UCctGCJdbx9EgG2W_y7tGc1g,-1,1,1,['c7bc519c03220ac1496e8a281e8997de'],0.4517822951340281,0.2959225487800283,0.2239844731041044,0.47198693413460713,0,likely_human,1.0,0.2959225487800283,0.4517822951340281
UCZiHGUYtVOTQUyE5XwcR3OA,-1,1,1,['583170884647cf18f957472d255b18cc'],0.45839869651803355,0.2955743358445987,0.20494069404716378,0.46868356047093085,0,likely_human,1.0,0.2955743358445987,0.45839869651803355
UCOoAo5nq30850DPQmNqo1Fg,-1,1,1,['ec8b419e0d7eac79118fe705124bf114'],0.4520914918821808,0.295564419899358,0.17940740540630984,0.5471105359673487,0,likely_human,1.0,0.295564419899358,0.4520914918821808
UCakGMiQN_jGVWn_iwS-6bgA,67,1,1,['4f9941cb4163b95740b713367fb628a7'],0.4341798840531327,0.29553949801897633,0.17877272722678714,0.509507150594075,0,likely_human,1.0,0.29553949801897633,0.4341798840531327
UCvizeihd0C80NJU5gKBBWZA,71,2,1,"['33020b9117476b6b98f7149a8412d18c', '61f690369eec80776e3060f9460dfc15']",0.44652929770790856,0.2955138816388093,0.17823605648866497,0.47751476278616634,0,likely_human,1.0,0.2955138816388093,0.44652929770790856
UCjjzD6I9d89vT2bs3BE2maQ,-1,1,1,['b73729931736ed2cb43ac5f33a4ee9db'],0.489291191613206,0.29544967291649393,0.12581578904333612,0.49168967074253644,0,likely_human,1.0,0.29544967291649393,0.489291191613206
UC2o_CVJzXsFaWnBfgtq9zmQ,81,1,1,['0df9f176b99a2d02343f8a1f076a943c'],0.46409547651550764,0.29544094056176484,0.187052284187924,0.38572316574234766,0,likely_human,1.0,0.29544094056176484,0.46409547651550764
UCIcYxb8Z9NAyQHlQ4Dgzdtw,-1,1,1,['0cb3870db21d9f850f11c08c372d6cbf'],0.4610589167393111,0.2952391764273473,0.20412619840792026,0.45979779366093443,0,likely_human,1.0,0.2952391764273473,0.4610589167393111
UCpH0qppw6ZdnQv2KEHgPmQw,32,1,1,['44d248c4740b906c9bc69717611f3a42'],0.44154697416292876,0.29518442451909677,0.17299840001444713,0.5167982629896298,0,likely_human,1.0,0.29518442451909677,0.44154697416292876
UCDiSMd4I1N5lenbpLAJgIEw,32,1,1,['4a74de8d50fb5bbcb0429f36209c5cff'],0.5009643301214624,0.29515742093058545,0.12775881206447914,0.3345226467525544,0,likely_human,1.0,0.29515742093058545,0.5009643301214624
UCmjIpGewm6Ky0CZ9W4PoNmw,12,1,1,['a6127ecd2acbe1a62e9aff2056cd43bf'],0.45571925045886597,0.29515126234396866,0.17506797270895136,0.44919869579639266,0,likely_human,1.0,0.29515126234396866,0.45571925045886597
UCi9Jg0cB_w43yjZcafMESnw,77,2,1,"['cbd7e6a43d4cb857c31763a3491a11d0', '7e04c0242ad6657842280916e44506f8']",0.47473610837263863,0.29499047392325384,0.13816026453466043,0.43165576389441757,0,likely_human,1.0,0.29499047392325384,0.47473610837263863
UC9AFKKqhXgZYR_o0YXY40dA,-1,1,1,['dd6f1c24556b1042f56af3c7f8de927d'],0.44551584566898195,0.2949841903880615,0.21111752151852514,0.5101587153763699,0,likely_human,1.0,0.2949841903880615,0.44551584566898195
UCcj3O7miPBuHHF8HyzVXDrw,-1,1,1,['7d5a6759431790b8e2d6d44d1e8c9104'],0.42806439685963066,0.29497139090113456,0.22922218336055447,0.5533271476606821,0,likely_human,1.0,0.29497139090113456,0.42806439685963066
UCuCxtT1Bnve2HftbGCL4_Zg,-1,1,1,['4f8b75268a483a61d58e189a3e563018'],0.45726967960767617,0.29492427232224605,0.17367871842206078,0.5299321346073942,0,likely_human,1.0,0.29492427232224605,0.45726967960767617
UCT4MrLc7jMQdpxEgLK8L_7w,80,1,1,['5a175065456e85a1df3ebde746197f25'],0.38190818484309663,0.29468407808744457,0.1909677759652722,0.727111076248915,0,likely_human,1.0,0.29468407808744457,0.38190818484309663
UCV5saiNPvDIkOnGgcMdC4tg,74,1,1,['2288b375b2ebe23e1e9368ac75a5d838'],0.4485751514122387,0.29467812794607146,0.20009484659324542,0.41902503751646136,0,likely_human,1.0,0.29467812794607146,0.4485751514122387
UCXVlElKJvRyzxHEZSRNsigA,-1,2,1,"['2978e31cfb818052d721f31c2794776b', '9724ef4b296860bf244ea5ba4c9a7ecf']",0.4432948785180667,0.2946709866688069,0.17047982109303575,0.5905157484842853,0,likely_human,1.0,0.2946709866688069,0.4432948785180667
UCtdYGERa4WjbKVO4beDYpCQ,-1,1,1,['f46c73ae00eeed7c04b697fa59606c38'],0.4603466462626461,0.29463384961113454,0.1520660370627711,0.5618949912207956,0,likely_human,1.0,0.29463384961113454,0.4603466462626461
UCFJnklKYvnncUXZ8rmErepg,38,1,1,['09e98ed0412685a3cce14d52a6f149ac'],0.4086777403376517,0.2946015214489216,0.15838692656516876,0.5966851641009835,0,likely_human,1.0,0.2946015214489216,0.4086777403376517
UC3AfbkYR4IQOqYFqbMB54xA,-1,1,1,['a7af02b56a195b737de4804e92b2b028'],0.44372965514301044,0.29437502091461965,0.20337966522019935,0.5175092115553064,0,likely_human,1.0,0.29437502091461965,0.44372965514301044
UC4Gn6sFAfXkorAMW65tqwdQ,-1,1,1,['b2cd39c3bf4e30087b20aa597429d1dc'],0.45525466299377404,0.2941938991490161,0.18012020701032516,0.5113787909340078,0,likely_human,1.0,0.2941938991490161,0.45525466299377404
UCR7xw30xVQPwNQy93hOGI0g,-1,1,1,['84e17a67adcc92ffcd11c71a790fa32d'],0.45395080660507425,0.2940985259028911,0.1924483807483543,0.48472935278370516,0,likely_human,1.0,0.2940985259028911,0.45395080660507425
UCbIiCSId6hfR4Ob730-ACWg,58,1,1,['5de7620bf65fa08dcc349782dd45eb35'],0.4250052483062565,0.2940434557472003,0.18432314392621196,0.4950318339329042,0,likely_human,1.0,0.2940434557472003,0.4250052483062565
UCmef13hNyz3DoBYmPjLIuqw,-1,1,1,['bf611dddee82c6044f24cb2d4983eb32'],0.46565766668953573,0.29399245303884475,0.17731650277146627,0.4638074650192386,0,likely_human,1.0,0.29399245303884475,0.46565766668953573
UCQ4on3x7s8s_Of10znbJtkg,49,1,1,['87c83c690859699aca646a52081f799d'],0.44198019943044653,0.29381746679503695,0.1723352527061171,0.47574780266217664,0,likely_human,1.0,0.29381746679503695,0.44198019943044653
UCiXaqUcyCgfmT5zcfL2kEzg,-1,1,1,['23a1942c709f98cc67c2bad7d9334dc9'],0.4859022688023973,0.29375143822444466,0.14011931730759847,0.46081933806108094,0,likely_human,1.0,0.29375143822444466,0.4859022688023973
UCGElHlG25YBeggkfcJFFp0Q,-1,1,1,['7b7e80e4f1d0e2c78f697c5c12d7fb9a'],0.48416835672394987,0.29372282037216013,0.09315007748640157,0.5651396374673893,0,likely_human,1.0,0.29372282037216013,0.48416835672394987
UCs6zRtlNrFOmY5-Cfy33nVw,-1,1,1,['5c0761689a709899f18f8c439ea661dd'],0.40743997513334385,0.2937195973015255,0.26051670094290547,0.5891443232352304,0,likely_human,1.0,0.2937195973015255,0.40743997513334385
UCMfxLJzvdgEu-G1p2kDK0gw,-1,1,1,['f34c85c75edd684175ac8dbe40b77d9e'],0.4687332263058409,0.2933550856899141,0.18863959531864186,0.4491361491719191,0,likely_human,1.0,0.2933550856899141,0.4687332263058409
UCuII0Bsi_qgCAyQSzU54t6w,-1,2,1,"['bc2b4e4f204f9ebe60466bca6f5416cf', 'ff08052368e4b62d4782a1a00ab40320']",0.4308133293861145,0.29332129390164186,0.19911232901076348,0.5817039865115948,0,likely_human,1.0,0.29332129390164186,0.4308133293861145
UCMikPHhpXF3Z8HfiEz4QLyw,62,1,1,['2c00fd0396fd0f305f275a5f7a13c997'],0.43626647692641174,0.2928131493206322,0.16589109636651295,0.5174727961742812,0,likely_human,1.0,0.2928131493206322,0.43626647692641174
UCYOAyYgHXpr9lgtvg8ZshQg,-1,1,1,['99a21a34c04bac2ef879a547e4bcde89'],0.48442038939068166,0.2928039503326174,0.16084757948800174,0.4110663033715377,0,likely_human,1.0,0.2928039503326174,0.48442038939068166
UCxo34Z_-IA37h8o6FMLnl8A,37,1,1,['42e7ff617fc32ae4f892f7f6ff581310'],0.4664036054567824,0.29280088851205954,0.15119978339512372,0.41106383094952503,0,likely_human,1.0,0.29280088851205954,0.4664036054567824
UCxXsIFvn6f3hdmDHt4K6PAQ,-1,1,1,['2b45d5e6999d48ec286ae8c99b34d9de'],0.46557994975962846,0.2927963929742252,0.1945759959886564,0.42851191030047747,0,likely_human,1.0,0.2927963929742252,0.46557994975962846
UCjZSr26T86eJwOOnmKQCkXQ,-1,1,1,['52cb4f40710308cb66bf0ea0cc6e34e4'],0.44160028989808264,0.2927606784376105,0.19028068001808546,0.5417606285589297,0,likely_human,1.0,0.2927606784376105,0.44160028989808264
UCiitr-tOs8wA-NbUS1mLhmQ,-1,1,1,['cee0e72f9121dde071ceecba54206cda'],0.45854746023308673,0.29257891413487513,0.18640109994103457,0.4674973436752787,0,likely_human,1.0,0.29257891413487513,0.45854746023308673
UC2pDnsnToCz9zN8gb6VCN8Q,-1,2,2,"['14c3e965362beff66fe0f19a8ac32cf1', 'c7aa6045ea984115e19cba4ce3f2c683']",0.4420206571337334,0.29250276372803896,0.14768901963415348,0.6371917711687194,0,likely_human,1.0,0.29250276372803896,0.4420206571337334
UC-FtoiiBoRTJr3sQzWqBvwQ,-1,1,1,['0312ea7828337ee24936a66320c1ffc5'],0.4366826627487893,0.2922244206189093,0.22177757574924872,0.5092287823619163,0,likely_human,1.0,0.2922244206189093,0.4366826627487893
UCQGeBMHi7yLE7pbc-FyAjDQ,-1,1,1,['40c89c90b2013ae7a1903b88eec33a62'],0.49721911791577555,0.2920150752890389,0.13417465786008675,0.3977945379483736,0,likely_human,1.0,0.2920150752890389,0.49721911791577555
UCpl8ayldXLxOhVSN-fsJQ2Q,8,2,1,"['4c94ef0cb1555aa40d313832779129f3', 'f35403e96444cb7d4e935263fdc85986']",0.43246979547867387,0.29190184565889093,0.17528627605334443,0.49092973424121067,0,likely_human,1.0,0.29190184565889093,0.43246979547867387
UCREzd_hIP92_wI5K1TKjwDg,18,1,1,['47b1ad2988e5a037172f19b42998d671'],0.4257227434644193,0.29180620429001336,0.20249762243973746,0.4948266008736676,0,likely_human,1.0,0.29180620429001336,0.4257227434644193
UCDpDHPvnPkiAjSovbljSujg,78,1,1,['abb4aa17b86aaeddc5767f8daacbd3c7'],0.4145333359669696,0.2917788343016292,0.1965768645280657,0.521356354226455,0,likely_human,1.0,0.2917788343016292,0.4145333359669696
UCpocCN0DmAbHf6lHXyL9C4w,25,1,1,['23618fbc96d76f5b126bdda314fa7d9d'],0.42251665213677025,0.29177398415867994,0.18685491654618522,0.5308897949456443,0,likely_human,1.0,0.29177398415867994,0.42251665213677025
UCVvVB7_mdE9SNUwM-_C1MRg,-1,1,1,['f7915f6e1bb511aff4d4ccd01f49d10d'],0.45210424689258644,0.291759619411403,0.19056222714882046,0.4848619070637389,0,likely_human,1.0,0.291759619411403,0.45210424689258644
UC-t2OQcKkmgm7aZrCIxYLeQ,-1,1,1,['255a7b3eb287d51b9ad018aafe16e906'],0.5299867325041947,0.2916625155833214,0.11147025639293442,0.29971609701037494,0,likely_human,1.0,0.2916625155833214,0.5299867325041947
UCaqN9Njp8Avrh9t8Y80BLPg,-1,1,1,['a385928bdb1684cfb5a4fdf6aefff4e0'],0.45974894765517305,0.29163263887126645,0.1912232432317105,0.46732452281258074,0,likely_human,1.0,0.29163263887126645,0.45974894765517305
UCDa0GQQyWwndhnx7zL4sr0w,-1,1,1,['f815df66afac2ac4037400bca25cbe5f'],0.4415179419963208,0.29155610203197446,0.2077402945616869,0.48632437633581077,0,likely_human,1.0,0.29155610203197446,0.4415179419963208
UCfPEjrdt_jYO-7YBKAgd5dg,68,1,1,['eb64e3bbed091f583b8deaefda8a6200'],0.4487886821607573,0.2914216934014969,0.1498854885885062,0.42460449043692994,0,likely_human,1.0,0.2914216934014969,0.4487886821607573
UCRFH-LtUUtAXjrkoiWM8zBQ,-1,3,1,"['5d724434907e439b934544b77dd4f94e', 'd90c4b7387d7ecd549db569735e10175', '6f8e9b4ff334ccf18182dd411d49c941']",0.4268820762066084,0.2914086758924942,0.21161931736822157,0.5492111590815298,0,likely_human,1.0,0.2914086758924942,0.4268820762066084
UCHyEouwt0MHCIIbE5ctPIeA,55,1,1,['cffead959924312ec8e547914b516ed5'],0.4662403707592526,0.2911529963652434,0.12424768404484668,0.3775605385219031,0,likely_human,1.0,0.2911529963652434,0.4662403707592526
UCLShV3RlKk51URfG8d9btNg,5,1,1,['55370167686be4046050dfcdf647090f'],0.4406489260899206,0.29109323775060036,0.1914142731562319,0.437277086544318,0,likely_human,1.0,0.29109323775060036,0.4406489260899206
UCqtOKKwYZSqqs8OARaPfTzQ,28,1,1,['b54f1b1f18e504039e99dc67c16d7366'],0.4419312704995376,0.2910840613195263,0.18337123777052391,0.4505447162010129,0,likely_human,1.0,0.2910840613195263,0.4419312704995376
UCNjz7OJl74xxxeXtVBog_Wg,-1,1,1,['78807ce51a960984cbb9489707de9001'],0.44348988810494683,0.29095627820673087,0.13959800853376353,0.6279593093055051,0,likely_human,1.0,0.29095627820673087,0.44348988810494683
UCAj3SG47d_QuT8w5VjL-0GA,-1,3,1,"['88d6caa65c276392111e92a9c91d18db', 'c6a2ead0d0cc3de54075f9ccee5b66ec', 'df55e3a739c58299193be877e9f9f051']",0.4629801531837651,0.29089305168742874,0.1406801871707639,0.5300385844522184,0,likely_human,1.0,0.29089305168742874,0.4629801531837651
UCYdKn7O5e7HvhFv83WMEIlw,-1,1,1,['28094c2d4ceee395ce8b287c44b56a3d'],0.460259905856058,0.2907674477096951,0.18759073409385593,0.4598921545037843,0,likely_human,1.0,0.2907674477096951,0.460259905856058
UC_ceaEcM6M5Y0_Y-oTJdChg,-1,2,1,"['8c9a8978b82dd1fd08c49622b78e3453', '1bfd49b77da6557f92979a9d244e82b5']",0.4455522027342063,0.29073212388272474,0.20176401187182383,0.48185772820009437,0,likely_human,1.0,0.29073212388272474,0.4455522027342063
UCPx6COWolwf1jspDWJGFo8g,60,1,1,['280ada05e26e39faef08e42dc0daddb2'],0.4443034648831656,0.2906734593100135,0.1803744573589762,0.43550587111153605,0,likely_human,1.0,0.2906734593100135,0.4443034648831656
UChN7vDHcrHxa1GQ3E00B6mg,50,1,1,['497efbf78058f989194ba4a7bcaa5240'],0.49883698436750823,0.2906489587262176,0.12469629565877748,0.3147332117024851,0,likely_human,1.0,0.2906489587262176,0.49883698436750823
UCZpevvYCPpxs-4MXbJDXecg,-1,1,1,['dd904f2ff8594fa091312b618e43206e'],0.4794215538919617,0.29053456471910405,0.12720543655756672,0.4829002045045615,0,likely_human,1.0,0.29053456471910405,0.4794215538919617
UC8HpA2SRZ7otKpBwOP_pFPg,71,1,1,['e035f7fdbd8dd3b5c717afadf534e908'],0.43467123942284214,0.29049655129793395,0.18323504823532982,0.4736809919065471,0,likely_human,1.0,0.29049655129793395,0.43467123942284214
UCvTcP7weib7Lv3Ck_HVYBhQ,20,1,1,['3fc98f14d79a5448dae5cbd4ea3400ba'],0.4427628173849151,0.290479558534051,0.19084050879755698,0.4229374603899524,0,likely_human,1.0,0.290479558534051,0.4427628173849151
UCMmdGsw2RtbR95RUeLcrlAw,27,1,1,['e262c28ff589a3f4e22326f7adbc1baf'],0.4160386904798965,0.2902641233426659,0.21028940765727236,0.5030880133734879,0,likely_human,1.0,0.2902641233426659,0.4160386904798965
UCiV9GrN8JUebV3D3u5U5pow,-1,1,1,['e5eab041cecb9a3f03e106062ca49659'],0.4597996174102236,0.2901551126260102,0.17314370821998532,0.47510569728981245,0,likely_human,1.0,0.2901551126260102,0.4597996174102236
UC0P-lVjMiCXLnpw_ekf2Byg,3,3,2,"['4f1422d5a8ab0a4bb6ca4ab3acd92476', '73557a4e04655344330f192da1b22e2e', '407efa122b5b0588fd138c86522ca185']",0.3977203901428601,0.29007596075109,0.1948454798246486,0.5567109054811914,0,likely_human,1.0,0.29007596075109,0.3977203901428601
UCzuIUA93o-Ji424lLtPLRQA,23,1,1,['090228167403b1dfea2b4cff99d13009'],0.44223924719201935,0.2899302951641598,0.1777412848593273,0.4449656617047707,0,likely_human,1.0,0.2899302951641598,0.44223924719201935
UCY97jS0f8gQSMRIet1c9t6g,37,1,1,['36b1ee16ba3d2e10f4c7bdea5727421f'],0.4454231408232689,0.28981765075844773,0.1620304825384064,0.4654918995509485,0,likely_human,1.0,0.28981765075844773,0.4454231408232689
UCAtRH_FMYBx66jAubqX1twg,23,1,1,['d108326132552b8e21a015e5fafd1373'],0.4230807598983206,0.2897771432399149,0.18168541172732755,0.5289665087377196,0,likely_human,1.0,0.2897771432399149,0.4230807598983206
UCaCG9e83Z9LcLo-6ZngI0wg,3,1,1,['079ccd80c99c125f10121a370f302901'],0.44840242946401654,0.28969241908858,0.14399241945793714,0.42757976142892046,0,likely_human,1.0,0.28969241908858,0.44840242946401654
UCmL3KJSsj7_N1ZBajqYvzMA,59,2,1,"['0f150786ee80542b62c65e2d7d69fdf1', '60b34dc5cdd275faa6353bfb123a3a30']",0.43656555641330314,0.28965796101590485,0.1630477500517766,0.5041892482443467,0,likely_human,1.0,0.28965796101590485,0.43656555641330314
UCTbPT3tlfHqkX66wPGJubHQ,27,1,1,['36e09866493d194060d9ddeeab2a8751'],0.4440826372147978,0.2896281694821496,0.17741039045916815,0.43205570930783765,0,likely_human,1.0,0.2896281694821496,0.4440826372147978
UCAmMfDSFgTLcXjotPHIPFWw,-1,1,1,['d697415e30b10cd035b8751ca04e4c03'],0.44625086329513575,0.2895499742467752,0.1863670226419491,0.4946178856427001,0,likely_human,1.0,0.2895499742467752,0.44625086329513575
UCvuhQop73hpuGSi8YZBsKaA,-1,1,1,['a3ad1f735c8e1d6adebb221b0aaff830'],0.45376833890897095,0.28945504236970965,0.1834042269574292,0.46623293395568405,0,likely_human,1.0,0.28945504236970965,0.45376833890897095
UCunC-Vz-EbOihsEb1Yf0jxA,-1,2,1,"['cfece2395e8350421ab024372c97735c', '02c22b803b4ca075537952e024506e30']",0.432111535226675,0.2893489475477218,0.19909285394535675,0.555248933022248,0,likely_human,1.0,0.2893489475477218,0.432111535226675
UCFBS70KFhPJ-Lt7ABEKJZPQ,-1,1,1,['78965e96119c65217e36d89765bd53a8'],0.44252920381186867,0.28934331972665145,0.202052600981947,0.47483521021005376,0,likely_human,1.0,0.28934331972665145,0.44252920381186867
UC7oIXJEYdKnHAwaTBKRTM_w,-1,1,1,['4c36343bf807d2a82d574149056f12ea'],0.4618891863053428,0.28934161484722404,0.1924345989292864,0.4231946482283237,0,likely_human,1.0,0.28934161484722404,0.4618891863053428
UCMQo-WvsnEeqmyUJ9Di5f3w,-1,1,1,['4e2e82d422e468153b230859354724e2'],0.4461396138977345,0.28933960330065933,0.2014277397630261,0.4706576436641706,0,likely_human,1.0,0.28933960330065933,0.4461396138977345
UCcBVW_alxRFuMlzZSPAvUMA,-1,1,1,['0a72bafaadc32755e8388b4118524e9a'],0.47029463720198045,0.2892454890508166,0.16914762251158827,0.4406574673807042,0,likely_human,1.0,0.2892454890508166,0.47029463720198045
UCynRjfsh1GMMUmgHnduEuow,-1,1,1,['e8a9077953d909323ead021bbdcac24a'],0.4672399606397436,0.28916458251171384,0.1320926601113974,0.5097361912780819,0,likely_human,1.0,0.28916458251171384,0.4672399606397436
UCEPL4pWoZ7oxPLB2gipTGYA,-1,1,1,['e196401bda1a246baa0ec7a4f357e8dc'],0.443257336383342,0.28902911163375206,0.19208073112466756,0.5129991711498767,0,likely_human,1.0,0.28902911163375206,0.443257336383342
UCI8kPN4o80-CK_VPoV35XgA,-1,1,1,['a83ad40b48fdb682f52ddb5a7af12a66'],0.42554106678725145,0.2889883491437966,0.18479344143985782,0.5834304971463016,0,likely_human,1.0,0.2889883491437966,0.42554106678725145
UC3h-hWTI7v0sib5QZedFWaQ,-1,2,1,"['3318b48f7af5b36ee45ffa3437250e4f', '3266bd15058b42f56d25f2a099a3b599']",0.4283723081328824,0.28898588304213235,0.16920373406368205,0.6101085138058863,0,likely_human,1.0,0.28898588304213235,0.4283723081328824
UCue0R8vNxzLKt4SyXSXX95A,-1,1,1,['e293ca5b7088ddc73c35740072a92974'],0.4410892804786861,0.2887750055294229,0.19768893505760965,0.4869635820028223,0,likely_human,1.0,0.2887750055294229,0.4410892804786861
UC5iPyieeF30ng7UmRJUarhg,-1,1,1,['32e4015133e85f8ca4aab5d2b3985c2b'],0.4627400692603105,0.2887140711378856,0.16985360142167946,0.4450070844103474,0,likely_human,1.0,0.2887140711378856,0.4627400692603105
UCioVYC14hZJMWikcq8VFfnQ,-1,1,1,['64e0aaa00e56d3898007753b42acbef5'],0.42897975522683296,0.28866631434871687,0.21262813471697808,0.5221135987772567,0,likely_human,1.0,0.28866631434871687,0.42897975522683296
UC_EDbavkx5PqmV6BSdggpAA,-1,1,1,['024cd7179da32b6a6ba73f1acea713a8'],0.44606563358754203,0.28862225887398335,0.23488022709809675,0.4034978571882891,0,likely_human,1.0,0.28862225887398335,0.44606563358754203
UC_sdVTPsa8URK_er3C4xrgA,-1,1,1,['947192cf6e2667ac6f0f5e562daa8f00'],0.4318307413488214,0.2885849457070031,0.19266873855332708,0.5275467890381589,0,likely_human,1.0,0.2885849457070031,0.4318307413488214
UCLP-QovfAGEWtuMNyHCCwDA,48,1,1,['64f60a9a70f2f890e830e072141233d4'],0.3970444926357136,0.2883848255327862,0.18878802083338472,0.6183234663761441,0,likely_human,1.0,0.2883848255327862,0.3970444926357136
UC9WuJcz3IaUxwAPMbOPWtbA,-1,1,1,['6ac25dce9551764d2855aca2464ea0da'],0.4545957753966979,0.288306926049423,0.1483354770794352,0.5299321346073942,0,likely_human,1.0,0.288306926049423,0.4545957753966979
UC8iREOJsFJj1tKu0eBpdL8A,40,1,1,['c3bf533f9a2100041da74b93014ae092'],0.46596014727505175,0.28830397827807375,0.15032722276531235,0.3770114065972405,0,likely_human,1.0,0.28830397827807375,0.46596014727505175
UCw3OgJSEaUvFAswxVNmK_xQ,-1,1,1,['7f0ec9becdc203fcfa43af3176ab8d4a'],0.43682114174461634,0.28820144363477296,0.2028233024917849,0.4911043975016819,0,likely_human,1.0,0.28820144363477296,0.43682114174461634
UC4EZAD7g3AiOelcsELEFUgw,-1,1,1,['d089a61af262bbbb0d9d97136f601af6'],0.4508362689001033,0.28818867160480005,0.1746323258776126,0.4840754119232782,0,likely_human,1.0,0.28818867160480005,0.4508362689001033
UCvcvoagUEQNelKjJiufPL-g,-1,3,1,"['2cfbd92b175caaf65b45489685957256', '5b9ad82cb3d317623e27a58093d11bdc', 'ba5cab3584a80ffd628585fec7a3c0c2']",0.42668674563746745,0.28808299429393425,0.19697412426999555,0.5471465690392703,0,likely_human,1.0,0.28808299429393425,0.42668674563746745
UCGGefblb_5ZEObps4mbozWg,54,1,1,['c4e215fc4dd83e254a41a43b19ee1c47'],0.4424038848835705,0.28800940684079757,0.17546996582410437,0.43410819032610815,0,likely_human,1.0,0.28800940684079757,0.4424038848835705
UCC-oAdFbDaHEeoj784_G0CQ,3,1,1,['94f1636969966853518694d3cb815993'],0.44700234609147915,0.28795642241125896,0.13025785376740912,0.4408276417692312,0,likely_human,1.0,0.28795642241125896,0.44700234609147915
UC5LSSmxrrjK9F4UyHweYWOw,-1,1,1,['65e1d166f55936a0e1a13ef96023a10c'],0.45695734287273193,0.2879249776414186,0.17497081754323418,0.4619398441030618,0,likely_human,1.0,0.2879249776414186,0.45695734287273193
UCXfkfsNOqszjX2r-YKa0AtA,-1,1,1,['932f6781974173f32d5a9e76f36a8a64'],0.45979236696480946,0.2878265952533274,0.16471373590143257,0.45934832417426774,0,likely_human,1.0,0.2878265952533274,0.45979236696480946
UCIaEfGksUkx_jyicvBQfwHg,16,1,1,['48349b8c915100d38d35df221116731a'],0.43431915371741797,0.2877077638383332,0.1727597715726751,0.46754152931340903,0,likely_human,1.0,0.2877077638383332,0.43431915371741797
UCnmdz__KxbGP_1Gv99uR4HQ,-1,1,1,['267e65683b8a5e0fbbacfe3c92472c40'],0.4100129385104774,0.2876595099905612,0.19343759240600267,0.6370998451898167,0,likely_human,1.0,0.2876595099905612,0.4100129385104774
UCKWXLvlPO783MVZWUfILkxw,-1,1,1,['0ccfd7f31e7e6f060556ef198338298e'],0.46629172128177987,0.28760393010211305,0.16038327918516665,0.4435613801439329,0,likely_human,1.0,0.28760393010211305,0.46629172128177987
UCardNKpD-sa0MEvsC-hFvnw,-1,1,1,['c22b9da475ea2b1ba27c0002956e8fe4'],0.4767883512314075,0.28756285915228297,0.17762841401106108,0.3514985328325937,0,likely_human,1.0,0.28756285915228297,0.4767883512314075
UCYG2Xxc0kMVu7EkMO18Rjgg,4,1,1,['08e61f3eeb84e7b9c84850178d9b2ac9'],0.4121749353322392,0.2875485647986895,0.1961150209359063,0.5048755346485574,0,likely_human,1.0,0.2875485647986895,0.4121749353322392
UCQdAHyP4c7oZX_b44XZpqZw,12,1,1,['057a4bc8d65a106f49d890281cd67cfa'],0.5059080555971249,0.28753778245005696,0.1016722343690153,0.297396531063013,0,likely_human,1.0,0.28753778245005696,0.5059080555971249
UCZYTXNDk7rz7b9NY8hHqlcA,-1,1,1,['c27a34153e05de8bd6ffbcf1cbf7bf70'],0.42354357747349913,0.2875020543248008,0.18855596655093346,0.5784413665091002,0,likely_human,1.0,0.2875020543248008,0.42354357747349913
UC5wl0j0drX7B-UL31HF7ODw,-1,1,1,['7bd3dd39e6e3ed08cb078a09d8c31d4a'],0.4442683395335173,0.287450369128134,0.19749277313388014,0.4627848316663763,0,likely_human,1.0,0.287450369128134,0.4442683395335173
UCA_iWp63ZE2LiVYjfFpvfnQ,-1,2,1,"['e2b8fbf99b747406ab3a113cd31ed303', '9443b6e4a620ebb3ce71f52a2e4ae6e3']",0.4443384873937021,0.2874312688783929,0.15324673396965188,0.5755581547713591,0,likely_human,1.0,0.2874312688783929,0.4443384873937021
UCZo8yctUioD06OzlQuKtJcw,-1,1,1,['6344154c521b1bf1974d151e9381079a'],0.4398916038230842,0.28743042321275153,0.18585987326430867,0.5129039221466125,0,likely_human,1.0,0.28743042321275153,0.4398916038230842
UC5lUh56SW3k49FNbULwRxFg,-1,1,1,['ffb3cd730b94e49e28ee69b34b2d501b'],0.4872095424881281,0.2873580480102252,0.13721586126560797,0.40023797780343556,0,likely_human,1.0,0.2873580480102252,0.4872095424881281
UC-QftIhfu_C0F6cWdNROXKg,-1,1,1,['5827307aaac9fb97b398cf841868d39a'],0.43085822619246106,0.28728377886821643,0.2072436195202294,0.5057437116843221,0,likely_human,1.0,0.28728377886821643,0.43085822619246106
UCljbkXZvdw9VcIrPuV1iAlg,-1,1,1,['45a14b975b4e5bb0d51503986f5b6dc4'],0.4586808958494657,0.28723782594519953,0.17841831681392947,0.44906313731452985,0,likely_human,1.0,0.28723782594519953,0.4586808958494657
UCHGMqjNT3e9Vf0NoQLIo6HQ,3,1,1,['f0c36f77ce1c7d2455b61eb2e10e7303'],0.4494761732947872,0.2871978856952503,0.1302488162571225,0.42398964584666554,0,likely_human,1.0,0.2871978856952503,0.4494761732947872
UC3i61_TwzHy-cxiRgXGgwxw,1,1,1,['9f36b2c4deeca39c7ec4582f3db89afc'],0.4246213352417991,0.28718832608013756,0.18450261611292582,0.459644571863891,0,likely_human,1.0,0.28718832608013756,0.4246213352417991
UC7LqYowx6QqAB5v8gO0ESvw,-1,1,1,['f6118d80b282d45513e9f2b1ddaa95f4'],0.421299954092305,0.2870622193968637,0.20676885318749422,0.5530988771368808,0,likely_human,1.0,0.2870622193968637,0.421299954092305
UCeH2ZkhuYC3_Bq84ppeq7xw,-1,1,1,['a14ac2fcd9104169d8a40a2ee6c28410'],0.4324357389561875,0.28702352546505205,0.2295146758154553,0.4658817875520042,0,likely_human,1.0,0.28702352546505205,0.4324357389561875
UCg9gFXb9oZmroz_XD9ESglw,15,1,1,['3447687683d06db33c9a2b5bbffa5483'],0.4360130365907307,0.2868162027543571,0.1742088163496596,0.42823651292374837,0,likely_human,1.0,0.2868162027543571,0.4360130365907307
UCDWdumV9jVkVrXPQf-nZ5lg,-1,1,1,['62f63ae76c5b0b82b4241790e7ce613a'],0.42707673496106535,0.2867763948217172,0.20649557448094596,0.5075316565461117,0,likely_human,1.0,0.2867763948217172,0.42707673496106535
UCsyR5GsIqOmSlWGF2d9opPQ,20,1,1,['44e6b32657d16be04d52600b53b759be'],0.4648057151114435,0.28670132956220135,0.1492610651949898,0.37512807549144456,0,likely_human,1.0,0.28670132956220135,0.4648057151114435
UCa8T-D1ZiSoUWQy7DP-IIEA,-1,1,1,['73a361731968829ef2e2e2a9e05e507a'],0.43978707949359047,0.28665757883795473,0.16967475973773744,0.537571697225372,0,likely_human,1.0,0.28665757883795473,0.43978707949359047
UCw4EzVdCp5dWnCWwYclxuuw,-1,1,1,['c9ab5978c370176d64763a36d7596f54'],0.4579171136040275,0.2864671378668201,0.19354170677741372,0.40896802778755503,0,likely_human,1.0,0.2864671378668201,0.4579171136040275
UCSOB72WE42T97R_IelJo9Ig,-1,1,1,['86120474b7b166c5e2400293663a852a'],0.5048298503920501,0.28644666919408013,0.11799870087272671,0.34716582764703163,0,likely_human,1.0,0.28644666919408013,0.5048298503920501
UCLREchAKcK-c9rLEFBh1WBg,12,1,1,['929df40f519397e73c7c3a0ef17af512'],0.436760557559996,0.2862087548021134,0.18189468202298767,0.43145083067842604,0,likely_human,1.0,0.2862087548021134,0.436760557559996
UC4Q11sf9yFpRDQ0ewpF_85g,-1,1,1,['c421a0940aeac10d4dc89195cee1dc36'],0.4396225694590581,0.2862079207263447,0.20553058219026088,0.4600604432976527,0,likely_human,1.0,0.2862079207263447,0.4396225694590581
UCTMIhzxjycbx2aaixQKPaNw,-1,1,1,['f339a20025078eb91f405b4e781847fa'],0.4406110486828493,0.28617488537754876,0.21293131599598705,0.43497296575255434,0,likely_human,1.0,0.28617488537754876,0.4406110486828493
UCyJcfQ4zL_ZnwJdbpeXeW5g,74,1,1,['9b0bc1f741ad044887a552cb3297c3ab'],0.415510048104468,0.28601151180147155,0.20577758749354022,0.47004692613368093,0,likely_human,1.0,0.28601151180147155,0.415510048104468
UCtatAbbZFO8ffU__cRgNZJw,-1,1,1,['54eb93ab660183b99315f4471cc12205'],0.4222134664034364,0.2859890882660344,0.18920721092231021,0.575793057563009,0,likely_human,1.0,0.2859890882660344,0.4222134664034364
UCRp73v6KoutcRiNrJ4MiWQQ,-1,1,1,['5753c03a01cb6c8e4a1cf42c82984f80'],0.4302377354517484,0.2859166926674505,0.19169275922534837,0.5167892184678557,0,likely_human,1.0,0.2859166926674505,0.4302377354517484
UCcGVwkAS0EWigy7K5KTRiXQ,-1,5,1,"['8dc94143bd5ffe75823ed008964d19bc', '0352ff36d4a583a379b9ffa69355096b', '8fedf25fc747c0c506bc2c5c2aec3b61', '6f5813bbbac3041d783e636617e40a2a', '189274d4e057f5e832e55cbe194dabe9']",0.4225320923853445,0.2857764788649533,0.20475185074083102,0.5492111590815298,0,likely_human,1.0,0.2857764788649533,0.4225320923853445
UCZISGQjEJykuTYHEv-3GXrA,1,1,1,['ae9940bf7fc8bc1701499192e46b2803'],0.4749464963292712,0.28574720089522654,0.11736270377235301,0.34794065784553535,0,likely_human,1.0,0.28574720089522654,0.4749464963292712
UC8Xxf5xxWVK9gOu1EAUSUHw,-1,1,1,['c596214bf98db070025550db2dd6ac85'],0.4293995316219983,0.2856802833688456,0.20530722873983803,0.5147945622874481,0,likely_human,1.0,0.2856802833688456,0.4293995316219983
UCTCRkv3zAHq4ixSW9OxIdIA,56,1,1,['f0ba8f7080e0fe04f572840813c6d782'],0.41635102945838043,0.28560955611345895,0.20554920354508863,0.45625267769707456,0,likely_human,1.0,0.28560955611345895,0.41635102945838043
UC7sAry8PxdNgQC2h95QTQPQ,47,1,1,['19b5690934c1e86f888d413f3c848876'],0.4357358983966333,0.28555393510854715,0.1754255762154317,0.4435691275485867,0,likely_human,1.0,0.28555393510854715,0.4357358983966333
UCwKjvrYjBBFQuRgjLiyCK_Q,69,1,1,['c47345bbfbcb9fecdf1af1d7974cb0db'],0.42533799082548546,0.2855175434916704,0.16991248719448984,0.4747926894724002,0,likely_human,1.0,0.2855175434916704,0.42533799082548546
UChpMzZNg0cLmC21UTkkf2wQ,-1,2,1,"['9a6f36597ea860e4f4047b2fa74a8e41', '34f1cca27ca3b8d34490896c741b69ae']",0.4450611659198872,0.28550766355196056,0.161177196079564,0.5202459537351417,0,likely_human,1.0,0.28550766355196056,0.4450611659198872
UCF6qNlG7Fdiyk6ZchZackUA,-1,1,1,['475f3f87d1d6cefa500c6135f32d0518'],0.4335375855584471,0.28547176401265495,0.20868609368925287,0.4755096278916604,0,likely_human,1.0,0.28547176401265495,0.4335375855584471
UCMRDmNCYE5noKlvStEUx1OQ,-1,1,1,['07e879594dc97b9e793d4c46559edd48'],0.49173538308989156,0.2852876798219156,0.11811929715816938,0.3944847291606644,0,likely_human,1.0,0.2852876798219156,0.49173538308989156
UCJv8R_nZXEwwMCUyL2SawpQ,64,1,1,['bdde529d217f05045ae18adc9d3afb63'],0.4233458860583699,0.2852805751517411,0.16491562187993108,0.38692343576145816,0,likely_human,1.0,0.2852805751517411,0.4233458860583699
UCuIZwrOWJdr8NQoOA3E0YFA,-1,1,1,['d6d17183368524992f627f50bf024637'],0.4261311010160698,0.2851848141385164,0.18821283272487377,0.5590639545784765,0,likely_human,1.0,0.2851848141385164,0.4261311010160698
UC_G-2z0nn8dqecpVT-zF13g,48,1,1,['3b3509579aef6997cac8bf2128972ef3'],0.4417017378712107,0.2850114594368889,0.17647701538077956,0.4125458766420937,0,likely_human,1.0,0.2850114594368889,0.4417017378712107
UCvbGx_dD6qwPbU0FST6Gwjw,-1,1,1,['0fcb65b360d4e46c651689a9a964eb6e'],0.46945072991460224,0.28493914506614215,0.16854648414706977,0.38794126615719005,0,likely_human,1.0,0.28493914506614215,0.46945072991460224
UCShd-L4NquG_SA3-IptUkmQ,-1,1,1,['dbe2d39408256aa2c4fe226fda85bb8a'],0.4215552680382459,0.2848966685587596,0.22888889884366187,0.4994184877230148,0,likely_human,1.0,0.2848966685587596,0.4215552680382459
UCV298b0dGtqTDCeOOo9fYaw,-1,4,1,"['99c0ddeda2ecf0f1019744b015392154', '6c8bd79726ac84a65e765617c96fc0b5', '4c4fd243eda51d26e2d2e57e9bba0237', '9dffc4ef28b31be8e7ad6c33b3e01ae2']",0.41582546033668827,0.2848886456029392,0.19664573921748707,0.5664085304490019,0,likely_human,1.0,0.2848886456029392,0.41582546033668827
UC711ZKqdmWiwDFnp1pBxHjw,19,1,1,['2fd72ceeff0e0a9ff6686cff6f0f4b6c'],0.4353590368392737,0.2848456231612651,0.14127990456552061,0.505799970671795,0,likely_human,1.0,0.2848456231612651,0.4353590368392737
UCXxa5QbNK-BYCiMgg0EFloA,78,1,1,['321fa0afa6db8050ae0f8ec0c6144bb9'],0.43046861445631424,0.28481426824809764,0.1823752007007809,0.41329021509077984,0,likely_human,1.0,0.28481426824809764,0.43046861445631424
UCGLpZfFKpSa7-hG8oYdylkA,-1,1,1,['681859bc59106670694b023679e7ed0f'],0.4490277331910104,0.2847906345577135,0.17261185217441705,0.46516799970785955,0,likely_human,1.0,0.2847906345577135,0.4490277331910104
UCDjzqCz97zhf5EVevvzG9Gg,10,1,1,['19ac5388ad2e18767c519d6d76eeaf8b'],0.43570457758848913,0.2847008575796511,0.16815555295005286,0.41651025137619346,0,likely_human,1.0,0.2847008575796511,0.43570457758848913
UC1pGVGbkbQJcuXYbf9uHWGA,32,1,1,['3afb2f1e639c6832a62a7226b552babb'],0.43136380108374606,0.28460506342739916,0.18181851528115134,0.4361097930442662,0,likely_human,1.0,0.28460506342739916,0.43136380108374606
UCyLagg7YHhdOiKx4YLIXU_g,-1,1,1,['c27fb113fc4a30b69269ab2a40c23ac3'],0.4130887053319865,0.2845548474700611,0.20748298805282658,0.547079920684887,0,likely_human,1.0,0.2845548474700611,0.4130887053319865
UCBOkRmc_VZxLgAgqMVbV8Vg,73,1,1,['3ae3654ac007b1d9ec47f1abe65c6954'],0.4090484346102431,0.28453876450982774,0.19083669996607294,0.5125874009560659,0,likely_human,1.0,0.28453876450982774,0.4090484346102431
UCKe4imf6sQGiaPL3Nyzd2Ow,69,1,1,['24007463dc6efff65f386c08df2c6473'],0.44028197318887574,0.2843249513737013,0.12383337833718065,0.47534273803987465,0,likely_human,1.0,0.2843249513737013,0.44028197318887574
UCVhsEcaYnh8IgMQs44ocAug,-1,1,1,['25bd2e9d8f40229b9bdbe6f0d675c755'],0.4379618457515,0.28417054423708055,0.19126934739244253,0.4794468425891442,0,likely_human,1.0,0.28417054423708055,0.4379618457515
UC9VTLDRXpSEOec7E5H2yKfw,-1,1,1,['273edfc76085411dd1962434e3c3a51a'],0.4222001978398925,0.28410707448189976,0.17056630830171413,0.5795066613222298,0,likely_human,1.0,0.28410707448189976,0.4222001978398925
UCc-twOFDH-Euw6RKFcYxTuQ,-1,1,1,['5574484646516a8f0cdf4d79efa3f73f'],0.4242830702966105,0.28407718406388216,0.18755238848282574,0.5286248214297828,0,likely_human,1.0,0.28407718406388216,0.4242830702966105
UCY4Gt5nYvtPvlKmv056UAjA,-1,1,1,['3b9d79568df72f9b12041cbba8d85759'],0.4835489612422834,0.2839294116058211,0.13448178615368167,0.37422109512334883,0,likely_human,1.0,0.2839294116058211,0.4835489612422834
UC5slkaJaIpDwSoUzsrNAUiA,15,1,1,['5f28cc7fb8d79506840f8a7a68eaa97e'],0.4458795345080825,0.28373161402299096,0.13850359516053193,0.4151421512816268,0,likely_human,1.0,0.28373161402299096,0.4458795345080825
UCuS6k3HP_YBVLMCoIshkIRg,-1,1,1,['71c4404d40bf961205722c95b97e8420'],0.4380111576953206,0.28371142940913485,0.17524791418009714,0.4930862167216742,0,likely_human,1.0,0.28371142940913485,0.4380111576953206
UCPJtDGQWB8LhSuIqbQypnYQ,64,1,1,['c15018adb27875f11faf01452eaf8be0'],0.4047496617839697,0.2836954465550554,0.1842437468869969,0.42508461553499083,0,likely_human,1.0,0.2836954465550554,0.4047496617839697
UCkCKfmuzb5MphmUdVk1Pw7A,-1,1,1,['301583e5c74653379582d61623cd4e36'],0.44668204663289923,0.28361496157940674,0.19240533195403542,0.4329799720830116,0,likely_human,1.0,0.28361496157940674,0.44668204663289923
UCo64KZwA3hIulpQ4vFAmdzQ,-1,1,1,['9f5e44106a2f3f1b628b93ab93aada4c'],0.43778545103268296,0.2833929668047047,0.181532678662745,0.4791654708467689,0,likely_human,1.0,0.2833929668047047,0.43778545103268296
UCJrXUOK4v4wwyPUqTVqpUBA,65,1,1,['7d0db65a1137b0436ca4b5a7e2bc1d9d'],0.4297705928129629,0.283389454111137,0.18551531204102265,0.42142468004217903,0,likely_human,1.0,0.283389454111137,0.4297705928129629
UCCN9bNhyjpy3ehmhkBZqyfQ,-1,5,1,"['bebddbb9c8ff40725b0557e5584d0b4f', 'dfdf7269a6b5bcb3debf43836fa5b686', 'fe703e630104934051e12ddaa6c6b4b6', 'd07a35f8ed6924a32a63373a64dd65b7', '563789fb15cbb19f3da15be4e43fc577']",0.43708728384587686,0.2833313982613578,0.17578904213283636,0.4978133273528416,0,likely_human,1.0,0.2833313982613578,0.43708728384587686
UCrGfG3Qflwb2SlE-G7t0xcg,29,1,1,['bbd971a120145a81d279b20a8a7a60e7'],0.41964787774909057,0.28328231415233884,0.16184702498842238,0.45284726702176514,0,likely_human,1.0,0.28328231415233884,0.41964787774909057
UCErBM75YVQGaSrgnL28snFQ,-1,2,2,"['8dd1106d95a8d2b74d03eaa31c97800d', '625f990ad01f8fdf3172484528941d05']",0.4247373679055815,0.28326683450647483,0.15813527415333808,0.5860149654131456,0,likely_human,1.0,0.28326683450647483,0.4247373679055815
UCjVVMGwg9Wcef8h1UKYqtGQ,-1,1,1,['979a9d66c1fc9f8c7b00ad0e3ff8c4e3'],0.42279035522586306,0.2828227775763591,0.18709647006599983,0.5352292046405305,0,likely_human,1.0,0.2828227775763591,0.42279035522586306
UCZ8D_dBddr75F8Kulv2Cb5g,-1,1,1,['3533a0f606822df43109c285d96932a6'],0.4623243357175831,0.28274581998044923,0.16099048170908528,0.40291305528583343,0,likely_human,1.0,0.28274581998044923,0.4623243357175831
UC5KN5WpGlsWNOeXW3_c7EWQ,-1,1,1,['90e813e2791175e138e6a9d9aaf23566'],0.45357600155601263,0.2826841528295757,0.1506383546208068,0.4712680141717995,0,likely_human,1.0,0.2826841528295757,0.45357600155601263
UC5I7fua7kSqdHRpSefsc0yA,16,1,1,['d6d9c93a6c5d1638e3ad59c42613d5e5'],0.41852408259898355,0.28252511525972,0.17345689750828114,0.49130406730868287,0,likely_human,1.0,0.28252511525972,0.41852408259898355
UCOsQ4Zn64Z24fLJqir3coHw,31,1,1,['e0197c5281d7faebd376e77aed716ca5'],0.40746961524000336,0.28250598952531614,0.17524488147631026,0.5016671144964147,0,likely_human,1.0,0.28250598952531614,0.40746961524000336
UC7d6i4quOCB_amf2hwxRGwQ,21,1,1,['72d1e8e1cc0a0ecbf88a68b8720c646a'],0.4565272642493428,0.2824809040608966,0.13220063757887807,0.39790636956161196,0,likely_human,1.0,0.2824809040608966,0.4565272642493428
UCOlnVMMaCwpT6JQqgYH92vA,40,1,1,['f1e2e0b0631c8be17c0e97d2b402b5ef'],0.42320112973008184,0.28234723550210467,0.17607436547086913,0.4614929134381314,0,likely_human,1.0,0.28234723550210467,0.42320112973008184
UCo6mSbgiDh6CH3yHWJaHrrw,22,1,1,['59d231776406ee1e860c2f36daf57f8c'],0.4118832179635892,0.2823431497520573,0.1877811229557848,0.484623429878386,0,likely_human,1.0,0.2823431497520573,0.4118832179635892
UCZZkawg84_O40z0vUVYAUiw,-1,1,1,['2409d6cf5e65d3c9a95f91fd8753cc29'],0.4492208541477604,0.2822997779166427,0.16430170705342456,0.4638894160670185,0,likely_human,1.0,0.2822997779166427,0.4492208541477604
UCWY1sWhRHv1akOz8dMXmt9Q,71,1,1,['98349c07febcbcde2e0417184138b184'],0.41952647969298984,0.2821931183439037,0.17975956745413368,0.47061678626458125,0,likely_human,1.0,0.2821931183439037,0.41952647969298984
UC_3QBdZgT31M79LuQ_9yBrw,-1,1,1,['86a6cbb8a6137a6123e233bd0b09ed97'],0.4112420872775736,0.2821357905458387,0.21701338145521312,0.5221395449699119,0,likely_human,1.0,0.2821357905458387,0.4112420872775736
UCVO79BfueJ08SyInOhK9-rw,-1,1,1,['8f6bc61d7f8ed8f818b443d3149b5415'],0.4286836325650951,0.28212090228474884,0.18211411689363394,0.5276835669535517,0,likely_human,1.0,0.28212090228474884,0.4286836325650951
UCFLrtI9PZkcMoWnk2onz5DQ,-1,1,1,['2284e81ac5e5ac0e13b89a5781c72e44'],0.4540148805168236,0.28204240587010077,0.19246369557871376,0.38449999468608254,0,likely_human,1.0,0.28204240587010077,0.4540148805168236
UCRON2GiN8iaT0zVbuoJiDsw,-1,1,1,['0d0e0b33f0805a03dd27b15c32bbef76'],0.45363861134402794,0.28199348857572865,0.16379649820829498,0.419421585661468,0,likely_human,1.0,0.28199348857572865,0.45363861134402794
UCOF9dshUr7bbpE3JcEZRWrg,-1,1,1,['cad8b552b0c9055c96b4f9c54d88ab4e'],0.4413610637944173,0.2819263489935019,0.17940014103107013,0.46376118959143914,0,likely_human,1.0,0.2819263489935019,0.4413610637944173
UC71ueILZddLK5LE_qEqCV1Q,-1,1,1,['a455b26cf5ce7ee4d2f1b701a28c0d6f'],0.4471381692573476,0.28190826357327503,0.15057621894454304,0.4874685578263963,0,likely_human,1.0,0.28190826357327503,0.4471381692573476
UCbAtLaVyhBgMz3N6Kj6P3yQ,-1,1,1,['6849b5259d4bc13d8da1ac2e6d9b47d8'],0.4332306094252786,0.2818609637810831,0.1774786053047639,0.4975446774986775,0,likely_human,1.0,0.2818609637810831,0.4332306094252786
UCxo6DUYmPI1DBmYebadESfQ,-1,1,1,['62ebbe60677d953f46192176fcc5fa25'],0.46391850639018706,0.2818037012072195,0.17080598822038545,0.3690286676138892,0,likely_human,1.0,0.2818037012072195,0.46391850639018706
UCPLhgZXY1HFJxAtr0SPrWww,-1,1,1,['eb752e8fe39d136bb17cd7e12a4bcab8'],0.4240315567313976,0.2818020380159105,0.1892628153182663,0.5111062469520069,0,likely_human,1.0,0.2818020380159105,0.4240315567313976
UCC8oXnQpqHFeBXpIbYq4nZQ,-1,1,1,['da1f3d19640172135cadf9a66ea803a0'],0.4261077910152787,0.28176402609148865,0.17949228012658006,0.5238655074306082,0,likely_human,1.0,0.28176402609148865,0.4261077910152787
UCRc7qAwjSoXaIdYgdkpPQXQ,-1,1,1,['aa371c7bf39e4e401f0b75c651ee47ec'],0.43795129324385856,0.2817258326305523,0.12391337135425456,0.5949585978075379,0,likely_human,1.0,0.2817258326305523,0.43795129324385856
UCFd6gkpLOuP4VNgsKkZ8ClA,-1,2,1,"['daed2d0a4c7556a5e4e94e47758936fc', 'd05c6536096a56124f202e4f91fab0bf']",0.4415270272194669,0.28172151801279666,0.17025014471211578,0.4715785331502525,0,likely_human,1.0,0.28172151801279666,0.4415270272194669
UCYMTTqyaNXL1RZ-AduxiSeA,-1,3,1,"['951ed7af843b86a11177c05711dcbb6e', '4581add5205a1fcf980db879806340b3', 'b09fb93a914055401368081f39da4157']",0.4414842440055134,0.28167285567741873,0.1741931617052745,0.4638666123507121,0,likely_human,1.0,0.28167285567741873,0.4414842440055134
UCLYaG2vsJkk07dJAFVyJ8mg,-1,2,1,"['ed53769154be0dbaaaaeafe15e7c56f6', 'e97c95040efccec9c7e3ca36acc687c4']",0.45049424382258263,0.2816548194742545,0.17917518427675289,0.413670775141987,0,likely_human,1.0,0.2816548194742545,0.45049424382258263
UCOdcfviUvTnck1KlKYHfsQg,-1,1,1,['98e6fe53b1b2948613af0da0e35299e0'],0.45741428542147833,0.28164854166114867,0.14939961544435285,0.4402593811658756,0,likely_human,1.0,0.28164854166114867,0.45741428542147833
UCa3W3WEzMhtan_8EWlF_6yg,43,1,1,['0a5e1b85e06ae46c36541264def729b7'],0.402419892956139,0.281495027135101,0.18833185572154365,0.40282628758222644,0,likely_human,1.0,0.281495027135101,0.402419892956139
UCBu3CAWI98_SA5oNgsfyB4w,-1,1,1,['b59f27de75f6613c607aaa0cded75e66'],0.4151109064653531,0.28148319682880363,0.21446081517641422,0.5040643767522722,0,likely_human,1.0,0.28148319682880363,0.4151109064653531
UCooV05fE4aZddhMeNX4J_sw,-1,1,1,['5a9235f165d85bb085c47d1509fd328c'],0.4115406111837822,0.28146213789750757,0.18524436685004259,0.5772669055349671,0,likely_human,1.0,0.28146213789750757,0.4115406111837822
UC5sWdALeHav_bo3cFMIJtdA,-1,1,1,['5a309868014518b6538f28ef10053eb7'],0.416325881933972,0.281447074835932,0.21666474671497546,0.49442703708483465,0,likely_human,1.0,0.281447074835932,0.416325881933972
UCqh0YXbYHMTLVyEAXstxi8A,-1,1,1,['2d76a2c55256a3b114711c66306fc49a'],0.4189747810565234,0.2813603248718714,0.21386630392915942,0.48549514393606336,0,likely_human,1.0,0.2813603248718714,0.4189747810565234
UCryZZS-xmaoOCIY76St1d-Q,18,1,1,['7c60f368396091f0e746d8db646a5f4f'],0.42171332382950855,0.281357016895817,0.17831884024437983,0.45657281237255665,0,likely_human,1.0,0.281357016895817,0.42171332382950855
UC4C76Nr9CJWxk2jAi5RZY_A,-1,1,1,['757128c361c81114badfa9be294cc56e'],0.44643242407494566,0.28135171314679225,0.16470873794897997,0.45787457115664526,0,likely_human,1.0,0.28135171314679225,0.44643242407494566
UCzrbn1vdeY5NEPHewvG23mg,-1,1,1,['f7b9a9723ea816f4ead2c8c14529f1f3'],0.45445277325757366,0.2813478022645043,0.1636485959858536,0.42054825499273785,0,likely_human,1.0,0.2813478022645043,0.45445277325757366
UCj1w0MCUWQs_SetQoUEwQBg,-1,1,1,['e0e08b909834e839c95a08569391a326'],0.43135566779961715,0.28118224117252755,0.20450501244021752,0.4664255149294882,0,likely_human,1.0,0.28118224117252755,0.43135566779961715
UCFvmbj9yMDV0G0xZiZEyARg,-1,1,1,['63e0d093a5126cbdd977332ec3427150'],0.42174011571438474,0.28117922558529046,0.19625520751159156,0.5255758132517782,0,likely_human,1.0,0.28117922558529046,0.42174011571438474
UCwtj9v55QB2TRLt2K4Xo-_A,-1,2,2,"['16cc490e7ac68ba27593fcb51d47effe', '29d433d2870cdf7b45bd81ddd8dd9f92']",0.4287731226542001,0.2808985812651088,0.19055691643401912,0.48776084676307163,0,likely_human,1.0,0.2808985812651088,0.4287731226542001
UC2I89AX4I4SesjA-PA54hNA,-1,1,1,['ac98636295bc2a86e715d83ea160588c'],0.47143467523034477,0.2808349718992784,0.1530568547763653,0.3590988137607522,0,likely_human,1.0,0.2808349718992784,0.47143467523034477
UCGAHjCEA5rKfZm57ye_Cv8Q,4,1,1,['244e201551f8e51810e5cb056e32bb9d'],0.4087171120880486,0.2807813104739757,0.17981055455154626,0.48289391177921726,0,likely_human,1.0,0.2807813104739757,0.4087171120880486
UCDQqqs2NFsUtLEvPHKLL3XA,-1,1,1,['8c7fc1a833b12d83db9e13613927ccc3'],0.42135550181569636,0.280719203318266,0.2014378928424418,0.49015979161462897,0,likely_human,1.0,0.280719203318266,0.42135550181569636
UCgod1jVuJszOWSj2V8LBvgw,-1,1,1,['fe06739cf5e75c0350acc75bda76c51e'],0.4254183807443804,0.28050588032211005,0.19290302386373162,0.48819251924425583,0,likely_human,1.0,0.28050588032211005,0.4254183807443804
UCuLTnN0BWx7Wk64CcvZLYtw,-1,1,1,['d011d79ddaec7b69976cd752e62c1e6b'],0.42253554080026234,0.2804043704984545,0.18858811062358827,0.515962022097532,0,likely_human,1.0,0.2804043704984545,0.42253554080026234
UCwaWe0BxmJFYp-p4u2qYHTQ,-1,2,2,"['52ad3079dfd93133f268b4ede4ee4804', 'bbefcff81f30f7b63c8e546233ffb590']",0.4296005877544825,0.28035901099241756,0.19546048364249224,0.4772512998901565,0,likely_human,1.0,0.28035901099241756,0.4296005877544825
UCWodR_NJXpbBqAWLrkkwr1g,-1,2,1,"['fa5f80c0a6473c046f6c881df46c4d46', '4f4a676720177aeb4e69f3d0bdac985a']",0.44866499708450414,0.28029184015070624,0.09847102742605839,0.5838444658884164,0,likely_human,1.0,0.28029184015070624,0.44866499708450414
UCzcPHuIlGaunfay1mwzSRHQ,14,1,1,['f83693475d3f0edfae86611ce99ad77c'],0.4254830992705115,0.2802120054712682,0.18437950739414607,0.3879587205970134,0,likely_human,1.0,0.2802120054712682,0.4254830992705115
UCYvhHE9has6o8w8wlrOI8bA,-1,1,1,['619e1d925f5ce0ad9049d534ad7c566b'],0.4509566208243033,0.28007104999345983,0.1687809989365547,0.4116468346161736,0,likely_human,1.0,0.28007104999345983,0.4509566208243033
UCXb-LkVL53ZoAsCORAQMgGQ,36,1,1,['4b730dff91da09342219140fb845a5fe'],0.38836219446806336,0.28005470949952727,0.2089785310360271,0.5389260072727207,0,likely_human,1.0,0.28005470949952727,0.38836219446806336
UCujQmj6dmezGp83Ulvy4DDw,42,1,1,['732f6db2796cc5632c9fb248fadab52f'],0.420518530700005,0.28004794399335214,0.18740115572847077,0.4329799720830116,0,likely_human,1.0,0.28004794399335214,0.420518530700005
UCxM00i65uBsCx2lAWs2gQvw,-1,1,1,['95fdd360c5616c64755bdcb0b3a1e5eb'],0.39898569771562753,0.28002554576507627,0.21764935474684438,0.5579770425335896,0,likely_human,1.0,0.28002554576507627,0.39898569771562753
UCauXaG-HoiSdI1c_ir44CnA,-1,2,1,"['f25285fe45683968b2b163fcf2936fbe', '0ac3849961f5ac6505c3071bcaa79ae8']",0.435884121176664,0.2800240030316311,0.16454521432375208,0.49635597145193766,0,likely_human,1.0,0.2800240030316311,0.435884121176664
UCh2CsfdBxVs6soBAU01x3VA,11,1,1,['029aafff3a2f420744f0f26b908eecb7'],0.4282535017587831,0.2799383988167856,0.15202643333265184,0.43593896241177266,0,likely_human,1.0,0.2799383988167856,0.4282535017587831
UCf3hlMIULvxgAJKB1Axm40A,-1,1,1,['5daba7c901aed9640ac015ada0108ceb'],0.4449012216404703,0.2798341517171917,0.17709371412264455,0.433422367267299,0,likely_human,1.0,0.2798341517171917,0.4449012216404703
UCSVGtc03LKmI5jCHAoH9_ow,-1,1,1,['4534c14a3109478f18245674839e755b'],0.44551031375939376,0.27982286476917667,0.16239954579176677,0.44875164442059046,0,likely_human,1.0,0.27982286476917667,0.44551031375939376
UCRo6wL87lSU4Is3mEF0iM_g,7,1,1,['3fd19e4e58a58d8be8421234d21e77ef'],0.38410605334643355,0.2797581685298194,0.20398530004327786,0.48690577943747904,0,likely_human,1.0,0.2797581685298194,0.38410605334643355
UCEvkyZqKCS54WKmERylwwqA,-1,1,1,['b79d13a42e3345d5568bc297def89cf1'],0.43230155241139523,0.27961345013552363,0.1942182235327218,0.4470848000174342,0,likely_human,1.0,0.27961345013552363,0.43230155241139523
UC6SYoBRjhbzwL6BvSlUlyIg,-1,1,1,['bee230911389595e3c7c74edab2f97b2'],0.44305881474484976,0.27948951354583845,0.17518253575914397,0.44211794142213023,0,likely_human,1.0,0.27948951354583845,0.44305881474484976
UC84oDUR7RrWWCZaAZpi8r8A,79,1,1,['9fd1545647fc426613974b532e547282'],0.42158669317873887,0.2794892671210161,0.16527844154569785,0.4578226334254117,0,likely_human,1.0,0.2794892671210161,0.42158669317873887
UCTe0iktv04uNYlPynC-JckQ,-1,1,1,['b5476f516de921aefa4d8cc792b82ae4'],0.4773540232142011,0.27947685928778837,0.10882419546970357,0.4108320446380883,0,likely_human,1.0,0.27947685928778837,0.4773540232142011
UCgysRixsIolSXa0ewhjGQRQ,72,1,1,['f41ec094cd0835a0a0177f4a100bb253'],0.44782030142297113,0.27939556500875645,0.14874263380925298,0.37233665014959116,0,likely_human,1.0,0.27939556500875645,0.44782030142297113
UCH_EaBP2UHavgerCtApkftQ,17,1,1,['6312f7ad4df542a1adc24e5a8ecadeb2'],0.44301505222038273,0.27918944722641714,0.1437893244597249,0.398583074515224,0,likely_human,1.0,0.27918944722641714,0.44301505222038273
UCO1hsVpqYdTLt_9oruldsOA,-1,1,1,['eb374e07642df340baa94dcf32d57114'],0.42705237086296993,0.2791890006220884,0.1934645007929943,0.47287790016013703,0,likely_human,1.0,0.2791890006220884,0.42705237086296993
UCOe_k2PdugTXV8rHINo4M4Q,41,1,1,['3f3c6470236aa02153c73ddaefdb7554'],0.41592242681236324,0.2791567344065564,0.17095880896654067,0.4478167200452514,0,likely_human,1.0,0.2791567344065564,0.41592242681236324
UCoo_xPPEM-7kKxM7ThZF6zg,19,1,1,['4e4e37abd31bdfd9bf2faf99926b758d'],0.39902060017207674,0.278967762638471,0.1571437560488501,0.5817039865115948,0,likely_human,1.0,0.278967762638471,0.39902060017207674
UC6YJyNqfiNcrWq2wBBxrJyQ,-1,5,1,"['e7379b243bc830e784d40dd196ed1aa2', 'f72cda0efc7f9ac112b8d22ea6835f03', 'd891df32722235222450e222a8bb76d0', '3dd3bbe41477f531a7ab9a2d1d57959a', 'cfbc342cd7f4552ff616ea05d7acb432']",0.4234240614762575,0.2789462199762623,0.17244285214401697,0.5228248146610656,0,likely_human,1.0,0.2789462199762623,0.4234240614762575
UCTy2su70TX08-h0PgsyetsA,-1,1,1,['a28250f8e45e3d3ec57bad53eb856958'],0.44933369648473703,0.27894524010662647,0.1823061884536562,0.3937944060127155,0,likely_human,1.0,0.27894524010662647,0.44933369648473703
UCwUHiiivje_lmuxwa35Sgdg,-1,1,1,['a5467c26d472315161b3203d6c17315a'],0.4086346609160257,0.2789229354321517,0.18948314557313625,0.5478607226896874,0,likely_human,1.0,0.2789229354321517,0.4086346609160257
UCC__IUP4Oqi86Eepd27tS_Q,-1,1,1,['f595ee5975ef04c1179e7b9fbfbb794c'],0.44139162412640964,0.2788320546448391,0.1835037785787679,0.4268986098167514,0,likely_human,1.0,0.2788320546448391,0.44139162412640964
UCk7rYMzuVwpMSBZcPn3Y8Iw,-1,1,1,['8b21bf681d8950c77ae0cd7eeb21c9f3'],0.4718005285964185,0.27882489117613257,0.14405124817980697,0.35804361645951677,0,likely_human,1.0,0.27882489117613257,0.4718005285964185
UCpEsws9488c4n_2n9R9h8iA,30,1,1,['3af7cdd32f5ef3feb3c917d256fcaf7c'],0.4536056446070993,0.27869818105862665,0.12379228716896526,0.30497053594421814,0,likely_human,1.0,0.27869818105862665,0.4536056446070993
UC5-ABN7KPLqeYetHmCGZHOw,-1,2,1,"['19b6e6ea9c90af4f25111f4e2abf4aff', '23b57c585a97e35039eb79b45aef19a7']",0.44680802624421134,0.27839847804530315,0.15123280397173633,0.45468209701812,0,likely_human,1.0,0.27839847804530315,0.44680802624421134
UCZ_V8XcGJySMuYpDV6lLisg,-1,1,1,['7d982c008c7b2a6758be9f0ce086a2fc'],0.4467272774185925,0.2783712362198161,0.17278825217852134,0.41856898591763275,0,likely_human,1.0,0.2783712362198161,0.4467272774185925
UCX4nd7hGv56DVfeloYpskrw,-1,2,1,"['6fc3cc4a3cd54b8103855fedc8d5885e', '36cd8e716ede2cd2cfca887eaa73a6ac']",0.43103145819284167,0.27827284028040256,0.17934333835425967,0.46639039534681104,0,likely_human,1.0,0.27827284028040256,0.43103145819284167
UCzx2jDCwqLgPEUkCnCVzTBg,-1,1,1,['ba8a66655af491ed75a86cd062e93f63'],0.3992411861270099,0.2782425933985239,0.18837428658489144,0.5879135513393772,0,likely_human,1.0,0.2782425933985239,0.3992411861270099
UCYr9CVUA1vOubI5Wv1WUx0w,-1,1,1,['b10a2a391c2ad3ff0d841a54cc245233'],0.40160416233325225,0.2782293143280621,0.20976573089730138,0.534440787068631,0,likely_human,1.0,0.2782293143280621,0.40160416233325225
UCe_w2FUWgVFnoDVMikB0NkQ,38,1,1,['fe9d5e75f3313063d5d5146ce5f518fa'],0.41555594557762265,0.27817859810922463,0.15637397691282423,0.3942450870699626,0,likely_human,1.0,0.27817859810922463,0.41555594557762265
UCkuEOJvIFlTqRwynmf5trtg,10,1,1,['d375229aff2bfed3ef87e5eb2fadf1a1'],0.42487599825489275,0.27815549560784003,0.15273080150197269,0.43678494370579335,0,likely_human,1.0,0.27815549560784003,0.42487599825489275
UC5Ix8HQcxDadSTIKv7TlWWQ,0,1,1,['094590a75ee31c000b5043f391e55f16'],0.3951306683568242,0.2781109990700095,0.18584091792388993,0.5364416745464028,0,likely_human,1.0,0.2781109990700095,0.3951306683568242
UCOxwNnmVxZ3evP7aTd1RjQw,-1,1,1,['846e2f3a1e25d37f0aca81e5af2aac29'],0.4375615304606535,0.2780676948584985,0.16611478511456054,0.46628259954367796,0,likely_human,1.0,0.2780676948584985,0.4375615304606535
UCzWbdy6S3B7kvndiNrC6JzQ,18,1,1,['e2432ccc609327498e4ea5840a01b33f'],0.424333609461108,0.27805153078325623,0.15065450214704643,0.46454377900166,0,likely_human,1.0,0.27805153078325623,0.424333609461108
UCGWnDJ-bmzZXcjYNCrgmPag,-1,1,1,['d0cecf38b5404278f5f0b45eb7f34c5b'],0.43460246385614487,0.2780017765730949,0.15178699892709394,0.5101587153763699,0,likely_human,1.0,0.2780017765730949,0.43460246385614487
UCrz_g5zX4gP2ya4n3cTOFuA,-1,1,1,['da53366b489a2ae4dadaf9ec8133cde3'],0.4569033962216761,0.2779553411979557,0.159282981337496,0.3837776144703732,0,likely_human,1.0,0.2779553411979557,0.4569033962216761
UCqSvx2bOTu2JhI6D4BmkZtQ,-1,5,1,"['6b57f20b7add7578484e3eb5c4cde272', '7b4b0d9b7c5bb77540957c7470b4e471', 'ae57ba332c3dc532ad79858d3dd46fe9', 'c6a032665210a96895302484137565bb', '776b71cc5ad57eb92befc307f7450956']",0.4312532408614541,0.2779531347582871,0.15746977076943816,0.5092303388752013,0,likely_human,1.0,0.2779531347582871,0.4312532408614541
UCSj2xjFQJffweAih9l3ao_Q,-1,1,1,['0dfeeb30ee4ab14f6dcc25aca8d77bb7'],0.4195501590244475,0.2779477305785807,0.20265138505550992,0.48054386085906164,0,likely_human,1.0,0.2779477305785807,0.4195501590244475
UCdD_oHsX8KB62xQLdp5Vi1g,-1,1,1,['4d2fc287af5d55cf42cc0b5018d379d7'],0.4237537636788609,0.27794525711340745,0.16918464428581667,0.5149506292513061,0,likely_human,1.0,0.27794525711340745,0.4237537636788609
UCNCrnVdkPZOWcUp-9-TeSQQ,-1,1,1,['32c5f7fad788d49a902d6b346715ea14'],0.39075155111792215,0.277871400337691,0.22714164687871607,0.5724787506206749,0,likely_human,1.0,0.277871400337691,0.39075155111792215
UCmNIbJGSk_QolFb8mMNHO4w,26,1,1,['4e2c71ad0e8267d4eb935ba3b93a3714'],0.4541456516046738,0.2778078288891945,0.1254656246222454,0.3467007646481784,0,likely_human,1.0,0.2778078288891945,0.4541456516046738
UC6tvlswBFL2gO9ZpSd-7t0w,-1,1,1,['0a9bc199368d3dc654a8d04e71edf0cf'],0.4217278844127029,0.27780292372863047,0.19495187064976807,0.48294037828443853,0,likely_human,1.0,0.27780292372863047,0.4217278844127029
UCATolgGWymawPd1L4bEKCNA,42,1,1,['6457d7fdaae2ebb031ba71cc5be89c74'],0.4209774249358733,0.2776353995017853,0.1557882860704246,0.4695236952202061,0,likely_human,1.0,0.2776353995017853,0.4209774249358733
UC1Cg3tWxMB5T0XPuwJw9zEA,46,1,1,['0424cc9fd6236c479ca7810da45c3acc'],0.4582643572397862,0.277619576361174,0.10716375666095532,0.32903435419731214,0,likely_human,1.0,0.277619576361174,0.4582643572397862
UCOYCp5oSnW0iPxgWl0ZQ9iQ,38,1,1,['8d4b92d605bfe97106eb18be2b778acd'],0.423646000548871,0.2775826486466714,0.14908964929558394,0.3698691748933527,0,likely_human,1.0,0.2775826486466714,0.423646000548871
UCxkF8zgpuj8QpDit5XYgX-A,-1,1,1,['b228a38335b2e91476ea56bcb36134c8'],0.44152105274872133,0.27743388127930557,0.17272435739523564,0.43178235348290295,0,likely_human,1.0,0.27743388127930557,0.44152105274872133
UCfAm11FLQidnxAlLPJGcq1w,-1,1,1,['dca191d91e70f6de0daa037fcd873af5'],0.4210602534598105,0.2772987074504118,0.19926067295656166,0.4600604432976527,0,likely_human,1.0,0.2772987074504118,0.4210602534598105
UC5CbbAtWT00K3rRBFoD0vPQ,72,1,1,['d4f35a76d172eca0a30709d432498067'],0.44939380216209895,0.27725458449591095,0.129991193604178,0.3709842962101107,0,likely_human,1.0,0.27725458449591095,0.44939380216209895
UCfPSiig5qfHbovpiVFnwTEA,-1,1,1,['7803e18efcff1b2db0f160ff5ceada9d'],0.44027480262102947,0.27719149437562063,0.17195877741537618,0.4308423850730069,0,likely_human,1.0,0.27719149437562063,0.44027480262102947
UC1zIggX5lj_Ixm2FArleiEw,-1,1,1,['1e7ab213038cec7d31be19f89381019c'],0.41952990310492133,0.27717753013577245,0.19208625030370027,0.4930203290781543,0,likely_human,1.0,0.27717753013577245,0.41952990310492133
UCY42uB0cpuL8uND_oFE1fGw,-1,1,1,['28fe0444b50726e1856725d27943d2c2'],0.4299283420175123,0.27710903543716275,0.19784374378057154,0.4156287334770944,0,likely_human,1.0,0.27710903543716275,0.4299283420175123
UC7nU1bvrc4H3r4jJRgvIytQ,-1,1,1,['8dff79af1c9c847f3dc79dceb690a9d1'],0.46271322021561334,0.27710461909238904,0.12199738312045574,0.43651262091855186,0,likely_human,1.0,0.27710461909238904,0.46271322021561334
UCng6qVw2Qxg9uQF7s5qodsw,-1,1,1,['a8ef243852802d5f4caceb2ed584950d'],0.43803478611182006,0.27710430026268595,0.13425753035623736,0.515956516821831,0,likely_human,1.0,0.27710430026268595,0.43803478611182006
UCnqZlAZ4vgqIqP1VPubobiw,-1,1,1,['577dbd657eb6a9fdb48cd51ab9abceed'],0.44581828421014746,0.2770853006378447,0.17064152234884192,0.4124868237256882,0,likely_human,1.0,0.2770853006378447,0.44581828421014746
UCO-aHOfK6TRjR-IBuzhAMpw,-1,1,1,['71e82d7915a70b27d380d1d6cc97d10a'],0.4109768165236228,0.2768285319126784,0.2025219079132352,0.4938057491975013,0,likely_human,1.0,0.2768285319126784,0.4109768165236228
UC9qTvHAwNVRVWQFuRsWxUfA,-1,1,1,['f115ef9a1ec0e87d77dff38461630d47'],0.41216411145706566,0.2768267698504608,0.19505866948099918,0.5061426389718573,0,likely_human,1.0,0.2768267698504608,0.41216411145706566
UC-6s-S7QpQ0-Wc_C1eNrobQ,-1,1,1,['6562dd2049008ea973496ba178ecbb5e'],0.4163979371561003,0.27676467430818497,0.2009997697458136,0.4723398380052203,0,likely_human,1.0,0.27676467430818497,0.4163979371561003
UCiEbMX-9RNkk_Rfy3QZ85uw,81,1,1,['3a986c18dbf97ecdc346febc74267cc2'],0.42455931099471766,0.2767214548331999,0.16482227890236903,0.4187559783830732,0,likely_human,1.0,0.2767214548331999,0.42455931099471766
UCBOLFOmRtkeoCVyBn_UXyDQ,-1,3,1,"['7645d89e488dcb80a98e078fdc1859ee', '6ecebae39f05611e130c5c413f21899d', 'f88f88aef5218a39b06229bdf095a07c']",0.4388851881321895,0.2765688751486409,0.15619565737464725,0.46785711865897894,0,likely_human,1.0,0.2765688751486409,0.4388851881321895
UCBuI2GcON8MkVlQOej1r_XQ,-1,6,1,"['e5f473977e2f41907a00d853ffdad9fb', '8273067bb0d15706b73216e5d8cd4d11', 'dfe1bef6ac8eaf62f3c9f38fe7c88e57', '22eaf6e706f6f91fb7269b1733f7b89f', 'e5f473977e2f41907a00d853ffdad9fb', '8273067bb0d15706b73216e5d8cd4d11']",0.42463087788835935,0.2763878061731933,0.1780764900350285,0.4804310657063783,0,likely_human,1.0,0.2763878061731933,0.42463087788835935
UC7GJBBaD3qWqjHT2YYLxhdA,-1,2,1,"['b1bf2feedcd265a501b63d7ce5863ad2', '373311f0962848b74c9f53e00d75279b']",0.4120393270639387,0.2762370811317282,0.15713838233314387,0.5769947960203561,0,likely_human,1.0,0.2762370811317282,0.4120393270639387
UCaFX2-ecM9CzDQQ5Hmjymeg,-1,1,1,['d3e032c9ff55ee7743a022401a24a9f5'],0.443419364770271,0.27621840701098793,0.1578260811502333,0.4319652184444998,0,likely_human,1.0,0.27621840701098793,0.443419364770271
UCoT-JcS0KCseMz0rTbqJgCQ,-1,1,1,['28cbddd1cbb49587e5ea02366fdc413f'],0.44395965614977767,0.2761953559908248,0.17494138294405617,0.39317830251275226,0,likely_human,1.0,0.2761953559908248,0.44395965614977767
UCD-mQTMtFKnu3DZT54g67Yw,-1,1,1,['61a30a1c8b954a77f8f6720f4ed672b8'],0.3930849688435962,0.27598452282252267,0.23516912180763783,0.5010627745483656,0,likely_human,1.0,0.27598452282252267,0.3930849688435962
UCQEfqgWAkAEdf7f8xdYiIpQ,51,1,1,['7547895dba10763fedc606c5cab6284e'],0.40863832064783345,0.27567273576392914,0.1561918219150647,0.37242306844748657,0,likely_human,1.0,0.27567273576392914,0.40863832064783345
UC18M0MxOMj9G9GyfkLJR_tA,-1,1,1,['667fe5a41508a69fe0e280e08e1642cc'],0.423461938925923,0.27564454664083293,0.1887454459482819,0.4533010584812109,0,likely_human,1.0,0.27564454664083293,0.423461938925923
UC-XoOm4LrID484qmvVWmAQQ,76,2,1,"['05b5cc44a682d868956a754890b6c45b', '916ecd0f30528a10786846e79348675d']",0.3973201062050458,0.2756396849501784,0.16447700935192017,0.5319941178804404,0,likely_human,1.0,0.2756396849501784,0.3973201062050458
UCx9LsEGiuxndy5xs64AE6Qw,-1,5,1,"['70c0ec8af2a365f04a1b0ad377ad6068', '62b161582260f8ec7b57fd792b870605', '9e5c3971eb4f634f873c8f32d499a904', 'cacd5aa65991905965329f302d163665', '5c9179c708ffb5c40d56fc894a86e54a']",0.4369079820471201,0.27558900482997045,0.1198355017859054,0.5393001984405786,0,likely_human,1.0,0.27558900482997045,0.4369079820471201
UCrEo9ExR6Qg9SlkTyjjbRxQ,-1,1,1,['dc2374062156eeb467fb974461c10ca2'],0.44706504436129946,0.2754665965857435,0.17457538931550212,0.36958456722213173,0,likely_human,1.0,0.2754665965857435,0.44706504436129946
UCiqgEt3j2iU7LO_aswt99BA,41,1,1,['03845416716e41f2b8f2545e4cc6ef96'],0.4101825949272372,0.27545731264616435,0.1596240924891004,0.4534532482147651,0,likely_human,1.0,0.27545731264616435,0.4101825949272372
UCu_7ZGxNO_cMJFQOyX0o6vg,-1,1,1,['6f480ad67387218ab46cb685903e8130'],0.41126616826135665,0.275435773160719,0.20356630024131603,0.4759280187590219,0,likely_human,1.0,0.275435773160719,0.41126616826135665
UCpjjjQVE-bnp-2NE0Svu-1A,-1,1,1,['fda6254bb9249ea4bae76e7c84d450e8'],0.4304446493057003,0.2753166600415955,0.1669524084912849,0.4711713237124695,0,likely_human,1.0,0.2753166600415955,0.4304446493057003
UC86VC8V_UfEeDBPvfRRbU7w,64,1,1,['6d610ffa5e918c22ddbf0d49f1834a14'],0.42381096746515473,0.27520117871333916,0.1317672596035299,0.3576525675537874,0,likely_human,1.0,0.27520117871333916,0.42381096746515473
UCHKjNP0GCtP-7x1TeEwhpAw,-1,2,1,"['8e6151de8fbcb2e5bc9cd749d61ea7fe', '15ffd8da0cd723bd72d12eeb5820bfec']",0.42832982124170743,0.27519665876258315,0.18741548366738822,0.42957548568520126,0,likely_human,1.0,0.27519665876258315,0.42832982124170743
UCfJTbBQFdmmOhRSfPcyWqbA,-1,1,1,['85dcd5df23fc4b03d584dedd4bdf8910'],0.44291455782823347,0.27489168928252045,0.15126811926238848,0.4354323169455611,0,likely_human,1.0,0.27489168928252045,0.44291455782823347
UCfeVgApuMPw04-2JpqO5w8A,10,1,1,['232c5b865e78a1168f8893839a1676d7'],0.4324408468382127,0.27481360218556516,0.1368772842302069,0.40080127349842615,0,likely_human,1.0,0.27481360218556516,0.4324408468382127
UCOWyzyJefOVuYgRbs2h4VIw,-1,1,1,['b62857c51c5165658d06410f4e017416'],0.42516703933908395,0.27465097343500944,0.18179423567424022,0.44378968113660583,0,likely_human,1.0,0.27465097343500944,0.42516703933908395
UCD-fq0XRLbmxNCZL8EHnU-g,-1,2,1,"['55162a40f850c5f6fac48ddbce4ddbdf', '682434cfbc85df013cac37a43f74ecd5']",0.42174448995904107,0.27464944008392045,0.1771308327691809,0.47953031583316297,0,likely_human,1.0,0.27464944008392045,0.42174448995904107
UCowPYvagfgj_c7qwVGodb2Q,-1,1,1,['425ce58e6bd73423f1d206620b4e41d1'],0.4264422657758013,0.27463889775001094,0.18821380833029036,0.4319575071265202,0,likely_human,1.0,0.27463889775001094,0.4264422657758013
UCqiY5-opFWhDz7hMr-MmhMg,-1,1,1,['679b8787ce9d29dd2e8539fecfae6a12'],0.45093272758432346,0.27454423335618455,0.14899400045291686,0.4123749300569947,0,likely_human,1.0,0.27454423335618455,0.45093272758432346
UCF5xJlfnbFWeYtgnUyt3C6A,-1,1,1,['a9a4500d31d81279e8ed56f5ea758612'],0.3880685138964606,0.27452023843943263,0.2215894470137951,0.5434450644794258,0,likely_human,1.0,0.27452023843943263,0.3880685138964606
UCJLwL7Q4T8GO5d70sNBue5g,-1,1,1,['79e387a019aa5dad5307e43630319885'],0.4947877297094295,0.27450119979754295,0.09758242411723181,0.3115928446450331,0,likely_human,1.0,0.27450119979754295,0.4947877297094295
UCfaTHx5Ak2Vb3aydNzaCGrg,53,1,1,['9018567a106609bc18f28c0316842cd4'],0.4619202435706122,0.2744647519574381,0.11851610743888413,0.2896491285798478,0,likely_human,1.0,0.2744647519574381,0.4619202435706122
UCDuA-0yP9fQDfhtrZZZJHYw,-1,1,1,['bfe1ad65bd05fe3f5684be558fdecbc6'],0.4225836666525917,0.27446308714576173,0.18039988093296017,0.467028571803934,0,likely_human,1.0,0.27446308714576173,0.4225836666525917
UCEzKqAww2ayfhho8O5y-ZfA,68,1,1,['aee5a6d57d0d10226e974303a846ff19'],0.4388160240481268,0.2742933954518371,0.1418275586235823,0.31722496592175997,0,likely_human,1.0,0.2742933954518371,0.4388160240481268
UCMb6dfnWfAxH3b9WyTuGa2A,9,1,1,['72996a301e850bb6b78f18091d9631ed'],0.42771838757279346,0.27419687002669707,0.17330988371203396,0.3731630543047516,0,likely_human,1.0,0.27419687002669707,0.42771838757279346
UCIrvi0GBwQtu8-zzZuveN-Q,15,1,1,['04d168fb811bb1aa478b29602a28e57c'],0.41335524152682973,0.2741235034172197,0.16574686519654921,0.4115656473165951,0,likely_human,1.0,0.2741235034172197,0.41335524152682973
UCt8_C0pG2X8amBeKarn8BdA,-1,2,1,"['66a1c4a52607af7801e98df319385b49', '99c13727717bfeea37ef67f4b991f86c']",0.4644116574731507,0.27404803257951393,0.08348263664237171,0.4769655215773852,0,likely_human,1.0,0.27404803257951393,0.4644116574731507
UCicTgzKgO-JX4J3g9AGoMjg,-1,1,1,['a062599e54ec6f7a10828b678b5ef2f3'],0.44135151608484,0.2740094580025517,0.159586484389125,0.4214381681923728,0,likely_human,1.0,0.2740094580025517,0.44135151608484
UCteFfhhbjDhiKf8yX3cD8BQ,-1,1,1,['b64148625404b133225bf68034f7b25b'],0.4249756428489655,0.27394946394610276,0.18207552598902427,0.4669622629916213,0,likely_human,1.0,0.27394946394610276,0.4249756428489655
UC2d7t7pDMSs0dgnT61nU6Qw,-1,1,1,['3abe2c7c2f3c9dd89912397cb575b93b'],0.41025440024674864,0.27393278285603406,0.1709778480923391,0.5364416745464028,0,likely_human,1.0,0.27393278285603406,0.41025440024674864
UCgVxdTAP2c6SzSLvx987P2w,-1,1,1,['088d6b8cea22d456e58209c046ccec27'],0.4133248026352637,0.2738575366414804,0.2004426471878083,0.4542024685474578,0,likely_human,1.0,0.2738575366414804,0.4133248026352637
UCh-bC8ravLIaLwWwYQmNk6g,-1,1,1,['530e890edf71b80c4face9ea14aec3ea'],0.43035174079048966,0.27373072367275203,0.18586219447987437,0.40953843037221044,0,likely_human,1.0,0.27373072367275203,0.43035174079048966
UCmcpyU5l75cXRa3a54iX7TA,-1,1,1,['00673ffba016d6c18f34f88ee9e6a8c6'],0.4211566027036283,0.2735476588478649,0.1920384395400915,0.45046416356703056,0,likely_human,1.0,0.2735476588478649,0.4211566027036283
UCAG2KSvHOq3wM5UhUnOd9Hg,-1,6,1,"['67c317fcf783fc027e670f30f60d43ec', '4446d737ac04f87f58ab29acedd6617b', '34565f8047b05620005c34e91ec68541', '9df752f6bfa712bc1613ab3a747ca421', '13b02c15299fe30a1f25a136ab4e3ad3', '781027d18d57bc2fd2f2034cdd063a02']",0.42506747691852204,0.2735309829930677,0.16515722361212667,0.47527081380257924,0,likely_human,1.0,0.2735309829930677,0.42506747691852204
UC7r_jS3XLZu-QFgIUGYwiiw,-1,1,1,['767d6990843c102b04aa920bcbc2f110'],0.4351994516296479,0.27342056907477164,0.1818396641694497,0.40639853612199434,0,likely_human,1.0,0.27342056907477164,0.4351994516296479
UCRCyJ_1oQabOXse2WhWw2RQ,-1,1,1,['1a83f5fd8dd1676e5b6dd7dbc1bce8cb'],0.42352614533354466,0.2732148915988432,0.16654747588737567,0.498770634084285,0,likely_human,1.0,0.2732148915988432,0.42352614533354466
UC_2FHDfVins2ACvhOSCe-4A,-1,1,1,['1f1fcce05fea51f45f72b53a370113ce'],0.4151230170348736,0.27320596282512316,0.20805501512726998,0.4577436645918749,0,likely_human,1.0,0.27320596282512316,0.4151230170348736
UCMxOKc7VLY9g-AsYeKwv9Hg,-1,4,1,"['86a94dc68d6d46c7e0fc6a4fb7ebf9e2', '7d963ae2233c2bb77a55e2eace626ce4', '86a94dc68d6d46c7e0fc6a4fb7ebf9e2', '7d963ae2233c2bb77a55e2eace626ce4']",0.41531641860669055,0.27319540107930795,0.18394313267392273,0.47828528345976906,0,likely_human,1.0,0.27319540107930795,0.41531641860669055
UCPDjWWMI-CEXNYHwSCiQM7g,-1,1,1,['2f6bf07a492c036484ce0faaffa4ebaa'],0.3975390608424487,0.27319207066371043,0.20951443619014823,0.5057767044204897,0,likely_human,1.0,0.27319207066371043,0.3975390608424487
UCYhBhTjgAPubKYv2BgZWYhQ,-1,1,1,['030249ae2e02bc677c0fbcb6cbd65ad4'],0.43406918417739176,0.27315909403576544,0.16796141552439414,0.4253332969868601,0,likely_human,1.0,0.27315909403576544,0.43406918417739176
UCnyHL7AE5EBLBZgby24LLtQ,14,1,1,['74499eb4fc146a468d7b951062edea1d'],0.4234491099633126,0.27308091807539964,0.15194734582178615,0.38228410442347055,0,likely_human,1.0,0.27308091807539964,0.4234491099633126
UCwXVQdwdmzWxzTQQE41l7ew,34,1,1,['2e0f076664b1457bd92e1ece3317dfe4'],0.4160676722528792,0.273072747313414,0.1495192363556497,0.3973593538828471,0,likely_human,1.0,0.273072747313414,0.4160676722528792
UCMVaHHhVKI5cl7G78Z_O22A,-1,1,1,['b0b1e007fa81fecad62d8474f47a1efe'],0.43042804632376674,0.27307056768400495,0.1421711232677415,0.4985613172112003,0,likely_human,1.0,0.27307056768400495,0.43042804632376674
UC8ESFLyiIFsI6EBf85P56oA,-1,1,1,['87196c7e6a02b099b8482adf00ef17f8'],0.40426266529048893,0.2730640316030508,0.20084549263438187,0.5015847266128229,0,likely_human,1.0,0.2730640316030508,0.40426266529048893
UCqad35Os-C9NLpU0aJOCp5w,56,1,1,['2ccb49536ef393e62fd190188e584f5a'],0.4013223117186864,0.2730024444322482,0.1723140555528968,0.4608296764437053,0,likely_human,1.0,0.2730024444322482,0.4013223117186864
UCmJ_TuxReEkprZcvONBa3qA,-1,1,1,['21265bee19f80e6d5f538ec177e746ed'],0.44427205134958525,0.272977071336826,0.15186897354781703,0.41298180373999777,0,likely_human,1.0,0.272977071336826,0.44427205134958525
UCYr8i1voTbmCV21geXBdmAA,-1,1,1,['4b5008ebcd8970dcd069a149c48ac654'],0.4564823546902488,0.2728915521120635,0.1582066196557241,0.3463952951842223,0,likely_human,1.0,0.2728915521120635,0.4564823546902488
UCO4lzsIZerqVySpntnyCliQ,-1,1,1,['154ed8931f770f84ec2602349fdbb82c'],0.44220272438772573,0.2728860707636406,0.12048217617961042,0.4952639119138699,0,likely_human,1.0,0.2728860707636406,0.44220272438772573
UCkJOjnpd307_UqbwX7SgHuA,-1,1,1,['09359bc840c36b8e68f2681b063c1323'],0.40040341416299086,0.27281955548246595,0.21188769179671538,0.48351001669739757,0,likely_human,1.0,0.27281955548246595,0.40040341416299086
UCr1gJhjOPjllykghxCfxXgA,-1,3,1,"['8ed52025798293783397f6fe9c36c0e5', '6a8b8c3c90c7a994a70bc288a4ec391e', 'fddce5241246c05b6f90934e9bae0106']",0.40954372056543625,0.27281332635391,0.18006908701974736,0.5074551968093266,0,likely_human,1.0,0.27281332635391,0.40954372056543625
UCuGAccKAO0csFFZSAavlXyg,-1,3,1,"['8f6c570e02d6faf1b61773104b1789fe', '95aea4906571e1c869de912875a8dffd', '432404baae6bba50e7b2a674f219c81d']",0.4169924184451081,0.2727920946821326,0.16638767786565253,0.5044969491577117,0,likely_human,1.0,0.2727920946821326,0.4169924184451081
UCZKyIe4CIFHs4xeXX3t9BKw,20,1,1,['6ff6e117297895e7033958915d8a2ab1'],0.4056844457601342,0.2727697668824799,0.18314632112305831,0.43188943980517536,0,likely_human,1.0,0.2727697668824799,0.4056844457601342
UCWKPZ3_pBmCgqtL7bZUsxUA,-1,3,1,"['655c5acfeb36bab5d370a0b82c620f93', '32207b245278c6494e4fa9157b057cb6', 'abd1286ffe9b7791e531a59aeb489368']",0.4132926219318816,0.2727598925367559,0.1512595839741632,0.553863185287427,0,likely_human,1.0,0.2727598925367559,0.4132926219318816
UClg_2zvYfKFr5MLxvxClJKw,-1,2,1,"['dc2ba1cae314112fa63a150727cd5d1d', 'aaaa9e0783e5e6c212552d4f5c2025c6']",0.4291788775383766,0.2727547307265042,0.1885783522664826,0.42403705263423297,0,likely_human,1.0,0.2727547307265042,0.4291788775383766
UCK0IlKDKAs3UNATPZCX7fEA,24,1,1,['e55a0834ac95e7f01ce52f08fe1a42b9'],0.40412594102024857,0.2727353201229615,0.17720765603664232,0.45410197773196914,0,likely_human,1.0,0.2727353201229615,0.40412594102024857
UC6wg3TWQEz_GspA4sXaGkQg,-1,1,1,['42d5d3ff5bd78225d458f341ab1f6c38'],0.3677471511496304,0.27272146435557415,0.25728094974002025,0.5671856826625424,0,likely_human,1.0,0.27272146435557415,0.3677471511496304
UCesZllRBquffsvxAJTVqilQ,39,1,1,['f3a5b0e15d58be1313a8a6cab4d250ae'],0.4145656265874394,0.27264504130769995,0.1690972461370262,0.4260364844176401,0,likely_human,1.0,0.27264504130769995,0.4145656265874394
UC0kbGM3GWc9qgUgk9f271Xg,49,1,1,['6475788e5226f98cb22a1035991600b1'],0.448288215461791,0.27261982497467435,0.12763653865848343,0.3200352795380333,0,likely_human,1.0,0.27261982497467435,0.448288215461791
UCcD_8x_nZWrAUNJjNtKhZiA,-1,5,1,"['28865141fd2f9cfc97dd66d040438b3b', '5f07d068b25b1c22013020b93e8ea50c', '330e36d3909846e891b1cbae081f8aa8', '28bb9533ddc31a5aa722f778d0ef6bd6', '3ff31bb9f69d9e7a6162cfe108145856']",0.39388033352169766,0.2726037727130126,0.1870562304252173,0.561503079492767,0,likely_human,1.0,0.2726037727130126,0.39388033352169766
UCvSdknes7CWqms1z9mlFXxg,-1,1,1,['c5791fb5e9234ecd757f386583f58846'],0.4373916134906787,0.27259120640487355,0.14234131470764796,0.4596525527814496,0,likely_human,1.0,0.27259120640487355,0.4373916134906787
UCkKO1iXODdNJ6hqmGOtCe7Q,-1,1,1,['9ae460ef14a446b6a5e5806a909d18eb'],0.45242560627874806,0.27252551379896317,0.13827120297687368,0.39529980766691214,0,likely_human,1.0,0.27252551379896317,0.45242560627874806
UC382UTo_zc0SBFrERqmIFJA,-1,1,1,['3709b37d1a3f2de0caaf831a2b1bc328'],0.3809841913998202,0.27244012520039396,0.21307275263849806,0.5860149654131456,0,likely_human,1.0,0.27244012520039396,0.3809841913998202
UCdf4M7MbyzTtfX_-1AbJcVg,-1,3,1,"['6d9afc14e2eb36a168fc7f95f102676a', 'ae305d8cf76512ac988b2c5a8bcba952', 'caf9adf67729cd23d9b15e140ad7ea77']",0.3859488969868603,0.27242265999751625,0.19616350634393923,0.5763008729715219,0,likely_human,1.0,0.27242265999751625,0.3859488969868603
UCYSiE9OusdEtW_UuxikglAw,-1,1,1,['b2c226c9838c9ce21eaf5c0473dd02c6'],0.3952034795675812,0.27238544527882813,0.2104977987483924,0.5227626843317303,0,likely_human,1.0,0.27238544527882813,0.3952034795675812
UCAjHP2HBZCVKBwndrNfUj8g,-1,1,1,['7fa0a651517cc702436d24af9383342b'],0.4064626707542458,0.27230037878535285,0.19740803729280673,0.47915571373962684,0,likely_human,1.0,0.27230037878535285,0.4064626707542458
UC7kpvR1Sp3DGrTnMVu-drhw,13,1,1,['e98eca775154453a0dfb62e677ebcabe'],0.42010456034495147,0.27226328545031314,0.1546465599599568,0.387384142519511,0,likely_human,1.0,0.27226328545031314,0.42010456034495147
UCLEiXEEiM24CmsryDtUoJnw,-1,1,1,['c709e32bb67c919638cac866e7a7c689'],0.42334526297469643,0.2722609117012476,0.18138452035439911,0.43780017598071264,0,likely_human,1.0,0.2722609117012476,0.42334526297469643
UCKrsiva2s0vX_bKulF858SA,-1,2,2,"['434c9f0f8e27d7eb7a7eb91146d08791', 'b48045d29b041d1c4f504f2d9ddb9cd6']",0.434338785407064,0.27225837534789454,0.17052242560428874,0.4138645740379405,0,likely_human,1.0,0.27225837534789454,0.434338785407064
UCTeN4kQlvdLHVXZDJr-hQRw,13,1,1,['e62f51b05f2fa718626e884c9818a248'],0.43104505122548975,0.27217504881382676,0.14117339270083556,0.3641730555238695,0,likely_human,1.0,0.27217504881382676,0.43104505122548975
UCbLadsYPkZ7YXBnAoiAr0Ug,-1,1,1,['076b0110c941b7386b1e1f373dbe514e'],0.4491284398631282,0.272125746342623,0.1299951408570585,0.4307094239508964,0,likely_human,1.0,0.272125746342623,0.4491284398631282
UCqlj0G1-oYEOWgIzFfUZcbw,-1,1,1,['e8818d90d16e8ff4226296c451ab70c4'],0.43547125223021177,0.27202598968464065,0.169408621935864,0.4023024994652809,0,likely_human,1.0,0.27202598968464065,0.43547125223021177
UClGOyXpVHyeVqCIdG-Yr6yQ,-1,1,1,['89793f0cd7f1fdcf1c66a6509b432681'],0.4057749573569796,0.27202116108109636,0.20733724316685145,0.47409470808835397,0,likely_human,1.0,0.27202116108109636,0.4057749573569796
UC-QoBV8jqLFzXCWS0K9o31Q,-1,1,1,['919c382ac202726bee24da73b49038ad'],0.39995923862346333,0.2718626720780593,0.1971289122570831,0.5006260982055613,0,likely_human,1.0,0.2718626720780593,0.39995923862346333
UCHWn1ObdEXTuOkPzQjHpuwQ,45,2,1,"['7b0d2dc096802c006cc6f0648861388e', 'b15782bc8c4b14020e5e032abbd8675c']",0.39258296222844385,0.27179321602204903,0.15620165464660815,0.5318924979459843,0,likely_human,1.0,0.27179321602204903,0.39258296222844385
UC0z2D_xBWlmAdeAuGJLdDmw,-1,1,1,['746f2a340b194c453c3efcdea592ce95'],0.391585782220464,0.2717206156038712,0.21392825096616855,0.5092287021023032,0,likely_human,1.0,0.2717206156038712,0.391585782220464
UCg7CiXEothZm35NJWLKGb8g,-1,2,1,"['9070b152c219d434466c35957e190c5f', 'd07d4539aa4f5ba45f65fe53c3eb56e7']",0.44266214939841975,0.2716154696782094,0.12777689627208358,0.4638389291211843,0,likely_human,1.0,0.2716154696782094,0.44266214939841975
UCoj65W_m3KC0PZnMDN2AWPA,-1,1,1,['7ff908b3eb3ac359301da2e309fd1226'],0.4632095580879551,0.2716137207806522,0.12371813828672093,0.36975195380582626,0,likely_human,1.0,0.2716137207806522,0.4632095580879551
UCzjkMxm9IPPEvzwKZfMqTYg,-1,2,1,"['ba917f062b4b06d5480751c996db7be6', 'b8a824b3591c2ac52bb10c517d406a97']",0.43771526481432543,0.2715546792588435,0.12299705447483154,0.48684863130282685,0,likely_human,1.0,0.2715546792588435,0.43771526481432543
UCi8OYgK7CSoH8qXinm0fqnA,39,1,1,['a8f90fb66ce323476cd2d0ed10aba7bf'],0.39677773793615345,0.2715528881247255,0.2032658005162455,0.4193250578434906,0,likely_human,1.0,0.2715528881247255,0.39677773793615345
UCpxBaWnpiApe9rHmUgRJhow,-1,1,1,['29d11d67e9e60ef5e835fe5794952f0a'],0.4215175565956806,0.2714338803549937,0.16539356777702377,0.4745238070881508,0,likely_human,1.0,0.2714338803549937,0.4215175565956806
UCd0FE0D79RXOEKL0eEq4N8Q,-1,1,1,['ad5c7cf96b4618cf01467a456cdb6058'],0.42568158016984387,0.271242841050519,0.17377543120102878,0.43728351792800335,0,likely_human,1.0,0.271242841050519,0.42568158016984387
UCJDswaXOLl-d4VuN60Km-AA,-1,1,1,['c2280209db1d09c96fa9d75ac95424c6'],0.439270403063097,0.27120443306334724,0.15642961941707564,0.41009127977416837,0,likely_human,1.0,0.27120443306334724,0.439270403063097
UCpfWvc2m3yckLPf0XUGlfrg,24,1,1,['5e2ca56539afe302a7929a43ad954d53'],0.4315539660297743,0.2711720651952195,0.13331429249702598,0.4087625779457035,0,likely_human,1.0,0.2711720651952195,0.4315539660297743
UCQwiKashQSpZkVC0OynwY1w,35,1,1,['b619ffea7104dfb3ba9b802ab76e2dcd'],0.416994001579548,0.27111846173605225,0.1579122907634658,0.3547554652836561,0,likely_human,1.0,0.27111846173605225,0.416994001579548
UCRXtKKpn7VlNNSmnjmAaZ7w,13,1,1,['3cd8ebf32fa6fed04d13d530ce3db25f'],0.40843974095747504,0.2710852638468155,0.1829710877241761,0.3758387321439545,0,likely_human,1.0,0.2710852638468155,0.40843974095747504
UCFPZCMx2zMjSQhrDkuNKcfg,34,1,1,['58d33505339264008b63176fae2568c6'],0.4197547751901088,0.27107746630501395,0.14414613963311002,0.3672602747174193,0,likely_human,1.0,0.27107746630501395,0.4197547751901088
UCRpXRC30ayPKDRvr6wcGVjA,63,1,1,['d6846904076e84f5eca6787b1a78ba3b'],0.45389998987026564,0.2710386226782501,0.12188993341835098,0.3200940562865573,0,likely_human,1.0,0.2710386226782501,0.45389998987026564
UCh9zOCf6QNBhdUWNprco99w,-1,1,1,['b3d1cabf6f8b2348aea9673a02866321'],0.4014525267577099,0.27103537702980485,0.20743602906594694,0.4732312500705187,0,likely_human,1.0,0.27103537702980485,0.4014525267577099
UCQqcv0y-maAXqHTvwWxqNww,-1,1,1,['215050bb6fe76abbd920c8a560e39904'],0.43445416049201413,0.2709093878438774,0.16673034215210603,0.40858320567034606,0,likely_human,1.0,0.2709093878438774,0.43445416049201413
UCbRQgJBRuLW3jIdTos_-rBQ,26,1,1,['ce23df0cc921da7bafacca61d591a46f'],0.3396127295570698,0.2708776213428245,0.22508618635317598,0.5971303312539502,0,likely_human,1.0,0.2708776213428245,0.3396127295570698
UChEFanzegbn8wiN-3twX2zg,-1,2,1,"['cd2e6975889a8495361fd8cdf72b628d', '7eacf8a55c827df08c77a6bf94f69e64']",0.41463572171859053,0.2708345838548155,0.18355145973649334,0.45698790100972275,0,likely_human,1.0,0.2708345838548155,0.41463572171859053
UC4hS9xn8lO-J6vfo5C0Vstg,-1,4,1,"['b7cb7a87998287efc3a9cc53a9c84d15', 'db9be799318aff46ed2047d41313e5c3', '424670be23700094ebc588d68f447d91', '6764acafbac2198d513cbb69be133f9a']",0.42274388258482243,0.2707085148281909,0.1574748509429529,0.47768478547657306,0,likely_human,1.0,0.2707085148281909,0.42274388258482243
UCQco2Iu_l-8S2sViqgPdrQg,-1,1,1,['19459f0b6d7dd9f4d442961e560747df'],0.43416113504275367,0.2706905428162677,0.1739999329229523,0.3896320462610035,0,likely_human,1.0,0.2706905428162677,0.43416113504275367
UCqzeJcNs9xUaq1RGmDQXy_g,-1,1,1,['e161b0c491cf9ef138a90a7fd7c52549'],0.4472755576561621,0.27054080518446966,0.15104502791472962,0.37484515837552435,0,likely_human,1.0,0.27054080518446966,0.4472755576561621
UCTGne6xF1PH_a6VgIuw8OKQ,-1,1,1,['08122b666a27cc2660f3e7f069045be4'],0.4264519580699856,0.27043281922242174,0.19070320456523693,0.38251671943749316,0,likely_human,1.0,0.27043281922242174,0.4264519580699856
UCCOJlwyZ6M4_VNPGAggxruw,-1,1,1,['1c27825a185b4e375f34b06478a1e22d'],0.4087925009864861,0.2703922365435305,0.17998500323149713,0.4840754119232782,0,likely_human,1.0,0.2703922365435305,0.4087925009864861
UC8imZtAF0buqlVTH6w6h4Cw,-1,1,1,['5b36762e7716eca9c4c3e81d63367d20'],0.4235640457680877,0.27038868582447634,0.19248404418596676,0.4240309033726162,0,likely_human,1.0,0.27038868582447634,0.4235640457680877
UCsF1DnT-8en_fZiMYp_ArmA,67,1,1,['2a18fe6edace69c72c47602e416e339f'],0.3887771535117159,0.2701587356260716,0.1965532109349875,0.42454975779623433,0,likely_human,1.0,0.2701587356260716,0.3887771535117159
UCbZFqx3zOO5jzvwQOQq_NjQ,-1,1,1,['69c15fe0dfb09ea2facdc8bc44936f61'],0.4219423291215673,0.2700704953757788,0.1774552820128926,0.42807735090757454,0,likely_human,1.0,0.2700704953757788,0.4219423291215673
UCC7ZZ6AAWs4LHOZgUabfMhA,6,1,1,['a38ddccb4e70554df15366bf9c0200c2'],0.40594682355748035,0.2699504891892939,0.1874935944834619,0.40277399156770893,0,likely_human,1.0,0.2699504891892939,0.40594682355748035
UCObSGiTmuWPJFVi6Xpd6cHQ,38,1,1,['f7384cf6f3be651c3380749949c2810e'],0.38165322800311074,0.26989833153252735,0.17255404815337816,0.43713767836758866,0,likely_human,1.0,0.26989833153252735,0.38165322800311074
UCKQwpfig6T04joWqC2_HvFQ,-1,2,1,"['4ddf9f0373b21707959ed485e6cf6aac', '4c6698880b4054949514df2a301b46a4']",0.39083041123547757,0.2697958234435852,0.17465204835187942,0.5729727222223452,0,likely_human,1.0,0.2697958234435852,0.39083041123547757
UCWOW9nXbn1mO0UkQSGkrLeQ,-1,7,2,"['face3bb1ce6d929ae0029593b1233db9', 'be371619b182dd0e21e1cbaa6a82785e', '05bb64732e159be117d515172d3f5dbd', 'fff35ba9859e86729976fdae45976414', '356c1f3ec05a539a8fe9e074ba787e35', '7828f9f3073a94db84ca5023702f3e35', '16135326becd867d3d5343aa936423a5']",0.41072293716592173,0.2695158949248927,0.1486700872719523,0.5389260072727207,0,likely_human,1.0,0.2695158949248927,0.41072293716592173
UCA7f5qzRdOb1Xf8OiVlPvug,-1,1,1,['57d6e4898609c8eaa0e7095b464b112b'],0.4385032806586948,0.2694746453194088,0.15592606363511524,0.4119070400918351,0,likely_human,1.0,0.2694746453194088,0.4385032806586948
UCyDoZcHQAcx6EmdjKK50JLw,-1,1,1,['533362257adf4ea97bae64947594c6bc'],0.4224710084714042,0.2694394237576013,0.16585907245584364,0.4495190759242456,0,likely_human,1.0,0.2694394237576013,0.4224710084714042
UCLeSSatpJ9-I1mAfrWbMODg,-1,1,1,['ee8db9072dfb19edcef84ecb8b8875bd'],0.43037235270878155,0.2692797562734368,0.17543011982416312,0.3962860354772543,0,likely_human,1.0,0.2692797562734368,0.43037235270878155
UC2arOYlRJOw_3L58Ygs9U1Q,43,1,1,['393380fce28bd3f1d6792957bcf8bdb5'],0.4251223768255661,0.26926637492025396,0.11919706012990978,0.32214240683780965,0,likely_human,1.0,0.26926637492025396,0.4251223768255661
UCa2x-ifN-0XlOn7y6jzvXMA,-1,3,1,"['219388e2937bc9b4d11a0d84fbb73d6e', 'd848e207bc13a3e66acc34505f094cc7', 'b4d79966f6c25ce6404e317fcbb7e48e']",0.4215586236175095,0.26922760077077607,0.16977404070674176,0.4400162691371431,0,likely_human,1.0,0.26922760077077607,0.4215586236175095
UCYAtW2xXlR23de1UcqpamSA,-1,1,1,['26667f26b3aa1bd54dc94cbe47ddff4b'],0.42403754210545624,0.26917563288786067,0.1658482058831241,0.4357577099039135,0,likely_human,1.0,0.26917563288786067,0.42403754210545624
UCb9BIXjzeMCb8pSCv3wTCUg,-1,1,1,['8794c989d760c875f21b71a4bc1cba21'],0.40377110195529375,0.26915435631934104,0.20317414131961942,0.46021276403273875,0,likely_human,1.0,0.26915435631934104,0.40377110195529375
UC3QP_ZDjHLjj_jxsTOR_d7A,-1,1,1,['0334626baacf84eccd6e0cb03cbd24ce'],0.4480556063158497,0.26909341269459236,0.12080581454074366,0.41837860828865236,0,likely_human,1.0,0.26909341269459236,0.4480556063158497
UCZxM9P_HHiBCuRTszAmC4ew,-1,1,1,['10f5e80a0e9e3a89b91ed3c1f22f1d2f'],0.3994408966349987,0.26906939134527746,0.1953892744671184,0.4936726209506822,0,likely_human,1.0,0.26906939134527746,0.3994408966349987
UCm_PR4oVL-yyehwIsblNtmA,-1,5,1,"['ba0cd286019011ea9eebaadd2dfc7a5e', '45340565666c010f10ac101baa7a97e7', '4ce007681d0dce80cbf3d99563614866', '2457bebd2e6f22d52c27f39df46ca31c', 'f863c4de14a69f1d3a88adb7206d13d0']",0.40695685981286267,0.26905616678021654,0.17122035654604964,0.501013036435852,0,likely_human,1.0,0.26905616678021654,0.40695685981286267
UCN1kX34IOPrcbEyobG8mq9A,46,1,1,['477795ff77dcbf390ed07b017e7e745a'],0.4359750497927283,0.26902787069966255,0.08764372529309282,0.38418365342386745,0,likely_human,1.0,0.26902787069966255,0.4359750497927283
UCMKQeBCAUMiqjp_6g7ePG-Q,-1,1,1,['86e508e596b0e9546e3d52e06c732b3b'],0.38307157459977415,0.26886021077952216,0.22809665847974545,0.5113425692837686,0,likely_human,1.0,0.26886021077952216,0.38307157459977415
UCpvw0nD3fQWUtye9lAeH56g,-1,1,1,['4c80088bd6185f5e7081fa984a3a28b3'],0.4381341356772831,0.26885724730940075,0.13987627354559878,0.4182889928260689,0,likely_human,1.0,0.26885724730940075,0.4381341356772831
UCXj_fzZpAWhJYo53I_uR4hA,-1,1,1,['5cf45a770aa202bc76e78dd9b9c92e2f'],0.45521684029598886,0.26880182941422115,0.1250577824449912,0.37631608230113744,0,likely_human,1.0,0.26880182941422115,0.45521684029598886
UCYGUC5g_ygmA866qVgH8ZOQ,-1,1,1,['499c76013bc8f6b21681f27ec2719d2a'],0.4284543223080084,0.26878650844316065,0.16628615051607507,0.4165959130250507,0,likely_human,1.0,0.26878650844316065,0.4284543223080084
UC0vwa66xRWRbsUg2aAoHIzQ,42,1,1,['d6fab1a69f6ce2e40397f9931ef08ae2'],0.4346185388784487,0.26876662906301463,0.12634786904111586,0.36929105631838827,0,likely_human,1.0,0.26876662906301463,0.4346185388784487
UCFM8V_8DgM-NQVu8hU77Gwg,-1,1,1,['32b2366cea48e7da0635d0825436c1fc'],0.4171012609344985,0.26874958732967125,0.19080350663129228,0.4089125873048445,0,likely_human,1.0,0.26874958732967125,0.4171012609344985
UCRTrMe3_Awuih01r3hpr3pQ,1,2,1,"['2e67eb9a37d56596480b0c9322fd0417', '0e725bd675f54f923ce8c36b5ec223ad']",0.40955352894951835,0.2686529834647216,0.152339064193364,0.4154428776361824,0,likely_human,1.0,0.2686529834647216,0.40955352894951835
UCBSAKLB-c_oManEJjmT9vfw,60,1,1,['32231476ab4df145c64e20eb04985841'],0.4121536015038913,0.26860820484930015,0.14290088370329193,0.43946662316334895,0,likely_human,1.0,0.26860820484930015,0.4121536015038913
UCH2BsoJgBI7-IGIAvVFMBpA,-1,2,1,"['8dc9082138788dbeed62e6bda93c78a0', 'e24c0d68703e619e2f3e8a02507b85be']",0.3951212457187355,0.2685252160538564,0.17142582323946468,0.5486380769461994,0,likely_human,1.0,0.2685252160538564,0.3951212457187355
UCjq7IDWM-1aYMNM-UErNacQ,-1,1,1,['e33dd9b709de94ce54eee05d67bd9956'],0.3664513777833215,0.2684421025047695,0.20561177881527795,0.6052273044213462,0,likely_human,1.0,0.2684421025047695,0.3664513777833215
UCCE84flXnIZlJGYyoeYm0Fw,-1,1,1,['860d032ef18e0ced45096dd120256f95'],0.3930303236632839,0.2684080043711313,0.20447329493406624,0.4909778071039754,0,likely_human,1.0,0.2684080043711313,0.3930303236632839
UCtAGTy02pD1iVWcXaHz9QLA,-1,3,1,"['19230696a0941bbeb31577ed3c1473ed', '66c69978b04a22c38a7944c24f742fdb', '1f623830e2b0baba3bfa882d44ff6b50']",0.4154641954795832,0.2683120362036436,0.16709861347843258,0.46192244616117306,0,likely_human,1.0,0.2683120362036436,0.4154641954795832
UC_ZW4nbHwymfiD0oQYbf3KA,-1,1,1,['1c4b4b8cc09648822eb0b66fcd902dc3'],0.39423432046864304,0.2682980821533948,0.19949551526338094,0.4927403323431015,0,likely_human,1.0,0.2682980821533948,0.39423432046864304
UCUlGUkYCWFIPOWc4vM-rR7A,-1,1,1,['0e81ec9298e81439ce5b773049b9f61f'],0.4227294698325825,0.2681947124296149,0.16342046574857116,0.43494439650636935,0,likely_human,1.0,0.2681947124296149,0.4227294698325825
UCFHv65dS4zeQswsbSEmHauQ,-1,1,1,['a00dd66897230fb763bf45d7ca9fa32f'],0.39303963658198493,0.2681779716631736,0.16463758741200643,0.5736510541031887,0,likely_human,1.0,0.2681779716631736,0.39303963658198493
UCUWIhAOVWv8U1wIg9F5FrXw,-1,1,1,['13d6e4c69749e43853604b988c723f97'],0.43207107980184245,0.26814306497293716,0.1693536463861927,0.38692967383740906,0,likely_human,1.0,0.26814306497293716,0.43207107980184245
UCHhy53KqcH-SCMl2oeANxBw,-1,2,1,"['5812ec30afff63014fe6485986729831', '4988f72303dfac605923364957461259']",0.40402830838136455,0.26812429308154057,0.189386982334877,0.4807320379931902,0,likely_human,1.0,0.26812429308154057,0.40402830838136455
UCZEz846YsD5enxyuGDYa9-Q,68,1,1,['fc6c94702805f2a137806fcb644c4685'],0.37198945257186466,0.2680435369803416,0.18693061559908292,0.4720398053877199,0,likely_human,1.0,0.2680435369803416,0.37198945257186466
UClg8yqkCdU08gDcy4HDA5kg,-1,4,2,"['a4a7b772087a0b5c1812974a7eed3e3d', '0bf73d21d77a18db9d76828aa808071e', 'c8c8d25c6bf0a6be5b42b03d77a59cf3', 'f1bdc5d85db632aeb8820368bb6f9d74']",0.4158433064667971,0.2680162021883001,0.11376692021186575,0.5744456944673277,0,likely_human,1.0,0.2680162021883001,0.4158433064667971
UCRLnvLn-3iNp_7v9j7sUNiA,-1,1,1,['ee1352dcd63a209bb997850ec586a9cc'],0.43210419313031256,0.26800697274390817,0.16419900461929124,0.39315927837523607,0,likely_human,1.0,0.26800697274390817,0.43210419313031256
UCR6SPvkd-ejn2pCxRV3PDvg,-1,3,1,"['d50a405b162a530d7804880ac1539e51', 'a15fb15ee41f7b881057c5a2cfc118a1', '309ab2893b37c6764bae823cbcdd0d36']",0.3885194117991886,0.26800550820213853,0.1660290260828123,0.584363122486912,0,likely_human,1.0,0.26800550820213853,0.3885194117991886
UCluhTevgKYVDAeJlCfEeYbw,6,2,1,"['bb7ba1e3cda536cfd5c74e1ab2fcd093', '8f17c995a1e62593697bbabf37733145']",0.41194100417836066,0.2679718328070667,0.1664115974524943,0.40032927665034296,0,likely_human,1.0,0.2679718328070667,0.41194100417836066
UCPoptHd-JgzKhTGSjf11Ebg,-1,1,1,['7604cc00b5a6b30a754d2ab8789c99c9'],0.3960940372852566,0.267954671319207,0.20349922313190077,0.47326665922053757,0,likely_human,1.0,0.267954671319207,0.3960940372852566
UCjpLHyR0XNFLG9PZsDLSe2w,-1,1,1,['eae38976cfe5555ba805fc4092d3b27e'],0.41281083580315364,0.2678056699799173,0.17950551334575526,0.4402684236931491,0,likely_human,1.0,0.2678056699799173,0.41281083580315364
UCEmEHlM4Hg7cG6fz8e4nOIQ,-1,1,1,['d0918f000ad6d2f648eacc91f9a6e9ee'],0.4267127411509398,0.26780008291446195,0.14790267754456887,0.4524325331896255,0,likely_human,1.0,0.26780008291446195,0.4267127411509398
UCwjhUspSQ_LYD-0s4HXiWMA,-1,1,1,['5187b40400464ee9592468249baa8642'],0.4670736841795069,0.2675613646163703,0.11122114460603112,0.33778670838781644,0,likely_human,1.0,0.2675613646163703,0.4670736841795069
UCfSBaAA2CHybv1x2rSzYXAA,-1,1,1,['869bae16dd235046d44557bfeb118d98'],0.4032286546525825,0.26738717104866133,0.20002329008205094,0.4406908532070988,0,likely_human,1.0,0.26738717104866133,0.4032286546525825
UC-QIg7QxeliS8GGhDCgmqmw,2,1,1,['5517a80caf53b420df5c3fe88dfd3f49'],0.4177724736986759,0.2673341577441942,0.1549684293431563,0.3960214050459888,0,likely_human,1.0,0.2673341577441942,0.4177724736986759
UCDg1jn0HmcGxnt4q6b1i02w,-1,1,1,['3ea14b2d1ad7b9a52883496912871ed4'],0.3885515291349732,0.2672299697154106,0.20237244620246156,0.49732585666779117,0,likely_human,1.0,0.2672299697154106,0.3885515291349732
UCNO367Iyb8RxY7YqTCGz9xQ,-1,2,1,"['6d141dcd2847c4599ff6f64f09628a2e', 'd3a8990f0f1d50d0dd09bdadfa14c696']",0.4089994526049896,0.2671185268358605,0.1806808060261795,0.4532064226117267,0,likely_human,1.0,0.2671185268358605,0.4089994526049896
UCgctZngToMGlfc0V94HW1dw,66,1,1,['8ea847fb3dedecf81d7561acb3e71083'],0.4221864749490093,0.26695747361353867,0.11200437388736716,0.4370963401164858,0,likely_human,1.0,0.26695747361353867,0.4221864749490093
UCppAfqzC7Rc0qRPgyYrNgCA,-1,1,1,['71f3b75686a67acc05f59eb3ad91c32a'],0.41771869713869464,0.26693550025366375,0.19066838908837377,0.4024814524998599,0,likely_human,1.0,0.26693550025366375,0.41771869713869464
UCNeUoigo5PpE7jn_wz4ORmw,-1,1,1,['96a9078a64b2101ea226957ebc9a808a'],0.4098718566639765,0.26687585225116617,0.1833213915228212,0.4366332153529271,0,likely_human,1.0,0.26687585225116617,0.4098718566639765
UCKey20totl_t6Oiu0RZ1YFQ,-1,6,2,"['1818d760b852fd4e164ba69765c29216', 'a777dfeda1f3462443ee8fdad10cf5f6', '8abe95a36fd19b40219dda473c299807', '2fbb2a8b23312e61ff734716705419aa', '7847ab95c72a2d4ce33ae5fd71db0140', '2a56584c78b78d710aa231785391c638']",0.38846199526658226,0.26682916174745896,0.12120037322344272,0.6704243867659058,0,likely_human,1.0,0.26682916174745896,0.38846199526658226
UCdO75BAA5vaHHZU2kZKlnFA,40,1,1,['ad5d8b9a56d32d0d6bbeaf54a32b0661'],0.36595998197750274,0.26670077498936573,0.209341255300943,0.5045774211749448,0,likely_human,1.0,0.26670077498936573,0.36595998197750274
UCJSBPU9bzShM1Vs5WC3kbRg,65,1,1,['cf78f934290f8ad8c13a2216cf630555'],0.44525997688160385,0.2666807891136405,0.1169636606970416,0.32284782876502705,0,likely_human,1.0,0.2666807891136405,0.44525997688160385
UCtKnBGWANjWKY0_jYQUNX4Q,-1,1,1,['687059cd8c2c0118b5743ac200d5326e'],0.4075902534733209,0.26666088919101294,0.19473294007233308,0.44919869579639266,0,likely_human,1.0,0.26666088919101294,0.4075902534733209
UCMt30rzhJLXqzVGZzby-4wQ,-1,2,2,"['6165f7160c0b95cff4893ce7ee920445', '6bb1a2d684d2b8bc22dd765bd4168267']",0.37509513893990765,0.266649449031877,0.20719273274347041,0.549854934009581,0,likely_human,1.0,0.266649449031877,0.37509513893990765
UCIXKGIDQilq3-fVNZy45yJg,-1,1,1,['2384639701fd23fa56934094edf96b29'],0.4405471406074687,0.2666279876873233,0.1529547921710431,0.3600830791484353,0,likely_human,1.0,0.2666279876873233,0.4405471406074687
UC0Jne90V2SbFx85Y8o2-ziA,-1,1,1,['f27fa3d9c74b1d8ad0e01ec20f7ca8dc'],0.40931094448458455,0.2665415923707273,0.18757825302529807,0.42548201839509325,0,likely_human,1.0,0.2665415923707273,0.40931094448458455
UCBPdkV5FsuXI0tH9fKbERpg,-1,1,1,['e1f03377637535704f80c705e43a5a0c'],0.47037672840087763,0.26653096770346635,0.0871013916168806,0.3653539857578456,0,likely_human,1.0,0.26653096770346635,0.47037672840087763
UCRM_7yPpl5DGDV_8rygdTWg,-1,1,1,['5897f79b429d6aa74fd5bed0ea578b3a'],0.4309280018795242,0.26642757671676254,0.14871916808033714,0.40733016965139324,0,likely_human,1.0,0.26642757671676254,0.4309280018795242
UCEy0zZUBzcQZfCh1K-DUamg,-1,2,1,"['6349f848303076812014b102721d8cf8', '8072ba57202fc9906216916c83a3850c']",0.39797655717802977,0.26640165751597833,0.18272709170166238,0.4955576403925022,0,likely_human,1.0,0.26640165751597833,0.39797655717802977
UCIGc_sh0uWZR0W2sjuC9Qgw,-1,1,1,['ec6af15a2030b6429c695268b2b8e54a'],0.40442598485315523,0.2663834404982835,0.17013313471874247,0.4984798709863489,0,likely_human,1.0,0.2663834404982835,0.40442598485315523
UCp3CnHFB0C4ME4in6YZXeXQ,-1,3,1,"['677492f2211894b9273ddd8d901558e9', '86093e4d918538633a82a2d8690c31ed', '81c5bce82864efa65e5af9361f00c850']",0.3835473680819221,0.26638317274069684,0.1929242813921588,0.5377842624513081,0,likely_human,1.0,0.26638317274069684,0.3835473680819221
UC_z-M8C_eUHFc8UC5BNnr3A,54,1,1,['01df3a0bacce4842d39fb3fb6809edc1'],0.4823748644335689,0.2663555775162135,0.06420697226390625,0.2586845721821349,0,likely_human,1.0,0.2663555775162135,0.4823748644335689
UCHibz4GFruWiwJ3bKs_dQZA,77,1,1,['6737af2d68023620b1940d0bd272d4b9'],0.3845281889285479,0.2663495905981605,0.1657639517292273,0.49051358956841973,0,likely_human,1.0,0.2663495905981605,0.3845281889285479
UCQ19NKU8R8iP4dqzv-KbAaA,-1,1,1,['9654d85b6307bc5fd5fac42924138763'],0.42466946350329093,0.26628789101112493,0.15399873214406665,0.4180525522350332,0,likely_human,1.0,0.26628789101112493,0.42466946350329093
UCH3qGRoqmWrw7e0dAxjXacw,-1,1,1,['08b36b2790550986075dc581fb7d5f77'],0.465543699040181,0.2662374317499027,0.09183055027628029,0.3699649395672355,0,likely_human,1.0,0.2662374317499027,0.465543699040181
UCbk6fqksvhIie0_pU_mDOnA,59,1,1,['df664497a6649a45aea6e00ca21360bd'],0.4111647896780531,0.26620869975752487,0.16174612986888573,0.3843960078969402,0,likely_human,1.0,0.26620869975752487,0.4111647896780531
UCyIDkeJJJjZ8k097bSIYLIA,-1,1,1,['c36634a3799c7bc989fb08214e330681'],0.42796966530037484,0.26605501038972434,0.15973563608388452,0.4093260433257,0,likely_human,1.0,0.26605501038972434,0.42796966530037484
UCJa7u8qchf9par8HS9TQofQ,-1,2,1,"['9d14145ee0694a499b2c1effefbb0ae7', 'f8e0e1729e258fed4bc47d5ee21e0fef']",0.4613331408129794,0.26604911973049117,0.10896197309208608,0.348245331555585,0,likely_human,1.0,0.26604911973049117,0.4613331408129794
UClIzhCtwNga1gc7y2njaLxQ,-1,1,1,['f5563652facc7118fdff75b9b3db11cd'],0.4096810348405846,0.26598901234976935,0.15768443006516966,0.5040123924763132,0,likely_human,1.0,0.26598901234976935,0.4096810348405846
UC87QrYltW5kAEz-UyRR11Tg,-1,1,1,['c9ff5374084db8eee4ab0d4a99022a64'],0.4314052550948923,0.26597829268222706,0.13990126117921411,0.4125740881131971,0,likely_human,1.0,0.26597829268222706,0.4314052550948923
UCayFVqYlfMdAFsFFGd8E5Lw,-1,1,1,['9a721f038ac43484dbd048e9e1e35127'],0.39791420315581355,0.2659751402533825,0.18231610384157634,0.4849127508813806,0,likely_human,1.0,0.2659751402533825,0.39791420315581355
UCTha-aeq_QUUdOuW3_YFbvg,-1,1,1,['9ca9267a8e1c38da0c7e8f4620971829'],0.4021065756686766,0.26580473744674804,0.19398898969190156,0.4495130699921541,0,likely_human,1.0,0.26580473744674804,0.4021065756686766
UCcZ3td2fGN8x1H3c7o75ZZQ,-1,1,1,['bd057348909af10c91d019e759335a8f'],0.43354876767290523,0.2656483617936516,0.16115615408553613,0.3637504345227704,0,likely_human,1.0,0.2656483617936516,0.43354876767290523
UCRFCYYp-MXHPGjKMeua4Xqg,-1,1,1,['a50d5d912cec71a4788b14164135f08d'],0.43483344342707736,0.26559187542286067,0.11964926900801899,0.4517935760231596,0,likely_human,1.0,0.26559187542286067,0.43483344342707736
UC5cg1AMc4XPEOgL8s7SC0Ng,-1,1,1,['365585b8a67cecef542682fdcd57d8df'],0.39238823509382736,0.26555998521033874,0.1696418815130331,0.536975417748085,0,likely_human,1.0,0.26555998521033874,0.39238823509382736
UCiFpnsHgl5hZ7tGnl1A77Tw,-1,1,1,['56133e811d8945eb79ffd9c3419fc962'],0.38568780140611236,0.26545856503951204,0.22027253420498463,0.4627762818976622,0,likely_human,1.0,0.26545856503951204,0.38568780140611236
UCtf-taFQfPflj_3WiIjHGug,-1,1,1,['6bdd14dedafa7f3a8367faee05469f8d'],0.41933089799942946,0.2653706874211862,0.17241757520683304,0.4274961687088592,0,likely_human,1.0,0.2653706874211862,0.41933089799942946
UCV5Sbtce4RGak0wT-3G_LHA,58,1,1,['2cdc3162cd26a211618e0affdab5fa1a'],0.4382562198996271,0.2652817570392617,0.10806413068910174,0.3000344665476856,0,likely_human,1.0,0.2652817570392617,0.4382562198996271
UCYJB3AdMFwoqzfqHSQOvmjg,-1,1,1,['18796a3deb4b72bd34f3048b67467ced'],0.3978158382639825,0.2652560209051522,0.19961225995036205,0.4461051488274152,0,likely_human,1.0,0.2652560209051522,0.3978158382639825
UCVLSNttbfMtzFESh4XmXDfg,34,1,1,['ecd4ae0f34b2035e78773bef289ddd7f'],0.3889123645841758,0.26520901481710973,0.1729215869871038,0.39579669681246066,0,likely_human,1.0,0.26520901481710973,0.3889123645841758
UCjAb9PECpot75KraNH2H-nQ,-1,1,1,['23b21fe602fece3c9cfeb0832b8ac319'],0.45955321072836364,0.2651848830467664,0.12045999307277694,0.33465553525400055,0,likely_human,1.0,0.2651848830467664,0.45955321072836364
UCJQKHMwb1Vzfrz59meNnG7Q,-1,1,1,['5640e617e594f32cef5b1387fdfefc13'],0.3897287565061516,0.2651395228849576,0.16015080729849046,0.568777363619387,0,likely_human,1.0,0.2651395228849576,0.3897287565061516
UCPGAkxdi3YBCKlTcY0cgFxg,-1,1,1,['b6e69a4d2086d7b09f5b510f28f4c7fa'],0.43875505562032635,0.26512500542571316,0.14057358990510874,0.3747701421728711,0,likely_human,1.0,0.26512500542571316,0.43875505562032635
UCIZPOOqAs9TpL-rIds5Ej2Q,-1,1,1,['f4b8849823cda914889b1d5df5cdacf2'],0.384921412454745,0.26509899913294244,0.1861087360897081,0.5475080576104322,0,likely_human,1.0,0.26509899913294244,0.384921412454745
UCj-VSksZ3KkN9GeS8gFGolg,34,1,1,['5ba404231fb903c76dba012dbcb529f9'],0.43077099786203865,0.26509804021561933,0.12351398394076471,0.3043427548140018,0,likely_human,1.0,0.26509804021561933,0.43077099786203865
UCOWXz88XBCezFdNJITdVo_Q,-1,1,1,['31a1c0a9b85a32024469237aa106fc98'],0.43773394619412537,0.2650606001983219,0.1643740097180942,0.3509370860874867,0,likely_human,1.0,0.2650606001983219,0.43773394619412537
UCBTkIvYSZuzf0uFKDFa-_LA,45,1,1,['7d7ad514f4b4a4a592326dfdbb7a8244'],0.4272623462187753,0.2650558854560222,0.14311553742467958,0.33541436999613605,0,likely_human,1.0,0.2650558854560222,0.4272623462187753
UCzdKquJB2GNQjJ0KunLHCmA,-1,1,1,['50ea0c36855454a0f9227f77b0664bf1'],0.3663110956018153,0.2649999050488978,0.21871127847667476,0.5503783793423753,0,likely_human,1.0,0.2649999050488978,0.3663110956018153
UCGTJbZ9ONLnF1wT6YGd9Auw,-1,2,2,"['48b0199a54a2649afa941578fa0502a4', 'd11ec8c51f87f13e92e5fa3a7b8d01ea']",0.4024090025794661,0.2649423272422659,0.18929319340793516,0.4470042165076895,0,likely_human,1.0,0.2649423272422659,0.4024090025794661
UCXK4YvhqvGWOTOTNMyYL94g,-1,1,1,['27df676385408fe836ca5403e818f353'],0.4200387657198661,0.2649395600993791,0.16646203595175219,0.4075216839399409,0,likely_human,1.0,0.2649395600993791,0.4200387657198661
UCWYv-hPpl09fZEeKv8yWR7g,-1,2,1,"['0483da4b2fd5baa061df19b8cbb2d658', '306e437dc7f8e9d4e6da0466ad043fae']",0.3994379189035522,0.26487165962007747,0.16883818456368604,0.4893840171744362,0,likely_human,1.0,0.26487165962007747,0.3994379189035522
UCfKyuOzUhwzGhzBBLIogGLg,-1,1,1,['779cb657f904061fab12f860aed4864a'],0.4134646184192885,0.26468231833808775,0.17754668382799324,0.41884181019271327,0,likely_human,1.0,0.26468231833808775,0.4134646184192885
UCoY6D3zqLztpxjqS1rgGp_w,-1,1,1,['0c0f48d281fa85c6be74d2c760fbaa62'],0.3928685907256523,0.26467748681063413,0.1858434739125865,0.503481004733888,0,likely_human,1.0,0.26467748681063413,0.3928685907256523
UCqhxEirRs1Zo4rU9mxHiLsg,-1,1,1,['36e7ab81dd4f8c746db7690bccd7fa5e'],0.38457608474030336,0.2646556820243615,0.20459459849400144,0.49015979161462897,0,likely_human,1.0,0.2646556820243615,0.38457608474030336
UC2K2fZC7AVKpRn5MFaqIfyA,50,1,1,['8afa1ee8ba0490958217ec56bc085cd0'],0.39754705261587386,0.26453683648781423,0.16654845128378942,0.40832494966903704,0,likely_human,1.0,0.26453683648781423,0.39754705261587386
UCszlohf_muJSJAsRZ3du9Fw,-1,1,1,['f4bfef28e57fd3e0f16cfe7d5f62ffc7'],0.43455813272429195,0.26453496068447274,0.1476448696494899,0.3879353706587603,0,likely_human,1.0,0.26453496068447274,0.43455813272429195
UCrod9DLIVXGHeIcq63B-OVQ,-1,2,1,"['539785d4441318338e4516bc9ed0c4a9', '108b01999a6b602a45fedd4db5d1c95f']",0.43253599546254706,0.26452712954800794,0.12282843489541025,0.44169425991286615,0,likely_human,1.0,0.26452712954800794,0.43253599546254706
UCVGxZO1G53hE8y8k00ahapA,-1,1,1,['3c277d4c61f0c08eb843458d1c602413'],0.3806588556280017,0.26443904889816233,0.18855491770268137,0.5352292046405305,0,likely_human,1.0,0.26443904889816233,0.3806588556280017
UCgzck7aOzVCPUf1bsDh8R5A,-1,1,1,['ffd30a3754eac9705caff6e336933653'],0.40355798814145005,0.2643976510722899,0.18460667088957783,0.44542479466000295,0,likely_human,1.0,0.2643976510722899,0.40355798814145005
UC6i_xLK7BWXg1Mx5UNY94kQ,-1,1,1,['a86c7e08027f24c1f1e0764b6b295ba6'],0.4188260979799525,0.26427954098136724,0.15472006057380616,0.43822281304047866,0,likely_human,1.0,0.26427954098136724,0.4188260979799525
UCIeURl4usdr3c6x63aRQISQ,-1,1,1,['62d0626c692b62f67784f6efe614feff'],0.4302423863545866,0.2642048695931725,0.16626991521994508,0.3631487901836877,0,likely_human,1.0,0.2642048695931725,0.4302423863545866
UC3o8Xsw5Go5E3FU17dLlJ8Q,39,1,1,['56bf75ca219ff7e2797c7e35b49b9063'],0.4091562859316054,0.2641817684726161,0.15003696892377077,0.3925525913425114,0,likely_human,1.0,0.2641817684726161,0.4091562859316054
UCfrSpBYlc7Zg4IIjvoMNMsg,-1,1,1,['d3783d420181514badc829745c73f8f1'],0.4208810108513812,0.263966090440826,0.1571113470296472,0.41642185154689004,0,likely_human,1.0,0.263966090440826,0.4208810108513812
UCu8yhbuF_ncNzTHUVcw0rcQ,22,1,1,['6493f0a1be1d46e9f15cd8592290d0aa'],0.3930727826259456,0.2638778467238151,0.1619936813652669,0.43555581891586304,0,likely_human,1.0,0.2638778467238151,0.3930727826259456
UCL_HmsXqD0Bjj-41MQaP1qw,-1,2,1,"['894ad45096135883c14853313129802d', '8f883029b7c341fa5df418d70b9092c4']",0.38222114218045916,0.26342467066020586,0.18624538660405365,0.5276835669535517,0,likely_human,1.0,0.26342467066020586,0.38222114218045916
UCls6_y3uRnFuD_Lm1yJOmxg,-1,3,2,"['cca9677d5f43e52c45e351a3107f7f7a', 'd101ceb7d26e6aed4cb8a598ef9a15ea', '86d953e70f67470d5cfacbe5aef8b559']",0.41505016990467763,0.26334077964304126,0.1604307148766165,0.4367782321678039,0,likely_human,1.0,0.26334077964304126,0.41505016990467763
UCAohOKFoOYq1eFCOJYJzqBQ,-1,1,1,['ba2d17be8f125852ead7c8824031a739'],0.3894046178427175,0.26330290516962906,0.1977810338006099,0.4889625336656273,0,likely_human,1.0,0.26330290516962906,0.3894046178427175
UCPinhXHdLvvpKSc-IYyuvnQ,-1,2,1,"['2bfb1428c09963203c8d0dd504f8a2a4', 'c0d263751750b7c2ef0d21010693ad5e']",0.39527340644662695,0.26316625811301175,0.15841067141362963,0.5289665087377196,0,likely_human,1.0,0.26316625811301175,0.39527340644662695
UCvCCUZdV7XRKN4ly-fTttPg,-1,1,1,['db332c6de842ba6eb4ab937716ac293b'],0.3931956198601329,0.2631571166863392,0.1687426895053322,0.517197408763794,0,likely_human,1.0,0.2631571166863392,0.3931956198601329
UCEioiIdnuSu2NDUyJl4QR6A,-1,1,1,['03db4893fea893a91660641151eb3e6e'],0.3937080835585539,0.2631388172827218,0.18140646688177067,0.48008714105082967,0,likely_human,1.0,0.2631388172827218,0.3937080835585539
UC75-vaybAjzBcYPCX-yYJZA,-1,1,1,['69f334eb134aae2300763c9fadf2a9ae'],0.41257729603063664,0.26313242646427315,0.17864202387886685,0.41837860828865236,0,likely_human,1.0,0.26313242646427315,0.41257729603063664
UCciBHhAty0lwHgN-SIu9b_w,46,1,1,['dbc50a1bffec59ad9080ba57251eeb21'],0.3867849237667612,0.2631029017323818,0.14437156796067743,0.4287599738193098,0,likely_human,1.0,0.2631029017323818,0.3867849237667612
UCGF3QBosPqFw8vclO0iFyyQ,-1,1,1,['4183b642cbceb1c583acbd60d3f64641'],0.4204288952505446,0.2630963507349212,0.1412980855708577,0.43448337702508794,0,likely_human,1.0,0.2630963507349212,0.4204288952505446
UCm3tNGwZGnD4--7KFiZlFcg,-1,1,1,['385a3fe322ae234d7000dc4548e13168'],0.4424749193423401,0.2629153236629157,0.11088099305236059,0.40685968036829134,0,likely_human,1.0,0.2629153236629157,0.4424749193423401
UCMi0pCDwwN_OOQeSda9A5RA,-1,1,1,['df374922e8a0c9c7ec0f475d7efdd3a3'],0.4616334063251738,0.2628194201318411,0.11860947614187729,0.2986205231697991,0,likely_human,1.0,0.2628194201318411,0.4616334063251738
UCNueNsVy1u88HqSUhVUo14g,-1,1,1,['a5b2fdde5a9e8155f72c3dfebd7b1a18'],0.3666617236472052,0.2627132497505158,0.1995065332207408,0.5553462241905439,0,likely_human,1.0,0.2627132497505158,0.3666617236472052
UC8SqVJZAXXm0SXhP_1G7eOQ,-1,1,1,['801a2f080ceb71d1e641ab161747782d'],0.43338515336546457,0.26271290159571925,0.1555126072308367,0.34765671566219347,0,likely_human,1.0,0.26271290159571925,0.43338515336546457
UCQBXCM-ydWDtYyT5kRXYDLw,-1,1,1,['ce2f95e35933b10f91512d9491ce144e'],0.4048566571458101,0.2626570737161153,0.15379665205054707,0.4826565270371744,0,likely_human,1.0,0.2626570737161153,0.4048566571458101
UC6D2Cgn8M1Svmh5NAxNqXzA,-1,1,1,['63b8f66ce1cd5739480ddbd8684211a7'],0.4158438941390532,0.26261886189505307,0.17662529604889016,0.38794110195215675,0,likely_human,1.0,0.26261886189505307,0.4158438941390532
UCxi8Q1XROgtbcE-k3ulq35A,-1,1,1,['23a8028210dad6c205aeb0e5a1121dbf'],0.37470566413411666,0.2625531000393214,0.2080340355844903,0.509616464522777,0,likely_human,1.0,0.2625531000393214,0.37470566413411666
UCCkPFoZrYJLiej2L3qWselQ,-1,2,1,"['99adec71285c14621b742bbc0d75baa5', '3668cd83c28fe3db593d7bea085a45df']",0.3962519010967377,0.26251835494481646,0.17822387667191025,0.4667644955855843,0,likely_human,1.0,0.26251835494481646,0.3962519010967377
UCQ1dWV95Q1LEhxfTxzdorfA,75,1,1,['7dcabd1d0305f775089c6a9ab0558742'],0.43663760996257106,0.2623357836931538,0.13251721320165522,0.28803149893639035,0,likely_human,1.0,0.2623357836931538,0.43663760996257106
UCGQO3h52WMG_6wbGNwZ7YIQ,-1,1,1,['5be471ae31d8ebae5ea872ccbcaeced6'],0.4052366106214321,0.2623004823647663,0.17631033994951711,0.4316878436124948,0,likely_human,1.0,0.2623004823647663,0.4052366106214321
UCdgNeoWh0o3genSWpscN_uw,-1,1,1,['478216380d3859eb7d24e4183bdfda95'],0.38889981640820803,0.26216757465355617,0.19455806039818585,0.4734531193462288,0,likely_human,1.0,0.26216757465355617,0.38889981640820803
UCJzOye5PSb_HkhloMgLc97A,-1,1,1,['24d0e55543018f3814d428f442416675'],0.3934117847770658,0.2620617447730264,0.19678782849182883,0.43769774853733595,0,likely_human,1.0,0.2620617447730264,0.3934117847770658
UC9rsPG16hUG_i_KUFKuwhmQ,-1,1,1,['68b4d7d3312862626a182e4a4c9a07a9'],0.35538223667434,0.2620265409538065,0.17781867012692595,0.6588824277454989,0,likely_human,1.0,0.2620265409538065,0.35538223667434
UCZf4IuOrMBmE2h4Bv_Pp_MQ,-1,2,2,"['f34cea23149b3f7e393190343a0c4558', '4186cf1a6eacaf6a5e2d69ef3a216281']",0.3881886766427033,0.2619018942066803,0.16829562383683036,0.5251113328958502,0,likely_human,1.0,0.2619018942066803,0.3881886766427033
UCzTJBQGJNHKHsbaJAYx8GQw,-1,1,1,['5dfa73f142206389c841de0ba8322a1e'],0.4244896351025017,0.26188869564379147,0.14032585049895738,0.4109278392453753,0,likely_human,1.0,0.26188869564379147,0.4244896351025017
UCW9GErC_5w35FO70k84dwGA,-1,1,1,['cf1793f5f83b391ee8b23625e89666b6'],0.4085659818777514,0.26187969996993066,0.18097697165885962,0.40108961099988927,0,likely_human,1.0,0.26187969996993066,0.4085659818777514
UCGiCaQeiXZYDxLt5m2_9NXQ,-1,1,1,['06fbc299034c6379383f486c7da6da2b'],0.3878877260789283,0.2618218782751384,0.21464081839697724,0.42499263148847044,0,likely_human,1.0,0.2618218782751384,0.3878877260789283
UCTdJEKy-qKbLO4OBJepnI6w,-1,1,1,['ca7b037125b993c1ebb20406169066fa'],0.41243930409282203,0.26168460458747245,0.14848087570482443,0.45256398759671185,0,likely_human,1.0,0.26168460458747245,0.41243930409282203
UCqUyhbJXoOeGNiV1zzO8KLg,-1,1,1,['aa8067bfd323d27195a48c574d0c9812'],0.40340415481826286,0.26162740553073427,0.17219512430066908,0.4422617833014631,0,likely_human,1.0,0.26162740553073427,0.40340415481826286
UCja1jusj9Q3t0412Q4vfq-Q,-1,1,1,['435302066a6e27d5451b1733370a84be'],0.40962829002717854,0.2615537985255897,0.19009274410940388,0.3954871655272005,0,likely_human,1.0,0.2615537985255897,0.40962829002717854
UCJqkZDhGxzQBbuN26fLnCGQ,-1,1,1,['cbf3b338e01c1b20649f37a62edc201a'],0.3591203509406884,0.2615470852373924,0.22631998794367053,0.5501970504288733,0,likely_human,1.0,0.2615470852373924,0.3591203509406884
UCN-gWDXm2CI2vr6TgzP5Yew,-1,1,1,['c5cc214f0db30d5358fcd3875889df7c'],0.38318612799200774,0.2615250189066827,0.19857820354827813,0.4968386374964761,0,likely_human,1.0,0.2615250189066827,0.38318612799200774
UC5-jrbVErrb6y_yHb7ZAkhQ,-1,1,1,['18154ac9233f419eaa6160ff17f5d07b'],0.3888568397874877,0.2614808366600824,0.15892340849650927,0.534395206443253,0,likely_human,1.0,0.2614808366600824,0.3888568397874877
UCp7uk_8sk53CxkV7_4siMHQ,-1,1,1,['32b51f68eb9e5de7b7db9d8b8bd3c649'],0.43884456290383983,0.2614428254192029,0.13342918426498615,0.36885453340658303,0,likely_human,1.0,0.2614428254192029,0.43884456290383983
UCLi15Ba1mtMNvN9nCOJ8ycA,-1,2,1,"['b49572f2c4f6837b2ee62e3280357444', '3aa516bef986f5aa85fb6f403986ec27']",0.3713810809344589,0.26143554892061155,0.18050975958854026,0.5637664811693633,0,likely_human,1.0,0.26143554892061155,0.3713810809344589
UC9HvDLhg8o2PdDJdqKMGJjw,-1,1,1,['7a9ffbd2f4da24bb379cdeef09030c94'],0.39359734859793233,0.26139445650249693,0.18049532572936344,0.45620097615476185,0,likely_human,1.0,0.26139445650249693,0.39359734859793233
UCIgyuDs9pKfxt489bjC1ZPA,-1,1,1,['9b09c0a87abb38a7949f108c4b31049a'],0.41052500063336816,0.26137417304333793,0.16494952261208,0.4277835755265501,0,likely_human,1.0,0.26137417304333793,0.41052500063336816
UCcmm7nxcy4187SwtbcjkbZg,-1,1,1,['150451a7e01b6afc423c3dc9e459b3a5'],0.39353007004368845,0.26134384230511226,0.1779091199490561,0.47380263203656425,0,likely_human,1.0,0.26134384230511226,0.39353007004368845
UC_hFK37Qj24AAkFIthI1JKA,-1,1,1,['1e72a4c1bb0a629415aaa53361e158a2'],0.41882356061018955,0.2613327807034109,0.15603774066038353,0.4123749300569947,0,likely_human,1.0,0.2613327807034109,0.41882356061018955
UC9k9Bfd3ZcuUgFGa04Nqk2w,13,1,1,['b593f396d906b5e277f390578310ebb7'],0.36161389584784454,0.26108310558631764,0.19664561981133757,0.4580258178144915,0,likely_human,1.0,0.26108310558631764,0.36161389584784454
UCFLk9V5RJaoQ2fUcZG_1y3A,-1,1,1,['04dd0a65b85cb55ff34d9622e058fc00'],0.39382796812465426,0.2609239565187427,0.16572647220783351,0.4874685578263963,0,likely_human,1.0,0.2609239565187427,0.39382796812465426
UCONHTA-sxdJ-_OSaVvim8hw,-1,1,1,['88e26d4b4c905ce617b71a7d9a5b28fe'],0.36999771329624476,0.26076879279229886,0.19442305306034904,0.5323689121286594,0,likely_human,1.0,0.26076879279229886,0.36999771329624476
UCUIvXsJ1jUPO1A3L8zN1hsw,-1,1,1,['86fd80c48446d91918fe84b671d1fa6c'],0.37988501985390166,0.2607569391963782,0.2006610863125498,0.47094563555382074,0,likely_human,1.0,0.2607569391963782,0.37988501985390166
UCpp_u6LqqvvTt13cdotRKbA,-1,1,1,['4284cc2e14ef1d518698c74ce5d8d7ea'],0.44587646143703175,0.26064545180088083,0.12770898843238102,0.33389995793807353,0,likely_human,1.0,0.26064545180088083,0.44587646143703175
UC_sbS-l5cATdgMAJBpVdaPA,-1,2,2,"['cfdb156d3ab8aa6535f4ebc11f2d6e6a', 'e95c72b51cce2f2d4f308ebb4c59cb37']",0.4297870475847202,0.2604671941641304,0.08827221648558058,0.48669860549490784,0,likely_human,1.0,0.2604671941641304,0.4297870475847202
UCjqZciFZrG80237qZtFj4eA,-1,1,1,['79c46abf780e2ea9efc1f8447dcc42b1'],0.42695129996903264,0.2603212511860898,0.16032269160771803,0.3570934358866951,0,likely_human,1.0,0.2603212511860898,0.42695129996903264
UCwqoo6P5Aw4GiGm9wan7YEQ,-1,1,1,['9b34c09488ea1e34fabce604df7ded32'],0.38154517364524154,0.2602561358600586,0.18813408598433243,0.500203656276399,0,likely_human,1.0,0.2602561358600586,0.38154517364524154
UC6AL-KMssQRqQJs4OJz4iSA,-1,1,1,['7c388ea103e0ac36f72b49d42c4c38be'],0.37458263234719813,0.2601587749342207,0.21035095507712104,0.48415811316866275,0,likely_human,1.0,0.2601587749342207,0.37458263234719813
UCFGv7LXAbNgLPORuaSVYQHw,-1,1,1,['1be61cc0100f4554e8a244a2b4503ee7'],0.42473158244753206,0.2601073807127293,0.13916872090434432,0.39824438636801546,0,likely_human,1.0,0.2601073807127293,0.42473158244753206
UCZnoe5j6yjwy2Z7j9BDlpaA,-1,1,1,['6f3aabe496da744a1fc67b38e2e8370e'],0.42688054620089133,0.25997888904115607,0.14948625714172184,0.35986786306323093,0,likely_human,1.0,0.25997888904115607,0.42688054620089133
UCIRKB791cffITqtAGWlsFRQ,-1,1,1,['fedfcd0b7e681adca67b05172cd6b1f3'],0.4320322072600288,0.25988596768360095,0.13861954072197455,0.3631212201553784,0,likely_human,1.0,0.25988596768360095,0.4320322072600288
UCd1QZaVMxf7tALCZznrxrAw,-1,1,1,['dd46372ead047ee26b5801523f1d6c12'],0.4050513066516047,0.25970137619005357,0.16404379100518873,0.4212892150405555,0,likely_human,1.0,0.25970137619005357,0.4050513066516047
UCADlBbQ7BfrwzUY0_TIAQDw,-1,1,1,['3e15c06c379e23487741ce853c18e4a1'],0.4086708886422391,0.25967492462054875,0.16976631704287404,0.41260572134013407,0,likely_human,1.0,0.25967492462054875,0.4086708886422391
UC79ItWR_DMfO3OEkXkrlAeQ,21,1,1,['51f6dc5009dc5a5ec73e2f70d74cd9f6'],0.3820043861484962,0.2596426834667401,0.16934691229704932,0.43047294401304254,0,likely_human,1.0,0.2596426834667401,0.3820043861484962
UCoYJQdrKWt6lO9tO1ZSbtAQ,-1,4,2,"['83d45dd35f46f5d53a2d34d224c82763', 'd5de5fedab51663e7480feffc0786612', '415c2194cde82b7db2bae376f10a7cd0', 'f07b6cc7401571dd337f51f98c35bab9']",0.4380386331680824,0.25962945322163516,0.07285163712485915,0.47589340275906766,0,likely_human,1.0,0.25962945322163516,0.4380386331680824
UCeuhSp9SJEaRhJA2zl9steQ,-1,1,1,['8fafe3771b4b13fbb3f1eaac37e63981'],0.44374353517602744,0.2593538598385127,0.11573708066126673,0.35912453986821113,0,likely_human,1.0,0.2593538598385127,0.44374353517602744
UCP31odWRcEMmtMTHs3n9zEQ,-1,2,2,"['f23788644a2bcd07ea32ac6aaaa1914a', '60162fbfbd0d3540eaad8e09f39e0913']",0.3806673569467666,0.25934750424629704,0.19351241012166612,0.48223837503721123,0,likely_human,1.0,0.25934750424629704,0.3806673569467666
UCLxf7BbSIQzwlp-4Nzd76zA,74,1,1,['adc1f716c17469602394bd62f555bdcc'],0.4239957316436447,0.25928155056200025,0.13414072783662248,0.3164523056321583,0,likely_human,1.0,0.25928155056200025,0.4239957316436447
UCoMl_MMFBQ0Fh1HmQjFTxWg,-1,2,1,"['05bfecfb0336eadce577fb39b2e4e44b', '8467c7492dc8c34158985740480f9b80']",0.38287482565450703,0.2592569364117913,0.18360671447609153,0.48240658416632276,0,likely_human,1.0,0.2592569364117913,0.38287482565450703
UCBDd8JxfFQ4zsE5Z9f3MXKg,-1,3,1,"['8f2005fef64e8af621828b6321165ebf', '90c657e4093b67ac7c1a2972715b8fa9', '577084c3fcc0e1eecee9e85f673aab4a']",0.399777945641746,0.2592526602840641,0.16219600234641424,0.4571766061369024,0,likely_human,1.0,0.2592526602840641,0.399777945641746
UCAmzl5SPYY8fIWdXBBW6AUQ,-1,1,1,['c86e5eb5ff37d8babdf182cd38dd1602'],0.39235107291971727,0.259185298896135,0.15005851101805784,0.5015157637454286,0,likely_human,1.0,0.259185298896135,0.39235107291971727
UC-LDRpMjamKrpCaPhXay_Lg,-1,1,1,['e22b0bd18f0426c7f6063bc9c8551d2e'],0.3932931585896893,0.25914784365117555,0.18986983237825777,0.4280036037333902,0,likely_human,1.0,0.25914784365117555,0.3932931585896893
UCBINNR1O7r7EEUXVMi3cgjw,-1,2,1,"['8d0d69e25c39cde7ddfe88244b7591d1', 'acff095ff8cef3cb63c23217d364721f']",0.42844906889828915,0.2589084093053769,0.1320251811928757,0.38425293702503704,0,likely_human,1.0,0.2589084093053769,0.42844906889828915
UCJQ8QBy7XSli8FsAX6Ly2Xw,-1,1,1,['eabfd6c143d5eeb2c6b006c86f934956'],0.41322719386841017,0.2588358461860649,0.15252792186593148,0.40530941952983396,0,likely_human,1.0,0.2588358461860649,0.41322719386841017
UCGk4Z4iQu9nDtPZShvTfH8w,73,1,1,['db3accef6538693d6583c6e863142600'],0.4129142896858144,0.25882131386668916,0.12946049092411185,0.3684121440869533,0,likely_human,1.0,0.25882131386668916,0.4129142896858144
UCP_Z1jD2Bh0zqsfcoKP_BpQ,-1,1,1,['5b3626d538c3c5d176d0e18e0b76ad0f'],0.4168752599346802,0.25867765810698645,0.14946530146962503,0.4013679819025361,0,likely_human,1.0,0.25867765810698645,0.4168752599346802
UCHj_4BISQxWuUDSwq0BIV_g,-1,1,1,['8960ac6913d467c2250c3f6d16c1a407'],0.42946954007825094,0.25853411882968913,0.12352073951801311,0.3974428831878556,0,likely_human,1.0,0.25853411882968913,0.42946954007825094
UCQz8ZKRYzJwQWHobmOeUttg,-1,1,1,['779c4f02da085beb2d71a5995b05da11'],0.4358969012025142,0.25850387566308597,0.11687025014289326,0.3740290138617577,0,likely_human,1.0,0.25850387566308597,0.4358969012025142
UCZxMs5ZqvDerE3U8ApLktPA,-1,1,1,['f0380c5a7358a1aa79ce76eea1e96ecd'],0.4120652376974743,0.258499084040249,0.14303798053571998,0.42912393269293725,0,likely_human,1.0,0.258499084040249,0.4120652376974743
UCktbWiBAir-1bCliycnoCvw,-1,2,1,"['d62a435e03d98bf55d3f00eaa585e8b2', 'd6eed09c5319404424478e569a9e9c33']",0.4036222032143113,0.2584984645492366,0.15340170814364926,0.4523811394506126,0,likely_human,1.0,0.2584984645492366,0.4036222032143113
UCaAmsX5iRyJ27JfngCJft4w,33,1,1,['7ce02fc670fd38fecd2b121e897d3bee'],0.42194223784633966,0.2584873906881813,0.13289728435711726,0.3162892378782431,0,likely_human,1.0,0.2584873906881813,0.42194223784633966
UC8q92gtzMpQuNhGSAXHPM5A,-1,2,1,"['66bd58907979e06b60815b8514331b37', 'e33a24d2abd30c3675dcd1321ec68b5d']",0.44413494467477166,0.25847245851544326,0.1259239361319351,0.32109757590227894,0,likely_human,1.0,0.25847245851544326,0.44413494467477166
UCK1lezxwH0gFmuFslSVxBOw,-1,1,1,['bc9a71755eb2c0c7501dc6f97380f7a6'],0.4351503579817262,0.25842224484399207,0.13525512907588005,0.34568134626760383,0,likely_human,1.0,0.25842224484399207,0.4351503579817262
UCNugrNx7On7tTCWqEo-9b6g,2,1,1,['139472300a4de3b0426960c8c82c16ea'],0.3816430006103573,0.2582951958352859,0.1657930860656826,0.4379433492504583,0,likely_human,1.0,0.2582951958352859,0.3816430006103573
UCMG4vrEq3fFEvxXr_fMiSRA,-1,1,1,['3d20c4da2de27a420b65344dc760fceb'],0.38843031360841984,0.25829145951173993,0.18142219150783562,0.47384084385748687,0,likely_human,1.0,0.25829145951173993,0.38843031360841984
UCHLAmPbFPO62nKpTYHRu4JA,-1,2,1,"['e7df0ee6ac848c0403ac626596395c52', '88f624af3a402a0db2870117336f567b']",0.41322823703459266,0.2582456152871753,0.16746787556771928,0.37778180519751847,0,likely_human,1.0,0.2582456152871753,0.41322823703459266
UC987z3_jAALZ5M_4m3Wzvcw,53,1,1,['e746d083d55f0b4b607ee36d0d7c9db4'],0.393972187022524,0.2581934803282495,0.14014457847758105,0.3850663940022929,0,likely_human,1.0,0.2581934803282495,0.393972187022524
UC-gTR3yDr4UsCLrj0_7T98A,-1,1,1,['1f28c2de0210a0d6ed00a32c91c81adf'],0.43415343918286065,0.25818625150413377,0.1167053345499325,0.3814147039137734,0,likely_human,1.0,0.25818625150413377,0.43415343918286065
UCgpyalyb_FavhdOh76ihGBA,-1,1,1,['f8d0380dbcbbc7950505d84c925f1f0f'],0.3922829683154877,0.25816476059063753,0.15820749568972298,0.48954382121325646,0,likely_human,1.0,0.25816476059063753,0.3922829683154877
UC_I4v1Ny_cVGniXWOmkmRaA,-1,1,1,['03f8540a4a4fe5b440f1af5f97ab5692'],0.32870429131808854,0.2581266532146267,0.23005049138775116,0.6481100471595699,0,likely_human,1.0,0.2581266532146267,0.32870429131808854
UCkOy6foqVq48SvgVJQYxIbQ,-1,1,1,['9696dca69d6b89f6907b1dfaaf85ed1b'],0.3970510156266702,0.2579803780622403,0.1765198207974851,0.4261531787811028,0,likely_human,1.0,0.2579803780622403,0.3970510156266702
UC9wlUlyARNatf5fsVTpLV-w,-1,1,1,['516ce360236fa8439ffe8127077972be'],0.4170598121987913,0.25788352679425536,0.1518415895674347,0.3869089550938353,0,likely_human,1.0,0.25788352679425536,0.4170598121987913
UCPOxUdLxoXLV0MZeqAY3Hew,-1,1,1,['b8b28196c22cb3b7c937cee481dba9d3'],0.389625569759862,0.25788087856224523,0.17516749474833507,0.4571860918081504,0,likely_human,1.0,0.25788087856224523,0.389625569759862
UCAHRY1O9i5Vt1TKqfObpC7Q,-1,1,1,['a9093517cfa3f56a53fc89c58e1af46c'],0.42199783209437014,0.25786355498051117,0.14822621970875413,0.36344403664497904,0,likely_human,1.0,0.25786355498051117,0.42199783209437014
UCW44UyqPPwh25ab_G23XXvQ,-1,1,1,['2e406f54b4d4cb643955c4a8d87d03ac'],0.40269886909553904,0.25785186229418566,0.13793093110628687,0.49229093143199554,0,likely_human,1.0,0.25785186229418566,0.40269886909553904
UCdwcHlIwxGvy8Bb0Es63E5g,-1,1,1,['3807406a2c8b6588c3fd5262cebaa556'],0.39494433243691784,0.2577335808448211,0.16459394295276314,0.4521716641344129,0,likely_human,1.0,0.2577335808448211,0.39494433243691784
UC6Rnyhm7d9oN8NUyiPOrupA,-1,1,1,['d02c503b9879d79b6641640aff0cd447'],0.3656184651328847,0.25769665926994834,0.18457891891708142,0.5577392333232761,0,likely_human,1.0,0.25769665926994834,0.3656184651328847
UCbsCeP7BdPA8D8_MdeGI56Q,-1,1,1,['87f3e1b029aaff51bce512fdc10fce6e'],0.3858460246855506,0.25752950065332436,0.16768767970676673,0.4876848212191489,0,likely_human,1.0,0.25752950065332436,0.3858460246855506
UC2WGxLFNGXLyh9IinBRLhaw,23,1,1,['b3f160fca05756d8240d9561fb3efa8d'],0.35435918051776494,0.25733539338482436,0.19157778079985227,0.4901263779698521,0,likely_human,1.0,0.25733539338482436,0.35435918051776494
UCKvWmG03nXPgtzkUakFvdSw,-1,1,1,['3e190a8d60d29f62f720e835879d3c10'],0.3955159718203315,0.2573049120741846,0.14846944575542606,0.4947519092301188,0,likely_human,1.0,0.2573049120741846,0.3955159718203315
UC7W_8HsiSRRozpW6ND6KQeA,-1,5,2,"['8f91d7e1769d60234f97dc09eff66f5f', '6fe437bfdeb9b09f63193ebd47794a7c', '5757874fcb2868d832c98cfc4ee45845', '3d080857b70d1dac547e728dea64d35d', '018f3f9832dbbf736662dab637d9680f']",0.39138947200417,0.25728458632090734,0.12798034313822496,0.5457597428645935,0,likely_human,1.0,0.25728458632090734,0.39138947200417
UCQ7JIZ6T5ybVzikmggLA-yQ,67,1,1,['b76194adb43ad1de2af4d6cf5e1316cd'],0.405458189795868,0.2572674382107951,0.13441181697310303,0.3510647848124254,0,likely_human,1.0,0.2572674382107951,0.405458189795868
UCfsV26LR7EhNaoC0uJeKLyg,-1,1,1,['d4559475271c67e6c6489a5c278b1d7b'],0.4001009219689552,0.2571924254641877,0.1746272062416887,0.4073273827057403,0,likely_human,1.0,0.2571924254641877,0.4001009219689552
UC9rm2-9ZncMxUyR0zkA9PyA,-1,1,1,['08ef519beb8ae68e02130e4a7be7e1f5'],0.42833435952889687,0.2570937171301507,0.14131166016010344,0.34275312852953976,0,likely_human,1.0,0.2570937171301507,0.42833435952889687
UCYMKQ-yKas2Vj4_SuPDsy-Q,-1,1,1,['01d6979df9a50c5485867f9bb4aa724d'],0.3601804986844592,0.25709109637646277,0.22720201522038502,0.4760089949049219,0,likely_human,1.0,0.25709109637646277,0.3601804986844592
UCuU5Jh76fn3AE0DSnpvqPPg,-1,1,1,['81bf03d2b85d1270eb209f0d7246dcd1'],0.43281770825318294,0.2568277632304432,0.13157218454231354,0.34067495884197857,0,likely_human,1.0,0.2568277632304432,0.43281770825318294
UCviLzvEAfCXP0HdoqCyU2nw,-1,1,1,['c9aaf0fedddff5a4e0110483641ec6a6'],0.41318244750423455,0.2568208739558785,0.13446993489435322,0.42512885789201066,0,likely_human,1.0,0.2568208739558785,0.41318244750423455
UC3JYEBecAzZ9u23O_SmYFGw,-1,1,1,['2aa67ab4dbc9874fc7b3775f65f687b8'],0.36489894460778094,0.25676112796767986,0.21049710144865033,0.4907254279575444,0,likely_human,1.0,0.25676112796767986,0.36489894460778094
UClByENXsgf8CizUpeNvg8og,38,1,1,['8d7c65e29616f26892e355dc50b674a2'],0.4017008861488365,0.2566599492826255,0.11164389343875329,0.3379333474214292,0,likely_human,1.0,0.2566599492826255,0.4017008861488365
UC-pY7JQaZSAI6w2OW_n1tWw,22,1,1,['64d804cf5e32e738fd09abfc3d312853'],0.36126465572305233,0.2566534764624761,0.19052922975724634,0.44992108540946935,0,likely_human,1.0,0.2566534764624761,0.36126465572305233
UCSvw8gecx8roTuSskSsk3VQ,-1,1,1,['dfdb2f01ba10e699b6ffc30d92c0367b'],0.397458774711929,0.2564839078449735,0.16488116129549513,0.4310180395893997,0,likely_human,1.0,0.2564839078449735,0.397458774711929
UCeG-nrditN7VV9cYqzfhXbA,-1,4,1,"['169125e555f7985afc2821a383931c38', '3b2cf8e84ecb6bc9d36b4901baabe37f', 'a25ddbc42366ff3d69e4417a83c0ad44', 'f59dd4648f4456393c01740302cbf795']",0.35812337166221614,0.25639535672381175,0.17709777582712036,0.5830133380963566,0,likely_human,1.0,0.25639535672381175,0.35812337166221614
UCBD6DP4Krww4IGd02FOF4cw,-1,1,1,['330f57cce83f13820654cf8eb3bc89a4'],0.3496489851870508,0.25623264899203557,0.24829710138630617,0.4764079279869423,0,likely_human,1.0,0.25623264899203557,0.3496489851870508
UCcokFB3aPgwwBzn8gtIP26A,-1,1,1,['a8851701779c19a13f8ced11bbc264f0'],0.3832590380158542,0.2562035121802127,0.16385637407491174,0.49530373508711767,0,likely_human,1.0,0.2562035121802127,0.3832590380158542
UC-wUaGok9sVMGHZlwYHs_9Q,-1,3,2,"['e5932b658cf9de95c5a31d0ff6141296', '8397a74309dd1b0dc5a6913f9dc5817d', '3abe75562d95ddbdd99ae39cf0af77b0']",0.3962356558831773,0.2561291380904949,0.14532817262457243,0.47341915505803855,0,likely_human,1.0,0.2561291380904949,0.3962356558831773
UCgb5QJonNsWRSl264fVGMLg,-1,1,1,['29f7121a139a7c4422d5ec330c3f1e7d'],0.4465981700547469,0.2560972884102547,0.11154394286849127,0.3327016759433138,0,likely_human,1.0,0.2560972884102547,0.4465981700547469
UC2P6IaK7BKuaYuoozK-YKOQ,-1,1,1,['942b01bbd88b6167ab64e205a37efd34'],0.409974227215148,0.2560313763112453,0.1541362373561767,0.386667509850256,0,likely_human,1.0,0.2560313763112453,0.409974227215148
UC-gZjHJlPzGObfn1u005zXA,-1,1,1,['f4e77e765964d9d5d2c89bf99bb312f8'],0.3749720106561207,0.25592329935697977,0.18856271648324538,0.4788239937116373,0,likely_human,1.0,0.25592329935697977,0.3749720106561207
UCaTOE_6zGyJArLA2QwgHGxQ,-1,1,1,['927af44b7af43d5bbb27f7e04b981690'],0.3997764296928973,0.2558220821140695,0.16798118335074597,0.40464198475813296,0,likely_human,1.0,0.2558220821140695,0.3997764296928973
UC8-6fuij9NJ5raN6NteohFw,-1,1,1,['5402f8af883d87ee932a75b1385b9655'],0.43203906361959005,0.2557944650457013,0.13347685027879747,0.34076699290658835,0,likely_human,1.0,0.2557944650457013,0.43203906361959005
UCay36T6RgIf7q0YZqCZZc_g,-1,1,1,['a79261f9850e9eebb9e3a01620dd5d2a'],0.43175976367565494,0.2557757235992718,0.12990202178731977,0.3398401509377079,0,likely_human,1.0,0.2557757235992718,0.43175976367565494
UCTjjs9HEov4i8BuHw49-AwA,-1,1,1,['bbcdf79469b578bb9c883bece271300a'],0.4177528656372075,0.25566813454585824,0.14604284038161627,0.37908971631897365,0,likely_human,1.0,0.25566813454585824,0.4177528656372075
UCNk80z0UTScmSIC8TWoSLIw,-1,1,1,['b7a93bab081d551df236907d301cd546'],0.3933579333184774,0.255629258477034,0.15926548544046262,0.45657281237255665,0,likely_human,1.0,0.255629258477034,0.3933579333184774
UCuhNQYEU1CtQh1NXiZUUBAA,5,1,1,['9d3de74884a727e7e1a2d86622dc935a'],0.4083664062998107,0.25551757694346927,0.12411140571814577,0.365438460238133,0,likely_human,1.0,0.25551757694346927,0.4083664062998107
UCi7gJ0Pc1E0raFE_T-LYnbg,-1,1,1,['37995ba5a11dacf4cc51be74dc03a317'],0.43595604104032415,0.25541812741238523,0.12081684043341347,0.33712786560760977,0,likely_human,1.0,0.25541812741238523,0.43595604104032415
UCwl-LG3FsfsbFA-RbHdxugw,-1,1,1,['8f8e52f463e4cc2394dd9a7f5fec3a25'],0.3751115180805159,0.2553940603850072,0.19583123133844918,0.4599650833297824,0,likely_human,1.0,0.2553940603850072,0.3751115180805159
UC08MGW7atI9gFiVM6ygNU0w,-1,1,1,['54ca3b3babf65c878a169736c1433d31'],0.407196073943085,0.25536268803792733,0.14135853289643377,0.4248146780674648,0,likely_human,1.0,0.25536268803792733,0.407196073943085
UC9SX2zR4bdekAFgqmNh8Edg,-1,1,1,['feb12497557b19a9b3731210bd0c8747'],0.42947267093671543,0.25532502860756207,0.12788492394511117,0.34988934321422366,0,likely_human,1.0,0.25532502860756207,0.42947267093671543
UCWzShoZZgEXpKvYzjnuqHGA,-1,1,1,['86baaa05955202030cc98956aa97eaa7'],0.38491472150276296,0.2552522653156655,0.1751404489420216,0.45326466903292273,0,likely_human,1.0,0.2552522653156655,0.38491472150276296
UCXdNqPxcLe0lDrrgvota6rQ,-1,1,1,['e2b4186bbcdc0825f705dc3538592dc7'],0.42862394898497064,0.25522070558066456,0.1346880321174327,0.3343662296492129,0,likely_human,1.0,0.25522070558066456,0.42862394898497064
UCp7zvBiqpFjZc_oHqPAYEEQ,-1,2,1,"['3e06ca1a705f167e063d377a5d5a68f5', 'e4b0055c80a0e2a11627a54fcd483675']",0.39840272516921227,0.25521890547798554,0.17467868415055068,0.40277614293385283,0,likely_human,1.0,0.25521890547798554,0.39840272516921227
UCdPg0BIp1zlrG6ufZEsPRlw,-1,1,1,['bfb09dceae89eed804edd6fb9182f406'],0.44735945941247035,0.2551898432185669,0.09001855113117277,0.33922184365897035,0,likely_human,1.0,0.2551898432185669,0.44735945941247035
UCVEIWacx88D5TlJkd_IAalA,-1,2,1,"['46b3134e9c3079628d941e4338875764', '1327acfc9035d1f9d4e3143b81ff447c']",0.40548552532450066,0.25516727449805326,0.14036569697173057,0.4403733749227253,0,likely_human,1.0,0.25516727449805326,0.40548552532450066
UCkXG9y2hSmO_zcbWpDEifpw,-1,1,1,['3ec40d547b07738aaecc69bbf98e080e'],0.379278333344736,0.2551478559409352,0.1932477302724662,0.4442879936845199,0,likely_human,1.0,0.2551478559409352,0.379278333344736
UCnp6Guvc9AdjzOvFMD-jaaA,-1,2,1,"['fcd0309aca3874444aa26a0766c734ad', 'f0d9f90938a3b119c80ae2317eccb64d']",0.42170229883945276,0.2551267156452533,0.13715888048991962,0.3656114234067066,0,likely_human,1.0,0.2551267156452533,0.42170229883945276
UCKkC7aNFOEL4Fzkojh8_zGg,-1,1,1,['692947d56d7fe730708fbb7d5e148494'],0.4569406539292186,0.255086270801772,0.08875331882891381,0.3094927264660814,0,likely_human,1.0,0.255086270801772,0.4569406539292186
UCiiWnnYYn-7bZ2J30n4iIxA,72,1,1,['2451674b9f4324066243d56100ddcaae'],0.37128460420846676,0.25493093520316756,0.15840617381290234,0.4531671678596404,0,likely_human,1.0,0.25493093520316756,0.37128460420846676
UCjCh3QGcTMStiZd0jmyXtrQ,-1,3,1,"['0e98053d81495513601eff9fe12a036f', '23b0b1ccb10daba62c62b5347299d46d', '5e61034f48a65d03474c3850b11d3722']",0.38140468083187035,0.2548120458360684,0.18376490021120087,0.4692603333508253,0,likely_human,1.0,0.2548120458360684,0.38140468083187035
UCsKwcWYwgs4f0Sm0ihs53Kg,-1,1,1,['0b0fd8d4056524bf26f80d8e90a5a455'],0.39538042571024684,0.2547432349810801,0.16628967532444222,0.425772402840669,0,likely_human,1.0,0.2547432349810801,0.39538042571024684
UCw39-Vlc553SRvPD_w4neqw,-1,1,1,['4f6a62fbe4ef8f94888d21f29b4fbc7f'],0.390625788331332,0.25472587344458664,0.15424089068778618,0.4672059141397843,0,likely_human,1.0,0.25472587344458664,0.390625788331332
UCklG55t1rEMAs9LypT8k24w,35,1,1,['5b6b905e3a1530e921b445c20f381d18'],0.41340870756838516,0.2546558495549851,0.10962456953189484,0.30937939884311066,0,likely_human,1.0,0.2546558495549851,0.41340870756838516
UCGPkv6D-iB9ng8ITFyweGPA,19,1,1,['93a63848917c18433c7691ab220c03b7'],0.4172690535938485,0.2545972026321558,0.10846245216063442,0.3446953506603846,0,likely_human,1.0,0.2545972026321558,0.4172690535938485
UCc0021moXiGcFI2IQDdL36w,-1,1,1,['aa55b9bfa5d371c51665b0812a8313cd'],0.326788570404394,0.2545863803208281,0.24851695155991274,0.5905157484842853,0,likely_human,1.0,0.2545863803208281,0.326788570404394
UCjgiLmsM9lETmdQ_9XJ6LEQ,-1,2,2,"['6e4c25db38fde5128d4bceb701a956ed', '5568d96fb0025b62e59313e1adf12ccf']",0.3545955177251331,0.25457184858656423,0.21056595353741878,0.5237643701747653,0,likely_human,1.0,0.25457184858656423,0.3545955177251331
UCr8RVRakB_BVR2LTSUOkiqQ,-1,1,1,['bf16e4ea817edeb412a7af8fca185530'],0.44137483672655564,0.2544263867750877,0.10815305515295899,0.3443268934005528,0,likely_human,1.0,0.2544263867750877,0.44137483672655564
UC2SezOyV_Neybxk0VaTrFPA,-1,3,1,"['a8927653d8878ee307c7a6eb03f23f33', 'd4bff2c10aa48a89848259a968fe349c', '169707b489e7a039fc66f042edf2631d']",0.3966603493468366,0.2542799971933373,0.17198819355817177,0.4156651075227299,0,likely_human,1.0,0.2542799971933373,0.3966603493468366
UCYjzYdR9Sz9LfrnZkL1e0jw,-1,1,1,['ed33a52535cc98e1b12d307861b61713'],0.40066468104199227,0.2542527975824892,0.1602266205872237,0.40677270386726583,0,likely_human,1.0,0.2542527975824892,0.40066468104199227
UCCJnf6Y0MUCuKdXodYLyd5w,-1,1,1,['22353196d967531084c07ef6e1840c67'],0.4525663586005732,0.2541324172123015,0.09671651275608485,0.3094927264660814,0,likely_human,1.0,0.2541324172123015,0.4525663586005732
UCl4Hx6zurs-IyMmJ0MH7lbA,68,1,1,['ba694388b492d5fb0745b8ad4c6f8c1a'],0.4061380183737817,0.2541278493485205,0.09599658091980784,0.3628183289003787,0,likely_human,1.0,0.2541278493485205,0.4061380183737817
UCeduX6ZUiLN2JLKvPwJ73jw,-1,2,1,"['773fe32cdb6762f6bc0530ec6c0ea540', '743cd04bbc2457e84d8b91c7f34e51f4']",0.3878282932266265,0.25408290319578025,0.15803054716623446,0.46761699259700046,0,likely_human,1.0,0.25408290319578025,0.3878282932266265
UC6qznUI2_zcofgtoSsL6T5g,-1,1,1,['1511b513d1e61c8ee82ed34a9a40c6e9'],0.4418593997042538,0.2540576626933357,0.10333419956792922,0.3339153120959822,0,likely_human,1.0,0.2540576626933357,0.4418593997042538
UCEh9GUtxWHvMuyOtj3gqtEg,-1,2,1,"['221a78362e7ee38a2e4e91554189d72a', '004cb110b65ce7ad83e430b9116b21d8']",0.3808491812639135,0.2540377547753287,0.1686321568259787,0.46874957191534256,0,likely_human,1.0,0.2540377547753287,0.3808491812639135
UCfYD6PqWjNkuNDjVa5mP9tA,-1,1,1,['d2edacfc9bf537119468dd3d42569731'],0.3672124458890117,0.2539363656046501,0.15209010623476435,0.5651396374673893,0,likely_human,1.0,0.2539363656046501,0.3672124458890117
UCSzsQpaHkzB8a6wt7Jp_OZw,-1,1,1,['7c701cbb02ba6dce60fc75429f9ac17b'],0.4131920120115138,0.2539016306999821,0.1419779524727776,0.3825294008891874,0,likely_human,1.0,0.2539016306999821,0.4131920120115138
UCHeUzqJ9_k57zaU-HDf0LIQ,-1,1,1,['13f0d7721207ab2897d40adc3287919b'],0.3909986011725298,0.2538951650734632,0.15635694850450368,0.45771253370379694,0,likely_human,1.0,0.2538951650734632,0.3909986011725298
UCkoB6vXtlar4xCLXLxFFsFQ,31,1,1,['01cce311a425545927b9e45e8f29041e'],0.37828751865473464,0.2537910631952348,0.1654725593880952,0.37224206404620225,0,likely_human,1.0,0.2537910631952348,0.37828751865473464
UCUrIh0lrL9SQ1vjFloys08A,-1,1,1,['62253ede519757e3ee148e412ca00711'],0.42439905457447835,0.25378012397331534,0.13705540663427945,0.3477555592323113,0,likely_human,1.0,0.25378012397331534,0.42439905457447835
UC5SML9lpGgTW0PLEucLOChA,-1,1,1,['8570391b610058f09e69c2e1281edd2a'],0.4196316510021132,0.25377050004977497,0.11301858884334638,0.40520703352969545,0,likely_human,1.0,0.25377050004977497,0.4196316510021132
UC9wNb4TOrb7Ko_uxNd4Eh6g,-1,1,1,['dcc338970c88328fad3eb870f96cc800'],0.4319615815502046,0.25371563124914864,0.12822853671096615,0.32755083034146804,0,likely_human,1.0,0.25371563124914864,0.4319615815502046
UC9Z4V0tK_FC4XQvXoqNwZWg,-1,1,1,['a1c728a5e216acdc3de573209747a45d'],0.43178206071793734,0.25369579246439466,0.1153177364387387,0.3482909332142611,0,likely_human,1.0,0.25369579246439466,0.43178206071793734
UCnyx2yGaiqdfkTeIZsUXygA,-1,3,1,"['c1c0bd498af85fef38f410926fdc1983', '2bb4f693dc3c7db9a7512a187db69227', 'ad89b505b6e575a310d3abb45cd507d1']",0.3689118456123632,0.25368700439113917,0.16049777077466149,0.544172359830796,0,likely_human,1.0,0.25368700439113917,0.3689118456123632
UCrQ5gBHpyN3hWvHb8q_UROQ,-1,1,1,['be0b00810ec60aedb6b91272fbf5d54a'],0.3709335696534467,0.2536459382884833,0.2012645918318192,0.44988725627130816,0,likely_human,1.0,0.2536459382884833,0.3709335696534467
UCDEcu0kTAvqC3pVGF4AuBSA,53,1,1,['751a29089e5cfb351d1ae7e9f2c9e3f9'],0.39128404382272125,0.2535547879302083,0.14099196986784807,0.3600830791484353,0,likely_human,1.0,0.2535547879302083,0.39128404382272125
UC5tsP6MJstkvRhjuaRfD3ag,-1,1,1,['51bca73fb1493cbab866167fb1a2217b'],0.37859593410724657,0.2535124492977132,0.17973931688597086,0.45558888463254754,0,likely_human,1.0,0.2535124492977132,0.37859593410724657
UCIiSNSUseFm7SN99n7zw_9w,-1,2,1,"['32943986ea1fb1127a62d80da0f83034', '5c48c60252e49e70910d5583a39ca8eb']",0.37068099149687805,0.253510800351453,0.18000369941024566,0.4861734672471921,0,likely_human,1.0,0.253510800351453,0.37068099149687805
UCDMwgrMIIW3vje7o5saiXew,-1,1,1,['c83e0500a37fe0abf74871311d78a1fc'],0.42790419966971066,0.2534726035018684,0.11401289614571221,0.36843786973640696,0,likely_human,1.0,0.2534726035018684,0.42790419966971066
UCP-AKQxJM8StDZNd-L7FQ5A,-1,1,1,['4b419955e53974c8afac809f10283f81'],0.3848197870109954,0.25343976991184175,0.18581844139307438,0.4125778029444467,0,likely_human,1.0,0.25343976991184175,0.3848197870109954
UCx4bHVXbvc5GhNqZLibbjPw,-1,1,1,['90c5fa927a7330f53ebdf414065654fb'],0.4104723443669282,0.2533164307375363,0.14153908244652624,0.38924666143594616,0,likely_human,1.0,0.2533164307375363,0.4104723443669282
UC5V00hfLK5lqFxFyp-KcITA,-1,1,1,['b1d2e1b132de8f5e7f0f14939adc37d8'],0.42536055329495154,0.2531937724608949,0.12524549995779594,0.3571514902248444,0,likely_human,1.0,0.2531937724608949,0.42536055329495154
UCEaRrsWsV1OW3MPYmFOKduA,-1,1,1,['5409a7d134a17c5e4488d2fa70f21c15'],0.3852510204034839,0.25307377370983963,0.17702174602135468,0.4384913801024339,0,likely_human,1.0,0.25307377370983963,0.3852510204034839
UCmYIDuuwrpsu5J7HqJj16hQ,-1,1,1,['046a112ce8408c28047a7cae0bfde296'],0.42282283375924923,0.25297700069117357,0.1567595879960292,0.31854277450065294,0,likely_human,1.0,0.25297700069117357,0.42282283375924923
UCBfDQNuhpjOWNlXt5v-1Bgw,-1,2,1,"['f7bf248dfb9398f9d6a6f0fde9121fae', '9945aa1cab710f6574fda8a31ec4e8e6']",0.4070749105303121,0.25289254071922984,0.14758393168221984,0.39313875207671595,0,likely_human,1.0,0.25289254071922984,0.4070749105303121
UCYwSgaFBOuHRVmMD74N_EsA,-1,1,1,['410b04915b7baf5c69f64ed7ebf39129'],0.41815573579521015,0.2527618643180804,0.1315750885504782,0.3709257703939334,0,likely_human,1.0,0.2527618643180804,0.41815573579521015
UCpHltGaMpQRyC9wRN6c9LtQ,-1,1,1,['929625cb37fd8904231eabaabdc7a6af'],0.4085993898402917,0.25266906717027526,0.13648582376794144,0.4086664130292385,0,likely_human,1.0,0.25266906717027526,0.4085993898402917
UC_USEFQl4oiMhOQHUjpi6pQ,61,1,1,['ffd6eddf8179e8373fa0a4b0dd7a63cc'],0.3632953817526776,0.2526461737874722,0.14696907968410564,0.4878110447543137,0,likely_human,1.0,0.2526461737874722,0.3632953817526776
UC1o8VoEXiySeIW7pNWyuD8Q,-1,1,1,['f02c37ec717a3b05827f4bc918ef5667'],0.4111106405078133,0.25249428158642373,0.13272695218995026,0.39496739429241534,0,likely_human,1.0,0.25249428158642373,0.4111106405078133
UCeW5c-FlNwtS-IMDiztdQeQ,1,1,1,['e2d3798b745fc7d835041dd9d40fee68'],0.3879240920082848,0.2524886394631762,0.1259218111673716,0.3934116395611778,0,likely_human,1.0,0.2524886394631762,0.3879240920082848
UCaXNXfkO9_p0cLLBkpmo_nw,-1,1,1,['41aa9c875ea48fdf6b07ceb5c04da3d8'],0.42189731734085817,0.2524819551203272,0.1341571266175367,0.35022906792047187,0,likely_human,1.0,0.2524819551203272,0.42189731734085817
UCuufY3kZauF2yrGL2t-mJYA,-1,1,1,['fe75304dec2f2df996c2ba6f9ab6dbbb'],0.39612516736512227,0.25239991367055115,0.161594512177824,0.40929407514284294,0,likely_human,1.0,0.25239991367055115,0.39612516736512227
UCZXK5boVsBkKZjVFhRTWxFg,-1,1,1,['eaa127e963cce85b36ff66e769e64d9c'],0.39529152175997273,0.25217326011613805,0.09760865642975677,0.5377842624513081,0,likely_human,1.0,0.25217326011613805,0.39529152175997273
UCSsQbGzr8vudGhO8bdvkHuw,-1,1,1,['b59a2fbff67f6e93351988ae4094ac7a'],0.3805108004001818,0.2521621301163887,0.176020651876486,0.4335573528703817,0,likely_human,1.0,0.2521621301163887,0.3805108004001818
UCGbJTdM6XneREY73Jl324PA,-1,1,1,['77c447158b5f8ccb99b3d57090ec08ab'],0.3828056151051702,0.2520163481850536,0.1538821418262976,0.47496446258404634,0,likely_human,1.0,0.2520163481850536,0.3828056151051702
UCsgDWYocPo46efweASFamFA,-1,1,1,['1c9d45e1415d58fe269f16771ef3de1e'],0.4043362475952768,0.2519447328772845,0.13634685060673277,0.41172661148329953,0,likely_human,1.0,0.2519447328772845,0.4043362475952768
UCFVzy5wfCIroT3kHNW6jK9A,4,1,1,['d01c7cd1532c735ff1223b98de5bac8b'],0.37111609577870375,0.25191629632113555,0.16204255143790205,0.39135547283535543,0,likely_human,1.0,0.25191629632113555,0.37111609577870375
UC91X8tKqlJ7faXGQExmWrSg,-1,1,1,['a7eda859a5c97abe5cac86d7bae2fb3f'],0.41420933529114123,0.2519105712162981,0.15633917225879193,0.33319423394429826,0,likely_human,1.0,0.2519105712162981,0.41420933529114123
UCexNumkDw0pnljhK1GMNwHg,59,1,1,['85591c7e6cc87fd5ee3f54bfc7e5eb14'],0.39913917850693825,0.25186461682135003,0.13111455592027696,0.3541524234162934,0,likely_human,1.0,0.25186461682135003,0.39913917850693825
UC8j6KhWITqSdtuNV9hjnrtw,75,1,1,['75ec11258355281d21bf2dccfddc59a7'],0.4622898255749307,0.25183664284035334,0.057799573700730134,0.22419669417490345,0,likely_human,1.0,0.25183664284035334,0.4622898255749307
UCH0qzGtnHcIH_bgChWoCxDg,-1,1,1,['1fb8901c35c63d7127f34ad6077d6a19'],0.39558805780029416,0.2517276079712871,0.17107557806805918,0.3839472672369671,0,likely_human,1.0,0.2517276079712871,0.39558805780029416
UCDXlDUDrQx1LJIa4zIVc8ug,-1,1,1,['3509bec0f63f7ae2f31115b8649284f2'],0.39196879642637045,0.2516626188858838,0.16953370465777182,0.40615822686882985,0,likely_human,1.0,0.2516626188858838,0.39196879642637045
UCgF6mCgJmfpo2dC5kcDfj9A,-1,1,1,['5ab9f3ea279f90ef8bf57bbbd4829c6d'],0.3407254021228444,0.2516397813345623,0.1989601748916526,0.5671856826625424,0,likely_human,1.0,0.2516397813345623,0.3407254021228444
UCHkFDnGGO2f47ZvMwHeofnA,-1,1,1,['328af92831f4b862f0c5c75d5dfc9fd3'],0.38009356120951365,0.2515094599871537,0.16630000262514083,0.45788639229912376,0,likely_human,1.0,0.2515094599871537,0.38009356120951365
UCIdGUozFZ18JiYcJEziyIwg,-1,4,2,"['17931ced7f96689f15200f5e773cea5e', '9093fa15e974cf66b408809bb1914abe', '235c5a4b05d38c817059a23c5fbeb3d1', '16fd533dd4198f0bf386e9e747b562d0']",0.4254553126345114,0.2514463475698896,0.08380830811230644,0.4255735570942131,0,likely_human,1.0,0.2514463475698896,0.4254553126345114
UCeMTapDr6RZjbwOWeyU3GLQ,-1,1,1,['ce060d9e9bc617421ef427b912836787'],0.399470507010008,0.25142280395344074,0.14621281005119455,0.4182491591586738,0,likely_human,1.0,0.25142280395344074,0.399470507010008
UCJlAphZPeGfu9cZJsCnDs1g,-1,1,1,['a3325824515ea6ff8db0f96a23337efc'],0.34610743614134387,0.25122772039139546,0.21744848833206631,0.5235594748642687,0,likely_human,1.0,0.25122772039139546,0.34610743614134387
UCrIH3Ljf97u9hxIHahpfy6A,-1,3,1,"['2bb378313a3c6860cf58425e69043dce', '2414893aa5310b44d0306f116779c1e5', '6010638628b0a81dc37d27807d8c10e2']",0.40748873412785985,0.25121865012808103,0.1241609680897727,0.4347878763256008,0,likely_human,1.0,0.25121865012808103,0.40748873412785985
UCwk0nGGw6OFJHn1X4lyk96Q,-1,1,1,['ab722a46b9337adafaf9294c87ea83b4'],0.3747568100352961,0.2511144185809783,0.18311380435146868,0.44273391968137565,0,likely_human,1.0,0.2511144185809783,0.3747568100352961
UCF1hcizqnvh4gH5Lb8Codkg,-1,1,1,['1938bbefb9b466f96a1417d749bcb852'],0.38270989342870926,0.2508873242426786,0.18608060975619325,0.39569581190833336,0,likely_human,1.0,0.2508873242426786,0.38270989342870926
UCsYdhvEArgCOAvaoVc-nsTA,-1,1,1,['b44a7b5127ef9fecc1e992ebb627323d'],0.3834101257688873,0.2507383460759423,0.15837737657908202,0.43889311239222184,0,likely_human,1.0,0.2507383460759423,0.3834101257688873
UCmjQRS1pH1A87BkzxKrX6VQ,-1,1,1,['f1066724e226d24c114f2c5beee7923f'],0.4260973262308638,0.2506289383044725,0.14038644736930234,0.2971902750946078,0,likely_human,1.0,0.2506289383044725,0.4260973262308638
UCNRTq2pMXLeczFdV8HU7o4Q,-1,1,1,['f77b61fc96dedc330b84d6829e283e8a'],0.363554239089652,0.2504563654001539,0.18594856881682897,0.47991417349587995,0,likely_human,1.0,0.2504563654001539,0.363554239089652
UCYPXtMslU5TNE-RzzAQFGBw,-1,2,1,"['285e12d02f91440e685f11eb40ec2400', '34827fafe258f0462903cefa76609855']",0.4248519129682061,0.2503911999122306,0.12571320305130912,0.3292103255160146,0,likely_human,1.0,0.2503911999122306,0.4248519129682061
UCEfUt2kmfM8SfucfjVeJq4A,-1,1,1,['efb15f65be017b13f414774d9d64e3ad'],0.3737001106183668,0.2503664380142604,0.1936008999260384,0.4364214946276537,0,likely_human,1.0,0.2503664380142604,0.3737001106183668
UCs7OfMjZAtzceIA54-ue3yw,-1,1,1,['332f58be2808e486dbe62dfce1dd1026'],0.39506419181101,0.2503007610130786,0.1569371027940294,0.39674827852984995,0,likely_human,1.0,0.2503007610130786,0.39506419181101
UCcay-y8bW3FR_0HQnn6oT8g,29,1,1,['f1cf657c9351e55eb0625209bd94cd34'],0.3920533103830912,0.2502244860753674,0.12697108482883815,0.3249087245612434,0,likely_human,1.0,0.2502244860753674,0.3920533103830912
UC93fa-7TDJKDfxKvGyaUP7w,-1,1,1,['fe415205fd123b63ee1291f3e4980ab5'],0.3492327813477537,0.25019210110949264,0.19031077680163822,0.5457597428645935,0,likely_human,1.0,0.25019210110949264,0.3492327813477537
UC9023Ru6uut_UV0ToUlaKeA,-1,1,1,['7a8ee47d049dd484e9cf9b665a77a179'],0.395327597046455,0.2501399823979097,0.15480581514631886,0.40291817364795635,0,likely_human,1.0,0.2501399823979097,0.395327597046455
UC0jJxJsBKdyLKNMM81Fb1Ng,-1,1,1,['1e486d702187b935cc110a56eadbdad2'],0.3623627029872027,0.25011951798871035,0.194889279017479,0.46397692290096526,0,likely_human,1.0,0.25011951798871035,0.3623627029872027
UCjpgL8U9g2ZN5Ojr_gswjpA,-1,1,1,['9e9f4dbcae925b46ae7b33975224ecc8'],0.3362678322503903,0.2500443193407488,0.1871199734139904,0.596095007667186,0,likely_human,1.0,0.2500443193407488,0.3362678322503903
UCfS_8pmC0L_FsrKJr11s-Fw,-1,1,1,['f4a1f25f24a9f0808523a4ce36127ed4'],0.35963247289701106,0.25002586091725526,0.197209932421062,0.46288383118431253,0,likely_human,1.0,0.25002586091725526,0.35963247289701106
UCweNcKiXrIC8ZcNoGxvmJCA,-1,1,1,['29e2383f4f708279963a64e56607b5f0'],0.37203862655962644,0.24974605963052138,0.1715653292719528,0.4690585037627547,0,likely_human,1.0,0.24974605963052138,0.37203862655962644
UCh9mdhSIhFijK5XUzPm5fMg,-1,1,1,['eba89be0f90cbb2ed7932268f9586923'],0.3801260855048637,0.24970603421399964,0.18453273654740726,0.42049661581906733,0,likely_human,1.0,0.24970603421399964,0.3801260855048637
UCWbMJdnAM9vVBftQdOZn4eQ,60,1,1,['1825003682b11a08535b442349bd0e0c'],0.4003169718133334,0.24963144415013333,0.12888834901802826,0.33811016353855505,0,likely_human,1.0,0.24963144415013333,0.4003169718133334
UC9avub1GVTMG7foNUn8yT_w,-1,1,1,['735c592eff049949ed7c062b733ca63d'],0.42450742072185316,0.24962367630335763,0.12858948351856864,0.3328984883641779,0,likely_human,1.0,0.24962367630335763,0.42450742072185316
UCoM8-JhmYESW4PUUhknK7Hw,-1,1,1,['60f5b18e88ccb495c2f426a098bc9b31'],0.3998727122633177,0.24956415979279253,0.1576289113592733,0.3605818157491997,0,likely_human,1.0,0.24956415979279253,0.3998727122633177
UC309ZfFENqF2KYILdriu8Mg,-1,1,1,['b0a677fbbd1aeb03e545853f07ccf13f'],0.4183344973128652,0.2495616712888462,0.12556049164586003,0.349331841598867,0,likely_human,1.0,0.2495616712888462,0.4183344973128652
UC9bHnZhPsz7lELQdOlI8HUA,-1,4,2,"['eb4747afbd32c2cc15db088d06ef2826', '8f0cc8a3e37a49cd5396797526985f1c', '286ec4aec75e444c5ac94a609aa0f6a5', '4a56078d7e352fd1ffab63406b36b36e']",0.4059166259113031,0.24951445631517835,0.09988529332129471,0.4638389291211843,0,likely_human,1.0,0.24951445631517835,0.4059166259113031
UC5U9kgYktcQbglY7Q-zaIzg,-1,1,1,['83fa522d7bee1267f070d28f97a7db37'],0.3484230786067385,0.24948824169865041,0.18049512748573565,0.5475080576104322,0,likely_human,1.0,0.24948824169865041,0.3484230786067385
UC4FVOKWaW7Lqg6hBcSVNy1Q,-1,1,1,['7f5b001a4c119655770a4612656c3005'],0.3392519855372732,0.24946680341120303,0.22068972043059834,0.5057767044204897,0,likely_human,1.0,0.24946680341120303,0.3392519855372732
UCkWDUBryrjfk7ES1gCsA7nA,-1,1,1,['a021ac0c79eb0517353478f05e1d789a'],0.429355680662622,0.2493981279098828,0.07403407012481529,0.40018312306362147,0,likely_human,1.0,0.2493981279098828,0.429355680662622
UCxG7Uu_KNLiA3D-hRLCthMQ,-1,1,1,['6a8ce4451af77983e34e3e88cc8ee755'],0.3604367697748075,0.2492731960275481,0.1935408984507077,0.4677760555107446,0,likely_human,1.0,0.2492731960275481,0.3604367697748075
UCcU7hQOboCImPBiTALSOBmQ,-1,1,1,['30930800d571183996d206f248326c8a'],0.35553660239893387,0.2491616555467951,0.19965260783485322,0.47477774285950575,0,likely_human,1.0,0.2491616555467951,0.35553660239893387
UC33KV39qgto4iofwQ6nG3Xg,-1,1,1,['c104b247ad4531a9cee2ac9dc671ab68'],0.38749841858689843,0.24898579636548557,0.1524028258475666,0.4309457439954513,0,likely_human,1.0,0.24898579636548557,0.38749841858689843
UCTYOkBoxcPFGPfbziq3WlCA,-1,1,1,['d76600e1e8d1d51ad70417836e49a30e'],0.3437759164291357,0.24898005665550943,0.20981945752504622,0.5002847388533985,0,likely_human,1.0,0.24898005665550943,0.3437759164291357
UCEOfhFYHtR6gnP-4vyDmfPA,-1,1,1,['146ff9cad46d7f3eda5f4bac7abb2add'],0.35668955502441585,0.24888632145378337,0.17498568941808332,0.5237643701747653,0,likely_human,1.0,0.24888632145378337,0.35668955502441585
UCzSI33EMVUupditH0CZYemg,-1,1,1,['4d6a741546bded76368552d520148dac'],0.4028114061631449,0.24883570116648226,0.1407895348671688,0.38485758200478987,0,likely_human,1.0,0.24883570116648226,0.4028114061631449
UCN_iXPrE7nj8KzONUX2gXFw,-1,1,1,['3e907b47e18b8f55ff2905360729314e'],0.3605684212961896,0.24872273801342137,0.19331636042979902,0.45700073905014216,0,likely_human,1.0,0.24872273801342137,0.3605684212961896
UCXIJgqnII2ZOINSWNOGFThA,-1,2,1,"['3bd8c76ea3215c2568fabc7c61830c3b', '3bd8c76ea3215c2568fabc7c61830c3b']",0.37618904402613385,0.24860958674286238,0.15840398038392198,0.46396910182525486,0,likely_human,1.0,0.24860958674286238,0.37618904402613385
UCP8Ca1uQWyNA6irNP8ik59g,-1,1,1,['b9ac5cd89ce007ae35e47e6bc7971965'],0.38528771900725556,0.24838916911010483,0.17242992850207656,0.3951707416140936,0,likely_human,1.0,0.24838916911010483,0.38528771900725556
UCezg3Dhuif8l8iF-uUOT1MQ,-1,1,1,['aecc00efdaf8ef9743ffd1da072b6aab'],0.37091728450405625,0.24831900536161527,0.1720293164468714,0.4519808791349674,0,likely_human,1.0,0.24831900536161527,0.37091728450405625
UCYr7cE-pNQbyNL9Qhvw3duA,-1,1,1,['60517e73d678795f9aa9c833df66f831'],0.39087387231575366,0.24825789889628547,0.1643033429997099,0.3688835898738079,0,likely_human,1.0,0.24825789889628547,0.39087387231575366
UCJYLQSY5WW1lWove0eJHP4g,-1,2,1,"['2eed646a47463c016fe7862742666b5f', 'c58cd1db7ecdc3fddbdd34ae39b03993']",0.4213131746971043,0.247977503124352,0.11032168547224719,0.3532580010645375,0,likely_human,1.0,0.247977503124352,0.4213131746971043
UCcMsnyzps_2kn7Pi1y9dLtQ,-1,3,1,"['918cc89b56ea94cf4b080a9b85cce440', 'a637313cdcdd486dd0017fbd44000a87', '3a81265d1520d528fca02eda2753423e']",0.39578519381500893,0.2479377509051603,0.12817418867518557,0.4277835755265501,0,likely_human,1.0,0.2479377509051603,0.39578519381500893
UCG1NCWuK5-JyuggQd5UAl-A,-1,1,1,['f25422d93d7a5b6fb5525bce240ebcc0'],0.3687717684305194,0.24778030868292583,0.2013939494633231,0.40593361903751984,0,likely_human,1.0,0.24778030868292583,0.3687717684305194
UCgBin5d6eRGVQoiF-K4BGIA,-1,1,1,['a64d9a13672689ed78669218b2722797'],0.37736949614707277,0.24776258002020413,0.15331575398829475,0.45209430048638266,0,likely_human,1.0,0.24776258002020413,0.37736949614707277
UCoe2P0S-koPG90DN9MqfsIg,-1,1,1,['b598a0a63a0643be08c80690d0ce3614'],0.33536855665042786,0.24773649523961985,0.2164020984765123,0.5169625887583247,0,likely_human,1.0,0.24773649523961985,0.33536855665042786
UCjG3L2gaTP1P2wdAdgKEhyQ,-1,1,1,['b099c77bab0499aa6f712a55ef3531b0'],0.3631843609538049,0.2476985367243445,0.18268605895671394,0.47065623131133394,0,likely_human,1.0,0.2476985367243445,0.3631843609538049
UCXVvEWIyQ7Gx28MfsSbsVAg,-1,1,1,['d17f013283603584e07dd7292333b100'],0.4127036605701734,0.24763001076525884,0.1153223409917181,0.37505429201423335,0,likely_human,1.0,0.24763001076525884,0.4127036605701734
UCGpoA6eHHj4Cn4YsOFd4erg,79,1,1,['adf3e562a24cf4178e3e0aea41eada9c'],0.36202174686760435,0.24744228212648528,0.14983368789372434,0.4383170937089291,0,likely_human,1.0,0.24744228212648528,0.36202174686760435
UCrzW_uYCdrbON9UNGuLt7yQ,-1,1,1,['7ad4bf78d0b0bfe47fd7329b6183c5ff'],0.39081493027668046,0.24743054389355776,0.15107876319519153,0.40090104143421407,0,likely_human,1.0,0.24743054389355776,0.39081493027668046
UCIe15gMXxcbQ-A5PO2UvJxg,-1,1,1,['2639ca8b732f2321a92f70e4ebb9f2c9'],0.35820460735304704,0.2473229870157654,0.15862318368997547,0.5334364655528551,0,likely_human,1.0,0.2473229870157654,0.35820460735304704
UCTJWkRemBBHSEnw-Ssly1aA,41,1,1,['a17580cc7c7ae4263510fd661115d0f9'],0.3949366502811382,0.2469936378435625,0.10707470117287078,0.3470216661080926,0,likely_human,1.0,0.2469936378435625,0.3949366502811382
UCt9i4HYkFzmikNOCoIwllfg,-1,1,1,['0b8e77b561473ced6fcddd363e416e28'],0.4019196058872262,0.24687650846979714,0.1411867748487036,0.36810271022595054,0,likely_human,1.0,0.24687650846979714,0.4019196058872262
UCZvtpw2-LqZw6evn0-AqcNA,-1,1,1,['5f47bf56463603eba9dc9165278c2407'],0.3644459386293317,0.24686487572476357,0.19587091198177853,0.43048634185872264,0,likely_human,1.0,0.24686487572476357,0.3644459386293317
UCY6hQpKmKUjGZVEvBXJ8cpA,-1,1,1,['301f9d6841db21d19d49f96ab5b410a0'],0.3666951934591186,0.24671262004082412,0.17285742703087498,0.45824373843655913,0,likely_human,1.0,0.24671262004082412,0.3666951934591186
UCFFFT8e0BjTuFgNQNoWmgrw,-1,2,1,"['e4f5da27c14779fef18e3da332fe4148', '12dc1b5346d42a4fa79e721af20de26c']",0.38177135177361166,0.24669981575633332,0.15812928253513253,0.42387721940181866,0,likely_human,1.0,0.24669981575633332,0.38177135177361166
UChSqi1NsKYpPKrcjnKXcBiw,-1,1,1,['a1e102c714bd779473f281f311502b17'],0.41064439608003855,0.2464758086210847,0.11014058218716054,0.38990842245896534,0,likely_human,1.0,0.2464758086210847,0.41064439608003855
UC9ggBrzEk9AETXE3PXMnNQw,-1,1,1,['3b83c2ad5b913259c0ad2f3aef782b46'],0.39561300777299935,0.24644355122236153,0.12899161956627986,0.40685961579282137,0,likely_human,1.0,0.24644355122236153,0.39561300777299935
UCtScPAAHusSilWzbkIYocMQ,-1,1,1,['a76ec32b0867d9d1517f654384227fbf'],0.4055091308672215,0.24643751336489994,0.13289279829343448,0.3571661944257496,0,likely_human,1.0,0.24643751336489994,0.4055091308672215
UCCQGQvgD4N8Wy19_46ZiSig,-1,1,1,['5310b20b3e862caac6859fb11e396f7c'],0.3503081528950961,0.24639910450536362,0.1842963445080605,0.504175792265257,0,likely_human,1.0,0.24639910450536362,0.3503081528950961
UCaL_VN13wLpeUFzcMy-6KAw,-1,1,1,['456c896f7dc5ef5499b04e4d781b3690'],0.3686794190471492,0.24636329568028864,0.16678937554500628,0.4631687512099638,0,likely_human,1.0,0.24636329568028864,0.3686794190471492
UCViQmNdhx8093id4_5MJZIA,-1,1,1,['eb6a3a7d6f0c6894722f5f6a9a1a11e1'],0.37778381021548635,0.2463017038459095,0.16131265386184315,0.424976312856319,0,likely_human,1.0,0.2463017038459095,0.37778381021548635
UCUBMXTLxruDORgK0TM_8gng,-1,1,1,['80bc4890d46d3cfa24e52bc22eb178dc'],0.37361321002529524,0.24624658270631866,0.16542624763667949,0.4418260420465029,0,likely_human,1.0,0.24624658270631866,0.37361321002529524
UC8W1IWY3FwFqQmbdGu5BCww,-1,2,2,"['721a92efd441dfa9e32c173a0de12810', '7596c855ac30063d0d6ab957c2c97451']",0.31470693390808413,0.24613556498456685,0.20519848727649553,0.638359293126664,0,likely_human,1.0,0.24613556498456685,0.31470693390808413
UCbm4Ct9IR36B4XRe3tAfifg,-1,1,1,['7d05056161abfdc232ba25efa9ed79bd'],0.3901105304591369,0.2461170479358819,0.13025126273286003,0.4338444446679936,0,likely_human,1.0,0.2461170479358819,0.3901105304591369
UCKflTMWB0_-lrtUoRDH2XSQ,-1,1,1,['9a27fbef8252250eba5e79b580b10440'],0.39479902760900165,0.24610295995870995,0.13946249685451595,0.3947835328637038,0,likely_human,1.0,0.24610295995870995,0.39479902760900165
UC0-J6L-_a6nzGB1svT_1KfQ,-1,11,1,"['6e5b4786760d1da0f879f245782df228', '98248674ccb963d556e0fdc7963039ba', 'c9eca10a4b96c40ab7319ea51f04d589', '7bde2719d34f4f2ba6cfaebac03c3044', '193cbf1489b6b85180f073e41ca04604', '201196d2b8285ade1bbc73bf4994183d', '9896a594dfd23f749bcc212be07f96cf', 'fb9d0534eac3f378002f3424097881ed', 'a1b0e80a28812e0aaf5296a0752a3d7c', 'fbf9b9e5f6beca959ed680c399dd7099', '7514e757ab895c5f772c230c7f119d18']",0.38102758085061467,0.24598153853069504,0.12379131144570933,0.49927431251828236,0,likely_human,1.0,0.24598153853069504,0.38102758085061467
UC19X_xEskOjg32LnMXmNPWA,-1,1,1,['46b660d2486dfeb07b3102dfec5bf317'],0.39684852356008665,0.24577750953092523,0.13849927681934668,0.37540933434433726,0,likely_human,1.0,0.24577750953092523,0.39684852356008665
UC_gHyU4rBnatxCsXASXjt5w,-1,1,1,['cafd6d082ea7b2b65e8149520d6104ef'],0.3702525816162261,0.24577633243920327,0.1815109984982722,0.42173626554575633,0,likely_human,1.0,0.24577633243920327,0.3702525816162261
UCfRqHOvd_72A7HekIZ78T6w,29,1,1,['2539666cfe5f28038680e4d2359eacf9'],0.3851201773140086,0.24576993211895784,0.12591514490398395,0.31076975901869835,0,likely_human,1.0,0.24576993211895784,0.3851201773140086
UCDyvjaVq_5bfp1Yd35PlUzA,-1,1,1,['46a04ac9df25a447af3afe1a6ba439bf'],0.39337038900585053,0.2455905501252132,0.1587689685167464,0.35635778744390717,0,likely_human,1.0,0.2455905501252132,0.39337038900585053
UC1yBLArVb9DQZ-1wfrKFKng,-1,1,1,['1fbd35c4deec491860523d057586cf24'],0.39720296327253857,0.24557572961104596,0.15374524592344901,0.34494143660580157,0,likely_human,1.0,0.24557572961104596,0.39720296327253857
UCsYu3IRGRyZnCs3iBWD8nJQ,-1,1,1,['ae6632cbed9787e46e490678cae0f8e9'],0.37404200140927935,0.24557132962479608,0.16301547965614327,0.42359093742463166,0,likely_human,1.0,0.24557132962479608,0.37404200140927935
UCk-7abu__SFVTE459oWJRDA,-1,1,1,['63c6aae247850a835e2ccbab09c46f61'],0.38106052456807527,0.24553413374754496,0.156145816120778,0.41114682455348706,0,likely_human,1.0,0.24553413374754496,0.38106052456807527
UCErSh-Cs4cpXNrrRE7tOTHQ,-1,1,1,['f27269fea631fb5d7951dbe21e284028'],0.3998889204314234,0.24549587409784257,0.13514298846314185,0.37402507687737446,0,likely_human,1.0,0.24549587409784257,0.3998889204314234
UCql6rs6xXxnwz-OoooI7N6Q,-1,1,1,['edefbb7a27d79505d54c52c96e353149'],0.3734126289720097,0.24542883891949396,0.17490194777915138,0.40507538157396966,0,likely_human,1.0,0.24542883891949396,0.3734126289720097
UC5UlPjTtW70pT3QIZJK-KRQ,-1,3,3,"['ae03695ff156031b3545fe3b5c848c8a', 'bf4f85120b87db0b891b71ce221a129e', '8048adb02c5748774de69e3754779bd8']",0.34751270928150096,0.24537884067852833,0.17884202546821637,0.5173215944012615,0,likely_human,1.0,0.24537884067852833,0.34751270928150096
UCHsF9wPcYnk1upp5-zbig_Q,-1,1,1,['bb0d4b9032854961d3a9883886811c44'],0.36699864303434115,0.24531074124082672,0.15702980943837908,0.4742240219013835,0,likely_human,1.0,0.24531074124082672,0.36699864303434115
UCC6K5rZ-3-_YCGbmF4r5-FA,-1,1,1,['d438ffef6270cf3063dc8d16020ac994'],0.4027900140141954,0.24521313506843787,0.13326285862006668,0.3604625707673357,0,likely_human,1.0,0.24521313506843787,0.4027900140141954
UCcyeGLaYh9zTcD2YEBUJbvw,-1,1,1,['e5d00a5d3971b6b470fd36f9f5d1a8c3'],0.3812812741884106,0.24492663436052958,0.17326497807373223,0.3741565967917568,0,likely_human,1.0,0.24492663436052958,0.3812812741884106
UCrThO9Cb1uV55eE3v_wOwcQ,-1,1,1,['610425d2717df6408165276b8cb7bd88'],0.4015748505718607,0.2446652054521024,0.10739811199753276,0.40299989956934623,0,likely_human,1.0,0.2446652054521024,0.4015748505718607
UC82bkJ2tZBFxGggcMeXaERg,-1,1,1,['6af90506c052ea9db3c5e9c689bec9ea'],0.376431781535083,0.2444116333055089,0.16114387280818818,0.4096006988384834,0,likely_human,1.0,0.2444116333055089,0.376431781535083
UCJYJKONhcWvnTosTGhGuZvQ,-1,2,1,"['a014e97bbc39c18ac88a04152ae5b53d', '37d55b45636cf46b4b00e83f42ca2942']",0.42229926404924994,0.24408294411922268,0.09712873975950118,0.34256339852579165,0,likely_human,1.0,0.24408294411922268,0.42229926404924994
UC49ulzqrhscIrBYW8Ml5Agw,-1,1,1,['d94bd54c377bc7836c5ccf062436a944'],0.38304313759188935,0.2440249062926405,0.16127823170351818,0.37483698404722515,0,likely_human,1.0,0.2440249062926405,0.38304313759188935
UC2H7UCgkCphed0_VCzvyVWQ,-1,1,1,['b1050f9d9ea0f61c9e76021a639022c2'],0.3101884274392015,0.24398957667809654,0.22259760509278798,0.5763008729715219,0,likely_human,1.0,0.24398957667809654,0.3101884274392015
UCt16fwXEo6a9FBX5YxYYMmg,-1,1,1,['8c2693e22830e4a18d5761d27f1c784f'],0.41294575860299776,0.24394256161471078,0.11460823623219107,0.34085272395893346,0,likely_human,1.0,0.24394256161471078,0.41294575860299776
UCf6FKBSa-eU-LBJs1B_o_Pw,-1,1,1,['8ece9f4cbfffccd8e88aa7d997c9b13f'],0.4027249638134338,0.24383866152781739,0.12467345861845439,0.35499794068321,0,likely_human,1.0,0.24383866152781739,0.4027249638134338
UCRctbPbW1tFQSx9qlfTxvPw,-1,1,1,['ad5c783be5e20d55d035428312d5917f'],0.36837233884235854,0.2438069144688988,0.1871402411881582,0.4000691594119452,0,likely_human,1.0,0.2438069144688988,0.36837233884235854
UCTkH7o0_87pyvoNbgd2MhsA,-1,1,1,['633c8f5dac84cd3f9b029404c24f5f28'],0.3769420235861617,0.24354549653406302,0.1803869507150734,0.3715236823302917,0,likely_human,1.0,0.24354549653406302,0.3769420235861617
UCzuJL2iQyEMI11uFB6ym_kA,-1,1,1,['e8ee2ce6dac88b58429c5b1b9086f5e2'],0.39949314073398196,0.2434072018119274,0.12414552449955804,0.37779920297979647,0,likely_human,1.0,0.2434072018119274,0.39949314073398196
UCu9hLuPlhWvrduZv9Jm6CWA,-1,1,1,['06f8e8bce598c3c14ab83c72ebec5641'],0.37322171297161566,0.24325195136453653,0.16392430898501759,0.40649167146640924,0,likely_human,1.0,0.24325195136453653,0.37322171297161566
UCDKDNnlLLJfDENAPKHCl_UQ,-1,1,1,['f9736641de9a989d199af7f2b6a03c49'],0.4028595286526641,0.24316442990968729,0.10932173008737268,0.3916562220514384,0,likely_human,1.0,0.24316442990968729,0.4028595286526641
UC81zcf4kuHixmbPD5f6xLaA,-1,1,1,['fd3161181872b62f739be606ca781a1f'],0.3608192630469189,0.24315416699904913,0.17353788782883545,0.44487250482588736,0,likely_human,1.0,0.24315416699904913,0.3608192630469189
UCloxiwnGUZcqFiwn6k2V3lQ,-1,1,1,['8fbe161bd5049885c19b148420dafe5f'],0.40843004166711233,0.24308177770661238,0.12338150351813763,0.3343662296492129,0,likely_human,1.0,0.24308177770661238,0.40843004166711233
UCF0sO9eR6oonUB4TCGhrpyg,-1,1,1,['2a8b8e3f7c5f441890a3d8115e7bd28d'],0.355919286558533,0.24291752998815436,0.18438291867312542,0.44343984808352155,0,likely_human,1.0,0.24291752998815436,0.355919286558533
UCkD5wIPDeTn1u98ncKzz2vw,-1,1,1,['03844cfe9ee8007d03a4127abe6d0f22'],0.3284529822727673,0.2429012160669326,0.21696863034948424,0.4996355083360356,0,likely_human,1.0,0.2429012160669326,0.3284529822727673
UCaTAFoE62QzLLptCRPw9gHg,-1,1,1,['372846e1c72f552df8de1e12e3748f01'],0.3835704932235876,0.24289587060378126,0.12538456477570978,0.438261824510726,0,likely_human,1.0,0.24289587060378126,0.3835704932235876
UCbahqJnEYXMi8F2IKuptUOg,-1,1,1,['2f1b22b67bcbfa17fcf0219ad140be15'],0.32631530176667445,0.24286421764113725,0.20862551997448378,0.5383055909934499,0,likely_human,1.0,0.24286421764113725,0.32631530176667445
UCWQqbHTnAWvfsyzb8zAfkHw,-1,2,1,"['6bdb3c4b84a01e39d40b568f10e89d4a', '476d90e18f11e8a356f3c4f99c8415a7']",0.35228031171872887,0.2426466567741022,0.1759828990078475,0.48185772820009437,0,likely_human,1.0,0.2426466567741022,0.35228031171872887
UCUZ_FeXQ_4RNsQw98Jj0U_A,-1,1,1,['aacb99283f07b3eab2cda41319fc5d5e'],0.4188256042980263,0.24261371033636983,0.11276460888848369,0.3033859621373564,0,likely_human,1.0,0.24261371033636983,0.4188256042980263
UC65GMHPLzSXu9na-o7dkRsw,-1,1,1,['9eb6b356f57146e2431c6442fc798ae0'],0.4203732039906395,0.24251275663912278,0.10955392118630228,0.30723203792778153,0,likely_human,1.0,0.24251275663912278,0.4203732039906395
UCCF0p8JN5iRBj5ORycvMW4A,-1,1,1,['f7a1aaffe529a999b6cf7490d29edaea'],0.37664773950100916,0.24246300341987703,0.13145651946572587,0.4513392270243988,0,likely_human,1.0,0.24246300341987703,0.37664773950100916
UC5i3mB-ojXIqA8BVL63vfYw,-1,1,1,['d78dc204ab4fdaefe08c986acc6e356c'],0.42875967597813,0.24221043716428925,0.08544997950832446,0.315190667254744,0,likely_human,1.0,0.24221043716428925,0.42875967597813
UCPHtMK83Fc9_R0Ie2l3xa-g,-1,1,1,['2fa00ed7361be3484096eb03c0f76980'],0.42006367720465937,0.24203671992680642,0.0944003174686316,0.33316636818516626,0,likely_human,1.0,0.24203671992680642,0.42006367720465937
UC1VKU_Q7mMhraEKjlCa0xlw,-1,1,1,['ec9593bb219687875ecfb6f4786724a5'],0.337135633416275,0.24200049738869972,0.19825342124752401,0.4889685206103376,0,likely_human,1.0,0.24200049738869972,0.337135633416275
UCPoI11w72seQt9IHfkApnpw,-1,1,1,['296e7302d0f3b1d740a58892c99e996c'],0.3525796817318053,0.2419259759345842,0.1862708919943843,0.44428759555219544,0,likely_human,1.0,0.2419259759345842,0.3525796817318053
UCunW-Xi58WFqsMeH1oo6vvQ,-1,1,1,['f9cb14670be04d6a79309cba8726a233'],0.3684210600682568,0.24182214036341942,0.17593051681538416,0.40812914076863765,0,likely_human,1.0,0.24182214036341942,0.3684210600682568
UCAj0C3F3HGfuezpvKC3XUCg,-1,1,1,['22913a6c968bd6248a3e805c332337ed'],0.37405409742154727,0.24179376057238744,0.13407842117392274,0.45144616501111495,0,likely_human,1.0,0.24179376057238744,0.37405409742154727
UCvJCaIHmrIcFkr9s4ip7DDQ,-1,1,1,['6b0aa6a8ca57dc19e81027bd516dfe8c'],0.35211666763944793,0.24178466901670226,0.18749084385643267,0.45176681266723295,0,likely_human,1.0,0.24178466901670226,0.35211666763944793
UCxSmfVkmJ55x469SyvTYq1w,-1,26,1,"['fa22db09b1383a6ca2799f28a9ce8d8c', '570d12d52f596b5418581a3e99c3a056', 'ddbaf6ad3e34654510278a70499cbbb4', 'a3fbe26880732fbc444b1f2b5ec7a80b', 'd7f5b3fbe40f2701a7c49d9a8626fe28', 'd6aa447fd569caf5d48cfa80a5d893d4', 'df1b84905b50061d3c1110fa8a94ae68', 'a44a482e284e97d0724ab62850b73bb7', 'b1b5503f257784d7c7508e3c10b8cc9e', '4c628db21c0963b050693a1efb8092aa', '227d41f095a2a0782f17245ddfc0ca3e', '5fe05efc540f90560e255a481795e069', '4eaac58d9ce2fdee37d662658ba5003b', '9e34c9a3a70ccfe0dbd3c392f118fcab', 'a020de1cdf09487e2c5409727bf6f6a0', '360f0965fecec78cade4987cda8c1284', '37282347b1d67fc68628129978d0a3f9', '94d7537934d65daf8f60c07e865f92fe', 'e7d15cc5194bb685fafbbb0a2bd7f0d8', '7b2a872dcef1d10fa70e12ebeaf3bdc6', 'bf4114f868e3f1bbe6484674759b354a', 'e88979daf91ba570ee95e8cfb7d2c5e3', 'ac519a7370c47d322550967a11030f67', '153a206e9b480bf990d3215451d53334', 'b313d37ee819c3fa7f7a7d65c1e30eb3', '31bb6e1d7d6f21babec9cb773f63bca7']",0.3232572830430076,0.24156612583305168,0.15637082449758039,0.638359293126664,0,likely_human,1.0,0.24156612583305168,0.3232572830430076
UCLsf3KatZ30CfF4IFB0kRrw,-1,1,1,['547c5f15157c418a94a51a56f062460f'],0.3741520068788446,0.24155494903375044,0.14989771270415445,0.4267402001572796,0,likely_human,1.0,0.24155494903375044,0.3741520068788446
UC80v_tf3280u4CJOn4w-30A,-1,2,1,"['e39633e84b2307cebbc33d55d3288e8c', '0b3071c0811c80ada4645fcee1259649']",0.3857171488151972,0.24153658652323154,0.1452495258030689,0.3765327260942106,0,likely_human,1.0,0.24153658652323154,0.3857171488151972
UCRdjLzoy6zMZ5lrhzjpusqg,-1,5,2,"['d056ff2f0daf62b21578fd49ec49d989', '45bfefff1fd2dc59634a0e8cb6a3ad1d', '8484c23ba5d33b3cdc25dac1bdc6f478', '88e286da786c1c943dc3b91037e37a8c', '5c495c86c9c34badc7aae9c09f6820f3']",0.35739636094158994,0.24128847588486116,0.15532083521592968,0.4930862167216742,0,likely_human,1.0,0.24128847588486116,0.35739636094158994
UCjvx1E0gHFdC5LxJRT0aGsg,-1,1,1,['e074edc73a87800b984cefc823877bf9'],0.39249511911464263,0.2411793445659671,0.13650914398289607,0.360180394697881,0,likely_human,1.0,0.2411793445659671,0.39249511911464263
UCgyoSpIFO1dd7MzjA53l-ug,-1,1,1,['38b67baaa65a568a2f31bd6889c71155'],0.34855435123886036,0.24081058396298916,0.17562860767787783,0.4655723470608435,0,likely_human,1.0,0.24081058396298916,0.34855435123886036
UCHs9BMOBFJ5sTsUa3NSs73g,-1,3,1,"['5f06069b473cb391421bde9318ddc62f', '5f06069b473cb391421bde9318ddc62f', '0bb6dd321c9c96d8f47e9a342f2256d5']",0.38818577235086754,0.2405234061757668,0.11733609667850889,0.41445252738903726,0,likely_human,1.0,0.2405234061757668,0.38818577235086754
UChMgaUaL8c5YO7PBMO2TDCw,-1,1,1,['fbada87ca777b2fa6af770cb999171c7'],0.41923479022602855,0.2400074001218669,0.10135350276602835,0.3042834712145458,0,likely_human,1.0,0.2400074001218669,0.41923479022602855
UCiwXm8qpvoK6d7eKE6JconA,-1,1,1,['b0ee915810e85ced2e3a3f1aff5072d6'],0.3608578400630817,0.23995196896664372,0.16762350986682517,0.4219034175904159,0,likely_human,1.0,0.23995196896664372,0.3608578400630817
UCdm6XKicjgoCQj9T4nlY5cw,-1,1,1,['64dce672797903d7dee13a04a175bd75'],0.28960259619785855,0.23984315523221228,0.25524710256327404,0.5971303312539502,0,likely_human,1.0,0.23984315523221228,0.28960259619785855
UCin5si7K4x_jp_ZIAunGmMA,-1,1,1,['2d22a7dca09526146e708f51ee433b33'],0.38038278174796447,0.23979949000547784,0.13514827323944878,0.4071675581993777,0,likely_human,1.0,0.23979949000547784,0.38038278174796447
UCkJbrzsq7EcLdTCW34nvDCA,-1,1,1,['99b409887c82d96d7b2333e9a45599c0'],0.35166709448718775,0.23977713421493746,0.16886511359228176,0.4564855299377799,0,likely_human,1.0,0.23977713421493746,0.35166709448718775
UCO-JZCyRoyMAVBaviQU2feA,-1,2,2,"['8a17a5f66fdfce70f94438af8f4e66ce', '3c610d31dcc30351bda6c608654b47bc']",0.3727623431732237,0.23964791229279064,0.14856050918477423,0.413998437527429,0,likely_human,1.0,0.23964791229279064,0.3727623431732237
UCYrdVaDj5oKxQrUze4BSz9w,-1,2,1,"['2380c05ff99f84027f8cb70a32b68f3b', '49de4ea9948e622b09d3a282e5e49a3a']",0.3980586380025065,0.2396359236323936,0.11538829344999874,0.3609920209360032,0,likely_human,1.0,0.2396359236323936,0.3980586380025065
UCaZO7fbH-4y540cEEE5MMGQ,-1,3,1,"['a37720ad3050c73ce5cad701f3c58884', '63600d2f5c5c3e607b768a1c34268b50', '9cf9f96cee2fe0b2f344226a8492058d']",0.3668376987218905,0.23950157411277773,0.15948223647984458,0.4230158044415193,0,likely_human,1.0,0.23950157411277773,0.3668376987218905
UCMQ0ZUyHLYmZdASSY9n2zug,-1,1,1,['3e68747772300f2f4e7ed41ed6003223'],0.35764943561565943,0.23944515334895852,0.167506484233931,0.429469619728692,0,likely_human,1.0,0.23944515334895852,0.35764943561565943
UC48Fk-HFhHUiw_33X-bNdOw,-1,1,1,['9d97f061ced75a19fc39e5130ea3f60a'],0.3993028219288125,0.23936967842836088,0.11553158726191778,0.35403510702017343,0,likely_human,1.0,0.23936967842836088,0.3993028219288125
UCe2x_KN_sjsXwwJyxumHrpg,-1,1,1,['8ea69428eab455632c5e4c54ea5ed204'],0.36216087170397726,0.23931874403653025,0.15235292951073348,0.44282426628000726,0,likely_human,1.0,0.23931874403653025,0.36216087170397726
UCRpi4ZOzNkh60r4FBYXLj8Q,-1,1,1,['de04016a87d4be66ee83f31befcd03b4'],0.33543360772392594,0.23924320718057493,0.18672841879630211,0.49426212760111227,0,likely_human,1.0,0.23924320718057493,0.33543360772392594
UCzFAONwZpQ4VTu891DQSQ1w,-1,1,1,['46c24a2fbb658ec8b7630cd90a4f8da9'],0.3986127849608535,0.2392077186084508,0.13916093060863388,0.3123452951966151,0,likely_human,1.0,0.2392077186084508,0.3986127849608535
UCCUfUqT4jYddXQo0qx17VkA,-1,1,1,['266914b8e19fbf7e847b303ce4c1c861'],0.3585319820126489,0.23917102588190461,0.15832775727267687,0.44607590103471917,0,likely_human,1.0,0.23917102588190461,0.3585319820126489
UCUVcjW1PBFr5_KjYF--W42Q,-1,1,1,['7f2dca3467c5185689c314ac2796670f'],0.32549196226279464,0.23916609377829665,0.18850240324041542,0.5331476374654432,0,likely_human,1.0,0.23916609377829665,0.32549196226279464
UCgqpBDemn5iQNRjcdGyxCJw,-1,1,1,['164e7a6c6ff725d6c2f7f87c72012355'],0.37633434150763156,0.23912868926213932,0.15502249121900732,0.3750753396179406,0,likely_human,1.0,0.23912868926213932,0.37633434150763156
UCtBeEcsGaF-kmPDowOEw2Pg,-1,2,1,"['58fbf40a789d6d6ab57ce77f580fc99e', 'd7cc37849bf448941576a3e4d19f196d']",0.3403201243494049,0.23888667038563421,0.18299460464969247,0.4795848435725018,0,likely_human,1.0,0.23888667038563421,0.3403201243494049
UCU7WEYvJau0eIjA0zFaAHQw,-1,1,1,['bd4c640e1e46dec8d42689fb002b3b6b'],0.38476786713111866,0.23883668101219763,0.12666053148587192,0.3918009595915027,0,likely_human,1.0,0.23883668101219763,0.38476786713111866
UCakGMfOKYtFD85vadE0ncVA,-1,4,2,"['bbbd3da828a17e89f00208e7098c288c', 'ce18399a79708fd0399ee20c7281fcd2', '4c8fdf844bef49c8ca96b7dc73752693', 'bab66f87499a40d125721c26d649db02']",0.35037633526356754,0.23866281821177243,0.1752560682018138,0.44478595647988667,0,likely_human,1.0,0.23866281821177243,0.35037633526356754
UC5XSwR9gXJfpWnNBCd-Mfbg,-1,1,1,['68c61df5cb26df3465c42e08140daacf'],0.3751762512591372,0.23841485057386624,0.12441648167330809,0.43742315982993757,0,likely_human,1.0,0.23841485057386624,0.3751762512591372
UCDhyswSIqpVBF-q2mXa4GfA,-1,1,1,['3fd64e8c74b05210dedf540a4b9df102'],0.37037871382574283,0.2383428116357637,0.14511618564850487,0.4120319850320795,0,likely_human,1.0,0.2383428116357637,0.37037871382574283
UCXjYwIt4_YUzBGs0KFuCdZQ,-1,2,1,"['0b3b58969b610b3f5e4f01fd2b0404a8', '1e5e44624762a216e6912ace8bd2a882']",0.36068338099018593,0.23818321321206176,0.15290811892106365,0.4333778109635061,0,likely_human,1.0,0.23818321321206176,0.36068338099018593
UC74s3tyDYKTibN_3AwkbxYA,-1,1,1,['42ee473f4dede141d07e139e836995f7'],0.34708789157964637,0.2380295218161622,0.13172239563104707,0.5405314550708786,0,likely_human,1.0,0.2380295218161622,0.34708789157964637
UCxMVyAVNm2qKvj8QfL-03bA,-1,1,1,['f9f7f84b248e857340b1395bc289f71d'],0.3472552230731137,0.23792331256379065,0.17835195090079273,0.438904665396442,0,likely_human,1.0,0.23792331256379065,0.3472552230731137
UCT8xyVfPrnnBk3aatJ8ld8w,-1,1,1,['07398a0bd5c25e8dc750faa75aa0bc8a'],0.3644701589689445,0.2378285489653114,0.1760431926168871,0.37510500652716633,0,likely_human,1.0,0.2378285489653114,0.3644701589689445
UCneorqIoMOohHOrlo1m8axg,-1,1,1,['e212bd7a3fe068345598b3158649b681'],0.33866148141114977,0.2375616425090347,0.1933739518669095,0.44874458766622094,0,likely_human,1.0,0.2375616425090347,0.33866148141114977
UC0Grip7OkGswYyjsQukiROQ,-1,1,1,['5f718cb47aa877e17d7362ee47f151c9'],0.33754667088915447,0.23738430261146867,0.17250197717771612,0.49526382616568004,0,likely_human,1.0,0.23738430261146867,0.33754667088915447
UCJIakGIwf4lw1byIHxnZ_Ww,-1,1,1,['664b81e325bbdd803469b0548ba101ac'],0.35835009110663807,0.23736736026220753,0.17625370024260087,0.40247714194183154,0,likely_human,1.0,0.23736736026220753,0.35835009110663807
UCh8hCsti0sVLeXLoQFoUevA,-1,1,1,['96c9df1675042bfe5115f1a5f4cb13d1'],0.34531156867025414,0.2373628797219845,0.1787968596386713,0.4508959565959856,0,likely_human,1.0,0.2373628797219845,0.34531156867025414
UCySReTfg6xeRSPzFN6Kp5CA,-1,2,1,"['b217797d1c43908be79093d2e6cfef26', '3ecd086fda885c6f751435b6b4ff82da']",0.33938951881110246,0.23711802667155846,0.17183605895945298,0.49732585666779117,0,likely_human,1.0,0.23711802667155846,0.33938951881110246
UCZn5Uq6Dy4Ok62we7udhMsQ,-1,1,1,['cec2975971e86ce100e65e40237c1dd4'],0.34245311116557686,0.23694669135831242,0.1658162098304139,0.4839789098803354,0,likely_human,1.0,0.23694669135831242,0.34245311116557686
UC_EVZOX04xbsO1-pv_Tlecg,-1,1,1,['c9d7cb78ba5f5ca21d9b5cdef9479f1d'],0.3545067963096001,0.23683895106948827,0.1655051741385459,0.42936325178169477,0,likely_human,1.0,0.23683895106948827,0.3545067963096001
UCDjPXX1_QLCHyDOKd-UFMLQ,-1,1,1,['6caa2b1d9df6419044b29658fb3a937b'],0.35467824512947466,0.23681039941941934,0.18903618334277872,0.38264164401855427,0,likely_human,1.0,0.23681039941941934,0.35467824512947466
UCFQ3EdtuKzsl9H8fDj33Rkw,-1,2,1,"['585f4b67cd2e676d437eed53f91d1609', '123f4e7a664c840a970eebd3b2e95ade']",0.35193232069355246,0.2367580702060001,0.16637602001061635,0.4347878763256008,0,likely_human,1.0,0.2367580702060001,0.35193232069355246
UCuqrsjo5K-GQs5SGe7AUVlw,-1,1,1,['4ac965d856c0f66f96946aee07dbed8a'],0.35275901245633234,0.23655098154917317,0.17719656764047131,0.405836290410693,0,likely_human,1.0,0.23655098154917317,0.35275901245633234
UCTsVBds37T4VK5jFLQ_1edA,-1,1,1,['7c74e5c9b84fc66e6b9c536c94a79d87'],0.35435599547367247,0.23647640512890206,0.1559246649307789,0.4406574673807042,0,likely_human,1.0,0.23647640512890206,0.35435599547367247
UCL1N-NkB2tn5xvigrPmpi3Q,-1,2,1,"['1f2c94bce100430cbf154908b9568c2a', '4aa5164988d38a1d3bfc7ad8e1db55dc']",0.358394919246826,0.23642181002561463,0.1346743578042269,0.4597344461823013,0,likely_human,1.0,0.23642181002561463,0.358394919246826
UCTo0EU99rK6p1DadEXj8e4A,-1,1,1,['280e06b8e09f40c821dd5241970b040e'],0.32829378336209125,0.23636541794219554,0.2059852420129942,0.4597344461823013,0,likely_human,1.0,0.23636541794219554,0.32829378336209125
UCQRpGNZRN5FgOHBzKogdcMg,-1,2,1,"['48af7bcb2fd41603946b888fa7901539', '6ebe73004f0caed712d6df0d8c5a7c3e']",0.337812470305619,0.23632869377644203,0.16849972043177366,0.48549133330925276,0,likely_human,1.0,0.23632869377644203,0.337812470305619
UCy6wNSSy5021FugvjbCr1AA,-1,1,1,['41f2236baa2901e1e190d7d83b06221f'],0.34058035639076323,0.2357666758016911,0.15341724588898067,0.5003081990075375,0,likely_human,1.0,0.2357666758016911,0.34058035639076323
UCWH8owUOKJTv_sGNMzpmQow,-1,2,1,"['2b48b718627246aa6031f75f05f5600e', '010c2dfd8819eb9a1967bf89ed883899']",0.3778507477665444,0.23569430717738724,0.13355438948259604,0.3776573789420198,0,likely_human,1.0,0.23569430717738724,0.3778507477665444
UCvLXHsoxyRGqBVG9xB2xSog,-1,1,1,['cdd6181fbd5e463a31fa33f11d0402bc'],0.34371289155943885,0.2355904277336764,0.1737542941888337,0.43837649495456704,0,likely_human,1.0,0.2355904277336764,0.34371289155943885
UCI_jMi8M2cPTde2leP5Gx_g,-1,2,1,"['dd9a500f28c7c8bc982c67c961d8cf6d', 'abf5c5e1e4bfd9d91e95ea5e21e22590']",0.32565047263371505,0.2355497477339527,0.17850900920532,0.5133704013204756,0,likely_human,1.0,0.2355497477339527,0.32565047263371505
UCTcULAxnLTSkr_HmXJPVIIw,-1,1,1,['c32bfa82f2d034b832ca34364f6d3398'],0.35506077332104946,0.23552425482334846,0.14085847546260913,0.4596637189978722,0,likely_human,1.0,0.23552425482334846,0.35506077332104946
UC2TF3i2EOyEN-L8Rm8OBntw,-1,2,1,"['8dff66d366bf60e3a8f8f31797c2fa2c', 'ed2589bf383bf19726cd5f531ba951e9']",0.3493609045590935,0.23551847415253632,0.18489144262200058,0.3960864521362525,0,likely_human,1.0,0.23551847415253632,0.3493609045590935
UCFG3y2_SVpLTXZo69ZAnFiA,-1,1,1,['62ff315305adf44d072596c9bfc72d01'],0.374141615862953,0.23528155141218476,0.1520425730067331,0.35371550242191696,0,likely_human,1.0,0.23528155141218476,0.374141615862953
UCdhfOA7-yaSwFkqgen3Yk-A,-1,1,1,['93eb28ee63934bbb6c94cb71911ab28f'],0.38781230903018304,0.23510583955962594,0.1214848366695821,0.34280075933426135,0,likely_human,1.0,0.23510583955962594,0.38781230903018304
UCbNGH7QtyDa4ogMlDSeB81g,-1,1,1,['794e80d168d6cd3079f836a4328faa1e'],0.3360930177775401,0.23505082675365077,0.198103219650661,0.43681714425412277,0,likely_human,1.0,0.23505082675365077,0.3360930177775401
UCETz4CikRMW2M37aEGJdZxw,-1,1,1,['64a6ba0de324406a9141d086cbbc6dc9'],0.34011631807293813,0.23494349510602044,0.16799217678398204,0.47409470808835397,0,likely_human,1.0,0.23494349510602044,0.34011631807293813
UCO2b5rhWyZP8CyW86_Y_XRg,-1,2,1,"['0696929b25e6d04379b203d1b9b57139', '2db38a103f38b132b7e4f2e22ffe49d1']",0.3510037567622654,0.2347535571680887,0.15692542690017058,0.43997178003212445,0,likely_human,1.0,0.2347535571680887,0.3510037567622654
UCE-XAbH1WQyBpEoqvvEScBA,-1,1,1,['b88274acfd7d46f371c787da84bb342c'],0.3873401862098095,0.2346243670774859,0.11171468932585575,0.3682689040018299,0,likely_human,1.0,0.2346243670774859,0.3873401862098095
UCXYrmZJy1pTQRdWfRFrMZoQ,-1,1,1,['01e07ae72fb7603cde89db9f22e77335'],0.3975410568972236,0.23455198798469656,0.12130779252599885,0.3114719020226962,0,likely_human,1.0,0.23455198798469656,0.3975410568972236
UCQ3XhCwWHIsJ4q2OomdRMVA,-1,1,1,['9dadb167ba0912eb0857c1b11f78587b'],0.3615164701896736,0.23450504721797852,0.17487022336675778,0.3600332967533646,0,likely_human,1.0,0.23450504721797852,0.3615164701896736
UCECt5djqyBVznqhmi7E1a_Q,-1,1,1,['21894b5ab530c2cfc5303a48d31abb92'],0.31964355402175915,0.23427023687730036,0.16868493986594835,0.5590639545784765,0,likely_human,1.0,0.23427023687730036,0.31964355402175915
UCY5rLxYbnhR8FyiXTe1MT_Q,-1,1,1,['314708e640115b8c7f377eabceb7bda9'],0.3952126169109853,0.23409711249839513,0.08800010029595262,0.3740324621403064,0,likely_human,1.0,0.23409711249839513,0.3952126169109853
UCxuB8ld9rfSxLkuqkhfzBxg,-1,1,1,['389c5e30f2f81ce05c1fbe30bc9bc2b4'],0.40210310485420425,0.23401627446397222,0.10489819296149458,0.305590534803637,0,likely_human,1.0,0.23401627446397222,0.40210310485420425
UC7GSLQNH726994azH3l4g8w,-1,1,1,['180ecd2f6beb45a533d24bce9ce48682'],0.29157170790650216,0.2337850765858645,0.2167951265512804,0.5739905520006461,0,likely_human,1.0,0.2337850765858645,0.29157170790650216
UCe5PkU4wVEwjzpuScPoB2_A,-1,1,1,['ee0dce8e94e562874bda98867842c96d'],0.370202563377934,0.2337222787435416,0.13396114689943894,0.39035910342618113,0,likely_human,1.0,0.2337222787435416,0.370202563377934
UCYi8ccKFPRBPzWcPn81dTeg,-1,1,1,['6183f2d1618660a9ad51324a2527e4c3'],0.3722795167982552,0.23334261669249567,0.14790405050067035,0.3628183289003787,0,likely_human,1.0,0.23334261669249567,0.3722795167982552
UCeqrh3HjE2HXTZPpINDO-wA,-1,1,1,['9f322698222e760eadf24765788b9de0'],0.3248929756058283,0.23319624283632728,0.1909736152515823,0.4695236952202061,0,likely_human,1.0,0.23319624283632728,0.3248929756058283
UCs-en0qhzy67ZRRWxtkQexg,-1,1,1,['a9fc410ee3fc10095a862e4b253f3cb5'],0.3503545502777192,0.2331756304631175,0.16903878829375357,0.4111317628974317,0,likely_human,1.0,0.2331756304631175,0.3503545502777192
UCZb777DMB5rqO3zHnapML7A,-1,2,2,"['b98cd9c3f7a37252c131f2ef9ec8f1e7', 'd976ce97a5cf8d5d3ecc9e361323ebcd']",0.332636349822031,0.23277382207872765,0.18044711723988704,0.45842060092515524,0,likely_human,1.0,0.23277382207872765,0.332636349822031
UCJMWFa4DiTXEShW_prbTguA,-1,1,1,['b1cb59f6ea8f27b6c1bf6edaa354dd07'],0.3537801138576161,0.23273424837407983,0.14156911405268868,0.4495190759242456,0,likely_human,1.0,0.23273424837407983,0.3537801138576161
UCz7n-wbrA_P2DwV9beeybvg,-1,1,1,['6f3a3d2f9a03249466ae4faf9e928212'],0.33894804693351654,0.23245716804376926,0.18072524279048752,0.4174238512544526,0,likely_human,1.0,0.23245716804376926,0.33894804693351654
UCHFxd7PMuqnkzbbrsh6QHyw,-1,1,1,['5a90eaaf024f9c89d1dcf805042315eb'],0.338466253351376,0.2321476536140134,0.17435474583623373,0.433612517262703,0,likely_human,1.0,0.2321476536140134,0.338466253351376
UCkzaYy3Q8QswaMfAG58fOcA,-1,1,1,['236554fc08eb20fcac3530a55e32ac14'],0.35466857163240456,0.23209937907599765,0.1304902205608712,0.4491361491719191,0,likely_human,1.0,0.23209937907599765,0.35466857163240456
UCaFVcRMC2ob0no8HEhtb51g,-1,1,1,['fcadf4e455855e60d7e4945103ab0338'],0.35873628119887,0.23185208999755064,0.16071373521700866,0.3654636591662823,0,likely_human,1.0,0.23185208999755064,0.35873628119887
UCzksAq-4hJcifoEpqJfQm4w,-1,2,2,"['06eaf1ba8ae08cddbc45bf4192ffcb8d', 'f94958e2229a0935d530fa8b6c090226']",0.3416040399062922,0.2317551635666502,0.16074190579808942,0.43991113984974817,0,likely_human,1.0,0.2317551635666502,0.3416040399062922
UCk9w6Az3DAEq80GHNKzvNfA,-1,2,2,"['c8ba49868a87ae49d689e1f736f6e215', 'e6f8e3105a42c83b27e719e25af7a4c3']",0.31244095410201894,0.23169003002559563,0.19383563060261666,0.5153042592716627,0,likely_human,1.0,0.23169003002559563,0.31244095410201894
UCdtTDSeRV3dZx3Wwcotpu_w,-1,1,1,['c183649d7b1f9f7b337696836f18a23c'],0.35566908713835793,0.23162482094063863,0.1405291603877666,0.42637663489158256,0,likely_human,1.0,0.23162482094063863,0.35566908713835793
UCvlRxZYvNBYzBb_E5wBZrYg,-1,3,1,"['aac8372416c8e6248215796cdce155c5', '02bf07e28c8435f03416cd2dd5045863', '5ef5782886ee10683af9dd7a0f847a75']",0.34883715997522563,0.23139281283186136,0.15407219062022875,0.41593642132599346,0,likely_human,1.0,0.23139281283186136,0.34883715997522563
UCdK8u2mTNAwDMNd2vsrsVuA,-1,1,1,['a479df81e7c98452bd2b9bcd9b8bf049'],0.34168745488131175,0.2313758890469173,0.1712010489581547,0.42590190899487107,0,likely_human,1.0,0.2313758890469173,0.34168745488131175
UC2s4qVK3p2hkdJLjxfVY3CA,-1,2,1,"['02b48aacb074eca7b0718e79ea0f42b4', 'dcf5e3d6d8fd9c07a5fa204a2f341d1b']",0.3467545612906097,0.2308403742353404,0.14842821683723006,0.4372863140607726,0,likely_human,1.0,0.2308403742353404,0.3467545612906097
UCP3hjjv-EoffkYtuIBYzIRA,-1,1,1,['686ccbd40cf109119d8b9875147d6678'],0.35991183094260504,0.2308310373494803,0.1395196546693647,0.3968502639058343,0,likely_human,1.0,0.2308310373494803,0.35991183094260504
UC-793Q-DesS7_5Kyi2MiUlw,-1,1,1,['709a3d4e7530753387f846c40aa58e30'],0.31802126123829166,0.23069770088346425,0.176070615539744,0.5129991711498767,0,likely_human,1.0,0.23069770088346425,0.31802126123829166
UCDQ0vOEfkG4WAitAq4MDOSg,-1,1,1,['50db5c811bcd6106874bf801f614b61f'],0.41130650908978006,0.2304383370050334,0.06690129910608339,0.29753165409833865,0,likely_human,1.0,0.2304383370050334,0.41130650908978006
UCBsIqkfz4QaXYZ-w0m07Uxw,-1,1,1,['f3dd71a31209a69a373b039ab8207c36'],0.41086312408392395,0.23027409634965484,0.08196312693469819,0.27883109720216337,0,likely_human,1.0,0.23027409634965484,0.41086312408392395
UC-oqwjU-gPcJ64UKcE6HUuA,-1,1,1,['08a415e63fb5b18a5039b739833b3b50'],0.3027743858669187,0.22988543278200613,0.19941048715133092,0.5231053396011721,0,likely_human,1.0,0.22988543278200613,0.3027743858669187
UCrtFjBTFIkg1PEGs-SGqyRw,-1,1,1,['b2dfd88140e1b1ed78b74d4c93e0e6d6'],0.41405412429621546,0.22977913693955632,0.07186573690845738,0.28834975000133584,0,likely_human,1.0,0.22977913693955632,0.41405412429621546
UCJ7C0lQ0jlewYBebFwureQQ,-1,1,1,['dc95a60648533d9f6733608187a0404c'],0.34166997818268174,0.2296523634120355,0.1667413242252549,0.4031998395301682,0,likely_human,1.0,0.2296523634120355,0.34166997818268174
UCfi_xz23hkLfuZWxNzen5iQ,-1,1,1,['10fdcc9971409c195ffd645748da3a6c'],0.31992095776226886,0.22941213139165903,0.1841424774570829,0.47061678626458125,0,likely_human,1.0,0.22941213139165903,0.31992095776226886
UCQcuphhvax9aJIKpOGiBcaA,-1,1,1,['994d76c1481f2314ba6021442e8f1c1f'],0.3439010413559417,0.22919828793617505,0.1476169833458614,0.433612517262703,0,likely_human,1.0,0.22919828793617505,0.3439010413559417
UCH_Br78N44cEgvlgTaJcKuw,-1,1,1,['952fbd516d090ab6c61be87bc594db1e'],0.37472236345453724,0.2291658357494724,0.11900181731542714,0.3501809821493245,0,likely_human,1.0,0.2291658357494724,0.37472236345453724
UCeGr6Y2jvA23DNSKMf7oyPA,-1,1,1,['dc7a3bf755b668a75618127fcbc7e31c'],0.34225522894505456,0.22905675868961184,0.17359397168538643,0.38602428484188434,0,likely_human,1.0,0.22905675868961184,0.34225522894505456
UCfF1AalCvyt2Sd96rNN3bAw,-1,1,1,['09e5320cf93ee1c42c8f1eb2215c3687'],0.34564743756591454,0.22904694549385457,0.17055245195623336,0.37808519481201136,0,likely_human,1.0,0.22904694549385457,0.34564743756591454
UCSFC80sUTIqcpMkx_HVobNA,-1,1,1,['5446b6fc007ebe314cdc8f5ee5a08f0c'],0.3292584743806647,0.22892269120894226,0.18607776338414866,0.4212470867508465,0,likely_human,1.0,0.22892269120894226,0.3292584743806647
UCh7jsXGOc2txgpJRXzjRTDQ,-1,1,1,['20b26cb08dbd4a5e8dc8cfcc093bede4'],0.3239042021542713,0.22883194577050026,0.18648449453988208,0.4500803020692876,0,likely_human,1.0,0.22883194577050026,0.3239042021542713
UCnMnERV7k6HCZPdqjO9XN0Q,-1,1,1,['34ea0866d1c025761dc1a7b5220c4710'],0.4037140484198243,0.2284926869634402,0.09250612779067925,0.2749673184984077,0,likely_human,1.0,0.2284926869634402,0.4037140484198243
UCaBtEQl-gM2D3ridTJe-4ug,-1,1,1,['215be56e5ef5d4686c54c70d1028f183'],0.31160291015330965,0.22828094696377083,0.19890022938185356,0.4646372731595819,0,likely_human,1.0,0.22828094696377083,0.31160291015330965
UC7RUcnYcqrxypGCttHPYJOQ,-1,2,1,"['3bece436fae99135d0d028d6e3dd9a49', 'eafab8299558798f484c4cabbac9454a']",0.34682912440774655,0.2282468854527866,0.13842037260190668,0.43243479901833015,0,likely_human,1.0,0.2282468854527866,0.34682912440774655
UCWHveC-25lVa-avIXn7AHqw,-1,1,1,['71815e11fa6ac2477354ddbd4660a519'],0.365023830883329,0.22821587243165942,0.13209914941842477,0.35419358774688403,0,likely_human,1.0,0.22821587243165942,0.365023830883329
UCLXHI7LXQiTe3aiF85BKtRw,-1,1,1,['9ed1c8a81516e7e37b660f2be6a71745'],0.33474935165309605,0.2278751022098151,0.13238862653098166,0.498770634084285,0,likely_human,1.0,0.2278751022098151,0.33474935165309605
UCrDOS5pDF0HvoYrEzOZZ0kw,-1,1,1,['725e71b8e61e1c239024814fba17ae17'],0.31788608920225947,0.22787153896507623,0.1460697340726783,0.5485929226926595,0,likely_human,1.0,0.22787153896507623,0.31788608920225947
UCFPxnqN6VljYqt-C0ZlRwww,-1,2,1,"['6ecef236274060f6cf33781c741c7468', 'ffeb4847f1f2e5fb11b72d648df53467']",0.357700782780245,0.22783021129489675,0.13748544493245446,0.37937132246970473,0,likely_human,1.0,0.22783021129489675,0.357700782780245
UCzw15U2oFjJoy21T1aVNK5g,-1,4,1,"['e7568acc96a56d34cae3fca6806d4a70', '2b1c6ac839d52a51f3f4f28da006f2d1', '161d665fd99da81fa9109866138830ce', '1a80dce86a4aef4b47745876ff991dd7']",0.30887061143663996,0.22771140470912854,0.15581628663036595,0.5593441430587378,0,likely_human,1.0,0.22771140470912854,0.30887061143663996
UCzyJiK6qGkTbZzqgRW4mGrw,-1,1,1,['a52060a8b8027ebe0b9efe25590840ca'],0.305746932495639,0.2276229664955823,0.16888414984894579,0.5646335277681492,0,likely_human,1.0,0.2276229664955823,0.305746932495639
UC7XLfeMJzWZX_vfZQ8Iivwg,-1,1,1,['b414856ea3fe504686ff95bb5db128a0'],0.3234506507255491,0.22755221330365386,0.14590691593044652,0.5244147164568023,0,likely_human,1.0,0.22755221330365386,0.3234506507255491
UCjRmVS-FyYcKg4pVo_A2oDA,-1,1,1,['a4fa1cd41ea4e569180dbfc659fb7d62'],0.3540896639481764,0.22742778171204425,0.14388834133987863,0.38196001964399756,0,likely_human,1.0,0.22742778171204425,0.3540896639481764
UC47CNBVHAEn0pUOno2od8Ow,-1,2,2,"['1d0f0884dd622e409039ff54fa40b046', '61cea9f20dbc291db7727e1df77dcd06']",0.30817163072102305,0.22712235144784804,0.18961462217305797,0.486222878040984,0,likely_human,1.0,0.22712235144784804,0.30817163072102305
UCDnnNjkcr2yMmSW4QFgUp-g,-1,2,1,"['84a17b813c08e13134238b145af737c9', '582f9111a7ced25fa3930e62bcf074f7']",0.34756343253443833,0.22705563913754917,0.14764090899082347,0.39467323098425444,0,likely_human,1.0,0.22705563913754917,0.34756343253443833
UCFK9w7six9GcMMYg49MKrZw,-1,1,1,['a07711abf552a65be66b91a18022772b'],0.36908718181363953,0.22702979205106869,0.12372595834759946,0.3435247089898999,0,likely_human,1.0,0.22702979205106869,0.36908718181363953
UCIK3c5-CGCr5qhID6yy5aQA,-1,1,1,['ceb75ac40d0e3cb2b773e2ac4ae44362'],0.3430556425233475,0.2270081035718251,0.14559997951557244,0.4223640842832379,0,likely_human,1.0,0.2270081035718251,0.3430556425233475
UCBgZibhnzHOH8GPHtqLObMg,-1,1,1,['83089e013bc04d30f4fbaee3a25681b4'],0.35212648761161197,0.22680858307604126,0.1579695384367468,0.35047269088708677,0,likely_human,1.0,0.22680858307604126,0.35212648761161197
UC_FbQBdP7Nf6Durkyvzn9Cw,-1,1,1,['5fc992b89201ce5cbc51abdc1791fdb0'],0.3266664957675883,0.22637494733517913,0.15268508931064817,0.4769655215773852,0,likely_human,1.0,0.22637494733517913,0.3266664957675883
UCG7JRDGySfgv9IeNaJf3gpA,-1,1,1,['b7c6e17c0072c5e3818ee50ee0ff5c88'],0.3390511700263342,0.22591463088273805,0.14880142949348382,0.43742315982993757,0,likely_human,1.0,0.22591463088273805,0.3390511700263342
UCjq3D2i0c1t26SLsK8Pj0pw,-1,1,1,['d02806509f67ebde4fbbfb4ef0e72206'],0.31555762275407206,0.22568546095753844,0.18630891290361393,0.45971803763787483,0,likely_human,1.0,0.22568546095753844,0.31555762275407206
UCqb0-vjnN7UdFy6ONw-NkrQ,-1,1,1,['5723373b1a2e9a8b074f5207c35a5d49'],0.31465399770865754,0.22545715871663616,0.19851173768235564,0.4291038266334787,0,likely_human,1.0,0.22545715871663616,0.31465399770865754
UCTXiW9WWqMYy-tchIMrvM2A,-1,1,1,['4a0efc838395a883215aaeee2bdbb376'],0.35142712668346554,0.22511028785578774,0.14902249773987203,0.3620174365379691,0,likely_human,1.0,0.22511028785578774,0.35142712668346554
UCIoujX6Q68SVQ89uFot6DDQ,-1,1,1,['593af19e0b0d73010d0ccb7c785acda0'],0.3187506291823988,0.22509177393886137,0.18932302774084261,0.41508029898130594,0,likely_human,1.0,0.22509177393886137,0.3187506291823988
UC0_MRQKGyiuo-2svnx0T6-Q,-1,1,1,['af3605198f3662797c1c88efd13a1ea6'],0.3931218364948672,0.2250251146119238,0.08044992790981914,0.31125664744480736,0,likely_human,1.0,0.2250251146119238,0.3931218364948672
UC1p0gTbx4UiFC-1iT_0m7mA,-1,1,1,['d1c18184de8f3dd484ab16e82f4bf5cc'],0.303789935335645,0.22495665100571313,0.19861776794135796,0.4698319442632138,0,likely_human,1.0,0.22495665100571313,0.303789935335645
UCsyW2UbCgdqlmfmdf0xoFrQ,-1,2,2,"['3deb1bd5ffb0e66449c0a51bf081dbbf', 'be28149d1752822a27f678b630f6b233']",0.3342076087949607,0.2247587758708927,0.1538941522216739,0.42054825499273785,0,likely_human,1.0,0.2247587758708927,0.3342076087949607
UCWbsSFluANBH9kxJVf_iTiw,-1,1,1,['1cb6bc51cac29a1503b9fd945aada3a8'],0.3219871327721786,0.22467302581624687,0.16510124055712885,0.45949304176382844,0,likely_human,1.0,0.22467302581624687,0.3219871327721786
UCHsTIcoufKa876aWIQlNVKw,-1,1,1,['4e173da2f2ba011ad7c346f8c97391cf'],0.2732276601878885,0.22440584115247109,0.21498897090208188,0.5741657445671013,0,likely_human,1.0,0.22440584115247109,0.2732276601878885
UCxkKS4RTTQW6z_7pZ4vbJzQ,-1,1,1,['838677ae6f338dd946f8020fdc542bff'],0.3082687619282869,0.22405216341478496,0.17936428717304106,0.4772728218282164,0,likely_human,1.0,0.22405216341478496,0.3082687619282869
UC35w6_uwClaKGLVl_-tLWEw,-1,1,1,['55dd061686a73f1b617cb6e44ac666bf'],0.3428317785933398,0.22401813320833416,0.14129178538240397,0.39894842172920125,0,likely_human,1.0,0.22401813320833416,0.3428317785933398
UCrTD5zdxx-Lwh2dNIvHAs3w,-1,1,1,['5f143aa5171477f80bb92d5324be14e5'],0.36594843601363475,0.223906360038147,0.11756549286707783,0.3359774594860543,0,likely_human,1.0,0.223906360038147,0.36594843601363475
UCiVW0pHBlL8MntVl6DVJprg,-1,1,1,['0eb54df194cf804a8765e009d141fd11'],0.32775005803495916,0.2236066116807548,0.18425369724103902,0.38344289773007634,0,likely_human,1.0,0.2236066116807548,0.32775005803495916
UC1vz1FHEAUWhuJedC7933Ug,-1,1,1,['1e31472564b9c0dc68289f20be227309'],0.33003384349889914,0.22326684686211662,0.17127197349234327,0.3953710445108683,0,likely_human,1.0,0.22326684686211662,0.33003384349889914
UCnV8VP3lIBPrEXK31rCi1oQ,-1,1,1,['31f89d39d418857fdc958e5655b2f635'],0.2990172271242275,0.22320770011853203,0.18938438281668232,0.48889379753742024,0,likely_human,1.0,0.22320770011853203,0.2990172271242275
UCa0_SDmpUnBLq2zlvzKpGUQ,-1,1,1,['1f3cfe17be73520085ff0840a314594f'],0.31915335117463406,0.22315522478450237,0.16589287870932787,0.4523811394506126,0,likely_human,1.0,0.22315522478450237,0.31915335117463406
UCoHOjvewS-3Qm7KPMCQFz9A,-1,1,1,['c1b9da6e97201d8c59917be23d75024a'],0.3343364419726501,0.2231096691136351,0.17103721663768323,0.37439417514979006,0,likely_human,1.0,0.2231096691136351,0.3343364419726501
UCXVIkv29htA9rNr1Tibgdaw,-1,2,2,"['43ef0700bbea66dedb0c9a2487ae4e95', '6becff0eb5087192c38790f1c56271ea']",0.34351614756677734,0.22227950212177633,0.12077670739494721,0.4226739227909904,0,likely_human,1.0,0.22227950212177633,0.34351614756677734
UCrf3sz8HBoEUyEP_xw7bglQ,-1,1,1,['c8c381994d7242d933b96a7d934f1185'],0.29490266487601147,0.22213944502192798,0.19741774625776187,0.4846223807536297,0,likely_human,1.0,0.22213944502192798,0.29490266487601147
UCKPbDTbEyXrlXy0DL3Wt6mw,-1,1,1,['84bc2b3f85d5cece6fa9d804b0bc6bcc'],0.31746472454217656,0.22211861366524577,0.18566380930972104,0.4064289336692315,0,likely_human,1.0,0.22211861366524577,0.31746472454217656
UCxs5FfALYvVtL8WzU1qmzMw,-1,1,1,['5053689d812972821f180c592573e125'],0.3009108176543552,0.22191266729158873,0.19719006962446442,0.46605252641407324,0,likely_human,1.0,0.22191266729158873,0.3009108176543552
UCCfgYYO82uuEWrQbpbxNamA,-1,2,2,"['c603657dba996e694db99d4d43209e61', '146110e55bdd6802e0d589affec2d20f']",0.3276944582508653,0.22149758460222085,0.15510769148108855,0.41082589182029644,0,likely_human,1.0,0.22149758460222085,0.3276944582508653
UCi0roWH9FzIKdWYJea1Ruvw,-1,1,1,['bee3e8ca8d64134dcb3f9b42ec6522d4'],0.3050066611725848,0.22144740915581418,0.19251632654178727,0.4532160646847916,0,likely_human,1.0,0.22144740915581418,0.3050066611725848
UCKjfd8qSL7jv83XEw2TEMFA,-1,1,1,['42b6a80dda9432951daf3b29fbfbe06e'],0.32051575596001536,0.22133176277370553,0.17948109466220333,0.39145664333232966,0,likely_human,1.0,0.22133176277370553,0.32051575596001536
UChnJwYOKVOkSP2Px_0vj4wA,-1,1,1,['d2f587399f826b504788639f3a97e69c'],0.3517692719170424,0.22124368155857535,0.1346611506105254,0.34830266011373867,0,likely_human,1.0,0.22124368155857535,0.3517692719170424
UCoQRdglBG-e31AuzcUwkZ6w,-1,1,1,['6de7e1ff59967c4060b9624fedad1a8e'],0.33253688614714466,0.2212127289186404,0.1468320241024811,0.40639853612199434,0,likely_human,1.0,0.2212127289186404,0.33253688614714466
UCHdAu6riUiqViLO3736o_8g,56,1,1,['8175f9a83b79e691c21c348df056868a'],0.3550815308671321,0.22099297779602747,0.10181671830793938,0.30222254432551804,0,likely_human,1.0,0.22099297779602747,0.3550815308671321
UCZJAtHDXaqeRP4xws8tU-1w,-1,1,1,['7b9e846640ebed6342f5d2cf9dc05381'],0.28518056657943175,0.22085235223691652,0.20482062561105963,0.5174806281108209,0,likely_human,1.0,0.22085235223691652,0.28518056657943175
UC3CLRrimiQq-oQ2kpj0qkEg,-1,2,1,"['1809c4a8f41999d32fc32f322c10d134', '43e7857d166a886db9d47c13d2577c6b']",0.30977293645258813,0.2207084525732764,0.18686812106900844,0.42779565897846505,0,likely_human,1.0,0.2207084525732764,0.30977293645258813
UCjz3Gxf9ddXO0he4a8OpcEA,-1,1,1,['235ccce7f5717fce0b8c67cc939e2a56'],0.3224346408484017,0.22060428252973283,0.1700795747107061,0.3955779341212303,0,likely_human,1.0,0.22060428252973283,0.3224346408484017
UCZlNNO6GiXBVaxeAHtuh4pA,-1,1,1,['513a7e9b768b93e2c1033fba8f735059'],0.3512257196287263,0.22012515693331225,0.12468977080513731,0.3635212308595063,0,likely_human,1.0,0.22012515693331225,0.3512257196287263
UCuvZ8JxMvYQzZkDj_90V-Pw,-1,1,1,['45af257e39974d106156984e8e1227b3'],0.3469182654598859,0.21997176417568362,0.119262753498254,0.38818493529170467,0,likely_human,1.0,0.21997176417568362,0.3469182654598859
UC8m664T46NZwxITfB87QFTg,80,1,1,['fc6519e8ab0169f666d32cf92ed9c91c'],0.23187440874745543,0.21986031819375554,0.17579762134979685,0.675877221677151,0,likely_human,1.0,0.21986031819375554,0.23187440874745543
UCM2xSAUurniqjeKSqm7T_wA,-1,1,1,['92f4862294472c319657a74a53c4b382'],0.2777780449717397,0.21963373169936645,0.20139284632377205,0.525474500955771,0,likely_human,1.0,0.21963373169936645,0.2777780449717397
UCHYBIDel9D5aSbA90i_NSvA,-1,1,1,['96efe2eeb67726dae4388114fa8630bf'],0.3561751292559021,0.21959740567754094,0.13274141858957852,0.3207599827646429,0,likely_human,1.0,0.21959740567754094,0.3561751292559021
UCSt1RZV1TwkRwuUd11iWjAw,-1,1,1,['b1f3462736b911859699f5b92c9cc88a'],0.3666880834957107,0.2191570185258013,0.11298439041989801,0.30256281229478593,0,likely_human,1.0,0.2191570185258013,0.3666880834957107
UCWalrPHkQ3Q9ILZeUzByoQw,-1,1,1,['d22c62a9c97d44b5a60aa0aaaf6e989c'],0.3713802142896478,0.21894470621019482,0.10734197098381432,0.28902074184963167,0,likely_human,1.0,0.21894470621019482,0.3713802142896478
UC7-B_bGZKh6xUUe7q6CWwEg,-1,1,1,['77eab60fe74dcacaa27d87c48d9b9b38'],0.3259826842019967,0.21879461601055675,0.14099745063296917,0.41456032121410946,0,likely_human,1.0,0.21879461601055675,0.3259826842019967
UCfCouKXB_tMG85Gd0m_60JQ,-1,1,1,['ea3060317142b5afe40f5ed44dbcd649'],0.3628634568383814,0.21856401931898123,0.12283145809295051,0.3012799576994842,0,likely_human,1.0,0.21856401931898123,0.3628634568383814
UCjnw-mxdK9PTDRYZdMNR_XA,-1,1,1,['c1d8fead40be78de41bc9f6c69a567b1'],0.331101649532462,0.21853980523565114,0.14255569260983886,0.39727477796513166,0,likely_human,1.0,0.21853980523565114,0.331101649532462
UCyRIghZ7vS0n-bKKiNPy14A,-1,1,1,['5b504bcdc22368ccd88083889d921cc1'],0.33967466491415743,0.2182996753668811,0.1459939121864332,0.3647901120116423,0,likely_human,1.0,0.2182996753668811,0.33967466491415743
UC2B6UGkH1aOW37HfCxcx-gw,-1,3,1,"['a02a1d4def5ea5b897897808cf8033a8', '0329039631329816ae4390fa4e9c7def', 'e8083df09d021a2cba9df1c2303c69ad']",0.29521147816766774,0.21824615460872465,0.18691087221625402,0.48776084676307163,0,likely_human,1.0,0.21824615460872465,0.29521147816766774
UCftAIPZHdDYr4DTLTOj4RpA,-1,1,1,['477cc2116efbf7fdb6e8f458369d7f8b'],0.30110849344875135,0.21807491732735673,0.18489426283120353,0.4426937321482334,0,likely_human,1.0,0.21807491732735673,0.30110849344875135
UCmeSTJxoMLrABWWK1xFj6Aw,-1,1,1,['a173cbb6510da6055e640efd6b10c648'],0.287988921001769,0.21800582874154914,0.18143551862009305,0.5161612604224457,0,likely_human,1.0,0.21800582874154914,0.287988921001769
UCP5EA-7Y0ZhR7Wp9Ig0UaOg,-1,1,1,['b9116ff88f599c79033707e0891d98e7'],0.29687055711104837,0.21786615563952105,0.17435012950455284,0.4721672568228712,0,likely_human,1.0,0.21786615563952105,0.29687055711104837
UCqBN5U6GSVAkK72xGW1Panw,-1,2,1,"['04277589c7540698d30ddd075d576bd1', '41f779a3a044a6ae32a2a2a1ce6297b4']",0.3184305880166898,0.21785964427446988,0.14381305854617646,0.4411607613364737,0,likely_human,1.0,0.21785964427446988,0.3184305880166898
UCUpCKlMbgS1Vq9usqkwW6Jw,-1,1,1,['5adaa758faf0b76236806961f7096013'],0.30102067707375046,0.21779449612866153,0.1699033639500744,0.4663726905112815,0,likely_human,1.0,0.21779449612866153,0.30102067707375046
UCsdu-Rf4TspPhvxtBFpKJ1Q,-1,1,1,['f31977263bf26cd6089762e029631835'],0.2722001815498911,0.21744207187319775,0.20698297267233945,0.5205083665272386,0,likely_human,1.0,0.21744207187319775,0.2722001815498911
UCJqc0EZHgerfBzORGEnHp1A,-1,1,1,['f64a49ebfb16347322f6276047e825e5'],0.36248780729598684,0.2174371614659502,0.10274756053928227,0.3303849112413633,0,likely_human,1.0,0.2174371614659502,0.36248780729598684
UCXSmg9ONCTUjo0qRWbHOlFQ,-1,6,1,"['fd8bb2c72329de0a41d28394e11ca3f6', 'ecfe50410592dc7df427f9d328fa95fa', '0697b2a48e2ae7c148c9f443691a8b38', '9dde2d0b59249fda76f9bd8a11bfc96d', 'eacec6d7feeb2e7ae45931422365aa68', '4daa6f58a08843fad5efd3138ee16e23']",0.2840158751166895,0.21721802390619555,0.15952035026093592,0.5625852514887103,0,likely_human,1.0,0.21721802390619555,0.2840158751166895
UCYbYpJadaMM0VdqtwWCFbtg,-1,2,2,"['1130c6eb0ef7345a5d791a51feaa003f', 'cc26645c36b0677d1640aac5266c2c36']",0.3295400534792745,0.21678985384587185,0.12414786867038752,0.4307094239508964,0,likely_human,1.0,0.21678985384587185,0.3295400534792745
UC2sUHj1vtMFacADEfdwFIWg,-1,2,2,"['1bfa7ce2f63f1be90029baf5f52715e6', '8de758b29f3b12136fac58ad38a38db4']",0.2974066756898105,0.21677243465487447,0.1769227220184309,0.4729945722719415,0,likely_human,1.0,0.21677243465487447,0.2974066756898105
UCDJMrIN72nmBWW0GPqjy-tA,-1,1,1,['87ece6d345055a59e891d004ef1e743a'],0.2997732945785846,0.21645436857233225,0.18359826413864497,0.42065402736977797,0,likely_human,1.0,0.21645436857233225,0.2997732945785846
UCvMC7vqyqw9_70nZcfuWeCA,-1,2,1,"['bcd77cd2d433dff15e24b0f902e6432e', '43586fda91003c6db5521123cefc6dbe']",0.3014146071667836,0.21623026599832507,0.1652760139366328,0.46079282704810726,0,likely_human,1.0,0.21623026599832507,0.3014146071667836
UCEhkjuvJUfkN5HJuoF2uaSQ,-1,1,1,['3eef900a3eb5568f2f08c7821b7a4300'],0.2949073281875314,0.21567526980860863,0.1908861615246478,0.4391329771714897,0,likely_human,1.0,0.21567526980860863,0.2949073281875314
UC3VkN_z92a02FAZpata0KxA,-1,1,1,['4057a297038ddbee65b97b00e7e6ce84'],0.32293587581055827,0.21523826200386736,0.1612669013781958,0.3615163658305834,0,likely_human,1.0,0.21523826200386736,0.32293587581055827
UCSMzgS-CDyqKnlmPa_BMZjA,-1,1,1,['6b11f9b5039d1dbd7e0e03d389825b70'],0.276320510075688,0.2151206823433111,0.1487104765725194,0.5966851641009835,0,likely_human,1.0,0.2151206823433111,0.276320510075688
UCqJ5xvNYbHz35GSRrx4n8LQ,-1,1,1,['bce476b9fef6acf054a6e2f26c3d3121'],0.3334687133935028,0.2151039443734917,0.13355125768787912,0.37363315423522336,0,likely_human,1.0,0.2151039443734917,0.3334687133935028
UCsF7YmHLSUQKVm-1yyvAGPg,-1,1,1,['07349bd5e03e4d0d6e86157a0ce22000'],0.32831434016138794,0.21500647741871412,0.13813371689637072,0.38313730232267756,0,likely_human,1.0,0.21500647741871412,0.32831434016138794
UCWP4NGp8SfUy76XvxRUMMPw,-1,1,1,['0c131f2483bbc6184ff129ef3fa4a50c'],0.321856125567736,0.21494549410891867,0.15592175437796554,0.38407839394138926,0,likely_human,1.0,0.21494549410891867,0.321856125567736
UCfEa338QgDlmy5GrXO82qGg,-1,2,1,"['65befeb205260aa3f2df83549a8fe6ed', '9ca9da13eb42a0bc01a65903f3681e2a']",0.2885390648631295,0.21451593830273524,0.16656070442455712,0.5071614378824719,0,likely_human,1.0,0.21451593830273524,0.2885390648631295
UCrtML7737PgoFp6rl4NuZIA,-1,1,1,['094566936bf6193e34c4d4a660e77a2e'],0.3234786080522293,0.21437987379776186,0.149354652111414,0.3781894296749292,0,likely_human,1.0,0.21437987379776186,0.3234786080522293
UCHF06QQT1hHgcQYdr0hhjJA,-1,1,1,['8c3097b971d2e406e67b4da0b22b2c16'],0.3301407953288208,0.21427399300031374,0.13244538862217092,0.3739320715398621,0,likely_human,1.0,0.21427399300031374,0.3301407953288208
UC7N469kEgqmagVCqGpl0pzA,-1,1,1,['27322d0a951e231e238d73fc76a0a63f'],0.26467583124181665,0.2141079265630242,0.21590851075803894,0.4979466373463125,0,likely_human,1.0,0.2141079265630242,0.26467583124181665
UCuRmwTTMUZzi3VQ4xsQJwkg,-1,1,1,['d4796d041fafe59fe445c785fa43a72b'],0.30401167802098483,0.21408163571771216,0.15007567896888116,0.4605977751937147,0,likely_human,1.0,0.21408163571771216,0.30401167802098483
UCnDuK6rxa7gDFkwC6QEOB9A,-1,1,1,['b15c8aadd6324f7288938de6da602bb8'],0.30000503678720014,0.2140078815889238,0.18346297258876926,0.4075501154102952,0,likely_human,1.0,0.2140078815889238,0.30000503678720014
UCefjmV2yE17vnME3Ffmb5cA,-1,1,1,['5867250a3d15563fd8b1194d9e4ff644'],0.3424481066976582,0.21399586934918824,0.12780573891554117,0.3300517295440818,0,likely_human,1.0,0.21399586934918824,0.3424481066976582
UCnMWIblTzW_PtcLAYVIGZ5A,-1,2,1,"['3067d870ce6e138e664afb758e82914e', '5d18f90299df71e52b41b4436ebe6898']",0.2797303984391504,0.21330913329937223,0.1811987640508566,0.5092303388752013,0,likely_human,1.0,0.21330913329937223,0.2797303984391504
UC9bkjU5VZQ16bhGmAoUlC0g,-1,1,1,['a4a308a32d815bf4b7f9fe7d6573efb6'],0.32596591088033067,0.2131490012173336,0.13406026727117548,0.3823071034193474,0,likely_human,1.0,0.2131490012173336,0.32596591088033067
UCWY7a9hFzUUCIBmNPw-egmg,-1,1,1,['9e46e1b4235b6cc54d71c9479f54d968'],0.3241435920432959,0.21311848715251713,0.13501846444040083,0.3921342185602414,0,likely_human,1.0,0.21311848715251713,0.3241435920432959
UCC4JgYdnpvQRvfg4YtTG3qg,-1,1,1,['808267b2f23877da30a0285584d572e2'],0.32043579072946005,0.21286383655100288,0.13714471319271457,0.39960313011594667,0,likely_human,1.0,0.21286383655100288,0.32043579072946005
UCV8QaNgFn0ECGq6AdMMjNqA,-1,1,1,['d80328788c18eda33a993deb53503388'],0.34015502196829855,0.21278954282349835,0.11285120893849614,0.34925467162269286,0,likely_human,1.0,0.21278954282349835,0.34015502196829855
UCtEMxAhuwzzQF_RcA-3eSiQ,-1,1,1,['ae905faa4e961079e9fe7f85fb92545d'],0.30791495383592404,0.21251269084317528,0.17142854830134768,0.3791616694449666,0,likely_human,1.0,0.21251269084317528,0.30791495383592404
UCcEZvo-jG1YSMlmvkCYdcBw,-1,1,1,['131cb7735a653bfaad300749e83ad384'],0.3297435095667868,0.21208453898608248,0.1080365572290342,0.40792175987386986,0,likely_human,1.0,0.21208453898608248,0.3297435095667868
UC1sXcl5DV29YeF1zDDUsj-g,-1,1,1,['79120f8f28332cc72af809360933f502'],0.33418402700845484,0.21189101757182863,0.11338111490038841,0.36900239552169595,0,likely_human,1.0,0.21189101757182863,0.33418402700845484
UCzBUrxMlLkH0PkTAKmxTUBQ,-1,3,2,"['ae8c103eb5a7eeff58b27ce899b02154', '6b7a528ac7b3f954015c2ca38a188091', '465ae644779e86889e15f3597998e97f']",0.30959591661186675,0.21171660787434604,0.14242811865101757,0.42651594027496625,0,likely_human,1.0,0.21171660787434604,0.30959591661186675
UC6jDnt5Yw4mhwVkLZPhG47Q,-1,1,1,['34062736a87987375b2abffaf1ea386b'],0.2674057729320575,0.2116763305639953,0.18191697117428285,0.541808964930233,0,likely_human,1.0,0.2116763305639953,0.2674057729320575
UCwX-2VDNpzVf5-lWW-4vrVQ,-1,1,1,['0fec297d0aff8e5c89007c43b11e6ad6'],0.30983539811678373,0.21152118766080497,0.15933916964581374,0.38322960162515446,0,likely_human,1.0,0.21152118766080497,0.30983539811678373
UClVMURIvK9VoR2Fg3LEq11w,-1,1,1,['d350cdda9de738447b3372507bd8d264'],0.2807434742719229,0.21127987759413983,0.18580916350230098,0.46396910182525486,0,likely_human,1.0,0.21127987759413983,0.2807434742719229
UCVHZccq1NrMQhVt593QlGDA,-1,1,1,['ed5e4347f3defa97e1f4ed45096b8bcd'],0.3376702585649174,0.21100913571654498,0.11939777033048624,0.34228018749730943,0,likely_human,1.0,0.21100913571654498,0.3376702585649174
UC4La1d8rnjb_cOtODyj-jIQ,-1,1,1,['7c4aa61d79256f1bd0aae3ba3ed1f383'],0.30968517568424203,0.21097064512323005,0.14887808354828336,0.4083758774022735,0,likely_human,1.0,0.21097064512323005,0.30968517568424203
UC3lsgvwXKJ3xrFTFtJpCVfg,-1,1,1,['7dcbc2ad357a6314a70c706f4da14e4a'],0.33839730115202715,0.21057326090043035,0.13340942099173697,0.3080084169652541,0,likely_human,1.0,0.21057326090043035,0.33839730115202715
UC-0MFGsYxsWPLQUmauAU0Mw,-1,1,1,['88a97e97c47957ceddf0a7c7697c49c7'],0.2462548479635998,0.2104213211113117,0.20767163832730026,0.575793057563009,0,likely_human,1.0,0.2104213211113117,0.2462548479635998
UCjuAqgsizMFm1Bc7brlisRg,-1,1,1,['ca3d683aa61a4bc5e2d74787c93e7e8e'],0.3259510464488536,0.21019236499168695,0.1439641213002535,0.33789484736543296,0,likely_human,1.0,0.21019236499168695,0.3259510464488536
UCr4vWzd9i4owQum37ssOuiw,-1,1,1,['c55e277b71920ef5bdfb7c971a43f57e'],0.23077404581659758,0.21015828054146762,0.23171768270158788,0.5891443232352304,0,likely_human,1.0,0.21015828054146762,0.23077404581659758
UCgkHEP8kgFLmvjT8gnpv-Eg,-1,1,1,['1cec5f2bff84a5dc76e7952b980ce3ef'],0.2554579208591127,0.2099117615652733,0.19288633555114765,0.5503783793423753,0,likely_human,1.0,0.2099117615652733,0.2554579208591127
UC3mcVIWXNjCtAYo9ce2x7DA,-1,2,1,"['58f65cd3b0935f0311449055f4058c82', '5c16198714364c928d9f3725169f16e7']",0.29916407417979984,0.20976826895262118,0.1609960496469735,0.42323743718311263,0,likely_human,1.0,0.20976826895262118,0.29916407417979984
UCRg0Y7BJ2zfsJK6iSBTuk6g,-1,1,1,['d3bea11bbe001e8cd60516473bf895d7'],0.34707264742544053,0.20976679602611542,0.09895598063296994,0.31832091929610673,0,likely_human,1.0,0.20976679602611542,0.34707264742544053
UCmcTHPe_b8zjsDZlKxo7u9w,-1,1,1,['e31c98823e3836746ad1f0dc00d97099'],0.2610665545337302,0.2095937561323607,0.19995016777381006,0.5100572574469924,0,likely_human,1.0,0.2095937561323607,0.2610665545337302
UCoeGS56J7yqkE2i5Mkq1C0A,-1,1,1,['9cc8792bafd8fde0dbfeb558dcd77ed7'],0.262019015608409,0.20954007708166283,0.2083306899483216,0.5012997536601084,0,likely_human,1.0,0.20954007708166283,0.262019015608409
UCoFnQ1CUBEyidBbo5gizW_A,-1,1,1,['dc1a288d3d48d8edb84b902419b57acb'],0.33751777810743044,0.20875386346766173,0.11897678349906592,0.3210143506042219,0,likely_human,1.0,0.20875386346766173,0.33751777810743044
UC2ze6HLMvstFPfD_uUU2Dsg,-1,1,1,['8751039377dbc8dc438df4ffb8af267c'],0.3110287535397287,0.20850561515004973,0.1334166703533328,0.4119070400918351,0,likely_human,1.0,0.20850561515004973,0.3110287535397287
UCLxDFyhZYr0jNpp2bwRthaw,-1,1,1,['84acbc387d3ab55594d0f5a23fbe9537'],0.2978542705852393,0.20767615718474422,0.13749012422061543,0.45634833459751645,0,likely_human,1.0,0.20767615718474422,0.2978542705852393
UCtKe-6UJN4f33lqBDcA36YA,-1,1,1,['9ae708eda5068dd109b7f890ee50cc26'],0.24615481145288193,0.20651530523728612,0.22708494182839756,0.5074551968093266,0,likely_human,1.0,0.20651530523728612,0.24615481145288193
UC5C3ZWaq8hQrLQhK-bE6Xjw,-1,1,1,['8e9cdb96ec0bdc8547e881ed545c0f36'],0.25959184640359634,0.20529864652262764,0.18621372504127687,0.5097200381564131,0,likely_human,1.0,0.20529864652262764,0.25959184640359634
UCh8zUskcfrvi63dleUGNTUA,-1,1,1,['4bdf7e73e666f94f3827cf45b31fcdb6'],0.3108696554533473,0.20511345113489915,0.13625151527489393,0.35330514233928745,0,likely_human,1.0,0.20511345113489915,0.3108696554533473
UCU6xkiVaGJUjPi3wQ1-Xntg,-1,1,1,['05dcd3fea05fa05e2899b544408a1360'],0.32510150298131474,0.2049085839789641,0.11653919627489859,0.3385492286878081,0,likely_human,1.0,0.2049085839789641,0.32510150298131474
UCjUp_lnBndtjq70PmnTfL8A,-1,1,1,['64cfacde2489ece6c828242a3c23117c'],0.29291458775446344,0.20490008467540943,0.1533412958332622,0.4089615239929657,0,likely_human,1.0,0.20490008467540943,0.29291458775446344
UCBqIsZYNBbDtyGoidQjh_PQ,-1,34,1,"['5c043a7789b348d1dcfcf8abab85bc22', '865e2ea7b2c06c4cfffc9348534e2a74', '616c2e8fafdecf27ae8c03b527e19af1', '40225603989f71840d5c8dee5699e997', 'b61b0962a07a88a7c14c750f429fb75e', 'e158f60828060b05ec1ca0f39be22d12', 'd0aac965077cf666136f5e820db70cb2', 'dd786dcbefc381c833fdac37a4e3b3e7', '4b42ac92a6e081095b774bef081acd83', '6b2f60876be6bf294dd32d7796bb6912', '7768c91f08312c458e4a004d547cc423', '9b2ff6193e07d456fe88959d1853f070', '59eb17ba121af3d222eec7e78ede35b9', '125336d83d94c5715dccb27aec6a1047', '10723bc3d293447d4006046e6509a1f1', 'ebac1eb9b31db99177efa9ca54db8be9', 'e7e17b8049528dc9a5a02203c3ff3576', '3afbe582ddd4cccc423f83f70f8b542e', '99aa89669934c9e0024f474217f2d5fe', '4d5cfe3bffc5ab302d011f6d5f60aaa0', 'fd6a7d1cabc366a765ff6e47a2557494', '7438febea04f2602ba47e2d5d9977c7f', 'a8741816b6e9d25b18c570b9a5f34523', 'c079dbc8f4e072bcbe419491394052d4', 'aa36f2f48ff91de6ba454ebca2f9b1a5', 'a7d5fb4a72c51d8181bd2772bd2c19c8', '75f50aa5b9ab5c17993d63e26710210a', '610d8043f390dd367f83d5420a341336', '3c770a6d2b568d7a229fcbd03fe949b3', '37fc70517ff2c60041c86b2f4d98789d', '1ea049584a528a80d2d6edabba6c2ee7', '1dcf965d94b73d9ae93ff40600274726', 'b9ddfe6d1f546e2eddb2dbd288649bd2', '54b6b62b59f6a0abfb762c8eda18a5c1']",0.2630468717304069,0.20449083542765112,0.16001198957370896,0.5393001984405786,0,likely_human,1.0,0.20449083542765112,0.2630468717304069
UCZjkmUg4ylsRM_uqhV32mBw,-1,1,1,['19cdeac6caf4fda8cbcbd9252f614bfe'],0.23395554377687727,0.2043703961999862,0.22520720604116493,0.5253286781324339,0,likely_human,1.0,0.2043703961999862,0.23395554377687727
UCCJcUDmjK_TQaheR4CzPhtA,-1,1,1,['5e7fa6c01c6731bcbb8b9b2866f8f134'],0.3117386108484038,0.20404479832539005,0.1436593923508029,0.3292244471391055,0,likely_human,1.0,0.20404479832539005,0.3117386108484038
UCy8GP5VZpVJFJeymyL4XJNQ,-1,1,1,['1435c5860b8b25df66406e5073a11ba2'],0.30927657296596445,0.20344822810657132,0.14591355136315481,0.3357481083259719,0,likely_human,1.0,0.20344822810657132,0.30927657296596445
UCLboahbZIFMghpmBQfUVejA,-1,1,1,['bba62e1c1ff52d678577fa1f22ccb585'],0.2591763443704288,0.20344454760544953,0.19817768983611248,0.4568093562880622,0,likely_human,1.0,0.20344454760544953,0.2591763443704288
UCZCN7OxziTqJIClvRayhO3w,-1,1,1,['a4064ecacc6474d03df089641cb2ddf6'],0.3362757204660416,0.20337672270134138,0.08912373431478682,0.3284241644933371,0,likely_human,1.0,0.20337672270134138,0.3362757204660416
UC_YjsatUIXuXJOcztC1PQjw,-1,1,1,['e00fdec2d36e0e450a32e8c97849f77c'],0.3430728815267191,0.20332691008280418,0.0769538084410041,0.3191830303974394,0,likely_human,1.0,0.20332691008280418,0.3430728815267191
UCvXS_utX7LKQD1kpernFaxQ,-1,2,1,"['0bfde80f99c5623bfeb63a0b8c826e2f', 'c07417d83e0f68f3829eeb7c6b854452']",0.2977453159978949,0.20332210246052804,0.09749388888510281,0.4948266008736676,0,likely_human,1.0,0.20332210246052804,0.2977453159978949
UCKIEjKEigyPXQRja0ioFXhA,-1,1,1,['68616f4d8ec6670382923a2dc3443bec'],0.23046083288733935,0.20331992228336787,0.1722909902306959,0.6434528920805079,0,likely_human,1.0,0.20331992228336787,0.23046083288733935
UCa4jJIi4Sb3_5ssh-u8fpew,-1,2,2,"['a062681095404f3e2cd0bc552268c0d6', '8587ce8df4ecb103658970fa497a2707']",0.2697957054770602,0.2032370771460698,0.1628912063191732,0.48352686638213105,0,likely_human,1.0,0.2032370771460698,0.2697957054770602
UCPjIjx5aRJiCQ-7aDRFPYXA,-1,1,1,['93955dcabfd7927e1f69a9200a8882d7'],0.45072985957132294,0.20310213414634146,0.0,0.0,0,likely_human,1.0,0.20310213414634146,0.45072985957132294
UCecZUgcn_6lmmB8Mv-vgmag,-1,1,1,['60d1dc5c41bf9b5ea2aa54226e9d7f1c'],0.4504582409460458,0.20287804878048782,0.0,0.0,0,likely_human,1.0,0.20287804878048782,0.4504582409460458
UCK42_mpjxeX6oX0GzQ1N6LQ,-1,3,3,"['68dc20a6a1639ee584912b50c6dca23b', 'd813b9e74783d3911d47fca4384b21f8', 'bf3bcaff02ebcc24d22dff2ce8c0db40']",0.25746559055229284,0.20286607884755714,0.1873952448176209,0.4909778071039754,0,likely_human,1.0,0.20286607884755714,0.25746559055229284
UCi4W1fiKNdrUlBWqIc3WMsQ,-1,1,1,['730deabf690cefeb8cf4b0a4708d2da9'],0.45036400591278636,0.20280030487804876,0.0,0.0,0,likely_human,1.0,0.20280030487804876,0.45036400591278636
UCogBwKecx8WqTLOHJnS_TDA,-1,1,1,['2102bf9e49a8ff8585048b53fbf78b5e'],0.2834924092147363,0.2026768115728945,0.1447594418918488,0.4436420592598155,0,likely_human,1.0,0.2026768115728945,0.2834924092147363
UCxXH_m8Q-Y6QmWCCag58zLQ,-1,1,1,['190cd71d368cb2d88b74690fecd2e597'],0.2928329188258677,0.2024030553713282,0.13832218063722163,0.4232401489790825,0,likely_human,1.0,0.2024030553713282,0.2928329188258677
UCvtv3u8FCGIBlntSKWUT9Vg,-1,1,1,['91e5b10207635a377a7a2a1a4bfce6cc'],0.28385837947287507,0.20214499450020434,0.17758523442339938,0.3774786320184743,0,likely_human,1.0,0.20214499450020434,0.28385837947287507
UCflGYmmboZa6xXcDMpbKDqQ,-1,1,1,['767939415745f7d0a06635caa65a364f'],0.27874489781920686,0.20198894797037542,0.18000493818903093,0.39995097162183757,0,likely_human,1.0,0.20198894797037542,0.27874489781920686
UCeeANKWkaGjyD55NBzYbMAA,-1,1,1,['c23c900fecfd345c22ae4e9bb97786b0'],0.25072036728079916,0.20179869517507298,0.16168012286752512,0.5488300453602023,0,likely_human,1.0,0.20179869517507298,0.25072036728079916
UCFMR4B_dBPhoMb8ytUdsOvg,-1,1,1,['36201b1e3811dd0e1aa8d0f7146c819b'],0.3287458440831206,0.2016416547942164,0.11285247842328033,0.3006971950562951,0,likely_human,1.0,0.2016416547942164,0.3287458440831206
UCTWk826G2ExSzQpgyRAFoHw,-1,1,1,['8aa44e45f6b0c4e42439b1edbd6f4e07'],0.27268705806098725,0.20117303909598971,0.15631443987483468,0.4700102119426887,0,likely_human,1.0,0.20117303909598971,0.27268705806098725
UC9y69M3xFvryH183t_yUTjA,-1,1,1,['5a1ae4ba420c4c26401a51114b121fa4'],0.31062307825920976,0.2011537023600286,0.15807881855919834,0.29909721401191813,0,likely_human,1.0,0.2011537023600286,0.31062307825920976
UCfkyQvjuHffEhl91D9AflOA,-1,1,1,['0c4e3699e6bc05bca741aaa601b93548'],0.445620842572062,0.2007621951219512,0.0,0.0,0,likely_human,1.0,0.2007621951219512,0.445620842572062
UCKWvJVyGRnU5fEI9v_SQIjg,-1,1,1,['31030e53a329a6b03d358a6fedb33f5d'],0.44561714708056166,0.2007591463414634,0.0,0.0,0,likely_human,1.0,0.2007591463414634,0.44561714708056166
UC9WT9nqofvN3abZeL8M4rCQ,-1,1,1,['42d59eab54d728ba4dbaafb3144f6f1b'],0.2568502501681338,0.20072493124638474,0.16984160904108958,0.503254963142853,0,likely_human,1.0,0.20072493124638474,0.2568502501681338
UCkXMOnBveMOwmnhd_gt3uxw,-1,1,1,['182c44a1ea2fce441506030322df8ba6'],0.44546563192904653,0.20063414634146343,0.0,0.0,0,likely_human,1.0,0.20063414634146343,0.44546563192904653
UCc6sqS21OR6_g5Beb-nBGGg,-1,1,1,['c8ec6f542c4e3f0b4119876d9c705809'],0.445460088691796,0.2006295731707317,0.0,0.0,0,likely_human,1.0,0.2006295731707317,0.445460088691796
UCq5dKC9CRek1K-MKofN9x-A,-1,1,1,['3d2a57773754dcf286910a53a76c1c68'],0.24352172990985674,0.2005938038232148,0.1423159237117487,0.6179897373510257,0,likely_human,1.0,0.2005938038232148,0.24352172990985674
UCagEVczGkolXhFnUe4oC1Sg,-1,1,1,['1e13ea159d8e5ba3206e6ec87cc0ccda'],0.4453898743532889,0.2005716463414634,0.0,0.0,0,likely_human,1.0,0.2005716463414634,0.4453898743532889
UCfjW2aG07v3hy0MdbrpnAag,-1,1,1,['01f607049f55c72b98d3784daa1355c1'],0.44538802660753873,0.20057012195121948,0.0,0.0,0,likely_human,1.0,0.20057012195121948,0.44538802660753873
UCLE7aTdA-uPip4NIgjBzOCQ,-1,1,1,['235f2d6eb6873aba736381bc7cd64970'],0.44524390243902434,0.2004512195121951,0.0,0.0,0,likely_human,1.0,0.2004512195121951,0.44524390243902434
UCWBf6AHwRD752Hi6B8_vF_A,-1,1,1,['46dc6f0eb28f9776b71bee4587f1df99'],0.4452346637102734,0.2004435975609756,0.0,0.0,0,likely_human,1.0,0.2004435975609756,0.4452346637102734
UCpOoStTsmR4yBFORwOwLQFg,-1,1,1,['e2d0cbb94706282ab73dd57ab21903fc'],0.24969641348554203,0.2002757505001253,0.18426332768578937,0.4990110723736919,0,likely_human,1.0,0.2002757505001253,0.24969641348554203
UCpCIpjN0NF01o5QBgUzWVLw,-1,1,1,['83546d2f541f42ad1fa7d43aa2ffd183'],0.2973269087324848,0.20001312356344458,0.1349974454728075,0.36991313775365203,0,likely_human,1.0,0.20001312356344458,0.2973269087324848
UCdRDH2Rqp-qx8SHVVcvQ7eg,-1,2,2,"['bb1a367dc18290c0f2e491f6755d41f6', 'd29606d441d4fd9b73058d21acf8cdba']",0.29410131422197217,0.19996549913647219,0.12289478212766744,0.41777933216425855,0,likely_human,1.0,0.19996549913647219,0.29410131422197217
UCqWMj-5mm6RDCshVZwsJATQ,-1,2,1,"['5f8bd5ac3a66d82b7a117e28d19c6177', 'b1a891e32952dc42006bebf3dc91ae7e']",0.25651391919142685,0.19996267046037822,0.15694590341802167,0.517197408763794,0,likely_human,1.0,0.19996267046037822,0.25651391919142685
UCqY3LzlUqOybn54O22ZhufA,-1,1,1,['5748e93d3f703cc829f0b6c3a994a0c9'],0.30170773530089234,0.1998545329445905,0.12060952747801193,0.3866071531687315,0,likely_human,1.0,0.1998545329445905,0.30170773530089234
UCCGP4Zktxh5Nwi-YG4vkINQ,-1,1,1,['b51159f0888696d2fc90ffb751f93bbc'],0.30933493931768363,0.19969177561249288,0.13072889582082564,0.33704803697734437,0,likely_human,1.0,0.19969177561249288,0.30933493931768363
UCRspky3sgHLiAsZBrQaf4Lw,-1,1,1,['b8e72190d1e2ba8de3e4ad24e9c96f7c'],0.2621015080027559,0.19929830476506116,0.1779347689821214,0.4505733089319497,0,likely_human,1.0,0.19929830476506116,0.2621015080027559
UC_hLguUJ-7pSg3ew3mz-czg,-1,1,1,['d96fd805f6d03a2f1c06311b33f3808d'],0.28592628600953063,0.19921719690607415,0.14300875978458602,0.4087036336856413,0,likely_human,1.0,0.19921719690607415,0.28592628600953063
UCUuDWKZwe3T-fYCoO0T1vyA,-1,1,1,['fe8932de5775cb59ee7f9e2981f7a3f3'],0.44060051736881,0.19849542682926827,0.0,0.0,0,likely_human,1.0,0.19849542682926827,0.44060051736881
UCzWpJn0P9a8Vw6Wdjf5ZMPg,-1,1,1,['ed5a6d53b7184577605bd812ccbbec7e'],0.44060051736881,0.19849542682926827,0.0,0.0,0,likely_human,1.0,0.19849542682926827,0.44060051736881
UCHtdSSRRFnfCX5oI4FN6gOw,-1,1,1,['3563091b5ad5a0e274c25c8efb1bcb6c'],0.44047671840354763,0.19839329268292683,0.0,0.0,0,likely_human,1.0,0.19839329268292683,0.44047671840354763
UC0OD_16O2sSf_Xh7VJzG7lA,-1,1,1,['1b7f7729844d153870735787aaeae1e0'],0.44041019955654104,0.19833841463414636,0.0,0.0,0,likely_human,1.0,0.19833841463414636,0.44041019955654104
UC-GwqpSnGjD9J1ifByMGAWA,-1,1,1,['8acba048e2aca261bc9164aa42f5e461'],0.4404028085735403,0.19833231707317076,0.0,0.0,0,likely_human,1.0,0.19833231707317076,0.4404028085735403
UC_BAQhU7820uJDr2OQLaJdQ,-1,1,1,['a886d3d2286f645c9743ba152d63bb52'],0.26539044127612044,0.1982230124640372,0.17743845237321249,0.4203761123242556,0,likely_human,1.0,0.1982230124640372,0.26539044127612044
UCsacuHZ6VLE00QJenB47Gtg,-1,1,1,['35e69920923a852f8d9823d50b63341b'],0.4401736881005174,0.19814329268292682,0.0,0.0,0,likely_human,1.0,0.19814329268292682,0.4401736881005174
UCMqni-c_0gjrR8PDGZCf5qw,-1,1,1,['074bf57f905929869eec9e8ee417b01d'],0.440169992609017,0.19814024390243903,0.0,0.0,0,likely_human,1.0,0.19814024390243903,0.440169992609017
UCwdPBwbU_daHaqQHMRo1hjw,-1,1,1,['f742ca1b5080a28db96c77d365749f6e'],0.304728267764084,0.19810011431870322,0.10816769209615178,0.3855356959683315,0,likely_human,1.0,0.19810011431870322,0.304728267764084
UCiLyrJhKSmlIWEAXDrj1MDg,-1,1,1,['9d8ee486933f37b471528b99cce39f2e'],0.26293076911520885,0.19798356526859856,0.1711538248240089,0.44540492717956404,0,likely_human,1.0,0.19798356526859856,0.26293076911520885
UCb6w3EkvFlwctKOzelje2xA,-1,2,2,"['b99d06d6211333d0583150c6aca143f2', 'f30106b30deb935f5eb388228057a697']",0.24863812857245365,0.19767625075793616,0.1881292862731472,0.4826565270371744,0,likely_human,1.0,0.19767625075793616,0.24863812857245365
UCBgBk2zUg8Xng1wJuSDBayA,-1,1,1,['6fe2841718c4f26dfa657c5c8b28a66b'],0.28936451160792664,0.19762898577631166,0.12773350112619505,0.4047146387061697,0,likely_human,1.0,0.19762898577631166,0.28936451160792664
UCUPJ3EJulZFj4QE8xkBRu2Q,-1,1,1,['1114911212c26a40c718a6d23bc1f5b6'],0.2879716722117962,0.1971452853816006,0.1353431490938046,0.3981138462774434,0,likely_human,1.0,0.1971452853816006,0.2879716722117962
UC0Gdwc_TvtvtiqiV7l8UxLg,-1,1,1,['45596f26dff19fb32d9f33fec9f0f890'],0.30539468941863124,0.19686480517627786,0.12552450982062113,0.33562836026770126,0,likely_human,1.0,0.19686480517627786,0.30539468941863124
UCHJ3GWaBeVdEkutJa2Ltq7g,-1,1,1,['ca4d5881d2dbb45ccb4f354dd9c7cc00'],0.22818835858079956,0.19664171635712208,0.21485767445078902,0.49360395034685484,0,likely_human,1.0,0.19664171635712208,0.22818835858079956
UC_SzN5xIyot7TkQRilcAraw,-1,1,1,['e98d2990125a6d62b2859df63144e6b0'],0.3015828333525058,0.19639165771981737,0.10876119152025472,0.37944062503356796,0,likely_human,1.0,0.19639165771981737,0.3015828333525058
UCpAE4IiY1pE4S49JGU9uM7Q,-1,1,1,['a5a81fe591435ba07e520127fb128732'],0.43572985957132293,0.19635213414634145,0.0,0.0,0,likely_human,1.0,0.19635213414634145,0.43572985957132293
UCAFAhoh4XBHhX3Zy59hMREA,-1,1,1,['66d45679ae95f9390190ea0bae6668ea'],0.4357224685883222,0.19634603658536584,0.0,0.0,0,likely_human,1.0,0.19634603658536584,0.4357224685883222
UCBF9c5zXr-I-MHLMa-HQjTQ,-1,1,1,['247acaf853a048f4e083d4d40e75784d'],0.43571877309682183,0.19634298780487805,0.0,0.0,0,likely_human,1.0,0.19634298780487805,0.43571877309682183
UCJFp63klRN4YSlRabKHnsNQ,-1,1,1,['93dcff5b4717d856e1cd16b8d6749c67'],0.4356984478935698,0.19632621951219512,0.0,0.0,0,likely_human,1.0,0.19632621951219512,0.4356984478935698
UCsLUdthze6WxGEYKkGKU8fQ,-1,1,1,['640e2024f9ad435266620dcc81f1ecea'],0.30679968362052135,0.19627860980201667,0.10074399072165946,0.36497802604119695,0,likely_human,1.0,0.19627860980201667,0.30679968362052135
UCn8D4ybZOPKNs7mhjfZ3j5w,-1,1,1,['266a3ac51b0317665830afe0c145660c'],0.4354785661492978,0.19614481707317072,0.0,0.0,0,likely_human,1.0,0.19614481707317072,0.4354785661492978
UCPwjewPHFqN0chExJGIHKLw,-1,1,1,['5b30a7835a8163bac3c93f627eec14a9'],0.43547302291204726,0.196140243902439,0.0,0.0,0,likely_human,1.0,0.196140243902439,0.43547302291204726
UCg28DRaVncqepMUYBUr2wqA,-1,1,1,['7198bd0c12e9426f43bfef58eeaa797e'],0.4354711751662971,0.1961387195121951,0.0,0.0,0,likely_human,1.0,0.1961387195121951,0.4354711751662971
UCH2ZTGim7ZfmDVnNMJlpIcA,-1,1,1,['5dc9e5c48ca9d4ec4acc659d8b1b6b37'],0.4353769401330376,0.19606097560975608,0.0,0.0,0,likely_human,1.0,0.19606097560975608,0.4353769401330376
UC22oHzXyXUuI7Dwf4swr5Iw,-1,1,1,['9d83c931c4a930bdb922158f5d4c2091'],0.4353713968957871,0.1960564024390244,0.0,0.0,0,likely_human,1.0,0.1960564024390244,0.4353713968957871
UCauuP1DUgB2CgFxvliEiQ8g,-1,1,1,['fa3895a6478da968d0feef39dd904815'],0.2772253141912537,0.1959209433731119,0.12879843712030392,0.441154750252965,0,likely_human,1.0,0.1959209433731119,0.2772253141912537
UCT4-PFl8WFm7RlvqUDeKljA,-1,1,1,['6affbc2d493c3a0be4fe17ee17a90e1f'],0.2630238546226182,0.19549766599024157,0.16692985194673973,0.4300362445898247,0,likely_human,1.0,0.19549766599024157,0.2630238546226182
UCIYCaMLrLMnI5CyYs0e-TKg,-1,1,1,['803b4d00cdc8d5008e7a0a91e8988beb'],0.25530658983568033,0.19515310692557405,0.17771571619561982,0.4366047389723725,0,likely_human,1.0,0.19515310692557405,0.25530658983568033
UCfcNSUVklxm1orgj6KjHTrQ,-1,1,1,['ea924be5f044717e5efa4ca6df41bc40'],0.27823066816147857,0.19495468447908962,0.15541270688791325,0.3713597438761102,0,likely_human,1.0,0.19495468447908962,0.27823066816147857
UCm38iSLZDAq9oJtRjk5HjUw,-1,1,1,['ced57f8229437af024e1a4985e8127eb'],0.2627889189564143,0.19480712251983454,0.16751900043753323,0.4265928173502004,0,likely_human,1.0,0.19480712251983454,0.2627889189564143
UCrfD2AzGDAYXpRrbkOznWFg,-1,1,1,['dbb0ba67d7098568b0dab8f05d1efafc'],0.4306892091648189,0.19406859756097558,0.0,0.0,0,likely_human,1.0,0.19406859756097558,0.4306892091648189
UCMrjzCQHSgo1r-dS9bVe7xQ,-1,2,1,"['945a39f1e1c2c8c91b50459c7aaa1f71', 'ea2807ee5b859e4ba4b155e807301b67']",0.43059992604917724,0.19399493899057124,0.0,0.0,0,likely_human,1.0,0.19399493899057124,0.43059992604917724
UCC5AiMD0Huaqk7pYxqKguxA,-1,1,1,['11424130657b1f97f8067429323d7790'],0.43031966001478195,0.19376371951219512,0.0,0.0,0,likely_human,1.0,0.19376371951219512,0.43031966001478195
UCZzD4-p1FMLopS8Q_iYqPtg,-1,1,1,['9598a4915b99554eba04fce85d306fbb'],0.4302716186252771,0.19372408536585362,0.0,0.0,0,likely_human,1.0,0.19372408536585362,0.4302716186252771
UCAWiuZ8CZbJgAxg_LH552NA,-1,1,1,['e8da6455f855f152019f521c8c504238'],0.43024205469327415,0.1936996951219512,0.0,0.0,0,likely_human,1.0,0.1936996951219512,0.43024205469327415
UCsjqBB7XGAZlf5ewzyTGEWg,-1,1,1,['d3a184216e13a318275b705337ffc7e6'],0.4301792313377679,0.19364786585365854,0.0,0.0,0,likely_human,1.0,0.19364786585365854,0.4301792313377679
UCN_cQ5l3GUidDATfTag7o_A,-1,1,1,['18716a3333b162b14c9342acdac14ffa'],0.251184803957317,0.19360300727445245,0.18329861978227,0.4259729551385912,0,likely_human,1.0,0.19360300727445245,0.251184803957317
UCmObeN0SPCEz5DgFyzPehxg,-1,1,1,['b89b31f47b6a98756c6cb91a6c7c3ee8'],0.4301034737620103,0.19358536585365851,0.0,0.0,0,likely_human,1.0,0.19358536585365851,0.4301034737620103
UCVzz4vVnvrQf1X4p2_XospQ,-1,1,1,['f6a5db25238aab3402ba608835e6da70'],0.20947939977204477,0.19325376408341383,0.21416124046180235,0.5418884321934673,0,likely_human,1.0,0.19325376408341383,0.20947939977204477
UC1syRUuWi8q4RGXzKuLkfXQ,-1,1,1,['b9dd8ccf04a3ec49988e61d6b0b7d5d4'],0.2694170667078969,0.19319521248800275,0.1414707153449188,0.4106503298416017,0,likely_human,1.0,0.19319521248800275,0.2694170667078969
UCMWNxUAdyvr9TdVsJPC3hog,-1,1,1,['b1c4d3727b4a4bb074b011626449f9db'],0.27261798635170365,0.19218884754503826,0.16151990927711582,0.3516883445057044,0,likely_human,1.0,0.19218884754503826,0.27261798635170365
UCML3IKFPXLuPLBOOtdXKCHw,-1,1,1,['f06083a7f3276db95da2ca351d65c51c'],0.27828877015179293,0.19209436350038436,0.16207056171769005,0.33048444231630614,0,likely_human,1.0,0.19209436350038436,0.27828877015179293
UCutUnR7L15TFhegzrv16lng,-1,1,1,['6078d72040c51eb791587afaa8d79a77'],0.21071517987362445,0.19202367297192677,0.21520375800265562,0.5227074522612328,0,likely_human,1.0,0.19202367297192677,0.21071517987362445
UCkYy3kxIOhtFZMrmhoUitQw,-1,2,1,"['6cafe88e9e27b5bc53ee9820b59bc2e1', '2503ec0f4a2d3e7044be06b7246a3a03']",0.22074551471721524,0.1919521991770686,0.20183490111484986,0.5080047048658829,0,likely_human,1.0,0.1919521991770686,0.22074551471721524
UC8brFWqcjgnhTDZq_hw7R1g,-1,1,1,['72b5b3e619bae8c6ba3bb4e8a6252fce'],0.28252504084215824,0.191875623408725,0.14150868069997924,0.35053975903221973,0,likely_human,1.0,0.191875623408725,0.28252504084215824
UCiujhp7QL7B4qMHragb2usg,-1,1,1,['da167e83c839c41a2832b1db304b4ebb'],0.42553030303030304,0.1916875,0.0,0.0,0,likely_human,1.0,0.1916875,0.42553030303030304
UCwO5jMtv5h7IFzNqrIFj7Sw,-1,1,1,['7779effb5f6c8078dad18640be0e583c'],0.42552845528455285,0.1916859756097561,0.0,0.0,0,likely_human,1.0,0.1916859756097561,0.42552845528455285
UCqACwIAKm3fZIWFL8qjVo8A,-1,1,1,['fabf484eebe3593a2e60b4bc42f0c0cc'],0.42550813008130073,0.19166920731707313,0.0,0.0,0,likely_human,1.0,0.19166920731707313,0.42550813008130073
UCaJp9Yn4cEffctOtAVq3zAg,-1,1,1,['04bcf035061df67fed0d2d66f1360292'],0.42550813008130073,0.19166920731707313,0.0,0.0,0,likely_human,1.0,0.19166920731707313,0.42550813008130073
UCRF31ersViUd1kegojMZKCQ,-1,1,1,['a29bc0e250d6c21d9a692c801bce436f'],0.42547487065779743,0.19164176829268292,0.0,0.0,0,likely_human,1.0,0.19164176829268292,0.42547487065779743
UCmmtPV2qusmpDcozqEKKq3w,-1,1,1,['b8852461e1b885a47578b5243aa235f2'],0.23460925564769866,0.19159441912227282,0.18678546602796683,0.47953031583316297,0,likely_human,1.0,0.19159441912227282,0.23460925564769866
UCbUTGz8R1YHDGUOrwVMjzgA,-1,1,1,['7fc31735fddc527056ad6d707f3a988e'],0.29484315212324586,0.1910801370411853,0.12959057388554834,0.31186051500168377,0,likely_human,1.0,0.1910801370411853,0.29484315212324586
UCy0dWprGeHHUh5l-kobUQ1A,-1,1,1,['bcd99b1f15d1cf1d4e13aacc71548dad'],0.2729853296901994,0.19105088122077124,0.15138553233884955,0.3580892222953945,0,likely_human,1.0,0.19105088122077124,0.2729853296901994
UCAcok1f448Otjieb82zr2uQ,-1,1,1,['bf0c4c369645766fcedb114423f86f0e'],0.23406791655043815,0.19024241461661182,0.17671247771254073,0.479887035580482,0,likely_human,1.0,0.19024241461661182,0.23406791655043815
UCVB6rQIq_YO0E0o22vq7xjw,-1,1,1,['8dcf23620f7eb136afcddf62fb26de1d'],0.2676132915159714,0.19018234053413408,0.14537128295362126,0.40461961257500684,0,likely_human,1.0,0.19018234053413408,0.2676132915159714
UCZHHzf2q57b9ygeQskJ6nNw,-1,3,1,"['1c02410b1d48b8d36dd4b99d354301be', 'c11d9aab5c3f2409b8f02faab53ee2f7', 'ab2139e3c5cc6204b8edd3661e349862']",0.4220267603896904,0.1900470773214946,0.0,0.0,0,likely_human,1.0,0.1900470773214946,0.4220267603896904
UCgHHw2_5Zb27PNblYb6ihlA,-1,1,1,['a134ac88b88b6a4f1afdc2ff86fcde79'],0.24408283167202122,0.18960832736545047,0.18617930901625288,0.42369710629001106,0,likely_human,1.0,0.18960832736545047,0.24408283167202122
UCVnS0ycQ6nj5S0z0j_eWSWg,-1,2,1,"['52fc57319c62fad8b2aa2608e2fed430', '39d22a99ab1541a1180f73926eff48ea']",0.4204899242004067,0.18940418746533555,0.0,0.0,0,likely_human,1.0,0.18940418746533555,0.4204899242004067
UC4niLiWZI4XpghTnPwjip4g,-1,1,1,['794f6f2e12830aae00576c9263e1ad0a'],0.4202827050997783,0.18923323170731707,0.0,0.0,0,likely_human,1.0,0.18923323170731707,0.4202827050997783
UC7ghz_2AFFvoftXlp0O78nQ,-1,1,1,['f21b4fb37d69b0223ccdef8f64dc255f'],0.24936283909518853,0.18811101854803736,0.1829467607633424,0.3787352696416324,0,likely_human,1.0,0.18811101854803736,0.24936283909518853
UCiSdIYTSAryLO3M1d1sSMtg,-1,1,1,['8124350913f9c111736f135f123aca84'],0.2658100477102847,0.18766168231814037,0.16128634855002216,0.3508673611484,0,likely_human,1.0,0.18766168231814037,0.2658100477102847
UCbw9gM5DzlxvMEx9Z68cjUA,-1,1,1,['d3f739bb4c792dd8b1140ca818832009'],0.41571507760532145,0.18733993902439022,0.0,0.0,0,likely_human,1.0,0.18733993902439022,0.41571507760532145
UCMTyXLwY3xuxUwUnkqL5a-A,-1,1,1,['08dcfa2f0074adcc6c8535982f7485f5'],0.4156762749445676,0.18730792682926828,0.0,0.0,0,likely_human,1.0,0.18730792682926828,0.4156762749445676
UCSTJRdxMP65WaTXGGrqT-2g,-1,1,1,['a0d59085393dfb288e721a40c8ced296'],0.41567073170731705,0.18730335365853656,0.0,0.0,0,likely_human,1.0,0.18730335365853656,0.41567073170731705
UCeWRII8Md7Vo41XuiE0CQ5w,-1,1,1,['89b581cfa15c066610b1d75e0ccdfe50'],0.4155099778270509,0.18717073170731702,0.0,0.0,0,likely_human,1.0,0.18717073170731702,0.4155099778270509
UCAenkqlYR6HZcQl300gRQVw,-1,1,1,['f745472dfcdbe428a534704c9b95a95c'],0.415480413895048,0.1871463414634146,0.0,0.0,0,likely_human,1.0,0.1871463414634146,0.415480413895048
UCI_hCGuh0MPnvOR9x6ttCDQ,-1,1,1,['f136d5e56349c225944b929bfe74bdb5'],0.20474457936172447,0.18706150684332215,0.19198949693272938,0.5499136659749091,0,likely_human,1.0,0.18706150684332215,0.20474457936172447
UCojCS7WxogK5V7mY51t-DKA,-1,1,1,['fa286ea36d54f04e1619c49ba44cb2d7'],0.4153252032520325,0.18701829268292683,0.0,0.0,0,likely_human,1.0,0.18701829268292683,0.4153252032520325
UCY__dlu7CU9XCFTzPOZCdgw,-1,2,1,"['615fe9da648a40b1c148c7d95b793b15', 'a09abd9fec5d61270b2769f571cec8af']",0.4153244592346089,0.1870176788685524,0.0,0.0,0,likely_human,1.0,0.1870176788685524,0.4153244592346089
UC-WXj5co89gywZMIdOgLu-Q,-1,1,1,['af8a73ff0764297746405f19d854ce6b'],0.2573753969272787,0.18701505539709198,0.14434992719145742,0.4131275250702229,0,likely_human,1.0,0.18701505539709198,0.2573753969272787
UC9aCmCwOt-YvuzuzYr5b8qQ,-1,1,1,['05e9d36a0319019447f02d6a0727a8d0'],0.1890672001793159,0.18664238075264086,0.2006073857422243,0.6020210743370533,0,likely_human,1.0,0.18664238075264086,0.1890672001793159
UCxj3DAu1ihAOL8Ew16BiSDw,-1,2,1,"['bff03dda36dbdb7793cd3cf9e42f8cb6', '033d4c482b4b58c56fbb1361496bec21']",0.1884918852627303,0.18662114221575435,0.22398964769419086,0.5725976448048011,0,likely_human,1.0,0.18662114221575435,0.1884918852627303
UCLE_ZuaY0sIZ_MFkseXgQ5w,-1,1,1,['8d9321ac100ab2d04d32e3c5957c4dc7'],0.2520357842993456,0.18660444889366368,0.14738049519295737,0.4162091281375674,0,likely_human,1.0,0.18660444889366368,0.2520357842993456
UCdAr1lkx5d4qkNj-oCGBPLQ,-1,1,1,['7dc713e2d757aa63f8c2e690ef4edd1f'],0.23364438669775603,0.18638462130300953,0.17654476083567247,0.4403630284693468,0,likely_human,1.0,0.18638462130300953,0.23364438669775603
UC3ogKqtzn8tm07H8DbWk3PA,-1,1,1,['7d25ccf34a666ef621ef6a73fd76c094'],0.22671727363299776,0.1861348573249181,0.18376024729445525,0.44735075540480684,0,likely_human,1.0,0.1861348573249181,0.22671727363299776
UCWnrGIpI1W9oa5Pf9oN2l0g,-1,2,1,"['74c110f1c726758ecb7ef3320a9312cf', '97fed956d34269b8fb02fa7890807e34']",0.4130583287114069,0.1860856211869107,0.0,0.0,0,likely_human,1.0,0.1860856211869107,0.4130583287114069
UCuN8lYPUFdOKmDaDdYI787Q,-1,1,1,['a7f2b419fc1360e0f167fe810a6ab9ee'],0.41053769401330376,0.18494359756097561,0.0,0.0,0,likely_human,1.0,0.18494359756097561,0.41053769401330376
UC3jHyzqX3mFbFLD4DO3cU3Q,-1,1,1,['6e411f793ffd9c8b013f7c4ceef17273'],0.20223724612611535,0.18458971473788877,0.2119315470321476,0.4991031359661428,0,likely_human,1.0,0.18458971473788877,0.20223724612611535
UCk3zDwtg4YOQf4fSropS2xg,-1,1,1,['bd7c13dcf6999ec7a6593dd1f9fdfc73'],0.19999260105730007,0.18425335141881247,0.21765936374504158,0.4867578218483335,0,likely_human,1.0,0.18425335141881247,0.19999260105730007
UCCupdOX4iuGaByUZpxW796w,-1,4,1,"['eab2310fef3a99ac433603f74916d1f9', '37c893a3a29fde51afce1fd2649ced90', '3ee38f05cdc56b4b7e6310450df7edf1', '762d13b80f935c7736798df250ae0d5a']",0.4091187766055895,0.18424174069961133,0.0,0.0,0,likely_human,1.0,0.18424174069961133,0.4091187766055895
UCLZwhShejAWovrN2m41mWYA,-1,1,1,['71e38321ca35eaa1fab25eced7df9f67'],0.24639942165900292,0.18355671604886425,0.1672208903012627,0.3866156635402237,0,likely_human,1.0,0.18355671604886425,0.24639942165900292
UCq1LzzkyDZj8yG7UAmvVDzQ,-1,1,1,['00f37ee4b8d1f09934ce6ffce94d11d6'],0.248914509783087,0.18292690609068246,0.1534332470523673,0.38794524932306523,0,likely_human,1.0,0.18292690609068246,0.248914509783087
UCNezQBVNhILJiMqN29caIVQ,-1,2,1,"['d5a5013f67ab9ad5acddd5fb0dc16471', 'fb3847f21b4e48f234b7aa26a02d3cd1']",0.24736360988618344,0.1827500991676126,0.1676266271953351,0.37917366224835963,0,likely_human,1.0,0.1827500991676126,0.24736360988618344
UCE0TQA_vTE8pA4Bi9uZsXIA,-1,1,1,['1e0bb6c3baacc93a1da6f5ee315d3e21'],0.4055672579453067,0.18271798780487802,0.0,0.0,0,likely_human,1.0,0.18271798780487802,0.4055672579453067
UCB_v65qZoOMKHQMZe5yWN0A,-1,2,1,"['8d744613ac483e38dee46f5f5e728ad4', 'b83dfcd188cbfd5c5c295aaadba2aaae']",0.23743608492068657,0.1827022873885901,0.1845218066819654,0.38758688653916595,0,likely_human,1.0,0.1827022873885901,0.23743608492068657
UCq8nw-_swaPrAoPApUAPC-A,-1,1,1,['cd61f598ac35af1c268e20dfae13fe00'],0.4053252032520325,0.18251829268292682,0.0,0.0,0,likely_human,1.0,0.18251829268292682,0.4053252032520325
UCPrPRaY6vlr-aMGqjtMIZkw,-1,1,1,['ca7af533f568d63e42d6c610c6d6abfa'],0.405290096082779,0.1824893292682927,0.0,0.0,0,likely_human,1.0,0.1824893292682927,0.405290096082779
UCjLCBOhvRZpU_igpKc6UMjg,-1,1,1,['4c382625e78b457054c1f5efa72f2cd8'],0.24407896555373984,0.1819957467734643,0.15789648001688647,0.39043520997109443,0,likely_human,1.0,0.1819957467734643,0.24407896555373984
UCGiGhDVSBmLRQXSQjEKofVw,-1,1,1,['0957925ff0185d289bcfe508b9dcb587'],0.21099656710268025,0.1813734479295303,0.19915356711215315,0.4599511521899947,0,likely_human,1.0,0.1813734479295303,0.21099656710268025
UCv3dcP7SOvFU1JG-pHlUiww,-1,2,1,"['a825f9dede0fa44b3f08c2959f80a9d9', 'e236e15a2bb6460e70835abf6035bd4b']",0.40275143279718983,0.18133243205768163,0.0,0.0,0,likely_human,1.0,0.18133243205768163,0.40275143279718983
UC4BrmHU_W01-Egv8KztRMhw,-1,1,1,['de5c8fe08820374824b1b3660eb6dce4'],0.23738832443568827,0.18106135394045397,0.14296417362115824,0.44565488332922026,0,likely_human,1.0,0.18106135394045397,0.23738832443568827
UC7VIwlmfXD2FZVFjBbjDJZg,-1,1,1,['6eab9b1345434551f8384f488d46bdb8'],0.23863513406499315,0.18081956481048905,0.13002932251371657,0.4585639607593451,0,likely_human,1.0,0.18081956481048905,0.23863513406499315
UChDo8P7DoRTfSO190fhqICQ,-1,1,1,['88cc614459608062020b274d05917039'],0.4006208425720621,0.18051219512195124,0.0,0.0,0,likely_human,1.0,0.18051219512195124,0.4006208425720621
UCGk9pC2zRifZqLFPnlEdUPQ,-1,1,1,['fcb35e1b9b2a09eeeacf1d36f71dd8d2'],0.23826025256329747,0.17985886318105046,0.1517325103106865,0.4016812782208383,0,likely_human,1.0,0.17985886318105046,0.23826025256329747
UCFeENAbpXmPrACJZxUJ4GpA,-1,1,1,['b301b0fb9dfa6a1c73ba5931bb91ccab'],0.2188199123430592,0.17970543764225874,0.16729660557678575,0.46996411473937966,0,likely_human,1.0,0.17970543764225874,0.2188199123430592
UCumTiSUMMP51WtHlW4MsxVA,-1,1,1,['e73626094d04e2a31978b4e5bfe45020'],0.21061134199976717,0.17936831536449357,0.21147551607861922,0.4098387949149003,0,likely_human,1.0,0.17936831536449357,0.21061134199976717
UCxMWOr4LtsHJbCm_fSWJbrQ,-1,2,1,"['2b606360d43d03e05d405d071cfdb56f', 'd3824f12885accaabd05bdef2949beed']",0.39770428914771677,0.17904353854686633,0.0,0.0,0,likely_human,1.0,0.17904353854686633,0.39770428914771677
UCsFXoCtjaE1fx8o8kElgUxg,-1,1,1,['3e4c1db986fc4844f5c2e6e4543373e9'],0.1829806571325358,0.1788163751293454,0.17513868704861058,0.6033626749012411,0,likely_human,1.0,0.1788163751293454,0.1829806571325358
UCEffhQ8RrH5sp6C3898K2vA,-1,1,1,['76c65dba995ad41f7f716d1fa27da722'],0.17399721347323638,0.1787855044669386,0.18682577148165638,0.6209831462778304,0,likely_human,1.0,0.1787855044669386,0.17399721347323638
UCCwFWQN38GZ1_8Gmmyy5JOQ,-1,1,1,['c41fc5b0204b5f076ee3b44c7ef9b63e'],0.20934058400618935,0.1787818684685008,0.1641242513189776,0.5040123924763132,0,likely_human,1.0,0.1787818684685008,0.20934058400618935
UCUHhFRDz1F-DdRioWlraDDA,-1,2,1,"['1f433abb5657865e4d7b07a4126f8730', 'e25320cb45e29819b3dd350b232c5736']",0.2166827049878487,0.178364528190079,0.14652099885383063,0.5045774211749448,0,likely_human,1.0,0.178364528190079,0.2166827049878487
UCSbOFVVM2JmdUSfsceVoMZw,-1,1,1,['082973e1b42fe48a4f5dd1463cc78af6'],0.3955838876570584,0.17823170731707316,0.0,0.0,0,likely_human,1.0,0.17823170731707316,0.3955838876570584
UCGJY1A_hY_c7BmbHoOsIsHg,-1,1,1,['e173925b0e87dc78aca249f0a46eb1be'],0.22412690787228115,0.1781960123702606,0.16354423761255876,0.4339113505302874,0,likely_human,1.0,0.1781960123702606,0.22412690787228115
UC_uuAGP_-VMiA2L8QaKQJ5Q,-1,1,1,['b7e2291121ed533cf213c753b45b281b'],0.3953972653362897,0.17807774390243902,0.0,0.0,0,likely_human,1.0,0.17807774390243902,0.3953972653362897
UC3uZ1UCC1uihIP-aov7az9Q,-1,1,1,['48e7b9575dd13184ca7681257a32721a'],0.25594454598033634,0.17777152330630597,0.1355015587167338,0.340270788892473,0,likely_human,1.0,0.17777152330630597,0.25594454598033634
UCxi_rPl6e18BCytBo9YCPkw,-1,2,2,"['e74c167ee0a9373a7ad3845898c0ac89', 'fe9d8a536aa4ad148970133375c292d3']",0.241752013462519,0.17773097143006203,0.14180487938364014,0.4030116794718297,0,likely_human,1.0,0.17773097143006203,0.241752013462519
UCBvO-SqvMX_MDTVt7gNoA7Q,-1,1,1,['1da79e130186a2e8a50ee6cc080cea65'],0.17477985215052885,0.17753899571311554,0.21169775054649756,0.5553462241905439,0,likely_human,1.0,0.17753899571311554,0.17477985215052885
UC7unsJtxDCjKfd049MpxNIw,-1,1,1,['4b4028045ff794583e7957ee99d27f1d'],0.20256864994876295,0.1775382679696217,0.17999207938170472,0.4789341154840331,0,likely_human,1.0,0.1775382679696217,0.20256864994876295
UCGx8vojw6VufJ4OSJyfqJYg,-1,1,1,['6f5fdd6589abf95269e2bb68b938762a'],0.2534155096479825,0.17751106015840812,0.1310363652319251,0.3774424314189695,0,likely_human,1.0,0.17751106015840812,0.2534155096479825
UC9-tZ7E3KYvz_EAQdOQRCyw,-1,1,1,['49024f3ad2dc203ddc9bcf1d9dfc43e1'],0.2357026896417633,0.1774992025269316,0.1588628129219914,0.38469797781357823,0,likely_human,1.0,0.1774992025269316,0.2357026896417633
UCR_e-BWh0LZqj03tns5TWBA,-1,1,1,['c28e5e4f71f88f99b920b4b14d7081da'],0.17037999124632372,0.17724627620251376,0.21227850271470539,0.5877362289429889,0,likely_human,1.0,0.17724627620251376,0.17037999124632372
UC7We4Du8uEbt8jiPNlXZQpA,-1,1,1,['fdfc361cc9c19bec6fe4d444a7c2902f'],0.17611923563396756,0.17643789527455825,0.19426140032085146,0.5725976448048011,0,likely_human,1.0,0.17643789527455825,0.17611923563396756
UC8VybL6Sl2P2je3H9q8JmWw,-1,1,1,['4240545acbe5119d7c5adc0000e52ed1'],0.19120865009320692,0.1763743793448686,0.19669511937656498,0.5014902845537852,0,likely_human,1.0,0.1763743793448686,0.19120865009320692
UCYhVJ7rcBMyIc1ejhnZ4u4g,-1,1,1,['92e29a93abc657c826eb8bd6a77cde9b'],0.19375282768764704,0.17557324496441473,0.2101529237856306,0.45841439919301463,0,likely_human,1.0,0.17557324496441473,0.19375282768764704
UC6KbEa3JA_BZixvZ2TB9yqA,-1,1,1,['723fd22bbce215d8ea6e05da0e0a5717'],0.16891991484876587,0.1751074050259298,0.21454637677445082,0.5434450644794258,0,likely_human,1.0,0.1751074050259298,0.16891991484876587
UCr-_c7AbOU_fjkDRm_8nU3g,-1,2,1,"['ebd64210ef659aa2ee62c58c2d59efcc', '2aaccae3c34bd5ff476b8c6a31c07617']",0.18558721078750579,0.17428953898150013,0.18531231955980504,0.5271441455848043,0,likely_human,1.0,0.17428953898150013,0.18558721078750579
UCwWaUdbow-ImBlMizUMFL_g,-1,1,1,['f83b30d99a0ced23c2486c26f4be03ec'],0.3855672579453067,0.17371798780487804,0.0,0.0,0,likely_human,1.0,0.17371798780487804,0.3855672579453067
UCMtfoHfegkwitaCnKKSNX5Q,-1,1,1,['c2e452d04e97b53fa1c8958fc3c417f5'],0.19176749215705957,0.1730014797100017,0.15402324398761508,0.5627135560644536,0,likely_human,1.0,0.1730014797100017,0.19176749215705957
UCB92O4OLprReUKtlxsukJnA,-1,1,1,['23f6093908c07ed4cc033aad02989eac'],0.2704184272602627,0.17266917997648903,0.09348601032671418,0.31281723044642334,0,likely_human,1.0,0.17266917997648903,0.2704184272602627
UCK-v4pqF8vZ2d4lUVB6vurA,-1,1,1,['5b9a2b28ea87b604614658b07bd9c8f9'],0.19411105821263824,0.17185238545652892,0.1968658483859824,0.4391571118754075,0,likely_human,1.0,0.17185238545652892,0.19411105821263824
UCp--A0CaSt0L4LNb2z8f7zw,-1,1,1,['28759f26900d665a648bb77a5c4c5bea'],0.20130167081070005,0.17149929305834666,0.18954986326329296,0.4125237708987285,0,likely_human,1.0,0.17149929305834666,0.20130167081070005
UCzuQDvpHv3j-p27gtzVE5Zg,-1,1,1,['4551ba583b23d6d23d07b82af57e9d7f'],0.20271857574174426,0.16974659783072005,0.15890756708679132,0.4411322897717668,0,likely_human,1.0,0.16974659783072005,0.20271857574174426
UCGHD7SwBYFalykKia94ZtmA,-1,1,1,['4b03321d0437a519e2e70f6f0d1376b5'],0.18236500059352484,0.1692657278871413,0.1625014566501961,0.534395206443253,0,likely_human,1.0,0.1692657278871413,0.18236500059352484
UCZPRNYSRxWkxNIpvjx6O6Hw,-1,1,1,['2222fa56bdd73903148faf808a735fa5'],0.375310421286031,0.1690060975609756,0.0,0.0,0,likely_human,1.0,0.1690060975609756,0.375310421286031
UC_vWPhc_8545WaArToRNh5w,-1,1,1,['b393a3453424899ece0b7ef491bda274'],0.17907076841712566,0.16891597153565463,0.19146294603809846,0.4893840171744362,0,likely_human,1.0,0.16891597153565463,0.17907076841712566
UCNPAtJBTowM-etaowaXK9gw,-1,1,1,['4208421bbda1e2895001597196cf3315'],0.20042367835537836,0.16885900545030752,0.18336284028268182,0.4205701644746171,0,likely_human,1.0,0.16885900545030752,0.20042367835537836
UC24-wQLoDACUtKVJF_xl6VQ,-1,1,1,['9d3f2cd3e1da08a96c6c343f1dc753aa'],0.1772207113799248,0.16823391394869086,0.17145919499500303,0.5357724440695107,0,likely_human,1.0,0.16823391394869086,0.1772207113799248
UC0jqRt6hUK4cVB6Jkb1DRwA,-1,2,1,"['903ac3158cb806820f3591b680ef34d1', '33b93d6996b1344197bcf573ed792a03']",0.17631848254264973,0.16813767144467606,0.1804713184644863,0.5257996834599448,0,likely_human,1.0,0.16813767144467606,0.17631848254264973
UCcP2Rauokc_02hgsKsfya3Q,-1,2,1,"['ac8be68067ca79041da110b194e4b511', '3af62b71ed4d838c1c15c19c00194363']",0.3727366426326493,0.16782023017193567,0.0,0.0,0,likely_human,1.0,0.16782023017193567,0.3727366426326493
UC0QjqNEzFG2adTEt0IWdEfA,-1,1,1,['5b7d58bf3cf2e51979719edd64436b68'],0.22433175621634566,0.16755297567640776,0.13712311534426427,0.3891248321116116,0,likely_human,1.0,0.16755297567640776,0.22433175621634566
UC8oPZYJa7BJjVc5xEaYmiHw,-1,1,1,['ff7cdd0676d373db963f4b2133d6fffc'],0.19590512403533275,0.16737246198581657,0.15691229887811814,0.4553557937471242,0,likely_human,1.0,0.16737246198581657,0.19590512403533275
UCQqlAR141yniCRjiJToQwLQ,-1,1,1,['54506f598b6ee0cce03875474a9a3f7a'],0.24021263346062544,0.1669165534214393,0.10998770993908324,0.35486662033345767,0,likely_human,1.0,0.1669165534214393,0.24021263346062544
UCSNPohTpH0TwIC1Qb1_RpKA,-1,1,1,['00407995ccaa4380910f634dddb1c7b2'],0.37038248337028823,0.16681554878048782,0.0,0.0,0,likely_human,1.0,0.16681554878048782,0.37038248337028823
UCcGTahl_deaMtPl8oFWVa2w,-1,1,1,['ce09c934185bd72f7b974385f74499b6'],0.2268170148119772,0.1667383348026859,0.12164921617107395,0.3880051837992842,0,likely_human,1.0,0.1667383348026859,0.2268170148119772
UCKAV-1RIMSXINXUp6ipSFNA,-1,1,1,['70cdcfa01aadb81af08ca6d40b76ebf9'],0.22088890306451062,0.16668449502540186,0.1335276523729116,0.39467323098425444,0,likely_human,1.0,0.16668449502540186,0.22088890306451062
UCy7x7DpB__OiAOQrBUXgR3w,-1,2,2,"['0ccb06a1401831913c138ec3426beb3e', '06685d06e37a2c449194bcc82047192c']",0.19168051504858374,0.16601507626075285,0.16428879881876723,0.4509687377597545,0,likely_human,1.0,0.16601507626075285,0.19168051504858374
UCXk_8drb2ZaBE_ZqjJ3YMfw,-1,1,1,['c1f2cf682b6b51ea65f921f90b2e1a8e'],0.20275042242663432,0.16565717256618298,0.19214184944781396,0.3531288333358038,0,likely_human,1.0,0.16565717256618298,0.20275042242663432
UCXys7l5vwc-Fs7Dgqd7g4Jg,-1,1,1,['94a1898b69458c62b3a8c2cd5f68345f'],0.1881339359400672,0.16524128455576514,0.18629296710923413,0.4114149372020608,0,likely_human,1.0,0.16524128455576514,0.1881339359400672
UCor_y7T3fndL-bBlDtJOKjA,-1,1,1,['968f7adf7654ceba4c34428d49f41c32'],0.2203619754055373,0.16451412317291955,0.13561879751990857,0.36547888369219306,0,likely_human,1.0,0.16451412317291955,0.2203619754055373
UCM5kqPaw-oxj2xbW1vtC5Tw,-1,1,1,['4222b9d2803a73aea12958c352007570'],0.17672559367856958,0.1644873686066194,0.17483246578577463,0.47552292943262814,0,likely_human,1.0,0.1644873686066194,0.17672559367856958
UCuKcIHAuUbFZshEd0TMt46g,-1,1,1,['4b4adeb2d5422b6903a3d20979dea177'],0.1673532428548423,0.16332975735408695,0.18531748801682016,0.49443082131944516,0,likely_human,1.0,0.16332975735408695,0.1673532428548423
UCOIZTYpxah43zAGOXC8Y1tQ,-1,1,1,['9d88c11ce4d790fe9bb13f2eb2f61b36'],0.14570502220010875,0.16312550398978148,0.22263855811184097,0.5227626843317303,0,likely_human,1.0,0.16312550398978148,0.14570502220010875
UCB6sQMIDwOSv744E_E6on4g,-1,1,1,['c38ab7461c8ea4ed3ad7e8eadc2ca83f'],0.17899603646624038,0.16311416237111936,0.1717508451641996,0.46735801072719463,0,likely_human,1.0,0.16311416237111936,0.17899603646624038
UCZFlFA_f1WCwrYZhpxgM3oQ,-1,1,1,['7872075fdb759cc9f7667065a1a85c6f'],0.36028824833702877,0.16223780487804879,0.0,0.0,0,likely_human,1.0,0.16223780487804879,0.36028824833702877
UCEkJB4ZLOKt2aWFOg9H-FJQ,-1,1,1,['d30677f5949909bb1b9fb83458fab53f'],0.36012564671101255,0.16210365853658537,0.0,0.0,0,likely_human,1.0,0.16210365853658537,0.36012564671101255
UC1wRRuCBKkUDnVCayfrl-Mw,-1,1,1,['fa38e1d4ab577de22764848cc4746558'],0.3600776053215078,0.16206402439024392,0.0,0.0,0,likely_human,1.0,0.16206402439024392,0.3600776053215078
UCZxDJs_sy3giFze4o6NWxXA,-1,1,1,['975b1a1866308c0f4100c2a3373d852f'],0.19481470534758516,0.16200490981406582,0.15675490099475614,0.41517333953680147,0,likely_human,1.0,0.16200490981406582,0.19481470534758516
UCsjL8c7bWzM074u9Z3CihQg,-1,1,1,['e39dbed0f9c94756221d5dafbfb3f5a3'],0.15135072238194355,0.16192037275911025,0.1974179360092778,0.5304237841451563,0,likely_human,1.0,0.16192037275911025,0.15135072238194355
UCeNkK9i43pMN07b55h7zrcw,-1,1,1,['948ce27d2bd158ff182b97d05a941230'],0.1736905687679887,0.1618482398649906,0.1877671243074118,0.4425670478991298,0,likely_human,1.0,0.1618482398649906,0.1736905687679887
UCtuHzmfhd3xx54Bhr9M6pcw,-1,1,1,['c94f1610638c1b5cdc3f6fbbeb07a59c'],0.18316902150316405,0.16156029869305527,0.14349795157561956,0.507881729788139,0,likely_human,1.0,0.16156029869305527,0.18316902150316405
UCaFJZgu-lkZ4q5aT0d8JH_A,-1,2,1,"['2a2849e4496159adb2957f8d0ec2e7a0', '6b39e75c1b5b8fc08d027b215edf01bd']",0.3577542059530412,0.16108471991125903,0.0,0.0,0,likely_human,1.0,0.16108471991125903,0.3577542059530412
UCzEdaazE4Do0aDz-Y3pWinw,-1,2,1,"['f5ed73342f15d254460f82081fda93de', 'c49572350c06cc182f9056a5e97bd088']",0.35772000369754114,0.16105650305047145,0.0,0.0,0,likely_human,1.0,0.16105650305047145,0.35772000369754114
UCLx4B8bnDGQlUjYjLQ-093w,-1,1,1,['723f6c041a86f7ca5f1eb08a717e578f'],0.24001952431469342,0.1608763044788802,0.10257682772372592,0.3184296954188804,0,likely_human,1.0,0.1608763044788802,0.24001952431469342
UCM44GZj3nWOqRDzUkVnZTxw,-1,1,1,['9f4af21d9031c8bf6663963ee3342bd1'],0.14500527015847747,0.1607187524248846,0.1912018733309168,0.5567109054811914,0,likely_human,1.0,0.1607187524248846,0.14500527015847747
UCqzaAuvyneg0k4TmYCANYXw,-1,1,1,['59663c4e77604522d0268ee74db70c33'],0.20543626457378192,0.1602813480094094,0.12762131215120337,0.4040927591509669,0,likely_human,1.0,0.1602813480094094,0.20543626457378192
UC9jH3_n3VYb6qSS1zcyp3qQ,-1,1,1,['3b2da2395c5436640af954a221484ece'],0.2157450532823369,0.16026231229493085,0.14365517808327594,0.3373422432668415,0,likely_human,1.0,0.16026231229493085,0.2157450532823369
UCpv5nsVDJjZiZwDcylvecqA,-1,1,1,['7f4ba1d6eb5311b39bcffd7465870859'],0.3554120473022912,0.16008993902439025,0.0,0.0,0,likely_human,1.0,0.16008993902439025,0.3554120473022912
UCVTbD7dDtP5tmOBHA67cbrA,-1,1,1,['171f13246572a69e11ac13e29195140b'],0.17870742578143528,0.15963643871075955,0.1426232805242248,0.5021312298540838,0,likely_human,1.0,0.15963643871075955,0.17870742578143528
UCPcBLaaoEKcVSyI_OstH2ag,-1,1,1,['310266f3e57fb2850c07af7d67f61d81'],0.2141325500570336,0.15935729336894938,0.12825714672331687,0.3647901120116423,0,likely_human,1.0,0.15935729336894938,0.2141325500570336
UCQjwpJDuBCr-MRbYwqoX6rA,-1,1,1,['905a5d959f5da97e245340c3ac1fd29f'],0.17857023610923686,0.15911961843498676,0.17733717660049808,0.4212803454173563,0,likely_human,1.0,0.15911961843498676,0.17857023610923686
UCbNH3tNnFJgxTIXHHUGYqmQ,-1,1,1,['425c7a4f2717d636d3b0335788c25a47'],0.21537205935499035,0.15891182197218584,0.11636015299002862,0.3757873793011102,0,likely_human,1.0,0.15891182197218584,0.21537205935499035
UChgnbJaVg2sK4dUy5Zyk0Xw,-1,1,1,['9a1d87704bb456335069826a653be62d'],0.18812262206101177,0.15828937526320666,0.17162129473065052,0.3777851394091362,0,likely_human,1.0,0.15828937526320666,0.18812262206101177
UCdn0s-7xK_t9U185JF1envw,-1,1,1,['ebfba25dbc2d7c07bb46cce42bfdd349'],0.20547745286092514,0.15735027259383405,0.10936318004324835,0.4054209794518531,0,likely_human,1.0,0.15735027259383405,0.20547745286092514
UCOj6uqdNVO7mTk1HkOkKM1w,-1,1,1,['9f2ce6c53d53478a40da3d85d236eebc'],0.18000395923273035,0.1570147037389302,0.19287635897182387,0.36744396367772447,0,likely_human,1.0,0.1570147037389302,0.18000395923273035
UCmm5HovW4wlKaPhdV9fNQWw,-1,1,1,['b6ce1be6f5ca8046af424e42e7506e28'],0.155621010563182,0.15689034524118878,0.18614259100976774,0.48853470996028703,0,likely_human,1.0,0.15689034524118878,0.155621010563182
UChCu1BopnMxU9Zzt-vospPg,-1,1,1,['5056d5ebd02eeff9796086b1532a0fce'],0.21278633775950706,0.15598371322289173,0.12363008403502264,0.33555428939357257,0,likely_human,1.0,0.15598371322289173,0.21278633775950706
UCq3iEmG13pUTmCMKoBQvOdg,-1,1,1,['c54f78947cf8314e9bb3b3e2efa8f01f'],0.18959779684978173,0.1543476400483006,0.15130638648407957,0.371756211335382,0,likely_human,1.0,0.1543476400483006,0.18959779684978173
UCsX16Caq8Ox3n6bX3_PAiRg,-1,1,1,['adb3b5b961896f7554b4e431c29c4b5a'],0.20375868983187512,0.15424000635530657,0.10822873366853257,0.3933000901233669,0,likely_human,1.0,0.15424000635530657,0.20375868983187512
UCJHRfY06qgKLCZCC5CAFvag,-1,1,1,['8f30ec491a66aa0e9216428803a10ccb'],0.17594700239755878,0.15401953893012796,0.13247280596417607,0.4846420707531527,0,likely_human,1.0,0.15401953893012796,0.17594700239755878
UC_ZgXI9apb0U0PIKd4-8hVw,-1,2,1,"['95773593093f51da4f4a28e6d32a7bf8', 'e14d915beec03e8b6a9a025b10d062cb']",0.14379354682810078,0.15372364606262287,0.2003633313415636,0.4906990785702715,0,likely_human,1.0,0.15372364606262287,0.14379354682810078
UCLAa91wDB2gAO833k-p1zLw,-1,1,1,['d31653296ce0817fa92288bc0a3d3ad4'],0.18921280515818234,0.15317130810459478,0.14773373881356466,0.3715236823302917,0,likely_human,1.0,0.15317130810459478,0.18921280515818234
UCuaPy0suLHvjv4a3R9hLwoA,-1,1,1,['de8f472f19ead2bb63a52674a2e7a973'],0.17294745552096863,0.15296685595841425,0.19321686473425595,0.3756759273291291,0,likely_human,1.0,0.15296685595841425,0.17294745552096863
UCiaIi9oU_CS6ihQimVRBOJQ,-1,1,1,['695750dcabdcbbd9886dd2afd9aed94b'],0.17192153883764008,0.15276087561175108,0.1705615723053962,0.4006045283297081,0,likely_human,1.0,0.15276087561175108,0.17192153883764008
UCVYq4L_frNmodog1BVPNMHA,-1,1,1,['2c02e0094a46ddb83d57ff6b80c7c3b1'],0.1711837277296297,0.1523295105801873,0.18045454357978416,0.373394711813486,0,likely_human,1.0,0.1523295105801873,0.1711837277296297
UCEaXnTLIrQj-RvqUPZ7q6qw,-1,1,1,['4dd8fa3374da5c6c6b8a13245ccafbdc'],0.16956330961721858,0.15218076293619887,0.15948387314402757,0.4282952860839333,0,likely_human,1.0,0.15218076293619887,0.16956330961721858
UCpDXvflGqt1l-hUSkSKbFtg,-1,1,1,['ea986a3cd60aa75980cada0618c3f85f'],0.16848791366596352,0.15154476551054624,0.15964668633820592,0.4296031258572117,0,likely_human,1.0,0.15154476551054624,0.16848791366596352
UCndN8d2Px1agmjFkGeQ6v7Q,-1,1,1,['26c5f13fcc18427a1ab46709d54f3941'],0.19900561119490975,0.15068480275179544,0.1408343239769553,0.3173651210418571,0,likely_human,1.0,0.15068480275179544,0.19900561119490975
UCrE7M4C5aRquuMRKLNqHXcQ,-1,1,1,['fc9cf1eec75994f2e2fd634ed69f1ede'],0.1486831617792946,0.1496559719286258,0.17667999930978598,0.46746723833362136,0,likely_human,1.0,0.1496559719286258,0.1486831617792946
UCQeD3eIybMhk-xkevJSsR7A,-1,1,1,['22eacf41d34053cc44dfa897f4ccdcbe'],0.3302032520325203,0.14866768292682925,0.0,0.0,0,likely_human,1.0,0.14866768292682925,0.3302032520325203
UC95F-6oWWN_xcF8LYqnkPBA,-1,1,1,['12fc3426c655d8fdd3496f3dd4ac657b'],0.3301866223207687,0.14865396341463416,0.0,0.0,0,likely_human,1.0,0.14865396341463416,0.3301866223207687
UC19vDD0xuulm-XddkcozXbw,-1,1,1,['ba9a0a378349e9666599e0c0662838db'],0.1597588084874863,0.14826888199054603,0.1823823026607939,0.37883422298574176,0,likely_human,1.0,0.14826888199054603,0.1597588084874863
UCA1RO1biNjetD1cBKUg-8Ww,-1,1,1,['1cfe06e508e712774ff5749cb3de78be'],0.1281033529752262,0.1478635787379528,0.22091475568788213,0.4638894160670185,0,likely_human,1.0,0.1478635787379528,0.1281033529752262
UClT9IjLsB-KtLLS7j-YCMpg,-1,1,1,['00873bc49f0e0c43fe2589b440df9599'],0.17397195464950976,0.1474884067559772,0.10525926391452876,0.4703329584280611,0,likely_human,1.0,0.1474884067559772,0.17397195464950976
UCPWL7ZC5t0CYrlr7ztyiNgQ,-1,1,1,['1754441e2d51a601ad2bc5af9e5b1dc0'],0.20141771123692662,0.14637384490791217,0.13600690507732596,0.29000808532013883,0,likely_human,1.0,0.14637384490791217,0.20141771123692662
UC4pEzRCyp6glqBcjMq7UNYQ,-1,1,1,['dd041f1ca185c7d9f2e9df5d1e1e5247'],0.32512195121951215,0.14635060975609754,0.0,0.0,0,likely_human,1.0,0.14635060975609754,0.32512195121951215
UCnxMCwOrzkFuBk_Ed4IU8KQ,-1,1,1,['581426e12b9170eb0f7161880c7bb888'],0.14763600259953735,0.14579701144507723,0.16387259711145874,0.4654918995509485,0,likely_human,1.0,0.14579701144507723,0.14763600259953735
UCXe7nQxCypYj5Fr_k9yM2dw,-1,1,1,['4c27528721afb8c7b4e384d54cc64c81'],0.1506644777434351,0.14478255509611243,0.19358868251391745,0.3847006572325745,0,likely_human,1.0,0.14478255509611243,0.1506644777434351
UCY8JdFZYYj-6e7rnEiKU7mA,-1,1,1,['2aec88a949a689912037c83a6ec89fd3'],0.15477320307590375,0.1439291969819198,0.1559333881085172,0.41150371042501316,0,likely_human,1.0,0.1439291969819198,0.15477320307590375
UCmlHCW6-MBQnYG67LxDkYrQ,-1,1,1,['ac29fce575465ab5de3cc1fe3edab2aa'],0.15619195560973964,0.14319231825113388,0.1554420376931542,0.40259625679992156,0,likely_human,1.0,0.14319231825113388,0.15619195560973964
UCm-gYQbSJz63iokYK5Xgghg,-1,1,1,['e1b0c21934b356608654a56d560f34e1'],0.18490573268155996,0.14267304332580866,0.11599525075932399,0.3488266362166492,0,likely_human,1.0,0.14267304332580866,0.18490573268155996
UCYbtRxS1X5l11NeonOBN48g,-1,1,1,['6dd296f380e89aae0677fca7c5540101'],0.15135026858069583,0.14262708951226022,0.1539104864368306,0.4274979236935124,0,likely_human,1.0,0.14262708951226022,0.15135026858069583
UCeO1aO-HV1DgjqLCu1bi3UQ,-1,1,1,['388f5ad80ab5252737118fb3022484eb'],0.15201889683662478,0.1423880111442644,0.17103976732173914,0.3912889701559173,0,likely_human,1.0,0.1423880111442644,0.15201889683662478
UCENN53LhU2fXCa4feb2VGAw,-1,1,1,['885ff9763be5272b314ff5795360e599'],0.1625497187840958,0.1422882779796017,0.15122073209434786,0.3754554409806626,0,likely_human,1.0,0.1422882779796017,0.1625497187840958
UC_qrNNh5_-yFULcm1rkyIng,-1,1,1,['cb49753df448f8f2cb4175317191b49a'],0.16765978930532788,0.14194372611035452,0.13919922722775271,0.3918009595915027,0,likely_human,1.0,0.14194372611035452,0.16765978930532788
UC3AcR_OWSILz6SWh2rilkeA,-1,1,1,['8ee9aaf6d4d03b298eb1cb4ceb0521d2'],0.15434669834479037,0.1412371768735715,0.16486782410076503,0.3784417174022485,0,likely_human,1.0,0.1412371768735715,0.15434669834479037
UCPFGlf3tc0YhkD8J1M9FW2Q,-1,1,1,['eaab476e3484f1c297119928d4de5cc3'],0.1815626948741408,0.14110888541668792,0.1105997994933114,0.3545589722108365,0,likely_human,1.0,0.14110888541668792,0.1815626948741408
UCeqQDpjHV5QArLtAZTbW4Lg,-1,1,1,['e9da30759b5fd3240e06c2574e09e90b'],0.1808768474564062,0.13857326894196892,0.1086326376858623,0.3430861846903517,0,likely_human,1.0,0.13857326894196892,0.1808768474564062
UCFntHfRMoS6ac7H7Lgwkdzg,-1,1,1,['0ef8acc0c8db95da73f3b49d59b07812'],0.16430800647828658,0.13825972904570544,0.1393175771113592,0.3701469377694171,0,likely_human,1.0,0.13825972904570544,0.16430800647828658
UCLWpMd0012w59HGaMo4R9Kw,-1,1,1,['645b710fd4425b20a729cc0a87880178'],0.15233528012599798,0.13811547561242782,0.14083292676187606,0.4013747332356051,0,likely_human,1.0,0.13811547561242782,0.15233528012599798
UC4PZo94M23QNoaIzr2lv2cg,-1,1,1,['0c68e946db6e6d5cfa2c0e25e49491b2'],0.30514597191426457,0.13737042682926828,0.0,0.0,0,likely_human,1.0,0.13737042682926828,0.30514597191426457
UC2XzGwj6NjXM6Nz14ipdI2A,-1,1,1,['002cc917db9870dc598d18d7de266786'],0.14452687226499716,0.13714714423979785,0.16124250824949418,0.39349280724912294,0,likely_human,1.0,0.13714714423979785,0.14452687226499716
UCMVi9yHYd-NBY9GaOZ-Hh2g,-1,1,1,['6f6361a8c7494b80baec1d87ec407367'],0.17960321529178105,0.1363338860766441,0.12642361981620415,0.29572675957775685,0,likely_human,1.0,0.1363338860766441,0.17960321529178105
UCdqHJiIU-SYvuSEUyhF8Gaw,-1,1,1,['a96d947f207abb223c1e5199f1f8ec87'],0.15818412627936473,0.13546626886390936,0.10638075924773498,0.41396300696776506,0,likely_human,1.0,0.13546626886390936,0.15818412627936473
UC271Nxl8TFblL6IIcAP7XXQ,-1,1,1,['b0f8556c437993653b240f6a8e20d627'],0.16791955884343848,0.13418463464127817,0.1167272161047856,0.34338840634038836,0,likely_human,1.0,0.13418463464127817,0.16791955884343848
UCEhYJ1GsYFZCKVKIHFgsc1w,-1,1,1,['ada310853c7f552105e8278bf1ecbbbc'],0.13729238750789324,0.13377443548508966,0.16788779011611343,0.38611766261512104,0,likely_human,1.0,0.13377443548508966,0.13729238750789324
UCtLBuaf5fcxJgOd2Iq1L6TQ,-1,1,1,['c887b0453f58d0d930ff86c6b02987ec'],0.1548571897092723,0.13213462056404,0.1307691139794667,0.34401226733107904,0,likely_human,1.0,0.13213462056404,0.1548571897092723
UCGeR_g2ttAYFRna6sLEBytA,-1,1,1,['79eb6af728a21cd400a498263ea45345'],0.14178793235201043,0.13177728277587078,0.15115947691092424,0.3617603452678025,0,likely_human,1.0,0.13177728277587078,0.14178793235201043
UCjwM6eRed9Go5wegatK0ihA,-1,1,1,['a99057e63c81b1ca4b40da6922bfb1d7'],0.1440422183150114,0.13174040275663665,0.11666407825235169,0.4207804455150093,0,likely_human,1.0,0.13174040275663665,0.1440422183150114
UC97KsqfIIgwQ9oaoRaothzA,-1,1,1,['274875d00e22215fb9ac5810e3379156'],0.13859302710744736,0.1309929303786175,0.1554508202795273,0.3660540889023604,0,likely_human,1.0,0.1309929303786175,0.13859302710744736
UCve2zEdn9Ddzdvm8fSG-Bag,-1,1,1,['9627e94394b9c0cb7bcc2cb1b1e8cccb'],0.14753894758510472,0.13075734716630324,0.1368368411212081,0.35370359935978096,0,likely_human,1.0,0.13075734716630324,0.14753894758510472
UCnQGgxMaEw22daEGCwosxsw,-1,1,1,['1c593283ae7e24ae20dbb2d0edace793'],0.1332139683186468,0.12980611730418756,0.16199256989786556,0.3676021138657528,0,likely_human,1.0,0.12980611730418756,0.1332139683186468
UCIWwNtXosni5MUf7JtryD2A,-1,1,1,['8cfb05907efa01207590af3eb32b0185'],0.14085358270968903,0.12846748047242368,0.13873505652720533,0.36480461241367307,0,likely_human,1.0,0.12846748047242368,0.14085358270968903
UCkeg3zf886a5Cw24mn5Qx5g,-1,1,1,['db5bebe8e4f1d92f61620013e8d86aa3'],0.14350679925577875,0.12806947688718265,0.1503410739127091,0.323412292729275,0,likely_human,1.0,0.12806947688718265,0.14350679925577875
UCgnI8ws2fm6n6MMCVwft40Q,-1,1,1,['bde7962ec8305f1c630e6b11967b8618'],0.13215747007923673,0.1268334846428945,0.1407528901251117,0.3879353706587603,0,likely_human,1.0,0.1268334846428945,0.13215747007923673
UCK1T7PMRUoryJ5-vtBQUGNQ,-1,1,1,['c7d4306986e42751936f65b24d8754b6'],0.13704656100814167,0.12256190872768347,0.13210335126244155,0.33604323839679784,0,likely_human,1.0,0.12256190872768347,0.13704656100814167
UCH7OUWq0lHG9YVHCjbolDzg,-1,1,1,['409ce8e99e275de31c7a961aaa0322ce'],0.14556959995231333,0.12076229635219551,0.12139910536096819,0.3052641236897588,0,likely_human,1.0,0.12076229635219551,0.14556959995231333
UCK65GVB0kc5TH7ykDTRSHPQ,-1,1,1,['50519c902b2043c996021c725f55ae90'],0.15853029399005752,0.11434327885467893,0.06967388982872388,0.28292816311391955,0,likely_human,1.0,0.11434327885467893,0.15853029399005752
