author_id,cluster_id,comment_count,videos_commented,comment_ids,avg_comment_bot_prob,final_bot_probability,cross_video_avg_sim,cross_video_max_sim,cross_video_high_sim_count,classification,cluster_confidence,cluster_bot_probability,individual_bot_probability
UC8rUviggPbEZjsf5K39c-QQ,23,1,1,['c3c28d1c7c845fe05d382acb6309d57f'],0.49710958872495997,0.35078541206495983,0.15387290825842775,0.7711347283828698,0,likely_human,1.0,0.35078541206495983,0.49710958872495997
UCKvgP-e6ufJZG0pMawYyi9Q,11,1,1,['f4e874edbdbdf47f5b28535dfcd4e451'],0.48554594252125466,0.3498636966493934,0.19987360486754396,0.7071176309470358,0,likely_human,1.0,0.3498636966493934,0.48554594252125466
UC5HfGOpbgyQHcFrP24DJF7A,9,1,1,['eaa18bc6d3375878152776323f9af31e'],0.4967479803923971,0.349655948656979,0.21356151694555825,0.6870300908671634,0,likely_human,1.0,0.349655948656979,0.4967479803923971
UCExjlblOmXxAapGgChSH4pA,9,1,1,['080be5dfe9df352e277696dd0e2ca79e'],0.48240187563173187,0.3424353838372964,0.21449787184486316,0.6870300908671634,0,likely_human,1.0,0.3424353838372964,0.48240187563173187
UC4bigR6O4oik0hbBnSur-Iw,11,1,1,['f62f2518948698fb261b12015a05a878'],0.48327357586073116,0.3419708334156399,0.1728321669714337,0.7071176309470358,0,likely_human,1.0,0.3419708334156399,0.48327357586073116
UCNdI2IdVuepMei5q2RuNc2Q,-1,1,1,['10cf9ca89ac4deb799900b0d8b905f11'],0.4963848943078267,0.34181148987641763,0.19426776947137323,0.7869310065690458,0,likely_human,1.0,0.34181148987641763,0.4963848943078267
UCTZGDGYhMwREfni3LJ3MZag,3,1,1,['84ebf04819f8c4202f1a1dc9a64515c0'],0.5183680014999115,0.3406272211812362,0.14218657377401986,0.4100975772646653,0,likely_human,1.0,0.3406272211812362,0.5183680014999115
UCyTtvWQ90jcoDlad8eDR2MA,3,1,1,['2491238fb77d3ab50ab9a39c09f63c04'],0.5182979287687829,0.3405716807652799,0.14219567631008875,0.4101064802211406,0,likely_human,1.0,0.3405716807652799,0.5182979287687829
UCMtUznV3lr7dhw2nXckz-cA,5,1,1,['42b6830e2dd1106d46759e3691c22ec3'],0.4852716440858139,0.3376656203441295,0.20490606025954056,0.6792124144609092,0,likely_human,1.0,0.3376656203441295,0.4852716440858139
UCuYK1wnSP2Vclc4Xg4xikbw,11,1,1,['eed7c14da07458b2cb00c4ca7a05ce31'],0.4662117302298794,0.3333757151169646,0.21302265452378785,0.6019270798575693,0,likely_human,1.0,0.3333757151169646,0.4662117302298794
UCpED_Aue9MaIifiroybvPOA,3,1,1,['62edd42741221ff36b39611097de6afc'],0.49264450979517393,0.33076933758364424,0.15637668328855447,0.3993057406055923,0,likely_human,1.0,0.33076933758364424,0.49264450979517393
UCygJavDYut5Spoi6e8dQrXA,-1,1,1,['f4168209a2f2c215a2ef37ed44c8e3d9'],0.5181458749052741,0.3287711960438725,0.1254229971062256,0.68827814488752,0,likely_human,1.0,0.3287711960438725,0.5181458749052741
UCvb9DDMNJqygzGwOO_eGEEA,3,1,1,['c884c310ddf577b6b4b33712d50a4ee7'],0.4740680369359325,0.32645792533570406,0.15741951829686424,0.43705353746739617,0,likely_human,1.0,0.32645792533570406,0.4740680369359325
UCVfBCOh3T4giCeEeDBQoB2Q,19,1,1,['3d879ad2ac39ad874055d4d45402438f'],0.45961492352223043,0.3260927688183987,0.20158656061436592,0.5910677368143777,0,likely_human,1.0,0.3260927688183987,0.45961492352223043
UC_raip27aSh8Ec7knTbForQ,3,1,1,['5d2fefc6ae315faf88ec0f372cceda35'],0.4588676806706131,0.3252114515667849,0.1691230217454902,0.4686558415772172,0,likely_human,1.0,0.3252114515667849,0.4588676806706131
UCUyId8ibaCO_nCTXbefz6Jw,4,1,1,['b980e8cd18c72bc00e816363551a2b17'],0.47879099703144623,0.3245173396354475,0.20980393242434972,0.5307861052429479,0,likely_human,1.0,0.3245173396354475,0.47879099703144623
UCqnkmhEyKT9PQ7QwIlTs5Xw,-1,1,1,['fe4a2d96942fefd9b616913aa15e00b8'],0.5226269422083542,0.32233530581343456,0.12633572964006007,0.6113966812849828,0,likely_human,1.0,0.32233530581343456,0.5226269422083542
UC4v5_5ALkQnqc201PZEh1jw,19,2,1,"['f3289a1a38b586513c9a88d781abc2ee', 'd0880edf8b02e37fe26b56b693a66211']",0.4591982868438348,0.3222880200374971,0.2011300169158347,0.5584939671516077,0,likely_human,1.0,0.3222880200374971,0.4591982868438348
UCf_Lf4SFaBgtW2p3NYknwPg,3,1,1,['c428ecbe51352c237ab3947b8257cc1f'],0.48321411192994124,0.3210859111091857,0.147727611981514,0.3630339799597148,0,likely_human,1.0,0.3210859111091857,0.48321411192994124
UCEnDN0ThaS_BMybGdvnOt6w,3,1,1,['6d11c5fd72086be0de371c6d8f45d9bb'],0.49167341772148965,0.3202397536029348,0.13137281566625814,0.34955510042060994,0,likely_human,1.0,0.3202397536029348,0.49167341772148965
UCAtf28aTnQKlF_35alP8qbg,-1,3,1,"['ec9fe19786f7d04e71403d0f4221e10b', '2eea83ce4ed631a5d6df797992c06ddc', 'b5ee3d3caa504a0694106db862ab7ddd']",0.4697478753953151,0.32014034831985516,0.19236055626325316,0.686029474770675,0,likely_human,1.0,0.32014034831985516,0.4697478753953151
UC435aCoFVMzZb6SeFfY_0wQ,3,1,1,['e9fe4c8cbfc69c60e6ee502427c825c3'],0.5016538037907883,0.3197442425306113,0.11866196165102386,0.3268181680335158,0,likely_human,1.0,0.3197442425306113,0.5016538037907883
UCrO6uB3MzzKu9Vbr7SEb6jQ,3,1,1,['3a78fb6db1fcb0c0cc6da761b3ce3d94'],0.48491130659098614,0.31939821816581315,0.1431333007439815,0.3474300999728824,0,likely_human,1.0,0.31939821816581315,0.48491130659098614
UCuyovJH_2dm93zTZ3qAsXQQ,-1,1,1,['a25603847ad6207f2c9345a0d259763f'],0.49629885430547915,0.3176629044135329,0.20879522878303705,0.5022899395986946,0,likely_human,1.0,0.3176629044135329,0.49629885430547915
UCDDRZxh5lxXdT3-HrFpllWg,3,1,1,['9e6b955a203c570171563f7a16bff3cf'],0.47923752269050196,0.31706768698819815,0.12554606178265304,0.3859591360776775,0,likely_human,1.0,0.31706768698819815,0.47923752269050196
UCHLo2hdHmPdkGabpvM3-IPw,32,1,1,['a23926869caaf0a820d2e655c76d8151'],0.470310827752681,0.31667478419489226,0.16394956721823958,0.5539710288856361,0,likely_human,1.0,0.31667478419489226,0.470310827752681
UC5Dyo7pHqdM2-BwmQk1bGDA,11,1,1,['5eebfc63f9e12e750ae79193e14ed173'],0.4536980864055502,0.31637497698786204,0.19866573153574008,0.5285042104904994,0,likely_human,1.0,0.31637497698786204,0.4536980864055502
UCLGJKcKGI7MyFG5AaPxafSw,3,1,1,['13797d535503dd72ea50ef6e1af7e54b'],0.437040722672724,0.31605909477943667,0.18400090316452242,0.4489142699035625,0,likely_human,1.0,0.31605909477943667,0.437040722672724
UCqERtO9ex4LznxLwYxa3-bA,-1,2,2,"['42d7f0a68bf1a4454fc6d81da02c5c3f', '168d2ad9bd24d62e88fb349778f50a0e']",0.4563814043826217,0.31588361581920876,0.19107783277649767,0.7083773472451383,0,likely_human,1.0,0.31588361581920876,0.4563814043826217
UCJoZjjmfiOtbvUarZ2tKDqw,-1,1,1,['b25d54e08e9da4709f8de1d299cb9714'],0.49259595830124325,0.31564592274213393,0.1422644033913381,0.6458775096420201,0,likely_human,1.0,0.31564592274213393,0.49259595830124325
UCwEH9Um_FmCKz8qUa3wyj4w,-1,1,1,['299627af8c5a5aef179ff94b3a229591'],0.4590080053977896,0.3155987178717911,0.18959219415758463,0.6906140385718068,0,likely_human,1.0,0.3155987178717911,0.4590080053977896
UCiW3DCWRgguuqc1WSY0YNbw,-1,1,1,['adb13e358887c01f3d34b178911e28a5'],0.4777088227434027,0.31504736004626854,0.20038777168952845,0.5795237115620755,0,likely_human,1.0,0.31504736004626854,0.4777088227434027
UCto-b29GnUPh-bPFMD3djjg,6,1,1,['1bc88b69dba679e7244659afc9b56b1b'],0.4422767061109124,0.313350495134601,0.2355107271080877,0.5341890408225147,0,likely_human,1.0,0.313350495134601,0.4422767061109124
UCWAqiaet5PZbp_aQ0uUdgdg,3,1,1,['6ddb3b3240ef785873c023edc6b7429c'],0.4701215744775002,0.31272694011875274,0.142491621647177,0.3487263020064239,0,likely_human,1.0,0.31272694011875274,0.4701215744775002
UCintDRHrgImUnzw83De8A-g,-1,4,1,"['410d2bab4e04979a390b35b9c1fcd935', '99c61921754cfb1e6e95c20208c6bb8d', '7ec17c5f5ba545f8d7956f5ca5eb111a', '4dd06e38b13b7a21877026e67792d1b9']",0.4394693946581151,0.3123912631135438,0.17640529556554374,0.7797263565819662,0,likely_human,1.0,0.3123912631135438,0.4394693946581151
UCDiv105oHKOBo0biCI3ZJVw,19,1,1,['d07a0fe1392766d9c6dfb1471a07551e'],0.4751301083798949,0.312387840993286,0.15605451341479146,0.4741818844060814,0,likely_human,1.0,0.312387840993286,0.4751301083798949
UCJNcvGA3D9qxYkaJIF5jE7w,29,1,1,['1340ce5e3deaf348afdcce6b2247df11'],0.46994278257538863,0.3121724926045325,0.19256790582510602,0.5264255477009947,0,likely_human,1.0,0.3121724926045325,0.46994278257538863
UCzk4zWTfLsZrdEgetm5GO5w,-1,1,1,['ec9cb37b5d817aff105974e918b38d9a'],0.46974076476342175,0.3106287378401783,0.1747577832255222,0.6299933561521165,0,likely_human,1.0,0.3106287378401783,0.46974076476342175
UChFp2-EgX8cMBGj8hN71Cmg,19,1,1,['ce2a56730fca58442395df01aaba31b1'],0.4527686278962155,0.3096084326606867,0.16490716926423127,0.5326125518459118,0,likely_human,1.0,0.3096084326606867,0.4527686278962155
UCTpXITlQpMR2wq2m1z6r83A,21,1,1,['ab62509995c2696bc8ac02a5386ba640'],0.4540053112449946,0.3096035396263259,0.1853074149268268,0.573456332243695,0,likely_human,1.0,0.3096035396263259,0.4540053112449946
UCW1o7VbLUA5KY3ZRJoGsepg,4,1,1,['9ff2713a18e21624e963319e3a1c0764'],0.4432806247721245,0.30952049640754753,0.23528535598356012,0.4928099107449305,0,likely_human,1.0,0.30952049640754753,0.4432806247721245
UCuk0JR-shnDfkljwd3eVoYw,-1,1,1,['f5379d98a324acc174c3d8efe22ce5ce'],0.48467883095907827,0.3090689867216445,0.20542526105608722,0.4732520369023906,0,likely_human,1.0,0.3090689867216445,0.48467883095907827
UCCQa32HMX1VMIPRnmcDfqDQ,4,1,1,['ca7b449ca7acf3fc2219d86019c2974d'],0.44721790194368227,0.30898050061646576,0.20436674822359704,0.5301683294067286,0,likely_human,1.0,0.30898050061646576,0.44721790194368227
UCGXuOEXRFV8sxLK6YtpS1gQ,19,1,1,['a946aeae2b356f07144e40edff299f60'],0.46203389754435653,0.30885763930076215,0.1885343365755406,0.43399713587566585,0,likely_human,1.0,0.30885763930076215,0.46203389754435653
UC_YfrCEGTDg6gxWuWU6OImw,20,1,1,['a2973ea919bc03c4f4006dbb89c006c3'],0.44252698184221595,0.30877855649449654,0.15829699108376327,0.6700060253339951,0,likely_human,1.0,0.30877855649449654,0.44252698184221595
UClHB8BHl5rfFO7wBw7RiIsw,35,1,1,['7fb0d24c7b36e4a3b3f4caf0acea399f'],0.4525957335186236,0.30833691034509403,0.1839219404376847,0.566691977807752,0,likely_human,1.0,0.30833691034509403,0.4525957335186236
UCpQ5Q1Yi9ODfutkMXvnLGsg,-1,2,1,"['f782a19cf1d9682c9cb25782a1796502', 'a77c09af1fbb9351f3c58fb10c432661']",0.4360911820415199,0.3079360459938556,0.18297484616591067,0.7327140414287835,0,likely_human,1.0,0.3079360459938556,0.4360911820415199
UCmt_sqwDeoEuhd1Wm-6YuIQ,-1,1,1,['476afcbc6b590d512cef7ec29888cc3d'],0.4547851261729734,0.30780074162782545,0.12071990079583547,0.7797263565819662,0,likely_human,1.0,0.30780074162782545,0.4547851261729734
UCubmelrOcSA2Ijxca-mpBZQ,-1,1,1,['4cccf0a20421747b41ae61dc9a3b53c9'],0.4734486048993091,0.30779215691213707,0.14728486088913115,0.6350664177706931,0,likely_human,1.0,0.30779215691213707,0.4734486048993091
UCzpc241GFQxR4UgVGIve8HQ,31,1,1,['aa6d1b56721a588c3cb0b73ef71327c6'],0.43229005116160735,0.3074148420647228,0.1652381706492487,0.659353668547952,0,likely_human,1.0,0.3074148420647228,0.43229005116160735
UCbI7LRCpIFLduQ1ERDtp_BQ,16,1,1,['a1c76874cef3cf5927aae4b13e70cdcf'],0.45223918543112585,0.30720878247759703,0.18721029454563048,0.5250557785262511,0,likely_human,1.0,0.30720878247759703,0.45223918543112585
UCVv-TJ0vSF9I06Ziy0Ztfzw,-1,1,1,['baa8479b52ad67b708b4c9c601e1a40e'],0.4420932107847053,0.30709475095109123,0.13853210551270534,0.7937101312575396,0,likely_human,1.0,0.30709475095109123,0.4420932107847053
UCZiNJvnUy8OE-cdEMl2lSUw,-1,1,1,['c0513dc5b078914531dc936bf4a9c1a5'],0.4726422415325188,0.30693470803166994,0.10367864911864591,0.7257068725333259,0,likely_human,1.0,0.30693470803166994,0.4726422415325188
UC9MQOKLbxCG3tLSlsVOrkzQ,24,1,1,['2c1644368f6ad5ed1ae143f528a16c42'],0.4575700814526491,0.3066821861476219,0.18450698911077648,0.5385187258407858,0,likely_human,1.0,0.3066821861476219,0.4575700814526491
UCLzivcTRxdENd0IyjNLIGjw,32,1,1,['4a890b30b7da4764f442088d05c166f7'],0.47601900740714964,0.30663122652500746,0.1658905535663646,0.43061222929525733,0,likely_human,1.0,0.30663122652500746,0.47601900740714964
UCZrcPIBChP972MBPCEJxoSw,28,1,1,['8680ea1f5d593a48ced2a0c0109b7895'],0.46059947372611365,0.30659020411107574,0.17619252656685097,0.47498136877599884,0,likely_human,1.0,0.30659020411107574,0.46059947372611365
UCsD4KGMoYBy9rHr76tG0cHw,11,1,1,['d432a34716198730721b9f0d0775bed2'],0.4354191371321587,0.3063895293682637,0.19456275964271966,0.5148225241537356,0,likely_human,1.0,0.3063895293682637,0.4354191371321587
UC47A2t7TkfNL2ahou98-YbQ,21,1,1,['be4bb772f59326e0659fd8db2513bbbd'],0.45191382622895215,0.3059565653815769,0.18551174243808102,0.5548769397698635,0,likely_human,1.0,0.3059565653815769,0.45191382622895215
UC-SvdXahzFZUrZ9dFB1N8Wg,-1,1,1,['44623da89950d1503d55ab0f98e1aa80'],0.4997914737752115,0.3047162194802352,0.11642876127886605,0.5588583487841597,0,likely_human,1.0,0.3047162194802352,0.4997914737752115
UCX_2VxZjuN985ZBw7cNgd2A,-1,1,1,['0c94664fcc08df6ed8492177b288ccbb'],0.4615438283751444,0.30450955345824465,0.18956148987197,0.5647093962749913,0,likely_human,1.0,0.30450955345824465,0.4615438283751444
UC6Uc7TjQnWPo8qB64cj_MEQ,-1,2,1,"['b48088887c18d08ab0e048238d12ee80', 'c25514bd942ca6059f145ead8262b04a']",0.4489125500433202,0.304240467475527,0.18035639550116855,0.6416942596390741,0,likely_human,1.0,0.304240467475527,0.4489125500433202
UCLwBiThDgQnFdzwuvj_1vKg,25,1,1,['360543b37f14a70d3580cc810157ecc9'],0.4781681270384387,0.30378950124103343,0.16007827681278472,0.40775429225528936,0,likely_human,1.0,0.30378950124103343,0.4781681270384387
UCI_49duMnRbGPTXSaTrmEDw,14,1,1,['a9a509d2b2d8d95ae91688e7593fb5d1'],0.4564741625753961,0.3037806857576375,0.17747423367505016,0.5277769089685351,0,likely_human,1.0,0.3037806857576375,0.4564741625753961
UCvxlAWzIjLcBwIK7meIAiig,-1,1,1,['80772034d12d73404d564f5ae6274764'],0.4540866296604923,0.3035523603053194,0.19522407001324954,0.5808765326140208,0,likely_human,1.0,0.3035523603053194,0.4540866296604923
UCc0021moXiGcFI2IQDdL36w,-1,1,1,['35eb3c1024ed948682b53176e6a97275'],0.45899402455254645,0.30337742419403246,0.16682946839372248,0.6199149152137449,0,likely_human,1.0,0.30337742419403246,0.45899402455254645
UCUZ_YEgjKjdGGCg_PI8tJtA,12,1,1,['2b45a0e5303a0093d18b430b8c45b927'],0.4677921072319362,0.3028894086612978,0.168579614221316,0.47361994942195695,0,likely_human,1.0,0.3028894086612978,0.4677921072319362
UCeoY3tpYSRKcxAAWBRbjm3A,-1,1,1,['8c8ad18a1eb1c33865d76936216bef73'],0.5031108096463657,0.30277053875599136,0.09998734155888812,0.5566310745802769,0,likely_human,1.0,0.30277053875599136,0.5031108096463657
UCmv-giPA-BelRMUjhJOgXkg,32,1,1,['875a1c68af3cb7680e16b5e29afbfbcc'],0.4567446918358561,0.3025848344623593,0.15168944149475716,0.5053714218325068,0,likely_human,1.0,0.3025848344623593,0.4567446918358561
UCfBksFuX0xg4uli5Pe-e6Yg,26,1,1,['fed9e2761a2c1474e5b4d149546e7fae'],0.42737786956627855,0.3025757380539093,0.22449149031109542,0.5218639512623705,0,likely_human,1.0,0.3025757380539093,0.42737786956627855
UCiBsktyhs8iZXhg7IfUEuUQ,34,1,1,['d5d3285164440167742a7718a8d2deb8'],0.4480847510701495,0.3023808856269249,0.2094399093793999,0.4739273622278609,0,likely_human,1.0,0.3023808856269249,0.4480847510701495
UCmF6owrKH8m67bleHxH12xg,-1,1,1,['9eb69a7d36a7cbd27350dde90efe774d'],0.438964193275203,0.30234340566086065,0.19351013292336267,0.6419733488689752,0,likely_human,1.0,0.30234340566086065,0.438964193275203
UCOpjccC_b8gTe-aAq-1425w,-1,1,1,['a6cd88958ef126ae2d80221f09959096'],0.4402556135367184,0.30210982385148866,0.20361367649560302,0.6175727420677033,0,likely_human,1.0,0.30210982385148866,0.4402556135367184
UCr7j-0fGH4QaOEQtzrywAGQ,-1,1,1,['bb13e71f76e8e1aeaa98489d3fa8fc7e'],0.4633067961305023,0.3016704356633173,0.1780017106152704,0.5525251871298851,0,likely_human,1.0,0.3016704356633173,0.4633067961305023
UCSMX7eIOCCRRDI1GxuITx3g,-1,1,1,['9596168bdd06b689945882c349093323'],0.4634995103364384,0.3007442210966118,0.17015065747173555,0.56274455074451,0,likely_human,1.0,0.3007442210966118,0.4634995103364384
UCHZXXYuHP_R9YgyPCXIe_Lw,-1,2,1,"['9f86faa1b4972885fe94c4fbf2b7b49b', '227590efadb1f0c96a7db72a0388c9d1']",0.44243083380971426,0.3007251880128251,0.19954330905501455,0.6016829371420918,0,likely_human,1.0,0.3007251880128251,0.44243083380971426
UCWiUTdTcvI2Ntds8qQ9qaAw,28,1,1,['41e5679a2b9730fdb5a190d662de572c'],0.45514020715003667,0.3003109947698389,0.1591014935438918,0.46910083358764465,0,likely_human,1.0,0.3003109947698389,0.45514020715003667
UCaVUlqHtIyuplQIhPdzuiUA,-1,1,1,['3bf54ee41d1d829e1f535656e1054386'],0.4496671927342295,0.30026069698290747,0.1610209213692834,0.6423217500854042,0,likely_human,1.0,0.30026069698290747,0.4496671927342295
UCl3YIUaeFZeo-wi_LbiH-Pg,-1,1,1,['bbdaf1a0d7e0e4064131c65b1a6bf925'],0.47282371412347324,0.300226255145365,0.20222203842593328,0.45044701679919236,0,likely_human,1.0,0.300226255145365,0.47282371412347324
UCFylEneFxSCT0fmdJ02JDZg,-1,1,1,['ff7bbcbc696d4a4f838265193daf9378'],0.4453295305297374,0.3001212169038118,0.1834141323593542,0.6096724372231435,0,likely_human,1.0,0.3001212169038118,0.4453295305297374
UClLCEKRAolSMZib8Jqu0Z3A,-1,4,1,"['12f55fbf4f82985384c7842651ad7098', 'f0626743fe00b528145fb60f42d8aee1', '05f0ffe885f82601c4f2ee6a73d0ac90', '779e89d307ff9364139ac8b95abb02d6']",0.4416558903491401,0.3000152613695061,0.18119858556070234,0.6327507580827916,0,likely_human,1.0,0.3000152613695061,0.4416558903491401
UCdqBsLRE9uKodZ0D6ubRCYw,-1,1,1,['defa73188cc774ffc38efc90b7a6fc97'],0.44422728349642526,0.29992776644874786,0.17775205023904816,0.6253740020933242,0,likely_human,1.0,0.29992776644874786,0.44422728349642526
UCA1mUYpMybFS-AyISrXt1wg,-1,1,1,['c79b74e8c9df99a7b2bf77df4a62a7fe'],0.45384355369447393,0.29976881031823854,0.18954996999963192,0.5552187028251914,0,likely_human,1.0,0.29976881031823854,0.45384355369447393
UCPt-BKqaCoG-TX1zyTW5PMA,-1,1,1,['d481c48bdafd6d2ccecb348df4521130'],0.45062716830850047,0.2993640220833011,0.20958703425384867,0.5260722484683242,0,likely_human,1.0,0.2993640220833011,0.45062716830850047
UCr9ENjFP6uFqk60JDlFEnhg,-1,1,1,['1e81ca9ec844cd0707ddcf08eaac2711'],0.4366736642617328,0.298779507342423,0.23390998956606648,0.5369379943126205,0,likely_human,1.0,0.298779507342423,0.4366736642617328
UCdvDOQxVxeIK9pI9Tj91D4Q,-1,1,1,['0423c0013e9ca141cf84f5d52ad6bc38'],0.4805197217443774,0.2985407306380315,0.11264796628496344,0.587433106483776,0,likely_human,1.0,0.2985407306380315,0.4805197217443774
UCqQ0GC6MbDfQM13CDPSI_WA,-1,1,1,['0db790d63bb1e2d68f559b3b560f317d'],0.4412650801261731,0.2984225609277484,0.178568229231354,0.6258075057812634,0,likely_human,1.0,0.2984225609277484,0.4412650801261731
UCvF0PZAVADWxP-OQOIulkew,30,1,1,['fd45cd311580cbac3ab7e94209b65f10'],0.4291062506550709,0.2982764958270666,0.16607883931075615,0.6086119380348075,0,likely_human,1.0,0.2982764958270666,0.4291062506550709
UCyoInf1XTCbbTiZJXgqcLZw,-1,1,1,['64be14b5f58ebf933ada9566a8200df7'],0.4689501019132429,0.29819900383713616,0.13101210026258214,0.5978892043855543,0,likely_human,1.0,0.29819900383713616,0.4689501019132429
UCAEzDmzNtaEYdFIX83Pee1g,-1,4,2,"['cb6bd812e56d16962c850640e502039e', '1fc7839626e5c5723fe9f183f1890b78', '1adda2d0b82ee55fde0e505bfcae9d9f', '7c16b60b66e8a844bf0a5e243f438166']",0.4216911036378745,0.29814508598316936,0.16767170935718395,0.7327140414287835,0,likely_human,1.0,0.29814508598316936,0.4216911036378745
UCoDYSZCuH15-K9coie-Xstw,25,1,1,['5c9b8b7e9bd1d867b4d214d7af77f9ea'],0.4688951678687635,0.29759935977357976,0.11629344007585772,0.4638273509988113,0,likely_human,1.0,0.29759935977357976,0.4688951678687635
UCadC6Zk-C38hdVBW-pLdmfA,32,1,1,['a297bec942e2d94330b18b2499bce0f5'],0.42133753411016717,0.29727872414486145,0.20624832776092392,0.5022040219503752,0,likely_human,1.0,0.29727872414486145,0.42133753411016717
UCzjWOqJRJXn7DAhZV90HpEQ,-1,1,1,['39009861ba7a10944c6b06416c5d888c'],0.4207928006131769,0.29705717141286164,0.18591321547154568,0.6830126118488629,0,likely_human,1.0,0.29705717141286164,0.4207928006131769
UC7V23X7ASxoDBxXo8kgzlHQ,0,1,1,['4f04282d2af6f41da79db1de77f4cb01'],0.4350632219804603,0.2969211104999748,0.18921892963862877,0.5194052393008738,0,likely_human,1.0,0.2969211104999748,0.4350632219804603
UCoBzO9AMKG4voZ8tFQEUcxw,13,2,1,"['0d258ea70b159273c71899e9e58da75c', '3983dd23d3a68b920a231364f216a818']",0.48845518033928387,0.29680536096859633,0.10675203094796007,0.42055364346214447,0,likely_human,1.0,0.29680536096859633,0.48845518033928387
UCTBr5QBjE6xr4qRkwqzPn2g,15,1,1,['22e2913aa201a4f70c59391b7af6df62'],0.4785570654002606,0.2967302971789145,0.15755677207196817,0.3929204972759455,0,likely_human,1.0,0.2967302971789145,0.4785570654002606
UC4iw5DB173DWTVYAihirkxQ,-1,1,1,['96ab0805904bc75f548b2d8bba2afe9d'],0.4758488059295112,0.2966971225010107,0.1783457944343972,0.44957517931400176,0,likely_human,1.0,0.2966971225010107,0.4758488059295112
UC_ZnH7JmmjXZ3tlzt_mYkkw,34,1,1,['295237b97923f5b024072dc81548ba50'],0.4371533217314275,0.2965734556817994,0.19235154857076825,0.5030104000987219,0,likely_human,1.0,0.2965734556817994,0.4371533217314275
UClC9AzoCYGh145G46xlKV7g,-1,2,1,"['f213fb6fa4b06573db8c75bb2a9bcb93', '71ca3c7408d5b3bc7ad8e3525735be4e']",0.43603150746014996,0.29654313009154376,0.19228500216660568,0.6059495649399356,0,likely_human,1.0,0.29654313009154376,0.43603150746014996
UCWENiy0Gm0Di-NOtoQjnOmw,5,1,1,['835e8d09bc49b41d175922bd6de08eae'],0.439850492566407,0.29649214782097555,0.1934624886767739,0.49202067429458674,0,likely_human,1.0,0.29649214782097555,0.439850492566407
UCME_f5pjTCpiR2L4ZWqYTaQ,-1,2,1,"['677e990c1a5c3720dc967044c441d45b', '10dcd13fcc8d7bab3349574c8af48c41']",0.463983950554941,0.29623732541283093,0.16762393654662605,0.5278981182374662,0,likely_human,1.0,0.29623732541283093,0.463983950554941
UC4D1JDKSxVf8pdrY7uJJUlw,-1,3,1,"['5d8f040b363302399856c59e9ea1be71', '979dc4bf72f1475101845c6b86222a36', '24963ecf8a304e807eb2a74e8229bc9f']",0.43510131421997206,0.29608799534495445,0.2085247006415449,0.5672778767644515,0,likely_human,1.0,0.29608799534495445,0.43510131421997206
UCdr8e9IrKM9h3EsQKI13uIg,17,1,1,['4064b60158c9b738a8a98fb3baf44c7e'],0.44160525714513105,0.29578224952132565,0.16330245481388023,0.5440395591285893,0,likely_human,1.0,0.29578224952132565,0.44160525714513105
UC--P0FFW7tjcsQfwAbHCzCw,-1,1,1,['3b190d297102c18b7b02bf268d801791'],0.42799386898026015,0.2957277289681251,0.23060942597877054,0.5436305966001027,0,likely_human,1.0,0.2957277289681251,0.42799386898026015
UCOBgG9asYCuWCBSdP4a0K-w,-1,1,1,['fee934a949b5abf870a4173ad885b9a6'],0.47270820913038514,0.2957105098511945,0.11471173825557382,0.5905444627248355,0,likely_human,1.0,0.2957105098511945,0.47270820913038514
UCyUDZxm8uBNHJqe-IRks23w,10,1,1,['9adc126bec659f314a3b6ed513650fc6'],0.438571015006606,0.29569749293473735,0.17711505064958538,0.5151995019707859,0,likely_human,1.0,0.29569749293473735,0.438571015006606
UCWjVrEuj6j1Chqmxon51d4A,-1,2,1,"['011ac6319d0ba7e4d2ecdffe77f5905c', '9e5ea32a24a708e88912a7fcc788e1e7']",0.436941124522515,0.295678686306462,0.20155482922588908,0.5698333398252533,0,likely_human,1.0,0.295678686306462,0.436941124522515
UCJaBfd86wihCTJf9lj4hThw,-1,1,1,['7e22c8fcce5c4bbcd143c7adc8ededb4'],0.41812789050383653,0.2955906072416391,0.19168332333653526,0.6736087739323718,0,likely_human,1.0,0.2955906072416391,0.41812789050383653
UC5ni4unIyc0kjy77RyDdg9A,-1,1,1,['f150d4a9b7abe59be320afb2ad0360ab'],0.4556541829785735,0.295461294533209,0.1785552071154571,0.5336144130991339,0,likely_human,1.0,0.295461294533209,0.4556541829785735
UC2_hl-9IyxREM6vaqmJeE2w,18,1,1,['b20263efa5df8e997ddcbedc95384767'],0.4780065091993415,0.29542895599826274,0.153359376650429,0.36118301659979274,0,likely_human,1.0,0.29542895599826274,0.4780065091993415
UCYo-zPUcnTUb9ONa-ZNhBeA,-1,3,3,"['0f4656d2e94f85207deb9a232b0abe4c', '6f934f5d69d8097c24504653079f566d', 'c7f317504ff8abd4ea948d905eabd139']",0.4667339571086211,0.29530911518523606,0.12167194943013863,0.6009501778340726,0,likely_human,1.0,0.29530911518523606,0.4667339571086211
UCMLkTrKuK8a9PwL4x51dG3g,13,1,1,['7bc5f5a38ea8878bb419bfe99e739613'],0.4494435290892409,0.29513238926883023,0.1743518791615506,0.43672754122895896,0,likely_human,1.0,0.29513238926883023,0.4494435290892409
UCHPrx6DAn0LUzH856CsRXzQ,-1,2,1,"['def8cf639aa4233abd6d48817a5cb568', '41bdc8ccf9fcdc1c477ff527e27a0930']",0.40760251923601387,0.2950391766447882,0.1828281461126885,0.7343996943254241,0,likely_human,1.0,0.2950391766447882,0.40760251923601387
UC4MBcQnFAGWc0OXtsW-GhNg,4,1,1,['5de9707b3589f614c754652344d9918e'],0.4208041649657359,0.29492918351296615,0.1704683904679836,0.5808177560424576,0,likely_human,1.0,0.29492918351296615,0.4208041649657359
UCis65cHFZVyUa1HEBxxVitA,-1,2,1,"['c0139941761d03e7bdaba2236e4ef5ba', '0d7855e0cd61d7d1106ca34c26f16220']",0.4286583992305051,0.29484990814494116,0.20067375883283245,0.6019270798575693,0,likely_human,1.0,0.29484990814494116,0.4286583992305051
UC6HJm5h8XP5lw8_lffGwRbg,-1,1,1,['05b1ac9aff916bb74dab73b1fd9e777e'],0.47546788351196234,0.2948022647053937,0.16176473583725523,0.4789446053278475,0,likely_human,1.0,0.2948022647053937,0.47546788351196234
UCcsDehHrYAou4Ro0h6Cl9fQ,23,1,1,['37583b7803be006e05761fa51446c0e9'],0.47264622908000453,0.2943663275880666,0.09146939818739878,0.44442377626606167,0,likely_human,1.0,0.2943663275880666,0.47264622908000453
UC26GG82nryF7Nc_JgmnjlCA,-1,1,1,['8f75110162d57a36c15ed5cb0326806b'],0.44460938631136804,0.29368226303478323,0.19933551056175638,0.5124290809368612,0,likely_human,1.0,0.29368226303478323,0.44460938631136804
UCtVTIiOkHKLU0Jxas3CeocA,25,1,1,['cad5801717356840d3af47d8482b65a9'],0.4594070171227799,0.2936248907767382,0.1337727121973618,0.4344501675036218,0,likely_human,1.0,0.2936248907767382,0.4594070171227799
UCSCu7m5muJeBnuLyCmz_ErQ,29,1,1,['75cab035507d9e39564151d6180b6768'],0.46224317646403457,0.29300155187225835,0.13817418858624095,0.47081614496197766,0,likely_human,1.0,0.29300155187225835,0.46224317646403457
UCf5Xm6LiCcPPDxjtCMB74gQ,-1,1,1,['61beefaca7e2b4234152b72259e84b51'],0.4374901131803988,0.29260540966859944,0.19655348918779722,0.5456688445572029,0,likely_human,1.0,0.29260540966859944,0.4374901131803988
UCIjp4FPX41vkBHHhKjz0cdQ,-1,1,1,['6ad1216b8a956b8fb762817e800b8ab4'],0.46624756878204643,0.29252125304763726,0.1620024721156699,0.480173628342463,0,likely_human,1.0,0.29252125304763726,0.46624756878204643
UCXCPTE9dZPHexBZLvONq1Qw,1,1,1,['47e0048a9677f45c79f38fec5a5911d4'],0.4268125778536256,0.2923839556060324,0.20725991011637285,0.4740487445668167,0,likely_human,1.0,0.2923839556060324,0.4268125778536256
UCXK6LEJFSTFQuD_K7zgBjXw,34,1,1,['644f4558d36bb5ed9c2a28edcb3c72c7'],0.4268860440464959,0.29234280436859705,0.19653288711458236,0.49619497194599294,0,likely_human,1.0,0.29234280436859705,0.4268860440464959
UCi992NKJ9TaQRWHllK9fKMg,-1,1,1,['fbb53cbff7ecc41b4b39c760bee51394'],0.4682153759204247,0.2919869591625865,0.17689804684509314,0.44492942314181877,0,likely_human,1.0,0.2919869591625865,0.4682153759204247
UCIxWwXvFJt1mxlh0Jnq1Jrw,-1,1,1,['f817d64bc1a105cc73d576813fac2abf'],0.41434120397660434,0.2919082548470684,0.20111644605596943,0.6376356030015777,0,likely_human,1.0,0.2919082548470684,0.41434120397660434
UCawuwDxZkgz3M4SXV25Ayww,6,1,1,['f284eb6149de08dfb4fd180bcde37010'],0.46914152107428975,0.29175933747167043,0.13899403867284815,0.3936880595037006,0,likely_human,1.0,0.29175933747167043,0.46914152107428975
UCTGEPPRerDe-_wOEemVmm4g,-1,4,1,"['1647a3016662dd6fb6ba77e28d8afc4c', 'e9a41368a34d9ce1457bb95e079fe709', 'a0a009bdbcfd8a2a1798506a7d8909a4', '9ac9015a1b4949ada62af9daef7cca97']",0.4300885438909595,0.29165391433490473,0.18718330587259346,0.5826059193499828,0,likely_human,1.0,0.29165391433490473,0.4300885438909595
UCdED-XgyVo5O7_OUSinbdMw,-1,1,1,['7f99c87deb6e0cee17cba38c91cf31a9'],0.44644776835670863,0.2915773705331287,0.17915709014416922,0.5335424370187802,0,likely_human,1.0,0.2915773705331287,0.44644776835670863
UC76T4qM2yPMn7XFON9ABfyA,-1,2,2,"['8686511c738984f94c37050f7537f791', '50dc2cfad9a1de1cdc1dc0bf6c094957']",0.3486601076061997,0.2914264851196919,0.14302198101622873,0.9999796378306068,1,likely_human,1.0,0.2914264851196919,0.3486601076061997
UC2tIigGKNUEv56G5ZyWWa3g,33,1,1,['c9af3c9cdc286839e625eafb7df98bc0'],0.4050611655117007,0.2911161319930624,0.16785517316040088,0.6423285561854655,0,likely_human,1.0,0.2911161319930624,0.4050611655117007
UCaQ9JpylccGt1EtSoRGJ13Q,-1,2,1,"['3c4414f8707f3bc365d6c51b413a7709', 'b7ca6b2aba96cf7612c74c526c2e1623']",0.4292662400474612,0.2910494643690038,0.18606203664509546,0.596602649131546,0,likely_human,1.0,0.2910494643690038,0.4292662400474612
UCOcTT5SIoB7c5kSn8tJFh-g,-1,1,1,['0555bae6d206d09998f390aab8583e0b'],0.42027456586955747,0.2910351473434839,0.21103319339180343,0.5751337773690821,0,likely_human,1.0,0.2910351473434839,0.42027456586955747
UCamo9yZsMmpUm9PMkZyUVOw,-1,1,1,['584666165fcd7a5f65e8aebfec613b33'],0.42753052512235645,0.2909943493845659,0.21103266020615316,0.5480846752304701,0,likely_human,1.0,0.2909943493845659,0.42753052512235645
UCjPWE5qH8POdc_0daT1L3ZA,26,2,1,"['da607dac49c6c84817ff5ba21be07ed8', '36c158be44bc7f0acb6f8900fa69f4aa']",0.4126161642905395,0.2909662770975287,0.20088384707575418,0.5188121080845837,0,likely_human,1.0,0.2909662770975287,0.4126161642905395
UCwHTmxfswx8Hhsn2nNdrFsw,-1,1,1,['12e720e5c2f4f8dec380763c5ee9163f'],0.4290976089433537,0.2908963598112422,0.20451226308094142,0.5517150128783495,0,likely_human,1.0,0.2908963598112422,0.4290976089433537
UCRvvTUdqgH4cxFVRzCKNsYg,-1,2,1,"['310dc37a7feeceaad620215f2f36d7f9', '057f4a8a5268cebd4ed5164e677ba6c1']",0.4421321227625703,0.2907720069329321,0.14288778346885475,0.6212200808156977,0,likely_human,1.0,0.2907720069329321,0.4421321227625703
UCgl-cr3IAmGRph9KrfwVviA,-1,1,1,['d588309d7a60d4f7fef8afd7c1738ab7'],0.43060357771035296,0.29066287017746584,0.18856965501202796,0.566691977807752,0,likely_human,1.0,0.29066287017746584,0.43060357771035296
UCk5JXbsyWFBAMcCmDsu02EA,26,1,1,['5c05b6b5415bd28a3ddb808992d0aeb0'],0.42325648152636686,0.29053235991610304,0.18992077993190482,0.49304266109013867,0,likely_human,1.0,0.29053235991610304,0.42325648152636686
UCdGf1b-sqyuHX_5OmqU4hBQ,-1,1,1,['273b8908b82c5d948760e083e622d387'],0.44895605159059604,0.29035958902477194,0.16186717111265253,0.5525251871298851,0,likely_human,1.0,0.29035958902477194,0.44895605159059604
UCWj9y0t0G65oqb-Lpy3J7oQ,35,1,1,['7205c87d3ad6df7be1e188f5152b68ab'],0.4254909119487785,0.29034702140170937,0.19389251795508047,0.4869229393735781,0,likely_human,1.0,0.29034702140170937,0.4254909119487785
UCgTI75eI5FLJck3bD8T_KhA,23,1,1,['65c070aae9a94435055c3ae1fdab025e'],0.42258564102586427,0.29033741874369456,0.16744099798092626,0.47685805933478953,0,likely_human,1.0,0.29033741874369456,0.42258564102586427
UCM0LwniOjzV0UC3ZNFwr-Dw,28,1,1,['58318d9f56b847234fc1ee0ed1204129'],0.4596106252382564,0.2903251206180063,0.14350547502039604,0.3875023151409591,0,likely_human,1.0,0.2903251206180063,0.4596106252382564
UCmYQFXIfEMYTOQIATo_jZ0Q,-1,1,1,['3d7101f47979477dd2f4982837588beb'],0.46368968067247085,0.29012174260022183,0.11816930450018183,0.5744494086249459,0,likely_human,1.0,0.29012174260022183,0.46368968067247085
UCAIV0ICk8YeIHOfkCLat5Pw,17,1,1,['1aa2b0b92ff921c577328edc4461463e'],0.43017215632385586,0.29004873104531675,0.1964837288426547,0.4655162579397825,0,likely_human,1.0,0.29004873104531675,0.43017215632385586
UCL9uFiI-gnWdyuWTuAMztRA,-1,1,1,['abd8d07ffd050a251adcb067ec30a766'],0.397648352153106,0.2899829800226311,0.21512594312722402,0.6702043904161363,0,likely_human,1.0,0.2899829800226311,0.397648352153106
UC_f4Wk3YvYXqX2NIyJ9oIlw,-1,1,1,['7d717087a1f1091f3d8495a7bde997c7'],0.44113611462844216,0.28961510569838905,0.17911938677684724,0.5405251212380353,0,likely_human,1.0,0.28961510569838905,0.44113611462844216
UCRmdKBTK2K9OyQ1YKcsXTHA,28,1,1,['c09d5415413e40046b557c36a52514d0'],0.4354052276510912,0.2894504008412449,0.16759881857937134,0.43818898485247026,0,likely_human,1.0,0.2894504008412449,0.4354052276510912
UCn62tr0kKmDe241FEgMvXBg,-1,1,1,['20c6e408afff3f56b0f97322c3c9fa8c'],0.4442605869304077,0.28921433081346803,0.15531988305606054,0.5647093962749913,0,likely_human,1.0,0.28921433081346803,0.4442605869304077
UCIRHb6_5v261Xm9i8qKzbJQ,-1,1,1,['e381ab35808d27b6760396e0d0e02831'],0.4398155995317654,0.28899206626714863,0.16593681502560972,0.56274455074451,0,likely_human,1.0,0.28899206626714863,0.4398155995317654
UCXZSIe0LnWaO6uZXKcQtAKw,-1,1,1,['30080d8f4450447ab7001560cfe766f8'],0.46541063576596164,0.28886942263063153,0.1467081093498771,0.4913148990363815,0,likely_human,1.0,0.28886942263063153,0.46541063576596164
UCAaY4WHHi_RuIdNoqOpUVGA,-1,1,1,['d2e2f9e79d6fad7f7bdf46a3ed48330d'],0.42279784698945466,0.2881558371721218,0.17934662930263645,0.6052971720372771,0,likely_human,1.0,0.2881558371721218,0.42279784698945466
UCG0-ArQ-7JPTzNW13Un0tuQ,7,1,1,['92a1cbcb111c41091a1162fbeb1480b1'],0.41991683433456417,0.2881543978640083,0.20570318512430213,0.4635572287814955,0,likely_human,1.0,0.2881543978640083,0.41991683433456417
UCp95vg9zTWwDTNAK4ObDfpg,-1,1,1,['dc57b16c43eed2c2444ffb7eebe02209'],0.45251124431820366,0.28808980554668756,0.18637466253785542,0.4523885932721168,0,likely_human,1.0,0.28808980554668756,0.45251124431820366
UCWGB4RFGRzrq_8pH24cFmkg,-1,2,1,"['39bb333c5a1de06e0e62526dd4dfd56a', '1cd28a39ca51eae6de8178cd8c44c0cb']",0.4417313917431919,0.2878099401092774,0.19218432880315922,0.4933486132546518,0,likely_human,1.0,0.2878099401092774,0.4417313917431919
UCJHaeg5fRIF9HL_1ECwnecA,-1,1,1,['64df0f77ec2a2e8a3e0bf8f93605f532'],0.3929128832783453,0.28778120988405037,0.20750510526197083,0.6726993367216387,0,likely_human,1.0,0.28778120988405037,0.3929128832783453
UCbpmPHT679KOANvgVKg1DzA,-1,1,1,['7da9c44fccdcd126c935eac0717da237'],0.47626689527667687,0.28769095113002,0.16735494874576903,0.38679604301570586,0,likely_human,1.0,0.28769095113002,0.47626689527667687
UCXZ34t-pxdzM07QNmuJbFVQ,-1,1,1,['467ed6115b5ff0b9e6530ff2bff3cadc'],0.4247902708858219,0.2872408963782312,0.19897338572691967,0.5503504437853273,0,likely_human,1.0,0.2872408963782312,0.4247902708858219
UCrILeY1nyQQZhJb8nhvHD1Q,-1,1,1,['dcf34a7013e47a70b2078b52d0dac5cf'],0.4294635312713142,0.2872358385217826,0.1991633988476962,0.5233348354781024,0,likely_human,1.0,0.2872358385217826,0.4294635312713142
UCI-WAJKTstGObet5eWLi1Pg,-1,1,1,['8eb6a052c0d543760b7d6b70c12cee65'],0.4473066976044518,0.2871424927013755,0.15683181834776402,0.535383231784223,0,likely_human,1.0,0.2871424927013755,0.4473066976044518
UCfpQ2C_zYI5ogyo1UlfesPg,31,1,1,['45e33feb0de1380e68532f5bb1c7e1cb'],0.438647204625392,0.28709440496828637,0.15341249777828847,0.45144007590800234,0,likely_human,1.0,0.28709440496828637,0.438647204625392
UCkJUWgTm10BR2EqexSHQIsQ,22,1,1,['6e19004179c5f21fd936c9b3a6de8049'],0.42723505337676887,0.2870741406319848,0.1697530310122423,0.50073137049153,0,likely_human,1.0,0.2870741406319848,0.42723505337676887
UCGevyQK7ZOPFchxc4mv71Lg,11,3,1,"['138ccdc03926e080e064110e49e5c1e0', 'cbbddf3fba8a7904300af0c7ca4ce0a8', '6c2d0666efe6523bcde5e031f4d22461']",0.41652770213068435,0.2870472678503469,0.1703561040443415,0.4526558661299418,0,likely_human,1.0,0.2870472678503469,0.41652770213068435
UC5ZYvhRaCGP8vYLKPnPdLYg,-1,2,1,"['5e04986aebfb9ae676c079f144267121', 'c6c7bf0260967d25b495fd919278a8c5']",0.4510292621521338,0.2869651017786315,0.17625972987169777,0.4718031777949776,0,likely_human,1.0,0.2869651017786315,0.4510292621521338
UCGjtKDA4zUN9QmG1j9haIGA,-1,1,1,['bed505f01f98ee23a964d7a326c8c90f'],0.4539658933851989,0.28688291591400994,0.15472940945988053,0.49948421379728625,0,likely_human,1.0,0.28688291591400994,0.4539658933851989
UCD964r_Jqu_Jw92PyFi0eZA,25,1,1,['2ba1c8050730b8cb2ac4a17b7f7d440a'],0.4123935516990934,0.2868595077408365,0.19560844403598088,0.4564936338456058,0,likely_human,1.0,0.2868595077408365,0.4123935516990934
UCdfEzuWp_r4gWe6wP0XjChg,31,1,1,['f3778364ed85087e777bb3b9e153a500'],0.44847499130973023,0.28676992080221436,0.14661661020258637,0.4186578234599535,0,likely_human,1.0,0.28676992080221436,0.44847499130973023
UC3EHztyZ4tEQqy8PuawZXtg,-1,2,1,"['3b5d06233c2d42d0edc5ec31ffa9a1d5', '6bb5cd0d9ddcd20e839203e2dd8dac40']",0.42022757489031315,0.2867221042321275,0.1887471906412205,0.5849148753835277,0,likely_human,1.0,0.2867221042321275,0.42022757489031315
UCTKoEkmiZiCQFc3MiGW2YFQ,25,1,1,['5f37657c8533bcf6562d03aff8c5257a'],0.42453502423315553,0.28643213574108806,0.17318145122692813,0.44499038131335444,0,likely_human,1.0,0.28643213574108806,0.42453502423315553
UCBt5vL_UxCJm-hlbbqYPE1w,-1,2,1,"['f7bdf86ec0dde08fd4128ab840c3acbd', 'd1c13b74a919f21431bbfd56c120a033']",0.4333572224762914,0.2863787927536213,0.18092421570498757,0.5314454995198623,0,likely_human,1.0,0.2863787927536213,0.4333572224762914
UCcTV1z6lHBfpL3c88oHeFKg,-1,1,1,['9fefce06bb727d22e441a7f54a5c931f'],0.44144029489596187,0.28612745211484136,0.1826242138703415,0.4890271986603417,0,likely_human,1.0,0.28612745211484136,0.44144029489596187
UCwr0_5FeE8DWuXvMoB3HgKQ,10,1,1,['a0fd9458c027c75d1c156f30d04f8c58'],0.41736861989538176,0.2859449913796336,0.19574251491809747,0.47370001006136786,0,likely_human,1.0,0.2859449913796336,0.41736861989538176
UCwHZJAGpI2paGS1JbOmB9Nw,-1,1,1,['ac3ca8e3a6ae65463ce2548a9217f806'],0.44945698293972924,0.285779183703596,0.17999745552100077,0.4559769990806866,0,likely_human,1.0,0.285779183703596,0.44945698293972924
UCbEKLMRevNhOv2LpLs-VveQ,-1,1,1,['2f86aba2c8363569142b78f648377a53'],0.41635544370458555,0.28550433288408256,0.21728993337909341,0.5315481942946029,0,likely_human,1.0,0.28550433288408256,0.41635544370458555
UCP_rFxSuYyXGKhq57AP-G0w,8,1,1,['bd2b6c1807361d5b8d98cd78fc2d999c'],0.42146951660817633,0.28529370389389297,0.13865564855676707,0.5697743517346375,0,likely_human,1.0,0.28529370389389297,0.42146951660817633
UCPoJI74y7xrTIoV-DnaEfQQ,7,1,1,['caf40113365023ab75456e991364e191'],0.41802283943207863,0.2850650830034265,0.1957097019281757,0.4623952402696378,0,likely_human,1.0,0.2850650830034265,0.41802283943207863
UCv8FjWSDA5OGf4WSwVVJweQ,-1,1,1,['22aa9f4ef60bfed4803ab656b81aad1c'],0.442407349190851,0.28506200000840853,0.17219665958419528,0.4969454703337234,0,likely_human,1.0,0.28506200000840853,0.442407349190851
UCvbWGwaTA_-cxcZG8V1PH8Q,-1,1,1,['cd70b0140471724a3498c0fcaf655582'],0.4164360311076494,0.2849752816185922,0.19840029261577438,0.5555977315145607,0,likely_human,1.0,0.2849752816185922,0.4164360311076494
UCjZSr26T86eJwOOnmKQCkXQ,-1,6,1,"['d6e7d698cd422c517e1a4e7134c6ccd6', '0d7710548913074967feec9315e13fd3', '334aab721e79b66869eeb39392320f47', 'ec5a44a3665eba24c1f47ec4fcd2bd9d', 'f595287e577e39459097b74270295935', 'c0e802865b2cb1885d507ef1471cbddf']",0.41435091408798513,0.28492421720184913,0.16536151375835156,0.6399015419492813,0,likely_human,1.0,0.28492421720184913,0.41435091408798513
UCHem59SB51gNLnaL_ol7buQ,13,3,1,"['9d946c5e71c05b98d0e3147afcd53528', '15aa0997e988bce9a1da4afe0f3f9d75', 'ae6932283a98b35a21f7ad3d5dab380f']",0.4572509271631966,0.28477110086091095,0.10032954169625685,0.45473438815220757,0,likely_human,1.0,0.28477110086091095,0.4572509271631966
UCR9x8gPAcHGsID_eOhokCSg,-1,1,1,['540a842e83346258fc33637748b5f20f'],0.4383461757331694,0.284422830804294,0.1758673158502942,0.5045384479172472,0,likely_human,1.0,0.284422830804294,0.4383461757331694
UCvL7fUEaVVZPF7fq5WoJr7Q,-1,1,1,['09c6dbe46f7ffe2bad62d3c077d092ad'],0.4290949056737562,0.28436438787015184,0.17924407352409225,0.5313672775657275,0,likely_human,1.0,0.28436438787015184,0.4290949056737562
UCS_8ItNiTNbN7mlMtWeNgnw,33,1,1,['1c4ecd423fa665794cd95f71ea859552'],0.40587611354287656,0.28427549704791494,0.20142654245506897,0.5011312971254251,0,likely_human,1.0,0.28427549704791494,0.40587611354287656
UCer_L2MoG6LQPO5-V_LrYHw,-1,2,1,"['272af62e03728d7b9ec765ea380748a1', '58700c5f144498d85c8d031159e7194b']",0.4198651235116214,0.28396865741305405,0.18750889725913492,0.5662622930684541,0,likely_human,1.0,0.28396865741305405,0.4198651235116214
UCvFT6GhTnKkKtw7aNBTDAAA,27,1,1,['7cc0ff59fd87ead97ca7291ca494f0c2'],0.4219336730967573,0.2839193626358843,0.1898730446475308,0.45994682739432274,0,likely_human,1.0,0.2839193626358843,0.4219336730967573
UCyLg59vcJXVQMsTRNTuZ4QQ,-1,2,1,"['82b2df9244ad4d2c8c9aa6d204746ff1', '07acaf54ed670ed579d2180ed1cf6fed']",0.40283688836308795,0.28380880557355553,0.18587570735500478,0.6419733488689752,0,likely_human,1.0,0.28380880557355553,0.40283688836308795
UCcf4U5dpE5AW3o5hR2qBw6w,-1,15,1,"['af1a27819ecaa9041af53c71055068ea', 'b4804b8b7ce5e1aca8e2167b15f08597', '60460abf5bd2bb29355d2c4f6bf36c18', '748a8eec2bcec3593d05491e8c3e2f76', 'dc1732b24a03bf6c949e498c1651d76d', '38b48ae23d44bb0df4f4f6c5a1538099', 'de204327235fdb15347c4874182c6cc0', '83e4554e7557baa46972ffed49507900', '611b80868305213c880d3e0fbcc81ab9', '078936507efb70682222c1b43c8c0729', '46dfa0b80f04de1dbc06f8431f3e3354', 'd88d5b37bf248d4c02f2be32f20cf54b', 'ef42175b72b65f031611c1329ee26c41', '7a9d2879e20196cc892883986b807ba5', 'ab933986df7179fcb7a6c867e03ec84d']",0.39863621307879615,0.2837968035530079,0.17343140001933344,0.6830126118488629,0,likely_human,1.0,0.2837968035530079,0.39863621307879615
UCmFcRvEeFcyC9iDJwXjhGSQ,-1,2,2,"['14644f850599162eb2b93825fd36f640', '5b404dfff95fcc2a6afca0c3867b4d6f']",0.4200426918033162,0.283739021035726,0.14561979212387893,0.6390131035936231,0,likely_human,1.0,0.283739021035726,0.4200426918033162
UC2lh9xf3G6xchBTACSGH-RA,23,1,1,['956fe80a32b17ae3bc80bc6c6916c573'],0.4389332395066186,0.2834231799244766,0.14762030230584874,0.37302285252930356,0,likely_human,1.0,0.2834231799244766,0.4389332395066186
UCi-tjEvkgTAkCOHoxtAO3EQ,18,1,1,['6e53d376066228797c64d0c901aeb773'],0.42765764367319015,0.2833776380163572,0.15403779847061472,0.46587955728606006,0,likely_human,1.0,0.2833776380163572,0.42765764367319015
UCy20AjSN4uND2pWD9sRj3wA,-1,1,1,['65462d40d8f2a4d831ee124d0df3739c'],0.42831791062233737,0.28330397833279625,0.15495573430268728,0.5752683569783861,0,likely_human,1.0,0.28330397833279625,0.42831791062233737
UCEBqJkgYGooQDQzneExeMvg,-1,1,1,['82a1a551e4a70db416b276f6fb690c63'],0.45906023653780365,0.2831205818614793,0.15729101698226583,0.44225249263701205,0,likely_human,1.0,0.2831205818614793,0.45906023653780365
UCRwtjaK729pzMtIGkSdTJQQ,-1,1,1,['7de6ea0e414aabc483e45c22a0e42dcf'],0.41712741828357425,0.2830724594665208,0.20789922395771537,0.5259057162876172,0,likely_human,1.0,0.2830724594665208,0.41712741828357425
UC9ENhYZRqL-pPfYIc0xVHwQ,-1,1,1,['b6a2588b8e91773eb3f4d08412c47984'],0.43512029313031886,0.28295709563264676,0.19598024008963189,0.4604298892060317,0,likely_human,1.0,0.28295709563264676,0.43512029313031886
UCvmhdq7HQ_1ewWQFx1cu2eg,-1,1,1,['e67215104f9e53d6b81a54986b2c82b0'],0.440364750102762,0.2826189705455783,0.18470489725407047,0.4693536868245398,0,likely_human,1.0,0.2826189705455783,0.440364750102762
UClGG4NBhpL85Z8LuyqLUJ2g,-1,1,1,['5abaadd580624e8e09cc3a5926082ea8'],0.4071863155294194,0.28246671495036546,0.2125598697841312,0.5450020662182264,0,likely_human,1.0,0.28246671495036546,0.4071863155294194
UCCi0C_1-e-1cRbHPW82wYvQ,33,1,1,['d58e65abbc44a09fdf925782c7912fae'],0.412104011641514,0.2824443780160727,0.16356949832900022,0.5331041398739975,0,likely_human,1.0,0.2824443780160727,0.412104011641514
UCHb0qK7ANjD_zFmlC29eE2w,-1,1,1,['41ce29b909049ddc501b37471dcb4bc6'],0.44391405523820177,0.2824204251337735,0.16642223769225994,0.488280311660659,0,likely_human,1.0,0.2824204251337735,0.44391405523820177
UCwVxsoWMs6C_aJH3TFcm7-g,-1,1,1,['ae42b1bd29ea2518cdd19da262b8fea4'],0.43623213324821575,0.2824028451748952,0.1665379500638523,0.5189929572771964,0,likely_human,1.0,0.2824028451748952,0.43623213324821575
UCAYcZALtWuIVIvgjuVtK9Rw,-1,2,1,"['c017dfb0e6361d4bdb5b8b0744121d5b', 'f64a56342b8af14132e7582d287eb9a8']",0.4215720327946705,0.282322900257988,0.19731259764198816,0.5228064364625304,0,likely_human,1.0,0.282322900257988,0.4215720327946705
UCQyx63ZS9XG7jDoJiv-l3Dw,-1,1,1,['2eb2430ea56ccc1ba1294fd00b763207'],0.43723022898113567,0.28227885812356823,0.19038987688469436,0.46164763377306195,0,likely_human,1.0,0.28227885812356823,0.43723022898113567
UCyOVxUSDpldzM8enDQJfLzw,-1,1,1,['642afb01889a946fcee8337a803fd51b'],0.42498969549433385,0.28226568250284434,0.19373587374147377,0.5145195256557045,0,likely_human,1.0,0.28226568250284434,0.42498969549433385
UCDwPB80rQNKZslwenTvoT-Q,22,1,1,['6248c69cc18fa3ff00f873e475f959d5'],0.44291922775949966,0.28218334151727076,0.14862301728535493,0.4284361768614426,0,likely_human,1.0,0.28218334151727076,0.44291922775949966
UCZklLPhSdEjVkzCqLgYtesg,-1,2,1,"['71c41e57817095fcd770ad8899598527', 'e932e5a6462d56bdcb074e5a5f815d78']",0.4266554354782285,0.2819868921363836,0.19714280984045734,0.49247688298480297,0,likely_human,1.0,0.2819868921363836,0.4266554354782285
UCh5cmG-rVjQj2JZniJ4WHxg,-1,1,1,['19ca7e086d4ad07cf857290afd633286'],0.4528006025794308,0.2817349133814768,0.1284996579329804,0.5093725323969295,0,likely_human,1.0,0.2817349133814768,0.4528006025794308
UC1CbW4bLekS_wYGSErWnncA,16,1,1,['7fa37fef2f0c9514647778017bc6f1c4'],0.4263080899540508,0.28164233040204406,0.15030448630555246,0.4626878570906652,0,likely_human,1.0,0.28164233040204406,0.4263080899540508
UCuKzwyrlEgVd1PWnHuPZLXg,-1,1,1,['fb0912cff776bfffe967a122cbf51647'],0.3884538366301039,0.2816293487574065,0.18584263728079914,0.6736087739323718,0,likely_human,1.0,0.2816293487574065,0.3884538366301039
UClSYk6acuqDE6_4_Es21E0g,2,1,1,['b3ba6beea9bd4a5546eb0f7d9b0e0796'],0.4357467465565347,0.28127482452136826,0.16996995615314664,0.40327235267251516,0,likely_human,1.0,0.28127482452136826,0.4357467465565347
UC2sdOrjEt46R-NLnbanEwkQ,-1,1,1,['0d5e53163600ce3f1d7f6be9d9a6ff5f'],0.4051368700448747,0.2812295273302484,0.1889907092562147,0.5968728105463593,0,likely_human,1.0,0.2812295273302484,0.4051368700448747
UCFVtmaxFgbA1h6wJkXgKiGQ,-1,1,1,['6b3356646f71ab1d33accf49f153232c'],0.4042520952005198,0.2812077585914977,0.1774467579571681,0.6199149152137449,0,likely_human,1.0,0.2812077585914977,0.4042520952005198
UCd5XUQ58h2YNlkIR0Nuymfg,-1,1,1,['29048c9759aea51a5af8796dbf66cd49'],0.4324014464586532,0.2811119015921409,0.19651809515833052,0.4538367283154665,0,likely_human,1.0,0.2811119015921409,0.4324014464586532
UCNei2-07FhDfmkx_vCgfNRw,30,1,1,['b601fb5b82223e3b79830f425dec549e'],0.4213561974053457,0.2806854907393851,0.15815168745170957,0.4933486132546518,0,likely_human,1.0,0.2806854907393851,0.4213561974053457
UCfkMTmAxvZFFXNfJWjTY68g,-1,2,1,"['4afd8f2bf970e6491fe2732a290ccf73', '186b0d56791df29101073a8760c24166']",0.4280032786933692,0.28057784565609656,0.13525855780576498,0.5966678830474901,0,likely_human,1.0,0.28057784565609656,0.4280032786933692
UCc6OGvvNjXV6JYjEnYGQuYQ,32,1,1,['84a9c3c8e17c16f427e60ad2655c46d1'],0.4705563774903753,0.28056111715270426,0.10458504625137979,0.3144527947337232,0,likely_human,1.0,0.28056111715270426,0.4705563774903753
UCM6PfKQsLEGkF0mXcbxpQIQ,-1,1,1,['f1cc54a08401072367c75e634daa5455'],0.4133665410131252,0.28045933824973707,0.2077403616976168,0.5100100211112384,0,likely_human,1.0,0.28045933824973707,0.4133665410131252
UCtaJtjyXB666WGpZH_JdkMA,8,1,1,['b45b6777c86dcca33fc82d349e568adb'],0.43162774407481647,0.28045861137906525,0.18144491900722787,0.38495312391079467,0,likely_human,1.0,0.28045861137906525,0.43162774407481647
UCPEVZfxHm21Fy0sFdGSxe_Q,-1,1,1,['31aafdcb20c2f95a5c5f05c03ae1e0a9'],0.43772452087584257,0.2803802104606144,0.15866199109737375,0.49765725852089554,0,likely_human,1.0,0.2803802104606144,0.43772452087584257
UCGKEPOn6SMG19J_Moq41ewQ,27,2,1,"['11b178548b0a510cd0fedcd468bfabd1', '2f6f64b801dc4abc8f56d14c910d340e']",0.3970126817631925,0.2803647751170278,0.1853658116204522,0.5458267831748188,0,likely_human,1.0,0.2803647751170278,0.3970126817631925
UClPjlZQ933tKQBH7nOv-CDQ,-1,1,1,['4286370cdb8c8c4dfacdd61ece450cc4'],0.4542899532435869,0.2803095784600426,0.16166562300134127,0.41786443523432354,0,likely_human,1.0,0.2803095784600426,0.4542899532435869
UCNZOwenVJ9sK_bgUZ_hpgMg,-1,1,1,['b7141947be0e6012f24c9e6c52b9eb27'],0.40423565538098327,0.2802929950655367,0.1827678456051864,0.5988969256865522,0,likely_human,1.0,0.2802929950655367,0.40423565538098327
UCL49fI2__xCSt6lDHIu7Lmg,-1,1,1,['7db9e8e2d5ea8db49a77adc1874a136c'],0.42764751576848925,0.28003470735393965,0.18297676370491603,0.49399415196445706,0,likely_human,1.0,0.28003470735393965,0.42764751576848925
UCvsZ-qL1jrAQBashSbtoFew,24,1,1,['d67b9ff54c69db3db2684d4d94465eb0'],0.4320145881342464,0.2796808560705427,0.16697035901577234,0.41815095840948296,0,likely_human,1.0,0.2796808560705427,0.4320145881342464
UC0vcI1QYJe__7irFPFCio9g,-1,1,1,['a525ca4261dad2b113f30fb37efe2c65'],0.40919552062347797,0.2795414012485943,0.21462247441129867,0.5117860200150166,0,likely_human,1.0,0.2795414012485943,0.40919552062347797
UC0imD0xHQhb2ZS1r3jm9hTg,27,1,1,['5a4c078eee0d604a91da213ffb60bc63'],0.4309833313919351,0.27935652127267085,0.16920949785390504,0.4149928897669005,0,likely_human,1.0,0.27935652127267085,0.4309833313919351
UCk1AWh2m-eokN-SJdg5UVKg,-1,1,1,['b59651ebe03158483ba9266dae0da8b1'],0.444335395725781,0.279332943418526,0.17679943230446357,0.4211478008390756,0,likely_human,1.0,0.279332943418526,0.444335395725781
UCSFYDqq0vdYKLSRCjupvNIQ,-1,1,1,['3d5010a73cd10ccb770e62fbe59a2f57'],0.4571066726184953,0.279326090527348,0.11991065963961936,0.48209183836421776,0,likely_human,1.0,0.279326090527348,0.4571066726184953
UCPPeelyJiCTGZUHbMOhEiTw,-1,1,1,['9e887d2cf3c5ca38ba329e876b5c7ef6'],0.4025824582165325,0.2791933542869549,0.16916270231155361,0.6253740020933242,0,likely_human,1.0,0.2791933542869549,0.4025824582165325
UCIepGPaJkTKf9YB9YKp7aFw,-1,1,1,['056cbcdc53b17db2196e3105ea61fb77'],0.441487104631813,0.2790946791290684,0.17275646976198603,0.439260976223933,0,likely_human,1.0,0.2790946791290684,0.441487104631813
UCTT4pE4hQ9lPxo4UqDnvE7w,-1,3,1,"['e0d7d7bf742aed15d478ce37fe55fd58', 'e5ba112c7932d3479ef4bf7d0224ca1a', '6dc18b3edc2cfa2a2e5475265addf54f']",0.43986169205685793,0.2790727098511388,0.1257201878445181,0.5477294868598079,0,likely_human,1.0,0.2790727098511388,0.43986169205685793
UCKFuyvdLfjHKjTgQkmaZnbQ,-1,1,1,['80b4efca454ce3c16ea445c9f9658c34'],0.42960016541557955,0.27904431554034104,0.1881655658246252,0.45899044604323075,0,likely_human,1.0,0.27904431554034104,0.42960016541557955
UCRZrn9Gz0KvIY8k44g1fv-Q,-1,4,2,"['720770e4d50d2ec7f4527da2579418fe', 'beef2a5011f27dc9ffe1875cddc980e6', 'debe68dcfe512a731c1b97780181b1c8', '15660c1977fb486ed74946d1f3308f13']",0.4207492353332718,0.2789541228144412,0.14678007066130846,0.587433106483776,0,likely_human,1.0,0.2789541228144412,0.4207492353332718
UCnwZ4IQ0kybagkkITn2A5dQ,-1,1,1,['2ec3a36807fdad7285a6798a3cd92109'],0.43680144864672055,0.2789115720504233,0.18733345837720589,0.4262991901723169,0,likely_human,1.0,0.2789115720504233,0.43680144864672055
UCUBIh1EVDAFdAQTzRKZx4cw,21,1,1,['37a9f26f89468a920846f289b1e3ffc8'],0.416906530323623,0.2788678872350022,0.16289144013392717,0.4849745191280896,0,likely_human,1.0,0.2788678872350022,0.416906530323623
UCeJ15OuMTyqTrZImdCL8-Fg,10,2,2,"['27120270aa8993430038b7266808cd49', '700af41f6e4451ac87ad48fd1ea8d11c']",0.40673181799779373,0.27882580175654875,0.15774691204056085,0.5310784308330353,0,likely_human,1.0,0.27882580175654875,0.40673181799779373
UC4uarTBoodIpuJxTYkCbfbA,-1,3,2,"['c3c851229c9313e652be8affbfb0c0e8', '63151fd3674b0aab7db98991c90025a8', '8d2ba06526a0891c6070767aa498b028']",0.3787080030288967,0.27872742582639254,0.22253112289594484,0.6203147535577282,0,likely_human,1.0,0.27872742582639254,0.3787080030288967
UCqpv6dOxU7DK2f1_tDjtKBw,-1,1,1,['f79d72181d0c6ad23a359372e1e55fb3'],0.4615477963716499,0.2787138948379052,0.14530985257371137,0.4056693430433752,0,likely_human,1.0,0.2787138948379052,0.4615477963716499
UCtQHggmOriBZGT3BWl2Bv-w,-1,3,1,"['d46202dcba80d11f1fdc6c33adf48227', '70dc70d43ff10996ab23755c8093758c', 'a0cbaf70ee161d2a5852f733a5a873a6']",0.4077802501833739,0.278485414246975,0.18843947417086518,0.5645561411077237,0,likely_human,1.0,0.278485414246975,0.4077802501833739
UC7JVq88Rgz_OHr7mF_oBI3g,-1,1,1,['73dabaf88857b5cccbf135a5b7084262'],0.4378577495133982,0.2784696166827466,0.1679810973093115,0.46205696394579826,0,likely_human,1.0,0.2784696166827466,0.4378577495133982
UCmf5rP-diqNqY6OsD2V5zpA,9,1,1,['9bed29974e4528094224ab0e782aa38b'],0.40519979161822073,0.27845934547704193,0.17466876626038516,0.46955784954661545,0,likely_human,1.0,0.27845934547704193,0.40519979161822073
UCf5nDBcvymvmtPDE__tfKUQ,-1,1,1,['462b693a9f687beb9b259b7be2a42998'],0.41873236007249626,0.27838568569601413,0.19248433972424298,0.49780244743745167,0,likely_human,1.0,0.27838568569601413,0.41873236007249626
UCtRl0CiCQ5ola37SzznMHlw,-1,1,1,['ad75101b7dc71bbc456dcfe58d44f7b2'],0.4071105467948015,0.27821595457570963,0.20345078499542857,0.5283313788489826,0,likely_human,1.0,0.27821595457570963,0.4071105467948015
UC7Y2ZcNR7zMD1xaDl6CutLQ,13,1,1,['cc9c08bfee4fa6496452f6c568c51c10'],0.4152817494674844,0.27800062000083736,0.15595237106662607,0.4565411385997831,0,likely_human,1.0,0.27800062000083736,0.4152817494674844
UCYjRRlPb6c-hQzZaHVM_vLw,-1,2,1,"['ce2ae7533e67c0f00dfdc5afa914e8f7', '2aee4859c005afbaca62822ad9bcc56e']",0.4076072081763726,0.2779376434951764,0.21381869029103348,0.499306482013053,0,likely_human,1.0,0.2779376434951764,0.4076072081763726
UCfR1TesAG6zxCmFB77c-m0A,-1,2,1,"['92113c6241c0574b70f73290f1610540', 'a0c2c6c356633c08f39cc2280b419886']",0.4415341380556688,0.27788731142117473,0.14092409819731783,0.49280929403635715,0,likely_human,1.0,0.27788731142117473,0.4415341380556688
UCOHeSDie1pBcexKWUnNt1yA,-1,1,1,['ce82bfa89fcb5b9b8566eb5b5cf30e27'],0.39962933591811967,0.27782809148416826,0.1789736233176945,0.599234743471265,0,likely_human,1.0,0.27782809148416826,0.39962933591811967
UC72wOtVmSuCHRTRQeWIiTTw,-1,1,1,['7747c1e62110040b90da84217f5ec444'],0.4201994746049723,0.27774362600049324,0.17948901835146064,0.5136706526882584,0,likely_human,1.0,0.27774362600049324,0.4201994746049723
UCmtZTFFEvqmTmwEy4TJ-oqA,0,1,1,['16687221f9e03927513c3f5d33c55fed'],0.3994359930739355,0.2777228099966417,0.17955202493442818,0.5080425326947636,0,likely_human,1.0,0.2777228099966417,0.3994359930739355
UCKiW-J97XvjIt_GLT1e8xFQ,-1,3,1,"['9e405cb156befc62a417f9bdfb38916d', '1530354f00a32539659a3b0447e6d981', '85a035d269ef4eb8823135ed7261b949']",0.39569011494716455,0.27770259881795584,0.19014889641887317,0.6096724372231435,0,likely_human,1.0,0.27770259881795584,0.39569011494716455
UCdcK5-bVSs2Tgm29-H5irXg,-1,1,1,['cd170080005b6e75c57c9c6bbab832d3'],0.46169116898823054,0.2776957096122074,0.13328615050695364,0.4249823657118495,0,likely_human,1.0,0.2776957096122074,0.46169116898823054
UCvOB3lVDf6WJlMJDWSaGBRw,-1,1,1,['2c1da697b18f4edee5ddff62ed651083'],0.42589727253815396,0.2776557794069523,0.18818915131884748,0.4672064220853742,0,likely_human,1.0,0.2776557794069523,0.42589727253815396
UC1wGFcfiIw9h1ufd9p-mx_A,-1,1,1,['a3a7841792261947224934dbeb7f3d55'],0.45539463526161317,0.27755318965640396,0.11601923717051983,0.4851104034443477,0,likely_human,1.0,0.27755318965640396,0.45539463526161317
UCWppF-NLfMa4je6zXqUOdnQ,18,1,1,['69d67b1b3dd6241d4d0aa8b345e40c74'],0.48416398225472707,0.2772938649848124,0.08332322876350194,0.30131670333524385,0,likely_human,1.0,0.2772938649848124,0.48416398225472707
UCg9gXh7_QecGmq99ceay8wQ,-1,8,1,"['a05b8c4d5262c7b5eb628e438f371c14', 'f64d78872cec53578a17e69395b10d80', '26881ef9a353a0e1111707d9859c8009', '767d97035e39bf9df15c8f9250090646', '959f112870345349ee11be8f4f1879e9', '500a9790fe1bb9c516ffbba778219345', 'fbc8a4af88bb6f3edb7f0deb03c9f3ae', '8dc99cfc311b1bbb73bab465601b156b']",0.4013525859889495,0.2772257581213011,0.18980463179751778,0.5752683569783861,0,likely_human,1.0,0.2772257581213011,0.4013525859889495
UCse1pNYo2JdoRDuGHfQfu9A,-1,1,1,['3ed361ea786437d77ce730d7c212bf9f'],0.4247157477422966,0.2771761167925039,0.1941610029033245,0.4524589356656538,0,likely_human,1.0,0.2771761167925039,0.4247157477422966
UCBkASR3-ZGHHK4hzKfk2NNg,-1,1,1,['1766450ff68ad1786945e86ded16684b'],0.43303645818415837,0.27716227122825093,0.1761734407275397,0.46587955728606006,0,likely_human,1.0,0.27716227122825093,0.43303645818415837
UCdkJqlE_LJAqs5CVCFAbwaA,-1,1,1,['b2dd3fbcfc35ed41b65f233ac5ccfcd4'],0.41783415382183486,0.27709436085927996,0.1845126656678096,0.5029819982827908,0,likely_human,1.0,0.27709436085927996,0.41783415382183486
UCu4zhqEkYjl7xzEHfJGaNxw,-1,1,1,['bed341fa18999ca1e2a151b489b7fc3e'],0.41683663364596885,0.2769090696567964,0.2008466088218966,0.46950416353460633,0,likely_human,1.0,0.2769090696567964,0.41683663364596885
UCpifGoWLRl6a2JM9dLEKpwg,-1,2,1,"['6087079c258c75b0c0d4a482f8cc3697', 'beecd824c97d13fba6812cde21dbcd4b']",0.4279362192941591,0.2768761336279025,0.15788598945976562,0.5119991504185823,0,likely_human,1.0,0.2768761336279025,0.4279362192941591
UCms7_4KDoTyUxg4tZ15C_9g,-1,2,1,"['f097bfbc43d36b770f7b82b5a4ca733a', 'f3ff70b7bf9df3fbfba7a2092cf664cc']",0.39147482944850476,0.2767815363607078,0.19911638960561262,0.5956656154891794,0,likely_human,1.0,0.2767815363607078,0.39147482944850476
UCnNncec-jIAyzstvf7yAXmw,-1,1,1,['5a43076ac06eab3f286c8387cbc3495a'],0.42423606156587546,0.2767751821405632,0.14847159720137149,0.5431273766411245,0,likely_human,1.0,0.2767751821405632,0.42423606156587546
UCSZ-CeP52d0IApK50bqro1w,-1,1,1,['837f41bbfe246e30fc515e7335ac7554'],0.43328535474462504,0.27674630407008305,0.15948477693337762,0.48164377637361233,0,likely_human,1.0,0.27674630407008305,0.43328535474462504
UCqrq-tsk9Ed_28Eu46AA4yQ,22,1,1,['6d172d9b592d404b71b683003bb01296'],0.420287302925779,0.276665618797935,0.181138131275041,0.4058540609037101,0,likely_human,1.0,0.276665618797935,0.420287302925779
UCkBMc_vsOCSZEKGRlg6YnBA,-1,2,1,"['d874b471ac5bba6c3fd4e67f020d5d14', 'efee0cacac06d4290ac4db5666f413d4']",0.4340629834943328,0.2764445478920763,0.16783727782382804,0.46024371330064173,0,likely_human,1.0,0.2764445478920763,0.4340629834943328
UCzs8ynuswo_WVQ-o77-wr9A,-1,2,1,"['e4bf3232cd2e5c4957a4fc998061fabc', 'c1cf5bcabb0f9ef37d7886dc3159bbf2']",0.39295345372146306,0.27636657253457203,0.20353773537403522,0.5736702696684299,0,likely_human,1.0,0.27636657253457203,0.39295345372146306
UC_DsUgxhlq3gk8VrZkSxuAg,24,1,1,['bb32efc15975e4efad948b6509436d85'],0.4173818017877137,0.27627682039976487,0.1764906039010483,0.4265639751992967,0,likely_human,1.0,0.27627682039976487,0.4173818017877137
UCXxZrzmQ_Lgz-wfS_hJkVfA,-1,3,2,"['a48c07c545ed346c172c92e5c946c3e9', '64545fe22892d2a106ac5865433e473d', 'dc01161985c570c6cc34c778ed29ff2a']",0.36683109223866467,0.276226896050949,0.22348429306473488,0.6478587473224194,0,likely_human,1.0,0.276226896050949,0.36683109223866467
UCTGZ0X444HLRMdF30m1Ar5g,-1,1,1,['aeeb72a9060649877db56fcc056fe6db'],0.40329623755102084,0.27619327124728027,0.2194997582457076,0.497091847725816,0,likely_human,1.0,0.27619327124728027,0.40329623755102084
UCy95JoNK7prqBKbbetcJ8CA,-1,1,1,['943b05401951f0277349a333686bc578'],0.4112188499876419,0.2761699007280655,0.21391406062616647,0.47031303478358705,0,likely_human,1.0,0.2761699007280655,0.4112188499876419
UChO0N-eql1z6XrY6gS7dqDA,28,1,1,['8f2545674e1479e3b3eb29ccfb8a11fd'],0.4285814736119321,0.2761071980500215,0.12497452695593174,0.41468776107035155,0,likely_human,1.0,0.2761071980500215,0.4285814736119321
UCJUYejqtHPZBkU6gUQRfcyw,-1,1,1,['5542be5b6ce80f6653f793053f603eaa'],0.44649705488084435,0.27597764267822766,0.1269756877523899,0.48210413136346153,0,likely_human,1.0,0.27597764267822766,0.44649705488084435
UCTN9wAA3vKwc61iqz4keC8A,-1,1,1,['fcc60f96e513afe5cde98f215ccca671'],0.44502375291640694,0.2759289165572253,0.17622949974592592,0.38121215918659523,0,likely_human,1.0,0.2759289165572253,0.44502375291640694
UCHzyffPdt0sWO-g4G-uzQyw,23,1,1,['a4169e7c0bc44d90506650da0adffeac'],0.4229591852975161,0.27591397407673146,0.15406661993317713,0.3546834292703103,0,likely_human,1.0,0.27591397407673146,0.4229591852975161
UCbgNyl9FVAUCcAIreCfqLbA,-1,1,1,['877dd6ac7bab27d27357254d01d66b42'],0.4403988503239261,0.2758935018466771,0.15744219279194593,0.44925932408361596,0,likely_human,1.0,0.2758935018466771,0.4403988503239261
UCBsG9bEzjhVtUZjCLvgD0Cg,-1,4,2,"['bd19ba210e8979b52c9c1ff985caefd6', 'f23e2419b1b0141df9c0f6650612dce9', '7a6397f3abdcf38c2997f8fe2a37976e', '0f1bd74948a31853e6620e9ccffd80b3']",0.41663458371605677,0.27578262351172045,0.17118458198845796,0.5255745164952914,0,likely_human,1.0,0.27578262351172045,0.41663458371605677
UCllmTZCNPt35wa-enNxhN-w,-1,21,1,"['565bcf4445f2ab381048ec6b58e8bdb7', '35cbf3b930dae647e0db3b323b4dc437', 'db588874e6009a15d29510083fa2f3f0', '454a41a905e2ffb5a31c0be058bc5ce1', 'e304bd28bab088f19719103c847d04d4', '76761ce236a54e2046cc8a207f335505', '69a009f3679e71dc525c9d22471bcc01', '235591483cf20596d12b19dcd18eb7c9', '83cb824f5c5821094f5c884049e91328', '6dd6278cdcc95f7043885cfa01ebf548', 'bca618470e0d19d68511ecf5561477ec', '52f0fb81642aecd8851e669174cd423e', 'd175decd7d6a2383962a268bb88173b1', 'ac6e760e79e3ac3070fa79eac70aa098', '88eec6fc423b2c6cf5c12cba4b39c3eb', '9d7b1a9288b235e237264410e1bd5272', '673fde8fe45e8a919832fc490eb9da40', '74e9a8609b6a5e42f261846a9b6093d9', 'eec74929e1082e2e483cbdc2de2f1a60', '8e61fe41eec632484703ebae71f9bdaa', 'ca4c6b98dfdc2ea6b6d338491e185aad']",0.3672840759133582,0.27575654955944906,0.16633235110208217,0.7577864276337412,0,likely_human,1.0,0.27575654955944906,0.3672840759133582
UC2CGQArgI0vKQi9PoLQEgfg,-1,1,1,['4ee01e739e15c21e891189c3bf1cc603'],0.47704183861570937,0.2756774109545443,0.12251565232153419,0.35507065748819844,0,likely_human,1.0,0.2756774109545443,0.47704183861570937
UCFnRHJ60lMh92_MDNurHEFw,-1,2,1,"['21771a6e2892bbc11be7643fb27c0449', '8013f863534a32b2abba35004497f398']",0.422102356078668,0.2754980736130552,0.17755057077277342,0.4832160838671279,0,likely_human,1.0,0.2754980736130552,0.422102356078668
UC4faAEanWbfwQlhuRPiBNyg,-1,1,1,['622ab3bfb120f495c1d1896359e7ef91'],0.408751849811876,0.27542448655719426,0.21970184285276578,0.44886585176240024,0,likely_human,1.0,0.27542448655719426,0.408751849811876
UCGei6xEnvOrtd8hbo-Bg2tA,-1,1,1,['62b93797dd9f45979180a62fadf093e9'],0.43106783972210366,0.27534500367973436,0.16866356248924985,0.4655006571928349,0,likely_human,1.0,0.27534500367973436,0.43106783972210366
UCKnsn7hPNmhCqziJfZTYa7w,-1,1,1,['e25d7a37a2f30acbe885f1f30ad2c451'],0.44375650340392353,0.27519698502601925,0.1645452341505527,0.4213315363117808,0,likely_human,1.0,0.27519698502601925,0.44375650340392353
UC3lAjAJa_u9hBeEnrq9QoNQ,-1,1,1,['86e7a562a1ecb906ca288e2cc7b294c2'],0.42465190313219026,0.275144949272851,0.17008616478181213,0.48459488219711777,0,likely_human,1.0,0.275144949272851,0.42465190313219026
UCOYdQQLsqq6Kr7qz_4npQEA,-1,1,1,['368788f54246c442f164d636862a3058'],0.4252073238141708,0.2748847913072095,0.17524668346252711,0.47159531301772806,0,likely_human,1.0,0.2748847913072095,0.4252073238141708
UCFQO4ZWM-Hc0TeuaRSvh1oA,35,1,1,['22d0377194c83b37139af2a97442c937'],0.4315705777659059,0.2748625046472723,0.15918362143115622,0.38055778172866783,0,likely_human,1.0,0.2748625046472723,0.4315705777659059
UC1CpQG8tNecB3GZCMqfTzdQ,-1,1,1,['ad8421db4a7a185f1d2d84ba436496fc'],0.4322161490251419,0.27468294453033265,0.15736282680381494,0.4701729243944217,0,likely_human,1.0,0.27468294453033265,0.4322161490251419
UCE1dV30YAkdiUFdjDOoTgbQ,2,1,1,['0266137f9f795fd8d1ba3620fac2ff57'],0.4077234689572275,0.2746649600240242,0.17635822120133152,0.45152764380457705,0,likely_human,1.0,0.2746649600240242,0.4077234689572275
UCZHTGMTSSD-hLSjrGc5QbZg,-1,1,1,['bc72ac23c6c6a8e2fc62b2ca98e7f95c'],0.41034567952493606,0.2746529735176668,0.18894828891267357,0.5115210244845632,0,likely_human,1.0,0.2746529735176668,0.41034567952493606
UCvtZonxkL9ZPxLZy-gK_v8w,16,1,1,['b70ab3852a739b6bab0a1ed4d88d9e41'],0.42114653138187974,0.2745802047227823,0.1736155361585395,0.37336510418426294,0,likely_human,1.0,0.2745802047227823,0.42114653138187974
UCWkSW0wBh5tOqlcKIYUU4rQ,-1,1,1,['579817a1db11aaf8dab0c20a5800bd60'],0.41132580574514804,0.2744371332149811,0.20630896747350208,0.45590891353238094,0,likely_human,1.0,0.2744371332149811,0.41132580574514804
UCrSSwhm-x6AnIW2Q9Ete9gA,-1,1,1,['a80b477bd1f9346c2e8aac64a258470c'],0.3681319791106767,0.2743480864890089,0.2163201828082913,0.6307348722631454,0,likely_human,1.0,0.2743480864890089,0.3681319791106767
UCGg0TU4uCb8KpXIuhtTUk3w,-1,1,1,['75ad1ea649cf86fc67a1aac5f48825b5'],0.43258887879846386,0.27392974214054017,0.1687966249639222,0.4333751957277594,0,likely_human,1.0,0.27392974214054017,0.43258887879846386
UCHgp8gG_UIfF-qHiqb5QteQ,-1,4,1,"['60463ff4443724eaf8ff6fd059a97957', 'e59c01391d001ace6dccc6175d3ad629', '43b2542f141263ba4c0bd4672f5ead47', '2062bccd536423c01574025cede30a25']",0.40232951092320335,0.2737874759990134,0.17859456143909808,0.5565804271644728,0,likely_human,1.0,0.2737874759990134,0.40232951092320335
UCqzNHFzkW-iXM444TJVxd7w,12,1,1,['7a0380dc8beb77afc02020b27a8b1db7'],0.4113622182385197,0.273632739741956,0.18697780786123763,0.396846311605389,0,likely_human,1.0,0.273632739741956,0.4113622182385197
UCUWNXQIS_5XEMGBgW3FBKFw,-1,1,1,['5c5001ed912f53329ab9db956239ee1b'],0.42335984558543127,0.27354658316279623,0.11689365073930924,0.5847646908113517,0,likely_human,1.0,0.27354658316279623,0.42335984558543127
UChaq24PtRefEzYjgWFsvz7Q,-1,2,1,"['ad230d5f3c1be001b9a1bedf2cbb290f', 'c36a92a82517a78d180495b40b88cf67']",0.4328209509431862,0.27337876782918225,0.13274769406746106,0.5118205329672475,0,likely_human,1.0,0.27337876782918225,0.4328209509431862
UC69GcHh2CPYykI98JYAzSyA,-1,2,2,"['2da59f307e9cb0eb6e44a08d6b26227e', 'fddbfabbfe3ad98b818da579ea6ef1f9']",0.41437163730399407,0.2733648255508662,0.16378132059784056,0.523529882478629,0,likely_human,1.0,0.2733648255508662,0.41437163730399407
UCbi4SFsvhmwP829CiTCgHiA,-1,1,1,['c8673e1822b8dfa0a61319784c105789'],0.4548399870650329,0.2732621246328827,0.10952664698204474,0.45404897602307726,0,likely_human,1.0,0.2732621246328827,0.4548399870650329
UCRGqtJjieQRuI0ql6wMwB0Q,-1,2,1,"['53dbbd032bef791787f89b556d9b08ea', 'd89f5d4528da09ccfbd502cb00c009af']",0.41400987018264634,0.2732126110290646,0.16605201694229008,0.5277769089685351,0,likely_human,1.0,0.2732126110290646,0.41400987018264634
UCLydH6KejODJ7os3lFnWlDQ,-1,1,1,['6072994c19bb4c2ab9907704809ada34'],0.44581504784700354,0.2732117817153945,0.11852910747624242,0.47361994942195695,0,likely_human,1.0,0.2732117817153945,0.44581504784700354
UCAQX8sQ5zqSjfjpkpvLIB9A,-1,4,1,"['96d2a245572f0bfd82d2d9c3f8a54042', '1d6b5b116ab1b776fd44feeabc01e264', '9531b8f1b6534c1584420c0a080dd60f', 'c9b6c29a469adcfec7d36ddbc4caed6d']",0.3809861650185665,0.27304851337479075,0.18198599752371547,0.6368452690074196,0,likely_human,1.0,0.27304851337479075,0.3809861650185665
UC4oLqG1D_VyPZCTX_gQFnLQ,-1,1,1,['5b415332a3564c00f3c131e393993144'],0.44565233293309625,0.27301808621156226,0.15471142825242226,0.3980575787479346,0,likely_human,1.0,0.27301808621156226,0.44565233293309625
UCGyACMrpfWW2orMch_UUvBQ,-1,1,1,['b9494ecf272a69fab3fae45a798a58ce'],0.396243156996664,0.2730019441350643,0.19945033073407328,0.523459367688375,0,likely_human,1.0,0.2730019441350643,0.396243156996664
UC3t4A1ToVnYGGPbwg2upWzA,-1,1,1,['0b895239d5d111e769e28944382c783c'],0.41736219439360905,0.272905765092,0.17609479684748003,0.48878816879695447,0,likely_human,1.0,0.272905765092,0.41736219439360905
UCu_X5VBKEtteWMeS1dUhfNg,2,1,1,['43f9c21bab78c84218a3f8ae9059dc73'],0.4239299529970207,0.27279213200414093,0.15181265808083635,0.4081798985900127,0,likely_human,1.0,0.27279213200414093,0.4239299529970207
UCzOtNED-v_ewFckNWnmDqrg,-1,1,1,['8c439b56ee10977ed6142f1371bf0e33'],0.3947141191954923,0.2727570347152039,0.17442749432576418,0.58843016211684,0,likely_human,1.0,0.2727570347152039,0.3947141191954923
UCfgew0HubwSQ3OoMFkyDaOw,-1,1,1,['32e87ac84cc00e775392bae5061b78d1'],0.42555898406954806,0.272703663144896,0.18376354588116586,0.4243965492376215,0,likely_human,1.0,0.272703663144896,0.42555898406954806
UC6RQJ_X8oPtsc9zcfb9Ue4Q,-1,1,1,['489fdfe09894a58afbdef2a702605ccc'],0.4718277332402333,0.27266222017666947,0.12169278606010084,0.3442726757946957,0,likely_human,1.0,0.27266222017666947,0.4718277332402333
UCTdXcO-HTQopWNDC-qt2nZQ,-1,2,2,"['9320efbf4307d211beacdbfe1c558ea9', 'd58e206a9214bd8f6598d9478b522c49']",0.3977133159350517,0.2725970157159445,0.18486358463657543,0.5534587702812285,0,likely_human,1.0,0.2725970157159445,0.3977133159350517
UC0MIj9TgC2ivNk_utN0nXAw,-1,2,1,"['b017b378614d299915b12c83b646820c', 'a619ac22cf594e3f44313763c1f4207a']",0.41391706096816167,0.27243340109873093,0.18571830553679655,0.47702953789903374,0,likely_human,1.0,0.27243340109873093,0.41391706096816167
UCP7myOFvB6Sv4rqGarGbq9w,6,1,1,['d9d8742c299dc2f11626cadb52456c0f'],0.3808708922922469,0.2724130701963434,0.16978027109582813,0.534734365260558,0,likely_human,1.0,0.2724130701963434,0.3808708922922469
UCTj92y0FzVTSSE5en1x7Q-A,15,1,1,['9840c427098070de038a2f6e9a63e39a'],0.42206454504980867,0.27231076977357027,0.16205339907969998,0.400243365184809,0,likely_human,1.0,0.27231076977357027,0.42206454504980867
UCjqVTiwVRg0figY4hPHRK4g,-1,1,1,['404516fad5030289cf990cb4b9200f4e'],0.4404805092325818,0.2722750625942374,0.14894009797633587,0.4347134114300915,0,likely_human,1.0,0.2722750625942374,0.4404805092325818
UCWbMJdnAM9vVBftQdOZn4eQ,-1,1,1,['87ee9a961f4999bb5d5d0f74a768b28e'],0.43926567008907486,0.27207625865781293,0.15737406472656768,0.4162052545583848,0,likely_human,1.0,0.27207625865781293,0.43926567008907486
UCUnSM8Fw2wrGSxdWzkvGIuQ,-1,4,2,"['4f502c89e2746e68c5671ec1f5ee08e0', 'c6b0d001122124e391304edca0b66565', 'b19db3f38f6e64580f6ff9acf0f2de07', 'f4d923052c35742dc4aa6e743d81fcf8']",0.3738677510582574,0.2720260036734473,0.1752139184294097,0.6656597590722106,0,likely_human,1.0,0.2720260036734473,0.3738677510582574
UCacHYG-YjULMEj1A9HlQ3oQ,-1,1,1,['f6e57ddbab42278dbbaff7d62c37c083'],0.3816319649541733,0.2720003797353337,0.18902141589830715,0.6093279786357875,0,likely_human,1.0,0.2720003797353337,0.3816319649541733
UCXimBdWSV-XfcGE609EzyJA,-1,1,1,['378972d49597687819625ad4d4fc4c0e'],0.4050948730987115,0.2718044030795531,0.2059827011427744,0.47220188480078185,0,likely_human,1.0,0.2718044030795531,0.4050948730987115
UCjRAGd3nvpdb5T445LSCYLA,-1,1,1,['0804dfbe0a7c3c1c74fba08e943ca61e'],0.4118025356634732,0.27173662272810234,0.1815061846810732,0.48001416764498434,0,likely_human,1.0,0.27173662272810234,0.4118025356634732
UC0TrFwDaV06zckO6v5f6mIQ,-1,3,1,"['57dce11aae787345d0e30066cdfb0374', '0e55e4fc91680d3886164e235c322c51', '5dc6f1138bdbe68a5b37f3e30b9aded8']",0.4046986922969946,0.27154529879631817,0.17673602636033434,0.5239247872315689,0,likely_human,1.0,0.27154529879631817,0.4046986922969946
UCGlDm0pd61UNhVOOSwXbhQA,-1,2,1,"['8f09dd5512dd509df70365a48cc4d73e', '2ffcb72bffea5ee6cf422b86b67d4d9b']",0.44040567679950104,0.2714424575611205,0.13507014917645468,0.4524510261454366,0,likely_human,1.0,0.2714424575611205,0.44040567679950104
UCRhkqwV47X2kKqn0KpEjOTg,31,2,1,"['932d6949d55e0407bb3bb69d09dfa1c9', '11b29965cd61d91de47032d76d0c8feb']",0.4018573819702417,0.2714419787126138,0.16518694095907,0.44654777106127524,0,likely_human,1.0,0.2714419787126138,0.4018573819702417
UCRhqsKtRw5E-mZEQeQxh1Dg,-1,7,1,"['687a1895c486f6939be63e46ab90ce08', '1d8146e0bb2b73ee0824b2d3332604e1', 'd6016fc4c267b3babd6cacd9989b8477', '99413fe70e51b0ded2131b09e06f4f17', '99240f3df572561a42211f9488e392a2', '7ed34b923170a8f18f0fb7ccd4f4b186', 'f666825d45dec512633bb24f0fa984bf']",0.42841981950029656,0.27138434463607525,0.13321803568351964,0.5092632784427237,0,likely_human,1.0,0.27138434463607525,0.42841981950029656
UCQcqhXRAyYkCrG0Si4Hqi5A,-1,1,1,['05be820047f19d7e50ad4ae11d81c7fb'],0.40265330062428506,0.2713707480450822,0.1970460019293983,0.4956818887274873,0,likely_human,1.0,0.2713707480450822,0.40265330062428506
UCrLceMuhReWbLXIkPfKWoIg,-1,1,1,['8395a92c0ae0de94405871207e59060e'],0.4114338011456224,0.2713122965493784,0.17157175037590222,0.5042503357193454,0,likely_human,1.0,0.2713122965493784,0.4114338011456224
UC2r90f__eqBjOLMGBwSgA7Q,-1,1,1,['1ccd607737c2b9fbb0abd124efc7f53b'],0.43519238457581677,0.27129273082940364,0.16243903719881894,0.4160838109318117,0,likely_human,1.0,0.27129273082940364,0.43519238457581677
UCMQALC5O-doGAXmQVvy_lgw,-1,3,1,"['cde4d2478ab313822572bac8d0665bf5', '90d42b4935c5e8d78d0a69efc3431696', 'c50dcaf7ed16ebc7697316f33bafc314']",0.39071661378705586,0.271036889997901,0.20865344136904726,0.5206972319425947,0,likely_human,1.0,0.271036889997901,0.39071661378705586
UCf8ROwqU4Gnib5s9Y5EWWug,-1,1,1,['7bb939332d9d55fe8afc9fdfc5cf487a'],0.41748268223797114,0.271028188134663,0.17230510375391722,0.465086910144521,0,likely_human,1.0,0.271028188134663,0.41748268223797114
UCTKeGqUb2Mw6b92ZGsv9ikg,-1,1,1,['132f8f177c0c5f515aded28cf368e682'],0.4176083294393594,0.27091728324319175,0.1466268414758,0.5231612457019943,0,likely_human,1.0,0.27091728324319175,0.4176083294393594
UCQQ_J0wn-ZlLlGOUwfXPujg,-1,1,1,['9b6e20ea7706d216bccf244a61e71229'],0.450338305874703,0.2708311549979016,0.16216508378090208,0.3479879828736939,0,likely_human,1.0,0.2708311549979016,0.450338305874703
UCwYJwajPb5tbNA2MK363Hxw,-1,1,1,['0bbea70c5f7fd17ba10bc52018e750ca'],0.3832550096464682,0.27080679752694525,0.21510189102467714,0.5340320469478952,0,likely_human,1.0,0.27080679752694525,0.3832550096464682
UCSNfnAOstlJaXmx1G93U6sw,-1,1,1,['6b627da0a35041a387368ac95e76e9ae'],0.4156105604493775,0.27074397382328264,0.19402138404118155,0.4282443131066851,0,likely_human,1.0,0.27074397382328264,0.4156105604493775
UCa_caEqHmJiOWakLZWs7v6w,-1,1,1,['2aaf086c1c0f12f7794632d808cca980'],0.4551371037357016,0.2706356082760692,0.12758601608443657,0.3869410003413439,0,likely_human,1.0,0.2706356082760692,0.4551371037357016
UC9mmtO3kvjdQvmX5ux5iv6A,-1,1,1,['0db15223c3c136449bbe36f012c09d67'],0.39506324050275055,0.2706164111521172,0.18897259657878787,0.5261822639630147,0,likely_human,1.0,0.2706164111521172,0.39506324050275055
UCqGUd1lvGgoulG-e0RMBt4g,-1,1,1,['c75cafced59e58a246e62e4facce3693'],0.4254455301605303,0.2705437493478538,0.1575936658653077,0.4598335928751323,0,likely_human,1.0,0.2705437493478538,0.4254455301605303
UCNPpivi1K5mZYueXHbuMJ0A,19,1,1,['7d01fca7f466366a09b235ff7e9426ce'],0.39042112426632686,0.2705416156650616,0.18778915032402071,0.3775127523515225,0,likely_human,1.0,0.2705416156650616,0.39042112426632686
UCBcVvd4jvx7aC9smT59ZOuQ,-1,2,2,"['e0fdf9c3cdf95c1037e3206d645ed26c', '4c961dbffac4f88ff75491ca9e14b517']",0.3980779068707638,0.2705193485981105,0.20330794390792395,0.487153144322667,0,likely_human,1.0,0.2705193485981105,0.3980779068707638
UCpSEFToGGts_D3nZwhlFeaw,-1,8,3,"['30c55f51cc0f19c057f8d14f0c64526a', '9a59721593678ecac4947a6547ccf474', '3e247a961e2c15bc3ef94946ebaec159', 'b3a197f32891060e415be6eb91f9b5cc', 'bacf4601e807298f97f731f1f642f49d', '7e04b23f37809a0754be1aff3ee557b8', 'e3b68354d9ed7d2967c85c84ad0e8209', '1dc9bab17c0acfd5978e2aa51f733f65']",0.37102948491884813,0.27043936721809353,0.20403889772433642,0.6087744058087906,0,likely_human,1.0,0.27043936721809353,0.37102948491884813
UCLV32TGm9YrYktn8yLPj8Jg,-1,1,1,['a05f35db6e7a68c0cd891ea6627477d7'],0.43386279935330485,0.2703415969648122,0.16123458747834357,0.4149928897669005,0,likely_human,1.0,0.2703415969648122,0.43386279935330485
UCe-uYmOFkg823E_Osh_EBNg,-1,1,1,['e8df772332a4a0f7ad4c09c39c8eb014'],0.41255765549945544,0.2703385029360087,0.14911567667737285,0.5292359115033345,0,likely_human,1.0,0.2703385029360087,0.41255765549945544
UCqh2Dg-COTyuU4tnBHzMxXQ,-1,1,1,['52d35ca05a1519fe47174c8cb3652331'],0.4205630462099884,0.27024757441704145,0.1968750818467376,0.4012714885534384,0,likely_human,1.0,0.27024757441704145,0.4205630462099884
UCK7b1_pHGy643HCxbdJh27g,1,1,1,['54cb237303feabac79418a19dd5afe48'],0.37458489010179563,0.2702183744259684,0.19531536652530454,0.512588472281336,0,likely_human,1.0,0.2702183744259684,0.37458489010179563
UCtKmmjUQ9v9Qu7u-olNT_xQ,-1,1,1,['09def1bbeb1443919d77f6dfb985cbce'],0.4287275115246231,0.27017586356553736,0.13608306784179783,0.48597470172162216,0,likely_human,1.0,0.27017586356553736,0.4287275115246231
UCXJprE1-28rrsR2JZy-RK7A,-1,2,1,"['ed5505ed5de22a8364203b031d3cfb9f', '474483becf5751ebcfb392553dc25731']",0.41761568108166114,0.27006191041001165,0.14897326963470456,0.5137167621680767,0,likely_human,1.0,0.27006191041001165,0.41761568108166114
UCkJykaPiPrgp8bD-QkvmTPg,-1,2,1,"['3a93d2121e847f1a7d23708889f95974', '776d197dccb85d6c3bdb872be4605c5f']",0.4096907740523693,0.2699448833722718,0.17357530287767162,0.49458016623984724,0,likely_human,1.0,0.2699448833722718,0.4096907740523693
UCwb55jp8vOo2nIgFXxa_QBQ,-1,1,1,['60cb7d74b58f5b597b1f7c55937ab349'],0.409299378527357,0.26985591788485597,0.19185513947560937,0.4590608693003082,0,likely_human,1.0,0.26985591788485597,0.409299378527357
UCV7QR0ICPxIQYQ6U8_G0Zlg,-1,1,1,['1011e98bfb443314b92f7459dd38ba39'],0.41559704814735693,0.2697484526936009,0.15225416963980845,0.5046126617984922,0,likely_human,1.0,0.2697484526936009,0.41559704814735693
UCq5De98_2T0gp1MQnDAQhtg,26,1,1,['a84f35b55606b78a6de6c41eab5df10c'],0.4087634284627601,0.2696285346431798,0.1674654569482298,0.3882443511481756,0,likely_human,1.0,0.2696285346431798,0.4087634284627601
UCR3HRjAWEpdZZkp9ulnAuug,-1,1,1,['e8d14442073e1dd80ee939e80e6a0d05'],0.4260835431213238,0.26950777607290183,0.1703512579379986,0.4293787282862599,0,likely_human,1.0,0.26950777607290183,0.4260835431213238
UCC-Afc57eGEj2LVwMaO1jgg,20,1,1,['c6b5840805d27745742638ae4afe1605'],0.4236385161494236,0.26944491963070066,0.14452338299271306,0.3941622781409519,0,likely_human,1.0,0.26944491963070066,0.4236385161494236
UC1NE89AZrCbd-PcP8ZZV8LQ,-1,1,1,['e4f5e2bd00f3e774d65b375d8f55550b'],0.42550556378246673,0.2692814123692045,0.17644055170518433,0.40502753522289614,0,likely_human,1.0,0.2692814123692045,0.42550556378246673
UCMBb9E7-qw3HHGkmBaNECrw,-1,1,1,['bbaf3f1135801f3b51199345f62ddf35'],0.3852881916342642,0.2692809177898935,0.22257050820784766,0.5046126617984922,0,likely_human,1.0,0.2692809177898935,0.3852881916342642
UCibLFWHbliMMtl8_5FWqDvQ,-1,4,3,"['9139544a7694311c60aa3b0f4f7ae17b', '6de6304a20f54323a405fbf46e5100ab', '7ac450062df7f312a5290084e528cdc0', 'e43dff22c6776a0406630ff0947c67ab']",0.366355261741262,0.2692787076813885,0.18936720231671705,0.6455794079181331,0,likely_human,1.0,0.2692787076813885,0.366355261741262
UChWLbB4OArHA6nMgcig7VQg,-1,1,1,['6fe83a15e00890e0a7a3de578e39cdae'],0.41061765961535546,0.2690452479146703,0.18385296650605748,0.45306147294668886,0,likely_human,1.0,0.2690452479146703,0.41061765961535546
UCOi9MYdCVksbpXAa7tKfoTQ,-1,1,1,['b31117134df0e7a6daaa9cea37cf4534'],0.38720095605660587,0.2690325882048885,0.20371602728503602,0.5150453522758075,0,likely_human,1.0,0.2690325882048885,0.38720095605660587
UCMLSNBc9C20PPismlzdm0nw,-1,1,1,['5dc6d78d8ad2c01678eee1489d75c6c9'],0.4233632407143182,0.2689626014885763,0.1704750925441335,0.42889604920212965,0,likely_human,1.0,0.2689626014885763,0.4233632407143182
UCL8ocCM3zNHBMHk89pS9dng,9,1,1,['1729527b02692d9483fb06e936545399'],0.39271534162974353,0.2688976173049335,0.13521188186620986,0.5136706526882584,0,likely_human,1.0,0.2688976173049335,0.39271534162974353
UCQjpwm-ADmQEMHBFG705R1g,-1,3,1,"['a2e07ec344ef6f3ba3df45b16561c8dd', '105cf8c9eebcbffd686b9a233944c26b', 'cd93154bbab353067eca42095d35134d']",0.3801360222946189,0.2686904998916535,0.1394119000093291,0.6909773353509256,0,likely_human,1.0,0.2686904998916535,0.3801360222946189
UCnQT3WDck3ZZILYMtZe7TQw,-1,1,1,['ce87535ca8f70d010b7b4f5bd3652c0e'],0.39381905019456687,0.268578033654695,0.2174376534075457,0.4627879164894751,0,likely_human,1.0,0.268578033654695,0.39381905019456687
UC87S2rotgd3y6SuUZaPG_YA,-1,2,2,"['8455bce8506d2e9a3acc2dc4ce31b974', '6297ec7f0d4b8389dc668163fcf82f15']",0.3830724509543974,0.26852367980950353,0.18151884486606365,0.5840849168508588,0,likely_human,1.0,0.26852367980950353,0.3830724509543974
UCsiWA5GNN30Ojnfh9EPPYKQ,-1,1,1,['c3b1fb9f88748da193cbffb7e02bf73a'],0.3840458404963221,0.26849910517331843,0.20164892439387458,0.5415383628171146,0,likely_human,1.0,0.26849910517331843,0.3840458404963221
UCKPZ263KSEzqXgipw-MGT-Q,-1,1,1,['032d44018102fe2f7c44da86f7de2d14'],0.4201942780342395,0.26848965940361585,0.1645176582702957,0.4437200749509926,0,likely_human,1.0,0.26848965940361585,0.4201942780342395
UC9SHXhJHHIvOqhIrUZHxS6w,-1,1,1,['7f56c78da6aec95488b968dea1e3cbdf'],0.378160164820958,0.2684672390052981,0.2137254575906456,0.5285042104904994,0,likely_human,1.0,0.2684672390052981,0.378160164820958
UCaRWD4ZHVCcz3e412q0v7zg,-1,7,1,"['f5990eee21be72b3b34f4a20500aae38', '0a0e09af059e7c70db28676d846c4731', '8cc96d47038baa82392fc139ba7f84b3', 'f2047f042882d0fb95dfc3907b595ea8', '0a0c9816d990ab6b2a6a83503383dcb1', '08b466d2a842b2ac1a7086b129984df5', '512285dcbb93fdd0a5d1f8dcd99214cb']",0.4037926395437816,0.26845855659524004,0.19366366580607447,0.46280431208879125,0,likely_human,1.0,0.26845855659524004,0.4037926395437816
UCZKTeDYPAsQ3dmFMSHpin6g,-1,3,3,"['e21bf30862e25ca5f1590c1a5ff18148', '2c0e684d8dfb45d8cb6f4984a0cdd831', '65521e11797fed19aae96fed7ac5bb40']",0.3739546146078025,0.26834923354453183,0.18993730945559537,0.596602649131546,0,likely_human,1.0,0.26834923354453183,0.3739546146078025
UCLgUX9eEpx9whsqadZYJzlg,-1,2,1,"['ef3a7a72d3d8e3af667e48f063dda4e1', '55d47b1234d8a684bb0f7d79d3192284']",0.4051929543934304,0.26830032300366513,0.18123464015263685,0.4807639372161034,0,likely_human,1.0,0.26830032300366513,0.4051929543934304
UCLOKS5t-wsJznaTV-9d6TCQ,-1,1,1,['aee58fbb61ad2164b9ac10b4e66b0d9b'],0.43397291109358255,0.2682142107333629,0.15359976647529194,0.40871826618813595,0,likely_human,1.0,0.2682142107333629,0.43397291109358255
UCByI24pLsOU8_axZXbnJkUg,-1,1,1,['bd7cbfde86eaae751f3764a450a7cc78'],0.4367777189001305,0.2681456631630714,0.15593688170649012,0.39633054993663014,0,likely_human,1.0,0.2681456631630714,0.4367777189001305
UCj8TZtZGHgUp0qjC6PaCnSg,-1,1,1,['81fc2338a1ace3357ca7b5e6ad0ad6b5'],0.4401591724414833,0.2681036888847202,0.1592363982222106,0.3674643602415554,0,likely_human,1.0,0.2681036888847202,0.4401591724414833
UCsJZF67RY7MeuD7TeRMJ9MQ,-1,4,1,"['a8538fa3d6d99c036735f67b1fdc142b', '1e80c10518104630fcefd37b43163ce7', 'b6669eb291311a0e77225d434b586785', '23da2ffcd4e40568583c0b171770a70c']",0.41955461671832517,0.2680688213482227,0.1428100712526966,0.4954538654233972,0,likely_human,1.0,0.2680688213482227,0.41955461671832517
UCNhNydRFknD29UvAsACAW7w,-1,1,1,['af6b6f63f3ebeb856ef924908ca9e7b2'],0.38861962596089233,0.2679796655985401,0.18710602952237454,0.5369530602862308,0,likely_human,1.0,0.2679796655985401,0.38861962596089233
UCJjjhNUwd9Fi1fuRxIF8F3Q,-1,1,1,['b548101463cd7865a0323ef4a7cacb85'],0.45593887445292397,0.26781801158595714,0.1208735389674612,0.37537581874983333,0,likely_human,1.0,0.26781801158595714,0.45593887445292397
UC5Cpn0MdjZ2T7Dg9LccRBng,-1,3,1,"['636adb944a89177116a9e63387d64b25', '84d5214ee3efff9c2b1658f5aaef2020', '3e0b9f96bf58903f0756426344591a31']",0.3707993326853089,0.2677740014659391,0.19492339564453143,0.6016829371420918,0,likely_human,1.0,0.2677740014659391,0.3707993326853089
UC2REi0zKf9eAhByMFHvU8sg,-1,1,1,['030b7202fb00e0b0f456040169734d9c'],0.39144322786258445,0.26765612853788484,0.18582538411826455,0.5274290976910746,0,likely_human,1.0,0.26765612853788484,0.39144322786258445
UChvCklWT02oQzlPDefC4PVw,-1,1,1,['a273c80a51810561d64afbc88a16186b'],0.38842446609664166,0.26747333482920777,0.182576422562594,0.5439111232187146,0,likely_human,1.0,0.26747333482920777,0.38842446609664166
UCDLhNAm9skJArAAN4Dcu6uA,-1,1,1,['ec65bfbc8675a7308ad3f075babe3a65'],0.4358054113656254,0.26740765790829574,0.16044627547692375,0.3808239777932685,0,likely_human,1.0,0.26740765790829574,0.4358054113656254
UCdDfGbLcexf9wv1c4KeXVig,15,1,1,['c767fa4dd7e54fec2ba407d8ba7c06bd'],0.4372403258142684,0.26738065730768124,0.12551360758927774,0.35276492133628484,0,likely_human,1.0,0.26738065730768124,0.4372403258142684
UC_nTFpnZaFXEZd4FZ4_63zA,-1,1,1,['4f1a400e588ca6bfea0841734295e297'],0.39320871458332673,0.267378254336463,0.2055891855344737,0.47627796999673294,0,likely_human,1.0,0.267378254336463,0.39320871458332673
UCWgYC1LmoQqh7n7-DRxbqRg,-1,1,1,['18d91850ef15abb217ca7930a1bde836'],0.4206122635415717,0.2671557213448931,0.18290703663671837,0.4070534980109678,0,likely_human,1.0,0.2671557213448931,0.4206122635415717
UCMrQZOYymUxUr9UzqWMK0jw,-1,1,1,['eef4a7f57e69a076ff2951e7e02bd76e'],0.38104713945576774,0.2671237946468151,0.19727630027682644,0.5458267831748188,0,likely_human,1.0,0.2671237946468151,0.38104713945576774
UCcecdbRCNRZUeuuRD-L-X4g,-1,1,1,['fe12897ce9a401656d07436a2794eb3c'],0.40824847506173095,0.26707479550686725,0.18966198561709238,0.43980112404632365,0,likely_human,1.0,0.26707479550686725,0.40824847506173095
UCzgr_qz9q0JpfgxzYhSEB0A,-1,2,1,"['ced2717796d1c81a3e225ff081e14332', 'c99ff2464e8d36ace63bfd97007730fb']",0.4019852987776983,0.26704572219321,0.1835464071677668,0.48001416764498434,0,likely_human,1.0,0.26704572219321,0.4019852987776983
UCGjLnGEIxrcCkToUSMV8aCw,-1,2,1,"['9d7bf75a54f399db799b3a4164afb0d8', '9812c10873446c3f8ee1c93ae543968d']",0.4242098600802179,0.2669616507765186,0.14070310297440833,0.46712520945388464,0,likely_human,1.0,0.2669616507765186,0.4242098600802179
UCzSe9yF5rTTXsxbVSvv2CPA,-1,2,1,"['513491ee74a628711b1665c102cd050f', '4830cc4a3bc9b306cc0b671d914cd065']",0.41104733038639424,0.2668726249042069,0.16469640669072838,0.48152551874812716,0,likely_human,1.0,0.2668726249042069,0.41104733038639424
UCnJjDVn-yT2Y8Tfv9wQDcsg,-1,1,1,['bf79c83b793b2932802d9773ae6847cb'],0.38035190686298426,0.2667005583400271,0.21898595060001855,0.5066085880963396,0,likely_human,1.0,0.2667005583400271,0.38035190686298426
UCycRf1JxcEVE_ceKbrOxfSQ,-1,1,1,['0aa39b1ac615fbd80f8bb25bee0eb1c7'],0.42201236077128484,0.26662654178182305,0.16401536869706082,0.42082054203856417,0,likely_human,1.0,0.26662654178182305,0.42201236077128484
UCVQTygSgLx1rzVG6pUNVDPw,-1,2,1,"['aa44df0ab9f11b64ab429cc6add08188', 'c273eaed4428beaa965ecce56087d2af']",0.3872635901898104,0.2665777987459841,0.1457812230628602,0.6143380924701738,0,likely_human,1.0,0.2665777987459841,0.3872635901898104
UCoHwVlGCKCfsYh_l9Y9mCPA,-1,5,1,"['d3cf3cc325dc2f63b1cdcb1482973318', 'f9b30774d6e97ec016d4de8f19520d1d', 'bf6c35209d821beeda0a3edc11db8a2f', 'bd5133b88bbca90a3d53e3251aed4bb0', '86b15cc436fac3f83f9017561a526e01']",0.40611322892595536,0.2665688192955825,0.16800938704476634,0.4804987576968853,0,likely_human,1.0,0.2665688192955825,0.40611322892595536
UCaxK5TpaO4kdnY94Gqlkcqg,-1,1,1,['783e37c92469cc9b328e18da074caefe'],0.46915296919835714,0.26652603764502203,0.10102946367132216,0.3418396623248775,0,likely_human,1.0,0.26652603764502203,0.46915296919835714
UCdOwrlYAPsMhiUc4eYqp67A,-1,3,1,"['4e0ca9d01b0e6c7108bfe515d2266989', 'e4eda1392553852fabf9d8e01d3a113f', 'f15b0837cbeb9500e4511622a9ed5a33']",0.4210467411843697,0.2664049039028997,0.1515029857924767,0.4536709289560241,0,likely_human,1.0,0.2664049039028997,0.4210467411843697
UCjpP0NAuz8ooEp7Q2YLd5Kw,-1,1,1,['863916f5aed0a3ba2eb9dbc1ac35835c'],0.44228798875994063,0.2663811067248542,0.15405901027548627,0.35241744403115205,0,likely_human,1.0,0.2663811067248542,0.44228798875994063
UCzj9BnaxUiBw3TZozzx9KrA,-1,3,1,"['71948065028043db8e562ad3f15a2adf', '181d7931987eea0e1a9af99d7530b9ab', '2496e01b32cbe9dc4da78231cbe8517c']",0.4077643043515267,0.26635453121083663,0.16670759672866317,0.48261646413486314,0,likely_human,1.0,0.26635453121083663,0.4077643043515267
UCVgbEGJQue61el-reCScS-w,-1,1,1,['a169afe98ac2351fd23438b66a8aa519'],0.416110359799394,0.26626739155857926,0.17298225665257425,0.4370711929418722,0,likely_human,1.0,0.26626739155857926,0.416110359799394
UC8vrNUfUSRsv6b4fOQ3voHw,-1,1,1,['b8bb6061b9f65da2fafc62e03e88a734'],0.38376708064562653,0.26626373801969083,0.22014078492541755,0.48457825223536005,0,likely_human,1.0,0.26626373801969083,0.38376708064562653
UCnMldx_c0AMsjzn74zYlgGQ,6,1,1,['93f696a28deab4d0af76c522b81a749c'],0.4101987756077734,0.26612495666400715,0.15923027030541714,0.363431187212208,0,likely_human,1.0,0.26612495666400715,0.4101987756077734
UCV2i20IfuXEfRoB30s1SRuA,8,2,1,"['15709cec828550ff00b52d0cfebfc9c4', 'bfde060b3a7f9dc23b3c1082ff5a4d39']",0.41337102635169376,0.2659843699367709,0.12923058005508486,0.433518995546705,0,likely_human,1.0,0.2659843699367709,0.41337102635169376
UCNpISQoCfZequ1uI9a5oHwQ,-1,1,1,['f434c57bd59f5725ed458cf05ccc618a'],0.3938953981914015,0.2658879878727548,0.20267649956988856,0.4711563678901245,0,likely_human,1.0,0.2658879878727548,0.3938953981914015
UCXMhq6rYHHBdOwdqIgLL17A,-1,2,1,"['ff0910f4f27b62f3e62eb10ceec408b1', '888a157107bf2f39f648ce1ce76d1494']",0.3931641996097431,0.265851360860468,0.2035076947718074,0.46852325830281544,0,likely_human,1.0,0.265851360860468,0.3931641996097431
UC4s3K-Td0OZP2IqMfwVbEiw,-1,4,4,"['4f467fadf8af0c389fcb295e97bf216f', '292f2590d6dcc09096db0cbd92d53e81', 'f4c5e6c1f839783684f2bb29429c9ccb', '13b0917a8a8e68a834c780e9c660eecd']",0.379090225765082,0.2658360767092646,0.17994903935201262,0.5684629756825957,0,likely_human,1.0,0.2658360767092646,0.379090225765082
UCwiEyA_Rx8-qk5xAbNrzNXw,-1,2,1,"['345c060bffebf979cb1febc751be06d5', 'c7661a6a4043428cc1c91053a43f53bd']",0.41128465008757303,0.2657305073919229,0.15469423649036948,0.48597470172162216,0,likely_human,1.0,0.2657305073919229,0.41128465008757303
UCPvGcgYXD_Pq-SlbzWxurhQ,-1,1,1,['73d2bebcfc1fad211b265de3f9267342'],0.40574282101751613,0.26558132669148266,0.17062013233715134,0.47537376016254146,0,likely_human,1.0,0.26558132669148266,0.40574282101751613
UCKsxKyRD3vasxZFxDOiOqfA,17,1,1,['da4f69fafab80ad121bbc9bb086a2e01'],0.41038116367889593,0.2653663055912282,0.15305215606655406,0.4011054526340152,0,likely_human,1.0,0.2653663055912282,0.41038116367889593
UC5SeSQgnlG6DwLuTV2ekX1g,-1,1,1,['08b072ecb26c4cd049b286b34eb1802b'],0.40549292478228516,0.2653434193565387,0.17770243691296828,0.4629080115306487,0,likely_human,1.0,0.2653434193565387,0.40549292478228516
UCSFEmBBNVaYjY7tyzzjDukA,-1,1,1,['691cb4ca08310cd07056c1df7861f8c6'],0.42757528161472436,0.26528238208608046,0.15938135385774096,0.3951776803181652,0,likely_human,1.0,0.26528238208608046,0.42757528161472436
UChBVncGYJDpsqGvDqmtvCfQ,-1,1,1,['8ffaa253cc95b11db2e2d423988c8837'],0.3948539190195981,0.2651702919417725,0.14796108793668203,0.5661295945036727,0,likely_human,1.0,0.2651702919417725,0.3948539190195981
UCTGwee3vNsmpbzyUeXVhzBw,7,1,1,['80cff927c66243aa497ab2eadd6cd811'],0.4029784565455009,0.26512284109555506,0.15907067350660045,0.40835409868971906,0,likely_human,1.0,0.26512284109555506,0.4029784565455009
UCfFMSLBAkOWCNwPIhcPZLIw,-1,6,1,"['66601209590c93883d75d09704bed392', '376840275b4d04984eaf19c0616a3027', 'aa16cb632537208deb2451f002ab5e9c', 'c2ec6d672cfd7596e5493e5e1930038f', '200586dbbb4539ba5ba79aabdbcca743', '8f7ec8a3f19530d92b0e342f7b3b858a']",0.3941092193868694,0.265014011551437,0.17127960048355548,0.5137167621680767,0,likely_human,1.0,0.265014011551437,0.3941092193868694
UC2dp-uS5vDMOQUeCtVyky_g,-1,1,1,['95afb0dfe8f772ea512c5cbc825ae40d'],0.44868971792022055,0.2650123162269366,0.11483609198447747,0.3954647296132876,0,likely_human,1.0,0.2650123162269366,0.44868971792022055
UCOCQWtjT1bL4UIPvK3HojZA,-1,1,1,['43eadedf71380ebfa989c1189d051b9b'],0.40777418571778823,0.2649911038208498,0.1599131383206413,0.4835856668529862,0,likely_human,1.0,0.2649911038208498,0.40777418571778823
UC8qUkYUjQeCZe9yYwZx9oZA,-1,3,1,"['0b75e99500b826b361e0dad79aa3391e', '37e89fd155afd1fc97439841f5eef752', '222cfe82a4808d58878a96ed08ae1e67']",0.38174642534307407,0.26497773038849604,0.15981328614951368,0.5999221963980786,0,likely_human,1.0,0.26497773038849604,0.38174642534307407
UChJFS1qVGUmCVKYOvY0V86Q,-1,1,1,['311a723cdcc0997ae70d8e8baaac2d45'],0.4365120159460325,0.2649701988847353,0.13873871118525152,0.3976431799076634,0,likely_human,1.0,0.2649701988847353,0.4365120159460325
UCnaobxaZMSaY5IUc1n6cpXQ,-1,2,1,"['11e6dc2d444f387cf27072dce7af82b2', 'e1e462b5865d9b7e9ccce000eb307400']",0.42848685548595944,0.2649168169068464,0.15587446854265,0.39387914131721746,0,likely_human,1.0,0.2649168169068464,0.42848685548595944
UCNnLYoZdHi1gdBXlXZ4hkqg,-1,1,1,['4f50f02397bc59db998291833aa15579'],0.41494279353559327,0.2648111613875188,0.18447112632301968,0.39208060709503834,0,likely_human,1.0,0.2648111613875188,0.41494279353559327
UCQ456aYvHVjzRZ9PeFC68cQ,-1,1,1,['b939f8f4360427fae970bf5f1726c120'],0.4476362565436177,0.26468913588657283,0.11430837934465649,0.3956015137671383,0,likely_human,1.0,0.26468913588657283,0.4476362565436177
UCNwZJK7Nz7JofucDiWevkig,-1,1,1,['cca2877ab937aaf1e31f9b30e4c4bcce'],0.405451874944158,0.2646372528764781,0.1419077168587098,0.5190116161158127,0,likely_human,1.0,0.2646372528764781,0.405451874944158
UCiz71OX1a0e8pfYI7ANGQgw,-1,1,1,['d3ee4577643b82e2adac5f086481d768'],0.400213876244746,0.2646002498310073,0.1857949634264852,0.4574115724351715,0,likely_human,1.0,0.2646002498310073,0.400213876244746
UCNZK7ulHDkcwSCBS7cZ1RBQ,-1,1,1,['b6b41084038b75409f88d08a80738db0'],0.4368546788841413,0.26453641938626005,0.1443713526661418,0.37498726541484817,0,likely_human,1.0,0.26453641938626005,0.4368546788841413
UCIAfEDr39yoxzsMT8F1v16g,-1,14,2,"['30d6506c0acb73aee179ae734c21e1e7', '3c60c1aba62235e39b3ebe7106c46e33', '3e2b99952bc91acfaddadb427dad5ad1', '8b204c74c3d53ed1e3ddb4a92988d85d', 'cbd6ebf1556c73475b489deb296aed41', 'c1e8d92cc15cf1004c2817f3c0ffb3b0', '264cb6be164cf444fbd9c866c255516a', '3d4e5470df9e33de0b7bc68c2b194018', '406d8825a888a49f95f544502d22b3d1', '296915857caa4eae8e13e388a9a26c31', '9d130827923c1c4a0f7e510265f610d9', '49fe79c35e676b0e35c52b29bfc0e749', '1e09afc33db8e63de59cc92022a2f02a', '13afa2253fa94e7f9c792d205acffdd6']",0.34753130681643335,0.2645360660412129,0.1780024367617969,0.7083773472451383,0,likely_human,1.0,0.2645360660412129,0.34753130681643335
UCwI6jjPFOk4lH34BBigRrSQ,-1,1,1,['b292731df01839517e1fec681782e36f'],0.3821116001423794,0.2644127894043295,0.20631694568638315,0.494591504188055,0,likely_human,1.0,0.2644127894043295,0.3821116001423794
UCsWWLg4h4qlQPT6Ei38cPmw,-1,1,1,['07861cc2e239aa212576c1d4f4544cae'],0.41035297214665045,0.26435538217358734,0.15767816037329907,0.4740500674982605,0,likely_human,1.0,0.26435538217358734,0.41035297214665045
UCoZfH-zbGKSHhl6FZ9SBmxw,-1,1,1,['25670f0fdb6d5193fb64b752f81b7a04'],0.44498537730473964,0.2643155067702499,0.11640009265512676,0.3951297201371128,0,likely_human,1.0,0.2643155067702499,0.44498537730473964
UCzzdqjrfILcLtElzYZKwp6Q,-1,2,2,"['c404596f1c1b6f739cbb75e23ef24222', 'a1c3ab11920dd1928afceb4278b8423f']",0.385808657434348,0.2642162439896299,0.19586762830520038,0.4940026000529015,0,likely_human,1.0,0.2642162439896299,0.385808657434348
UCyUG8e7eqajHUo_EDN6TFIA,-1,2,2,"['faa8e3da13dbcbb6160aa4db48cac0d3', 'a2e447cd1f49935037257338a3e713ac']",0.4205354084186117,0.26417157410543135,0.15442397414936135,0.4268433522995446,0,likely_human,1.0,0.26417157410543135,0.4205354084186117
UCymLcZTv9Tq50yx3Y2T343Q,-1,1,1,['6b7448efd31ff1f6de0bc0baa3c81b28'],0.43749412936896426,0.2641147684553112,0.13006070166423783,0.3958084271260412,0,likely_human,1.0,0.2641147684553112,0.43749412936896426
UCcXL5ms9bTW_mwAwQVbURvA,-1,2,1,"['8cbe5e702155fafe9dc5a2e77bcaa9d7', 'c962eddc084ae23c5567c84dbfd39e9e']",0.3830067858382141,0.2640748386670992,0.21469240661127756,0.46347675050676534,0,likely_human,1.0,0.2640748386670992,0.3830067858382141
UCXXQdiW_VYuMhNJE67dZhuA,-1,2,2,"['dbcc67010885673850ffc6a22db0cf31', '2d1f7fe581afcdd893c435fe2d282f9d']",0.3928393297875513,0.2639539489715381,0.16206027563985215,0.5364463625775422,0,likely_human,1.0,0.2639539489715381,0.3928393297875513
UC8vszbXVCsV9-vQy5KRZMsw,14,1,1,['c34c9c65615d80bd0fca19e94d0bc633'],0.4278772016227524,0.2637584544170566,0.12466891042116857,0.35621665318844814,0,likely_human,1.0,0.2637584544170566,0.4278772016227524
UCi1lrsWa7hmbpbcV42YFaAg,-1,1,1,['4fbb368457dbcb58057c64d25a8a8e19'],0.392972208580786,0.2637256625100525,0.15617997778410525,0.5374392970126572,0,likely_human,1.0,0.2637256625100525,0.392972208580786
UCKsYLVrkoi5XM_ldCuM3nUw,12,1,1,['a7b30e960b16cf460d3188671a0f7260'],0.4344892856011062,0.263591971418963,0.11574849800500406,0.34276398976168954,0,likely_human,1.0,0.263591971418963,0.4344892856011062
UC8LGbKaDNO43z0n3CKliYrA,-1,1,1,['ab8850d2c71114c123ac245d1e40cd00'],0.44102725229204687,0.2635551818828077,0.13662299474018907,0.3647948654251527,0,likely_human,1.0,0.2635551818828077,0.44102725229204687
UCalfTDuHtgXEyWKCs97VuFA,-1,15,3,"['263297fe384a2b5b023869440a10b2d1', '5807a9620089f2f166ed6a890c218b86', '534bdbb9820c79bd814afce730ea64a6', '3c345e8955cd98c74189143c4eeec1d4', '83529b15405f8b271ddd057d13b5f75f', '5f80e78466dbd4e71a3d1e43675bba58', 'a7dd0f8250ad898b239c2f7ebcabb33e', 'dcbd1365dab03dacf02099101157ce4c', 'fd0c4bf19f3df0d4fce70a606f6bbd43', 'ba6197b14d8cb0edc709532a4483ea71', '4c12f53583388f45c2f5c077addda9c2', 'f9ecf420e6d50d3bca2012d432b5a03f', 'ed8b54e2c2f979a296da80d755a43e98', '530eae777f32360bfc1a7e8a7b70d91e', '2415afeb031905952a719e92b614bd07']",0.3765405497361657,0.2635261002738896,0.17916748188470247,0.5645561411077237,0,likely_human,1.0,0.2635261002738896,0.3765405497361657
UCtDaFPpfXGawAitBQjncc9w,-1,2,1,"['944c6acd0deb4671efbe22c0bae372ba', 'b11cbe7fddf045efa2ef4a8e13760f60']",0.4473368195741637,0.2634361555806424,0.10886521431624925,0.39279971884005754,0,likely_human,1.0,0.2634361555806424,0.4473368195741637
UCwHyNRnLaBU10oQhjtdXYvw,-1,2,1,"['e246acc7f3523b154336fc006bc41928', '851b351ea796c9a41bdd5e3ad88fff38']",0.4030697675584712,0.2633899581560497,0.1594996433452132,0.48265637029869507,0,likely_human,1.0,0.2633899581560497,0.4030697675584712
UCNcNlMT2yyrzXdcXQN6sX0A,-1,3,3,"['66d2922d26612d7bf7b6981626be3f4f', '1ce39d236fbb9c610d85dd48650ce0b4', 'fb2f400933cd38c275d6d63fc941294b']",0.41380160498689933,0.2633658788229377,0.15904702215365574,0.43981418139285544,0,likely_human,1.0,0.2633658788229377,0.41380160498689933
UCFSKTsHgHvylrSKumqLzD2g,-1,1,1,['c27dfb116afdb74d005d05eb39c49ffc'],0.4027612032455906,0.2633099663230559,0.14737422299553626,0.5093074172853886,0,likely_human,1.0,0.2633099663230559,0.4027612032455906
UCWRtTv7EqfZFd9gR82EKLPQ,-1,2,1,"['4d1d229262e343a1e2eef2e504e322b7', 'd0b49dfb29d86a6b0e72a6424a11aa9a']",0.3711557986758893,0.26324450627487417,0.17703443739715521,0.5909266619607372,0,likely_human,1.0,0.26324450627487417,0.3711557986758893
UCmMjgavAvqluoftrXhaj6zQ,-1,1,1,['24e3595f88011d3ece2782261e7188df'],0.4157074480503024,0.26322915535765884,0.16681431130019042,0.405660123069082,0,likely_human,1.0,0.26322915535765884,0.4157074480503024
UCv1zT-rWzzWvBTQWcEFTn-w,-1,1,1,['3e7c02035beb909f19d9e2710a5566c0'],0.425962693754232,0.26315749282207435,0.13204163748372919,0.4338798646918245,0,likely_human,1.0,0.26315749282207435,0.425962693754232
UCBukmWWV3_CQ_iWawT5pqhg,-1,1,1,['e52aceeb47faf617dab0cf9ba78170a5'],0.3838278733096263,0.26306262550751147,0.1932866847238379,0.5060272283787781,0,likely_human,1.0,0.26306262550751147,0.3838278733096263
UCzs4tHyf_syvqjF2lf7XQbQ,-1,1,1,['8d178b2d55b0bc81549ec101cb173787'],0.39864132844029604,0.2630191040981831,0.15057594086124867,0.5154884596917335,0,likely_human,1.0,0.2630191040981831,0.39864132844029604
UCKcwOoY6Lx_9R7f9R39sOXw,30,1,1,['bf041965f3380ec6ac8c1ae62514e70d'],0.425007353655871,0.26298014687320104,0.12355398635461483,0.3626022237703103,0,likely_human,1.0,0.26298014687320104,0.425007353655871
UCKjYYO27HjN2-1ciOpEiJMw,-1,2,1,"['e7bcfbb1e44f4594bf9e7536e3cea052', 'ed664e009ad5a196cadbae0fdc01991b']",0.36439020049970144,0.2628578970355989,0.16906430093346145,0.6390131035936231,0,likely_human,1.0,0.2628578970355989,0.36439020049970144
UCydGk6yOTwCKHtx6vvL9cig,-1,1,1,['d84fa481ab6474791072049a1dc55bd5'],0.39695163864787875,0.2628538724171404,0.1996043432986391,0.4310551793688472,0,likely_human,1.0,0.2628538724171404,0.39695163864787875
UCwSA8D1qBUFfmX_v5tNKdMw,-1,1,1,['62d65e2e9fdaee835537ba23c115301b'],0.4251749330907527,0.26282569530725197,0.1450274229994186,0.411926678069393,0,likely_human,1.0,0.26282569530725197,0.4251749330907527
UCljvsCxrYnO1RWCIamI9mZg,-1,2,1,"['b1a913b9863c3bf535a16dac69e275ca', '0f10c0a8bf4339282b5b2f9727aa6a72']",0.3923139137148616,0.2625727329485903,0.16489303913935152,0.5201780342160818,0,likely_human,1.0,0.2625727329485903,0.3923139137148616
UCIPvLll55ENBL7sb4TO8Edg,-1,1,1,['8e48d6b8f15fc3235c32c2fd8950977b'],0.38633104236213267,0.2625339002983996,0.21166843452240724,0.44917941027383235,0,likely_human,1.0,0.2625339002983996,0.38633104236213267
UC5whgfTi1uxBF4wuRv7fTrg,-1,1,1,['588f4b7cd95b418246d59de0f7902bb6'],0.42243618316284326,0.26251836708987614,0.15256924616891174,0.4136717866255111,0,likely_human,1.0,0.26251836708987614,0.42243618316284326
UCgULcNDdW9I4b3PnRkyeIeQ,-1,1,1,['3833c08aa7df8af8ee7593a874b8cec9'],0.408106028747374,0.2624871313660741,0.1684837337865992,0.4342001922250928,0,likely_human,1.0,0.2624871313660741,0.408106028747374
UCxxRbzSZgwFG-BDuSUsTkdQ,-1,1,1,['df5441ef6ad6dd7ab150a11fd71b0c37'],0.4347429134575553,0.26241677652312645,0.11654965158566734,0.4194768684473512,0,likely_human,1.0,0.26241677652312645,0.4347429134575553
UCzXgzm3i6otKnb9Q-MUM5-Q,-1,3,1,"['3140badce4bb905722eb339d58726de1', '285cd4655dee2d3f5398cad3bb73ce9e', 'd67a246e92711697f2423a296d5fa474']",0.40834350484583887,0.2623793959322609,0.15009512939100444,0.46868361273777764,0,likely_human,1.0,0.2623793959322609,0.40834350484583887
UCFp7qlq8W9z_JbJGyE7gswA,-1,1,1,['c6fce0bebed7370d995b4ad2dd2e1af9'],0.2844847172164059,0.26233247240351776,0.14461777082392063,0.9999796378306068,1,likely_human,1.0,0.26233247240351776,0.2844847172164059
UC9OOeBlWWzX5upsESlmcoXA,-1,1,1,['70d95eec08e7dda959422034697ab186'],0.4324218768869862,0.2622563917919482,0.1559864529789638,0.35580999690545423,0,likely_human,1.0,0.2622563917919482,0.4324218768869862
UCn6HCsE0zGlVXcai9xndo5A,-1,1,1,['56443fd9f15f3b35cace46d753f0f21d'],0.4157086659438043,0.2621378195294135,0.17541006692632657,0.38987356662656447,0,likely_human,1.0,0.2621378195294135,0.4157086659438043
UCICugCI-jYbsJ1qpBJdI6Kg,-1,1,1,['88b6ba590e6e2874d989755807274a6b'],0.4116466743857452,0.2620093177693086,0.15733225939938325,0.4416276252536766,0,likely_human,1.0,0.2620093177693086,0.4116466743857452
UCEJNC5hvACATGYLFIqx4tjw,-1,1,1,['f7b88b2ab1348b8b0313938f31dea206'],0.40947658793223823,0.2619631250044179,0.15804367911127187,0.44823150687075874,0,likely_human,1.0,0.2619631250044179,0.40947658793223823
UCWeC1PfQcbN6x5TyHRrt_6Q,16,1,1,['fe47fa2fcfdcd4b0088554cf5c8e1034'],0.37183114868295497,0.2616085440770301,0.15682192385253313,0.49224890564373625,0,likely_human,1.0,0.2616085440770301,0.37183114868295497
UCqChnB0Bz_Dryh5pZAoeNtg,-1,1,1,['4a770ac562108d6ba5beeecaf6846f86'],0.4347634395961041,0.2614856983507629,0.10627427585782503,0.4359212598441249,0,likely_human,1.0,0.2614856983507629,0.4347634395961041
UCwVOu7YS05W0Q12xpf8QPGg,-1,1,1,['b8671a36e60e6d47c6b44d2814cf8350'],0.45566470690046673,0.26133684849608063,0.11875342328695043,0.3149557977591173,0,likely_human,1.0,0.26133684849608063,0.45566470690046673
UCKMzn4jBbjLFeUm4i0U354g,-1,1,1,['5065c8997dc3e9cfa8398d848d64f7d9'],0.42683343310889554,0.26114640263802374,0.14658285558823553,0.38473733739206495,0,likely_human,1.0,0.26114640263802374,0.42683343310889554
UC9hgR1TZjk4b6V6waLA2DuQ,-1,3,1,"['92952f8c2cf965b9dc90dc2562f4b455', '3c0e979341ea48c9754894956bdcbf7d', 'd3e94dabe2cd2a49f95432a22d4a007b']",0.4084871218730763,0.26112565593119186,0.16542955144682134,0.42836065308518617,0,likely_human,1.0,0.26112565593119186,0.4084871218730763
UC8R29uJsRD_YY6ssn2QHWqQ,20,1,1,['56030eb3d1bd672b446532f54f281a76'],0.3911030381360035,0.2611157463482848,0.15994032747680526,0.4311245365306214,0,likely_human,1.0,0.2611157463482848,0.3911030381360035
UCflfr23XWDyZMxGJ4_vrmqw,-1,1,1,['0fa5bda512b625a9e79b4ed1c4853962'],0.41238650537874116,0.2611070431920882,0.14627534278487134,0.4470041830556625,0,likely_human,1.0,0.2611070431920882,0.41238650537874116
UCdkYI_AfJny-uWbL71rGDFA,-1,1,1,['3ddd706d4883cbe189f401c9cd7200fe'],0.35479287201821286,0.26101508798062173,0.21651034287494014,0.5602863111456535,0,likely_human,1.0,0.26101508798062173,0.35479287201821286
UCtuGkU-7CbRQjm2Ir8lvSNQ,-1,1,1,['179648f40b6535b859e2ed22388946b4'],0.4125912334505556,0.26097568750762523,0.16556195559860434,0.4002483881239906,0,likely_human,1.0,0.26097568750762523,0.4125912334505556
UCnah5zw17mAaIGHdBx36lUA,-1,1,1,['45e8d58e36e6031fbdd3d96a2243a9c9'],0.39038657974477153,0.2609455472858082,0.16960804840174531,0.5016009743493863,0,likely_human,1.0,0.2609455472858082,0.39038657974477153
UC80xJItH0qQt0F69PTZRHEQ,-1,1,1,['1a9d5c89293be11c32288ce73f85bbc0'],0.4038277199932001,0.2607583708471479,0.17464886979040037,0.42670582985371,0,likely_human,1.0,0.2607583708471479,0.4038277199932001
UCvhSgkOmPjEYpgsuRwvXyxA,-1,1,1,['467e6d9676452449f4ba4f650d129036'],0.3865049337509335,0.26067717328783574,0.1694831349927768,0.5138796110032191,0,likely_human,1.0,0.26067717328783574,0.3865049337509335
UCbppd6N4DabmRQiKESmTmhQ,-1,1,1,['be003066f46bbf067daba0505ff1049e'],0.3976330811331168,0.2605956214010163,0.1420888696329344,0.5223026491490472,0,likely_human,1.0,0.2605956214010163,0.3976330811331168
UCcDdGqQ6j4UrB3qyWxMpEQw,-1,2,2,"['9c5f39e0283ed14f10aadb53014c1e70', 'd0d88a747abf458c52c26df6a83ab3b9']",0.40169677492225075,0.26053246802013397,0.1626596535858194,0.4506225858361337,0,likely_human,1.0,0.26053246802013397,0.40169677492225075
UCD3neMo1CDdmhuIqHsP4ojw,-1,1,1,['dc652a8ab2a4ac41c4bc5655317eea7d'],0.38883658418260436,0.2599013318402075,0.1742557890796771,0.4854301742928911,0,likely_human,1.0,0.2599013318402075,0.38883658418260436
UCXz3RoC3tPKnbSx6_PTWo2Q,-1,1,1,['3f57bf3dea242670eb7d60d06646bd3e'],0.36865729917578444,0.25987288219981264,0.18735164091112325,0.5415923748108215,0,likely_human,1.0,0.25987288219981264,0.36865729917578444
UCM2_04oSi2rHx13gNR-M7-Q,-1,1,1,['ad75d73ed3194a46ef324c3b934119b6'],0.4475672614049751,0.2597714863614107,0.11923875020270552,0.33091373736270646,0,likely_human,1.0,0.2597714863614107,0.4475672614049751
UCOOYzLfBjWHsXTMy2q7_DWw,-1,1,1,['3badb0a40cc1e93e8ae049bff1cf14aa'],0.3857596730701638,0.2597326112472832,0.1948713251759026,0.4535402305775904,0,likely_human,1.0,0.2597326112472832,0.3857596730701638
UCdTw0mMTTEiEhPJaEd7zGWQ,-1,2,2,"['fd886b0662b16bbce407692057d242d1', 'ff8fdc871d7f3cf20c907e5fb2431258']",0.3630111891211949,0.25966397070172803,0.2049714291181434,0.5322526826348752,0,likely_human,1.0,0.25966397070172803,0.3630111891211949
UCDYtaS4qB-FF4IQ1mGiBDyg,-1,1,1,['81c7b4e7c125e2c26edfc3959a5b78d2'],0.38893118836784835,0.2595412121292501,0.17062501801696683,0.4920588426108387,0,likely_human,1.0,0.2595412121292501,0.38893118836784835
UCZoArr22huiW-ql0c13i4Rg,-1,2,1,"['b77335f9280a31a5744d921a2a59b394', 'abbc7bed43ac6a8c4dd8de8f9c21b3c4']",0.3840653383336364,0.25953470564119413,0.18194089137805597,0.48505276341403064,0,likely_human,1.0,0.25953470564119413,0.3840653383336364
UCnHi7mXwxPhO6ASLtzIOt9w,-1,9,3,"['9e2495b327c5c1d8521378bfb09f40d0', 'caef7a5ae2f66be9353684fafbd0c5cc', '27931f81016e05af35773da14fbc3256', 'b1001ab56f83bcb9bc57f31609c47a05', 'd84b65f3af10ebc849932c4bed9b5958', '695a2ed502a50b99960021d0b811bab4', '4d64c61639a9246697bac15ef8030d3b', 'ccceaadaab09e467e40cc602cff63bc2', '49d1f96408fc236140f40b31b4cbcbae']",0.3425839588088246,0.2594924681310745,0.204715967801652,0.6258075057812634,0,likely_human,1.0,0.2594924681310745,0.3425839588088246
UC-lZMtkNtxQlKHFm4Q9maVw,-1,1,1,['e21d7949aeb8d4ae1eb17c3a6b8ec4d7'],0.39662030231377876,0.2593623331850816,0.1766923229621104,0.44078614770327307,0,likely_human,1.0,0.2593623331850816,0.39662030231377876
UCqTLPHY4TVQj8daK7EoErLA,-1,1,1,['ca81a32b8d83fc0455e90f5a7dfdb3ae'],0.3860854400276965,0.2593375751556162,0.17304902228866892,0.49734792862646066,0,likely_human,1.0,0.2593375751556162,0.3860854400276965
UCs7D-BYhHQ4V6MNUVea6ixQ,-1,1,1,['3ad49f77f07eaee8f40496b49ecf93d2'],0.38381062753957973,0.2592984707793312,0.17880347164990051,0.4960045878123221,0,likely_human,1.0,0.2592984707793312,0.38381062753957973
UCtQHFioj5jXTs2fgkgggj_w,-1,1,1,['9896fb7a7faa5a8d0ccf9e087183ee62'],0.4147316064680406,0.25907474596405056,0.1648461279391868,0.37826324927467697,0,likely_human,1.0,0.25907474596405056,0.4147316064680406
UCjklneyws_j7GmNu-U4AZ8g,-1,1,1,['889c8bb6f2963a5be093ec023d653ad1'],0.37863541682241086,0.25905591885833534,0.19341017841928287,0.4791760352840721,0,likely_human,1.0,0.25905591885833534,0.37863541682241086
UCgaxZ1MSQ7DJnvM2TfQBgsg,-1,1,1,['b5139f1c90b5140237cde83d84280825'],0.3988050943842867,0.2590308801181085,0.15900541109187524,0.46211738074941233,0,likely_human,1.0,0.2590308801181085,0.3988050943842867
UCmEiIkWh6pRXlMjPOf38nxg,-1,3,1,"['867fdba6e5d526d9d7de73b3fcb62d06', 'c71e0a4761cba7eb961b6b619ef760f4', '21dff8145237cfced6a474a611a6bc52']",0.39842703511642297,0.25902868667254153,0.1733836667476323,0.4393470746402408,0,likely_human,1.0,0.25902868667254153,0.39842703511642297
UCpckv2WReIsYD-7o3u-Jn8g,-1,1,1,['a086995328fa498342fa63b3330b1585'],0.3898918495890902,0.25894786902905587,0.18470016064921443,0.4468603675134041,0,likely_human,1.0,0.25894786902905587,0.3898918495890902
UC72_58iUL9D1xs3Dy7nKbSg,-1,1,1,['f950a2a5194ff2e2dcb356739b2eee6f'],0.413378234348697,0.2588772749662545,0.14098839567890656,0.4279498447253348,0,likely_human,1.0,0.2588772749662545,0.413378234348697
UCDZlH02nGD5DUolDOBLp9VA,18,1,1,['8d702195f254b81994ade6754c5a87e5'],0.3970007981383017,0.25869333467153244,0.15729696345365726,0.3555529465012359,0,likely_human,1.0,0.25869333467153244,0.3970007981383017
UCR8rshYkNNQSqs6W6FMd02Q,-1,1,1,['055655ab206ef9f5bf6ef7cd59ff549a'],0.38872506970412324,0.25857755843978064,0.18649811361613097,0.44312538701475784,0,likely_human,1.0,0.25857755843978064,0.38872506970412324
UCFmUVRjw81ASckDHWXQ_ceQ,-1,1,1,['db811df9a427969b9350c4048ac939cf'],0.39398476302866803,0.25854884521427257,0.17440930241044708,0.4423306760613237,0,likely_human,1.0,0.25854884521427257,0.39398476302866803
UCLvsE8jfDGxXiGh0cbr3bWQ,14,1,1,['9944e7ea28f7750e92363101c61e9645'],0.3975005802673278,0.2584233951684139,0.15772026180302176,0.37935214858323485,0,likely_human,1.0,0.2584233951684139,0.3975005802673278
UCUSrc2EHxbuSrl4dw3_lT1g,-1,1,1,['0a805104081f3cbb25abf8c693571f0d'],0.3884173717415798,0.2583665623693929,0.17326832150304033,0.4784233668075981,0,likely_human,1.0,0.2583665623693929,0.3884173717415798
UCETwbLs9-HsJo1xIueQq4qA,-1,1,1,['25a2e51a224bf18eff8837ff84b47bdd'],0.3571721136800395,0.25836349139536974,0.19370339639359246,0.5697837949742877,0,likely_human,1.0,0.25836349139536974,0.3571721136800395
UCreQqSUBm5CsY_EUr-Co9Jg,-1,1,1,['86421eb4c100415b0d50e269ded8f92f'],0.3825251675127906,0.2581597937011304,0.17816482788930485,0.49399415196445706,0,likely_human,1.0,0.2581597937011304,0.3825251675127906
UCEpcQPtHm6JugWkpP4spzWg,-1,1,1,['1a34bcc4dc865b70a0182101ad635d70'],0.413196641217503,0.2581113366774972,0.1348482013613253,0.43813559263763613,0,likely_human,1.0,0.2581113366774972,0.413196641217503
UCKPIFsUl9SAR94lnWillgpg,-1,1,1,['dcf57b2fa972b0cc3f07f94969f50bf1'],0.3821132051264363,0.2577457738745248,0.20758796843169888,0.4318052433069691,0,likely_human,1.0,0.2577457738745248,0.3821132051264363
UCxFHR4gHnAii7Rb4z30bXRA,-1,1,1,['821070fd3cf065cfc0a6e2c20b615628'],0.3865888295153764,0.2573397128963262,0.18591017899983225,0.4475463960192843,0,likely_human,1.0,0.2573397128963262,0.3865888295153764
UCDnMDoQHjB_EioLC4WCkC6g,-1,4,1,"['9c9a97c67fe531d7b366cba0105a1a8c', '50685ba4e42343e19c7bd3b26900ed9a', 'fe47181c1fbada1b8a87d92345764446', 'b28c76d006e42a3ea299255cafeef5bf']",0.38216441803937673,0.2572713584197225,0.17388511854239067,0.4928099107449305,0,likely_human,1.0,0.2572713584197225,0.38216441803937673
UCBkoAVqzelSJ8VRN8uZCyeA,-1,1,1,['a475c1b541b5be0074a256474d9288a7'],0.3703702283037708,0.2571831814590038,0.20833334990095786,0.47420407282122556,0,likely_human,1.0,0.2571831814590038,0.3703702283037708
UCSN3IQHAz0Jpiab7hcUpZgw,-1,1,1,['252a1d106a72e57ab83dcfc7f746ecec'],0.42713363918946273,0.25713993554905007,0.11017945950580788,0.4142555882795463,0,likely_human,1.0,0.25713993554905007,0.42713363918946273
UCNrnao2BGwmFFRVt4Ty2G8Q,1,2,1,"['673fca7c47a4553aa11c089c19512edd', '2d56a92eefa9f85ea2cd2f17c39ee697']",0.3624175244120929,0.25709454345267885,0.18805139783764144,0.450358714064732,0,likely_human,1.0,0.25709454345267885,0.3624175244120929
UCkd6W-2m2MEQvta14v2AzKA,-1,1,1,['d31bcdd3491a93a3d05214b462962cae'],0.3866004897854076,0.2570186224409683,0.16523603626641856,0.47880298636450835,0,likely_human,1.0,0.2570186224409683,0.3866004897854076
UCGp-hEwXJv5dg4XdlLmAEPA,-1,2,1,"['d01c835b3035a1083081f828d10ca308', '5f2074014a2285ef6ed24a155229fe90']",0.4012221414164443,0.2568103592515276,0.15604269365792037,0.4373070559197605,0,likely_human,1.0,0.2568103592515276,0.4012221414164443
UCNwMakn3g3k52j-gqDwKW5A,-1,4,4,"['8b39e437afe633777752035121de5f6a', '22c6882fde8b8bb90af7d85649651fa8', 'af844d24f24cde1f5f99e0e200450ff2', '35a36d1decebdd5c1902f543a2a55f85']",0.33889562782381,0.25677938003501855,0.1859070447215094,0.6511926368130304,0,likely_human,1.0,0.25677938003501855,0.33889562782381
UCBXGJIoB8tU7QElqDFVOClw,-1,2,1,"['da6d6f368df3c3482b4a927fa73174f4', '7be1de0c2f1277922bd95eb03fdc0ee1']",0.3648660630994284,0.2567301523404661,0.18814223166526242,0.5392888758502656,0,likely_human,1.0,0.2567301523404661,0.3648660630994284
UC9wSF1_rLI5PMt7jBUvkLPA,-1,1,1,['e6fab9fffa8be1cf4a5189989cd05101'],0.38532365694584925,0.256712757669777,0.1760436786890431,0.46120544151127135,0,likely_human,1.0,0.256712757669777,0.38532365694584925
UCo8d2MMFwO_Rcpk1EHerm8w,-1,1,1,['7721319c56caca345ca55f495538369f'],0.35982656785911665,0.25669952333427565,0.18549164044468963,0.5613259857859842,0,likely_human,1.0,0.25669952333427565,0.35982656785911665
UCpHnhg7a_fMkVc9BweUQKJw,-1,1,1,['3246fc972b00e3bf73080e1a03f4d787'],0.3354566360034308,0.25652665387982143,0.2092457841243123,0.6175727420677033,0,likely_human,1.0,0.25652665387982143,0.3354566360034308
UCmo31N3jZR7zhIc6_fEDbGg,-1,1,1,['37c22a6c8e3292b9afeefffade208cfb'],0.38387315771510466,0.256455084766082,0.14277815789197718,0.5331041398739975,0,likely_human,1.0,0.256455084766082,0.38387315771510466
UC-cAkJO2lUB_Nc0KGb-W4Vg,0,1,1,['dc23e48e38a0a03d54256670fab69abe'],0.4426617364222132,0.25643603914948043,0.0873428163675846,0.29632770603535424,0,likely_human,1.0,0.25643603914948043,0.4426617364222132
UCyJU9xxUKtw2jesxG-ItYrA,-1,1,1,['fe9b278cd4872d1f246b9fa04c486fe6'],0.360983405694318,0.2563907881715341,0.20550183443679385,0.5172198740818992,0,likely_human,1.0,0.2563907881715341,0.360983405694318
UCQjsgvtYnY1CxIX4bVqr-iA,-1,1,1,['0758a2ce779f3e0cc88829fdad02b30e'],0.3948339099364795,0.2562864285671043,0.1300680805611446,0.5149301852131836,0,likely_human,1.0,0.2562864285671043,0.3948339099364795
UCuzD5UmNwHnqRUCq0JYuPag,-1,1,1,['3407f87dc053e3ac67352e4f077e7c97'],0.4165356202088691,0.25620593351638216,0.13785912536215467,0.40379404788889905,0,likely_human,1.0,0.25620593351638216,0.4165356202088691
UCWeUKyA_-dasNVCRS6Pf8Uw,-1,1,1,['cefe43a33adfb6b08ed4d27b8d9faf22'],0.3648479122124564,0.2561048832676352,0.21492450046701064,0.4698947147925723,0,likely_human,1.0,0.2561048832676352,0.3648479122124564
UCGeNLDlLSaoWnMdB4i219Bg,-1,1,1,['99db139bf17c4a43c023ebde4239fbf3'],0.3696860897750539,0.2560877465064234,0.17175840957514266,0.5395025167810413,0,likely_human,1.0,0.2560877465064234,0.3696860897750539
UCiysaxEwvLzT_ChJUu5JtXA,-1,2,2,"['898c270d64d1e86a38dc2b4709a862dc', 'e8472ff08641e532a43264a101b6d6f8']",0.4178982323679219,0.25604922377185707,0.13767871272421994,0.38585366150375944,0,likely_human,1.0,0.25604922377185707,0.4178982323679219
UCKr06F3VKuzHTAhwhN7rAbQ,-1,1,1,['76bb87e75eea496ffdccdcfa939f0e54'],0.3853341446743136,0.25596827338286016,0.17849305035719246,0.4592480236912765,0,likely_human,1.0,0.25596827338286016,0.3853341446743136
UCklnryP_LZUIVga9B8sMC6Q,-1,1,1,['e5b8117f0d0ee40de440c849cb915a74'],0.35368271262271145,0.2558157008673607,0.21631675122906358,0.5260722484683242,0,likely_human,1.0,0.2558157008673607,0.35368271262271145
UCwJdV_crrQpLzQxE7mAsMvg,-1,1,1,['1d76405bf47592d32ab90e3f5d421f1e'],0.43503387033152635,0.25578008297577326,0.1235813817935307,0.3403855328830924,0,likely_human,1.0,0.25578008297577326,0.43503387033152635
UCF6BoRKIp9-8Q4eMhSTmO1Q,29,1,1,['be0448d60de901e6ad6edac1a40161ed'],0.393409347995804,0.25574124132152787,0.16586675874026827,0.35055393354890485,0,likely_human,1.0,0.25574124132152787,0.393409347995804
UC2_GGsEyIMu76XLgKEltZ-A,-1,1,1,['b5a977d8aca4b54188e74d210d42074a'],0.4054817043465962,0.2555514516107737,0.16441389541267012,0.39042157280464335,0,likely_human,1.0,0.2555514516107737,0.4054817043465962
UCrCYmYYlKZ9MFgSsH9mys8Q,-1,8,3,"['49fcbb95ec266f24be831860d35abe2c', '8fcb2502762ec8841d6907ad23a79720', '371812d76e66af3785591894d6207ccb', '662f688f431f047383604d3f4376d54c', 'a715b6ab4f2d38ded85fbd1d3a0ae1b7', 'd8e4c977188191f9c7e45b073affb6f5', 'ed3c3513eb4179562a701d8e707b64e4', '448a63e8c72cc408a3f4b2f7c586254a']",0.3258438611155485,0.25550939783130133,0.18992643661922873,0.68827814488752,0,likely_human,1.0,0.25550939783130133,0.3258438611155485
UCnRIcQcIwi3mHurrKrZPlqA,-1,2,2,"['7617ade8ea1b402d196ea7508f7e29fb', '2fb6bb9ab9c49f0bccf14c7e95b6749e']",0.3664056527151034,0.2554796518362953,0.17678334083814004,0.5352468306693907,0,likely_human,1.0,0.2554796518362953,0.3664056527151034
UCm7IW_rwlNAzl995C2NetXQ,-1,1,1,['4dd164a6d23759ff2698bc6c1cde43df'],0.3992423400494554,0.2553839996940737,0.14498974872226258,0.4496123686248995,0,likely_human,1.0,0.2553839996940737,0.3992423400494554
UCi6L0qNKNDSk51nfbVYHPbw,-1,2,2,"['ad25a9d096164a4dbdb28a1fe9642adc', '100738c7fb120bdda4fab17183da55e0']",0.4044810264714297,0.2553646365392151,0.15551017332734804,0.40913879606168957,0,likely_human,1.0,0.2553646365392151,0.4044810264714297
UCiSxXgFjHVv_t3UlCJcKxXw,-1,1,1,['551f85504f7a4b242437b13f77d574d3'],0.4447587069691856,0.2551061498459831,0.1044618108836131,0.33057780978104917,0,likely_human,1.0,0.2551061498459831,0.4447587069691856
UCzh0kMKbV1zDd3vf_9W55MA,23,1,1,['a3f32e7178df56f507fb71e7bc5e6bb4'],0.38772218246303336,0.2546999777382412,0.1284916879049818,0.3539257758859914,0,likely_human,1.0,0.2546999777382412,0.38772218246303336
UCGTexKl4jjsUzVZHUhRWuDg,-1,2,1,"['e7a5bfcb5ddb4591e0fb3574bda2d361', 'b8ad2f5326ebafbd3f7362265146e4aa']",0.3788839855844331,0.25464990524610975,0.12077197569769993,0.5895965828445681,0,likely_human,1.0,0.25464990524610975,0.3788839855844331
UCyRgiHQm6o8X2bkh_FOwZaA,-1,1,1,['d50e46d8d37682e1494b2f9cdc50af10'],0.35556872301932607,0.2544383869016422,0.20555335773128616,0.5113479885871836,0,likely_human,1.0,0.2544383869016422,0.35556872301932607
UCx6xM0PoeG9qt1bmKGC5OjQ,-1,2,1,"['3b6a3b578f1e44f85e26c2a811975e55', '4b026dc9ffefcdea167ed6275a394a9d']",0.38843497465425225,0.25441325999129716,0.13935371091760373,0.4989874902670541,0,likely_human,1.0,0.25441325999129716,0.38843497465425225
UC4SXfQF-RyRYnJHUy04-73Q,-1,1,1,['cd3bfbd89dd75b56c4aa51af8ae1e788'],0.4324035970822982,0.25429898483401675,0.12026665688926103,0.34868828821855286,0,likely_human,1.0,0.25429898483401675,0.4324035970822982
UC8yXFHqKrkUCNj3OAaPNLTg,-1,1,1,['c46b0dee7c03f2823715937c9ae47536'],0.34623967215567875,0.2541275003608874,0.21867882962850013,0.5198811686706446,0,likely_human,1.0,0.2541275003608874,0.34623967215567875
UCCYwoTopj73Dt7GCWQ2FDSg,-1,1,1,['2735482e1ba10beb0a023488be329a14'],0.4001041941053616,0.25408601037148015,0.15095418770161773,0.4191208055209777,0,likely_human,1.0,0.25408601037148015,0.4001041941053616
UC4bZTlgJTuKUiM--BdCEGrQ,-1,1,1,['e390888bd80b2639d127b1ee3d4ac8d1'],0.38397056417024356,0.2540709189476649,0.18442739328995966,0.4339794243195347,0,likely_human,1.0,0.2540709189476649,0.38397056417024356
UCOhn3u8AV7dsfAucq30xZBA,-1,1,1,['ad047b7a7344b1294075f09fe35ae668'],0.3991033757427851,0.253836730711124,0.1686186776124709,0.39247177309496617,0,likely_human,1.0,0.253836730711124,0.3991033757427851
UCvq8QpYEinZwNxJJfT45Ayw,-1,1,1,['17dd9a98a5d8d5f9605b64c77ec18482'],0.44555782867305566,0.25364122603977435,0.10067545551467875,0.32447470921803767,0,likely_human,1.0,0.25364122603977435,0.44555782867305566
UCnRl45hhVY-SKCoNYiqTtBA,-1,1,1,['d72ef083306f1f9d77ea365d8f36d535'],0.40013234612540155,0.2535976295596107,0.15545038969256764,0.4124602992282962,0,likely_human,1.0,0.2535976295596107,0.40013234612540155
UCinhWk4qeIpRAL5h9GjtoKg,-1,1,1,['ea96e1eded8b8979d0c408e5cde5aebd'],0.37869167546418847,0.25358475598239905,0.19268511261034574,0.42250153608562857,0,likely_human,1.0,0.25358475598239905,0.37869167546418847
UCdzDjTbr8EBGrqV2a04O0gg,-1,2,1,"['b27cd565507536e198c2fe2a82bc93d0', '217de4ae9682d75e59049bb2bc61703e']",0.4141278742388887,0.2533620640967157,0.13989006378401242,0.38091926177335583,0,likely_human,1.0,0.2533620640967157,0.4141278742388887
UCPkNUdYQhmYFOEcP7Hc0KBA,-1,1,1,['46be7285787589f34d70f826bb2da5e2'],0.380690223009744,0.2533215337022733,0.18590661534886158,0.43294528214936645,0,likely_human,1.0,0.2533215337022733,0.380690223009744
UC-KIYKHvjY_vWALAoFwI2SQ,-1,1,1,['fb0fc1c715d60ae30f9f863532776d22'],0.38651766948131405,0.25325715524585257,0.1571533750188986,0.47170948056474815,0,likely_human,1.0,0.25325715524585257,0.38651766948131405
UCFxsxT71HsqcjPSYPKrvEmA,-1,3,2,"['d2649c191115878000279597b88bd596', '3acc78424d262218cdb0a3896af632af', '2a9fca7cf301f4b2907dcae23339b9ac']",0.3787926798402377,0.253199281093273,0.15329292581922466,0.5060272283787781,0,likely_human,1.0,0.253199281093273,0.3787926798402377
UC9OS4F_W8YzrD52xrvVGdJA,-1,1,1,['7ce7a97478f9d68903bab2af056e049d'],0.3880359825308161,0.25315707040594704,0.14981482192401657,0.4755590836552147,0,likely_human,1.0,0.25315707040594704,0.3880359825308161
UCR1U5Oen0Q7G6fSO_M5-lpA,-1,1,1,['c22d2cb4ac8b906b4f0ad5122c32a3ee'],0.3846278168028341,0.2531038710175447,0.1446431542280435,0.49263438565818507,0,likely_human,1.0,0.2531038710175447,0.3846278168028341
UCvXffbh_Jhdac3h36xzoLHA,-1,6,1,"['a444f97128efef5c8e55d6e4918be581', 'f81dfcc190b8906fb6b34b3e725c568f', 'b32d42d4910621c543d9f1bc8ea8d829', 'd1fb3be5e6140f5ca6c59952df67e297', 'f87b6043e0e82981ebb0f002470434a5', '3b5c2ccd55bddfd3e2b6045a00b9b338']",0.35874197714701844,0.253034201780135,0.18022820839507897,0.5330499260543181,0,likely_human,1.0,0.253034201780135,0.35874197714701844
UCxydmcftHCcyjRcXg6ufb5Q,-1,1,1,['15f6b3b23663c8850675ed839dd29ac9'],0.40059392865796895,0.2529856762759046,0.13830132033879114,0.442707910776584,0,likely_human,1.0,0.2529856762759046,0.40059392865796895
UCvP4ZYp7eubuvPAr337Emwg,-1,1,1,['6705f6ffb87e148c5f90ee59efc4d3df'],0.3752536211460439,0.2529263328765504,0.15978611982396543,0.5066907530867123,0,likely_human,1.0,0.2529263328765504,0.3752536211460439
UCODRTA4B-pozBf77hm6lECQ,-1,1,1,['3d574b115368d2dbe8b11eb65bf31ed5'],0.3749704310719435,0.25286418795064247,0.1804263177972472,0.47220188480078185,0,likely_human,1.0,0.25286418795064247,0.3749704310719435
UCd8FZ8juswhI9yeqDk-i60g,-1,1,1,['937874352a9c74af071856e976b394b1'],0.4184816900219144,0.25274642344987086,0.13914666837698406,0.35289210462320975,0,likely_human,1.0,0.25274642344987086,0.4184816900219144
UC21GfJ78xTO9yoQ20DuaQPg,-1,1,1,['e7e1ea1a7f6e7bf5214c18c06143317b'],0.39952411775500957,0.2526831369243398,0.16411756273618364,0.3870592836409963,0,likely_human,1.0,0.2526831369243398,0.39952411775500957
UCKN46S8vvDK-ZD4ZelTShNw,-1,1,1,['5e52d1d70af34882244ec4313838b41e'],0.36287431084747207,0.2526660969155696,0.21797047899683789,0.4489537872304919,0,likely_human,1.0,0.2526660969155696,0.36287431084747207
UCy-ZLMjGHTZPy9oga1ylhYg,-1,2,1,"['a8bdea6283b6792ec94ead0efbd5d241', '08f0ebc2d90fb86dc3cda387e7b78412']",0.31897773057233314,0.25257029214518745,0.21190742204725554,0.6478587473224194,0,likely_human,1.0,0.25257029214518745,0.31897773057233314
UCn_pMH0b2aHk4a2p56AWinw,-1,1,1,['e0e8041585506b895a5e3efbb477bb56'],0.3683504738546778,0.25252440485741134,0.19335821506982184,0.46522020166223305,0,likely_human,1.0,0.25252440485741134,0.3683504738546778
UCkGJSWLDKemeKMi98SeezSA,-1,1,1,['c94f7eab320c525184c3d07893d343f4'],0.4429624973666899,0.25250110804150355,0.08656705135087954,0.3490773500061143,0,likely_human,1.0,0.25250110804150355,0.4429624973666899
UCAzKg4xGAnkj7dyEmoVeOMQ,-1,2,1,"['f0dceb13d8af73108b276e8098d2f087', 'a2fa1ea7a6a22c9c4abc4dc78ed914d8']",0.34851484774864744,0.2522626252413758,0.1791628126204518,0.5763652957406042,0,likely_human,1.0,0.2522626252413758,0.34851484774864744
UCcX0frIe4fKB732wozeNXOg,-1,2,2,"['58f01d21304fdc96587885086c4c3c8c', '84ea2bd95ec69776f24c3ab1f1983207']",0.3681694120785166,0.251987589004711,0.15732883660050692,0.5327094828813141,0,likely_human,1.0,0.251987589004711,0.3681694120785166
UCavTJXo9JGvUliqyeOCgCng,-1,1,1,['ab58ce6230a85133d92290b3f2a3bc88'],0.35623242151660994,0.25177392288065065,0.18657545669633147,0.5273563903882845,0,likely_human,1.0,0.25177392288065065,0.35623242151660994
UCJV74odl-M1q2IAt97KX2Yw,-1,7,2,"['8d691f1cf02c76148e06507ad0cbb150', 'cefec628e78bc4fe2833a74bb0697d4a', '8880374acba6b3d758c2caf9ffa9360e', 'fec1af2ae9f59aba06163fdbb2969b7f', '43abd8d60485013870f499ab7e6d32ae', '76b835f6a83cb60ce87c246a80b75b11', 'e3ed633ffaed1dbb721ed9583f1b91f6']",0.35334165029103554,0.2517083106780893,0.17476138045155334,0.5658314204689658,0,likely_human,1.0,0.2517083106780893,0.35334165029103554
UCMEgIgZwlgjBORKe7fu3a0A,-1,1,1,['c4dae88ed2e687fe6885ce2cd4d721b0'],0.4219650268524837,0.25150584792318037,0.13601465289178735,0.3348483352260801,0,likely_human,1.0,0.25150584792318037,0.4219650268524837
UCK2CiYKbIiBlu_IQg0BbxhQ,-1,2,1,"['8f4d83029c19df76ca767f4959340a0e', '668e4be97a334323bbf2c900637a7ff0']",0.4112711286216264,0.25146869843587133,0.14193565054618365,0.3684840610979123,0,likely_human,1.0,0.25146869843587133,0.4112711286216264
UCWWMObGOaBmBgIQG2t_ShFw,-1,1,1,['5ade2e655927ebe6d7d68d4cbbc9318b'],0.405791410159727,0.25133762106324103,0.16077947045216046,0.3506217199231573,0,likely_human,1.0,0.25133762106324103,0.405791410159727
UCHdw0Fln1_AR1S-0Bm02aUA,-1,1,1,['44c8e494decfa2e368ce79fb0bbbb791'],0.4139015449791868,0.2511146273193301,0.12457720548630224,0.39240979526521585,0,likely_human,1.0,0.2511146273193301,0.4139015449791868
UCdYJPS7OG94gAHoGJgr-bVQ,-1,1,1,['e5bd5752046579f2cf5a952d41a511d1'],0.4139381566227336,0.2508457264166763,0.13578128260857647,0.3554055132019116,0,likely_human,1.0,0.2508457264166763,0.4139381566227336
UCLIs0IzIhgJKpJRmfJbbeuQ,-1,3,1,"['36c78099572115b00b7fc03598ed8751', 'cd14973faf28ea303b5e0ba41f0d1085', '212d3bb6a0a2aedad613b3f7e2149bf3']",0.3950676977568934,0.25084362827163004,0.13279226066573063,0.4547047566582727,0,likely_human,1.0,0.25084362827163004,0.3950676977568934
UCW0B5JbxKwu2MVT6mGnp_zQ,-1,1,1,['aba8719bec02dad54e150139444f9292'],0.3726897185305458,0.25068045952407075,0.20187603167431703,0.40911296500291006,0,likely_human,1.0,0.25068045952407075,0.3726897185305458
UCB8stRl7eMmP3XmfT6KFiFw,-1,1,1,['0182c8eef02d6cb54c6dcaf53dd85d86'],0.4250271400547947,0.2505218490290064,0.10644997337324232,0.3652126629398406,0,likely_human,1.0,0.2505218490290064,0.4250271400547947
UCCv49G4DNqRDoScXxjFl6Zw,-1,1,1,['29c5cb33f695597ee78a58f0ba728372'],0.3749650193800495,0.250513479697021,0.17076159655250223,0.4581836414147507,0,likely_human,1.0,0.250513479697021,0.3749650193800495
UCDnOHwGTZUzKLDs2J79iTmg,-1,1,1,['117b55ec283ef6d59170fd6db5c12072'],0.3761841926685487,0.2504597192125701,0.17077777040137515,0.45579314148791594,0,likely_human,1.0,0.2504597192125701,0.3761841926685487
UC6zozvFp0L9il1OwPWdrQpA,-1,1,1,['64f3f0eb60c2a403894902bd2ca1eb74'],0.39255905575086714,0.25040884304472616,0.17017300398282986,0.385706403279779,0,likely_human,1.0,0.25040884304472616,0.39255905575086714
UCo1LkFdOLrJn0AsOKMTlutA,-1,6,1,"['03278026e6809f529eb80a15fc29b5b2', 'cd90d5f841175b1216be4103e7400611', '3869d8af61323ec9e9cf1b063dfba77c', '918e3c19e7387b91b5126c279a87bb72', '42c320452586b132be9439bbab8ad8cd', 'bae3c2d652da2a221f7476c29a121f94']",0.34934476880892523,0.2503875645532883,0.1517434741406264,0.6143380924701738,0,likely_human,1.0,0.2503875645532883,0.34934476880892523
UCgWFGvmtat3rRHdHZDT5VWA,-1,4,1,"['0c7ec2fd7f555767b9f48df4073c89f3', 'd35e1f29d323c0d7ac7262be5a2ebe3c', '5c9887b93a08ef843120f56642bfe60f', 'eea03801419802842c1b1449d5429b69']",0.3488835922461111,0.2503793840689665,0.17127531421238268,0.5759669426174218,0,likely_human,1.0,0.2503793840689665,0.3488835922461111
UCnGXGyoJ39p3FH3YGXxnDGw,-1,1,1,['38fd6510755de9314a540fa6368404c1'],0.43367470994024854,0.25019141324506533,0.11159011973340899,0.3186854717398939,0,likely_human,1.0,0.25019141324506533,0.43367470994024854
UCA4ZzrjMww8jOSm0wmkDr6Q,-1,1,1,['3aba41e9fdb56d0e10daf6aaf3a13e99'],0.3500540518372032,0.2501696528598143,0.18365328136459444,0.5374739594395097,0,likely_human,1.0,0.2501696528598143,0.3500540518372032
UC-t7ye46zxNP_09P2GZh7SA,-1,1,1,['1481e70f9ddcfb3fa5596323362d6c35'],0.33740868930562484,0.2501413016083472,0.1854618994291914,0.5922694004035189,0,likely_human,1.0,0.2501413016083472,0.33740868930562484
UCxgN5uCYvUFyzgCLkIeIfug,-1,1,1,['77a9fc456d5f1ae7501388d31ef7ea03'],0.41469029073612135,0.2501376278367346,0.12530605135130524,0.36749342411248836,0,likely_human,1.0,0.2501376278367346,0.41469029073612135
UC7YT3M6Esan4EueAR-GTRXQ,-1,2,2,"['42c9d54acf5b445a291a22eca32f66dc', '8903e1f0052c8e0e66e40deca88a3b03']",0.37803721162083864,0.25010952030422773,0.1602457472710217,0.4680858626049407,0,likely_human,1.0,0.25010952030422773,0.37803721162083864
UC6QVPnU-2viDN5cf03PYOww,-1,1,1,['143506d3da7a47a47772b6407dfa6112'],0.3675622835147284,0.2498615106380192,0.20089501558353673,0.43541366675611937,0,likely_human,1.0,0.2498615106380192,0.3675622835147284
UCAknyunm7IUgRuXqoHK0JfQ,-1,1,1,['ec17f6a0c4a18c40e980df4bde0a4d83'],0.36668414080413203,0.24976839597248024,0.15398470785848048,0.5337146624456908,0,likely_human,1.0,0.24976839597248024,0.36668414080413203
UCXlDy3wW23QkjeuicO_b2RA,-1,1,1,['0eb9b20aceb594d29faa9a127ef72623'],0.3963497760201027,0.24961176168878774,0.14594349080695443,0.40379404788889905,0,likely_human,1.0,0.24961176168878774,0.3963497760201027
UCUupLaUSLLLaePHXrK3YJVQ,-1,1,1,['018f034f3673655189f59b47b59d062a'],0.40447486106187086,0.2494482510798855,0.1447715762502788,0.37394430811453605,0,likely_human,1.0,0.2494482510798855,0.40447486106187086
UCCRxtZ8o80y8ghZNlyX6tYg,-1,2,1,"['316e106bfd12c3b856dd5fec659ca9c9', '9d297e7d16b14a6c358cf9a2063a1322']",0.31207855366818155,0.2494295899747994,0.192978735109528,0.6906140385718068,0,likely_human,1.0,0.2494295899747994,0.31207855366818155
UCVTCoMhV0HKAGGMDBGPPQfA,-1,1,1,['bed3b6966991970f6925bc1077b77cd1'],0.39884724721643416,0.24932951502307557,0.12980601326269683,0.4246094821171059,0,likely_human,1.0,0.24932951502307557,0.39884724721643416
UCDQ9PCnjB8NWmIDvfoAA4WQ,-1,1,1,['ad503c5291142fe8298627ce3030bc16'],0.42490758698512876,0.249274341887402,0.12342043373477263,0.3184084827742044,0,likely_human,1.0,0.249274341887402,0.42490758698512876
UCoqGPviLAF9VXxtGRyhSe6A,-1,2,1,"['4ed200376a390bd8cc5f491ffac6f770', 'a76e40e3d30d719171363480f5bc4cd1']",0.37107172924966747,0.24916628211699646,0.15893144970469966,0.485657756852869,0,likely_human,1.0,0.24916628211699646,0.37107172924966747
UCDPwIf3m1QIs7kPr9_hhHjQ,-1,1,1,['450a15e72d44d483a76ab9420fdb908e'],0.36892404480895324,0.24913809959165203,0.16319513525144985,0.49220360021238757,0,likely_human,1.0,0.24913809959165203,0.36892404480895324
UCKccDOfT3re0WqXhxWyIq0g,-1,1,1,['614582c30e7b09ad8998e5f37c55483a'],0.3416330366236595,0.24908256767353518,0.14991662885504453,0.6458775096420201,0,likely_human,1.0,0.24908256767353518,0.3416330366236595
UCHpLabylLeQt5PpcHymEGnA,-1,1,1,['64c4d21379183c621be14261b3378baf'],0.34961273877803345,0.24892848423071123,0.18932403770158676,0.523599150706236,0,likely_human,1.0,0.24892848423071123,0.34961273877803345
UC3cPxn3nb7hszc3xfg8Anhg,-1,1,1,['9db3654603dd21b3105895e76968f43f'],0.3755120303491702,0.24863078663213034,0.18911406371005332,0.40298871770352185,0,likely_human,1.0,0.24863078663213034,0.3755120303491702
UCOWXz88XBCezFdNJITdVo_Q,-1,2,1,"['68986fcb8e46ddad3890587905e5b010', '4089faf0c7ebbba1b5663f48fbfcb38f']",0.35867749374670027,0.2485875793677106,0.1829466992908985,0.4900558943403233,0,likely_human,1.0,0.2485875793677106,0.35867749374670027
UCudFHoEF0HLhpWZ9lHgBnLA,-1,2,1,"['7a610d268f835e5f47f946a8594ba706', '0e1ab4a2616c54e1726bceb2965c60d7']",0.34134427369141257,0.24854040736098998,0.13663972757501805,0.6661346814055392,0,likely_human,1.0,0.24854040736098998,0.34134427369141257
UC7IMsmaq10l0Oub6-pofk8g,-1,2,1,"['163adcca1c97f72f926032904e26d266', '1f46e2215d0466f162427c315357565d']",0.3643180306375511,0.24843872462550443,0.16938362271889237,0.4953491151296147,0,likely_human,1.0,0.24843872462550443,0.3643180306375511
UCYjCEcQnRp6eS9rwe0Vbnsw,-1,1,1,['56d2d73c3032727f2d65a5ce44627ec8'],0.3926000526069928,0.24837521505579935,0.17462790632520508,0.35558035579091063,0,likely_human,1.0,0.24837521505579935,0.3926000526069928
UCnfIjWoCQdezhT6VtUh3t_A,-1,1,1,['d496f90427af6dc9f54fd9fb2d85f755'],0.3479466313562793,0.2481863251996582,0.19839868965938764,0.5048216212620942,0,likely_human,1.0,0.2481863251996582,0.3479466313562793
UCrLyzjWcSE3K72Iy20gxXXw,-1,1,1,['417c25153708b88c117194784939b2fa'],0.39726702318696533,0.2480646590278206,0.15767227220865315,0.3668135402898082,0,likely_human,1.0,0.2480646590278206,0.39726702318696533
UC9H0knrZF9OWa0Gbagdea5Q,-1,1,1,['66ba4e060afbf814282176331d2d900c'],0.3765427029394111,0.24794711958673246,0.14169393427837182,0.4873138167704758,0,likely_human,1.0,0.24794711958673246,0.3765427029394111
UCGjuRhrk_FjroR9ddQUavAA,-1,2,1,"['f83d81396e6bbfb28f41f94fea4e5138', 'a02fa705aff1eb8a21a55c30f28d0a68']",0.40463604143743404,0.24768771342808993,0.11936349663653426,0.40256159312395884,0,likely_human,1.0,0.24768771342808993,0.40463604143743404
UC-uIer5bUJyyqksTQRm-o0A,-1,1,1,['a3524aff01189efa2a0934e6d30658d4'],0.3660593344663822,0.24743727621592204,0.1732128744301232,0.46572697445088745,0,likely_human,1.0,0.24743727621592204,0.3660593344663822
UCLIg4FCKePOVkkeAzAqxcnQ,-1,3,1,"['d8e6878594059c9ee566f86e353e6024', 'edebcf243dc3733111990f2df43ee838', '59d5bc9e43192f7f72c1aa401918ba46']",0.32069155169786134,0.2474192857283712,0.1746700606901017,0.6668134541716135,0,likely_human,1.0,0.2474192857283712,0.32069155169786134
UC_P1tQ48flGqRts9jwyliUw,-1,1,1,['54f0e9f4a04f79d977e68404e94aeb88'],0.3994215915932825,0.24729393293898136,0.15018155979613956,0.3578689407646759,0,likely_human,1.0,0.24729393293898136,0.3994215915932825
UCTzA9UO5S5hGXxoEiIgmlzg,-1,1,1,['deb8521ae7dbe8f4f6a51f2dd700ad17'],0.41500545186889115,0.2472002469438606,0.13502550875492128,0.3221550275447723,0,likely_human,1.0,0.2472002469438606,0.41500545186889115
UC86xaIEQVVgtqzyp3Y2AEPQ,-1,2,1,"['8abb3ec635f225e9ad8aa7fe27377390', 'd472a24dc1a7e5e4dfe5df2ea697bf01']",0.3597786842086188,0.2471659243842573,0.121458716207383,0.6009501778340726,0,likely_human,1.0,0.2471659243842573,0.3597786842086188
UCuiP4VyWyuQFD6LiKPX2zDw,-1,1,1,['763393b630170934b503d304f8efb0d1'],0.4082561114803449,0.24683313711167282,0.13409582994851066,0.3540466596056572,0,likely_human,1.0,0.24683313711167282,0.4082561114803449
UCAuPjQ0soe0qy_PwB1nqekw,-1,1,1,['3d305470745175dd9e80d2de28c60af8'],0.3395437768980243,0.24683267918142054,0.18788777392080458,0.546069990873713,0,likely_human,1.0,0.24683267918142054,0.3395437768980243
UCua9p0tKoQWRXPr7WSQrZ4Q,-1,1,1,['56f7dfd60ff5030d3981e3874a8169e2'],0.4070127620017441,0.24644806931822136,0.12967254214454135,0.3639376818770512,0,likely_human,1.0,0.24644806931822136,0.4070127620017441
UCZ6xasDcsCDL2wFvFTxIeHA,-1,2,2,"['0d7c1b9a8d495e4d982b8d5ef9bcec85', '6984f52fe0c8eb0a5abf474662131eed']",0.40258342434274946,0.24635649272225707,0.14166766818204482,0.3544152194913927,0,likely_human,1.0,0.24635649272225707,0.40258342434274946
UCMvlV3RAOMUUbZMFp_kbsOA,-1,9,3,"['360041208bae4519822be4089083082a', '05bf1edc9a57e564bb8c01cff55cd2c7', 'a6db0a2a20c78b09c29bab8a61796707', 'e14e7513501aa80e46897a0fe77b8348', '720223ed3b234fc2899cacfc5bb34082', 'a6ad55ffdb55169831aeaec11819fe9c', '99c3107cd4f8f96e6f34aeae3e1b2f54', 'ac162fc74a38caa6e71f026819c31925', '5139d7c5b40169481b6483cdd97c27c3']",0.35882944366009273,0.2462463020047188,0.15153417927545193,0.5340957939195004,0,likely_human,1.0,0.2462463020047188,0.35882944366009273
UC03dQ9WbXb1ttHoxcBHeNug,-1,1,1,['fca1d3c77118096d7680c3ca28a207d8'],0.38133999541080627,0.24623572190253892,0.13218513767844797,0.4728682583721835,0,likely_human,1.0,0.24623572190253892,0.38133999541080627
UCUCiPLKIXI-d5ZzOII7l6cQ,-1,1,1,['5e5169354bf014e0eb0b57027d87bd47'],0.38760033444883213,0.2462006547861788,0.13183199607948248,0.4435677955152333,0,likely_human,1.0,0.2462006547861788,0.38760033444883213
UCERe4RCslT6x4HOSHqEo17A,-1,7,1,"['c7cb8710edac129699964fdf7ce0c082', '2bded4ced934eefe76473a9a584b97b0', 'c2bb231b2a4e4aa1d024d8ac9576d701', '0043d2adeb39ada6b423bec11530cb61', 'c439c12a2d7282ab45326d4e3cd03c95', '843207e388386f78733602a6019d301d', '2b1f5e77ecac752070c3a0491e9b9080']",0.338543297943444,0.24619132590623943,0.18498530493291354,0.5539739384749656,0,likely_human,1.0,0.24619132590623943,0.338543297943444
UCPOq-nrLG-OMexBMxX3178w,-1,3,2,"['77b7ef694177e604994192f32cc4252e', '0660485fad27de92a59235e41ea93662', 'fa99abe91ec6e8f451bdd91a64234d05']",0.3157367243606896,0.24576606467286785,0.1762772372969811,0.6702043904161363,0,likely_human,1.0,0.24576606467286785,0.3157367243606896
UCzHUJXSl9hSbcFZn8l-76IA,-1,1,1,['6178dd1d8180611595786403927ad47e'],0.3140923303257782,0.24568432891122668,0.16818333681428116,0.686029474770675,0,likely_human,1.0,0.24568432891122668,0.3140923303257782
UC4Xvl4RZLT7y5ttTvOEvHsg,-1,1,1,['3578fc9405ecfc4f21ebeb5a38bdf561'],0.3945963079137983,0.24563641273532244,0.10182603842411936,0.4604269795616091,0,likely_human,1.0,0.24563641273532244,0.3945963079137983
UC6go1s-xIqdUA7cLRMgGlnA,-1,1,1,['4982be7a6c13c360c0f0459f427342a1'],0.3687455355033317,0.2455794937497972,0.16982707107034745,0.4397513789547938,0,likely_human,1.0,0.2455794937497972,0.3687455355033317
UCtCl9VksOS5p_vgmhFFTefA,-1,2,1,"['b1bb4e4ff6a5f6536334a9d1723fbe54', '86e5bec48b058ab78b0b4345f15e072a']",0.31303119829785697,0.24554995651242412,0.16595510195403027,0.7014318126310698,0,likely_human,1.0,0.24554995651242412,0.31303119829785697
UCUn38O3kzCbhafs8FfsM7_A,-1,8,5,"['25b00e1a2825487dafa8bd393575d6db', 'aee80641628c9eaed41e55d1d5cd6783', 'dc814c094acd7b1caae1c869ecb59c30', 'bf789c2b27882354f8f9cc3bad6b796b', '25774572f6c1675d31adeac71942894a', '2101918d60e2583079117ae828330a39', 'ccee2a93210a2a03d7dc19df766b2d5b', '0d573fbd25fb61f63965340a28a6ff26']",0.35476726932031855,0.24515310766214604,0.17003263508070351,0.5009079206793974,0,likely_human,1.0,0.24515310766214604,0.35476726932031855
UCkSpDGhf0Dr-ndys4MtiUFQ,-1,1,1,['6dd3653119ee98fa33125cc1cec16788'],0.40955479970325537,0.2450650255194612,0.11651899904745582,0.3621152140724425,0,likely_human,1.0,0.2450650255194612,0.40955479970325537
UCaoKfuiXh65zjATLQHenR0g,-1,4,3,"['f2e45d6ad1945815197c3e86009899f8', 'b37868ddc568cee9d9b27cf5d3f9f2b7', '52248a77338b316e9cd9dfe083239784', '1497adb5d1a460b4b19ddfd015337d74']",0.33312177978256385,0.24503033955508008,0.19995341240265402,0.5342326234880731,0,likely_human,1.0,0.24503033955508008,0.33312177978256385
UCgaWdKNuGq0LDOrmdvsJEYA,-1,1,1,['718eed63477edf5ba9c18c70526c6801'],0.3707101493821804,0.24497573950594623,0.18304401685946614,0.4063876832255601,0,likely_human,1.0,0.24497573950594623,0.3707101493821804
UCnV7Yismjaibd-ckr954Tmw,-1,2,1,"['34a4d7518e369a79a662849fb5f253a5', 'f79ec2d685f9dc59ddc811da7e5b32f8']",0.37195779786900945,0.2448760808278565,0.15644815449281332,0.4479487605635052,0,likely_human,1.0,0.2448760808278565,0.37195779786900945
UCgdbCpZJgQNGK6wA18q65MA,-1,6,1,"['ee868f7c630485464a92f0455f59ca10', 'b11bfeae8d6786d0d0c16adaef56bcf9', 'b696140a92c76223f9b540fe1c19e0b0', '98dcbf8779f28821074b0151014a0ce5', '720c6d291ba0941a7f26ca80b0ece49f', '707b18e57d60a55f7d260c2f5b64b819']",0.3510938228605231,0.24478695193760627,0.17083099700663734,0.5099936474945647,0,likely_human,1.0,0.24478695193760627,0.3510938228605231
UC23l4uuj1cwVMY9EKx71N9g,-1,2,1,"['4b229d00a834d035af66ef1b3fcdbd57', '1103a8a2fef0e5de78c7e2f429479c29']",0.37017425100712487,0.2447377578923694,0.1489261841213067,0.47221144609877863,0,likely_human,1.0,0.2447377578923694,0.37017425100712487
UCMb6pfGQE-yeKWf_w6E-X8w,-1,1,1,['4c321303380f4206898d30e734d4dc9a'],0.3684300716693392,0.24467009508747367,0.17417202669824844,0.4214793380728203,0,likely_human,1.0,0.24467009508747367,0.3684300716693392
UChxGjXYqtM2U4C44hPLmZrA,-1,1,1,['64fb4010518d5cb98022a2d4df28ecfb'],0.36954769794023495,0.24463413704616546,0.1596801831869842,0.44319450717186276,0,likely_human,1.0,0.24463413704616546,0.36954769794023495
UCQUuSA94K4bT1yDo55yufWw,-1,1,1,['925d66881dc3454f03674002b83677f5'],0.39389856853385263,0.24461098164104864,0.13868762962870243,0.3844266997939793,0,likely_human,1.0,0.24461098164104864,0.39389856853385263
UCfIwce-uuJ_eX4Z69BHkonw,-1,2,1,"['ed80752cbf64f7e58220c756dbdb6cc6', '67a2e8593f7024046e9086071dabb3a5']",0.338666788172833,0.24460567438721695,0.1758024910103964,0.5587041884006355,0,likely_human,1.0,0.24460567438721695,0.338666788172833
UCQleA2xbKRySxVxvpA07gNw,-1,1,1,['400c8418789db13b82f8a1a4edefdf92'],0.3735545528818502,0.24419329981066867,0.16781470864428452,0.405535401354318,0,likely_human,1.0,0.24419329981066867,0.3735545528818502
UCKA7AUqfj-aXEMpGxLAORMw,-1,1,1,['df1ca178116591d773746217de75398b'],0.4253336399138201,0.24418717015758207,0.10492708582569453,0.3051327255328164,0,likely_human,1.0,0.24418717015758207,0.4253336399138201
UCOoaMlYYW4I7WHvlqVDw_4w,-1,1,1,['5e932bb64afe6966c15b5a5f17ee9417'],0.3417901347546201,0.2441318576784266,0.18363445860749145,0.5184886980287707,0,likely_human,1.0,0.2441318576784266,0.3417901347546201
UCLbjpKkCzCKypvSZaVx0jVQ,-1,1,1,['fdfb4529deb1043cc54226a5c34f09e3'],0.3726451695721372,0.243869239142395,0.13350632133430526,0.48517072557396657,0,likely_human,1.0,0.243869239142395,0.3726451695721372
UC8NQfWDYRBPBGxeZ4-fWQfQ,-1,3,2,"['99651023d4fcb3d8b2564495d6fe45ed', 'ec34ed3de753c0d071652291c39c12c2', 'f189ce6b805c05b8b92d5bde753dbc4f']",0.35206061959235263,0.24375199074110676,0.18356733422453902,0.4677162528918438,0,likely_human,1.0,0.24375199074110676,0.35206061959235263
UCFs9AWl6tWDe3dqtUvpvVlQ,-1,1,1,['6d09a7596843f1a80bbe9b2991ab8dc1'],0.3774463788677693,0.24353245780819624,0.166720985232839,0.3840302813356217,0,likely_human,1.0,0.24353245780819624,0.3774463788677693
UC6MkN77kisk3S2uG8rgM4VQ,-1,1,1,['0baaeb072e49793fb4f6e2a0601431fb'],0.3711071725684429,0.24328970075507425,0.15409968208067265,0.45187067169442613,0,likely_human,1.0,0.24328970075507425,0.3711071725684429
UC7QCriX9YL2eFTaOl22c0pQ,-1,2,1,"['98646b49230b520554522a89675337a4', '69935c51b71c7a646dd2c64c3d0d4838']",0.3538423417896034,0.2432570594827902,0.15380297868928344,0.5228064364625304,0,likely_human,1.0,0.2432570594827902,0.3538423417896034
UCrlq97X-1k816hV5tI5snOA,-1,1,1,['0eff420b5e45fb7d514b57c32a196a02'],0.36689556478719476,0.24306671883935063,0.1550993834433935,0.44904545064770657,0,likely_human,1.0,0.24306671883935063,0.36689556478719476
UCgrGMISPHrI90gJWCoDV7NQ,-1,6,2,"['209862103e22701cd21caf5d4ce6a658', '194e617dcd33faa60c0ad32bf1157071', '3eb61d0d63e5e9785b73d77b5e658aed', '1ccdd189d4879e4a7918eb737970c2d4', '8ab038cd5e0b430a4e0ee13a432d79bd', '0b44909370290e39932ea2f0ad7a91b2']",0.3024141450753944,0.24305888188929997,0.16529590870453667,0.7257068725333259,0,likely_human,1.0,0.24305888188929997,0.3024141450753944
UCrobazvyNrcj2hNJqYbqnnA,-1,1,1,['ec1fbefaf1f365ecd53752ded53367eb'],0.38017334656730595,0.24268050077153136,0.16062811951505554,0.37393412339130827,0,likely_human,1.0,0.24268050077153136,0.38017334656730595
UCDhyswSIqpVBF-q2mXa4GfA,-1,1,1,['3867346cb68899e2ed0f311eb627a06e'],0.40750227796409916,0.24266856566791795,0.13741486787843707,0.3124275163847181,0,likely_human,1.0,0.24266856566791795,0.40750227796409916
UC5aq2Qlh3nqyEBogW2k8Mbw,-1,2,1,"['e4594efd3c8dbd52b8509408dde80929', '7839b4ef04ef712ce6c63f494d85f474']",0.35270935118078817,0.2425578595574006,0.18584612199768388,0.4548485011152275,0,likely_human,1.0,0.2425578595574006,0.35270935118078817
UCPdUv0zwicYLw5rEaUSQ_Ag,-1,1,1,['c5170199cc98bb826f1ba2931dec20ac'],0.39807794492570936,0.24251654131793215,0.10980238586011336,0.4107223628745269,0,likely_human,1.0,0.24251654131793215,0.39807794492570936
UC-qucpe3z811PUytR3CDBxw,-1,1,1,['a6a8f8de53f00f9f34e2637d40538ccf'],0.40938023904886645,0.2424775205923447,0.10287746012316973,0.3698900739240633,0,likely_human,1.0,0.2424775205923447,0.40938023904886645
UCHn8Ha9haHJbVLQiVYxF7Ig,-1,1,1,['26b9b8c2c61ccdf45d9a3dccec5f5e9a'],0.34154397910593015,0.24238980257908804,0.19134565750037522,0.4895715508585785,0,likely_human,1.0,0.24238980257908804,0.34154397910593015
UCbXvZMw2PESjZMhofzio3GA,-1,1,1,['761f92adb839aa8fc5761eb02dd11ed6'],0.36612744725599033,0.24173226732612527,0.15036880656407076,0.4556671120092228,0,likely_human,1.0,0.24173226732612527,0.36612744725599033
UCQQq3XCICDKs_JO5DEyz5nw,-1,3,1,"['24dcc21e64ed63b827d93ecb9b5b43ef', '767093fb90e998fdf87bf0cdb3f45a39', '2aeef48184390c673b0b30a7fc98d3d5']",0.34944412316186724,0.24157120795250855,0.15857654504915936,0.5173099086223873,0,likely_human,1.0,0.24157120795250855,0.34944412316186724
UCYw9_NgDgB6d7npatsKvElw,-1,1,1,['2e16644444440cf211fd21b7558e6f7f'],0.395350372471103,0.24151195186034427,0.13388045365540946,0.3579273963835184,0,likely_human,1.0,0.24151195186034427,0.395350372471103
UCHyicUiEjplEf5N7wW8FfpA,-1,3,1,"['d53a04f861e77b1580e8a8a437c9be06', 'c92e0564c12fd6aa8c485811ad7bccfe', '0d1e009a4758abf5061bf9f042f94a64']",0.3559623740390851,0.24138850158863004,0.17284004973887457,0.45355639333221864,0,likely_human,1.0,0.24138850158863004,0.3559623740390851
UCJBN2L3DfnQjoUxzbR7ioeg,-1,1,1,['5abf5388cafe073c3f79f8a0363aedcc'],0.3809484019634539,0.24138237488583245,0.16007620807226342,0.36857825421843426,0,likely_human,1.0,0.24138237488583245,0.3809484019634539
UCITDBdJvYOm02ESGEh3uDYA,-1,1,1,['269bdf69f751f981c3ce8c191ffedcd8'],0.3675084349661962,0.24130427660666964,0.14606259002405028,0.451725538742141,0,likely_human,1.0,0.24130427660666964,0.3675084349661962
UCuFVUuRfGKq42nDsxatGv1g,-1,1,1,['d09d3e36fafafb12cc51e485ed00f87d'],0.41745224565233063,0.24115390608673448,0.11110333416677075,0.30326279527146355,0,likely_human,1.0,0.24115390608673448,0.41745224565233063
UCQYefsgRII8ViLooLGVdkHQ,-1,1,1,['16552101db990ab5464194c6ab811716'],0.3952244516575757,0.2409570057697638,0.13358951464002725,0.34775611798014605,0,likely_human,1.0,0.2409570057697638,0.3952244516575757
UCi3e_nXVBkO29ESsHYLcAAQ,-1,1,1,['cb32ee9d128be623d8c80b467ec943a6'],0.31875646234267363,0.24071142947121307,0.21436500080375648,0.5341890408225147,0,likely_human,1.0,0.24071142947121307,0.31875646234267363
UC90ew9zUWFd7lOSgL0_SrHA,-1,3,1,"['dc3e1ee6c289b51eb3b029ccb4668638', '250e235336730411b8f297d2bcabcf61', 'd9ba6479ce96b14528aa7ba858cb0537']",0.39233018575908657,0.24054037732001549,0.11550171902105898,0.3995540218952337,0,likely_human,1.0,0.24054037732001549,0.39233018575908657
UCiCIuchZKiEjtEr9RMTuJwg,-1,1,1,['97402368f6c77c0c6f2ba843c99c6a3c'],0.39455054545125323,0.24053042378697737,0.13617130673353472,0.3427177675582992,0,likely_human,1.0,0.24053042378697737,0.39455054545125323
UCuX1RVGmcFuXNN7m4be_97Q,-1,1,1,['be1815162ce7af4ea849af5ffe423c3b'],0.38562924935319554,0.2404292787184869,0.14204918699032903,0.36992566937076543,0,likely_human,1.0,0.2404292787184869,0.38562924935319554
UCJ5RYEq9Vj0T-VfihkqY6rw,-1,1,1,['189c16c8f052576c1f645cc0384a207d'],0.34664487266332,0.2404181243536025,0.1818405358189774,0.4590727348963987,0,likely_human,1.0,0.2404181243536025,0.34664487266332
UC_Y2QXty9vOqb6jSoJV75EQ,-1,1,1,['2a624ecd1195096bbaca1b87284049c7'],0.3406019183447217,0.24021933870518442,0.19005787851291445,0.4732549230071375,0,likely_human,1.0,0.24021933870518442,0.3406019183447217
UCogTx8XkGLjU2eCDUIX03-A,-1,2,2,"['5890997abe3666dd4970b9068f3c9fc0', 'b337ecb7387af43534597c252fe919d9']",0.3739610419213672,0.2401809717626981,0.13377832541055418,0.4377326109822639,0,likely_human,1.0,0.2401809717626981,0.3739610419213672
UCpYE4nZTomMsBMojSEur0iw,-1,1,1,['3495bf695aa74ab13f8ba6199f9e8556'],0.3828963709702336,0.24010624597494357,0.13799886992627367,0.3856680008820016,0,likely_human,1.0,0.24010624597494357,0.3828963709702336
UCGGFLahyrUCpBw-zwx-ADPQ,-1,1,1,['3f12c124c6eb128a6ea183cae3861c18'],0.32603794139183895,0.239787294551266,0.16560935172287974,0.5796899350322842,0,likely_human,1.0,0.239787294551266,0.32603794139183895
UCVMHDJUOEsoxRWwga0yeljA,-1,1,1,['0c23fe82b057e6112324c78213c1322b'],0.34484427778082005,0.23959308539608537,0.180821475608564,0.466397259514987,0,likely_human,1.0,0.23959308539608537,0.34484427778082005
UCQSiipf3qU-UB3KiAGigARw,-1,8,1,"['0b2cf928e4138704888ebcec5b63d822', '60c3b71ddf4375f27ac7e931f433defd', '03792290218b3f4ee3fc62cb393d6152', '990aed288c7f21aa059709301a32fc27', '94d00af748973a975d979e9950a818a9', 'ac21cacff79997a8e7b258b794715b83', '14064efee5c08ddbb91a29cc7d73a22d', '71b95b2dc517ae77b948eb32c1c9bf33']",0.3351963559722626,0.23888505025855972,0.155001883775407,0.5587041884006355,0,likely_human,1.0,0.23888505025855972,0.3351963559722626
UC83ulxW9dL8skopC_ApIjvA,-1,1,1,['637fe0954311c324c653a65d8df91fe2'],0.34222050827561024,0.23882769654047759,0.17975988674938345,0.46569771333325904,0,likely_human,1.0,0.23882769654047759,0.34222050827561024
UCDcj4SsanTc9MGvNezcLetw,-1,1,1,['3b86b68bd6e63ebd6a1dc7610524dae0'],0.31977157037507214,0.23876089904299047,0.16673690953409212,0.6109603865789108,0,likely_human,1.0,0.23876089904299047,0.31977157037507214
UCN7rjuIP9Ag4pXOzeYGd7cg,-1,2,2,"['1f68381a92ca2d944895879323463fb2', 'f1284caaab8cf111f84a10711f3aabab']",0.3244538679538572,0.23850157958500062,0.15339904269813487,0.6109603865789108,0,likely_human,1.0,0.23850157958500062,0.3244538679538572
UC0H-a_1X3v1bsCdmp4oXR-A,-1,3,1,"['dcf4dd25d81c1b1f8529a5f3f6f28c55', 'b6b4e9e4540ca5df4efd248c88118126', 'b97311596cd0dc8e48090bce08eb21bd']",0.35154517294090093,0.2384246390459008,0.16911278675873387,0.444464879020555,0,likely_human,1.0,0.2384246390459008,0.35154517294090093
UCxiJ5eov2TWME4ihip7L65Q,-1,2,1,"['52a8bcafde40e6a80dee2b058548c31f', '08548913b460267e4e57ec148204a239']",0.4270035329762049,0.23840151720228583,0.059209435834663655,0.3374410333633898,0,likely_human,1.0,0.23840151720228583,0.4270035329762049
UCkOfz5V_k32QPnXKiyII7Yw,-1,3,1,"['98efd71070223ded757b6b63b8a63e55', '207f6f79137ee5810ab0847118e3272f', '05ddde66ae682d5933705fb2934ab786']",0.31422201918408815,0.23838579266961013,0.15724676360494175,0.6393636423811653,0,likely_human,1.0,0.23838579266961013,0.31422201918408815
UCkV_wdp2bRdcjMo0DzRDbYQ,-1,2,1,"['a922f13ef253a07a5afd18b25b950b0f', '5bfe5bf1e2b4ea14c66ee7e7064c495e']",0.3408343289007232,0.23835565495382038,0.16698957210344248,0.4953491151296147,0,likely_human,1.0,0.23835565495382038,0.3408343289007232
UCWfkNNL_5MERejB_nIYfuEg,-1,1,1,['6fe1d5495c838d3c1ad8cdae66a2468d'],0.3819406781279725,0.2379644239327226,0.13908777658338042,0.3639797016616373,0,likely_human,1.0,0.2379644239327226,0.3819406781279725
UC4Ed7cj8-VzfsROv3opLRJA,-1,2,2,"['b7fcd7613bbc95b89e686880ef3fac5c', '8696a46b44b75c4aeaaa2de823c43218']",0.32595446916393994,0.23788934599183206,0.16826055596731962,0.5587743179541735,0,likely_human,1.0,0.23788934599183206,0.32595446916393994
UCz0Cs9JGz7Cd8vBBnIsOA2A,-1,1,1,['8c174df5dfc7134d81bd17ae87589214'],0.36868185839159956,0.2377686891870807,0.11790016321041034,0.4694307608646329,0,likely_human,1.0,0.2377686891870807,0.36868185839159956
UCa5zkVteixdOHx1_zmRyJ_Q,-1,1,1,['2c65a8bc9679077f566ba939a74fcf15'],0.35364200791077344,0.23750021791661874,0.18091419200126152,0.4101792982289949,0,likely_human,1.0,0.23750021791661874,0.35364200791077344
UC9IPibvRENNmMHsTDYYhrIA,-1,1,1,['18a7291aafdc6197c2438fad23b535f8'],0.3551171458533677,0.23743495314468838,0.17335735018013365,0.41250331423977415,0,likely_human,1.0,0.23743495314468838,0.3551171458533677
UCOb6u5Vt1MfqqIQ0Us76zdA,-1,1,1,['c9ba31d044fc6c2944227af231c839f2'],0.34916451133300064,0.23737013561155557,0.16180342278662418,0.47140893907729914,0,likely_human,1.0,0.23737013561155557,0.34916451133300064
UCW0i0eUxHz32HfqVNeT0tbw,-1,2,2,"['d11e8e7cb80909d67fc218afabc1cb2a', '718435a60a0a9b11b75a38d0eec1b261']",0.3057650831574425,0.2372797979821225,0.20120169343606498,0.5771375231274873,0,likely_human,1.0,0.2372797979821225,0.3057650831574425
UC1QjBbiFdoaP_ShTrMoo7Sw,-1,1,1,['4a4592425a090a2eb1a2b742bac0303b'],0.3920518406074973,0.23717459500101634,0.11325716491453747,0.37022173285150245,0,likely_human,1.0,0.23717459500101634,0.3920518406074973
UCUoaHLsaAJ_ymsM7QLDoPQw,-1,1,1,['5a3996415cda74c37d51ee1b1f099469'],0.3131675554099517,0.23688085217205063,0.19684056473333109,0.5480945803047358,0,likely_human,1.0,0.23688085217205063,0.3131675554099517
UC5vt3-ajhkgcEVqnFaI0Mtg,-1,1,1,['d78f22fa02b979b4d0abcdd8208a3d6c'],0.38948599282103213,0.2366272022174727,0.12819629994070486,0.34214776391150803,0,likely_human,1.0,0.2366272022174727,0.38948599282103213
UCDgg8DNks_v4IAdwr4C0Qfg,-1,1,1,['935ed28245eb7c19cadf914eaa46afe5'],0.3318797038837298,0.2361339872719408,0.1876246691477558,0.47031303478358705,0,likely_human,1.0,0.2361339872719408,0.3318797038837298
UC-fL84EIuUkUlJ6w8kND5lw,-1,5,1,"['9f17626a208f0eb90c39636adb7ba907', '503dc5dd4c4f642a4bdf02eb998eb16c', '3733ba7c5eb1bf821bdf8de474a1d522', '3e8d53a57a7c5acc60aaf653e3972238', 'a1de823b3ff20f86e88f0e1da977780c']",0.32475958944437394,0.2360972889436231,0.16742152488537662,0.5539710288856361,0,likely_human,1.0,0.2360972889436231,0.32475958944437394
UC3t8bM2CBH898njRpJWILQg,-1,2,1,"['29e346ccba017fed17c7c816aabd3ac2', '3168ab0da157a058fa6d13d0072809f5']",0.3615836676142498,0.2360489002326668,0.16243693642488816,0.39153655550591226,0,likely_human,1.0,0.2360489002326668,0.3615836676142498
UCSzfruIYTMmQWRhsJ8X1IaA,-1,3,3,"['3bbc6ebff828394e10c2b782d70e21af', '5421bf479e2564989b23ba2a01f9719a', 'ff99017b28d829b298cb505b3cb1e941']",0.33750533203434907,0.2360043914917576,0.17335110290443503,0.47630917460647365,0,likely_human,1.0,0.2360043914917576,0.33750533203434907
UCjgD44YGjdjWHPkpEFUtfPg,-1,1,1,['19e2a0debe869b9132dfeceefcdb159d'],0.36344764765071635,0.23569757588447454,0.15336328605054864,0.4011203066383361,0,likely_human,1.0,0.23569757588447454,0.36344764765071635
UCz2O2oQ81NbGahInpXfMIIQ,-1,6,2,"['8eda7e79d98307e5a3beed9ba4a3d9e7', 'eef64c12663f1d8df15c0102613b18e8', '2c7b34d2731666206a1a20fc8ff0898e', '2dfeaf355792194955783f3996cf1ea9', '4bc03d4a20825adac88e723f0ddeeed9', '829753263254f14737d660526a694024']",0.26256349707793264,0.23567308625151068,0.23929063696031988,0.6862129229063995,0,likely_human,1.0,0.23567308625151068,0.26256349707793264
UC-k_tgT_uZrwc4TvFwhWNyg,-1,1,1,['02573174aa680da33c1354ef506c9a1a'],0.31810442212133383,0.2356690317382497,0.16580534675579559,0.5750307960945104,0,likely_human,1.0,0.2356690317382497,0.31810442212133383
UCzINoiEVDnoXx78IiOsdrTQ,-1,1,1,['a56f866abd397b2bbb37a913abf85bad'],0.3252432565596065,0.2355040720562206,0.2042642656885637,0.471647924348793,0,likely_human,1.0,0.2355040720562206,0.3252432565596065
UCT1EDC4GMSqVh8TFsW-x3Ww,-1,2,1,"['db2433cf752a73b7883e557a4bb2eae5', 'ae761cf1885a0c1608e2dea7b2161a30']",0.3592686257800944,0.2354073066232783,0.15873502942855883,0.410868790354059,0,likely_human,1.0,0.2354073066232783,0.3592686257800944
UC0T7huJ77YPxTIQKwJnO7Dw,-1,2,2,"['892939750cdc16e7be4627eb32e340df', '60e922a1afe5ca658a6e790a21e27d2b']",0.3271939802740679,0.23538066700323984,0.1668148906098368,0.5291096382373618,0,likely_human,1.0,0.23538066700323984,0.3271939802740679
UC4KZZdE6UWiAZFwXSwliaVw,-1,1,1,['253d479677524d150e863a0977c39005'],0.3703744109674401,0.23508608672998293,0.15713723480499717,0.3513687019753293,0,likely_human,1.0,0.23508608672998293,0.3703744109674401
UCXS-SPimshDa1C3u3XGfSwg,-1,1,1,['042441a9fa43339bd9fd4e30ee8ab442'],0.38695757581587453,0.23497367843240521,0.11826774716011614,0.3578405549454658,0,likely_human,1.0,0.23497367843240521,0.38695757581587453
UC7DCRt3STLpJ0dn5biB-WWw,-1,1,1,['40cf3b2e4eddb8866b0bc478371a8ac8'],0.32095029877683856,0.23482980764711162,0.1808695946602664,0.5249988424992371,0,likely_human,1.0,0.23482980764711162,0.32095029877683856
UCPsUB8ghmpgOw8A3TS1OYJg,-1,1,1,['dfed3268df8e8ab9325a8b5ea3e16643'],0.37224187411349774,0.23477931891423234,0.12633223087340456,0.4052372220423526,0,likely_human,1.0,0.23477931891423234,0.37224187411349774
UCQWNDNGgg4cF4r3HVGb7iaQ,-1,2,1,"['abb642aef7446d62a5916ae9b8140ca5', '1fdb70090a24df353b8053e2b8219de4']",0.2836291850316028,0.23445302960018213,0.1912896308924815,0.6726993367216387,0,likely_human,1.0,0.23445302960018213,0.2836291850316028
UCg5IDAbqIZK9IeslFH1hohQ,-1,1,1,['cab044ebfbc89192560b8999f2e3c3d4'],0.3877202711180645,0.23444374735736984,0.10416412616667119,0.3821854159797692,0,likely_human,1.0,0.23444374735736984,0.3877202711180645
UC4X2-qTh7TIb86O5cnQS4xA,-1,1,1,['3622fb6ec1eb4e114829997694a3ab15'],0.3257567001081478,0.2344138751861461,0.21043425736282093,0.4401537386618028,0,likely_human,1.0,0.2344138751861461,0.3257567001081478
UCbM2UUYB1oG93d37z2drJkQ,-1,1,1,['8bdffc2c4e70a15d30e6881e65b00c77'],0.31635729178706185,0.2343437846971677,0.19120418568374564,0.513832091833621,0,likely_human,1.0,0.2343437846971677,0.31635729178706185
UCysMwe0YySiQGSAdj00DgIQ,-1,4,2,"['3b9f52f27b25a1ab95942ebd6f330e9a', 'b11524cfb02b3ebb7f5cc20f6fb2f0c5', '533ce1b33a096512411ce5d437cf7066', 'c9533371b0795a6552e3b36cd041b1a4']",0.342048716543881,0.23434177741310339,0.14053904388679922,0.5108639864571527,0,likely_human,1.0,0.23434177741310339,0.342048716543881
UCry37N-xj9bmUgRfDoD5HnA,-1,3,1,"['9eecab0b667d8d6161a8f5e1f85daad0', '77de21641ee0dc248396e01da79314fa', '4daef30eb56f2e883799dd79b9f61973']",0.35049635343130997,0.2341631689323486,0.16254856468908976,0.42556164531541485,0,likely_human,1.0,0.2341631689323486,0.35049635343130997
UCVoDmuYpbFluQsBJxEXcZ5g,-1,2,1,"['90531f6781b008c006e68bb52e80407e', '7dbc8f2eccb81cbb78d973d76a7eba66']",0.3134216071173531,0.23359436247629561,0.18392580070048167,0.5365057473023823,0,likely_human,1.0,0.23359436247629561,0.3134216071173531
UCAb_-6zqnGl2aK4jh7Dag-A,-1,1,1,['f42709afe1debba9893a0759dabf98cf'],0.3179392009180253,0.23332675398777797,0.20341547194292717,0.4857533853335111,0,likely_human,1.0,0.23332675398777797,0.3179392009180253
UCh1_wIvq1oyAPnnXSSljDHw,-1,1,1,['0868e6217092907395ca0f8d6ce4dad6'],0.2976007403121653,0.23302547534926152,0.19639864331304244,0.5824720594932491,0,likely_human,1.0,0.23302547534926152,0.2976007403121653
UC8gbhb-OVJ5iAnLWJsEagvQ,-1,1,1,['4b1ffd748d57f8503a7a40ef97f9c2fc'],0.35817065433445694,0.23249158929471206,0.11918562285343955,0.46836441752648,0,likely_human,1.0,0.23249158929471206,0.35817065433445694
UCN2sSGCM-sb2cN-WykWJsXw,-1,3,2,"['0e409ea212012b346da7dfaa1303b647', 'f17d09f2f8e9b61594843d46db836179', '00d24792b87984bf9227e917cc06dc1d']",0.35247262951995767,0.23238698497379956,0.1329831891737859,0.4568180968212399,0,likely_human,1.0,0.23238698497379956,0.35247262951995767
UCt0jrsxOiRtkfK-5opGfSbg,-1,4,1,"['0b0b50c8229972cad39db8e620c4b35f', 'd2775d6e5dbb102f40335036fe36ee35', 'a28380da85393b250aa960928d5edc3f', '3a45efc77ae07e6b772f6ec511b9b120']",0.3075748689235748,0.23228575287733372,0.17671765921674076,0.5696299710188071,0,likely_human,1.0,0.23228575287733372,0.3075748689235748
UCTIeDaUcYNJ-Ov1n2BvIKLw,-1,5,1,"['76915c0e4a30a69c32d137c1b1113cf4', '235da1a70fb0964bf616f4902b955f3e', '235da1a70fb0964bf616f4902b955f3e', '235da1a70fb0964bf616f4902b955f3e', '235da1a70fb0964bf616f4902b955f3e']",0.3537086891385616,0.23213296439943215,0.14764632200042285,0.4218909025856186,0,likely_human,1.0,0.23213296439943215,0.3537086891385616
UCTspJ56C8tcUtQ1INtkbuSA,-1,1,1,['8f92ee73ec0be39f3fa2809a5d39e955'],0.3659881364101687,0.23204583058817235,0.1259379009443941,0.4075328985234491,0,likely_human,1.0,0.23204583058817235,0.3659881364101687
UCeUb29KFp837u7MfPdWS9mg,-1,3,1,"['ec681124160cfc9114fd77ac9b131eec', '5e7a347f724b5e9512343aa72f29bc12', 'c333792bc1543cde71f477c26aa0e180']",0.32284902004408345,0.23200756188962976,0.1574696006828214,0.5348802638267665,0,likely_human,1.0,0.23200756188962976,0.32284902004408345
UCrFvRBGK_gs9RajtoIoZDyQ,-1,1,1,['1d9391816dd5ee135ed4bbd1d5393320'],0.3695407400450804,0.23169138382111792,0.1247931487719656,0.3925215217980673,0,likely_human,1.0,0.23169138382111792,0.3695407400450804
UCM5HKUTHptCJezbEcHFwVCQ,-1,1,1,['2848db8b524a1e2012c1d76aa1b8880f'],0.3647677439344442,0.23137660422627898,0.14327544589035357,0.3754727716031801,0,likely_human,1.0,0.23137660422627898,0.3647677439344442
UCs73gUMd1xrVkap91ZRpOsw,-1,1,1,['7773108a45d21a5c71aa79f2356e6e17'],0.3845154904384753,0.2312643963873165,0.13503595326286003,0.3057566471876727,0,likely_human,1.0,0.2312643963873165,0.3845154904384753
UCiblW9WGge72Kyv-w498y3w,-1,2,2,"['a1099b2d3416b718b0460dfd7502de28', 'cdade6bf9dce26008c40a138c704e70c']",0.3329833707988201,0.23120623562885623,0.16504403630059403,0.46955784954661545,0,likely_human,1.0,0.23120623562885623,0.3329833707988201
UC7a-YpSOQv_BH3SXvXtdnNw,-1,1,1,['83ebdabb691b4fba793c64b64a9cd05f'],0.3989936518115585,0.23114808636261666,0.08431400970690911,0.3357645740256016,0,likely_human,1.0,0.23114808636261666,0.3989936518115585
UCOnULsxLCgbXeD313udb7Ow,-1,8,8,"['851f0905892cf9ea81ca8c4649b3f31c', '6c259a242e64cdc47548adfbb8266f35', '1fe9e719f004380a2c8b0f3a3215059f', 'ab153f2baffa6e82d9a4cfa7cec4cb0a', '9708ffea0e62f80a629d084c73273d2c', '7793dcfc9dfe89971b89604bf7b695a2', '6e52d830b509dc297c9de133c7b24122', '4ec38ac12da827663ce54814167d1854']",0.294267081951483,0.23103909586576693,0.16170264356391062,0.6423217500854042,0,likely_human,1.0,0.23103909586576693,0.294267081951483
UCZHbjMHBKJtWweIuRiKn7Cg,-1,1,1,['e480fc2cb7c0db970f205f271875d17c'],0.3663576075832752,0.2310223657249281,0.13104043212174382,0.38565195976549715,0,likely_human,1.0,0.2310223657249281,0.3663576075832752
UCwiKRQcAIS33FNvr5Zzc3pw,-1,1,1,['77a3e76013cfc13a648a39a0d6a45215'],0.34331446630272916,0.2308283624782697,0.13153040565887006,0.4814907010495771,0,likely_human,1.0,0.2308283624782697,0.34331446630272916
UCw1Ga6u6LBGeybR_mPXcyKA,-1,1,1,['5405cb397535e3a25996f072d46304ef'],0.35500102522774435,0.23067581604028772,0.1344674196755971,0.43254600539547106,0,likely_human,1.0,0.23067581604028772,0.35500102522774435
UCno__wzpJxcGLY25yJT3DeA,-1,1,1,['b5d619e481aced1b17bc203be0d42fe8'],0.29693938726802793,0.230617843659775,0.18605233612491157,0.5750307960945104,0,likely_human,1.0,0.230617843659775,0.29693938726802793
UC1p0gTbx4UiFC-1iT_0m7mA,-1,1,1,['f3f46cbd69d8bfc9dafbb1e94622416e'],0.3539973311412906,0.2304129977882113,0.12849423434285823,0.43811142592447505,0,likely_human,1.0,0.2304129977882113,0.3539973311412906
UC5_P8Lcig0WIoLL6Gw_8P-g,-1,3,1,"['0f936a820dbe5a4801077e9882d6440c', '0c5038964c7fa0d6c4d40f158bb3b5ed', 'f2e96d4a5edd6a3cd93b4a559a6e2d57']",0.28596329364322526,0.23027439711043768,0.1752472123812282,0.6511926368130304,0,likely_human,1.0,0.23027439711043768,0.28596329364322526
UC9vgr9A_cgFplP22d4beUSg,-1,1,1,['f30561159dbc400aeefb4bfd4964367a'],0.34497210903493625,0.22931867418792665,0.17447835263835043,0.37239819729853235,0,likely_human,1.0,0.22931867418792665,0.34497210903493625
UCTbHjWLYneM4Iij4QFeIuKQ,-1,2,1,"['03c37dada1b86ccc7bb590caf5ca6b5a', 'f1f536c9698fe86e8a30acca58e53b7d']",0.34030318199963216,0.22913581847029646,0.15170968420654465,0.43687587815332596,0,likely_human,1.0,0.22913581847029646,0.34030318199963216
UCQmOSfaGXDt7lQEog6D2bKg,-1,1,1,['a76be9f9f1d1725ee35136067732d1f0'],0.3437038264329546,0.22911352450887643,0.17246865320899082,0.385765126039721,0,likely_human,1.0,0.22911352450887643,0.3437038264329546
UC4jhYlIOWDBnh_2jhG3q3fg,-1,4,1,"['8cfa72f369d0ab14b1cf8c8904e7a015', '8c79214b5aea16c13956e6036edebbfa', '04d6daac886f3cf9638697bb14800de8', '90ae023e2e618b30db027a425a0368ed']",0.2880711016963026,0.22910758170322512,0.1913372673238559,0.6026254640843592,0,likely_human,1.0,0.22910758170322512,0.2880711016963026
UC5f3EWKXB3sOWgiAHQ8_m2g,-1,2,1,"['ab15281170cbe968f09f3889b2c59590', 'e8b0cc25da5f8e552d86eb542dca2df6']",0.32752652729763615,0.2290856922535464,0.17509292282684957,0.4452782851787488,0,likely_human,1.0,0.2290856922535464,0.32752652729763615
UClNV-gmQ0yTD88GhExs2tNg,-1,4,2,"['1d52b9c6fdafb1174395b52ae5052155', '2aa8e890efb5c47b424f84a311d2b80d', '47ad4a14b738c33e5229be8345d169b7', '58a3b1446d3dd14c95eca0e36285a53f']",0.27822952731496875,0.2287943446666351,0.19664400034333918,0.6227201707696615,0,likely_human,1.0,0.2287943446666351,0.27822952731496875
UCPYxkbEC5zZCRNZyK7JIrFg,-1,2,1,"['8a4b4c8149f6e6e48e7f8ebd3c8499ef', '0143e1213029fefde04385c2f38ae48c']",0.3073101953246735,0.2287918525793565,0.19304492928363476,0.51043385213178,0,likely_human,1.0,0.2287918525793565,0.3073101953246735
UCwhQz_zFm-Xwnu60Mjb5uEw,-1,2,1,"['45694d16ae8f341ad3ea16e1797c1312', '002246694e398918d9d1da260da5dac2']",0.3363372142285736,0.22851188397988892,0.16452906304117948,0.42920221032623607,0,likely_human,1.0,0.22851188397988892,0.3363372142285736
UCpo4U3d2ZozYI1bk5QaM_xg,-1,2,1,"['6825c076dd25d36aff0b96e028b8bc94', '88a9a6935cfd728f50c0e2a10b34a7b7']",0.26045829922054875,0.2282822833040913,0.15063970174723118,0.7937101312575396,0,likely_human,1.0,0.2282822833040913,0.26045829922054875
UC2_sfmO7iHfmlTDYv6ViY1g,-1,1,1,['7c9409b913aa0453ddbb1cfce4337273'],0.3113912865270186,0.22815181042662824,0.2074274761698129,0.45128529370522874,0,likely_human,1.0,0.22815181042662824,0.3113912865270186
UC8QgHdr0fg7BLRnvRsBnz8A,-1,5,2,"['19f551b40630476961ca113b65a9379e', 'e29dc7af6bab97ab88a21ca3dbb8f36a', '7a373ff4fd56c2b1092ffc51255e1353', '0bb4de0ef169bfb5066c4fbfb1fce6b6', '888083e32618b85c83b560339235a995']",0.27589417381552095,0.22812438680792932,0.21056271542365723,0.6060930146290749,0,likely_human,1.0,0.22812438680792932,0.27589417381552095
UCL3zBne2HXubvS_7-ex36Dw,-1,5,1,"['d5baa9fbe75d461e4a64b46e121063d4', '4f9eebe4b199d8595511365b613863aa', 'e3f5d95cfeb88f74be2cf6b89adac10b', 'a4ef171d096dd46d37c556fc67299bae', '980836e3cfa8515d49aa7e74dd6ef28c']",0.32190737788986057,0.22806161023019983,0.12492990648852464,0.5744931517263486,0,likely_human,1.0,0.22806161023019983,0.32190737788986057
UCURbOAC6hsG2105nXPlssIg,-1,1,1,['db7767f43835a40265ab2c04c90c1c91'],0.35120518583100135,0.22793984538709056,0.15996870711494451,0.36656095564818275,0,likely_human,1.0,0.22793984538709056,0.35120518583100135
UCDpKtIF18b8CQULNDI-_Qow,-1,2,1,"['8cff80f7ef709c7c3e8539e232b02474', 'd00c7f0d9bf6f440072098f32b666b56']",0.2992194287663768,0.22782781813378078,0.15288630576729628,0.6109603865789108,0,likely_human,1.0,0.22782781813378078,0.2992194287663768
UCvTRYBeIoBPMnXG7mLM0FUw,-1,1,1,['d02b033d75c2a5d377dcac5662732e11'],0.3461034499243628,0.22777129761913656,0.14499796203218837,0.42055364346214447,0,likely_human,1.0,0.22777129761913656,0.3461034499243628
UCd2l-4W6PkHKgB03ObqcWMw,-1,2,1,"['97c939e2ad6e1e400116985b301c00b4', 'a93ba7794f1fd49424801486f1d0ddc4']",0.323964598765879,0.2270791752747588,0.17352497357729316,0.4562671589918929,0,likely_human,1.0,0.2270791752747588,0.323964598765879
UCBUel7A-A7fHMt6v8k9a9dg,-1,1,1,['cc24e19737e1bfffebe90287cadc420c'],0.37068040373234107,0.22680698166292967,0.10506702119227729,0.37496020667600805,0,likely_human,1.0,0.22680698166292967,0.37068040373234107
UCcf0OZCyL4QMo0umz54CF5Q,-1,1,1,['fe6b82a3a3cb53ebf058f13f8c991160'],0.2919414316956104,0.22673797999262266,0.1952515764811733,0.5437867536529429,0,likely_human,1.0,0.22673797999262266,0.2919414316956104
UCtT0dPG47Ud79i_g_LxNCtQ,-1,1,1,['ae2dcef1ed20e0fbaf69c5c2697c957d'],0.3405815952315117,0.2267331322562932,0.15316331047672216,0.41448258014248407,0,likely_human,1.0,0.2267331322562932,0.3405815952315117
UCtrf6ZiE6hw3k77hGpnuQWg,-1,2,1,"['84720a28798c42d58493288e55860826', '682a46e15986cc7bc90b25ef5dbce04a']",0.343526036675558,0.22671491232319618,0.12370844735350936,0.46193567809376845,0,likely_human,1.0,0.22671491232319618,0.343526036675558
UC-jznjjSTKr15h65W95yDoA,-1,12,1,"['193a3557bae4cf2239332e34cb41b87b', '85a82ef7bdb3cd718120132f821bd9e5', 'ecceca7e17d8d8bdfa1d5f04cfaeb40a', 'dab17965e921e9bd7eca0e6f01fec3eb', '3f0885a01cedac93c63353dcd2727eb5', 'd75abdff09c8fce8a4a53cd1ad01ad80', '73fe177cf84c9f727aaad4888d034a87', '666107905b06e10c688f6a9aa7b81f67', '10e1ae3f7f2a3d006b35dfcd0f9fa6fe', 'd8de7c13c0667aa05ddfb70346db1d91', 'ca67614be9660d6f641d838cae59200f', 'd26b7e5fb7b2ed534c3bbb352f036fa5']",0.31356523576362677,0.22650377308623573,0.15281913037978717,0.5359700217346902,0,likely_human,1.0,0.22650377308623573,0.31356523576362677
UCNyR07d9kSKHmVgZy402jTQ,-1,1,1,['6a99ba3f665a49dd31a0bc4d82c39222'],0.3501016769991936,0.22631079737006943,0.13187105082742268,0.4135524912574481,0,likely_human,1.0,0.22631079737006943,0.3501016769991936
UCk8SdMJBYSF6sxrcdFFW8aw,-1,2,1,"['e22a7c80e2820642dada16939cb2ef87', 'c30398343a9c3e9b0408f9f3cbb90443']",0.3464213445306138,0.22623841943434095,0.15917277593779178,0.3658624507779237,0,likely_human,1.0,0.22623841943434095,0.3464213445306138
UCjVQmiD0XQEvfF8rga5Y36A,-1,1,1,['dae0741fa53ff964583581f9d2ab221e'],0.3418097445210736,0.22607653323976387,0.15667917654463515,0.3919467559372044,0,likely_human,1.0,0.22607653323976387,0.3418097445210736
UCQXGlIaxFgRqjtCR5nEDWyQ,-1,1,1,['a3cc493e890f49ecd900c3f36c610cd0'],0.3834667293436129,0.22587478245226938,0.10727642648365478,0.3084710761480393,0,likely_human,1.0,0.22587478245226938,0.3834667293436129
UCC_e1pqj-Xviwn5-UxxreVA,-1,4,2,"['dba9dac416fe7b834d67aa0db7b59194', 'a49c6d7e3202a8d3a6f7ed2908a18c8f', '7c65b37592c5fc7a6c8c45efd6ad78bc', 'dd54930a543cedf1e542244c60b2fbfa']",0.3207157091264866,0.22585850953691933,0.16721797877495637,0.4627092984830468,0,likely_human,1.0,0.22585850953691933,0.3207157091264866
UCIt3-qSCbDUkisg6tqIg_hA,-1,1,1,['cc013040d009a8d3dbd08e36cdbdc1b2'],0.27245872172868457,0.2256938620523839,0.19700931584508047,0.6210486920597916,0,likely_human,1.0,0.2256938620523839,0.27245872172868457
UCJKk3foKoxS3j6k-kQCJ_KQ,-1,2,2,"['75d36490d2a0032c3c99600e20aaefae', 'ab8fd02a21c4ee563a1aff1e11432e9d']",0.35943478811235713,0.22514202232782618,0.14353035108489756,0.33553762456980935,0,likely_human,1.0,0.22514202232782618,0.35943478811235713
UC2-GQjwaTpvReeLF8_Mq3CA,-1,1,1,['7074c1904808d4f2dd0f501847e32ef8'],0.3499441991693605,0.2246081613485158,0.14647609310255344,0.3668135402898082,0,likely_human,1.0,0.2246081613485158,0.3499441991693605
UCCgY3sl_RrZnxLubFYHexNw,-1,1,1,['5c32c6ab2382263ff3b4d147914472bf'],0.31512810530155005,0.2245474565542649,0.12200425716228537,0.5744494086249459,0,likely_human,1.0,0.2245474565542649,0.31512810530155005
UCjvx1E0gHFdC5LxJRT0aGsg,-1,2,1,"['e9e574dfebcd47f2a065de20b137cefb', '0be3d894b1583585d834abaaf6a25996']",0.3180945087021968,0.22442169114347083,0.17146398698565632,0.44976889267452547,0,likely_human,1.0,0.22442169114347083,0.3180945087021968
UC47cU-kzFdBtmPCqgIKtB7g,-1,1,1,['0f4c43f5a0054cc6b5cc936e24b55390'],0.34806691302890647,0.22437590428997992,0.14351192193946752,0.3754387954903497,0,likely_human,1.0,0.22437590428997992,0.34806691302890647
UCA08F_kg71IzpIIRmKhza-A,-1,2,1,"['8eeaadd65de2e4603fb5796206d7aff7', '767650c91345547c6e4da8730d9df519']",0.2878043373550756,0.22434585067296456,0.16890088457923072,0.5900824255865442,0,likely_human,1.0,0.22434585067296456,0.2878043373550756
UCbjlWdRfI7DU7unUtz0YnvQ,-1,1,1,['6e4b7fb9f016e9200863a3742f8d96c6'],0.3264326606046791,0.2242924664773606,0.15123418209414652,0.45579100976720466,0,likely_human,1.0,0.2242924664773606,0.3264326606046791
UCQAHF5nn974Z1gWgfBcQ_vw,-1,2,1,"['a2e0920a70a6b7d6aea0eda80c6075a3', '005aad2828990abe33e04b47e8c84309']",0.3044427352791065,0.22396467419094446,0.19827332634773717,0.46411351939228573,0,likely_human,1.0,0.22396467419094446,0.3044427352791065
UC_esX5JZlbaiI_cHGkxs0Og,-1,4,1,"['88d657f76fe762de456d043c7d823fc4', 'c2934e770f0dcd3d97d6d5c617f64062', '10b0b5282f6f8d071aaddd18f17d065f', '154056b2718801b42c355fbd0b3d6f1e']",0.30560728300008,0.22395116865621512,0.1752562163353114,0.4928698360392445,0,likely_human,1.0,0.22395116865621512,0.30560728300008
UC9QD3LH7XAvAdBn4Pfc55wQ,-1,4,2,"['23c656d885f94cad3fe2fb33db23130d', 'e3ac397020d9481bf949adefff531aa4', 'd52a1f18c354664480f629b90e833ba8', '86d384c225dcb283cf57adf4a76885e0']",0.28669931911903035,0.22307928447861577,0.20918322436054557,0.5107391856976367,0,likely_human,1.0,0.22307928447861577,0.28669931911903035
UCG8_MulG2vFJT7vy-ku2cPQ,-1,1,1,['7cc7592857c80a1b4f1f5e8033cce21f'],0.31145186131669633,0.22299093606876894,0.1944220266215182,0.4191401106758297,0,likely_human,1.0,0.22299093606876894,0.31145186131669633
UC5awXXF-jeB6VUsIDTYikPw,-1,2,2,"['dd40d1a7b7c5927cc344e1919232cd89', '597a156104e67688c607680210bc2a18']",0.30096903855844126,0.2228909876043528,0.17913342694260845,0.49960846627915023,0,likely_human,1.0,0.2228909876043528,0.30096903855844126
UCWH9-wvO4QtoAVvW3lkpGuQ,-1,3,1,"['29e3333d6abac2afaa8a78e129d77060', 'e940c69a56ea4bdce3dd99b585a1d712', '8061b1a5072cae712d0c8997cb60bce6']",0.30962282085134224,0.2226350353615537,0.1699705142333805,0.4768377268136006,0,likely_human,1.0,0.2226350353615537,0.30962282085134224
UCvV-5-TdCo3Q11xw6tDF4Ow,-1,2,1,"['c5a99eb00e4b1115dbf43af0e9d7db9f', '2e8f39ed15836edbf1820ba44132d23b']",0.2524953087262505,0.22242388465521346,0.2021141837794375,0.666518438594618,0,likely_human,1.0,0.22242388465521346,0.2524953087262505
UC0orWZC62dr_Yo-OWvJmCYA,-1,2,1,"['6136fbc0092b33511cdff3285f2919bd', '4a9a7081f621a20f13cf220ea2917415']",0.32390420930577146,0.22235379713893136,0.13325995063144816,0.48473218636133314,0,likely_human,1.0,0.22235379713893136,0.32390420930577146
UCHPwz03Ao7HeMlvEn32ampA,-1,1,1,['7d85dbac62e0c7960ea09b883d8b5fef'],0.360632508140307,0.2223141312201717,0.13000261427369889,0.32613946762121127,0,likely_human,1.0,0.2223141312201717,0.360632508140307
UCx240hAdfT0WEZzAGaU7SXQ,-1,2,1,"['33f3656beaf33df5258d6ab4d18a17b7', 'e70deb5cf7356a76de4133f0d8f95405']",0.2943942250250648,0.22229188432086364,0.18630055194643855,0.5095841002434901,0,likely_human,1.0,0.22229188432086364,0.2943942250250648
UCb-cSqtEQA4nXO7oTVFnilQ,-1,2,1,"['cd8c7366bb6a615bf3813c1e5e64a020', '77db81c4f1c012a7319d290e37ef55a3']",0.34498446477138206,0.2222364057867011,0.11449009799078236,0.43020420453773006,0,likely_human,1.0,0.2222364057867011,0.34498446477138206
UC1u6F6vbGLyuxsu9k3RpRTA,-1,1,1,['a8122e500a0bb17545163b87308b2169'],0.30140190649761545,0.22222903844978656,0.197599624864431,0.45646246109980904,0,likely_human,1.0,0.22222903844978656,0.30140190649761545
UCF-sIlTVpwQMjUttT-RY1iA,-1,1,1,['2c1103cc3bf4abc1213e20f5d7667d0d'],0.3070875734637774,0.22207124592853184,0.19891414714298405,0.43264267633481335,0,likely_human,1.0,0.22207124592853184,0.3070875734637774
UCcqMN88WoC4fuWikdogk6YQ,-1,5,2,"['e5f7622ad176cf0148dc73608b2844dc', 'b4aa426752726fb73480b7076b874f84', 'fc4037dceb7ffbc46bbbe7ebdc2ff931', 'ff4cdb08c94aef1df6f42eb3b7931413', '5ee8e3b1b572e135ee52bb21f70e9f0f']",0.2826744345813244,0.22206397388153334,0.15407763471161645,0.622342289461565,0,likely_human,1.0,0.22206397388153334,0.2826744345813244
UCIZAONIM3-3chgju4v_kCCA,-1,1,1,['2a78e2579d4ba44b51877b5e38146b1f'],0.32829300961543495,0.22189374674396875,0.14848006107968373,0.42686305333944463,0,likely_human,1.0,0.22189374674396875,0.32829300961543495
UC8ftPG5gyBdoWYmwP2Rn_uA,-1,1,1,['51da13e0333d2b4801676948bd9c517f'],0.28900569320854325,0.22135120437590297,0.1910174354517942,0.5141284060327215,0,likely_human,1.0,0.22135120437590297,0.28900569320854325
UCEMoB8X3LRrYD_2_4PRsnCQ,-1,1,1,['8ea4cb85784a95846d95071d462aec39'],0.34745162675642755,0.22125572378711664,0.14367300565372226,0.3461806844123501,0,likely_human,1.0,0.22125572378711664,0.34745162675642755
UCgt-loEfQgiA5njKQHSS5qg,-1,1,1,['20e54c2b59261be16b744429f57abd7d'],0.3271930623701993,0.22105348965517269,0.14268393872688198,0.43976501744711316,0,likely_human,1.0,0.22105348965517269,0.3271930623701993
UCiCxaMETtogRrBz8AMXP_9w,-1,1,1,['68a4641f121052ce1adb15acb35764a3'],0.37126561690690874,0.22104936502696643,0.10568058440770892,0.3172573289911514,0,likely_human,1.0,0.22104936502696643,0.37126561690690874
UCOQk83WRzXuhQqu_X8SPHNg,-1,1,1,['a785d854f383067a6abaa270eedcf1ca'],0.3012129725012902,0.22098361931615007,0.17986961143650937,0.4851104034443477,0,likely_human,1.0,0.22098361931615007,0.3012129725012902
UCndvt2L9Giu9X8VaDFUt9Sg,-1,3,1,"['339aebd888f56d3178980589c200166b', '5c1824df6eff502f534317a42817a46c', '2ee109a5b05491c94b9f9d2cef2695fb']",0.2976468479421908,0.22050306372775424,0.1785361068082053,0.5008567910170398,0,likely_human,1.0,0.22050306372775424,0.2976468479421908
UCtUt80tB_c16_aR-yTSJSRg,-1,1,1,['7d1db868357056de59a51ef16400b6ae'],0.3569589493369102,0.22043390746836677,0.1115173889426508,0.36663162427501317,0,likely_human,1.0,0.22043390746836677,0.3569589493369102
UC3l559lLI7a4iykOTm7geMQ,-1,12,1,"['0662f48dbf47249c62b2707d52b51684', '647f40e67e1b87d44f80abec80aec66c', '1dcf6c46b93c5ab0ccfc3e5c9d7b895e', '2bdab7b5adf38f6f0126fc81a195417c', '9cb3ce6e4fcde3a03b48c6d6cea88ca0', '3104d95660a4e1495b8b3c51cc533075', '5b666795041a8fb9b739e95c3a1ff729', '05a55bc0a32ddcbaecff8063eb03be49', 'a1b482397c27a75572b8c54e945c87f1', '2c5f6e808e88e7d4a1de1b2e7a57910b', '3feda831ab947ba435badfe2ba86a366', '0de382d950973e61b52f8c65fccc9918']",0.29274852690311043,0.21996707569006163,0.17016392394469335,0.5327094828813141,0,likely_human,1.0,0.21996707569006163,0.29274852690311043
UCfFd0WtRUjRdy9OclWosm1g,-1,1,1,['3c9fae4d08419b675ffe063872134d46'],0.3044090345287085,0.2199169708510958,0.19604501805119104,0.4223071355385099,0,likely_human,1.0,0.2199169708510958,0.3044090345287085
UCraUdJOhvhS4lW9fr1XAtiw,-1,5,1,"['0a1c46df0692ba29fffef0fcff4ebce3', 'c0761c7ea6efd3fbdfd92f6375da5e73', 'f0c2165f5196928f5ac7bc3125607ba3', '52c0e0082a5f1b28572cda1d9a9b2e01', '381e2b58c9bd3cf1fcc6fd4671dc7399']",0.2606601296805767,0.2198871543760364,0.1431629594189666,0.7343996943254241,0,likely_human,1.0,0.2198871543760364,0.2606601296805767
UCF9bDQmuCLUWw8QNju38_Pw,-1,1,1,['07dbbec78b4e7f4ad7b7202489f77d41'],0.345635949509069,0.2197483894651065,0.12024100865192973,0.3913217265870964,0,likely_human,1.0,0.2197483894651065,0.345635949509069
UCfswzD1A_xd66Iv2XyDEuIQ,-1,1,1,['2793e4d9cfee31d4c624b36795a2e765'],0.31269618424135937,0.21956444347349874,0.15569766578160965,0.46630808774163784,0,likely_human,1.0,0.21956444347349874,0.31269618424135937
UCm7YabvxeGLDbNowq9CcECQ,-1,1,1,['c606f55ada1e5c31ca40a189740a710f'],0.27973383781133004,0.21946568132484814,0.19650041252910225,0.5318738194936095,0,likely_human,1.0,0.21946568132484814,0.27973383781133004
UCJ42BGfU9xP0-kngEfhsixQ,-1,1,1,['2cb7a1726174e837f5230a1f15e87eee'],0.36229341506387525,0.21945967751498324,0.11066105962133953,0.33023168342777004,0,likely_human,1.0,0.21945967751498324,0.36229341506387525
UCEMotgV3wtB_IFnkKDTjlRQ,-1,4,1,"['49fecd71ae00da161d306b386e01eef9', '217ae2a432a4d6847c77647505aeb3f8', '50efae3d1838b263adf3bd554f0111e6', 'a57cb0df224ae7999c35995d13b0fb88']",0.2882791549829511,0.21941050514837313,0.17130965547358287,0.5391180270707062,0,likely_human,1.0,0.21941050514837313,0.2882791549829511
UCrj4iTwV5nlXUkhYV6FoRlQ,-1,1,1,['142d29a0ecac14148ff98c1c1e11d47a'],0.2861783184542309,0.21930882488601067,0.18689860486417623,0.5145012535869464,0,likely_human,1.0,0.21930882488601067,0.2861783184542309
UCFkiyfbzyAa_T0oTKdkvm8A,-1,1,1,['3db1513c7bb66326ef01724aea8c385a'],0.32338665615978324,0.219247035614472,0.1746770281923305,0.3735789798984968,0,likely_human,1.0,0.219247035614472,0.32338665615978324
UC1s6kLliWmNlBj7jF3JJQVQ,-1,1,1,['56f93797f1c4ba71a5303fe4f4bc1463'],0.33421222906332493,0.21904444650200078,0.1592988860661659,0.35267896314989466,0,likely_human,1.0,0.21904444650200078,0.33421222906332493
UC66XXR-HHVXkD5eAY-gClAQ,-1,1,1,['760ccfd6233391460a4481c31b379d84'],0.34293964227207147,0.2189807279501347,0.12783741863511416,0.37715638437402604,0,likely_human,1.0,0.2189807279501347,0.34293964227207147
UCwGV0V4tUE_4OsrHvm4aP0w,-1,1,1,['17b89ef5f4f36e437777250113d40636'],0.28678974415084535,0.21863619221199443,0.208995356403187,0.4560174415751194,0,likely_human,1.0,0.21863619221199443,0.28678974415084535
UCIYfryskI8x4-PHJdjqUZuw,-1,1,1,['c88a6968239d35a3b90bccc6afb3cdb1'],0.3641243953226122,0.21835397839069495,0.11592804316197539,0.30160590588175673,0,likely_human,1.0,0.21835397839069495,0.3641243953226122
UCYsv_LYrxKuWYximoN8VSlQ,-1,1,1,['672cb9bd44e77ac58b56b33a2b99fb81'],0.2611486106988132,0.2179898240216962,0.18064439879272862,0.6327507580827916,0,likely_human,1.0,0.2179898240216962,0.2611486106988132
UCYKicqPXiTMm4XlCwxSt72g,-1,1,1,['17ba3cab51f9a7d17c793e7de17ea133'],0.3061519180975655,0.21793167142729225,0.1773880524803059,0.43309536843203406,0,likely_human,1.0,0.21793167142729225,0.3061519180975655
UCCX79TmIJtG4Q3n-umMyE4g,-1,1,1,['9423b5dbec19c9064d8f929193939112'],0.3086919374524015,0.21786576096464874,0.15091726250793222,0.4784599119601751,0,likely_human,1.0,0.21786576096464874,0.3086919374524015
UCKpXJThkakolC72yTevKpbg,-1,1,1,['9c78df444c8ed328770cb67a9f7bcb15'],0.29240656351629934,0.21721401920223818,0.16482894120026464,0.5070075064464148,0,likely_human,1.0,0.21721401920223818,0.29240656351629934
UCOdijbcF-biyKR6-Prxv3hA,-1,3,1,"['64547b298b9dca65efbadf31abae819e', 'e61a9d96e2398d259b5c0ae934f88357', '5c9777c8516b1f47893c22e67ae84f67']",0.30716958873194034,0.217042844796416,0.17147401859336653,0.4316228342221177,0,likely_human,1.0,0.217042844796416,0.30716958873194034
UCa-JZck_6JsCWBcqL1W9cKg,-1,1,1,['a9db0867764b887d94a8134ddb4b1a0d'],0.2895333926021225,0.21703991742990994,0.19804520621545832,0.4571538620979046,0,likely_human,1.0,0.21703991742990994,0.2895333926021225
UCjk3ZdLBztNReRrw0pQ6y6Q,-1,1,1,['9908c5012ed076f82f29a0db1ade3c8d'],0.33845189915331364,0.216899555958955,0.13811516142925975,0.3601757224234418,0,likely_human,1.0,0.216899555958955,0.33845189915331364
UC3C_ZriJFN5jk7J6z0nDKKA,-1,3,1,"['f8ec6cd8efd533b93c1e892bca9c6872', '70719257959ecafbf7b661e4cf294124', '25dad45eeb30f5e1db03409350d619a3']",0.3082635141353121,0.21659901386787517,0.17300794735571193,0.42496539214502616,0,likely_human,1.0,0.21659901386787517,0.3082635141353121
UCVB6rQIq_YO0E0o22vq7xjw,-1,1,1,['e5502dcf08e090060a2c999d68cf3ad6'],0.30893276361854904,0.21656227487113294,0.16941425317082634,0.41596425175825197,0,likely_human,1.0,0.21656227487113294,0.30893276361854904
UCARxPu4Ospqsr_smVc-il2w,-1,8,3,"['0e5c9f18143b4acd802b3bcbc7f857a3', '51e224e5ea965880fa596b1cace3af2d', '25c5309eac32ee14cd03540b8ab29af6', '43ad5e69a598e034dee175dd2c231c90', '4d62df7957b3921c40b48753252b68ab', '97bae142fd78dd29ee5e624b3de7bbaa', '4b3d14407b4e6160ef98fc65f41cfb70', 'f1e681bba1e148b40585f5cc114fe0f6']",0.25419214035816706,0.21654354229625355,0.21957315061464888,0.5662359873320943,0,likely_human,1.0,0.21654354229625355,0.25419214035816706
UCSF_z7qZdLTpgP_DU9PCNqg,-1,1,1,['69242c2fd3cc5ffd84392d54da5fb4a3'],0.27426085875904904,0.2163650401327504,0.20121519097875648,0.5091161433673214,0,likely_human,1.0,0.2163650401327504,0.27426085875904904
UCWwFWL0EQ8uBSsRg29YPFTg,-1,1,1,['e260896206d03a7f409df9a68dbcdd52'],0.2892961634393469,0.21595877441104658,0.148170257866431,0.5440395591285893,0,likely_human,1.0,0.21595877441104658,0.2892961634393469
UCJIDpJtdIXefzoQclAzBjjw,-1,1,1,['19ffba1b34cd94a1f7ede285d9a24fc3'],0.32070138340540816,0.21585345745544998,0.1702914567802571,0.3530591582730545,0,likely_human,1.0,0.21585345745544998,0.32070138340540816
UCtAGTy02pD1iVWcXaHz9QLA,-1,2,2,"['2163860c5285be0eb80d37a4dbde88a6', '326bed72352837229554be584b37f9bb']",0.308791879832679,0.215838056295985,0.16219672530459814,0.429618391751768,0,likely_human,1.0,0.215838056295985,0.308791879832679
UCd-l3pAc1FPQJGkNsppyjsA,-1,2,1,"['990a8bf775edd2f3b3b474057881b5d2', 'feba5b91b0c53fe6f8c2b80312d02fd7']",0.30737389598590703,0.21555062550547577,0.15415457720149425,0.45831126404192996,0,likely_human,1.0,0.21555062550547577,0.30737389598590703
UCHxu-29VEy-H-Uf4IS8qMWg,-1,1,1,['25fa432826c3d61bc5b1af6a68981c34'],0.2552512454254658,0.21538358297583737,0.2130451991681712,0.5524650059443784,0,likely_human,1.0,0.21538358297583737,0.2552512454254658
UC2SuMVia09kDCKE4JTVhFGw,-1,1,1,['c5e9f79d85ccfd1cc69340080ed388aa'],0.2689683875855036,0.21513194589173704,0.21027496356989872,0.5063364877347207,0,likely_human,1.0,0.21513194589173704,0.2689683875855036
UCY83G7qqtrP7Frp-0KaSNcQ,-1,1,1,['0a2293eed0a1d741060fab1529935aff'],0.3063436196502255,0.21482087662455382,0.17108290207465604,0.40610717895895654,0,likely_human,1.0,0.21482087662455382,0.3063436196502255
UCCGKbswN1VnRmfBoOzwNjYg,-1,1,1,['a05acfd6cf60df2e09f8fa5120fdaef8'],0.29645107921414515,0.21468470650475338,0.17052548615007718,0.45836906343386563,0,likely_human,1.0,0.21468470650475338,0.29645107921414515
UC7G-TFWael-XE22yokkhioQ,-1,2,1,"['545158d524685748abc3738ff07e011a', '690fffe166a80f09b24953fdbc103224']",0.29920509888579916,0.21452418485808286,0.16681125490894258,0.4527799497573695,0,likely_human,1.0,0.21452418485808286,0.29920509888579916
UCTc5G4G49k0gB411-wnCnYg,-1,1,1,['8e40c12f47d8f8a90161de67bacf19aa'],0.3411948543806662,0.21413698350947155,0.12756011613805304,0.34011150227391146,0,likely_human,1.0,0.21413698350947155,0.3411948543806662
UCP6Axn38Xiz2urUkpx3B-6g,-1,1,1,['5cd836bb76908ad1748b21e44017a9a6'],0.2924877862574317,0.21395597961691,0.14578465020325995,0.5162991606287751,0,likely_human,1.0,0.21395597961691,0.2924877862574317
UClIHoB-QMK7KH0fT9iu4jow,-1,2,1,"['0c764f51dfd83e9dbefde08418f89090', '84d53d79d25b5b3a23be5a0e27cbb73f']",0.29140918560390366,0.21382319507828815,0.14728501536125818,0.5198222540463442,0,likely_human,1.0,0.21382319507828815,0.29140918560390366
UC46hOVC3bf4xoA44Cw3HU_A,-1,1,1,['e01d564714fb947060ae5b4db49b3d9e'],0.28067543099865755,0.2136972466535681,0.1809590017667797,0.4901650990642543,0,likely_human,1.0,0.2136972466535681,0.28067543099865755
UCv-nyH9Rk1qFFlewyDo0w3w,-1,1,1,['d04cd9605c705ba5b0bc5abd0a6fdb28'],0.2192804397772307,0.2131745619086587,0.17017030634466965,0.7869310065690458,0,likely_human,1.0,0.2131745619086587,0.2192804397772307
UCnH40Qca-B50YOFlVVOO5oQ,-1,2,1,"['6b556ab04df5c1255dc2d5701a1cc044', '7b6c402dd8b23162485334bd8ae4f0c3']",0.2715322015297151,0.21313047457153336,0.19414198918362738,0.5099617687246802,0,likely_human,1.0,0.21313047457153336,0.2715322015297151
UCp0JKIiHRytKI-a5CrDZavw,-1,2,1,"['c9fc02016e92fdf0e41686fea54f8445', 'a1ad14056dc99dd7f6a90bc6b9d996b4']",0.28391606400734337,0.21306739231905875,0.18564275487721665,0.46216180163346865,0,likely_human,1.0,0.21306739231905875,0.28391606400734337
UC1LB2VpRChplTHaeBm_MK4g,-1,3,1,"['cd5f5bf28e8a9307a822d9adb6f37810', '619415542615aa5f0e56c369c3512de1', 'e8b28e2a37e2325cfb6c8f96c86acc09']",0.26277888601612454,0.2130520973435306,0.18493923038117988,0.5697743517346375,0,likely_human,1.0,0.2130520973435306,0.26277888601612454
UC27A1kHyD2zYe_SZu_X8tSw,-1,1,1,['98ba6bd43bf2bee44e66510e0bd6fc4d'],0.2948140848874853,0.21239560719744607,0.16498618273389237,0.4566151976035552,0,likely_human,1.0,0.21239560719744607,0.2948140848874853
UCqnI2lvoSYfYEKpTIf4b1zw,-1,2,1,"['fb28a2d8315fdf1a7a459bd6f2eecd59', '7635b493ae1e731dd2e793c6aa6af93e']",0.27513471863884587,0.212148853158396,0.19857523676951722,0.4769703516213789,0,likely_human,1.0,0.212148853158396,0.27513471863884587
UCoh4_aX3tQ33cRZiItpeHQQ,-1,2,2,"['422c69d7bd29f4cf656450a8074ba71b', '00d9aa9b71a9b00b6e8033c4a98e287e']",0.32411152690966866,0.21204712616170573,0.09721689754874928,0.45473438815220757,0,likely_human,1.0,0.21204712616170573,0.32411152690966866
UCFH2lpIk9ssOgvp4Ioax3fw,-1,2,1,"['5cdf9d869a174812f48ea6e543a30f22', 'aa573c300992589fae562c105d3f1433']",0.3088526108914914,0.21201242290823888,0.14106897846880365,0.43102735558841604,0,likely_human,1.0,0.21201242290823888,0.3088526108914914
UCpI840bOVcEYtRf1IgAJ7PA,-1,1,1,['5fe6fd4298d12f7de4b7c37dc6ab3476'],0.3305428129774845,0.21199953511500833,0.14182277932266393,0.3385910935326332,0,likely_human,1.0,0.21199953511500833,0.3305428129774845
UCVthX266sfFrNSBqfDpvE_g,-1,2,1,"['96f05fd6eab812ead53cdc0c6be2cddc', '8b4e45f1008c04dc8e84a2282ac70ac1']",0.2737021014100446,0.2119461487214316,0.18442386016541287,0.4993009671160385,0,likely_human,1.0,0.2119461487214316,0.2737021014100446
UCe_8pJU1ob0ZMFMe5ssIOxQ,-1,3,1,"['91bc7f6e26d943fff32c45594a955b72', '3793467155755bf153a55c25bc1175ab', 'b9bdf7386a886c2641bd807e80add2d7']",0.24463677459926134,0.21192170465993826,0.14936302024330977,0.7043849491484839,0,likely_human,1.0,0.21192170465993826,0.24463677459926134
UCOwuYuI0Ty8Wf15UQ45DBGA,-1,1,1,['22572b477c07794f25e24f793ff8ee10'],0.30967234918689657,0.21084201792923835,0.17309771321250098,0.3592986183787753,0,likely_human,1.0,0.21084201792923835,0.30967234918689657
UCx9fENZBN-EF75piARZOVIA,-1,1,1,['d7f02e9532b86b1caf1c98cd8ea28128'],0.2803080518829199,0.21076976020571705,0.1921658559143446,0.45434282975318574,0,likely_human,1.0,0.21076976020571705,0.2803080518829199
UCjKGeuz3OfFeT61Fz5eAmBw,-1,1,1,['e116a80ee7503db304878f759911793c'],0.26093013748352717,0.21073301112760245,0.19485566309659705,0.5342326234880731,0,likely_human,1.0,0.21073301112760245,0.26093013748352717
UCOLO3tkiDDYct6ZolHYMXpA,-1,2,2,"['dff7358627edc62fc8fb78b9af5f5f6c', 'f5df1aaf257e29aa646fdea9d25b2869']",0.2784835233953785,0.21028954391218715,0.17303032232778118,0.4895474605181861,0,likely_human,1.0,0.21028954391218715,0.2784835233953785
UCWwlAIoJYE-yJr8xhmDwbgQ,-1,3,1,"['affde66d0a7a18182b829b644db25e41', '887e0f8f3a27647a2fd2bcac62d73d34', 'c8429de42f754f57f18c8f4543189155']",0.29010615619702596,0.21017356871287807,0.15583705267900932,0.47505890211325974,0,likely_human,1.0,0.21017356871287807,0.29010615619702596
UCo7YWSYoK2ayExqXOshYP2w,-1,1,1,['0e6fe60c9437df5489798978b2cc3227'],0.31830501689603374,0.2100825832557902,0.14457654238609222,0.363775712884699,0,likely_human,1.0,0.2100825832557902,0.31830501689603374
UCXRNM2Z5BA8WbVHSIYc4Lww,-1,1,1,['59a8793ca83ddcb4d1799def669aaf87'],0.2831356617771553,0.21000377912266532,0.1905017740432831,0.4269094699816055,0,likely_human,1.0,0.21000377912266532,0.2831356617771553
UCes7XGrq-84rsyV0g17sEdA,-1,1,1,['8daf7d8c213a2bc31a5357d9a395c147'],0.30928177455730643,0.20999089566723955,0.1650033581108526,0.36907918454324984,0,likely_human,1.0,0.20999089566723955,0.30928177455730643
UCYXFRzdvXoCQKXvhtAmZ8vQ,-1,1,1,['8df8cc6bd8edeb046686f90808055aa3'],0.29556621236829905,0.2094058083933496,0.13784777629240746,0.47566379980540346,0,likely_human,1.0,0.2094058083933496,0.29556621236829905
UCLN-_yjf8FxBE83J5VLn-Cg,-1,2,2,"['5951e83ceeb2a3e6dd70ff100af88ef9', 'b5478d78a98e233766dbe487c8451105']",0.2747287292717012,0.2092865595365056,0.18942163079949498,0.4623952402696378,0,likely_human,1.0,0.2092865595365056,0.2747287292717012
UCYP2K9BqMllOSVMWJgYzb4w,-1,2,1,"['9b4684b7d05b073faf25dd3cd9e5dcdc', '0b955ee6b620678c5bea6bf50c634ef9']",0.25073688707080805,0.2088677076514288,0.20224859689881913,0.5408296992880839,0,likely_human,1.0,0.2088677076514288,0.25073688707080805
UC1BuckE4L04np3zQV9oEX3Q,-1,1,1,['f7317c9d3d5f4dfefd9827a159b8b8dc'],0.3015202096988072,0.20884293255456593,0.1395424645180454,0.4425985134327647,0,likely_human,1.0,0.20884293255456593,0.3015202096988072
UCtNrbhjU0FAlvTDVymotxMw,-1,3,1,"['7feac7a3f220d343eb02aeac207d5cd1', '0abdf670699c9bdb7e29567b431cade5', '706f3576ce1e95b03faac8a5578a6acc']",0.2822797397879289,0.2087061650745693,0.16736927536565382,0.46337559726733735,0,likely_human,1.0,0.2087061650745693,0.2822797397879289
UC_HQ9AoUb3lyUGcXBLdcA6w,-1,1,1,['775eecb9a517da11f9fcd533c5000777'],0.27752269483431236,0.2084270845630702,0.19300648742534507,0.438475134312297,0,likely_human,1.0,0.2084270845630702,0.27752269483431236
UCIZ0NLA-qP34vPkTa4H9Olw,-1,1,1,['35f89506935a6885639ab766f4281295'],0.24599060619697033,0.20829969244728908,0.2110920324177508,0.5372357114591528,0,likely_human,1.0,0.20829969244728908,0.24599060619697033
UCLyYuqm_6pTojckO_7SzjYg,-1,1,1,['bfd4fb1b09012e6231bf2edf59025d95'],0.28269805757805655,0.20824533027498948,0.15165600295781867,0.48691731182010184,0,likely_human,1.0,0.20824533027498948,0.28269805757805655
UCoT6vowpfEpzwUMS3Sd32vA,-1,3,2,"['735069860012ef33a7ac7985725da314', 'dc53d07251d69032f92df9091c17544e', '525f8a97e31f248acdad92a4858202bc']",0.2815010843731432,0.2082436583650176,0.15502586801825397,0.4918559037797782,0,likely_human,1.0,0.2082436583650176,0.2815010843731432
UCFJH6sgMrINrG99QUvpyBMg,-1,16,3,"['f28b1e05c742ec7d44f71cb308e80066', 'b86b26009454866643d23457d7ccc0be', '9eef1167a29b61ce97c678db1c9c39af', 'cbf43b9d6da22d84e3d531f685cb7202', '2eda4671a4bf6375db5b3e6aad01c6c1', 'bbb2086d9658f12a2e85ba1053865a44', '85e907b74911a2b5415c02af42a7f0f8', '841b085cd2df42a09a5285898a2ea1b2', '4a345379ffc27aba4dace4167c7bb2f3', 'ad0c1ce6eaaca36c878f0a106f0228b0', 'b66593493ccc728b437adff9390090b0', 'cd360131ea9821da31b46a17219e8bab', '021976c4469be7011688026ae1a3b7c8', '762107ab991ad810849ab903bb0a44b1', '6699b9c2b414f913322d27fac3c50269', '275691cf288b34bad40f5a7952e1104f']",0.27853354981056466,0.2082056861532076,0.16376210599716345,0.49096831748095715,0,likely_human,1.0,0.2082056861532076,0.27853354981056466
UC1ZSEHZk6RZf_sgW7oHJ_FQ,-1,2,1,"['bea4bc0726bbcbf04a5003cd0ac1c9d9', 'bf834b4169aca682a36155bb7993ff74']",0.27620889694186795,0.2081939479803892,0.16512782236969473,0.49900181182550135,0,likely_human,1.0,0.2081939479803892,0.27620889694186795
UCAmk1sJLwrcLPbe0sI2diUQ,-1,1,1,['70600ae8aae768a3f27902e0705d7c1b'],0.3035345023634894,0.20814739066207566,0.15164670571897215,0.4060468332776027,0,likely_human,1.0,0.20814739066207566,0.3035345023634894
UCcZm80ers0p67idJzHjE81Q,-1,1,1,['d7eff035b304f1ed3a0a2f3124c55e89'],0.29765413250869616,0.20798836631010537,0.15519928047460904,0.4083944082726539,0,likely_human,1.0,0.20798836631010537,0.29765413250869616
UCosvL9kKwdjXcFWWosYVa8g,-1,2,2,"['b859cebd3cf23a4eaa46f6e6cd0cf07b', '8f40b09687a487819886518333a6a988']",0.26701899585042355,0.20795271398621046,0.16932014355585012,0.5287416432975643,0,likely_human,1.0,0.20795271398621046,0.26701899585042355
UCYimwMx8oFM5yGNDHzikeGQ,-1,4,3,"['6aa75cd35f12da1224d94b211ab5bc5d', '110804e0642af2b22fd5d7856cd62010', '8c2642de24934fbd3065d4e4b747686a', '11241a3ffedfd381e5c87af64686aa23']",0.273179465815362,0.20778968232124456,0.15773252831798076,0.516383084111639,0,likely_human,1.0,0.20778968232124456,0.273179465815362
UCRfUpDiC3ZqdMBn2uz1yuvQ,-1,2,1,"['9254cb9e3d5deedf46cb88c5dc331f71', '6a54f1715ad07cd8dac315ab4dc9882c']",0.2800168809518007,0.20777963087858403,0.16791700026402362,0.4607846155423262,0,likely_human,1.0,0.20777963087858403,0.2800168809518007
UCvZMfhS6i6y1Pn4HkfLkSog,-1,1,1,['e1ba2fc7b085c4ab3eac48cc194343f0'],0.3119239122013165,0.20769430873525635,0.14057870723030239,0.379481921947015,0,likely_human,1.0,0.20769430873525635,0.3119239122013165
UCB-E7le4rWSJKHbF4vqC0Gg,-1,3,3,"['be7211bffafd069c5fdfb193e6bde36b', '058f4a7c390670f754d0dc271553b3f2', 'd5e4511a1905e17c11e01a8e1a3990c3']",0.253629936196529,0.20708740039901014,0.20360899233984786,0.5032686421150625,0,likely_human,1.0,0.20708740039901014,0.253629936196529
UCum7UAPK3gmKm5v3fzgViCQ,-1,1,1,['6631f82fb4d81e11ff6843609c550b9a'],0.2928983507196177,0.20700603580074647,0.15175809464901638,0.4293787282862599,0,likely_human,1.0,0.20700603580074647,0.2928983507196177
UCh7hQ-C8DqB3QvJ-PYbRE0A,-1,1,1,['642aceff4d2182a756048a81413d895f'],0.30322453033572594,0.207005909024818,0.14802697460491596,0.39995263026773975,0,likely_human,1.0,0.207005909024818,0.30322453033572594
UCchdTSYT6lMzruGuV2agCiQ,-1,2,1,"['8cd9cf8bd490b9f1efcebbd87f497d53', '15e70c7739c948ef77001ab22e22107c']",0.28570434429796776,0.2064951334966573,0.1617207604319496,0.4468603675134041,0,likely_human,1.0,0.2064951334966573,0.28570434429796776
UCeOLmyJIvGDGDzY1cjDCXUg,-1,1,1,['06c38370924b5085d712001979a0df0a'],0.2590812769738111,0.20646309718273256,0.19051999123575342,0.49524959454415113,0,likely_human,1.0,0.20646309718273256,0.2590812769738111
UCd5hm-Hf4qzNTvNJFPA9bQw,-1,2,2,"['3a1bdac3e2209ca9a976b1ff2b23674b', '7965c207ec1f962b4cd574d843d0bf5a']",0.27974048178754035,0.20625235087911054,0.15687414088225873,0.4761034584598316,0,likely_human,1.0,0.20625235087911054,0.27974048178754035
UC9RM3D3ttctKRvnFJD6ETVw,-1,2,1,"['21303957349777e4115c6cb51bfa500e', '33e57a18d561caefb38d4bc2c356f162']",0.2727896475664245,0.20610448485129132,0.16864693934933972,0.4760076259672446,0,likely_human,1.0,0.20610448485129132,0.2727896475664245
UC_lmVUakK2_GB6OcyWIIn8A,-1,2,2,"['5dd6a7df9dd7f2b96bdd5cd5fd17ae97', 'bfd960933a190b116ba21c4a55bb6505']",0.27650634587556194,0.20608709887676374,0.15474551197388575,0.49220360021238757,0,likely_human,1.0,0.20608709887676374,0.27650634587556194
UCVIZe_89OvywjoCT4SDaNVQ,-1,5,2,"['2747b1306a4cef3e60ab5e62c5a5541b', 'b99ed401e38cdb5ed687310f4c237ad8', '111904d9f05c44efd5607b99a3bfb1b3', '6879978dc2d6709bddd2b69da1197724', '7260996c56ae8592fbd9084ff4e9325a']",0.24779163628053733,0.20608386695331563,0.15998149521267563,0.6113966812849828,0,likely_human,1.0,0.20608386695331563,0.24779163628053733
UCs0w7nnfrB7W4GW1ZVIHLFA,-1,2,2,"['1f92c0074f61c1d1df87f4289dcbbf5d', '4cc7bdac151531c6dd058f864624ef56']",0.2554119256689247,0.20587708753808265,0.15651856833998626,0.5831213276766188,0,likely_human,1.0,0.20587708753808265,0.2554119256689247
UCrxRIrgS-6dc09ddsjN8MQg,-1,2,2,"['2a2e4949d0b32ae83e842cca9a0e7740', '5c19d8a621d8e510b69604fae4718f5e']",0.3052086646171005,0.205507652727326,0.14464493396658448,0.3764043821835664,0,likely_human,1.0,0.205507652727326,0.3052086646171005
UCFkU8sNm3TXOd28bDTUHzCw,-1,3,1,"['9f9edc43293ebc1171ac558ebab80017', 'fe9d454f23c4252642b19e2aa7c96ba8', 'ebc2bfae6d514e11dc892e01511f4f90']",0.2614490622718844,0.2052740920328793,0.1664488219504036,0.5313292073316013,0,likely_human,1.0,0.2052740920328793,0.2614490622718844
UCxSeMMEKQz-rNxOCH4FqVZQ,-1,2,1,"['a0186d8bba789664d0735a298712a775', '711d051b830df610f04c29fa347936e7']",0.29022652717464936,0.20519602209518947,0.1578594544760794,0.418660263265593,0,likely_human,1.0,0.20519602209518947,0.29022652717464936
UCSwydHPBCt9H43eTs2xivBg,-1,2,2,"['36186d4b26b788cc2893f7ebe9260cdc', '4f3bdf493cdb9fc164a650515435a1b3']",0.2792902918536372,0.20518280891519902,0.16606132527070636,0.44917941027383235,0,likely_human,1.0,0.20518280891519902,0.2792902918536372
UCOGJDGo6QGauqx5-Cfep47A,-1,1,1,['3457152b1442163923e7aa7f64e63bbc'],0.2985299795210707,0.20482168736316675,0.1494846742386975,0.38981575260539314,0,likely_human,1.0,0.20482168736316675,0.2985299795210707
UCRKChwGlWNgsb2oNX4vR0YA,-1,1,1,['4ff927f8ff4fdadfaf03a1cd37248ee4'],0.27793338440571586,0.20460825940731597,0.17646865619388827,0.4215516464571656,0,likely_human,1.0,0.20460825940731597,0.27793338440571586
UCO2gBozdmbKqltuxg9JZE8A,-1,1,1,['f6f7a5db15634a33c12fdd960da3ffc6'],0.2931230989577711,0.20408780679244465,0.16640518638936685,0.37770773899955673,0,likely_human,1.0,0.20408780679244465,0.2931230989577711
UCM24I7ZX80jW8ZtfDInmwpg,-1,1,1,['6c912d9a6f5cc2289a2295e2ac288dd1'],0.2477590411741441,0.2036849601554574,0.18458245032753778,0.5349579301974465,0,likely_human,1.0,0.2036849601554574,0.2477590411741441
UCNzJB4rIj-DFBXh1p8Ura2Q,-1,2,2,"['f518679a3348e8419999b3cac67d9ec2', 'be1264c8dfc1b3ba6308e3cc7bf7849c']",0.26399060737267444,0.20331695887107193,0.13131064420266536,0.5744931517263486,0,likely_human,1.0,0.20331695887107193,0.26399060737267444
UCdG3SV0qQAz7nAkLESJ383w,-1,2,1,"['7ff0855e9a08758602db27cc33f00f75', '220c23fb369b85134f4835044c8bd7fe']",0.2795136606161975,0.20324804040734962,0.17139867852663124,0.41909429501152196,0,likely_human,1.0,0.20324804040734962,0.2795136606161975
UCUmHpg4lvqQT6a7Z_-giaHQ,-1,1,1,['ea1efdcdc8ec01c44ee3d47dafedb3da'],0.33370455862498205,0.20298585767691624,0.09565044936888716,0.3261204992745166,0,likely_human,1.0,0.20298585767691624,0.33370455862498205
UCTyb5pgu8Ql9Drj31HvIydA,-1,1,1,['d79c996362cc72c8797a32e285da862f'],0.2605988252402176,0.202828266638092,0.16615036836278127,0.5134884583353856,0,likely_human,1.0,0.202828266638092,0.2605988252402176
UC0qnzjl-NzsFmdhrpyu753g,-1,1,1,['4e8b2b5446aea4fe9029761159c44640'],0.3129010936467763,0.20273604702920053,0.1447487055155026,0.32001770249698236,0,likely_human,1.0,0.20273604702920053,0.3129010936467763
UCdq1lNFbqQRWchCWTFEC5YQ,-1,2,2,"['23652545f7fa2e6532740eee8f6bf70c', 'baeb44bf7c80a29fccde2604fce3f770']",0.26946671033320424,0.20241603373639588,0.14326246873112983,0.514159793034422,0,likely_human,1.0,0.20241603373639588,0.26946671033320424
UCkK7L2nqQs6GgLM1dr8lxpA,-1,1,1,['d446e24557777743f8bcde0244e8a610'],0.2833437698704506,0.2023700495950989,0.15185161791365076,0.4261180261064167,0,likely_human,1.0,0.2023700495950989,0.2833437698704506
UCv89AloCrm5pk21rMGkxRkg,-1,3,1,"['4853ec570cbfd3d82deacad8e081ace4', 'edfec4f80b6a9ef9f18e9515d93fda23', '1b19fa4c3a8a09f901a1917fc9e1b3e2']",0.24123597158047802,0.20109569857354193,0.1744456049351634,0.5631835870092449,0,likely_human,1.0,0.20109569857354193,0.24123597158047802
UCbpuAYLNvi_3y3LiymsOe1g,-1,2,1,"['ebbc034168df2fc1851f305fc5538a6c', '35003e165d9e4e527d06e3e254679f5c']",0.25587800239051794,0.200762114632703,0.1196239741796081,0.6042952516765971,0,likely_human,1.0,0.200762114632703,0.25587800239051794
UC972Bhyi28MtzrjYUIP5e1A,-1,1,1,['055c3fc26a2a057e0cdea09ea5b616f5'],0.27102375170495857,0.2005318216182983,0.14324581050136023,0.488280311660659,0,likely_human,1.0,0.2005318216182983,0.27102375170495857
UCoHsWnEKrWBQ5N6eLXuxgCA,-1,2,1,"['1b155f6ad9afc42fd3993d52742c668b', 'd6ec9da01e3459bfba0cd98ae372056b']",0.2358830724294818,0.20035792591291185,0.1540794056036872,0.623366929883908,0,likely_human,1.0,0.20035792591291185,0.2358830724294818
UCAH0RDKkppD73KGTGu3sE2w,-1,1,1,['f3d10e47fc901b842150eb2ed9778dfa'],0.25949011319094734,0.20032256274483642,0.14142387511226281,0.5344396857858252,0,likely_human,1.0,0.20032256274483642,0.25949011319094734
UCSikQ5kZbBx2w-8uxnQHfaw,-1,2,1,"['20f2a529a27bcc5e9d980222110edc79', 'd1caf94966782fc3c357359965516b0a']",0.27316248944224397,0.19973798586425778,0.16097156533343146,0.43468285512746896,0,likely_human,1.0,0.19973798586425778,0.27316248944224397
UCq9WU3fs4baQDw40_ylL-wA,-1,3,1,"['c9081bc562a348395a6361e3982f28c6', '4d388b8870441d3a5bc328b1878bba6c', '69717350eecc86209c2f34eed7351be5']",0.24296249976759324,0.19960196877164482,0.17941122742785062,0.5273705360464627,0,likely_human,1.0,0.19960196877164482,0.24296249976759324
UCd4cqMlW9eyZjPtr6sgB7hw,5,1,1,['f05b9a05d002e07b79f5ae028f29403c'],0.18270270213332027,0.19955596804451703,0.19323633703162332,0.6792124144609092,0,likely_human,1.0,0.19955596804451703,0.18270270213332027
UCrm9q7Lf5RJpSGOw9_pR5EA,-1,1,1,['13f5d4b6747c83dfb5ff536fea22ea25'],0.2325408561167667,0.19934516626167553,0.2112531597587228,0.5154001441079507,0,likely_human,1.0,0.19934516626167553,0.2325408561167667
UC11dKYyBQQOi057nlhAOUMg,-1,5,1,"['bdb7cff68343801391679c6682443368', '4f0f046a420acbce6faff2f85745406a', 'f9846bcbcca009a45d98cfa57ed9cf2f', 'ea560613e22c1faa0f63886a5c5f7523', 'e505f6cc27f4711e5bf666bffb0dc5b2']",0.26463273626892725,0.19907185371769887,0.1655060098953632,0.4590608693003082,0,likely_human,1.0,0.19907185371769887,0.26463273626892725
UCu1oTg1OkgGUbRG0S5rqnGQ,-1,1,1,['d60dbeb1e58c10408d6042f6759cf934'],0.22837962157441397,0.19895675180814124,0.20719109717964804,0.5261953920331913,0,likely_human,1.0,0.19895675180814124,0.22837962157441397
UClD0pO84GAaM9veZQwIoGtQ,-1,2,1,"['b868251ed34cfab431a20e63fe4a49a1', '115728b149462d8f183b9fe543ee7355']",0.22327005124217292,0.1974407024717128,0.19149096565363682,0.5726277357867642,0,likely_human,1.0,0.1974407024717128,0.22327005124217292
UC0EcEYUNaCQDnNEAJy7rpNg,-1,6,2,"['6b2096c881de4fbf2d3646b9daae7ed2', 'd066ae8c65a02d4765a7a3e442e6d473', 'e9b8b1525e14febb3cc413c91fd2d015', '2c97c75e56f2b72197254692503a7afb', '82c4e6d23e9a8b773bb102d86c80a4c5', '9f2d71e5059f690f4b9a47904188326b']",0.24108374729141577,0.1966974701617315,0.16142729934711852,0.5457924580799105,0,likely_human,1.0,0.1966974701617315,0.24108374729141577
UCJi8k3JAHwYn6BgiM51rwZg,-1,1,1,['c63440cbbe458e9c892fac43ed3dac66'],0.2763160945605919,0.19613581972094168,0.1418334212495157,0.4206095362946991,0,likely_human,1.0,0.19613581972094168,0.2763160945605919
UCgKBqxWOAjdKbbiQsWuUdfw,-1,1,1,['34b028a1a95801015cee144e033abc53'],0.2791338991226988,0.19610753670724052,0.1417333882890687,0.4088243081462456,0,likely_human,1.0,0.19610753670724052,0.2791338991226988
UCMyb0XaEYlXQywqws2Mr-oQ,-1,6,1,"['1274bd495ca021132f060046aa3f0f2d', '9694df8fd0485136cd71d13f9b43598a', '1ea81ca9a3bef8fb027e685c497e08b5', '0f7686a3c785aab17f658aa75e351e45', '2e338f8d653d1df5a5b0807b47479915', '6f01aabcdaeed321b4e9158736d830f8']",0.2544726502467851,0.19594701359334116,0.15188206364101692,0.4997677168028102,0,likely_human,1.0,0.19594701359334116,0.2544726502467851
UCx4YWHbKuR7FHfIkGTE_HvQ,-1,1,1,['20f48b1fbe881aaed0a71df23ac305b9'],0.2671870446472435,0.19509965743787835,0.14775445102851373,0.44059430887839,0,likely_human,1.0,0.19509965743787835,0.2671870446472435
UCM8mbntSnQv7pp9TLqIHA1Q,-1,2,1,"['1bb334686d9ad28b584555b4b2b4ba42', 'd9bc971ff1aded77885a060acff3d545']",0.2564801993877069,0.1946708049983533,0.15211840852624517,0.4809349751378438,0,likely_human,1.0,0.1946708049983533,0.2564801993877069
UC0bN8JagMTQ1ywkfOTYCPAA,-1,1,1,['f172ee30957d2d90ff905d8a36ebae6d'],0.22656625980682185,0.19454726857905802,0.212329125494224,0.4841037195444302,0,likely_human,1.0,0.19454726857905802,0.22656625980682185
UCs6Aj1NlVFs6Pjyk0fOHfoQ,-1,1,1,['c369b70d341d867137e31a239bf9bb78'],0.2277148536166838,0.19436130289315393,0.1895705287661163,0.5238800776952335,0,likely_human,1.0,0.19436130289315393,0.2277148536166838
UC87n4ULUVrTiSdtsH-Jcxmw,-1,1,1,['8f5deb37eed0a6314198725a01ab70b0'],0.30645087792040276,0.1939091550447707,0.11934012558844166,0.3101430072965585,0,likely_human,1.0,0.1939091550447707,0.30645087792040276
UCghzfrjsrgC1voCfnDhJ4Pg,-1,1,1,['28de6af2e86ebe37f06aaffd62b99a13'],0.24888792054363432,0.19387911078118344,0.17969046157361745,0.4383532247736554,0,likely_human,1.0,0.19387911078118344,0.24888792054363432
UCKzFJRT8-womHSjgS2wJFog,-1,3,1,"['89ebfbfcba14e788d0e40d638d0dca37', '9159c8aad46476993f6a31cff5667fc8', '0941e2d06b2e08a6b4461d255fcd4cb4']",0.2253856515436238,0.19324408347338196,0.17177240978559696,0.5534587702812285,0,likely_human,1.0,0.19324408347338196,0.2253856515436238
UC_2G-uSo2ZpRHMgXlRzAxIA,-1,7,1,"['57a358a1c488a70111f37bcdde3cfc7c', 'f97931f99d4060265b44f6f3e7cedfaf', '933d68265b13c9ada1e85f6321ebc545', 'ee1d89133301eab8ca5539e3301b8ac6', '4f50685b32e907ee49b4dc36eead91a0', '73a5418ee5eda8c8c53f21107625aae9', '14300aa02eadb5f52d3e4f3f0406d07e']",0.23784606613443918,0.19314762713302258,0.155493110690364,0.5424542827573288,0,likely_human,1.0,0.19314762713302258,0.23784606613443918
UCBBvZ9jWvpU4An_-1FgOyng,-1,1,1,['1c72df0d21efaccb8c04b3fba4ad3c7d'],0.24733259746444242,0.1930160840243222,0.18075253121378282,0.44176715401765976,0,likely_human,1.0,0.1930160840243222,0.24733259746444242
UCPdD3YpXTI2gROpI-LtEiNg,-1,9,3,"['04e1856f5c1621eaaf463f99e9030ed4', 'd128b53800503f2ca3f8ef9860bf1438', '82ef637e66f1a209bd1cf72a38008aea', 'e4fcd4257a0f0aee848e851f7f016b99', '8e00223ab8cb504edbc1cc9dd56cb522', '5929b3da83e92258d7a560a58e03ee4a', '38055faba83fe621b75374efd4b4dd30', '791f9cf70b4e75597d1e6b3443856f1c', '5525d82df77311967b4f589c93fadb79']",0.19850396083813612,0.1930069970579969,0.21833360771719296,0.5771375231274873,0,likely_human,1.0,0.1930069970579969,0.19850396083813612
UCn5m3kPF28E95-2st8fEU0A,-1,1,1,['3aee8458b2fab0298b3bb866aba034b7'],0.3066872850172062,0.19290609629666608,0.0994869138025251,0.3384998420679843,0,likely_human,1.0,0.19290609629666608,0.3066872850172062
UCq4c5VbHBVc790b9uDAdjCw,-1,2,1,"['6000313d378e3e138b4b4a9d39ae5aab', '72fdba875e432f17c21390140ff9f719']",0.2275848658375349,0.1924808978740034,0.17326094578116258,0.5450315542846097,0,likely_human,1.0,0.1924808978740034,0.2275848658375349
UCm1AzOxi1cmjltWa8pBYc9A,-1,1,1,['0aa89b0691168d6a664746c32be51f61'],0.2827704019040877,0.19183606320564683,0.1548510924549615,0.32287471321987854,0,likely_human,1.0,0.19183606320564683,0.2827704019040877
UCtRvOp_33CFfh9R-dVefuzw,-1,1,1,['85983f563b73e9f3794d007ffba9ee0a'],0.2043055089316118,0.19161139373651592,0.18918442751111714,0.5973676392905175,0,likely_human,1.0,0.19161139373651592,0.2043055089316118
UCC6xLfjipmozpj02ZbLsDAg,-1,2,1,"['3a713fc36b74c2c999bd0f1fe5ff7cdb', '9f1f81658de73db631fa7b6d07a2b379']",0.23556515874998651,0.1912456686939473,0.1867598094306359,0.465005812675917,0,likely_human,1.0,0.1912456686939473,0.23556515874998651
UCP54FTLrZDVYMxikG6YPH0w,-1,1,1,['e28386f773d41c5de95ba5049b9595c6'],0.20078048059026288,0.19112485530534884,0.17352777250388435,0.6434993985378948,0,likely_human,1.0,0.19112485530534884,0.20078048059026288
UCdu4kpHd1_YPth0yhzgIw8g,-1,1,1,['f3308eab1086f5c3bc8a702731649e86'],0.3093513489382838,0.19089181151964324,0.07814430700392244,0.35704485929622226,0,likely_human,1.0,0.19089181151964324,0.3093513489382838
UCZZsK_YpbmZBnmCkGfIklHg,-1,2,1,"['98bd3faacf9e560a7f749be7e6a3329c', 'c30cab532bc72af97fbd43af71d8a705']",0.261672404297545,0.1905028817785794,0.13018219464371045,0.4503982844333716,0,likely_human,1.0,0.1905028817785794,0.261672404297545
UCdFDlJujJRZcD8OsXuqfjsg,-1,1,1,['d574232918baca717387c8ba7c59a7fc'],0.2718911929781664,0.18972276526108428,0.14746567011172515,0.3661782837908967,0,likely_human,1.0,0.18972276526108428,0.2718911929781664
UCWbiBEZ1JSpKpSX7nwI6ZDA,-1,3,1,"['f2fbaba5e1cd94e1685ceda32c7339f3', 'c0598d23a8fb1e0633caf2af4aa520f8', '9f71959207c23f8a0dc9c8c94e65ac3a']",0.24541542958244567,0.1893750782695771,0.1685054398586318,0.442135223402777,0,likely_human,1.0,0.1893750782695771,0.24541542958244567
UCcyqN1jollTZ1a2U8JNzF8A,-1,2,1,"['de237d5c48f1f593f7a7850046137d93', '9fbdf06f11f2c463cb23beeec3350310']",0.17646177998732337,0.18924055799385564,0.16638819649716535,0.7577864276337412,0,likely_human,1.0,0.18924055799385564,0.17646177998732337
UCoSduiKXm8Jn_-e0xgyNazA,-1,1,1,['9f3514989517b1d3a7e256a17d230391'],0.19437152353584466,0.18837233840860187,0.17081730508249915,0.6499139505005554,0,likely_human,1.0,0.18837233840860187,0.19437152353584466
UCpZLmoo2322awSJ1HB7Yieg,-1,1,1,['a85ea4739679935964d75f5c69260517'],0.2557936367643816,0.18783509007433014,0.16743253628218283,0.3721331340682685,0,likely_human,1.0,0.18783509007433014,0.2557936367643816
UCKDReezB1xnbftcLVBwuS8A,-1,7,1,"['37c507545447a7f633ed5589915deb97', '5734595fb516b9608bbb6e53be22fe8a', 'e5ae5a34098e2235c4bc58055a85e40d', '6c44b8f7582ad8338f926907dd25c7e5', '0d6a0d49a46e16a5a59977301fc7aeda', '7476516e5fa2fdc9d91a892a6aceb8c2', 'd087b9a3ede765898e89fede2262511b']",0.22008646872708532,0.1877304553888655,0.1601173290158601,0.5574793826639886,0,likely_human,1.0,0.1877304553888655,0.22008646872708532
UCdBSDXHQ4_8_FjBKTbQ7MHw,-1,1,1,['55c3e40dee0d2695a1064e53be4883b9'],0.1866527025501115,0.18750026078631105,0.19081637392416922,0.6399015419492813,0,likely_human,1.0,0.18750026078631105,0.1866527025501115
UCHD9NvHZzcRqcBHloYM-A3g,-1,2,1,"['2194fe4654af23f2eeb017479d9605ef', '666bdf9c249e43451b4e7f263e2f06a6']",0.23468967699545948,0.18735586590881625,0.1430481510288412,0.5261822639630147,0,likely_human,1.0,0.18735586590881625,0.23468967699545948
UCN_tNVqjgDm0FkYfoFWQNmA,-1,12,1,"['ceafd676a93646cce469faf25b3f4857', '922ed6bd7d306f00facabdb428379589', '2c1c2e668965736e218cf3c0792a3e04', '4c2329ef455c74015504b2b1079d5e3b', '4b83074742b193dc991a5a4be91164f7', '089420f7546567dfd6bf51a088d4a50c', '00fd5fd24be55b831b1a906b950e3813', 'df71109f65f8834585b2fbcea4260b56', '05a377ae6787a0cef9f2908c306cf6b7', '74974e07b8596cd08a396c152268486d', '74afe0a18d34af589da0ccf9ef5daba7', 'bff88f3c68b5fa58246c67d3964907f9']",0.20446392768004315,0.1873477052643613,0.16315298584168694,0.617943390470822,0,likely_human,1.0,0.1873477052643613,0.20446392768004315
UC5Rq1_o5vfQNRqSQDBvRg7Q,-1,7,1,"['f995471ec901c38e8b4af46c6be1815e', '419d66b48a5891245f20547a6f39db04', '80c9aed4e0b254732cfc8debaffcdc59', '21fb218123efaca16c84f222736500eb', 'e8d45102379aea72751f9ddcebe2c4cf', 'a478e26e3ca5fe3ee846f7a15a1d768f', 'b51dbd50b0a0f8e07482f6580901a193']",0.23151297119138636,0.18688624191992054,0.15682521011706604,0.5039500061974407,0,likely_human,1.0,0.18688624191992054,0.23151297119138636
UCl_nfmSy0GvLQDfi0pfnbrA,-1,1,1,['8695650f4fa57661d1c46a1d7d31d1b4'],0.18478938139374726,0.18679684614406322,0.2107307131708367,0.5909041534713686,0,likely_human,1.0,0.18679684614406322,0.18478938139374726
UC890aqHdKuVXi-nZS75qcDw,-1,4,1,"['0c3245f724b2edc539ce22d260cb421a', 'b3f3587d092d40603f6b858f46f47808', 'dcfdd58ccb12fe4ff1b8867bbc54865a', '1452cd06e3150b566be266326b886fe8']",0.20426591704766167,0.18659578231357637,0.1897833786634971,0.5583124027875541,0,likely_human,1.0,0.18659578231357637,0.20426591704766167
UCeQQ7YA6yaPPdp814lWudaw,-1,1,1,['27c863c6b280b13d857d9abd07a0d400'],0.2247537255913207,0.186305107412985,0.15223552802974677,0.5453854023343447,0,likely_human,1.0,0.186305107412985,0.2247537255913207
UCmkIAgRRaLzmc5St5FM2e_Q,-1,8,1,"['c381816885ef4996d21769478a61765b', 'c7e7ddf5283cb6bc1e6e058ed63ef0d6', '6d180522c9173127e4fab91e506e7547', '221363aa0b74b6d54364d77ed93be220', 'e14cbea6870cf966dba355f26a7e186e', 'ee0e45d790c68cd78c3da6ccfa03c14e', 'bc4a5698659d31d406179a809e8dca1f', '57e9317276a8cd0f0e636f40a635321b']",0.21218084175691354,0.1852355591800729,0.15925808564415822,0.5677116648537781,0,likely_human,1.0,0.1852355591800729,0.21218084175691354
UCNy35ptog4P0UO1rGmQMLVA,-1,1,1,['8e4dd0bf1268322bfefee4a9ac2e683d'],0.202428400716815,0.18485754813037605,0.17487578893970837,0.5652774306646046,0,likely_human,1.0,0.18485754813037605,0.202428400716815
UCh4OY-qD1pA7ac6K2hVorpQ,-1,2,1,"['058407bb8d52a254e113a5f5fc0ecd11', '11f0ca74ef0b0cd3c54c5fca96adf971']",0.2271947012264283,0.18455374443715833,0.13690754732631588,0.5395141472541538,0,likely_human,1.0,0.18455374443715833,0.2271947012264283
UC5VC2nD5eFZSytltSeVg1VA,-1,1,1,['3f162142d2563cad8acfaf6e7aeafe26'],0.22612109428206867,0.18442709156538545,0.1628838866564493,0.48025362326057136,0,likely_human,1.0,0.18442709156538545,0.22612109428206867
UCex3YxRA6R8Ut1elJWNTUTA,-1,1,1,['3400eb9a94b7c5c31f259a203a3f66d5'],0.2164140183950095,0.184369239193796,0.19647292279271888,0.46067141924968985,0,likely_human,1.0,0.184369239193796,0.2164140183950095
UC7Rl2Sz5w-RhgmEkFHSD0og,-1,1,1,['3e659882e2513b1041b103540e6373ea'],0.23054677603632145,0.18424968610758236,0.16576269345968456,0.45266681288346516,0,likely_human,1.0,0.18424968610758236,0.23054677603632145
UCUOrxWeekzDG1GtlSCjtqfw,-1,5,1,"['91e0464128307be0145cd4761e956a8f', '5a8c19fc6c7e0ff0f21ededf908c939a', 'dea22f8ccf84478fc36ace85dc4e240b', '3f9ec48f4ff5ce8b79d73a25823d16b3', '2f6bab1cdff4504b919fd3db408b34f8']",0.19405146132462825,0.18401220944025165,0.1867392633753319,0.5812842897283633,0,likely_human,1.0,0.18401220944025165,0.19405146132462825
UC6l9ZkC2yL6i09Rxz18psIg,-1,1,1,['55833214e5d5e5a64823dbf073c347f8'],0.21875650294868515,0.18397263705057365,0.20377708070956782,0.4336873985153791,0,likely_human,1.0,0.18397263705057365,0.21875650294868515
UCAUJoWMicKCLyzfv6jlccwg,-1,2,1,"['33782547e1e43bafd30494dd680fcee5', 'a050edb1944977b76e9d066f2ae0c69e']",0.26232806429440114,0.18347274664407623,0.11114339143380456,0.41972536411823386,0,likely_human,1.0,0.18347274664407623,0.26232806429440114
UC4j3grkDzvGtvMnKsdUhMgg,-1,1,1,['6392700f73b5cc49ec8f445111000798'],0.2338122648692222,0.1827942832181787,0.15122296191122653,0.4538638958655926,0,likely_human,1.0,0.1827942832181787,0.2338122648692222
UCVm_Kb_tputOlAWgXXrPgmQ,-1,1,1,['52bf7f343d0dea20ac5bca50ad9e30e1'],0.19474142223631538,0.18241415945008266,0.14850672768905632,0.6350664177706931,0,likely_human,1.0,0.18241415945008266,0.19474142223631538
UCyg_CnxM6s_TKlKbIYL8n3A,-1,2,1,"['a64325d65345295cb5b1c3ea1d78f786', '8ae55dc50e646cbee50f7a891f9e26e6']",0.16770829346832028,0.18229123897623717,0.18506570194195893,0.6862129229063995,0,likely_human,1.0,0.18229123897623717,0.16770829346832028
UCy27g7aifdx5iPty2hHa62A,-1,1,1,['443254ca32b12a175a89f924e595340e'],0.25290730982012477,0.18193968007416045,0.13557896215062687,0.39433500976939984,0,likely_human,1.0,0.18193968007416045,0.25290730982012477
UCXvdhkr7XXicWvZS0_fzjLQ,-1,1,1,['a12ce3e75ee582e4da9913313f621de0'],0.2353634536885189,0.18159476456419252,0.18196023852695628,0.37975036599869405,0,likely_human,1.0,0.18159476456419252,0.2353634536885189
UCXqSyGPc3Elk9F_orb9dg1Q,-1,1,1,['f2560b0eb6cb6c1dee520375bb3a0137'],0.21968833916995134,0.18139366352311398,0.15541016023657556,0.5110269930966946,0,likely_human,1.0,0.18139366352311398,0.21968833916995134
UClVK1bGgCaPXzGrM9AZoA1w,-1,1,1,['af00352ea2545648781cdb77f0d91f12'],0.1879849926159289,0.18135713874921972,0.2195687967699831,0.513832091833621,0,likely_human,1.0,0.18135713874921972,0.1879849926159289
UC-SBRZ_2aOWkRObbVZ3ziZQ,-1,1,1,['398ddb0c08eaef392f450222f30a8bc6'],0.23301216344660003,0.1810232959422514,0.15632094610497094,0.4374697194440335,0,likely_human,1.0,0.1810232959422514,0.23301216344660003
UCj2TDcOpLLa1_e7aljWBq4A,-1,1,1,['bf33711416921934720b2a516bb6d631'],0.2559595553177799,0.18089258845493006,0.15404930999699132,0.3307448980745825,0,likely_human,1.0,0.18089258845493006,0.2559595553177799
UCHhUwOuBkNtZC0cgpo0kJIQ,-1,1,1,['08cf4e6c14067974e71f6cb82869cd54'],0.18448706985751506,0.18074938787108663,0.16711067151033113,0.622342289461565,0,likely_human,1.0,0.18074938787108663,0.18448706985751506
UCQEWFgzTCe0SucHJcdPv2iQ,-1,1,1,['7ad17c567843d204c459fe454c6edb50'],0.24862007397338456,0.1806085831415395,0.12699143033322452,0.4172767459565162,0,likely_human,1.0,0.1806085831415395,0.24862007397338456
UCedwQqGQ9mwfKZccL7EZfYg,-1,1,1,['a9a39a967dddf67832f3403c4e3a4173'],0.18865787197621126,0.18058839052034414,0.21580373967238017,0.5076351801215164,0,likely_human,1.0,0.18058839052034414,0.18865787197621126
UCyvhXE5Bz2aBgu8iy61A81g,-1,2,1,"['913e442f392b0d2f530a9c8b04b7d7bd', 'ebc0c813d7f7eee7936f8614a95a24b3']",0.16684517248398062,0.1793571003338909,0.16325182524884693,0.7043849491484839,0,likely_human,1.0,0.1793571003338909,0.16684517248398062
UCe6fGAARuRK4NwRF-YH4GEQ,-1,1,1,['6383682c3a93f180669c77041103e5f2'],0.2421722697543685,0.17934227990238033,0.1572575735776439,0.38317155229276745,0,likely_human,1.0,0.17934227990238033,0.2421722697543685
UC8Sr1VpvFe8B60VCUg7oU6Q,-1,1,1,['1f43677e9851c93c8942bfd6d473301c'],0.1763589119117218,0.1791688909627718,0.1964192488956932,0.5822757930891497,0,likely_human,1.0,0.1791688909627718,0.1763589119117218
UC9UzUUP3O3egW7dFZZnED7A,-1,1,1,['da43e6e2e154f1e184e47bfd1f3f0f85'],0.21414306197717217,0.1790620809804272,0.1731796469814233,0.4680636239730391,0,likely_human,1.0,0.1790620809804272,0.21414306197717217
UCXTPWC61RIL1zEcuWDw1fvg,-1,1,1,['51f8022bc6d9b323744353a9e129234f'],0.21353247894260285,0.17883206701935928,0.18122597685368383,0.4543185362209692,0,likely_human,1.0,0.17883206701935928,0.21353247894260285
UCahg1b2PTnhHiJMohYWW2Gw,-1,1,1,['01d8a26335383530d61c6e190360dc1d'],0.19881970777848795,0.1787975929288147,0.19531334484227064,0.48108369646530325,0,likely_human,1.0,0.1787975929288147,0.19881970777848795
UCmF5u_Pk4xaHumwEPjYunzg,-1,6,1,"['7a95d597d5df6f4de4a0fbfbfc718deb', 'd1f3c7db757f6d2001b629ff8c395ea8', '5c1a8d70a575414c0ccc5628c7a18af5', 'c8f23445af028f8462a44cde559fb22f', '1daa395e16d759a223589115c7beec7f', '711f3a59678257ef537ca14171570207']",0.21556808208189096,0.17861803483429128,0.12792814939009678,0.5532653971829431,0,likely_human,1.0,0.17861803483429128,0.21556808208189096
UCcsn98FlWazrObZxN-QjNGg,-1,1,1,['6d1a62f8d1bbba35e6c27d1995ee9830'],0.24998840584432014,0.17818296383039917,0.14278431611982634,0.35787131158302854,0,likely_human,1.0,0.17818296383039917,0.24998840584432014
UC92OdpEh1sy-OuAd6geyGXg,-1,1,1,['9e0f6dd52c5b5656199e5dd85154b1a7'],0.17443594817345107,0.17660860924033928,0.2271188526887811,0.5098009181625491,0,likely_human,1.0,0.17660860924033928,0.17443594817345107
UC_evECkNqK9zkh5MLxuLqDA,-1,1,1,['0dd147782b63ebf03b8aa821e433973c'],0.19093033688412184,0.17629421953593274,0.1738592383763911,0.5343170157832291,0,likely_human,1.0,0.17629421953593274,0.19093033688412184
UCPJiCZZxpw3F2XZBULaWfjg,-1,3,1,"['7751090ff0c714ae89d156b21df62f28', '0ab20216756288dead36347fb17cbee0', '7bf5212bdfcbcd3913dab127cc8e3ab9']",0.18020279836041211,0.1757598469937393,0.15232143346071758,0.6310714466558996,0,likely_human,1.0,0.1757598469937393,0.18020279836041211
UCtDTIILknkDiz-UAyTsMz3g,-1,1,1,['20497c11fa6c671d6de50733a75565d8'],0.19955351503408647,0.17569172851622866,0.15764154808767364,0.523782600996648,0,likely_human,1.0,0.17569172851622866,0.19955351503408647
UCsrvHrmBOk-x-vxDS7O5O2A,-1,3,2,"['4b683869b1674aa86ddd3b51dafcdf7e', 'df0d62d00a5d62dd4299e146ae99fd87', '5b8611266d5f8f1cee8de23f1f41fece']",0.23658847144201958,0.17520591473651675,0.13957693353642744,0.3990213238048951,0,likely_human,1.0,0.17520591473651675,0.23658847144201958
UCFTyqtEGmpdK6UQEBPR1Wyw,-1,2,1,"['a701c912302c962952cd031912b07a19', '9393da1067cb98c8fe75201492afd930']",0.16959809747524573,0.17409139558207073,0.19848446425399857,0.5733285456157892,0,likely_human,1.0,0.17409139558207073,0.16959809747524573
UCEaqwC_SaLXfsplkcGr_K_w,-1,1,1,['e9c1c7a7c15b4009118d1c8f1c47166d'],0.16151931189673532,0.17381388834279637,0.19733643744669,0.5942452513784471,0,likely_human,1.0,0.17381388834279637,0.16151931189673532
UCtZeJEG71TDel7J0Rz5W-DA,-1,2,1,"['8714e1bb22b9350bc31cf13ab26497da', 'ad9d32d4374e59b55fe5f6b9bd6d86be']",0.18396159758886493,0.17304608411939887,0.19452617296642302,0.5018955780380834,0,likely_human,1.0,0.17304608411939887,0.18396159758886493
UCql9P2MZDsIYwrlvmAPaMzw,-1,1,1,['c4b5d308da3b7feeffc065ab25b40bfd'],0.1581455752037114,0.1726819490426445,0.231425551550949,0.5436305966001027,0,likely_human,1.0,0.1726819490426445,0.1581455752037114
UC4dp2l9M2Xz1NplU0qwNzRw,-1,1,1,['9175aca075e3deb125e7fbbb93411039'],0.16212567119098867,0.17264478192707516,0.18933252037855128,0.6087744058087906,0,likely_human,1.0,0.17264478192707516,0.16212567119098867
UCTId42l-GR6OfDscIv-5edg,-1,1,1,['a7dbe5a5d74f8cf47cf24d2f9c4f4df1'],0.1604282679284296,0.17240871481165868,0.2199501573507696,0.5517150128783495,0,likely_human,1.0,0.17240871481165868,0.1604282679284296
UCHojnA9H4acOTeLT5tugjbA,-1,1,1,['958fbfead78ca6d9a80fc7ea6a3f2e21'],0.2009996219208942,0.17234003725097932,0.20103520094659474,0.4061007069272336,0,likely_human,1.0,0.17234003725097932,0.2009996219208942
UCgRUlIw1mJbEOKJI6-6By8w,-1,1,1,['1d98f46a568da9875e81829a30a22ff7'],0.21230219907326464,0.17172182677460873,0.1674101073143726,0.41930033913928283,0,likely_human,1.0,0.17172182677460873,0.21230219907326464
UCU5Cl3FMj5f0rtXyrFIuLvg,-1,3,1,"['c05bfdd099f420529209f03905487432', 'efbf7d8050f2f8552508522491ea19dc', '94a25688f84a7130d478cd44cc43a262']",0.15342585255657745,0.17169411313544103,0.1906885580894724,0.6376356030015777,0,likely_human,1.0,0.17169411313544103,0.15342585255657745
UCI65EzNMSDUYj-BbHI-vN6g,-1,2,1,"['bfc281f86b52ad7e6fa29469ba34f327', '961538e5f4617321e16fab5d5bacd36c']",0.19129240091332472,0.17092899904743786,0.12725997294102617,0.5900824255865442,0,likely_human,1.0,0.17092899904743786,0.19129240091332472
UCuc7DDPzv_aDZagki9vZ4qA,-1,1,1,['9ad1629dfea866ac71d45bcc5ec210f1'],0.203234201190358,0.1706752547132206,0.1544830737222337,0.46456094393749825,0,likely_human,1.0,0.1706752547132206,0.203234201190358
UCzLjekZQGmOT7t32oDUvJTQ,-1,3,2,"['70776559b5b250900842c14718e5ed84', '1c42cb4804cdefa76e70d8eb3d71f94b', 'a2d8c693e63057544cf847b051ae1937']",0.20972931494779753,0.17032150075711527,0.15407803415853047,0.4358454308715573,0,likely_human,1.0,0.17032150075711527,0.20972931494779753
UCTfSKzFj8yYHVKn2hTg8wFA,-1,1,1,['f5ab954f61c243cd5fa00319b9605342'],0.19651249893320888,0.17005974902911886,0.13721439370868782,0.523782600996648,0,likely_human,1.0,0.17005974902911886,0.19651249893320888
UCDrrP3a0-L0Q6bJWke8smKw,-1,1,1,['391bf2b5e206a279220fc5f8f2ddf8c3'],0.19682217925946746,0.17004739558225357,0.18435915364218622,0.43861543635260486,0,likely_human,1.0,0.17004739558225357,0.19682217925946746
UCPtVAnKO4Y7dssc-6cnGJgA,-1,1,1,['3d746b6483966284a4826d7db9ccc711'],0.17334279173347583,0.17000577822965218,0.15588997728986997,0.5987719582211722,0,likely_human,1.0,0.17000577822965218,0.17334279173347583
UCYbnbXa03ngWaliiv7yxsJg,-1,1,1,['b6f5c0dc651fd1a0ab8d8ea3a0255341'],0.2182397325424254,0.16951033818226213,0.15156760166784738,0.39247177309496617,0,likely_human,1.0,0.16951033818226213,0.2182397325424254
UC_c9YxxWPEenbS_hET7-eKA,-1,1,1,['f03d3648bd6b9a676222107f278b58ef'],0.16036292280218478,0.1693269660728307,0.20051255767123224,0.5641593874995816,0,likely_human,1.0,0.1693269660728307,0.16036292280218478
UCOuj6ZHYWpBKRymlToU18jQ,-1,2,1,"['071cd76918bf01e88cd1bfa2581b3374', 'd4986c254a2f232e78dee3c33763b329']",0.18414438629504082,0.16916842064080578,0.13451993231637416,0.5847646908113517,0,likely_human,1.0,0.16916842064080578,0.18414438629504082
UCEHIfzImXZSi_43Tg3149Vg,-1,1,1,['e1c3e6cec22c72e72ed2f22a21dd2ae5'],0.1744548748713427,0.1685920156915296,0.19544297452827272,0.4954095701148543,0,likely_human,1.0,0.1685920156915296,0.1744548748713427
UCFLllxy6AC1b68VUf4L2XIw,-1,4,1,"['1791a62fad5be76d676cfa46aaece7dc', '08c5b9977ea70b1c2c476f221faeff93', '5c5652d6a16ad568171f2455c6149a15', '28ccb4b2e0db324ed68b5d894e69dc30']",0.1848532649529622,0.1676825098282727,0.17449412485626223,0.48693432849362583,0,likely_human,1.0,0.1676825098282727,0.1848532649529622
UCybqsgutG_SpX_KPqawrxRA,-1,1,1,['89c9718a7abb05ce45c3afa62ff3317a'],0.1773178286439731,0.16738059476976824,0.15563015671405303,0.5582174681428516,0,likely_human,1.0,0.16738059476976824,0.1773178286439731
UCXvVJGJWubBwVi27224IplQ,-1,2,1,"['3175876e631e63707a8d2ac1f86d11dc', 'a47fc15745e71778a495b267c76b48b0']",0.17983312794169448,0.16733353969775813,0.15714181765076152,0.5437474552744669,0,likely_human,1.0,0.16733353969775813,0.17983312794169448
UCpqdo1wym5wQpBtEEBNKTww,-1,3,1,"['6a385b31cec034e4bee4eb2c51bd0aae', 'e360accfdf250e3b067732a5274968cf', 'c4c54695c8e4d85ba1e3cd53bad39584']",0.1748871522468286,0.16689522024237446,0.17162907173827682,0.5278981182374662,0,likely_human,1.0,0.16689522024237446,0.1748871522468286
UCTrh-LcTVmGq5jNtIpj6dCQ,-1,1,1,['a8e69d1088755f70f8b3a2048f74445c'],0.20275217116344513,0.1664626609253439,0.15186994635761533,0.4315579124042333,0,likely_human,1.0,0.1664626609253439,0.20275217116344513
UCv1tQLBBB5uNao_KPZgbDRg,-1,1,1,['17d9fb55f4d03ba8147b059b6a9c3f12'],0.1855527434578732,0.16590470767674773,0.16783221939528276,0.47575717459144007,0,likely_human,1.0,0.16590470767674773,0.1855527434578732
UCWGxjjaEW_oM8KvpqSSY9dA,-1,1,1,['6e5c6416426d2cf083486b60ee9878e7'],0.1896273351330619,0.16559985823021306,0.11915892341010631,0.5538816611760644,0,likely_human,1.0,0.16559985823021306,0.1896273351330619
UCsmVcC7GLoILeoQcf6KHsAw,-1,1,1,['653439a507651418b7a7a78169b58c70'],0.15526013924253784,0.1652725855279839,0.18829787983027296,0.5563542482373264,0,likely_human,1.0,0.1652725855279839,0.15526013924253784
UC-9C29KndXb3Ua9EENjAjFA,-1,1,1,['36709a3ae9309bfc93962169f306026e'],0.1773577761182078,0.16507570867785726,0.15605215028604938,0.535383231784223,0,likely_human,1.0,0.16507570867785726,0.1773577761182078
UCLdzqyOz167F3KB6RW-1i6w,-1,1,1,['40391f21339c56659773efd05ef4c91d'],0.1868712903044515,0.16505149014239395,0.14749135916463507,0.5121637461858903,0,likely_human,1.0,0.16505149014239395,0.1868712903044515
UCrmTtNWTglDz-H0dj2O4knw,-1,1,1,['db9d1df95f5d1a3fa45d0ce7378e0c32'],0.1942510921928096,0.1649766872708438,0.1718578274668475,0.42339599353062296,0,likely_human,1.0,0.1649766872708438,0.1942510921928096
UCEdf86yOoB3soQnTyhoqiTA,-1,1,1,['ec375de5e0ef993b03db7d8b7ebd4863'],0.17616258111999786,0.16481839782121854,0.18039336673427253,0.47253441380877115,0,likely_human,1.0,0.16481839782121854,0.17616258111999786
UCWFi6pQ7L6HSIvwASprFSXA,-1,1,1,['d087ab3a74c929452a04383254423e6f'],0.16781887161072861,0.1646739626924426,0.13920153669489096,0.5966678830474901,0,likely_human,1.0,0.1646739626924426,0.16781887161072861
UCOJuG3KJmeW4JNPXsXdIuDA,-1,2,1,"['6da141e225e51b27a5e2bb19008cf4b2', '7dfaec69cd244b25cb2dcd3c28936480']",0.17436745898120523,0.16455269984527593,0.14056846653070093,0.568993848701145,0,likely_human,1.0,0.16455269984527593,0.17436745898120523
UCd_JQlXk37k7ZCeLaLPAVhw,-1,1,1,['74165e1e4062e25cbf3281de231f6bdc'],0.23076661251847985,0.16452087006108157,0.11940556315394855,0.3551701434796165,0,likely_human,1.0,0.16452087006108157,0.23076661251847985
UCBLeYZcUhw8B_aOfQrfDw3w,-1,1,1,['98f15c2f4a14648c166f8fba4f4c00b5'],0.14924892426240646,0.16426537937221508,0.22815787997162074,0.49065339652820983,0,likely_human,1.0,0.16426537937221508,0.14924892426240646
UChqNMlUqbqvfkjtCHP4RfqA,-1,1,1,['555cf34d69a53c3d1d37a530e1d0600c'],0.17604762212979735,0.1638386337487112,0.18582305132057217,0.4621137625418428,0,likely_human,1.0,0.1638386337487112,0.17604762212979735
UChAA9CHoObmaShfMGk49l6g,-1,1,1,['fc3d4cbbc6f4e63152aabc19c0e8b0c5'],0.16912883651058874,0.1637334601808246,0.16778213121501054,0.5346935704771446,0,likely_human,1.0,0.1637334601808246,0.16912883651058874
UCuiQjvf4eK7mxAUPbWx1_hw,-1,1,1,['e27e7debaa27c299378805d552a88c8c'],0.19240924684199218,0.16362610756375628,0.16812727336857528,0.42081912870709975,0,likely_human,1.0,0.16362610756375628,0.19240924684199218
UCNNzQJPHA-DpXCmmPVfsWUA,-1,1,1,['4438ec29ee43c4260e844c4eb72dd67a'],0.19154288327637445,0.16273037618109826,0.16817651613411608,0.40952048773862304,0,likely_human,1.0,0.16273037618109826,0.19154288327637445
UC3egxL1CLDtNU_9uNY1_yqg,-1,1,1,['0aed06533e81de0a73b23fd3a3709c28'],0.1528371509575835,0.16241120205782927,0.2121076472543004,0.49964563690771147,0,likely_human,1.0,0.16241120205782927,0.1528371509575835
UCakegdHbqqdSfSjzMxErUxA,-1,2,1,"['bba30a20786d4a6ad6ad9d49c33f125d', 'c1a1704b75891859c99b6db6bfd5fbfc']",0.18285814940076317,0.16196799328467854,0.15019766694584535,0.4870408937488695,0,likely_human,1.0,0.16196799328467854,0.18285814940076317
UCuzG9RL_tKnw9oEa4Swvvyg,-1,1,1,['09e00691b0e5d5f51a373cece6336dd0'],0.16507471010413186,0.1619185116136055,0.16955959761668954,0.5214962972997742,0,likely_human,1.0,0.1619185116136055,0.16507471010413186
UCG4I6QKJDJx4D3uhAWNnMiw,-1,1,1,['fc6ac47d723fcf1763d37ed788b362a4'],0.19173151092663765,0.16148777299385475,0.1666337680066052,0.4089345161753667,0,likely_human,1.0,0.16148777299385475,0.19173151092663765
UCEbA8_JGLpxNfvs9O1wq7Wg,-1,1,1,['73c9d756d75444f5c1784219914f9e6c'],0.1707024102942862,0.16080574279980145,0.14698704569190088,0.5287416432975643,0,likely_human,1.0,0.16080574279980145,0.1707024102942862
UCaXCf_3U89801iv7D8myNvA,-1,1,1,['d19f1538c9a53b1f58d9b28ad3e94469'],0.15161148449931716,0.16070307203248627,0.1931918479554769,0.5307861052429479,0,likely_human,1.0,0.16070307203248627,0.15161148449931716
UCR47TVTLVR0x_rQUY7r0XJQ,-1,1,1,['e127f7121f1da3ba2030476587ebd714'],0.14848454561427046,0.16050323044110476,0.18004785192010778,0.5652774306646046,0,likely_human,1.0,0.16050323044110476,0.14848454561427046
UCxBLjYDdyJBS4wbFggFabMw,-1,1,1,['b43c6036af7f67f03eec4aacd7aa9edc'],0.20082919153601425,0.16039992989596535,0.12413582927513933,0.44586535576854663,0,likely_human,1.0,0.16039992989596535,0.20082919153601425
UCz4d9ALe6BHELAnjmq706RA,-1,1,1,['7372f2d126f580851a4fe3b201c6e489'],0.17122439758439367,0.1602287331483863,0.15522928828897575,0.5053714218325068,0,likely_human,1.0,0.1602287331483863,0.17122439758439367
UCjmGaOq6AeO7O66-p0E7xPA,-1,1,1,['173afb31d6f0007a608c82ec486cb23e'],0.20932199504875013,0.1601317400526099,0.1554329014356587,0.3357744166742927,0,likely_human,1.0,0.1601317400526099,0.20932199504875013
UCJDESGgJQp2Gz9veXf6Dkow,-1,1,1,['4686622943bcdb9a4c7414cc995c8f1e'],0.16906106746229294,0.15977490869827193,0.1577302395453049,0.5155007469397672,0,likely_human,1.0,0.15977490869827193,0.16906106746229294
UCnGxYlv8seDLEO1svVGgnNQ,-1,3,1,"['6e023f8b01875351a4c6ef1f1e0c8a6a', '796fa1d837d550d6ae0ff58128928482', '7a9f12f72c34dbbc87f8c5088de7d18f']",0.17187126233111538,0.15962093912687797,0.13939617737610394,0.539129463016978,0,likely_human,1.0,0.15962093912687797,0.17187126233111538
UCHOnKIwxYPxa6Y1766WhOyQ,-1,1,1,['691b12e091cfaba0f31bbf262de6c2b1'],0.15276281858213503,0.15960502491235046,0.19850857835018693,0.49779991328670137,0,likely_human,1.0,0.15960502491235046,0.15276281858213503
UCGNrtGNbNmdW-X5-7sNxLhw,-1,3,1,"['c1a8e7d1beaaba033617e088e9533c9d', 'a716c7df085fb9b73f507050b7340c7a', '5fe95afc32808f6077d3a178da34d502']",0.15123963143576283,0.158732049072134,0.19716315906527976,0.5063833354107812,0,likely_human,1.0,0.158732049072134,0.15123963143576283
UCZ_SwXPgQXh4duq_ftj0vdA,-1,6,1,"['1a87348d056baa4dfd857b705a724e6b', 'b773181425d26b4e3284b44357855b19', 'fb28dd3864944ede5c53ba596562ee01', 'c22a3b8a516462e8681e38cc6c045ffd', 'b836b4677f4216662b24e626c7fa7415', '59a2c28909db74a7b2d084eb91ebc42c']",0.17541750683489965,0.1587065039970646,0.1559280576446756,0.47759051218899073,0,likely_human,1.0,0.1587065039970646,0.17541750683489965
UCwsg_pNBqmhV17_aXHuwkyw,-1,1,1,['169ff0ae59d7e3520838a303735f1409'],0.16374071932867693,0.1580973238381661,0.16622383011259106,0.49960846627915023,0,likely_human,1.0,0.1580973238381661,0.16374071932867693
UCb6EnxkSCLux4ZhQJBKP64g,-1,2,1,"['92291ab1291588b089acb8b4e5415bdb', 'e2af099484159ac0824505b91361b608']",0.2028075953626612,0.1576659063483131,0.13168174185482048,0.3863875991685768,0,likely_human,1.0,0.1576659063483131,0.2028075953626612
UCufRVzyO3wulekv7boP1PXw,-1,1,1,['f55f2eced3214ecc5b1a2841cad49de3'],0.15529524352666751,0.15718534643430648,0.17384110765711144,0.5154884596917335,0,likely_human,1.0,0.15718534643430648,0.15529524352666751
UCLgsm9DZ1jtEwaHLiJKRD4g,-1,1,1,['9258dde5a490cc8efe8f529d4019f2f1'],0.16965156662324363,0.157177898492526,0.16298786902928875,0.4789261783266401,0,likely_human,1.0,0.157177898492526,0.16965156662324363
UCDt-ZIf_2C77TFXj6s9RDpw,-1,1,1,['723b70569514ef180b7f3ea6733cff74'],0.15129816891818726,0.15699516354190446,0.20656398525124467,0.46208902707912874,0,likely_human,1.0,0.15699516354190446,0.15129816891818726
UC0lkAl6k7SZFD1R9G7omVBg,-1,2,1,"['6f09e367a7f18b10d2b5794fb34d591e', '8b073346fea0d7d0c9320a3b9dd76d1c']",0.15733821841014564,0.15679411029162382,0.1858852442408199,0.46562685805361387,0,likely_human,1.0,0.15679411029162382,0.15733821841014564
UCfVpgDc4xQLDAPa0J2Nv39w,-1,4,1,"['ec0d48703cf5ac75267b5f7cc8423d5d', '5186d2229ec899ec0b0b625b45d27ba7', '7d8cc4848b016d0250c3dcf2b5867132', '6e2a79bbab16c4defc20fd98ae84930e']",0.18357381799250855,0.15670655900945912,0.1297746143160376,0.47494942548076374,0,likely_human,1.0,0.15670655900945912,0.18357381799250855
UC9m2PWKzAW9agOCbCNXgiQw,-1,1,1,['ee30a729742f046cef37d6b0a3654a51'],0.1635933372105828,0.15669609314465488,0.14673245625560985,0.5190116161158127,0,likely_human,1.0,0.15669609314465488,0.1635933372105828
UCkyhe4GDPWPIcxUL-PSnyMg,-1,4,1,"['b4cc4f13ed10cbfe938c71698970a063', '48bef30c07fff3ea1782859408e5ec02', '560de2e50c2cdeba379e65f4ad0f176e', 'ba862f01db7c507109b2f83f65c45dc6']",0.16098404650799097,0.15665558871952778,0.16606629916655158,0.5017119503984281,0,likely_human,1.0,0.15665558871952778,0.16098404650799097
UCBlqZNwiSKHu8QwbPWOUx0Q,-1,1,1,['4935c0be5245392261eca57e1ed32968'],0.19598997465240522,0.15664642001298085,0.09797664318777123,0.4848734218112378,0,likely_human,1.0,0.15664642001298085,0.19598997465240522
UCSUK5RgHr0F943bTZgJvzJg,-1,1,1,['e39f1e5834ba4beef6acd3a409ff8245'],0.17062335656795974,0.15617450621186935,0.16356791491605718,0.4548609914031752,0,likely_human,1.0,0.15617450621186935,0.17062335656795974
UCqZ7fHFmmrUTLLNURKNQTrA,-1,1,1,['1861b8a1ad3d16308e5d05ec6a2ef25f'],0.14365190708786132,0.15607064854039115,0.20805374863312018,0.49111622996680704,0,likely_human,1.0,0.15607064854039115,0.14365190708786132
UCTH5OpUxo0nrXj9wymkkIKw,-1,3,1,"['ea6b922cc659f9cc3ebbd1c3f48a9820', '4cbd3adba20c8245ab423f57912d27c9', '8cf679917b2430b5163fb45f7e0e721e']",0.15301407293540614,0.15605505957578267,0.18181725606290391,0.5009834181314742,0,likely_human,1.0,0.15605505957578267,0.15301407293540614
UCLHKOmbCoUmFCLFHfIG595Q,-1,1,1,['e703cfcb0abf61ff056b1680af28450b'],0.15226407436082093,0.156041412432743,0.19251517341840615,0.47687149041515864,0,likely_human,1.0,0.156041412432743,0.15226407436082093
UCw3xCVa-l2SsUcWqlznQrZQ,-1,2,1,"['581e72b9ee7f32cd576556e9bc6a7d3c', '8688a4a9f9b871915fb82d02999fe0da']",0.18943505101639924,0.15577418632315523,0.15125356576590113,0.39362537092296834,0,likely_human,1.0,0.15577418632315523,0.18943505101639924
UCLWbGdQQKLEqNtpnav2-x9g,-1,1,1,['13def6fe0c3b21f8a95b4d208e82ba59'],0.1515758245212276,0.15534009505740684,0.18636001980918274,0.475387785899844,0,likely_human,1.0,0.15534009505740684,0.1515758245212276
UCkVn0dgx4t3cF0sCcHPe7kw,-1,1,1,['d753d36b417d6eba418ee171e8ff3820'],0.1564445549408514,0.15497170699305668,0.1652762678436753,0.4976545000329805,0,likely_human,1.0,0.15497170699305668,0.1564445549408514
UCSVuFDaGFzcJRzrQUFb-nDw,-1,2,1,"['25254015aa777107e634c890e0b2fb8c', '987f3edbfa1b27e55678a2f00666e1d1']",0.1541173090213137,0.1546769142063691,0.17955271622366997,0.4851585201119364,0,likely_human,1.0,0.1546769142063691,0.1541173090213137
UC4YRWcSGEjRKf5ARiJvIDqA,-1,1,1,['66a572c84dfc22609ae256c4e640e58b'],0.14608131396262425,0.15462632659004405,0.16654504133397569,0.5412528126696997,0,likely_human,1.0,0.15462632659004405,0.14608131396262425
UCugi0-XgtdXvKIjF0KcaXWg,-1,1,1,['e124bb5d97b07d9b5bee69ed2dbb945d'],0.14149177318545628,0.1542068284959797,0.19816273518086505,0.5007674519505622,0,likely_human,1.0,0.1542068284959797,0.14149177318545628
UCX0IKxjGOJSeKIJ31EajjWg,-1,1,1,['71325d01bbb1bdc1b148e29c6ec82d88'],0.1926595452312696,0.1540722883891163,0.15900116432721811,0.3464749236142829,0,likely_human,1.0,0.1540722883891163,0.1926595452312696
UCHP5Ojeqp-vPnsfwTO-9J9A,-1,2,1,"['a84ba4ad0b336d277bbd5886e0c8e2e4', '7575d0606aa97238ed68343853ec0199']",0.1525871985741772,0.15382981250550842,0.16524702787476525,0.5110179920479075,0,likely_human,1.0,0.15382981250550842,0.1525871985741772
UC4PZo94M23QNoaIzr2lv2cg,-1,1,1,['cfafdb60425f9746ba45bcac8652313b'],0.1477624993414317,0.15375944581086887,0.19271122759665232,0.4677376900464836,0,likely_human,1.0,0.15375944581086887,0.1477624993414317
UC8jWBuCrc6pfKVRp_7LQ0_A,-1,1,1,['c2a1f84268e9c75a833e9ad99c3ec3e7'],0.15399188707399816,0.15355052819197246,0.1478846623215627,0.5289762663422319,0,likely_human,1.0,0.15355052819197246,0.15399188707399816
UCdFGT2LGWhnmjv_tmi7t4-g,-1,1,1,['7c2794d8be6f00d786087824156dab03'],0.16165853935332586,0.15344371188162254,0.16695666460798325,0.4626544973186035,0,likely_human,1.0,0.15344371188162254,0.16165853935332586
UCHGwkLRiWDVxGs9fFaVTt6g,-1,1,1,['ca8b732528a3e5a547a6d521feede4c0'],0.15091774986465356,0.15310828038215818,0.17865117262388577,0.4876685643845776,0,likely_human,1.0,0.15310828038215818,0.15091774986465356
UC6bejFGxVWXn4zoJAMtjbUQ,-1,3,1,"['b96464c6e530f02b2e10175a81ef5a2f', '7b9346d2d3f19a05a223f3cdcf17b3bd', 'db4fc77c51bb6d3be44b312f84f9a872']",0.15218324606306916,0.15300949923395152,0.15197229432648296,0.5343170157832291,0,likely_human,1.0,0.15300949923395152,0.15218324606306916
UCGW_EvULy2wZn6YRby5bKEA,-1,1,1,['9bf6c233356f55360566f113822087e9'],0.14213748281021898,0.15298194354108807,0.20596963420387443,0.46745492094911434,0,likely_human,1.0,0.15298194354108807,0.14213748281021898
UCQf5Q6s_4n9z4DOiYJRU4Yw,-1,1,1,['bfae99ec6ba2733ecc5b0ce8e852d04a'],0.14791513427272482,0.1529400530770963,0.16102514474046453,0.523599150706236,0,likely_human,1.0,0.1529400530770963,0.14791513427272482
UCPTeLfIEAn5c4zPv013iiLA,-1,1,1,['3d7ce4792adf37444839d79603ac65ed'],0.15073062535698906,0.15282150240461512,0.16504421499166133,0.5014542101858542,0,likely_human,1.0,0.15282150240461512,0.15073062535698906
UCOMoF6r7KSn0Uk--BIsVF0g,-1,1,1,['ec2fe36b0fc8b906e34002130ebfb9e1'],0.1523837680236777,0.1523935824851913,0.15354507490860758,0.519925795046941,0,likely_human,1.0,0.1523935824851913,0.1523837680236777
UChxwo0vVTKoCzmR8WrLVT2g,-1,1,1,['2d56d9af6f40100d80ddb32a9c720bed'],0.15423115199954904,0.15222082778276752,0.18081219544781307,0.4538937488111623,0,likely_human,1.0,0.15222082778276752,0.15423115199954904
UCPyRBunGHDrVHR3SgXVAPtQ,-1,2,1,"['a54c90a1bdf90d945b5691b3862f8133', '986e59af0d63c77332d5a650f981c0a8']",0.1780918714709439,0.15207349242481563,0.13342942984952214,0.4435677955152333,0,likely_human,1.0,0.15207349242481563,0.1780918714709439
UCeUHz7oKESSMR0NWMxGw7jA,-1,1,1,['d1db99c9e163199f4dee9dc8e3478130'],0.17362184790781,0.15189662912624052,0.13549241349703775,0.4623554434137275,0,likely_human,1.0,0.15189662912624052,0.17362184790781
UCTTBbzt-4oRP_mXqJ0R1kaA,-1,2,1,"['78833bab71dc7ed24ceb1ec7fb06e183', 'ebf354dc809bd44ea09e6023923a04f8']",0.15402374110294045,0.15188730358797725,0.17119430568512145,0.47603130827234297,0,likely_human,1.0,0.15188730358797725,0.15402374110294045
UCC7455fwPFwQoui-pj671KQ,-1,1,1,['4312d3c0331bc8ce5e9f082c1eeb4f19'],0.13206532208722652,0.15157831435777586,0.22377056929004924,0.46780680464005686,0,likely_human,1.0,0.15157831435777586,0.13206532208722652
UC8YZUEYm-NTj93zuuqIBUZg,-1,2,1,"['e9e6c52aadc2d0f18994c43d6ebd516c', 'e13e00c878e413cc804cc42c2f061508']",0.1538805191302154,0.15156976000556924,0.17422593460244545,0.46836441752648,0,likely_human,1.0,0.15156976000556924,0.1538805191302154
UC4Nl6ciWr-8eSWPEeplYkAg,-1,1,1,['61a98d031f77f833297986c93750f0fa'],0.1520450544857938,0.15156756233513569,0.15540926016934165,0.5094731776469137,0,likely_human,1.0,0.15156756233513569,0.1520450544857938
UCq1nWahSCXF4aYrenfAcO6A,-1,1,1,['d30a78bb39cc2f6f73e356e1e4bc4f9c'],0.15717021526728486,0.15145812027398559,0.15326490398359016,0.48209183836421776,0,likely_human,1.0,0.15145812027398559,0.15717021526728486
UCzYhtos8a5QQcEOLtFkB_MQ,-1,1,1,['f16cb91be62e993b17604f1f95d48298'],0.1531407520690922,0.151097394807489,0.1707293787426508,0.4603928863116584,0,likely_human,1.0,0.151097394807489,0.1531407520690922
UCuItHJO4rM9XezwePA10_JA,-1,2,1,"['252f80cfa8eab64300c8676f88f80406', 'f4d58a26164fd5ef33cf7aaea3492792']",0.16192859936848408,0.1508079513951619,0.16033497154419585,0.4498455343635367,0,likely_human,1.0,0.1508079513951619,0.16192859936848408
UCNPbJZkjihZ8HuPf80C2zvw,-1,1,1,['0b9be2b19a6c1d9ebb027a906ab10f53'],0.13448882688752334,0.15079849624676006,0.21562880225232287,0.4625709323738127,0,likely_human,1.0,0.15079849624676006,0.13448882688752334
UCO7-XGO9HmpIBS1eDqiX_5Q,-1,1,1,['a8076775d1814e897ba5379b91778d85'],0.1670651132751077,0.15008691450446293,0.12412523475104947,0.48966712253431066,0,likely_human,1.0,0.15008691450446293,0.1670651132751077
UCYuqfkBanxyQcpLSNNfJq2A,-1,1,1,['3e091e39083191a456f7b1f39423fdb9'],0.14912171909300817,0.15003672328033735,0.12730397625953807,0.5588583487841597,0,likely_human,1.0,0.15003672328033735,0.14912171909300817
UCvvqAZe-g9Dm3FTMNuCTN3Q,-1,2,1,"['e15d54175eb6576bd0c3488c555cdf18', 'de2a0772639ea4684c610ac00bebff84']",0.14265606918786816,0.14985201458877578,0.16571957667086015,0.5173099086223873,0,likely_human,1.0,0.14985201458877578,0.14265606918786816
UC7Lsn0GF30lPeyvmp-SUf4A,-1,1,1,['d08bb47842ecdd8ce960eb29eaa85b92'],0.1313105246459405,0.14953582033766188,0.19498644603166163,0.4932941147203051,0,likely_human,1.0,0.14953582033766188,0.1313105246459405
UCQKrsDKMRivHX3hTJmcVt5Q,-1,1,1,['57e0c63fbae87496cc88c03513db2be0'],0.15256952896405004,0.14943595788954042,0.15224064774878995,0.48573355300927823,0,likely_human,1.0,0.14943595788954042,0.15256952896405004
UCSrUus4FZ5qEaPFyMdxmXfQ,-1,1,1,['7d722621eb081185a3bab6c63c5f36b8'],0.14691810145043552,0.14930884870113653,0.19469705238618154,0.4189226591193944,0,likely_human,1.0,0.14930884870113653,0.14691810145043552
UC6w4iK61HKXvQKjj1fkJuZA,-1,1,1,['e67bdda948e6a52c457e01051d6a23da'],0.1438189865705478,0.1490456679522266,0.19741873532415968,0.44383392529917204,0,likely_human,1.0,0.1490456679522266,0.1438189865705478
UC0iOiVPPGDNy1CBn2vMSbWw,-1,1,1,['6adf4fdafd10af60fe542a7d0a2165eb'],0.1423119749788894,0.1489006762306495,0.1903463752525706,0.45622218652697155,0,likely_human,1.0,0.1489006762306495,0.1423119749788894
UC2XMf5udRDZ9BjVHqhbnocw,-1,1,1,['c541d651c75220889a5ed3299fea136a'],0.13919339840850098,0.14864838356281085,0.19236604886329248,0.4678860151265394,0,likely_human,1.0,0.14864838356281085,0.13919339840850098
UC4vOk3TofW9ievLRM8mX7-A,-1,1,1,['7cf064d63b456e8735c16bef8acdec93'],0.1342718201887454,0.14844103295814443,0.19875955818025576,0.47425759022402997,0,likely_human,1.0,0.14844103295814443,0.1342718201887454
UC8U5dIWsoXUCpCzGJiG5dZw,-1,1,1,['39f5834fe2064ed68e8e51b30f047b37'],0.206270099714696,0.14841692080246294,0.12643615697689012,0.2984420556332124,0,likely_human,1.0,0.14841692080246294,0.206270099714696
UCSZYsh1lgF_BpS-tY-8rUzg,-1,1,1,['fa797ca90247bd32a80fba05318b6931'],0.1490491229825091,0.14828845277549957,0.16761122547500318,0.4693536868245398,0,likely_human,1.0,0.14828845277549957,0.1490491229825091
UCHh72EAMz4KbJKgmQMuL46A,-1,1,1,['30d4faf027952aee4a8a88ca28044280'],0.13936403210140422,0.14793961932198235,0.1719369744568926,0.488968413509861,0,likely_human,1.0,0.14793961932198235,0.13936403210140422
UCFADoswZ8M06Td10xzNPshg,-1,1,1,['916efa97fdb91746393296d002e87edb'],0.13549701528577837,0.14779969097625112,0.19672832822206562,0.4536709289560241,0,likely_human,1.0,0.14779969097625112,0.13549701528577837
UCMGp4LHfCaWWwku1fHzEY4g,-1,1,1,['f62c411769afc0188b27dacdbe5ab61a'],0.14052594981328986,0.14774806561431464,0.1692785770291865,0.49328304296703207,0,likely_human,1.0,0.14774806561431464,0.14052594981328986
UCmk1zejTfR618XztAWT0lhg,-1,7,1,"['12cb2f7bf7af7652abdda2140474b021', '1f2926a90f2deb7e157242786ad67a07', '8949705c9ea2895cd6a1020eb7667395', '3b1dfcf6a97c3f59b4036eb7b62ba61d', 'c6c82c370b49f12e6c882398a44a478f', 'b5e0af7eb76a3a26485dff59b3c9854b', '561b9643c61db2a350ea24206f38e945']",0.15845346765803453,0.14770444435490865,0.1563081476373853,0.43192843905928896,0,likely_human,1.0,0.14770444435490865,0.15845346765803453
UCyRclKfjj3souZql93J0bcw,-1,1,1,['10a8d629d1241dc93a6ef6b3abf3e6f7'],0.1427652987151484,0.14734863671348736,0.16705435170535976,0.47689971145431054,0,likely_human,1.0,0.14734863671348736,0.1427652987151484
UC08IIEFzMOEOITW0rToFysw,-1,1,1,['4b831330f4feacfac27a579900ff2891'],0.157139079601123,0.14678370610743932,0.1631990149872551,0.4210264361318401,0,likely_human,1.0,0.14678370610743932,0.157139079601123
UCCabJL4aiiisqzgC8AtIZPQ,-1,1,1,['55714c73f993a0319402d6ac574ad2c6'],0.1479348118366771,0.14655085149207842,0.17734753868504655,0.43974759551215553,0,likely_human,1.0,0.14655085149207842,0.1479348118366771
UCj06he36yItHNtSCqHGxY4w,-1,1,1,['890964066c47ee713c31c181267bf8fb'],0.1401736171328298,0.14653775776235645,0.1813564470114912,0.4498455343635367,0,likely_human,1.0,0.14653775776235645,0.1401736171328298
UC768jpuKQVZHkZyGsLWbVAQ,-1,1,1,['6c642751fd8d87223a6f7c6568f65c54'],0.14110760917283188,0.14608784272265687,0.15846431322123136,0.4950518767531684,0,likely_human,1.0,0.14608784272265687,0.14110760917283188
UCAMIKBuu8Tw46mBd_5PSQkQ,-1,1,1,['1e1375ba9b127c3b33a71fd7799e311d'],0.14013309676091773,0.14525616798829888,0.18311747037832518,0.448552544122266,0,likely_human,1.0,0.14525616798829888,0.14013309676091773
UCP2cy2RnS8XJn0KhSfuc3Nw,-1,1,1,['0db18f141f370bf08f9161d1143808e1'],0.1411053077709597,0.14501125692027333,0.14917935671531535,0.49906471247330664,0,likely_human,1.0,0.14501125692027333,0.1411053077709597
UC-Mnh7Y_lLZy7Qj53celWNQ,-1,1,1,['64de7378fe29a5eb4027a8bab2c42726'],0.163996466939608,0.14488684646581024,0.11657351552384561,0.46456094393749825,0,likely_human,1.0,0.14488684646581024,0.163996466939608
UCPiTUZRYF7ElvPvz5vGGW3A,-1,1,1,['607e2f1cfb21ec8e0e3fed55c6c979dd'],0.1515051374561706,0.14473519653544348,0.13422940946041734,0.48465522218570356,0,likely_human,1.0,0.14473519653544348,0.1515051374561706
UC9cTW_XR0FHzNG5UQNIR_3A,-1,1,1,['f13a0983e1248cc4b0100c0a36562988'],0.18316552019813237,0.14457478153755715,0.1321760829123549,0.34337947307347905,0,likely_human,1.0,0.14457478153755715,0.18316552019813237
UCZnfzenIxKBJlrHPeqNNIgQ,-1,4,1,"['a70429da662bcf0fcc4758e13a3cc10e', 'e9f13a6129815b721df32f39d31c4635', 'b2dd0b11769fea4c1b8a290fcb08c0f5', '78ece9c5d265ebbbf1ffc54b7b4e6521']",0.13667145912775133,0.1445245518511803,0.1728389744201762,0.4637342506621541,0,likely_human,1.0,0.1445245518511803,0.13667145912775133
UCU0j2LdP_eR_QMppqh4oNVg,-1,1,1,['3bbe79a3464b19544ed4d9788f3776be'],0.1500185745168119,0.1440765599846925,0.1542743639255023,0.4407502994074605,0,likely_human,1.0,0.1440765599846925,0.1500185745168119
UCGtUaZiLeDN05kfzjaWmGmw,-1,1,1,['64f34fc32b13381a3ef16d41a457c751'],0.13557430884323582,0.14381915307349316,0.1816423541108179,0.44774361695615006,0,likely_human,1.0,0.14381915307349316,0.13557430884323582
UCZpmA7o9iKvx9FXNpIldVSg,-1,1,1,['21ed8ff2e5ac1198538376e764ef66ac'],0.1439827759036874,0.14337461780542599,0.1731110561330391,0.433185376394265,0,likely_human,1.0,0.14337461780542599,0.1439827759036874
UCmvjxnv4alTh7scxRcrf5EQ,-1,1,1,['62704b08c371dd6029f204c3e236b8ec'],0.13643664196600855,0.14300596565404095,0.18121126494399872,0.44406291783828317,0,likely_human,1.0,0.14300596565404095,0.13643664196600855
UCjSWOwnPE8wScfll23c2Vkw,-1,1,1,['070396afe8c90ef579a4db2bda4b8837'],0.164587733352637,0.14291077078287795,0.15632096871815482,0.3711284501579325,0,likely_human,1.0,0.14291077078287795,0.164587733352637
UCsFoYDQTpiAzxtxZszZisZw,-1,1,1,['d3db245c8aa9145815a5f6615227a91f'],0.1341102144647566,0.14282560318319595,0.16482736612434495,0.4774276456051795,0,likely_human,1.0,0.14282560318319595,0.1341102144647566
UCnbergoVlmsMhNdRKIH_5Ug,-1,1,1,['34f783eba20e098a16734713a4aa3911'],0.13389404747811504,0.1421689425171267,0.18758552088165587,0.43396045008196016,0,likely_human,1.0,0.1421689425171267,0.13389404747811504
UCuEarjFsmNel1rdIJKEayZw,-1,1,1,['aca2b223903514ba5d53824612fbda80'],0.132839134047408,0.14180571783327678,0.17995528517411033,0.43928648724716307,0,likely_human,1.0,0.14180571783327678,0.132839134047408
UCHysRgyO43ychqq6giAi0wQ,-1,2,1,"['6c17ac7b926d2ac14ccb449889a63f5e', '01400a088a0f3702e505c32ce6f57511']",0.1358971434876053,0.14178730857842675,0.1761561421540516,0.4323029597069812,0,likely_human,1.0,0.14178730857842675,0.1358971434876053
UCE7AcyiP7jb4NdhVFHvObHA,-1,1,1,['e445ddc83e333603c373cdb3b6188b05'],0.13349862970997284,0.14178444245351607,0.174756135417755,0.45396488802146573,0,likely_human,1.0,0.14178444245351607,0.13349862970997284
UCJNf4QrZPiVNHaoVRN48u_Q,-1,1,1,['148191ef1e7dfa25af7519b8e9f5fd97'],0.1689553568809138,0.13990645158219195,0.1392994605215091,0.35127640444404185,0,likely_human,1.0,0.13990645158219195,0.1689553568809138
UCsXYf896-M5Tm-7Mc6kOB4w,-1,2,1,"['a75e3636a969319f4eb6270d5aa018cb', '1f2c58d10cd2fbe9cf69b47e7291febb']",0.13721519638887772,0.13952281102891154,0.1626978039459805,0.4322192748181229,0,likely_human,1.0,0.13952281102891154,0.13721519638887772
UCNGBA99IodSdNRlG-RI4JIA,-1,1,1,['4e376a8071467b005ccf324bfd5604cf'],0.12771357253253282,0.13941360469897496,0.18601654739294882,0.43784884829178994,0,likely_human,1.0,0.13941360469897496,0.12771357253253282
UCQV55phO44UPk_lEFrRusiQ,-1,1,1,['333da3dd56281f4a4499a2340fd67658'],0.13698812605870742,0.13916152141880062,0.1526775467887528,0.45065265865790227,0,likely_human,1.0,0.13916152141880062,0.13698812605870742
UCgoEBs_q8G9obqLENCPwkfQ,-1,1,1,['7b6a0df8e754f084089d7d41ba1cd4c0'],0.1374436935209182,0.1389722941429368,0.16430853061765752,0.4311725457671174,0,likely_human,1.0,0.1389722941429368,0.1374436935209182
UCzFXARw_99oeLEvKL-DTbeg,-1,1,1,['6cc61e83a4cc1ada9e41072b836b70e1'],0.16149164826008366,0.13895161906616993,0.1260872263843778,0.4038981129587404,0,likely_human,1.0,0.13895161906616993,0.16149164826008366
UCivEZsFACWtL8lNLlX5rLRg,-1,1,1,['bb14ecf01b306e4b3a8ec1353259655c'],0.1393079911095187,0.13823606432348448,0.16678301507787255,0.41049084161314764,0,likely_human,1.0,0.13823606432348448,0.1393079911095187
UClAtbCERReiINAsSQcGRa6A,-1,2,1,"['ec95aa319b3ecb630ffb070135ccb98c', '816105b8679e3c0f55527d9c0b0ea42f']",0.1228132999431939,0.13805047080607585,0.17568323492541948,0.45542947999959527,0,likely_human,1.0,0.13805047080607585,0.1228132999431939
UC-MH35Pwr5mUBdRGx0PaoNQ,-1,1,1,['f28d2a371d5b3e8bf02031fe7ac6b21d'],0.1489629400638562,0.1377973154951856,0.1660914747359827,0.3655178268538798,0,likely_human,1.0,0.1377973154951856,0.1489629400638562
UCxw3VOlP6MoUsDk_nAWS7nQ,-1,1,1,['28605c1258117c611934209b3fe33c34'],0.14902561178665166,0.1376889954708414,0.13292707715499072,0.4283324340112755,0,likely_human,1.0,0.1376889954708414,0.14902561178665166
UC8r1JiqaqAQogkMhCc6CfrA,-1,1,1,['9a5b5831d3316ba78dcb668fe296b5d3'],0.15922518224106164,0.13761047795821219,0.13157644431339904,0.39182516845758475,0,likely_human,1.0,0.13761047795821219,0.15922518224106164
UCt6oEfXjqbJt0_lNILXbmCw,-1,1,1,['5e5ad300dfae46987e381fb072544096'],0.1366621205009046,0.13725356285190565,0.1791170794928115,0.38115940030958206,0,likely_human,1.0,0.13725356285190565,0.1366621205009046
UCby-RwxzpvNSIqL4q7a0umw,-1,1,1,['0acaf9f20aa46b9ee191cc07976dc44d'],0.13483480061102104,0.13696816432796632,0.1417138534286236,0.4619751581750834,0,likely_human,1.0,0.13696816432796632,0.13483480061102104
UCaIHJRFOGW7bogq6FQgJcRw,-1,1,1,['1ab6521c64d78e36be21d134328597bf'],0.16116073734173683,0.13686881757899572,0.12806743032490878,0.3820475518865454,0,likely_human,1.0,0.13686881757899572,0.16116073734173683
UC6K9VI1LQgxW6vYvmTh7fPA,-1,1,1,['47e54379377f7ee7f36731248ced80bd'],0.15962117138105958,0.1358932803246811,0.12390466096971149,0.3877631946583132,0,likely_human,1.0,0.1358932803246811,0.15962117138105958
UCtpwXNfuwBSVWo3qgZz3FNQ,-1,1,1,['ed9e5bc2c7ea906ff1c1c995dcd934da'],0.13121326382360593,0.13544082741274627,0.1697797155518658,0.4148034152828006,0,likely_human,1.0,0.13544082741274627,0.13121326382360593
UCv7YKdVr-JPZvKauuieL1NA,-1,2,1,"['5025a51e2266114eed456c5916f738f6', '755331f4532dccff6afbaa50994d06e9']",0.12491493951148144,0.13534011801512696,0.1550393022928302,0.4622866574341763,0,likely_human,1.0,0.13534011801512696,0.12491493951148144
UCh4809-atgpLGKLRg9YhBiw,-1,1,1,['fdfd4da6890659678215e02d64693808'],0.1433963100782886,0.13508004510938756,0.16471069355214205,0.3595797841652234,0,likely_human,1.0,0.13508004510938756,0.1433963100782886
UCrSpdOiDRkaSljngY0PQR5Q,-1,2,1,"['8f86176b58eb8d314205976260436ea5', '9b4a8660dbf1762ca72ed4e86394ab19']",0.14252590187148426,0.13501576691994122,0.14357343306861617,0.4148192402356339,0,likely_human,1.0,0.13501576691994122,0.14252590187148426
UCjzotI4p2vAAs9aK3VsOv7g,-1,1,1,['17d7c102cd9a58c8a9b961df14f755d1'],0.15564938412355345,0.13462287764931202,0.14615935825574533,0.335154614582616,0,likely_human,1.0,0.13462287764931202,0.15564938412355345
UC2NE3OJ9s2Rnd-LVmibOjmw,-1,1,1,['876e49113a2bd2e875c58796586f609b'],0.13250629725307522,0.13453087295563465,0.17416339815586163,0.37900251179625094,0,likely_human,1.0,0.13453087295563465,0.13250629725307522
UCHDi7_Citu1SwbJAb7xwQAg,-1,1,1,['37fa5e884d53bd08d6186b76774113ea'],0.1323290475970394,0.13412606663148097,0.13893087414952615,0.4506225858361337,0,likely_human,1.0,0.13412606663148097,0.1323290475970394
UCGZI9YhZrKfbcvuAAEBaAWQ,-1,5,2,"['67a263f9c42ecd621baae641942f65d5', '60fa83f6811fbd6e810dd87901ce04e5', '9c9f1833917d12c54195a3d3fa4dbd0e', 'fabdfaed7465d7c085430e9441e8fac8', 'bb876fbb622c61339047b86fd2214d92']",0.12619337560846686,0.13393702345455136,0.1545074427645154,0.4433947223223107,0,likely_human,1.0,0.13393702345455136,0.12619337560846686
UCs9s08W3Z8gYFcz6xbSndLA,-1,3,1,"['e9d8925e375bbf4fbcd1f167adfa52d0', 'ac4a66f6f8d229f6d13c3be006247499', '4381f46b4177861a259b18c13067e6b4']",0.1409947022449252,0.13343883411912946,0.1477969083771682,0.38648855553616746,0,likely_human,1.0,0.13343883411912946,0.1409947022449252
UCqExSH_w6kAAlxJr2-InCXQ,-1,1,1,['8f36553365e38bc11f4a04578256b696'],0.13905846390335652,0.13312965563393325,0.16869313439724754,0.36076376393571474,0,likely_human,1.0,0.13312965563393325,0.13905846390335652
UCMGLBsn--xx9fJrwPabSX0Q,-1,1,1,['b173487fa417a486894974d357d2686a'],0.1418476927993331,0.13300489633017648,0.15604082302059058,0.3740867053684983,0,likely_human,1.0,0.13300489633017648,0.1418476927993331
UCCOGNEqk2yJAU532uc70Zrw,-1,3,1,"['a20ee87c1faea7a5aaa1f744862341a6', '733be47035b0fa110eaf6eeeb56e0655', '9d51e07d02948d4f3fefaf69492dadb8']",0.13999635244957223,0.13275751468404345,0.14592033107327426,0.3875023151409591,0,likely_human,1.0,0.13275751468404345,0.13999635244957223
UC2x4y5VmudvVdtR2y3wQ40A,-1,1,1,['d18894781f54ef8938207a816e8512d7'],0.16128276982406398,0.1322646182286123,0.11657503197016669,0.3537481237554617,0,likely_human,1.0,0.1322646182286123,0.16128276982406398
UCjJAOJCdddXQGNUZPA7Z5BA,-1,1,1,['17e3dd9d1a18ca6e127bce0d914f040a'],0.12730323871492985,0.1317001954231937,0.15003149934317003,0.4284129686053487,0,likely_human,1.0,0.1317001954231937,0.12730323871492985
UClHw7JLMbVIiA5i8anOBSkg,-1,1,1,['907664def1f59300971d3e6a1ce4bc24'],0.13608200049315927,0.1303445244819232,0.14731104496034494,0.3876297606314069,0,likely_human,1.0,0.1303445244819232,0.13608200049315927
UCPnseCDXiV_vKtlB1-UThjQ,-1,1,1,['715e74d922b31741469429130e37f1b3'],0.11287781515258011,0.12990042137556446,0.1889740433252816,0.3905725314041052,0,likely_human,1.0,0.12990042137556446,0.11287781515258011
UCsT0_8NiceFTCDU-g1Tqe5A,-1,1,1,['fb0d20f593cdc93547959f00fbe4ab60'],0.13576689740057785,0.1282611533491661,0.16099913444896305,0.344614668987716,0,likely_human,1.0,0.1282611533491661,0.13576689740057785
UCJ5dbSex6F4uw1F_3Z1arpA,-1,1,1,['eab7f9ca2d057ccc5c5c1d2d9576c4a6'],0.15958916100562026,0.1281259132145608,0.11434729640111008,0.3306182943320471,0,likely_human,1.0,0.1281259132145608,0.15958916100562026
UCf_UUfAOdzYOy7BxNaEimJA,-1,1,1,['1a47cf108e153b71a4c64379fbe9e71d'],0.12089486231596791,0.12737807608312277,0.13496739597005844,0.44280189081753424,0,likely_human,1.0,0.12737807608312277,0.12089486231596791
UCqyuDYxW4IsvkrGFUM6u8TQ,-1,1,1,['bc1029da2469a9379307b92c02a9451e'],0.11859586559685974,0.12590877233130376,0.1575287779475057,0.3913738410916505,0,likely_human,1.0,0.12590877233130376,0.11859586559685974
UCEV47dZSayaw7L98ApCFsGQ,-1,1,1,['5f469d93dc82c9a3b8f5720392d88584'],0.1253916874718048,0.12578077551485312,0.15191763782099274,0.37153961129355817,0,likely_human,1.0,0.12578077551485312,0.1253916874718048
UCTn4NRP32LlIgsjAAMYznQg,-1,1,1,['215c8e119139dcede22f3f1d6f86ad21'],0.11831612698859727,0.12484003858214271,0.15627877015370678,0.3840074924504573,0,likely_human,1.0,0.12484003858214271,0.11831612698859727
UCNu-8k7xsqMuuGFKltIHIRw,-1,1,1,['00dca4f580cf1f4ed71bf88f5c2cc232'],0.12454308579572534,0.12359501015581836,0.14960236031698987,0.36499850173958376,0,likely_human,1.0,0.12359501015581836,0.12454308579572534
UCbJm5Gn49ASEs65wugN4GSw,-1,1,1,['854177a1d96229cd5a2475a9428fbdc7'],0.1352129172226082,0.12318376222050775,0.1386662492182779,0.3389426527723791,0,likely_human,1.0,0.12318376222050775,0.1352129172226082
UCZCXu6FZq7lTj_jcfA8Smog,-1,1,1,['d6eb37251481b8f46c85cbfc9b03421d'],0.15052060310201332,0.12241304352667284,0.11271277742792842,0.31501822345204045,0,likely_human,1.0,0.12241304352667284,0.15052060310201332
UCpr4LsufHU-6w0HfWOjYa2Q,-1,1,1,['58b226e59036653b7988136ee9aa55e4'],0.1394685553966383,0.12227109976523397,0.12263103378895845,0.3364003554915792,0,likely_human,1.0,0.12227109976523397,0.1394685553966383
UCT6BB3XpQqP-RS9LkiApaOg,-1,1,1,['0ff5167513cce2a200e3666e9e0a5c6c'],0.12876537116995626,0.12135399371616358,0.14044757338305636,0.33610705121114803,0,likely_human,1.0,0.12135399371616358,0.12876537116995626
UCJVXOupuhK2nTktHxLyNebw,-1,1,1,['5416d4b24119db4a59a717b715f73b91'],0.10983604459140765,0.12051705099095802,0.1430470584015673,0.4072475111554293,0,likely_human,1.0,0.12051705099095802,0.10983604459140765
UCp3XFmRs3YRlkE3qC612iQw,-1,1,1,['13641baf7e61cd2be0fc643a9e399b8c'],0.1419941888687554,0.12008030693541738,0.11406625004648968,0.3264789510332073,0,likely_human,1.0,0.12008030693541738,0.1419941888687554
UC-qdJIlB3fdz5FZESPj32og,-1,1,1,['140e1cc6e464ac2cc01cc9c3bbe2c255'],0.1197702098702538,0.11980093844432503,0.13677159994190344,0.3687419978199265,0,likely_human,1.0,0.11980093844432503,0.1197702098702538
UCiSevyoat2yPbrvQtibAQjQ,-1,1,1,['f5fdc45c223a7b7f35dd5ad15937b0a7'],0.12124564605029119,0.11889717236674135,0.11758317821381739,0.3918660628184275,0,likely_human,1.0,0.11889717236674135,0.12124564605029119
UCRhfR85ExmoQbysm8W07N3A,-1,2,1,"['5048fd01c4967f26544108ae600ae712', '56d1605fd71f6ecf58e7a629eab53e1f']",0.12202504740698032,0.11877368633179719,0.11451875604055951,0.3956015137671383,0,likely_human,1.0,0.11877368633179719,0.12202504740698032
UCged_7jtcLx_KGlYbjqzdzQ,-1,1,1,['e6e66276083cdccd38e9e297d17198d5'],0.12214768712708415,0.11134998965766656,0.11615902116902417,0.3173466800759567,0,likely_human,1.0,0.11134998965766656,0.12214768712708415
UCe89ZFzbWyMwGXp6JeWFvQQ,-1,1,1,['cecdbce92f12d9385ca96305fbbbd7c9'],0.13380617767125486,0.11079610608840401,0.0987941773594865,0.2952627884501826,0,likely_human,1.0,0.11079610608840401,0.13380617767125486
UCRUY18kNkxnOFHhqArovmRQ,-1,1,1,['bf0fdfe4b1a2075ceeb5abdf0e60425d'],0.1445536641416757,0.10878218512780805,0.08674874011443963,0.2536031109800954,0,likely_human,1.0,0.10878218512780805,0.1445536641416757
UCs6XUD6n_z5cE8sBwe5zBcA,-1,1,1,['34969dfc8c33d81146d56296ddf628c8'],0.10936285737170032,0.10420216333017415,0.09646796160518348,0.3445617014009027,0,likely_human,1.0,0.10420216333017415,0.10936285737170032
UCDUJnGevGUHE3vMzZHhhusw,-1,1,1,['cbbd000e983ddf3b9560f1493c961960'],0.13107451099912365,0.10117218575212195,0.07511513054513981,0.2624893918857184,0,likely_human,1.0,0.10117218575212195,0.13107451099912365
