author_id,cluster_id,comment_count,videos_commented,comment_ids,avg_comment_bot_prob,final_bot_probability,cross_video_avg_sim,cross_video_max_sim,cross_video_high_sim_count,classification,cluster_confidence,cluster_bot_probability,individual_bot_probability
UCi4SCINVDHE0qqLgoUFvIag,3,1,1,['b639a91b750ac50bb3613b9ba13bbb59'],0.538283711074572,0.45183002403786565,0.16693093565634398,1.0000000000000007,1,likely_human,1.0,0.45183002403786565,0.538283711074572
UCpED_Aue9MaIifiroybvPOA,3,1,1,['62edd42741221ff36b39611097de6afc'],0.5454520693715267,0.45134930706506005,0.14999002669277914,1.0000000000000029,1,likely_human,1.0,0.45134930706506005,0.5454520693715267
UC435aCoFVMzZb6SeFfY_0wQ,3,1,1,['e9fe4c8cbfc69c60e6ee502427c825c3'],0.5421605655934103,0.44782144588976847,0.11636448081435519,1.000000000000001,2,likely_human,1.0,0.44782144588976847,0.5421605655934103
UCwT_dME2ZAkna8irEJaxbjg,3,1,1,['413ef62ab25850b77cfd06797f7a1d50'],0.5378283547809939,0.44604559318655346,0.14071974550881478,1.0000000000000004,1,likely_human,1.0,0.44604559318655346,0.5378283547809939
UCf_Lf4SFaBgtW2p3NYknwPg,3,1,1,['c428ecbe51352c237ab3947b8257cc1f'],0.5365299649473013,0.44572420018854186,0.14238042731418177,1.0000000000000009,1,likely_human,1.0,0.44572420018854186,0.5365299649473013
UCSjO27T14LJBH4wcyb080eQ,3,1,1,['58873a24e3eccca08bb0c4a5231904c5'],0.5438442707052574,0.4441711954793838,0.11853181644207403,1.000000000000001,1,likely_human,1.0,0.4441711954793838,0.5438442707052574
UCvb9DDMNJqygzGwOO_eGEEA,3,1,1,['c884c310ddf577b6b4b33712d50a4ee7'],0.5274191419601613,0.4438055653279526,0.15257284815522015,0.999999999999998,1,likely_human,1.0,0.4438055653279526,0.5274191419601613
UCjeCwHFlyN6ZVcIy71HL10w,3,1,1,['0821f5a4dbbf23b48a7a605a319e5b0c'],0.5241397073988955,0.4431889960866206,0.15633069993179746,0.999999999999998,1,likely_human,1.0,0.4431889960866206,0.5241397073988955
UCN19YDddRp6TQxXlfYJV8lQ,3,1,1,['3d77db291f60a2387ea3c886fd027e4b'],0.5275711647952375,0.4425389857357335,0.1456769631879952,1.0000000000000009,1,likely_human,1.0,0.4425389857357335,0.5275711647952375
UCDDRZxh5lxXdT3-HrFpllWg,3,1,1,['9e6b955a203c570171563f7a16bff3cf'],0.5351850608766694,0.44097460277798084,0.1222410862132957,1.0000000000000004,1,likely_human,1.0,0.44097460277798084,0.5351850608766694
UCEnDN0ThaS_BMybGdvnOt6w,3,1,1,['6d11c5fd72086be0de371c6d8f45d9bb'],0.5311917926160454,0.4404444841499052,0.1283058474945422,1.0000000000000013,1,likely_human,1.0,0.4404444841499052,0.5311917926160454
UCR8ud37PFTqVtEL2a-ut4Rw,3,1,1,['4a0ac533e9115547f4b1a60cf0e79f21'],0.5188092935750497,0.44015367400694505,0.15330702751533798,1.0000000000000029,1,likely_human,1.0,0.44015367400694505,0.5188092935750497
UCWAqiaet5PZbp_aQ0uUdgdg,3,1,1,['6ddb3b3240ef785873c023edc6b7429c'],0.5260976187258088,0.4400507097936352,0.13748881433579713,1.0000000000000004,1,likely_human,1.0,0.4400507097936352,0.5260976187258088
UCswhwWxJY8jOFLTqxLqFfeQ,3,1,1,['be784e06ad28dcd2aaa02356107fe09e'],0.5098494494458021,0.43897916164877526,0.14282673031003135,1.0000000000000007,2,likely_human,1.0,0.43897916164877526,0.5098494494458021
UCaEvw1mK43SoZmCDNwBntSQ,3,1,1,['14c6982dc3d979489b3dd2efa77ceb29'],0.5276662491357922,0.43832268084781406,0.12543861488377606,1.0000000000000004,1,likely_human,1.0,0.43832268084781406,0.5276662491357922
UC3MsT56CypsqlCOyCvkTg7g,3,1,1,['fdfa117ed8dafe2ad715f91637742fb9'],0.5227455979065603,0.43727613700330287,0.13092687066327055,1.0000000000000013,1,likely_human,1.0,0.43727613700330287,0.5227455979065603
UCd9LxL_Z4UjEnsdD2Xfiw6Q,3,1,1,['692ca8111e78c43232c70314985d4f7d'],0.5285855048194819,0.4372077136236189,0.11853181644207403,1.000000000000001,1,likely_human,1.0,0.4372077136236189,0.5285855048194819
UC_raip27aSh8Ec7knTbForQ,3,1,1,['5d2fefc6ae315faf88ec0f372cceda35'],0.5069106565927883,0.4367531670348069,0.16293901803653374,1.0000000000000007,1,likely_human,1.0,0.4367531670348069,0.5069106565927883
UCTZGDGYhMwREfni3LJ3MZag,3,1,1,['84ebf04819f8c4202f1a1dc9a64515c0'],0.5176755272894504,0.4366225807667088,0.13883090868686188,1.0000000000000007,1,likely_human,1.0,0.4366225807667088,0.5176755272894504
UCyTtvWQ90jcoDlad8eDR2MA,3,1,1,['2491238fb77d3ab50ab9a39c09f63c04'],0.5176151309111705,0.4365738623154789,0.1388382029430696,0.9999996457239665,1,likely_human,1.0,0.4365738623154789,0.5176151309111705
UCrO6uB3MzzKu9Vbr7SEb6jQ,3,1,1,['3a78fb6db1fcb0c0cc6da761b3ce3d94'],0.48417068445335076,0.3973969734559155,0.13907927213381904,0.8088157836169408,0,likely_human,1.0,0.3973969734559155,0.48417068445335076
UCgxozgn6hFHkgXGE4wScr7A,3,1,1,['8359b54208ab6858a533f2ca142177e5'],0.45667046492667973,0.38624094651267415,0.17100105272752555,0.7536952069713135,0,likely_human,1.0,0.38624094651267415,0.45667046492667973
UC8rUviggPbEZjsf5K39c-QQ,19,1,1,['c3c28d1c7c845fe05d382acb6309d57f'],0.49486715096371775,0.34862604216077603,0.14948673360293777,0.7711604829195748,0,likely_human,1.0,0.34862604216077603,0.49486715096371775
UCLGJKcKGI7MyFG5AaPxafSw,3,1,1,['13797d535503dd72ea50ef6e1af7e54b'],0.4354684294785448,0.34611417683678175,0.1722733810982021,0.44891474822478117,0,likely_human,1.0,0.34611417683678175,0.4354684294785448
UCNdI2IdVuepMei5q2RuNc2Q,-1,1,1,['10cf9ca89ac4deb799900b0d8b905f11'],0.49502076786937427,0.33917746994405684,0.18258242222291945,0.7868884184376898,0,likely_human,1.0,0.33917746994405684,0.49502076786937427
UCMtUznV3lr7dhw2nXckz-cA,5,2,2,"['42b6830e2dd1106d46759e3691c22ec3', 'aff62dc5c5fdc45c5dde110245dab885']",0.47189591071858966,0.3308244490877684,0.1950644920446584,0.6878116867558081,0,likely_human,1.0,0.3308244490877684,0.47189591071858966
UCVfBCOh3T4giCeEeDBQoB2Q,15,1,1,['3d879ad2ac39ad874055d4d45402438f'],0.4618725825887716,0.32500379728298456,0.19298343048273242,0.5910170475939026,0,likely_human,1.0,0.32500379728298456,0.4618725825887716
UCUyId8ibaCO_nCTXbefz6Jw,4,1,1,['b980e8cd18c72bc00e816363551a2b17'],0.477239453443979,0.3216594648689486,0.19846953000110412,0.5307861052429479,0,likely_human,1.0,0.3216594648689486,0.477239453443979
UC4v5_5ALkQnqc201PZEh1jw,15,2,1,"['f3289a1a38b586513c9a88d781abc2ee', 'd0880edf8b02e37fe26b56b693a66211']",0.45777882980498763,0.3201537801977598,0.19533279167996903,0.5585532738412253,0,likely_human,1.0,0.3201537801977598,0.45777882980498763
UCAtf28aTnQKlF_35alP8qbg,-1,3,1,"['ec9fe19786f7d04e71403d0f4221e10b', '2eea83ce4ed631a5d6df797992c06ddc', 'b5ee3d3caa504a0694106db862ab7ddd']",0.4682254908145967,0.31733518593580434,0.18097198735241715,0.6860849282963184,0,likely_human,1.0,0.31733518593580434,0.4682254908145967
UCuyovJH_2dm93zTZ3qAsXQQ,-1,1,1,['a25603847ad6207f2c9345a0d259763f'],0.49474509524804977,0.31513220208431975,0.198233069113032,0.5045065325789362,0,likely_human,1.0,0.31513220208431975,0.49474509524804977
UCHLo2hdHmPdkGabpvM3-IPw,28,1,1,['a23926869caaf0a820d2e655c76d8151'],0.4685147409156173,0.3150995798354524,0.16261196457409116,0.5540380546281667,0,likely_human,1.0,0.3150995798354524,0.4685147409156173
UCqERtO9ex4LznxLwYxa3-bA,-1,2,2,"['42d7f0a68bf1a4454fc6d81da02c5c3f', '168d2ad9bd24d62e88fb349778f50a0e']",0.4548748279122952,0.31288534804730206,0.17866479801528543,0.7082995122903337,0,likely_human,1.0,0.31288534804730206,0.4548748279122952
UCDiv105oHKOBo0biCI3ZJVw,15,1,1,['d07a0fe1392766d9c6dfb1471a07551e'],0.47761052746564275,0.3128781162305122,0.15537340016363108,0.47407871250275246,0,likely_human,1.0,0.3128781162305122,0.47761052746564275
UCiW3DCWRgguuqc1WSY0YNbw,-1,1,1,['adb13e358887c01f3d34b178911e28a5'],0.4758813426680497,0.3115791759920685,0.18635432798218585,0.5798432057250691,0,likely_human,1.0,0.3115791759920685,0.4758813426680497
UC_YfrCEGTDg6gxWuWU6OImw,16,1,1,['a2973ea919bc03c4f4006dbb89c006c3'],0.44692519924790286,0.3097303000719902,0.1554400052385273,0.6700567644525931,0,likely_human,1.0,0.3097303000719902,0.44692519924790286
UCJNcvGA3D9qxYkaJIF5jE7w,25,1,1,['1340ce5e3deaf348afdcce6b2247df11'],0.46721261889402554,0.3092584741133427,0.18453228299255867,0.5262403580475873,0,likely_human,1.0,0.3092584741133427,0.46721261889402554
UCTpXITlQpMR2wq2m1z6r83A,17,1,1,['ab62509995c2696bc8ac02a5386ba640'],0.45593186053776064,0.309173424909572,0.18098414405395866,0.5735516610287987,0,likely_human,1.0,0.309173424909572,0.45593186053776064
UCintDRHrgImUnzw83De8A-g,-1,4,1,"['410d2bab4e04979a390b35b9c1fcd935', '99c61921754cfb1e6e95c20208c6bb8d', '7ec17c5f5ba545f8d7956f5ca5eb111a', '4dd06e38b13b7a21877026e67792d1b9']",0.43655132828326804,0.3091162355149411,0.16588206800667882,0.7797840735116819,0,likely_human,1.0,0.3091162355149411,0.43655132828326804
UCto-b29GnUPh-bPFMD3djjg,6,1,1,['1bc88b69dba679e7244659afc9b56b1b'],0.4400551538502235,0.30903166179477537,0.217936173918003,0.5341947866340506,0,likely_human,1.0,0.30903166179477537,0.4400551538502235
UCGXuOEXRFV8sxLK6YtpS1gQ,15,1,1,['a946aeae2b356f07144e40edff299f60'],0.4639022837379333,0.30889566239588606,0.186718482620535,0.43397621614007975,0,likely_human,1.0,0.30889566239588606,0.4639022837379333
UCmt_sqwDeoEuhd1Wm-6YuIQ,-1,1,1,['476afcbc6b590d512cef7ec29888cc3d'],0.45799634048398596,0.3088344905860087,0.12037999284308093,0.7797840735116819,0,likely_human,1.0,0.3088344905860087,0.45799634048398596
UCwEH9Um_FmCKz8qUa3wyj4w,-1,2,2,"['299627af8c5a5aef179ff94b3a229591', '89b4090fe21bdfca45abd115173d899d']",0.4556214095010837,0.30836144559575923,0.1611638780963338,0.6905614660535506,0,likely_human,1.0,0.30836144559575923,0.4556214095010837
UCzk4zWTfLsZrdEgetm5GO5w,-1,1,1,['ec9cb37b5d817aff105974e918b38d9a'],0.4669517592348661,0.30812874690126024,0.17011083001013952,0.6299244690959486,0,likely_human,1.0,0.30812874690126024,0.4669517592348661
UCpQ5Q1Yi9ODfutkMXvnLGsg,-1,2,1,"['f782a19cf1d9682c9cb25782a1796502', 'a77c09af1fbb9351f3c58fb10c432661']",0.4384400763270501,0.3077171919269465,0.1788211886384825,0.7326145062556975,0,likely_human,1.0,0.3077171919269465,0.4384400763270501
UCzpc241GFQxR4UgVGIve8HQ,27,1,1,['aa6d1b56721a588c3cb0b73ef71327c6'],0.43508999047564756,0.30703503367785573,0.1594098003909233,0.6588293179277552,0,likely_human,1.0,0.30703503367785573,0.43508999047564756
UC5Dyo7pHqdM2-BwmQk1bGDA,14,1,1,['5eebfc63f9e12e750ae79193e14ed173'],0.45531375512648165,0.3064019574511757,0.1918774775395788,0.5285356362556594,0,likely_human,1.0,0.3064019574511757,0.45531375512648165
UCubmelrOcSA2Ijxca-mpBZQ,-1,1,1,['4cccf0a20421747b41ae61dc9a3b53c9'],0.4723552824831473,0.3059069535106893,0.1400890589225618,0.6351119274492643,0,likely_human,1.0,0.3059069535106893,0.4723552824831473
UCW1o7VbLUA5KY3ZRJoGsepg,4,1,1,['9ff2713a18e21624e963319e3a1c0764'],0.4414049860810118,0.30589244155189355,0.22035970523655496,0.49278889263493475,0,likely_human,1.0,0.30589244155189355,0.4414049860810118
UCbI7LRCpIFLduQ1ERDtp_BQ,11,1,1,['a1c76874cef3cf5927aae4b13e70cdcf'],0.45163905258801607,0.30578841236000165,0.1837060435961976,0.5250604944671933,0,likely_human,1.0,0.30578841236000165,0.45163905258801607
UChFp2-EgX8cMBGj8hN71Cmg,15,1,1,['ce2a56730fca58442395df01aaba31b1'],0.44657109807044393,0.305591012520259,0.16045686261973297,0.5326262685018828,0,likely_human,1.0,0.305591012520259,0.44657109807044393
UC9MQOKLbxCG3tLSlsVOrkzQ,20,1,1,['2c1644368f6ad5ed1ae143f528a16c42'],0.45802529027975547,0.30550428992265277,0.17896149069323222,0.538360578590404,0,likely_human,1.0,0.30550428992265277,0.45802529027975547
UCCQa32HMX1VMIPRnmcDfqDQ,4,1,1,['ca7b449ca7acf3fc2219d86019c2974d'],0.4453281344564409,0.3053108758205346,0.18953989623965709,0.5303264081144419,0,likely_human,1.0,0.3053108758205346,0.4453281344564409
UCVv-TJ0vSF9I06Ziy0Ztfzw,-1,1,1,['baa8479b52ad67b708b4c9c601e1a40e'],0.44025835350116593,0.3052739374032931,0.1348755412441055,0.7937561746451505,0,likely_human,1.0,0.3052739374032931,0.44025835350116593
UCZrcPIBChP972MBPCEJxoSw,24,1,1,['8680ea1f5d593a48ced2a0c0109b7895'],0.4601014470939772,0.3052435968963247,0.17275864611062877,0.4748935874988566,0,likely_human,1.0,0.3052435968963247,0.4601014470939772
UC47A2t7TkfNL2ahou98-YbQ,17,1,1,['be4bb772f59326e0659fd8db2513bbbd'],0.4525482633022013,0.3052132289296119,0.18164107984725636,0.5549403304385119,0,likely_human,1.0,0.3052132289296119,0.4525482633022013
UCLzivcTRxdENd0IyjNLIGjw,28,1,1,['4a890b30b7da4764f442088d05c166f7'],0.47450806075773266,0.30509709306217425,0.16394157294741693,0.42886348679490727,0,likely_human,1.0,0.30509709306217425,0.47450806075773266
UCZiNJvnUy8OE-cdEMl2lSUw,-1,1,1,['c0513dc5b078914531dc936bf4a9c1a5'],0.4714765112560567,0.304704304263476,0.0943976407096393,0.7258646081395462,0,likely_human,1.0,0.304704304263476,0.4714765112560567
UC-SvdXahzFZUrZ9dFB1N8Wg,-1,1,1,['44623da89950d1503d55ab0f98e1aa80'],0.5006727583554506,0.3041122533897234,0.11218319236086445,0.5589786320779112,0,likely_human,1.0,0.3041122533897234,0.5006727583554506
UCUZ_YEgjKjdGGCg_PI8tJtA,7,1,1,['2b45a0e5303a0093d18b430b8c45b927'],0.4667078273909846,0.3038239281071074,0.16120241937962618,0.4736401448888224,0,likely_human,1.0,0.3038239281071074,0.4667078273909846
UCWpirx6J_GwDQWsMjM4zoqQ,-1,1,1,['46b40394f43fd62e278b08cfcb8037bf'],0.44142218249697396,0.30376475277579945,0.20167690448626968,0.6272754257142457,0,likely_human,1.0,0.30376475277579945,0.44142218249697396
UCEBqJkgYGooQDQzneExeMvg,-1,1,1,['82a1a551e4a70db416b276f6fb690c63'],0.48239321098223314,0.30356016208627906,0.1480751660378231,0.558350491390592,0,likely_human,1.0,0.30356016208627906,0.48239321098223314
UCLwBiThDgQnFdzwuvj_1vKg,21,1,1,['360543b37f14a70d3580cc810157ecc9'],0.4795426305106961,0.30334256728010894,0.15576124455119736,0.40776850566637524,0,likely_human,1.0,0.30334256728010894,0.4795426305106961
UCc0021moXiGcFI2IQDdL36w,-1,1,1,['35eb3c1024ed948682b53176e6a97275'],0.4598936151929596,0.30315325431106893,0.1658175281279473,0.6199816774513726,0,likely_human,1.0,0.30315325431106893,0.4598936151929596
UCl3YIUaeFZeo-wi_LbiH-Pg,-1,1,1,['bbdaf1a0d7e0e4064131c65b1a6bf925'],0.4716955122992913,0.3018789341566736,0.19380724685566683,0.48792147346020137,0,likely_human,1.0,0.3018789341566736,0.4716955122992913
UCmv-giPA-BelRMUjhJOgXkg,28,1,1,['875a1c68af3cb7680e16b5e29afbfbcc'],0.45596786760806546,0.301516760001713,0.1496870676983723,0.5051905454767114,0,likely_human,1.0,0.301516760001713,0.45596786760806546
UCExjlblOmXxAapGgChSH4pA,-1,1,1,['080be5dfe9df352e277696dd0e2ca79e'],0.46298848723120034,0.30136715374679146,0.19823373703223235,0.5142006330126461,0,likely_human,1.0,0.30136715374679146,0.46298848723120034
UCX_2VxZjuN985ZBw7cNgd2A,-1,1,1,['0c94664fcc08df6ed8492177b288ccbb'],0.4597817099992768,0.30108476630457115,0.17701834803157537,0.5647946567036749,0,likely_human,1.0,0.30108476630457115,0.4597817099992768
UCfBksFuX0xg4uli5Pe-e6Yg,22,1,1,['fed9e2761a2c1474e5b4d149546e7fae'],0.4269368143974914,0.30060527361314543,0.2169450682038158,0.521882781251336,0,likely_human,1.0,0.30060527361314543,0.4269368143974914
UCvxlAWzIjLcBwIK7meIAiig,-1,1,1,['80772034d12d73404d564f5ae6274764'],0.45232015095958295,0.30030019770197874,0.1823185758041336,0.5810336802361716,0,likely_human,1.0,0.30030019770197874,0.45232015095958295
UCWiUTdTcvI2Ntds8qQ9qaAw,24,1,1,['41e5679a2b9730fdb5a190d662de572c'],0.45495409576599166,0.2998176117075255,0.15814226356606523,0.47187886121825795,0,likely_human,1.0,0.2998176117075255,0.45495409576599166
UC4bigR6O4oik0hbBnSur-Iw,14,1,1,['f62f2518948698fb261b12015a05a878'],0.4483895122950696,0.2991761055742141,0.16886114893155496,0.5374051959699627,0,likely_human,1.0,0.2991761055742141,0.4483895122950696
UCmF6owrKH8m67bleHxH12xg,-1,1,1,['9eb69a7d36a7cbd27350dde90efe774d'],0.4372203133523002,0.29907728493860397,0.18057083197016915,0.6420623846949397,0,likely_human,1.0,0.29907728493860397,0.4372203133523002
UCvF0PZAVADWxP-OQOIulkew,26,1,1,['fd45cd311580cbac3ab7e94209b65f10'],0.4327561174575933,0.29888987707226344,0.16340093021492377,0.6086817676622007,0,likely_human,1.0,0.29888987707226344,0.4327561174575933
UCiBsktyhs8iZXhg7IfUEuUQ,30,1,1,['d5d3285164440167742a7718a8d2deb8'],0.4461183119074128,0.29864671484332156,0.19555070197058255,0.4739644120060573,0,likely_human,1.0,0.29864671484332156,0.4461183119074128
UCOpjccC_b8gTe-aAq-1425w,-1,1,1,['a6cd88958ef126ae2d80221f09959096'],0.4383466281769312,0.2984612831954082,0.18866462157817143,0.6174538275340821,0,likely_human,1.0,0.2984612831954082,0.4383466281769312
UCr7j-0fGH4QaOEQtzrywAGQ,-1,1,1,['bb13e71f76e8e1aeaa98489d3fa8fc7e'],0.4614066222908336,0.2983308610451967,0.1660283449256165,0.5529502670868746,0,likely_human,1.0,0.2983308610451967,0.4614066222908336
UCSMX7eIOCCRRDI1GxuITx3g,-1,1,1,['9596168bdd06b689945882c349093323'],0.46214860923572293,0.29812788026143344,0.16023477332056352,0.5627560571096699,0,likely_human,1.0,0.29812788026143344,0.46214860923572293
UCsD4KGMoYBy9rHr76tG0cHw,14,1,1,['d432a34716198730721b9f0d0775bed2'],0.43879220107252137,0.29794388928212456,0.1922255802007533,0.5147811271915402,0,likely_human,1.0,0.29794388928212456,0.43879220107252137
UCFylEneFxSCT0fmdJ02JDZg,-1,1,1,['ff7bbcbc696d4a4f838265193daf9378'],0.44415710988791735,0.29785273953433855,0.17476241759989947,0.6098631302427966,0,likely_human,1.0,0.29785273953433855,0.44415710988791735
UCHZXXYuHP_R9YgyPCXIe_Lw,-1,2,1,"['9f86faa1b4972885fe94c4fbf2b7b49b', '227590efadb1f0c96a7db72a0388c9d1']",0.44079927326410073,0.29761795624345994,0.18631993909155536,0.6018793323533272,0,likely_human,1.0,0.29761795624345994,0.44079927326410073
UClLCEKRAolSMZib8Jqu0Z3A,-1,4,1,"['12f55fbf4f82985384c7842651ad7098', 'f0626743fe00b528145fb60f42d8aee1', '05f0ffe885f82601c4f2ee6a73d0ac90', '779e89d307ff9364139ac8b95abb02d6']",0.44009867655470725,0.29729579560469677,0.17010904326226506,0.6335398320270109,0,likely_human,1.0,0.29729579560469677,0.44009867655470725
UCyoInf1XTCbbTiZJXgqcLZw,-1,1,1,['64be14b5f58ebf933ada9566a8200df7'],0.46839080875201244,0.29694106045013313,0.1274777844228996,0.598014875151869,0,likely_human,1.0,0.29694106045013313,0.46839080875201244
UCPt-BKqaCoG-TX1zyTW5PMA,-1,1,1,['d481c48bdafd6d2ccecb348df4521130'],0.4492552251079175,0.29689345820963947,0.1998431959110895,0.5260413875898745,0,likely_human,1.0,0.29689345820963947,0.4492552251079175
UCdqBsLRE9uKodZ0D6ubRCYw,-1,1,1,['defa73188cc774ffc38efc90b7a6fc97'],0.44261813382572945,0.2968121355646168,0.16601543665945764,0.6253528572902842,0,likely_human,1.0,0.2968121355646168,0.44261813382572945
UC6TUO6oX-SfAxUhKr8KmsmA,9,1,1,['60efdda3a5f443126f2f0415a11d658d'],0.4972091155553311,0.2965373583001537,0.11814820390634401,0.38782903801714497,0,likely_human,1.0,0.2965373583001537,0.4972091155553311
UC6Uc7TjQnWPo8qB64cj_MEQ,-1,2,1,"['b48088887c18d08ab0e048238d12ee80', 'c25514bd942ca6059f145ead8262b04a']",0.4360383913576381,0.29647621041567135,0.17066111161355096,0.6416853816281763,0,likely_human,1.0,0.29647621041567135,0.4360383913576381
UCOBgG9asYCuWCBSdP4a0K-w,-1,1,1,['fee934a949b5abf870a4173ad885b9a6'],0.4756027510679567,0.2964061657964272,0.1132308066225713,0.5905763370219276,0,likely_human,1.0,0.2964061657964272,0.4756027510679567
UCA1mUYpMybFS-AyISrXt1wg,-1,1,1,['c79b74e8c9df99a7b2bf77df4a62a7fe'],0.4519823496795537,0.29639066428860833,0.17637233817772735,0.5552020961684172,0,likely_human,1.0,0.29639066428860833,0.4519823496795537
UCadC6Zk-C38hdVBW-pLdmfA,28,1,1,['a297bec942e2d94330b18b2499bce0f5'],0.42171876333115743,0.2960305882194631,0.20070653145285375,0.5021423150248148,0,likely_human,1.0,0.2960305882194631,0.42171876333115743
UCqQ0GC6MbDfQM13CDPSI_WA,-1,1,1,['0db790d63bb1e2d68f559b3b560f317d'],0.43990281983194696,0.29591193259161824,0.1683459304102863,0.625867626136425,0,likely_human,1.0,0.29591193259161824,0.43990281983194696
UCTBr5QBjE6xr4qRkwqzPn2g,10,1,1,['22e2913aa201a4f70c59391b7af6df62'],0.47744602573704065,0.29567710949267406,0.1570990826911428,0.3925215131990422,0,likely_human,1.0,0.29567710949267406,0.47744602573704065
UCVDtkX7LZmOSzOkc2VVELFQ,9,1,1,['1b2fa79a1985eb65857f539561502809'],0.4208846015479208,0.2956069487802488,0.19786267009272132,0.555619397701561,0,likely_human,1.0,0.2956069487802488,0.4208846015479208
UCuk0JR-shnDfkljwd3eVoYw,-1,1,1,['f5379d98a324acc174c3d8efe22ce5ce'],0.4584099640054153,0.294855005132086,0.19511511688857464,0.47334328552824406,0,likely_human,1.0,0.294855005132086,0.4584099640054153
UCr9ENjFP6uFqk60JDlFEnhg,-1,1,1,['1e81ca9ec844cd0707ddcf08eaac2711'],0.43459287023086685,0.29473125990898313,0.2173892465617383,0.5369504253966135,0,likely_human,1.0,0.29473125990898313,0.43459287023086685
UClC9AzoCYGh145G46xlKV7g,-1,2,1,"['f213fb6fa4b06573db8c75bb2a9bcb93', '71ca3c7408d5b3bc7ad8e3525735be4e']",0.43412159735799716,0.29442444330163653,0.1874619538217304,0.6060356263705557,0,likely_human,1.0,0.29442444330163653,0.43412159735799716
UC4iw5DB173DWTVYAihirkxQ,-1,1,1,['96ab0805904bc75f548b2d8bba2afe9d'],0.47457740736404597,0.2944198073293382,0.16950800139949956,0.4496106517416183,0,likely_human,1.0,0.2944198073293382,0.47457740736404597
UCWENiy0Gm0Di-NOtoQjnOmw,5,1,1,['835e8d09bc49b41d175922bd6de08eae'],0.4386575078351177,0.29426912005891825,0.1844055755290274,0.49203438775354313,0,likely_human,1.0,0.29426912005891825,0.4386575078351177
UCcsDehHrYAou4Ro0h6Cl9fQ,19,1,1,['37583b7803be006e05761fa51446c0e9'],0.4735964612023546,0.29419215909558893,0.08973789134101727,0.4445288056249946,0,likely_human,1.0,0.29419215909558893,0.4735964612023546
UC7V23X7ASxoDBxXo8kgzlHQ,0,1,1,['4f04282d2af6f41da79db1de77f4cb01'],0.4335431685043659,0.29406326714841563,0.17872152565804264,0.5193179375327609,0,likely_human,1.0,0.29406326714841563,0.4335431685043659
UC_ZnH7JmmjXZ3tlzt_mYkkw,30,1,1,['295237b97923f5b024072dc81548ba50'],0.43576489703431676,0.2938920838659077,0.18217116091070243,0.5030660569566417,0,likely_human,1.0,0.2938920838659077,0.43576489703431676
UCzjWOqJRJXn7DAhZV90HpEQ,-1,1,1,['39009861ba7a10944c6b06416c5d888c'],0.41914046857940657,0.29381995442035885,0.17402236339679533,0.6830279279783105,0,likely_human,1.0,0.29381995442035885,0.41914046857940657
UCoDYSZCuH15-K9coie-Xstw,21,1,1,['5c9b8b7e9bd1d867b4d214d7af77f9ea'],0.4612587008408828,0.2937161452135565,0.11630351628891525,0.4637875098199954,0,likely_human,1.0,0.2937161452135565,0.4612587008408828
UC4D1JDKSxVf8pdrY7uJJUlw,-1,3,1,"['5d8f040b363302399856c59e9ea1be71', '979dc4bf72f1475101845c6b86222a36', '24963ecf8a304e807eb2a74e8229bc9f']",0.4339320726861771,0.29363357782673016,0.19379152591864038,0.575756528911527,0,likely_human,1.0,0.29363357782673016,0.4339320726861771
UC6HJm5h8XP5lw8_lffGwRbg,-1,1,1,['05b1ac9aff916bb74dab73b1fd9e777e'],0.47459704123816826,0.2931110161936769,0.15391566120528988,0.47894445407455466,0,likely_human,1.0,0.2931110161936769,0.47459704123816826
UC4MBcQnFAGWc0OXtsW-GhNg,4,1,1,['5de9707b3589f614c754652344d9918e'],0.4197026611624186,0.292845940180593,0.16188811794987354,0.5808927785226233,0,likely_human,1.0,0.292845940180593,0.4197026611624186
UCtVTIiOkHKLU0Jxas3CeocA,21,1,1,['cad5801717356840d3af47d8482b65a9'],0.45851081918826986,0.29257531869944287,0.13283229356807727,0.43451184767477113,0,likely_human,1.0,0.29257531869944287,0.45851081918826986
UCoBzO9AMKG4voZ8tFQEUcxw,8,2,1,"['0d258ea70b159273c71899e9e58da75c', '3983dd23d3a68b920a231364f216a818']",0.48757019640971333,0.29221688976216864,0.10129351911589576,0.4205013871259077,0,likely_human,1.0,0.29221688976216864,0.48757019640971333
UCJaBfd86wihCTJf9lj4hThw,-1,1,1,['7e22c8fcce5c4bbcd143c7adc8ededb4'],0.41633630689057155,0.29215952125804967,0.17801875540548762,0.6734812787317707,0,likely_human,1.0,0.29215952125804967,0.41633630689057155
UC--P0FFW7tjcsQfwAbHCzCw,-1,1,1,['3b190d297102c18b7b02bf268d801791'],0.4260927031036188,0.2920519307303006,0.21679421606071791,0.543690781855123,0,likely_human,1.0,0.2920519307303006,0.4260927031036188
UC5ni4unIyc0kjy77RyDdg9A,-1,1,1,['f150d4a9b7abe59be320afb2ad0360ab'],0.4509671573189381,0.29187780780220346,0.17250699979731066,0.5337500162969278,0,likely_human,1.0,0.29187780780220346,0.4509671573189381
UCJoZjjmfiOtbvUarZ2tKDqw,-1,1,1,['b25d54e08e9da4709f8de1d299cb9714'],0.46811999445859914,0.2918769708426666,0.13346020991696197,0.5343664221644464,0,likely_human,1.0,0.2918769708426666,0.46811999445859914
UCRvvTUdqgH4cxFVRzCKNsYg,-1,2,1,"['310dc37a7feeceaad620215f2f36d7f9', '057f4a8a5268cebd4ed5164e677ba6c1']",0.44565517412749744,0.2909958729149529,0.13553589747128916,0.6212200808156977,0,likely_human,1.0,0.2909958729149529,0.44565517412749744
UCzJgClz4DQOfsh5FD8jV3Gw,-1,2,1,"['62788c82574cb927c6301870b2494f37', '1383d0e64049a2aa35da247e13db50a6']",0.4342379923023646,0.29086666042887566,0.15320189424201233,0.6326657909938295,0,likely_human,1.0,0.29086666042887566,0.4342379923023646
UCaVUlqHtIyuplQIhPdzuiUA,-1,1,1,['3bf54ee41d1d829e1f535656e1054386'],0.44785406760157476,0.2905960128957258,0.1472516376680488,0.5799889155519606,0,likely_human,1.0,0.2905960128957258,0.44785406760157476
UCi992NKJ9TaQRWHllK9fKMg,-1,1,1,['fbb53cbff7ecc41b4b39c760bee51394'],0.46708139664887094,0.29054377596536524,0.17410027630063504,0.44490779265528446,0,likely_human,1.0,0.29054377596536524,0.46708139664887094
UCjPWE5qH8POdc_0daT1L3ZA,22,2,1,"['da607dac49c6c84817ff5ba21be07ed8', '36c158be44bc7f0acb6f8900fa69f4aa']",0.41350826381986805,0.2901601909332654,0.19647871806968625,0.5187784656961231,0,likely_human,1.0,0.2901601909332654,0.41350826381986805
UC26GG82nryF7Nc_JgmnjlCA,-1,1,1,['8f75110162d57a36c15ed5cb0326806b'],0.44272886079235585,0.2901556067369421,0.18635345910473444,0.5124227467589806,0,likely_human,1.0,0.2901556067369421,0.44272886079235585
UC76T4qM2yPMn7XFON9ABfyA,-1,2,2,"['8686511c738984f94c37050f7537f791', '50dc2cfad9a1de1cdc1dc0bf6c094957']",0.3480064732588367,0.2901300866024701,0.13738031540440365,0.9999797344422897,1,likely_human,1.0,0.2901300866024701,0.3480064732588367
UCBt5vL_UxCJm-hlbbqYPE1w,-1,2,1,"['f7bdf86ec0dde08fd4128ab840c3acbd', 'd1c13b74a919f21431bbfd56c120a033']",0.43940753990268255,0.2901176897980313,0.17173994472016818,0.5603097036576543,0,likely_human,1.0,0.2901176897980313,0.43940753990268255
UCawuwDxZkgz3M4SXV25Ayww,6,1,1,['f284eb6149de08dfb4fd180bcde37010'],0.46811166387732783,0.28992138974608533,0.1318349138716813,0.3937496645484606,0,likely_human,1.0,0.28992138974608533,0.46811166387732783
UCAIV0ICk8YeIHOfkCLat5Pw,12,1,1,['1aa2b0b92ff921c577328edc4461463e'],0.43158734873926297,0.28989895255498005,0.1944906815974983,0.465527304699336,0,likely_human,1.0,0.28989895255498005,0.43158734873926297
UCf5Xm6LiCcPPDxjtCMB74gQ,-1,1,1,['61beefaca7e2b4234152b72259e84b51'],0.43593441616880746,0.28968888018906325,0.18488924932491113,0.5457545475002307,0,likely_human,1.0,0.28968888018906325,0.43593441616880746
UCME_f5pjTCpiR2L4ZWqYTaQ,-1,2,1,"['677e990c1a5c3720dc967044c441d45b', '10dcd13fcc8d7bab3349574c8af48c41']",0.4595500722089857,0.28925670355737015,0.15619660503391244,0.4990380652421676,0,likely_human,1.0,0.28925670355737015,0.4595500722089857
UCXK6LEJFSTFQuD_K7zgBjXw,30,1,1,['644f4558d36bb5ed9c2a28edcb3c72c7'],0.42495234725065845,0.2891493063912012,0.1847609121116377,0.49714419337052185,0,likely_human,1.0,0.2891493063912012,0.42495234725065845
UCIjp4FPX41vkBHHhKjz0cdQ,-1,1,1,['6ad1216b8a956b8fb762817e800b8ab4'],0.46447494307101067,0.28914776588756774,0.1496808320102917,0.4802131986839327,0,likely_human,1.0,0.28914776588756774,0.46447494307101067
UCXCPTE9dZPHexBZLvONq1Qw,1,1,1,['47e0048a9677f45c79f38fec5a5911d4'],0.4250401327704305,0.2890452727463644,0.19483606299443107,0.4740954972394702,0,likely_human,1.0,0.2890452727463644,0.4250401327704305
UCOcTT5SIoB7c5kSn8tJFh-g,-1,1,1,['0555bae6d206d09998f390aab8583e0b'],0.4190699874394014,0.2887161533750145,0.20214313827047828,0.5751397655525696,0,likely_human,1.0,0.2887161533750145,0.4190699874394014
UCmYQFXIfEMYTOQIATo_jZ0Q,-1,1,1,['3d7101f47979477dd2f4982837588beb'],0.4629616422316251,0.2886081862865557,0.11115844499232687,0.574453808957746,0,likely_human,1.0,0.2886081862865557,0.4629616422316251
UCTGEPPRerDe-_wOEemVmm4g,-1,4,1,"['1647a3016662dd6fb6ba77e28d8afc4c', 'e9a41368a34d9ce1457bb95e079fe709', 'a0a009bdbcfd8a2a1798506a7d8909a4', '9ac9015a1b4949ada62af9daef7cca97']",0.42849945180614285,0.2886001651437561,0.1760755248239779,0.5827123181142225,0,likely_human,1.0,0.2886001651437561,0.42849945180614285
UCwHTmxfswx8Hhsn2nNdrFsw,-1,1,1,['12e720e5c2f4f8dec380763c5ee9163f'],0.4279063051479832,0.28859593668161565,0.1948742200235479,0.5519901046884023,0,likely_human,1.0,0.28859593668161565,0.4279063051479832
UCdED-XgyVo5O7_OUSinbdMw,-1,1,1,['7f99c87deb6e0cee17cba38c91cf31a9'],0.44484082450489837,0.2885813641133843,0.16659016902439647,0.5337459002442391,0,likely_human,1.0,0.2885813641133843,0.44484082450489837
UCYo-zPUcnTUb9ONa-ZNhBeA,-1,3,3,"['0f4656d2e94f85207deb9a232b0abe4c', '6f934f5d69d8097c24504653079f566d', 'c7f317504ff8abd4ea948d905eabd139']",0.45666125700031274,0.2884907504864185,0.11546472001307019,0.5905763370219276,0,likely_human,1.0,0.2884907504864185,0.45666125700031274
UC2tIigGKNUEv56G5ZyWWa3g,29,1,1,['c9af3c9cdc286839e625eafb7df98bc0'],0.4036383235775236,0.28844355937626526,0.15804335245632942,0.6422254442945396,0,likely_human,1.0,0.28844355937626526,0.4036383235775236
UCIxWwXvFJt1mxlh0Jnq1Jrw,-1,1,1,['f817d64bc1a105cc73d576813fac2abf'],0.4125222261869765,0.288353862639877,0.1863648422849004,0.6376452585794604,0,likely_human,1.0,0.288353862639877,0.4125222261869765
UCamo9yZsMmpUm9PMkZyUVOw,-1,1,1,['584666165fcd7a5f65e8aebfec613b33'],0.4255248652531942,0.2883363232303751,0.2040428132003759,0.5484757441221383,0,likely_human,1.0,0.2883363232303751,0.4255248652531942
UCgTI75eI5FLJck3bD8T_KhA,19,1,1,['65c070aae9a94435055c3ae1fdab025e'],0.42005646847515365,0.2881958736734116,0.16347388924885792,0.47685148757898893,0,likely_human,1.0,0.2881958736734116,0.42005646847515365
UCfpQ2C_zYI5ogyo1UlfesPg,27,1,1,['45e33feb0de1380e68532f5bb1c7e1cb'],0.4436525930074495,0.28808932183319874,0.14915068645140986,0.4514231109949399,0,likely_human,1.0,0.28808932183319874,0.4436525930074495
UCbEKLMRevNhOv2LpLs-VveQ,-1,1,1,['2f86aba2c8363569142b78f648377a53'],0.42022330669551755,0.2874358788024306,0.20417205322239199,0.5577659650516381,0,likely_human,1.0,0.2874358788024306,0.42022330669551755
UCdGf1b-sqyuHX_5OmqU4hBQ,-1,1,1,['273b8908b82c5d948760e083e622d387'],0.44751910313771043,0.28736006448380136,0.14835525082956091,0.5529502670868746,0,likely_human,1.0,0.28736006448380136,0.44751910313771043
UCkJUWgTm10BR2EqexSHQIsQ,18,1,1,['6e19004179c5f21fd936c9b3a6de8049'],0.4295969605639801,0.2870001239008406,0.16605595727175312,0.5007339428055153,0,likely_human,1.0,0.2870001239008406,0.4295969605639801
UCWj9y0t0G65oqb-Lpy3J7oQ,31,1,1,['7205c87d3ad6df7be1e188f5152b68ab'],0.4236226544649553,0.28682964750785944,0.18094056940142494,0.4869385857019495,0,likely_human,1.0,0.28682964750785944,0.4236226544649553
UCXZSIe0LnWaO6uZXKcQtAKw,-1,1,1,['30080d8f4450447ab7001560cfe766f8'],0.46428559891040394,0.2866784825768889,0.13762190160285018,0.4912341550689353,0,likely_human,1.0,0.2866784825768889,0.46428559891040394
UC2_hl-9IyxREM6vaqmJeE2w,13,1,1,['b20263efa5df8e997ddcbedc95384767'],0.4482155069866339,0.28666492345401196,0.1540929828561302,0.41096171314818464,0,likely_human,1.0,0.28666492345401196,0.4482155069866339
UCIRHb6_5v261Xm9i8qKzbJQ,-1,1,1,['e381ab35808d27b6760396e0d0e02831'],0.43852285254235074,0.2866194874789747,0.15655736852351348,0.5627560571096699,0,likely_human,1.0,0.2866194874789747,0.43852285254235074
UCn62tr0kKmDe241FEgMvXBg,-1,1,1,['20c6e408afff3f56b0f97322c3c9fa8c'],0.4428974599641574,0.2865321361151507,0.1451627639523873,0.5647946567036749,0,likely_human,1.0,0.2865321361151507,0.4428974599641574
UCbpmPHT679KOANvgVKg1DzA,-1,1,1,['7da9c44fccdcd126c935eac0717da237'],0.475656305132246,0.28645221138611576,0.16412957994441868,0.38676200711859615,0,likely_human,1.0,0.28645221138611576,0.475656305132246
UCL9uFiI-gnWdyuWTuAMztRA,-1,1,1,['abd8d07ffd050a251adcb067ec30a766'],0.3958456270834724,0.28639955524387883,0.1993104440405068,0.6703086866884418,0,likely_human,1.0,0.28639955524387883,0.3958456270834724
UCejObaKHouKOCED-FXMAgnA,-1,1,1,['997f4e6d1a4dbd22ae6507fbee6d9b1d'],0.42854613916912765,0.28638387270439425,0.20388194163090256,0.5079719767266279,0,likely_human,1.0,0.28638387270439425,0.42854613916912765
UCRmdKBTK2K9OyQ1YKcsXTHA,24,1,1,['c09d5415413e40046b557c36a52514d0'],0.4315264852975851,0.286363529193841,0.16212105708099472,0.4381338344807761,0,likely_human,1.0,0.286363529193841,0.4315264852975851
UC_f4Wk3YvYXqX2NIyJ9oIlw,-1,1,1,['7d717087a1f1091f3d8495a7bde997c7'],0.4393931017574398,0.28622477359776743,0.16504054311313934,0.5405662348507114,0,likely_human,1.0,0.28622477359776743,0.4393931017574398
UCp95vg9zTWwDTNAK4ObDfpg,-1,1,1,['dc57b16c43eed2c2444ffb7eebe02209'],0.4510705153586062,0.2861797275047961,0.17593299447294475,0.45990187690324585,0,likely_human,1.0,0.2861797275047961,0.4510705153586062
UCjZSr26T86eJwOOnmKQCkXQ,-1,6,1,"['d6e7d698cd422c517e1a4e7134c6ccd6', '0d7710548913074967feec9315e13fd3', '334aab721e79b66869eeb39392320f47', 'ec5a44a3665eba24c1f47ec4fcd2bd9d', 'f595287e577e39459097b74270295935', 'c0e802865b2cb1885d507ef1471cbddf']",0.4205798311760461,0.2861339863174892,0.15684377584638554,0.639919161235434,0,likely_human,1.0,0.2861339863174892,0.4205798311760461
UCfrS1Yzj4hcVw5vheS6Azqg,-1,1,1,['291027e3d2e61ad50504c04a7864edba'],0.4568525621504482,0.2855448467326142,0.15059893004928737,0.482306503151886,0,likely_human,1.0,0.2855448467326142,0.4568525621504482
UCv8FjWSDA5OGf4WSwVVJweQ,-1,1,1,['22aa9f4ef60bfed4803ab656b81aad1c'],0.4457611142988045,0.2854692417452962,0.1688181451893995,0.49700736349403724,0,likely_human,1.0,0.2854692417452962,0.4457611142988045
UCD964r_Jqu_Jw92PyFi0eZA,21,1,1,['2ba1c8050730b8cb2ac4a17b7f7d440a'],0.41060440881570837,0.285452335695169,0.19311687430493185,0.4593582049823344,0,likely_human,1.0,0.285452335695169,0.41060440881570837
UCGjtKDA4zUN9QmG1j9haIGA,-1,1,1,['bed505f01f98ee23a964d7a326c8c90f'],0.4524729231802241,0.285414396291602,0.15303189459521443,0.49950927214872887,0,likely_human,1.0,0.285414396291602,0.4524729231802241
UCAaY4WHHi_RuIdNoqOpUVGA,-1,1,1,['d2e2f9e79d6fad7f7bdf46a3ed48330d'],0.4212959871180263,0.2853632520883568,0.1677207864361496,0.6052796360870283,0,likely_human,1.0,0.2853632520883568,0.4212959871180263
UCk5JXbsyWFBAMcCmDsu02EA,22,1,1,['5c05b6b5415bd28a3ddb808992d0aeb0'],0.4184689523797276,0.2851606012506198,0.18269239157227182,0.47673139895161987,0,likely_human,1.0,0.2851606012506198,0.4184689523797276
UCWGB4RFGRzrq_8pH24cFmkg,-1,2,1,"['39bb333c5a1de06e0e62526dd4dfd56a', '1cd28a39ca51eae6de8178cd8c44c0cb']",0.4403279436550521,0.2850895868853969,0.18065134706721125,0.4934094751283008,0,likely_human,1.0,0.2850895868853969,0.4403279436550521
UCrILeY1nyQQZhJb8nhvHD1Q,-1,1,1,['dcf34a7013e47a70b2078b52d0dac5cf'],0.42819163317486875,0.2848647774560632,0.1896115245023049,0.5233047623528394,0,likely_human,1.0,0.2848647774560632,0.42819163317486875
UCJHaeg5fRIF9HL_1ECwnecA,-1,1,1,['64df0f77ec2a2e8a3e0bf8f93605f532'],0.39139081762673644,0.2848152574032089,0.1961927851739033,0.6727516167960879,0,likely_human,1.0,0.2848152574032089,0.39139081762673644
UCM0LwniOjzV0UC3ZNFwr-Dw,24,1,1,['58318d9f56b847234fc1ee0ed1204129'],0.4602913353338834,0.2846358875308247,0.14188062933645068,0.3336394440646537,0,likely_human,1.0,0.2846358875308247,0.4602913353338834
UC5ZYvhRaCGP8vYLKPnPdLYg,-1,2,1,"['5e04986aebfb9ae676c079f144267121', 'c6c7bf0260967d25b495fd919278a8c5']",0.44972230606109237,0.2845520157359936,0.16649323221101936,0.471762759119852,0,likely_human,1.0,0.2845520157359936,0.44972230606109237
UCdfEzuWp_r4gWe6wP0XjChg,27,1,1,['f3778364ed85087e777bb3b9e153a500'],0.44477356401010504,0.28451042828444073,0.1459398825943017,0.4186380400049837,0,likely_human,1.0,0.28451042828444073,0.44477356401010504
UCTKoEkmiZiCQFc3MiGW2YFQ,21,1,1,['5f37657c8533bcf6562d03aff8c5257a'],0.4221029255572666,0.28431832537661456,0.16842325471394268,0.4471617442852206,0,likely_human,1.0,0.28431832537661456,0.4221029255572666
UC3EHztyZ4tEQqy8PuawZXtg,-1,2,1,"['3b5d06233c2d42d0edc5ec31ffa9a1d5', '6bb5cd0d9ddcd20e839203e2dd8dac40']",0.41892763455929133,0.28429282338856876,0.17852618929868144,0.5850862781131158,0,likely_human,1.0,0.28429282338856876,0.41892763455929133
UCSCu7m5muJeBnuLyCmz_ErQ,25,1,1,['75cab035507d9e39564151d6180b6768'],0.44362593466611505,0.28426206374557106,0.13832625750569155,0.4707171560358552,0,likely_human,1.0,0.28426206374557106,0.44362593466611505
UCwHZJAGpI2paGS1JbOmB9Nw,-1,1,1,['ac3ca8e3a6ae65463ce2548a9217f806'],0.44834246052321247,0.28381767808844544,0.17238559107542467,0.4559892933713334,0,likely_human,1.0,0.28381767808844544,0.44834246052321247
UC2lh9xf3G6xchBTACSGH-RA,19,1,1,['956fe80a32b17ae3bc80bc6c6916c573'],0.4404773304878072,0.2835401558160497,0.1454916744812095,0.37452300176886916,0,likely_human,1.0,0.2835401558160497,0.4404773304878072
UCAEzDmzNtaEYdFIX83Pee1g,-1,4,2,"['cb6bd812e56d16962c850640e502039e', '1fc7839626e5c5723fe9f183f1890b78', '1adda2d0b82ee55fde0e505bfcae9d9f', '38c6b9bd7e24b517dfdf0e7579dce768']",0.3954163037331736,0.2834037155738497,0.1531845066214213,0.7326145062556975,0,likely_human,1.0,0.2834037155738497,0.3954163037331736
UCc6OGvvNjXV6JYjEnYGQuYQ,28,1,1,['84a9c3c8e17c16f427e60ad2655c46d1'],0.4697068873707924,0.28298250268330727,0.10463895559854573,0.3463827199460214,0,likely_human,1.0,0.28298250268330727,0.4697068873707924
UCcTV1z6lHBfpL3c88oHeFKg,-1,1,1,['9fefce06bb727d22e441a7f54a5c931f'],0.4397706300442397,0.2829166339172047,0.17054926874699197,0.48910025625729286,0,likely_human,1.0,0.2829166339172047,0.4397706300442397
UCwVxsoWMs6C_aJH3TFcm7-g,-1,1,1,['ae42b1bd29ea2518cdd19da262b8fea4'],0.437832696014285,0.282904702596331,0.1667953979483371,0.5190796164831023,0,likely_human,1.0,0.282904702596331,0.437832696014285
UCMLSNBc9C20PPismlzdm0nw,-1,1,1,['5dc6d78d8ad2c01678eee1489d75c6c9'],0.43021026962259956,0.2828064071359036,0.15932603778233917,0.5576705578676682,0,likely_human,1.0,0.2828064071359036,0.43021026962259956
UClSYk6acuqDE6_4_Es21E0g,2,1,1,['b3ba6beea9bd4a5546eb0f7d9b0e0796'],0.43466968315149124,0.2826279633128488,0.1627426057028311,0.4355978416731113,0,likely_human,1.0,0.2826279633128488,0.43466968315149124
UC0imD0xHQhb2ZS1r3jm9hTg,23,1,1,['5a4c078eee0d604a91da213ffb60bc63'],0.4334993196901836,0.28231710628131257,0.16436433664647326,0.4453250968915426,0,likely_human,1.0,0.28231710628131257,0.4334993196901836
UClHB8BHl5rfFO7wBw7RiIsw,31,1,1,['7fb0d24c7b36e4a3b3f4caf0acea399f'],0.42703726369808115,0.2822326207511443,0.16907431575936954,0.4512758697333261,0,likely_human,1.0,0.2822326207511443,0.42703726369808115
UCvFT6GhTnKkKtw7aNBTDAAA,23,1,1,['7cc0ff59fd87ead97ca7291ca494f0c2'],0.42259962710796384,0.2822312647463643,0.1823278514598362,0.45778705755738325,0,likely_human,1.0,0.2822312647463643,0.42259962710796384
UCHPrx6DAn0LUzH856CsRXzQ,-1,3,2,"['def8cf639aa4233abd6d48817a5cb568', '41bdc8ccf9fcdc1c477ff527e27a0930', 'b7509402afb08cce7bbeeb6a3c90394c']",0.3807120763603295,0.28194435359274284,0.17691544325337444,0.7344319089240768,0,likely_human,1.0,0.28194435359274284,0.3807120763603295
UCR9x8gPAcHGsID_eOhokCSg,-1,1,1,['540a842e83346258fc33637748b5f20f'],0.43692367697869217,0.281737990643778,0.16504745297920245,0.5045865544001016,0,likely_human,1.0,0.281737990643778,0.43692367697869217
UCmFcRvEeFcyC9iDJwXjhGSQ,-1,2,2,"['14644f850599162eb2b93825fd36f640', '5b404dfff95fcc2a6afca0c3867b4d6f']",0.4189933772721504,0.28168441720928217,0.1379678980827094,0.6390304860538177,0,likely_human,1.0,0.28168441720928217,0.4189933772721504
UCcf4U5dpE5AW3o5hR2qBw6w,-1,15,1,"['af1a27819ecaa9041af53c71055068ea', 'b4804b8b7ce5e1aca8e2167b15f08597', '60460abf5bd2bb29355d2c4f6bf36c18', '748a8eec2bcec3593d05491e8c3e2f76', 'dc1732b24a03bf6c949e498c1651d76d', '38b48ae23d44bb0df4f4f6c5a1538099', 'de204327235fdb15347c4874182c6cc0', '83e4554e7557baa46972ffed49507900', '611b80868305213c880d3e0fbcc81ab9', '078936507efb70682222c1b43c8c0729', '46dfa0b80f04de1dbc06f8431f3e3354', 'd88d5b37bf248d4c02f2be32f20cf54b', 'ef42175b72b65f031611c1329ee26c41', '7a9d2879e20196cc892883986b807ba5', 'ab933986df7179fcb7a6c867e03ec84d']",0.3977842048963991,0.28152057792659774,0.16323549165313989,0.6830279279783105,0,likely_human,1.0,0.28152057792659774,0.3977842048963991
UCvbWGwaTA_-cxcZG8V1PH8Q,-1,1,1,['cd70b0140471724a3498c0fcaf655582'],0.4145366043260772,0.28132663564663535,0.1847660752996591,0.555596014974397,0,likely_human,1.0,0.28132663564663535,0.4145366043260772
UCvmhdq7HQ_1ewWQFx1cu2eg,-1,1,1,['e67215104f9e53d6b81a54986b2c82b0'],0.4392329691252926,0.28121418256613934,0.18081624754990755,0.46929217438508036,0,likely_human,1.0,0.28121418256613934,0.4392329691252926
UCyOVxUSDpldzM8enDQJfLzw,-1,1,1,['642afb01889a946fcee8337a803fd51b'],0.42640603683106765,0.28121181712355936,0.18660392316997018,0.5140161874752651,0,likely_human,1.0,0.28121181712355936,0.42640603683106765
UCvL7fUEaVVZPF7fq5WoJr7Q,-1,1,1,['09c6dbe46f7ffe2bad62d3c077d092ad'],0.42742641347698346,0.28114594738936644,0.1674947048065285,0.5314064783595596,0,likely_human,1.0,0.28114594738936644,0.42742641347698346
UCyLg59vcJXVQMsTRNTuZ4QQ,-1,2,1,"['82b2df9244ad4d2c8c9aa6d204746ff1', '07acaf54ed670ed579d2180ed1cf6fed']",0.40141673827149715,0.28100948512458646,0.17394890425637152,0.6420623846949397,0,likely_human,1.0,0.28100948512458646,0.40141673827149715
UCS_8ItNiTNbN7mlMtWeNgnw,29,1,1,['1c4ecd423fa665794cd95f71ea859552'],0.40416142084708817,0.2809453496520923,0.18890491542655502,0.5010651110134727,0,likely_human,1.0,0.2809453496520923,0.40416142084708817
UC1CbW4bLekS_wYGSErWnncA,11,1,1,['7fa37fef2f0c9514647778017bc6f1c4'],0.4256572105893479,0.2809304955633702,0.1502899383916451,0.46269654298599994,0,likely_human,1.0,0.2809304955633702,0.4256572105893479
UCDwPB80rQNKZslwenTvoT-Q,18,1,1,['6248c69cc18fa3ff00f873e475f959d5'],0.44108602151411985,0.28089500332756756,0.1479271273853758,0.4284155179594567,0,likely_human,1.0,0.28089500332756756,0.44108602151411985
UCi-tjEvkgTAkCOHoxtAO3EQ,13,1,1,['6e53d376066228797c64d0c901aeb773'],0.4235309083070379,0.2808336858279607,0.15255938820831125,0.4658849332132165,0,likely_human,1.0,0.2808336858279607,0.4235309083070379
UCy20AjSN4uND2pWD9sRj3wA,-1,1,1,['65462d40d8f2a4d831ee124d0df3739c'],0.426977681318222,0.28079206625332914,0.14597812100518057,0.5752157574500408,0,likely_human,1.0,0.28079206625332914,0.426977681318222
UCHb0qK7ANjD_zFmlC29eE2w,-1,1,1,['41ce29b909049ddc501b37471dcb4bc6'],0.4430209617330153,0.28066003777340665,0.15819039774371826,0.4882718195508542,0,likely_human,1.0,0.28066003777340665,0.4430209617330153
UClPjlZQ933tKQBH7nOv-CDQ,-1,1,1,['4286370cdb8c8c4dfacdd61ece450cc4'],0.4557812113124309,0.2805858701524981,0.16192774204180987,0.41796367270006746,0,likely_human,1.0,0.2805858701524981,0.4557812113124309
UCUBIh1EVDAFdAQTzRKZx4cw,17,1,1,['37a9f26f89468a920846f289b1e3ffc8'],0.4180874984723915,0.28056616923712463,0.16120949805110596,0.5028090141570001,0,likely_human,1.0,0.28056616923712463,0.4180874984723915
UC9ENhYZRqL-pPfYIc0xVHwQ,-1,1,1,['b6a2588b8e91773eb3f4d08412c47984'],0.4336877048179548,0.28039133541548394,0.18581070950644432,0.46034568800585896,0,likely_human,1.0,0.28039133541548394,0.4336877048179548
UCHem59SB51gNLnaL_ol7buQ,8,3,1,"['9d946c5e71c05b98d0e3147afcd53528', '15aa0997e988bce9a1da4afe0f3f9d75', 'ae6932283a98b35a21f7ad3d5dab380f']",0.4565824218672989,0.2803547624677111,0.09514902258288256,0.45478331308429765,0,likely_human,1.0,0.2803547624677111,0.4565824218672989
UCNei2-07FhDfmkx_vCgfNRw,26,1,1,['b601fb5b82223e3b79830f425dec549e'],0.42151892396421986,0.2801624430682948,0.15668044855661137,0.4934094751283008,0,likely_human,1.0,0.2801624430682948,0.42151892396421986
UCRwtjaK729pzMtIGkSdTJQQ,-1,1,1,['7de6ea0e414aabc483e45c22a0e42dcf'],0.41537469681163053,0.279686843617712,0.19331162428208096,0.5258192459625458,0,likely_human,1.0,0.279686843617712,0.41537469681163053
UCQyx63ZS9XG7jDoJiv-l3Dw,-1,1,1,['2eb2430ea56ccc1ba1294fd00b763207'],0.43504973216174914,0.2796849111504647,0.18377408757045097,0.4615893551280316,0,likely_human,1.0,0.2796849111504647,0.43504973216174914
UCGKEPOn6SMG19J_Moq41ewQ,23,2,1,"['11b178548b0a510cd0fedcd468bfabd1', '2f6f64b801dc4abc8f56d14c910d340e']",0.3971371488272511,0.27932791647758737,0.18130268590327178,0.5457944163153068,0,likely_human,1.0,0.27932791647758737,0.3971371488272511
UCd5XUQ58h2YNlkIR0Nuymfg,-1,1,1,['29048c9759aea51a5af8796dbf66cd49'],0.4313717941633475,0.2792767290348569,0.1891519418506821,0.4538429219731235,0,likely_human,1.0,0.2792767290348569,0.4313717941633475
UCk1AWh2m-eokN-SJdg5UVKg,-1,1,1,['b59651ebe03158483ba9266dae0da8b1'],0.4431172061873391,0.2792243493030182,0.1678287121717738,0.44363160193180734,0,likely_human,1.0,0.2792243493030182,0.4431172061873391
UClGG4NBhpL85Z8LuyqLUJ2g,-1,1,1,['5abaadd580624e8e09cc3a5926082ea8'],0.40536767250140204,0.2791351955694781,0.19936572650165896,0.5450488034883653,0,likely_human,1.0,0.2791351955694781,0.40536767250140204
UCFVtmaxFgbA1h6wJkXgKiGQ,-1,1,1,['6b3356646f71ab1d33accf49f153232c'],0.40316450283751426,0.2790707227113224,0.16915633157660415,0.6199816774513726,0,likely_human,1.0,0.2790707227113224,0.40316450283751426
UCh5cmG-rVjQj2JZniJ4WHxg,-1,1,1,['19ca7e086d4ad07cf857290afd633286'],0.4513361814308114,0.2789773301580334,0.1173164671061168,0.5093588203007922,0,likely_human,1.0,0.2789773301580334,0.4513361814308114
UC72wOtVmSuCHRTRQeWIiTTw,-1,1,1,['7747c1e62110040b90da84217f5ec444'],0.421907241640167,0.2787899302579702,0.1778127359280037,0.523667140617023,0,likely_human,1.0,0.2787899302579702,0.421907241640167
UCvsZ-qL1jrAQBashSbtoFew,20,1,1,['d67b9ff54c69db3db2684d4d94465eb0'],0.43203871889678647,0.2787531688574103,0.1637099529418548,0.4180618450918072,0,likely_human,1.0,0.2787531688574103,0.43203871889678647
UCL49fI2__xCSt6lDHIu7Lmg,-1,1,1,['7db9e8e2d5ea8db49a77adc1874a136c'],0.42591059674591303,0.27861783074548824,0.17195618344070202,0.5084175955523794,0,likely_human,1.0,0.27861783074548824,0.42591059674591303
UCZklLPhSdEjVkzCqLgYtesg,-1,2,1,"['71c41e57817095fcd770ad8899598527', 'e932e5a6462d56bdcb074e5a5f815d78']",0.4248832983535156,0.2785550714459686,0.18251736379300343,0.4924544712567931,0,likely_human,1.0,0.2785550714459686,0.4248832983535156
UCfkMTmAxvZFFXNfJWjTY68g,-1,2,1,"['4afd8f2bf970e6491fe2732a290ccf73', '186b0d56791df29101073a8760c24166']",0.4268724174336441,0.27852127044247943,0.12685295262056243,0.5966360039127213,0,likely_human,1.0,0.27852127044247943,0.4268724174336441
UCTT4pE4hQ9lPxo4UqDnvE7w,-1,3,1,"['e0d7d7bf742aed15d478ce37fe55fd58', 'e5ba112c7932d3479ef4bf7d0224ca1a', '6dc18b3edc2cfa2a2e5475265addf54f']",0.4393194110232495,0.27843528824353325,0.12388197776365235,0.5507216327876422,0,likely_human,1.0,0.27843528824353325,0.4393194110232495
UCNZOwenVJ9sK_bgUZ_hpgMg,-1,1,1,['b7141947be0e6012f24c9e6c52b9eb27'],0.4026378473375301,0.2783905372576102,0.1713292006845651,0.6089423512177673,0,likely_human,1.0,0.2783905372576102,0.4026378473375301
UCuKzwyrlEgVd1PWnHuPZLXg,-1,1,1,['fb0912cff776bfffe967a122cbf51647'],0.38667952649066095,0.2782724674535551,0.17348739241241432,0.6734812787317707,0,likely_human,1.0,0.2782724674535551,0.38667952649066095
UCPEVZfxHm21Fy0sFdGSxe_Q,-1,1,1,['31aafdcb20c2f95a5c5f05c03ae1e0a9'],0.43659740143752257,0.27819068080709386,0.15054574233988094,0.4977548452779664,0,likely_human,1.0,0.27819068080709386,0.43659740143752257
UC2sdOrjEt46R-NLnbanEwkQ,-1,1,1,['0d5e53163600ce3f1d7f6be9d9a6ff5f'],0.40349423038764304,0.2781035703083957,0.1757955198047237,0.5968954841483582,0,likely_human,1.0,0.2781035703083957,0.40349423038764304
UCkBMc_vsOCSZEKGRlg6YnBA,-1,2,1,"['d874b471ac5bba6c3fd4e67f020d5d14', 'efee0cacac06d4290ac4db5666f413d4']",0.4350596959718704,0.2780326515780626,0.158429771387554,0.4892281982180305,0,likely_human,1.0,0.2780326515780626,0.4350596959718704
UC0vcI1QYJe__7irFPFCio9g,-1,1,1,['a525ca4261dad2b113f30fb37efe2c65'],0.4079750368922185,0.2777809387308575,0.21012905313381255,0.5118187243999623,0,likely_human,1.0,0.2777809387308575,0.4079750368922185
UCqpv6dOxU7DK2f1_tDjtKBw,-1,1,1,['f79d72181d0c6ad23a359372e1e55fb3'],0.460228038583963,0.27763300231391036,0.14484733366427271,0.4056144071822267,0,likely_human,1.0,0.27763300231391036,0.460228038583963
UCyhw8M6PZHfJNBjPdwiIl5w,-1,1,1,['b8066c5ba67fa2f9cfe620cebe35eef2'],0.4465333163137045,0.2775439592416419,0.13487834769673707,0.4824543988666213,0,likely_human,1.0,0.2775439592416419,0.4465333163137045
UCSFYDqq0vdYKLSRCjupvNIQ,-1,1,1,['3d5010a73cd10ccb770e62fbe59a2f57'],0.4561980630494963,0.27752951167305767,0.1132154603476406,0.48217572157850264,0,likely_human,1.0,0.27752951167305767,0.4561980630494963
UCAYcZALtWuIVIvgjuVtK9Rw,-1,2,1,"['c017dfb0e6361d4bdb5b8b0744121d5b', 'f64a56342b8af14132e7582d287eb9a8']",0.4177809214047069,0.2774551591172926,0.1839008077503811,0.5145684939097604,0,likely_human,1.0,0.2774551591172926,0.4177809214047069
UCWppF-NLfMa4je6zXqUOdnQ,13,1,1,['69d67b1b3dd6241d4d0aa8b345e40c74'],0.485177354400772,0.2774056428750809,0.082506641256639,0.30136305219556103,0,likely_human,1.0,0.2774056428750809,0.485177354400772
UCM6PfKQsLEGkF0mXcbxpQIQ,-1,1,1,['f1cc54a08401072367c75e634daa5455'],0.4117047282312275,0.2773424282206385,0.19530164362278907,0.5099583339868423,0,likely_human,1.0,0.2773424282206385,0.4117047282312275
UCIepGPaJkTKf9YB9YKp7aFw,-1,1,1,['056cbcdc53b17db2196e3105ea61fb77'],0.44037029030526675,0.27711351803982687,0.1651416074917799,0.43924972389485917,0,likely_human,1.0,0.27711351803982687,0.44037029030526675
UCdr8e9IrKM9h3EsQKI13uIg,12,1,1,['4064b60158c9b738a8a98fb3baf44c7e'],0.4224319119627187,0.2770620461841284,0.15520174155256566,0.4613670352705131,0,likely_human,1.0,0.2770620461841284,0.4224319119627187
UCPPeelyJiCTGZUHbMOhEiTw,-1,1,1,['9e887d2cf3c5ca38ba329e876b5c7ef6'],0.4013678445930382,0.27697857402525455,0.1604248893087311,0.6253528572902842,0,likely_human,1.0,0.27697857402525455,0.4013678445930382
UCzjG7zABfLoNTKbpb3H0PWA,9,1,1,['fa2604c371a3d217c6979d0d6ebebf40'],0.42464365517698766,0.2769154289509648,0.1662747624495386,0.4182400724930241,0,likely_human,1.0,0.2769154289509648,0.42464365517698766
UCg9gXh7_QecGmq99ceay8wQ,-1,8,1,"['a05b8c4d5262c7b5eb628e438f371c14', 'f64d78872cec53578a17e69395b10d80', '26881ef9a353a0e1111707d9859c8009', '767d97035e39bf9df15c8f9250090646', '959f112870345349ee11be8f4f1879e9', '500a9790fe1bb9c516ffbba778219345', 'fbc8a4af88bb6f3edb7f0deb03c9f3ae', '8dc99cfc311b1bbb73bab465601b156b']",0.4000798805003264,0.2769042781340818,0.183583944742708,0.5928460976039731,0,likely_human,1.0,0.2769042781340818,0.4000798805003264
UC6RQJ_X8oPtsc9zcfb9Ue4Q,-1,1,1,['489fdfe09894a58afbdef2a702605ccc'],0.4711887061821023,0.27686625923224645,0.11806018887490774,0.39645330382363847,0,likely_human,1.0,0.27686625923224645,0.4711887061821023
UCnwZ4IQ0kybagkkITn2A5dQ,-1,1,1,['2ec3a36807fdad7285a6798a3cd92109'],0.4355401478562779,0.2764631048681654,0.17829091007014536,0.4263409247678838,0,likely_human,1.0,0.2764631048681654,0.4355401478562779
UCHmjge5v4rY0RpTmnbRlOwg,-1,1,1,['763c173d97e664affead8bcf872fab79'],0.3908281887877701,0.2764541157448048,0.21160219291863566,0.5628152481873965,0,likely_human,1.0,0.2764541157448048,0.3908281887877701
UCtRl0CiCQ5ola37SzznMHlw,-1,1,1,['ad75101b7dc71bbc456dcfe58d44f7b2'],0.40694693971131046,0.2763659193290726,0.1962291937450652,0.5283730966970805,0,likely_human,1.0,0.2763659193290726,0.40694693971131046
UCpifGoWLRl6a2JM9dLEKpwg,-1,2,1,"['6087079c258c75b0c0d4a482f8cc3697', 'beecd824c97d13fba6812cde21dbcd4b']",0.42771396921298144,0.2762436392092153,0.15738917315575915,0.5120798724662528,0,likely_human,1.0,0.2762436392092153,0.42771396921298144
UC1wGFcfiIw9h1ufd9p-mx_A,-1,1,1,['a3a7841792261947224934dbeb7f3d55'],0.45465162281784727,0.27614883221260655,0.11023636529968794,0.4851034658378109,0,likely_human,1.0,0.27614883221260655,0.45465162281784727
UCKFuyvdLfjHKjTgQkmaZnbQ,-1,1,1,['80b4efca454ce3c16ea445c9f9658c34'],0.42807001501620756,0.27608932781774564,0.17702452223686851,0.45909174738233777,0,likely_human,1.0,0.27608932781774564,0.42807001501620756
UC4uarTBoodIpuJxTYkCbfbA,-1,3,2,"['c3c851229c9313e652be8affbfb0c0e8', '63151fd3674b0aab7db98991c90025a8', '8d2ba06526a0891c6070767aa498b028']",0.3767319316000661,0.27606721428138026,0.21485829639216988,0.6202914026676782,0,likely_human,1.0,0.27606721428138026,0.3767319316000661
UCfR1TesAG6zxCmFB77c-m0A,-1,2,1,"['92113c6241c0574b70f73290f1610540', 'a0c2c6c356633c08f39cc2280b419886']",0.4392959227513912,0.27599759821697534,0.13864236253954212,0.4927828374021987,0,likely_human,1.0,0.27599759821697534,0.4392959227513912
UCqzNHFzkW-iXM444TJVxd7w,7,1,1,['7a0380dc8beb77afc02020b27a8b1db7'],0.41211704314887776,0.2759293956876886,0.1767822515116726,0.4080106104171254,0,likely_human,1.0,0.2759293956876886,0.41211704314887776
UCHzyffPdt0sWO-g4G-uzQyw,19,1,1,['a4169e7c0bc44d90506650da0adffeac'],0.423856903132891,0.2758732187922891,0.15371002676124218,0.3546967752055726,0,likely_human,1.0,0.2758732187922891,0.423856903132891
UCKiW-J97XvjIt_GLT1e8xFQ,-1,3,1,"['9e405cb156befc62a417f9bdfb38916d', '1530354f00a32539659a3b0447e6d981', '85a035d269ef4eb8823135ed7261b949']",0.3953609805247413,0.27585271885785817,0.1798719460828789,0.6098631302427966,0,likely_human,1.0,0.27585271885785817,0.3953609805247413
UCtQHggmOriBZGT3BWl2Bv-w,-1,3,1,"['d46202dcba80d11f1fdc6c33adf48227', '70dc70d43ff10996ab23755c8093758c', 'a0cbaf70ee161d2a5852f733a5a873a6']",0.406323782204941,0.2756712533925831,0.17601840173372457,0.5645726931601102,0,likely_human,1.0,0.2756712533925831,0.406323782204941
UCvOB3lVDf6WJlMJDWSaGBRw,-1,1,1,['2c1da697b18f4edee5ddff62ed651083'],0.424724506376827,0.2755417823278582,0.17952457750924927,0.4672887799261336,0,likely_human,1.0,0.2755417823278582,0.424724506376827
UCJUYejqtHPZBkU6gUQRfcyw,-1,1,1,['5542be5b6ce80f6653f793053f603eaa'],0.44637370162336026,0.2755376920190048,0.1272787417750008,0.4819377888090872,0,likely_human,1.0,0.2755376920190048,0.44637370162336026
UCSZ-CeP52d0IApK50bqro1w,-1,1,1,['837f41bbfe246e30fc515e7335ac7554'],0.43246074673396123,0.275490914007254,0.15711612560081836,0.48176150419336533,0,likely_human,1.0,0.275490914007254,0.43246074673396123
UCqrq-tsk9Ed_28Eu46AA4yQ,18,1,1,['6d172d9b592d404b71b683003bb01296'],0.41817529973017586,0.2749511701461558,0.17572627724191742,0.41329337490849866,0,likely_human,1.0,0.2749511701461558,0.41817529973017586
UCBkASR3-ZGHHK4hzKfk2NNg,-1,1,1,['1766450ff68ad1786945e86ded16684b'],0.4318931027974513,0.27484588940638555,0.1654670616242009,0.4658849332132165,0,likely_human,1.0,0.27484588940638555,0.4318931027974513
UCOHeSDie1pBcexKWUnNt1yA,-1,1,1,['ce82bfa89fcb5b9b8566eb5b5cf30e27'],0.397891686581183,0.274840631167379,0.16707577450911623,0.6005164534500333,0,likely_human,1.0,0.274840631167379,0.397891686581183
UCYjRRlPb6c-hQzZaHVM_vLw,-1,2,1,"['ce2ae7533e67c0f00dfdc5afa914e8f7', '2aee4859c005afbaca62822ad9bcc56e']",0.4058622489295779,0.2746105010541515,0.20043226275556392,0.4991988579427759,0,likely_human,1.0,0.2746105010541515,0.4058622489295779
UCmtZTFFEvqmTmwEy4TJ-oqA,0,1,1,['16687221f9e03927513c3f5d33c55fed'],0.3977616182717483,0.27456802039561834,0.1679479136225014,0.507999991525388,0,likely_human,1.0,0.27456802039561834,0.3977616182717483
UCgxWBcwjrec8vDpF-oHuIXw,-1,1,1,['bd31d315e68e0351584319c076d26429'],0.41281477233764874,0.2744899570745627,0.19609038643768525,0.47557753856219614,0,likely_human,1.0,0.2744899570745627,0.41281477233764874
UCu4zhqEkYjl7xzEHfJGaNxw,-1,1,1,['bed341fa18999ca1e2a151b489b7fc3e'],0.4155250942043377,0.2744596244406301,0.19156260102492498,0.4688655570906349,0,likely_human,1.0,0.2744596244406301,0.4155250942043377
UCse1pNYo2JdoRDuGHfQfu9A,-1,1,1,['3ed361ea786437d77ce730d7c212bf9f'],0.42320823012325315,0.27440691475565937,0.18330601579330838,0.45240559741995795,0,likely_human,1.0,0.27440691475565937,0.42320823012325315
UCdkJqlE_LJAqs5CVCFAbwaA,-1,1,1,['b2dd3fbcfc35ed41b65f233ac5ccfcd4'],0.4163497638226643,0.2744061683166699,0.1738561315634799,0.5029959762244273,0,likely_human,1.0,0.2744061683166699,0.4163497638226643
UCllmTZCNPt35wa-enNxhN-w,-1,21,1,"['565bcf4445f2ab381048ec6b58e8bdb7', '35cbf3b930dae647e0db3b323b4dc437', 'db588874e6009a15d29510083fa2f3f0', '454a41a905e2ffb5a31c0be058bc5ce1', 'e304bd28bab088f19719103c847d04d4', '76761ce236a54e2046cc8a207f335505', '69a009f3679e71dc525c9d22471bcc01', '235591483cf20596d12b19dcd18eb7c9', '83cb824f5c5821094f5c884049e91328', '6dd6278cdcc95f7043885cfa01ebf548', 'bca618470e0d19d68511ecf5561477ec', '52f0fb81642aecd8851e669174cd423e', 'd175decd7d6a2383962a268bb88173b1', 'ac6e760e79e3ac3070fa79eac70aa098', '88eec6fc423b2c6cf5c12cba4b39c3eb', '9d7b1a9288b235e237264410e1bd5272', '673fde8fe45e8a919832fc490eb9da40', '74e9a8609b6a5e42f261846a9b6093d9', 'eec74929e1082e2e483cbdc2de2f1a60', '8e61fe41eec632484703ebae71f9bdaa', 'ca4c6b98dfdc2ea6b6d338491e185aad']",0.36741574061702637,0.27432521156918316,0.15817543485139263,0.7579798264725359,0,likely_human,1.0,0.27432521156918316,0.36741574061702637
UCGei6xEnvOrtd8hbo-Bg2tA,-1,1,1,['62b93797dd9f45979180a62fadf093e9'],0.4303150592818118,0.274263809676799,0.16637570903858598,0.46542090256150925,0,likely_human,1.0,0.274263809676799,0.4303150592818118
UCnNncec-jIAyzstvf7yAXmw,-1,1,1,['5a43076ac06eab3f286c8387cbc3495a'],0.42342581356187975,0.27418189323810793,0.14373343441560846,0.5302265888835254,0,likely_human,1.0,0.27418189323810793,0.42342581356187975
UChO0N-eql1z6XrY6gS7dqDA,24,1,1,['8f2545674e1479e3b3eb29ccfb8a11fd'],0.4246841629182737,0.2740716550956369,0.1258245265927414,0.4147226724703358,0,likely_human,1.0,0.2740716550956369,0.4246841629182737
UC1CpQG8tNecB3GZCMqfTzdQ,-1,1,1,['ad8421db4a7a185f1d2d84ba436496fc'],0.43292171549270964,0.2740699529700231,0.1501312306765925,0.4754891138581786,0,likely_human,1.0,0.2740699529700231,0.43292171549270964
UC4oLqG1D_VyPZCTX_gQFnLQ,-1,1,1,['5b415332a3564c00f3c131e393993144'],0.44424625752085883,0.27398091893617665,0.14890408380680656,0.42521688689024095,0,likely_human,1.0,0.27398091893617665,0.44424625752085883
UCms7_4KDoTyUxg4tZ15C_9g,-1,2,1,"['f097bfbc43d36b770f7b82b5a4ca733a', 'f3ff70b7bf9df3fbfba7a2092cf664cc']",0.3899514879446916,0.27388777192743685,0.1866281424468835,0.5956676750226279,0,likely_human,1.0,0.27388777192743685,0.3899514879446916
UC_DsUgxhlq3gk8VrZkSxuAg,20,1,1,['bb32efc15975e4efad948b6509436d85'],0.41419978443403466,0.27383408948204907,0.1732271050755593,0.42661128880313914,0,likely_human,1.0,0.27383408948204907,0.41419978443403466
UCvtZonxkL9ZPxLZy-gK_v8w,11,1,1,['b70ab3852a739b6bab0a1ed4d88d9e41'],0.42060459458936933,0.27376869379161234,0.1704152681094468,0.37651861974755874,0,likely_human,1.0,0.27376869379161234,0.42060459458936933
UCBsG9bEzjhVtUZjCLvgD0Cg,-1,4,2,"['bd19ba210e8979b52c9c1ff985caefd6', 'f23e2419b1b0141df9c0f6650612dce9', '7a6397f3abdcf38c2997f8fe2a37976e', '0f1bd74948a31853e6620e9ccffd80b3']",0.41537519334975254,0.2734257540989772,0.1618396753633436,0.5255004088144188,0,likely_human,1.0,0.2734257540989772,0.41537519334975254
UC3lAjAJa_u9hBeEnrq9QoNQ,-1,1,1,['86e7a562a1ecb906ca288e2cc7b294c2'],0.42360488864462376,0.2732635512605878,0.16250664034957893,0.48472419005489037,0,likely_human,1.0,0.2732635512605878,0.42360488864462376
UCXxZrzmQ_Lgz-wfS_hJkVfA,-1,3,2,"['a48c07c545ed346c172c92e5c946c3e9', '64545fe22892d2a106ac5865433e473d', 'dc01161985c570c6cc34c778ed29ff2a']",0.3652758550015828,0.27325227781485256,0.2111037775868992,0.6478433157277039,0,likely_human,1.0,0.27325227781485256,0.3652758550015828
UCbgNyl9FVAUCcAIreCfqLbA,-1,1,1,['877dd6ac7bab27d27357254d01d66b42'],0.4372418160717179,0.27318545757175194,0.15247009584910595,0.44926595168718575,0,likely_human,1.0,0.27318545757175194,0.4372418160717179
UCFnRHJ60lMh92_MDNurHEFw,-1,2,1,"['21771a6e2892bbc11be7643fb27c0449', '8013f863534a32b2abba35004497f398']",0.4207757799352073,0.2731309863725276,0.16828383540453556,0.483161983386687,0,likely_human,1.0,0.2731309863725276,0.4207757799352073
UCTN9wAA3vKwc61iqz4keC8A,-1,1,1,['fcc60f96e513afe5cde98f215ccca671'],0.44348263735694393,0.27297980583422293,0.165570913247186,0.38121669592474927,0,likely_human,1.0,0.27297980583422293,0.44348263735694393
UCTGZ0X444HLRMdF30m1Ar5g,-1,1,1,['aeeb72a9060649877db56fcc056fe6db'],0.401711768715312,0.27297681414365516,0.2049239293605903,0.4975836325150767,0,likely_human,1.0,0.27297681414365516,0.401711768715312
UCzs8ynuswo_WVQ-o77-wr9A,-1,2,1,"['e4bf3232cd2e5c4957a4fc998061fabc', 'c1cf5bcabb0f9ef37d7886dc3159bbf2']",0.39118002060505475,0.27294078866855914,0.18932110884549894,0.5736743022186443,0,likely_human,1.0,0.27294078866855914,0.39118002060505475
UCGlDm0pd61UNhVOOSwXbhQA,-1,2,1,"['8f09dd5512dd509df70365a48cc4d73e', '2ffcb72bffea5ee6cf422b86b67d4d9b']",0.4418627675745882,0.27277614274460815,0.1336507362277654,0.46493741901555197,0,likely_human,1.0,0.27277614274460815,0.4418627675745882
UCAQX8sQ5zqSjfjpkpvLIB9A,-1,4,1,"['96d2a245572f0bfd82d2d9c3f8a54042', '1d6b5b116ab1b776fd44feeabc01e264', '9531b8f1b6534c1584420c0a080dd60f', 'c9b6c29a469adcfec7d36ddbc4caed6d']",0.38418862145579574,0.2727167959220753,0.17249500708329468,0.6366356601227933,0,likely_human,1.0,0.2727167959220753,0.38418862145579574
UCdDfGbLcexf9wv1c4KeXVig,10,1,1,['c767fa4dd7e54fec2ba407d8ba7c06bd'],0.4411325523257931,0.2724791104217956,0.12634237048410243,0.3883696877852966,0,likely_human,1.0,0.2724791104217956,0.4411325523257931
UC7Y2ZcNR7zMD1xaDl6CutLQ,8,1,1,['cc9c08bfee4fa6496452f6c568c51c10'],0.4138256948476933,0.2723509481985793,0.14669110821411266,0.4565411385997831,0,likely_human,1.0,0.2723509481985793,0.4138256948476933
UCFQO4ZWM-Hc0TeuaRSvh1oA,31,1,1,['22d0377194c83b37139af2a97442c937'],0.43026665990195656,0.2723413932318493,0.1496863299901263,0.38055483294636183,0,likely_human,1.0,0.2723413932318493,0.43026665990195656
UCLydH6KejODJ7os3lFnWlDQ,-1,1,1,['6072994c19bb4c2ab9907704809ada34'],0.4451946472591043,0.2722517680167526,0.11511191947126764,0.4736401448888224,0,likely_human,1.0,0.2722517680167526,0.4451946472591043
UCE1dV30YAkdiUFdjDOoTgbQ,2,1,1,['0266137f9f795fd8d1ba3620fac2ff57'],0.4063898699945475,0.272144973056872,0.1663381713115938,0.45154300093132094,0,likely_human,1.0,0.272144973056872,0.4063898699945475
UCKnsn7hPNmhCqziJfZTYa7w,-1,1,1,['e25d7a37a2f30acbe885f1f30ad2c451'],0.4422569011322982,0.272134908413624,0.15092074797747287,0.42124511476641036,0,likely_human,1.0,0.272134908413624,0.4422569011322982
UCu_X5VBKEtteWMeS1dUhfNg,2,1,1,['43f9c21bab78c84218a3f8ae9059dc73'],0.42335520812283023,0.2719557573600029,0.14883700744284875,0.40821690224077445,0,likely_human,1.0,0.2719557573600029,0.42335520812283023
UCTj92y0FzVTSSE5en1x7Q-A,10,1,1,['9840c427098070de038a2f6e9a63e39a'],0.4229564249411224,0.27187306688392376,0.15902640174620178,0.40035995539839137,0,likely_human,1.0,0.27187306688392376,0.4229564249411224
UCbi4SFsvhmwP829CiTCgHiA,-1,1,1,['c8673e1822b8dfa0a61319784c105789'],0.4540175547368448,0.2717800569704886,0.10372794342798311,0.45412855674212527,0,likely_human,1.0,0.2717800569704886,0.4540175547368448
UC4faAEanWbfwQlhuRPiBNyg,-1,1,1,['622ab3bfb120f495c1d1896359e7ef91'],0.40676522116190633,0.2717605285189455,0.20619429904091846,0.4489185643501785,0,likely_human,1.0,0.2717605285189455,0.40676522116190633
UC4oLbRg413WY7YGfdv5ps3g,-1,1,1,['fc24741929a377d339fffe7b6a9e64fb'],0.42005362998033,0.2714605606049353,0.1747843125611507,0.4571339417161816,0,likely_human,1.0,0.2714605606049353,0.42005362998033
UCUWNXQIS_5XEMGBgW3FBKFw,-1,1,1,['5c5001ed912f53329ab9db956239ee1b'],0.4221909652599927,0.27144226048739384,0.10841703270687804,0.584763957081916,0,likely_human,1.0,0.27144226048739384,0.4221909652599927
UCuiP4VyWyuQFD6LiKPX2zDw,-1,1,1,['763393b630170934b503d304f8efb0d1'],0.43478725075299235,0.27123796911410053,0.1338760767043484,0.48145767013143115,0,likely_human,1.0,0.27123796911410053,0.43478725075299235
UCZHTGMTSSD-hLSjrGc5QbZg,-1,1,1,['bc72ac23c6c6a8e2fc62b2ca98e7f95c'],0.40863136694872915,0.2711924012874481,0.17391694182718423,0.5115135287596867,0,likely_human,1.0,0.2711924012874481,0.40863136694872915
UCGg0TU4uCb8KpXIuhtTUk3w,-1,1,1,['75ad1ea649cf86fc67a1aac5f48825b5'],0.43112979852132005,0.271183950248143,0.15871339491677172,0.4333711596408972,0,likely_human,1.0,0.271183950248143,0.43112979852132005
UCRhqsKtRw5E-mZEQeQxh1Dg,-1,7,1,"['687a1895c486f6939be63e46ab90ce08', '1d8146e0bb2b73ee0824b2d3332604e1', 'd6016fc4c267b3babd6cacd9989b8477', '99413fe70e51b0ded2131b09e06f4f17', '99240f3df572561a42211f9488e392a2', '7ed34b923170a8f18f0fb7ccd4f4b186', 'f666825d45dec512633bb24f0fa984bf']",0.4290695601745343,0.271182787042674,0.1322282918299764,0.509227896472144,0,likely_human,1.0,0.271182787042674,0.4290695601745343
UC69GcHh2CPYykI98JYAzSyA,-1,2,2,"['2da59f307e9cb0eb6e44a08d6b26227e', 'fddbfabbfe3ad98b818da579ea6ef1f9']",0.4131855528046025,0.2711504356380589,0.15527820554343247,0.5235509526522478,0,likely_human,1.0,0.2711504356380589,0.4131855528046025
UCy95JoNK7prqBKbbetcJ8CA,-1,1,1,['943b05401951f0277349a333686bc578'],0.4033096286867631,0.2711132368116493,0.212136815076389,0.4625188107850528,0,likely_human,1.0,0.2711132368116493,0.4033096286867631
UCfgew0HubwSQ3OoMFkyDaOw,-1,1,1,['32e87ac84cc00e775392bae5061b78d1'],0.4245071086010179,0.27099281210114073,0.17741536406654274,0.4241543370605597,0,likely_human,1.0,0.27099281210114073,0.4245071086010179
UCqh2Dg-COTyuU4tnBHzMxXQ,-1,1,1,['52d35ca05a1519fe47174c8cb3652331'],0.4199559409422112,0.27099023904036224,0.19238006124658774,0.4241099645884032,0,likely_human,1.0,0.27099023904036224,0.4199559409422112
UCHgp8gG_UIfF-qHiqb5QteQ,-1,4,1,"['60463ff4443724eaf8ff6fd059a97957', 'e59c01391d001ace6dccc6175d3ad629', '43b2542f141263ba4c0bd4672f5ead47', '2062bccd536423c01574025cede30a25']",0.400301677785567,0.27097653215119194,0.16839883053965524,0.5565736628479591,0,likely_human,1.0,0.27097653215119194,0.400301677785567
UC9T45sIYqqJPOOzTcZyg1iA,-1,3,1,"['7bd893b339f2212c8da1db63fba0851a', '9ad3166e45c73e2936d53a10798fe8bc', 'ab9b7ddf0a5a28e949a10ea1ecad16b9']",0.41507420595691463,0.27087216895056665,0.15728135191727435,0.5081719610083251,0,likely_human,1.0,0.27087216895056665,0.41507420595691463
UCTdXcO-HTQopWNDC-qt2nZQ,-1,2,2,"['9320efbf4307d211beacdbfe1c558ea9', 'd58e206a9214bd8f6598d9478b522c49']",0.3977489268265203,0.27082089132409737,0.1760013471801077,0.5538175938443699,0,likely_human,1.0,0.27082089132409737,0.3977489268265203
UCXimBdWSV-XfcGE609EzyJA,-1,1,1,['378972d49597687819625ad4d4fc4c0e'],0.40477386993693937,0.2706376664330255,0.2022656892962847,0.4722707696405559,0,likely_human,1.0,0.2706376664330255,0.40477386993693937
UCrSSwhm-x6AnIW2Q9Ete9gA,-1,1,1,['a80b477bd1f9346c2e8aac64a258470c'],0.3660429702255551,0.2705824112713874,0.20168165160355994,0.6306035836168922,0,likely_human,1.0,0.2705824112713874,0.3660429702255551
UCzOtNED-v_ewFckNWnmDqrg,-1,1,1,['8c439b56ee10977ed6142f1371bf0e33'],0.39347031177589586,0.27053694142457485,0.16521446859612815,0.5883316173954962,0,likely_human,1.0,0.27053694142457485,0.39347031177589586
UCWkSW0wBh5tOqlcKIYUU4rQ,-1,1,1,['579817a1db11aaf8dab0c20a5800bd60'],0.4085154107329093,0.2703669038514049,0.1958317854696348,0.44976701867838814,0,likely_human,1.0,0.2703669038514049,0.4085154107329093
UCMQALC5O-doGAXmQVvy_lgw,-1,3,1,"['cde4d2478ab313822572bac8d0665bf5', '90d42b4935c5e8d78d0a69efc3431696', 'c50dcaf7ed16ebc7697316f33bafc314']",0.3905921129820002,0.26979927026858624,0.20443185150121668,0.5208094513070578,0,likely_human,1.0,0.26979927026858624,0.3905921129820002
UCacHYG-YjULMEj1A9HlQ3oQ,-1,1,1,['f6e57ddbab42278dbbaff7d62c37c083'],0.38038373791019053,0.26970298826761585,0.17962814812353592,0.609390996671659,0,likely_human,1.0,0.26970298826761585,0.38038373791019053
UC0MIj9TgC2ivNk_utN0nXAw,-1,2,1,"['b017b378614d299915b12c83b646820c', 'a619ac22cf594e3f44313763c1f4207a']",0.4124428628388819,0.26966840311943024,0.1740054231321138,0.47698081497181866,0,likely_human,1.0,0.26966840311943024,0.4124428628388819
UC3t4A1ToVnYGGPbwg2upWzA,-1,1,1,['0b895239d5d111e769e28944382c783c'],0.41570129844507053,0.2696500832601714,0.1620551034859072,0.4888212883006461,0,likely_human,1.0,0.2696500832601714,0.41570129844507053
UCP7myOFvB6Sv4rqGarGbq9w,6,1,1,['d9d8742c299dc2f11626cadb52456c0f'],0.37940574962320806,0.26960786140669,0.15856982810312728,0.5347224161605942,0,likely_human,1.0,0.26960786140669,0.37940574962320806
UCGyACMrpfWW2orMch_UUvBQ,-1,1,1,['b9494ecf272a69fab3fae45a798a58ce'],0.39443874442609694,0.2695793376159188,0.18677429810937188,0.523459367688375,0,likely_human,1.0,0.2695793376159188,0.39443874442609694
UCWjVrEuj6j1Chqmxon51d4A,-1,3,2,"['011ac6319d0ba7e4d2ecdffe77f5905c', '9e5ea32a24a708e88912a7fcc788e1e7', '4d43faa7c6afb7e55cfb5e7d1f86cbfb']",0.3834341114590485,0.2694923478042903,0.1769403837902743,0.597399993516902,0,likely_human,1.0,0.2694923478042903,0.3834341114590485
UCa_caEqHmJiOWakLZWs7v6w,-1,1,1,['2aaf086c1c0f12f7794632d808cca980'],0.4544121850173551,0.26948508293028356,0.12340586461309457,0.3869929238776398,0,likely_human,1.0,0.26948508293028356,0.4544121850173551
UCf5nDBcvymvmtPDE__tfKUQ,-1,1,1,['462b693a9f687beb9b259b7be2a42998'],0.4151040634283293,0.26939419083429905,0.18039403205263715,0.4471315595442245,0,likely_human,1.0,0.26939419083429905,0.4151040634283293
UCjRAGd3nvpdb5T445LSCYLA,-1,1,1,['0804dfbe0a7c3c1c74fba08e943ca61e'],0.4105591959319734,0.2692949277552775,0.1724052376304186,0.48008333860086894,0,likely_human,1.0,0.2692949277552775,0.4105591959319734
UCoHwVlGCKCfsYh_l9Y9mCPA,-1,5,1,"['d3cf3cc325dc2f63b1cdcb1482973318', 'f9b30774d6e97ec016d4de8f19520d1d', 'bf6c35209d821beeda0a3edc11db8a2f', 'bd5133b88bbca90a3d53e3251aed4bb0', '86b15cc436fac3f83f9017561a526e01']",0.40759491491955196,0.26922793469799317,0.1598517128150992,0.5176934258627244,0,likely_human,1.0,0.26922793469799317,0.40759491491955196
UCRhkqwV47X2kKqn0KpEjOTg,27,2,1,"['932d6949d55e0407bb3bb69d09dfa1c9', '11b29965cd61d91de47032d76d0c8feb']",0.3993861494261088,0.26908043130328146,0.15988216635249447,0.44656216384871616,0,likely_human,1.0,0.26908043130328146,0.3993861494261088
UCsneJ_kT20f0Jj3NGmXQczQ,-1,2,2,"['262ee08cd086efa0692f425f71239401', 'a1033b28ba6e26aaeced313c55f6eb79']",0.3920210168455583,0.269013780325182,0.17207384518576968,0.5636232824997328,0,likely_human,1.0,0.269013780325182,0.3920210168455583
UCrLceMuhReWbLXIkPfKWoIg,-1,1,1,['8395a92c0ae0de94405871207e59060e'],0.4096162477143481,0.2688835774817351,0.1652865482349123,0.5042345878430392,0,likely_human,1.0,0.2688835774817351,0.4096162477143481
UC0TrFwDaV06zckO6v5f6mIQ,-1,3,1,"['57dce11aae787345d0e30066cdfb0374', '0e55e4fc91680d3886164e235c322c51', '5dc6f1138bdbe68a5b37f3e30b9aded8']",0.4032324752507801,0.26882556847868966,0.16588467287230116,0.5238216649476255,0,likely_human,1.0,0.26882556847868966,0.4032324752507801
UCTKeGqUb2Mw6b92ZGsv9ikg,-1,1,1,['132f8f177c0c5f515aded28cf368e682'],0.4165090239061887,0.26882124362363724,0.1381672455413351,0.5232229544440252,0,likely_human,1.0,0.26882124362363724,0.4165090239061887
UCNPpivi1K5mZYueXHbuMJ0A,15,1,1,['7d01fca7f466366a09b235ff7e9426ce'],0.3898639860613765,0.2688121818679776,0.18215018745791794,0.37744697906859526,0,likely_human,1.0,0.2688121818679776,0.3898639860613765
UCXJprE1-28rrsR2JZy-RK7A,-1,2,1,"['ed5505ed5de22a8364203b031d3cfb9f', '474483becf5751ebcfb392553dc25731']",0.41685537079693,0.26849981039928866,0.1441322954917587,0.5135373395234862,0,likely_human,1.0,0.26849981039928866,0.41685537079693
UCQQ_J0wn-ZlLlGOUwfXPujg,-1,1,1,['9b6e20ea7706d216bccf244a61e71229'],0.4490834080507138,0.2684710884157499,0.1519272297830114,0.34806900007411856,0,likely_human,1.0,0.2684710884157499,0.4490834080507138
UCjqVTiwVRg0figY4hPHRK4g,-1,1,1,['404516fad5030289cf990cb4b9200f4e'],0.43531945091262003,0.26845550905948123,0.14387980043631352,0.4316745709344882,0,likely_human,1.0,0.26845550905948123,0.43531945091262003
UC2r90f__eqBjOLMGBwSgA7Q,-1,1,1,['1ccd607737c2b9fbb0abd124efc7f53b'],0.4337079649588945,0.2684494015774531,0.1507728648836898,0.41619731833121065,0,likely_human,1.0,0.2684494015774531,0.4337079649588945
UCf8ROwqU4Gnib5s9Y5EWWug,-1,1,1,['7bb939332d9d55fe8afc9fdfc5cf487a'],0.4160905924734911,0.2684174993017774,0.16271768780604376,0.4650798436197897,0,likely_human,1.0,0.2684174993017774,0.4160905924734911
UCSNfnAOstlJaXmx1G93U6sw,-1,1,1,['6b627da0a35041a387368ac95e76e9ae'],0.41415686370086713,0.2682812641675289,0.1845229045034445,0.4284992955959064,0,likely_human,1.0,0.2682812641675289,0.41415686370086713
UCtKmmjUQ9v9Qu7u-olNT_xQ,-1,1,1,['09def1bbeb1443919d77f6dfb985cbce'],0.42771452867310256,0.2682247470937368,0.12868052437594032,0.4859244884907152,0,likely_human,1.0,0.2682247470937368,0.42771452867310256
UCq5De98_2T0gp1MQnDAQhtg,22,1,1,['a84f35b55606b78a6de6c41eab5df10c'],0.40775086921165593,0.26822144378596097,0.16445792654602331,0.3882216279703574,0,likely_human,1.0,0.26822144378596097,0.40775086921165593
UC-cAkJO2lUB_Nc0KGb-W4Vg,0,1,1,['dc23e48e38a0a03d54256670fab69abe'],0.44614399622108203,0.26821675125669925,0.08307212437476286,0.40734036589053657,0,likely_human,1.0,0.26821675125669925,0.44614399622108203
UCkJykaPiPrgp8bD-QkvmTPg,-1,2,1,"['3a93d2121e847f1a7d23708889f95974', '776d197dccb85d6c3bdb872be4605c5f']",0.4081332646393945,0.26815248902142674,0.16979631658536576,0.49461063790490833,0,likely_human,1.0,0.26815248902142674,0.4081332646393945
UCYVnD21dQl067ssHki_LOxw,-1,1,1,['d993f4eec880ce0bc7bc55702c6d5a45'],0.41170715156187754,0.2679847101999495,0.1538151752162831,0.5028090141570001,0,likely_human,1.0,0.2679847101999495,0.41170715156187754
UCZboiPs-PgK8exX-tJ54VWA,-1,1,1,['03a930dfb29efb9707462c6c41097152'],0.4269830926240748,0.2679062099410326,0.1406193202051829,0.46145778060540027,0,likely_human,1.0,0.2679062099410326,0.4269830926240748
UCByI24pLsOU8_axZXbnJkUg,-1,1,1,['bd7cbfde86eaae751f3764a450a7cc78'],0.4375896362511482,0.2678934686115655,0.15355568079450238,0.39699695851714667,0,likely_human,1.0,0.2678934686115655,0.4375896362511482
UCwb55jp8vOo2nIgFXxa_QBQ,-1,1,1,['60cb7d74b58f5b597b1f7c55937ab349'],0.4082442837131348,0.26787536165041576,0.1835611263773001,0.45901631599178283,0,likely_human,1.0,0.26787536165041576,0.4082442837131348
UC9mmtO3kvjdQvmX5ux5iv6A,-1,1,1,['0db15223c3c136449bbe36f012c09d67'],0.39362668971713455,0.2678447913080607,0.1788435085419921,0.5262706760030815,0,likely_human,1.0,0.2678447913080607,0.39362668971713455
UCLV32TGm9YrYktn8yLPj8Jg,-1,1,1,['a05f35db6e7a68c0cd891ea6627477d7'],0.4325569177729963,0.2678430719856602,0.151103284831717,0.4150190032875911,0,likely_human,1.0,0.2678430719856602,0.4325569177729963
UC3IRp_u2_NqAhQ7XCk0_wyQ,-1,2,1,"['11b4807667b8f28732ae11877c68cb5d', 'f4e4bcbeb1684b313a70e30c65ef93a5']",0.39178690711780745,0.26762680273543316,0.1772186830775213,0.5396584446332853,0,likely_human,1.0,0.26762680273543316,0.39178690711780745
UCaxK5TpaO4kdnY94Gqlkcqg,-1,1,1,['783e37c92469cc9b328e18da074caefe'],0.4711872437977512,0.2675225614375125,0.10312356150518733,0.3415533496017427,0,likely_human,1.0,0.2675225614375125,0.4711872437977512
UCWbMJdnAM9vVBftQdOZn4eQ,-1,1,1,['87ee9a961f4999bb5d5d0f74a768b28e'],0.43817167959746683,0.26735396508669645,0.14911013094222936,0.3891444958757921,0,likely_human,1.0,0.26735396508669645,0.43817167959746683
UCnQT3WDck3ZZILYMtZe7TQw,-1,1,1,['ce87535ca8f70d010b7b4f5bd3652c0e'],0.39341937312463165,0.2672908433168227,0.21321247118517192,0.46411914086132566,0,likely_human,1.0,0.2672908433168227,0.39341937312463165
UChvCklWT02oQzlPDefC4PVw,-1,1,1,['a273c80a51810561d64afbc88a16186b'],0.39153342138935465,0.26717729889377834,0.1759602985125657,0.5439057230024181,0,likely_human,1.0,0.26717729889377834,0.39153342138935465
UCwYJwajPb5tbNA2MK363Hxw,-1,1,1,['0bbea70c5f7fd17ba10bc52018e750ca'],0.381277753079384,0.26714556842651715,0.2004234014281068,0.5339370709455682,0,likely_human,1.0,0.26714556842651715,0.381277753079384
UCibLFWHbliMMtl8_5FWqDvQ,-1,4,3,"['9139544a7694311c60aa3b0f4f7ae17b', '6de6304a20f54323a405fbf46e5100ab', '7ac450062df7f312a5290084e528cdc0', 'e43dff22c6776a0406630ff0947c67ab']",0.3651014360554285,0.26710694674869495,0.18095210876458548,0.6457593176767129,0,likely_human,1.0,0.26710694674869495,0.3651014360554285
UCcDdGqQ6j4UrB3qyWxMpEQw,7,1,1,['d0d88a747abf458c52c26df6a83ab3b9'],0.39537655098076163,0.2670828280559139,0.1505442732299364,0.4503707192852664,0,likely_human,1.0,0.2670828280559139,0.39537655098076163
UCe-uYmOFkg823E_Osh_EBNg,-1,1,1,['e8df772332a4a0f7ad4c09c39c8eb014'],0.4105948291194954,0.2669294596847749,0.13769364579816207,0.5277269567541588,0,likely_human,1.0,0.2669294596847749,0.4105948291194954
UCK7b1_pHGy643HCxbdJh27g,1,1,1,['54cb237303feabac79418a19dd5afe48'],0.3728238351430363,0.26686094953222533,0.18281330465710519,0.5125862395247903,0,likely_human,1.0,0.26686094953222533,0.3728238351430363
UCFs-G9GYy0kanvIxY0mnkeg,-1,1,1,['559625e193e9b72db627fa063b5a6054'],0.40388028166580653,0.2667580132850538,0.19385405848152665,0.44403922396705575,0,likely_human,1.0,0.2667580132850538,0.40388028166580653
UCsiWA5GNN30Ojnfh9EPPYKQ,-1,1,1,['c3b1fb9f88748da193cbffb7e02bf73a'],0.3831509913218343,0.26673188183796104,0.19621661463903936,0.5416708649866504,0,likely_human,1.0,0.26673188183796104,0.3831509913218343
UCQjpwm-ADmQEMHBFG705R1g,-1,3,1,"['a2e07ec344ef6f3ba3df45b16561c8dd', '105cf8c9eebcbffd686b9a233944c26b', 'cd93154bbab353067eca42095d35134d']",0.3790846689691047,0.266652312533186,0.13036993054225227,0.6910646325896279,0,likely_human,1.0,0.266652312533186,0.3790846689691047
UCpSEFToGGts_D3nZwhlFeaw,-1,8,3,"['30c55f51cc0f19c057f8d14f0c64526a', '9a59721593678ecac4947a6547ccf474', '3e247a961e2c15bc3ef94946ebaec159', 'b3a197f32891060e415be6eb91f9b5cc', 'bacf4601e807298f97f731f1f642f49d', '7e04b23f37809a0754be1aff3ee557b8', 'e3b68354d9ed7d2967c85c84ad0e8209', '1dc9bab17c0acfd5978e2aa51f733f65']",0.3670006763920843,0.2665061971002168,0.19313524098355336,0.6088491952625897,0,likely_human,1.0,0.2665061971002168,0.3670006763920843
UCC-Afc57eGEj2LVwMaO1jgg,16,1,1,['c6b5840805d27745742638ae4afe1605'],0.41863420195885265,0.26647825560283406,0.14271371022089654,0.3941557021138587,0,likely_human,1.0,0.26647825560283406,0.41863420195885265
UCj8TZtZGHgUp0qjC6PaCnSg,-1,1,1,['81fc2338a1ace3357ca7b5e6ad0ad6b5'],0.437963808776465,0.266446705569897,0.15797422617930304,0.3671151862606983,0,likely_human,1.0,0.266446705569897,0.437963808776465
UCNhNydRFknD29UvAsACAW7w,-1,1,1,['af6b6f63f3ebeb856ef924908ca9e7b2'],0.38699438624309257,0.2664150548031015,0.1756955621534362,0.5507156627574229,0,likely_human,1.0,0.2664150548031015,0.38699438624309257
UCB5g27rz7ngDx8K0vhv5Bvw,-1,1,1,['f71aa54e4e0414930341a103ca5906c8'],0.38041583968610043,0.26635695258864533,0.2044347623156835,0.5214820727263453,0,likely_human,1.0,0.26635695258864533,0.38041583968610043
UCaRWD4ZHVCcz3e412q0v7zg,-1,7,1,"['f5990eee21be72b3b34f4a20500aae38', '0a0e09af059e7c70db28676d846c4731', '8cc96d47038baa82392fc139ba7f84b3', 'f2047f042882d0fb95dfc3907b595ea8', '0a0c9816d990ab6b2a6a83503383dcb1', '08b466d2a842b2ac1a7086b129984df5', '512285dcbb93fdd0a5d1f8dcd99214cb']",0.4022971257003931,0.26629030349002564,0.18299993725157435,0.46777064261537804,0,likely_human,1.0,0.26629030349002564,0.4022971257003931
UC-3gxXhYdeZjFG3mk6GlyqQ,-1,5,1,"['bf5b117b5d647ceb857806267a61d0f0', '08e4ac69695fe923e81c5a23c56c417c', 'f98a4f1f1a01cf7777aebce675d37b58', '6c50784a971211b4daa217418a8d51eb', '7845c2563e07dc0357110df648db35f9']",0.40082995666039345,0.26625630141269296,0.1470962535850579,0.54876530228572,0,likely_human,1.0,0.26625630141269296,0.40082995666039345
UC1NE89AZrCbd-PcP8ZZV8LQ,-1,1,1,['e4f5e2bd00f3e774d65b375d8f55550b'],0.4238971176213929,0.26616633181963645,0.16474307715665673,0.4049847764873493,0,likely_human,1.0,0.26616633181963645,0.4238971176213929
UCOi9MYdCVksbpXAa7tKfoTQ,-1,1,1,['b31117134df0e7a6daaa9cea37cf4534'],0.3857466555837502,0.2661493860894024,0.19305264105052297,0.5151877215896314,0,likely_human,1.0,0.2661493860894024,0.3857466555837502
UCJjjhNUwd9Fi1fuRxIF8F3Q,-1,1,1,['b548101463cd7865a0323ef4a7cacb85'],0.4549985200557981,0.26605864759619924,0.11360539357062041,0.3754110988302361,0,likely_human,1.0,0.26605864759619924,0.4549985200557981
UC87S2rotgd3y6SuUZaPG_YA,-1,2,2,"['8455bce8506d2e9a3acc2dc4ce31b974', '6297ec7f0d4b8389dc668163fcf82f15']",0.3817184975256004,0.2659866127107777,0.17116979300646767,0.5839836562538449,0,likely_human,1.0,0.2659866127107777,0.3817184975256004
UChWLbB4OArHA6nMgcig7VQg,-1,1,1,['6fe83a15e00890e0a7a3de578e39cdae'],0.40898574695557866,0.26588377938372154,0.17219222238294632,0.4531052963829417,0,likely_human,1.0,0.26588377938372154,0.40898574695557866
UCKsxKyRD3vasxZFxDOiOqfA,12,1,1,['da4f69fafab80ad121bbc9bb086a2e01'],0.41260333724609155,0.2657079916296448,0.15119578496414893,0.40117354151488005,0,likely_human,1.0,0.2657079916296448,0.41260333724609155
UCZU6WSYDo7EZL6uWyTiSnvA,-1,3,1,"['f61cb93a41c8ca47ec56edea50e3f408', '9506f97d770c5b4df930c2b76a038f4d', '80ab21e5007c8c90f6d0f1ee0eeee8ab']",0.40729758583694914,0.2655846345787315,0.11676981420836126,0.5767144074004887,0,likely_human,1.0,0.2655846345787315,0.40729758583694914
UCKPZ263KSEzqXgipw-MGT-Q,-1,1,1,['032d44018102fe2f7c44da86f7de2d14'],0.4186696246595084,0.2655809509172988,0.15381665654920937,0.4436728019563869,0,likely_human,1.0,0.2655809509172988,0.4186696246595084
UCLgUX9eEpx9whsqadZYJzlg,-1,2,1,"['ef3a7a72d3d8e3af667e48f063dda4e1', '55d47b1234d8a684bb0f7d79d3192284']",0.4040462036952643,0.26531901714750084,0.17289856349115934,0.4717412860481122,0,likely_human,1.0,0.26531901714750084,0.4040462036952643
UCWgYC1LmoQqh7n7-DRxbqRg,-1,1,1,['18d91850ef15abb217ca7930a1bde836'],0.41943782792228484,0.2653188708126586,0.17432967003514735,0.4079577449312737,0,likely_human,1.0,0.2653188708126586,0.41943782792228484
UC8qUkYUjQeCZe9yYwZx9oZA,-1,3,1,"['0b75e99500b826b361e0dad79aa3391e', '37e89fd155afd1fc97439841f5eef752', '222cfe82a4808d58878a96ed08ae1e67']",0.384062051531443,0.2652803647688586,0.15780614380882094,0.5998623242099098,0,likely_human,1.0,0.2652803647688586,0.384062051531443
UCDLhNAm9skJArAAN4Dcu6uA,-1,1,1,['ec65bfbc8675a7308ad3f075babe3a65'],0.43326526223862794,0.26525606036074934,0.15685063877418307,0.38073651728070057,0,likely_human,1.0,0.26525606036074934,0.43326526223862794
UC5Cpn0MdjZ2T7Dg9LccRBng,-1,3,1,"['636adb944a89177116a9e63387d64b25', '84d5214ee3efff9c2b1658f5aaef2020', '3e0b9f96bf58903f0756426344591a31']",0.3693372952379244,0.26505492938632913,0.18379928413578384,0.6018793323533272,0,likely_human,1.0,0.26505492938632913,0.3693372952379244
UCGjLnGEIxrcCkToUSMV8aCw,-1,2,1,"['9d7bf75a54f399db799b3a4164afb0d8', '9812c10873446c3f8ee1c93ae543968d']",0.4232180309543904,0.2649486551911194,0.1324398072742383,0.46684510168606325,0,likely_human,1.0,0.2649486551911194,0.4232180309543904
UC2dp-uS5vDMOQUeCtVyky_g,-1,1,1,['95afb0dfe8f772ea512c5cbc825ae40d'],0.44919577792370763,0.26483449627165184,0.11354274923975859,0.39554950057219934,0,likely_human,1.0,0.26483449627165184,0.44919577792370763
UC_nTFpnZaFXEZd4FZ4_63zA,-1,1,1,['4f1a400e588ca6bfea0841734295e297'],0.3917999015316058,0.2647933843118205,0.1949307004639143,0.4763706076297043,0,likely_human,1.0,0.2647933843118205,0.3917999015316058
UC9SHXhJHHIvOqhIrUZHxS6w,-1,1,1,['7f56c78da6aec95488b968dea1e3cbdf'],0.37629883905043615,0.26478048676229754,0.20030823316446691,0.5285356362556594,0,likely_human,1.0,0.26478048676229754,0.37629883905043615
UCdOwrlYAPsMhiUc4eYqp67A,-1,3,1,"['4e0ca9d01b0e6c7108bfe515d2266989', 'e4eda1392553852fabf9d8e01d3a113f', 'f15b0837cbeb9500e4511622a9ed5a33']",0.4193265382068348,0.2647681827265166,0.1488461609101686,0.4536194043155752,0,likely_human,1.0,0.2647681827265166,0.4193265382068348
UCVQTygSgLx1rzVG6pUNVDPw,-1,2,1,"['aa44df0ab9f11b64ab429cc6add08188', 'c273eaed4428beaa965ecce56087d2af']",0.38618310289031094,0.2645189132661138,0.13808476730396102,0.614400308736451,0,likely_human,1.0,0.2645189132661138,0.38618310289031094
UCOCQWtjT1bL4UIPvK3HojZA,-1,1,1,['43eadedf71380ebfa989c1189d051b9b'],0.4080338166565566,0.2643889022391863,0.15794071469085869,0.48351965388855295,0,likely_human,1.0,0.2643889022391863,0.4080338166565566
UCzgr_qz9q0JpfgxzYhSEB0A,-1,2,1,"['ced2717796d1c81a3e225ff081e14332', 'c99ff2464e8d36ace63bfd97007730fb']",0.4005782799868015,0.2643464255175532,0.1723340199351955,0.48008333860086894,0,likely_human,1.0,0.2643464255175532,0.4005782799868015
UCcecdbRCNRZUeuuRD-L-X4g,-1,1,1,['fe12897ce9a401656d07436a2794eb3c'],0.40684472277781036,0.2643176843131838,0.17825874351276005,0.43983594974896056,0,likely_human,1.0,0.2643176843131838,0.40684472277781036
UCqhnAU_fXoUKINKnxijG0CQ,-1,1,1,['a080ad1e648f360a7946289cf9e14f2e'],0.4314609429504064,0.2642542709112837,0.15913189029961292,0.3649447268188068,0,likely_human,1.0,0.2642542709112837,0.4314609429504064
UCSFEmBBNVaYjY7tyzzjDukA,-1,1,1,['691cb4ca08310cd07056c1df7861f8c6'],0.4263669989916804,0.26415525875757345,0.15845146260042667,0.39518990154571243,0,likely_human,1.0,0.26415525875757345,0.4263669989916804
UCycRf1JxcEVE_ceKbrOxfSQ,-1,1,1,['0aa39b1ac615fbd80f8bb25bee0eb1c7'],0.42068564890525206,0.2640709301355967,0.15442674406632328,0.4207813116903869,0,likely_human,1.0,0.2640709301355967,0.42068564890525206
UCzj9BnaxUiBw3TZozzx9KrA,-1,3,1,"['71948065028043db8e562ad3f15a2adf', '181d7931987eea0e1a9af99d7530b9ab', '2496e01b32cbe9dc4da78231cbe8517c']",0.40465477162895563,0.26394643706433474,0.16309808162755532,0.48269674286081843,0,likely_human,1.0,0.26394643706433474,0.40465477162895563
UCnJjDVn-yT2Y8Tfv9wQDcsg,-1,1,1,['bf79c83b793b2932802d9773ae6847cb'],0.37895326530581586,0.2639386566654589,0.20640519743352936,0.5069914325335978,0,likely_human,1.0,0.2639386566654589,0.37895326530581586
UCnMldx_c0AMsjzn74zYlgGQ,6,1,1,['93f696a28deab4d0af76c522b81a749c'],0.40900863724645714,0.26390894337684273,0.1502856316714063,0.36342851765785,0,likely_human,1.0,0.26390894337684273,0.40900863724645714
UCjpP0NAuz8ooEp7Q2YLd5Kw,-1,1,1,['863916f5aed0a3ba2eb9dbc1ac35835c'],0.44092747322041415,0.2638133127702108,0.1437127999665919,0.35246138669553373,0,likely_human,1.0,0.2638133127702108,0.44092747322041415
UCMrQZOYymUxUr9UzqWMK0jw,-1,1,1,['eef4a7f57e69a076ff2951e7e02bd76e'],0.37926616590366385,0.26369132866706935,0.1833989501279308,0.5457944163153068,0,likely_human,1.0,0.26369132866706935,0.37926616590366385
UCRGqtJjieQRuI0ql6wMwB0Q,-1,2,1,"['53dbbd032bef791787f89b556d9b08ea', 'd89f5d4528da09ccfbd502cb00c009af']",0.39696421324314585,0.2636252710689534,0.15597221470076847,0.5262403580475873,0,likely_human,1.0,0.2636252710689534,0.39696421324314585
UCRZrn9Gz0KvIY8k44g1fv-Q,-1,4,2,"['720770e4d50d2ec7f4527da2579418fe', 'beef2a5011f27dc9ffe1875cddc980e6', 'debe68dcfe512a731c1b97780181b1c8', '15660c1977fb486ed74946d1f3308f13']",0.41621559837529054,0.26340828895333634,0.10901314375882855,0.5349000074130223,0,likely_human,1.0,0.26340828895333634,0.41621559837529054
UCwiEyA_Rx8-qk5xAbNrzNXw,-1,2,1,"['345c060bffebf979cb1febc751be06d5', 'c7661a6a4043428cc1c91053a43f53bd']",0.4100538360501075,0.2633977981927429,0.14503536978463932,0.4859244884907152,0,likely_human,1.0,0.2633977981927429,0.4100538360501075
UCsWWLg4h4qlQPT6Ei38cPmw,-1,1,1,['07861cc2e239aa212576c1d4f4544cae'],0.41059825288034674,0.26339260757910216,0.1533455467097444,0.47394239540926686,0,likely_human,1.0,0.26339260757910216,0.41059825288034674
UC9hgR1TZjk4b6V6waLA2DuQ,-1,3,1,"['92952f8c2cf965b9dc90dc2562f4b455', '3c0e979341ea48c9754894956bdcbf7d', 'd3e94dabe2cd2a49f95432a22d4a007b']",0.4075039856154448,0.26336113741024547,0.1580942847308916,0.4687037895543809,0,likely_human,1.0,0.26336113741024547,0.4075039856154448
UCPvGcgYXD_Pq-SlbzWxurhQ,-1,1,1,['73d2bebcfc1fad211b265de3f9267342'],0.40448160537605815,0.26321687583406855,0.16083237928315874,0.4754203974791096,0,likely_human,1.0,0.26321687583406855,0.40448160537605815
UCQ456aYvHVjzRZ9PeFC68cQ,-1,1,1,['b939f8f4360427fae970bf5f1726c120'],0.44686360118109536,0.26320685985977427,0.10816442242644418,0.39558170739171955,0,likely_human,1.0,0.26320685985977427,0.44686360118109536
UCoZfH-zbGKSHhl6FZ9SBmxw,-1,1,1,['25670f0fdb6d5193fb64b752f81b7a04'],0.4443401839569055,0.2631872110150604,0.11203646340178622,0.39514064564016854,0,likely_human,1.0,0.2631872110150604,0.4443401839569055
UCnaobxaZMSaY5IUc1n6cpXQ,-1,2,1,"['11e6dc2d444f387cf27072dce7af82b2', 'e1e462b5865d9b7e9ccce000eb307400']",0.4274632544979056,0.26311694659028745,0.14866459615311448,0.39400561992091065,0,likely_human,1.0,0.26311694659028745,0.4274632544979056
UCNpISQoCfZequ1uI9a5oHwQ,-1,1,1,['f434c57bd59f5725ed458cf05ccc618a'],0.392439690378534,0.2630380716138584,0.1900748063463447,0.47110453244829764,0,likely_human,1.0,0.2630380716138584,0.392439690378534
UCIAfEDr39yoxzsMT8F1v16g,-1,14,2,"['30d6506c0acb73aee179ae734c21e1e7', '3c60c1aba62235e39b3ebe7106c46e33', '3e2b99952bc91acfaddadb427dad5ad1', '8b204c74c3d53ed1e3ddb4a92988d85d', 'cbd6ebf1556c73475b489deb296aed41', 'c1e8d92cc15cf1004c2817f3c0ffb3b0', '264cb6be164cf444fbd9c866c255516a', '3d4e5470df9e33de0b7bc68c2b194018', '406d8825a888a49f95f544502d22b3d1', '296915857caa4eae8e13e388a9a26c31', '9d130827923c1c4a0f7e510265f610d9', '49fe79c35e676b0e35c52b29bfc0e749', '1e09afc33db8e63de59cc92022a2f02a', '13afa2253fa94e7f9c792d205acffdd6']",0.34923938323101156,0.2629809519345455,0.16613201239047334,0.7082995122903337,0,likely_human,1.0,0.2629809519345455,0.34923938323101156
UC5SeSQgnlG6DwLuTV2ekX1g,-1,1,1,['08b072ecb26c4cd049b286b34eb1802b'],0.4042226805779531,0.2629537836379914,0.1673322896664167,0.4628736800678134,0,likely_human,1.0,0.2629537836379914,0.4042226805779531
UCKcwOoY6Lx_9R7f9R39sOXw,26,1,1,['bf041965f3380ec6ac8c1ae62514e70d'],0.41860682419545975,0.2628474551685312,0.12128371158745732,0.39868701704363707,0,likely_human,1.0,0.2628474551685312,0.41860682419545975
UChBVncGYJDpsqGvDqmtvCfQ,-1,1,1,['8ffaa253cc95b11db2e2d423988c8837'],0.39337467225525957,0.2624217761121114,0.1365961820564189,0.5662025563763406,0,likely_human,1.0,0.2624217761121114,0.39337467225525957
UCfFMSLBAkOWCNwPIhcPZLIw,-1,6,1,"['66601209590c93883d75d09704bed392', '376840275b4d04984eaf19c0616a3027', 'aa16cb632537208deb2451f002ab5e9c', 'c2ec6d672cfd7596e5493e5e1930038f', '200586dbbb4539ba5ba79aabdbcca743', '8f7ec8a3f19530d92b0e342f7b3b858a']",0.3927229638109972,0.26239140352717877,0.1616208412213375,0.5135373395234862,0,likely_human,1.0,0.26239140352717877,0.3927229638109972
UCNwZJK7Nz7JofucDiWevkig,-1,1,1,['cca2877ab937aaf1e31f9b30e4c4bcce'],0.404198227277788,0.26224260058761106,0.13326311065923416,0.5190217134231978,0,likely_human,1.0,0.26224260058761106,0.404198227277788
UCLJvWpbb7b_cv-yzqkLJKBQ,-1,1,1,['c45e47f59e0ea3de7c38b30bf8bb32a2'],0.40651102916434223,0.2622038465538984,0.1766683216225783,0.4224301751828088,0,likely_human,1.0,0.2622038465538984,0.40651102916434223
UCymLcZTv9Tq50yx3Y2T343Q,-1,1,1,['6b7448efd31ff1f6de0bc0baa3c81b28'],0.4364477552069541,0.26212196991626346,0.12281311973400352,0.3958282868492309,0,likely_human,1.0,0.26212196991626346,0.4364477552069541
UCNnLYoZdHi1gdBXlXZ4hkqg,-1,1,1,['4f50f02397bc59db998291833aa15579'],0.4134926784195777,0.261984153800495,0.17375622738427177,0.3920647529825757,0,likely_human,1.0,0.261984153800495,0.4134926784195777
UCNZK7ulHDkcwSCBS7cZ1RBQ,-1,1,1,['b6b41084038b75409f88d08a80738db0'],0.432555248024598,0.26187934190233025,0.1427584132920589,0.3748533206952914,0,likely_human,1.0,0.26187934190233025,0.432555248024598
UCxxRbzSZgwFG-BDuSUsTkdQ,-1,1,1,['df5441ef6ad6dd7ab150a11fd71b0c37'],0.43442788009191524,0.261858639605764,0.11635356634031717,0.4201974561701156,0,likely_human,1.0,0.261858639605764,0.43442788009191524
UCyRgiHQm6o8X2bkh_FOwZaA,-1,1,1,['d50e46d8d37682e1494b2f9cdc50af10'],0.36496937613930386,0.2617993762712719,0.19580026926413388,0.5623081398594525,0,likely_human,1.0,0.2617993762712719,0.36496937613930386
UChJFS1qVGUmCVKYOvY0V86Q,-1,1,1,['311a723cdcc0997ae70d8e8baaac2d45'],0.43251076149108925,0.2617568388560678,0.13268589070943032,0.39767152494692953,0,likely_human,1.0,0.2617568388560678,0.43251076149108925
UCTs00oG2ymf8-XWF8lC-3_Q,-1,1,1,['a4ed6729a5556fb5441bdbfbe47dbf92'],0.4602519319968781,0.26169785543742324,0.09003898091815933,0.3542427104681862,0,likely_human,1.0,0.26169785543742324,0.4602519319968781
UCiz71OX1a0e8pfYI7ANGQgw,-1,1,1,['d3ee4577643b82e2adac5f086481d768'],0.3986244957132766,0.2616692955531639,0.17368335667087767,0.4573690282931154,0,likely_human,1.0,0.2616692955531639,0.3986244957132766
UCalfTDuHtgXEyWKCs97VuFA,-1,15,3,"['263297fe384a2b5b023869440a10b2d1', '5807a9620089f2f166ed6a890c218b86', '534bdbb9820c79bd814afce730ea64a6', '3c345e8955cd98c74189143c4eeec1d4', '83529b15405f8b271ddd057d13b5f75f', '5f80e78466dbd4e71a3d1e43675bba58', 'a7dd0f8250ad898b239c2f7ebcabb33e', 'dcbd1365dab03dacf02099101157ce4c', 'fd0c4bf19f3df0d4fce70a606f6bbd43', 'ba6197b14d8cb0edc709532a4483ea71', '4c12f53583388f45c2f5c077addda9c2', 'f9ecf420e6d50d3bca2012d432b5a03f', 'ed8b54e2c2f979a296da80d755a43e98', '530eae777f32360bfc1a7e8a7b70d91e', '2415afeb031905952a719e92b614bd07']",0.37640198552624143,0.26156574775902625,0.16963182704698015,0.5645726931601102,0,likely_human,1.0,0.26156574775902625,0.37640198552624143
UCwHyNRnLaBU10oQhjtdXYvw,-1,2,1,"['e246acc7f3523b154336fc006bc41928', '851b351ea796c9a41bdd5e3ad88fff38']",0.40195321505795223,0.26148762706502077,0.1516098808182996,0.4847799897327919,0,likely_human,1.0,0.26148762706502077,0.40195321505795223
UCwI6jjPFOk4lH34BBigRrSQ,-1,1,1,['b292731df01839517e1fec681782e36f'],0.3805925361827267,0.2614776726385403,0.19403813939126124,0.49489920788625585,0,likely_human,1.0,0.2614776726385403,0.3805925361827267
UC_mty0aB-_h_a5NeFFUMNdg,-1,1,1,['273f3cd586bb1362da4131489d7d438a'],0.39965635041271064,0.2614655622305202,0.12278436801032135,0.558350491390592,0,likely_human,1.0,0.2614655622305202,0.39965635041271064
UCXXQdiW_VYuMhNJE67dZhuA,-1,2,2,"['dbcc67010885673850ffc6a22db0cf31', '2d1f7fe581afcdd893c435fe2d282f9d']",0.39154243786918463,0.2614076794235784,0.15150856639669116,0.536511967535635,0,likely_human,1.0,0.2614076794235784,0.39154243786918463
UCKsYLVrkoi5XM_ldCuM3nUw,7,1,1,['a7b30e960b16cf460d3188671a0f7260'],0.4335373447403593,0.26140280885920697,0.10955842742970105,0.3084562864034038,0,likely_human,1.0,0.26140280885920697,0.4335373447403593
UC8LGbKaDNO43z0n3CKliYrA,-1,1,1,['ab8850d2c71114c123ac245d1e40cd00'],0.43976340127364844,0.2612833020518257,0.1274038950947273,0.36477254340984067,0,likely_human,1.0,0.2612833020518257,0.43976340127364844
UCNcNlMT2yyrzXdcXQN6sX0A,-1,3,3,"['66d2922d26612d7bf7b6981626be3f4f', '1ce39d236fbb9c610d85dd48650ce0b4', 'fb2f400933cd38c275d6d63fc941294b']",0.41273597104294185,0.26122840127560654,0.15011429266437512,0.44022993935417437,0,likely_human,1.0,0.26122840127560654,0.41273597104294185
UC5frZTCe3kiEUZIXmUyYqHg,-1,1,1,['996bff55f8851c011fdb4b3897f94f0f'],0.3884340221432164,0.2611835488123185,0.17913946391111552,0.4869544955377556,0,likely_human,1.0,0.2611835488123185,0.3884340221432164
UCcXL5ms9bTW_mwAwQVbURvA,-1,2,1,"['8cbe5e702155fafe9dc5a2e77bcaa9d7', 'c962eddc084ae23c5567c84dbfd39e9e']",0.38148352679461967,0.2611798722521659,0.2038227046880555,0.4634703658974415,0,likely_human,1.0,0.2611798722521659,0.38148352679461967
UCzXgzm3i6otKnb9Q-MUM5-Q,-1,3,1,"['3140badce4bb905722eb339d58726de1', '285cd4655dee2d3f5398cad3bb73ce9e', 'd67a246e92711697f2423a296d5fa474']",0.40758867450793845,0.26115430416874946,0.1455267974757929,0.4686789257104338,0,likely_human,1.0,0.26115430416874946,0.40758867450793845
UCFp7qlq8W9z_JbJGyE7gswA,-1,1,1,['c6fce0bebed7370d995b4ad2dd2e1af9'],0.28383589801197423,0.2610138753599392,0.13820704672331285,0.9999797344422897,1,likely_human,1.0,0.2610138753599392,0.28383589801197423
UCwVOu7YS05W0Q12xpf8QPGg,-1,1,1,['b8671a36e60e6d47c6b44d2814cf8350'],0.45551410541629445,0.2608166692140608,0.11792255515615709,0.3149669863549512,0,likely_human,1.0,0.2608166692140608,0.45551410541629445
UCmMjgavAvqluoftrXhaj6zQ,-1,1,1,['24e3595f88011d3ece2782261e7188df'],0.4143556125318111,0.26073995189230104,0.15779422154372905,0.4056694111550934,0,likely_human,1.0,0.26073995189230104,0.4143556125318111
UCyUG8e7eqajHUo_EDN6TFIA,-1,2,2,"['faa8e3da13dbcbb6160aa4db48cac0d3', 'a2e447cd1f49935037257338a3e713ac']",0.4153932928173101,0.26059953839834593,0.14860324082520981,0.42682597903251657,0,likely_human,1.0,0.26059953839834593,0.4153932928173101
UC9OOeBlWWzX5upsESlmcoXA,-1,1,1,['70d95eec08e7dda959422034697ab186'],0.43109502791418797,0.26050220885863407,0.15121929283933544,0.3558612273540738,0,likely_human,1.0,0.26050220885863407,0.43109502791418797
UCzs4tHyf_syvqjF2lf7XQbQ,-1,1,1,['8d178b2d55b0bc81549ec101cb173787'],0.39721767131235775,0.26047635806368485,0.14111859641678012,0.5164757346800988,0,likely_human,1.0,0.26047635806368485,0.39721767131235775
UCgULcNDdW9I4b3PnRkyeIeQ,-1,1,1,['3833c08aa7df8af8ee7593a874b8cec9'],0.40691597876691593,0.26037669376298134,0.1602711711336016,0.4341656588050903,0,likely_human,1.0,0.26037669376298134,0.40691597876691593
UCKjYYO27HjN2-1ciOpEiJMw,-1,2,1,"['e7bcfbb1e44f4594bf9e7536e3cea052', 'ed664e009ad5a196cadbae0fdc01991b']",0.363079073979661,0.2603389126036876,0.15851141967447407,0.6390304860538177,0,likely_human,1.0,0.2603389126036876,0.363079073979661
UCydGk6yOTwCKHtx6vvL9cig,-1,1,1,['d84fa481ab6474791072049a1dc55bd5'],0.39328840523724906,0.26031432352704253,0.1964473556130985,0.4311969745675123,0,likely_human,1.0,0.26031432352704253,0.39328840523724906
UC5whgfTi1uxBF4wuRv7fTrg,-1,1,1,['588f4b7cd95b418246d59de0f7902bb6'],0.41972017383189525,0.2602504331562452,0.14772546824747987,0.413593110201731,0,likely_human,1.0,0.2602504331562452,0.41972017383189525
UCn6HCsE0zGlVXcai9xndo5A,-1,1,1,['56443fd9f15f3b35cace46d753f0f21d'],0.41476530554451885,0.26021345929064427,0.17069153094179282,0.38667544324981695,0,likely_human,1.0,0.26021345929064427,0.41476530554451885
UCKMzn4jBbjLFeUm4i0U354g,-1,1,1,['5065c8997dc3e9cfa8398d848d64f7d9'],0.42669617430289764,0.26014391763122646,0.13948997521154607,0.3885986369084673,0,likely_human,1.0,0.26014391763122646,0.42669617430289764
UCIPvLll55ENBL7sb4TO8Edg,-1,1,1,['8e48d6b8f15fc3235c32c2fd8950977b'],0.3850502893945305,0.26011519779385633,0.2013947699224334,0.44914317749781646,0,likely_human,1.0,0.26011519779385633,0.3850502893945305
UCWRtTv7EqfZFd9gR82EKLPQ,-1,2,1,"['4d1d229262e343a1e2eef2e504e322b7', 'd0b49dfb29d86a6b0e72a6424a11aa9a']",0.3694744353877782,0.2600578755036238,0.16428759199303114,0.5908665204148476,0,likely_human,1.0,0.2600578755036238,0.3694744353877782
UCv1zT-rWzzWvBTQWcEFTn-w,-1,1,1,['3e7c02035beb909f19d9e2710a5566c0'],0.42023405420488014,0.2597759906727655,0.13008091989806173,0.43376105327153697,0,likely_human,1.0,0.2597759906727655,0.42023405420488014
UCICugCI-jYbsJ1qpBJdI6Kg,-1,1,1,['88b6ba590e6e2874d989755807274a6b'],0.41047768203007484,0.259771574691379,0.14796403825968257,0.4416656340451076,0,likely_human,1.0,0.259771574691379,0.41047768203007484
UCqChnB0Bz_Dryh5pZAoeNtg,-1,1,1,['4a770ac562108d6ba5beeecaf6846f86'],0.43393018370563285,0.2597632014919583,0.09907094286569504,0.435735166410952,0,likely_human,1.0,0.2597632014919583,0.43393018370563285
UCBukmWWV3_CQ_iWawT5pqhg,-1,1,1,['e52aceeb47faf617dab0cf9ba78170a5'],0.38216262340120766,0.2597439166040504,0.17919674525327636,0.5060074165136876,0,likely_human,1.0,0.2597439166040504,0.38216262340120766
UCzzdqjrfILcLtElzYZKwp6Q,-1,2,2,"['c404596f1c1b6f739cbb75e23ef24222', 'a1c3ab11920dd1928afceb4278b8423f']",0.3823029643086077,0.25970577852769605,0.18309802717723164,0.4898969062905883,0,likely_human,1.0,0.25970577852769605,0.3823029643086077
UCljvsCxrYnO1RWCIamI9mZg,-1,2,1,"['b1a913b9863c3bf535a16dac69e275ca', '0f10c0a8bf4339282b5b2f9727aa6a72']",0.39083690988511366,0.25964374151147007,0.15257806413797906,0.5201780342160818,0,likely_human,1.0,0.25964374151147007,0.39083690988511366
UCLSscb7tM1ptO5HxjAwV2ig,-1,1,1,['134d568d2d36f43994a2d1b9b14aadc2'],0.39038792504221986,0.2595619111615293,0.2026938040057498,0.4121471797811873,0,likely_human,1.0,0.2595619111615293,0.39038792504221986
UCFSKTsHgHvylrSKumqLzD2g,-1,1,1,['c27dfb116afdb74d005d05eb39c49ffc'],0.40175510805725123,0.2594695864043906,0.14052908204416617,0.48855978852579685,0,likely_human,1.0,0.2594695864043906,0.40175510805725123
UCV7QR0ICPxIQYQ6U8_G0Zlg,-1,1,1,['1011e98bfb443314b92f7459dd38ba39'],0.4091817450050021,0.25929796981332465,0.14443704459937193,0.4443314936397799,0,likely_human,1.0,0.25929796981332465,0.4091817450050021
UC1uFRJH5EcyyRBU_AaiypYA,-1,5,1,"['d6772752bb354af1fcc40e7116e8132a', 'ebec5389a40464343339f9a46c97ad5f', 'b7e12c209c2e9a2cf4d37940763bd967', 'e475d102e803263b978793e206fd6ccd', '82cb047de84daca9229b67c28c88060f']",0.4164733855509281,0.25928080975082873,0.12733489878859147,0.4496702931116769,0,likely_human,1.0,0.25928080975082873,0.4164733855509281
UCflfr23XWDyZMxGJ4_vrmqw,-1,1,1,['0fa5bda512b625a9e79b4ed1c4853962'],0.4113702452259518,0.25910782942598143,0.1386680003510218,0.4469813701619221,0,likely_human,1.0,0.25910782942598143,0.4113702452259518
UCEJNC5hvACATGYLFIqx4tjw,-1,1,1,['f7b88b2ab1348b8b0313938f31dea206'],0.4079373655381247,0.2589996412462169,0.1460606471046751,0.4482472925759619,0,likely_human,1.0,0.2589996412462169,0.4079373655381247
UCiysaxEwvLzT_ChJUu5JtXA,-1,1,1,['e8472ff08641e532a43264a101b6d6f8'],0.41510139990868733,0.2588970246171016,0.14199932548060654,0.4174862072190859,0,likely_human,1.0,0.2588970246171016,0.41510139990868733
UC8R29uJsRD_YY6ssn2QHWqQ,16,1,1,['56030eb3d1bd672b446532f54f281a76'],0.3881200339716034,0.2587875855262961,0.15613418309724242,0.43115255990856627,0,likely_human,1.0,0.2587875855262961,0.3881200339716034
UCbppd6N4DabmRQiKESmTmhQ,-1,1,1,['be003066f46bbf067daba0505ff1049e'],0.39664576421155845,0.2587734506204108,0.13431182756713872,0.522307557512485,0,likely_human,1.0,0.2587734506204108,0.39664576421155845
UCvhSgkOmPjEYpgsuRwvXyxA,-1,1,1,['467e6d9676452449f4ba4f650d129036'],0.38352343700022795,0.25877229642912936,0.1686058887780606,0.5138841219810956,0,likely_human,1.0,0.25877229642912936,0.38352343700022795
UCKbMv9SWZ5ox11COa_5YdUA,-1,2,1,"['d14ceee9b046b29e088306e56d9ac99a', '5666c7518d62d8320650660886de2324']",0.3883969835008593,0.2586614982970452,0.16393382984709312,0.4934409201867105,0,likely_human,1.0,0.2586614982970452,0.3883969835008593
UCnah5zw17mAaIGHdBx36lUA,-1,1,1,['45e8d58e36e6031fbdd3d96a2243a9c9'],0.3890004590773569,0.2583590487167871,0.1585970785539432,0.5016914478458252,0,likely_human,1.0,0.2583590487167871,0.3890004590773569
UCgaxZ1MSQ7DJnvM2TfQBgsg,-1,1,1,['b5139f1c90b5140237cde83d84280825'],0.3986194668717197,0.2583275142293016,0.1581786393938034,0.4621230764279431,0,likely_human,1.0,0.2583275142293016,0.3986194668717197
UC80xJItH0qQt0F69PTZRHEQ,-1,1,1,['1a9d5c89293be11c32288ce73f85bbc0'],0.4024385558048452,0.258126089270699,0.16373044564257375,0.42692735892537886,0,likely_human,1.0,0.258126089270699,0.4024385558048452
UCdkYI_AfJny-uWbL71rGDFA,-1,1,1,['3ddd706d4883cbe189f401c9cd7200fe'],0.3529474880889287,0.25801641546938453,0.20471557946198674,0.5607314702384802,0,likely_human,1.0,0.25801641546938453,0.3529474880889287
UCAFB0tUYdwlKJ8p2CE1U_Ww,-1,2,1,"['dc300f19b122c9ef84b54462535ed8c0', '658b72242df246d7e776694811159216']",0.37700676632312846,0.25799474944036316,0.16342483637141691,0.5388096134964484,0,likely_human,1.0,0.25799474944036316,0.37700676632312846
UCnHi7mXwxPhO6ASLtzIOt9w,-1,9,3,"['9e2495b327c5c1d8521378bfb09f40d0', 'caef7a5ae2f66be9353684fafbd0c5cc', '27931f81016e05af35773da14fbc3256', 'b1001ab56f83bcb9bc57f31609c47a05', 'd84b65f3af10ebc849932c4bed9b5958', '695a2ed502a50b99960021d0b811bab4', '4d64c61639a9246697bac15ef8030d3b', 'ccceaadaab09e467e40cc602cff63bc2', '49d1f96408fc236140f40b31b4cbcbae']",0.34406289971116766,0.25790156060647773,0.19280216795209734,0.625867626136425,0,likely_human,1.0,0.25790156060647773,0.34406289971116766
UCEpcQPtHm6JugWkpP4spzWg,-1,1,1,['1a34bcc4dc865b70a0182101ad635d70'],0.4136593423892423,0.2578369183071454,0.13449134039959987,0.43813559263763663,0,likely_human,1.0,0.2578369183071454,0.4136593423892423
UCsSHmWIa0gokQyGyHbNuItA,-1,2,1,"['cb7eacbee1f91f4a003d07c97b7fa1fb', '46430988f8629c223938d008ed3dd468']",0.398972500353035,0.2578199230053245,0.133133914504254,0.5028992381624225,0,likely_human,1.0,0.2578199230053245,0.398972500353035
UCnV7Yismjaibd-ckr954Tmw,-1,2,1,"['34a4d7518e369a79a662849fb5f253a5', 'f79ec2d685f9dc59ddc811da7e5b32f8']",0.38159727494705614,0.25781145662174465,0.14936114155706448,0.5471920937369865,0,likely_human,1.0,0.25781145662174465,0.38159727494705614
UCDYtaS4qB-FF4IQ1mGiBDyg,-1,1,1,['81c7b4e7c125e2c26edfc3959a5b78d2'],0.387135097631669,0.25755467532735055,0.1662453495798311,0.4920672156264707,0,likely_human,1.0,0.25755467532735055,0.387135097631669
UCDZlH02nGD5DUolDOBLp9VA,13,1,1,['8d702195f254b81994ade6754c5a87e5'],0.39525698263171793,0.25754600272592726,0.15688858890375412,0.35539437622471814,0,likely_human,1.0,0.25754600272592726,0.39525698263171793
UCqTLPHY4TVQj8daK7EoErLA,-1,1,1,['ca81a32b8d83fc0455e90f5a7dfdb3ae'],0.38497137869521336,0.2572655897562941,0.1643568925494256,0.4973595116898888,0,likely_human,1.0,0.2572655897562941,0.38497137869521336
UCD3neMo1CDdmhuIqHsP4ojw,-1,1,1,['dc652a8ab2a4ac41c4bc5655317eea7d'],0.38583035182315356,0.2572491732510337,0.16955585149597266,0.4854442692109696,0,likely_human,1.0,0.2572491732510337,0.38583035182315356
UC2-04aOECX8Sv7TO8fKZynw,-1,1,1,['32bb51fd3ef888fa3ab2f12d645fd707'],0.3747912520694502,0.25724833785057144,0.19143867493960623,0.482306503151886,0,likely_human,1.0,0.25724833785057144,0.3747912520694502
UCmEiIkWh6pRXlMjPOf38nxg,-1,3,1,"['867fdba6e5d526d9d7de73b3fcb62d06', 'c71e0a4761cba7eb961b6b619ef760f4', '21dff8145237cfced6a474a611a6bc52']",0.39632575726586056,0.25724543696285196,0.17058371602792793,0.4393221752223667,0,likely_human,1.0,0.25724543696285196,0.39632575726586056
UCZoArr22huiW-ql0c13i4Rg,-1,2,1,"['b77335f9280a31a5744d921a2a59b394', 'abbc7bed43ac6a8c4dd8de8f9c21b3c4']",0.3826512571818833,0.25700024710810543,0.17199127562081318,0.4851202197281899,0,likely_human,1.0,0.25700024710810543,0.3826512571818833
UCXz3RoC3tPKnbSx6_PTWo2Q,-1,1,1,['3f57bf3dea242670eb7d60d06646bd3e'],0.36692776294150864,0.25682488535042036,0.1775101258153629,0.5416080255896581,0,likely_human,1.0,0.25682488535042036,0.36692776294150864
UCs7D-BYhHQ4V6MNUVea6ixQ,-1,1,1,['3ad49f77f07eaee8f40496b49ecf93d2'],0.38049182450292895,0.25662926084011006,0.17430825936228644,0.49600784914903395,0,likely_human,1.0,0.25662926084011006,0.38049182450292895
UCtQHFioj5jXTs2fgkgggj_w,-1,1,1,['9896fb7a7faa5a8d0ccf9e087183ee62'],0.4134062352121842,0.2565924322723079,0.1550302469526865,0.37826148204850846,0,likely_human,1.0,0.2565924322723079,0.4134062352121842
UCOOYzLfBjWHsXTMy2q7_DWw,-1,1,1,['3badb0a40cc1e93e8ae049bff1cf14aa'],0.3841564572084771,0.25647302987187415,0.18161214834222508,0.45351233266147933,0,likely_human,1.0,0.25647302987187415,0.3841564572084771
UC-lZMtkNtxQlKHFm4Q9maVw,-1,1,1,['e21d7949aeb8d4ae1eb17c3a6b8ec4d7'],0.3950772826928683,0.2563981191032726,0.16471737718430166,0.44075254481931403,0,likely_human,1.0,0.2563981191032726,0.3950772826928683
UCUSrc2EHxbuSrl4dw3_lT1g,-1,1,1,['0a805104081f3cbb25abf8c693571f0d'],0.3873434477728037,0.256298970721734,0.16437169862844875,0.47845612645909275,0,likely_human,1.0,0.256298970721734,0.3873434477728037
UC72_58iUL9D1xs3Dy7nKbSg,-1,1,1,['f950a2a5194ff2e2dcb356739b2eee6f'],0.41194317278244835,0.25616616677081533,0.13106153193752362,0.4279856358541466,0,likely_human,1.0,0.25616616677081533,0.41194317278244835
UCpckv2WReIsYD-7o3u-Jn8g,-1,1,1,['a086995328fa498342fa63b3330b1585'],0.3884023753184097,0.256145875752132,0.17368224238086818,0.44673872771340273,0,likely_human,1.0,0.256145875752132,0.3884023753184097
UCSN3IQHAz0Jpiab7hcUpZgw,-1,1,1,['252a1d106a72e57ab83dcfc7f746ecec'],0.42723317607426636,0.25612096281199853,0.1095333133737027,0.4092838791534241,0,likely_human,1.0,0.25612096281199853,0.42723317607426636
UCR8rshYkNNQSqs6W6FMd02Q,-1,1,1,['055655ab206ef9f5bf6ef7cd59ff549a'],0.3873465451246581,0.2559213714321932,0.1763142605957318,0.4433710201646393,0,likely_human,1.0,0.2559213714321932,0.3873465451246581
UCaJRklIFTN-aODUnNgvvQ6A,-1,1,1,['d3ee5671f656dd169706e8c3c91d54d8'],0.3498424725534512,0.25590876204205193,0.20791367101911365,0.5484774782481556,0,likely_human,1.0,0.25590876204205193,0.3498424725534512
UCR0w909WrQ0eRqwrtCYc50A,-1,1,1,['6509b16905ed59eca7bed9867339fdca'],0.37827803655184317,0.2558471741067406,0.1839421029803669,0.4693962999858179,0,likely_human,1.0,0.2558471741067406,0.37827803655184317
UCFmUVRjw81ASckDHWXQ_ceQ,-1,1,1,['db811df9a427969b9350c4048ac939cf'],0.39248683353338293,0.2556526367783679,0.1637647274099435,0.4423875872601259,0,likely_human,1.0,0.2556526367783679,0.39248683353338293
UCBkoAVqzelSJ8VRN8uZCyeA,-1,1,1,['a475c1b541b5be0074a256474d9288a7'],0.3702141620279383,0.25552360075976455,0.20192379675422714,0.47431003917326897,0,likely_human,1.0,0.25552360075976455,0.3702141620279383
UCklnryP_LZUIVga9B8sMC6Q,-1,1,1,['e5b8117f0d0ee40de440c849cb915a74'],0.35474870489605714,0.2554876875741245,0.21342075267596514,0.5260413875898745,0,likely_human,1.0,0.2554876875741245,0.35474870489605714
UCjklneyws_j7GmNu-U4AZ8g,-1,1,1,['889c8bb6f2963a5be093ec023d653ad1'],0.37676977477566054,0.25542538384025454,0.17964936931346126,0.4792605281079934,0,likely_human,1.0,0.25542538384025454,0.37676977477566054
UC9wSF1_rLI5PMt7jBUvkLPA,-1,1,1,['e6fab9fffa8be1cf4a5189989cd05101'],0.3846221848139628,0.2554008558586838,0.17105727580150315,0.46123605290195024,0,likely_human,1.0,0.2554008558586838,0.3846221848139628
UCreQqSUBm5CsY_EUr-Co9Jg,-1,1,1,['86421eb4c100415b0d50e269ded8f92f'],0.3798973474957943,0.255281328856921,0.1713949514902252,0.4927100929748141,0,likely_human,1.0,0.255281328856921,0.3798973474957943
UCxFHR4gHnAii7Rb4z30bXRA,-1,1,1,['821070fd3cf065cfc0a6e2c20b615628'],0.3842574588109351,0.2552533898514311,0.18273025130595502,0.4474980840419407,0,likely_human,1.0,0.2552533898514311,0.3842574588109351
UCnGXGyoJ39p3FH3YGXxnDGw,-1,1,1,['38fd6510755de9314a540fa6368404c1'],0.43477934512268634,0.2552385007734273,0.10909184267816377,0.36836861870049853,0,likely_human,1.0,0.2552385007734273,0.43477934512268634
UCDnMDoQHjB_EioLC4WCkC6g,-1,4,1,"['9c9a97c67fe531d7b366cba0105a1a8c', '50685ba4e42343e19c7bd3b26900ed9a', 'fe47181c1fbada1b8a87d92345764446', 'b28c76d006e42a3ea299255cafeef5bf']",0.38106497541532497,0.2551385307450491,0.16487249303483606,0.49278889263493475,0,likely_human,1.0,0.2551385307450491,0.38106497541532497
UCKr06F3VKuzHTAhwhN7rAbQ,-1,1,1,['76bb87e75eea496ffdccdcfa939f0e54'],0.386943951746865,0.2550557506413465,0.1715887144690427,0.4592336571658393,0,likely_human,1.0,0.2550557506413465,0.386943951746865
UCETwbLs9-HsJo1xIueQq4qA,-1,1,1,['25a2e51a224bf18eff8837ff84b47bdd'],0.3554137849308166,0.2550185520573781,0.18026568638596585,0.5698046672923477,0,likely_human,1.0,0.2550185520573781,0.3554137849308166
UCyJU9xxUKtw2jesxG-ItYrA,-1,1,1,['fe9b278cd4872d1f246b9fa04c486fe6'],0.36005599633050905,0.25499222974267743,0.20203957167686165,0.5172880302465693,0,likely_human,1.0,0.25499222974267743,0.36005599633050905
UCTu4x8vD44BYXUnXk-N66DQ,-1,3,1,"['904c02dba75ddc5f627a2b8c693c0a33', '1bc955d1ce45cb612f802716d369af02', 'fc3ec0dfe30230a8149cf1c57d11e283']",0.36295837049852236,0.25496455941025,0.18895224531726987,0.5185693795176086,0,likely_human,1.0,0.25496455941025,0.36295837049852236
UCGp-hEwXJv5dg4XdlLmAEPA,-1,2,1,"['d01c835b3035a1083081f828d10ca308', '5f2074014a2285ef6ed24a155229fe90']",0.4002293392235362,0.2549403946446055,0.1484410345802713,0.437247609244421,0,likely_human,1.0,0.2549403946446055,0.4002293392235362
UCvq8QpYEinZwNxJJfT45Ayw,-1,1,1,['17dd9a98a5d8d5f9605b64c77ec18482'],0.4475033452504031,0.2547848211348708,0.094920564473605,0.33716007266753467,0,likely_human,1.0,0.2547848211348708,0.4475033452504031
UCQjsgvtYnY1CxIX4bVqr-iA,-1,1,1,['0758a2ce779f3e0cc88829fdad02b30e'],0.3939544519113803,0.25462077079113943,0.12328479934460924,0.5149301852131836,0,likely_human,1.0,0.25462077079113943,0.3939544519113803
UCuzD5UmNwHnqRUCq0JYuPag,-1,1,1,['3407f87dc053e3ac67352e4f077e7c97'],0.41561384231574483,0.2544846058613821,0.13038488929278763,0.40372728045138384,0,likely_human,1.0,0.2544846058613821,0.41561384231574483
UCGeNLDlLSaoWnMdB4i219Bg,-1,1,1,['99db139bf17c4a43c023ebde4239fbf3'],0.3681116871988088,0.25444358138534073,0.16902801863799655,0.5394299672456369,0,likely_human,1.0,0.25444358138534073,0.3681116871988088
UCd8FZ8juswhI9yeqDk-i60g,-1,1,1,['937874352a9c74af071856e976b394b1'],0.4177940422321818,0.2542957200322447,0.13419772080722353,0.3806789994242387,0,likely_human,1.0,0.2542957200322447,0.4177940422321818
UCwJdV_crrQpLzQxE7mAsMvg,-1,1,1,['1d76405bf47592d32ab90e3f5d421f1e'],0.4341624022214957,0.25422783939995564,0.11751651920283061,0.3403907052657776,0,likely_human,1.0,0.25422783939995564,0.4341624022214957
UCPOq-nrLG-OMexBMxX3178w,-1,3,2,"['77b7ef694177e604994192f32cc4252e', '0660485fad27de92a59235e41ea93662', 'fa99abe91ec6e8f451bdd91a64234d05']",0.3202657669609864,0.254200399213107,0.16638115145883436,0.7529226722670476,0,likely_human,1.0,0.254200399213107,0.3202657669609864
UCkd6W-2m2MEQvta14v2AzKA,-1,1,1,['d31bcdd3491a93a3d05214b462962cae'],0.3850428445570685,0.2540519757128253,0.15445802790272992,0.47883726758976053,0,likely_human,1.0,0.2540519757128253,0.3850428445570685
UCNrnao2BGwmFFRVt4Ty2G8Q,1,2,1,"['673fca7c47a4553aa11c089c19512edd', '2d56a92eefa9f85ea2cd2f17c39ee697']",0.3607277650846352,0.253911545277167,0.17632071669783683,0.45035871406473194,0,likely_human,1.0,0.253911545277167,0.3607277650846352
UCiSxXgFjHVv_t3UlCJcKxXw,-1,1,1,['551f85504f7a4b242437b13f77d574d3'],0.4441706080704212,0.2539105207421419,0.09960045402741834,0.3304956683621904,0,likely_human,1.0,0.2539105207421419,0.4441706080704212
UCm7IW_rwlNAzl995C2NetXQ,-1,1,1,['4dd164a6d23759ff2698bc6c1cde43df'],0.3978269659151465,0.2538495938518448,0.1425766174970611,0.4496216616171106,0,likely_human,1.0,0.2538495938518448,0.3978269659151465
UCo8d2MMFwO_Rcpk1EHerm8w,-1,1,1,['7721319c56caca345ca55f495538369f'],0.3583176493042073,0.25383989207401497,0.1737771172307329,0.5613373141740023,0,likely_human,1.0,0.25383989207401497,0.3583176493042073
UCsJZF67RY7MeuD7TeRMJ9MQ,-1,6,3,"['a8538fa3d6d99c036735f67b1fdc142b', '1e80c10518104630fcefd37b43163ce7', 'b6669eb291311a0e77225d434b586785', '23da2ffcd4e40568583c0b171770a70c', 'cf5d0f2b64510f063e9dc3f9dc84fe53', 'd3a25f95457e0eb6c71848ee42589c18']",0.37284985825833067,0.2538206865035517,0.1415272367721779,0.5636232824997328,0,likely_human,1.0,0.2538206865035517,0.37284985825833067
UC1lMvh22A-hm3EXfosxkVUA,-1,2,2,"['a8b4a05700b154f8867b698015c204ae', '71b38b38e08878cff93d4443042d5341']",0.377729738703642,0.25370873676564876,0.1719497059514364,0.47436215040223517,0,likely_human,1.0,0.25370873676564876,0.377729738703642
UC2_GGsEyIMu76XLgKEltZ-A,-1,1,1,['b5a977d8aca4b54188e74d210d42074a'],0.40442421311139015,0.2536865193638678,0.15650413996859636,0.39037327630338464,0,likely_human,1.0,0.2536865193638678,0.40442421311139015
UC-C85zrrWb3tqo4VUr5_ifQ,-1,2,1,"['83c334b66cb2553808d36cd03eef2963', '7c2537909dbb3c41c8d32366cd8564b8']",0.38374594100004533,0.2535561963973183,0.17024462770336873,0.44925517652520913,0,likely_human,1.0,0.2535561963973183,0.38374594100004533
UCWeUKyA_-dasNVCRS6Pf8Uw,-1,1,1,['cefe43a33adfb6b08ed4d27b8d9faf22'],0.36345632007206313,0.25352727070000636,0.20456040765354838,0.46986620017353,0,likely_human,1.0,0.25352727070000636,0.36345632007206313
UCdYJPS7OG94gAHoGJgr-bVQ,-1,1,1,['e5bd5752046579f2cf5a952d41a511d1'],0.4131168892831977,0.25330443382576007,0.13129398457887234,0.39281375429825915,0,likely_human,1.0,0.25330443382576007,0.4131168892831977
UCis65cHFZVyUa1HEBxxVitA,-1,6,2,"['c0139941761d03e7bdaba2236e4ef5ba', '0d7855e0cd61d7d1106ca34c26f16220', '85ba0785c1463a45ce3266816e991e0c', '7a290b95d2f1e9f53bfedf00e9a0ece1', 'e22a0f790f73030136451b4b8f51f8d4', 'ecd052ce788db3e7c080474a14e1fe68']",0.34223376769090574,0.25308944645642245,0.1858514361094612,0.5998125935841615,0,likely_human,1.0,0.25308944645642245,0.34223376769090574
UCpHnhg7a_fMkVc9BweUQKJw,-1,1,1,['3246fc972b00e3bf73080e1a03f4d787'],0.333614362995648,0.2530734148692923,0.19558922012959362,0.6174538275340821,0,likely_human,1.0,0.2530734148692923,0.333614362995648
UCF6BoRKIp9-8Q4eMhSTmO1Q,25,1,1,['be0448d60de901e6ad6edac1a40161ed'],0.38825433819756666,0.2529874756585379,0.16094142687539317,0.3593908445876727,0,likely_human,1.0,0.2529874756585379,0.38825433819756666
UCzh0kMKbV1zDd3vf_9W55MA,19,1,1,['a3f32e7178df56f507fb71e7bc5e6bb4'],0.3871935467284998,0.2529745494765281,0.12576692265958067,0.34765613796329065,0,likely_human,1.0,0.2529745494765281,0.3871935467284998
UC4SXfQF-RyRYnJHUy04-73Q,-1,1,1,['cd3bfbd89dd75b56c4aa51af8ae1e788'],0.43169868391306815,0.25293906116589226,0.11451179473372879,0.34866336881352844,0,likely_human,1.0,0.25293906116589226,0.43169868391306815
UCR1U5Oen0Q7G6fSO_M5-lpA,-1,1,1,['c22d2cb4ac8b906b4f0ad5122c32a3ee'],0.3863024860580097,0.252905529482798,0.1418463156622529,0.49267858191132247,0,likely_human,1.0,0.252905529482798,0.3863024860580097
UCx6xM0PoeG9qt1bmKGC5OjQ,-1,2,1,"['3b6a3b578f1e44f85e26c2a811975e55', '4b026dc9ffefcdea167ed6275a394a9d']",0.3874105147647834,0.2525203674274919,0.13259772937600398,0.4990329741078556,0,likely_human,1.0,0.2525203674274919,0.3874105147647834
UCZKTeDYPAsQ3dmFMSHpin6g,-1,2,2,"['2c0e684d8dfb45d8cb6f4984a0cdd831', '65521e11797fed19aae96fed7ac5bb40']",0.35803695071820457,0.252432435999234,0.17865908691797608,0.5332584733158839,0,likely_human,1.0,0.252432435999234,0.35803695071820457
UCCi0C_1-e-1cRbHPW82wYvQ,29,1,1,['d58e65abbc44a09fdf925782c7912fae'],0.3915378018256558,0.2524229842340234,0.15407958844476818,0.34497997438335803,0,likely_human,1.0,0.2524229842340234,0.3915378018256558
UC6jf78A7GvaNztvi4KOVkcg,-1,4,1,"['47eb1c9b79f382a661f506b2621487cc', '0cde4ef0a24a551449462a6fbc69cb64', 'd71378c9eb4168e4e52ec6ebe51d657c', '344fc35da010f836355826f456fb7c35']",0.41697091139787773,0.2523053315481849,0.11499831979239235,0.40305234681637236,0,likely_human,1.0,0.2523053315481849,0.41697091139787773
UCMEgIgZwlgjBORKe7fu3a0A,-1,1,1,['c4dae88ed2e687fe6885ce2cd4d721b0'],0.4253036936913659,0.2522120068508527,0.13364569886071975,0.3347914388684905,0,likely_human,1.0,0.2522120068508527,0.4253036936913659
UCi6L0qNKNDSk51nfbVYHPbw,-1,2,2,"['ad25a9d096164a4dbdb28a1fe9642adc', '100738c7fb120bdda4fab17183da55e0']",0.4028755566338751,0.2521974820799179,0.14299231753187286,0.4091402431908382,0,likely_human,1.0,0.2521974820799179,0.4028755566338751
UCnRl45hhVY-SKCoNYiqTtBA,-1,1,1,['d72ef083306f1f9d77ea365d8f36d535'],0.39920369776541376,0.2518566338003617,0.14826480326658695,0.4124162768143664,0,likely_human,1.0,0.2518566338003617,0.39920369776541376
UCKN46S8vvDK-ZD4ZelTShNw,-1,1,1,['5e52d1d70af34882244ec4313838b41e'],0.36359184676104417,0.2516289113881721,0.2123125929335836,0.44901823946160135,0,likely_human,1.0,0.2516289113881721,0.36359184676104417
UCWeC1PfQcbN6x5TyHRrt_6Q,11,1,1,['fe47fa2fcfdcd4b0088554cf5c8e1034'],0.3510657812548208,0.2513443437001058,0.15453355357043477,0.49224964384643843,0,likely_human,1.0,0.2513443437001058,0.3510657812548208
UCxgN5uCYvUFyzgCLkIeIfug,-1,1,1,['77a9fc456d5f1ae7501388d31ef7ea03'],0.4167579302327169,0.25115914748458273,0.11900859779378482,0.38186264926892594,0,likely_human,1.0,0.25115914748458273,0.4167579302327169
UC9OS4F_W8YzrD52xrvVGdJA,-1,1,1,['7ce7a97478f9d68903bab2af056e049d'],0.38695572539607254,0.25107959894154197,0.1410667276428264,0.4755593769958879,0,likely_human,1.0,0.25107959894154197,0.38695572539607254
UCOhn3u8AV7dsfAucq30xZBA,-1,1,1,['ad047b7a7344b1294075f09fe35ae668'],0.39521579234238896,0.2508801564411849,0.16396733261518048,0.3925454602821499,0,likely_human,1.0,0.2508801564411849,0.39521579234238896
UCkGJSWLDKemeKMi98SeezSA,-1,1,1,['c94f7eab320c525184c3d07893d343f4'],0.44204343204103397,0.25084180899847736,0.079912055414872,0.3491292105448169,0,likely_human,1.0,0.25084180899847736,0.44204343204103397
UCavTJXo9JGvUliqyeOCgCng,-1,1,1,['ab58ce6230a85133d92290b3f2a3bc88'],0.35592093003343195,0.25081445823231424,0.18449875848832561,0.5273159936353443,0,likely_human,1.0,0.25081445823231424,0.35592093003343195
UCxydmcftHCcyjRcXg6ufb5Q,-1,1,1,['15f6b3b23663c8850675ed839dd29ac9'],0.3994569196678929,0.25079165160610994,0.12878099006110832,0.44274158087703175,0,likely_human,1.0,0.25079165160610994,0.3994569196678929
UC_2bkxuRkIC8v-xpAHw9iVQ,-1,2,1,"['4ee177633678243ca4b3da27d54d8ddb', 'a437d24dc55fae77bfd72dc0388d6222']",0.40880088344797677,0.2507781927200818,0.12201238253360865,0.4096243986174204,0,likely_human,1.0,0.2507781927200818,0.40880088344797677
UCODRTA4B-pozBf77hm6lECQ,-1,1,1,['3d574b115368d2dbe8b11eb65bf31ed5'],0.37383589051232696,0.25077472518034893,0.1710643088941646,0.4722707696405559,0,likely_human,1.0,0.25077472518034893,0.37383589051232696
UCFxsxT71HsqcjPSYPKrvEmA,-1,3,2,"['d2649c191115878000279597b88bd596', '3acc78424d262218cdb0a3896af632af', '2a9fca7cf301f4b2907dcae23339b9ac']",0.3770542200469212,0.25068741741266426,0.14439434337892426,0.5060074165136876,0,likely_human,1.0,0.25068741741266426,0.3770542200469212
UCvP4ZYp7eubuvPAr337Emwg,-1,1,1,['6705f6ffb87e148c5f90ee59efc4d3df'],0.37393963846811507,0.2504361868649672,0.14978931512210003,0.5067040974699923,0,likely_human,1.0,0.2504361868649672,0.37393963846811507
UCinhWk4qeIpRAL5h9GjtoKg,-1,1,1,['ea96e1eded8b8979d0c408e5cde5aebd'],0.37699300186934614,0.2504258321053384,0.1810195395196943,0.42259720795088834,0,likely_human,1.0,0.2504258321053384,0.37699300186934614
UCKvz4reZG7X0cKkQa6t_PZw,-1,4,1,"['9d83b9137cdefd7b9d97272ff6bcdb32', 'f780a128f49c84ff03f83740f727df7d', '1e6ed8cf9b484bd3b395178d13b83509', '4b2202d62a22bc18043f109d63b72416']",0.37598958830266693,0.25038015650548373,0.16634921971065453,0.4618045917918955,0,likely_human,1.0,0.25038015650548373,0.37598958830266693
UCvXffbh_Jhdac3h36xzoLHA,-1,6,1,"['a444f97128efef5c8e55d6e4918be581', 'f81dfcc190b8906fb6b34b3e725c568f', 'b32d42d4910621c543d9f1bc8ea8d829', 'd1fb3be5e6140f5ca6c59952df67e297', 'f87b6043e0e82981ebb0f002470434a5', '3b5c2ccd55bddfd3e2b6045a00b9b338']",0.35732206910926995,0.25030154767845164,0.1702677108711629,0.5330318294300318,0,likely_human,1.0,0.25030154767845164,0.35732206910926995
UC8yXFHqKrkUCNj3OAaPNLTg,-1,1,1,['c46b0dee7c03f2823715937c9ae47536'],0.3441299000418849,0.25012084172842586,0.20361761961446517,0.5202002429739386,0,likely_human,1.0,0.25012084172842586,0.3441299000418849
UCdTw0mMTTEiEhPJaEd7zGWQ,-1,2,2,"['fd886b0662b16bbce407692057d242d1', 'ff8fdc871d7f3cf20c907e5fb2431258']",0.35681431060154334,0.25007777064020653,0.19168336524063512,0.4904767778142691,0,likely_human,1.0,0.25007777064020653,0.35681431060154334
UCcX0frIe4fKB732wozeNXOg,-1,2,2,"['58f01d21304fdc96587885086c4c3c8c', '84ea2bd95ec69776f24c3ab1f1983207']",0.36703487976946736,0.24992163264940787,0.1491764106423321,0.5326421417656322,0,likely_human,1.0,0.24992163264940787,0.36703487976946736
UCn_pMH0b2aHk4a2p56AWinw,-1,1,1,['e0e8041585506b895a5e3efbb477bb56'],0.3669372245716049,0.24979474306397198,0.18214042671377478,0.4653085118947272,0,likely_human,1.0,0.24979474306397198,0.3669372245716049
UC4s3K-Td0OZP2IqMfwVbEiw,-1,2,2,"['f4c5e6c1f839783684f2bb29429c9ccb', '13b0917a8a8e68a834c780e9c660eecd']",0.34982522573485086,0.24978974151609476,0.18318985408786434,0.5332584733158839,0,likely_human,1.0,0.24978974151609476,0.34982522573485086
UCUupLaUSLLLaePHXrK3YJVQ,-1,1,1,['018f034f3673655189f59b47b59d062a'],0.405278265140054,0.24970534210517187,0.14595088188398536,0.37387574713491,0,likely_human,1.0,0.24970534210517187,0.405278265140054
UCKPIFsUl9SAR94lnWillgpg,-1,1,1,['dcf57b2fa972b0cc3f07f94969f50bf1'],0.36501415746305554,0.24956823981496917,0.20392598445630716,0.43779063878504604,0,likely_human,1.0,0.24956823981496917,0.36501415746305554
UCK2CiYKbIiBlu_IQg0BbxhQ,-1,2,1,"['8f4d83029c19df76ca767f4959340a0e', '668e4be97a334323bbf2c900637a7ff0']",0.4081935318827745,0.24940401746288093,0.13996803070046962,0.3684561168788504,0,likely_human,1.0,0.24940401746288093,0.4081935318827745
UCy-ZLMjGHTZPy9oga1ylhYg,-1,2,1,"['a8bdea6283b6792ec94ead0efbd5d241', '08f0ebc2d90fb86dc3cda387e7b78412']",0.3172880847721907,0.24938815884477947,0.19896486983729525,0.6478433157277039,0,likely_human,1.0,0.24938815884477947,0.3172880847721907
UCEdf86yOoB3soQnTyhoqiTA,-1,3,3,"['ec375de5e0ef993b03db7d8b7ebd4863', 'f2908866efbb3413e8e1e1aef7e9313a', 'e68e99d35d3ab2c32eb52f149f06e2b5']",0.34428613359132276,0.24934200004881174,0.14757404421020495,0.6326657909938295,0,likely_human,1.0,0.24934200004881174,0.34428613359132276
UCWWMObGOaBmBgIQG2t_ShFw,-1,1,1,['5ade2e655927ebe6d7d68d4cbbc9318b'],0.40469526463182903,0.2493221268062178,0.15272046997194483,0.350658205294503,0,likely_human,1.0,0.2493221268062178,0.40469526463182903
UCAzKg4xGAnkj7dyEmoVeOMQ,-1,2,1,"['f0dceb13d8af73108b276e8098d2f087', 'a2fa1ea7a6a22c9c4abc4dc78ed914d8']",0.34689413727778995,0.24929081837589384,0.16743964081641655,0.5764684141895248,0,likely_human,1.0,0.24929081837589384,0.34689413727778995
UCLIs0IzIhgJKpJRmfJbbeuQ,-1,3,1,"['36c78099572115b00b7fc03598ed8751', 'cd14973faf28ea303b5e0ba41f0d1085', '212d3bb6a0a2aedad613b3f7e2149bf3']",0.39415305519747007,0.24926333566829012,0.1260269678822161,0.45536735708870785,0,likely_human,1.0,0.24926333566829012,0.39415305519747007
UCHdw0Fln1_AR1S-0Bm02aUA,-1,1,1,['44c8e494decfa2e368ce79fb0bbbb791'],0.41280355063562746,0.24897290018771323,0.11535370333428217,0.392349167097818,0,likely_human,1.0,0.24897290018771323,0.41280355063562746
UCB8stRl7eMmP3XmfT6KFiFw,-1,1,1,['0182c8eef02d6cb54c6dcaf53dd85d86'],0.42426976383254755,0.2489500658204218,0.10084688709021167,0.3648551010567807,0,likely_human,1.0,0.2489500658204218,0.42426976383254755
UCHwQM9LCCcvYAqTSFQL09hQ,-1,1,1,['2f6df9fd4f7ffb1bd87bf7aaa49ecbf1'],0.41333384843865056,0.2488698870134917,0.11036425364355532,0.3946180988310686,0,likely_human,1.0,0.2488698870134917,0.41333384843865056
UCPkNUdYQhmYFOEcP7Hc0KBA,-1,1,1,['46be7285787589f34d70f826bb2da5e2'],0.3792405245066688,0.2486546205503486,0.17462602923014778,0.41402860050187545,0,likely_human,1.0,0.2486546205503486,0.3792405245066688
UCUnSM8Fw2wrGSxdWzkvGIuQ,-1,12,4,"['4f502c89e2746e68c5671ec1f5ee08e0', 'c6b0d001122124e391304edca0b66565', 'b19db3f38f6e64580f6ff9acf0f2de07', 'f4d923052c35742dc4aa6e743d81fcf8', '2620a1e473f88b60d548a4ce298e4af9', '4075777e2b6edbe5ddfe6d256ef003b9', 'de7ebba593d344ad4622fd3ac978fb07', '569282ccfd5d1e3050283e1189197a16', 'e5d3d5c65a58e8c2068210fb52479881', 'ef22f71d9661a21c21f237cf350ab2d2', 'be2dfc07e81242faf4f65c33f1a3f85f', 'c2cc03c4366b31fa1b29573f73d5c55f']",0.33451774883076374,0.2486068806561965,0.14916589363173838,0.6656728319517989,0,likely_human,1.0,0.2486068806561965,0.33451774883076374
UCCv49G4DNqRDoScXxjFl6Zw,-1,1,1,['29c5cb33f695597ee78a58f0ba728372'],0.3738083193042181,0.24848543431624276,0.1628448817295984,0.458323794122552,0,likely_human,1.0,0.24848543431624276,0.3738083193042181
UCDPwIf3m1QIs7kPr9_hhHjQ,-1,1,1,['450a15e72d44d483a76ab9420fdb908e'],0.3681638398157252,0.24817949126560412,0.16185725578332358,0.49226025116441574,0,likely_human,1.0,0.24817949126560412,0.3681638398157252
UCJV74odl-M1q2IAt97KX2Yw,-1,7,2,"['8d691f1cf02c76148e06507ad0cbb150', 'cefec628e78bc4fe2833a74bb0697d4a', '8880374acba6b3d758c2caf9ffa9360e', 'fec1af2ae9f59aba06163fdbb2969b7f', '43abd8d60485013870f499ab7e6d32ae', '76b835f6a83cb60ce87c246a80b75b11', 'e3ed633ffaed1dbb721ed9583f1b91f6']",0.35054374895473644,0.2481631269089154,0.16246631157612038,0.5657326173599753,0,likely_human,1.0,0.2481631269089154,0.35054374895473644
UCo1LkFdOLrJn0AsOKMTlutA,-1,6,1,"['03278026e6809f529eb80a15fc29b5b2', 'cd90d5f841175b1216be4103e7400611', '3869d8af61323ec9e9cf1b063dfba77c', '918e3c19e7387b91b5126c279a87bb72', '42c320452586b132be9439bbab8ad8cd', 'bae3c2d652da2a221f7476c29a121f94']",0.34811451830621926,0.24814396149413603,0.14271955262076808,0.614400308736451,0,likely_human,1.0,0.24814396149413603,0.34811451830621926
UC7YT3M6Esan4EueAR-GTRXQ,-1,2,2,"['42c9d54acf5b445a291a22eca32f66dc', '8903e1f0052c8e0e66e40deca88a3b03']",0.3770318732106572,0.24812594215502667,0.1520353298014576,0.46805742181434934,0,likely_human,1.0,0.24812594215502667,0.3770318732106572
UC6zozvFp0L9il1OwPWdrQpA,-1,1,1,['64f3f0eb60c2a403894902bd2ca1eb74'],0.3904336766308837,0.24809158128418712,0.16461043393776587,0.385727074390891,0,likely_human,1.0,0.24809158128418712,0.3904336766308837
UC_Y5MYxdEMDvzLGbQ2yHEFw,-1,1,1,['1f34297db665ad8320e76ad11d3d6570'],0.424991508958579,0.24807914488475852,0.12560186449443186,0.30437644543289627,0,likely_human,1.0,0.24807914488475852,0.424991508958579
UCogTx8XkGLjU2eCDUIX03-A,-1,5,4,"['5890997abe3666dd4970b9068f3c9fc0', 'b337ecb7387af43534597c252fe919d9', '62109dc9a4cea102bdf431da31c8d1f6', '0f0ed91f5caec9bf258682c660ca3d58', 'c6874edb7569e62aa6de2ca35721f9ee']",0.3874178866427402,0.24802726201963238,0.12907101015628228,0.464330289232188,0,likely_human,1.0,0.24802726201963238,0.3874178866427402
UC6QVPnU-2viDN5cf03PYOww,-1,1,1,['143506d3da7a47a47772b6407dfa6112'],0.36646739969895953,0.24796374052255277,0.1946782669532568,0.4353939096900676,0,likely_human,1.0,0.24796374052255277,0.36646739969895953
UCQF-RBaGpjFJpx4EbwRMpNw,-1,3,1,"['1fe4c819a30fdc1cae7d070c6fedabc0', '3bfb38e553b3f274f266f484f78d9e6f', '9684ed8026893f9be3107352f44642cd']",0.35628751483918686,0.24793600847295516,0.1499540698984227,0.5603097036576543,0,likely_human,1.0,0.24793600847295516,0.35628751483918686
UCgWFGvmtat3rRHdHZDT5VWA,-1,4,1,"['0c7ec2fd7f555767b9f48df4073c89f3', 'd35e1f29d323c0d7ac7262be5a2ebe3c', '5c9887b93a08ef843120f56642bfe60f', 'eea03801419802842c1b1449d5429b69']",0.34765424996725136,0.24793226219762787,0.16116474731779412,0.5759503878150738,0,likely_human,1.0,0.24793226219762787,0.34765424996725136
UC7GMWBDGjr-4_C3DgYiQbIw,-1,4,1,"['91e57f4b9b136afc559374909b2bf4fc', 'da5fc062e9be08fb9c4dc1fc483bfb25', '3154bbe82e83f23778d4c5914a75509c', '3fd90c637469d06164bb098ed8f78125']",0.37630699152700575,0.24790749885990698,0.15128713478875905,0.46769556511118465,0,likely_human,1.0,0.24790749885990698,0.37630699152700575
UCKA7AUqfj-aXEMpGxLAORMw,-1,1,1,['df1ca178116591d773746217de75398b'],0.42613791511693505,0.2478844954037374,0.10309418192190095,0.34232322090301337,0,likely_human,1.0,0.2478844954037374,0.42613791511693505
UCVTCoMhV0HKAGGMDBGPPQfA,-1,1,1,['bed3b6966991970f6925bc1077b77cd1'],0.3979973231809534,0.24780949740072117,0.1239610897908632,0.4245321622567951,0,likely_human,1.0,0.24780949740072117,0.3979973231809534
UCDnOHwGTZUzKLDs2J79iTmg,-1,1,1,['117b55ec283ef6d59170fd6db5c12072'],0.37473328719794796,0.24777389395827912,0.1596362385191114,0.4557620545408662,0,likely_human,1.0,0.24777389395827912,0.37473328719794796
UCW0B5JbxKwu2MVT6mGnp_zQ,-1,1,1,['aba8719bec02dad54e150139444f9292'],0.3711095074522124,0.24771328937247344,0.18962388781164993,0.4093245481654322,0,likely_human,1.0,0.24771328937247344,0.3711095074522124
UCDQ9PCnjB8NWmIDvfoAA4WQ,-1,1,1,['ad503c5291142fe8298627ce3030bc16'],0.42405789273329764,0.24763687131595777,0.1174451562335652,0.3183919221383423,0,likely_human,1.0,0.24763687131595777,0.42405789273329764
UCLIg4FCKePOVkkeAzAqxcnQ,-1,3,1,"['d8e6878594059c9ee566f86e353e6024', 'edebcf243dc3733111990f2df43ee838', '59d5bc9e43192f7f72c1aa401918ba46']",0.32079052453018386,0.24762395851193886,0.16425640194752802,0.6878116867558081,0,likely_human,1.0,0.24762395851193886,0.32079052453018386
UC3t8bM2CBH898njRpJWILQg,-1,3,2,"['29e346ccba017fed17c7c816aabd3ac2', '3168ab0da157a058fa6d13d0072809f5', '77eb4574b54d77fe2575727447df90fc']",0.37932799891450825,0.2474589517265386,0.1569609259537291,0.4366308592300737,0,likely_human,1.0,0.2474589517265386,0.37932799891450825
UC3cPxn3nb7hszc3xfg8Anhg,-1,1,1,['9db3654603dd21b3105895e76968f43f'],0.37280511263883365,0.2474292709806109,0.18323961616779877,0.41857928149174983,0,likely_human,1.0,0.2474292709806109,0.37280511263883365
UCYjCEcQnRp6eS9rwe0Vbnsw,-1,1,1,['56d2d73c3032727f2d65a5ce44627ec8'],0.39172636555018464,0.24741857934111824,0.1734547607089217,0.3555403570730965,0,likely_human,1.0,0.24741857934111824,0.39172636555018464
UCAknyunm7IUgRuXqoHK0JfQ,-1,1,1,['ec17f6a0c4a18c40e980df4bde0a4d83'],0.36529783303884966,0.24698057356958403,0.14162144033319082,0.5338113321901706,0,likely_human,1.0,0.24698057356958403,0.36529783303884966
UCMb6pfGQE-yeKWf_w6E-X8w,-1,1,1,['4c321303380f4206898d30e734d4dc9a'],0.36757441372331345,0.24697521775608688,0.16867548775005298,0.45886427971982535,0,likely_human,1.0,0.24697521775608688,0.36757441372331345
UC-qucpe3z811PUytR3CDBxw,-1,1,1,['a6a8f8de53f00f9f34e2637d40538ccf'],0.4163236633956152,0.24695929550057916,0.10481239461156541,0.3823461384034357,0,likely_human,1.0,0.24695929550057916,0.4163236633956152
UC-t7ye46zxNP_09P2GZh7SA,-1,1,1,['1481e70f9ddcfb3fa5596323362d6c35'],0.33568410364693435,0.24695463958602554,0.17289537417625453,0.5922618402564946,0,likely_human,1.0,0.24695463958602554,0.33568410364693435
UCoqGPviLAF9VXxtGRyhSe6A,-1,2,1,"['4ed200376a390bd8cc5f491ffac6f770', 'a76e40e3d30d719171363480f5bc4cd1']",0.36974030722468265,0.24676438820811772,0.15005120527239807,0.48574338854080057,0,likely_human,1.0,0.24676438820811772,0.36974030722468265
UCV2i20IfuXEfRoB30s1SRuA,-1,9,1,"['6324a1d78bfc4d352497789d4aa14f09', '2afed1ed8f34dfcee7936866cb679565', '8249a27919dcf5066c68f33925246968', '6ec8a36ccca964fe07602808a1aa69e6', 'c753e1f2628a7aa48ea0054325883f88', 'b83c63073edff34879fca12680606e33', '30b803d26d75e1a85b31e2b38aac8f32', 'ea37516994b8070bf6548831f0b75dde', '782c14a7e54a4d15a819e74742386bc7']",0.3116250256044127,0.24651039445031409,0.1473672771626537,0.7529226722670476,0,likely_human,1.0,0.24651039445031409,0.3116250256044127
UCudFHoEF0HLhpWZ9lHgBnLA,-1,2,1,"['7a610d268f835e5f47f946a8594ba706', '0e1ab4a2616c54e1726bceb2965c60d7']",0.3402606772515573,0.2464726035642128,0.12782663172050573,0.6661675017385112,0,likely_human,1.0,0.2464726035642128,0.3402606772515573
UCCRxtZ8o80y8ghZNlyX6tYg,-1,2,1,"['316e106bfd12c3b856dd5fec659ca9c9', '9d297e7d16b14a6c358cf9a2063a1322']",0.310475041188391,0.2463531343031163,0.1798849853245008,0.6905614660535506,0,likely_human,1.0,0.2463531343031163,0.310475041188391
UCXlDy3wW23QkjeuicO_b2RA,-1,1,1,['0eb9b20aceb594d29faa9a127ef72623'],0.390559192955368,0.24611772919022357,0.14350764862481677,0.40372728045138384,0,likely_human,1.0,0.24611772919022357,0.390559192955368
UCGjuRhrk_FjroR9ddQUavAA,-1,2,1,"['f83d81396e6bbfb28f41f94fea4e5138', 'a02fa705aff1eb8a21a55c30f28d0a68']",0.40370185513062734,0.24603177779024893,0.11304450608861472,0.40268824318884344,0,likely_human,1.0,0.24603177779024893,0.40370185513062734
UCOWXz88XBCezFdNJITdVo_Q,-1,2,1,"['68986fcb8e46ddad3890587905e5b010', '4089faf0c7ebbba1b5663f48fbfcb38f']",0.3572900622969386,0.24601879054305847,0.17250517628334697,0.4900488383585041,0,likely_human,1.0,0.24601879054305847,0.3572900622969386
UCHpLabylLeQt5PpcHymEGnA,-1,1,1,['64c4d21379183c621be14261b3378baf'],0.3479672091753906,0.24579904833308275,0.17642711421820736,0.5235320872320476,0,likely_human,1.0,0.24579904833308275,0.3479672091753906
UCnfIjWoCQdezhT6VtUh3t_A,-1,1,1,['d496f90427af6dc9f54fd9fb2d85f755'],0.34667457113949984,0.24571965111599992,0.18809162579950087,0.504840343721397,0,likely_human,1.0,0.24571965111599992,0.34667457113949984
UCrLyzjWcSE3K72Iy20gxXXw,-1,1,1,['417c25153708b88c117194784939b2fa'],0.39607507125564734,0.24571898332509895,0.14776457693182266,0.3670796415204309,0,likely_human,1.0,0.24571898332509895,0.39607507125564734
UC-uIer5bUJyyqksTQRm-o0A,-1,1,1,['a3524aff01189efa2a0934e6d30658d4'],0.3649517478809834,0.24537052769679255,0.16482726431598335,0.4657063273030826,0,likely_human,1.0,0.24537052769679255,0.3649517478809834
UCXMhq6rYHHBdOwdqIgLL17A,-1,2,1,"['ff0910f4f27b62f3e62eb10ceec408b1', '888a157107bf2f39f648ce1ce76d1494']",0.39384562976527454,0.24514493322465447,0.10107252540930624,0.47128939139851717,0,likely_human,1.0,0.24514493322465447,0.39384562976527454
UC9H0knrZF9OWa0Gbagdea5Q,-1,1,1,['66ba4e060afbf814282176331d2d900c'],0.3749334406208954,0.24492248312747988,0.12940341222658128,0.4872992481484817,0,likely_human,1.0,0.24492248312747988,0.3749334406208954
UCFvoABCTjX8OqACS3osP1Bg,-1,1,1,['2437dbd46b9352bf9f75900b42a0efa8'],0.37840738864392437,0.24486749966601645,0.1564462637889372,0.4148949133760886,0,likely_human,1.0,0.24486749966601645,0.37840738864392437
UCMvlV3RAOMUUbZMFp_kbsOA,-1,9,3,"['360041208bae4519822be4089083082a', '05bf1edc9a57e564bb8c01cff55cd2c7', 'a6db0a2a20c78b09c29bab8a61796707', 'e14e7513501aa80e46897a0fe77b8348', '720223ed3b234fc2899cacfc5bb34082', 'a6ad55ffdb55169831aeaec11819fe9c', '99c3107cd4f8f96e6f34aeae3e1b2f54', 'ac162fc74a38caa6e71f026819c31925', '5139d7c5b40169481b6483cdd97c27c3']",0.3587339379891229,0.24450889995926833,0.14242930174852822,0.5340765868614403,0,likely_human,1.0,0.24450889995926833,0.3587339379891229
UCAuPjQ0soe0qy_PwB1nqekw,-1,1,1,['3d305470745175dd9e80d2de28c60af8'],0.3381108064046817,0.24431787686238038,0.1780227243291894,0.5459669632591935,0,likely_human,1.0,0.24431787686238038,0.3381108064046817
UCZ6xasDcsCDL2wFvFTxIeHA,-1,2,2,"['0d7c1b9a8d495e4d982b8d5ef9bcec85', '6984f52fe0c8eb0a5abf474662131eed']",0.40144635656791433,0.2442021698295667,0.13322739010249676,0.3544528225414136,0,likely_human,1.0,0.2442021698295667,0.40144635656791433
UCtCl9VksOS5p_vgmhFFTefA,-1,2,1,"['b1bb4e4ff6a5f6536334a9d1723fbe54', '86e5bec48b058ab78b0b4345f15e072a']",0.31153241622873384,0.24413282794565563,0.1641487256645318,0.7014519725597257,0,likely_human,1.0,0.24413282794565563,0.31153241622873384
UC_P1tQ48flGqRts9jwyliUw,-1,1,1,['54f0e9f4a04f79d977e68404e94aeb88'],0.39438526264767615,0.24411500973034972,0.1476522253701967,0.35800055861451585,0,likely_human,1.0,0.24411500973034972,0.39438526264767615
UCERe4RCslT6x4HOSHqEo17A,-1,7,1,"['c7cb8710edac129699964fdf7ce0c082', '2bded4ced934eefe76473a9a584b97b0', 'c2bb231b2a4e4aa1d024d8ac9576d701', '0043d2adeb39ada6b423bec11530cb61', 'c439c12a2d7282ab45326d4e3cd03c95', '843207e388386f78733602a6019d301d', '2b1f5e77ecac752070c3a0491e9b9080']",0.3378787059584516,0.2440316406474407,0.17485153937197873,0.5539929859604025,0,likely_human,1.0,0.2440316406474407,0.3378787059584516
UC4Xvl4RZLT7y5ttTvOEvHsg,-1,1,1,['3578fc9405ecfc4f21ebeb5a38bdf561'],0.39192701537579466,0.24387685137193066,0.10128098124624585,0.46044629953140115,0,likely_human,1.0,0.24387685137193066,0.39192701537579466
UCgaWdKNuGq0LDOrmdvsJEYA,-1,1,1,['718eed63477edf5ba9c18c70526c6801'],0.3695783337805555,0.243489465228691,0.17925295484803958,0.4064257525276465,0,likely_human,1.0,0.243489465228691,0.3695783337805555
UCYw9_NgDgB6d7npatsKvElw,-1,1,1,['2e16644444440cf211fd21b7558e6f7f'],0.3946374149703863,0.24347648198960864,0.12832066470788403,0.390757950172058,0,likely_human,1.0,0.24347648198960864,0.3946374149703863
UC23l4uuj1cwVMY9EKx71N9g,-1,2,1,"['4b229d00a834d035af66ef1b3fcdbd57', '1103a8a2fef0e5de78c7e2f429479c29']",0.36929609094126137,0.24312136537780932,0.14213784434465424,0.4722844304908487,0,likely_human,1.0,0.24312136537780932,0.36929609094126137
UCQUuSA94K4bT1yDo55yufWw,-1,1,1,['925d66881dc3454f03674002b83677f5'],0.3930102441872855,0.24292734194475946,0.1317956899113945,0.38445270386082814,0,likely_human,1.0,0.24292734194475946,0.3930102441872855
UCFs9AWl6tWDe3dqtUvpvVlQ,-1,1,1,['6d09a7596843f1a80bbe9b2991ab8dc1'],0.37658910199881634,0.2428995636833154,0.16124255291244993,0.39219243047575314,0,likely_human,1.0,0.2428995636833154,0.37658910199881634
UCaoKfuiXh65zjATLQHenR0g,-1,4,3,"['f2e45d6ad1945815197c3e86009899f8', 'b37868ddc568cee9d9b27cf5d3f9f2b7', '52248a77338b316e9cd9dfe083239784', '1497adb5d1a460b4b19ddfd015337d74']",0.3320014823574713,0.2428663823423349,0.18678400098609993,0.5427134020191854,0,likely_human,1.0,0.2428663823423349,0.3320014823574713
UCzHUJXSl9hSbcFZn8l-76IA,-1,1,1,['6178dd1d8180611595786403927ad47e'],0.3126406281078927,0.24278887791618414,0.15759349756360153,0.6860849282963184,0,likely_human,1.0,0.24278887791618414,0.3126406281078927
UCLbjpKkCzCKypvSZaVx0jVQ,-1,1,1,['fdfb4529deb1043cc54226a5c34f09e3'],0.37191432111563405,0.2425135351394436,0.12786477418257236,0.48507885507676324,0,likely_human,1.0,0.2425135351394436,0.37191432111563405
UCoOJg6dZZvzCEeFUj7ECQCg,-1,5,1,"['5657aef1cec89b718ef61a828536076e', 'b1915aa9518f0b9e0edfd677b02c6a5b', 'f96f97154ac8ec5da4b697b07cb8cd38', '2162cac574beae7a004756f334a719d3', '21c64a41582aed20841ef20e5bc01d4a']",0.3312263998429606,0.2422771346275202,0.15980673585513008,0.5960150797801542,0,likely_human,1.0,0.2422771346275202,0.3312263998429606
UC6go1s-xIqdUA7cLRMgGlnA,-1,1,1,['4982be7a6c13c360c0f0459f427342a1'],0.36696334709375444,0.24225433409694358,0.1566074104430256,0.4397677320316185,0,likely_human,1.0,0.24225433409694358,0.36696334709375444
UCfIwce-uuJ_eX4Z69BHkonw,-1,2,1,"['ed80752cbf64f7e58220c756dbdb6cc6', '67a2e8593f7024046e9086071dabb3a5']",0.33742484971319475,0.2422371454646041,0.1659006300773965,0.5585353562519209,0,likely_human,1.0,0.2422371454646041,0.33742484971319475
UCgdbCpZJgQNGK6wA18q65MA,-1,6,1,"['ee868f7c630485464a92f0455f59ca10', 'b11bfeae8d6786d0d0c16adaef56bcf9', 'b696140a92c76223f9b540fe1c19e0b0', '98dcbf8779f28821074b0151014a0ce5', '720c6d291ba0941a7f26ca80b0ece49f', '707b18e57d60a55f7d260c2f5b64b819']",0.3494691162594477,0.2421978076526714,0.16097650045710388,0.5099853874402653,0,likely_human,1.0,0.2421978076526714,0.3494691162594477
UChxGjXYqtM2U4C44hPLmZrA,-1,1,1,['64fb4010518d5cb98022a2d4df28ecfb'],0.3681428801225116,0.2420274854143397,0.1501714695165477,0.44319104398943543,0,likely_human,1.0,0.2420274854143397,0.3681428801225116
UC8NQfWDYRBPBGxeZ4-fWQfQ,-1,3,2,"['99651023d4fcb3d8b2564495d6fe45ed', 'ec34ed3de753c0d071652291c39c12c2', 'f189ce6b805c05b8b92d5bde753dbc4f']",0.3524520388226497,0.2419494792463577,0.1741005765543327,0.4681559914845184,0,likely_human,1.0,0.2419494792463577,0.3524520388226497
UC5aq2Qlh3nqyEBogW2k8Mbw,-1,2,1,"['e4594efd3c8dbd52b8509408dde80929', '7839b4ef04ef712ce6c63f494d85f474']",0.35368301786437795,0.24189717445349318,0.18185185061325757,0.4548141844431219,0,likely_human,1.0,0.24189717445349318,0.35368301786437795
UCrlq97X-1k816hV5tI5snOA,-1,1,1,['0eff420b5e45fb7d514b57c32a196a02'],0.3658871702820201,0.24117117588994488,0.14831297886316372,0.4490454506477065,0,likely_human,1.0,0.24117117588994488,0.3658871702820201
UCnE2_0tfPNMzhI78gSc_ZZg,-1,1,1,['bcc454c809968195ffd10da0dd3e62e1'],0.3603670817604603,0.24097295552808926,0.1499276989203976,0.4730231334720192,0,likely_human,1.0,0.24097295552808926,0.3603670817604603
UCVMHDJUOEsoxRWwga0yeljA,-1,1,1,['0c23fe82b057e6112324c78213c1322b'],0.34750233191175606,0.24088009816904576,0.1714179150237538,0.4850104165523852,0,likely_human,1.0,0.24088009816904576,0.34750233191175606
UCDhyswSIqpVBF-q2mXa4GfA,-1,1,1,['3867346cb68899e2ed0f311eb627a06e'],0.4065446228107611,0.24081337142376552,0.12923473868937194,0.3121971562530426,0,likely_human,1.0,0.24081337142376552,0.4065446228107611
UC6MkN77kisk3S2uG8rgM4VQ,-1,1,1,['0baaeb072e49793fb4f6e2a0601431fb'],0.36987258297182024,0.24076603893318554,0.1426028953971087,0.45184014946677453,0,likely_human,1.0,0.24076603893318554,0.36987258297182024
UCPdUv0zwicYLw5rEaUSQ_Ag,-1,1,1,['c5170199cc98bb826f1ba2931dec20ac'],0.397172863198727,0.24072479033991476,0.10179592474101865,0.4107268094406649,0,likely_human,1.0,0.24072479033991476,0.397172863198727
UCQQq3XCICDKs_JO5DEyz5nw,-1,3,1,"['24dcc21e64ed63b827d93ecb9b5b43ef', '767093fb90e998fdf87bf0cdb3f45a39', '2aeef48184390c673b0b30a7fc98d3d5']",0.3495460463527911,0.24061324336317044,0.15466274467749333,0.5172576602390281,0,likely_human,1.0,0.24061324336317044,0.3495460463527911
UCgrGMISPHrI90gJWCoDV7NQ,-1,6,2,"['209862103e22701cd21caf5d4ce6a658', '194e617dcd33faa60c0ad32bf1157071', '3eb61d0d63e5e9785b73d77b5e658aed', '1ccdd189d4879e4a7918eb737970c2d4', '8ab038cd5e0b430a4e0ee13a432d79bd', '0b44909370290e39932ea2f0ad7a91b2']",0.30111118250681174,0.2405951490772099,0.15513685165314764,0.7258646081395462,0,likely_human,1.0,0.2405951490772099,0.30111118250681174
UCIv2hXzCyOrAZ-QnbTqljkQ,-1,2,1,"['267e5cd6c88b7d277988670c9ef9ddd8', '1f7c254335889c3e16dc264fb98a98bb']",0.34764087256134363,0.24001497508395045,0.1776060457217429,0.46059399013220614,0,likely_human,1.0,0.24001497508395045,0.34764087256134363
UC90ew9zUWFd7lOSgL0_SrHA,-1,3,1,"['dc3e1ee6c289b51eb3b029ccb4668638', '250e235336730411b8f297d2bcabcf61', 'd9ba6479ce96b14528aa7ba858cb0537']",0.3935192906027935,0.23995431466400327,0.1094665441012363,0.3995847087210086,0,likely_human,1.0,0.23995431466400327,0.3935192906027935
UCi1lrsWa7hmbpbcV42YFaAg,-1,1,1,['4fbb368457dbcb58057c64d25a8a8e19'],0.3807709181427686,0.23984833093453578,0.1466050758802756,0.3733271421272424,0,likely_human,1.0,0.23984833093453578,0.3807709181427686
UCbXvZMw2PESjZMhofzio3GA,-1,1,1,['761f92adb839aa8fc5761eb02dd11ed6'],0.3651314345939867,0.2398322072667872,0.14263435984463316,0.4556993438967385,0,likely_human,1.0,0.2398322072667872,0.3651314345939867
UCjgD44YGjdjWHPkpEFUtfPg,-1,1,1,['19e2a0debe869b9132dfeceefcdb159d'],0.3633195020059531,0.23982699089073678,0.1462719682237787,0.45625300021316667,0,likely_human,1.0,0.23982699089073678,0.3633195020059531
UC_Y2QXty9vOqb6jSoJV75EQ,-1,1,1,['2a624ecd1195096bbaca1b87284049c7'],0.3408410571498949,0.23981178872989037,0.1804575900183432,0.4860395733692395,0,likely_human,1.0,0.23981178872989037,0.3408410571498949
UCkSpDGhf0Dr-ndys4MtiUFQ,-1,1,1,['6dd3653119ee98fa33125cc1cec16788'],0.39754334430551774,0.2395221938576227,0.11785009359827925,0.36211521407244307,0,likely_human,1.0,0.2395221938576227,0.39754334430551774
UCHyicUiEjplEf5N7wW8FfpA,-1,3,1,"['d53a04f861e77b1580e8a8a437c9be06', 'c92e0564c12fd6aa8c485811ad7bccfe', '0d1e009a4758abf5061bf9f042f94a64']",0.35497757318946466,0.23950070462987838,0.16495568462620716,0.4534963766281736,0,likely_human,1.0,0.23950070462987838,0.35497757318946466
UC3XEpDanrCsH_k3yxkq_hZg,-1,3,2,"['f39d1b82e8aa9e4016a21a55befce968', '5a296e21b4a2a82a525b9515b88c94fd', 'a07c3595908c896d79052ae4966ca076']",0.306542758105299,0.23939325297959985,0.15847216283189958,0.6812722186602279,0,likely_human,1.0,0.23939325297959985,0.306542758105299
UCuFVUuRfGKq42nDsxatGv1g,-1,1,1,['d09d3e36fafafb12cc51e485ed00f87d'],0.41636310691805967,0.23921971435793282,0.10326743550466946,0.3032290969903946,0,likely_human,1.0,0.23921971435793282,0.41636310691805967
UCITDBdJvYOm02ESGEh3uDYA,-1,1,1,['269bdf69f751f981c3ce8c191ffedcd8'],0.36629317216781343,0.23911700912018694,0.13755962718219436,0.4517506674294819,0,likely_human,1.0,0.23911700912018694,0.36629317216781343
UCEMotgV3wtB_IFnkKDTjlRQ,-1,5,2,"['49fecd71ae00da161d306b386e01eef9', '217ae2a432a4d6847c77647505aeb3f8', '50efae3d1838b263adf3bd554f0111e6', 'a57cb0df224ae7999c35995d13b0fb88', 'c3c4c2746f5dd44a5f3c181577dc0f89']",0.32126189221854506,0.239052184444763,0.16919511989637456,0.5894294686504461,0,likely_human,1.0,0.239052184444763,0.32126189221854506
UCBmZMAj3-h5yYDye2l4dnCg,-1,1,1,['780f05744213b8409766aea89aebc979'],0.32706563879039496,0.2389085299448542,0.20589430673837428,0.4861074494031861,0,likely_human,1.0,0.2389085299448542,0.32706563879039496
UCOoaMlYYW4I7WHvlqVDw_4w,-1,1,1,['5e932bb64afe6966c15b5a5f17ee9417'],0.33764287301203433,0.23868338728690186,0.17092214600716735,0.5067512071257964,0,likely_human,1.0,0.23868338728690186,0.33764287301203433
UCQYefsgRII8ViLooLGVdkHQ,-1,1,1,['16552101db990ab5464194c6ab811716'],0.393987238530119,0.238526658876261,0.12467308344059502,0.3476486440656457,0,likely_human,1.0,0.238526658876261,0.393987238530119
UCJBN2L3DfnQjoUxzbR7ioeg,-1,1,1,['5abf5388cafe073c3f79f8a0363aedcc'],0.37941451133376575,0.23843418849162282,0.1474982412166147,0.3687248211620767,0,likely_human,1.0,0.23843418849162282,0.37941451133376575
UCuX1RVGmcFuXNN7m4be_97Q,-1,1,1,['be1815162ce7af4ea849af5ffe423c3b'],0.3825522728432378,0.238062730059838,0.13894404375222644,0.36997252270811143,0,likely_human,1.0,0.238062730059838,0.3825522728432378
UCpYE4nZTomMsBMojSEur0iw,-1,1,1,['3495bf695aa74ab13f8ba6199f9e8556'],0.3818418523227859,0.23801527245694892,0.13019337230186023,0.38575702266337153,0,likely_human,1.0,0.23801527245694892,0.3818418523227859
UCa5zkVteixdOHx1_zmRyJ_Q,-1,1,1,['2c65a8bc9679077f566ba939a74fcf15'],0.3554965482557856,0.23773375739347602,0.17888972870620815,0.41180854094130215,0,likely_human,1.0,0.23773375739347602,0.3554965482557856
UC1QjBbiFdoaP_ShTrMoo7Sw,-1,1,1,['4a4592425a090a2eb1a2b742bac0303b'],0.39346491585104093,0.23763996389215838,0.11404833373083606,0.37025721758765545,0,likely_human,1.0,0.23763996389215838,0.39346491585104093
UCJ5RYEq9Vj0T-VfihkqY6rw,-1,1,1,['189c16c8f052576c1f645cc0384a207d'],0.34516422123005275,0.23758793686627858,0.17129725188240458,0.45902198413108297,0,likely_human,1.0,0.23758793686627858,0.34516422123005275
UC-KIYKHvjY_vWALAoFwI2SQ,-1,1,1,['fb0fc1c715d60ae30f9f863532776d22'],0.3706626767075707,0.2375147016932999,0.14810390682212995,0.40117354151488005,0,likely_human,1.0,0.2375147016932999,0.3706626767075707
UCjVQmiD0XQEvfF8rga5Y36A,-1,1,1,['dae0741fa53ff964583581f9d2ab221e'],0.3410291010835745,0.23744764005935282,0.15177211009792452,0.5185693795176086,0,likely_human,1.0,0.23744764005935282,0.3410291010835745
UCN7rjuIP9Ag4pXOzeYGd7cg,-1,2,2,"['1f68381a92ca2d944895879323463fb2', 'f1284caaab8cf111f84a10711f3aabab']",0.3247261674634786,0.23736239533375278,0.14713196189142055,0.6108245999249239,0,likely_human,1.0,0.23736239533375278,0.3247261674634786
UCQSiipf3qU-UB3KiAGigARw,-1,8,1,"['0b2cf928e4138704888ebcec5b63d822', '60c3b71ddf4375f27ac7e931f433defd', '03792290218b3f4ee3fc62cb393d6152', '990aed288c7f21aa059709301a32fc27', '94d00af748973a975d979e9950a818a9', 'ac21cacff79997a8e7b258b794715b83', '14064efee5c08ddbb91a29cc7d73a22d', '71b95b2dc517ae77b948eb32c1c9bf33']",0.3346196056001731,0.23714558885497394,0.14708316199972687,0.5585353562519209,0,likely_human,1.0,0.23714558885497394,0.3346196056001731
UC3wE_5KTBPHoPqrQFwNdubw,-1,1,1,['eb248ed9a69693359022011da68f962c'],0.37065146934314147,0.23711881206838198,0.1513280425140259,0.3839471960117178,0,likely_human,1.0,0.23711881206838198,0.37065146934314147
UCT1EDC4GMSqVh8TFsW-x3Ww,-1,2,1,"['db2433cf752a73b7883e557a4bb2eae5', 'ae761cf1885a0c1608e2dea7b2161a30']",0.3621357663774513,0.23698794585466054,0.1507714004634971,0.4274462003792818,0,likely_human,1.0,0.23698794585466054,0.3621357663774513
UCi3e_nXVBkO29ESsHYLcAAQ,-1,1,1,['cb32ee9d128be623d8c80b467ec943a6'],0.31687888683496424,0.2369451050807802,0.1978130972830758,0.5341947866340506,0,likely_human,1.0,0.2369451050807802,0.31687888683496424
UC4Ed7cj8-VzfsROv3opLRJA,-1,2,2,"['b7fcd7613bbc95b89e686880ef3fac5c', '8696a46b44b75c4aeaaa2de823c43218']",0.3272225808348037,0.23686151664725602,0.1608831562847214,0.5587175774612936,0,likely_human,1.0,0.23686151664725602,0.3272225808348037
UCGGFLahyrUCpBw-zwx-ADPQ,-1,1,1,['3f12c124c6eb128a6ea183cae3861c18'],0.32445158064861557,0.2367424492890507,0.15426537579612962,0.5797330603842319,0,likely_human,1.0,0.2367424492890507,0.32445158064861557
UCkOfz5V_k32QPnXKiyII7Yw,-1,3,1,"['98efd71070223ded757b6b63b8a63e55', '207f6f79137ee5810ab0847118e3272f', '05ddde66ae682d5933705fb2934ab786']",0.31307587306467294,0.23629833244336773,0.14891565951268884,0.6394242126530075,0,likely_human,1.0,0.23629833244336773,0.31307587306467294
UCDcj4SsanTc9MGvNezcLetw,-1,1,1,['3b86b68bd6e63ebd6a1dc7610524dae0'],0.318574749833953,0.23628976140310784,0.15546788103576129,0.6108245999249239,0,likely_human,1.0,0.23628976140310784,0.318574749833953
UCEhXNCbjL5yHp2naW7hG_EQ,-1,6,2,"['a8e9b17ed134f1c7d4d029199f2be258', '1228b19427bca0d4a0365c1b24384e48', 'e6ae3b0e521bc2461122ebd0297d3e0f', '4ba2fc061fd17a00b0cd97f576b3c246', 'cfda0badd602eff3ea808e0331ca0ca5', 'a6342ae7521206ca202235d4a18cdcce']",0.3305489758277865,0.23625841074209067,0.16789417027551323,0.5214820727263453,0,likely_human,1.0,0.23625841074209067,0.3305489758277865
UCz0Cs9JGz7Cd8vBBnIsOA2A,-1,1,1,['8c174df5dfc7134d81bd17ae87589214'],0.36766527639351154,0.23591896059875384,0.11079631583456352,0.4693805152750894,0,likely_human,1.0,0.23591896059875384,0.36766527639351154
UC83ulxW9dL8skopC_ApIjvA,-1,1,1,['637fe0954311c324c653a65d8df91fe2'],0.3406267396407555,0.23576084474325495,0.16861546100733008,0.4656668972044412,0,likely_human,1.0,0.23576084474325495,0.3406267396407555
UCkV_wdp2bRdcjMo0DzRDbYQ,-1,2,1,"['a922f13ef253a07a5afd18b25b950b0f', '5bfe5bf1e2b4ea14c66ee7e7064c495e']",0.3393652332588947,0.23561033125208017,0.15705062887456836,0.49496443874082263,0,likely_human,1.0,0.23561033125208017,0.3393652332588947
UCOb6u5Vt1MfqqIQ0Us76zdA,-1,1,1,['c9ba31d044fc6c2944227af231c839f2'],0.3481348786730132,0.23536131096896265,0.15282976778455737,0.47130578184868077,0,likely_human,1.0,0.23536131096896265,0.3481348786730132
UCW0i0eUxHz32HfqVNeT0tbw,-1,2,2,"['d11e8e7cb80909d67fc218afabc1cb2a', '718435a60a0a9b11b75a38d0eec1b261']",0.30504139087153004,0.23528475885515682,0.19356943076960617,0.5771747525801174,0,likely_human,1.0,0.23528475885515682,0.30504139087153004
UCGTexKl4jjsUzVZHUhRWuDg,-1,2,1,"['e7a5bfcb5ddb4591e0fb3574bda2d361', 'b8ad2f5326ebafbd3f7362265146e4aa']",0.3665117401867837,0.23524586151757582,0.05555914146721054,0.5895909686922165,0,likely_human,1.0,0.23524586151757582,0.3665117401867837
UC9IPibvRENNmMHsTDYYhrIA,-1,1,1,['18a7291aafdc6197c2438fad23b535f8'],0.35384330451221657,0.23505169413705285,0.16393075049661127,0.41242881205423104,0,likely_human,1.0,0.23505169413705285,0.35384330451221657
UCrCYmYYlKZ9MFgSsH9mys8Q,-1,8,3,"['49fcbb95ec266f24be831860d35abe2c', '8fcb2502762ec8841d6907ad23a79720', '371812d76e66af3785591894d6207ccb', '662f688f431f047383604d3f4376d54c', 'a715b6ab4f2d38ded85fbd1d3a0ae1b7', 'd8e4c977188191f9c7e45b073affb6f5', 'ed3c3513eb4179562a701d8e707b64e4', '448a63e8c72cc408a3f4b2f7c586254a']",0.32013662573503515,0.23488554300361017,0.17868933234485865,0.5302265888835254,0,likely_human,1.0,0.23488554300361017,0.32013662573503515
UCG2qRXeglZDiks5jkNTws6A,-1,1,1,['acf14c2f864a80fddd72b0b439d7c384'],0.3826150451663908,0.23459949517081244,0.08647490012280364,0.4391709175297102,0,likely_human,1.0,0.23459949517081244,0.3826150451663908
UCBcVvd4jvx7aC9smT59ZOuQ,-1,4,2,"['e0fdf9c3cdf95c1037e3206d645ed26c', 'ff99e35e47038b40c531eb995de1355c', 'd6e32ba969ccdb987729af497eace2d8', 'a1e46ebb57e36f31486d3122bde7e446']",0.33520459576413153,0.23454173812158213,0.1665839625438558,0.4871878885705278,0,likely_human,1.0,0.23454173812158213,0.33520459576413153
UC0H-a_1X3v1bsCdmp4oXR-A,-1,3,1,"['dcf4dd25d81c1b1f8529a5f3f6f28c55', 'b6b4e9e4540ca5df4efd248c88118126', 'b97311596cd0dc8e48090bce08eb21bd']",0.3502614160591569,0.23441823563231223,0.1598630696450206,0.4291173755761961,0,likely_human,1.0,0.23441823563231223,0.3502614160591569
UC7DCRt3STLpJ0dn5biB-WWw,-1,1,1,['40cf3b2e4eddb8866b0bc478371a8ac8'],0.3232603387119036,0.23431961465312073,0.17513884922051942,0.5249070876730539,0,likely_human,1.0,0.23431961465312073,0.3232603387119036
UCXS-SPimshDa1C3u3XGfSwg,-1,1,1,['042441a9fa43339bd9fd4e30ee8ab442'],0.3860881025710786,0.23406206833826204,0.11770281506222073,0.3578266922370508,0,likely_human,1.0,0.23406206833826204,0.3860881025710786
UCSzfruIYTMmQWRhsJ8X1IaA,-1,3,3,"['3bbc6ebff828394e10c2b782d70e21af', '5421bf479e2564989b23ba2a01f9719a', 'ff99017b28d829b298cb505b3cb1e941']",0.3363019518657082,0.2339505444620776,0.16487952590056595,0.4776445966640931,0,likely_human,1.0,0.2339505444620776,0.3363019518657082
UC-fL84EIuUkUlJ6w8kND5lw,-1,5,1,"['9f17626a208f0eb90c39636adb7ba907', '503dc5dd4c4f642a4bdf02eb998eb16c', '3733ba7c5eb1bf821bdf8de474a1d522', '3e8d53a57a7c5acc60aaf653e3972238', 'a1de823b3ff20f86e88f0e1da977780c']",0.3235477675888577,0.23372722372145657,0.15733145836618503,0.5540380546281667,0,likely_human,1.0,0.23372722372145657,0.3235477675888577
UC9vgr9A_cgFplP22d4beUSg,-1,1,1,['f30561159dbc400aeefb4bfd4964367a'],0.3504403590518094,0.2333333546872854,0.16604380579083766,0.4050538784096631,0,likely_human,1.0,0.2333333546872854,0.3504403590518094
UCUn38O3kzCbhafs8FfsM7_A,-1,8,5,"['25b00e1a2825487dafa8bd393575d6db', 'aee80641628c9eaed41e55d1d5cd6783', 'dc814c094acd7b1caae1c869ecb59c30', 'bf789c2b27882354f8f9cc3bad6b796b', '25774572f6c1675d31adeac71942894a', '2101918d60e2583079117ae828330a39', 'ccee2a93210a2a03d7dc19df766b2d5b', '0d573fbd25fb61f63965340a28a6ff26']",0.3398116366905107,0.23329137002681363,0.1442896186579509,0.5009418481120298,0,likely_human,1.0,0.23329137002681363,0.3398116366905107
UCg5IDAbqIZK9IeslFH1hohQ,-1,1,1,['cab044ebfbc89192560b8999f2e3c3d4'],0.38709157586459353,0.23325828179672697,0.09936461726305368,0.38212766184874836,0,likely_human,1.0,0.23325828179672697,0.38709157586459353
UCG8_MulG2vFJT7vy-ku2cPQ,-1,1,1,['7cc7592857c80a1b4f1f5e8033cce21f'],0.3104189877404502,0.23315698766050982,0.18739534011777048,0.5388096134964484,0,likely_human,1.0,0.23315698766050982,0.3104189877404502
UCry37N-xj9bmUgRfDoD5HnA,-1,3,1,"['9eecab0b667d8d6161a8f5e1f85daad0', '77de21641ee0dc248396e01da79314fa', '4daef30eb56f2e883799dd79b9f61973']",0.3498559849754872,0.23309325806944245,0.16033811003383322,0.4256567644774382,0,likely_human,1.0,0.23309325806944245,0.3498559849754872
UC0T7huJ77YPxTIQKwJnO7Dw,-1,2,2,"['892939750cdc16e7be4627eb32e340df', '60e922a1afe5ca658a6e790a21e27d2b']",0.32594017864779024,0.2330725559014425,0.1580949735260953,0.5289971463803385,0,likely_human,1.0,0.2330725559014425,0.32594017864779024
UC-k_tgT_uZrwc4TvFwhWNyg,-1,1,1,['02573174aa680da33c1354ef506c9a1a'],0.3166117951807186,0.23277536031705487,0.15495076413088577,0.5749774990192826,0,likely_human,1.0,0.23277536031705487,0.3166117951807186
UCz2O2oQ81NbGahInpXfMIIQ,-1,6,2,"['8eda7e79d98307e5a3beed9ba4a3d9e7', 'eef64c12663f1d8df15c0102613b18e8', '2c7b34d2731666206a1a20fc8ff0898e', '2dfeaf355792194955783f3996cf1ea9', '4bc03d4a20825adac88e723f0ddeeed9', '829753263254f14737d660526a694024']",0.26144086635132446,0.23259222057016327,0.2253317126563219,0.686271475048513,0,likely_human,1.0,0.23259222057016327,0.26144086635132446
UCDRJ0V_Y5qoQEr9mqyKXVQw,-1,8,2,"['b9c63ff3860c064486377cfdc6a5dfa5', '77c0f58add9b2542419f2608ba57d816', 'fa9d73e56b87ba28c778ea417c49bb47', '0557f8785c31cd99ca58fd2fa217c83a', '9e9e6acdfd8227cb3bdbb3072cd8f552', '73c33a2c6f850836e4c7379c7c2e10e4', '133d70cb600e6493a222640aadee1e39', 'db49abcc666d81aa01f945172ec79775']",0.3160960016872635,0.23256917522439613,0.16206358240086705,0.5623081398594525,0,likely_human,1.0,0.23256917522439613,0.3160960016872635
UC4X2-qTh7TIb86O5cnQS4xA,-1,1,1,['3622fb6ec1eb4e114829997694a3ab15'],0.32416330166213114,0.2323202052223472,0.1979975082527662,0.44973350508735815,0,likely_human,1.0,0.2323202052223472,0.32416330166213114
UCOdijbcF-biyKR6-Prxv3hA,-1,6,3,"['64547b298b9dca65efbadf31abae819e', 'e61a9d96e2398d259b5c0ae934f88357', '5c9777c8516b1f47893c22e67ae84f67', 'f0f7dca247020783e2418fd49efa47cf', 'bf7c2caba13b96ef16c21f2644d9a04d', 'e9a4a0a431a8d37dc06758880a21f2cf']",0.33166886257338196,0.23227703250732232,0.1669497733426663,0.47949503615214056,0,likely_human,1.0,0.23227703250732232,0.33166886257338196
UCysMwe0YySiQGSAdj00DgIQ,-1,4,2,"['3b9f52f27b25a1ab95942ebd6f330e9a', 'b11524cfb02b3ebb7f5cc20f6fb2f0c5', '533ce1b33a096512411ce5d437cf7066', 'c9533371b0795a6552e3b36cd041b1a4']",0.34091338658990267,0.2322398590906602,0.13201726609795517,0.5108840897831403,0,likely_human,1.0,0.2322398590906602,0.34091338658990267
UC4KZZdE6UWiAZFwXSwliaVw,-1,1,1,['253d479677524d150e863a0977c39005'],0.36885425344521405,0.23219701967287337,0.1464257433852472,0.351332508597762,0,likely_human,1.0,0.23219701967287337,0.36885425344521405
UCPsUB8ghmpgOw8A3TS1OYJg,-1,1,1,['dfed3268df8e8ab9325a8b5ea3e16643'],0.3715885685258318,0.23174852324368939,0.12211673911140938,0.3860764846366871,0,likely_human,1.0,0.23174852324368939,0.3715885685258318
UC5vt3-ajhkgcEVqnFaI0Mtg,-1,1,1,['d78f22fa02b979b4d0abcdd8208a3d6c'],0.3798632237373545,0.2315250913465938,0.12639119895348017,0.34221766759974326,0,likely_human,1.0,0.2315250913465938,0.3798632237373545
UCxm1uq58gOhHKy_4Onhj9ww,-1,11,1,"['a0e2c3fd73f531192ab9b7ac9d23ef97', 'ed0226b7f1ef76341d74d6c25f86ad5e', '246e911bff4c80bf6f14d4ce1d3bc245', '8866166f24630d27952e82076ab39a80', '54859745eaa5dbe1594c88e6fed7aea6', 'd1d659a071d5c9216df51bd9bcbcf95d', '33809b401759944ae89ee454b0f846ed', 'cb471a3867309c2c0088006769abd425', 'ae8554999d9e17d6ff860dba5f8d701f', 'f8046f1e166ed16497b2994f27512871', '1a4fb2aab7fb70987c653c0adf92ba2b']",0.33046050451426523,0.23133685146710245,0.13541729289882493,0.5407446676669108,0,likely_human,1.0,0.23133685146710245,0.33046050451426523
UCQWNDNGgg4cF4r3HVGb7iaQ,-1,2,1,"['abb642aef7446d62a5916ae9b8140ca5', '1fdb70090a24df353b8053e2b8219de4']",0.28198186294039984,0.23129655972470073,0.17780726852600742,0.6727516167960879,0,likely_human,1.0,0.23129655972470073,0.28198186294039984
UC9-l8gjM_kWhJhWKjOyEAlQ,-1,1,1,['30083138523906aa6124dd554266f6d4'],0.3704365524847303,0.23110982052931692,0.09596357753548494,0.43982449139882945,0,likely_human,1.0,0.23110982052931692,0.3704365524847303
UCbM2UUYB1oG93d37z2drJkQ,-1,1,1,['8bdffc2c4e70a15d30e6881e65b00c77'],0.31465583558856636,0.23109246779276602,0.17911828186738343,0.5138710984221109,0,likely_human,1.0,0.23109246779276602,0.31465583558856636
UCTspJ56C8tcUtQ1INtkbuSA,-1,1,1,['8f92ee73ec0be39f3fa2809a5d39e955'],0.36535525098252575,0.23102725765843535,0.12210346029066128,0.4075559994026294,0,likely_human,1.0,0.23102725765843535,0.36535525098252575
UCAb_-6zqnGl2aK4jh7Dag-A,-1,1,1,['f42709afe1debba9893a0759dabf98cf'],0.314722639190642,0.23102341363589118,0.20025313839735065,0.48575338533351164,0,likely_human,1.0,0.23102341363589118,0.314722639190642
UC8gbhb-OVJ5iAnLWJsEagvQ,-1,1,1,['4b1ffd748d57f8503a7a40ef97f9c2fc'],0.3574131722530529,0.2309369373701895,0.11243742811779696,0.4684003158393775,0,likely_human,1.0,0.2309369373701895,0.3574131722530529
UCUoaHLsaAJ_ymsM7QLDoPQw,-1,2,2,"['5a3996415cda74c37d51ee1b1f099469', '9b032c93b7ec3ba896c0fbba94185057']",0.3052242812310135,0.23076316703545685,0.18992314459936452,0.5339191366501831,0,likely_human,1.0,0.23076316703545685,0.3052242812310135
UC-jznjjSTKr15h65W95yDoA,-1,12,1,"['193a3557bae4cf2239332e34cb41b87b', '85a82ef7bdb3cd718120132f821bd9e5', 'ecceca7e17d8d8bdfa1d5f04cfaeb40a', 'dab17965e921e9bd7eca0e6f01fec3eb', '3f0885a01cedac93c63353dcd2727eb5', 'd75abdff09c8fce8a4a53cd1ad01ad80', '73fe177cf84c9f727aaad4888d034a87', '666107905b06e10c688f6a9aa7b81f67', '10e1ae3f7f2a3d006b35dfcd0f9fa6fe', 'd8de7c13c0667aa05ddfb70346db1d91', 'ca67614be9660d6f641d838cae59200f', 'd26b7e5fb7b2ed534c3bbb352f036fa5']",0.3123551633262193,0.23054408371377388,0.14315445441072436,0.5998125935841615,0,likely_human,1.0,0.23054408371377388,0.3123551633262193
UCVoDmuYpbFluQsBJxEXcZ5g,-1,2,1,"['90531f6781b008c006e68bb52e80407e', '7dbc8f2eccb81cbb78d973d76a7eba66']",0.31182800281956,0.23048075089535977,0.17226431319036445,0.5364303121476102,0,likely_human,1.0,0.23048075089535977,0.31182800281956
UCh1_wIvq1oyAPnnXSSljDHw,-1,1,1,['0868e6217092907395ca0f8d6ce4dad6'],0.2961649402190324,0.23031701800080726,0.18534001517260784,0.5825126808403002,0,likely_human,1.0,0.23031701800080726,0.2961649402190324
UCTIeDaUcYNJ-Ov1n2BvIKLw,-1,5,1,"['76915c0e4a30a69c32d137c1b1113cf4', '235da1a70fb0964bf616f4902b955f3e', '235da1a70fb0964bf616f4902b955f3e', '235da1a70fb0964bf616f4902b955f3e', '235da1a70fb0964bf616f4902b955f3e']",0.3527294913614835,0.2303032234351883,0.140121545651544,0.42188099983030514,0,likely_human,1.0,0.2303032234351883,0.3527294913614835
UCtUt80tB_c16_aR-yTSJSRg,-1,1,1,['7d1db868357056de59a51ef16400b6ae'],0.3673870427219733,0.23009544295513548,0.11081524177059164,0.41691495283910823,0,likely_human,1.0,0.23009544295513548,0.3673870427219733
UCt0jrsxOiRtkfK-5opGfSbg,-1,4,1,"['0b0b50c8229972cad39db8e620c4b35f', 'd2775d6e5dbb102f40335036fe36ee35', 'a28380da85393b250aa960928d5edc3f', '3a45efc77ae07e6b772f6ec511b9b120']",0.30634064138465245,0.23001786557160714,0.1674826874752637,0.5696768140936841,0,likely_human,1.0,0.23001786557160714,0.30634064138465245
UCb-cSqtEQA4nXO7oTVFnilQ,-1,2,1,"['cd8c7366bb6a615bf3813c1e5e64a020', '77db81c4f1c012a7319d290e37ef55a3']",0.35151728183802006,0.22984813328869344,0.11564658611737312,0.47805211880771,0,likely_human,1.0,0.22984813328869344,0.35151728183802006
UCNwMakn3g3k52j-gqDwKW5A,-1,4,4,"['8b39e437afe633777752035121de5f6a', '22c6882fde8b8bb90af7d85649651fa8', 'af844d24f24cde1f5f99e0e200450ff2', '35a36d1decebdd5c1902f543a2a55f85']",0.3042773283342953,0.2297915964173951,0.12963708572764424,0.6516019904506791,0,likely_human,1.0,0.2297915964173951,0.3042773283342953
UCM5HKUTHptCJezbEcHFwVCQ,-1,1,1,['2848db8b524a1e2012c1d76aa1b8880f'],0.3637428792480081,0.22947291189412278,0.13524020279925764,0.37532191542739024,0,likely_human,1.0,0.22947291189412278,0.3637428792480081
UCeUb29KFp837u7MfPdWS9mg,-1,3,1,"['ec681124160cfc9114fd77ac9b131eec', '5e7a347f724b5e9512343aa72f29bc12', 'c333792bc1543cde71f477c26aa0e180']",0.32153437067933904,0.22946335344664567,0.14786728507893337,0.5349234874189994,0,likely_human,1.0,0.22946335344664567,0.32153437067933904
UC_evECkNqK9zkh5MLxuLqDA,-1,2,2,"['ccfacce8fd8af32f4c64d72bd6dd38ed', '0dd147782b63ebf03b8aa821e433973c']",0.3214705707743585,0.2294187917421723,0.14847059337492063,0.5342020934464982,0,likely_human,1.0,0.2294187917421723,0.3214705707743585
UC7a-YpSOQv_BH3SXvXtdnNw,-1,1,1,['83ebdabb691b4fba793c64b64a9cd05f'],0.39803151606656867,0.22926576870525,0.07745398581078239,0.3358153317820656,0,likely_human,1.0,0.22926576870525,0.39803151606656867
UCw1Ga6u6LBGeybR_mPXcyKA,-1,1,1,['5405cb397535e3a25996f072d46304ef'],0.3542138533750824,0.2292337257327065,0.12809435810405934,0.4325687620018961,0,likely_human,1.0,0.2292337257327065,0.3542138533750824
UCrFvRBGK_gs9RajtoIoZDyQ,-1,1,1,['1d9391816dd5ee135ed4bbd1d5393320'],0.368142274826119,0.2290687170854917,0.11424712935577408,0.39267777155620764,0,likely_human,1.0,0.2290687170854917,0.368142274826119
UCmyMnatphjU_76M-XKNJAHw,-1,2,1,"['f8399dadd758dda4f7bd9790bb920791', 'e126a8b8b489a8f2d4351cfe8162724f']",0.33874497257034464,0.22906013250190305,0.14248708354081174,0.46763491822160297,0,likely_human,1.0,0.22906013250190305,0.33874497257034464
UClNV-gmQ0yTD88GhExs2tNg,-1,4,2,"['1d52b9c6fdafb1174395b52ae5052155', '2aa8e890efb5c47b424f84a311d2b80d', '47ad4a14b738c33e5229be8345d169b7', '58a3b1446d3dd14c95eca0e36285a53f']",0.280997949893539,0.2290341082720856,0.18247398378640967,0.640095806633028,0,likely_human,1.0,0.2290341082720856,0.280997949893539
UCQXGlIaxFgRqjtCR5nEDWyQ,-1,1,1,['a3cc493e890f49ecd900c3f36c610cd0'],0.38436061448107384,0.22866010897972294,0.10566759749807596,0.3382517135160129,0,likely_human,1.0,0.22866010897972294,0.38436061448107384
UCwiKRQcAIS33FNvr5Zzc3pw,-1,1,1,['77a3e76013cfc13a648a39a0d6a45215'],0.3420308163854612,0.22847215652557953,0.12307201604081396,0.4814907010495771,0,likely_human,1.0,0.22847215652557953,0.3420308163854612
UCCuBv92C1QBK-3RdxMJVb6g,-1,3,1,"['f4f5e3b04a90beef5d375f99d11d1915', '24e1241cafe7520572e4b3ee1ac6de13', '562d980407a6eebd816c817e9059e1e9']",0.3232735355866006,0.22832770336817354,0.16353949460221062,0.48406456811458537,0,likely_human,1.0,0.22832770336817354,0.3232735355866006
UCtT0dPG47Ud79i_g_LxNCtQ,-1,1,1,['ae2dcef1ed20e0fbaf69c5c2697c957d'],0.3397789969775409,0.22820338156342895,0.14719735980219237,0.44387476764134537,0,likely_human,1.0,0.22820338156342895,0.3397789969775409
UCvTRYBeIoBPMnXG7mLM0FUw,-1,1,1,['d02b033d75c2a5d377dcac5662732e11'],0.34792948646617106,0.2279243946948603,0.1432162203776372,0.4205013871259077,0,likely_human,1.0,0.2279243946948603,0.34792948646617106
UCs73gUMd1xrVkap91ZRpOsw,-1,1,1,['7773108a45d21a5c71aa79f2356e6e17'],0.3819396672233359,0.22761404287081038,0.12468490189468702,0.2991560115261805,0,likely_human,1.0,0.22761404287081038,0.3819396672233359
UCiblW9WGge72Kyv-w498y3w,-1,2,2,"['a1099b2d3416b718b0460dfd7502de28', 'cdade6bf9dce26008c40a138c704e70c']",0.33260385038910656,0.22757150815562213,0.16131172621010714,0.44380370003841146,0,likely_human,1.0,0.22757150815562213,0.33260385038910656
UCHn8Ha9haHJbVLQiVYxF7Ig,-1,2,2,"['26b9b8c2c61ccdf45d9a3dccec5f5e9a', '53ed87bd479a795c19500af39adaa63e']",0.3230096319117969,0.2275609021145249,0.15828263979450152,0.48914391070398394,0,likely_human,1.0,0.2275609021145249,0.3230096319117969
UCno__wzpJxcGLY25yJT3DeA,-1,1,1,['b5d619e481aced1b17bc203be0d42fe8'],0.2953263663409532,0.22746662208469182,0.17451977008355027,0.5749774990192826,0,likely_human,1.0,0.22746662208469182,0.2953263663409532
UCNyR07d9kSKHmVgZy402jTQ,-1,1,1,['6a99ba3f665a49dd31a0bc4d82c39222'],0.35365483171759715,0.22737212998094966,0.13092918757950447,0.4136065606481993,0,likely_human,1.0,0.22737212998094966,0.35365483171759715
UCN2sSGCM-sb2cN-WykWJsXw,-1,3,2,"['0e409ea212012b346da7dfaa1303b647', 'f17d09f2f8e9b61594843d46db836179', '00d24792b87984bf9227e917cc06dc1d']",0.35095210667683624,0.2273475474628997,0.12943266029787,0.4231350250216465,0,likely_human,1.0,0.2273475474628997,0.35095210667683624
UC5_P8Lcig0WIoLL6Gw_8P-g,-1,3,1,"['0f936a820dbe5a4801077e9882d6440c', '0c5038964c7fa0d6c4d40f158bb3b5ed', 'f2e96d4a5edd6a3cd93b4a559a6e2d57']",0.28445992584685537,0.22733459189848854,0.162917906871265,0.6516019904506791,0,likely_human,1.0,0.22733459189848854,0.28445992584685537
UCSIWjfD6e6KS5EgY8sUWd8A,-1,3,1,"['8233a2a6fc80da18482c9373765fabe3', '124174de90c8e36c4d36b5680c40c241', '49824be978f81a24da7f57bc1cc18325']",0.3334249779194634,0.22718532542156564,0.15119693621567432,0.4529454642091932,0,likely_human,1.0,0.22718532542156564,0.3334249779194634
UC1LB2VpRChplTHaeBm_MK4g,-1,3,1,"['cd5f5bf28e8a9307a822d9adb6f37810', '619415542615aa5f0e56c369c3512de1', 'e8b28e2a37e2325cfb6c8f96c86acc09']",0.2701051016609431,0.22671008736504233,0.17317207418598046,0.6937967008119187,0,likely_human,1.0,0.22671008736504233,0.2701051016609431
UC4jhYlIOWDBnh_2jhG3q3fg,-1,4,1,"['8cfa72f369d0ab14b1cf8c8904e7a015', '8c79214b5aea16c13956e6036edebbfa', '04d6daac886f3cf9638697bb14800de8', '90ae023e2e618b30db027a425a0368ed']",0.2875702457634889,0.22663445802094484,0.17843845080692888,0.6027423937443994,0,likely_human,1.0,0.22663445802094484,0.2875702457634889
UC5f3EWKXB3sOWgiAHQ8_m2g,-1,2,1,"['ab15281170cbe968f09f3889b2c59590', 'e8b0cc25da5f8e552d86eb542dca2df6']",0.32623445436002046,0.22658599264771928,0.16591678535982038,0.44530188432974127,0,likely_human,1.0,0.22658599264771928,0.32623445436002046
UCQmOSfaGXDt7lQEog6D2bKg,-1,1,1,['a76be9f9f1d1725ee35136067732d1f0'],0.3393223504592178,0.22635603319296466,0.17012103812158952,0.38579995576683895,0,likely_human,1.0,0.22635603319296466,0.3393223504592178
UCL3zBne2HXubvS_7-ex36Dw,-1,5,1,"['d5baa9fbe75d461e4a64b46e121063d4', '4f9eebe4b199d8595511365b613863aa', 'e3f5d95cfeb88f74be2cf6b89adac10b', 'a4ef171d096dd46d37c556fc67299bae', '980836e3cfa8515d49aa7e74dd6ef28c']",0.3209462212017569,0.2262513620604955,0.1170237239659139,0.5747102645433723,0,likely_human,1.0,0.2262513620604955,0.3209462212017569
UCJ42BGfU9xP0-kngEfhsixQ,-1,1,1,['2cb7a1726174e837f5230a1f15e87eee'],0.36643160393651353,0.22619589500854959,0.10703598427524653,0.38599539229582314,0,likely_human,1.0,0.22619589500854959,0.36643160393651353
UCWXtmCaCfZElx5OSFr-3UUA,-1,1,1,['87359342b1cca96751c41226491c9759'],0.3323719280712139,0.22590235444051915,0.16169949389408658,0.42346524797519036,0,likely_human,1.0,0.22590235444051915,0.3323719280712139
UCPYxkbEC5zZCRNZyK7JIrFg,-1,2,1,"['8a4b4c8149f6e6e48e7f8ebd3c8499ef', '0143e1213029fefde04385c2f38ae48c']",0.30581537750772525,0.22588930052768202,0.1802930810623099,0.5102947375126662,0,likely_human,1.0,0.22588930052768202,0.30581537750772525
UCDpKtIF18b8CQULNDI-_Qow,-1,2,1,"['8cff80f7ef709c7c3e8539e232b02474', 'd00c7f0d9bf6f440072098f32b666b56']",0.29805774771264365,0.22555646320825828,0.14420538946365535,0.6108245999249239,0,likely_human,1.0,0.22555646320825828,0.29805774771264365
UCURbOAC6hsG2105nXPlssIg,-1,1,1,['db7767f43835a40265ab2c04c90c1c91'],0.34853048671169334,0.2255403535135914,0.15556751176324857,0.3665005918038339,0,likely_human,1.0,0.2255403535135914,0.34853048671169334
UCpo4U3d2ZozYI1bk5QaM_xg,-1,2,1,"['6825c076dd25d36aff0b96e028b8bc94', '88a9a6935cfd728f50c0e2a10b34a7b7']",0.2579748997915325,0.22533238338339662,0.14156023538116488,0.7937561746451505,0,likely_human,1.0,0.22533238338339662,0.2579748997915325
UCCgY3sl_RrZnxLubFYHexNw,-1,1,1,['5c32c6ab2382263ff3b4d147914472bf'],0.31686750834971666,0.22463196879327169,0.11992662578757331,0.574453808957746,0,likely_human,1.0,0.22463196879327169,0.31686750834971666
UCcf0OZCyL4QMo0umz54CF5Q,-1,1,1,['fe6b82a3a3cb53ebf058f13f8c991160'],0.2906440551284807,0.22442454100716722,0.18602248943954094,0.5438233488269308,0,likely_human,1.0,0.22442454100716722,0.2906440551284807
UCB-E7le4rWSJKHbF4vqC0Gg,-1,5,5,"['be7211bffafd069c5fdfb193e6bde36b', '058f4a7c390670f754d0dc271553b3f2', 'd5e4511a1905e17c11e01a8e1a3990c3', '6d6f4cc5b78f4081c2716d2cf122b4de', '225ce8d82be0376437cd4547e6a3e151']",0.29396827788994556,0.2237377968180547,0.18339797809432587,0.5282159790768881,0,likely_human,1.0,0.2237377968180547,0.29396827788994556
UCC_e1pqj-Xviwn5-UxxreVA,-1,4,2,"['dba9dac416fe7b834d67aa0db7b59194', 'a49c6d7e3202a8d3a6f7ed2908a18c8f', '7c65b37592c5fc7a6c8c45efd6ad78bc', 'dd54930a543cedf1e542244c60b2fbfa']",0.3195732953242689,0.2237256464252182,0.1590924124092297,0.4627386250013621,0,likely_human,1.0,0.2237256464252182,0.3195732953242689
UCeNOhMVgnEih8oH_A1E_WLQ,-1,1,1,['6202254ac1c08341ea6e3a504ca7eaeb'],0.33323950167123423,0.223601652449754,0.15114958686609573,0.41864901194291637,0,likely_human,1.0,0.223601652449754,0.33323950167123423
UCn6eZbZXgeC8lbGpeacwfew,-1,2,1,"['b19c41b96cf2f34ef991d7f3581bcb51', '31ae171e71facec4f02fcfc4ef71d942']",0.29504256262926776,0.22356620977358646,0.18358558129433988,0.5211578537781588,0,likely_human,1.0,0.22356620977358646,0.29504256262926776
UC47cU-kzFdBtmPCqgIKtB7g,-1,1,1,['0f4c43f5a0054cc6b5cc936e24b55390'],0.3458340030101728,0.22337251967968558,0.14566118542927042,0.3754387954903497,0,likely_human,1.0,0.22337251967968558,0.3458340030101728
UCP8uQCp9tzhkm_-5J8o-k4A,-1,1,1,['6ecec72d760f98f877e1a482419fc6bb'],0.2996555287124265,0.22292042373885237,0.20045341283513193,0.45835211224610073,0,likely_human,1.0,0.22292042373885237,0.2996555287124265
UCFkiyfbzyAa_T0oTKdkvm8A,-1,1,1,['3db1513c7bb66326ef01724aea8c385a'],0.32845962490976555,0.22291070701095195,0.16604746320420286,0.4031992368830619,0,likely_human,1.0,0.22291070701095195,0.32845962490976555
UCnRIcQcIwi3mHurrKrZPlqA,-1,3,3,"['7617ade8ea1b402d196ea7508f7e29fb', '2fb6bb9ab9c49f0bccf14c7e95b6749e', 'e1940eaca108a07fa8b9d6e46969d381']",0.29107279322931173,0.22274209322906224,0.18179709518253334,0.53532143647798,0,likely_human,1.0,0.22274209322906224,0.29107279322931173
UCbjlWdRfI7DU7unUtz0YnvQ,-1,1,1,['6e4b7fb9f016e9200863a3742f8d96c6'],0.3254239537792638,0.22246383628611788,0.14404120356531172,0.4558372822162416,0,likely_human,1.0,0.22246383628611788,0.3254239537792638
UCIt3-qSCbDUkisg6tqIg_hA,-1,1,1,['cc013040d009a8d3dbd08e36cdbdc1b2'],0.2707931936809985,0.2220694516599648,0.18033141749930942,0.6228980716232436,0,likely_human,1.0,0.2220694516599648,0.2707931936809985
UCF-sIlTVpwQMjUttT-RY1iA,-1,1,1,['2c1103cc3bf4abc1213e20f5d7667d0d'],0.30824735892582444,0.22193491159209716,0.18725996371366363,0.4460017620595851,0,likely_human,1.0,0.22193491159209716,0.30824735892582444
UCjvx1E0gHFdC5LxJRT0aGsg,-1,2,1,"['e9e574dfebcd47f2a065de20b137cefb', '0be3d894b1583585d834abaaf6a25996']",0.3167806785876661,0.22190879583074108,0.16208983291638104,0.44971215672041526,0,likely_human,1.0,0.22190879583074108,0.3167806785876661
UCA08F_kg71IzpIIRmKhza-A,-1,2,1,"['8eeaadd65de2e4603fb5796206d7aff7', '767650c91345547c6e4da8730d9df519']",0.2865237567257862,0.22184009579279101,0.15970719271173892,0.5901085080670967,0,likely_human,1.0,0.22184009579279101,0.2865237567257862
UC4OEWFN61VpFcUyGdJoNG_Q,-1,1,1,['2199f0ce890f51d5fdedfe29e15bc0ec'],0.356834848089506,0.22152329034199547,0.11432321225131716,0.3683345373377116,0,likely_human,1.0,0.22152329034199547,0.356834848089506
UCIYfryskI8x4-PHJdjqUZuw,-1,1,1,['c88a6968239d35a3b90bccc6afb3cdb1'],0.3636435800133212,0.22148372975225164,0.1125460839021428,0.34134868978645205,0,likely_human,1.0,0.22148372975225164,0.3636435800133212
UCcO37ZRaNOzQFUvqTZ0DHSw,-1,1,1,['b5f955d1a877284ab5ca86589ae910a0'],0.3409291064543416,0.22131880431573625,0.13693113493706496,0.3902015095034956,0,likely_human,1.0,0.22131880431573625,0.3409291064543416
UC9QD3LH7XAvAdBn4Pfc55wQ,-1,4,2,"['23c656d885f94cad3fe2fb33db23130d', 'e3ac397020d9481bf949adefff531aa4', 'd52a1f18c354664480f629b90e833ba8', '86d384c225dcb283cf57adf4a76885e0']",0.28533332924681865,0.22131758355011885,0.196026494959309,0.5228809519782492,0,likely_human,1.0,0.22131758355011885,0.28533332924681865
UC_esX5JZlbaiI_cHGkxs0Og,-1,4,1,"['88d657f76fe762de456d043c7d823fc4', 'c2934e770f0dcd3d97d6d5c617f64062', '10b0b5282f6f8d071aaddd18f17d065f', '154056b2718801b42c355fbd0b3d6f1e']",0.3042090565452468,0.22113050626800718,0.1645398472392117,0.49294252317941856,0,likely_human,1.0,0.22113050626800718,0.3042090565452468
UCIZAONIM3-3chgju4v_kCCA,-1,1,1,['2a78e2579d4ba44b51877b5e38146b1f'],0.3271709604349462,0.22091564927229712,0.14032923671759345,0.43889446553841005,0,likely_human,1.0,0.22091564927229712,0.3271709604349462
UCd-l3pAc1FPQJGkNsppyjsA,-1,2,1,"['990a8bf775edd2f3b3b474057881b5d2', 'feba5b91b0c53fe6f8c2b80312d02fd7']",0.3106474401580894,0.22073672229583785,0.14612840736328225,0.5088769638549764,0,likely_human,1.0,0.22073672229583785,0.3106474401580894
UC0orWZC62dr_Yo-OWvJmCYA,-1,2,1,"['6136fbc0092b33511cdff3285f2919bd', '4a9a7081f621a20f13cf220ea2917415']",0.32304522894102505,0.22070876192181882,0.12706406410313167,0.4847019911892755,0,likely_human,1.0,0.22070876192181882,0.32304522894102505
UC1u6F6vbGLyuxsu9k3RpRTA,-1,1,1,['a8122e500a0bb17545163b87308b2169'],0.3012053877334552,0.22065895055791235,0.19189721690004707,0.45649939280841806,0,likely_human,1.0,0.22065895055791235,0.3012053877334552
UCWH9-wvO4QtoAVvW3lkpGuQ,-1,3,1,"['29e3333d6abac2afaa8a78e129d77060', 'e940c69a56ea4bdce3dd99b585a1d712', '8061b1a5072cae712d0c8997cb60bce6']",0.30839951286477363,0.220421253908562,0.16118345946371507,0.4769069004952954,0,likely_human,1.0,0.220421253908562,0.30839951286477363
UCiCxaMETtogRrBz8AMXP_9w,-1,1,1,['68a4641f121052ce1adb15acb35764a3'],0.37082481283035007,0.22035042988005485,0.10297900099313001,0.31731611644359753,0,likely_human,1.0,0.22035042988005485,0.37082481283035007
UC5awXXF-jeB6VUsIDTYikPw,-1,2,2,"['dd40d1a7b7c5927cc344e1919232cd89', '597a156104e67688c607680210bc2a18']",0.29952121984908536,0.22011931255214617,0.16812932527665808,0.49964804913475896,0,likely_human,1.0,0.22011931255214617,0.29952121984908536
UC8ftPG5gyBdoWYmwP2Rn_uA,-1,1,1,['51da13e0333d2b4801676948bd9c517f'],0.28854782587242656,0.21998359060083184,0.18319275722072928,0.5170166253145329,0,likely_human,1.0,0.21998359060083184,0.28854782587242656
UCF9bDQmuCLUWw8QNju38_Pw,-1,1,1,['07dbbec78b4e7f4ad7b7202489f77d41'],0.3467607918933244,0.2199513347737545,0.11360945697506462,0.4007588398074384,0,likely_human,1.0,0.2199513347737545,0.3467607918933244
UCHxSDzDM6RE8XpvvxJFdylA,-1,1,1,['300e9561ee43edb9b46d8cc3de15e6c0'],0.34935875074706463,0.21968062686000098,0.13093140874750578,0.3482103088124815,0,likely_human,1.0,0.21968062686000098,0.34935875074706463
UCHPwz03Ao7HeMlvEn32ampA,-1,1,1,['7d85dbac62e0c7960ea09b883d8b5fef'],0.3544487199958333,0.21964919331886856,0.13140044946813564,0.3278463680376754,0,likely_human,1.0,0.21964919331886856,0.3544487199958333
UCfswzD1A_xd66Iv2XyDEuIQ,-1,1,1,['2793e4d9cfee31d4c624b36795a2e765'],0.31371393539153514,0.21944981636295052,0.15432434841931003,0.466628174244992,0,likely_human,1.0,0.21944981636295052,0.31371393539153514
UCEMoB8X3LRrYD_2_4PRsnCQ,-1,1,1,['8ea4cb85784a95846d95071d462aec39'],0.3465233348299288,0.2193586115786504,0.13745681468914772,0.3433466765785011,0,likely_human,1.0,0.2193586115786504,0.3465233348299288
UC7IMsmaq10l0Oub6-pofk8g,-1,3,2,"['163adcca1c97f72f926032904e26d266', '1f46e2215d0466f162427c315357565d', 'dd8d1e0e0e1220111be78d0547a94346']",0.29903602166416876,0.21934376975484515,0.16925441303592265,0.49496443874082263,0,likely_human,1.0,0.21934376975484515,0.29903602166416876
UC3C_ZriJFN5jk7J6z0nDKKA,-1,3,1,"['f8ec6cd8efd533b93c1e892bca9c6872', '70719257959ecafbf7b661e4cf294124', '25dad45eeb30f5e1db03409350d619a3']",0.30781576785659465,0.2193364944351803,0.16435480267295655,0.4689420997004693,0,likely_human,1.0,0.2193364944351803,0.30781576785659465
UCgt-loEfQgiA5njKQHSS5qg,-1,1,1,['20e54c2b59261be16b744429f57abd7d'],0.3262479482309536,0.21923598750897652,0.1352780814599236,0.43983166711539623,0,likely_human,1.0,0.21923598750897652,0.3262479482309536
UCx240hAdfT0WEZzAGaU7SXQ,-1,2,1,"['33f3656beaf33df5258d6ab4d18a17b7', 'e70deb5cf7356a76de4133f0d8f95405']",0.2927084796483398,0.21914974439062937,0.17359134368975462,0.5095701612570294,0,likely_human,1.0,0.21914974439062937,0.2927084796483398
UCsIaAJws2xwpJMv35PVJTmA,-1,1,1,['44627cda2e643c354165677850b67ab5'],0.36564511651412124,0.2190116884841879,0.09775459966653749,0.3392268927253722,0,likely_human,1.0,0.2190116884841879,0.36564511651412124
UCOQk83WRzXuhQqu_X8SPHNg,-1,1,1,['a785d854f383067a6abaa270eedcf1ca'],0.2998811938490362,0.2184387754999397,0.16873224793060407,0.4851034658378109,0,likely_human,1.0,0.2184387754999397,0.2998811938490362
UCndvt2L9Giu9X8VaDFUt9Sg,-1,3,1,"['339aebd888f56d3178980589c200166b', '5c1824df6eff502f534317a42817a46c', '2ee109a5b05491c94b9f9d2cef2695fb']",0.29643721959219116,0.21838697087118145,0.1692578716650625,0.5008569325596273,0,likely_human,1.0,0.21838697087118145,0.29643721959219116
UCraUdJOhvhS4lW9fr1XAtiw,-1,5,1,"['0a1c46df0692ba29fffef0fcff4ebce3', 'c0761c7ea6efd3fbdfd92f6375da5e73', 'f0c2165f5196928f5ac7bc3125607ba3', '52c0e0082a5f1b28572cda1d9a9b2e01', '381e2b58c9bd3cf1fcc6fd4671dc7399']",0.25990130514019455,0.2183837361361201,0.13613450171650887,0.7344319089240768,0,likely_human,1.0,0.2183837361361201,0.25990130514019455
UC3l559lLI7a4iykOTm7geMQ,-1,12,1,"['0662f48dbf47249c62b2707d52b51684', '647f40e67e1b87d44f80abec80aec66c', '1dcf6c46b93c5ab0ccfc3e5c9d7b895e', '2bdab7b5adf38f6f0126fc81a195417c', '9cb3ce6e4fcde3a03b48c6d6cea88ca0', '3104d95660a4e1495b8b3c51cc533075', '5b666795041a8fb9b739e95c3a1ff729', '05a55bc0a32ddcbaecff8063eb03be49', 'a1b482397c27a75572b8c54e945c87f1', '2c5f6e808e88e7d4a1de1b2e7a57910b', '3feda831ab947ba435badfe2ba86a366', '0de382d950973e61b52f8c65fccc9918']",0.29154398147305827,0.2176779171619882,0.16018796268054503,0.5326421417656322,0,likely_human,1.0,0.2176779171619882,0.29154398147305827
UCm7YabvxeGLDbNowq9CcECQ,-1,1,1,['c606f55ada1e5c31ca40a189740a710f'],0.27840539244329804,0.217670393471031,0.19187810843265496,0.5319447662880522,0,likely_human,1.0,0.217670393471031,0.27840539244329804
UC1s6kLliWmNlBj7jF3JJQVQ,-1,1,1,['56f93797f1c4ba71a5303fe4f4bc1463'],0.333300491694607,0.21752869720946813,0.15292540256158949,0.35357950708004593,0,likely_human,1.0,0.21752869720946813,0.333300491694607
UCZHbjMHBKJtWweIuRiKn7Cg,-1,1,1,['e480fc2cb7c0db970f205f271875d17c'],0.33729030934565063,0.21746272142837675,0.13074380892352813,0.385638319629006,0,likely_human,1.0,0.21746272142837675,0.33729030934565063
UC66XXR-HHVXkD5eAY-gClAQ,-1,1,1,['760ccfd6233391460a4481c31b379d84'],0.3421493128391566,0.21742599759658524,0.12190426201399888,0.3771353236001575,0,likely_human,1.0,0.21742599759658524,0.3421493128391566
UCwhQz_zFm-Xwnu60Mjb5uEw,-1,2,1,"['45694d16ae8f341ad3ea16e1797c1312', '002246694e398918d9d1da260da5dac2']",0.3453228844553872,0.21710271448734317,0.08408731815569032,0.44371195447853606,0,likely_human,1.0,0.21710271448734317,0.3453228844553872
UCrj4iTwV5nlXUkhYV6FoRlQ,-1,1,1,['142d29a0ecac14148ff98c1c1e11d47a'],0.2849450693642337,0.21701925822768164,0.17765150750225822,0.5145684939097604,0,likely_human,1.0,0.21701925822768164,0.2849450693642337
UCfFd0WtRUjRdy9OclWosm1g,-1,1,1,['3c9fae4d08419b675ffe063872134d46'],0.30280409391324925,0.21681928120220464,0.18333393633015296,0.4223716876105147,0,likely_human,1.0,0.21681928120220464,0.30280409391324925
UCRWm90hh0QJHr49SXrSeY6Q,-1,2,1,"['687827f58ec6346d79bb50cc35ce01cf', '662a114f75d6b40ca86280f8ad142445']",0.289127294474329,0.21655991036638197,0.14780758343554695,0.5534435713919339,0,likely_human,1.0,0.21655991036638197,0.289127294474329
UCrKpgHkZL5dkuCNhId3EdDw,-1,2,1,"['9f7d97ff5c13728ae7b4560bb10cc8da', '7f91f843bf86db6a3852f044d825a6bc']",0.3006766341226933,0.21650648832487757,0.14130977531610175,0.5146318938205069,0,likely_human,1.0,0.21650648832487757,0.3006766341226933
UC1p0gTbx4UiFC-1iT_0m7mA,-1,1,1,['f3f46cbd69d8bfc9dafbb1e94622416e'],0.3499129409958773,0.2162443725987889,0.12280151805313788,0.3268198090541322,0,likely_human,1.0,0.2162443725987889,0.3499129409958773
UCwGV0V4tUE_4OsrHvm4aP0w,-1,1,1,['17b89ef5f4f36e437777250113d40636'],0.2855332152702257,0.21621904143503468,0.19975235841111036,0.45602578299105606,0,likely_human,1.0,0.21621904143503468,0.2855332152702257
UCYKicqPXiTMm4XlCwxSt72g,-1,1,1,['17ba3cab51f9a7d17c793e7de17ea133'],0.30506123264924423,0.21583282828822553,0.1686412471131458,0.4331538202479135,0,likely_human,1.0,0.21583282828822553,0.30506123264924423
UCCX79TmIJtG4Q3n-umMyE4g,-1,1,1,['9423b5dbec19c9064d8f929193939112'],0.3061445976446155,0.21572672033080548,0.14711331750443002,0.4783095593210037,0,likely_human,1.0,0.21572672033080548,0.3061445976446155
UCrxELgwz1Qt-12MLltoQbdw,-1,1,1,['30ba082629b347e9cda9821cd3dc8db1'],0.2832959340173844,0.21567834858957974,0.15858772728764586,0.5471920937369865,0,likely_human,1.0,0.21567834858957974,0.2832959340173844
UCa-JZck_6JsCWBcqL1W9cKg,-1,1,1,['a9db0867764b887d94a8134ddb4b1a0d'],0.2879513028035221,0.21517588267194315,0.19403157189512696,0.4574370938912764,0,likely_human,1.0,0.21517588267194315,0.2879513028035221
UCKpXJThkakolC72yTevKpbg,-1,1,1,['9c78df444c8ed328770cb67a9f7bcb15'],0.2913156064830381,0.2150717867325268,0.15690786331353848,0.5069807770456076,0,likely_human,1.0,0.2150717867325268,0.2913156064830381
UCYsv_LYrxKuWYximoN8VSlQ,-1,1,1,['672cb9bd44e77ac58b56b33a2b99fb81'],0.2596912983770922,0.2149854170245517,0.16705770935174333,0.6335398320270109,0,likely_human,1.0,0.2149854170245517,0.2596912983770922
UCARxPu4Ospqsr_smVc-il2w,-1,8,3,"['0e5c9f18143b4acd802b3bcbc7f857a3', '51e224e5ea965880fa596b1cace3af2d', '25c5309eac32ee14cd03540b8ab29af6', '43ad5e69a598e034dee175dd2c231c90', '4d62df7957b3921c40b48753252b68ab', '97bae142fd78dd29ee5e624b3de7bbaa', '4b3d14407b4e6160ef98fc65f41cfb70', 'f1e681bba1e148b40585f5cc114fe0f6']",0.25305051419115665,0.21373201727844116,0.2077924207868522,0.5661551396382398,0,likely_human,1.0,0.21373201727844116,0.25305051419115665
UCSF_z7qZdLTpgP_DU9PCNqg,-1,1,1,['69242c2fd3cc5ffd84392d54da5fb4a3'],0.2727648365350017,0.21356209786286007,0.18995259532220274,0.5091019716356973,0,likely_human,1.0,0.21356209786286007,0.2727648365350017
UCd5hm-Hf4qzNTvNJFPA9bQw,-1,2,2,"['3a1bdac3e2209ca9a976b1ff2b23674b', '7965c207ec1f962b4cd574d843d0bf5a']",0.29375398402727515,0.21335864243607183,0.14862474671303785,0.5001410631375178,0,likely_human,1.0,0.21335864243607183,0.29375398402727515
UCtAGTy02pD1iVWcXaHz9QLA,-1,2,2,"['2163860c5285be0eb80d37a4dbde88a6', '326bed72352837229554be584b37f9bb']",0.30759687203659036,0.21321968911627137,0.15189825384091404,0.4289016653500973,0,likely_human,1.0,0.21321968911627137,0.30759687203659036
UCJIDpJtdIXefzoQclAzBjjw,-1,1,1,['19ffba1b34cd94a1f7ede285d9a24fc3'],0.31924342688053775,0.21304065631467697,0.16020267739921337,0.35297258487223804,0,likely_human,1.0,0.21304065631467697,0.31924342688053775
UC2SuMVia09kDCKE4JTVhFGw,-1,1,1,['c5e9f79d85ccfd1cc69340080ed388aa'],0.26752730954576476,0.21231284243730508,0.19786962329374722,0.5065959079867192,0,likely_human,1.0,0.21231284243730508,0.26752730954576476
UC7G-TFWael-XE22yokkhioQ,-1,2,1,"['545158d524685748abc3738ff07e011a', '690fffe166a80f09b24953fdbc103224']",0.29637785286758,0.21223934554040746,0.16323017360190933,0.45290834773871547,0,likely_human,1.0,0.21223934554040746,0.29637785286758
UCpI840bOVcEYtRf1IgAJ7PA,-1,1,1,['5fe6fd4298d12f7de4b7c37dc6ab3476'],0.33099149215781276,0.212236333107018,0.13984334862381143,0.34593051121601776,0,likely_human,1.0,0.212236333107018,0.33099149215781276
UCP6Axn38Xiz2urUkpx3B-6g,-1,1,1,['5cd836bb76908ad1748b21e44017a9a6'],0.29026200767938193,0.21219939259197124,0.1441275686380132,0.5162991606287751,0,likely_human,1.0,0.21219939259197124,0.29026200767938193
UCTc5G4G49k0gB411-wnCnYg,-1,1,1,['8e40c12f47d8f8a90161de67bacf19aa'],0.3401442755367166,0.2121449935115312,0.11942014717019059,0.3401068310597912,0,likely_human,1.0,0.2121449935115312,0.3401442755367166
UCCGKbswN1VnRmfBoOzwNjYg,-1,1,1,['a05acfd6cf60df2e09f8fa5120fdaef8'],0.29506826852227863,0.21207493703241892,0.15979495609121355,0.4583588818904771,0,likely_human,1.0,0.21207493703241892,0.29506826852227863
UCqnkmhEyKT9PQ7QwIlTs5Xw,-1,3,2,"['fe4a2d96942fefd9b616913aa15e00b8', 'f368408de3170851e605c60a47fcaf68', '9b7ea24d27f7dbcd1d77a9cfb3c61769']",0.2712824929821665,0.2118050602926969,0.13678889406037442,0.6114113977879314,0,likely_human,1.0,0.2118050602926969,0.2712824929821665
UCY83G7qqtrP7Frp-0KaSNcQ,-1,1,1,['0a2293eed0a1d741060fab1529935aff'],0.30476498855617834,0.21174726977200958,0.15980437753063345,0.4061389517033287,0,likely_human,1.0,0.21174726977200958,0.30476498855617834
UCHxu-29VEy-H-Uf4IS8qMWg,-1,1,1,['25fa432826c3d61bc5b1af6a68981c34'],0.25331545929709115,0.21157895382982211,0.19922190627631062,0.5524783364772843,0,likely_human,1.0,0.21157895382982211,0.25331545929709115
UClIHoB-QMK7KH0fT9iu4jow,-1,2,1,"['0c764f51dfd83e9dbefde08418f89090', '84d53d79d25b5b3a23be5a0e27cbb73f']",0.28994897220478577,0.2109929226875661,0.13581353770761304,0.5196935932698475,0,likely_human,1.0,0.2109929226875661,0.28994897220478577
UCoh4_aX3tQ33cRZiItpeHQQ,-1,2,2,"['422c69d7bd29f4cf656450a8074ba71b', '00d9aa9b71a9b00b6e8033c4a98e287e']",0.3237048218317673,0.21099234830007232,0.09311246052378568,0.45478331308429765,0,likely_human,1.0,0.21099234830007232,0.3237048218317673
UCv-nyH9Rk1qFFlewyDo0w3w,-1,1,1,['d04cd9605c705ba5b0bc5abd0a6fdb28'],0.21806670815424922,0.21076909683697392,0.1609681294007656,0.7868884184376898,0,likely_human,1.0,0.21076909683697392,0.21806670815424922
UCnH40Qca-B50YOFlVVOO5oQ,-1,2,1,"['6b556ab04df5c1255dc2d5701a1cc044', '7b6c402dd8b23162485334bd8ae4f0c3']",0.27019916927054544,0.21056777122032366,0.18287378497996307,0.5100122969045345,0,likely_human,1.0,0.21056777122032366,0.27019916927054544
UCFH2lpIk9ssOgvp4Ioax3fw,-1,2,1,"['5cdf9d869a174812f48ea6e543a30f22', 'aa573c300992589fae562c105d3f1433']",0.3079915078328037,0.21052057640166358,0.13545233208768037,0.43103077551996394,0,likely_human,1.0,0.21052057640166358,0.3079915078328037
UCLpJqfrTcLpvrEme3Vp8-vQ,-1,1,1,['d69f868536c24596996f502a6224ed5a'],0.29249655476249375,0.21036246728269511,0.14330451254376214,0.4849459993444152,0,likely_human,1.0,0.21036246728269511,0.29249655476249375
UCx9fENZBN-EF75piARZOVIA,-1,1,1,['d7f02e9532b86b1caf1c98cd8ea28128'],0.27917360370374233,0.21026236106097934,0.18224231124093254,0.4710301876473052,0,likely_human,1.0,0.21026236106097934,0.27917360370374233
UCp0JKIiHRytKI-a5CrDZavw,-1,2,1,"['c9fc02016e92fdf0e41686fea54f8445', 'a1ad14056dc99dd7f6a90bc6b9d996b4']",0.2824706385286993,0.21023436115131816,0.1748158396218415,0.46217902851002124,0,likely_human,1.0,0.21023436115131816,0.2824706385286993
UC46hOVC3bf4xoA44Cw3HU_A,-1,1,1,['e01d564714fb947060ae5b4db49b3d9e'],0.27887588518367656,0.210220432217812,0.16799939044565707,0.49012888915580083,0,likely_human,1.0,0.210220432217812,0.27887588518367656
UCqnI2lvoSYfYEKpTIf4b1zw,-1,2,1,"['fb28a2d8315fdf1a7a459bd6f2eecd59', '7635b493ae1e731dd2e793c6aa6af93e']",0.27277654378943655,0.20976100035042405,0.19294805540830806,0.47697465753948004,0,likely_human,1.0,0.20976100035042405,0.27277654378943655
UCdn0s4rhv0A6JYgn-M1_Kxg,-1,2,2,"['0f208833a1758bc23e212c14a8f86996', 'b12ce0f88d583a94abf009e7a1186e79']",0.31869199289679406,0.20970040770156043,0.10532166647344778,0.4391709175297102,0,likely_human,1.0,0.20970040770156043,0.31869199289679406
UCe_8pJU1ob0ZMFMe5ssIOxQ,-1,3,1,"['91bc7f6e26d943fff32c45594a955b72', '3793467155755bf153a55c25bc1175ab', 'b9bdf7386a886c2641bd807e80add2d7']",0.24329691281130628,0.20945741889713027,0.13960131852725732,0.7043795700599383,0,likely_human,1.0,0.20945741889713027,0.24329691281130628
UCOwuYuI0Ty8Wf15UQ45DBGA,-1,1,1,['22572b477c07794f25e24f793ff8ee10'],0.30834450285989257,0.2094244069763455,0.1624913599898864,0.3696158732708557,0,likely_human,1.0,0.2094244069763455,0.30834450285989257
UCjKGeuz3OfFeT61Fz5eAmBw,-1,1,1,['e116a80ee7503db304878f759911793c'],0.26162048585956,0.20932829078534226,0.18753275910622194,0.5341616045600498,0,likely_human,1.0,0.20932829078534226,0.26162048585956
UCVthX266sfFrNSBqfDpvE_g,-1,2,1,"['96f05fd6eab812ead53cdc0c6be2cddc', '8b4e45f1008c04dc8e84a2282ac70ac1']",0.27224392082909993,0.20910756125840152,0.17364665108901042,0.4993123958785497,0,likely_human,1.0,0.20910756125840152,0.27224392082909993
UCoT6vowpfEpzwUMS3Sd32vA,-1,6,4,"['735069860012ef33a7ac7985725da314', 'dc53d07251d69032f92df9091c17544e', '525f8a97e31f248acdad92a4858202bc', 'b61c0437e7de0412ee2714136a19ed17', '7b7aee0d4b27d3b1c83b1dd9deb6f1b1', '5f88564d50dc291fe9b665b377798740']",0.2780955602781625,0.20886400521385629,0.14219362989450557,0.5376383916756254,0,likely_human,1.0,0.20886400521385629,0.2780955602781625
UCvZMfhS6i6y1Pn4HkfLkSog,-1,1,1,['e1ba2fc7b085c4ab3eac48cc194343f0'],0.3112748688834795,0.20815378195862533,0.13593287274794494,0.3955061664186595,0,likely_human,1.0,0.20815378195862533,0.3112748688834795
UC6ZVzD3z2mayLtoUNzaDSHg,-1,2,1,"['910574ef8f2ca89a5f1a23885232fdf1', 'c5a3ac7f997e65d9e85d5d7b8c8a00c5']",0.2965872933347617,0.2079572327106759,0.14483120524810433,0.4427132077328123,0,likely_human,1.0,0.2079572327106759,0.2965872933347617
UC27A1kHyD2zYe_SZu_X8tSw,-1,1,1,['98ba6bd43bf2bee44e66510e0bd6fc4d'],0.2890969956980135,0.2078535787639511,0.156068766957215,0.45655562550685286,0,likely_human,1.0,0.2078535787639511,0.2890969956980135
UCWwlAIoJYE-yJr8xhmDwbgQ,-1,3,1,"['affde66d0a7a18182b829b644db25e41', '887e0f8f3a27647a2fd2bcac62d73d34', 'c8429de42f754f57f18c8f4543189155']",0.2887839618226783,0.20763181205393696,0.14491437480633138,0.47505778918604047,0,likely_human,1.0,0.20763181205393696,0.2887839618226783
UCSK3GvCts3xjt4MNerjrQWQ,-1,11,2,"['5068108ac49223b0dbd02e6f220fe162', '85d2c53365c62d0572992d42f47de165', '8fea9baa1f373943b5c8444c9d2220a1', 'c9e2993307c49c9de42479bb411e0ed3', 'cfc1a355b58593c915e39b44540a1567', 'e6d284908e88620b0db176fd95cbd943', '720c75af67a54d45115f72fc8ada5c73', '3ce7ccb18d028e67b3011bfba60924df', '17f5ab54f5f327e0cf6ed39513d77d29', 'b98dd9ef1f206b2770b513df4de145ab', '9c8e22357860779115a78549b9d869aa']",0.257334581715078,0.20754410866158288,0.17542042419946052,0.54876530228572,0,likely_human,1.0,0.20754410866158288,0.257334581715078
UCYXFRzdvXoCQKXvhtAmZ8vQ,-1,1,1,['8df8cc6bd8edeb046686f90808055aa3'],0.29445907884041433,0.20734207239522884,0.1294900143955668,0.4757040107638637,0,likely_human,1.0,0.20734207239522884,0.29445907884041433
UC1BuckE4L04np3zQV9oEX3Q,-1,1,1,['f7317c9d3d5f4dfefd9827a159b8b8dc'],0.30070736476791027,0.20729442852182098,0.13303759632233134,0.44259317718455277,0,likely_human,1.0,0.20729442852182098,0.30070736476791027
UCXRNM2Z5BA8WbVHSIYc4Lww,-1,1,1,['59a8793ca83ddcb4d1799def669aaf87'],0.2816764590860149,0.207278836492344,0.17985494145230663,0.42649374244708893,0,likely_human,1.0,0.207278836492344,0.2816764590860149
UCOLO3tkiDDYct6ZolHYMXpA,-1,2,2,"['dff7358627edc62fc8fb78b9af5f5f6c', 'f5df1aaf257e29aa646fdea9d25b2869']",0.27683536125262065,0.20716858607805447,0.16012036608812705,0.48963730721625964,0,likely_human,1.0,0.20716858607805447,0.27683536125262065
UCFJH6sgMrINrG99QUvpyBMg,-1,16,3,"['f28b1e05c742ec7d44f71cb308e80066', 'b86b26009454866643d23457d7ccc0be', '9eef1167a29b61ce97c678db1c9c39af', 'cbf43b9d6da22d84e3d531f685cb7202', '2eda4671a4bf6375db5b3e6aad01c6c1', 'bbb2086d9658f12a2e85ba1053865a44', '85e907b74911a2b5415c02af42a7f0f8', '841b085cd2df42a09a5285898a2ea1b2', '4a345379ffc27aba4dace4167c7bb2f3', 'ad0c1ce6eaaca36c878f0a106f0228b0', 'b66593493ccc728b437adff9390090b0', 'cd360131ea9821da31b46a17219e8bab', '021976c4469be7011688026ae1a3b7c8', '762107ab991ad810849ab903bb0a44b1', '6699b9c2b414f913322d27fac3c50269', '275691cf288b34bad40f5a7952e1104f']",0.27952882323368333,0.207160237075679,0.1555576862601009,0.49090877631115903,0,likely_human,1.0,0.207160237075679,0.27952882323368333
UCpjexoE4MnR65AqpxAsT_fQ,-1,11,2,"['c3c75b8dfb44282be679ab77a89b3003', 'b6002ec62997284d903c1dea3a9436f7', 'f9981da39cce2587dcd1a0545833ef65', 'a4511b17e512d2ce1765d3b6e0f1230c', 'bc54769a0723e57ea11df0ffef0d0b7a', 'b194f02abb41f715f6d3089534cdad43', '93396355d329234176c6f040a41b25e8', '6f58c257088cd35d76bcc36b99130ffa', 'd0bb05d03544bf982a9e1636919beced', '2435a1341b3b94c017b2733e362add88', '210cf202e5ddf3f7a23f463ae2e86f5b']",0.2572746702028676,0.20711625562976455,0.1628564055313196,0.5709982588249148,0,likely_human,1.0,0.20711625562976455,0.2572746702028676
UCchdTSYT6lMzruGuV2agCiQ,-1,2,1,"['8cd9cf8bd490b9f1efcebbd87f497d53', '15e70c7739c948ef77001ab22e22107c']",0.2846463172505679,0.20660732802572293,0.15309915523063633,0.46763491822160297,0,likely_human,1.0,0.20660732802572293,0.2846463172505679
UCAmk1sJLwrcLPbe0sI2diUQ,-1,1,1,['70600ae8aae768a3f27902e0705d7c1b'],0.3025949457363854,0.20629014812400265,0.14320096914197272,0.40605060029984474,0,likely_human,1.0,0.20629014812400265,0.3025949457363854
UC1ZSEHZk6RZf_sgW7oHJ_FQ,-1,2,1,"['bea4bc0726bbcbf04a5003cd0ac1c9d9', 'bf834b4169aca682a36155bb7993ff74']",0.27495406093109004,0.2058109370916219,0.15481736233238344,0.4989820332601409,0,likely_human,1.0,0.2058109370916219,0.27495406093109004
UCLyYuqm_6pTojckO_7SzjYg,-1,1,1,['bfd4fb1b09012e6231bf2edf59025d95'],0.2813535035899586,0.2056654219965317,0.1423504903434894,0.486850179328001,0,likely_human,1.0,0.2056654219965317,0.2813535035899586
UC_HQ9AoUb3lyUGcXBLdcA6w,-1,1,1,['775eecb9a517da11f9fcd533c5000777'],0.275946730695822,0.20537782244542704,0.17976407730104085,0.43850999120797207,0,likely_human,1.0,0.20537782244542704,0.275946730695822
UCcZm80ers0p67idJzHjE81Q,-1,1,1,['d7eff035b304f1ed3a0a2f3124c55e89'],0.2962158834949733,0.20531706659812426,0.14554175986155551,0.40839715618945266,0,likely_human,1.0,0.20531706659812426,0.2962158834949733
UCcqMN88WoC4fuWikdogk6YQ,-1,5,2,"['e5f7622ad176cf0148dc73608b2844dc', 'b4aa426752726fb73480b7076b874f84', 'fc4037dceb7ffbc46bbbe7ebdc2ff931', 'ff4cdb08c94aef1df6f42eb3b7931413', '5ee8e3b1b572e135ee52bb21f70e9f0f']",0.2596451572879107,0.20526563948411553,0.12325270509399776,0.6223547139288245,0,likely_human,1.0,0.20526563948411553,0.2596451572879107
UCosvL9kKwdjXcFWWosYVa8g,-1,2,2,"['b859cebd3cf23a4eaa46f6e6cd0cf07b', '8f40b09687a487819886518333a6a988']",0.2656294924123739,0.2052158164332373,0.1578247803984132,0.5287503283483559,0,likely_human,1.0,0.2052158164332373,0.2656294924123739
UCXTcNdsfbGdMln4byEu-lrQ,-1,5,1,"['9e844051a273485e8ee1bbc7ae1bfb19', 'd71aad608439f974056e0cc9b1971eae', '113ca9654ecb87e6e3c4b8b0f54d3d14', 'aaf0d0d170af3ae2a1a9d0dc1bbfb7bc', '4ab56d73317e190933ae0d8103b6e794']",0.27331677912249586,0.20498849179443587,0.1434633064049993,0.5176882865695247,0,likely_human,1.0,0.20498849179443587,0.27331677912249586
UCtNrbhjU0FAlvTDVymotxMw,-1,3,1,"['7feac7a3f220d343eb02aeac207d5cd1', '0abdf670699c9bdb7e29567b431cade5', '706f3576ce1e95b03faac8a5578a6acc']",0.27982850692551425,0.204968144985327,0.15697505180621216,0.45823757957007133,0,likely_human,1.0,0.204968144985327,0.27982850692551425
UCFkU8sNm3TXOd28bDTUHzCw,-1,3,1,"['9f9edc43293ebc1171ac558ebab80017', 'fe9d454f23c4252642b19e2aa7c96ba8', 'ebc2bfae6d514e11dc892e01511f4f90']",0.2613391350008926,0.20496691473916773,0.15623280654038202,0.5477497011050385,0,likely_human,1.0,0.20496691473916773,0.2613391350008926
UCIZ0NLA-qP34vPkTa4H9Olw,-1,1,1,['35f89506935a6885639ab766f4281295'],0.2442592415893583,0.20491850097499262,0.19725129105491085,0.5372433762966942,0,likely_human,1.0,0.20491850097499262,0.2442592415893583
UCum7UAPK3gmKm5v3fzgViCQ,-1,1,1,['6631f82fb4d81e11ff6843609c550b9a'],0.29161905603668486,0.20461600900319166,0.14295519929994213,0.4294213597205101,0,likely_human,1.0,0.20461600900319166,0.29161905603668486
UCvV-5-TdCo3Q11xw6tDF4Ow,-1,2,1,"['c5a99eb00e4b1115dbf43af0e9d7db9f', '2e8f39ed15836edbf1820ba44132d23b']",0.24423474734414113,0.20456878687402802,0.18835943650211218,0.5509104938210021,0,likely_human,1.0,0.20456878687402802,0.24423474734414113
UCaUltBFwedl5bkFNmkaX0Cg,-1,2,1,"['895967dacf0a71d48d0b8c464767d065', 'bc5218540fec1668a8fcfd84095ec084']",0.24769088833144653,0.20450396795068457,0.19764519818137868,0.5158779873831768,0,likely_human,1.0,0.20450396795068457,0.24769088833144653
UCh7hQ-C8DqB3QvJ-PYbRE0A,-1,1,1,['642aceff4d2182a756048a81413d895f'],0.30177210183250003,0.2042260294553864,0.13619931558033588,0.40001294552439726,0,likely_human,1.0,0.2042260294553864,0.30177210183250003
UCO2gBozdmbKqltuxg9JZE8A,-1,1,1,['f6f7a5db15634a33c12fdd960da3ffc6'],0.2934635143504066,0.20417011300361632,0.1645230016155855,0.38409556880818996,0,likely_human,1.0,0.20417011300361632,0.2934635143504066
UCeOLmyJIvGDGDzY1cjDCXUg,-1,1,1,['06c38370924b5085d712001979a0df0a'],0.257827157250367,0.2040358938359001,0.18125608963454148,0.4958679648533807,0,likely_human,1.0,0.2040358938359001,0.257827157250367
UC_lmVUakK2_GB6OcyWIIn8A,-1,2,2,"['5dd6a7df9dd7f2b96bdd5cd5fd17ae97', 'bfd960933a190b116ba21c4a55bb6505']",0.2753869289123638,0.2039771186122511,0.14646306880361099,0.49226025116441574,0,likely_human,1.0,0.2039771186122511,0.2753869289123638
UC8QgHdr0fg7BLRnvRsBnz8A,-1,5,2,"['19f551b40630476961ca113b65a9379e', 'e29dc7af6bab97ab88a21ca3dbb8f36a', '7a373ff4fd56c2b1092ffc51255e1353', '0bb4de0ef169bfb5066c4fbfb1fce6b6', '888083e32618b85c83b560339235a995']",0.263962244630931,0.20337859048094445,0.11583222263973098,0.6061156820016116,0,likely_human,1.0,0.20337859048094445,0.263962244630931
UCSwydHPBCt9H43eTs2xivBg,-1,2,2,"['36186d4b26b788cc2893f7ebe9260cdc', '4f3bdf493cdb9fc164a650515435a1b3']",0.27818660314326615,0.20313895656951164,0.15771502633301412,0.44914317749781646,0,likely_human,1.0,0.20313895656951164,0.27818660314326615
UCtuGkU-7CbRQjm2Ir8lvSNQ,-1,4,2,"['e3bd44ec7e9421504cd026212f51d876', 'e4b6a6c89676a37a19e826bee9ff600c', '78bc083524953486e0199e35999a7880', 'ce1d7a65636e0a1d176e88f4544bdd10']",0.2726146442470317,0.20300958583543358,0.15892334933990745,0.4689420997004693,0,likely_human,1.0,0.20300958583543358,0.2726146442470317
UCHRxS9neoWZmwRB7bwLoXoQ,-1,4,1,"['d8985b2df8dad2c5e16a5ea3999190af', 'a2d53b0c7a45af9e91d7c5e0e3b9b5ba', '2f10ae66d699df398cd57d1efd967a1c', 'be4e99530226caf7c4a5d05ea61c9dee']",0.2900377345833018,0.20300181680858867,0.12600589151586286,0.4598628031072692,0,likely_human,1.0,0.20300181680858867,0.2900377345833018
UCxSeMMEKQz-rNxOCH4FqVZQ,-1,2,1,"['a0186d8bba789664d0735a298712a775', '711d051b830df610f04c29fa347936e7']",0.28708671453511314,0.2028640607650426,0.15461631199964562,0.41861550827372057,0,likely_human,1.0,0.2028640607650426,0.28708671453511314
UCOGJDGo6QGauqx5-Cfep47A,-1,1,1,['3457152b1442163923e7aa7f64e63bbc'],0.29736002923689814,0.2028409424019298,0.14184859846167078,0.3900052243876718,0,likely_human,1.0,0.2028409424019298,0.29736002923689814
UCi0QvnLugGqqLjPCHXldScg,-1,2,1,"['91ab82b5033bc340e319f5de536c3531', '365475dab75b11ae8d90f1097934c23f']",0.2631434461846958,0.20275743024055543,0.14349416689199235,0.5420064098733905,0,likely_human,1.0,0.20275743024055543,0.2631434461846958
UCI_49duMnRbGPTXSaTrmEDw,-1,1,1,['a9a509d2b2d8d95ae91688e7593fb5d1'],0.4502266115449395,0.20268695452457508,0.0,0.0,0,likely_human,1.0,0.20268695452457508,0.4502266115449395
UC8vszbXVCsV9-vQy5KRZMsw,-1,1,1,['c34c9c65615d80bd0fca19e94d0bc633'],0.4502266115449395,0.20268695452457508,0.0,0.0,0,likely_human,1.0,0.20268695452457508,0.4502266115449395
UC2CGQArgI0vKQi9PoLQEgfg,-1,1,1,['4ee01e739e15c21e891189c3bf1cc603'],0.45013933547695606,0.20261495176848873,0.0,0.0,0,likely_human,1.0,0.20261495176848873,0.45013933547695606
UCdcK5-bVSs2Tgm29-H5irXg,-1,1,1,['cd170080005b6e75c57c9c6bbab832d3'],0.45013933547695606,0.20261495176848873,0.0,0.0,0,likely_human,1.0,0.20261495176848873,0.45013933547695606
UCYP2K9BqMllOSVMWJgYzb4w,-1,2,1,"['9b4684b7d05b073faf25dd3cd9e5dcdc', '0b955ee6b620678c5bea6bf50c634ef9']",0.24680819558520112,0.20260418044823975,0.19099969695505353,0.5167134339493691,0,likely_human,1.0,0.20260418044823975,0.24680819558520112
UCY3oJLso_yBnkBLHrd7G8Zw,-1,2,1,"['43d62547cc87bc062bf57c62e3ca2fdd', 'c4251d2b5611e282709881e346a5a2ca']",0.2832424098760109,0.20246204289613817,0.1451280351445776,0.44474327140060194,0,likely_human,1.0,0.20246204289613817,0.2832424098760109
UCNzJB4rIj-DFBXh1p8Ura2Q,-1,2,2,"['f518679a3348e8419999b3cac67d9ec2', 'be1264c8dfc1b3ba6308e3cc7bf7849c']",0.26458249390447997,0.20245187754759114,0.12593891772445584,0.5747102645433723,0,likely_human,1.0,0.20245187754759114,0.26458249390447997
UCM24I7ZX80jW8ZtfDInmwpg,-1,1,1,['6c912d9a6f5cc2289a2295e2ac288dd1'],0.24717011656339022,0.20235508421184895,0.1816851125553579,0.5349000074130223,0,likely_human,1.0,0.20235508421184895,0.24717011656339022
UC0qnzjl-NzsFmdhrpyu753g,-1,1,1,['4e8b2b5446aea4fe9029761159c44640'],0.3130387411608869,0.20224635650598924,0.143344241693195,0.32007903644212765,0,likely_human,1.0,0.20224635650598924,0.3130387411608869
UCAo2taThK9o6t06rSX43xVg,-1,1,1,['959d26784d7663dd2cbcbf8381a5dab6'],0.29282759989680507,0.20174226065923895,0.1505041037274856,0.38242101039475435,0,likely_human,1.0,0.20174226065923895,0.29282759989680507
UCRKChwGlWNgsb2oNX4vR0YA,-1,1,1,['4ff927f8ff4fdadfaf03a1cd37248ee4'],0.2763889066370009,0.20165637586651752,0.16542207552545163,0.42161502871418677,0,likely_human,1.0,0.20165637586651752,0.2763889066370009
UC0eDTmH91lqw18vKVDc7DMw,-1,1,1,['d69f90bf15629305ea7e2dd8f41e1a91'],0.303170109913395,0.2015572396694119,0.12833416625978278,0.38121704698696035,0,likely_human,1.0,0.2015572396694119,0.303170109913395
UCTyb5pgu8Ql9Drj31HvIydA,-1,1,1,['d79c996362cc72c8797a32e285da862f'],0.25971984299419626,0.20127210228885523,0.15930919336196628,0.5134070381110322,0,likely_human,1.0,0.20127210228885523,0.25971984299419626
UCdG3SV0qQAz7nAkLESJ383w,-1,2,1,"['7ff0855e9a08758602db27cc33f00f75', '220c23fb369b85134f4835044c8bd7fe']",0.27846036200016344,0.20121094447168675,0.16291704642916582,0.419047922327863,0,likely_human,1.0,0.20121094447168675,0.27846036200016344
UCdq1lNFbqQRWchCWTFEC5YQ,-1,2,2,"['23652545f7fa2e6532740eee8f6bf70c', 'baeb44bf7c80a29fccde2604fce3f770']",0.2684144590676717,0.20056722729317672,0.13594089572822207,0.514080595012107,0,likely_human,1.0,0.20056722729317672,0.2684144590676717
UC7JVq88Rgz_OHr7mF_oBI3g,-1,1,1,['73dabaf88857b5cccbf135a5b7084262'],0.44519445720410344,0.20041042719338537,0.0,0.0,0,likely_human,1.0,0.20041042719338537,0.44519445720410344
UCkK7L2nqQs6GgLM1dr8lxpA,-1,1,1,['d446e24557777743f8bcde0244e8a610'],0.282062565318336,0.1999373065871427,0.14285688054437148,0.42609642641193357,0,likely_human,1.0,0.1999373065871427,0.282062565318336
UCC6xLfjipmozpj02ZbLsDAg,-1,2,1,"['3a713fc36b74c2c999bd0f1fe5ff7cdb', '9f1f81658de73db631fa7b6d07a2b379']",0.2422585920798936,0.19980057860631648,0.17688569843034047,0.5384206885810976,0,likely_human,1.0,0.19980057860631648,0.2422585920798936
UC972Bhyi28MtzrjYUIP5e1A,-1,1,1,['055c3fc26a2a057e0cdea09ea5b616f5'],0.27017087449716937,0.1989322032443693,0.13653269145787106,0.4882718195508542,0,likely_human,1.0,0.1989322032443693,0.27017087449716937
UCzsiCl8VmXd_yvnNRZtUubA,-1,4,2,"['814bb2dc00c638964bbc1f40228afce9', '2ac6dab6965fa08c784b64fd0061cfb7', '7d33b2b14c776362e6214ea44417bc1c', '16dbaa3fa72ed5fc333acb9b34f0cfac']",0.2622562033982063,0.1989289060960957,0.15994504251840483,0.47221996836270336,0,likely_human,1.0,0.1989289060960957,0.2622562033982063
UCLQjnBSMoHgTf-5-9b-Scwg,-1,1,1,['b359f2fda319db85dfbc3ddbe95df617'],0.33315129351408457,0.1988566730916006,0.09300530656142461,0.2914065856304956,0,likely_human,1.0,0.1988566730916006,0.33315129351408457
UCbpuAYLNvi_3y3LiymsOe1g,-1,2,1,"['ebbc034168df2fc1851f305fc5538a6c', '35003e165d9e4e527d06e3e254679f5c']",0.25476302382635596,0.19871226206683257,0.11157525380081756,0.604224114259915,0,likely_human,1.0,0.19871226206683257,0.25476302382635596
UCoHsWnEKrWBQ5N6eLXuxgCA,-1,2,1,"['1b155f6ad9afc42fd3993d52742c668b', 'd6ec9da01e3459bfba0cd98ae372056b']",0.23496055952441847,0.19833476388303445,0.14556440086891076,0.6223991615229092,0,likely_human,1.0,0.19833476388303445,0.23496055952441847
UCv89AloCrm5pk21rMGkxRkg,-1,3,1,"['4853ec570cbfd3d82deacad8e081ace4', 'edfec4f80b6a9ef9f18e9515d93fda23', '1b19fa4c3a8a09f901a1917fc9e1b3e2']",0.23975851727351818,0.19832823948550563,0.16304353713321695,0.5632607444808341,0,likely_human,1.0,0.19832823948550563,0.23975851727351818
UCdvDOQxVxeIK9pI9Tj91D4Q,-1,1,1,['0423c0013e9ca141cf84f5d52ad6bc38'],0.44010718113612,0.19808842443729902,0.0,0.0,0,likely_human,1.0,0.19808842443729902,0.44010718113612
UCT6fnActarFtXJtL8miBXwQ,-1,10,1,"['fd7cf744c0b1703f8f434024fbecdff5', 'c5fc2e770822cbddc0cade66a781c2be', '03a1306b61db8817e0c5a95e606432b3', '2b88ea708142efe860fa3340576879b7', '28c0a5823deabefdfd8394bd3e0d5fa8', '74a40cab0a07d3fddc19d7bbbad9d95d', '9a881921e47f62bbf062addacaed15ff', 'a8f4c99efe61a520f93a6badded1a91e', '5dadafed954bbd12d620f60613e03843', '73ecf54506da1aba011e0ce2c96f5135']",0.24591800206509262,0.19790087936838863,0.14092929980566857,0.575756528911527,0,likely_human,1.0,0.19790087936838863,0.24591800206509262
UCAH0RDKkppD73KGTGu3sE2w,-1,1,1,['f3d10e47fc901b842150eb2ed9778dfa'],0.2581568963796146,0.19775748117283237,0.13209064787199237,0.5344482391865317,0,likely_human,1.0,0.19775748117283237,0.2581568963796146
UCrjkXXUo_DPQl-hJJWz8Ehg,-1,8,1,"['f2a58d1818a9aeadafdbac5ab3a0f340', '42fdf6abf874b390d49ecddf6e30ebe4', 'da4fa82e239dcb2e2b81043a0ce1555e', '2378020af70d1baddab0920aace29c06', '00443dd8f0bd553626b4ce4b248931c4', 'ee13488e4870f37272d14ea1b1dc2715', '3179facc410120b537cd7c37ac9b2781', 'b3b0a68afff32ed621b2db13672974f4']",0.28121767151866905,0.19752408738363686,0.12635624012744592,0.44363160193180734,0,likely_human,1.0,0.19752408738363686,0.28121767151866905
UCu0q359LfeaGctN0d2k9xug,-1,2,1,"['3f93c5b9389bd88637b19193bc8c01e4', '156e6b07781766fadda534321d3dc8bb']",0.24896660098914586,0.19746934633726987,0.17707986127568998,0.48145767013143115,0,likely_human,1.0,0.19746934633726987,0.24896660098914586
UCq9WU3fs4baQDw40_ylL-wA,-1,3,1,"['c9081bc562a348395a6361e3982f28c6', '4d388b8870441d3a5bc328b1878bba6c', '69717350eecc86209c2f34eed7351be5']",0.24171986688657185,0.19734596440769758,0.1702126303887234,0.5275613007105511,0,likely_human,1.0,0.19734596440769758,0.24171986688657185
UCR3HRjAWEpdZZkp9ulnAuug,-1,2,2,"['e8d14442073e1dd80ee939e80e6a0d05', 'e6365e7db103970b30472801bf58f860']",0.28007273884291967,0.19733123711947947,0.1343653594079077,0.4294213597205101,0,likely_human,1.0,0.19733123711947947,0.28007273884291967
UCd4cqMlW9eyZjPtr6sgB7hw,5,1,1,['f05b9a05d002e07b79f5ae028f29403c'],0.18170549287516957,0.1972729057105599,0.18224819893624966,0.6814453576692415,0,likely_human,1.0,0.1972729057105599,0.18170549287516957
UC11dKYyBQQOi057nlhAOUMg,-1,5,1,"['bdb7cff68343801391679c6682443368', '4f0f046a420acbce6faff2f85745406a', 'f9846bcbcca009a45d98cfa57ed9cf2f', 'ea560613e22c1faa0f63886a5c5f7523', 'e505f6cc27f4711e5bf666bffb0dc5b2']",0.263374171567018,0.19666827448785418,0.15511489851263313,0.45901631599178283,0,likely_human,1.0,0.19666827448785418,0.263374171567018
UCVIZe_89OvywjoCT4SDaNVQ,-1,6,3,"['2747b1306a4cef3e60ab5e62c5a5541b', 'b99ed401e38cdb5ed687310f4c237ad8', '111904d9f05c44efd5607b99a3bfb1b3', '6879978dc2d6709bddd2b69da1197724', '7260996c56ae8592fbd9084ff4e9325a', 'd4f4a2c59ddcfa850ec620d9dd6cc56f']",0.23335518832285415,0.19589275851044274,0.14090383353189825,0.6114113977879314,0,likely_human,1.0,0.19589275851044274,0.23335518832285415
UCrm9q7Lf5RJpSGOw9_pR5EA,-1,1,1,['13f5d4b6747c83dfb5ff536fea22ea25'],0.23074500154928898,0.1957985370667343,0.1956497737373047,0.5153892595823424,0,likely_human,1.0,0.1957985370667343,0.23074500154928898
UCu1oTg1OkgGUbRG0S5rqnGQ,-1,1,1,['d60dbeb1e58c10408d6042f6759cf934'],0.2267531348529847,0.19578016477288743,0.19506860079371022,0.5261189363369028,0,likely_human,1.0,0.19578016477288743,0.2267531348529847
UC9RM3D3ttctKRvnFJD6ETVw,-1,2,1,"['21303957349777e4115c6cb51bfa500e', '33e57a18d561caefb38d4bc2c356f162']",0.2655369750816016,0.19532354657071754,0.16049461256819111,0.4178192259209473,0,likely_human,1.0,0.19532354657071754,0.2655369750816016
UCpZLmoo2322awSJ1HB7Yieg,-1,1,1,['a85ea4739679935964d75f5c69260517'],0.2544104135354778,0.19497390675382736,0.15959196339344292,0.46769556511118465,0,likely_human,1.0,0.19497390675382736,0.2544104135354778
UCghzfrjsrgC1voCfnDhJ4Pg,-1,1,1,['28de6af2e86ebe37f06aaffd62b99a13'],0.25132900308088973,0.1948857342369751,0.170607016811129,0.4559840901616805,0,likely_human,1.0,0.1948857342369751,0.25132900308088973
UCSikQ5kZbBx2w-8uxnQHfaw,-1,2,1,"['20f2a529a27bcc5e9d980222110edc79', 'd1caf94966782fc3c357359965516b0a']",0.2685121694660147,0.19412775564176768,0.15240020268852741,0.4152768072286678,0,likely_human,1.0,0.19412775564176768,0.2685121694660147
UC0EcEYUNaCQDnNEAJy7rpNg,-1,6,2,"['6b2096c881de4fbf2d3646b9daae7ed2', 'd066ae8c65a02d4765a7a3e442e6d473', 'e9b8b1525e14febb3cc413c91fd2d015', '2c97c75e56f2b72197254692503a7afb', '82c4e6d23e9a8b773bb102d86c80a4c5', '9f2d71e5059f690f4b9a47904188326b']",0.23954524593705065,0.19404901713291312,0.15129089600332551,0.5457364062179604,0,likely_human,1.0,0.19404901713291312,0.23954524593705065
UCgKBqxWOAjdKbbiQsWuUdfw,-1,1,1,['34b028a1a95801015cee144e033abc53'],0.2779786201813619,0.19404576116250752,0.13331054830438918,0.4087811381335665,0,likely_human,1.0,0.19404576116250752,0.2779786201813619
UCOYdQQLsqq6Kr7qz_4npQEA,-1,1,1,['368788f54246c442f164d636862a3058'],0.43040422599908124,0.19383348644924206,0.0,0.0,0,likely_human,1.0,0.19383348644924206,0.43040422599908124
UCXZ34t-pxdzM07QNmuJbFVQ,-1,1,1,['467ed6115b5ff0b9e6530ff2bff3cadc'],0.4301209615679069,0.1935997932935232,0.0,0.0,0,likely_human,1.0,0.1935997932935232,0.4301209615679069
UCJi8k3JAHwYn6BgiM51rwZg,-1,1,1,['c63440cbbe458e9c892fac43ed3dac66'],0.2748766029911931,0.1935033382336152,0.1310817980805332,0.4207135861954171,0,likely_human,1.0,0.1935033382336152,0.2748766029911931
UC_2G-uSo2ZpRHMgXlRzAxIA,-1,7,1,"['57a358a1c488a70111f37bcdde3cfc7c', 'f97931f99d4060265b44f6f3e7cedfaf', '933d68265b13c9ada1e85f6321ebc545', 'ee1d89133301eab8ca5539e3301b8ac6', '4f50685b32e907ee49b4dc36eead91a0', '73a5418ee5eda8c8c53f21107625aae9', '14300aa02eadb5f52d3e4f3f0406d07e']",0.24164189714603748,0.19325261374265051,0.14632165251957718,0.542315237959769,0,likely_human,1.0,0.19325261374265051,0.24164189714603748
UCx4YWHbKuR7FHfIkGTE_HvQ,-1,1,1,['20f48b1fbe881aaed0a71df23ac305b9'],0.26610339599356725,0.19312533823723171,0.13956818038430596,0.4405316465378752,0,likely_human,1.0,0.19312533823723171,0.26610339599356725
UCMyb0XaEYlXQywqws2Mr-oQ,-1,6,1,"['1274bd495ca021132f060046aa3f0f2d', '9694df8fd0485136cd71d13f9b43598a', '1ea81ca9a3bef8fb027e685c497e08b5', '0f7686a3c785aab17f658aa75e351e45', '2e338f8d653d1df5a5b0807b47479915', '6f01aabcdaeed321b4e9158736d830f8']",0.24977510143075576,0.19254927446650882,0.14469609584530654,0.49984638380037566,0,likely_human,1.0,0.19254927446650882,0.24977510143075576
UC87n4ULUVrTiSdtsH-Jcxmw,-1,1,1,['8f5deb37eed0a6314198725a01ab70b0'],0.3035947515251634,0.19239923627680658,0.11866376062160955,0.3126170503252248,0,likely_human,1.0,0.19239923627680658,0.3035947515251634
UCM8mbntSnQv7pp9TLqIHA1Q,-1,2,1,"['1bb334686d9ad28b584555b4b2b4ba42', 'd9bc971ff1aded77885a060acff3d545']",0.25515728490135386,0.19207613358217923,0.14071949219940155,0.4810741892559326,0,likely_human,1.0,0.19207613358217923,0.25515728490135386
UCI-WAJKTstGObet5eWLi1Pg,-1,1,1,['8eb6a052c0d543760b7d6b70c12cee65'],0.4252740774766498,0.1914761139182361,0.0,0.0,0,likely_human,1.0,0.1914761139182361,0.4252740774766498
UChaq24PtRefEzYjgWFsvz7Q,-1,2,1,"['ad230d5f3c1be001b9a1bedf2cbb290f', 'c36a92a82517a78d180495b40b88cf67']",0.4252726715686274,0.19147495404411763,0.0,0.0,0,likely_human,1.0,0.19147495404411763,0.4252726715686274
UCwSA8D1qBUFfmX_v5tNKdMw,-1,1,1,['62d65e2e9fdaee835537ba23c115301b'],0.42523886081763895,0.19144706017455215,0.0,0.0,0,likely_human,1.0,0.19144706017455215,0.42523886081763895
UCJKk3foKoxS3j6k-kQCJ_KQ,-1,4,3,"['75d36490d2a0032c3c99600e20aaefae', 'ab8fd02a21c4ee563a1aff1e11432e9d', '45852e2cf78fbd138df1950ba9a76926', '8c8fea3c40555c3be567ac2819518a7b']",0.261111959676782,0.19143825672310488,0.13897606084363645,0.44871409756903674,0,likely_human,1.0,0.19143825672310488,0.261111959676782
UCeoY3tpYSRKcxAAWBRbjm3A,-1,1,1,['8c8ad18a1eb1c33865d76936216bef73'],0.42516842749961714,0.19138895268718417,0.0,0.0,0,likely_human,1.0,0.19138895268718417,0.42516842749961714
UC0bN8JagMTQ1ywkfOTYCPAA,-1,1,1,['f172ee30957d2d90ff905d8a36ebae6d'],0.22488514950826988,0.19128121314481225,0.19893617026534766,0.4842043081958503,0,likely_human,1.0,0.19128121314481225,0.22488514950826988
UCs6Aj1NlVFs6Pjyk0fOHfoQ,-1,1,1,['c369b70d341d867137e31a239bf9bb78'],0.22605432743874715,0.19118660850322644,0.1765888175282709,0.5238851811686112,0,likely_human,1.0,0.19118660850322644,0.22605432743874715
UCqGUd1lvGgoulG-e0RMBt4g,-1,5,3,"['c75cafced59e58a246e62e4facce3693', '162acb34216307d2a4e52fb0e5c3bc51', '9f0b246374e63af671c9f3505bcb8092', 'cc7d0b10a5ae600f0fbc1563dd886599', '7d27de53c33d262f63f8997a2c37e4f3']",0.2527555758606817,0.19113523043749392,0.14802946377050308,0.46204044571593905,0,likely_human,1.0,0.19113523043749392,0.2527555758606817
UCm1AzOxi1cmjltWa8pBYc9A,-1,1,1,['0aa89b0691168d6a664746c32be51f61'],0.2816911048540364,0.1910332357973376,0.14708032486516107,0.33404689143116817,0,likely_human,1.0,0.1910332357973376,0.2816911048540364
UCMLkTrKuK8a9PwL4x51dG3g,-1,8,3,"['7bc5f5a38ea8878bb419bfe99e739613', '6a9b261f4021d648e6310f41316164cf', '5e3260a2c11ff2359b0ef8d946ba432f', 'd7daf19e76ebd01b55c233cdd4467f1a', '99ec3ded30d8616b804125ae57afa0df', '30ba8b1249216450fa61c3182c802807', 'c5aadbfbe0f8934ed9fe7ee996b1888e', '8a9a36396c023da838249cda21968cfc']",0.2448292287496409,0.19102041216102222,0.13797532241530672,0.5176934258627244,0,likely_human,1.0,0.19102041216102222,0.2448292287496409
UCq4c5VbHBVc790b9uDAdjCw,-1,2,1,"['6000313d378e3e138b4b4a9d39ae5aab', '72fdba875e432f17c21390140ff9f719']",0.22657607752615005,0.19077795641036227,0.16811961399831388,0.5450988227025706,0,likely_human,1.0,0.19077795641036227,0.22657607752615005
UCBBvZ9jWvpU4An_-1FgOyng,-1,1,1,['1c72df0d21efaccb8c04b3fba4ad3c7d'],0.2461320119317068,0.1907352458017707,0.17120215346716988,0.4418146503328805,0,likely_human,1.0,0.1907352458017707,0.2461320119317068
UCXvdhkr7XXicWvZS0_fzjLQ,-1,1,1,['a12ce3e75ee582e4da9913313f621de0'],0.23579997424865368,0.190484042206882,0.1807457289259473,0.4730231334720192,0,likely_human,1.0,0.190484042206882,0.23579997424865368
UCaQ9JpylccGt1EtSoRGJ13Q,-1,2,1,"['3c4414f8707f3bc365d6c51b413a7709', 'b7ca6b2aba96cf7612c74c526c2e1623']",0.4227596507352941,0.19033921185661765,0.0,0.0,0,likely_human,1.0,0.19033921185661765,0.4227596507352941
UCX2cDbzfIpXHJ319_iqURDA,-1,1,1,['e8a840b53388ca77e509d8f39772b604'],0.2693095368877955,0.19012921826770424,0.14215461747770927,0.39033051163192745,0,likely_human,1.0,0.19012921826770424,0.2693095368877955
UCn5m3kPF28E95-2st8fEU0A,-1,1,1,['3aee8458b2fab0298b3bb866aba034b7'],0.30119854589972417,0.18947323937602567,0.09594740894539212,0.3384264094840643,0,likely_human,1.0,0.18947323937602567,0.30119854589972417
UC2REi0zKf9eAhByMFHvU8sg,-1,3,2,"['030b7202fb00e0b0f456040169734d9c', 'eee367869e01917030c3fef070ab7999', '4d0b0abe2cb7ad409220d67be4a5ea9a']",0.21343660006560686,0.18935820587013594,0.1791655940525871,0.5562253938337786,0,likely_human,1.0,0.18935820587013594,0.21343660006560686
UCdzDjTbr8EBGrqV2a04O0gg,-1,2,1,"['b27cd565507536e198c2fe2a82bc93d0', '217de4ae9682d75e59049bb2bc61703e']",0.4202703737745098,0.1892230583639706,0.0,0.0,0,likely_human,1.0,0.1892230583639706,0.4202703737745098
UCxiJ5eov2TWME4ihip7L65Q,-1,2,1,"['52a8bcafde40e6a80dee2b058548c31f', '08548913b460267e4e57ec148204a239']",0.4202313112745098,0.1891908318014706,0.0,0.0,0,likely_human,1.0,0.1891908318014706,0.4202313112745098
UCKzFJRT8-womHSjgS2wJFog,-1,3,1,"['89ebfbfcba14e788d0e40d638d0dca37', '9159c8aad46476993f6a31cff5667fc8', '0941e2d06b2e08a6b4461d255fcd4cb4']",0.22001217010893437,0.18906404131018134,0.1641265928211264,0.5538175938443699,0,likely_human,1.0,0.18906404131018134,0.22001217010893437
UCdFDlJujJRZcD8OsXuqfjsg,-1,1,1,['d574232918baca717387c8ba7c59a7fc'],0.27172005140532235,0.18889777902417373,0.1455238401162027,0.3662293626774732,0,likely_human,1.0,0.18889777902417373,0.27172005140532235
UCtRvOp_33CFfh9R-dVefuzw,-1,1,1,['85983f563b73e9f3794d007ffba9ee0a'],0.2028295486169997,0.1886958791904289,0.17748721028207143,0.5973467068016092,0,likely_human,1.0,0.1886958791904289,0.2028295486169997
UCOnULsxLCgbXeD313udb7Ow,-1,8,8,"['851f0905892cf9ea81ca8c4649b3f31c', '6c259a242e64cdc47548adfbb8266f35', '1fe9e719f004380a2c8b0f3a3215059f', '9708ffea0e62f80a629d084c73273d2c', '6e52d830b509dc297c9de133c7b24122', '4ec38ac12da827663ce54814167d1854', 'e70cfc13b28b6454094ae6167dd28fc2', '7c84f85529134375acd7d84f5cf9f657']",0.24566972968669992,0.18846226952583767,0.13154801437876465,0.4993123958785497,0,likely_human,1.0,0.18846226952583767,0.24566972968669992
UCP54FTLrZDVYMxikG6YPH0w,-1,1,1,['e28386f773d41c5de95ba5049b9595c6'],0.19934006549368177,0.18823563978375665,0.16240836545841814,0.6434748535945416,0,likely_human,1.0,0.18823563978375665,0.19934006549368177
UCeiXT-V8JMgUEDZIcc9lsdw,-1,2,1,"['19237301e9fd7a0f3e6fa79c95934019', '21eff6c36a25854b0485fb1ffd96a65c']",0.24083578180003748,0.18820253172147178,0.1684848190602952,0.44394017644689987,0,likely_human,1.0,0.18820253172147178,0.24083578180003748
UCfkMzoCpfwCMb6jkpWKJ7rA,-1,3,2,"['d2c6e306292e27ea91c03b238dfc7de1', '0ecf87697ab6aa738fb64c951e8730f5', 'dbefb858921c56eff45b9ff9e4507788']",0.22710684424021774,0.18732263609268787,0.15016387930438047,0.5337751275811425,0,likely_human,1.0,0.18732263609268787,0.22710684424021774
UCcyqN1jollTZ1a2U8JNzF8A,-1,2,1,"['de237d5c48f1f593f7a7850046137d93', '9fbdf06f11f2c463cb23beeec3350310']",0.17541849284897498,0.18721535828420263,0.15718586681160943,0.7579798264725359,0,likely_human,1.0,0.18721535828420263,0.17541849284897498
UCdu4kpHd1_YPth0yhzgIw8g,-1,1,1,['f3308eab1086f5c3bc8a702731649e86'],0.3088760206744553,0.1870142765356713,0.0736317043880827,0.328153710005632,0,likely_human,1.0,0.1870142765356713,0.3088760206744553
UCtDaFPpfXGawAitBQjncc9w,-1,2,1,"['944c6acd0deb4671efbe22c0bae372ba', 'b11cbe7fddf045efa2ef4a8e13760f60']",0.4153017769607843,0.18699896599264706,0.0,0.0,0,likely_human,1.0,0.18699896599264706,0.4153017769607843
UCLvsE8jfDGxXiGh0cbr3bWQ,-1,1,1,['9944e7ea28f7750e92363101c61e9645'],0.4152051753177155,0.1869192696371153,0.0,0.0,0,likely_human,1.0,0.1869192696371153,0.4152051753177155
UCQcqhXRAyYkCrG0Si4Hqi5A,-1,1,1,['05be820047f19d7e50ad4ae11d81c7fb'],0.41516077170418,0.1868826366559485,0.0,0.0,0,likely_human,1.0,0.1868826366559485,0.41516077170418
UCua9p0tKoQWRXPr7WSQrZ4Q,-1,1,1,['56f7dfd60ff5030d3981e3874a8169e2'],0.415150053590568,0.18687379421221864,0.0,0.0,0,likely_human,1.0,0.18687379421221864,0.415150053590568
UCs0w7nnfrB7W4GW1ZVIHLFA,-1,3,3,"['1f92c0074f61c1d1df87f4289dcbbf5d', '4cc7bdac151531c6dd058f864624ef56', '3d28148ff90f3ad96976a19f5744d28a']",0.2194197401035699,0.18679379809467866,0.14175989474527914,0.5831213276766188,0,likely_human,1.0,0.18679379809467866,0.2194197401035699
UCWbiBEZ1JSpKpSX7nwI6ZDA,-1,3,1,"['f2fbaba5e1cd94e1685ceda32c7339f3', 'c0598d23a8fb1e0633caf2af4aa520f8', '9f71959207c23f8a0dc9c8c94e65ac3a']",0.24405766276009486,0.18677099164473293,0.15721806374650962,0.4422470903205192,0,likely_human,1.0,0.18677099164473293,0.24405766276009486
UCWamAT8Rm1adeRK1CuYG8Ew,-1,3,2,"['986df3d0399b508d2b868fc68bb7aa03', '9b9da5f852fa4eef62b9874a251d8dab', '3a30db1c59305972c1cbd91304dc1b9a']",0.21560099349051332,0.1864101929442814,0.15563236936777916,0.5675421285359957,0,likely_human,1.0,0.1864101929442814,0.21560099349051332
UCG4I6QKJDJx4D3uhAWNnMiw,-1,1,1,['fc6ac47d723fcf1763d37ed788b362a4'],0.21915551345282025,0.18586421327994845,0.1581715790697043,0.5443025818748876,0,likely_human,1.0,0.18586421327994845,0.21915551345282025
UCoSduiKXm8Jn_-e0xgyNazA,-1,1,1,['9f3514989517b1d3a7e256a17d230391'],0.19308613178294642,0.1858577612808258,0.16117450503735872,0.6499718492222135,0,likely_human,1.0,0.1858577612808258,0.19308613178294642
UCKDReezB1xnbftcLVBwuS8A,-1,7,1,"['37c507545447a7f633ed5589915deb97', '5734595fb516b9608bbb6e53be22fe8a', 'e5ae5a34098e2235c4bc58055a85e40d', '6c44b8f7582ad8338f926907dd25c7e5', '0d6a0d49a46e16a5a59977301fc7aeda', '7476516e5fa2fdc9d91a892a6aceb8c2', 'd087b9a3ede765898e89fede2262511b']",0.21894991839849762,0.18560384233898392,0.1506481200303544,0.5579120992936147,0,likely_human,1.0,0.18560384233898392,0.21894991839849762
UCJDESGgJQp2Gz9veXf6Dkow,-1,1,1,['4686622943bcdb9a4c7414cc995c8f1e'],0.19792852947003628,0.1855955550416522,0.14967791643332629,0.6572601452733021,0,likely_human,1.0,0.1855955550416522,0.19792852947003628
UCHD9NvHZzcRqcBHloYM-A3g,-1,2,1,"['2194fe4654af23f2eeb017479d9605ef', '666bdf9c249e43451b4e7f263e2f06a6']",0.23361141455962872,0.18557784955864054,0.13526341025421837,0.5262706760030815,0,likely_human,1.0,0.18557784955864054,0.23361141455962872
UCN_tNVqjgDm0FkYfoFWQNmA,-1,12,1,"['ceafd676a93646cce469faf25b3f4857', '922ed6bd7d306f00facabdb428379589', '2c1c2e668965736e218cf3c0792a3e04', '4c2329ef455c74015504b2b1079d5e3b', '4b83074742b193dc991a5a4be91164f7', '089420f7546567dfd6bf51a088d4a50c', '00fd5fd24be55b831b1a906b950e3813', 'df71109f65f8834585b2fbcea4260b56', '05a377ae6787a0cef9f2908c306cf6b7', '74974e07b8596cd08a396c152268486d', '74afe0a18d34af589da0ccf9ef5daba7', 'bff88f3c68b5fa58246c67d3964907f9']",0.20336323040009455,0.1852627039940821,0.15393507646417917,0.6181048433798394,0,likely_human,1.0,0.1852627039940821,0.20336323040009455
UCdBSDXHQ4_8_FjBKTbQ7MHw,-1,1,1,['55c3e40dee0d2695a1064e53be4883b9'],0.1854611312417232,0.1852303993876589,0.18120057813610665,0.639919161235434,0,likely_human,1.0,0.1852303993876589,0.1854611312417232
UCF5gg7XSD-1V4HD84Y_PM3w,-1,1,1,['fa1bed063811110f19b873105c98d57a'],0.1782132721954476,0.18488164775889798,0.19473696183261943,0.640095806633028,0,likely_human,1.0,0.18488164775889798,0.1782132721954476
UCVgbEGJQue61el-reCScS-w,-1,1,1,['a169afe98ac2351fd23438b66a8aa519'],0.4102357984994641,0.18469453376205788,0.0,0.0,0,likely_human,1.0,0.18469453376205788,0.4102357984994641
UCTzA9UO5S5hGXxoEiIgmlzg,-1,1,1,['deb8521ae7dbe8f4f6a51f2dd700ad17'],0.41019751952227834,0.18466295360587964,0.0,0.0,0,likely_human,1.0,0.18466295360587964,0.41019751952227834
UCLOKS5t-wsJznaTV-9d6TCQ,-1,1,1,['aee58fbb61ad2164b9ac10b4e66b0d9b'],0.41017148981779206,0.18464147909967846,0.0,0.0,0,likely_human,1.0,0.18464147909967846,0.41017148981779206
UCer_L2MoG6LQPO5-V_LrYHw,-1,2,1,"['272af62e03728d7b9ec765ea380748a1', '58700c5f144498d85c8d031159e7194b']",0.4101478247549019,0.1846219554227941,0.0,0.0,0,likely_human,1.0,0.1846219554227941,0.4101478247549019
UC_teSySwSqDm_Iv1JyP1Pjg,-1,5,1,"['c734cf526af8a48f0737e2a1c35f213d', 'f3be901cd61444c4cf2dc3d6d9b31928', '8c41918487861fd5ec0eaf0d1759e304', 'b9f4939a25a3781678041f305df0b807', '33fede74ca9221eb3f34e9235aa17cc4']",0.23895559648516856,0.18451683177086997,0.1471535004241794,0.4599017450537338,0,likely_human,1.0,0.18451683177086997,0.23895559648516856
UC5Rq1_o5vfQNRqSQDBvRg7Q,-1,7,1,"['f995471ec901c38e8b4af46c6be1815e', '419d66b48a5891245f20547a6f39db04', '80c9aed4e0b254732cfc8debaffcdc59', '21fb218123efaca16c84f222736500eb', 'e8d45102379aea72751f9ddcebe2c4cf', 'a478e26e3ca5fe3ee846f7a15a1d768f', 'b51dbd50b0a0f8e07482f6580901a193']",0.23016149661443805,0.18426726796593168,0.1455751841237067,0.5039215303923308,0,likely_human,1.0,0.18426726796593168,0.23016149661443805
UC890aqHdKuVXi-nZS75qcDw,-1,4,1,"['0c3245f724b2edc539ce22d260cb421a', 'b3f3587d092d40603f6b858f46f47808', 'dcfdd58ccb12fe4ff1b8867bbc54865a', '1452cd06e3150b566be266326b886fe8']",0.20292423100523216,0.18397158465454938,0.17815202688488618,0.5582509685482516,0,likely_human,1.0,0.18397158465454938,0.20292423100523216
UCeQQ7YA6yaPPdp814lWudaw,-1,1,1,['27c863c6b280b13d857d9abd07a0d400'],0.2235221288449748,0.18368974141717645,0.14015661810329885,0.545428206642423,0,likely_human,1.0,0.18368974141717645,0.2235221288449748
UCmkIAgRRaLzmc5St5FM2e_Q,-1,8,1,"['c381816885ef4996d21769478a61765b', 'c7e7ddf5283cb6bc1e6e058ed63ef0d6', '6d180522c9173127e4fab91e506e7547', '221363aa0b74b6d54364d77ed93be220', 'e14cbea6870cf966dba355f26a7e186e', 'ee0e45d790c68cd78c3da6ccfa03c14e', 'bc4a5698659d31d406179a809e8dca1f', '57e9317276a8cd0f0e636f40a635321b']",0.21121739741998033,0.18290234271807254,0.14886626134412215,0.5673761797398831,0,likely_human,1.0,0.18290234271807254,0.21121739741998033
UCh4OY-qD1pA7ac6K2hVorpQ,-1,2,1,"['058407bb8d52a254e113a5f5fc0ecd11', '11f0ca74ef0b0cd3c54c5fca96adf971']",0.2260888459146058,0.18246605103696184,0.12806278593026796,0.5394855022042505,0,likely_human,1.0,0.18246605103696184,0.2260888459146058
UC7Rl2Sz5w-RhgmEkFHSD0og,-1,1,1,['3e659882e2513b1041b103540e6373ea'],0.22956845923813193,0.18229219887726375,0.1586579851132861,0.45259079214955433,0,likely_human,1.0,0.18229219887726375,0.22956845923813193
UCz4d9ALe6BHELAnjmq706RA,-1,2,2,"['c00f525e40356f1d7000980c901d90a7', '7372f2d126f580851a4fe3b201c6e489']",0.22208350002118574,0.18206406363856537,0.14992015345361892,0.5051905454767114,0,likely_human,1.0,0.18206406363856537,0.22208350002118574
UCAUJoWMicKCLyzfv6jlccwg,-1,2,1,"['33782547e1e43bafd30494dd680fcee5', 'a050edb1944977b76e9d066f2ae0c69e']",0.2613398093493165,0.1817713392301733,0.10444989057971962,0.4197025318071469,0,likely_human,1.0,0.1817713392301733,0.2613398093493165
UCNy35ptog4P0UO1rGmQMLVA,-1,1,1,['8e4dd0bf1268322bfefee4a9ac2e683d'],0.2007573127456407,0.18176422198366454,0.1635625526988606,0.5653161946453401,0,likely_human,1.0,0.18176422198366454,0.2007573127456407
UC5VC2nD5eFZSytltSeVg1VA,-1,1,1,['3f162142d2563cad8acfaf6e7aeafe26'],0.22458410897481518,0.18161393889636174,0.15278925695148712,0.4802667461468999,0,likely_human,1.0,0.18161393889636174,0.22458410897481518
UCUOrxWeekzDG1GtlSCjtqfw,-1,5,1,"['91e0464128307be0145cd4761e956a8f', '5a8c19fc6c7e0ff0f21ededf908c939a', 'dea22f8ccf84478fc36ace85dc4e240b', '3f9ec48f4ff5ce8b79d73a25823d16b3', '2f6bab1cdff4504b919fd3db408b34f8']",0.19258474412030546,0.1812723914217568,0.17500894505248876,0.5813320076628554,0,likely_human,1.0,0.1812723914217568,0.19258474412030546
UCzSe9yF5rTTXsxbVSvv2CPA,-1,2,1,"['513491ee74a628711b1665c102cd050f', '4830cc4a3bc9b306cc0b671d914cd065']",0.4026439950980392,0.18124379595588236,0.0,0.0,0,likely_human,1.0,0.18124379595588236,0.4026439950980392
UC6l9ZkC2yL6i09Rxz18psIg,-1,1,1,['55833214e5d5e5a64823dbf073c347f8'],0.2173469017563291,0.18110626250432793,0.19151864311149114,0.43404126008177235,0,likely_human,1.0,0.18110626250432793,0.2173469017563291
UCe6fGAARuRK4NwRF-YH4GEQ,-1,1,1,['6383682c3a93f180669c77041103e5f2'],0.2411937164563504,0.18105259834332693,0.14843075612107784,0.4196206024115704,0,likely_human,1.0,0.18105259834332693,0.2411937164563504
UCex3YxRA6R8Ut1elJWNTUTA,-1,1,1,['3400eb9a94b7c5c31f259a203a3f66d5'],0.2144789744168799,0.18058738459699392,0.18096062690789913,0.4607083120417875,0,likely_human,1.0,0.18058738459699392,0.2144789744168799
UCVm_Kb_tputOlAWgXXrPgmQ,-1,1,1,['52bf7f343d0dea20ac5bca50ad9e30e1'],0.19378673638665317,0.18049784147447073,0.14111097440084208,0.6351119274492643,0,likely_human,1.0,0.18049784147447073,0.19378673638665317
UCj2TDcOpLLa1_e7aljWBq4A,-1,1,1,['bf33711416921934720b2a516bb6d631'],0.254903615580815,0.18035272673829228,0.14648064808253405,0.3456255026897964,0,likely_human,1.0,0.18035272673829228,0.254903615580815
UCy27g7aifdx5iPty2hHa62A,-1,1,1,['443254ca32b12a175a89f924e595340e'],0.25197208246599895,0.18028297037160515,0.12930073273772655,0.39424529493019134,0,likely_human,1.0,0.18028297037160515,0.25197208246599895
UCM2_04oSi2rHx13gNR-M7-Q,-1,1,1,['ad75d73ed3194a46ef324c3b934119b6'],0.4003077629765732,0.1802539044556729,0.0,0.0,0,likely_human,1.0,0.1802539044556729,0.4003077629765732
UC4j3grkDzvGtvMnKsdUhMgg,-1,1,1,['6392700f73b5cc49ec8f445111000798'],0.232458529019345,0.18021691330361456,0.14175517751119068,0.4538003620763596,0,likely_human,1.0,0.18021691330361456,0.232458529019345
UCyg_CnxM6s_TKlKbIYL8n3A,-1,2,1,"['a64325d65345295cb5b1c3ea1d78f786', '8ae55dc50e646cbee50f7a891f9e26e6']",0.16605199831999193,0.17907494561319529,0.17126947834446518,0.686271475048513,0,likely_human,1.0,0.17907494561319529,0.16605199831999193
UCYimwMx8oFM5yGNDHzikeGQ,-1,4,3,"['6aa75cd35f12da1224d94b211ab5bc5d', '110804e0642af2b22fd5d7856cd62010', '8c2642de24934fbd3065d4e4b747686a', '11241a3ffedfd381e5c87af64686aa23']",0.2801088900777381,0.17906705942084783,0.07752352688945617,0.3718948214244319,0,likely_human,1.0,0.17906705942084783,0.2801088900777381
UCXqSyGPc3Elk9F_orb9dg1Q,-1,1,1,['f2560b0eb6cb6c1dee520375bb3a0137'],0.21844293687275712,0.17881921542502954,0.14369849029749418,0.5110186880726488,0,likely_human,1.0,0.17881921542502954,0.21844293687275712
UC-SBRZ_2aOWkRObbVZ3ziZQ,-1,1,1,['398ddb0c08eaef392f450222f30a8bc6'],0.2316038493484789,0.17849903080975205,0.14626952999366358,0.43665405631360443,0,likely_human,1.0,0.17849903080975205,0.2316038493484789
UClVK1bGgCaPXzGrM9AZoA1w,-1,1,1,['af00352ea2545648781cdb77f0d91f12'],0.18618861734892683,0.1779366274636827,0.2049275517862236,0.5138710984221109,0,likely_human,1.0,0.1779366274636827,0.18618861734892683
UCPdD3YpXTI2gROpI-LtEiNg,-1,9,3,"['04e1856f5c1621eaaf463f99e9030ed4', 'd128b53800503f2ca3f8ef9860bf1438', '82ef637e66f1a209bd1cf72a38008aea', 'e4fcd4257a0f0aee848e851f7f016b99', '8e00223ab8cb504edbc1cc9dd56cb522', '5929b3da83e92258d7a560a58e03ee4a', '38055faba83fe621b75374efd4b4dd30', '791f9cf70b4e75597d1e6b3443856f1c', '5525d82df77311967b4f589c93fadb79']",0.18269968131511177,0.17782581159174426,0.17941491308310942,0.5771747525801174,0,likely_human,1.0,0.17782581159174426,0.18269968131511177
UC4bZTlgJTuKUiM--BdCEGrQ,-1,1,1,['e390888bd80b2639d127b1ee3d4ac8d1'],0.3950842137498086,0.17781947634359213,0.0,0.0,0,likely_human,1.0,0.17781947634359213,0.3950842137498086
UCHhUwOuBkNtZC0cgpo0kJIQ,-1,1,1,['08cf4e6c14067974e71f6cb82869cd54'],0.18280739748893024,0.1777610560126025,0.15733688798061374,0.6223547139288245,0,likely_human,1.0,0.1777610560126025,0.18280739748893024
UCcsn98FlWazrObZxN-QjNGg,-1,1,1,['6d1a62f8d1bbba35e6c27d1995ee9830'],0.24927997295346116,0.17695622603250544,0.13788625092002907,0.3578696158347743,0,likely_human,1.0,0.17695622603250544,0.24927997295346116
UCyvhXE5Bz2aBgu8iy61A81g,-1,2,1,"['913e442f392b0d2f530a9c8b04b7d7bd', 'ebc0c813d7f7eee7936f8614a95a24b3']",0.16555133211025397,0.17692502375841737,0.15294180960214487,0.7043795700599383,0,likely_human,1.0,0.17692502375841737,0.16555133211025397
UCmF5u_Pk4xaHumwEPjYunzg,-1,6,1,"['7a95d597d5df6f4de4a0fbfbfc718deb', 'd1f3c7db757f6d2001b629ff8c395ea8', '5c1a8d70a575414c0ccc5628c7a18af5', 'c8f23445af028f8462a44cde559fb22f', '1daa395e16d759a223589115c7beec7f', '711f3a59678257ef537ca14171570207']",0.21464572019037934,0.17683279587726647,0.12007434861189764,0.5533154321859574,0,likely_human,1.0,0.17683279587726647,0.21464572019037934
UCedwQqGQ9mwfKZccL7EZfYg,-1,1,1,['a9a39a967dddf67832f3403c4e3a4173'],0.18661773773441834,0.17674898873138137,0.200484635464692,0.5074530504466974,0,likely_human,1.0,0.17674898873138137,0.18661773773441834
UCahg1b2PTnhHiJMohYWW2Gw,-1,1,1,['01d8a26335383530d61c6e190360dc1d'],0.19745915262083968,0.17617427906234454,0.18536413328151663,0.48110743234930736,0,likely_human,1.0,0.17617427906234454,0.19745915262083968
UCXTPWC61RIL1zEcuWDw1fvg,-1,1,1,['51f8022bc6d9b323744353a9e129234f'],0.21207378577820785,0.17603908639081628,0.16912098564548125,0.45438057882253047,0,likely_human,1.0,0.17603908639081628,0.21207378577820785
UCMBb9E7-qw3HHGkmBaNECrw,-1,1,1,['bbaf3f1135801f3b51199345f62ddf35'],0.3901837390904915,0.17565158474965548,0.0,0.0,0,likely_human,1.0,0.17565158474965548,0.3901837390904915
UC8vrNUfUSRsv6b4fOQ3voHw,-1,1,1,['b8bb6061b9f65da2fafc62e03e88a734'],0.3901224927269943,0.1756010564997703,0.0,0.0,0,likely_human,1.0,0.1756010564997703,0.3901224927269943
UCpuvOtnt-QDmTobWfhAvX_w,-1,1,1,['99d6a5610bd828ebcbfb7bf66b57695f'],0.16749310153699293,0.17557644584952375,0.19528202075092266,0.5903318831439422,0,likely_human,1.0,0.17557644584952375,0.16749310153699293
UCQEWFgzTCe0SucHJcdPv2iQ,-1,1,1,['7ad17c567843d204c459fe454c6edb50'],0.23862728787504628,0.1755124671664488,0.1262858490867353,0.41727536958526523,0,likely_human,1.0,0.1755124671664488,0.23862728787504628
UC8Sr1VpvFe8B60VCUg7oU6Q,-1,1,1,['1f43677e9851c93c8942bfd6d473301c'],0.1743408316066365,0.1752192130033548,0.18138711414664294,0.5827531008275272,0,likely_human,1.0,0.1752192130033548,0.1743408316066365
UCKCG91b9Yez3AEaVqwcFfBg,-1,1,1,['e80b68d8f0807438aff945d982e31fe3'],0.17071932600590461,0.17465519894097215,0.18797364046256865,0.5857144753084765,0,likely_human,1.0,0.17465519894097215,0.17071932600590461
UCsrvHrmBOk-x-vxDS7O5O2A,-1,3,2,"['4b683869b1674aa86ddd3b51dafcdf7e', 'df0d62d00a5d62dd4299e146ae99fd87', '5b8611266d5f8f1cee8de23f1f41fece']",0.23743052086022964,0.17407982879254902,0.131257074652987,0.39915331812875104,0,likely_human,1.0,0.17407982879254902,0.23743052086022964
UC9UzUUP3O3egW7dFZZnED7A,-1,1,1,['da43e6e2e154f1e184e47bfd1f3f0f85'],0.2089506924226518,0.17364582718940944,0.16911146415959732,0.44878462951720255,0,likely_human,1.0,0.17364582718940944,0.2089506924226518
UCPJiCZZxpw3F2XZBULaWfjg,-1,3,1,"['7751090ff0c714ae89d156b21df62f28', '0ab20216756288dead36347fb17cbee0', '7bf5212bdfcbcd3913dab127cc8e3ab9']",0.17878650918529013,0.17302070496611885,0.14069604147441575,0.6311278848364421,0,likely_human,1.0,0.17302070496611885,0.17878650918529013
UCiCIuchZKiEjtEr9RMTuJwg,-1,1,1,['97402368f6c77c0c6f2ba843c99c6a3c'],0.38033838615832183,0.17127916858061554,0.0,0.0,0,likely_human,1.0,0.17127916858061554,0.38033838615832183
UC92OdpEh1sy-OuAd6geyGXg,-1,1,1,['9e0f6dd52c5b5656199e5dd85154b1a7'],0.17274942583731628,0.1709825848481219,0.2137545536850978,0.4856724278268946,0,likely_human,1.0,0.1709825848481219,0.17274942583731628
UCFTyqtEGmpdK6UQEBPR1Wyw,-1,2,1,"['a701c912302c962952cd031912b07a19', '9393da1067cb98c8fe75201492afd930']",0.16782886370699238,0.17052920972409197,0.1826888062877181,0.5733991083353771,0,likely_human,1.0,0.17052920972409197,0.16782886370699238
UCtZeJEG71TDel7J0Rz5W-DA,-1,2,1,"['8714e1bb22b9350bc31cf13ab26497da', 'ad9d32d4374e59b55fe5f6b9bd6d86be']",0.1824315916320915,0.17009876994504441,0.18176713545404571,0.5019025992433785,0,likely_human,1.0,0.17009876994504441,0.1824315916320915
UCEaqwC_SaLXfsplkcGr_K_w,-1,1,1,['e9c1c7a7c15b4009118d1c8f1c47166d'],0.15955083050759736,0.16998713871919474,0.18293398096622068,0.5942363816482708,0,likely_human,1.0,0.16998713871919474,0.15955083050759736
UCDt-ZIf_2C77TFXj6s9RDpw,-1,1,1,['723b70569514ef180b7f3ea6733cff74'],0.16532183675924264,0.16991084470290668,0.1910382095797998,0.5561129223180963,0,likely_human,1.0,0.16991084470290668,0.16532183675924264
UCHojnA9H4acOTeLT5tugjbA,-1,1,1,['958fbfead78ca6d9a80fc7ea6a3f2e21'],0.19953464887229416,0.16952469866415967,0.1886636585130217,0.40614481958089754,0,likely_human,1.0,0.16952469866415967,0.19953464887229416
UCI65EzNMSDUYj-BbHI-vN6g,-1,2,1,"['bfc281f86b52ad7e6fa29469ba34f327', '961538e5f4617321e16fab5d5bacd36c']",0.1903116112282946,0.1691866322842775,0.11955097071391917,0.5901085080670967,0,likely_human,1.0,0.1691866322842775,0.1903116112282946
UCTId42l-GR6OfDscIv-5edg,-1,1,1,['a7dbe5a5d74f8cf47cf24d2f9c4f4df1'],0.15880217701562088,0.1691155620127073,0.20514504790666974,0.5519901046884023,0,likely_human,1.0,0.1691155620127073,0.15880217701562088
UCql9P2MZDsIYwrlvmAPaMzw,-1,1,1,['c4b5d308da3b7feeffc065ab25b40bfd'],0.1563270934207744,0.1690393132246427,0.21511861768668755,0.543690781855123,0,likely_human,1.0,0.1690393132246427,0.1563270934207744
UC4dp2l9M2Xz1NplU0qwNzRw,-1,1,1,['9175aca075e3deb125e7fbbb93411039'],0.16031193446093955,0.16899626049360134,0.17341694862666507,0.6088491952625897,0,likely_human,1.0,0.16899626049360134,0.16031193446093955
UCuc7DDPzv_aDZagki9vZ4qA,-1,1,1,['9ad1629dfea866ac71d45bcc5ec210f1'],0.20209675804793045,0.16856351558533766,0.14653437439761613,0.46487525658941,0,likely_human,1.0,0.16856351558533766,0.20209675804793045
UCU5Cl3FMj5f0rtXyrFIuLvg,-1,3,1,"['c05bfdd099f420529209f03905487432', 'efbf7d8050f2f8552508522491ea19dc', '94a25688f84a7130d478cd44cc43a262']",0.1517728575243868,0.1683870308809579,0.1760646706027558,0.6376452585794604,0,likely_human,1.0,0.1683870308809579,0.1517728575243868
UCPtVAnKO4Y7dssc-6cnGJgA,-1,1,1,['3d746b6483966284a4826d7db9ccc711'],0.17196254190873736,0.1673152296546586,0.14435586112450283,0.5986994805357878,0,likely_human,1.0,0.1673152296546586,0.17196254190873736
UCVr9hdWTKAH79vLZL-_JO8A,-1,1,1,['dbcb9a0c577d1dc8955d4d67cc861244'],0.199502636984895,0.16694018996279353,0.15280659218199977,0.44880708643970835,0,likely_human,1.0,0.16694018996279353,0.199502636984895
UCDrrP3a0-L0Q6bJWke8smKw,-1,1,1,['391bf2b5e206a279220fc5f8f2ddf8c3'],0.1953838119866963,0.16690881627689813,0.17242163288098883,0.4344754462216563,0,likely_human,1.0,0.16690881627689813,0.1953838119866963
UCOuj6ZHYWpBKRymlToU18jQ,-1,2,1,"['071cd76918bf01e88cd1bfa2581b3374', 'd4986c254a2f232e78dee3c33763b329']",0.18291960592151546,0.16678476670082734,0.12460209932400722,0.584763957081916,0,likely_human,1.0,0.16678476670082734,0.18291960592151546
UCYbnbXa03ngWaliiv7yxsJg,-1,1,1,['b6f5c0dc651fd1a0ab8d8ea3a0255341'],0.2168590202231961,0.16677980650326213,0.1412388365825193,0.3925454602821499,0,likely_human,1.0,0.16677980650326213,0.2168590202231961
UC2-GQjwaTpvReeLF8_Mq3CA,-1,1,1,['7074c1904808d4f2dd0f501847e32ef8'],0.3702204869085898,0.16668190169958658,0.0,0.0,0,likely_human,1.0,0.16668190169958658,0.3702204869085898
UC_c9YxxWPEenbS_hET7-eKA,-1,1,1,['f03d3648bd6b9a676222107f278b58ef'],0.15901367983671238,0.16661084049195674,0.18808815847138793,0.5641882464824693,0,likely_human,1.0,0.16661084049195674,0.15901367983671238
UCPyRBunGHDrVHR3SgXVAPtQ,-1,4,2,"['a54c90a1bdf90d945b5691b3862f8133', '986e59af0d63c77332d5a650f981c0a8', 'c3ad67680e7ff8d72006bcc6a5572013', '8efb80fd2fa322f3b9adab8d4544dfc4']",0.19571898325636633,0.16650676249320456,0.14116955655135824,0.48934171329190124,0,likely_human,1.0,0.16650676249320456,0.19571898325636633
UCzLjekZQGmOT7t32oDUvJTQ,-1,3,2,"['70776559b5b250900842c14718e5ed84', '1c42cb4804cdefa76e70d8eb3d71f94b', 'a2d8c693e63057544cf847b051ae1937']",0.2076358756048522,0.16635268085938426,0.14533776262480017,0.4228347677385989,0,likely_human,1.0,0.16635268085938426,0.2076358756048522
UCFLllxy6AC1b68VUf4L2XIw,-1,4,1,"['1791a62fad5be76d676cfa46aaece7dc', '08c5b9977ea70b1c2c476f221faeff93', '5c5652d6a16ad568171f2455c6149a15', '28ccb4b2e0db324ed68b5d894e69dc30']",0.1852454277166662,0.16618940685601613,0.16480235151538802,0.4869713477985904,0,likely_human,1.0,0.16618940685601613,0.1852454277166662
UCEHIfzImXZSi_43Tg3149Vg,-1,1,1,['e1c3e6cec22c72e72ed2f22a21dd2ae5'],0.1730016602725659,0.16579511484371295,0.18395039053109552,0.4953500809288871,0,likely_human,1.0,0.16579511484371295,0.1730016602725659
UCBXGJIoB8tU7QElqDFVOClw,-1,2,1,"['da6d6f368df3c3482b4a927fa73174f4', '7be1de0c2f1277922bd95eb03fdc0ee1']",0.3676685049019608,0.16551401654411765,0.0,0.0,0,likely_human,1.0,0.16551401654411765,0.3676685049019608
UCXvVJGJWubBwVi27224IplQ,-1,2,1,"['3175876e631e63707a8d2ac1f86d11dc', 'a47fc15745e71778a495b267c76b48b0']",0.17872535144581192,0.16513797146509301,0.14721595346161662,0.5438294652228274,0,likely_human,1.0,0.16513797146509301,0.17872535144581192
UCTrh-LcTVmGq5jNtIpj6dCQ,-1,1,1,['a8e69d1088755f70f8b3a2048f74445c'],0.20194132198035672,0.16509765145734162,0.14666564024939197,0.43157206167029916,0,likely_human,1.0,0.16509765145734162,0.20194132198035672
UCybqsgutG_SpX_KPqawrxRA,-1,1,1,['89c9718a7abb05ce45c3afa62ff3317a'],0.17588385027235376,0.1644924842428367,0.14288562117456569,0.5582925771935393,0,likely_human,1.0,0.1644924842428367,0.17588385027235376
UC21GfJ78xTO9yoQ20DuaQPg,-1,1,1,['e7e1ea1a7f6e7bf5214c18c06143317b'],0.365128617363344,0.16435610932475883,0.0,0.0,0,likely_human,1.0,0.16435610932475883,0.365128617363344
UCWGxjjaEW_oM8KvpqSSY9dA,-1,1,1,['6e5c6416426d2cf083486b60ee9878e7'],0.18880727559308433,0.16416847151899056,0.11332730503263111,0.5537742156015825,0,likely_human,1.0,0.16416847151899056,0.18880727559308433
UCd_JQlXk37k7ZCeLaLPAVhw,-1,1,1,['74165e1e4062e25cbf3281de231f6bdc'],0.23024249982036266,0.16353583947233322,0.11557771926945871,0.3552759041922393,0,likely_human,1.0,0.16353583947233322,0.23024249982036266
UCv1tQLBBB5uNao_KPZgbDRg,-1,1,1,['17d9fb55f4d03ba8147b059b6a9c3f12'],0.18410418240831808,0.16322068749389254,0.15661486146119494,0.47567725966416613,0,likely_human,1.0,0.16322068749389254,0.18410418240831808
UCqZ7fHFmmrUTLLNURKNQTrA,-1,1,1,['1861b8a1ad3d16308e5d05ec6a2ef25f'],0.15044060819274244,0.16320207353678928,0.19828405927180853,0.5478823010683341,0,likely_human,1.0,0.16320207353678928,0.15044060819274244
UCrmTtNWTglDz-H0dj2O4knw,-1,1,1,['db9d1df95f5d1a3fa45d0ce7378e0c32'],0.19306590894553421,0.16268721836561661,0.1616520347552338,0.4235038736226192,0,likely_human,1.0,0.16268721836561661,0.19306590894553421
UCLdzqyOz167F3KB6RW-1i6w,-1,1,1,['40391f21339c56659773efd05ef4c91d'],0.1857186502516161,0.162602445130035,0.13619004913339264,0.5122055271940502,0,likely_human,1.0,0.162602445130035,0.1857186502516161
UCEiiL80NcOPuj-F3IEm61Nw,-1,1,1,['2132546f12bf44716330079bfa4a63d6'],0.1757181839965805,0.16244205084816615,0.1514394792456526,0.5174132864811699,0,likely_human,1.0,0.16244205084816615,0.1757181839965805
UCWFi6pQ7L6HSIvwASprFSXA,-1,1,1,['d087ab3a74c929452a04383254423e6f'],0.16655381032640232,0.1623718903278064,0.1302883837526473,0.5966360039127213,0,likely_human,1.0,0.1623718903278064,0.16655381032640232
UCOJuG3KJmeW4JNPXsXdIuDA,-1,2,1,"['6da141e225e51b27a5e2bb19008cf4b2', '7dfaec69cd244b25cb2dcd3c28936480']",0.1731469699958082,0.1622704111292691,0.13094742632964232,0.5690805875514972,0,likely_human,1.0,0.1622704111292691,0.1731469699958082
UCUCiPLKIXI-d5ZzOII7l6cQ,-1,1,1,['5e5169354bf014e0eb0b57027d87bd47'],0.3601117746133823,0.1620922140560404,0.0,0.0,0,likely_human,1.0,0.1620922140560404,0.3601117746133823
UCsmVcC7GLoILeoQcf6KHsAw,-1,1,1,['653439a507651418b7a7a78169b58c70'],0.15346342067409993,0.16188230606238402,0.17566101832806333,0.5563552585031393,0,likely_human,1.0,0.16188230606238402,0.15346342067409993
UChqNMlUqbqvfkjtCHP4RfqA,-1,1,1,['555cf34d69a53c3d1d37a530e1d0600c'],0.17484565107894326,0.16153506937210083,0.17603173476472223,0.4621137625418428,0,likely_human,1.0,0.16153506937210083,0.17484565107894326
UCZ-q5u8D4UN8nhbqcHBuRIA,-1,2,2,"['f864ca297ab69de21392ed697f023c8a', '78ad3e7c553828bb3796916cdecd93ce']",0.15529882908637516,0.16143672212438304,0.17607191480105813,0.5462591660535594,0,likely_human,1.0,0.16143672212438304,0.15529882908637516
UCuiQjvf4eK7mxAUPbWx1_hw,-1,1,1,['e27e7debaa27c299378805d552a88c8c'],0.191134569169642,0.16122013770493854,0.1582316994950158,0.4207624891651587,0,likely_human,1.0,0.16122013770493854,0.191134569169642
UCBLeYZcUhw8B_aOfQrfDw3w,-1,1,1,['98f15c2f4a14648c166f8fba4f4c00b5'],0.14763920790101534,0.16114216914682689,0.21626469023608574,0.49058459000229176,0,likely_human,1.0,0.16114216914682689,0.14763920790101534
UCwKmlE0uu6ZpKYRR9EwIEoA,-1,1,1,['cc6603c0a9d57ce59bbf125e9ab849c3'],0.15709946351641696,0.16111304809393423,0.17123813564797194,0.5443025818748876,0,likely_human,1.0,0.16111304809393423,0.15709946351641696
UCNNzQJPHA-DpXCmmPVfsWUA,-1,1,1,['4438ec29ee43c4260e844c4eb72dd67a'],0.19048661008747053,0.16078925495266155,0.16104592482537936,0.40936286121505927,0,likely_human,1.0,0.16078925495266155,0.19048661008747053
UChAA9CHoObmaShfMGk49l6g,-1,1,1,['fc3d4cbbc6f4e63152aabc19c0e8b0c5'],0.1675784195546732,0.16065609876004705,0.15439291895000662,0.5343664221644464,0,likely_human,1.0,0.16065609876004705,0.1675784195546732
UCecdbesxqd9x1IhvBP_E-aQ,-1,1,1,['706c9a2071be18b03d8abd1c7a0ffdc5'],0.14638578615472253,0.16010438406983996,0.18326123223640017,0.5561129223180963,0,likely_human,1.0,0.16010438406983996,0.14638578615472253
UCakegdHbqqdSfSjzMxErUxA,-1,2,1,"['bba30a20786d4a6ad6ad9d49c33f125d', 'c1a1704b75891859c99b6db6bfd5fbfc']",0.18178157798992117,0.15996916372402584,0.14161501376036276,0.48696718898874725,0,likely_human,1.0,0.15996916372402584,0.18178157798992117
UCLN-_yjf8FxBE83J5VLn-Cg,-1,2,2,"['5951e83ceeb2a3e6dd70ff100af88ef9', 'b5478d78a98e233766dbe487c8451105']",0.21307696383303706,0.15944943174583742,0.0844823675360203,0.45560760120544763,0,likely_human,1.0,0.15944943174583742,0.21307696383303706
UC3egxL1CLDtNU_9uNY1_yqg,-1,1,1,['0aed06533e81de0a73b23fd3a3709c28'],0.15111133745653588,0.15905111247809112,0.19746575066153846,0.4998029716068342,0,likely_human,1.0,0.15905111247809112,0.15111133745653588
UCEbA8_JGLpxNfvs9O1wq7Wg,-1,1,1,['73c9d756d75444f5c1784219914f9e6c'],0.16970735672913564,0.1588657661887542,0.13979139892054118,0.5287503283483559,0,likely_human,1.0,0.1588657661887542,0.16970735672913564
UCZFhmduJg0xnWAKZTxLsEFQ,-1,1,1,['18c8e9cd604e19b93342aed11a7c8007'],0.15334361708277536,0.15867373471887147,0.18175173033476894,0.5165405517743559,0,likely_human,1.0,0.15867373471887147,0.15334361708277536
UCxBLjYDdyJBS4wbFggFabMw,-1,1,1,['b43c6036af7f67f03eec4aacd7aa9edc'],0.19986335607871525,0.15851113522916183,0.11579407817914393,0.4459478968003156,0,likely_human,1.0,0.15851113522916183,0.19986335607871525
UCuzG9RL_tKnw9oEa4Swvvyg,-1,1,1,['09e00691b0e5d5f51a373cece6336dd0'],0.16328234696348196,0.15850982699417882,0.15558185738877442,0.5213909181119629,0,likely_human,1.0,0.15850982699417882,0.16328234696348196
UCuJC5U1FkM3cNckjBYZH3-w,-1,1,1,['ef0129e4af01f8b8eb613e7500243f57'],0.23280409133805668,0.1580888269410535,0.09733863679590311,0.32825784619385107,0,likely_human,1.0,0.1580888269410535,0.23280409133805668
UC7QCriX9YL2eFTaOl22c0pQ,-1,2,1,"['98646b49230b520554522a89675337a4', '69935c51b71c7a646dd2c64c3d0d4838']",0.3501715686274509,0.15764154411764703,0.0,0.0,0,likely_human,1.0,0.15764154411764703,0.3501715686274509
UCjk3ZdLBztNReRrw0pQ6y6Q,-1,1,1,['9908c5012ed076f82f29a0db1ade3c8d'],0.3501316796815189,0.1576086357372531,0.0,0.0,0,likely_human,1.0,0.1576086357372531,0.3501316796815189
UC03dQ9WbXb1ttHoxcBHeNug,-1,1,1,['fca1d3c77118096d7680c3ca28a207d8'],0.3500689021589343,0.15755684428112082,0.0,0.0,0,likely_human,1.0,0.15755684428112082,0.3500689021589343
UCR47TVTLVR0x_rQUY7r0XJQ,-1,1,1,['e127f7121f1da3ba2030476587ebd714'],0.14688325793879303,0.15740633838648302,0.16677206851126214,0.5653161946453401,0,likely_human,1.0,0.15740633838648302,0.14688325793879303
UCnGxYlv8seDLEO1svVGgnNQ,-1,3,1,"['6e023f8b01875351a4c6ef1f1e0c8a6a', '796fa1d837d550d6ae0ff58128928482', '7a9f12f72c34dbbc87f8c5088de7d18f']",0.1707395645450962,0.1573766723350292,0.12939022820303922,0.539129463016978,0,likely_human,1.0,0.1573766723350292,0.1707395645450962
UCaXCf_3U89801iv7D8myNvA,-1,1,1,['d19f1538c9a53b1f58d9b28ad3e94469'],0.14989743220453508,0.15724668240433398,0.17791653050778272,0.5307861052429479,0,likely_human,1.0,0.15724668240433398,0.14989743220453508
UCQR5frYLvebvBZL7A1nFr-g,-1,1,1,['1e1d7c22768b54ff92747c72624590ba'],0.14470454223327842,0.15721489945586775,0.17791240229176852,0.5463732504605209,0,likely_human,1.0,0.15721489945586775,0.14470454223327842
UCZ_SwXPgQXh4duq_ftj0vdA,-1,6,1,"['1a87348d056baa4dfd857b705a724e6b', 'b773181425d26b4e3284b44357855b19', 'fb28dd3864944ede5c53ba596562ee01', 'c22a3b8a516462e8681e38cc6c045ffd', 'b836b4677f4216662b24e626c7fa7415', '59a2c28909db74a7b2d084eb91ebc42c']",0.17423067241101373,0.15642362051076106,0.145686832970874,0.47809796565521306,0,likely_human,1.0,0.15642362051076106,0.17423067241101373
UC8U5dIWsoXUCpCzGJiG5dZw,-1,1,1,['39f5834fe2064ed68e8e51b30f047b37'],0.20559598489438277,0.15623040504684016,0.12000850360549715,0.39033051163192745,0,likely_human,1.0,0.15623040504684016,0.20559598489438277
UCufRVzyO3wulekv7boP1PXw,-1,1,1,['f55f2eced3214ecc5b1a2841cad49de3'],0.15544441150388444,0.15598864506514193,0.16835847711003127,0.5164757346800988,0,likely_human,1.0,0.15598864506514193,0.15544441150388444
UCHOnKIwxYPxa6Y1766WhOyQ,-1,1,1,['691b12e091cfaba0f31bbf262de6c2b1'],0.15081233455434392,0.15576840884904766,0.18213658783210906,0.49792084241667733,0,likely_human,1.0,0.15576840884904766,0.15081233455434392
UCb6EnxkSCLux4ZhQJBKP64g,-1,2,1,"['92291ab1291588b089acb8b4e5415bdb', 'e2af099484159ac0824505b91361b608']",0.20171713075631773,0.15570346013226596,0.12447269071050696,0.38623808016442546,0,likely_human,1.0,0.15570346013226596,0.20171713075631773
UCw3xCVa-l2SsUcWqlznQrZQ,-1,2,1,"['581e72b9ee7f32cd576556e9bc6a7d3c', '8688a4a9f9b871915fb82d02999fe0da']",0.18842073249207703,0.155701736271794,0.14288073193546447,0.41208781575016407,0,likely_human,1.0,0.155701736271794,0.18842073249207703
UCwsg_pNBqmhV17_aXHuwkyw,-1,1,1,['169ff0ae59d7e3520838a303735f1409'],0.1624565030651974,0.15562105494694245,0.15562117958375232,0.49964804913475896,0,likely_human,1.0,0.15562105494694245,0.1624565030651974
UCGtUaZiLeDN05kfzjaWmGmw,-1,1,1,['64f34fc32b13381a3ef16d41a457c751'],0.14287979779377322,0.15542432258644467,0.1762835036318801,0.5407446676669108,0,likely_human,1.0,0.15542432258644467,0.14287979779377322
UCTZzjwFqGvzORtTPBWeINvA,-1,1,1,['e6286ba9556bf22078a961bf177e236d'],0.15270795650669414,0.1553344637346291,0.17181259764040674,0.5053534966810921,0,likely_human,1.0,0.1553344637346291,0.15270795650669414
UCGNrtGNbNmdW-X5-7sNxLhw,-1,3,1,"['c1a8e7d1beaaba033617e088e9533c9d', 'a716c7df085fb9b73f507050b7340c7a', '5fe95afc32808f6077d3a178da34d502']",0.149573758843774,0.1553063733889018,0.18176860416263801,0.5064241225140538,0,likely_human,1.0,0.1553063733889018,0.149573758843774
UCUkaFOHOokAgzTDnVJIMd2A,-1,3,1,"['4ceffdff967e7ad3d72f3d769c475c7d', 'fea0aae299f315d8335586a64a5ba922', 'd79ec5e8006bd6a0f28f6f0b2af38e80']",0.17977358566634974,0.15522609551955593,0.1413607665357604,0.44657794829570757,0,likely_human,1.0,0.15522609551955593,0.17977358566634974
UCfVpgDc4xQLDAPa0J2Nv39w,-1,4,1,"['ec0d48703cf5ac75267b5f7cc8423d5d', '5186d2229ec899ec0b0b625b45d27ba7', '7d8cc4848b016d0250c3dcf2b5867132', '6e2a79bbab16c4defc20fd98ae84930e']",0.18258602799752163,0.15493129815877507,0.12211782507879129,0.47490398910432663,0,likely_human,1.0,0.15493129815877507,0.18258602799752163
UCLHKOmbCoUmFCLFHfIG595Q,-1,1,1,['e703cfcb0abf61ff056b1680af28450b'],0.15230434832139264,0.15464518886762765,0.18709832544943328,0.4767710897726447,0,likely_human,1.0,0.15464518886762765,0.15230434832139264
UC8YZUEYm-NTj93zuuqIBUZg,-1,2,1,"['e9e6c52aadc2d0f18994c43d6ebd516c', 'e13e00c878e413cc804cc42c2f061508']",0.15462891280841295,0.15458821055106609,0.1629148896288502,0.5146318938205069,0,likely_human,1.0,0.15458821055106609,0.15462891280841295
UCkyhe4GDPWPIcxUL-PSnyMg,-1,4,1,"['b4cc4f13ed10cbfe938c71698970a063', '48bef30c07fff3ea1782859408e5ec02', '560de2e50c2cdeba379e65f4ad0f176e', 'ba862f01db7c507109b2f83f65c45dc6']",0.1598762570542447,0.15451591508393425,0.1565624540837925,0.501684062754166,0,likely_human,1.0,0.15451591508393425,0.1598762570542447
UC9m2PWKzAW9agOCbCNXgiQw,-1,1,1,['ee30a729742f046cef37d6b0a3654a51'],0.16237054821093588,0.1543120525948042,0.13808797821028546,0.5190217134231978,0,likely_human,1.0,0.1543120525948042,0.16237054821093588
UCkl0Y_Fr3LsPj-O7vPltl7g,-1,1,1,['2725406c2b87053dcf156f736f288775'],0.13679923205474973,0.15430484130355165,0.19726520778768605,0.5130217605413491,0,likely_human,1.0,0.15430484130355165,0.13679923205474973
UCLgsm9DZ1jtEwaHLiJKRD4g,-1,1,1,['9258dde5a490cc8efe8f529d4019f2f1'],0.16824438779369233,0.15425076104470836,0.14970794320010278,0.47897357653996586,0,likely_human,1.0,0.15425076104470836,0.16824438779369233
UCSUK5RgHr0F943bTZgJvzJg,-1,1,1,['e39f1e5834ba4beef6acd3a409ff8245'],0.1693854327199202,0.15387313464798666,0.153888559771928,0.45470842239263537,0,likely_human,1.0,0.15387313464798666,0.1693854327199202
UCTH5OpUxo0nrXj9wymkkIKw,-1,3,1,"['ea6b922cc659f9cc3ebbd1c3f48a9820', '4cbd3adba20c8245ab423f57912d27c9', '8cf679917b2430b5163fb45f7e0e721e']",0.151807086100693,0.15369696445621306,0.17118053221618784,0.5010033706449659,0,likely_human,1.0,0.15369696445621306,0.151807086100693
UCBlqZNwiSKHu8QwbPWOUx0Q,-1,1,1,['4935c0be5245392261eca57e1ed32968'],0.19325843826004332,0.15365114119139978,0.09374327124914897,0.474097675106486,0,likely_human,1.0,0.15365114119139978,0.19325843826004332
UCTfSKzFj8yYHVKn2hTg8wFA,-1,1,1,['f5ab954f61c243cd5fa00319b9605342'],0.17968349409275036,0.15334076352208284,0.12925886665551362,0.44914472759899216,0,likely_human,1.0,0.15334076352208284,0.17968349409275036
UCzINoiEVDnoXx78IiOsdrTQ,-1,1,1,['a56f866abd397b2bbb37a913abf85bad'],0.34012555504516917,0.15310358291226456,0.0,0.0,0,likely_human,1.0,0.15310358291226456,0.34012555504516917
UCkVn0dgx4t3cF0sCcHPe7kw,-1,1,1,['d753d36b417d6eba418ee171e8ff3820'],0.1553824714731386,0.15294577315660085,0.15757793945816534,0.4976665054157749,0,likely_human,1.0,0.15294577315660085,0.1553824714731386
UCX0IKxjGOJSeKIJ31EajjWg,-1,1,1,['71325d01bbb1bdc1b148e29c6ec82d88'],0.19186833892618915,0.152890154802154,0.15771247111823125,0.3434659658518996,0,likely_human,1.0,0.152890154802154,0.19186833892618915
UCrxRIrgS-6dc09ddsjN8MQg,-1,3,3,"['72d75dce84918a1853de17824c044b3e', '2a2e4949d0b32ae83e842cca9a0e7740', '5c19d8a621d8e510b69604fae4718f5e']",0.21535662017066545,0.15277792892569986,0.08579345044094638,0.376407583851056,0,likely_human,1.0,0.15277792892569986,0.21535662017066545
UC4YRWcSGEjRKf5ARiJvIDqA,-1,1,1,['66a572c84dfc22609ae256c4e640e58b'],0.14475264460340653,0.1521622949972924,0.1563385453756903,0.5411961709358077,0,likely_human,1.0,0.1521622949972924,0.14475264460340653
UC-9C29KndXb3Ua9EENjAjFA,-1,1,1,['36709a3ae9309bfc93962169f306026e'],0.16421784830688158,0.15188558247749795,0.1453516265646202,0.480923192095396,0,likely_human,1.0,0.15188558247749795,0.16421784830688158
UCSVuFDaGFzcJRzrQUFb-nDw,-1,2,1,"['25254015aa777107e634c890e0b2fb8c', '987f3edbfa1b27e55678a2f00666e1d1']",0.15270124388421735,0.15187913603450673,0.1672843060202253,0.4850993392210375,0,likely_human,1.0,0.15187913603450673,0.15270124388421735
UCY9VHTfLu10hD3gXRY4xR4A,-1,1,1,['f2c179c7c7e309f7557443a3f99f4a31'],0.1507472518195404,0.1518392424139464,0.15455629493971768,0.5144104824713759,0,likely_human,1.0,0.1518392424139464,0.1507472518195404
UC4PZo94M23QNoaIzr2lv2cg,-1,1,1,['cfafdb60425f9746ba45bcac8652313b'],0.14642471237073582,0.15128620957259273,0.18291641312260787,0.46777005944901395,0,likely_human,1.0,0.15128620957259273,0.14642471237073582
UC8jWBuCrc6pfKVRp_7LQ0_A,-1,1,1,['c2a1f84268e9c75a833e9ad99c3ec3e7'],0.15280405648991746,0.15125424375434082,0.13951170656594508,0.5289377928399117,0,likely_human,1.0,0.15125424375434082,0.15280405648991746
UCHP5Ojeqp-vPnsfwTO-9J9A,-1,2,1,"['a84ba4ad0b336d277bbd5886e0c8e2e4', '7575d0606aa97238ed68343853ec0199']",0.15119410730955668,0.1512135197895459,0.15401713687062624,0.5110915328284272,0,likely_human,1.0,0.1512135197895459,0.15119410730955668
UCugi0-XgtdXvKIjF0KcaXWg,-1,1,1,['e124bb5d97b07d9b5bee69ed2dbb945d'],0.13999383954681766,0.15118804876388714,0.18467668011838467,0.5007621297360367,0,likely_human,1.0,0.15118804876388714,0.13999383954681766
UC6bejFGxVWXn4zoJAMtjbUQ,-1,3,1,"['b96464c6e530f02b2e10175a81ef5a2f', '7b9346d2d3f19a05a223f3cdcf17b3bd', 'db4fc77c51bb6d3be44b312f84f9a872']",0.15121728743977747,0.15112268333451484,0.14355336369538158,0.5342020934464982,0,likely_human,1.0,0.15112268333451484,0.15121728743977747
UCo7YWSYoK2ayExqXOshYP2w,-1,1,1,['0e6fe60c9437df5489798978b2cc3227'],0.3350949318634206,0.150828318787322,0.0,0.0,0,likely_human,1.0,0.150828318787322,0.3350949318634206
UCHGwkLRiWDVxGs9fFaVTt6g,-1,1,1,['ca8b732528a3e5a547a6d521feede4c0'],0.14971126805135476,0.15070014373218216,0.16794242746822122,0.487328804638702,0,likely_human,1.0,0.15070014373218216,0.14971126805135476
UCdFGT2LGWhnmjv_tmi7t4-g,-1,1,1,['7c2794d8be6f00d786087824156dab03'],0.16021815487887875,0.15057201496256703,0.15451532198699433,0.46271713370797113,0,likely_human,1.0,0.15057201496256703,0.16021815487887875
UCOMoF6r7KSn0Uk--BIsVF0g,-1,1,1,['ec2fe36b0fc8b906e34002130ebfb9e1'],0.15135051128975305,0.1505277467877671,0.14560572273584566,0.5199561185341509,0,likely_human,1.0,0.1505277467877671,0.15135051128975305
UCC7455fwPFwQoui-pj671KQ,-1,1,1,['4312d3c0331bc8ce5e9f082c1eeb4f19'],0.13222999824164217,0.14988696512204275,0.2083042901248875,0.4766238824201171,0,likely_human,1.0,0.14988696512204275,0.13222999824164217
UCQf5Q6s_4n9z4DOiYJRU4Yw,-1,1,1,['bfae99ec6ba2733ecc5b0ce8e852d04a'],0.14631796829427796,0.14980362574533584,0.14924231714768546,0.5235320872320476,0,likely_human,1.0,0.14980362574533584,0.14631796829427796
UCNPbJZkjihZ8HuPf80C2zvw,-1,1,1,['0b9be2b19a6c1d9ebb027a906ab10f53'],0.13527806874711445,0.1496246056274308,0.20919189232796634,0.4625709323738127,0,likely_human,1.0,0.1496246056274308,0.13527806874711445
UCPTeLfIEAn5c4zPv013iiLA,-1,1,1,['3d7ce4792adf37444839d79603ac65ed'],0.1490746436211509,0.14953645946346406,0.15261744159624438,0.5014619953801182,0,likely_human,1.0,0.14953645946346406,0.1490746436211509
UC4Nl6ciWr-8eSWPEeplYkAg,-1,1,1,['61a98d031f77f833297986c93750f0fa'],0.15074451568164193,0.14909324270627433,0.14490280269998587,0.5094899114775171,0,likely_human,1.0,0.14909324270627433,0.15074451568164193
UCq1nWahSCXF4aYrenfAcO6A,-1,1,1,['d30a78bb39cc2f6f73e356e1e4bc4f9c'],0.15594817474537004,0.14901749245956417,0.14426690021369729,0.48217572157850264,0,likely_human,1.0,0.14901749245956417,0.15594817474537004
UChxwo0vVTKoCzmR8WrLVT2g,-1,1,1,['2d56d9af6f40100d80ddb32a9c720bed'],0.15258491069026392,0.14897997546592712,0.16728916606474553,0.45393497632412394,0,likely_human,1.0,0.14897997546592712,0.15258491069026392
UCTTBbzt-4oRP_mXqJ0R1kaA,-1,2,1,"['78833bab71dc7ed24ceb1ec7fb06e183', 'ebf354dc809bd44ea09e6023923a04f8']",0.1525524907128366,0.14896000158323494,0.1582750152155236,0.4760793289973588,0,likely_human,1.0,0.14896000158323494,0.1525524907128366
UCuItHJO4rM9XezwePA10_JA,-1,2,1,"['252f80cfa8eab64300c8676f88f80406', 'f4d58a26164fd5ef33cf7aaea3492792']",0.16088110299830755,0.1488006686299876,0.1514638867668912,0.4498690373707565,0,likely_human,1.0,0.1488006686299876,0.16088110299830755
UCtrf6ZiE6hw3k77hGpnuQWg,-1,2,1,"['84720a28798c42d58493288e55860826', '682a46e15986cc7bc90b25ef5dbce04a']",0.3302029718137255,0.1486674517463235,0.0,0.0,0,likely_human,1.0,0.1486674517463235,0.3302029718137255
UCGW_EvULy2wZn6YRby5bKEA,-1,1,1,['9bf6c233356f55360566f113822087e9'],0.1402551670855335,0.14838662428142857,0.19034875792777,0.4577084480084501,0,likely_human,1.0,0.14838662428142857,0.1402551670855335
UCzYhtos8a5QQcEOLtFkB_MQ,-1,1,1,['f16cb91be62e993b17604f1f95d48298'],0.15163320179214354,0.1482330649719195,0.1600270589357636,0.46042832654493426,0,likely_human,1.0,0.1482330649719195,0.15163320179214354
UCO7-XGO9HmpIBS1eDqiX_5Q,-1,1,1,['a8076775d1814e897ba5379b91778d85'],0.1660387105163599,0.14814095936113614,0.11595798610414172,0.48981055521189815,0,likely_human,1.0,0.14814095936113614,0.1660387105163599
UCeUHz7oKESSMR0NWMxGw7jA,-1,1,1,['d1db99c9e163199f4dee9dc8e3478130'],0.17207742109426322,0.14803395736185687,0.1254890875131018,0.44801676769331245,0,likely_human,1.0,0.14803395736185687,0.17207742109426322
UCYuqfkBanxyQcpLSNNfJq2A,-1,1,1,['3e091e39083191a456f7b1f39423fdb9'],0.1480458024654593,0.1479327737950471,0.11961349621424176,0.5589786320779112,0,likely_human,1.0,0.1479327737950471,0.1480458024654593
UCvvqAZe-g9Dm3FTMNuCTN3Q,-1,2,1,"['e15d54175eb6576bd0c3488c555cdf18', 'de2a0772639ea4684c610ac00bebff84']",0.1415532857853997,0.1477057202631114,0.15616049937505685,0.5172576602390281,0,likely_human,1.0,0.1477057202631114,0.1415532857853997
UC6w4iK61HKXvQKjj1fkJuZA,-1,1,1,['e67bdda948e6a52c457e01051d6a23da'],0.1428124831875629,0.14701467975918936,0.18767650762049332,0.4438465573300844,0,likely_human,1.0,0.14701467975918936,0.1428124831875629
UCt6oEfXjqbJt0_lNILXbmCw,-1,1,1,['5e5ad300dfae46987e381fb072544096'],0.1475014545067464,0.14646229697081978,0.1729769608608832,0.4365882697692811,0,likely_human,1.0,0.14646229697081978,0.1475014545067464
UCSrUus4FZ5qEaPFyMdxmXfQ,-1,1,1,['7d722621eb081185a3bab6c63c5f36b8'],0.14523340781824084,0.14637719968619384,0.18526002347771126,0.4189226591193944,0,likely_human,1.0,0.14637719968619384,0.14523340781824084
UCUmHpg4lvqQT6a7Z_-giaHQ,-1,1,1,['ea1efdcdc8ec01c44ee3d47dafedb3da'],0.3251163680906446,0.14634600367478182,0.0,0.0,0,likely_human,1.0,0.14634600367478182,0.3251163680906446
UCSZYsh1lgF_BpS-tY-8rUzg,-1,1,1,['fa797ca90247bd32a80fba05318b6931'],0.14781119399744996,0.14587635422668443,0.156947861626642,0.46929217438508036,0,likely_human,1.0,0.14587635422668443,0.14781119399744996
UC0iOiVPPGDNy1CBn2vMSbWw,-1,1,1,['6adf4fdafd10af60fe542a7d0a2165eb'],0.14064179679810446,0.14570641352922517,0.1765667922267216,0.45640994561683546,0,likely_human,1.0,0.14570641352922517,0.14064179679810446
UC4vOk3TofW9ievLRM8mX7-A,-1,1,1,['7cf064d63b456e8735c16bef8acdec93'],0.13284348222130132,0.14559380451354592,0.18600329641938587,0.4742719446688903,0,likely_human,1.0,0.14559380451354592,0.13284348222130132
UCmk1zejTfR618XztAWT0lhg,-1,7,1,"['12cb2f7bf7af7652abdda2140474b021', '1f2926a90f2deb7e157242786ad67a07', '8949705c9ea2895cd6a1020eb7667395', '3b1dfcf6a97c3f59b4036eb7b62ba61d', 'c6c82c370b49f12e6c882398a44a478f', 'b5e0af7eb76a3a26485dff59b3c9854b', '561b9643c61db2a350ea24206f38e945']",0.15732365882244054,0.1454306193374724,0.14797775717606715,0.43193063690491973,0,likely_human,1.0,0.1454306193374724,0.15732365882244054
UCFADoswZ8M06Td10xzNPshg,-1,1,1,['916efa97fdb91746393296d002e87edb'],0.13388504619164615,0.14468244503344022,0.18496312373456875,0.4536194043155752,0,likely_human,1.0,0.14468244503344022,0.13388504619164615
UCnFJNGYQ1I28kUyExuTfDMw,-1,1,1,['a8a12342e0772f9a0cdf027aab19d40d'],0.16023939498442671,0.14449491440437662,0.15168512651848243,0.4042171322004892,0,likely_human,1.0,0.14449491440437662,0.16023939498442671
UCyRclKfjj3souZql93J0bcw,-1,1,1,['10a8d629d1241dc93a6ef6b3abf3e6f7'],0.14125802245514923,0.14445671879695599,0.1563018621567635,0.4768997114543111,0,likely_human,1.0,0.14445671879695599,0.14125802245514923
UCmtvx2cDGaDPgvlRIthlREQ,-1,2,1,"['ef87067a9066a47796e002c1f8858d5f', 'f496cc7249f48ef40f199e751513cbc9']",0.17224814382189657,0.14428930607263962,0.14850805774705317,0.35443438895687873,0,likely_human,1.0,0.14428930607263962,0.17224814382189657
UC08IIEFzMOEOITW0rToFysw,-1,1,1,['4b831330f4feacfac27a579900ff2891'],0.15572740957389958,0.1442132294516335,0.15254224695273005,0.42102139919143167,0,likely_human,1.0,0.1442132294516335,0.15572740957389958
UCCabJL4aiiisqzgC8AtIZPQ,-1,1,1,['55714c73f993a0319402d6ac574ad2c6'],0.1467242608867323,0.14410225115220288,0.16614517684133748,0.4397472629768169,0,likely_human,1.0,0.14410225115220288,0.1467242608867323
UC86xaIEQVVgtqzyp3Y2AEPQ,-1,2,1,"['8abb3ec635f225e9ad8aa7fe27377390', 'd472a24dc1a7e5e4dfe5df2ea697bf01']",0.3200942095588235,0.1440777228860294,0.0,0.0,0,likely_human,1.0,0.1440777228860294,0.3200942095588235
UCd2l-4W6PkHKgB03ObqcWMw,-1,2,1,"['97c939e2ad6e1e400116985b301c00b4', 'a93ba7794f1fd49424801486f1d0ddc4']",0.32008042279411764,0.14406634880514707,0.0,0.0,0,likely_human,1.0,0.14406634880514707,0.32008042279411764
UCQKrsDKMRivHX3hTJmcVt5Q,-1,1,1,['57e0c63fbae87496cc88c03513db2be0'],0.15099139664455571,0.14399599440538788,0.14096983574616223,0.4615608705917163,0,likely_human,1.0,0.14399599440538788,0.15099139664455571
UCEBZtiyeuEmKRgULhQHl1yA,-1,1,1,['56a7475b34070879aaf6302f0492e303'],0.15242458448545085,0.14391900333341584,0.1521690529898232,0.4327553010912387,0,likely_human,1.0,0.14391900333341584,0.15242458448545085
UC7Lsn0GF30lPeyvmp-SUf4A,-1,1,1,['d08bb47842ecdd8ce960eb29eaa85b92'],0.1270179726753027,0.1439008673621628,0.18312882172491704,0.48035761019584294,0,likely_human,1.0,0.1439008673621628,0.1270179726753027
UC768jpuKQVZHkZyGsLWbVAQ,-1,1,1,['6c642751fd8d87223a6f7c6568f65c54'],0.1397609351217995,0.14369436349579445,0.14869525644635592,0.49499688433269795,0,likely_human,1.0,0.14369436349579445,0.1397609351217995
UCj06he36yItHNtSCqHGxY4w,-1,1,1,['890964066c47ee713c31c181267bf8fb'],0.13853103454350604,0.14340868382886518,0.16972059773596054,0.4498690373707565,0,likely_human,1.0,0.14340868382886518,0.13853103454350604
UC-Mnh7Y_lLZy7Qj53celWNQ,-1,1,1,['64de7378fe29a5eb4027a8bab2c42726'],0.16324179975184158,0.1433222624527702,0.11040974156889855,0.46487525658941,0,likely_human,1.0,0.1433222624527702,0.16324179975184158
UCU0j2LdP_eR_QMppqh4oNVg,-1,1,1,['3bbe79a3464b19544ed4d9788f3776be'],0.1492567272462521,0.142590619757034,0.14853118069084173,0.4408011434225684,0,likely_human,1.0,0.142590619757034,0.1492567272462521
UCAMIKBuu8Tw46mBd_5PSQkQ,-1,1,1,['1e1375ba9b127c3b33a71fd7799e311d'],0.13877553280011878,0.1425543320045623,0.17100590942037538,0.4485685358020689,0,likely_human,1.0,0.1425543320045623,0.13877553280011878
UCPiTUZRYF7ElvPvz5vGGW3A,-1,1,1,['607e2f1cfb21ec8e0e3fed55c6c979dd'],0.15024752030005517,0.14246299190389194,0.12489787534399831,0.4847930583926984,0,likely_human,1.0,0.14246299190389194,0.15024752030005517
UC9cTW_XR0FHzNG5UQNIR_3A,-1,1,1,['f13a0983e1248cc4b0100c0a36562988'],0.18207020699989018,0.14236267736577107,0.12369682088354295,0.34335450477293894,0,likely_human,1.0,0.14236267736577107,0.18207020699989018
UCP2cy2RnS8XJn0KhSfuc3Nw,-1,1,1,['0db18f141f370bf08f9161d1143808e1'],0.1397405408937142,0.1423421094519486,0.13920088791675686,0.4990380652421676,0,likely_human,1.0,0.1423421094519486,0.1397405408937142
UCZnfzenIxKBJlrHPeqNNIgQ,-1,4,1,"['a70429da662bcf0fcc4758e13a3cc10e', 'e9f13a6129815b721df32f39d31c4635', 'b2dd0b11769fea4c1b8a290fcb08c0f5', '78ece9c5d265ebbbf1ffc54b7b4e6521']",0.13445414752331009,0.14189961731098283,0.165082701084701,0.46373765619810026,0,likely_human,1.0,0.14189961731098283,0.13445414752331009
UCF0G8j_gZOfzZK6P7AajMpg,-1,1,1,['02e6533e950b4d93531e4afb4115a6b6'],0.15145349785889858,0.14187669084457383,0.14352555925361923,0.4343418920584246,0,likely_human,1.0,0.14187669084457383,0.15145349785889858
UC2_sfmO7iHfmlTDYv6ViY1g,-1,1,1,['7c9409b913aa0453ddbb1cfce4337273'],0.31505052824988516,0.14179168580615528,0.0,0.0,0,likely_human,1.0,0.14179168580615528,0.31505052824988516
UCZpmA7o9iKvx9FXNpIldVSg,-1,1,1,['21ed8ff2e5ac1198538376e764ef66ac'],0.14280953580763006,0.14105985970117121,0.1626542251793355,0.4331521895834468,0,likely_human,1.0,0.14105985970117121,0.14280953580763006
UCGdHBBvAozughBpLC3xMaxw,-1,1,1,['ff628d4c62435e823a0d7cd5f0a3dcf6'],0.18099843354775086,0.14076021693827817,0.09954199973195095,0.3841352772107949,0,likely_human,1.0,0.14076021693827817,0.18099843354775086
UCsFoYDQTpiAzxtxZszZisZw,-1,1,1,['d3db245c8aa9145815a5f6615227a91f'],0.13291505253962638,0.1407384402543283,0.1566981029567127,0.47741661693599824,0,likely_human,1.0,0.1407384402543283,0.13291505253962638
UCmvjxnv4alTh7scxRcrf5EQ,-1,1,1,['62704b08c371dd6029f204c3e236b8ec'],0.13523852156917687,0.14072896240146854,0.17110068297526612,0.4441566748553228,0,likely_human,1.0,0.14072896240146854,0.13523852156917687
UCjSWOwnPE8wScfll23c2Vkw,-1,1,1,['070396afe8c90ef579a4db2bda4b8837'],0.16327306112582865,0.1404452702603935,0.1454197631363781,0.3711284501579325,0,likely_human,1.0,0.1404452702603935,0.16327306112582865
UCHh72EAMz4KbJKgmQMuL46A,-1,1,1,['30d4faf027952aee4a8a88ca28044280'],0.1323198865394611,0.1401069898778564,0.1621348761753758,0.4622715251551319,0,likely_human,1.0,0.1401069898778564,0.1323198865394611
UCnbergoVlmsMhNdRKIH_5Ug,-1,1,1,['34f783eba20e098a16734713a4aa3911'],0.1326190657890925,0.1397041629154726,0.17666807145461413,0.4340137940539842,0,likely_human,1.0,0.1397041629154726,0.1326190657890925
UCQAHF5nn974Z1gWgfBcQ_vw,-1,2,1,"['a2e0920a70a6b7d6aea0eda80c6075a3', '005aad2828990abe33e04b47e8c84309']",0.31011106004901956,0.13959162454044116,0.0,0.0,0,likely_human,1.0,0.13959162454044116,0.31011106004901956
UCuEarjFsmNel1rdIJKEayZw,-1,1,1,['aca2b223903514ba5d53824612fbda80'],0.1316565328811531,0.1394453813601349,0.1710649153086667,0.4394612279760387,0,likely_human,1.0,0.1394453813601349,0.1316565328811531
UCE7AcyiP7jb4NdhVFHvObHA,-1,1,1,['e445ddc83e333603c373cdb3b6188b05'],0.13177156055461278,0.1386337316715431,0.1618407121716068,0.4537512888538933,0,likely_human,1.0,0.1386337316715431,0.13177156055461278
UCJNf4QrZPiVNHaoVRN48u_Q,-1,1,1,['148191ef1e7dfa25af7519b8e9f5fd97'],0.1678918044929908,0.138129181353713,0.13183952154942383,0.3513401600657866,0,likely_human,1.0,0.138129181353713,0.1678918044929908
UC2XMf5udRDZ9BjVHqhbnocw,-1,1,1,['c541d651c75220889a5ed3299fea136a'],0.1289385694111124,0.13775542150743447,0.18056862682482003,0.4253138990132552,0,likely_human,1.0,0.13775542150743447,0.1289385694111124
UCQV55phO44UPk_lEFrRusiQ,-1,1,1,['333da3dd56281f4a4499a2340fd67658'],0.13626668719693064,0.1373497424059961,0.14569098399719072,0.4505879116168891,0,likely_human,1.0,0.1373497424059961,0.13626668719693064
UCes7XGrq-84rsyV0g17sEdA,-1,1,1,['8daf7d8c213a2bc31a5357d9a395c147'],0.30509493186342057,0.137328318787322,0.0,0.0,0,likely_human,1.0,0.137328318787322,0.30509493186342057
UCBS4HuZ0Tnc-6BOsbVodmeg,-1,1,1,['1a43ef048ca5b5337daf5d227a94c7c7'],0.15750625531095483,0.13699193938249166,0.13520792193674358,0.37381708989408435,0,likely_human,1.0,0.13699193938249166,0.15750625531095483
UCaIHJRFOGW7bogq6FQgJcRw,-1,1,1,['1ab6521c64d78e36be21d134328597bf'],0.16027880822790558,0.136523143722068,0.1209657585823038,0.3946180988310686,0,likely_human,1.0,0.136523143722068,0.16027880822790558
UCgoEBs_q8G9obqLENCPwkfQ,-1,1,1,['7b6a0df8e754f084089d7d41ba1cd4c0'],0.1360263674020292,0.13626519794089875,0.15277952191492125,0.43121811471467,0,likely_human,1.0,0.13626519794089875,0.1360263674020292
UCNGBA99IodSdNRlG-RI4JIA,-1,1,1,['4e376a8071467b005ccf324bfd5604cf'],0.12610532772607289,0.13624454172701742,0.17222203640147035,0.4378149457519491,0,likely_human,1.0,0.13624454172701742,0.12610532772607289
UCxw3VOlP6MoUsDk_nAWS7nQ,-1,1,1,['28605c1258117c611934209b3fe33c34'],0.14801964847981777,0.13589440371598618,0.12556690447523966,0.42832914834907543,0,likely_human,1.0,0.13589440371598618,0.14801964847981777
UCs9s08W3Z8gYFcz6xbSndLA,-1,3,1,"['e9d8925e375bbf4fbcd1f167adfa52d0', 'ac4a66f6f8d229f6d13c3be006247499', '4381f46b4177861a259b18c13067e6b4']",0.14439494784419735,0.13587732770062885,0.14102190559926614,0.40979143813882085,0,likely_human,1.0,0.13587732770062885,0.14439494784419735
UC8r1JiqaqAQogkMhCc6CfrA,-1,1,1,['9a5b5831d3316ba78dcb668fe296b5d3'],0.15828447693625652,0.1357259855807516,0.12308119749391,0.3917794073207199,0,likely_human,1.0,0.1357259855807516,0.15828447693625652
UCivEZsFACWtL8lNLlX5rLRg,-1,1,1,['bb14ecf01b306e4b3a8ec1353259655c'],0.13795262371188655,0.13561215212346903,0.1558101912993138,0.4104788932501971,0,likely_human,1.0,0.13561215212346903,0.13795262371188655
UC-MH35Pwr5mUBdRGx0PaoNQ,-1,1,1,['f28d2a371d5b3e8bf02031fe7ac6b21d'],0.14764592025469103,0.1352830606290379,0.15526233112474983,0.36546319552696827,0,likely_human,1.0,0.1352830606290379,0.14764592025469103
UCby-RwxzpvNSIqL4q7a0umw,-1,1,1,['0acaf9f20aa46b9ee191cc07976dc44d'],0.1337401726621634,0.13494359242729698,0.1344760057076157,0.46195588915288543,0,likely_human,1.0,0.13494359242729698,0.1337401726621634
UClAtbCERReiINAsSQcGRa6A,-1,2,1,"['ec95aa319b3ecb630ffb070135ccb98c', '816105b8679e3c0f55527d9c0b0ea42f']",0.12094679310777126,0.13468280451374562,0.16633723718581836,0.44975948455955256,0,likely_human,1.0,0.13468280451374562,0.12094679310777126
UC6K9VI1LQgxW6vYvmTh7fPA,-1,1,1,['47e54379377f7ee7f36731248ced80bd'],0.15893674163815064,0.134568049570999,0.11781685009663553,0.38775710179334816,0,likely_human,1.0,0.134568049570999,0.15893674163815064
UCrSpdOiDRkaSljngY0PQR5Q,-1,2,1,"['8f86176b58eb8d314205976260436ea5', '9b4a8660dbf1762ca72ed4e86394ab19']",0.14177746416695253,0.13360839365942867,0.13718687981565814,0.4147555019978647,0,likely_human,1.0,0.13360839365942867,0.14177746416695253
UCtpwXNfuwBSVWo3qgZz3FNQ,-1,1,1,['ed9e5bc2c7ea906ff1c1c995dcd934da'],0.1299134566833243,0.13313041611283508,0.1597632096558542,0.41507907581103054,0,likely_human,1.0,0.13313041611283508,0.1299134566833243
UCv7YKdVr-JPZvKauuieL1NA,-1,2,1,"['5025a51e2266114eed456c5916f738f6', '755331f4532dccff6afbaa50994d06e9']",0.123689240487104,0.13298114102703457,0.14647804473573112,0.4622259016019639,0,likely_human,1.0,0.13298114102703457,0.123689240487104
UCjzotI4p2vAAs9aK3VsOv7g,-1,1,1,['17d7c102cd9a58c8a9b961df14f755d1'],0.15469194852317575,0.13283002052654422,0.1397367861392974,0.3351454775587279,0,likely_human,1.0,0.13283002052654422,0.15469194852317575
UCqExSH_w6kAAlxJr2-InCXQ,-1,1,1,['8f36553365e38bc11f4a04578256b696'],0.13767760856797118,0.1324422367608457,0.15686873539513282,0.38075519831503346,0,likely_human,1.0,0.1324422367608457,0.13767760856797118
UCh4809-atgpLGKLRg9YhBiw,-1,1,1,['fdfd4da6890659678215e02d64693808'],0.14160650020251186,0.13236910899070048,0.15698594183308662,0.3558959726270476,0,likely_human,1.0,0.13236910899070048,0.14160650020251186
UC2NE3OJ9s2Rnd-LVmibOjmw,-1,1,1,['876e49113a2bd2e875c58796586f609b'],0.13144805159288164,0.1322520748480003,0.16523541765942942,0.37992044492015065,0,likely_human,1.0,0.1322520748480003,0.13144805159288164
UCGZI9YhZrKfbcvuAAEBaAWQ,-1,5,2,"['67a263f9c42ecd621baae641942f65d5', '60fa83f6811fbd6e810dd87901ce04e5', '9c9f1833917d12c54195a3d3fa4dbd0e', 'fabdfaed7465d7c085430e9441e8fac8', 'bb876fbb622c61339047b86fd2214d92']",0.12510419468828943,0.13181311303838966,0.146781817215646,0.4433725515863681,0,likely_human,1.0,0.13181311303838966,0.12510419468828943
UCHDi7_Citu1SwbJAb7xwQAg,-1,1,1,['37fa5e884d53bd08d6186b76774113ea'],0.13107202426485828,0.13171152023906194,0.1303357753584499,0.4503707192852664,0,likely_human,1.0,0.13171152023906194,0.13107202426485828
UCMGLBsn--xx9fJrwPabSX0Q,-1,1,1,['b173487fa417a486894974d357d2686a'],0.14020599421098712,0.13064438960473868,0.14653121178221407,0.3739569082125801,0,likely_human,1.0,0.13064438960473868,0.14020599421098712
UCKccDOfT3re0WqXhxWyIq0g,-1,1,1,['614582c30e7b09ad8998e5f37c55483a'],0.29008574490889605,0.13057073954983922,0.0,0.0,0,likely_human,1.0,0.13057073954983922,0.29008574490889605
UC3K8S7wTAKamQXv7ohVXS4Q,-1,1,1,['28f798a704a65c5b281a2acb5ace3655'],0.1552017934535219,0.12934645895363622,0.11593881333857546,0.3517089253369305,0,likely_human,1.0,0.12934645895363622,0.1552017934535219
UC2x4y5VmudvVdtR2y3wQ40A,-1,1,1,['d18894781f54ef8938207a816e8512d7'],0.16043274179807107,0.12933360118985487,0.10869914500339953,0.3430133898696935,0,likely_human,1.0,0.12933360118985487,0.16043274179807107
UCjJAOJCdddXQGNUZPA7Z5BA,-1,1,1,['17e3dd9d1a18ca6e127bce0d914f040a'],0.12678254443886205,0.12915330837107147,0.14558290903684612,0.4136635614033115,0,likely_human,1.0,0.12915330837107147,0.12678254443886205
UCkvVoRChmTyilTQJEndpUXw,-1,1,1,['ffe3e14f21cadf1fe7d1c9f7b6875a9f'],0.12439587811614235,0.12806985443072524,0.15078431426073693,0.4035326443572005,0,likely_human,1.0,0.12806985443072524,0.12439587811614235
UClHw7JLMbVIiA5i8anOBSkg,-1,1,1,['907664def1f59300971d3e6a1ce4bc24'],0.13490492610602084,0.12804549314454078,0.13751401150944773,0.3872996485913619,0,likely_human,1.0,0.12804549314454078,0.13490492610602084
UCzcXAXLEP8-EoLupRow0dZw,-1,1,1,['c316a6107fc0aa4d4177736dc0e20e35'],0.13621825839559093,0.12774963802159411,0.14485319232091534,0.3602385367414239,0,likely_human,1.0,0.12774963802159411,0.13621825839559093
UCPnseCDXiV_vKtlB1-UThjQ,-1,1,1,['715e74d922b31741469429130e37f1b3'],0.1115010411828474,0.1274621998301056,0.18102366964968186,0.3905950909858368,0,likely_human,1.0,0.1274621998301056,0.1115010411828474
UCJ5dbSex6F4uw1F_3Z1arpA,-1,1,1,['eab7f9ca2d057ccc5c5c1d2d9576c4a6'],0.15902844208317451,0.1270277899600239,0.10914166944260328,0.33063333562590835,0,likely_human,1.0,0.1270277899600239,0.15902844208317451
UCRKp9xGVz9nIw_eHduy1E6A,-1,1,1,['55ca7a1a419ea3a28869a8a046d61902'],0.12035310131023773,0.1262628351248876,0.16075954964199562,0.3829935209726059,0,likely_human,1.0,0.1262628351248876,0.12035310131023773
UCsT0_8NiceFTCDU-g1Tqe5A,-1,1,1,['fb0d20f593cdc93547959f00fbe4ab60'],0.13473917834406968,0.1261974405517331,0.15147926719482738,0.3446685082453775,0,likely_human,1.0,0.1261974405517331,0.13473917834406968
UCf_UUfAOdzYOy7BxNaEimJA,-1,1,1,['1a47cf108e153b71a4c64379fbe9e71d'],0.11974676020938604,0.12544491758836462,0.12900374776579357,0.4429206383974616,0,likely_human,1.0,0.12544491758836462,0.11974676020938604
UClWbjPdOW4eiyjnGUlBbdiw,-1,1,1,['cc17210715001d65398a95fb43b9d426'],0.1610992795481932,0.12506751101958563,0.09286636830056808,0.3282323028620358,0,likely_human,1.0,0.12506751101958563,0.1610992795481932
UCqyuDYxW4IsvkrGFUM6u8TQ,-1,1,1,['bc1029da2469a9379307b92c02a9451e'],0.11756598742700877,0.12390874625247442,0.1502177234322828,0.391341848088986,0,likely_human,1.0,0.12390874625247442,0.11756598742700877
UCEV47dZSayaw7L98ApCFsGQ,-1,1,1,['5f469d93dc82c9a3b8f5720392d88584'],0.12407902147623491,0.1231221732520682,0.14198698560645134,0.37171055355479143,0,likely_human,1.0,0.1231221732520682,0.12407902147623491
UCTn4NRP32LlIgsjAAMYznQg,-1,1,1,['215c8e119139dcede22f3f1d6f86ad21'],0.11693338289302534,0.12215290194396838,0.14653408790204142,0.38402886739593944,0,likely_human,1.0,0.12215290194396838,0.11693338289302534
UCgl4XKWAJWomA2Zp0JYocTw,-1,1,1,['eb980b6ef35db581975e49de34b32916'],0.11233080356868724,0.12200526715769328,0.14046864358567626,0.41691495283910823,0,likely_human,1.0,0.12200526715769328,0.11233080356868724
UCNu-8k7xsqMuuGFKltIHIRw,-1,1,1,['00dca4f580cf1f4ed71bf88f5c2cc232'],0.12342937205246723,0.12123706855455607,0.14091406344564802,0.36198028541147653,0,likely_human,1.0,0.12123706855455607,0.12342937205246723
UCbJm5Gn49ASEs65wugN4GSw,-1,1,1,['854177a1d96229cd5a2475a9428fbdc7'],0.1341890574107189,0.12116865311926683,0.12981432993058875,0.3388738628642052,0,likely_human,1.0,0.12116865311926683,0.1341890574107189
UC5ETPhj6CXEGNXPMd7daYtg,-1,1,1,['1ba9f1e3c36636cb4cb9594705e28dcf'],0.16246459420533868,0.12081607810081682,0.08286196096275271,0.3031584003857123,0,likely_human,1.0,0.12081607810081682,0.16246459420533868
UCZCXu6FZq7lTj_jcfA8Smog,-1,1,1,['d6eb37251481b8f46c85cbfc9b03421d'],0.1496172493542946,0.12066949574530539,0.10515179115076519,0.31499691227969795,0,likely_human,1.0,0.12066949574530539,0.1496172493542946
UCpr4LsufHU-6w0HfWOjYa2Q,-1,1,1,['58b226e59036653b7988136ee9aa55e4'],0.13859698500298015,0.12055723564409551,0.1160910932883433,0.33645635705060045,0,likely_human,1.0,0.12055723564409551,0.13859698500298015
UCT6BB3XpQqP-RS9LkiApaOg,-1,1,1,['0ff5167513cce2a200e3666e9e0a5c6c'],0.12785673425883498,0.11961621405402856,0.13411596347874694,0.33612006488312596,0,likely_human,1.0,0.11961621405402856,0.12785673425883498
UCRhfR85ExmoQbysm8W07N3A,-1,2,1,"['5048fd01c4967f26544108ae600ae712', '56d1605fd71f6ecf58e7a629eab53e1f']",0.1259514079763309,0.11933907935244217,0.10881637034165847,0.39558170739171955,0,likely_human,1.0,0.11933907935244217,0.1259514079763309
UCQleA2xbKRySxVxvpA07gNw,-1,1,1,['400c8418789db13b82f8a1a4edefdf92'],0.26489515742438674,0.11922865915057441,0.0,0.0,0,likely_human,1.0,0.11922865915057441,0.26489515742438674
UCp3XFmRs3YRlkE3qC612iQw,-1,1,1,['13641baf7e61cd2be0fc643a9e399b8c'],0.14137868745638604,0.11892735430385862,0.10894597539762023,0.32651444948645425,0,likely_human,1.0,0.11892735430385862,0.14137868745638604
UCJVXOupuhK2nTktHxLyNebw,-1,1,1,['5416d4b24119db4a59a717b715f73b91'],0.10868438901466196,0.1182363492219711,0.1346604703773657,0.4072836899451936,0,likely_human,1.0,0.1182363492219711,0.10868438901466196
UC-qdJIlB3fdz5FZESPj32og,-1,1,1,['140e1cc6e464ac2cc01cc9c3bbe2c255'],0.11876905865129248,0.11784921236472773,0.1296844995454345,0.36864372794461536,0,likely_human,1.0,0.11784921236472773,0.11876905865129248
UCiSevyoat2yPbrvQtibAQjQ,-1,1,1,['f5fdc45c223a7b7f35dd5ad15937b0a7'],0.12037866987659054,0.11729561662218646,0.11182305561693888,0.39186706669989685,0,likely_human,1.0,0.11729561662218646,0.12037866987659054
UCCYwoTopj73Dt7GCWQ2FDSg,-1,1,1,['2735482e1ba10beb0a023488be329a14'],0.2549538938440051,0.1147573872780338,0.0,0.0,0,likely_human,1.0,0.1147573872780338,0.2549538938440051
UCk8SdMJBYSF6sxrcdFFW8aw,-1,2,1,"['e22a7c80e2820642dada16939cb2ef87', 'c30398343a9c3e9b0408f9f3cbb90443']",0.24527616460998736,0.11039954980978843,0.0,0.0,0,likely_human,1.0,0.11039954980978843,0.24527616460998736
UC-re4CWqG0beYkoCAedcn6g,-1,1,1,['7d89626dd8b5fbe9dd1a32a4fab20836'],0.10862943698963952,0.1100411933030505,0.13135475758986748,0.3324476605912521,0,likely_human,1.0,0.1100411933030505,0.10862943698963952
UCged_7jtcLx_KGlYbjqzdzQ,-1,1,1,['e6e66276083cdccd38e9e297d17198d5'],0.12129213993586838,0.10969575164736518,0.11011050910665668,0.31737434388292773,0,likely_human,1.0,0.10969575164736518,0.12129213993586838
UCe89ZFzbWyMwGXp6JeWFvQQ,-1,1,1,['cecdbce92f12d9385ca96305fbbbd7c9'],0.1330099708749505,0.10933313603751403,0.09348002142471885,0.29526952957054353,0,likely_human,1.0,0.10933313603751403,0.1330099708749505
UCs6XUD6n_z5cE8sBwe5zBcA,-1,1,1,['34969dfc8c33d81146d56296ddf628c8'],0.10860661262883874,0.10632196395881077,0.0915168795426819,0.37969478484225483,0,likely_human,1.0,0.10632196395881077,0.10860661262883874
UCjmGaOq6AeO7O66-p0E7xPA,-1,1,1,['173afb31d6f0007a608c82ec486cb23e'],0.22502296738631145,0.10126894809370694,0.0,0.0,0,likely_human,1.0,0.10126894809370694,0.22502296738631145
UCDUJnGevGUHE3vMzZHhhusw,-1,1,1,['cbbd000e983ddf3b9560f1493c961960'],0.13027062953290908,0.09971472160160216,0.06986368863839662,0.2625858417600827,0,likely_human,1.0,0.09971472160160216,0.13027062953290908
UClD0pO84GAaM9veZQwIoGtQ,-1,2,1,"['b868251ed34cfab431a20e63fe4a49a1', '115728b149462d8f183b9fe543ee7355']",0.22002144607843138,0.0990176930147059,0.0,0.0,0,likely_human,1.0,0.0990176930147059,0.22002144607843138
UCgRUlIw1mJbEOKJI6-6By8w,-1,1,1,['1d98f46a568da9875e81829a30a22ff7'],0.2150306231817486,0.09677526412494258,0.0,0.0,0,likely_human,1.0,0.09677526412494258,0.2150306231817486
UCA4ZzrjMww8jOSm0wmkDr6Q,-1,1,1,['3aba41e9fdb56d0e10daf6aaf3a13e99'],0.21149957122293142,0.09519605188265721,0.0,0.0,0,likely_human,1.0,0.09519605188265721,0.21149957122293142
UCDgg8DNks_v4IAdwr4C0Qfg,-1,1,1,['935ed28245eb7c19cadf914eaa46afe5'],0.2020539198249399,0.09094550875356103,0.0,0.0,0,likely_human,1.0,0.09094550875356103,0.2020539198249399
UCVB6rQIq_YO0E0o22vq7xjw,-1,1,1,['e5502dcf08e090060a2c999d68cf3ad6'],0.19563649184116128,0.08805766616086065,0.0,0.0,0,likely_human,1.0,0.08805766616086065,0.19563649184116128
UCpqdo1wym5wQpBtEEBNKTww,-1,3,1,"['6a385b31cec034e4bee4eb2c51bd0aae', 'e360accfdf250e3b067732a5274968cf', 'c4c54695c8e4d85ba1e3cd53bad39584']",0.17500766283524904,0.07875632183908046,0.0,0.0,0,likely_human,1.0,0.07875632183908046,0.17500766283524904
UCWwFWL0EQ8uBSsRg29YPFTg,-1,1,1,['e260896206d03a7f409df9a68dbcdd52'],0.15432864371005334,0.0694599475473375,0.0,0.0,0,likely_human,1.0,0.0694599475473375,0.15432864371005334
UCzFXARw_99oeLEvKL-DTbeg,-1,1,1,['6cc61e83a4cc1ada9e41072b836b70e1'],0.15,0.0675,0.0,0.0,0,likely_human,1.0,0.0675,0.15
UCMGp4LHfCaWWwku1fHzEY4g,-1,1,1,['f62c411769afc0188b27dacdbe5ab61a'],0.15,0.0675,0.0,0.0,0,likely_human,1.0,0.0675,0.15
UCRfUpDiC3ZqdMBn2uz1yuvQ,-1,2,1,"['9254cb9e3d5deedf46cb88c5dc331f71', '6a54f1715ad07cd8dac315ab4dc9882c']",0.14364224999857625,0.0646530864883299,0.0,0.0,0,likely_human,1.0,0.0646530864883299,0.14364224999857625
UCRUY18kNkxnOFHhqArovmRQ,-1,1,1,['bf0fdfe4b1a2075ceeb5abdf0e60425d'],0.07913406487621556,0.035610329194297005,0.0,0.0,0,likely_human,1.0,0.035610329194297005,0.07913406487621556
UCl_nfmSy0GvLQDfi0pfnbrA,-1,1,1,['8695650f4fa57661d1c46a1d7d31d1b4'],0.03130470014941742,0.01408711506723784,0.0,0.0,0,likely_human,1.0,0.01408711506723784,0.03130470014941742
UC0lkAl6k7SZFD1R9G7omVBg,-1,2,1,"['6f09e367a7f18b10d2b5794fb34d591e', '8b073346fea0d7d0c9320a3b9dd76d1c']",0.02649434802278175,0.011922456610251788,0.0,0.0,0,likely_human,1.0,0.011922456610251788,0.02649434802278175
UCHysRgyO43ychqq6giAi0wQ,-1,2,1,"['6c17ac7b926d2ac14ccb449889a63f5e', '01400a088a0f3702e505c32ce6f57511']",0.016917116560553308,0.007612702452248989,0.0,0.0,0,likely_human,1.0,0.007612702452248989,0.016917116560553308
UCsXYf896-M5Tm-7Mc6kOB4w,-1,2,1,"['a75e3636a969319f4eb6270d5aa018cb', '1f2c58d10cd2fbe9cf69b47e7291febb']",0.010119086121040078,0.004553588754468036,0.0,0.0,0,likely_human,1.0,0.004553588754468036,0.010119086121040078
