author_id,cluster_id,comment_count,videos_commented,comment_ids,avg_comment_bot_prob,final_bot_probability,cross_video_avg_sim,cross_video_max_sim,cross_video_high_sim_count,classification,cluster_confidence,cluster_bot_probability,individual_bot_probability
UCKNK94GclrIH3FYZLBI2cRQ,8,1,1,['7dcbeced6ba8ce3a5ee9b0a22ccfa03b'],0.5591750088610512,0.39481117045093805,0.14244653949442737,0.9780733992660362,1,likely_human,1.0,0.39481117045093805,0.5591750088610512
UCv98o9HUz3kb6_9bSShJaIA,30,1,1,['d2ee14ab47374a4c8c1af0c9eee0d55f'],0.5109327222899669,0.36483545504122467,0.16895868358238275,0.8178759001461879,0,likely_human,1.0,0.36483545504122467,0.5109327222899669
UCGEiUm1x-K8Q6AAaz0yVWhQ,44,1,1,['6eba3a2cbbaf0bdd88a085e6ea3308fe'],0.4918356852571766,0.3643930759820886,0.19377101137990244,0.8196065749085564,0,likely_human,1.0,0.3643930759820886,0.4918356852571766
UCGexNX1yvi-3MmXhcH1xuaw,44,1,1,['0072d356541baea0402af51f0117dae6'],0.49270988102411384,0.36427216064803786,0.18851279831559753,0.8196065749085564,0,likely_human,1.0,0.36427216064803786,0.49270988102411384
UCgdaS5MJDmYOwprwT4MCroA,-1,1,1,['c93b0c759b0610533ac4838b5b0f1717'],0.5328288528422254,0.35679512664445523,0.1262288183008345,0.859185922696398,1,likely_human,1.0,0.35679512664445523,0.5328288528422254
UCILdGJqmeYLMsyvqiN8yQQQ,34,1,1,['7f0464389cb8be7aecb808e45945fda2'],0.538333686515234,0.35636500572146845,0.2018226825582859,0.5653826527646907,0,likely_human,1.0,0.35636500572146845,0.538333686515234
UCAc93RdzK4YuCrBUbFYh2jw,70,1,1,['ba85bd1558f1658b1ffd3509a7334fbd'],0.5195581636968469,0.3537017637937139,0.15379805830496762,0.7305363877833099,0,likely_human,1.0,0.3537017637937139,0.5195581636968469
UCDKRkQW6QjLI2RqKIFSCaGQ,8,2,1,"['c08458cc39f916a2e013d140c4d2b36c', '66acd1b62931cdd819c3bce115fadf12']",0.4576304002013899,0.3528786261594655,0.15659389086281358,0.9780733992660362,1,likely_human,1.0,0.3528786261594655,0.4576304002013899
UCCRLYBDNXAG1fWGoUcjngsw,7,1,1,['ede51a93a40488126945f7ebddf193be'],0.5172405519045186,0.3501816594733809,0.18702918734862142,0.6118638472150311,0,likely_human,1.0,0.3501816594733809,0.5172405519045186
UCD-axlcKx-hjfImju3CoZLA,44,1,1,['14f6d676fa834434174f76209d0172dc'],0.47697185549350435,0.34889573068200075,0.1948238981482301,0.7290403725936726,0,likely_human,1.0,0.34889573068200075,0.47697185549350435
UCW5LHAAxVkRWMqLnRfQM3Fw,35,1,1,['523efc7728186cbfffbd9894ae81cb92'],0.4634863694747296,0.3432192425492592,0.21619448272680158,0.7522511623699775,0,likely_human,1.0,0.3432192425492592,0.4634863694747296
UCuzlUyMPFzm9qv-Q532-h8A,35,1,1,['74fde6f737ef163e43640d6e38eecda4'],0.4659174093511036,0.3425242756947122,0.20620809025482575,0.7522511623699775,0,likely_human,1.0,0.3425242756947122,0.4659174093511036
UCoJvn702cyyHvNJL2gZMNDA,30,1,1,['27d8bae6ad12eb87a6183c8b8228f72b'],0.4914472518013372,0.3398151954508881,0.23849078172065652,0.5113095730564722,0,likely_human,1.0,0.3398151954508881,0.4914472518013372
UCHs6R6v0kS1bMiuPCwzXD7w,80,1,1,['cd0b029f33ecde897cccb2f04ef0dfa3'],0.4845170967560686,0.3373957712553118,0.1769668076461573,0.7007894372346353,0,likely_human,1.0,0.3373957712553118,0.4845170967560686
UCJY_qGnAKnmEllQtVVz60CQ,64,1,1,['e56302729cc9354d0b859a88f2d13b62'],0.47661492002100286,0.3355329709798264,0.22921477947493532,0.5226165115008541,0,likely_human,1.0,0.3355329709798264,0.47661492002100286
UCDVagAzZa0gKC24OBasOOKA,58,1,1,['c4745514ae93096a050314e9fbf87db1'],0.5061111571828547,0.3350058163554167,0.2008342152302153,0.49403708677162145,0,likely_human,1.0,0.3350058163554167,0.5061111571828547
UCf42c1CtgaIMyHyI1GXzYDQ,70,1,1,['dc7f87f2cda23d20b9d43aa97662ec41'],0.4990382819856397,0.33455581763147474,0.1992222728443404,0.524065707251683,0,likely_human,1.0,0.33455581763147474,0.4990382819856397
UC6Woz0BS0B582fX84CEzvfQ,44,1,1,['ade51750567f94daea9bb218bf423a42'],0.4256154048655332,0.33412329434551535,0.20912366156139064,0.783934304394936,0,likely_human,1.0,0.33412329434551535,0.4256154048655332
UC_gtqPly8csw-PUbJtjqrVg,44,1,1,['fdd7fd15d11e53e2f68749eaaa3dc447'],0.46362919034145467,0.3318697229342748,0.22510002108749283,0.5498008101005856,0,likely_human,1.0,0.3318697229342748,0.46362919034145467
UCLxNSFZ4D4I0_xoxqPD8csw,-1,1,1,['f88d7451d82df0f948ac2ad095666887'],0.511082031683159,0.331409023446298,0.19188184859621096,0.6213480684146334,0,likely_human,1.0,0.331409023446298,0.511082031683159
UCDgHFlpU12jLN3z2X0HsUjQ,70,2,1,"['d0e3d69e2d0187e9c2a354ccfc39e0e0', '56296f5b24766d9e68bef7be153d3fe8']",0.4806955184610556,0.33140423202888764,0.15998324825149002,0.671143838048301,0,likely_human,1.0,0.33140423202888764,0.4806955184610556
UC0g1uCmybfgnQcqsWzaDdmQ,53,1,1,['2727e0de297caa3d5584d2fa6e316480'],0.5066359880278574,0.33088120058469456,0.1962062669218904,0.4928838091171498,0,likely_human,1.0,0.33088120058469456,0.5066359880278574
UCSeeriLyoDbVljmgXyCHokQ,81,1,1,['6f321ded8b6bcebf6d90deae78280919'],0.4782877653349745,0.330268108082605,0.19155901589270627,0.6580948716809771,0,likely_human,1.0,0.330268108082605,0.4782877653349745
UCEqR7LYbMpiejHekEFbIRQQ,58,1,1,['d21357c9e73656bb3b27cf20e5d18f36'],0.49018086059050725,0.3301450938134273,0.19383698423513832,0.5292335985020897,0,likely_human,1.0,0.3301450938134273,0.49018086059050725
UC6vgJyP7VMYBnbIogvlwlOw,24,1,1,['d027423b13d4a687bf532e15c33b0afe'],0.4894057782924801,0.329436959297328,0.2164973155936437,0.5459079867708296,0,likely_human,1.0,0.329436959297328,0.4894057782924801
UCZWwm472ruMRVAZpkGvxhWA,51,1,1,['b23d829c844d62a4c348d259a63c5157'],0.46308919464641496,0.3292940180685372,0.2340381654405171,0.510747342879979,0,likely_human,1.0,0.3292940180685372,0.46308919464641496
UCLi_of7iB5lBJqQLwp_zj_g,67,1,1,['d40aa3ad31f3b9264865f092fca6f8c5'],0.48293929656533485,0.3290326638852903,0.1577845951913866,0.6703845647295823,0,likely_human,1.0,0.3290326638852903,0.48293929656533485
UCju5gZ7tAy5Mh0mQc4aS83A,2,1,1,['c0a9a98bf0b93fb011d9883a131cabd9'],0.47259247422999884,0.32834696263677265,0.19170696078642158,0.6899705259979224,0,likely_human,1.0,0.32834696263677265,0.47259247422999884
UCgPSpmBJppdNua6URIZhbwg,75,1,1,['3753f5ffd34eb54e7fa41731a3f58762'],0.48608566536543796,0.32794432961514763,0.20064056182369266,0.5833266325493135,0,likely_human,1.0,0.32794432961514763,0.48608566536543796
UCCh7QAfr1gFXNBaOnzQu3Xg,48,1,1,['2845ba306654bf13a013c2d5df2e4194'],0.47580508559250045,0.32765310730803826,0.18773008744013606,0.6580948716809771,0,likely_human,1.0,0.32765310730803826,0.47580508559250045
UCs7wsLlxVswl7LwiU26Wg0g,26,1,1,['bc89fc57420c76f2b2fda8a016436589'],0.48477790140299637,0.3274525753109778,0.18171671409040968,0.6080928905808413,0,likely_human,1.0,0.3274525753109778,0.48477790140299637
UC1DQcGNiVbet3_2-1H5FU1w,50,1,1,['059ed9574fca90998956564f9db0490d'],0.503713833422321,0.32740307504730226,0.19305888707672025,0.5059663646886008,0,likely_human,1.0,0.32740307504730226,0.503713833422321
UCJnvT34OBmc5C8M_jnqS_Pw,46,1,1,['131b45e4ec279bcd06c1574a271de6c2'],0.45405281676011405,0.32722410550557307,0.20615450917835207,0.6496394782676166,0,likely_human,1.0,0.32722410550557307,0.45405281676011405
UC_GRNFSM6kmm63JtrDguR0Q,57,1,1,['99877f8a8464b7eba8c9f1cd5dc214b4'],0.4752940440413467,0.3268559495331003,0.1778516237289713,0.6421116752924251,0,likely_human,1.0,0.3268559495331003,0.4752940440413467
UCfIECctFd9IyZKwBYnOImFQ,45,1,1,['09208c1dd571311f679a7590067bec4a'],0.49440427916151675,0.3268266146641484,0.20420669687253806,0.5224394803346136,0,likely_human,1.0,0.3268266146641484,0.49440427916151675
UCOu4DGzA3ZrzTbxKdc808Hw,26,1,1,['a187311e0fc13901e73122c01db3c94c'],0.4725576684359245,0.3264189423506057,0.22559923979005958,0.5533758258230617,0,likely_human,1.0,0.3264189423506057,0.4725576684359245
UCpsb33OD_ivya1X1b_nrZlQ,3,1,1,['ea31e5a2ae0b3c9d818c9fc101e01f52'],0.490950876278892,0.3260790405403982,0.1741879983990839,0.5436426319871591,0,likely_human,1.0,0.3260790405403982,0.490950876278892
UC0Zod8BfC9FjODYqEkiS-QA,-1,1,1,['8a17459fccd57591dee3058814f1ceab'],0.5218051983845371,0.32529114401986764,0.1925051262539946,0.49205444674151055,0,likely_human,1.0,0.32529114401986764,0.5218051983845371
UCLkSDnj7VTyq3If1ecis4Hw,-1,1,1,['868b117953828243cce559882d53cc40'],0.5095655575623115,0.3242668665584082,0.20189371923179744,0.5226204618757951,0,likely_human,1.0,0.3242668665584082,0.5095655575623115
UCHVVDFs73xBmB1B5-BV8wcw,6,1,1,['7a480ce1bdce2872d406da0f42a40df7'],0.48946835460026317,0.3238978613804628,0.19152813923067513,0.5730034791077793,0,likely_human,1.0,0.3238978613804628,0.48946835460026317
UCk5bnking3QAte5XW_32hCg,-1,3,1,"['633f0b731a09bcaa84086f1fd5f19dbc', '38d70ee5824bc5397e512af9d8ad877d', '5a4ee57ec21da3737224ccfdd2843375']",0.4550704854615111,0.32367934461794357,0.13970520952580695,0.859185922696398,1,likely_human,1.0,0.32367934461794357,0.4550704854615111
UCe01MpGJoUSTzUL4VXeBnNg,66,2,1,"['bfb245f56d5064e594bc2fe44479b728', '2bf22fb3beadf28712273c88c6692c27']",0.46281545206166486,0.3236407829192509,0.19469464725814042,0.6589334656657284,0,likely_human,1.0,0.3236407829192509,0.46281545206166486
UC2Zk9pLMpXdK0kDoLHjmLQw,63,1,1,['e3f2f00dae9208abe2a520c88756896f'],0.49899480776279725,0.32353711380887573,0.19856888137909207,0.4778278595422521,0,likely_human,1.0,0.32353711380887573,0.49899480776279725
UC23011S1m6o3U_OT3J0MkyA,64,1,1,['93e03859c66549b7a2cdeae076118035'],0.44117667951181144,0.32344058757748495,0.1894540778523476,0.64539962034437,0,likely_human,1.0,0.32344058757748495,0.44117667951181144
UCWU8U1DvoP35QK6ZmweTfng,62,1,1,['8b1d561573c76fae1d4a1c25f1016cc9'],0.5220727769222795,0.3232238513457898,0.16095057658581016,0.4607572564690267,0,likely_human,1.0,0.3232238513457898,0.5220727769222795
UCeOOpW3ltW7Vqv_RIlWzeKQ,0,1,1,['e9654d94ea9cd4c0ccb8bdded1bf35b4'],0.4600640440296598,0.32290013376668236,0.17977861770035886,0.7091525163015536,0,likely_human,1.0,0.32290013376668236,0.4600640440296598
UCk9dPCzxlnDelzKyrjsmU8Q,70,1,1,['8034f1e0fed7272b7562d10b0479a4df'],0.47575793102239,0.3226839652418062,0.20104399971229567,0.5066865450383333,0,likely_human,1.0,0.3226839652418062,0.47575793102239
UChl3R7kGKTe0EaWGxCIUzpQ,43,1,1,['d28da8b901b8d213767f04fa336d5a4c'],0.45439214299032193,0.3226204488562382,0.22075467984137936,0.5239640709310576,0,likely_human,1.0,0.3226204488562382,0.45439214299032193
UCuQMyjgPb4NgHXy6Ps11avQ,31,1,1,['318d0e9625457c23bec84ee251a2e1ec'],0.48919061090521043,0.32202044470493707,0.19325618416114698,0.49384105365520636,0,likely_human,1.0,0.32202044470493707,0.48919061090521043
UCXEtzUp6K-bXw-5toITpFxw,76,1,1,['aacab709335347fec57730074eaa1088'],0.48699797234295783,0.32193959490736174,0.14805113023516986,0.6279428044752067,0,likely_human,1.0,0.32193959490736174,0.48699797234295783
UCbFNOYz_Q4JBkcxiGaFoW2w,57,1,1,['1b23e803a213352c8786ca86e2570c36'],0.5067245090259473,0.32177657968146806,0.17351774131759248,0.44348506328212134,0,likely_human,1.0,0.32177657968146806,0.5067245090259473
UCupGFdgE2xEAJTlmkf-fIAA,7,1,1,['f97986aface3655bf04f6be8de3e2b8f'],0.4600976451336602,0.3216850801724186,0.19595865738946946,0.5679701947081084,0,likely_human,1.0,0.3216850801724186,0.4600976451336602
UCboqRtmmqvsHjomL3pC_Q2w,43,1,1,['4638af950cb2685235f4fdaee66e18d2'],0.4580735147611245,0.3215937326959526,0.21890825772162265,0.49344933620353487,0,likely_human,1.0,0.3215937326959526,0.4580735147611245
UCFD90hd3w_1SovUc3qOBsVA,-1,1,1,['32aa344fb3e6368eac12acb5a84e182f'],0.5139055213952137,0.3215912352964301,0.18655070609189472,0.5069989830441466,0,likely_human,1.0,0.3215912352964301,0.5139055213952137
UC5ZOVBvlDmUnHFahFCRNoDw,46,1,1,['7ba68eb2e09aca63c5a5a09051be0956'],0.49267193626957284,0.32124434621126247,0.13707765465243943,0.5631128830944376,0,likely_human,1.0,0.32124434621126247,0.49267193626957284
UCNvnqx3Fr4XDgszqXosLYKA,51,1,1,['16c7285032bbd23a9377e0f933019ceb'],0.44471866211395705,0.32095397997276004,0.20757183633920276,0.5620744755929691,0,likely_human,1.0,0.32095397997276004,0.44471866211395705
UCoDwGkvBKy3Q78WYAQ-vldQ,58,1,1,['066394b0d53c8d5887b667ea720924e1'],0.4776270604671736,0.32086477501736355,0.18720921120986334,0.5091480880275947,0,likely_human,1.0,0.32086477501736355,0.4776270604671736
UCurUA6tpFmzgQUd40knB3kQ,-1,1,1,['7361e6d71253a35e98325c987daa6c64'],0.48726977974169805,0.32020386053627803,0.2007004621425388,0.6003597969508533,0,likely_human,1.0,0.32020386053627803,0.48726977974169805
UCdOG63iUi5UMGXK50W30Zag,-1,1,1,['f8f1fcf0c425f2abdde2d432ce9207d2'],0.5085062230614952,0.3192554153707405,0.12385029170766908,0.65085048303898,0,likely_human,1.0,0.3192554153707405,0.5085062230614952
UCh3JcKdrrKhZ5vn6bb9Af8A,76,1,1,['0a5053e3f4381b974900929f791c16a5'],0.49045522821375115,0.3191624070630372,0.1979842761737559,0.4753812611497842,0,likely_human,1.0,0.3191624070630372,0.49045522821375115
UCjgIsUCCe91Tya698z75TCA,57,1,1,['70fc780805433ad98ea40692dd9afff2'],0.48842428075443367,0.3180462316575653,0.17498707560883575,0.48415390634426436,0,likely_human,1.0,0.3180462316575653,0.48842428075443367
UCag5jhg4hwoc9KGvQcUbxgw,69,1,1,['e46257dd9a18377c74272a39d26863f7'],0.463994272164554,0.3176810598821105,0.21606032284587687,0.5129638809307671,0,likely_human,1.0,0.3176810598821105,0.463994272164554
UC7ZtZnW20Ksj-Op2vAafwAA,80,2,1,"['69acdfb55a90a0d11f1c70e1645c71fe', 'aadc74f58974baf2de5a31a0e72dd57a']",0.44633091833207456,0.31664230882501976,0.19853383181489798,0.6198612542473954,0,likely_human,1.0,0.31664230882501976,0.44633091833207456
UCgdAvtc8EAWhus1tb4SI8FQ,-1,1,1,['52d1fd845e4bbe3d10f096da6f07b35c'],0.5116452772203562,0.3162470345983147,0.20124271795263896,0.4306820950454861,0,likely_human,1.0,0.3162470345983147,0.5116452772203562
UC4amCZENLgPw12NhOH_aBtw,-1,1,1,['5babce66cf46d927af913c4df2602652'],0.4979168243178394,0.3157591771292828,0.19799742541387377,0.5013911414128278,0,likely_human,1.0,0.3157591771292828,0.4979168243178394
UCh82Mun5I89Y2yKuDUEcxEw,28,1,1,['c56001b78ae40933c12693b17cb57480'],0.49602252422754983,0.3153548645012182,0.1745109443416653,0.45648880699381883,0,likely_human,1.0,0.3153548645012182,0.49602252422754983
UCTVwLqWwm4hZnEjEo7HRdXw,15,1,1,['2690e5f2c2afc7fb6fd887c9b619cf9e'],0.4809702403323961,0.31473933041188773,0.17449668538392693,0.5060895971743581,0,likely_human,1.0,0.31473933041188773,0.4809702403323961
UCe4hxuprNciIY9owFgw7beg,68,2,1,"['d1e488d63a782ad08ffa76006abacef6', '6c0aafec9e7e73b21bbb78c6b0ab0fef']",0.4641876849811681,0.314602505725721,0.1759764451062157,0.535648936152893,0,likely_human,1.0,0.314602505725721,0.4641876849811681
UCc9evMpqHRpzjUvEgHgIljg,-1,1,1,['48586746ea6c3e20356920717193220b'],0.4895694548160462,0.31433828169686756,0.21119904454419194,0.5102741799551204,0,likely_human,1.0,0.31433828169686756,0.4895694548160462
UCYmdUzL6ZTUkkP2gP5Yj19g,9,1,1,['6989c9ca4b6e7d9df28322d85628c768'],0.4509782018324536,0.3138948174557549,0.23801038651759468,0.547779095075749,0,likely_human,1.0,0.3138948174557549,0.4509782018324536
UC6ANfKz4qr3jTAV6Dbr_e5g,78,1,1,['1aa3288ffa362acd85361a2422f08b4f'],0.45570022952920514,0.3138888491551727,0.1876423856111417,0.5734402479601644,0,likely_human,1.0,0.3138888491551727,0.45570022952920514
UCzV4RPyq-dO_xs_ZkVjZp8Q,63,1,1,['9c2720e15d7c59fe1696248d8c780706'],0.4558031095287236,0.313710905923303,0.21621636356623788,0.5496294726140124,0,likely_human,1.0,0.313710905923303,0.4558031095287236
UC60vklOxvK82XoZXH14K-ZA,51,1,1,['482920e52c298346498ac851559accfa'],0.4398879347644493,0.312870398248822,0.19797894258911114,0.5303830247603617,0,likely_human,1.0,0.312870398248822,0.4398879347644493
UCfITbF3F9eeXS6ZzZQW2OAw,11,1,1,['20ccf58cce504cbf5c210c93f68f289b'],0.47883545213142825,0.31279320730407045,0.21263067062693017,0.4219623236695155,0,likely_human,1.0,0.31279320730407045,0.47883545213142825
UCXp1hYqgz-D76SnFtcV2YVg,30,2,2,"['9a172587f11861577513afda7d53886e', '3f4f62929376069b30472752fbecdff5']",0.3915602134273219,0.31261494122957034,0.18179921508441418,0.8178759001461879,0,likely_human,1.0,0.31261494122957034,0.3915602134273219
UCu_O5P7XK5icNZ2WyhfA7nw,79,1,1,['0f2cf9d5b72992a04b2c310492a495e5'],0.480944270648619,0.3118329364332687,0.18433824727985412,0.4739373592458021,0,likely_human,1.0,0.3118329364332687,0.480944270648619
UC9SzKb1S-fznI04g18P7V6Q,62,1,1,['b017ecb34e663d9ea3d039b08c35350d'],0.4970989472825103,0.3116752552113471,0.1322746515229521,0.5079343103046711,0,likely_human,1.0,0.3116752552113471,0.4970989472825103
UC7ST2Re92sw5j-P_e8Ek0gA,-1,1,1,['8a412948a1882b3d7575f3aadb94b539'],0.4780402190106019,0.3111870462331737,0.11411967416285909,0.7264563969169625,0,likely_human,1.0,0.3111870462331737,0.4780402190106019
UCDCmozhmU3e-HyIyTe2eRug,-1,1,1,['8cd9a55c92e75589fdf357a629404472'],0.4804247184394632,0.31093304538039884,0.23133301374484205,0.47759353897487394,0,likely_human,1.0,0.31093304538039884,0.4804247184394632
UC_6tVNZpMjPY4gidEv2ad3g,61,1,1,['1439361133c2f08972a27253c9f8cf57'],0.457079922521591,0.31058907293140264,0.19375906988538422,0.5510530281297064,0,likely_human,1.0,0.31058907293140264,0.457079922521591
UCbd2VhFwPqkvquky1YdtSjg,-1,3,1,"['d5bb434e63d359b9f1203fc6577bd3ad', '2c194fbe4f503d78e2ee013a84ec2f3c', '9b2b99788f53e383e63afec9d78d631b']",0.4543052646551762,0.3103678074980064,0.14920103413472596,0.7486449496235416,0,likely_human,1.0,0.3103678074980064,0.4543052646551762
UC6YrEr5sdbpTBGb7jBydQPg,51,1,1,['7b6c328762f178b86a8c16132bf2021d'],0.45577665805187634,0.31034351221820117,0.18243308519695833,0.4529035477671071,0,likely_human,1.0,0.31034351221820117,0.45577665805187634
UCoLJO5DUHYoZqDiz3j9wlAQ,55,1,1,['fe9f4f79f5fb8d70fb3230ae12711680'],0.45976466279539047,0.3096516024139986,0.18483819406591673,0.45203295960046286,0,likely_human,1.0,0.3096516024139986,0.45976466279539047
UCbX6uVwOpeaRdk-EXKPNwqQ,73,1,1,['99acbff07f2dcabb675c1019e3f47289'],0.444006125846955,0.30952691735036786,0.20848176275578006,0.5715333696863298,0,likely_human,1.0,0.30952691735036786,0.444006125846955
UCX54IkjMzC46u3eqa9KmQag,49,1,1,['aaf3168cfc26aa0cafa8b9a28baad9a7'],0.43977372666823156,0.30937518297590083,0.18872757009919258,0.6012123599224577,0,likely_human,1.0,0.30937518297590083,0.43977372666823156
UCqi4CEBWkYRRKjKtV8HbmZQ,-1,2,1,"['6e3ecf71269a6361d58250e7e23102f2', '7711475c52011597550a92862f3b81e8']",0.4703369832751353,0.3093248025775219,0.1895158907986055,0.5830616683391732,0,likely_human,1.0,0.3093248025775219,0.4703369832751353
UCiReaz_6crGlCVTN1Snd2_Q,10,1,1,['2864154d7f74dd79b5383369d3230d43'],0.45883402746204094,0.3092900935389971,0.1825208814641887,0.5421930986746952,0,likely_human,1.0,0.3092900935389971,0.45883402746204094
UCQxjLDhCeMdk3mfpxddrNsA,31,1,1,['dbe18013457c1f20b534fe3eb198b249'],0.47922189661917997,0.3089349667517861,0.18491121985746817,0.42170086823008507,0,likely_human,1.0,0.3089349667517861,0.47922189661917997
UCsr67mvfS7FLzDUl_cNDj1Q,14,1,1,['53a48dc69b1d2fd468cb1b2e08ed28b9'],0.44775145242244796,0.30881606228774683,0.2170407662584255,0.5029430250752324,0,likely_human,1.0,0.30881606228774683,0.44775145242244796
UClF_cYxYicDnglsm20j4Eew,7,1,1,['311c7b92fe5799d43dcce1b3c1b72116'],0.4628030115415249,0.3087563639625158,0.17769444006549853,0.4608198993600566,0,likely_human,1.0,0.3087563639625158,0.4628030115415249
UCle-xOdxjFQJkAt-UIQPHAA,-1,1,1,['c783d2c5f1533dd89a125a081438d32e'],0.47137947312146367,0.3087351017039344,0.21645644183631982,0.5176355572244185,0,likely_human,1.0,0.3087351017039344,0.47137947312146367
UC6SlO_C8Kxkaapari9NX7nw,-1,1,1,['38db313fe206b6537c1a5567673f5d64'],0.4811005346124408,0.3080106123218497,0.20775509050776061,0.4700312924726694,0,likely_human,1.0,0.3080106123218497,0.4811005346124408
UC2_7WiVUh65Eo2q2FinGv3Q,35,1,1,['126febc07dbf48b2f629d4ad112e20fe'],0.447178169293979,0.3078889654809985,0.17905745371424303,0.5500895554932178,0,likely_human,1.0,0.3078889654809985,0.447178169293979
UCnyvnhRckBe-cre95P-BCgg,52,1,1,['116a6d8389f93f7fef61b7f7eaba1fce'],0.44684473471980585,0.3077816152169818,0.18875980436658701,0.5878304994362734,0,likely_human,1.0,0.3077816152169818,0.44684473471980585
UCyIZdoAhhRSiWEAvOuxj_9g,43,1,1,['3a7e6d725f4843b8a273469c41e6b502'],0.4317664667393556,0.30761258313562534,0.2121465662743736,0.48296588551923997,0,likely_human,1.0,0.30761258313562534,0.4317664667393556
UCaROQnts63MOq3mDtq2QyeA,33,1,1,['e974e036fc90771e4fb7003bc7a464ec'],0.45637599454936556,0.30749896848948644,0.20830652187359147,0.4996939372888225,0,likely_human,1.0,0.30749896848948644,0.45637599454936556
UC_PebcHVPtongdf6w5tQ4rw,44,1,1,['67252e4e5bf9b9d82fc98cfe009083b0'],0.44141605851209453,0.3074003366083858,0.17384087427710718,0.5162647093963756,0,likely_human,1.0,0.3074003366083858,0.44141605851209453
UC9euuZkqgYviuyAdEWWRNsQ,21,1,1,['3e6be2548a7f58eee21b07d7c390c15d'],0.4617379487942114,0.30699324761120295,0.20059191079014393,0.4834788634300744,0,likely_human,1.0,0.30699324761120295,0.4617379487942114
UCqQ9lmqABieqvtvSwQ3P01g,-1,1,1,['31daf3f4ec239dc168803bb6d57867fc'],0.4476558825083745,0.30652963610561923,0.21219737563694516,0.6101838899006277,0,likely_human,1.0,0.30652963610561923,0.4476558825083745
UCLw1r6HtuWy5ktW40dl_ybg,-1,1,1,['3b6085af7e56ccfcbf2e2cc8e92bce56'],0.4803946677292554,0.3063877293841086,0.19653173231598967,0.48304195610286677,0,likely_human,1.0,0.3063877293841086,0.4803946677292554
UCurJ-0yzokAsZ4-WVYrfirg,11,1,1,['373e9c7a7405bac90fffb07606ee8acd'],0.47612475050727743,0.30628380497927915,0.1788040094390736,0.4340064490295549,0,likely_human,1.0,0.30628380497927915,0.47612475050727743
UCDK7vHMn0pKx142weas4bCQ,11,1,1,['8a4094c939fbeb5afa86b997b479d25b'],0.4595529066188823,0.30616644368113144,0.1849585119144434,0.4881807206966537,0,likely_human,1.0,0.30616644368113144,0.4595529066188823
UC5I7jhv727SxIIIEPcYAxkA,9,1,1,['7e841684f99ba1ce8313d8deded64eff'],0.47179623530107995,0.3060694285200909,0.2158386992352843,0.4095780988595545,0,likely_human,1.0,0.3060694285200909,0.47179623530107995
UCsGcp7uQZ7RZ10uLw4L2XoQ,-1,1,1,['112874fa2e6d6e72f0e8e90167ccd82b'],0.4721074028157651,0.3059482304349215,0.19270506715074864,0.5248392806196165,0,likely_human,1.0,0.3059482304349215,0.4721074028157651
UCqbce6TXjakby8Xan2HvxmQ,-1,1,1,['2406f399b0cdc0f55c71383f93e165b7'],0.47150771994106877,0.3059162494119909,0.22362619367823314,0.47256495212130556,0,likely_human,1.0,0.3059162494119909,0.47150771994106877
UCbOFTddZ9eK2GlgeROmqnvw,64,1,1,['154af1569fd84d1c83f12ff12f9be675'],0.4429425126404396,0.3058057432293146,0.15858730962167153,0.5272071192207858,0,likely_human,1.0,0.3058057432293146,0.4429425126404396
UCqi-hW4QupQYqVhZgQD-o_g,70,1,1,['e6b207293a82023c7094fcede8f5269b'],0.4675012909151789,0.3058015051647227,0.19114957117103926,0.3954079368415739,0,likely_human,1.0,0.3058015051647227,0.4675012909151789
UCBxdcOIAcyxxVrsbkgzRqKQ,7,1,1,['8486140d013af3d0cdff22f85da51e04'],0.43728868274891686,0.3057606498404214,0.22286401332522435,0.46843862618040943,0,likely_human,1.0,0.3057606498404214,0.43728868274891686
UCfX9b0EVGcBH4484epE4LUw,77,1,1,['9f30c4ce0ff38a133b5ffb816a7a2cdb'],0.4558076247587993,0.3056469986782057,0.2059042354442544,0.48052755432965066,0,likely_human,1.0,0.3056469986782057,0.4558076247587993
UCyiFeYTmWqXByyyu7enpI-A,-1,1,1,['00273a94a03e739cfea7b74119f24d29'],0.494233823949602,0.3052967173186093,0.183292920976042,0.4413158018686635,0,likely_human,1.0,0.3052967173186093,0.494233823949602
UCelB0QbfxLojpqJFNsgpgEQ,43,1,1,['d809f64dd13540ebf619f3a1dcb13c92'],0.4377281228176327,0.30501429679862485,0.19666227125161923,0.4625382377574984,0,likely_human,1.0,0.30501429679862485,0.4377281228176327
UCnRwRsweACDLEvVKl-xeTtQ,52,1,1,['2c5515677c5c0e41b13fc961d2e93f78'],0.4635008182536361,0.30497552209765905,0.18989811474399468,0.4687873703895546,0,likely_human,1.0,0.30497552209765905,0.4635008182536361
UC4oTHTBVpiyP9_OdchlYoBw,0,1,1,['19c6ad54d249696fb02c1246c427d605'],0.43229206504045525,0.3049291424405675,0.14746586972629533,0.7091525163015536,0,likely_human,1.0,0.3049291424405675,0.43229206504045525
UCRL_Cy81Dp3L_Sba9udy0jA,-1,1,1,['3f9864202357ea1414972e86416b3847'],0.4748793325904971,0.3045830579365319,0.20928625602986636,0.4595335718481319,0,likely_human,1.0,0.3045830579365319,0.4748793325904971
UCtFtvP9nIRgl9XQKPxBxnoA,30,1,1,['bb7959785b592c9ea1742a3f58b3fc75'],0.4338641764137404,0.30422272339105905,0.1868497542828662,0.5250858886555617,0,likely_human,1.0,0.30422272339105905,0.4338641764137404
UChZqz5SuEScxfNImUmtMyHg,7,1,1,['e203d4dd66a47476cb315a831b47b425'],0.48793854565714345,0.30416550357705346,0.14272547225389406,0.37935756880991334,0,likely_human,1.0,0.30416550357705346,0.48793854565714345
UCVauhqKElVCJt-ybjDSmeAA,-1,1,1,['42e88792a4113bd0157caf8df6236fd6'],0.47828741940235764,0.304039011842252,0.1909404078711583,0.4768808029588722,0,likely_human,1.0,0.304039011842252,0.47828741940235764
UCHrRezuP-yPp110kvyxED1w,-1,1,1,['112fa9d2e795e73355093a882ff74d6e'],0.48718247489807476,0.30396953574160546,0.199802552303882,0.4235980064372373,0,likely_human,1.0,0.30396953574160546,0.48718247489807476
UCp6R_AjuB1rGv-8SdyYjGBw,-1,1,1,['97753eafd461f9c3f61e7329395263f2'],0.5007797421307139,0.30394901783646017,0.09013280598537168,0.5953298141946488,0,likely_human,1.0,0.30394901783646017,0.5007797421307139
UC0OJM_M8weii0zkuC-Q-3fQ,47,1,1,['694fac64f4c3a63f5630457869ab3c03'],0.4745207041020807,0.30391981506961807,0.16545320921965473,0.45667199619891136,0,likely_human,1.0,0.30391981506961807,0.4745207041020807
UCCWA-7zqH1gYV1PYdg-nm0g,36,1,1,['97caebb97e8afc2b560fa3bb7cab3ddd'],0.4701458706982313,0.3036571595722688,0.19258111633714883,0.42592440096978484,0,likely_human,1.0,0.3036571595722688,0.4701458706982313
UCk4ri7JzHbrbzdFBL2hnHtQ,51,1,1,['e02fa8221ebf57e7d0ce34afeac824ce'],0.45034130868314115,0.3036380140761926,0.12933355355048573,0.5308309807960278,0,likely_human,1.0,0.3036380140761926,0.45034130868314115
UCP1cO8gZqBXW9u8lEV3GU1A,36,2,1,"['9bc203cd7e2e242d9475185630c6e82c', 'cef7644f2a9d71a36c76b4996018a95b']",0.43047456200570366,0.30330666780453064,0.17336505078378137,0.6410681892433798,0,likely_human,1.0,0.30330666780453064,0.43047456200570366
UC2sA_93INBwoBAOkdXJxGOg,29,1,1,['24cf691f30a0702f4cd0c900a00fed54'],0.43898326192650916,0.30324828142928767,0.20251214147493757,0.47944308167316996,0,likely_human,1.0,0.30324828142928767,0.43898326192650916
UCTmhfUpe5jeVXHaMsRAZGeA,8,1,1,['da87e29f2945a3dd66c3dc2a2f72004e'],0.4440440306177892,0.3031408987976289,0.17806487317614897,0.5452100109338335,0,likely_human,1.0,0.3031408987976289,0.4440440306177892
UCv6q5VoRACxxfkCARM6zs8A,25,1,1,['7abf9c817e036174e89c03a1204d5545'],0.4826801841628363,0.3026365615799396,0.1694284601994951,0.4003265074991072,0,likely_human,1.0,0.3026365615799396,0.4826801841628363
UCqw1Pm-_Pt9MZA02VvyM8oQ,-1,1,1,['58bc5c43f1408e2c52f8ff5d3572ecc6'],0.4672317083352455,0.3026300713243503,0.1716442931937332,0.5849438840346662,0,likely_human,1.0,0.3026300713243503,0.4672317083352455
UCB3tJvVaCvLztpDjZD6s30Q,-1,1,1,['0297627ffe460416906d4d0093f985b0'],0.43405294057918026,0.30252104219014303,0.2262238425787951,0.6012123599224577,0,likely_human,1.0,0.30252104219014303,0.43405294057918026
UChSFit3ya4usLgaQzf91o7g,30,1,1,['1ea8e87c2b8b0fc668e28e8eb06be2b6'],0.42295701621198356,0.30250357413533463,0.21079342328120215,0.5059268876812671,0,likely_human,1.0,0.30250357413533463,0.42295701621198356
UCRbsNItHCulB81Sk7Hv4FFQ,49,1,1,['2b8b587d9d422758ed9c0414fbd9e8a4'],0.4635786665149389,0.3022880172111724,0.15820763272294192,0.4773347729835826,0,likely_human,1.0,0.3022880172111724,0.4635786665149389
UCqhg66B2aunrYKVVUtFiepQ,33,1,1,['8293ebe1d812ccf34a953d6e48ce34c0'],0.4457714142050135,0.30222799910174525,0.1814688302413955,0.5489550727709568,0,likely_human,1.0,0.30222799910174525,0.4457714142050135
UCIY1pamxfe-VRxowlr4SnSg,17,1,1,['7fffd8ffc233b578126cf161cea52e25'],0.4577381581566018,0.30222130944537046,0.2145652209420219,0.4266942209313168,0,likely_human,1.0,0.30222130944537046,0.4577381581566018
UC6X1U8ASpiieZGX7kCmIlXQ,29,1,1,['ec1ae9ba7839030e99b7391452c515fa'],0.44409565607175605,0.30196229541465414,0.2100334319502736,0.4370064328960419,0,likely_human,1.0,0.30196229541465414,0.44409565607175605
UC50UCBhOFZJlDT6qemQg5Gg,-1,1,1,['4a94a0909bc7cf51511a673c22b2951b'],0.45190135914898466,0.30195683688911834,0.22200943914261875,0.5210304493650706,0,likely_human,1.0,0.30195683688911834,0.45190135914898466
UChRDOPH2ctE91TaH0Pw2PGQ,-1,1,1,['781f3bb147f0f054adc69a63d1fda18b'],0.4634751546611633,0.30179753310406077,0.1919064806466715,0.5222844837266671,0,likely_human,1.0,0.30179753310406077,0.4634751546611633
UCoSPXsQzlYXPw2_NSf4Hiwg,16,1,1,['bfbe9a19cb19481e144102c554d23a01'],0.4596694542183844,0.3017586041738621,0.163110611386323,0.5159365495925541,0,likely_human,1.0,0.3017586041738621,0.4596694542183844
UCl83_vSBvJTt8tWFrz-UqLQ,52,1,1,['b155800c7771bc5449728d456f26b08c'],0.4352748072380601,0.30172928017024425,0.18837956076802526,0.5689770824097911,0,likely_human,1.0,0.30172928017024425,0.4352748072380601
UCnRIcQcIwi3mHurrKrZPlqA,-1,1,1,['c6c83fc2e66836f2956dead1f26e457c'],0.4703427246260201,0.3015026548961604,0.20034747719036342,0.4762427514386033,0,likely_human,1.0,0.3015026548961604,0.4703427246260201
UCI--sjCJJxCQZ4crGZuz4Fg,-1,1,1,['bff111683758a8f69ccfb30853cb925d'],0.47895634802305737,0.3012837295052053,0.1895404442400599,0.46545600578430807,0,likely_human,1.0,0.3012837295052053,0.47895634802305737
UCFWCSQoI-CgJ0SC708kthCw,41,1,1,['e8bb4064f35aacae630b234ba8a5110a'],0.45230271246032216,0.30118585244553564,0.20247627872217103,0.4328405900759514,0,likely_human,1.0,0.30118585244553564,0.45230271246032216
UCpb2XKOieHiGqTssrJUANxw,-1,1,1,['2f1b0e8c579ba051d4e381a9e642ca45'],0.47414007531042446,0.30111658495201243,0.20038186622403067,0.46977371914719307,0,likely_human,1.0,0.30111658495201243,0.47414007531042446
UClhOBPVGDVZNCNlO7FHjUcA,25,1,1,['b8582d293abcd7e782b622208867ba8b'],0.4409811144817014,0.3010205755669656,0.22045024476907293,0.4903609653129145,0,likely_human,1.0,0.3010205755669656,0.4409811144817014
UCEgyfKzHAak-cdl6euPiLJw,-1,1,1,['63b10532db3085dd99e944b37923ce82'],0.4541665092441496,0.3007924772156413,0.22448072106246206,0.4948287804848851,0,likely_human,1.0,0.3007924772156413,0.4541665092441496
UCBrvMdDHKuvryUS6Aswu08A,-1,1,1,['20b2f637717d08eb5ac1032d04491af2'],0.4651098452817678,0.3006710367626942,0.21860808818946853,0.4608040285189051,0,likely_human,1.0,0.3006710367626942,0.4651098452817678
UCJENnwpdvCtHyumKFVubZog,-1,1,1,['4cf5a9ce544fc45fb4f2aac79c2dba80'],0.45752816052766143,0.3006298886326823,0.20653353560666515,0.5083112223026899,0,likely_human,1.0,0.3006298886326823,0.45752816052766143
UC8rDFBeJkOEz4DpS51JNqgA,55,1,1,['238d84ceeb88e7c8771ee127aaa9922c'],0.42238664110843616,0.30053769454139745,0.20363198975671437,0.5035800013590942,0,likely_human,1.0,0.30053769454139745,0.42238664110843616
UCXo-YD14T2P1vVYMThjG_4A,-1,3,1,"['6b5caacf2ae12bf2b1d23b045f790673', '4ced7c5fbac1f88191cdfe94cf0742f4', '679ce3c524d3c6208592331f823f94ba']",0.4264878601211117,0.30048594618431246,0.2025974464387694,0.661966585465803,0,likely_human,1.0,0.30048594618431246,0.4264878601211117
UCFbLUqv1XsGBV5vd5goZd6w,69,1,1,['c06556a6c66f006ecfa6edfba454cafb'],0.4499775407221972,0.30018924970633065,0.19001367064932334,0.4552895918668153,0,likely_human,1.0,0.30018924970633065,0.4499775407221972
UCrFgYXbc5Kc664vVEOUFjSg,-1,1,1,['7375e1ed7243a4bcac2b401e348ca103'],0.5107618925834012,0.30007297400954175,0.12972278881116095,0.4327884845655783,0,likely_human,1.0,0.30007297400954175,0.5107618925834012
UCUzJvlIOvygCBjNBfKw8scA,17,1,1,['2f2a5a1a96cc78b5233a5e7e2fe54954'],0.4393215834067453,0.30002914271249026,0.21349623168345835,0.49102780426601034,0,likely_human,1.0,0.30002914271249026,0.4393215834067453
UCYqMjj0iV_DouX_pmwr61Kg,-1,2,2,"['fcf0e6c8c8863844f17678922c8338ea', '24e5171186427249c8d8273af7742d1d']",0.444067174744713,0.29986550423787967,0.1738792662306042,0.64539962034437,0,likely_human,1.0,0.29986550423787967,0.444067174744713
UCM8sb7S8H9v_z3TLy-oVPdg,51,1,1,['9daff03fa35c3044a968a5a98d5ef4cf'],0.4492977603280446,0.2996880774877322,0.17446821924389105,0.39307051717259467,0,likely_human,1.0,0.2996880774877322,0.4492977603280446
UCgEnzBobrxXhG8ovfNPFjCA,47,1,1,['9501c1acc6f5e8e427ce7c2e76ab5150'],0.4482922145639524,0.2995952011292256,0.17430770606798088,0.5277528060845724,0,likely_human,1.0,0.2995952011292256,0.4482922145639524
UCtdRQAqR1F5WzdYVPFaLmKA,66,1,1,['9ca7fe907068baa1990c91f61607b904'],0.4627519850263835,0.29942754792089865,0.19441233400080618,0.4110882489511854,0,likely_human,1.0,0.29942754792089865,0.4627519850263835
UC_nY7qvBlF3yWmSr81w19OA,38,1,1,['3cec5f6698638e018f4d02aa1727a593'],0.444530874396597,0.2993098520362735,0.1650019914821234,0.46112564247512644,0,likely_human,1.0,0.2993098520362735,0.444530874396597
UCz-1vxPoZA2A1dYLjK8mMow,-1,1,1,['c12b03274cc84f257356ae0ae1ac4c8a'],0.4799795864663752,0.29915614683004266,0.19514540717467002,0.42182365993555176,0,likely_human,1.0,0.29915614683004266,0.4799795864663752
UCuexDA3qkPycioSL2VDXROg,55,1,1,['79e25a7aac87caf7b6eef8423f6507d8'],0.47984853022812124,0.29903047688416096,0.12842127511604598,0.38261755398995156,0,likely_human,1.0,0.29903047688416096,0.47984853022812124
UCqtJEJ8roQwC1Jr-G-yqLAg,4,1,1,['bc26f0c4ab193c7340f8285183d4fc0c'],0.44638751839470614,0.2989741044513475,0.2204639470117416,0.41410465839723326,0,likely_human,1.0,0.2989741044513475,0.44638751839470614
UCPJn2p_48xQ7q2ctoCpD4pw,64,1,1,['f998a0dd965bb4fc1b81925b5ebafba1'],0.42545153501114064,0.2988837736479006,0.19675348709235918,0.4535979204581355,0,likely_human,1.0,0.2988837736479006,0.42545153501114064
UCQXgCwEa4uR9jFL9O6zvM1w,55,1,1,['083072ab9679184319e21c004cdc2fc5'],0.43427598804152734,0.29882753345748164,0.1874019906296936,0.46365639185465224,0,likely_human,1.0,0.29882753345748164,0.43427598804152734
UC1K6jBYLly7LD1GvH31uJ9Q,-1,7,1,"['98131a50110ac701ef792477db14a383', 'b8c64c23ad3e288b49e669430701e0f9', '00d6f3d1b11fe25b1a0495232dc007f0', 'ba6768b383bb5e3b138e2360df52c298', 'c1ff8f09b0f37018f56653a3f0579eba', '6a377a8c93c5ec5d3d0b12e68556cb36', '0527e545611a6e84fb6296b80b916aad']",0.4298733485206374,0.2987764881957165,0.1560033704345771,0.7264563969169625,0,likely_human,1.0,0.2987764881957165,0.4298733485206374
UCQi86xJudjVJCrDbwtLJKSg,43,1,1,['273716a5b3993bb49045c99a36c7d4ab'],0.4244557414657949,0.2987297128719536,0.19154033552295327,0.4696147462540555,0,likely_human,1.0,0.2987297128719536,0.4244557414657949
UCA_vWItKZd_dKNsqJpy09Kw,54,1,1,['cbd2fc13d10560a02eeab1fcc25edb77'],0.4353191442300417,0.29867275102105134,0.20138007364027166,0.5220915737337553,0,likely_human,1.0,0.29867275102105134,0.4353191442300417
UCGXLpxq8sie7uWAk5Mei3sw,-1,1,1,['1e67eb8da46ea3c834526f7ed33d471b'],0.44532869026906075,0.2986498162904878,0.22378369649192278,0.5138156111053616,0,likely_human,1.0,0.2986498162904878,0.44532869026906075
UCY7-ILTX9eL2pDzkOLwDmYA,37,1,1,['310a353e38cc3046d3f59937b8aadce7'],0.43892468901722104,0.2986490433421481,0.21324989199312425,0.47615780310454103,0,likely_human,1.0,0.2986490433421481,0.43892468901722104
UCrVG2g3hCT3ZO1HBdLg0lJQ,14,1,1,['d93c995d430e15321805d2bb104af438'],0.48035435837954754,0.29825148910879845,0.1518610659472818,0.3785427164934895,0,likely_human,1.0,0.29825148910879845,0.48035435837954754
UCF_ZO08Z9TEdzo4GaCMiqzA,27,2,2,"['1e7b26b45ccfcfbdc76b6d566b307735', '3109fdc12e31f14258ed267e90d67dc5']",0.425141093172843,0.2982385761068453,0.19611854707997178,0.572497820015739,0,likely_human,1.0,0.2982385761068453,0.425141093172843
UCLLosUuM6DOcy3uohU5JkxQ,-1,2,1,"['2a7da800d5a0d03c9829fee5ccfd7db4', 'd6df84f5759a98ed7f461249665a486c']",0.4671444926888284,0.2981511283486193,0.1821300331039534,0.488438956965056,0,likely_human,1.0,0.2981511283486193,0.4671444926888284
UCL1GO40gZwDwQcliwSeibpQ,-1,1,1,['0f5015889b4536852165389a55e871ae'],0.45408879252687995,0.2979711328674945,0.1841345336338186,0.5502957105360101,0,likely_human,1.0,0.2979711328674945,0.45408879252687995
UCdKu7f4_xvDk76cBywWEYqA,61,1,1,['f760a5a5b2d45bc75c03aa7acbe9d2d5'],0.4585831019982108,0.29794441820237094,0.1862947670422882,0.4219777820626716,0,likely_human,1.0,0.29794441820237094,0.4585831019982108
UCy5wtg21JOcL3IQX2rSTUww,28,1,1,['de6d906674b5e52f0debcf007f0f71a0'],0.45143228042653943,0.2978311356861165,0.1788600485077182,0.49109551743071245,0,likely_human,1.0,0.2978311356861165,0.45143228042653943
UCEoQxz3osed6rv_WE2As72A,-1,3,3,"['1f09d3577398c31194eb1b10435b0cee', '81f138d4cc9042b7fdb733ffc9a7850e', '647499ee504ad9c8c58996a7e0689bc3']",0.42918679198411097,0.2975779189085882,0.1694714001999929,0.6972727491223172,0,likely_human,1.0,0.2975779189085882,0.42918679198411097
UCu1W2L-EUrE07wZYMh6D5oA,78,2,1,"['3a2f8dcb3c31e980bfa458c83d34aab0', '8560a9c8c82fd75fda2be36ad0a96e12']",0.44675233245171364,0.2975299226835193,0.17270621102257325,0.4820894559464426,0,likely_human,1.0,0.2975299226835193,0.44675233245171364
UChV5GLWpaNDr501QNg3Tzuw,-1,1,1,['e333badcb47efae607e17891a674c365'],0.4444074885930326,0.29723999927555006,0.2103823239868952,0.536285111880393,0,likely_human,1.0,0.29723999927555006,0.4444074885930326
UCUMjr51IH7WYuKuQ_W-_QFw,-1,2,1,"['80b43e720d211734e755a41c47630f3d', 'b1617b85f03fc26f8cbfd7a37ab041b8']",0.4323823797402919,0.2971449454582485,0.19367871788965874,0.6209679970183686,0,likely_human,1.0,0.2971449454582485,0.4323823797402919
UCZo0em90gT7cexZZ8vyJziw,-1,2,2,"['c375ad0e9f75519a8022a8b8211107a8', '5c36cd3feb790b806d7b9841a6cab9c1']",0.423129859617082,0.29708197139525583,0.1610506487817075,0.7302404646315572,0,likely_human,1.0,0.29708197139525583,0.423129859617082
UCndf4j84cDOVQxf0MRfvFFA,-1,1,1,['a864aadee66cf44ea5c3f8ffd765b636'],0.48786419744232784,0.29675503425206495,0.1381718058134065,0.48474265033482944,0,likely_human,1.0,0.29675503425206495,0.48786419744232784
UCSA81cFySOYeLzM151kCvaw,-1,1,1,['fe4d1b57eee3f05a805ba53dfb034d8a'],0.4689086493429824,0.2965729051561691,0.1769026550181525,0.4901245215632118,0,likely_human,1.0,0.2965729051561691,0.4689086493429824
UCdw9D0pYCLz1rgbxSH63Cog,5,1,1,['45e53845a9162a1dcfd156753d607500'],0.44208181295233595,0.29651355837526594,0.20502603869032623,0.4696147462540555,0,likely_human,1.0,0.29651355837526594,0.44208181295233595
UC0-5UVBwytMzFNpByiE3j2A,-1,1,1,['96ee6c3d0660516a36d6e74b70f6d588'],0.43804506195256776,0.29634623309603303,0.19820794985078272,0.5710833681539221,0,likely_human,1.0,0.29634623309603303,0.43804506195256776
UCOvOseV19N_oRXoDLUYqfCg,57,1,1,['9553420bd0c4d8d5dadbbfc35d8ef2dc'],0.4294405622062575,0.2963399449869485,0.21360581806103965,0.4693115515989361,0,likely_human,1.0,0.2963399449869485,0.4294405622062575
UCmGJXUjlge76zhLgF3oekSg,44,1,1,['f9c169c61286ca267e1c68feea989b1d'],0.45586465500596934,0.2963391876277861,0.1532780406906874,0.3697685419358502,0,likely_human,1.0,0.2963391876277861,0.45586465500596934
UCaCC7tiP0ntGpl0UTAMgwXg,65,1,1,['a2b7e08249699d004f0f6e1ab309048e'],0.4617400396362857,0.2962936370562704,0.14565453345927498,0.49384105365520636,0,likely_human,1.0,0.2962936370562704,0.4617400396362857
UCEmHg9cSvrR9-kkbnJw2DHA,55,1,1,['f535f1ffb2288c3eb3fc3af8f420dc1e'],0.4072405995692431,0.29617624870377696,0.20652410260919998,0.5210304493650706,0,likely_human,1.0,0.29617624870377696,0.4072405995692431
UCe-vhiftnbujiKgMGfie7cg,-1,1,1,['e4c1f7f6fef89c21a7ce94b39d7a8fab'],0.46054158515682303,0.29607643705423703,0.21145262574568446,0.4392939804237186,0,likely_human,1.0,0.29607643705423703,0.46054158515682303
UCW4DTdvPpXsvvxZzD32UDgA,-1,1,1,['3112394b5547852b2ac1b4616932d14f'],0.44861080646155993,0.2959866624355233,0.19356860292705952,0.5327013898941285,0,likely_human,1.0,0.2959866624355233,0.44861080646155993
UCB9-4aGQCJSwyGTRGXCl0_Q,-1,8,1,"['f0f82b8f3f45f164e72b2a1ed63292a5', 'ecf58d031482e76da98a4c1ffc2cf0dc', '8aae04d8d16f97956f2e98364fd779f6', '4b4563774233baa3184b54a5778662ba', '9b48c6cc1234d96b0b0dc82a01339e2a', '468e28d2ef216bf918dd97771623bb2d', '84e0f410b95ad8c66481ca053bb54bb2', '8dd0c5ad4d1629594d3c9df66097f3a2']",0.4170980397382575,0.29595848328110574,0.16019580543007372,0.7486449496235416,0,likely_human,1.0,0.29595848328110574,0.4170980397382575
UCctGCJdbx9EgG2W_y7tGc1g,-1,1,1,['c7bc519c03220ac1496e8a281e8997de'],0.4516676410849154,0.29584526865012173,0.2239182275789395,0.4718696179898751,0,likely_human,1.0,0.29584526865012173,0.4516676410849154
UCT4MrLc7jMQdpxEgLK8L_7w,80,1,1,['5a175065456e85a1df3ebde746197f25'],0.3829457511749487,0.29577158118639624,0.19269464495209496,0.7302404646315572,0,likely_human,1.0,0.29577158118639624,0.3829457511749487
UCZiHGUYtVOTQUyE5XwcR3OA,-1,1,1,['583170884647cf18f957472d255b18cc'],0.4584079840491031,0.2955775250658611,0.20492585060438,0.46869823642974334,0,likely_human,1.0,0.2955775250658611,0.4584079840491031
UCOoAo5nq30850DPQmNqo1Fg,-1,1,1,['ec8b419e0d7eac79118fe705124bf114'],0.45208530228921756,0.2955604629322811,0.17940179699195893,0.5471092362436689,0,likely_human,1.0,0.2955604629322811,0.45208530228921756
UCakGMiQN_jGVWn_iwS-6bgA,67,1,1,['4f9941cb4163b95740b713367fb628a7'],0.43409641486783124,0.29547008416808496,0.17877183725323295,0.5091841872971535,0,likely_human,1.0,0.29547008416808496,0.43409641486783124
UCvizeihd0C80NJU5gKBBWZA,71,2,1,"['33020b9117476b6b98f7149a8412d18c', '61f690369eec80776e3060f9460dfc15']",0.44646444936057406,0.29546113708773103,0.17820318063050886,0.47735080719449274,0,likely_human,1.0,0.29546113708773103,0.44646444936057406
UCjjzD6I9d89vT2bs3BE2maQ,-1,1,1,['b73729931736ed2cb43ac5f33a4ee9db'],0.48928258211309894,0.2954506223807077,0.1258144903615605,0.49174003944495986,0,likely_human,1.0,0.2954506223807077,0.48928258211309894
UC2o_CVJzXsFaWnBfgtq9zmQ,81,1,1,['0df9f176b99a2d02343f8a1f076a943c'],0.46407180108555357,0.29542683723612345,0.18703759842070705,0.38571220455517174,0,likely_human,1.0,0.29542683723612345,0.46407180108555357
UCIcYxb8Z9NAyQHlQ4Dgzdtw,-1,1,1,['0cb3870db21d9f850f11c08c372d6cbf'],0.46105328500155623,0.29523104338436507,0.20413936982438172,0.4597207672385254,0,likely_human,1.0,0.29523104338436507,0.46105328500155623
UCpH0qppw6ZdnQv2KEHgPmQw,32,1,1,['44d248c4740b906c9bc69717611f3a42'],0.44155210860879124,0.2951940427083808,0.17302948315476133,0.5168113284780972,0,likely_human,1.0,0.2951940427083808,0.44155210860879124
UCmjIpGewm6Ky0CZ9W4PoNmw,12,1,1,['a6127ecd2acbe1a62e9aff2056cd43bf'],0.4557086461329932,0.29515511930731236,0.1751009693013526,0.44922004578532265,0,likely_human,1.0,0.29515511930731236,0.4557086461329932
UCDiSMd4I1N5lenbpLAJgIEw,32,1,1,['4a74de8d50fb5bbcb0429f36209c5cff'],0.5009976815061157,0.29514957304864387,0.12770575986949895,0.3344017055132965,0,likely_human,1.0,0.29514957304864387,0.5009976815061157
UCi9Jg0cB_w43yjZcafMESnw,77,2,1,"['cbd7e6a43d4cb857c31763a3491a11d0', '7e04c0242ad6657842280916e44506f8']",0.4747541033900907,0.29501088093613465,0.13818635727688194,0.43172434305155627,0,likely_human,1.0,0.29501088093613465,0.4747541033900907
UCcj3O7miPBuHHF8HyzVXDrw,-1,1,1,['7d5a6759431790b8e2d6d44d1e8c9104'],0.42810760290201644,0.29500162584892653,0.22925048155261926,0.5533758258230617,0,likely_human,1.0,0.29500162584892653,0.42810760290201644
UC9AFKKqhXgZYR_o0YXY40dA,-1,1,1,['dd6f1c24556b1042f56af3c7f8de927d'],0.4455240263997614,0.2949770650704239,0.21111845234892898,0.5100443387816161,0,likely_human,1.0,0.2949770650704239,0.4455240263997614
UCuCxtT1Bnve2HftbGCL4_Zg,-1,1,1,['4f8b75268a483a61d58e189a3e563018'],0.45725482555473673,0.2949158561459207,0.1736994436990252,0.5298735980784647,0,likely_human,1.0,0.2949158561459207,0.45725482555473673
UCXVlElKJvRyzxHEZSRNsigA,-1,2,1,"['2978e31cfb818052d721f31c2794776b', '9724ef4b296860bf244ea5ba4c9a7ecf']",0.4434210614101689,0.2947269774504291,0.17047422230537046,0.5905157484842853,0,likely_human,1.0,0.2947269774504291,0.4434210614101689
UCV5saiNPvDIkOnGgcMdC4tg,74,1,1,['2288b375b2ebe23e1e9368ac75a5d838'],0.4485830561709904,0.29468418898075754,0.2000986242458546,0.4190412386569643,0,likely_human,1.0,0.29468418898075754,0.4485830561709904
UCtdYGERa4WjbKVO4beDYpCQ,-1,1,1,['f46c73ae00eeed7c04b697fa59606c38'],0.4603493847106841,0.29464701025632156,0.15208129233456238,0.5619817217771284,0,likely_human,1.0,0.29464701025632156,0.4603493847106841
UCFJnklKYvnncUXZ8rmErepg,38,1,1,['09e98ed0412685a3cce14d52a6f149ac'],0.4086919498756224,0.2946264232549205,0.15840968886559204,0.5968218112895698,0,likely_human,1.0,0.2946264232549205,0.4086919498756224
UC3AfbkYR4IQOqYFqbMB54xA,-1,1,1,['a7af02b56a195b737de4804e92b2b028'],0.44371281043388844,0.29436094342187763,0.20337947729383055,0.5174453234024582,0,likely_human,1.0,0.29436094342187763,0.44371281043388844
UC4Gn6sFAfXkorAMW65tqwdQ,-1,1,1,['b2cd39c3bf4e30087b20aa597429d1dc'],0.4552571137122887,0.2942050163592296,0.1801235831224993,0.5114751477376505,0,likely_human,1.0,0.2942050163592296,0.4552571137122887
UCR7xw30xVQPwNQy93hOGI0g,-1,1,1,['84e17a67adcc92ffcd11c71a790fa32d'],0.4539172877499142,0.2940750177687609,0.19243459769649554,0.4846763731720682,0,likely_human,1.0,0.2940750177687609,0.4539172877499142
UCbIiCSId6hfR4Ob730-ACWg,58,1,1,['5de7620bf65fa08dcc349782dd45eb35'],0.42501757793466954,0.2940481605861563,0.18432166844146597,0.4950318339329042,0,likely_human,1.0,0.2940481605861563,0.42501757793466954
UCmef13hNyz3DoBYmPjLIuqw,-1,1,1,['bf611dddee82c6044f24cb2d4983eb32'],0.46568789170457975,0.29401488248992896,0.17732167884377226,0.4638795546086609,0,likely_human,1.0,0.29401488248992896,0.46568789170457975
UC1_nF_AKcCr-IIG-Fg3OtWA,-1,9,1,"['01c840dc33196a1cc8722cd6e8a6f7c2', 'f43ab75e88a9b31d2652baed81fa26ba', '8f4a18e0fdd66820ddaf5c7516c430f6', '951067564bf65222530438c8f7f11068', '58d2b635b01ba4cb663a917135303355', '4607cf3123dd72e83f5e7cdf8fe9e612', 'ac618317a559e402bb44c946808c3270', '594eeb5423af2385614da5cd12464d38', '17270982b305184ea3af90e809cbd1ff']",0.4583122138450871,0.29382028864798126,0.10851021507809488,0.65085048303898,0,likely_human,1.0,0.29382028864798126,0.4583122138450871
UCQ4on3x7s8s_Of10znbJtkg,49,1,1,['87c83c690859699aca646a52081f799d'],0.44197724404464356,0.293812387956511,0.17230560163805886,0.4757640943947835,0,likely_human,1.0,0.293812387956511,0.44197724404464356
UCGElHlG25YBeggkfcJFFp0Q,-1,1,1,['7b7e80e4f1d0e2c78f697c5c12d7fb9a'],0.4841919292418075,0.29373274220281465,0.0931460040944765,0.5651485694178051,0,likely_human,1.0,0.29373274220281465,0.4841919292418075
UCiXaqUcyCgfmT5zcfL2kEzg,-1,1,1,['23a1942c709f98cc67c2bad7d9334dc9'],0.4858538887942237,0.2937259349339646,0.140132250529828,0.46074898869783515,0,likely_human,1.0,0.2937259349339646,0.4858538887942237
UCs6zRtlNrFOmY5-Cfy33nVw,-1,1,1,['5c0761689a709899f18f8c439ea661dd'],0.40738231439279904,0.2936659295409322,0.26051974567393144,0.5888617788534708,0,likely_human,1.0,0.2936659295409322,0.40738231439279904
UCMfxLJzvdgEu-G1p2kDK0gw,-1,1,1,['f34c85c75edd684175ac8dbe40b77d9e'],0.4687260282872313,0.2933590229217725,0.18868575017200584,0.4491185666532428,0,likely_human,1.0,0.2933590229217725,0.4687260282872313
UCuII0Bsi_qgCAyQSzU54t6w,-1,2,1,"['bc2b4e4f204f9ebe60466bca6f5416cf', 'ff08052368e4b62d4782a1a00ab40320']",0.43080934455213227,0.2933270470854729,0.1991330945423728,0.5817405532148715,0,likely_human,1.0,0.2933270470854729,0.43080934455213227
UCxXsIFvn6f3hdmDHt4K6PAQ,-1,1,1,['2b45d5e6999d48ec286ae8c99b34d9de'],0.4655902477901118,0.2928121609713591,0.19460344954937958,0.4285726854365919,0,likely_human,1.0,0.2928121609713591,0.4655902477901118
UCYOAyYgHXpr9lgtvg8ZshQg,-1,1,1,['99a21a34c04bac2ef879a547e4bcde89'],0.4843894332463018,0.2928082096226282,0.16090517198184134,0.41113081117099404,0,likely_human,1.0,0.2928082096226282,0.4843894332463018
UCxo34Z_-IA37h8o6FMLnl8A,37,1,1,['42e7ff617fc32ae4f892f7f6ff581310'],0.46641265786004843,0.29280509418817635,0.15119307518052666,0.41107271820889013,0,likely_human,1.0,0.29280509418817635,0.46641265786004843
UCMikPHhpXF3Z8HfiEz4QLyw,62,1,1,['2c00fd0396fd0f305f275a5f7a13c997'],0.4361211237597852,0.2927330101581095,0.1657329317161197,0.5176636513798324,0,likely_human,1.0,0.2927330101581095,0.4361211237597852
UCjZSr26T86eJwOOnmKQCkXQ,-1,1,1,['52cb4f40710308cb66bf0ea0cc6e34e4'],0.4415507972550522,0.2927226591204192,0.19024190100973268,0.5416832641397265,0,likely_human,1.0,0.2927226591204192,0.4415507972550522
UCiitr-tOs8wA-NbUS1mLhmQ,-1,1,1,['cee0e72f9121dde071ceecba54206cda'],0.45854194355080186,0.29257026914882234,0.18641483914120277,0.46741307720005154,0,likely_human,1.0,0.29257026914882234,0.45854194355080186
UC2pDnsnToCz9zN8gb6VCN8Q,-1,2,2,"['14c3e965362beff66fe0f19a8ac32cf1', 'c7aa6045ea984115e19cba4ce3f2c683']",0.44203442815525607,0.29251158431588026,0.147685217210925,0.6372233868458086,0,likely_human,1.0,0.29251158431588026,0.44203442815525607
UC-FtoiiBoRTJr3sQzWqBvwQ,-1,1,1,['0312ea7828337ee24936a66320c1ffc5'],0.43664210639104134,0.2922047882015145,0.22178121557126013,0.5092139879653057,0,likely_human,1.0,0.2922047882015145,0.43664210639104134
UCQGeBMHi7yLE7pbc-FyAjDQ,-1,1,1,['40c89c90b2013ae7a1903b88eec33a62'],0.49723590867368106,0.29202439265334146,0.134179904457732,0.3978091349174684,0,likely_human,1.0,0.29202439265334146,0.49723590867368106
UCpl8ayldXLxOhVSN-fsJQ2Q,8,2,1,"['4c94ef0cb1555aa40d313832779129f3', 'f35403e96444cb7d4e935263fdc85986']",0.432628819034003,0.2920019836158615,0.17522842826722781,0.4913098807964191,0,likely_human,1.0,0.2920019836158615,0.432628819034003
UCREzd_hIP92_wI5K1TKjwDg,18,1,1,['47b1ad2988e5a037172f19b42998d671'],0.4257233746608806,0.29180156787418726,0.20250074977944954,0.49477013661430796,0,likely_human,1.0,0.29180156787418726,0.4257233746608806
UCVvVB7_mdE9SNUwM-_C1MRg,-1,1,1,['f7915f6e1bb511aff4d4ccd01f49d10d'],0.4521112484466423,0.29177405785094157,0.1905545982485965,0.4849882902391911,0,likely_human,1.0,0.29177405785094157,0.4521112484466423
UCpocCN0DmAbHf6lHXyL9C4w,25,1,1,['23618fbc96d76f5b126bdda314fa7d9d'],0.4224645522742634,0.291733373672675,0.18679614184932183,0.5308309807960278,0,likely_human,1.0,0.291733373672675,0.4224645522742634
UCDpDHPvnPkiAjSovbljSujg,78,1,1,['abb4aa17b86aaeddc5767f8daacbd3c7'],0.414443013004447,0.2917322269709183,0.1965698971255581,0.521319517379803,0,likely_human,1.0,0.2917322269709183,0.414443013004447
UC-t2OQcKkmgm7aZrCIxYLeQ,-1,1,1,['255a7b3eb287d51b9ad018aafe16e906'],0.5299558327322663,0.29165622212755826,0.11150614024135488,0.29971154489357055,0,likely_human,1.0,0.29165622212755826,0.5299558327322663
UCaqN9Njp8Avrh9t8Y80BLPg,-1,1,1,['a385928bdb1684cfb5a4fdf6aefff4e0'],0.4597603050219307,0.2916163322774739,0.1912042232814268,0.46715050469158004,0,likely_human,1.0,0.2916163322774739,0.4597603050219307
UCDa0GQQyWwndhnx7zL4sr0w,-1,1,1,['f815df66afac2ac4037400bca25cbe5f'],0.44161279581546253,0.29161583753865905,0.20776687537863078,0.4864390029175885,0,likely_human,1.0,0.29161583753865905,0.44161279581546253
UCfPEjrdt_jYO-7YBKAgd5dg,68,1,1,['eb64e3bbed091f583b8deaefda8a6200'],0.4488113644618903,0.2914297067557227,0.14987796786353683,0.4246054614942423,0,likely_human,1.0,0.2914297067557227,0.4488113644618903
UCRFH-LtUUtAXjrkoiWM8zBQ,-1,3,1,"['5d724434907e439b934544b77dd4f94e', 'd90c4b7387d7ecd549db569735e10175', '6f8e9b4ff334ccf18182dd411d49c941']",0.42690495379308685,0.2914222777385354,0.2116157191871422,0.5492488845037182,0,likely_human,1.0,0.2914222777385354,0.42690495379308685
UCHyEouwt0MHCIIbE5ctPIeA,55,1,1,['cffead959924312ec8e547914b516ed5'],0.4662688721876588,0.2911586387200082,0.12425627646759461,0.37747147876118425,0,likely_human,1.0,0.2911586387200082,0.4662688721876588
UCLShV3RlKk51URfG8d9btNg,5,1,1,['55370167686be4046050dfcdf647090f'],0.4406663041050584,0.2911094564888478,0.1914416655993575,0.43731050657327747,0,likely_human,1.0,0.2911094564888478,0.4406663041050584
UCqtOKKwYZSqqs8OARaPfTzQ,28,1,1,['b54f1b1f18e504039e99dc67c16d7366'],0.4419291172379456,0.2910755675836832,0.18336917951500337,0.4504723312997677,0,likely_human,1.0,0.2910755675836832,0.4419291172379456
UCNjz7OJl74xxxeXtVBog_Wg,-1,1,1,['78807ce51a960984cbb9489707de9001'],0.44345653458216727,0.2909419760198321,0.13960562106586522,0.6279428044752067,0,likely_human,1.0,0.2909419760198321,0.44345653458216727
UCAj3SG47d_QuT8w5VjL-0GA,-1,3,1,"['88d6caa65c276392111e92a9c91d18db', 'c6a2ead0d0cc3de54075f9ccee5b66ec', 'df55e3a739c58299193be877e9f9f051']",0.4629672177939139,0.2909002997006121,0.1406791315959775,0.530170660341094,0,likely_human,1.0,0.2909002997006121,0.4629672177939139
UCYdKn7O5e7HvhFv83WMEIlw,-1,1,1,['28094c2d4ceee395ce8b287c44b56a3d'],0.46025022624554207,0.2907685990386194,0.18759408782396875,0.4599335495293149,0,likely_human,1.0,0.2907685990386194,0.46025022624554207
UC_ceaEcM6M5Y0_Y-oTJdChg,-1,2,1,"['8c9a8978b82dd1fd08c49622b78e3453', '1bfd49b77da6557f92979a9d244e82b5']",0.44556771209265744,0.29074596615939635,0.2017604669596781,0.48193144936329413,0,likely_human,1.0,0.29074596615939635,0.44556771209265744
UCPx6COWolwf1jspDWJGFo8g,60,1,1,['280ada05e26e39faef08e42dc0daddb2'],0.44427762602842197,0.2906644699007168,0.18037224025182663,0.43554134236824155,0,likely_human,1.0,0.2906644699007168,0.44427762602842197
UChN7vDHcrHxa1GQ3E00B6mg,50,1,1,['497efbf78058f989194ba4a7bcaa5240'],0.49881530443569955,0.29063090503711697,0.12470182134359462,0.31463830203026594,0,likely_human,1.0,0.29063090503711697,0.49881530443569955
UCZpevvYCPpxs-4MXbJDXecg,-1,1,1,['dd904f2ff8594fa091312b618e43206e'],0.4794211169214123,0.29053491031231393,0.12719352432087494,0.4829294559047105,0,likely_human,1.0,0.29053491031231393,0.4794211169214123
UC8HpA2SRZ7otKpBwOP_pFPg,71,1,1,['e035f7fdbd8dd3b5c717afadf534e908'],0.43471194698744947,0.29052530251518044,0.1832544700685421,0.473745879530586,0,likely_human,1.0,0.29052530251518044,0.43471194698744947
UCvTcP7weib7Lv3Ck_HVYBhQ,20,1,1,['3fc98f14d79a5448dae5cbd4ea3400ba'],0.4427580963345537,0.2904752300553698,0.19083358212617563,0.4229266977760434,0,likely_human,1.0,0.2904752300553698,0.4427580963345537
UCMmdGsw2RtbR95RUeLcrlAw,27,1,1,['e262c28ff589a3f4e22326f7adbc1baf'],0.4159949334414408,0.29024070415793146,0.21027948709370547,0.5030776356838892,0,likely_human,1.0,0.29024070415793146,0.4159949334414408
UCiV9GrN8JUebV3D3u5U5pow,-1,1,1,['e5eab041cecb9a3f03e106062ca49659'],0.45979348339405696,0.2901499806951055,0.17314000839098134,0.475086474454853,0,likely_human,1.0,0.2901499806951055,0.45979348339405696
UC0P-lVjMiCXLnpw_ekf2Byg,3,3,2,"['4f1422d5a8ab0a4bb6ca4ab3acd92476', '73557a4e04655344330f192da1b22e2e', '407efa122b5b0588fd138c86522ca185']",0.39772817744940075,0.29007950923733566,0.19485410959556299,0.5566915943487566,0,likely_human,1.0,0.29007950923733566,0.39772817744940075
UCzuIUA93o-Ji424lLtPLRQA,23,1,1,['090228167403b1dfea2b4cff99d13009'],0.44226186694044506,0.2899566556409342,0.17774303552025011,0.445122382909507,0,likely_human,1.0,0.2899566556409342,0.44226186694044506
UCY97jS0f8gQSMRIet1c9t6g,37,1,1,['36b1ee16ba3d2e10f4c7bdea5727421f'],0.44542148270171855,0.28981679337919974,0.16202878333320128,0.4654918995509485,0,likely_human,1.0,0.28981679337919974,0.44542148270171855
UCAtRH_FMYBx66jAubqX1twg,23,1,1,['d108326132552b8e21a015e5fafd1373'],0.42306908188665626,0.28978719587665785,0.1817258753132252,0.5290344373545072,0,likely_human,1.0,0.28978719587665785,0.42306908188665626
UCaCG9e83Z9LcLo-6ZngI0wg,3,1,1,['079ccd80c99c125f10121a370f302901'],0.44842747599332766,0.2897073170389013,0.14401761338688607,0.42756695130803163,0,likely_human,1.0,0.2897073170389013,0.44842747599332766
UCmL3KJSsj7_N1ZBajqYvzMA,59,2,1,"['0f150786ee80542b62c65e2d7d69fdf1', '60b34dc5cdd275faa6353bfb123a3a30']",0.4365524533626214,0.2896605668160008,0.16306687999294694,0.5042340083455875,0,likely_human,1.0,0.2896605668160008,0.4365524533626214
UCTbPT3tlfHqkX66wPGJubHQ,27,1,1,['36e09866493d194060d9ddeeab2a8751'],0.4440859802531235,0.28961987019348767,0.17740131418598704,0.43197357121740604,0,likely_human,1.0,0.28961987019348767,0.4440859802531235
UCAmMfDSFgTLcXjotPHIPFWw,-1,1,1,['d697415e30b10cd035b8751ca04e4c03'],0.44623755915943136,0.2895331312417851,0.18638009120576499,0.49448722394310846,0,likely_human,1.0,0.2895331312417851,0.44623755915943136
UCvuhQop73hpuGSi8YZBsKaA,-1,1,1,['a3ad1f735c8e1d6adebb221b0aaff830'],0.4537847739467896,0.2894740113776693,0.1834153926596682,0.46632899769984504,0,likely_human,1.0,0.2894740113776693,0.4537847739467896
UC7oIXJEYdKnHAwaTBKRTM_w,-1,1,1,['4c36343bf807d2a82d574149056f12ea'],0.46190248388086497,0.2893550411771464,0.1924462653684648,0.4232481192858148,0,likely_human,1.0,0.2893550411771464,0.46190248388086497
UCunC-Vz-EbOihsEb1Yf0jxA,-1,2,1,"['cfece2395e8350421ab024372c97735c', '02c22b803b4ca075537952e024506e30']",0.43211163045399154,0.2893399407392232,0.19908391901144756,0.5551780960842894,0,likely_human,1.0,0.2893399407392232,0.43211163045399154
UCMQo-WvsnEeqmyUJ9Di5f3w,-1,1,1,['4e2e82d422e468153b230859354724e2'],0.4461301730452296,0.28933798331052696,0.20143495087327745,0.4706704838775885,0,likely_human,1.0,0.28933798331052696,0.4461301730452296
UCcBVW_alxRFuMlzZSPAvUMA,-1,1,1,['0a72bafaadc32755e8388b4118524e9a'],0.4703282583716417,0.2892510573076527,0.1691305675383598,0.4405992943196009,0,likely_human,1.0,0.2892510573076527,0.4703282583716417
UCFBS70KFhPJ-Lt7ABEKJZPQ,-1,1,1,['78965e96119c65217e36d89765bd53a8'],0.4425626051356524,0.2891986133163946,0.20202090611392323,0.47330297356838286,0,likely_human,1.0,0.2891986133163946,0.4425626051356524
UCynRjfsh1GMMUmgHnduEuow,-1,1,1,['e8a9077953d909323ead021bbdcac24a'],0.46725426879706206,0.289162619353202,0.13209091335746878,0.5096605856354505,0,likely_human,1.0,0.289162619353202,0.46725426879706206
UCEPL4pWoZ7oxPLB2gipTGYA,-1,1,1,['e196401bda1a246baa0ec7a4f357e8dc'],0.44325693751239825,0.2890357371462106,0.1920988451312689,0.5130323603640263,0,likely_human,1.0,0.2890357371462106,0.44325693751239825
UC3h-hWTI7v0sib5QZedFWaQ,-1,2,1,"['3318b48f7af5b36ee45ffa3437250e4f', '3266bd15058b42f56d25f2a099a3b599']",0.42838011583584645,0.2889991673827862,0.1692146531717591,0.6101838899006277,0,likely_human,1.0,0.2889991673827862,0.42838011583584645
UCI8kPN4o80-CK_VPoV35XgA,-1,1,1,['a83ad40b48fdb682f52ddb5a7af12a66'],0.4255568917814584,0.2889845491449382,0.1847899122505148,0.5833266325493135,0,likely_human,1.0,0.2889845491449382,0.4255568917814584
UCue0R8vNxzLKt4SyXSXX95A,-1,1,1,['e293ca5b7088ddc73c35740072a92974'],0.441040662368693,0.2887395961931182,0.19765513720399386,0.4868991720915411,0,likely_human,1.0,0.2887395961931182,0.441040662368693
UC5iPyieeF30ng7UmRJUarhg,-1,1,1,['32e4015133e85f8ca4aab5d2b3985c2b'],0.46268491415848845,0.288694999146393,0.16986338827234038,0.4450525624959199,0,likely_human,1.0,0.288694999146393,0.46268491415848845
UCioVYC14hZJMWikcq8VFfnQ,-1,1,1,['64e0aaa00e56d3898007753b42acbef5'],0.4289920828221741,0.28867156516897785,0.21263485657915474,0.5220915737337553,0,likely_human,1.0,0.28867156516897785,0.4289920828221741
UC_EDbavkx5PqmV6BSdggpAA,-1,1,1,['024cd7179da32b6a6ba73f1acea713a8'],0.44605813792416815,0.28862565417652897,0.23487916998152084,0.4035663192263004,0,likely_human,1.0,0.28862565417652897,0.44605813792416815
UC_sdVTPsa8URK_er3C4xrgA,-1,1,1,['947192cf6e2667ac6f0f5e562daa8f00'],0.4318126663754033,0.28854783936697315,0.19267344409591716,0.5272533426409823,0,likely_human,1.0,0.28854783936697315,0.4318126663754033
UCLP-QovfAGEWtuMNyHCCwDA,48,1,1,['64f60a9a70f2f890e830e072141233d4'],0.3970757062823823,0.28841310463034786,0.18877711797045196,0.6184862535034872,0,likely_human,1.0,0.28841310463034786,0.3970757062823823
UC9WuJcz3IaUxwAPMbOPWtbA,-1,1,1,['6ac25dce9551764d2855aca2464ea0da'],0.4546045993419068,0.28830578727161693,0.14833889622825117,0.5298735980784647,0,likely_human,1.0,0.28830578727161693,0.4546045993419068
UC8iREOJsFJj1tKu0eBpdL8A,40,1,1,['c3bf533f9a2100041da74b93014ae092'],0.465986101703805,0.2883018928678581,0.15028772052416123,0.37695286664872757,0,likely_human,1.0,0.2883018928678581,0.465986101703805
UC4EZAD7g3AiOelcsELEFUgw,-1,1,1,['d089a61af262bbbb0d9d97136f601af6'],0.450871337812913,0.2882003635575203,0.17463685831272208,0.4840217344013166,0,likely_human,1.0,0.2882003635575203,0.450871337812913
UCw3OgJSEaUvFAswxVNmK_xQ,-1,1,1,['7f0ec9becdc203fcfa43af3176ab8d4a'],0.436807671626317,0.28818585442186,0.20279900382619512,0.4910590612662775,0,likely_human,1.0,0.28818585442186,0.436807671626317
UCvcvoagUEQNelKjJiufPL-g,-1,3,1,"['2cfbd92b175caaf65b45489685957256', '5b9ad82cb3d317623e27a58093d11bdc', 'ba5cab3584a80ffd628585fec7a3c0c2']",0.42670123999177817,0.2881065283742351,0.19700708386500598,0.5472495552801987,0,likely_human,1.0,0.2881065283742351,0.42670123999177817
UCGGefblb_5ZEObps4mbozWg,54,1,1,['c4e215fc4dd83e254a41a43b19ee1c47'],0.44241421809274806,0.28801113210920937,0.17547948522665358,0.4340638071986892,0,likely_human,1.0,0.28801113210920937,0.44241421809274806
UCC-oAdFbDaHEeoj784_G0CQ,3,1,1,['94f1636969966853518694d3cb815993'],0.44700176498816657,0.28795267022517784,0.13029722340801836,0.4407192520356938,0,likely_human,1.0,0.28795267022517784,0.44700176498816657
UC5LSSmxrrjK9F4UyHweYWOw,-1,1,1,['65e1d166f55936a0e1a13ef96023a10c'],0.4569277289851153,0.28791921420517314,0.1749885077218217,0.46198643499844505,0,likely_human,1.0,0.28791921420517314,0.4569277289851153
UCXfkfsNOqszjX2r-YKa0AtA,-1,1,1,['932f6781974173f32d5a9e76f36a8a64'],0.45979047575164333,0.287822646672367,0.16471865376571862,0.45930764355215387,0,likely_human,1.0,0.287822646672367,0.45979047575164333
UCardNKpD-sa0MEvsC-hFvnw,-1,1,1,['c22b9da475ea2b1ba27c0002956e8fe4'],0.4772002929966479,0.28778869624543685,0.178008133938659,0.351146008699051,0,likely_human,1.0,0.28778869624543685,0.4772002929966479
UCIaEfGksUkx_jyicvBQfwHg,16,1,1,['48349b8c915100d38d35df221116731a'],0.4343234307370047,0.28770366704034744,0.1727473982185763,0.4675005539441297,0,likely_human,1.0,0.28770366704034744,0.4343234307370047
UCnmdz__KxbGP_1Gv99uR4HQ,-1,1,1,['267e65683b8a5e0fbbacfe3c92472c40'],0.4100331542954548,0.2876882178590462,0.19346587336620105,0.6372405750081658,0,likely_human,1.0,0.2876882178590462,0.4100331542954548
UCQdAHyP4c7oZX_b44XZpqZw,12,1,1,['057a4bc8d65a106f49d890281cd67cfa'],0.5061043117030887,0.2876876794049945,0.10172498176826773,0.29789543887624437,0,likely_human,1.0,0.2876876794049945,0.5061043117030887
UCKWXLvlPO783MVZWUfILkxw,-1,1,1,['0ccfd7f31e7e6f060556ef198338298e'],0.46628898763095283,0.28759612774699594,0.16038553569898892,0.44349413503725965,0,likely_human,1.0,0.28759612774699594,0.46628898763095283
UCYG2Xxc0kMVu7EkMO18Rjgg,4,1,1,['08e61f3eeb84e7b9c84850178d9b2ac9'],0.4121776457230777,0.287545209174074,0.19610625747389487,0.5048481911103366,0,likely_human,1.0,0.287545209174074,0.4121776457230777
UCZYTXNDk7rz7b9NY8hHqlcA,-1,1,1,['c27a34153e05de8bd6ffbcf1cbf7bf70'],0.423542638416521,0.2874965453490626,0.18853023751981965,0.578438154049669,0,likely_human,1.0,0.2874965453490626,0.423542638416521
UCZo8yctUioD06OzlQuKtJcw,-1,1,1,['6344154c521b1bf1974d151e9381079a'],0.4398893218512703,0.28743560541103685,0.18586624831265575,0.5129557237342496,0,likely_human,1.0,0.28743560541103685,0.4398893218512703
UCA_iWp63ZE2LiVYjfFpvfnQ,-1,2,1,"['e2b8fbf99b747406ab3a113cd31ed303', '9443b6e4a620ebb3ce71f52a2e4ae6e3']",0.4443103738268112,0.2874245174458796,0.15326449531894668,0.5755801788232175,0,likely_human,1.0,0.2874245174458796,0.4443103738268112
UC5wl0j0drX7B-UL31HF7ODw,-1,1,1,['7bd3dd39e6e3ed08cb078a09d8c31d4a'],0.4442231558329366,0.2874157761316448,0.1974739433462017,0.4626848375396791,0,likely_human,1.0,0.2874157761316448,0.4442231558329366
UC5lUh56SW3k49FNbULwRxFg,-1,1,1,['ffb3cd730b94e49e28ee69b34b2d501b'],0.4872205683724494,0.28736975079309496,0.13723757380131274,0.4002672301151939,0,likely_human,1.0,0.28736975079309496,0.4872205683724494
UC-QftIhfu_C0F6cWdNROXKg,-1,1,1,['5827307aaac9fb97b398cf841868d39a'],0.43087627254501704,0.2873077088152013,0.20727433805142284,0.5058416749502478,0,likely_human,1.0,0.2873077088152013,0.43087627254501704
UCljbkXZvdw9VcIrPuV1iAlg,-1,1,1,['45a14b975b4e5bb0d51503986f5b6dc4'],0.458672843111955,0.28723677599387853,0.17841101419181057,0.44910063686014434,0,likely_human,1.0,0.28723677599387853,0.458672843111955
UC3i61_TwzHy-cxiRgXGgwxw,1,1,1,['9f36b2c4deeca39c7ec4582f3db89afc'],0.4246152182468236,0.28718687819329886,0.18451786497254727,0.4596315010443507,0,likely_human,1.0,0.28718687819329886,0.4246152182468236
UCHGMqjNT3e9Vf0NoQLIo6HQ,3,1,1,['f0c36f77ce1c7d2455b61eb2e10e7303'],0.4494410277176324,0.28717981135398174,0.13025629537222447,0.4239552477416401,0,likely_human,1.0,0.28717981135398174,0.4494410277176324
UC7LqYowx6QqAB5v8gO0ESvw,-1,1,1,['f6118d80b282d45513e9f2b1ddaa95f4'],0.4212985014959364,0.28706306482217503,0.20679876942174927,0.5530524857290041,0,likely_human,1.0,0.28706306482217503,0.4212985014959364
UCeH2ZkhuYC3_Bq84ppeq7xw,-1,1,1,['a14ac2fcd9104169d8a40a2ee6c28410'],0.43244060658745337,0.28702688686365374,0.229520850143431,0.4658817875520042,0,likely_human,1.0,0.28702688686365374,0.43244060658745337
UCg9gFXb9oZmroz_XD9ESglw,15,1,1,['3447687683d06db33c9a2b5bbffa5483'],0.4360859804803452,0.28684731750901454,0.1742189304363454,0.4282013997002826,0,likely_human,1.0,0.28684731750901454,0.4360859804803452
UCDWdumV9jVkVrXPQf-nZ5lg,-1,1,1,['62f63ae76c5b0b82b4241790e7ce613a'],0.4270689045203516,0.28677672694712186,0.20652211622046757,0.5075247709253022,0,likely_human,1.0,0.28677672694712186,0.4270689045203516
UCsyR5GsIqOmSlWGF2d9opPQ,20,1,1,['44e6b32657d16be04d52600b53b759be'],0.46480576879261903,0.28669923789135504,0.14924821661044094,0.3751325135007103,0,likely_human,1.0,0.28669923789135504,0.46480576879261903
UCa8T-D1ZiSoUWQy7DP-IIEA,-1,1,1,['73a361731968829ef2e2e2a9e05e507a'],0.4397527461287495,0.2866350457435982,0.16966487887877735,0.5375127015597784,0,likely_human,1.0,0.2866350457435982,0.4397527461287495
UCw4EzVdCp5dWnCWwYclxuuw,-1,1,1,['c9ab5978c370176d64763a36d7596f54'],0.45787557958381153,0.28645438911740245,0.19356564923159425,0.40898936286485066,0,likely_human,1.0,0.28645438911740245,0.45787557958381153
UCSOB72WE42T97R_IelJo9Ig,-1,1,1,['86120474b7b166c5e2400293663a852a'],0.5048078702571607,0.28643567993161345,0.11804563157277707,0.3470569244142874,0,likely_human,1.0,0.28643567993161345,0.5048078702571607
UC4Q11sf9yFpRDQ0ewpF_85g,-1,1,1,['c421a0940aeac10d4dc89195cee1dc36'],0.4396085396929438,0.28620161451896015,0.20552425650730774,0.46006965285177204,0,likely_human,1.0,0.28620161451896015,0.4396085396929438
UCLREchAKcK-c9rLEFBh1WBg,12,1,1,['929df40f519397e73c7c3a0ef17af512'],0.43675097133911017,0.2861977284224204,0.18187480309054105,0.4314212826121079,0,likely_human,1.0,0.2861977284224204,0.43675097133911017
UCTMIhzxjycbx2aaixQKPaNw,-1,1,1,['f339a20025078eb91f405b4e781847fa'],0.44060956519799943,0.2861782794851178,0.21292435347662966,0.43502699284116786,0,likely_human,1.0,0.2861782794851178,0.44060956519799943
UCyJcfQ4zL_ZnwJdbpeXeW5g,74,1,1,['9b0bc1f741ad044887a552cb3297c3ab'],0.41551906831577873,0.2860207305176429,0.20578676641326993,0.47008147765308705,0,likely_human,1.0,0.2860207305176429,0.41551906831577873
UCtatAbbZFO8ffU__cRgNZJw,-1,1,1,['54eb93ab660183b99315f4471cc12205'],0.4222105697230988,0.2859863759322672,0.1891966013710871,0.5757993475319959,0,likely_human,1.0,0.2859863759322672,0.4222105697230988
UCRp73v6KoutcRiNrJ4MiWQQ,-1,1,1,['5753c03a01cb6c8e4a1cf42c82984f80'],0.4302159200855825,0.2859028155762572,0.19167485208991492,0.5167859824461158,0,likely_human,1.0,0.2859028155762572,0.4302159200855825
UCcGVwkAS0EWigy7K5KTRiXQ,-1,5,1,"['8dc94143bd5ffe75823ed008964d19bc', '0352ff36d4a583a379b9ffa69355096b', '8fedf25fc747c0c506bc2c5c2aec3b61', '6f5813bbbac3041d783e636617e40a2a', '189274d4e057f5e832e55cbe194dabe9']",0.4225358302943814,0.28578836654651824,0.20478533365943374,0.5492488845037182,0,likely_human,1.0,0.28578836654651824,0.4225358302943814
UCZISGQjEJykuTYHEv-3GXrA,1,1,1,['ae9940bf7fc8bc1701499192e46b2803'],0.4749172124828105,0.2857321486963412,0.11737567398697105,0.34790245889352317,0,likely_human,1.0,0.2857321486963412,0.4749172124828105
UC8Xxf5xxWVK9gOu1EAUSUHw,-1,1,1,['c596214bf98db070025550db2dd6ac85'],0.4293949603537536,0.28566192017096975,0.2053077647566238,0.5146318255101057,0,likely_human,1.0,0.28566192017096975,0.4293949603537536
UCTCRkv3zAHq4ixSW9OxIdIA,56,1,1,['f0ba8f7080e0fe04f572840813c6d782'],0.4163648874715853,0.2856292406515112,0.20558771685022317,0.45631643935462535,0,likely_human,1.0,0.2856292406515112,0.4163648874715853
UCwKjvrYjBBFQuRgjLiyCK_Q,69,1,1,['c47345bbfbcb9fecdf1af1d7974cb0db'],0.42537507387255025,0.28554354144218047,0.16989755243553767,0.4749182328506513,0,likely_human,1.0,0.28554354144218047,0.42537507387255025
UC7sAry8PxdNgQC2h95QTQPQ,47,1,1,['19b5690934c1e86f888d413f3c848876'],0.4357101975938787,0.28553975875800264,0.17543015640537846,0.4435297040896243,0,likely_human,1.0,0.28553975875800264,0.4357101975938787
UChpMzZNg0cLmC21UTkkf2wQ,-1,2,1,"['9a6f36597ea860e4f4047b2fa74a8e41', '34f1cca27ca3b8d34490896c741b69ae']",0.4450497380557256,0.285506933243578,0.16119696008015708,0.5202492374544179,0,likely_human,1.0,0.285506933243578,0.4450497380557256
UCF6qNlG7Fdiyk6ZchZackUA,-1,1,1,['475f3f87d1d6cefa500c6135f32d0518'],0.43354773290699605,0.285476180731114,0.20868443677030118,0.4755096278916604,0,likely_human,1.0,0.285476180731114,0.43354773290699605
UCJv8R_nZXEwwMCUyL2SawpQ,64,1,1,['bdde529d217f05045ae18adc9d3afb63'],0.42347417786625186,0.28534965367310494,0.16507042693542714,0.3867121614294221,0,likely_human,1.0,0.28534965367310494,0.42347417786625186
UCMRDmNCYE5noKlvStEUx1OQ,-1,1,1,['07e879594dc97b9e793d4c46559edd48'],0.4917694356002904,0.285300106471322,0.11813139127037393,0.3944414632566567,0,likely_human,1.0,0.285300106471322,0.4917694356002904
UCuIZwrOWJdr8NQoOA3E0YFA,-1,1,1,['d6d17183368524992f627f50bf024637'],0.42613172944114974,0.28518646261831626,0.18820752312649525,0.5590867397633535,0,likely_human,1.0,0.28518646261831626,0.42613172944114974
UC_G-2z0nn8dqecpVT-zF13g,48,1,1,['3b3509579aef6997cac8bf2128972ef3'],0.44168337130160545,0.28500599833595647,0.1765055086770349,0.41251799542718565,0,likely_human,1.0,0.28500599833595647,0.44168337130160545
UCShd-L4NquG_SA3-IptUkmQ,-1,1,1,['dbe2d39408256aa2c4fe226fda85bb8a'],0.42157516659084526,0.2849171964799814,0.22890249048934422,0.4995099006103576,0,likely_human,1.0,0.2849171964799814,0.42157516659084526
UCvbGx_dD6qwPbU0FST6Gwjw,-1,1,1,['0fcb65b360d4e46c651689a9a964eb6e'],0.4689478510700863,0.2848594959448041,0.16888841485508954,0.38864656730286873,0,likely_human,1.0,0.2848594959448041,0.4689478510700863
UC711ZKqdmWiwDFnp1pBxHjw,19,1,1,['2fd72ceeff0e0a9ff6686cff6f0f4b6c'],0.43536756315637803,0.2848474247016045,0.14127977206521947,0.5057815166766582,0,likely_human,1.0,0.2848474247016045,0.43536756315637803
UCV298b0dGtqTDCeOOo9fYaw,-1,4,1,"['99c0ddeda2ecf0f1019744b015392154', '6c8bd79726ac84a65e765617c96fc0b5', '4c4fd243eda51d26e2d2e57e9bba0237', '9dffc4ef28b31be8e7ad6c33b3e01ae2']",0.41577865149747684,0.2848434272976174,0.19662277451599275,0.5662131410218918,0,likely_human,1.0,0.2848434272976174,0.41577865149747684
UCXxa5QbNK-BYCiMgg0EFloA,78,1,1,['321fa0afa6db8050ae0f8ec0c6144bb9'],0.4304679881531952,0.2848168571691625,0.18238814079421134,0.41329320542094306,0,likely_human,1.0,0.2848168571691625,0.4304679881531952
UCGLpZfFKpSa7-hG8oYdylkA,-1,1,1,['681859bc59106670694b023679e7ed0f'],0.44901203719444505,0.28478160176210765,0.17260463731365916,0.4651596574367908,0,likely_human,1.0,0.28478160176210765,0.44901203719444505
UCDjzqCz97zhf5EVevvzG9Gg,10,1,1,['19ac5388ad2e18767c519d6d76eeaf8b'],0.43568613718731786,0.28468889775641043,0.16815881177573297,0.4164695720345331,0,likely_human,1.0,0.28468889775641043,0.43568613718731786
UC1pGVGbkbQJcuXYbf9uHWGA,32,1,1,['3afb2f1e639c6832a62a7226b552babb'],0.43138356329408845,0.28462252135219135,0.18184492796664822,0.4361447449594766,0,likely_human,1.0,0.28462252135219135,0.43138356329408845
UCyLagg7YHhdOiKx4YLIXU_g,-1,1,1,['c27fb113fc4a30b69269ab2a40c23ac3'],0.4130360945287307,0.2845382866859413,0.20753779515500861,0.5470607918011675,0,likely_human,1.0,0.2845382866859413,0.4130360945287307
UCBOkRmc_VZxLgAgqMVbV8Vg,73,1,1,['3ae3654ac007b1d9ec47f1abe65c6954'],0.40901139055208346,0.2845260371110242,0.19083259550627926,0.5126376161138659,0,likely_human,1.0,0.2845260371110242,0.40901139055208346
UCKe4imf6sQGiaPL3Nyzd2Ow,69,1,1,['24007463dc6efff65f386c08df2c6473'],0.4402868505404561,0.28430560247780895,0.12383673332281017,0.4751260114626681,0,likely_human,1.0,0.28430560247780895,0.4402868505404561
UCVhsEcaYnh8IgMQs44ocAug,-1,1,1,['25bd2e9d8f40229b9bdbe6f0d675c755'],0.43795161690136675,0.2842352213558975,0.19127372086713815,0.4801306419427017,0,likely_human,1.0,0.2842352213558975,0.43795161690136675
UC9VTLDRXpSEOec7E5H2yKfw,-1,1,1,['273edfc76085411dd1962434e3c3a51a'],0.4221857920587405,0.28409750294845937,0.17057386583236972,0.5794637567367988,0,likely_human,1.0,0.28409750294845937,0.4221857920587405
UCc-twOFDH-Euw6RKFcYxTuQ,-1,1,1,['5574484646516a8f0cdf4d79efa3f73f'],0.4242793965020543,0.28398807039831725,0.18756698034793753,0.527721705357993,0,likely_human,1.0,0.28398807039831725,0.4242793965020543
UCY4Gt5nYvtPvlKmv056UAjA,-1,1,1,['3b9d79568df72f9b12041cbba8d85759'],0.48352320881351096,0.28392834742979656,0.13450804945468697,0.37427496732216864,0,likely_human,1.0,0.28392834742979656,0.48352320881351096
UC5slkaJaIpDwSoUzsrNAUiA,15,1,1,['5f28cc7fb8d79506840f8a7a68eaa97e'],0.4458897259818839,0.28373201567897227,0.1384899442223447,0.41512585902869364,0,likely_human,1.0,0.28373201567897227,0.4458897259818839
UCPJtDGQWB8LhSuIqbQypnYQ,64,1,1,['c15018adb27875f11faf01452eaf8be0'],0.40476626995907317,0.28371336633872835,0.1842485668432683,0.4251813537830242,0,likely_human,1.0,0.28371336633872835,0.40476626995907317
UCuS6k3HP_YBVLMCoIshkIRg,-1,1,1,['71c4404d40bf961205722c95b97e8420'],0.43795996515391356,0.2836879327729577,0.17523755630313537,0.4931100411645706,0,likely_human,1.0,0.2836879327729577,0.43795996515391356
UCkCKfmuzb5MphmUdVk1Pw7A,-1,1,1,['301583e5c74653379582d61623cd4e36'],0.4466489980525469,0.283591208127432,0.19238007791570538,0.43294019844851844,0,likely_human,1.0,0.283591208127432,0.4466489980525469
UCo64KZwA3hIulpQ4vFAmdzQ,-1,1,1,['9f5e44106a2f3f1b628b93ab93aada4c'],0.4377965570441785,0.28339987805046946,0.18155468584409434,0.47914360565294456,0,likely_human,1.0,0.28339987805046946,0.4377965570441785
UCJrXUOK4v4wwyPUqTVqpUBA,65,1,1,['7d0db65a1137b0436ca4b5a7e2bc1d9d'],0.42973619105636995,0.2833739077848725,0.18551776638103792,0.42142551947052764,0,likely_human,1.0,0.2833739077848725,0.42973619105636995
UCrGfG3Qflwb2SlE-G7t0xcg,29,1,1,['bbd971a120145a81d279b20a8a7a60e7'],0.4204444051714328,0.2833556079257564,0.16000048828379057,0.4538554013006744,0,likely_human,1.0,0.2833556079257564,0.4204444051714328
UCCN9bNhyjpy3ehmhkBZqyfQ,-1,5,1,"['bebddbb9c8ff40725b0557e5584d0b4f', 'dfdf7269a6b5bcb3debf43836fa5b686', 'fe703e630104934051e12ddaa6c6b4b6', 'd07a35f8ed6924a32a63373a64dd65b7', '563789fb15cbb19f3da15be4e43fc577']",0.437067248576117,0.2833250777816809,0.17580148433185422,0.4978133273528416,0,likely_human,1.0,0.2833250777816809,0.437067248576117
UCErBM75YVQGaSrgnL28snFQ,-1,2,2,"['8dd1106d95a8d2b74d03eaa31c97800d', '625f990ad01f8fdf3172484528941d05']",0.42474833060062966,0.28326729964149183,0.15814360452903428,0.585956646855827,0,likely_human,1.0,0.28326729964149183,0.42474833060062966
UCZ8D_dBddr75F8Kulv2Cb5g,-1,1,1,['3533a0f606822df43109c285d96932a6'],0.4623210753608644,0.28274327164158247,0.1609842924203568,0.40291305528583343,0,likely_human,1.0,0.28274327164158247,0.4623210753608644
UCjVVMGwg9Wcef8h1UKYqtGQ,-1,1,1,['979a9d66c1fc9f8c7b00ad0e3ff8c4e3'],0.4227461395394687,0.2827420202756233,0.18700681399344762,0.5348142662939832,0,likely_human,1.0,0.2827420202756233,0.4227461395394687
UC5KN5WpGlsWNOeXW3_c7EWQ,-1,1,1,['90e813e2791175e138e6a9d9aaf23566'],0.4535941589609341,0.2826859751164351,0.15063831985291196,0.4712083398603912,0,likely_human,1.0,0.2826859751164351,0.4535941589609341
UC5I7fua7kSqdHRpSefsc0yA,16,1,1,['d6d9c93a6c5d1638e3ad59c42613d5e5'],0.4185270940801703,0.2825326616726177,0.17346140018127265,0.4913536094216126,0,likely_human,1.0,0.2825326616726177,0.4185270940801703
UCOsQ4Zn64Z24fLJqir3coHw,31,1,1,['e0197c5281d7faebd376e77aed716ca5'],0.4074829212028519,0.2825169872358593,0.17526058445775577,0.501684366334708,0,likely_human,1.0,0.2825169872358593,0.4074829212028519
UC7d6i4quOCB_amf2hwxRGwQ,21,1,1,['72d1e8e1cc0a0ecbf88a68b8720c646a'],0.4565472431179498,0.28248396350908095,0.13219321156559494,0.3978653384181753,0,likely_human,1.0,0.28248396350908095,0.4565472431179498
UCo6mSbgiDh6CH3yHWJaHrrw,22,1,1,['59d231776406ee1e860c2f36daf57f8c'],0.4118771811179661,0.2823407092931487,0.18776203081211465,0.48466042784473523,0,likely_human,1.0,0.2823407092931487,0.4118771811179661
UCZZkawg84_O40z0vUVYAUiw,-1,1,1,['2409d6cf5e65d3c9a95f91fd8753cc29'],0.44923138108630867,0.2823061965686932,0.16430190264383443,0.4639068800670948,0,likely_human,1.0,0.2823061965686932,0.44923138108630867
UCOlnVMMaCwpT6JQqgYH92vA,40,1,1,['f1e2e0b0631c8be17c0e97d2b402b5ef'],0.42304751674345886,0.2822013172562844,0.17606351675717596,0.46074465980421403,0,likely_human,1.0,0.2822013172562844,0.42304751674345886
UCWY1sWhRHv1akOz8dMXmt9Q,71,1,1,['98349c07febcbcde2e0417184138b184'],0.419508630141203,0.28218454139101784,0.17976106168488556,0.4706121853419915,0,likely_human,1.0,0.28218454139101784,0.419508630141203
UCVO79BfueJ08SyInOhK9-rw,-1,1,1,['8f6bc61d7f8ed8f818b443d3149b5415'],0.42868414911828134,0.2821340503032298,0.18214064257070584,0.5277601804541783,0,likely_human,1.0,0.2821340503032298,0.42868414911828134
UCFLrtI9PZkcMoWnk2onz5DQ,-1,1,1,['2284e81ac5e5ac0e13b89a5781c72e44'],0.4539926791478849,0.28203781671934147,0.19246649810770017,0.38455382268383254,0,likely_human,1.0,0.28203781671934147,0.4539926791478849
UC_3QBdZgT31M79LuQ_9yBrw,-1,1,1,['86a6cbb8a6137a6123e233bd0b09ed97'],0.41107489486208804,0.2820241176725449,0.2169487767335988,0.5219169323851738,0,likely_human,1.0,0.2820241176725449,0.41107489486208804
UCRON2GiN8iaT0zVbuoJiDsw,-1,1,1,['0d0e0b33f0805a03dd27b15c32bbef76'],0.4536513751849699,0.2819894581428168,0.16377794953104588,0.41935421375493653,0,likely_human,1.0,0.2819894581428168,0.4536513751849699
UCOF9dshUr7bbpE3JcEZRWrg,-1,1,1,['cad8b552b0c9055c96b4f9c54d88ab4e'],0.4413463861604989,0.281919478618641,0.17940044332672583,0.46376118959143914,0,likely_human,1.0,0.281919478618641,0.4413463861604989
UC71ueILZddLK5LE_qEqCV1Q,-1,1,1,['a455b26cf5ce7ee4d2f1b701a28c0d6f'],0.4471100781219621,0.2818944235900651,0.15057666351498247,0.48745218573438215,0,likely_human,1.0,0.2818944235900651,0.4471100781219621
UCbAtLaVyhBgMz3N6Kj6P3yQ,-1,1,1,['6849b5259d4bc13d8da1ac2e6d9b47d8'],0.43326057352934766,0.2818758608828584,0.17748723349080733,0.4975387455102429,0,likely_human,1.0,0.2818758608828584,0.43326057352934766
UCxo6DUYmPI1DBmYebadESfQ,-1,1,1,['62ebbe60677d953f46192176fcc5fa25'],0.4639186970632728,0.2818021781433616,0.1707922046371615,0.36903557851210034,0,likely_human,1.0,0.2818021781433616,0.4639186970632728
UCRc7qAwjSoXaIdYgdkpPQXQ,-1,1,1,['aa371c7bf39e4e401f0b75c651ee47ec'],0.4380425532946766,0.2818008692343178,0.12389830281573072,0.5953298141946488,0,likely_human,1.0,0.2818008692343178,0.4380425532946766
UCPLhgZXY1HFJxAtr0SPrWww,-1,1,1,['eb752e8fe39d136bb17cd7e12a4bcab8'],0.4240140948397374,0.2817988174896163,0.1892762025190281,0.5111284332676218,0,likely_human,1.0,0.2817988174896163,0.4240140948397374
UCC8oXnQpqHFeBXpIbYq4nZQ,-1,1,1,['da1f3d19640172135cadf9a66ea803a0'],0.4260679274592648,0.2817310104615053,0.17947119589295207,0.5237559020675342,0,likely_human,1.0,0.2817310104615053,0.4260679274592648
UCYMTTqyaNXL1RZ-AduxiSeA,-1,3,1,"['951ed7af843b86a11177c05711dcbb6e', '4581add5205a1fcf980db879806340b3', 'b09fb93a914055401368081f39da4157']",0.44151652087070836,0.28170631786178213,0.17423010150906712,0.4639834765096573,0,likely_human,1.0,0.28170631786178213,0.44151652087070836
UCLYaG2vsJkk07dJAFVyJ8mg,-1,2,1,"['ed53769154be0dbaaaaeafe15e7c56f6', 'e97c95040efccec9c7e3ca36acc687c4']",0.45048216594871116,0.28164699011902067,0.17917671874513966,0.4136441838730214,0,likely_human,1.0,0.28164699011902067,0.45048216594871116
UCFd6gkpLOuP4VNgsKkZ8ClA,-1,2,1,"['daed2d0a4c7556a5e4e94e47758936fc', 'd05c6536096a56124f202e4f91fab0bf']",0.44137936129241034,0.281639247142088,0.17054339703615712,0.47080745661451195,0,likely_human,1.0,0.281639247142088,0.44137936129241034
UCOdcfviUvTnck1KlKYHfsQg,-1,1,1,['98e6fe53b1b2948613af0da0e35299e0'],0.4573907416665547,0.28163598277741847,0.14940156291780263,0.4402268579459384,0,likely_human,1.0,0.28163598277741847,0.4573907416665547
UCooV05fE4aZddhMeNX4J_sw,-1,1,1,['5a9235f165d85bb085c47d1509fd328c'],0.4115961639846263,0.28152409944805434,0.18528838799447958,0.5775548157479036,0,likely_human,1.0,0.28152409944805434,0.4115961639846263
UCa3W3WEzMhtan_8EWlF_6yg,43,1,1,['0a5e1b85e06ae46c36541264def729b7'],0.4024273152538123,0.28149246581964427,0.18833796224085794,0.4027499031895729,0,likely_human,1.0,0.28149246581964427,0.4024273152538123
UCBu3CAWI98_SA5oNgsfyB4w,-1,1,1,['b59f27de75f6613c607aaa0cded75e66'],0.41509882364351725,0.28148330180771697,0.21445372604789253,0.5041335114149788,0,likely_human,1.0,0.28148330180771697,0.41509882364351725
UC5sWdALeHav_bo3cFMIJtdA,-1,1,1,['5a309868014518b6538f28ef10053eb7'],0.41635888716102865,0.2814661032765209,0.2166600704623354,0.49447474168052363,0,likely_human,1.0,0.2814661032765209,0.41635888716102865
UCqh0YXbYHMTLVyEAXstxi8A,-1,1,1,['2d76a2c55256a3b114711c66306fc49a'],0.41897919060681416,0.2813619181986664,0.21384780106795115,0.4855242993994776,0,likely_human,1.0,0.2813619181986664,0.41897919060681416
UCryZZS-xmaoOCIY76St1d-Q,18,1,1,['7c60f368396091f0e746d8db646a5f4f'],0.42172805516679823,0.2813513503415068,0.1782913751804927,0.45650491746324884,0,likely_human,1.0,0.2813513503415068,0.42172805516679823
UC4C76Nr9CJWxk2jAi5RZY_A,-1,1,1,['757128c361c81114badfa9be294cc56e'],0.44642807979976373,0.2813371365070742,0.16468595416999093,0.4577935370922201,0,likely_human,1.0,0.2813371365070742,0.44642807979976373
UCzrbn1vdeY5NEPHewvG23mg,-1,1,1,['f7b9a9723ea816f4ead2c8c14529f1f3'],0.4544382228352556,0.2813258528710112,0.1636222585543488,0.4204432689680813,0,likely_human,1.0,0.2813258528710112,0.4544382228352556
UCj1w0MCUWQs_SetQoUEwQBg,-1,1,1,['e0e08b909834e839c95a08569391a326'],0.431839592648036,0.2811810848986174,0.20345941535169573,0.4662986809536296,0,likely_human,1.0,0.2811810848986174,0.431839592648036
UCFvmbj9yMDV0G0xZiZEyARg,-1,1,1,['63e0d093a5126cbdd977332ec3427150'],0.42173601630718804,0.2811791660997162,0.1962654407932648,0.5255758132517782,0,likely_human,1.0,0.2811791660997162,0.42173601630718804
UCwtj9v55QB2TRLt2K4Xo-_A,-1,2,2,"['16cc490e7ac68ba27593fcb51d47effe', '29d433d2870cdf7b45bd81ddd8dd9f92']",0.42875972861426964,0.2808988111223275,0.19053957536947663,0.4878584065750473,0,likely_human,1.0,0.2808988111223275,0.42875972861426964
UC2I89AX4I4SesjA-PA54hNA,-1,1,1,['ac98636295bc2a86e715d83ea160588c'],0.4714277820969074,0.2808470558509053,0.15305289153256713,0.35925977731073666,0,likely_human,1.0,0.2808470558509053,0.4714277820969074
UCGAHjCEA5rKfZm57ye_Cv8Q,4,1,1,['244e201551f8e51810e5cb056e32bb9d'],0.40872444936263674,0.28078320764459364,0.17980645556356972,0.4828859059069463,0,likely_human,1.0,0.28078320764459364,0.40872444936263674
UCDQqqs2NFsUtLEvPHKLL3XA,-1,1,1,['8c7fc1a833b12d83db9e13613927ccc3'],0.421337255689764,0.2807127978908367,0.20145068512970357,0.49015758890002714,0,likely_human,1.0,0.2807127978908367,0.421337255689764
UCgod1jVuJszOWSj2V8LBvgw,-1,1,1,['fe06739cf5e75c0350acc75bda76c51e'],0.4254632314453596,0.28053951915828274,0.1929340601526689,0.4882620135348323,0,likely_human,1.0,0.28053951915828274,0.4254632314453596
UCuLTnN0BWx7Wk64CcvZLYtw,-1,1,1,['d011d79ddaec7b69976cd752e62c1e6b'],0.4225269157688228,0.2803909626122405,0.1885824148360178,0.5158736921592278,0,likely_human,1.0,0.2803909626122405,0.4225269157688228
UCwaWe0BxmJFYp-p4u2qYHTQ,-1,2,2,"['52ad3079dfd93133f268b4ede4ee4804', 'bbefcff81f30f7b63c8e546233ffb590']",0.42960250479978945,0.2803595321488684,0.1954587335991749,0.4772512998901565,0,likely_human,1.0,0.2803595321488684,0.42960250479978945
UCauXaG-HoiSdI1c_ir44CnA,-1,2,1,"['f25285fe45683968b2b163fcf2936fbe', '0ac3849961f5ac6505c3071bcaa79ae8']",0.43616547324174504,0.2803216502515606,0.1647706002666105,0.4976107705386687,0,likely_human,1.0,0.2803216502515606,0.43616547324174504
UCWodR_NJXpbBqAWLrkkwr1g,-1,2,1,"['fa5f80c0a6473c046f6c881df46c4d46', '4f4a676720177aeb4e69f3d0bdac985a']",0.44868713397782767,0.28029443936124077,0.09848616865038541,0.5837401938961653,0,likely_human,1.0,0.28029443936124077,0.44868713397782767
UCzcPHuIlGaunfay1mwzSRHQ,14,1,1,['f83693475d3f0edfae86611ce99ad77c'],0.42548858550320356,0.2802188488591633,0.18440007416696919,0.38796217735318156,0,likely_human,1.0,0.2802188488591633,0.42548858550320356
UCYvhHE9has6o8w8wlrOI8bA,-1,1,1,['619e1d925f5ce0ad9049d534ad7c566b'],0.45094338724110294,0.28007481543029333,0.1687638101439492,0.4117728921633529,0,likely_human,1.0,0.28007481543029333,0.45094338724110294
UCXb-LkVL53ZoAsCORAQMgGQ,36,1,1,['4b730dff91da09342219140fb845a5fe'],0.3883656304338055,0.28006400153029787,0.2090006376331613,0.538954960373736,0,likely_human,1.0,0.28006400153029787,0.3883656304338055
UCxM00i65uBsCx2lAWs2gQvw,-1,1,1,['95fdd360c5616c64755bdcb0b3a1e5eb'],0.39901618018890006,0.2800473737131558,0.2176601964986257,0.5580309763939192,0,likely_human,1.0,0.2800473737131558,0.39901618018890006
UCujQmj6dmezGp83Ulvy4DDw,42,1,1,['732f6db2796cc5632c9fb248fadab52f'],0.4204961585882303,0.28003276437406976,0.18739162151653094,0.43294019844851844,0,likely_human,1.0,0.28003276437406976,0.4204961585882303
UCh2CsfdBxVs6soBAU01x3VA,11,1,1,['029aafff3a2f420744f0f26b908eecb7'],0.42820453734852515,0.279924067231084,0.15210680796788126,0.43587308082886006,0,likely_human,1.0,0.279924067231084,0.42820453734852515
UCf3hlMIULvxgAJKB1Axm40A,-1,1,1,['5daba7c901aed9640ac015ada0108ceb'],0.44489612918142174,0.2798413957125687,0.17710100867569886,0.4335064384871103,0,likely_human,1.0,0.2798413957125687,0.44489612918142174
UCSVGtc03LKmI5jCHAoH9_ow,-1,1,1,['4534c14a3109478f18245674839e755b'],0.4455140908584726,0.2798289502287614,0.1624199996526868,0.44875554070122453,0,likely_human,1.0,0.2798289502287614,0.4455140908584726
UCRo6wL87lSU4Is3mEF0iM_g,7,1,1,['3fd19e4e58a58d8be8421234d21e77ef'],0.38411114006315583,0.27976686007124535,0.20400158018407008,0.4869397293135758,0,likely_human,1.0,0.27976686007124535,0.38411114006315583
UCEvkyZqKCS54WKmERylwwqA,-1,1,1,['b79d13a42e3345d5568bc297def89cf1'],0.43225088848586635,0.27958209653729654,0.19420713836847675,0.44702957266304755,0,likely_human,1.0,0.27958209653729654,0.43225088848586635
UC84oDUR7RrWWCZaAZpi8r8A,79,1,1,['9fd1545647fc426613974b532e547282'],0.42160288003176233,0.27950349848640926,0.16528903695753366,0.4578712575702296,0,likely_human,1.0,0.27950349848640926,0.42160288003176233
UC6SYoBRjhbzwL6BvSlUlyIg,-1,1,1,['bee230911389595e3c7c74edab2f97b2'],0.44304103624640334,0.2794870925234034,0.1751945005191999,0.44215574595163415,0,likely_human,1.0,0.2794870925234034,0.44304103624640334
UCTe0iktv04uNYlPynC-JckQ,-1,1,1,['b5476f516de921aefa4d8cc792b82ae4'],0.47736591487969915,0.27947228628282794,0.10880658781752373,0.4107692138550121,0,likely_human,1.0,0.27947228628282794,0.47736591487969915
UCgysRixsIolSXa0ewhjGQRQ,72,1,1,['f41ec094cd0835a0a0177f4a100bb253'],0.4478314187570866,0.2793855879576031,0.1487330497658388,0.37220770253444857,0,likely_human,1.0,0.2793855879576031,0.4478314187570866
UCH_EaBP2UHavgerCtApkftQ,17,1,1,['6312f7ad4df542a1adc24e5a8ecadeb2'],0.4430148666234931,0.27918438911240917,0.14376997962211138,0.3985664324834568,0,likely_human,1.0,0.27918438911240917,0.4430148666234931
UCO1hsVpqYdTLt_9oruldsOA,-1,1,1,['eb374e07642df340baa94dcf32d57114'],0.42703510322687244,0.27917905381878183,0.19345110901973778,0.47287790016013703,0,likely_human,1.0,0.27917905381878183,0.42703510322687244
UCOe_k2PdugTXV8rHINo4M4Q,41,1,1,['3f3c6470236aa02153c73ddaefdb7554'],0.41594133696910585,0.27917219866843807,0.17093537519900542,0.44793120645316165,0,likely_human,1.0,0.27917219866843807,0.41594133696910585
UCoo_xPPEM-7kKxM7ThZF6zg,19,1,1,['4e4e37abd31bdfd9bf2faf99926b758d'],0.3990349471871997,0.27898044509092307,0.15715820630136818,0.5817405532148715,0,likely_human,1.0,0.27898044509092307,0.3990349471871997
UCTy2su70TX08-h0PgsyetsA,-1,1,1,['a28250f8e45e3d3ec57bad53eb856958'],0.4493372479989154,0.2789361721953827,0.1823184157463542,0.39366740329380007,0,likely_human,1.0,0.2789361721953827,0.4493372479989154
UCwUHiiivje_lmuxwa35Sgdg,-1,1,1,['a5467c26d472315161b3203d6c17315a'],0.40863087884486027,0.27891346626712216,0.18948632671006238,0.547779095075749,0,likely_human,1.0,0.27891346626712216,0.40863087884486027
UC6YJyNqfiNcrWq2wBBxrJyQ,-1,5,1,"['e7379b243bc830e784d40dd196ed1aa2', 'f72cda0efc7f9ac112b8d22ea6835f03', 'd891df32722235222450e222a8bb76d0', '3dd3bbe41477f531a7ab9a2d1d57959a', 'cfbc342cd7f4552ff616ea05d7acb432']",0.4234437633946939,0.27890445461419566,0.17214487725661332,0.522942428979499,0,likely_human,1.0,0.27890445461419566,0.4234437633946939
UCC__IUP4Oqi86Eepd27tS_Q,-1,1,1,['f595ee5975ef04c1179e7b9fbfbb794c'],0.44140936099574113,0.27884112750316103,0.18350511085741075,0.4269047059864878,0,likely_human,1.0,0.27884112750316103,0.44140936099574113
UCk7rYMzuVwpMSBZcPn3Y8Iw,-1,1,1,['8b21bf681d8950c77ae0cd7eeb21c9f3'],0.4717830028833486,0.2788130888955105,0.1440436716153639,0.35802258071075405,0,likely_human,1.0,0.2788130888955105,0.4717830028833486
UCpEsws9488c4n_2n9R9h8iA,30,1,1,['3af7cdd32f5ef3feb3c917d256fcaf7c'],0.4536088035529361,0.2786992322302155,0.12376863317080058,0.3050134273952331,0,likely_human,1.0,0.2786992322302155,0.4536088035529361
UCZ_V8XcGJySMuYpDV6lLisg,-1,1,1,['7d982c008c7b2a6758be9f0ce086a2fc'],0.44680224507091093,0.2784043995888445,0.17279261126769432,0.41855060260722715,0,likely_human,1.0,0.2784043995888445,0.44680224507091093
UC5-ABN7KPLqeYetHmCGZHOw,-1,2,1,"['19b6e6ea9c90af4f25111f4e2abf4aff', '23b57c585a97e35039eb79b45aef19a7']",0.4468151221014791,0.27840256863084023,0.15121951207811404,0.45471912432863504,0,likely_human,1.0,0.27840256863084023,0.4468151221014791
UCX4nd7hGv56DVfeloYpskrw,-1,2,1,"['6fc3cc4a3cd54b8103855fedc8d5885e', '36cd8e716ede2cd2cfca887eaa73a6ac']",0.4310242083087846,0.27826425338097716,0.17932265883282256,0.46637877809422046,0,likely_human,1.0,0.27826425338097716,0.4310242083087846
UCzx2jDCwqLgPEUkCnCVzTBg,-1,1,1,['ba8a66655af491ed75a86cd062e93f63'],0.39922731414957535,0.278233621053073,0.18837766289680152,0.5878808898983523,0,likely_human,1.0,0.278233621053073,0.39922731414957535
UCe_w2FUWgVFnoDVMikB0NkQ,38,1,1,['fe9d5e75f3313063d5d5146ce5f518fa'],0.41560449941013133,0.27821122371509077,0.15630444842257873,0.39447327866516224,0,likely_human,1.0,0.27821122371509077,0.41560449941013133
UCYr9CVUA1vOubI5Wv1WUx0w,-1,1,1,['b10a2a391c2ad3ff0d841a54cc245233'],0.40163389729176163,0.2781594661180119,0.20977174949270977,0.5335946834475207,0,likely_human,1.0,0.2781594661180119,0.40163389729176163
UCkuEOJvIFlTqRwynmf5trtg,10,1,1,['d375229aff2bfed3ef87e5eb2fadf1a1'],0.4248665773891385,0.2781420473668711,0.15274283926749926,0.43666894123473055,0,likely_human,1.0,0.2781420473668711,0.4248665773891385
UC5Ix8HQcxDadSTIKv7TlWWQ,0,1,1,['094590a75ee31c000b5043f391e55f16'],0.3951507347305535,0.2781168451666938,0.18580635970955572,0.5364733780619334,0,likely_human,1.0,0.2781168451666938,0.3951507347305535
UCSj2xjFQJffweAih9l3ao_Q,-1,1,1,['0dfeeb30ee4ab14f6dcc25aca8d77bb7'],0.4197087951158776,0.27807825465490177,0.20276592460142318,0.4808964046908222,0,likely_human,1.0,0.27807825465490177,0.4197087951158776
UCGWnDJ-bmzZXcjYNCrgmPag,-1,1,1,['d0cecf38b5404278f5f0b45eb7f34c5b'],0.43478060791780093,0.27806536675834737,0.15176212146243956,0.5100443387816161,0,likely_human,1.0,0.27806536675834737,0.43478060791780093
UCzWbdy6S3B7kvndiNrC6JzQ,18,1,1,['e2432ccc609327498e4ea5840a01b33f'],0.4243330975310166,0.2780379069598012,0.15063704605014008,0.46444048733361143,0,likely_human,1.0,0.2780379069598012,0.4243330975310166
UCOxwNnmVxZ3evP7aTd1RjQw,-1,1,1,['846e2f3a1e25d37f0aca81e5af2aac29'],0.4374194655027918,0.27800938012773396,0.16610722022027233,0.4663547789969936,0,likely_human,1.0,0.27800938012773396,0.4374194655027918
UCqSvx2bOTu2JhI6D4BmkZtQ,-1,5,1,"['6b57f20b7add7578484e3eb5c4cde272', '7b4b0d9b7c5bb77540957c7470b4e471', 'ae57ba332c3dc532ad79858d3dd46fe9', 'c6a032665210a96895302484137565bb', '776b71cc5ad57eb92befc307f7450956']",0.43125015884980406,0.2779531237373987,0.157476602701452,0.5092303388752013,0,likely_human,1.0,0.2779531237373987,0.43125015884980406
UCrz_g5zX4gP2ya4n3cTOFuA,-1,1,1,['da53366b489a2ae4dadaf9ec8133cde3'],0.4568866373472695,0.27794034160170383,0.15925718468066483,0.3837579723048299,0,likely_human,1.0,0.27794034160170383,0.4568866373472695
UCdD_oHsX8KB62xQLdp5Vi1g,-1,1,1,['4d2fc287af5d55cf42cc0b5018d379d7'],0.4237401039783998,0.2779381104735029,0.16919002239687989,0.5149319500959942,0,likely_human,1.0,0.2779381104735029,0.4237401039783998
UCNCrnVdkPZOWcUp-9-TeSQQ,-1,1,1,['32c5f7fad788d49a902d6b346715ea14'],0.39077508581754644,0.277876559831506,0.22710490329245442,0.572497820015739,0,likely_human,1.0,0.277876559831506,0.39077508581754644
UCmNIbJGSk_QolFb8mMNHO4w,26,1,1,['4e2c71ad0e8267d4eb935ba3b93a3714'],0.45413135153996453,0.27781513136891783,0.12546977345681667,0.34683178055543884,0,likely_human,1.0,0.27781513136891783,0.45413135153996453
UC6tvlswBFL2gO9ZpSd-7t0w,-1,1,1,['0a9bc199368d3dc654a8d04e71edf0cf'],0.4216969792709334,0.27779394569836985,0.19495372025271232,0.4829765386439485,0,likely_human,1.0,0.27779394569836985,0.4216969792709334
UCATolgGWymawPd1L4bEKCNA,42,1,1,['6457d7fdaae2ebb031ba71cc5be89c74'],0.42097072597719287,0.2776437845852549,0.1558176802443922,0.4695760216528688,0,likely_human,1.0,0.2776437845852549,0.42097072597719287
UC1Cg3tWxMB5T0XPuwJw9zEA,46,1,1,['0424cc9fd6236c479ca7810da45c3acc'],0.4582724671131858,0.2776168996639032,0.10716606370752321,0.32897343492736864,0,likely_human,1.0,0.2776168996639032,0.4582724671131858
UCxkF8zgpuj8QpDit5XYgX-A,-1,1,1,['b228a38335b2e91476ea56bcb36134c8'],0.44169735481824635,0.2776019505768327,0.1729850276234249,0.4321737542125859,0,likely_human,1.0,0.2776019505768327,0.44169735481824635
UCOYCp5oSnW0iPxgWl0ZQ9iQ,38,1,1,['8d4b92d605bfe97106eb18be2b778acd'],0.4236330847083941,0.2775820770800312,0.1490919528917572,0.36991611282868364,0,likely_human,1.0,0.2775820770800312,0.4236330847083941
UCfAm11FLQidnxAlLPJGcq1w,-1,1,1,['dca191d91e70f6de0daa037fcd873af5'],0.421066205716513,0.27730219693126196,0.19925873881735082,0.46006965285177204,0,likely_human,1.0,0.27730219693126196,0.421066205716513
UC5CbbAtWT00K3rRBFoD0vPQ,72,1,1,['d4f35a76d172eca0a30709d432498067'],0.4493457403556247,0.27720559211623635,0.12992916733744203,0.37083878359396727,0,likely_human,1.0,0.27720559211623635,0.4493457403556247
UC1zIggX5lj_Ixm2FArleiEw,-1,1,1,['1e7ab213038cec7d31be19f89381019c'],0.4195397736337758,0.2771776435065571,0.19205399025028577,0.4930434408330745,0,likely_human,1.0,0.2771776435065571,0.4195397736337758
UCfPSiig5qfHbovpiVFnwTEA,-1,1,1,['7803e18efcff1b2db0f160ff5ceada9d'],0.44026527986072284,0.277171453204511,0.17192630507009096,0.43074911244220365,0,likely_human,1.0,0.277171453204511,0.44026527986072284
UCY42uB0cpuL8uND_oFE1fGw,-1,1,1,['28fe0444b50726e1856725d27943d2c2'],0.4299554332721129,0.27712485368719686,0.19785016010827888,0.4156513408004143,0,likely_human,1.0,0.27712485368719686,0.4299554332721129
UCng6qVw2Qxg9uQF7s5qodsw,-1,1,1,['a8ef243852802d5f4caceb2ed584950d'],0.43806612407693524,0.27711350426534026,0.13424852960312883,0.5159365495925541,0,likely_human,1.0,0.27711350426534026,0.43806612407693524
UC7nU1bvrc4H3r4jJRgvIytQ,-1,1,1,['8dff79af1c9c847f3dc79dceb690a9d1'],0.4627188624799684,0.27710649401138043,0.12199389073697231,0.4365151005478326,0,likely_human,1.0,0.27710649401138043,0.4627188624799684
UCnqZlAZ4vgqIqP1VPubobiw,-1,1,1,['577dbd657eb6a9fdb48cd51ab9abceed'],0.4457978619071579,0.27709449631645144,0.17069469625644895,0.4125662639988755,0,likely_human,1.0,0.27709449631645144,0.4457978619071579
UCO-aHOfK6TRjR-IBuzhAMpw,-1,1,1,['71e82d7915a70b27d380d1d6cc97d10a'],0.41097153984980683,0.27682629889077437,0.20252240913289163,0.4938057491975013,0,likely_human,1.0,0.27682629889077437,0.41097153984980683
UC9qTvHAwNVRVWQFuRsWxUfA,-1,1,1,['f115ef9a1ec0e87d77dff38461630d47'],0.4121435381817887,0.2768194935708499,0.1950659938301638,0.5061461324981547,0,likely_human,1.0,0.2768194935708499,0.4121435381817887
UC-6s-S7QpQ0-Wc_C1eNrobQ,-1,1,1,['6562dd2049008ea973496ba178ecbb5e'],0.41640645164272405,0.2767721826201985,0.20101440497142095,0.47234852298928687,0,likely_human,1.0,0.2767721826201985,0.41640645164272405
UCiEbMX-9RNkk_Rfy3QZ85uw,81,1,1,['3a986c18dbf97ecdc346febc74267cc2'],0.42456006965374804,0.27672142465247357,0.1648204040593969,0.4187559783830732,0,likely_human,1.0,0.27672142465247357,0.42456006965374804
UCBOLFOmRtkeoCVyBn_UXyDQ,-1,3,1,"['7645d89e488dcb80a98e078fdc1859ee', '6ecebae39f05611e130c5c413f21899d', 'f88f88aef5218a39b06229bdf095a07c']",0.4388915656851376,0.27656865155289256,0.15620728517690236,0.4678048213696606,0,likely_human,1.0,0.27656865155289256,0.4388915656851376
UCBuI2GcON8MkVlQOej1r_XQ,-1,6,1,"['e5f473977e2f41907a00d853ffdad9fb', '8273067bb0d15706b73216e5d8cd4d11', 'dfe1bef6ac8eaf62f3c9f38fe7c88e57', '22eaf6e706f6f91fb7269b1733f7b89f', 'e5f473977e2f41907a00d853ffdad9fb', '8273067bb0d15706b73216e5d8cd4d11']",0.4246217734084658,0.2763946973428226,0.17810089594594147,0.4804931753103475,0,likely_human,1.0,0.2763946973428226,0.4246217734084658
UCaFX2-ecM9CzDQQ5Hmjymeg,-1,1,1,['d3e032c9ff55ee7743a022401a24a9f5'],0.4435548792495914,0.2763206987639516,0.1581130905234442,0.4317618018015954,0,likely_human,1.0,0.2763206987639516,0.4435548792495914
UC7GJBBaD3qWqjHT2YYLxhdA,-1,2,1,"['b1bf2feedcd265a501b63d7ce5863ad2', '373311f0962848b74c9f53e00d75279b']",0.4120488426006658,0.27624046862049834,0.15714702582851278,0.5769716336507655,0,likely_human,1.0,0.27624046862049834,0.4120488426006658
UCoT-JcS0KCseMz0rTbqJgCQ,-1,1,1,['28cbddd1cbb49587e5ea02366fdc413f'],0.4439854055827273,0.27621218241702483,0.17492651656452252,0.39325389379030795,0,likely_human,1.0,0.27621218241702483,0.4439854055827273
UCD-mQTMtFKnu3DZT54g67Yw,-1,1,1,['61a30a1c8b954a77f8f6720f4ed672b8'],0.39310893023988525,0.2759988278387493,0.23517688459582367,0.5010792253338043,0,likely_human,1.0,0.2759988278387493,0.39310893023988525
UCQEfqgWAkAEdf7f8xdYiIpQ,51,1,1,['7547895dba10763fedc606c5cab6284e'],0.40863321678156334,0.27567130777903714,0.15619848887580545,0.37242168523993213,0,likely_human,1.0,0.27567130777903714,0.40863321678156334
UC18M0MxOMj9G9GyfkLJR_tA,-1,1,1,['667fe5a41508a69fe0e280e08e1642cc'],0.4234596091889238,0.2756443907991333,0.1887449400464216,0.4533079821019035,0,likely_human,1.0,0.2756443907991333,0.4234596091889238
UC-XoOm4LrID484qmvVWmAQQ,76,2,1,"['05b5cc44a682d868956a754890b6c45b', '916ecd0f30528a10786846e79348675d']",0.3973216118394864,0.275639988603643,0.16449270696150253,0.5319590175017039,0,likely_human,1.0,0.275639988603643,0.3973216118394864
UCx9LsEGiuxndy5xs64AE6Qw,-1,5,1,"['70c0ec8af2a365f04a1b0ad377ad6068', '62b161582260f8ec7b57fd792b870605', '9e5c3971eb4f634f873c8f32d499a904', 'cacd5aa65991905965329f302d163665', '5c9179c708ffb5c40d56fc894a86e54a']",0.4369088669912065,0.27562248543859935,0.11983797732018787,0.5396220661391984,0,likely_human,1.0,0.27562248543859935,0.4369088669912065
UCiqgEt3j2iU7LO_aswt99BA,41,1,1,['03845416716e41f2b8f2545e4cc6ef96'],0.4101800183564518,0.2755790589507176,0.15967986981215646,0.4545714792773749,0,likely_human,1.0,0.2755790589507176,0.4101800183564518
UCrEo9ExR6Qg9SlkTyjjbRxQ,-1,1,1,['dc2374062156eeb467fb974461c10ca2'],0.44717650405217607,0.2755105751684284,0.17456824550825584,0.3695348113622627,0,likely_human,1.0,0.2755105751684284,0.44717650405217607
UCu_7ZGxNO_cMJFQOyX0o6vg,-1,1,1,['6f480ad67387218ab46cb685903e8130'],0.41129280516631683,0.2754555839361195,0.20357686647956386,0.4759858312163179,0,likely_human,1.0,0.2754555839361195,0.41129280516631683
UCpjjjQVE-bnp-2NE0Svu-1A,-1,1,1,['fda6254bb9249ea4bae76e7c84d450e8'],0.43044723385532385,0.2753296208899084,0.16697014101611293,0.4712503580213723,0,likely_human,1.0,0.2753296208899084,0.43044723385532385
UC86VC8V_UfEeDBPvfRRbU7w,64,1,1,['6d610ffa5e918c22ddbf0d49f1834a14'],0.42382509663497325,0.2752054629994122,0.13176414829140762,0.35764875562393905,0,likely_human,1.0,0.2752054629994122,0.42382509663497325
UCHKjNP0GCtP-7x1TeEwhpAw,-1,2,1,"['8e6151de8fbcb2e5bc9cd749d61ea7fe', '15ffd8da0cd723bd72d12eeb5820bfec']",0.42835788497683613,0.27520296776720266,0.18743987197417836,0.42945961118609216,0,likely_human,1.0,0.27520296776720266,0.42835788497683613
UCfJTbBQFdmmOhRSfPcyWqbA,-1,1,1,['85dcd5df23fc4b03d584dedd4bdf8910'],0.4429365827042846,0.27490877274587217,0.15129630514572343,0.4354541323838888,0,likely_human,1.0,0.27490877274587217,0.4429365827042846
UCfeVgApuMPw04-2JpqO5w8A,10,1,1,['232c5b865e78a1168f8893839a1676d7'],0.43243075832890404,0.2748058368176297,0.13688201158142457,0.400759377804334,0,likely_human,1.0,0.2748058368176297,0.43243075832890404
UCD-fq0XRLbmxNCZL8EHnU-g,-1,2,1,"['55162a40f850c5f6fac48ddbce4ddbdf', '682434cfbc85df013cac37a43f74ecd5']",0.42176178502499395,0.2746597562451861,0.17714294318043478,0.47953031583316297,0,likely_human,1.0,0.2746597562451861,0.42176178502499395
UCowPYvagfgj_c7qwVGodb2Q,-1,1,1,['425ce58e6bd73423f1d206620b4e41d1'],0.4263948645541362,0.27460979076754594,0.18817369802793493,0.43196626149559314,0,likely_human,1.0,0.27460979076754594,0.4263948645541362
UCqiY5-opFWhDz7hMr-MmhMg,-1,1,1,['679b8787ce9d29dd2e8539fecfae6a12'],0.45093078733842995,0.27454922780069696,0.14899853327441967,0.41242600685870545,0,likely_human,1.0,0.27454922780069696,0.45093078733842995
UCF5xJlfnbFWeYtgnUyt3C6A,-1,1,1,['a9a4500d31d81279e8ed56f5ea758612'],0.3880657318999686,0.27451869714365235,0.22158093994701153,0.54345562621877,0,likely_human,1.0,0.27451869714365235,0.3880657318999686
UCOWyzyJefOVuYgRbs2h4VIw,-1,1,1,['b62857c51c5165658d06410f4e017416'],0.4251781542224349,0.27449970010694924,0.18179808969929154,0.44221859685170506,0,likely_human,1.0,0.27449970010694924,0.4251781542224349
UCDuA-0yP9fQDfhtrZZZJHYw,-1,1,1,['bfe1ad65bd05fe3f5684be558fdecbc6'],0.42262583005828674,0.2744707011828741,0.1804108368377498,0.4669018823419639,0,likely_human,1.0,0.2744707011828741,0.42262583005828674
UCfaTHx5Ak2Vb3aydNzaCGrg,53,1,1,['9018567a106609bc18f28c0316842cd4'],0.4618617127367229,0.27443524598751096,0.1185219214288909,0.2896146176268207,0,likely_human,1.0,0.27443524598751096,0.4618617127367229
UCEzKqAww2ayfhho8O5y-ZfA,68,1,1,['aee5a6d57d0d10226e974303a846ff19'],0.43883421139420165,0.27432532358948913,0.14186410240009373,0.31739882861921775,0,likely_human,1.0,0.27432532358948913,0.43883421139420165
UCJLwL7Q4T8GO5d70sNBue5g,-1,1,1,['79e387a019aa5dad5307e43630319885'],0.49428369842432374,0.2742759698122684,0.09759067734688479,0.3115928446450331,0,likely_human,1.0,0.2742759698122684,0.49428369842432374
UCMb6dfnWfAxH3b9WyTuGa2A,9,1,1,['72996a301e850bb6b78f18091d9631ed'],0.4277211584995747,0.2742089033716932,0.17334573481349067,0.3732064040950979,0,likely_human,1.0,0.2742089033716932,0.4277211584995747
UCIrvi0GBwQtu8-zzZuveN-Q,15,1,1,['04d168fb811bb1aa478b29602a28e57c'],0.4133306573243693,0.27411949067999536,0.16575007360328714,0.4116312027458278,0,likely_human,1.0,0.27411949067999536,0.4133306573243693
UCt8_C0pG2X8amBeKarn8BdA,-1,2,1,"['66a1c4a52607af7801e98df319385b49', '99c13727717bfeea37ef67f4b991f86c']",0.46442153728680663,0.2740779303638288,0.08349302587921538,0.4771959394788886,0,likely_human,1.0,0.2740779303638288,0.46442153728680663
UCicTgzKgO-JX4J3g9AGoMjg,-1,1,1,['a062599e54ec6f7a10828b678b5ef2f3'],0.44133969312720256,0.27400757784130214,0.15959407890368227,0.42145730288878525,0,likely_human,1.0,0.27400757784130214,0.44133969312720256
UCteFfhhbjDhiKf8yX3cD8BQ,-1,1,1,['b64148625404b133225bf68034f7b25b'],0.4249531158119364,0.2739332767964031,0.18207317194457504,0.46690376544867496,0,likely_human,1.0,0.2739332767964031,0.4249531158119364
UC2d7t7pDMSs0dgnT61nU6Qw,-1,1,1,['3abe2c7c2f3c9dd89912397cb575b93b'],0.4102383033853626,0.27392786276387593,0.17097118783587928,0.5364733780619334,0,likely_human,1.0,0.27392786276387593,0.4102383033853626
UCgVxdTAP2c6SzSLvx987P2w,-1,1,1,['088d6b8cea22d456e58209c046ccec27'],0.4133280484569583,0.2738639621180746,0.20045279222029855,0.4542345562365594,0,likely_human,1.0,0.2738639621180746,0.4133280484569583
UCh-bC8ravLIaLwWwYQmNk6g,-1,1,1,['530e890edf71b80c4face9ea14aec3ea'],0.4303521539104036,0.27373284381998325,0.18586848803442707,0.40954323092392925,0,likely_human,1.0,0.27373284381998325,0.4303521539104036
UCmcpyU5l75cXRa3a54iX7TA,-1,1,1,['00673ffba016d6c18f34f88ee9e6a8c6'],0.4211839869850471,0.27357845572178735,0.19208512302506658,0.45055943465622833,0,likely_human,1.0,0.27357845572178735,0.4211839869850471
UCAG2KSvHOq3wM5UhUnOd9Hg,-1,6,1,"['67c317fcf783fc027e670f30f60d43ec', '4446d737ac04f87f58ab29acedd6617b', '34565f8047b05620005c34e91ec68541', '9df752f6bfa712bc1613ab3a747ca421', '13b02c15299fe30a1f25a136ab4e3ad3', '781027d18d57bc2fd2f2034cdd063a02']",0.42506216198942454,0.273524601682536,0.16515801215961076,0.4752286341878392,0,likely_human,1.0,0.273524601682536,0.42506216198942454
UC7r_jS3XLZu-QFgIUGYwiiw,-1,1,1,['767d6990843c102b04aa920bcbc2f110'],0.4351247930376715,0.2733839099851653,0.18183841441667492,0.4063785019414418,0,likely_human,1.0,0.2733839099851653,0.4351247930376715
UCRCyJ_1oQabOXse2WhWw2RQ,-1,1,1,['1a83f5fd8dd1676e5b6dd7dbc1bce8cb'],0.4235182473778956,0.27321484311794886,0.1665545168749497,0.4987898727581475,0,likely_human,1.0,0.27321484311794886,0.4235182473778956
UC_2FHDfVins2ACvhOSCe-4A,-1,1,1,['1f1fcce05fea51f45f72b53a370113ce'],0.4151112700703046,0.27319605101739713,0.20803973514495233,0.4577239001676755,0,likely_human,1.0,0.27319605101739713,0.4151112700703046
UCPDjWWMI-CEXNYHwSCiQM7g,-1,1,1,['2f6bf07a492c036484ce0faaffa4ebaa'],0.397523690025103,0.2731885658128588,0.2095167056735343,0.5058039562224749,0,likely_human,1.0,0.2731885658128588,0.397523690025103
UCMxOKc7VLY9g-AsYeKwv9Hg,-1,4,1,"['86a94dc68d6d46c7e0fc6a4fb7ebf9e2', '7d963ae2233c2bb77a55e2eace626ce4', '86a94dc68d6d46c7e0fc6a4fb7ebf9e2', '7d963ae2233c2bb77a55e2eace626ce4']",0.41529900880252646,0.2731869822203065,0.1839443801492417,0.4782752369580873,0,likely_human,1.0,0.2731869822203065,0.41529900880252646
UCYhBhTjgAPubKYv2BgZWYhQ,-1,1,1,['030249ae2e02bc677c0fbcb6cbd65ad4'],0.4340405932698422,0.27314812148407297,0.16799615083049182,0.4252918323493584,0,likely_human,1.0,0.27314812148407297,0.4340405932698422
UCwXVQdwdmzWxzTQQE41l7ew,34,1,1,['2e0f076664b1457bd92e1ece3317dfe4'],0.4160908970201092,0.27308483894411817,0.1494980635683892,0.3974173531151698,0,likely_human,1.0,0.27308483894411817,0.4160908970201092
UCnyHL7AE5EBLBZgby24LLtQ,14,1,1,['74499eb4fc146a468d7b951062edea1d'],0.42345440100388837,0.27308482823953506,0.15194108034460077,0.38231122764575753,0,likely_human,1.0,0.27308482823953506,0.42345440100388837
UCMVaHHhVKI5cl7G78Z_O22A,-1,1,1,['b0b1e007fa81fecad62d8474f47a1efe'],0.43036378873313763,0.2730405224257898,0.14213269118013072,0.49862119204346195,0,likely_human,1.0,0.2730405224257898,0.43036378873313763
UC8ESFLyiIFsI6EBf85P56oA,-1,1,1,['87196c7e6a02b099b8482adf00ef17f8'],0.4042492960199915,0.2730117672218907,0.20085443667480588,0.5011018839924298,0,likely_human,1.0,0.2730117672218907,0.4042492960199915
UCqad35Os-C9NLpU0aJOCp5w,56,1,1,['2ccb49536ef393e62fd190188e584f5a'],0.40131979730732253,0.2730071960824078,0.17231883118577282,0.460885188353085,0,likely_human,1.0,0.2730071960824078,0.40131979730732253
UCmJ_TuxReEkprZcvONBa3qA,-1,1,1,['21265bee19f80e6d5f538ec177e746ed'],0.44427972769379537,0.2729695174077821,0.15186518857845796,0.4128838234194641,0,likely_human,1.0,0.2729695174077821,0.44427972769379537
UClg_2zvYfKFr5MLxvxClJKw,-1,2,1,"['dc2ba1cae314112fa63a150727cd5d1d', 'aaaa9e0783e5e6c212552d4f5c2025c6']",0.42941175741988036,0.2729001501025876,0.1887866930043912,0.4240280376918577,0,likely_human,1.0,0.2729001501025876,0.42941175741988036
UCYr8i1voTbmCV21geXBdmAA,-1,1,1,['4b5008ebcd8970dcd069a149c48ac654'],0.45648529990511943,0.272892433228969,0.15822180734765698,0.34636126329384764,0,likely_human,1.0,0.272892433228969,0.45648529990511943
UCO4lzsIZerqVySpntnyCliQ,-1,1,1,['154ed8931f770f84ec2602349fdbb82c'],0.4421902071132703,0.2728718918535021,0.12046897805406313,0.49520214523210837,0,likely_human,1.0,0.2728718918535021,0.4421902071132703
UCr1gJhjOPjllykghxCfxXgA,-1,3,1,"['8ed52025798293783397f6fe9c36c0e5', '6a8b8c3c90c7a994a70bc288a4ec391e', 'fddce5241246c05b6f90934e9bae0106']",0.40956602170243706,0.2728254263570746,0.18003485492784657,0.5075477333880914,0,likely_human,1.0,0.2728254263570746,0.40956602170243706
UCkJOjnpd307_UqbwX7SgHuA,-1,1,1,['09359bc840c36b8e68f2681b063c1323'],0.40038465050171856,0.2728020871342511,0.21185923478518545,0.4834788634300744,0,likely_human,1.0,0.2728020871342511,0.40038465050171856
UCuGAccKAO0csFFZSAavlXyg,-1,3,1,"['8f6c570e02d6faf1b61773104b1789fe', '95aea4906571e1c869de912875a8dffd', '432404baae6bba50e7b2a674f219c81d']",0.41697580462098466,0.2727776786543255,0.16641799651143377,0.5043668049160367,0,likely_human,1.0,0.2727776786543255,0.41697580462098466
UCZKyIe4CIFHs4xeXX3t9BKw,20,1,1,['6ff6e117297895e7033958915d8a2ab1'],0.40568341759924387,0.2727607039748636,0.18313796092290088,0.43181741433481463,0,likely_human,1.0,0.2727607039748636,0.40568341759924387
UCWKPZ3_pBmCgqtL7bZUsxUA,-1,3,1,"['655c5acfeb36bab5d370a0b82c620f93', '32207b245278c6494e4fa9157b057cb6', 'abd1286ffe9b7791e531a59aeb489368']",0.4132889748081417,0.272758613464371,0.1512615359584892,0.553863185287427,0,likely_human,1.0,0.272758613464371,0.4132889748081417
UCK0IlKDKAs3UNATPZCX7fEA,24,1,1,['e55a0834ac95e7f01ce52f08fe1a42b9'],0.4041277637941436,0.2727358693759848,0.17721656985160522,0.4540833124487478,0,likely_human,1.0,0.2727358693759848,0.4041277637941436
UC6wg3TWQEz_GspA4sXaGkQg,-1,1,1,['42d5d3ff5bd78225d458f341ab1f6c38'],0.3676854529848131,0.27266573817538264,0.25730242709053486,0.5668683798880184,0,likely_human,1.0,0.27266573817538264,0.3676854529848131
UCesZllRBquffsvxAJTVqilQ,39,1,1,['f3a5b0e15d58be1313a8a6cab4d250ae'],0.4145678853023106,0.2726485565723301,0.16911088286471024,0.4260364844176401,0,likely_human,1.0,0.2726485565723301,0.4145678853023106
UCcD_8x_nZWrAUNJjNtKhZiA,-1,5,1,"['28865141fd2f9cfc97dd66d040438b3b', '5f07d068b25b1c22013020b93e8ea50c', '330e36d3909846e891b1cbae081f8aa8', '28bb9533ddc31a5aa722f778d0ef6bd6', '3ff31bb9f69d9e7a6162cfe108145856']",0.3939110646423294,0.27263229591823496,0.18706493664516236,0.5616301488529506,0,likely_human,1.0,0.27263229591823496,0.3939110646423294
UC0kbGM3GWc9qgUgk9f271Xg,49,1,1,['6475788e5226f98cb22a1035991600b1'],0.4482893114980693,0.27261066033327147,0.12763680499839664,0.31994455026265234,0,likely_human,1.0,0.27261066033327147,0.4482893114980693
UCvSdknes7CWqms1z9mlFXxg,-1,1,1,['c5791fb5e9234ecd757f386583f58846'],0.4373758966474242,0.2725790158447384,0.14233275183370817,0.4596164344301734,0,likely_human,1.0,0.2725790158447384,0.4373758966474242
UCkKO1iXODdNJ6hqmGOtCe7Q,-1,1,1,['9ae460ef14a446b6a5e5806a909d18eb'],0.4524353979587584,0.27254117596257726,0.1382996402898258,0.39536296550232963,0,likely_human,1.0,0.27254117596257726,0.4524353979587584
UC382UTo_zc0SBFrERqmIFJA,-1,1,1,['3709b37d1a3f2de0caaf831a2b1bc328'],0.3809650410328468,0.27242211804594363,0.21305270355640415,0.585956646855827,0,likely_human,1.0,0.27242211804594363,0.3809650410328468
UCdf4M7MbyzTtfX_-1AbJcVg,-1,3,1,"['6d9afc14e2eb36a168fc7f95f102676a', 'ae305d8cf76512ac988b2c5a8bcba952', 'caf9adf67729cd23d9b15e140ad7ea77']",0.38594359315821464,0.27241206777767957,0.1961595370567216,0.5762271243549258,0,likely_human,1.0,0.27241206777767957,0.38594359315821464
UCYSiE9OusdEtW_UuxikglAw,-1,1,1,['b2c226c9838c9ce21eaf5c0473dd02c6'],0.39522495124835255,0.27239834694345166,0.2105265485802118,0.5227402865055011,0,likely_human,1.0,0.27239834694345166,0.39522495124835255
UCAjHP2HBZCVKBwndrNfUj8g,-1,1,1,['7fa0a651517cc702436d24af9383342b'],0.4064822764952397,0.27230802122233544,0.19743473079818433,0.479090459949692,0,likely_human,1.0,0.27230802122233544,0.4064822764952397
UCKrsiva2s0vX_bKulF858SA,-1,2,2,"['434c9f0f8e27d7eb7a7eb91146d08791', 'b48045d29b041d1c4f504f2d9ddb9cd6']",0.43433895562115193,0.2722622128208957,0.17052872985363643,0.41389186413753054,0,likely_human,1.0,0.2722622128208957,0.43433895562115193
UC7kpvR1Sp3DGrTnMVu-drhw,13,1,1,['e98eca775154453a0dfb62e677ebcabe'],0.42011478046903994,0.2722593582554686,0.15462125149141787,0.3873479072856711,0,likely_human,1.0,0.2722593582554686,0.42011478046903994
UCLEiXEEiM24CmsryDtUoJnw,-1,1,1,['c709e32bb67c919638cac866e7a7c689'],0.42335121572384143,0.2722570905623059,0.18137454222885271,0.43775447437418846,0,likely_human,1.0,0.2722570905623059,0.42335121572384143
UCTeN4kQlvdLHVXZDJr-hQRw,13,1,1,['e62f51b05f2fa718626e884c9818a248'],0.43101739107871684,0.2722060226413949,0.14126098637406795,0.36443554118488397,0,likely_human,1.0,0.2722060226413949,0.43101739107871684
UCbLadsYPkZ7YXBnAoiAr0Ug,-1,1,1,['076b0110c941b7386b1e1f373dbe514e'],0.4491267924463073,0.2721294244059397,0.1299982775880425,0.4307455769886235,0,likely_human,1.0,0.2721294244059397,0.4491267924463073
UClGOyXpVHyeVqCIdG-Yr6yQ,-1,1,1,['89793f0cd7f1fdcf1c66a6509b432681'],0.4057806682184087,0.2720307793796315,0.20734335843343304,0.47415101532012466,0,likely_human,1.0,0.2720307793796315,0.4057806682184087
UCqlj0G1-oYEOWgIzFfUZcbw,-1,1,1,['e8818d90d16e8ff4226296c451ab70c4'],0.43550110677943465,0.2720288950324042,0.16937701494767973,0.402257862785683,0,likely_human,1.0,0.2720288950324042,0.43550110677943465
UC-QoBV8jqLFzXCWS0K9o31Q,-1,1,1,['919c382ac202726bee24da73b49038ad'],0.39999404184938875,0.271892717111778,0.19713511968388311,0.500755331302053,0,likely_human,1.0,0.271892717111778,0.39999404184938875
UC0z2D_xBWlmAdeAuGJLdDmw,-1,1,1,['746f2a340b194c453c3efcdea592ce95'],0.3915974478215627,0.2717179672086934,0.2139268258199822,0.5091480880275947,0,likely_human,1.0,0.2717179672086934,0.3915974478215627
UCHWn1ObdEXTuOkPzQjHpuwQ,45,2,1,"['7b0d2dc096802c006cc6f0648861388e', 'b15782bc8c4b14020e5e032abbd8675c']",0.39254730784259223,0.2717157205634364,0.15621035640988423,0.5312572107720488,0,likely_human,1.0,0.2717157205634364,0.39254730784259223
UCoj65W_m3KC0PZnMDN2AWPA,-1,1,1,['7ff908b3eb3ac359301da2e309fd1226'],0.4632023341064603,0.2716288776569083,0.12371546602159718,0.3699427534029153,0,likely_human,1.0,0.2716288776569083,0.4632023341064603
UCg7CiXEothZm35NJWLKGb8g,-1,2,1,"['9070b152c219d434466c35957e190c5f', 'd07d4539aa4f5ba45f65fe53c3eb56e7']",0.44263869328403965,0.271604718840966,0.12778278490538866,0.46382644363058323,0,likely_human,1.0,0.271604718840966,0.44263869328403965
UCi8OYgK7CSoH8qXinm0fqnA,39,1,1,['a8f90fb66ce323476cd2d0ed10aba7bf'],0.3967861808781008,0.2715584716695469,0.2032552134365372,0.41936055364735325,0,likely_human,1.0,0.2715584716695469,0.3967861808781008
UCzjkMxm9IPPEvzwKZfMqTYg,-1,2,1,"['ba917f062b4b06d5480751c996db7be6', 'b8a824b3591c2ac52bb10c517d406a97']",0.4377140816607401,0.2715525594603788,0.12298861851788269,0.48684863130282685,0,likely_human,1.0,0.2715525594603788,0.4377140816607401
UCpxBaWnpiApe9rHmUgRJhow,-1,1,1,['29d11d67e9e60ef5e835fe5794952f0a'],0.4215081025013753,0.2714275877634475,0.16542053571975474,0.47445358746435645,0,likely_human,1.0,0.2714275877634475,0.4215081025013753
UCQwiKashQSpZkVC0OynwY1w,35,1,1,['b619ffea7104dfb3ba9b802ab76e2dcd'],0.41698266683085206,0.2712149636115495,0.15793127167380114,0.3557363765594048,0,likely_human,1.0,0.2712149636115495,0.41698266683085206
UCJDswaXOLl-d4VuN60Km-AA,-1,1,1,['c2280209db1d09c96fa9d75ac95424c6'],0.439273931039343,0.27121314860024903,0.15644355539046587,0.41013938448692056,0,likely_human,1.0,0.27121314860024903,0.439273931039343
UCpfWvc2m3yckLPf0XUGlfrg,24,1,1,['5e2ca56539afe302a7929a43ad954d53'],0.4315597055110524,0.2711752140024301,0.13332457508187837,0.4087510545347787,0,likely_human,1.0,0.2711752140024301,0.4315597055110524
UCRXtKKpn7VlNNSmnjmAaZ7w,13,1,1,['3cd8ebf32fa6fed04d13d530ce3db25f'],0.40843046836715896,0.271089574886527,0.1829814583847306,0.37589567372115024,0,likely_human,1.0,0.271089574886527,0.40843046836715896
UCFPZCMx2zMjSQhrDkuNKcfg,34,1,1,['58d33505339264008b63176fae2568c6'],0.41974108336134985,0.27106860982203357,0.1441300097922202,0.3672602747174193,0,likely_human,1.0,0.27106860982203357,0.41974108336134985
UCRpXRC30ayPKDRvr6wcGVjA,63,1,1,['d6846904076e84f5eca6787b1a78ba3b'],0.4538988773721498,0.27104050564827004,0.12189808726583708,0.3200992077966483,0,likely_human,1.0,0.27104050564827004,0.4538988773721498
UCh9zOCf6QNBhdUWNprco99w,-1,1,1,['b3d1cabf6f8b2348aea9673a02866321'],0.4014353249989842,0.27102327361522843,0.2074271914030481,0.47320258764834366,0,likely_human,1.0,0.27102327361522843,0.4014353249989842
UCbRQgJBRuLW3jIdTos_-rBQ,26,1,1,['ce23df0cc921da7bafacca61d591a46f'],0.33965620053838164,0.2709118416449159,0.2250976186206665,0.5972492926940068,0,likely_human,1.0,0.2709118416449159,0.33965620053838164
UCQqcv0y-maAXqHTvwWxqNww,-1,1,1,['215050bb6fe76abbd920c8a560e39904'],0.4344610643227482,0.27090775529203104,0.16673010734800298,0.40853714813030184,0,likely_human,1.0,0.27090775529203104,0.4344610643227482
UCd0FE0D79RXOEKL0eEq4N8Q,-1,1,1,['ad5c7cf96b4618cf01467a456cdb6058'],0.4253154063208116,0.2708915922081431,0.17320106572222765,0.4364247979613633,0,likely_human,1.0,0.2708915922081431,0.4253154063208116
UChEFanzegbn8wiN-3twX2zg,-1,2,1,"['cd2e6975889a8495361fd8cdf72b628d', '7eacf8a55c827df08c77a6bf94f69e64']",0.41464604374949865,0.27083595878415023,0.1835420471683349,0.456969403292236,0,likely_human,1.0,0.27083595878415023,0.41464604374949865
UC4hS9xn8lO-J6vfo5C0Vstg,-1,4,1,"['b7cb7a87998287efc3a9cc53a9c84d15', 'db9be799318aff46ed2047d41313e5c3', '424670be23700094ebc588d68f447d91', '6764acafbac2198d513cbb69be133f9a']",0.42285696815588525,0.2707697347936144,0.15748122111726448,0.4777743025181633,0,likely_human,1.0,0.2707697347936144,0.42285696815588525
UCQco2Iu_l-8S2sViqgPdrQg,-1,1,1,['19459f0b6d7dd9f4d442961e560747df'],0.43415406450497884,0.27069318066954906,0.17401754571397413,0.38965353822892035,0,likely_human,1.0,0.27069318066954906,0.43415406450497884
UCqzeJcNs9xUaq1RGmDQXy_g,-1,1,1,['e161b0c491cf9ef138a90a7fd7c52549'],0.44722788279861414,0.270515871305492,0.15103583611670418,0.3748267555582018,0,likely_human,1.0,0.270515871305492,0.44722788279861414
UCTGne6xF1PH_a6VgIuw8OKQ,-1,1,1,['08122b666a27cc2660f3e7f069045be4'],0.42645106606304006,0.2704366203509595,0.19069422905898287,0.3825733402481003,0,likely_human,1.0,0.2704366203509595,0.42645106606304006
UCCOJlwyZ6M4_VNPGAggxruw,-1,1,1,['1c27825a185b4e375f34b06478a1e22d'],0.4087477609444403,0.2703694519775776,0.18000641326552483,0.4840217344013166,0,likely_human,1.0,0.2703694519775776,0.4087477609444403
UC8imZtAF0buqlVTH6w6h4Cw,-1,1,1,['5b36762e7716eca9c4c3e81d63367d20'],0.4237505158089741,0.27029507418828796,0.1918643132141421,0.4234781124284799,0,likely_human,1.0,0.27029507418828796,0.4237505158089741
UCsF1DnT-8en_fZiMYp_ArmA,67,1,1,['2a18fe6edace69c72c47602e416e339f'],0.38874368431954187,0.270141386358911,0.19654408813446475,0.4245517482560618,0,likely_human,1.0,0.270141386358911,0.38874368431954187
UCbZFqx3zOO5jzvwQOQq_NjQ,-1,1,1,['69c15fe0dfb09ea2facdc8bc44936f61'],0.42192087253599175,0.2700564006025246,0.17744447183150686,0.4280571550514268,0,likely_human,1.0,0.2700564006025246,0.42192087253599175
UCC7ZZ6AAWs4LHOZgUabfMhA,6,1,1,['a38ddccb4e70554df15366bf9c0200c2'],0.40596364347837416,0.26996253632914996,0.18748704796671212,0.4028287407118651,0,likely_human,1.0,0.26996253632914996,0.40596364347837416
UCObSGiTmuWPJFVi6Xpd6cHQ,38,1,1,['f7384cf6f3be651c3380749949c2810e'],0.3816516224687909,0.2698977797334583,0.1725378059123463,0.43716600481904433,0,likely_human,1.0,0.2698977797334583,0.3816516224687909
UCKQwpfig6T04joWqC2_HvFQ,-1,2,1,"['4ddf9f0373b21707959ed485e6cf6aac', '4c6698880b4054949514df2a301b46a4']",0.39079825543170105,0.26978482201349396,0.17465529992850914,0.5730034791077793,0,likely_human,1.0,0.26978482201349396,0.39079825543170105
UCWOW9nXbn1mO0UkQSGkrLeQ,-1,7,2,"['face3bb1ce6d929ae0029593b1233db9', 'be371619b182dd0e21e1cbaa6a82785e', '05bb64732e159be117d515172d3f5dbd', 'fff35ba9859e86729976fdae45976414', '356c1f3ec05a539a8fe9e074ba787e35', '7828f9f3073a94db84ca5023702f3e35', '16135326becd867d3d5343aa936423a5']",0.4107221293217323,0.2695193437474149,0.148674799554821,0.538954960373736,0,likely_human,1.0,0.2695193437474149,0.4107221293217323
UCA7f5qzRdOb1Xf8OiVlPvug,-1,1,1,['57d6e4898609c8eaa0e7095b464b112b'],0.438517927689131,0.26949048218946736,0.1559136362756139,0.4120230583936839,0,likely_human,1.0,0.26949048218946736,0.438517927689131
UCyDoZcHQAcx6EmdjKK50JLw,-1,1,1,['533362257adf4ea97bae64947594c6bc'],0.4224700523560725,0.2694357806167371,0.1658407395312669,0.4495190759242456,0,likely_human,1.0,0.2694357806167371,0.4224700523560725
UCLeSSatpJ9-I1mAfrWbMODg,-1,1,1,['ee8db9072dfb19edcef84ecb8b8875bd'],0.4303840615346711,0.2692936266352791,0.1754608392016374,0.3963128707344271,0,likely_human,1.0,0.2692936266352791,0.4303840615346711
UC2arOYlRJOw_3L58Ygs9U1Q,43,1,1,['393380fce28bd3f1d6792957bcf8bdb5'],0.425121467779049,0.26925494887738866,0.11917982187849317,0.32206320658768584,0,likely_human,1.0,0.26925494887738866,0.425121467779049
UCa2x-ifN-0XlOn7y6jzvXMA,-1,3,1,"['219388e2937bc9b4d11a0d84fbb73d6e', 'd848e207bc13a3e66acc34505f094cc7', 'b4d79966f6c25ce6404e317fcbb7e48e']",0.4215590352006801,0.26922962987298826,0.1697627452248312,0.44005686744929495,0,likely_human,1.0,0.26922962987298826,0.4215590352006801
UCYAtW2xXlR23de1UcqpamSA,-1,1,1,['26667f26b3aa1bd54dc94cbe47ddff4b'],0.42406666243682867,0.2691852757139582,0.16583008359267024,0.4357577099039135,0,likely_human,1.0,0.2691852757139582,0.42406666243682867
UCb9BIXjzeMCb8pSCv3wTCUg,-1,1,1,['8794c989d760c875f21b71a4bc1cba21'],0.4037950184876501,0.2691607113053455,0.20317442693709922,0.46016682614357113,0,likely_human,1.0,0.2691607113053455,0.4037950184876501
UC3QP_ZDjHLjj_jxsTOR_d7A,-1,1,1,['0334626baacf84eccd6e0cb03cbd24ce'],0.4480658117106677,0.2691072208842947,0.12081047422508652,0.41846445366787066,0,likely_human,1.0,0.2691072208842947,0.4480658117106677
UCZxM9P_HHiBCuRTszAmC4ew,-1,1,1,['10f5e80a0e9e3a89b91ed3c1f22f1d2f'],0.3994410024882914,0.26906723256971965,0.19537654897514156,0.4936726209506822,0,likely_human,1.0,0.26906723256971965,0.3994410024882914
UCFM8V_8DgM-NQVu8hU77Gwg,-1,1,1,['32b2366cea48e7da0635d0825436c1fc'],0.4174751779399027,0.26906412742829444,0.19115744304838328,0.4096512344546643,0,likely_human,1.0,0.26906412742829444,0.4174751779399027
UCm_PR4oVL-yyehwIsblNtmA,-1,5,1,"['ba0cd286019011ea9eebaadd2dfc7a5e', '45340565666c010f10ac101baa7a97e7', '4ce007681d0dce80cbf3d99563614866', '2457bebd2e6f22d52c27f39df46ca31c', 'f863c4de14a69f1d3a88adb7206d13d0']",0.4069579154905683,0.26905354265679726,0.1712055931636804,0.501013036435852,0,likely_human,1.0,0.26905354265679726,0.4069579154905683
UCN1kX34IOPrcbEyobG8mq9A,46,1,1,['477795ff77dcbf390ed07b017e7e745a'],0.4359857432877007,0.26903758492659696,0.08765555263950549,0.3842139151993317,0,likely_human,1.0,0.26903758492659696,0.4359857432877007
UCMKQeBCAUMiqjp_6g7ePG-Q,-1,1,1,['86e508e596b0e9546e3d52e06c732b3b'],0.383070609588846,0.2688593050496978,0.22811193341654187,0.5113095730564722,0,likely_human,1.0,0.2688593050496978,0.383070609588846
UCpvw0nD3fQWUtye9lAeH56g,-1,1,1,['4c80088bd6185f5e7081fa984a3a28b3'],0.43817628672344455,0.26884936369844104,0.1398211815313838,0.41813037145986415,0,likely_human,1.0,0.26884936369844104,0.43817628672344455
UCXj_fzZpAWhJYo53I_uR4hA,-1,1,1,['5cf45a770aa202bc76e78dd9b9c92e2f'],0.4552540507659073,0.26881334468375867,0.12505654663263033,0.3762734705667929,0,likely_human,1.0,0.26881334468375867,0.4552540507659073
UCYGUC5g_ygmA866qVgH8ZOQ,-1,1,1,['499c76013bc8f6b21681f27ec2719d2a'],0.42844411854244135,0.2687817709006391,0.16628621529976795,0.4165959130250507,0,likely_human,1.0,0.2687817709006391,0.42844411854244135
UC0vwa66xRWRbsUg2aAoHIzQ,42,1,1,['d6fab1a69f6ce2e40397f9931ef08ae2'],0.4346441269251764,0.2687695382984947,0.12631384471164292,0.369275801149489,0,likely_human,1.0,0.2687695382984947,0.4346441269251764
UCBSAKLB-c_oManEJjmT9vfw,60,1,1,['32231476ab4df145c64e20eb04985841'],0.4122718937194222,0.26870767788223937,0.14308591619948444,0.4395958020348102,0,likely_human,1.0,0.26870767788223937,0.4122718937194222
UCRTrMe3_Awuih01r3hpr3pQ,1,2,1,"['2e67eb9a37d56596480b0c9322fd0417', '0e725bd675f54f923ce8c36b5ec223ad']",0.4095352902788859,0.26863688996971524,0.15236164724835202,0.41532068519868526,0,likely_human,1.0,0.26863688996971524,0.4095352902788859
UCH2BsoJgBI7-IGIAvVFMBpA,-1,2,1,"['8dc9082138788dbeed62e6bda93c78a0', 'e24c0d68703e619e2f3e8a02507b85be']",0.3951398869473544,0.2685418777289311,0.17143583457941525,0.5487029021799432,0,likely_human,1.0,0.2685418777289311,0.3951398869473544
UCCE84flXnIZlJGYyoeYm0Fw,-1,1,1,['860d032ef18e0ced45096dd120256f95'],0.3931220233128199,0.26845558800951624,0.20450103292263497,0.4909742115611856,0,likely_human,1.0,0.26845558800951624,0.3931220233128199
UCjq7IDWM-1aYMNM-UErNacQ,-1,1,1,['e33dd9b709de94ce54eee05d67bd9956'],0.36646078573070906,0.2684525979522709,0.20561162584993553,0.6052907529771575,0,likely_human,1.0,0.2684525979522709,0.36646078573070906
UCtAGTy02pD1iVWcXaHz9QLA,-1,3,1,"['19230696a0941bbeb31577ed3c1473ed', '66c69978b04a22c38a7944c24f742fdb', '1f623830e2b0baba3bfa882d44ff6b50']",0.41547002390687165,0.26832344691781257,0.16711656921062917,0.4619753896229942,0,likely_human,1.0,0.26832344691781257,0.41547002390687165
UC_ZW4nbHwymfiD0oQYbf3KA,-1,1,1,['1c4b4b8cc09648822eb0b66fcd902dc3'],0.39419892151574837,0.268282068789367,0.19950156818947903,0.49273547425232284,0,likely_human,1.0,0.268282068789367,0.39419892151574837
UCUWIhAOVWv8U1wIg9F5FrXw,-1,1,1,['13d6e4c69749e43853604b988c723f97'],0.4323728976368596,0.26827933774743706,0.16943150751941116,0.38676651645283533,0,likely_human,1.0,0.26827933774743706,0.4323728976368596
UCUlGUkYCWFIPOWc4vM-rR7A,-1,1,1,['0e81ec9298e81439ce5b773049b9f61f'],0.4227006405601198,0.268183026695094,0.16344497913423459,0.4349086226191386,0,likely_human,1.0,0.268183026695094,0.4227006405601198
UCHhy53KqcH-SCMl2oeANxBw,-1,2,1,"['5812ec30afff63014fe6485986729831', '4988f72303dfac605923364957461259']",0.40403294868033235,0.2681463043902637,0.1893990908316453,0.48090881666602414,0,likely_human,1.0,0.2681463043902637,0.40403294868033235
UCFHv65dS4zeQswsbSEmHauQ,-1,1,1,['a00dd66897230fb763bf45d7ca9fa32f'],0.3928797263266091,0.2681269539343025,0.1648428783196436,0.5734402479601644,0,likely_human,1.0,0.2681269539343025,0.3928797263266091
UCZEz846YsD5enxyuGDYa9-Q,68,1,1,['fc6c94702805f2a137806fcb644c4685'],0.3719852406392625,0.26805791204587576,0.18695530812216918,0.472153244458392,0,likely_human,1.0,0.26805791204587576,0.3719852406392625
UCRLnvLn-3iNp_7v9j7sUNiA,-1,1,1,['ee1352dcd63a209bb997850ec586a9cc'],0.432109049060436,0.26802422586405167,0.16419214593892925,0.39332466204315564,0,likely_human,1.0,0.26802422586405167,0.432109049060436
UClg8yqkCdU08gDcy4HDA5kg,-1,4,2,"['a4a7b772087a0b5c1812974a7eed3e3d', '0bf73d21d77a18db9d76828aa808071e', 'c8c8d25c6bf0a6be5b42b03d77a59cf3', 'f1bdc5d85db632aeb8820368bb6f9d74']",0.41583730194050406,0.2680050137321939,0.11377521550221464,0.5743443444417862,0,likely_human,1.0,0.2680050137321939,0.41583730194050406
UCR6SPvkd-ejn2pCxRV3PDvg,-1,3,1,"['d50a405b162a530d7804880ac1539e51', 'a15fb15ee41f7b881057c5a2cfc118a1', '309ab2893b37c6764bae823cbcdd0d36']",0.3885214577162019,0.26800339183541244,0.16603024431113564,0.5843307030215803,0,likely_human,1.0,0.26800339183541244,0.3885214577162019
UCluhTevgKYVDAeJlCfEeYbw,6,2,1,"['bb7ba1e3cda536cfd5c74e1ab2fcd093', '8f17c995a1e62593697bbabf37733145']",0.4119355826716993,0.2679679755364816,0.16638796065707334,0.40036468445419177,0,likely_human,1.0,0.2679679755364816,0.4119355826716993
UCPoptHd-JgzKhTGSjf11Ebg,-1,1,1,['7604cc00b5a6b30a754d2ab8789c99c9'],0.39607623934959935,0.2679545149768536,0.20349762434601126,0.4733466414429063,0,likely_human,1.0,0.2679545149768536,0.39607623934959935
UCjpLHyR0XNFLG9PZsDLSe2w,-1,1,1,['eae38976cfe5555ba805fc4092d3b27e'],0.4128303631071219,0.26782043367849484,0.17953176130732093,0.4402755006859985,0,likely_human,1.0,0.26782043367849484,0.4128303631071219
UCEmEHlM4Hg7cG6fz8e4nOIQ,-1,1,1,['d0918f000ad6d2f648eacc91f9a6e9ee'],0.42653585514386155,0.26774583172857436,0.1480578949824138,0.4523598089940977,0,likely_human,1.0,0.26774583172857436,0.42653585514386155
UCwjhUspSQ_LYD-0s4HXiWMA,-1,1,1,['5187b40400464ee9592468249baa8642'],0.4670790063656025,0.2675651928882054,0.11120192923281279,0.3378384393102323,0,likely_human,1.0,0.2675651928882054,0.4670790063656025
UCfSBaAA2CHybv1x2rSzYXAA,-1,1,1,['869bae16dd235046d44557bfeb118d98'],0.40322931144241025,0.2674007742962128,0.20001290565297497,0.4408405766568877,0,likely_human,1.0,0.2674007742962128,0.40322931144241025
UC-QIg7QxeliS8GGhDCgmqmw,2,1,1,['5517a80caf53b420df5c3fe88dfd3f49'],0.41776011829361315,0.26733735450281926,0.15499348308785826,0.39605783950615897,0,likely_human,1.0,0.26733735450281926,0.41776011829361315
UCDg1jn0HmcGxnt4q6b1i02w,-1,1,1,['3ea14b2d1ad7b9a52883496912871ed4'],0.3885625039676848,0.2672323982228262,0.2023824723900813,0.49727407451464034,0,likely_human,1.0,0.2672323982228262,0.3885625039676848
UCNO367Iyb8RxY7YqTCGz9xQ,-1,2,1,"['6d141dcd2847c4599ff6f64f09628a2e', 'd3a8990f0f1d50d0dd09bdadfa14c696']",0.40898209615819237,0.26711588563805067,0.18070500256379496,0.4532075459806683,0,likely_human,1.0,0.26711588563805067,0.40898209615819237
UCgctZngToMGlfc0V94HW1dw,66,1,1,['8ea847fb3dedecf81d7561acb3e71083'],0.4221927165246396,0.26695360086172054,0.11199080524331739,0.43706054243829495,0,likely_human,1.0,0.26695360086172054,0.4221927165246396
UCppAfqzC7Rc0qRPgyYrNgCA,-1,1,1,['71f3b75686a67acc05f59eb3ad91c32a'],0.4177218152594161,0.2669411779435465,0.1906549318356171,0.40255097716361543,0,likely_human,1.0,0.2669411779435465,0.4177218152594161
UCNeUoigo5PpE7jn_wz4ORmw,-1,1,1,['96a9078a64b2101ea226957ebc9a808a'],0.40989072049201686,0.2668825934239485,0.18332908316099017,0.436602084988312,0,likely_human,1.0,0.2668825934239485,0.40989072049201686
UCKey20totl_t6Oiu0RZ1YFQ,-1,6,2,"['1818d760b852fd4e164ba69765c29216', 'a777dfeda1f3462443ee8fdad10cf5f6', '8abe95a36fd19b40219dda473c299807', '2fbb2a8b23312e61ff734716705419aa', '7847ab95c72a2d4ce33ae5fd71db0140', '2a56584c78b78d710aa231785391c638']",0.38846249602320126,0.266823831877134,0.12119247020893431,0.6703845647295823,0,likely_human,1.0,0.266823831877134,0.38846249602320126
UCdO75BAA5vaHHZU2kZKlnFA,40,1,1,['ad5d8b9a56d32d0d6bbeaf54a32b0661'],0.3659898800811556,0.26671545229397065,0.20930589483341486,0.504657919814535,0,likely_human,1.0,0.26671545229397065,0.3659898800811556
UCJSBPU9bzShM1Vs5WC3kbRg,65,1,1,['cf78f934290f8ad8c13a2216cf630555'],0.4452269877972136,0.26666584609531896,0.11696078011025768,0.32284782876502705,0,likely_human,1.0,0.26666584609531896,0.4452269877972136
UCtKnBGWANjWKY0_jYQUNX4Q,-1,1,1,['687059cd8c2c0118b5743ac200d5326e'],0.407587611505585,0.26665795621519744,0.19471105726752594,0.44922004578532265,0,likely_human,1.0,0.26665795621519744,0.407587611505585
UCIXKGIDQilq3-fVNZy45yJg,-1,1,1,['2384639701fd23fa56934094edf96b29'],0.44055477289121225,0.26663758754872213,0.15293914996803287,0.36017695284421924,0,likely_human,1.0,0.26663758754872213,0.44055477289121225
UCMt30rzhJLXqzVGZzby-4wQ,-1,2,2,"['6165f7160c0b95cff4893ce7ee920445', '6bb1a2d684d2b8bc22dd765bd4168267']",0.37507986596113296,0.2666350474212193,0.20718286188274598,0.5498008101005856,0,likely_human,1.0,0.2666350474212193,0.37507986596113296
UC0Jne90V2SbFx85Y8o2-ziA,-1,1,1,['f27fa3d9c74b1d8ad0e01ec20f7ca8dc'],0.4093233914215785,0.26654700302306844,0.1875770354263133,0.42548201839509325,0,likely_human,1.0,0.26654700302306844,0.4093233914215785
UCBPdkV5FsuXI0tH9fKbERpg,-1,1,1,['e1f03377637535704f80c705e43a5a0c'],0.47037794962508783,0.2665276649574913,0.08708915872058819,0.3653327850497899,0,likely_human,1.0,0.2665276649574913,0.47037794962508783
UCRM_7yPpl5DGDV_8rygdTWg,-1,1,1,['5897f79b429d6aa74fd5bed0ea578b3a'],0.4309498855346543,0.2664363020678648,0.14871769179792152,0.40733016965139324,0,likely_human,1.0,0.2664363020678648,0.4309498855346543
UCEy0zZUBzcQZfCh1K-DUamg,-1,2,1,"['6349f848303076812014b102721d8cf8', '8072ba57202fc9906216916c83a3850c']",0.397969990444462,0.2664014185495685,0.18273056528908496,0.49557503439131056,0,likely_human,1.0,0.2664014185495685,0.397969990444462
UCp3CnHFB0C4ME4in6YZXeXQ,-1,3,1,"['677492f2211894b9273ddd8d901558e9', '86093e4d918538633a82a2d8690c31ed', '81c5bce82864efa65e5af9361f00c850']",0.38355450513588085,0.2663952404744163,0.19293378708260855,0.537852054791771,0,likely_human,1.0,0.2663952404744163,0.38355450513588085
UCIGc_sh0uWZR0W2sjuC9Qgw,-1,1,1,['ec6af15a2030b6429c695268b2b8e54a'],0.4044229911242765,0.266381557709965,0.17012576973199187,0.4984854657151982,0,likely_human,1.0,0.266381557709965,0.4044229911242765
UCHibz4GFruWiwJ3bKs_dQZA,77,1,1,['6737af2d68023620b1940d0bd272d4b9'],0.384522029989054,0.2663451136883924,0.1657687892979937,0.49048822846646933,0,likely_human,1.0,0.2663451136883924,0.384522029989054
UC_z-M8C_eUHFc8UC5BNnr3A,54,1,1,['01df3a0bacce4842d39fb3fb6809edc1'],0.482369241517037,0.2663403860976394,0.06423206124530204,0.25851055461503447,0,likely_human,1.0,0.2663403860976394,0.482369241517037
UCQ19NKU8R8iP4dqzv-KbAaA,-1,1,1,['9654d85b6307bc5fd5fac42924138763'],0.42466524854528437,0.26628438097258406,0.15399580154587728,0.41804003895402436,0,likely_human,1.0,0.26628438097258406,0.42466524854528437
UCbk6fqksvhIie0_pU_mDOnA,59,1,1,['df664497a6649a45aea6e00ca21360bd'],0.41118970945389777,0.2662298937866057,0.16178525618062484,0.3844262102651363,0,likely_human,1.0,0.2662298937866057,0.41118970945389777
UCH3qGRoqmWrw7e0dAxjXacw,-1,1,1,['08b36b2790550986075dc581fb7d5f77'],0.4655716786852371,0.26620759360979723,0.09174327848671994,0.3697153667971403,0,likely_human,1.0,0.26620759360979723,0.4655716786852371
UCyIDkeJJJjZ8k097bSIYLIA,-1,1,1,['c36634a3799c7bc989fb08214e330681'],0.4279241036867767,0.26604580890837337,0.15976638288569261,0.4093781701037943,0,likely_human,1.0,0.26604580890837337,0.4279241036867767
UCJa7u8qchf9par8HS9TQofQ,-1,2,1,"['9d14145ee0694a499b2c1effefbb0ae7', 'f8e0e1729e258fed4bc47d5ee21e0fef']",0.46132594073159583,0.26604315325232947,0.10896829775554424,0.3482024629536656,0,likely_human,1.0,0.26604315325232947,0.46132594073159583
UCayFVqYlfMdAFsFFGd8E5Lw,-1,1,1,['9a721f038ac43484dbd048e9e1e35127'],0.3979953860601596,0.26602952166815624,0.18234283611511387,0.4850261229508719,0,likely_human,1.0,0.26602952166815624,0.3979953860601596
UClIzhCtwNga1gc7y2njaLxQ,-1,1,1,['f5563652facc7118fdff75b9b3db11cd'],0.4097169520894196,0.266015680548786,0.15769236328090577,0.5041074844423687,0,likely_human,1.0,0.266015680548786,0.4097169520894196
UC87QrYltW5kAEz-UyRR11Tg,-1,1,1,['c9ff5374084db8eee4ab0d4a99022a64'],0.43139277023534284,0.26595902552761796,0.13986650979870305,0.4125018429510998,0,likely_human,1.0,0.26595902552761796,0.43139277023534284
UCTha-aeq_QUUdOuW3_YFbvg,-1,1,1,['9ca9267a8e1c38da0c7e8f4620971829'],0.40208051178582915,0.26580259099807624,0.19402087039788266,0.4495430933929255,0,likely_human,1.0,0.26580259099807624,0.40208051178582915
UCcZ3td2fGN8x1H3c7o75ZZQ,-1,1,1,['bd057348909af10c91d019e759335a8f'],0.4335572815063205,0.26564421848503483,0.16114121700718542,0.3636946505287004,0,likely_human,1.0,0.26564421848503483,0.4335572815063205
UCRFCYYp-MXHPGjKMeua4Xqg,-1,1,1,['a50d5d912cec71a4788b14164135f08d'],0.4348325185848746,0.2655950532663004,0.11966058505921161,0.45180636220503323,0,likely_human,1.0,0.2655950532663004,0.4348325185848746
UC5cg1AMc4XPEOgL8s7SC0Ng,-1,1,1,['365585b8a67cecef542682fdcd57d8df'],0.3923917221717704,0.2655663474385585,0.169652703504702,0.5370037544041888,0,likely_human,1.0,0.2655663474385585,0.3923917221717704
UCiFpnsHgl5hZ7tGnl1A77Tw,-1,1,1,['56133e811d8945eb79ffd9c3419fc962'],0.38568846293787795,0.2654547830828907,0.2202589615836121,0.46275467221394534,0,likely_human,1.0,0.2654547830828907,0.38568846293787795
UCtf-taFQfPflj_3WiIjHGug,-1,1,1,['6bdd14dedafa7f3a8367faee05469f8d'],0.4193337545236015,0.26539080902520173,0.1724441380887334,0.4276292614275815,0,likely_human,1.0,0.26539080902520173,0.4193337545236015
UCV5Sbtce4RGak0wT-3G_LHA,58,1,1,['2cdc3162cd26a211618e0affdab5fa1a'],0.43824954692061724,0.2653009349744231,0.10812023506162796,0.3001427939995803,0,likely_human,1.0,0.2653009349744231,0.43824954692061724
UCYJB3AdMFwoqzfqHSQOvmjg,-1,1,1,['18796a3deb4b72bd34f3048b67467ced'],0.39785419719851656,0.2652780542996337,0.19962824295164244,0.4461153628733814,0,likely_human,1.0,0.2652780542996337,0.39785419719851656
UCVLSNttbfMtzFESh4XmXDfg,34,1,1,['ecd4ae0f34b2035e78773bef289ddd7f'],0.3889438305846824,0.2652135453678519,0.1728923487105041,0.3957568866540403,0,likely_human,1.0,0.2652135453678519,0.3889438305846824
UCPGAkxdi3YBCKlTcY0cgFxg,-1,1,1,['b6e69a4d2086d7b09f5b510f28f4c7fa'],0.4388911960888566,0.2651949073881403,0.1405610391785161,0.3748774354668559,0,likely_human,1.0,0.2651949073881403,0.4388911960888566
UCjAb9PECpot75KraNH2H-nQ,-1,1,1,['23b21fe602fece3c9cfeb0832b8ac319'],0.4595263374119166,0.2651785345181753,0.12045173237289711,0.33472245470448875,0,likely_human,1.0,0.2651785345181753,0.4595263374119166
UCJQKHMwb1Vzfrz59meNnG7Q,-1,1,1,['5640e617e594f32cef5b1387fdfefc13'],0.3896996834387736,0.26512914334792426,0.16017781034431525,0.5687480127365646,0,likely_human,1.0,0.26512914334792426,0.3896996834387736
UCIZPOOqAs9TpL-rIds5Ej2Q,-1,1,1,['f4b8849823cda914889b1d5df5cdacf2'],0.3849248469023505,0.2651062563548596,0.18612672482362227,0.5475320887840014,0,likely_human,1.0,0.2651062563548596,0.3849248469023505
UCj-VSksZ3KkN9GeS8gFGolg,34,1,1,['5ba404231fb903c76dba012dbcb529f9'],0.43078273428896996,0.26510042053975164,0.1235077664016807,0.3043258450431053,0,likely_human,1.0,0.26510042053975164,0.43078273428896996
UCBTkIvYSZuzf0uFKDFa-_LA,45,1,1,['7d7ad514f4b4a4a592326dfdbb7a8244'],0.42731866355147724,0.2650742470287335,0.14309553390750382,0.33538355483458016,0,likely_human,1.0,0.2650742470287335,0.42731866355147724
UCzdKquJB2GNQjJ0KunLHCmA,-1,1,1,['50ea0c36855454a0f9227f77b0664bf1'],0.3662835033644509,0.264983040230394,0.21869222901163124,0.5503784258551166,0,likely_human,1.0,0.264983040230394,0.3662835033644509
UCOWXz88XBCezFdNJITdVo_Q,-1,1,1,['31a1c0a9b85a32024469237aa106fc98'],0.4375513728538073,0.26497290036531174,0.16438957547785768,0.35084472306052317,0,likely_human,1.0,0.26497290036531174,0.4375513728538073
UCGTJbZ9ONLnF1wT6YGd9Auw,-1,2,2,"['48b0199a54a2649afa941578fa0502a4', 'd11ec8c51f87f13e92e5fa3a7b8d01ea']",0.4024126617162968,0.26494332950332256,0.18929903273556375,0.44698979099771124,0,likely_human,1.0,0.26494332950332256,0.4024126617162968
UCXK4YvhqvGWOTOTNMyYL94g,-1,1,1,['27df676385408fe836ca5403e818f353'],0.42004520440328563,0.26493145395239887,0.16642727624527948,0.407483056475769,0,likely_human,1.0,0.26493145395239887,0.42004520440328563
UCWYv-hPpl09fZEeKv8yWR7g,-1,2,1,"['0483da4b2fd5baa061df19b8cbb2d658', '306e437dc7f8e9d4e6da0466ad043fae']",0.39944163819256734,0.264882539592187,0.16886342240461524,0.4894340991707565,0,likely_human,1.0,0.264882539592187,0.39944163819256734
UCfKyuOzUhwzGhzBBLIogGLg,-1,1,1,['779cb657f904061fab12f860aed4864a'],0.4134646746365834,0.2646818282480546,0.17755267889810122,0.41882409253054276,0,likely_human,1.0,0.2646818282480546,0.4134646746365834
UCoY6D3zqLztpxjqS1rgGp_w,-1,1,1,['0c0f48d281fa85c6be74d2c760fbaa62'],0.3928714382836306,0.2646771260312378,0.185842028030528,0.5034705635994049,0,likely_human,1.0,0.2646771260312378,0.3928714382836306
UCqhxEirRs1Zo4rU9mxHiLsg,-1,1,1,['36e7ab81dd4f8c746db7690bccd7fa5e'],0.384567091381239,0.2646524501563527,0.20460063110348767,0.49015758890002714,0,likely_human,1.0,0.2646524501563527,0.384567091381239
UC2K2fZC7AVKpRn5MFaqIfyA,50,1,1,['8afa1ee8ba0490958217ec56bc085cd0'],0.3975856737246828,0.26456435074219675,0.16657637573064565,0.4083724345554498,0,likely_human,1.0,0.26456435074219675,0.3975856737246828
UCrod9DLIVXGHeIcq63B-OVQ,-1,2,1,"['539785d4441318338e4516bc9ed0c4a9', '108b01999a6b602a45fedd4db5d1c95f']",0.43247374300645924,0.26453953989316,0.12301621168054794,0.4417157863451693,0,likely_human,1.0,0.26453953989316,0.43247374300645924
UCszlohf_muJSJAsRZ3du9Fw,-1,1,1,['f4bfef28e57fd3e0f16cfe7d5f62ffc7'],0.4344883610707463,0.2644636317168732,0.14760213139238304,0.38761518195740746,0,likely_human,1.0,0.2644636317168732,0.4344883610707463
UCgzck7aOzVCPUf1bsDh8R5A,-1,1,1,['ffd30a3754eac9705caff6e336933653'],0.40355682121450376,0.2643909332278557,0.18459823159299724,0.4453781104243969,0,likely_human,1.0,0.2643909332278557,0.40355682121450376
UCVGxZO1G53hE8y8k00ahapA,-1,1,1,['3c277d4c61f0c08eb843458d1c602413'],0.3806166519619203,0.26437510831619737,0.18853998737522132,0.5348142662939832,0,likely_human,1.0,0.26437510831619737,0.3806166519619203
UC6i_xLK7BWXg1Mx5UNY94kQ,-1,1,1,['a86c7e08027f24c1f1e0764b6b295ba6'],0.4188286522417486,0.2642682625138505,0.15471882703247625,0.43809890283081226,0,likely_human,1.0,0.2642682625138505,0.4188286522417486
UCIeURl4usdr3c6x63aRQISQ,-1,1,1,['62d0626c692b62f67784f6efe614feff'],0.43024403484032125,0.26421856099882807,0.16628744698905137,0.36324382945478795,0,likely_human,1.0,0.26421856099882807,0.43024403484032125
UC3o8Xsw5Go5E3FU17dLlJ8Q,39,1,1,['56bf75ca219ff7e2797c7e35b49b9063'],0.4091444763290785,0.2641800426347055,0.1500517512902208,0.39255476911258624,0,likely_human,1.0,0.2641800426347055,0.4091444763290785
UCfrSpBYlc7Zg4IIjvoMNMsg,-1,1,1,['d3783d420181514badc829745c73f8f1'],0.4209156205319394,0.2639947740379655,0.1571281251654018,0.41652257469213705,0,likely_human,1.0,0.2639947740379655,0.4209156205319394
UCu8yhbuF_ncNzTHUVcw0rcQ,22,1,1,['6493f0a1be1d46e9f15cd8592290d0aa'],0.3930827128929535,0.26388884559770853,0.16201559605147522,0.43557519983157855,0,likely_human,1.0,0.26388884559770853,0.3930827128929535
UCL_HmsXqD0Bjj-41MQaP1qw,-1,2,1,"['894ad45096135883c14853313129802d', '8f883029b7c341fa5df418d70b9092c4']",0.3822189514107439,0.26343270222048054,0.18625122037078184,0.5277601804541783,0,likely_human,1.0,0.26343270222048054,0.3822189514107439
UCls6_y3uRnFuD_Lm1yJOmxg,-1,3,2,"['cca9677d5f43e52c45e351a3107f7f7a', 'd101ceb7d26e6aed4cb8a598ef9a15ea', '86d953e70f67470d5cfacbe5aef8b559']",0.41504313716521074,0.26333682658777563,0.16041905247473373,0.4367921719708712,0,likely_human,1.0,0.26333682658777563,0.41504313716521074
UCAohOKFoOYq1eFCOJYJzqBQ,-1,1,1,['ba2d17be8f125852ead7c8824031a739'],0.3894080235642664,0.26330248230063197,0.19777143278463077,0.48896205620391836,0,likely_human,1.0,0.26330248230063197,0.3894080235642664
UCEioiIdnuSu2NDUyJl4QR6A,-1,1,1,['03db4893fea893a91660641151eb3e6e'],0.3937388276490805,0.26317721504953184,0.18142327597699887,0.48029710328831243,0,likely_human,1.0,0.26317721504953184,0.3937388276490805
UCPinhXHdLvvpKSc-IYyuvnQ,-1,2,1,"['2bfb1428c09963203c8d0dd504f8a2a4', 'c0d263751750b7c2ef0d21010693ad5e']",0.3952511003045015,0.26316382049009235,0.15841386165368912,0.5290344373545072,0,likely_human,1.0,0.26316382049009235,0.3952511003045015
UCvCCUZdV7XRKN4ly-fTttPg,-1,1,1,['db332c6de842ba6eb4ab937716ac293b'],0.3931989343760899,0.26315102932649004,0.168711237245923,0.5171829417510807,0,likely_human,1.0,0.26315102932649004,0.3931989343760899
UC75-vaybAjzBcYPCX-yYJZA,-1,1,1,['69f334eb134aae2300763c9fadf2a9ae'],0.4125807204744129,0.2631441095383117,0.17865122486459323,0.41846445366787066,0,likely_human,1.0,0.2631441095383117,0.4125807204744129
UCGF3QBosPqFw8vclO0iFyyQ,-1,1,1,['4183b642cbceb1c583acbd60d3f64641'],0.42045367396260647,0.26310637635985457,0.14129677011037758,0.4344794057163428,0,likely_human,1.0,0.26310637635985457,0.42045367396260647
UCciBHhAty0lwHgN-SIu9b_w,46,1,1,['dbc50a1bffec59ad9080ba57251eeb21'],0.38679438492857815,0.2631020957264729,0.1443716455329352,0.42871233023005456,0,likely_human,1.0,0.2631020957264729,0.38679438492857815
UCm3tNGwZGnD4--7KFiZlFcg,-1,1,1,['385a3fe322ae234d7000dc4548e13168'],0.4424501719074695,0.26289624208234746,0.11086965739188354,0.40680254122133597,0,likely_human,1.0,0.26289624208234746,0.4424501719074695
UCMi0pCDwwN_OOQeSda9A5RA,-1,1,1,['df374922e8a0c9c7ec0f475d7efdd3a3'],0.4616438331411882,0.2628294008924322,0.11862625979930003,0.29864052760707105,0,likely_human,1.0,0.2628294008924322,0.4616438331411882
UCNueNsVy1u88HqSUhVUo14g,-1,1,1,['a5b2fdde5a9e8155f72c3dfebd7b1a18'],0.3666543799909902,0.26271626638281986,0.1995260498270743,0.5553778789859508,0,likely_human,1.0,0.26271626638281986,0.3666543799909902
UC8SqVJZAXXm0SXhP_1G7eOQ,-1,1,1,['801a2f080ceb71d1e641ab161747782d'],0.4333773489867109,0.2627125091100193,0.15551849063522652,0.34767104839441476,0,likely_human,1.0,0.2627125091100193,0.4333773489867109
UCQBXCM-ydWDtYyT5kRXYDLw,-1,1,1,['ce2f95e35933b10f91512d9491ce144e'],0.40484621062008574,0.26264731129440316,0.15378678005117413,0.4826241517345356,0,likely_human,1.0,0.26264731129440316,0.40484621062008574
UC6D2Cgn8M1Svmh5NAxNqXzA,-1,1,1,['63b8f66ce1cd5739480ddbd8684211a7'],0.415805073913872,0.2626261649775089,0.1766717146324137,0.38809339922874525,0,likely_human,1.0,0.2626261649775089,0.415805073913872
UCxi8Q1XROgtbcE-k3ulq35A,-1,1,1,['23a8028210dad6c205aeb0e5a1121dbf'],0.37470628571336184,0.2625592656088498,0.2080388009650082,0.5096691989332403,0,likely_human,1.0,0.2625592656088498,0.37470628571336184
UCCkPFoZrYJLiej2L3qWselQ,-1,2,1,"['99adec71285c14621b742bbc0d75baa5', '3668cd83c28fe3db593d7bea085a45df']",0.3962610478694968,0.26251885653856133,0.17820702164565175,0.4667551113092673,0,likely_human,1.0,0.26251885653856133,0.3962610478694968
UCQ1dWV95Q1LEhxfTxzdorfA,75,1,1,['7dcabd1d0305f775089c6a9ab0558742'],0.4366356403562301,0.26234444739789076,0.13256956139847476,0.28802070339783775,0,likely_human,1.0,0.26234444739789076,0.4366356403562301
UCGQO3h52WMG_6wbGNwZ7YIQ,-1,1,1,['5be471ae31d8ebae5ea872ccbcaeced6'],0.405237846674669,0.2623034131002729,0.17633587111842008,0.4316701183494945,0,likely_human,1.0,0.2623034131002729,0.405237846674669
UCdgNeoWh0o3genSWpscN_uw,-1,1,1,['478216380d3859eb7d24e4183bdfda95'],0.3889044482945814,0.2621740192591084,0.19455876699214092,0.47349547890803256,0,likely_human,1.0,0.2621740192591084,0.3889044482945814
UCJzOye5PSb_HkhloMgLc97A,-1,1,1,['24d0e55543018f3814d428f442416675'],0.3933998145399593,0.2620610795176179,0.1967657906975359,0.4377868668635,0,likely_human,1.0,0.2620610795176179,0.3933998145399593
UC9rsPG16hUG_i_KUFKuwhmQ,-1,1,1,['68b4d7d3312862626a182e4a4c9a07a9'],0.35538046234527787,0.26203080125623585,0.17781539869237364,0.6589334656657284,0,likely_human,1.0,0.26203080125623585,0.35538046234527787
UCZf4IuOrMBmE2h4Bv_Pp_MQ,-1,2,2,"['f34cea23149b3f7e393190343a0c4558', '4186cf1a6eacaf6a5e2d69ef3a216281']",0.38820419264093864,0.26190249059175275,0.16827993707137445,0.5250858886555617,0,likely_human,1.0,0.26190249059175275,0.38820419264093864
UCzTJBQGJNHKHsbaJAYx8GQw,-1,1,1,['5dfa73f142206389c841de0ba8322a1e'],0.42450199052944826,0.261894712304972,0.14032717580874599,0.4109288932554087,0,likely_human,1.0,0.261894712304972,0.42450199052944826
UCW9GErC_5w35FO70k84dwGA,-1,1,1,['cf1793f5f83b391ee8b23625e89666b6'],0.4085781431681823,0.26188485820579804,0.1809995514965003,0.4010402441882239,0,likely_human,1.0,0.26188485820579804,0.4085781431681823
UCGiCaQeiXZYDxLt5m2_9NXQ,-1,1,1,['06fbc299034c6379383f486c7da6da2b'],0.38789482363455985,0.2618206882468145,0.21463040531088193,0.42496347346724556,0,likely_human,1.0,0.2618206882468145,0.38789482363455985
UCTdJEKy-qKbLO4OBJepnI6w,-1,1,1,['ca7b037125b993c1ebb20406169066fa'],0.41242907677461194,0.261670433538198,0.1484479486921372,0.4525270182661207,0,likely_human,1.0,0.261670433538198,0.41242907677461194
UCqUyhbJXoOeGNiV1zzO8KLg,-1,1,1,['aa8067bfd323d27195a48c574d0c9812'],0.40340724017402085,0.26163250098818663,0.17221465970466426,0.4422569094639233,0,likely_human,1.0,0.26163250098818663,0.40340724017402085
UCJqkZDhGxzQBbuN26fLnCGQ,-1,1,1,['cbf3b338e01c1b20649f37a62edc201a'],0.3591153096419512,0.2615522770908153,0.22631793674143394,0.5502757777170629,0,likely_human,1.0,0.2615522770908153,0.3591153096419512
UCja1jusj9Q3t0412Q4vfq-Q,-1,1,1,['435302066a6e27d5451b1733370a84be'],0.4096120522079161,0.2615437988459429,0.19009337568938753,0.3954566449076201,0,likely_human,1.0,0.2615437988459429,0.4096120522079161
UCN-gWDXm2CI2vr6TgzP5Yew,-1,1,1,['c5cc214f0db30d5358fcd3875889df7c'],0.38318775064153576,0.2615263191507591,0.19858179266530931,0.4968386374964761,0,likely_human,1.0,0.2615263191507591,0.38318775064153576
UC5-jrbVErrb6y_yHb7ZAkhQ,-1,1,1,['18154ac9233f419eaa6160ff17f5d07b'],0.38886244479258436,0.2614786284215904,0.15891653814979684,0.5343621311486837,0,likely_human,1.0,0.2614786284215904,0.38886244479258436
UCLi15Ba1mtMNvN9nCOJ8ycA,-1,2,1,"['b49572f2c4f6837b2ee62e3280357444', '3aa516bef986f5aa85fb6f403986ec27']",0.3713953354240125,0.26144338482560847,0.18051880090693925,0.5637634590054323,0,likely_human,1.0,0.26144338482560847,0.3713953354240125
UCp7uk_8sk53CxkV7_4siMHQ,-1,1,1,['32b51f68eb9e5de7b7db9d8b8bd3c649'],0.43881795588321043,0.2614315645447651,0.13347271028117919,0.36877622390412357,0,likely_human,1.0,0.2614315645447651,0.43881795588321043
UCIgyuDs9pKfxt489bjC1ZPA,-1,1,1,['9b09c0a87abb38a7949f108c4b31049a'],0.41054677211005675,0.2613820220028391,0.16491517184913584,0.42783344391763073,0,likely_human,1.0,0.2613820220028391,0.41054677211005675
UC9HvDLhg8o2PdDJdqKMGJjw,-1,1,1,['7a9ffbd2f4da24bb379cdeef09030c94'],0.39354904646445044,0.2613549469950309,0.18043928200269885,0.45613810436554847,0,likely_human,1.0,0.2613549469950309,0.39354904646445044
UCcmm7nxcy4187SwtbcjkbZg,-1,1,1,['150451a7e01b6afc423c3dc9e459b3a5'],0.3935284608586571,0.2613451802382526,0.17792118257843034,0.47380263203656425,0,likely_human,1.0,0.2613451802382526,0.3935284608586571
UC_hFK37Qj24AAkFIthI1JKA,-1,1,1,['1e72a4c1bb0a629415aaa53361e158a2'],0.4188162937490521,0.26134497347839053,0.1560916074750252,0.41242600685870545,0,likely_human,1.0,0.26134497347839053,0.4188162937490521
UC9k9Bfd3ZcuUgFGa04Nqk2w,13,1,1,['b593f396d906b5e277f390578310ebb7'],0.3615931794533467,0.2610827890571553,0.19664348402887627,0.45811248889616724,0,likely_human,1.0,0.2610827890571553,0.3615931794533467
UCFLk9V5RJaoQ2fUcZG_1y3A,-1,1,1,['04dd0a65b85cb55ff34d9622e058fc00'],0.3938038763564522,0.2609066377984118,0.1657043699926904,0.48745218573438215,0,likely_human,1.0,0.2609066377984118,0.3938038763564522
UCONHTA-sxdJ-_OSaVvim8hw,-1,1,1,['88e26d4b4c905ce617b71a7d9a5b28fe'],0.3699828639245572,0.26075393805362407,0.19443759936687635,0.5322609808944972,0,likely_human,1.0,0.26075393805362407,0.3699828639245572
UCUIvXsJ1jUPO1A3L8zN1hsw,-1,1,1,['86fd80c48446d91918fe84b671d1fa6c'],0.37988628411539704,0.26074712505120107,0.20064056518796122,0.470877940805202,0,likely_human,1.0,0.26074712505120107,0.37988628411539704
UCpp_u6LqqvvTt13cdotRKbA,-1,1,1,['4284cc2e14ef1d518698c74ce5d8d7ea'],0.4458276731227159,0.2606163802370321,0.12771185285612044,0.33381867798795817,0,likely_human,1.0,0.2606163802370321,0.4458276731227159
UC_sbS-l5cATdgMAJBpVdaPA,-1,2,2,"['cfdb156d3ab8aa6535f4ebc11f2d6e6a', 'e95c72b51cce2f2d4f308ebb4c59cb37']",0.42979015791578434,0.2604680342310164,0.0882627905118469,0.48671171062920404,0,likely_human,1.0,0.2604680342310164,0.42979015791578434
UCjqZciFZrG80237qZtFj4eA,-1,1,1,['79c46abf780e2ea9efc1f8447dcc42b1'],0.4269514770669887,0.26032407846339506,0.1603369690459563,0.3570934358866951,0,likely_human,1.0,0.26032407846339506,0.4269514770669887
UCwqoo6P5Aw4GiGm9wan7YEQ,-1,1,1,['9b34c09488ea1e34fabce604df7ded32'],0.38158852838561186,0.26029530734322903,0.18817353219130525,0.5003227484693672,0,likely_human,1.0,0.26029530734322903,0.38158852838561186
UC6AL-KMssQRqQJs4OJz4iSA,-1,1,1,['7c388ea103e0ac36f72b49d42c4c38be'],0.37463090402671134,0.26019532310425253,0.2103827284121571,0.4842387258396324,0,likely_human,1.0,0.26019532310425253,0.37463090402671134
UCFGv7LXAbNgLPORuaSVYQHw,-1,1,1,['1be61cc0100f4554e8a244a2b4503ee7'],0.4247412261902337,0.2601141103774862,0.13918012362305215,0.39824438636801546,0,likely_human,1.0,0.2601141103774862,0.4247412261902337
UCZnoe5j6yjwy2Z7j9BDlpaA,-1,1,1,['6f3aabe496da744a1fc67b38e2e8370e'],0.426857170649376,0.2599825060428336,0.1495367645788617,0.35990943837192974,0,likely_human,1.0,0.2599825060428336,0.426857170649376
UCIRKB791cffITqtAGWlsFRQ,-1,1,1,['fedfcd0b7e681adca67b05172cd6b1f3'],0.4320296761049966,0.25988503639713534,0.13865796704800754,0.3630519964785067,0,likely_human,1.0,0.25988503639713534,0.4320296761049966
UCd1QZaVMxf7tALCZznrxrAw,-1,1,1,['dd46372ead047ee26b5801523f1d6c12'],0.40502828463579077,0.25968984766676684,0.16404369930325546,0.4212892150405555,0,likely_human,1.0,0.25968984766676684,0.40502828463579077
UC79ItWR_DMfO3OEkXkrlAeQ,21,1,1,['51f6dc5009dc5a5ec73e2f70d74cd9f6'],0.3819921400676749,0.25966584416553234,0.16933597629318856,0.4307807345767387,0,likely_human,1.0,0.25966584416553234,0.3819921400676749
UCADlBbQ7BfrwzUY0_TIAQDw,-1,1,1,['3e15c06c379e23487741ce853c18e4a1'],0.4086629449361603,0.2596616996305114,0.16973816030894784,0.41256225773199284,0,likely_human,1.0,0.2596616996305114,0.4086629449361603
UCoYJQdrKWt6lO9tO1ZSbtAQ,-1,4,2,"['83d45dd35f46f5d53a2d34d224c82763', 'd5de5fedab51663e7480feffc0786612', '415c2194cde82b7db2bae376f10a7cd0', 'f07b6cc7401571dd337f51f98c35bab9']",0.43803208515938985,0.25963343546207507,0.0728591121281356,0.4759486748900902,0,likely_human,1.0,0.25963343546207507,0.43803208515938985
UCeuhSp9SJEaRhJA2zl9steQ,-1,1,1,['8fafe3771b4b13fbb3f1eaac37e63981'],0.4437409242617312,0.25935164017201423,0.1157457194259386,0.3590979717522746,0,likely_human,1.0,0.25935164017201423,0.4437409242617312
UCP31odWRcEMmtMTHs3n9zEQ,-1,2,2,"['f23788644a2bcd07ea32ac6aaaa1914a', '60162fbfbd0d3540eaad8e09f39e0913']",0.3806566023664071,0.2593281151374045,0.19351716864282087,0.48208085119438915,0,likely_human,1.0,0.2593281151374045,0.3806566023664071
UCLxf7BbSIQzwlp-4Nzd76zA,74,1,1,['adc1f716c17469602394bd62f555bdcc'],0.4239793018788087,0.2592676598335235,0.1341526986098562,0.3163641898577319,0,likely_human,1.0,0.2592676598335235,0.4239793018788087
UCBDd8JxfFQ4zsE5Z9f3MXKg,-1,3,1,"['8f2005fef64e8af621828b6321165ebf', '90c657e4093b67ac7c1a2972715b8fa9', '577084c3fcc0e1eecee9e85f673aab4a']",0.39976482064412666,0.2592569095454673,0.162202150392943,0.457262090913096,0,likely_human,1.0,0.2592569095454673,0.39976482064412666
UCoMl_MMFBQ0Fh1HmQjFTxWg,-1,2,1,"['05bfecfb0336eadce577fb39b2e4e44b', '8467c7492dc8c34158985740480f9b80']",0.382874843913508,0.2592477160335127,0.18359125422881667,0.4823413321144192,0,likely_human,1.0,0.2592477160335127,0.382874843913508
UCAmzl5SPYY8fIWdXBBW6AUQ,-1,1,1,['c86e5eb5ff37d8babdf182cd38dd1602'],0.39232420564971937,0.25917309610862105,0.15005993680405932,0.5015175229756548,0,likely_human,1.0,0.25917309610862105,0.39232420564971937
UC-LDRpMjamKrpCaPhXay_Lg,-1,1,1,['e22b0bd18f0426c7f6063bc9c8551d2e'],0.39329503145558864,0.2591475558330708,0.1898623515423605,0.4280036037333902,0,likely_human,1.0,0.2591475558330708,0.39329503145558864
UCBINNR1O7r7EEUXVMi3cgjw,-1,2,1,"['8d0d69e25c39cde7ddfe88244b7591d1', 'acff095ff8cef3cb63c23217d364721f']",0.42845932745348764,0.25891636105991395,0.1320231511085895,0.38429529193355505,0,likely_human,1.0,0.25891636105991395,0.42845932745348764
UCJQ8QBy7XSli8FsAX6Ly2Xw,-1,1,1,['eabfd6c143d5eeb2c6b006c86f934956'],0.41323545205699896,0.25882900504367773,0.15251894477647865,0.40522310489204816,0,likely_human,1.0,0.25882900504367773,0.41323545205699896
UCGk4Z4iQu9nDtPZShvTfH8w,73,1,1,['db3accef6538693d6583c6e863142600'],0.4128998409360527,0.258813895079881,0.12946001031109855,0.3684059685774197,0,likely_human,1.0,0.258813895079881,0.4128998409360527
UCP_Z1jD2Bh0zqsfcoKP_BpQ,-1,1,1,['5b3626d538c3c5d176d0e18e0b76ad0f'],0.41686114268647567,0.2586762238474721,0.14945162344058938,0.4014419783564809,0,likely_human,1.0,0.2586762238474721,0.41686114268647567
UCK1lezxwH0gFmuFslSVxBOw,-1,1,1,['bc9a71755eb2c0c7501dc6f97380f7a6'],0.43529693891560445,0.2585326514371272,0.13525246408031502,0.3461406731728573,0,likely_human,1.0,0.2585326514371272,0.43529693891560445
UCQz8ZKRYzJwQWHobmOeUttg,-1,1,1,['779c4f02da085beb2d71a5995b05da11'],0.4359054893215873,0.2585128505865247,0.11689253801302185,0.3740352864154412,0,likely_human,1.0,0.2585128505865247,0.4359054893215873
UCHj_4BISQxWuUDSwq0BIV_g,-1,1,1,['8960ac6913d467c2250c3f6d16c1a407'],0.4294407845428718,0.25851096526397216,0.12351132617950518,0.3973567341579657,0,likely_human,1.0,0.25851096526397216,0.4294407845428718
UCZxMs5ZqvDerE3U8ApLktPA,-1,1,1,['f0380c5a7358a1aa79ce76eea1e96ecd'],0.41207191051454906,0.2585045388551319,0.14306622727435878,0.4290963497448398,0,likely_human,1.0,0.2585045388551319,0.41207191051454906
UCktbWiBAir-1bCliycnoCvw,-1,2,1,"['d62a435e03d98bf55d3f00eaa585e8b2', 'd6eed09c5319404424478e569a9e9c33']",0.40363517777708346,0.25849761352524403,0.15339289143819035,0.45233349711627113,0,likely_human,1.0,0.25849761352524403,0.40363517777708346
UCaAmsX5iRyJ27JfngCJft4w,33,1,1,['7ce02fc670fd38fecd2b121e897d3bee'],0.42194774613125874,0.25849610064481016,0.13289658888652825,0.3163534496640692,0,likely_human,1.0,0.25849610064481016,0.42194774613125874
UC8q92gtzMpQuNhGSAXHPM5A,-1,2,1,"['66bd58907979e06b60815b8514331b37', 'e33a24d2abd30c3675dcd1321ec68b5d']",0.44413681319397025,0.2584772094667842,0.12594464663880714,0.32109757590227894,0,likely_human,1.0,0.2584772094667842,0.44413681319397025
UCMG4vrEq3fFEvxXr_fMiSRA,-1,1,1,['3d20c4da2de27a420b65344dc760fceb'],0.3884490226567965,0.2583123141238615,0.18143731961171924,0.4739373592458021,0,likely_human,1.0,0.2583123141238615,0.3884490226567965
UCNugrNx7On7tTCWqEo-9b6g,2,1,1,['139472300a4de3b0426960c8c82c16ea'],0.3816601801604509,0.25829763418814344,0.16576065934326445,0.4379503007256113,0,likely_human,1.0,0.25829763418814344,0.3816601801604509
UCHLAmPbFPO62nKpTYHRu4JA,-1,2,1,"['e7df0ee6ac848c0403ac626596395c52', '88f624af3a402a0db2870117336f567b']",0.4132229337971298,0.25823674867759044,0.1674586727314522,0.3777320662411842,0,likely_human,1.0,0.25823674867759044,0.4132229337971298
UC987z3_jAALZ5M_4m3Wzvcw,53,1,1,['e746d083d55f0b4b607ee36d0d7c9db4'],0.39395143235340363,0.25819584445732124,0.14018283604088982,0.3851094956387994,0,likely_human,1.0,0.25819584445732124,0.39395143235340363
UC-gTR3yDr4UsCLrj0_7T98A,-1,1,1,['1f28c2de0210a0d6ed00a32c91c81adf'],0.4341508776884577,0.25818808541940763,0.11672430332235734,0.38140747203154757,0,likely_human,1.0,0.25818808541940763,0.4341508776884577
UCgpyalyb_FavhdOh76ihGBA,-1,1,1,['f8d0380dbcbbc7950505d84c925f1f0f'],0.3922882814321459,0.25817284147832364,0.1582265719358456,0.4895659299705245,0,likely_human,1.0,0.25817284147832364,0.3922882814321459
UC_I4v1Ny_cVGniXWOmkmRaA,-1,1,1,['03f8540a4a4fe5b440f1af5f97ab5692'],0.32870914670750156,0.2581292980297494,0.2300673825785805,0.6480866767818326,0,likely_human,1.0,0.2581292980297494,0.32870914670750156
UCPOxUdLxoXLV0MZeqAY3Hew,-1,1,1,['b8b28196c22cb3b7c937cee481dba9d3'],0.3899335854953574,0.2581060407070448,0.17553036878250078,0.4573212158355723,0,likely_human,1.0,0.2581060407070448,0.3899335854953574
UCkOy6foqVq48SvgVJQYxIbQ,-1,1,1,['9696dca69d6b89f6907b1dfaaf85ed1b'],0.39705935309428386,0.25797986623533514,0.17652203550295908,0.4261056839252103,0,likely_human,1.0,0.25797986623533514,0.39705935309428386
UC9wlUlyARNatf5fsVTpLV-w,-1,1,1,['516ce360236fa8439ffe8127077972be'],0.41708011580829385,0.25789121504022355,0.15183535194697517,0.3869115990622699,0,likely_human,1.0,0.25789121504022355,0.41708011580829385
UCW44UyqPPwh25ab_G23XXvQ,-1,1,1,['2e406f54b4d4cb643955c4a8d87d03ac'],0.4027086672450048,0.2578598593419477,0.13794179620638386,0.4923053014760466,0,likely_human,1.0,0.2578598593419477,0.4027086672450048
UCAHRY1O9i5Vt1TKqfObpC7Q,-1,1,1,['a9093517cfa3f56a53fc89c58e1af46c'],0.42200680733855744,0.25785808207734345,0.14823847392074455,0.3633327515158942,0,likely_human,1.0,0.25785808207734345,0.42200680733855744
UCdwcHlIwxGvy8Bb0Es63E5g,-1,1,1,['3807406a2c8b6588c3fd5262cebaa556'],0.3949078391833702,0.25771602779457653,0.16457497636572643,0.45219590898488793,0,likely_human,1.0,0.25771602779457653,0.3949078391833702
UC6Rnyhm7d9oN8NUyiPOrupA,-1,1,1,['d02c503b9879d79b6641640aff0cd447'],0.365586846678307,0.2576628065230314,0.18452982101783275,0.5576380426632052,0,likely_human,1.0,0.2576628065230314,0.365586846678307
UCbsCeP7BdPA8D8_MdeGI56Q,-1,1,1,['87f3e1b029aaff51bce512fdc10fce6e'],0.3856602735259198,0.2574543112034975,0.16773997627613232,0.48765694988701747,0,likely_human,1.0,0.2574543112034975,0.3856602735259198
UC2WGxLFNGXLyh9IinBRLhaw,23,1,1,['b3f160fca05756d8240d9561fb3efa8d'],0.3543634304371984,0.25733775283148064,0.1915801360756002,0.49012367626583975,0,likely_human,1.0,0.25733775283148064,0.3543634304371984
UCKvWmG03nXPgtzkUakFvdSw,-1,1,1,['3e190a8d60d29f62f720e835879d3c10'],0.39551962669577195,0.25730400381651153,0.1484741953751268,0.49472192707932255,0,likely_human,1.0,0.25730400381651153,0.39551962669577195
UCQ7JIZ6T5ybVzikmggLA-yQ,67,1,1,['b76194adb43ad1de2af4d6cf5e1316cd'],0.40547317376832565,0.2572734816782845,0.1344123314171526,0.35106091755743785,0,likely_human,1.0,0.2572734816782845,0.40547317376832565
UC7W_8HsiSRRozpW6ND6KQeA,-1,5,2,"['8f91d7e1769d60234f97dc09eff66f5f', '6fe437bfdeb9b09f63193ebd47794a7c', '5757874fcb2868d832c98cfc4ee45845', '3d080857b70d1dac547e728dea64d35d', '018f3f9832dbbf736662dab637d9680f']",0.39141483733475313,0.2572632781407717,0.1279760316598317,0.5454418421006931,0,likely_human,1.0,0.2572632781407717,0.39141483733475313
UCfsV26LR7EhNaoC0uJeKLyg,-1,1,1,['d4559475271c67e6c6489a5c278b1d7b'],0.4001695069266396,0.25722543566716227,0.17462274842966663,0.407350432646427,0,likely_human,1.0,0.25722543566716227,0.4001695069266396
UC9rm2-9ZncMxUyR0zkA9PyA,-1,1,1,['08ef519beb8ae68e02130e4a7be7e1f5'],0.4283155034087424,0.25709728244237806,0.1413324632571603,0.34283479674507333,0,likely_human,1.0,0.25709728244237806,0.4283155034087424
UCYMKQ-yKas2Vj4_SuPDsy-Q,-1,1,1,['01d6979df9a50c5485867f9bb4aa724d'],0.36017812038000474,0.2570878965715912,0.22719689800437384,0.4759956755755565,0,likely_human,1.0,0.2570878965715912,0.36017812038000474
UCviLzvEAfCXP0HdoqCyU2nw,-1,1,1,['c9aaf0fedddff5a4e0110483641ec6a6'],0.41320077088966545,0.2568451786391615,0.13449923394045057,0.4252346141405007,0,likely_human,1.0,0.2568451786391615,0.41320077088966545
UCuU5Jh76fn3AE0DSnpvqPPg,-1,1,1,['81bf03d2b85d1270eb209f0d7246dcd1'],0.43282554261414463,0.2568231807277762,0.13157398890544683,0.3405942889184667,0,likely_human,1.0,0.2568231807277762,0.43282554261414463
UClByENXsgf8CizUpeNvg8og,38,1,1,['8d7c65e29616f26892e355dc50b674a2'],0.4017204233773596,0.2566662111754381,0.11163548024759234,0.3379251355717799,0,likely_human,1.0,0.2566662111754381,0.4017204233773596
UC-pY7JQaZSAI6w2OW_n1tWw,22,1,1,['64d804cf5e32e738fd09abfc3d312853'],0.3612662205352727,0.2566602943947884,0.1905329850135637,0.4499731733166326,0,likely_human,1.0,0.2566602943947884,0.3612662205352727
UC3JYEBecAzZ9u23O_SmYFGw,-1,1,1,['2aa67ab4dbc9874fc7b3775f65f687b8'],0.36477265906824385,0.2566524968398821,0.21034545447074438,0.49049652859497866,0,likely_human,1.0,0.2566524968398821,0.36477265906824385
UCSvw8gecx8roTuSskSsk3VQ,-1,1,1,['dfdb2f01ba10e699b6ffc30d92c0367b'],0.3974533336004213,0.2564823684286481,0.1648753513396847,0.4310344721739901,0,likely_human,1.0,0.2564823684286481,0.3974533336004213
UCeG-nrditN7VV9cYqzfhXbA,-1,4,1,"['169125e555f7985afc2821a383931c38', '3b2cf8e84ecb6bc9d36b4901baabe37f', 'a25ddbc42366ff3d69e4417a83c0ad44', 'f59dd4648f4456393c01740302cbf795']",0.35812760028285956,0.2563934069133674,0.17710129255477955,0.5829705712650339,0,likely_human,1.0,0.2563934069133674,0.35812760028285956
UCBD6DP4Krww4IGd02FOF4cw,-1,1,1,['330f57cce83f13820654cf8eb3bc89a4'],0.34965497614965746,0.25622485121567246,0.2482854155401413,0.4763201552836826,0,likely_human,1.0,0.25622485121567246,0.34965497614965746
UC-wUaGok9sVMGHZlwYHs_9Q,-1,3,2,"['e5932b658cf9de95c5a31d0ff6141296', '8397a74309dd1b0dc5a6913f9dc5817d', '3abe75562d95ddbdd99ae39cf0af77b0']",0.3963037316943378,0.25622025720418945,0.14525397014973773,0.4741641435319275,0,likely_human,1.0,0.25622025720418945,0.3963037316943378
UCcokFB3aPgwwBzn8gtIP26A,-1,1,1,['a8851701779c19a13f8ced11bbc264f0'],0.3832682541437409,0.2562109561024178,0.16386894218172457,0.49531335115060315,0,likely_human,1.0,0.2562109561024178,0.3832682541437409
UC2P6IaK7BKuaYuoozK-YKOQ,-1,1,1,['942b01bbd88b6167ab64e205a37efd34'],0.40999444180401157,0.2560386442139458,0.15413091460387465,0.386667509850256,0,likely_human,1.0,0.2560386442139458,0.40999444180401157
UC-gZjHJlPzGObfn1u005zXA,-1,1,1,['f4e77e765964d9d5d2c89bf99bb312f8'],0.3749848865561613,0.2559306948797887,0.18856163645685614,0.4788416916038182,0,likely_human,1.0,0.2559306948797887,0.3749848865561613
UCaTOE_6zGyJArLA2QwgHGxQ,-1,1,1,['927af44b7af43d5bbb27f7e04b981690'],0.3997550814383136,0.25581136124075987,0.16799446408772967,0.404605304763775,0,likely_human,1.0,0.25581136124075987,0.3997550814383136
UC8-6fuij9NJ5raN6NteohFw,-1,1,1,['5402f8af883d87ee932a75b1385b9655'],0.43204434045981377,0.25579357008434517,0.13349334605737517,0.34070427018703237,0,likely_human,1.0,0.25579357008434517,0.43204434045981377
UCay36T6RgIf7q0YZqCZZc_g,-1,1,1,['a79261f9850e9eebb9e3a01620dd5d2a'],0.4317568392362663,0.25577456595220743,0.12990401234516302,0.3398401509377079,0,likely_human,1.0,0.25577456595220743,0.4317568392362663
UCTjjs9HEov4i8BuHw49-AwA,-1,1,1,['bbcdf79469b578bb9c883bece271300a'],0.41775769861536827,0.25566608689246556,0.1460312106374665,0.37906986678872434,0,likely_human,1.0,0.25566608689246556,0.41775769861536827
UCNk80z0UTScmSIC8TWoSLIw,-1,1,1,['b7a93bab081d551df236907d301cd546'],0.3933376142847627,0.25561151048957964,0.15925617503895392,0.45650491746324884,0,likely_human,1.0,0.25561151048957964,0.3933376142847627
UCuhNQYEU1CtQh1NXiZUUBAA,5,1,1,['9d3de74884a727e7e1a2d86622dc935a'],0.40836587663850143,0.25552016641429526,0.12409805867584246,0.3654957644256571,0,likely_human,1.0,0.25552016641429526,0.40836587663850143
UCi7gJ0Pc1E0raFE_T-LYnbg,-1,1,1,['37995ba5a11dacf4cc51be74dc03a317'],0.4359742442615274,0.25543691054644335,0.12081869847939633,0.3372333236455047,0,likely_human,1.0,0.25543691054644335,0.4359742442615274
UCwl-LG3FsfsbFA-RbHdxugw,-1,1,1,['8f8e52f463e4cc2394dd9a7f5fec3a25'],0.3751082518087462,0.2553926074664443,0.19583262077866292,0.4599650833297824,0,likely_human,1.0,0.2553926074664443,0.3751082518087462
UC9SX2zR4bdekAFgqmNh8Edg,-1,1,1,['feb12497557b19a9b3731210bd0c8747'],0.42948308186326756,0.25533068139254744,0.12789023564641766,0.34988934321422366,0,likely_human,1.0,0.25533068139254744,0.42948308186326756
UC08MGW7atI9gFiVM6ygNU0w,-1,1,1,['54ca3b3babf65c878a169736c1433d31'],0.40713891044689543,0.25532005758582327,0.14137525995109396,0.4246198511694854,0,likely_human,1.0,0.25532005758582327,0.40713891044689543
UCWzShoZZgEXpKvYzjnuqHGA,-1,1,1,['86baaa05955202030cc98956aa97eaa7'],0.3849307176232901,0.25525761733431584,0.17513588069019423,0.4532583645787994,0,likely_human,1.0,0.25525761733431584,0.3849307176232901
UCXdNqPxcLe0lDrrgvota6rQ,-1,1,1,['e2b4186bbcdc0825f705dc3538592dc7'],0.42864162443369636,0.25522173335332304,0.13468429113416872,0.33431395778750683,0,likely_human,1.0,0.25522173335332304,0.42864162443369636
UCdPg0BIp1zlrG6ufZEsPRlw,-1,1,1,['bfb09dceae89eed804edd6fb9182f406'],0.44742078884210035,0.25521242539752764,0.08999554815853969,0.33923087905803134,0,likely_human,1.0,0.25521242539752764,0.44742078884210035
UCp7zvBiqpFjZc_oHqPAYEEQ,-1,2,1,"['3e06ca1a705f167e063d377a5d5a68f5', 'e4b0055c80a0e2a11627a54fcd483675']",0.39839225083912144,0.2552106250208933,0.17468640191105642,0.402727990968727,0,likely_human,1.0,0.2552106250208933,0.39839225083912144
UCVEIWacx88D5TlJkd_IAalA,-1,2,1,"['46b3134e9c3079628d941e4338875764', '1327acfc9035d1f9d4e3143b81ff447c']",0.40547928946060063,0.25518034837157294,0.14039519488185292,0.44047441076389415,0,likely_human,1.0,0.25518034837157294,0.40547928946060063
UCkXG9y2hSmO_zcbWpDEifpw,-1,1,1,['3ec40d547b07738aaecc69bbf98e080e'],0.37929127738462565,0.25515264148940203,0.1932404997185007,0.4442879936845199,0,likely_human,1.0,0.25515264148940203,0.37929127738462565
UCnp6Guvc9AdjzOvFMD-jaaA,-1,2,1,"['fcd0309aca3874444aa26a0766c734ad', 'f0d9f90938a3b119c80ae2317eccb64d']",0.42165975316917814,0.2550940556431154,0.13714933769132795,0.3654953949033559,0,likely_human,1.0,0.2550940556431154,0.42165975316917814
UCKkC7aNFOEL4Fzkojh8_zGg,-1,1,1,['692947d56d7fe730708fbb7d5e148494'],0.45693540731813764,0.2550845025886024,0.08875852981705977,0.30948757195168053,0,likely_human,1.0,0.2550845025886024,0.45693540731813764
UCklG55t1rEMAs9LypT8k24w,35,1,1,['5b6b905e3a1530e921b445c20f381d18'],0.41358910833736323,0.2550067624476554,0.11008176474298352,0.3111645107011926,0,likely_human,1.0,0.2550067624476554,0.41358910833736323
UCiiWnnYYn-7bZ2J30n4iIxA,72,1,1,['2451674b9f4324066243d56100ddcaae'],0.37127419579760357,0.25492790446825603,0.15839720146070815,0.45320125187848953,0,likely_human,1.0,0.25492790446825603,0.37127419579760357
UCjCh3QGcTMStiZd0jmyXtrQ,-1,3,1,"['0e98053d81495513601eff9fe12a036f', '23b0b1ccb10daba62c62b5347299d46d', '5e61034f48a65d03474c3850b11d3722']",0.38141146129432607,0.25480548570403555,0.1837393182298978,0.46921322887129635,0,likely_human,1.0,0.25480548570403555,0.38141146129432607
UCsKwcWYwgs4f0Sm0ihs53Kg,-1,1,1,['0b0fd8d4056524bf26f80d8e90a5a455'],0.395364402021983,0.2547343899742531,0.1662996506075529,0.42573973972493495,0,likely_human,1.0,0.2547343899742531,0.395364402021983
UCw39-Vlc553SRvPD_w4neqw,-1,1,1,['4f6a62fbe4ef8f94888d21f29b4fbc7f'],0.39062139474092816,0.25471763424178506,0.15422857106118065,0.4671679746510802,0,likely_human,1.0,0.25471763424178506,0.39062139474092816
UCGPkv6D-iB9ng8ITFyweGPA,19,1,1,['93a63848917c18433c7691ab220c03b7'],0.41724708988854264,0.2546000150765439,0.1084838641440749,0.3447742283506824,0,likely_human,1.0,0.2546000150765439,0.41724708988854264
UCc0021moXiGcFI2IQDdL36w,-1,1,1,['aa55b9bfa5d371c51665b0812a8313cd'],0.32678621808634456,0.2545855137568602,0.24851791007722027,0.5905157484842853,0,likely_human,1.0,0.2545855137568602,0.32678621808634456
UCjgiLmsM9lETmdQ_9XJ6LEQ,-1,2,2,"['6e4c25db38fde5128d4bceb701a956ed', '5568d96fb0025b62e59313e1adf12ccf']",0.3545880782744647,0.2545631941645854,0.21057054806248166,0.5237085184619091,0,likely_human,1.0,0.2545631941645854,0.3545880782744647
UCgb5QJonNsWRSl264fVGMLg,-1,1,1,['29f7121a139a7c4422d5ec330c3f1e7d'],0.4465720997895969,0.25452933658924565,0.11152618274580652,0.3171734701537794,0,likely_human,1.0,0.25452933658924565,0.4465720997895969
UCr8RVRakB_BVR2LTSUOkiqQ,-1,1,1,['bf16e4ea817edeb412a7af8fca185530'],0.4413812633425589,0.25444829909607786,0.1081979385772634,0.34443058089343725,0,likely_human,1.0,0.25444829909607786,0.4413812633425589
UC2SezOyV_Neybxk0VaTrFPA,-1,3,1,"['a8927653d8878ee307c7a6eb03f23f33', 'd4bff2c10aa48a89848259a968fe349c', '169707b489e7a039fc66f042edf2631d']",0.39668233925718255,0.2542777146943199,0.17203663356770071,0.415447777462275,0,likely_human,1.0,0.2542777146943199,0.39668233925718255
UCYjzYdR9Sz9LfrnZkL1e0jw,-1,1,1,['ed33a52535cc98e1b12d307861b61713'],0.4006617697879697,0.2542608657361149,0.16024658723934765,0.4068223200567371,0,likely_human,1.0,0.2542608657361149,0.4006617697879697
UCl4Hx6zurs-IyMmJ0MH7lbA,68,1,1,['ba694388b492d5fb0745b8ad4c6f8c1a'],0.4061758466592129,0.25414402881121845,0.09598621017610459,0.3628400604376497,0,likely_human,1.0,0.25414402881121845,0.4061758466592129
UCCJnf6Y0MUCuKdXodYLyd5w,-1,1,1,['22353196d967531084c07ef6e1840c67'],0.4525712010253559,0.2541368919322466,0.09673245576158956,0.30948757195168053,0,likely_human,1.0,0.2541368919322466,0.4525712010253559
UCeduX6ZUiLN2JLKvPwJ73jw,-1,2,1,"['773fe32cdb6762f6bc0530ec6c0ea540', '743cd04bbc2457e84d8b91c7f34e51f4']",0.38789536822810644,0.2541141207568908,0.1580229805590759,0.46764362142419696,0,likely_human,1.0,0.2541141207568908,0.38789536822810644
UC6qznUI2_zcofgtoSsL6T5g,-1,1,1,['1511b513d1e61c8ee82ed34a9a40c6e9'],0.44185239642341106,0.2540658914386287,0.10335660883832538,0.33398139999562254,0,likely_human,1.0,0.2540658914386287,0.44185239642341106
UCEh9GUtxWHvMuyOtj3gqtEg,-1,2,1,"['221a78362e7ee38a2e4e91554189d72a', '004cb110b65ce7ad83e430b9116b21d8']",0.3808359722402686,0.25403261788939185,0.16862501132686977,0.4687747634013153,0,likely_human,1.0,0.25403261788939185,0.3808359722402686
UCfYD6PqWjNkuNDjVa5mP9tA,-1,1,1,['d2edacfc9bf537119468dd3d42569731'],0.36723096512433123,0.25394481548399195,0.15208814579757632,0.5651485694178051,0,likely_human,1.0,0.25394481548399195,0.36723096512433123
UCSzsQpaHkzB8a6wt7Jp_OZw,-1,1,1,['7c701cbb02ba6dce60fc75429f9ac17b'],0.41317508731419894,0.2538877161759917,0.14198246211781526,0.38245712696019507,0,likely_human,1.0,0.2538877161759917,0.41317508731419894
UCHeUzqJ9_k57zaU-HDf0LIQ,-1,1,1,['13f0d7721207ab2897d40adc3287919b'],0.3910049809300237,0.2538734399164521,0.15631888457893858,0.45755092647289497,0,likely_human,1.0,0.2538734399164521,0.3910049809300237
UCkoB6vXtlar4xCLXLxFFsFQ,31,1,1,['01cce311a425545927b9e45e8f29041e'],0.37829027302879875,0.25379551484281315,0.16547499255941495,0.37226901817597324,0,likely_human,1.0,0.25379551484281315,0.37829027302879875
UCUrIh0lrL9SQ1vjFloys08A,-1,1,1,['62253ede519757e3ee148e412ca00711'],0.4243827566138229,0.25377966299270016,0.13706919915116875,0.3477977686571507,0,likely_human,1.0,0.25377966299270016,0.4243827566138229
UC9wNb4TOrb7Ko_uxNd4Eh6g,-1,1,1,['dcc338970c88328fad3eb870f96cc800'],0.43197557439250905,0.25372733666653624,0.12825537686531022,0.3275547030467172,0,likely_human,1.0,0.25372733666653624,0.43197557439250905
UC5SML9lpGgTW0PLEucLOChA,-1,1,1,['8570391b610058f09e69c2e1281edd2a'],0.41956612456902564,0.2537195688399819,0.11301155562857443,0.40501646536500735,0,likely_human,1.0,0.2537195688399819,0.41956612456902564
UC9Z4V0tK_FC4XQvXoqNwZWg,-1,1,1,['a1c728a5e216acdc3de573209747a45d'],0.4317778968186293,0.2537015422892066,0.11532346950815199,0.3483560057667423,0,likely_human,1.0,0.2537015422892066,0.4317778968186293
UCnyx2yGaiqdfkTeIZsUXygA,-1,3,1,"['c1c0bd498af85fef38f410926fdc1983', '2bb4f693dc3c7db9a7512a187db69227', 'ad89b505b6e575a310d3abb45cd507d1']",0.3689219196261601,0.25368975509300984,0.16050091376307613,0.5441520723917282,0,likely_human,1.0,0.25368975509300984,0.3689219196261601
UCrQ5gBHpyN3hWvHb8q_UROQ,-1,1,1,['be0b00810ec60aedb6b91272fbf5d54a'],0.3708703653364402,0.2536017351494476,0.20126892590757006,0.4497157065308176,0,likely_human,1.0,0.2536017351494476,0.3708703653364402
UCDEcu0kTAvqC3pVGF4AuBSA,53,1,1,['751a29089e5cfb351d1ae7e9f2c9e3f9'],0.3912680167508037,0.25356672246891754,0.14103945005634314,0.36017695284421924,0,likely_human,1.0,0.25356672246891754,0.3912680167508037
UCIiSNSUseFm7SN99n7zw_9w,-1,2,1,"['32943986ea1fb1127a62d80da0f83034', '5c48c60252e49e70910d5583a39ca8eb']",0.37068229944405207,0.25351062357552046,0.18000063698208693,0.4861734672471921,0,likely_human,1.0,0.25351062357552046,0.37068229944405207
UC5tsP6MJstkvRhjuaRfD3ag,-1,1,1,['51bca73fb1493cbab866167fb1a2217b'],0.3785991053917117,0.2535020142944746,0.17973460040115952,0.4554809797188786,0,likely_human,1.0,0.2535020142944746,0.3785991053917117
UCP-AKQxJM8StDZNd-L7FQ5A,-1,1,1,['4b419955e53974c8afac809f10283f81'],0.384854052558101,0.25347739758429555,0.18584959397160244,0.412738808648587,0,likely_human,1.0,0.25347739758429555,0.384854052558101
UCDMwgrMIIW3vje7o5saiXew,-1,1,1,['c83e0500a37fe0abf74871311d78a1fc'],0.4279154022144188,0.25347640574834207,0.11402119156206703,0.36841108418678853,0,likely_human,1.0,0.25347640574834207,0.4279154022144188
UCx4bHVXbvc5GhNqZLibbjPw,-1,1,1,['90c5fa927a7330f53ebdf414065654fb'],0.4105076024719296,0.2533257332459512,0.14149998986018758,0.3892593837532805,0,likely_human,1.0,0.2533257332459512,0.4105076024719296
UC5V00hfLK5lqFxFyp-KcITA,-1,1,1,['b1d2e1b132de8f5e7f0f14939adc37d8'],0.42535458139346954,0.253187244787565,0.12524731055661734,0.3571095798899102,0,likely_human,1.0,0.253187244787565,0.42535458139346954
UCEaRrsWsV1OW3MPYmFOKduA,-1,1,1,['5409a7d134a17c5e4488d2fa70f21c15'],0.38526657809977516,0.25309332144349594,0.17705209818584763,0.43855987912558303,0,likely_human,1.0,0.25309332144349594,0.38526657809977516
UCmYIDuuwrpsu5J7HqJj16hQ,-1,1,1,['046a112ce8408c28047a7cae0bfde296'],0.4227965776609235,0.25296482295661515,0.15677638552637474,0.3185037008324605,0,likely_human,1.0,0.25296482295661515,0.4227965776609235
UCBfDQNuhpjOWNlXt5v-1Bgw,-1,2,1,"['f7bf248dfb9398f9d6a6f0fde9121fae', '9945aa1cab710f6574fda8a31ec4e8e6']",0.40711006801028277,0.2529037266322686,0.14758993119425898,0.3930832835771671,0,likely_human,1.0,0.2529037266322686,0.40711006801028277
UCYwSgaFBOuHRVmMD74N_EsA,-1,1,1,['410b04915b7baf5c69f64ed7ebf39129'],0.4181742239944205,0.252753560655103,0.13151958498365163,0.37087054561457294,0,likely_human,1.0,0.252753560655103,0.4181742239944205
UCpHltGaMpQRyC9wRN6c9LtQ,-1,1,1,['929625cb37fd8904231eabaabdc7a6af'],0.4085908857214271,0.25266813218787654,0.1364973160593891,0.40867575236913084,0,likely_human,1.0,0.25266813218787654,0.4085908857214271
UC_USEFQl4oiMhOQHUjpi6pQ,61,1,1,['ffd6eddf8179e8373fa0a4b0dd7a63cc'],0.36327592271815057,0.25264718672925285,0.14699358816111263,0.4878647804874844,0,likely_human,1.0,0.25264718672925285,0.36327592271815057
UC1o8VoEXiySeIW7pNWyuD8Q,-1,1,1,['f02c37ec717a3b05827f4bc918ef5667'],0.4111187008829349,0.2524970795336722,0.13272435902160115,0.39496401469371323,0,likely_human,1.0,0.2524970795336722,0.4111187008829349
UCaXNXfkO9_p0cLLBkpmo_nw,-1,1,1,['41aa9c875ea48fdf6b07ceb5c04da3d8'],0.42188770095444394,0.25248518734568204,0.13416517028205674,0.3502868144848028,0,likely_human,1.0,0.25248518734568204,0.42188770095444394
UCeW5c-FlNwtS-IMDiztdQeQ,1,1,1,['e2d3798b745fc7d835041dd9d40fee68'],0.38791804827995874,0.25248091823849284,0.12594042835929983,0.39332538002642503,0,likely_human,1.0,0.25248091823849284,0.38791804827995874
UCuufY3kZauF2yrGL2t-mJYA,-1,1,1,['fe75304dec2f2df996c2ba6f9ab6dbbb'],0.39611668753392903,0.2523975748197407,0.16159984383596038,0.40929407514284294,0,likely_human,1.0,0.2523975748197407,0.39611668753392903
UCZXK5boVsBkKZjVFhRTWxFg,-1,1,1,['eaa127e963cce85b36ff66e769e64d9c'],0.3952997901445091,0.25218304332710856,0.09760410152596784,0.537852054791771,0,likely_human,1.0,0.25218304332710856,0.3952997901445091
UCSsQbGzr8vudGhO8bdvkHuw,-1,1,1,['b59a2fbff67f6e93351988ae4094ac7a'],0.38051873451790824,0.2521616623917718,0.17599571023814564,0.4335573528703817,0,likely_human,1.0,0.2521616623917718,0.38051873451790824
UCGbJTdM6XneREY73Jl324PA,-1,1,1,['77c447158b5f8ccb99b3d57090ec08ab'],0.38282953508804696,0.2520205377068975,0.15386359568884989,0.4749440962387938,0,likely_human,1.0,0.2520205377068975,0.38282953508804696
UCsgDWYocPo46efweASFamFA,-1,1,1,['1c9d45e1415d58fe269f16771ef3de1e'],0.40430938435787583,0.25193185368580767,0.1363364996000762,0.41173576699784614,0,likely_human,1.0,0.25193185368580767,0.40430938435787583
UCFVzy5wfCIroT3kHNW6jK9A,4,1,1,['d01c7cd1532c735ff1223b98de5bac8b'],0.3711626262321761,0.2519300569174667,0.16204246792772306,0.3912866472522319,0,likely_human,1.0,0.2519300569174667,0.3711626262321761
UC91X8tKqlJ7faXGQExmWrSg,-1,1,1,['a7eda859a5c97abe5cac86d7bae2fb3f'],0.41421485248706447,0.2519176333247371,0.15634686125552902,0.33322574085697604,0,likely_human,1.0,0.2519176333247371,0.41421485248706447
UCexNumkDw0pnljhK1GMNwHg,59,1,1,['85591c7e6cc87fd5ee3f54bfc7e5eb14'],0.39910197344357845,0.2518587705030882,0.13111643660832314,0.35425430840515,0,likely_human,1.0,0.2518587705030882,0.39910197344357845
UC8j6KhWITqSdtuNV9hjnrtw,75,1,1,['75ec11258355281d21bf2dccfddc59a7'],0.46229681732068256,0.25184407064940867,0.05779607502693909,0.22424805740656406,0,likely_human,1.0,0.25184407064940867,0.46229681732068256
UCgF6mCgJmfpo2dC5kcDfj9A,-1,1,1,['5ab9f3ea279f90ef8bf57bbbd4829c6d'],0.3411131704175509,0.25183734251749523,0.19923004307580536,0.5668683798880184,0,likely_human,1.0,0.25183734251749523,0.3411131704175509
UCH0qzGtnHcIH_bgChWoCxDg,-1,1,1,['1fb8901c35c63d7127f34ad6077d6a19'],0.39567645148990804,0.25176572006915754,0.17107965680534115,0.3839247008522613,0,likely_human,1.0,0.25176572006915754,0.39567645148990804
UCDXlDUDrQx1LJIa4zIVc8ug,-1,1,1,['3509bec0f63f7ae2f31115b8649284f2'],0.3919769913921598,0.2516695585278957,0.16953309883789183,0.40619211229904423,0,likely_human,1.0,0.2516695585278957,0.3919769913921598
UCIdGUozFZ18JiYcJEziyIwg,-1,4,2,"['17931ced7f96689f15200f5e773cea5e', '9093fa15e974cf66b408809bb1914abe', '235c5a4b05d38c817059a23c5fbeb3d1', '16fd533dd4198f0bf386e9e747b562d0']",0.4254347195939042,0.2516092472162184,0.08386206666087878,0.4271853818110648,0,likely_human,1.0,0.2516092472162184,0.4254347195939042
UCHkFDnGGO2f47ZvMwHeofnA,-1,1,1,['328af92831f4b862f0c5c75d5dfc9fd3'],0.38006797894702815,0.25150747275611807,0.16633491109761647,0.45790957711977665,0,likely_human,1.0,0.25150747275611807,0.38006797894702815
UCeMTapDr6RZjbwOWeyU3GLQ,-1,1,1,['ce060d9e9bc617421ef427b912836787'],0.3994557375523186,0.25141128099532933,0.1462482702567427,0.41812689103171136,0,likely_human,1.0,0.25141128099532933,0.3994557375523186
UCJlAphZPeGfu9cZJsCnDs1g,-1,1,1,['a3325824515ea6ff8db0f96a23337efc'],0.3461161187793296,0.25125156320758296,0.21743899606015243,0.5237769772947786,0,likely_human,1.0,0.25125156320758296,0.3461161187793296
UCrIH3Ljf97u9hxIHahpfy6A,-1,3,1,"['2bb378313a3c6860cf58425e69043dce', '2414893aa5310b44d0306f116779c1e5', '6010638628b0a81dc37d27807d8c10e2']",0.40749506079905934,0.25122466151264466,0.12415967719548782,0.43482250675831746,0,likely_human,1.0,0.25122466151264466,0.40749506079905934
UCwk0nGGw6OFJHn1X4lyk96Q,-1,1,1,['ab722a46b9337adafaf9294c87ea83b4'],0.3747596162097059,0.25111036459609465,0.18312400264450476,0.44266371981832087,0,likely_human,1.0,0.25111036459609465,0.3747596162097059
UCF1hcizqnvh4gH5Lb8Codkg,-1,1,1,['1938bbefb9b466f96a1417d749bcb852'],0.3827630651495356,0.2509322547436626,0.18615285830518397,0.3957757010657559,0,likely_human,1.0,0.2509322547436626,0.3827630651495356
UCsYdhvEArgCOAvaoVc-nsTA,-1,1,1,['b44a7b5127ef9fecc1e992ebb627323d'],0.3834401663152146,0.25075571801774066,0.15838853937869693,0.43890399309799094,0,likely_human,1.0,0.25075571801774066,0.3834401663152146
UCmjQRS1pH1A87BkzxKrX6VQ,-1,1,1,['f1066724e226d24c114f2c5beee7923f'],0.42608105652856704,0.2506223496544786,0.14038646740963656,0.2971961978774461,0,likely_human,1.0,0.2506223496544786,0.42608105652856704
UCNRTq2pMXLeczFdV8HU7o4Q,-1,1,1,['f77b61fc96dedc330b84d6829e283e8a'],0.3635076099300659,0.2504312563253369,0.1859474155141038,0.47988221544836945,0,likely_human,1.0,0.2504312563253369,0.3635076099300659
UCs7OfMjZAtzceIA54-ue3yw,-1,1,1,['332f58be2808e486dbe62dfce1dd1026'],0.3950688806396928,0.2504037296564263,0.15694465282048675,0.39774302315395904,0,likely_human,1.0,0.2504037296564263,0.3950688806396928
UCYPXtMslU5TNE-RzzAQFGBw,-1,2,1,"['285e12d02f91440e685f11eb40ec2400', '34827fafe258f0462903cefa76609855']",0.4248508780811921,0.2503920173708942,0.12572445678977573,0.32920064938623456,0,likely_human,1.0,0.2503920173708942,0.4248508780811921
UCEfUt2kmfM8SfucfjVeJq4A,-1,1,1,['efb15f65be017b13f414774d9d64e3ad'],0.3737094947003625,0.25037333457439426,0.1936025568231039,0.4364492378450707,0,likely_human,1.0,0.25037333457439426,0.3737094947003625
UCcay-y8bW3FR_0HQnn6oT8g,29,1,1,['f1cf657c9351e55eb0625209bd94cd34'],0.3920980012547073,0.25025542162920184,0.12697359241058276,0.32501861352761124,0,likely_human,1.0,0.25025542162920184,0.3920980012547073
UC9023Ru6uut_UV0ToUlaKeA,-1,1,1,['7a8ee47d049dd484e9cf9b665a77a179'],0.395347879845474,0.2501616609935626,0.15483790840071984,0.40298876758997804,0,likely_human,1.0,0.2501616609935626,0.395347879845474
UC93fa-7TDJKDfxKvGyaUP7w,-1,1,1,['fe415205fd123b63ee1291f3e4980ab5'],0.34917473975546864,0.2501251253284599,0.19026261208141323,0.5454418421006931,0,likely_human,1.0,0.2501251253284599,0.34917473975546864
UC0jJxJsBKdyLKNMM81Fb1Ng,-1,1,1,['1e486d702187b935cc110a56eadbdad2'],0.3623619536337806,0.2501131721732315,0.1948841145747402,0.4639249564082405,0,likely_human,1.0,0.2501131721732315,0.3623619536337806
UCjpgL8U9g2ZN5Ojr_gswjpA,-1,1,1,['9e9f4dbcae925b46ae7b33975224ecc8'],0.33626480894239297,0.2500410963936794,0.18711151992477362,0.596095007667186,0,likely_human,1.0,0.2500410963936794,0.33626480894239297
UCfS_8pmC0L_FsrKJr11s-Fw,-1,1,1,['f4a1f25f24a9f0808523a4ce36127ed4'],0.35962033488612843,0.2500206000018809,0.197228817554418,0.46285332755636044,0,likely_human,1.0,0.2500206000018809,0.35962033488612843
UCweNcKiXrIC8ZcNoGxvmJCA,-1,1,1,['29e2383f4f708279963a64e56607b5f0'],0.37206468604982185,0.24976363268727744,0.1715717867216381,0.4691074619179123,0,likely_human,1.0,0.24976363268727744,0.37206468604982185
UCh9mdhSIhFijK5XUzPm5fMg,-1,1,1,['eba89be0f90cbb2ed7932268f9586923'],0.3801313525055672,0.24970293627979906,0.18452854619017128,0.4204514995971569,0,likely_human,1.0,0.24970293627979906,0.3801313525055672
UCWbMJdnAM9vVBftQdOZn4eQ,60,1,1,['1825003682b11a08535b442349bd0e0c'],0.40032838851062147,0.24963554673883537,0.12889346759602222,0.33809629116967505,0,likely_human,1.0,0.24963554673883537,0.40032838851062147
UC9avub1GVTMG7foNUn8yT_w,-1,1,1,['735c592eff049949ed7c062b733ca63d'],0.42447374042752034,0.2496016929264338,0.12860196860017747,0.3328037871252232,0,likely_human,1.0,0.2496016929264338,0.42447374042752034
UCoM8-JhmYESW4PUUhknK7Hw,-1,1,1,['60f5b18e88ccb495c2f426a098bc9b31'],0.3998913464006387,0.24956776750388443,0.15761369936495082,0.3605582448023204,0,likely_human,1.0,0.24956776750388443,0.3998913464006387
UC309ZfFENqF2KYILdriu8Mg,-1,1,1,['b0a677fbbd1aeb03e545853f07ccf13f'],0.41833058108951393,0.249542557199964,0.12553997214367313,0.3492029055415955,0,likely_human,1.0,0.249542557199964,0.41833058108951393
UC9bHnZhPsz7lELQdOlI8HUA,-1,4,2,"['eb4747afbd32c2cc15db088d06ef2826', '8f0cc8a3e37a49cd5396797526985f1c', '286ec4aec75e444c5ac94a609aa0f6a5', '4a56078d7e352fd1ffab63406b36b36e']",0.4059085197562735,0.24950979603737045,0.09988440211841042,0.46382644363058323,0,likely_human,1.0,0.24950979603737045,0.4059085197562735
UC4FVOKWaW7Lqg6hBcSVNy1Q,-1,1,1,['7f5b001a4c119655770a4612656c3005'],0.3393251186898787,0.24950446642880042,0.2207001830674078,0.5058039562224749,0,likely_human,1.0,0.24950446642880042,0.3393251186898787
UC5U9kgYktcQbglY7Q-zaIzg,-1,1,1,['83fa522d7bee1267f070d28f97a7db37'],0.3484037704427708,0.24948123185660318,0.18049357000489386,0.5475320887840014,0,likely_human,1.0,0.24948123185660318,0.3484037704427708
UCkWDUBryrjfk7ES1gCsA7nA,-1,1,1,['a021ac0c79eb0517353478f05e1d789a'],0.4293568020959575,0.24940750639808273,0.07405689476848162,0.4002257557427952,0,likely_human,1.0,0.24940750639808273,0.4293568020959575
UCxG7Uu_KNLiA3D-hRLCthMQ,-1,1,1,['6a8ce4451af77983e34e3e88cc8ee755'],0.36047551845200226,0.2492999571211737,0.19356344057136055,0.46781776189661256,0,likely_human,1.0,0.2492999571211737,0.36047551845200226
UCcU7hQOboCImPBiTALSOBmQ,-1,1,1,['30930800d571183996d206f248326c8a'],0.3555344569288992,0.24915821376744118,0.19963490683095067,0.47479192014349136,0,likely_human,1.0,0.24915821376744118,0.3555344569288992
UC33KV39qgto4iofwQ6nG3Xg,-1,1,1,['c104b247ad4531a9cee2ac9dc671ab68'],0.38750814038321824,0.24899359058508153,0.15241664378002365,0.4309556892079073,0,likely_human,1.0,0.24899359058508153,0.38750814038321824
UCTYOkBoxcPFGPfbziq3WlCA,-1,1,1,['d76600e1e8d1d51ad70417836e49a30e'],0.34375611827728025,0.24896928176470148,0.20981786763568336,0.500264051541852,0,likely_human,1.0,0.24896928176470148,0.34375611827728025
UCEOfhFYHtR6gnP-4vyDmfPA,-1,1,1,['146ff9cad46d7f3eda5f4bac7abb2add'],0.35668784451116153,0.2488740145337224,0.17495605492881933,0.5237085184619091,0,likely_human,1.0,0.2488740145337224,0.35668784451116153
UCzSI33EMVUupditH0CZYemg,-1,1,1,['4d6a741546bded76368552d520148dac'],0.4028249981717831,0.24885819898447176,0.1407947699133991,0.3850071212010619,0,likely_human,1.0,0.24885819898447176,0.4028249981717831
UCN_iXPrE7nj8KzONUX2gXFw,-1,1,1,['3e907b47e18b8f55ff2905360729314e'],0.3606126739582689,0.248746201349507,0.193320611149733,0.45702700653019335,0,likely_human,1.0,0.248746201349507,0.3606126739582689
UCXIJgqnII2ZOINSWNOGFThA,-1,2,1,"['3bd8c76ea3215c2568fabc7c61830c3b', '3bd8c76ea3215c2568fabc7c61830c3b']",0.37618566154540406,0.2486092318570028,0.158409536133321,0.46396910182525486,0,likely_human,1.0,0.2486092318570028,0.37618566154540406
UCP8Ca1uQWyNA6irNP8ik59g,-1,1,1,['b9ac5cd89ce007ae35e47e6bc7971965'],0.38529988256079606,0.24840641018644377,0.17246673539428128,0.3952196391442091,0,likely_human,1.0,0.24840641018644377,0.38529988256079606
UCezg3Dhuif8l8iF-uUOT1MQ,-1,1,1,['aecc00efdaf8ef9743ffd1da072b6aab'],0.3709247037014104,0.2483206093829976,0.17201958077986584,0.45198066543671456,0,likely_human,1.0,0.2483206093829976,0.3709247037014104
UCYr7cE-pNQbyNL9Qhvw3duA,-1,1,1,['60517e73d678795f9aa9c833df66f831'],0.3908768392573334,0.2482477199394852,0.16427922507608048,0.36880888537849577,0,likely_human,1.0,0.2482477199394852,0.3908768392573334
UCJYLQSY5WW1lWove0eJHP4g,-1,2,1,"['2eed646a47463c016fe7862742666b5f', 'c58cd1db7ecdc3fddbdd34ae39b03993']",0.42129472950902935,0.24794728525154533,0.11030385365016646,0.35307589564731634,0,likely_human,1.0,0.24794728525154533,0.42129472950902935
UCcMsnyzps_2kn7Pi1y9dLtQ,-1,3,1,"['918cc89b56ea94cf4b080a9b85cce440', 'a637313cdcdd486dd0017fbd44000a87', '3a81265d1520d528fca02eda2753423e']",0.3957885163728889,0.2479472765027974,0.12819151183217628,0.42783344391763073,0,likely_human,1.0,0.2479472765027974,0.3957885163728889
UCG1NCWuK5-JyuggQd5UAl-A,-1,1,1,['f25422d93d7a5b6fb5525bce240ebcc0'],0.368778252312184,0.24779554408182156,0.20141402281642595,0.4060147505668863,0,likely_human,1.0,0.24779554408182156,0.368778252312184
UCoe2P0S-koPG90DN9MqfsIg,-1,1,1,['b598a0a63a0643be08c80690d0ce3614'],0.3354068221564276,0.24775954997891558,0.21641882825915218,0.5169825532636184,0,likely_human,1.0,0.24775954997891558,0.3354068221564276
UCgBin5d6eRGVQoiF-K4BGIA,-1,1,1,['a64d9a13672689ed78669218b2722797'],0.3773550514987323,0.24775261763193956,0.15332477601074923,0.45204014264148523,0,likely_human,1.0,0.24775261763193956,0.3773550514987323
UCjG3L2gaTP1P2wdAdgKEhyQ,-1,1,1,['b099c77bab0499aa6f712a55ef3531b0'],0.3631916940404899,0.24769604001532847,0.18268383667192672,0.47060952712433357,0,likely_human,1.0,0.24769604001532847,0.3631916940404899
UCXVvEWIyQ7Gx28MfsSbsVAg,-1,1,1,['d17f013283603584e07dd7292333b100'],0.4127227615821554,0.2476387077409406,0.11533100381290617,0.37504199128798676,0,likely_human,1.0,0.2476387077409406,0.4127227615821554
UCGpoA6eHHj4Cn4YsOFd4erg,79,1,1,['adf3e562a24cf4178e3e0aea41eada9c'],0.3620103664877761,0.24744265809689983,0.149860223731925,0.43831760811514736,0,likely_human,1.0,0.24744265809689983,0.3620103664877761
UCrzW_uYCdrbON9UNGuLt7yQ,-1,1,1,['7ad4bf78d0b0bfe47fd7329b6183c5ff'],0.39080048364947595,0.24742616620958882,0.15108950847883934,0.40090685896792916,0,likely_human,1.0,0.24742616620958882,0.39080048364947595
UCIe15gMXxcbQ-A5PO2UvJxg,-1,1,1,['2639ca8b732f2321a92f70e4ebb9f2c9'],0.3581865023450631,0.24731520317474098,0.15862440522518287,0.5334329566838125,0,likely_human,1.0,0.24731520317474098,0.3581865023450631
UCTJWkRemBBHSEnw-Ssly1aA,41,1,1,['a17580cc7c7ae4263510fd661115d0f9'],0.39493777636753186,0.24699252933523375,0.10709445193537509,0.3469683295913427,0,likely_human,1.0,0.24699252933523375,0.39493777636753186
UCZvtpw2-LqZw6evn0-AqcNA,-1,1,1,['5f47bf56463603eba9dc9165278c2407'],0.364438033231289,0.24685390278198044,0.19586525402087143,0.4304246175062313,0,likely_human,1.0,0.24685390278198044,0.364438033231289
UCt9i4HYkFzmikNOCoIwllfg,-1,1,1,['0b8e77b561473ced6fcddd363e416e28'],0.40192323960691045,0.24685344821591385,0.1412185630356834,0.3677971170347152,0,likely_human,1.0,0.24685344821591385,0.40192323960691045
UChSqi1NsKYpPKrcjnKXcBiw,-1,1,1,['a1e102c714bd779473f281f311502b17'],0.41092448285566396,0.2467245454018802,0.11031603043942005,0.39083906359893156,0,likely_human,1.0,0.2467245454018802,0.41092448285566396
UCY6hQpKmKUjGZVEvBXJ8cpA,-1,1,1,['301f9d6841db21d19d49f96ab5b410a0'],0.3666774373581789,0.24670154103422293,0.17284964598850897,0.4582212653897599,0,likely_human,1.0,0.24670154103422293,0.3666774373581789
UCFFFT8e0BjTuFgNQNoWmgrw,-1,2,1,"['e4f5da27c14779fef18e3da332fe4148', '12dc1b5346d42a4fa79e721af20de26c']",0.38175477299187777,0.2466870864369165,0.15812473337741903,0.42382665047990586,0,likely_human,1.0,0.2466870864369165,0.38175477299187777
UC9ggBrzEk9AETXE3PXMnNQw,-1,1,1,['3b83c2ad5b913259c0ad2f3aef782b46'],0.3955834223922837,0.24643716742971447,0.12900296273642728,0.4069025371307311,0,likely_human,1.0,0.24643716742971447,0.3955834223922837
UCtScPAAHusSilWzbkIYocMQ,-1,1,1,['a76ec32b0867d9d1517f654384227fbf'],0.40552161438624523,0.246433185890085,0.13287320527030325,0.3571007306439735,0,likely_human,1.0,0.246433185890085,0.40552161438624523
UCCQGQvgD4N8Wy19_46ZiSig,-1,1,1,['5310b20b3e862caac6859fb11e396f7c'],0.3503196664378462,0.24639944925325083,0.18431806485082788,0.5040801393578019,0,likely_human,1.0,0.24639944925325083,0.3503196664378462
UCaL_VN13wLpeUFzcMy-6KAw,-1,1,1,['456c896f7dc5ef5499b04e4d781b3690'],0.36864407612703093,0.24632815830378457,0.1667760717599087,0.46300695745952886,0,likely_human,1.0,0.24632815830378457,0.36864407612703093
UCViQmNdhx8093id4_5MJZIA,-1,1,1,['eb6a3a7d6f0c6894722f5f6a9a1a11e1'],0.37778356421989634,0.24629630588180185,0.16131152494916692,0.4249239144249698,0,likely_human,1.0,0.24629630588180185,0.37778356421989634
UC8W1IWY3FwFqQmbdGu5BCww,-1,2,2,"['721a92efd441dfa9e32c173a0de12810', '7596c855ac30063d0d6ab957c2c97451']",0.3147124179454954,0.24613582477727286,0.2051842007228592,0.6383642633818187,0,likely_human,1.0,0.24613582477727286,0.3147124179454954
UCUBMXTLxruDORgK0TM_8gng,-1,1,1,['80bc4890d46d3cfa24e52bc22eb178dc'],0.37349411225868645,0.24612164355803978,0.16514292563493638,0.441661999412867,0,likely_human,1.0,0.24612164355803978,0.37349411225868645
UCbm4Ct9IR36B4XRe3tAfifg,-1,1,1,['7d05056161abfdc232ba25efa9ed79bd'],0.3901249818233474,0.24611508680015637,0.1302301293663582,0.4338003911110061,0,likely_human,1.0,0.24611508680015637,0.3901249818233474
UCKflTMWB0_-lrtUoRDH2XSQ,-1,1,1,['9a27fbef8252250eba5e79b580b10440'],0.3947802342891325,0.24609786683792356,0.1394768115161812,0.3947853006582119,0,likely_human,1.0,0.24609786683792356,0.3947802342891325
UC0-J6L-_a6nzGB1svT_1KfQ,-1,11,1,"['6e5b4786760d1da0f879f245782df228', '98248674ccb963d556e0fdc7963039ba', 'c9eca10a4b96c40ab7319ea51f04d589', '7bde2719d34f4f2ba6cfaebac03c3044', '193cbf1489b6b85180f073e41ca04604', '201196d2b8285ade1bbc73bf4994183d', '9896a594dfd23f749bcc212be07f96cf', 'fb9d0534eac3f378002f3424097881ed', 'a1b0e80a28812e0aaf5296a0752a3d7c', 'fbf9b9e5f6beca959ed680c399dd7099', '7514e757ab895c5f772c230c7f119d18']",0.38102268170504383,0.24598264295055486,0.12380085461900105,0.4992885622554928,0,likely_human,1.0,0.24598264295055486,0.38102268170504383
UC_gHyU4rBnatxCsXASXjt5w,-1,1,1,['cafd6d082ea7b2b65e8149520d6104ef'],0.37027075521488545,0.24578638085431653,0.18152515897757504,0.42173626554575633,0,likely_human,1.0,0.24578638085431653,0.37027075521488545
UCfRqHOvd_72A7HekIZ78T6w,29,1,1,['2539666cfe5f28038680e4d2359eacf9'],0.3851308352714162,0.2457790819514243,0.12592221433949588,0.31079798618651056,0,likely_human,1.0,0.2457790819514243,0.3851308352714162
UC19X_xEskOjg32LnMXmNPWA,-1,1,1,['46b660d2486dfeb07b3102dfec5bf317'],0.39684556010711264,0.24577901644412567,0.13848081795813288,0.37547011586521756,0,likely_human,1.0,0.24577901644412567,0.39684556010711264
UCDyvjaVq_5bfp1Yd35PlUzA,-1,1,1,['46a04ac9df25a447af3afe1a6ba439bf'],0.393365026430091,0.24558136391736912,0.1587530948097474,0.35632116399426333,0,likely_human,1.0,0.24558136391736912,0.393365026430091
UC1yBLArVb9DQZ-1wfrKFKng,-1,1,1,['1fbd35c4deec491860523d057586cf24'],0.3972067107032964,0.24557823378025406,0.1537432856208769,0.3449530249114981,0,likely_human,1.0,0.24557823378025406,0.3972067107032964
UCk-7abu__SFVTE459oWJRDA,-1,1,1,['63c6aae247850a835e2ccbab09c46f61'],0.38108002898353643,0.24553049294555596,0.15612302964296765,0.41107489821564114,0,likely_human,1.0,0.24553049294555596,0.38108002898353643
UCErSh-Cs4cpXNrrRE7tOTHQ,-1,1,1,['f27269fea631fb5d7951dbe21e284028'],0.39987905051970174,0.2454889188233347,0.13513434324348284,0.37401314186467927,0,likely_human,1.0,0.2454889188233347,0.39987905051970174
UCql6rs6xXxnwz-OoooI7N6Q,-1,1,1,['edefbb7a27d79505d54c52c96e353149'],0.37340426041244634,0.2454208132998011,0.17485141966985962,0.40512237505093684,0,likely_human,1.0,0.2454208132998011,0.37340426041244634
UC5UlPjTtW70pT3QIZJK-KRQ,-1,3,3,"['ae03695ff156031b3545fe3b5c848c8a', 'bf4f85120b87db0b891b71ce221a129e', '8048adb02c5748774de69e3754779bd8']",0.34753319453166737,0.24538556407236667,0.17885680277099972,0.5172667858697235,0,likely_human,1.0,0.24538556407236667,0.34753319453166737
UCsYu3IRGRyZnCs3iBWD8nJQ,-1,1,1,['ae6632cbed9787e46e490678cae0f8e9'],0.37386753491877633,0.24535427630659173,0.16252503132505108,0.4231586471092403,0,likely_human,1.0,0.24535427630659173,0.37386753491877633
UCHsF9wPcYnk1upp5-zbig_Q,-1,1,1,['bb0d4b9032854961d3a9883886811c44'],0.3670074777818613,0.2453129314505186,0.1570476179136943,0.47416882916827796,0,likely_human,1.0,0.2453129314505186,0.3670074777818613
UCC6K5rZ-3-_YCGbmF4r5-FA,-1,1,1,['d438ffef6270cf3063dc8d16020ac994'],0.4027504040104516,0.24519108562932274,0.1333545960168698,0.3602495096104291,0,likely_human,1.0,0.24519108562932274,0.4027504040104516
UCcyeGLaYh9zTcD2YEBUJbvw,-1,1,1,['e5d00a5d3971b6b470fd36f9f5d1a8c3'],0.38122522879709764,0.24492386592627927,0.17330047360707954,0.37430634131001006,0,likely_human,1.0,0.24492386592627927,0.38122522879709764
UCrThO9Cb1uV55eE3v_wOwcQ,-1,1,1,['610425d2717df6408165276b8cb7bd88'],0.4016017588785038,0.24466743525594042,0.1073686637685918,0.4029668224908796,0,likely_human,1.0,0.24466743525594042,0.4016017588785038
UC82bkJ2tZBFxGggcMeXaERg,-1,1,1,['6af90506c052ea9db3c5e9c689bec9ea'],0.3764346110297596,0.2444101377021325,0.16115613493883674,0.4095539319768031,0,likely_human,1.0,0.2444101377021325,0.3764346110297596
UCJYJKONhcWvnTosTGhGuZvQ,-1,2,1,"['a014e97bbc39c18ac88a04152ae5b53d', '37d55b45636cf46b4b00e83f42ca2942']",0.42230044325418953,0.24408311673244013,0.09712590805894951,0.34256468692823117,0,likely_human,1.0,0.24408311673244013,0.42230044325418953
UC49ulzqrhscIrBYW8Ml5Agw,-1,1,1,['d94bd54c377bc7836c5ccf062436a944'],0.3830620510999019,0.2440396311879719,0.16127336378821935,0.37490082055682744,0,likely_human,1.0,0.2440396311879719,0.3830620510999019
UC2H7UCgkCphed0_VCzvyVWQ,-1,1,1,['b1050f9d9ea0f61c9e76021a639022c2'],0.3101881398524017,0.24397989335844827,0.2225869355538783,0.5762271243549258,0,likely_human,1.0,0.24397989335844827,0.3101881398524017
UCt16fwXEo6a9FBX5YxYYMmg,-1,1,1,['8c2693e22830e4a18d5761d27f1c784f'],0.4129458245633438,0.24393552602820973,0.11462201015901782,0.3407549462361394,0,likely_human,1.0,0.24393552602820973,0.4129458245633438
UCf6FKBSa-eU-LBJs1B_o_Pw,-1,1,1,['8ece9f4cbfffccd8e88aa7d997c9b13f'],0.4026937815703631,0.24382596404954252,0.12470188058106321,0.35495693440201226,0,likely_human,1.0,0.24382596404954252,0.4026937815703631
UCRctbPbW1tFQSx9qlfTxvPw,-1,1,1,['ad5c783be5e20d55d035428312d5917f'],0.36836300045720927,0.2438035015258855,0.1871450372554545,0.4000691594119452,0,likely_human,1.0,0.2438035015258855,0.36836300045720927
UCTkH7o0_87pyvoNbgd2MhsA,-1,1,1,['633c8f5dac84cd3f9b029404c24f5f28'],0.3768946859577347,0.2435195216316673,0.18037795871711876,0.37149502325228023,0,likely_human,1.0,0.2435195216316673,0.3768946859577347
UCzuJL2iQyEMI11uFB6ym_kA,-1,1,1,['e8ee2ce6dac88b58429c5b1b9086f5e2'],0.3996255433010493,0.24347132516290032,0.12416224572221907,0.3778145975750201,0,likely_human,1.0,0.24347132516290032,0.3996255433010493
UC81zcf4kuHixmbPD5f6xLaA,-1,1,1,['fd3161181872b62f739be606ca781a1f'],0.3613720285449761,0.24339132989807458,0.17351706303961822,0.4447995674715935,0,likely_human,1.0,0.24339132989807458,0.3613720285449761
UCu9hLuPlhWvrduZv9Jm6CWA,-1,1,1,['06f8e8bce598c3c14ab83c72ebec5641'],0.373204071889361,0.2432467571136561,0.16391797097188562,0.4065329447460237,0,likely_human,1.0,0.2432467571136561,0.373204071889361
UCDKDNnlLLJfDENAPKHCl_UQ,-1,1,1,['f9736641de9a989d199af7f2b6a03c49'],0.4029798779257294,0.24321821452643957,0.10931929852315068,0.3916562220514384,0,likely_human,1.0,0.24321821452643957,0.4029798779257294
UCloxiwnGUZcqFiwn6k2V3lQ,-1,1,1,['8fbe161bd5049885c19b148420dafe5f'],0.4084445770335722,0.24308371797522504,0.12338627717368451,0.33431395778750683,0,likely_human,1.0,0.24308371797522504,0.4084445770335722
UCaTAFoE62QzLLptCRPw9gHg,-1,1,1,['372846e1c72f552df8de1e12e3748f01'],0.38394111400612907,0.24305493065175793,0.12538851388986666,0.4381777084364814,0,likely_human,1.0,0.24305493065175793,0.38394111400612907
UCbahqJnEYXMi8F2IKuptUOg,-1,1,1,['2f1b22b67bcbfa17fcf0219ad140be15'],0.32639953870850663,0.24294196595220757,0.20861715467529096,0.538717240786523,0,likely_human,1.0,0.24294196595220757,0.32639953870850663
UCkD5wIPDeTn1u98ncKzz2vw,-1,1,1,['03844cfe9ee8007d03a4127abe6d0f22'],0.3284455825177883,0.24289664758695717,0.2169696131329318,0.49962205816956295,0,likely_human,1.0,0.24289664758695717,0.3284455825177883
UCF0sO9eR6oonUB4TCGhrpyg,-1,1,1,['2a8b8e3f7c5f441890a3d8115e7bd28d'],0.3558901105487132,0.24289369974800473,0.18436424909218008,0.4433682753427062,0,likely_human,1.0,0.24289369974800473,0.3558901105487132
UCWQqbHTnAWvfsyzb8zAfkHw,-1,2,1,"['6bdb3c4b84a01e39d40b568f10e89d4a', '476d90e18f11e8a356f3c4f99c8415a7']",0.35249483977604357,0.2427544908417599,0.17600541825875393,0.48193144936329413,0,likely_human,1.0,0.2427544908417599,0.35249483977604357
UCUZ_FeXQ_4RNsQw98Jj0U_A,-1,1,1,['aacb99283f07b3eab2cda41319fc5d5e'],0.418826981108551,0.2426195838898435,0.11279207002564996,0.30338970093208356,0,likely_human,1.0,0.2426195838898435,0.418826981108551
UC65GMHPLzSXu9na-o7dkRsw,-1,1,1,['9eb6b356f57146e2431c6442fc798ae0'],0.42035899100508783,0.24252508344227552,0.10959245033875332,0.30733759129255317,0,likely_human,1.0,0.24252508344227552,0.42035899100508783
UCCF0p8JN5iRBj5ORycvMW4A,-1,1,1,['f7a1aaffe529a999b6cf7490d29edaea'],0.3766493562532856,0.24246808424671426,0.13143785153453824,0.45142292290912145,0,likely_human,1.0,0.24246808424671426,0.3766493562532856
UC5i3mB-ojXIqA8BVL63vfYw,-1,1,1,['d78dc204ab4fdaefe08c986acc6e356c'],0.42877722946800095,0.24222212208751884,0.08546963586194119,0.3151932779514495,0,likely_human,1.0,0.24222212208751884,0.42877722946800095
UC1VKU_Q7mMhraEKjlCa0xlw,-1,1,1,['ec9593bb219687875ecfb6f4786724a5'],0.3371506706250278,0.24204214890493916,0.1983179868241586,0.4891925743042369,0,likely_human,1.0,0.24204214890493916,0.3371506706250278
UCPHtMK83Fc9_R0Ie2l3xa-g,-1,1,1,['2fa00ed7361be3484096eb03c0f76980'],0.42007534460285567,0.24204080733554503,0.09439662707132067,0.33316636818516626,0,likely_human,1.0,0.24204080733554503,0.42007534460285567
UCPoI11w72seQt9IHfkApnpw,-1,1,1,['296e7302d0f3b1d740a58892c99e996c'],0.3526152268254008,0.24196017275701842,0.18627808793904443,0.4444495421137171,0,likely_human,1.0,0.24196017275701842,0.3526152268254008
UCunW-Xi58WFqsMeH1oo6vvQ,-1,1,1,['f9cb14670be04d6a79309cba8726a233'],0.3684274565824752,0.2418217862647486,0.17592560390732717,0.4081081767893427,0,likely_human,1.0,0.2418217862647486,0.3684274565824752
UCvJCaIHmrIcFkr9s4ip7DDQ,-1,1,1,['6b0aa6a8ca57dc19e81027bd516dfe8c'],0.352131364120034,0.2418000439694739,0.18753153425248595,0.4517792349653668,0,likely_human,1.0,0.2418000439694739,0.352131364120034
UCAj0C3F3HGfuezpvKC3XUCg,-1,1,1,['22913a6c968bd6248a3e805c332337ed'],0.3740592390175974,0.2417973831323839,0.1340636350253034,0.4514869214570464,0,likely_human,1.0,0.2417973831323839,0.3740592390175974
UCLsf3KatZ30CfF4IFB0kRrw,-1,1,1,['547c5f15157c418a94a51a56f062460f'],0.3741679553804992,0.24156806268634173,0.14990091363582853,0.42679608794386414,0,likely_human,1.0,0.24156806268634173,0.3741679553804992
UCxSmfVkmJ55x469SyvTYq1w,-1,26,1,"['fa22db09b1383a6ca2799f28a9ce8d8c', '570d12d52f596b5418581a3e99c3a056', 'ddbaf6ad3e34654510278a70499cbbb4', 'a3fbe26880732fbc444b1f2b5ec7a80b', 'd7f5b3fbe40f2701a7c49d9a8626fe28', 'd6aa447fd569caf5d48cfa80a5d893d4', 'df1b84905b50061d3c1110fa8a94ae68', 'a44a482e284e97d0724ab62850b73bb7', 'b1b5503f257784d7c7508e3c10b8cc9e', '4c628db21c0963b050693a1efb8092aa', '227d41f095a2a0782f17245ddfc0ca3e', '5fe05efc540f90560e255a481795e069', '4eaac58d9ce2fdee37d662658ba5003b', '9e34c9a3a70ccfe0dbd3c392f118fcab', 'a020de1cdf09487e2c5409727bf6f6a0', '360f0965fecec78cade4987cda8c1284', '37282347b1d67fc68628129978d0a3f9', '94d7537934d65daf8f60c07e865f92fe', 'e7d15cc5194bb685fafbbb0a2bd7f0d8', '7b2a872dcef1d10fa70e12ebeaf3bdc6', 'bf4114f868e3f1bbe6484674759b354a', 'e88979daf91ba570ee95e8cfb7d2c5e3', 'ac519a7370c47d322550967a11030f67', '153a206e9b480bf990d3215451d53334', 'b313d37ee819c3fa7f7a7d65c1e30eb3', '31bb6e1d7d6f21babec9cb773f63bca7']",0.3232460987543719,0.24156122510744601,0.15636822174132559,0.6383642633818187,0,likely_human,1.0,0.24156122510744601,0.3232460987543719
UC80v_tf3280u4CJOn4w-30A,-1,2,1,"['e39633e84b2307cebbc33d55d3288e8c', '0b3071c0811c80ada4645fcee1259649']",0.38570943156028464,0.2415307045209863,0.14524533151684976,0.37651520382562415,0,likely_human,1.0,0.2415307045209863,0.38570943156028464
UCRdjLzoy6zMZ5lrhzjpusqg,-1,5,2,"['d056ff2f0daf62b21578fd49ec49d989', '45bfefff1fd2dc59634a0e8cb6a3ad1d', '8484c23ba5d33b3cdc25dac1bdc6f478', '88e286da786c1c943dc3b91037e37a8c', '5c495c86c9c34badc7aae9c09f6820f3']",0.35729589421135244,0.24124637898718243,0.155323606379186,0.4931100411645706,0,likely_human,1.0,0.24124637898718243,0.35729589421135244
UCjvx1E0gHFdC5LxJRT0aGsg,-1,1,1,['e074edc73a87800b984cefc823877bf9'],0.3925000024221571,0.24118442828492773,0.13650058840005358,0.3602227280630869,0,likely_human,1.0,0.24118442828492773,0.3925000024221571
UCgyoSpIFO1dd7MzjA53l-ug,-1,1,1,['38b67baaa65a568a2f31bd6889c71155'],0.3487898907272848,0.24089799164532227,0.17560504317469827,0.46542865960043156,0,likely_human,1.0,0.24089799164532227,0.3487898907272848
UCHs9BMOBFJ5sTsUa3NSs73g,-1,3,1,"['5f06069b473cb391421bde9318ddc62f', '5f06069b473cb391421bde9318ddc62f', '0bb6dd321c9c96d8f47e9a342f2256d5']",0.3880626801343883,0.24042149236170723,0.11734760577076332,0.4139607906569589,0,likely_human,1.0,0.24042149236170723,0.3880626801343883
UChMgaUaL8c5YO7PBMO2TDCw,-1,1,1,['fbada87ca777b2fa6af770cb999171c7'],0.419431198645351,0.24012626762877173,0.10139386293923051,0.3044943866855792,0,likely_human,1.0,0.24012626762877173,0.419431198645351
UCiwXm8qpvoK6d7eKE6JconA,-1,1,1,['b0ee915810e85ced2e3a3f1aff5072d6'],0.3608788518357293,0.23996247862467432,0.16763441468039922,0.42188724762547086,0,likely_human,1.0,0.23996247862467432,0.3608788518357293
UCdm6XKicjgoCQj9T4nlY5cw,-1,1,1,['64dce672797903d7dee13a04a175bd75'],0.2895752791068825,0.23986042841687555,0.25533572651731834,0.5972492926940068,0,likely_human,1.0,0.23986042841687555,0.2895752791068825
UCin5si7K4x_jp_ZIAunGmMA,-1,1,1,['2d22a7dca09526146e708f51ee433b33'],0.3803834784783926,0.2397922968476176,0.13514630192735247,0.4071003681056337,0,likely_human,1.0,0.2397922968476176,0.3803834784783926
UCkJbrzsq7EcLdTCW34nvDCA,-1,1,1,['99b409887c82d96d7b2333e9a45599c0'],0.3516024804857968,0.2397424046194159,0.1688418272109115,0.45648880699381883,0,likely_human,1.0,0.2397424046194159,0.3516024804857968
UCYrdVaDj5oKxQrUze4BSz9w,-1,2,1,"['2380c05ff99f84027f8cb70a32b68f3b', '49de4ea9948e622b09d3a282e5e49a3a']",0.39808264027514884,0.23965968795507311,0.1153929444514497,0.36111535771954273,0,likely_human,1.0,0.23965968795507311,0.39808264027514884
UCO-JZCyRoyMAVBaviQU2feA,-1,2,2,"['8a17a5f66fdfce70f94438af8f4e66ce', '3c610d31dcc30351bda6c608654b47bc']",0.37277682484128893,0.23965320019076292,0.1485526183804848,0.4139988309962906,0,likely_human,1.0,0.23965320019076292,0.37277682484128893
UCMQ0ZUyHLYmZdASSY9n2zug,-1,1,1,['3e68747772300f2f4e7ed41ed6003223'],0.35767300209939434,0.2395434405836903,0.16756941374701154,0.4302282225860427,0,likely_human,1.0,0.2395434405836903,0.35767300209939434
UCaZO7fbH-4y540cEEE5MMGQ,-1,3,1,"['a37720ad3050c73ce5cad701f3c58884', '63600d2f5c5c3e607b768a1c34268b50', '9cf9f96cee2fe0b2f344226a8492058d']",0.3668205088559393,0.23949321988375055,0.15948413648459506,0.42300254595821307,0,likely_human,1.0,0.23949321988375055,0.3668205088559393
UCRpi4ZOzNkh60r4FBYXLj8Q,-1,1,1,['de04016a87d4be66ee83f31befcd03b4'],0.3355186907162119,0.2393118602931227,0.1867322291010065,0.4945418949262559,0,likely_human,1.0,0.2393118602931227,0.3355186907162119
UCe2x_KN_sjsXwwJyxumHrpg,-1,1,1,['8ea69428eab455632c5e4c54ea5ed204'],0.362148282591486,0.23930985058173623,0.15235665719850544,0.4427837417918628,0,likely_human,1.0,0.23930985058173623,0.362148282591486
UCzFAONwZpQ4VTu891DQSQ1w,-1,1,1,['46c24a2fbb658ec8b7630cd90a4f8da9'],0.39860512455351343,0.23919616742219163,0.13919836794836093,0.3121890306867314,0,likely_human,1.0,0.23919616742219163,0.39860512455351343
UCCUfUqT4jYddXQo0qx17VkA,-1,1,1,['266914b8e19fbf7e847b303ce4c1c861'],0.3585673081040549,0.2391890776141593,0.15834001935319073,0.4460793583112216,0,likely_human,1.0,0.2391890776141593,0.3585673081040549
UCgqpBDemn5iQNRjcdGyxCJw,-1,1,1,['164e7a6c6ff725d6c2f7f87c72012355'],0.37635794916545495,0.23913769896000547,0.15502327553366138,0.3750583070545147,0,likely_human,1.0,0.23913769896000547,0.37635794916545495
UCUVcjW1PBFr5_KjYF--W42Q,-1,1,1,['7f2dca3467c5185689c314ac2796670f'],0.32546542145199575,0.23911910724895125,0.18851017914718415,0.5327849343087251,0,likely_human,1.0,0.23911910724895125,0.32546542145199575
UC48Fk-HFhHUiw_33X-bNdOw,-1,1,1,['9d97f061ced75a19fc39e5130ea3f60a'],0.39906185354974477,0.23898052377975412,0.1148582526387388,0.3525613730302618,0,likely_human,1.0,0.23898052377975412,0.39906185354974477
UCtBeEcsGaF-kmPDowOEw2Pg,-1,2,1,"['58fbf40a789d6d6ab57ce77f580fc99e', 'd7cc37849bf448941576a3e4d19f196d']",0.3403116106166004,0.23887629860812887,0.18300239576403912,0.47950448158926573,0,likely_human,1.0,0.23887629860812887,0.3403116106166004
UCakGMfOKYtFD85vadE0ncVA,-1,4,2,"['bbbd3da828a17e89f00208e7098c288c', 'ce18399a79708fd0399ee20c7281fcd2', '4c8fdf844bef49c8ca96b7dc73752693', 'bab66f87499a40d125721c26d649db02']",0.3503810147353638,0.23866675412085867,0.17525698512297744,0.44480336843541257,0,likely_human,1.0,0.23866675412085867,0.3503810147353638
UCU7WEYvJau0eIjA0zFaAHQw,-1,1,1,['bd4c640e1e46dec8d42689fb002b3b6b'],0.3837822254095793,0.2384532459210757,0.1278609480937568,0.3899858713521207,0,likely_human,1.0,0.2384532459210757,0.3837822254095793
UC5XSwR9gXJfpWnNBCd-Mfbg,-1,1,1,['68c61df5cb26df3465c42e08140daacf'],0.3751713804215713,0.23841793582886073,0.12443684088140439,0.43743655861439473,0,likely_human,1.0,0.23841793582886073,0.3751713804215713
UCDhyswSIqpVBF-q2mXa4GfA,-1,1,1,['3fd64e8c74b05210dedf540a4b9df102'],0.3702102586214595,0.23818828141034024,0.14510564933498274,0.41126383555511553,0,likely_human,1.0,0.23818828141034024,0.3702102586214595
UCXjYwIt4_YUzBGs0KFuCdZQ,-1,2,1,"['0b3b58969b610b3f5e4f01fd2b0404a8', '1e5e44624762a216e6912ace8bd2a882']",0.36067831107180776,0.23817738215499334,0.152914250006884,0.43332557286720425,0,likely_human,1.0,0.23817738215499334,0.36067831107180776
UC74s3tyDYKTibN_3AwkbxYA,-1,1,1,['42ee473f4dede141d07e139e836995f7'],0.34708574271965886,0.23801301307988987,0.13170812385308625,0.5404003593638338,0,likely_human,1.0,0.23801301307988987,0.34708574271965886
UCT8xyVfPrnnBk3aatJ8ld8w,-1,1,1,['07398a0bd5c25e8dc750faa75aa0bc8a'],0.3644754758335208,0.23784073299039718,0.17606786590411086,0.3751661854126539,0,likely_human,1.0,0.23784073299039718,0.3644754758335208
UCxMVyAVNm2qKvj8QfL-03bA,-1,1,1,['f9f7f84b248e857340b1395bc289f71d'],0.34704728973621746,0.23771328373624184,0.17793742514205013,0.43855987912558303,0,likely_human,1.0,0.23771328373624184,0.34704728973621746
UCneorqIoMOohHOrlo1m8axg,-1,1,1,['e212bd7a3fe068345598b3158649b681'],0.33863835322594815,0.23755138233975298,0.19337951670078957,0.44874458766622094,0,likely_human,1.0,0.23755138233975298,0.33863835322594815
UC0Grip7OkGswYyjsQukiROQ,-1,1,1,['5f718cb47aa877e17d7362ee47f151c9'],0.3375411885522047,0.23738473167952576,0.17248950222329365,0.49531108280324826,0,likely_human,1.0,0.23738473167952576,0.3375411885522047
UCJIakGIwf4lw1byIHxnZ_Ww,-1,1,1,['664b81e325bbdd803469b0548ba101ac'],0.35834962591290553,0.2373619797162977,0.17624995048802508,0.4024390883806144,0,likely_human,1.0,0.2373619797162977,0.35834962591290553
UCh8hCsti0sVLeXLoQFoUevA,-1,1,1,['96c9df1675042bfe5115f1a5f4cb13d1'],0.3453106241456063,0.2373494585815828,0.178776060606196,0.4508057233809728,0,likely_human,1.0,0.2373494585815828,0.3453106241456063
UCZn5Uq6Dy4Ok62we7udhMsQ,-1,1,1,['cec2975971e86ce100e65e40237c1dd4'],0.34313882271532903,0.237295200682787,0.16584260256311678,0.48433969626002443,0,likely_human,1.0,0.237295200682787,0.34313882271532903
UCySReTfg6xeRSPzFN6Kp5CA,-1,2,1,"['b217797d1c43908be79093d2e6cfef26', '3ecd086fda885c6f751435b6b4ff82da']",0.339397141354711,0.23711598050572175,0.1718347469385222,0.49727407451464034,0,likely_human,1.0,0.23711598050572175,0.339397141354711
UC_EVZOX04xbsO1-pv_Tlecg,-1,1,1,['c9d7cb78ba5f5ca21d9b5cdef9479f1d'],0.3544918896553441,0.23684478126098338,0.1655521917108978,0.42939421116390303,0,likely_human,1.0,0.23684478126098338,0.3544918896553441
UCDjPXX1_QLCHyDOKd-UFMLQ,-1,1,1,['6caa2b1d9df6419044b29658fb3a937b'],0.35465462024485794,0.236815566488298,0.1890808479198679,0.3827032356560368,0,likely_human,1.0,0.236815566488298,0.35465462024485794
UCFQ3EdtuKzsl9H8fDj33Rkw,-1,2,1,"['585f4b67cd2e676d437eed53f91d1609', '123f4e7a664c840a970eebd3b2e95ade']",0.35194187641893543,0.2367655034749902,0.16637587878701865,0.43482250675831746,0,likely_human,1.0,0.2367655034749902,0.35194187641893543
UCuqrsjo5K-GQs5SGe7AUVlw,-1,1,1,['4ac965d856c0f66f96946aee07dbed8a'],0.35274277534390774,0.23655065755042362,0.17719418444966314,0.40591639131340607,0,likely_human,1.0,0.23655065755042362,0.35274277534390774
UCTo0EU99rK6p1DadEXj8e4A,-1,1,1,['280e06b8e09f40c821dd5241970b040e'],0.3289149546144938,0.23650826925067267,0.20608655377112275,0.4581474936494971,0,likely_human,1.0,0.23650826925067267,0.3289149546144938
UCTsVBds37T4VK5jFLQ_1edA,-1,1,1,['7c74e5c9b84fc66e6b9c536c94a79d87'],0.35434699466545755,0.23646577914672207,0.15591904988736882,0.4405992943196009,0,likely_human,1.0,0.23646577914672207,0.35434699466545755
UCQRpGNZRN5FgOHBzKogdcMg,-1,2,1,"['48af7bcb2fd41603946b888fa7901539', '6ebe73004f0caed712d6df0d8c5a7c3e']",0.3378576273020224,0.23635321107236534,0.16849583550871858,0.4855398447227906,0,likely_human,1.0,0.23635321107236534,0.3378576273020224
UCL1N-NkB2tn5xvigrPmpi3Q,-1,2,1,"['1f2c94bce100430cbf154908b9568c2a', '4aa5164988d38a1d3bfc7ad8e1db55dc']",0.3584254564848055,0.23627349687766344,0.13466019147609956,0.4581474936494971,0,likely_human,1.0,0.23627349687766344,0.3584254564848055
UCy6wNSSy5021FugvjbCr1AA,-1,1,1,['41f2236baa2901e1e190d7d83b06221f'],0.34057819344281604,0.23576362746371057,0.1534342397769584,0.5002584379562429,0,likely_human,1.0,0.23576362746371057,0.34057819344281604
UCWH8owUOKJTv_sGNMzpmQow,-1,2,1,"['2b48b718627246aa6031f75f05f5600e', '010c2dfd8819eb9a1967bf89ed883899']",0.3778542830113695,0.23570395529724647,0.13356429746819243,0.3777204722897945,0,likely_human,1.0,0.23570395529724647,0.3778542830113695
UCvLXHsoxyRGqBVG9xB2xSog,-1,1,1,['cdd6181fbd5e463a31fa33f11d0402bc'],0.34371107961312775,0.23559311371970615,0.1737398941020358,0.4384366970884335,0,likely_human,1.0,0.23559311371970615,0.34371107961312775
UCI_jMi8M2cPTde2leP5Gx_g,-1,2,1,"['dd9a500f28c7c8bc982c67c961d8cf6d', 'abf5c5e1e4bfd9d91e95ea5e21e22590']",0.32564471591076627,0.23554325793163616,0.17849684380534575,0.5133539365898898,0,likely_human,1.0,0.23554325793163616,0.32564471591076627
UC2TF3i2EOyEN-L8Rm8OBntw,-1,2,1,"['8dff66d366bf60e3a8f8f31797c2fa2c', 'ed2589bf383bf19726cd5f531ba951e9']",0.3493690462601381,0.2355183649514518,0.18488848164464025,0.3960526023985351,0,likely_human,1.0,0.2355183649514518,0.3493690462601381
UCFG3y2_SVpLTXZo69ZAnFiA,-1,1,1,['62ff315305adf44d072596c9bfc72d01'],0.37416993961103634,0.23529540745386746,0.1520428988089694,0.3537238264380057,0,likely_human,1.0,0.23529540745386746,0.37416993961103634
UCTcULAxnLTSkr_HmXJPVIIw,-1,1,1,['c32bfa82f2d034b832ca34364f6d3398'],0.35479161910269374,0.23529098017634362,0.14085451946262884,0.4585391879751167,0,likely_human,1.0,0.23529098017634362,0.35479161910269374
UCdhfOA7-yaSwFkqgen3Yk-A,-1,1,1,['93eb28ee63934bbb6c94cb71911ab28f'],0.38781360361623146,0.235114346029075,0.12149364057331778,0.3428672280815284,0,likely_human,1.0,0.235114346029075,0.38781360361623146
UCbNGH7QtyDa4ogMlDSeB81g,-1,1,1,['794e80d168d6cd3079f836a4328faa1e'],0.3360832072508613,0.2350334640050794,0.19809851075867907,0.43669339905257454,0,likely_human,1.0,0.2350334640050794,0.3360832072508613
UCETz4CikRMW2M37aEGJdZxw,-1,1,1,['64a6ba0de324406a9141d086cbbc6dc9'],0.3401326718922961,0.23495567073801926,0.16798801593049162,0.47415101532012466,0,likely_human,1.0,0.23495567073801926,0.3401326718922961
UCO2b5rhWyZP8CyW86_Y_XRg,-1,2,1,"['0696929b25e6d04379b203d1b9b57139', '2db38a103f38b132b7e4f2e22ffe49d1']",0.3510026351668398,0.23475603132798917,0.1569295756418948,0.43999131574793054,0,likely_human,1.0,0.23475603132798917,0.3510026351668398
UCE-XAbH1WQyBpEoqvvEScBA,-1,1,1,['b88274acfd7d46f371c787da84bb342c'],0.3873521399329502,0.23463211036844075,0.11170701023147245,0.3683082955638747,0,likely_human,1.0,0.23463211036844075,0.3873521399329502
UCXYrmZJy1pTQRdWfRFrMZoQ,-1,1,1,['01e07ae72fb7603cde89db9f22e77335'],0.3975385365761194,0.23455132847327123,0.12131838087343083,0.31145791867516737,0,likely_human,1.0,0.23455132847327123,0.3975385365761194
UCQ3XhCwWHIsJ4q2OomdRMVA,-1,1,1,['9dadb167ba0912eb0857c1b11f78587b'],0.3615167383516938,0.23450122971230053,0.17489519230697245,0.3599464856157241,0,likely_human,1.0,0.23450122971230053,0.3615167383516938
UCECt5djqyBVznqhmi7E1a_Q,-1,1,1,['21894b5ab530c2cfc5303a48d31abb92'],0.3196445856518999,0.23427371735642666,0.1686865941660188,0.5590867397633535,0,likely_human,1.0,0.23427371735642666,0.3196445856518999
UCY5rLxYbnhR8FyiXTe1MT_Q,-1,1,1,['314708e640115b8c7f377eabceb7bda9'],0.39521357506813415,0.23409364234848953,0.0879921334126475,0.3740092539982185,0,likely_human,1.0,0.23409364234848953,0.39521357506813415
UCxuB8ld9rfSxLkuqkhfzBxg,-1,1,1,['389c5e30f2f81ce05c1fbe30bc9bc2b4'],0.4020893376418868,0.2340249188221889,0.10495611202023163,0.30562914842802447,0,likely_human,1.0,0.2340249188221889,0.4020893376418868
UCe5PkU4wVEwjzpuScPoB2_A,-1,1,1,['ee0dce8e94e562874bda98867842c96d'],0.3702009688343143,0.23372450579951026,0.1339756026214383,0.39035995153576997,0,likely_human,1.0,0.23372450579951026,0.3702009688343143
UC7GSLQNH726994azH3l4g8w,-1,1,1,['180ecd2f6beb45a533d24bce9ce48682'],0.2915723492545332,0.233707972089826,0.21679972856083643,0.5732078900556355,0,likely_human,1.0,0.233707972089826,0.2915723492545332
UCYi8ccKFPRBPzWcPn81dTeg,-1,1,1,['6183f2d1618660a9ad51324a2527e4c3'],0.3722616662561711,0.2333433917420533,0.14793702309717383,0.3628400604376497,0,likely_human,1.0,0.2333433917420533,0.3722616662561711
UCeqrh3HjE2HXTZPpINDO-wA,-1,1,1,['9f322698222e760eadf24765788b9de0'],0.3248868695638839,0.23320081734334075,0.19098576027058856,0.4695760216528688,0,likely_human,1.0,0.23320081734334075,0.3248868695638839
UCs-en0qhzy67ZRRWxtkQexg,-1,1,1,['a9fc410ee3fc10095a862e4b253f3cb5'],0.35037723284739514,0.23319002414627701,0.16907259211056427,0.4111143169240181,0,likely_human,1.0,0.23319002414627701,0.35037723284739514
UCJMWFa4DiTXEShW_prbTguA,-1,1,1,['b1cb59f6ea8f27b6c1bf6edaa354dd07'],0.35377856204343106,0.23273291382942324,0.14156565150479736,0.4495190759242456,0,likely_human,1.0,0.23273291382942324,0.35377856204343106
UCZb777DMB5rqO3zHnapML7A,-1,2,2,"['b98cd9c3f7a37252c131f2ef9ec8f1e7', 'd976ce97a5cf8d5d3ecc9e361323ebcd']",0.33252788461637023,0.23270629283565875,0.18042245922494407,0.45829191462461,0,likely_human,1.0,0.23270629283565875,0.33252788461637023
UCz7n-wbrA_P2DwV9beeybvg,-1,1,1,['6f3a3d2f9a03249466ae4faf9e928212'],0.33894064439087856,0.23245776440852361,0.1807104554835184,0.41748914537196413,0,likely_human,1.0,0.23245776440852361,0.33894064439087856
UCHFxd7PMuqnkzbbrsh6QHyw,-1,1,1,['5a90eaaf024f9c89d1dcf805042315eb'],0.3384667189970705,0.23214874930546686,0.17434731972142406,0.4336335134642495,0,likely_human,1.0,0.23214874930546686,0.3384667189970705
UCkzaYy3Q8QswaMfAG58fOcA,-1,1,1,['236554fc08eb20fcac3530a55e32ac14'],0.3546605325478792,0.23209923258139148,0.1305169862628231,0.4491185666532428,0,likely_human,1.0,0.23209923258139148,0.3546605325478792
UCaFVcRMC2ob0no8HEhtb51g,-1,1,1,['fcadf4e455855e60d7e4945103ab0338'],0.35871211717531426,0.23184797285549116,0.1607029283227996,0.36554294797061526,0,likely_human,1.0,0.23184797285549116,0.35871211717531426
UCzksAq-4hJcifoEpqJfQm4w,-1,2,2,"['06eaf1ba8ae08cddbc45bf4192ffcb8d', 'f94958e2229a0935d530fa8b6c090226']",0.3415860101493734,0.2317589402667453,0.16076148982529825,0.4399951747578775,0,likely_human,1.0,0.2317589402667453,0.3415860101493734
UCk9w6Az3DAEq80GHNKzvNfA,-1,2,2,"['c8ba49868a87ae49d689e1f736f6e215', 'e6f8e3105a42c83b27e719e25af7a4c3']",0.31244669806820513,0.23169338118765762,0.1938521260628162,0.5152785115679445,0,likely_human,1.0,0.23169338118765762,0.31244669806820513
UCdtTDSeRV3dZx3Wwcotpu_w,-1,1,1,['c183649d7b1f9f7b337696836f18a23c'],0.3556391915802317,0.23160670920179952,0.1405334103202898,0.42631712510893105,0,likely_human,1.0,0.23160670920179952,0.3556391915802317
UCvlRxZYvNBYzBb_E5wBZrYg,-1,3,1,"['aac8372416c8e6248215796cdce155c5', '02bf07e28c8435f03416cd2dd5045863', '5ef5782886ee10683af9dd7a0f847a75']",0.34884135880303974,0.2313794550261143,0.15406261469198215,0.4158014640337329,0,likely_human,1.0,0.2313794550261143,0.34884135880303974
UCdK8u2mTNAwDMNd2vsrsVuA,-1,1,1,['a479df81e7c98452bd2b9bcd9b8bf049'],0.34167396237623004,0.2313682059128458,0.17121284162651,0.4258684910893277,0,likely_human,1.0,0.2313682059128458,0.34167396237623004
UC2s4qVK3p2hkdJLjxfVY3CA,-1,2,1,"['02b48aacb074eca7b0718e79ea0f42b4', 'dcf5e3d6d8fd9c07a5fa204a2f341d1b']",0.3467993147245574,0.23085705014515936,0.1484152592762895,0.43727708368617146,0,likely_human,1.0,0.23085705014515936,0.3467993147245574
UCP3hjjv-EoffkYtuIBYzIRA,-1,1,1,['686ccbd40cf109119d8b9875147d6678'],0.3598957282997815,0.23081509293207222,0.13950595105932198,0.39678640615028127,0,likely_human,1.0,0.23081509293207222,0.3598957282997815
UC-793Q-DesS7_5Kyi2MiUlw,-1,1,1,['709a3d4e7530753387f846c40aa58e30'],0.31802536270851034,0.23070276083622338,0.1760700103530809,0.5130323603640263,0,likely_human,1.0,0.23070276083622338,0.31802536270851034
UCDQ0vOEfkG4WAitAq4MDOSg,-1,1,1,['50db5c811bcd6106874bf801f614b61f'],0.41119085461038535,0.23047070665582509,0.06712372440369521,0.29791384376546104,0,likely_human,1.0,0.23047070665582509,0.41119085461038535
UCBsIqkfz4QaXYZ-w0m07Uxw,-1,1,1,['f3dd71a31209a69a373b039ab8207c36'],0.41086954106597023,0.23029545962685016,0.0819905696680746,0.27896659393423073,0,likely_human,1.0,0.23029545962685016,0.41086954106597023
UC-oqwjU-gPcJ64UKcE6HUuA,-1,1,1,['08a415e63fb5b18a5039b739833b3b50'],0.30277050141890016,0.2299696843946782,0.19940880015201917,0.5239640709310576,0,likely_human,1.0,0.2299696843946782,0.30277050141890016
UCrtFjBTFIkg1PEGs-SGqyRw,-1,1,1,['b2dfd88140e1b1ed78b74d4c93e0e6d6'],0.41405181620977044,0.22977699567861407,0.07186571117523473,0.28833916699590123,0,likely_human,1.0,0.22977699567861407,0.41405181620977044
UCJ7C0lQ0jlewYBebFwureQQ,-1,1,1,['dc95a60648533d9f6733608187a0404c'],0.34163101802291373,0.2296252429950928,0.1667459077910291,0.4031047348476622,0,likely_human,1.0,0.2296252429950928,0.34163101802291373
UCfi_xz23hkLfuZWxNzen5iQ,-1,1,1,['10fdcc9971409c195ffd645748da3a6c'],0.31996692786245945,0.2294369465751036,0.18416361772539613,0.4706121853419915,0,likely_human,1.0,0.2294369465751036,0.31996692786245945
UCQcuphhvax9aJIKpOGiBcaA,-1,1,1,['994d76c1481f2314ba6021442e8f1c1f'],0.3438836883480628,0.2291982858833282,0.14764441885175095,0.4336335134642495,0,likely_human,1.0,0.2291982858833282,0.3438836883480628
UCH_Br78N44cEgvlgTaJcKuw,-1,1,1,['952fbd516d090ab6c61be87bc594db1e'],0.3747402246186158,0.2291807734039738,0.11902426038896723,0.3502082549800198,0,likely_human,1.0,0.2291807734039738,0.3747402246186158
UCeGr6Y2jvA23DNSKMf7oyPA,-1,1,1,['dc7a3bf755b668a75618127fcbc7e31c'],0.3422754700259159,0.22906564186964568,0.17359373048257787,0.38602428484188434,0,likely_human,1.0,0.22906564186964568,0.3422754700259159
UCfF1AalCvyt2Sd96rNN3bAw,-1,1,1,['09e5320cf93ee1c42c8f1eb2215c3687'],0.3456700425819483,0.22905288884493613,0.1705474362960087,0.37805769063550015,0,likely_human,1.0,0.22905288884493613,0.3456700425819483
UCSFC80sUTIqcpMkx_HVobNA,-1,1,1,['5446b6fc007ebe314cdc8f5ee5a08f0c'],0.32925273368142594,0.22893460345164507,0.18608339606397964,0.4213802919505515,0,likely_human,1.0,0.22893460345164507,0.32925273368142594
UCh7jsXGOc2txgpJRXzjRTDQ,-1,1,1,['20b26cb08dbd4a5e8dc8cfcc093bede4'],0.3239246530818837,0.22884456271337425,0.18648734628578434,0.45010582424460466,0,likely_human,1.0,0.22884456271337425,0.3239246530818837
UCnMnERV7k6HCZPdqjO9XN0Q,-1,1,1,['34ea0866d1c025761dc1a7b5220c4710'],0.4035635177504007,0.22844042368426104,0.09261634432517318,0.2748832020211318,0,likely_human,1.0,0.22844042368426104,0.4035635177504007
UCzw15U2oFjJoy21T1aVNK5g,-1,4,1,"['e7568acc96a56d34cae3fca6806d4a70', '2b1c6ac839d52a51f3f4f28da006f2d1', '161d665fd99da81fa9109866138830ce', '1a80dce86a4aef4b47745876ff991dd7']",0.3094447845568142,0.22841895125532632,0.15642574967341508,0.5625947281391719,0,likely_human,1.0,0.22841895125532632,0.3094447845568142
UCaBtEQl-gM2D3ridTJe-4ug,-1,1,1,['215be56e5ef5d4686c54c70d1028f183'],0.3115919423164806,0.22826412286944425,0.19888465374268788,0.4645450281234059,0,likely_human,1.0,0.22826412286944425,0.3115919423164806
UC7RUcnYcqrxypGCttHPYJOQ,-1,2,1,"['3bece436fae99135d0d028d6e3dd9a49', 'eafab8299558798f484c4cabbac9454a']",0.3468265647007439,0.22823608754387315,0.13841081811206385,0.43235686506066207,0,likely_human,1.0,0.22823608754387315,0.3468265647007439
UCWHveC-25lVa-avIXn7AHqw,-1,1,1,['71815e11fa6ac2477354ddbd4660a519'],0.36501341717439006,0.22821219381305252,0.13210357749697835,0.35419358774688403,0,likely_human,1.0,0.22821219381305252,0.36501341717439006
UCzyJiK6qGkTbZzqgRW4mGrw,-1,1,1,['a52060a8b8027ebe0b9efe25590840ca'],0.3067528284669147,0.2280848942663655,0.16891074600910896,0.5646710262209838,0,likely_human,1.0,0.2280848942663655,0.3067528284669147
UCrDOS5pDF0HvoYrEzOZZ0kw,-1,1,1,['725e71b8e61e1c239024814fba17ae17'],0.3179129283131967,0.22789856875642062,0.14607014651547703,0.5487391829624072,0,likely_human,1.0,0.22789856875642062,0.3179129283131967
UCLXHI7LXQiTe3aiF85BKtRw,-1,1,1,['9ed1c8a81516e7e37b660f2be6a71745'],0.33474627830917447,0.22787852700680788,0.13240230348674029,0.4987898727581475,0,likely_human,1.0,0.22787852700680788,0.33474627830917447
UCFPxnqN6VljYqt-C0ZlRwww,-1,2,1,"['6ecef236274060f6cf33781c741c7468', 'ffeb4847f1f2e5fb11b72d648df53467']",0.3576923187006972,0.22782725368850845,0.13748888303264994,0.37937132246970473,0,likely_human,1.0,0.22782725368850845,0.3576923187006972
UC7XLfeMJzWZX_vfZQ8Iivwg,-1,1,1,['b414856ea3fe504686ff95bb5db128a0'],0.32344330014742273,0.2275434870366301,0.14590188256583567,0.5243695096276478,0,likely_human,1.0,0.2275434870366301,0.32344330014742273
UCjRmVS-FyYcKg4pVo_A2oDA,-1,1,1,['a4fa1cd41ea4e569180dbfc659fb7d62'],0.3540952161630775,0.22742918714728383,0.14388275589964436,0.38196001964399756,0,likely_human,1.0,0.22742918714728383,0.3540952161630775
UC47CNBVHAEn0pUOno2od8Ow,-1,2,2,"['1d0f0884dd622e409039ff54fa40b046', '61cea9f20dbc291db7727e1df77dcd06']",0.3081494542530355,0.22710700949393037,0.1895962837637837,0.486206693046647,0,likely_human,1.0,0.22710700949393037,0.3081494542530355
UCDnnNjkcr2yMmSW4QFgUp-g,-1,2,1,"['84a17b813c08e13134238b145af737c9', '582f9111a7ced25fa3930e62bcf074f7']",0.34756194761000153,0.22705655229053479,0.14765985298425277,0.39465210067354917,0,likely_human,1.0,0.22705655229053479,0.34756194761000153
UCIK3c5-CGCr5qhID6yy5aQA,-1,1,1,['ceb75ac40d0e3cb2b773e2ac4ae44362'],0.34308428285515935,0.22702001557525261,0.14560188525295262,0.4223494263010938,0,likely_human,1.0,0.22702001557525261,0.34308428285515935
UCFK9w7six9GcMMYg49MKrZw,-1,1,1,['a07711abf552a65be66b91a18022772b'],0.36905345238824633,0.22701383166558492,0.12371375757675292,0.34355605343007517,0,likely_human,1.0,0.22701383166558492,0.36905345238824633
UCBgZibhnzHOH8GPHtqLObMg,-1,1,1,['83089e013bc04d30f4fbaee3a25681b4'],0.35215220796578406,0.22682882855766887,0.1579745850575774,0.3505428634575507,0,likely_human,1.0,0.22682882855766887,0.35215220796578406
UC_FbQBdP7Nf6Durkyvzn9Cw,-1,1,1,['5fc992b89201ce5cbc51abdc1791fdb0'],0.32666689903486423,0.22639377824335297,0.15266206707877344,0.4771959394788886,0,likely_human,1.0,0.22639377824335297,0.32666689903486423
UCG7JRDGySfgv9IeNaJf3gpA,-1,1,1,['b7c6e17c0072c5e3818ee50ee0ff5c88'],0.3390587831924221,0.22592087697985394,0.14881036840469083,0.43743655861439473,0,likely_human,1.0,0.22592087697985394,0.3390587831924221
UCjq3D2i0c1t26SLsK8Pj0pw,-1,1,1,['d02806509f67ebde4fbbfb4ef0e72206'],0.31556079882678884,0.22569194245824764,0.18630476314527555,0.45977762223418994,0,likely_human,1.0,0.22569194245824764,0.31556079882678884
UCqb0-vjnN7UdFy6ONw-NkrQ,-1,1,1,['5723373b1a2e9a8b074f5207c35a5d49'],0.31468363398622207,0.22547517255833222,0.19854589677751272,0.4290802943335561,0,likely_human,1.0,0.22547517255833222,0.31468363398622207
UCTXiW9WWqMYy-tchIMrvM2A,-1,1,1,['4a0efc838395a883215aaeee2bdbb376'],0.35140298423524335,0.2251011164650567,0.14903882883835837,0.36199620482379835,0,likely_human,1.0,0.2251011164650567,0.35140298423524335
UCIoujX6Q68SVQ89uFot6DDQ,-1,1,1,['593af19e0b0d73010d0ccb7c785acda0'],0.31874425282986646,0.22508668546135738,0.18931069016428026,0.41508029898130594,0,likely_human,1.0,0.22508668546135738,0.31874425282986646
UC1p0gTbx4UiFC-1iT_0m7mA,-1,1,1,['d1c18184de8f3dd484ab16e82f4bf5cc'],0.30379133347574355,0.22495013595740265,0.19860364539030204,0.46978744824051577,0,likely_human,1.0,0.22495013595740265,0.30379133347574355
UC0_MRQKGyiuo-2svnx0T6-Q,-1,1,1,['af3605198f3662797c1c88efd13a1ea6'],0.3927169789822496,0.2248429367216038,0.08045005536323768,0.3112574120044607,0,likely_human,1.0,0.2248429367216038,0.3927169789822496
UCsyW2UbCgdqlmfmdf0xoFrQ,-1,2,2,"['3deb1bd5ffb0e66449c0a51bf081dbbf', 'be28149d1752822a27f678b630f6b233']",0.3342093731225572,0.22475056016003186,0.1539044559114082,0.4204432689680813,0,likely_human,1.0,0.22475056016003186,0.3342093731225572
UCWbsSFluANBH9kxJVf_iTiw,-1,1,1,['1cb6bc51cac29a1503b9fd945aada3a8'],0.3219694578304847,0.22465881070047639,0.16510502493084933,0.45942347705236486,0,likely_human,1.0,0.22465881070047639,0.3219694578304847
UCHsTIcoufKa876aWIQlNVKw,-1,1,1,['4e173da2f2ba011ad7c346f8c97391cf'],0.2732357996767196,0.22441028054868517,0.21497613210044864,0.5741928512791685,0,likely_human,1.0,0.22441028054868517,0.2732357996767196
UC35w6_uwClaKGLVl_-tLWEw,-1,1,1,['55dd061686a73f1b617cb6e44ac666bf'],0.3428438672797641,0.2240113042580521,0.14129116544414205,0.39882580900549225,0,likely_human,1.0,0.2240113042580521,0.3428438672797641
UCxkKS4RTTQW6z_7pZ4vbJzQ,-1,1,1,['838677ae6f338dd946f8020fdc542bff'],0.30821449847650395,0.22400969661285564,0.17933622965311238,0.4771489456926642,0,likely_human,1.0,0.22400969661285564,0.30821449847650395
UCrTD5zdxx-Lwh2dNIvHAs3w,-1,1,1,['5f143aa5171477f80bb92d5324be14e5'],0.3659532721511193,0.2239138798853185,0.11756831522880738,0.3360250720093975,0,likely_human,1.0,0.2239138798853185,0.3659532721511193
UCiVW0pHBlL8MntVl6DVJprg,-1,1,1,['0eb54df194cf804a8765e009d141fd11'],0.32775836752477533,0.22359869998688398,0.1842418875817951,0.3833455828086147,0,likely_human,1.0,0.22359869998688398,0.32775836752477533
UC1vz1FHEAUWhuJedC7933Ug,-1,1,1,['1e31472564b9c0dc68289f20be227309'],0.3300466627799014,0.22324039376325408,0.17120083044851778,0.3951800355578773,0,likely_human,1.0,0.22324039376325408,0.3300466627799014
UCnV8VP3lIBPrEXK31rCi1oQ,-1,1,1,['31f89d39d418857fdc958e5655b2f635'],0.29901044802311355,0.22320808704693784,0.18939057653168243,0.48891831411839554,0,likely_human,1.0,0.22320808704693784,0.29901044802311355
UCa0_SDmpUnBLq2zlvzKpGUQ,-1,1,1,['1f3cfe17be73520085ff0840a314594f'],0.3191419115594712,0.2231451858941066,0.16589116147353253,0.45233349711627113,0,likely_human,1.0,0.2231451858941066,0.3191419115594712
UCoHOjvewS-3Qm7KPMCQFz9A,-1,1,1,['c1b9da6e97201d8c59917be23d75024a'],0.33435178164770896,0.2231173800291661,0.17103338008275437,0.37441112939695825,0,likely_human,1.0,0.2231173800291661,0.33435178164770896
UCXVIkv29htA9rNr1Tibgdaw,-1,2,2,"['43ef0700bbea66dedb0c9a2487ae4e95', '6becff0eb5087192c38790f1c56271ea']",0.34351436240326505,0.22227537195975341,0.12077131447323368,0.42264810143996634,0,likely_human,1.0,0.22227537195975341,0.34351436240326505
UCrf3sz8HBoEUyEP_xw7bglQ,-1,1,1,['c8c381994d7242d933b96a7d934f1185'],0.29490861866189044,0.22214279956594793,0.19739201839795933,0.4846768526870169,0,likely_human,1.0,0.22214279956594793,0.29490861866189044
UCKPbDTbEyXrlXy0DL3Wt6mw,-1,1,1,['84bc2b3f85d5cece6fa9d804b0bc6bcc'],0.31744938887140783,0.22210492044391678,0.18566314028326103,0.4063628983776097,0,likely_human,1.0,0.22210492044391678,0.31744938887140783
UCxs5FfALYvVtL8WzU1qmzMw,-1,1,1,['5053689d812972821f180c592573e125'],0.300917109502034,0.22192988626742716,0.19721803573690871,0.46614432756226687,0,likely_human,1.0,0.22192988626742716,0.300917109502034
UCCfgYYO82uuEWrQbpbxNamA,-1,2,2,"['c603657dba996e694db99d4d43209e61', '146110e55bdd6802e0d589affec2d20f']",0.3277012113718043,0.2214994711977071,0.15510604533078695,0.4108155394817246,0,likely_human,1.0,0.2214994711977071,0.3277012113718043
UCi0roWH9FzIKdWYJea1Ruvw,-1,1,1,['bee3e8ca8d64134dcb3f9b42ec6522d4'],0.3050063875937904,0.22144700872737366,0.19251243242648508,0.45322082553253945,0,likely_human,1.0,0.22144700872737366,0.3050063875937904
UCKjfd8qSL7jv83XEw2TEMFA,-1,1,1,['42b6a80dda9432951daf3b29fbfbe06e'],0.32052878069813057,0.2213344713118009,0.17946245440038106,0.39145664333232966,0,likely_human,1.0,0.2213344713118009,0.32052878069813057
UChnJwYOKVOkSP2Px_0vj4wA,-1,1,1,['d2f587399f826b504788639f3a97e69c'],0.3518001258559099,0.2212542582845349,0.13464448017568173,0.34831156431146404,0,likely_human,1.0,0.2212542582845349,0.3518001258559099
UCoQRdglBG-e31AuzcUwkZ6w,-1,1,1,['6de7e1ff59967c4060b9624fedad1a8e'],0.33252038214236185,0.2212124944149198,0.14687767630546872,0.4063785019414418,0,likely_human,1.0,0.2212124944149198,0.33252038214236185
UCHdAu6riUiqViLO3736o_8g,56,1,1,['8175f9a83b79e691c21c348df056868a'],0.35507544564544324,0.2209967122689745,0.10183281538127341,0.30225757034721007,0,likely_human,1.0,0.2209967122689745,0.35507544564544324
UCZJAtHDXaqeRP4xws8tU-1w,-1,1,1,['7b9e846640ebed6342f5d2cf9dc05381'],0.28516551992420636,0.2208575901269308,0.20482766936802974,0.5175875848271521,0,likely_human,1.0,0.2208575901269308,0.28516551992420636
UC3CLRrimiQq-oQ2kpj0qkEg,-1,2,1,"['1809c4a8f41999d32fc32f322c10d134', '43e7857d166a886db9d47c13d2577c6b']",0.30992580874080244,0.22082678850271026,0.18690979888834897,0.42819756064988596,0,likely_human,1.0,0.22082678850271026,0.30992580874080244
UCjz3Gxf9ddXO0he4a8OpcEA,-1,1,1,['235ccce7f5717fce0b8c67cc939e2a56'],0.3224318579863297,0.22060301602239804,0.1701029845484441,0.3955324817952935,0,likely_human,1.0,0.22060301602239804,0.3224318579863297
UCZlNNO6GiXBVaxeAHtuh4pA,-1,1,1,['513a7e9b768b93e2c1033fba8f735059'],0.3512378923744619,0.22013866379088523,0.12471622254072268,0.3635571224813198,0,likely_human,1.0,0.22013866379088523,0.3512378923744619
UCuvZ8JxMvYQzZkDj_90V-Pw,-1,1,1,['45af257e39974d106156984e8e1227b3'],0.3469134096316765,0.2199601480541687,0.11924444557722336,0.38812701885601997,0,likely_human,1.0,0.2199601480541687,0.3469134096316765
UC8m664T46NZwxITfB87QFTg,80,1,1,['fc6519e8ab0169f666d32cf92ed9c91c'],0.2318764213129863,0.21986322979910652,0.17580707743073554,0.6758799495877217,0,likely_human,1.0,0.21986322979910652,0.2318764213129863
UCM2xSAUurniqjeKSqm7T_wA,-1,1,1,['92f4862294472c319657a74a53c4b382'],0.27778347254966496,0.21963528047575162,0.2013868961401474,0.525474500955771,0,likely_human,1.0,0.21963528047575162,0.27778347254966496
UCHYBIDel9D5aSbA90i_NSvA,-1,1,1,['96efe2eeb67726dae4388114fa8630bf'],0.35619523857447805,0.21959090003403448,0.13271176031774487,0.3206726290132748,0,likely_human,1.0,0.21959090003403448,0.35619523857447805
UCSt1RZV1TwkRwuUd11iWjAw,-1,1,1,['b1f3462736b911859699f5b92c9cc88a'],0.3667396020386272,0.21916241093294078,0.11295047660497654,0.3024555845097758,0,likely_human,1.0,0.21916241093294078,0.3667396020386272
UCWalrPHkQ3Q9ILZeUzByoQw,-1,1,1,['d22c62a9c97d44b5a60aa0aaaf6e989c'],0.37138526201032485,0.21894576345911437,0.10733543933360228,0.28902074184963167,0,likely_human,1.0,0.21894576345911437,0.37138526201032485
UC7-B_bGZKh6xUUe7q6CWwEg,-1,1,1,['77eab60fe74dcacaa27d87c48d9b9b38'],0.3259716705962768,0.21878036866368977,0.14098806644193587,0.41448948155310145,0,likely_human,1.0,0.21878036866368977,0.3259716705962768
UCjnw-mxdK9PTDRYZdMNR_XA,-1,1,1,['c1d8fead40be78de41bc9f6c69a567b1'],0.3311056534108151,0.21853100892950053,0.14255966863793865,0.3971614720077805,0,likely_human,1.0,0.21853100892950053,0.3311056534108151
UCfCouKXB_tMG85Gd0m_60JQ,-1,1,1,['ea3060317142b5afe40f5ed44dbcd649'],0.36272876031611667,0.21850869291505454,0.12285890207524928,0.3012762277635918,0,likely_human,1.0,0.21850869291505454,0.36272876031611667
UC2B6UGkH1aOW37HfCxcx-gw,-1,3,1,"['a02a1d4def5ea5b897897808cf8033a8', '0329039631329816ae4390fa4e9c7def', 'e8083df09d021a2cba9df1c2303c69ad']",0.29544430386328907,0.21834152860477146,0.1868356058126953,0.4878584065750473,0,likely_human,1.0,0.21834152860477146,0.29544430386328907
UCyRIghZ7vS0n-bKKiNPy14A,-1,1,1,['5b504bcdc22368ccd88083889d921cc1'],0.3396615807892085,0.21828927947079585,0.14601752388966197,0.36470328738272684,0,likely_human,1.0,0.21828927947079585,0.3396615807892085
UCftAIPZHdDYr4DTLTOj4RpA,-1,1,1,['477cc2116efbf7fdb6e8f458369d7f8b'],0.3010987668417108,0.21807447401533103,0.1849106045691969,0.4427049024344435,0,likely_human,1.0,0.21807447401533103,0.3010987668417108
UCmeSTJxoMLrABWWK1xFj6Aw,-1,1,1,['a173cbb6510da6055e640efd6b10c648'],0.28801386088454567,0.21802824480399396,0.1814399897163862,0.5162647093963756,0,likely_human,1.0,0.21802824480399396,0.28801386088454567
UCP5EA-7Y0ZhR7Wp9Ig0UaOg,-1,1,1,['b9116ff88f599c79033707e0891d98e7'],0.2968326096769108,0.21787673698365484,0.17434100262716423,0.47246448587537754,0,likely_human,1.0,0.21787673698365484,0.2968326096769108
UCqBN5U6GSVAkK72xGW1Panw,-1,2,1,"['04277589c7540698d30ddd075d576bd1', '41f779a3a044a6ae32a2a2a1ce6297b4']",0.3184924900911061,0.21786696967653904,0.1437410613605374,0.44108135137694315,0,likely_human,1.0,0.21786696967653904,0.3184924900911061
UCUpCKlMbgS1Vq9usqkwW6Jw,-1,1,1,['5adaa758faf0b76236806961f7096013'],0.3010651563732982,0.2178051682214787,0.16988352625434522,0.4663191729673951,0,likely_human,1.0,0.2178051682214787,0.3010651563732982
UCsdu-Rf4TspPhvxtBFpKJ1Q,-1,1,1,['f31977263bf26cd6089762e029631835'],0.27220143923761186,0.21744240345883376,0.20699485704169499,0.5204802995843771,0,likely_human,1.0,0.21744240345883376,0.27220143923761186
UCJqc0EZHgerfBzORGEnHp1A,-1,1,1,['f64a49ebfb16347322f6276047e825e5'],0.3624668442027622,0.21742319556244452,0.10274956760119797,0.3303357311858207,0,likely_human,1.0,0.21742319556244452,0.3624668442027622
UCXSmg9ONCTUjo0qRWbHOlFQ,-1,6,1,"['fd8bb2c72329de0a41d28394e11ca3f6', 'ecfe50410592dc7df427f9d328fa95fa', '0697b2a48e2ae7c148c9f443691a8b38', '9dde2d0b59249fda76f9bd8a11bfc96d', 'eacec6d7feeb2e7ae45931422365aa68', '4daa6f58a08843fad5efd3138ee16e23']",0.284036833957446,0.21720524311328238,0.15941286816131067,0.5625731826629682,0,likely_human,1.0,0.21720524311328238,0.284036833957446
UCYbYpJadaMM0VdqtwWCFbtg,-1,2,2,"['1130c6eb0ef7345a5d791a51feaa003f', 'cc26645c36b0677d1640aac5266c2c36']",0.3295351150090119,0.21679522161951897,0.12416841603357179,0.4307455769886235,0,likely_human,1.0,0.21679522161951897,0.3295351150090119
UC2sUHj1vtMFacADEfdwFIWg,-1,2,2,"['1bfa7ce2f63f1be90029baf5f52715e6', '8de758b29f3b12136fac58ad38a38db4']",0.2973232195901466,0.21672564393084706,0.1769009370854241,0.4729491334109174,0,likely_human,1.0,0.21672564393084706,0.2973232195901466
UCDJMrIN72nmBWW0GPqjy-tA,-1,1,1,['87ece6d345055a59e891d004ef1e743a'],0.2997775469477113,0.21646453466108234,0.1836054867414658,0.4207273618426482,0,likely_human,1.0,0.21646453466108234,0.2997775469477113
UCvMC7vqyqw9_70nZcfuWeCA,-1,2,1,"['bcd77cd2d433dff15e24b0f902e6432e', '43586fda91003c6db5521123cefc6dbe']",0.3014107863222826,0.21622618144896558,0.16528091799184197,0.4607572564690267,0,likely_human,1.0,0.21622618144896558,0.3014107863222826
UCEhkjuvJUfkN5HJuoF2uaSQ,-1,1,1,['3eef900a3eb5568f2f08c7821b7a4300'],0.2949239704409576,0.21568644479655746,0.19090749049442923,0.4391317578344518,0,likely_human,1.0,0.21568644479655746,0.2949239704409576
UC3VkN_z92a02FAZpata0KxA,-1,1,1,['4057a297038ddbee65b97b00e7e6ce84'],0.32308769567679185,0.21530471810143614,0.1612893970041442,0.36145646971329554,0,likely_human,1.0,0.21530471810143614,0.32308769567679185
UCSMzgS-CDyqKnlmPa_BMZjA,-1,1,1,['6b11f9b5039d1dbd7e0e03d389825b70'],0.2763377669724643,0.21515102515449164,0.14875716557491786,0.5968218112895698,0,likely_human,1.0,0.21515102515449164,0.2763377669724643
UCqJ5xvNYbHz35GSRrx4n8LQ,-1,1,1,['bce476b9fef6acf054a6e2f26c3d3121'],0.333474556695538,0.21510657942652794,0.1335507869599096,0.37363315423522336,0,likely_human,1.0,0.21510657942652794,0.333474556695538
UCsF7YmHLSUQKVm-1yyvAGPg,-1,1,1,['07349bd5e03e4d0d6e86157a0ce22000'],0.3283113901242908,0.2150032520893534,0.13814297296862404,0.38310106148961665,0,likely_human,1.0,0.2150032520893534,0.3283113901242908
UCWP4NGp8SfUy76XvxRUMMPw,-1,1,1,['0c131f2483bbc6184ff129ef3fa4a50c'],0.3218931256089531,0.21496563048570214,0.15588897306736346,0.3841781657742268,0,likely_human,1.0,0.21496563048570214,0.3218931256089531
UCfEa338QgDlmy5GrXO82qGg,-1,2,1,"['65befeb205260aa3f2df83549a8fe6ed', '9ca9da13eb42a0bc01a65903f3681e2a']",0.2885759517590214,0.21450160473171354,0.166389045109821,0.5071994050605774,0,likely_human,1.0,0.21450160473171354,0.2885759517590214
UCrtML7737PgoFp6rl4NuZIA,-1,1,1,['094566936bf6193e34c4d4a660e77a2e'],0.32345343614563826,0.21437063141363122,0.14935605852246084,0.37821039528611733,0,likely_human,1.0,0.21437063141363122,0.32345343614563826
UCHF06QQT1hHgcQYdr0hhjJA,-1,1,1,['8c3097b971d2e406e67b4da0b22b2c16'],0.3302197973462482,0.2143003040095039,0.13244225526527284,0.37386129628515247,0,likely_human,1.0,0.2143003040095039,0.3302197973462482
UC7N469kEgqmagVCqGpl0pzA,-1,1,1,['27322d0a951e231e238d73fc76a0a63f'],0.26473570271710783,0.21413435953189758,0.21593100899386328,0.4978934180330784,0,likely_human,1.0,0.21413435953189758,0.26473570271710783
UCuRmwTTMUZzi3VQ4xsQJwkg,-1,1,1,['d4796d041fafe59fe445c785fa43a72b'],0.30402374733787824,0.2140872572441619,0.150079856975527,0.4605914888003091,0,likely_human,1.0,0.2140872572441619,0.30402374733787824
UCefjmV2yE17vnME3Ffmb5cA,-1,1,1,['5867250a3d15563fd8b1194d9e4ff644'],0.3424522015671557,0.2140040739166009,0.1278058649642291,0.33011380608549884,0,likely_human,1.0,0.2140040739166009,0.3424522015671557
UCnDuK6rxa7gDFkwC6QEOB9A,-1,1,1,['b15c8aadd6324f7288938de6da602bb8'],0.2999830239099176,0.21399877388498395,0.18345104479788404,0.40758205140796444,0,likely_human,1.0,0.21399877388498395,0.2999830239099176
UCnMWIblTzW_PtcLAYVIGZ5A,-1,2,1,"['3067d870ce6e138e664afb758e82914e', '5d18f90299df71e52b41b4436ebe6898']",0.2797366787140224,0.21331221978195758,0.18120101699992008,0.5092303388752013,0,likely_human,1.0,0.21331221978195758,0.2797366787140224
UC9bkjU5VZQ16bhGmAoUlC0g,-1,1,1,['a4a308a32d815bf4b7f9fe7d6573efb6'],0.32596779569181744,0.2131584244928155,0.13407146497043468,0.3823720819279525,0,likely_human,1.0,0.2131584244928155,0.32596779569181744
UCWY7a9hFzUUCIBmNPw-egmg,-1,1,1,['9e46e1b4235b6cc54d71c9479f54d968'],0.32414172987364487,0.21311511478850037,0.13500876671432022,0.39213260765452485,0,likely_human,1.0,0.21311511478850037,0.32414172987364487
UCC4JgYdnpvQRvfg4YtTG3qg,-1,1,1,['808267b2f23877da30a0285584d572e2'],0.3204999858431037,0.2128476705489688,0.13712085562700907,0.3992157976607661,0,likely_human,1.0,0.2128476705489688,0.3204999858431037
UCV8QaNgFn0ECGq6AdMMjNqA,-1,1,1,['d80328788c18eda33a993deb53503388'],0.3401536409566362,0.21278650672794328,0.11286057233675492,0.34921498722338074,0,likely_human,1.0,0.21278650672794328,0.3401536409566362
UCtEMxAhuwzzQF_RcA-3eSiQ,-1,1,1,['ae905faa4e961079e9fe7f85fb92545d'],0.30787166659487963,0.2124973717231038,0.17144573448198905,0.37918159726715667,0,likely_human,1.0,0.2124973717231038,0.30787166659487963
UCcEZvo-jG1YSMlmvkCYdcBw,-1,1,1,['131cb7735a653bfaad300749e83ad384'],0.3297357972862289,0.2120744737707979,0.10804266853578917,0.4078427049417038,0,likely_human,1.0,0.2120744737707979,0.3297357972862289
UC1sXcl5DV29YeF1zDDUsj-g,-1,1,1,['79120f8f28332cc72af809360933f502'],0.33418403277185993,0.2118938548242705,0.11340062773080606,0.3689906411821251,0,likely_human,1.0,0.2118938548242705,0.33418403277185993
UC6jDnt5Yw4mhwVkLZPhG47Q,-1,1,1,['34062736a87987375b2abffaf1ea386b'],0.26737487067729293,0.21174649213961833,0.18191919540355247,0.5426500743744349,0,likely_human,1.0,0.21174649213961833,0.26737487067729293
UCzBUrxMlLkH0PkTAKmxTUBQ,-1,3,2,"['ae8c103eb5a7eeff58b27ce899b02154', '6b7a528ac7b3f954015c2ca38a188091', '465ae644779e86889e15f3597998e97f']",0.30959550463388563,0.21171040131952862,0.14243831822807765,0.42643797853891435,0,likely_human,1.0,0.21171040131952862,0.30959550463388563
UCwX-2VDNpzVf5-lWW-4vrVQ,-1,1,1,['0fec297d0aff8e5c89007c43b11e6ad6'],0.3098234952966691,0.2115162509596652,0.1593266483884592,0.38325826790167183,0,likely_human,1.0,0.2115162509596652,0.3098234952966691
UClVMURIvK9VoR2Fg3LEq11w,-1,1,1,['d350cdda9de738447b3372507bd8d264'],0.28071990238107447,0.21127073340682728,0.18581885715469207,0.46396910182525486,0,likely_human,1.0,0.21127073340682728,0.28071990238107447
UCVHZccq1NrMQhVt593QlGDA,-1,1,1,['ed5e4347f3defa97e1f4ed45096b8bcd'],0.33768540765461175,0.21100483581071067,0.11936290032499702,0.34224022297103485,0,likely_human,1.0,0.21100483581071067,0.33768540765461175
UC4La1d8rnjb_cOtODyj-jIQ,-1,1,1,['7c4aa61d79256f1bd0aae3ba3ed1f383'],0.3096990115954449,0.21098180518798174,0.14889308874258678,0.4083960475963275,0,likely_human,1.0,0.21098180518798174,0.3096990115954449
UC3lsgvwXKJ3xrFTFtJpCVfg,-1,1,1,['7dcbc2ad357a6314a70c706f4da14e4a'],0.3381782439985909,0.21047458101141997,0.13342971802144443,0.3079702943510758,0,likely_human,1.0,0.21047458101141997,0.3381782439985909
UC-0MFGsYxsWPLQUmauAU0Mw,-1,1,1,['88a97e97c47957ceddf0a7c7697c49c7'],0.24618132966217599,0.21038776192717637,0.20766932955773026,0.5757993475319959,0,likely_human,1.0,0.21038776192717637,0.24618132966217599
UCjuAqgsizMFm1Bc7brlisRg,-1,1,1,['ca3d683aa61a4bc5e2d74787c93e7e8e'],0.3259537054697106,0.2101948212581124,0.14397076088338093,0.33789484736543296,0,likely_human,1.0,0.2101948212581124,0.3259537054697106
UCgkHEP8kgFLmvjT8gnpv-Eg,-1,1,1,['1cec5f2bff84a5dc76e7952b980ce3ef'],0.2554803195372677,0.20992167052151253,0.19288418583771144,0.5503784258551166,0,likely_human,1.0,0.20992167052151253,0.2554803195372677
UCr4vWzd9i4owQum37ssOuiw,-1,1,1,['c55e277b71920ef5bdfb7c971a43f57e'],0.23042030063594915,0.20990912139572354,0.2314205666624221,0.5888617788534708,0,likely_human,1.0,0.20990912139572354,0.23042030063594915
UC3mcVIWXNjCtAYo9ce2x7DA,-1,2,1,"['58f65cd3b0935f0311449055f4058c82', '5c16198714364c928d9f3725169f16e7']",0.29918213621330136,0.20977993661788719,0.16101424712521806,0.42323743718311263,0,likely_human,1.0,0.20977993661788719,0.29918213621330136
UCRg0Y7BJ2zfsJK6iSBTuk6g,-1,1,1,['d3bea11bbe001e8cd60516473bf895d7'],0.3470945046531161,0.20977886218263098,0.09896266313041492,0.3183352530077402,0,likely_human,1.0,0.20977886218263098,0.3470945046531161
UCmcTHPe_b8zjsDZlKxo7u9w,-1,1,1,['e31c98823e3836746ad1f0dc00d97099'],0.2610628018022883,0.2095805480364452,0.19993872300274243,0.5099644872973704,0,likely_human,1.0,0.2095805480364452,0.2610628018022883
UCoeGS56J7yqkE2i5Mkq1C0A,-1,1,1,['9cc8792bafd8fde0dbfeb558dcd77ed7'],0.26201995955683066,0.20954085567869352,0.2083330322472401,0.5012997536601084,0,likely_human,1.0,0.20954085567869352,0.26201995955683066
UCoFnQ1CUBEyidBbo5gizW_A,-1,1,1,['dc1a288d3d48d8edb84b902419b57acb'],0.3375393059830961,0.20877269512057905,0.1189840905017778,0.321092935059942,0,likely_human,1.0,0.20877269512057905,0.3375393059830961
UC2ze6HLMvstFPfD_uUU2Dsg,-1,1,1,['8751039377dbc8dc438df4ffb8af267c'],0.3109336960282677,0.20848292995010811,0.13345492474011436,0.4120230583936839,0,likely_human,1.0,0.20848292995010811,0.3109336960282677
UCLxDFyhZYr0jNpp2bwRthaw,-1,1,1,['84acbc387d3ab55594d0f5a23fbe9537'],0.297838308681245,0.20767173544391154,0.13750103710501657,0.4563585491006318,0,likely_human,1.0,0.20767173544391154,0.297838308681245
UCtKe-6UJN4f33lqBDcA36YA,-1,1,1,['9ae708eda5068dd109b7f890ee50cc26'],0.2461197625719907,0.20650892877580215,0.22708761184087398,0.5075477333880914,0,likely_human,1.0,0.20650892877580215,0.2461197625719907
UC5C3ZWaq8hQrLQhK-bE6Xjw,-1,1,1,['8e9cdb96ec0bdc8547e881ed545c0f36'],0.25961198235391203,0.20530426400250318,0.18618027201278456,0.5097531022681517,0,likely_human,1.0,0.20530426400250318,0.25961198235391203
UCh8zUskcfrvi63dleUGNTUA,-1,1,1,['4bdf7e73e666f94f3827cf45b31fcdb6'],0.31083558467466077,0.20508554900236214,0.13621903409482,0.3532502104848027,0,likely_human,1.0,0.20508554900236214,0.31083558467466077
UCU6xkiVaGJUjPi3wQ1-Xntg,-1,1,1,['05dcd3fea05fa05e2899b544408a1360'],0.3251130856052634,0.20491126612526828,0.11653030596274458,0.3385457744868151,0,likely_human,1.0,0.20491126612526828,0.3251130856052634
UCjUp_lnBndtjq70PmnTfL8A,-1,1,1,['64cfacde2489ece6c828242a3c23117c'],0.2929033685878174,0.20489756526099873,0.15335447978603467,0.4089577684347856,0,likely_human,1.0,0.20489756526099873,0.2929033685878174
UCBqIsZYNBbDtyGoidQjh_PQ,-1,34,1,"['5c043a7789b348d1dcfcf8abab85bc22', '865e2ea7b2c06c4cfffc9348534e2a74', '616c2e8fafdecf27ae8c03b527e19af1', '40225603989f71840d5c8dee5699e997', 'b61b0962a07a88a7c14c750f429fb75e', 'e158f60828060b05ec1ca0f39be22d12', 'd0aac965077cf666136f5e820db70cb2', 'dd786dcbefc381c833fdac37a4e3b3e7', '4b42ac92a6e081095b774bef081acd83', '6b2f60876be6bf294dd32d7796bb6912', '7768c91f08312c458e4a004d547cc423', '9b2ff6193e07d456fe88959d1853f070', '59eb17ba121af3d222eec7e78ede35b9', '125336d83d94c5715dccb27aec6a1047', '10723bc3d293447d4006046e6509a1f1', 'ebac1eb9b31db99177efa9ca54db8be9', 'e7e17b8049528dc9a5a02203c3ff3576', '3afbe582ddd4cccc423f83f70f8b542e', '99aa89669934c9e0024f474217f2d5fe', '4d5cfe3bffc5ab302d011f6d5f60aaa0', 'fd6a7d1cabc366a765ff6e47a2557494', '7438febea04f2602ba47e2d5d9977c7f', 'a8741816b6e9d25b18c570b9a5f34523', 'c079dbc8f4e072bcbe419491394052d4', 'aa36f2f48ff91de6ba454ebca2f9b1a5', 'a7d5fb4a72c51d8181bd2772bd2c19c8', '75f50aa5b9ab5c17993d63e26710210a', '610d8043f390dd367f83d5420a341336', '3c770a6d2b568d7a229fcbd03fe949b3', '37fc70517ff2c60041c86b2f4d98789d', '1ea049584a528a80d2d6edabba6c2ee7', '1dcf965d94b73d9ae93ff40600274726', 'b9ddfe6d1f546e2eddb2dbd288649bd2', '54b6b62b59f6a0abfb762c8eda18a5c1']",0.26304120072208814,0.20452779213190497,0.16004960045932695,0.5396220661391984,0,likely_human,1.0,0.20452779213190497,0.26304120072208814
UCZjkmUg4ylsRM_uqhV32mBw,-1,1,1,['19cdeac6caf4fda8cbcbd9252f614bfe'],0.23395715875601517,0.20435842384744124,0.22521731043424792,0.5251855490241026,0,likely_human,1.0,0.20435842384744124,0.23395715875601517
UCCJcUDmjK_TQaheR4CzPhtA,-1,1,1,['5e7fa6c01c6731bcbb8b9b2866f8f134'],0.3117575121836479,0.20404533108907633,0.14363020918930655,0.329215688497133,0,likely_human,1.0,0.20404533108907633,0.3117575121836479
UCy8GP5VZpVJFJeymyL4XJNQ,-1,1,1,['1435c5860b8b25df66406e5073a11ba2'],0.3092937046883606,0.20347062355094792,0.14593371847136055,0.3358582159623156,0,likely_human,1.0,0.20347062355094792,0.3092937046883606
UCLboahbZIFMghpmBQfUVejA,-1,1,1,['bba62e1c1ff52d678577fa1f22ccb585'],0.25921589503123343,0.20346315634147283,0.19819766767314057,0.45677206221101063,0,likely_human,1.0,0.20346315634147283,0.25921589503123343
UCZCN7OxziTqJIClvRayhO3w,-1,1,1,['a4064ecacc6474d03df089641cb2ddf6'],0.33626990967037074,0.20337661551987268,0.08913244299669502,0.3284339985666619,0,likely_human,1.0,0.20337661551987268,0.33626990967037074
UC_YjsatUIXuXJOcztC1PQjw,-1,1,1,['e00fdec2d36e0e450a32e8c97849f77c'],0.3431158141859417,0.20334923271735847,0.07697015197763621,0.3191953734998878,0,likely_human,1.0,0.20334923271735847,0.3431158141859417
UCvXS_utX7LKQD1kpernFaxQ,-1,2,1,"['0bfde80f99c5623bfeb63a0b8c826e2f', 'c07417d83e0f68f3829eeb7c6b854452']",0.29773375648802786,0.20331134343198018,0.09749616631726181,0.49477013661430796,0,likely_human,1.0,0.20331134343198018,0.29773375648802786
UCKIEjKEigyPXQRja0ioFXhA,-1,1,1,['68616f4d8ec6670382923a2dc3443bec'],0.23044995101339485,0.20330594073564395,0.17227379357624506,0.6433955398952417,0,likely_human,1.0,0.20330594073564395,0.23044995101339485
UCa4jJIi4Sb3_5ssh-u8fpew,-1,2,2,"['a062681095404f3e2cd0bc552268c0d6', '8587ce8df4ecb103658970fa497a2707']",0.2697760502326235,0.20322964356041606,0.16290393904700864,0.4835132756391621,0,likely_human,1.0,0.20322964356041606,0.2697760502326235
UCPjIjx5aRJiCQ-7aDRFPYXA,-1,1,1,['93955dcabfd7927e1f69a9200a8882d7'],0.45072985957132294,0.20310213414634146,0.0,0.0,0,likely_human,1.0,0.20310213414634146,0.45072985957132294
UCecZUgcn_6lmmB8Mv-vgmag,-1,1,1,['60d1dc5c41bf9b5ea2aa54226e9d7f1c'],0.4504582409460458,0.20287804878048782,0.0,0.0,0,likely_human,1.0,0.20287804878048782,0.4504582409460458
UCK42_mpjxeX6oX0GzQ1N6LQ,-1,3,3,"['68dc20a6a1639ee584912b50c6dca23b', 'd813b9e74783d3911d47fca4384b21f8', 'bf3bcaff02ebcc24d22dff2ce8c0db40']",0.2574664442911563,0.20286727863818654,0.1874030878094407,0.4909742115611856,0,likely_human,1.0,0.20286727863818654,0.2574664442911563
UCi4W1fiKNdrUlBWqIc3WMsQ,-1,1,1,['730deabf690cefeb8cf4b0a4708d2da9'],0.45036400591278636,0.20280030487804876,0.0,0.0,0,likely_human,1.0,0.20280030487804876,0.45036400591278636
UCogBwKecx8WqTLOHJnS_TDA,-1,1,1,['2102bf9e49a8ff8585048b53fbf78b5e'],0.2834799705175222,0.20267484802072838,0.14475932011765782,0.44367293146121345,0,likely_human,1.0,0.20267484802072838,0.2834799705175222
UCxXH_m8Q-Y6QmWCCag58zLQ,-1,1,1,['190cd71d368cb2d88b74690fecd2e597'],0.2928393732315091,0.20240587106557062,0.13831045192843902,0.42326058009370515,0,likely_human,1.0,0.20240587106557062,0.2928393732315091
UCvtv3u8FCGIBlntSKWUT9Vg,-1,1,1,['91e5b10207635a377a7a2a1a4bfce6cc'],0.2838580570953119,0.20214533483246733,0.1775776281311157,0.377495919177086,0,likely_human,1.0,0.20214533483246733,0.2838580570953119
UCflGYmmboZa6xXcDMpbKDqQ,-1,1,1,['767939415745f7d0a06635caa65a364f'],0.2785254667937114,0.20188747400451088,0.1799959524423447,0.39994743848914766,0,likely_human,1.0,0.20188747400451088,0.2785254667937114
UCeeANKWkaGjyD55NBzYbMAA,-1,1,1,['c23c900fecfd345c22ae4e9bb97786b0'],0.25072166954575037,0.201798600343161,0.16167718544839965,0.5488284850292406,0,likely_human,1.0,0.201798600343161,0.25072166954575037
UCFMR4B_dBPhoMb8ytUdsOvg,-1,1,1,['36201b1e3811dd0e1aa8d0f7146c819b'],0.3287599246483456,0.20164735130875566,0.11284745269327931,0.3007059549918735,0,likely_human,1.0,0.20164735130875566,0.3287599246483456
UCTWk826G2ExSzQpgyRAFoHw,-1,1,1,['8aa44e45f6b0c4e42439b1edbd6f4e07'],0.27267226739839123,0.20115815228532352,0.15631681580804874,0.46992360766619534,0,likely_human,1.0,0.20115815228532352,0.27267226739839123
UCfkyQvjuHffEhl91D9AflOA,-1,1,1,['0c4e3699e6bc05bca741aaa601b93548'],0.445620842572062,0.2007621951219512,0.0,0.0,0,likely_human,1.0,0.2007621951219512,0.445620842572062
UCKWvJVyGRnU5fEI9v_SQIjg,-1,1,1,['31030e53a329a6b03d358a6fedb33f5d'],0.44561714708056166,0.2007591463414634,0.0,0.0,0,likely_human,1.0,0.2007591463414634,0.44561714708056166
UC9y69M3xFvryH183t_yUTjA,-1,1,1,['5a1ae4ba420c4c26401a51114b121fa4'],0.309704008949557,0.2007388694499309,0.1580703509086882,0.29910108412705533,0,likely_human,1.0,0.2007388694499309,0.309704008949557
UC9WT9nqofvN3abZeL8M4rCQ,-1,1,1,['42d59eab54d728ba4dbaafb3144f6f1b'],0.25683514558321097,0.20071412656273885,0.16984484670114655,0.5032082446505944,0,likely_human,1.0,0.20071412656273885,0.25683514558321097
UCkXMOnBveMOwmnhd_gt3uxw,-1,1,1,['182c44a1ea2fce441506030322df8ba6'],0.44546563192904653,0.20063414634146343,0.0,0.0,0,likely_human,1.0,0.20063414634146343,0.44546563192904653
UCc6sqS21OR6_g5Beb-nBGGg,-1,1,1,['c8ec6f542c4e3f0b4119876d9c705809'],0.445460088691796,0.2006295731707317,0.0,0.0,0,likely_human,1.0,0.2006295731707317,0.445460088691796
UCq5dKC9CRek1K-MKofN9x-A,-1,1,1,['3d2a57773754dcf286910a53a76c1c68'],0.243504912168628,0.20058559204516713,0.14233939591938302,0.6179368104760141,0,likely_human,1.0,0.20058559204516713,0.243504912168628
UCagEVczGkolXhFnUe4oC1Sg,-1,1,1,['1e13ea159d8e5ba3206e6ec87cc0ccda'],0.4453898743532889,0.2005716463414634,0.0,0.0,0,likely_human,1.0,0.2005716463414634,0.4453898743532889
UCfjW2aG07v3hy0MdbrpnAag,-1,1,1,['01f607049f55c72b98d3784daa1355c1'],0.44538802660753873,0.20057012195121948,0.0,0.0,0,likely_human,1.0,0.20057012195121948,0.44538802660753873
UCLE7aTdA-uPip4NIgjBzOCQ,-1,1,1,['235f2d6eb6873aba736381bc7cd64970'],0.44524390243902434,0.2004512195121951,0.0,0.0,0,likely_human,1.0,0.2004512195121951,0.44524390243902434
UCWBf6AHwRD752Hi6B8_vF_A,-1,1,1,['46dc6f0eb28f9776b71bee4587f1df99'],0.4452346637102734,0.2004435975609756,0.0,0.0,0,likely_human,1.0,0.2004435975609756,0.4452346637102734
UCpOoStTsmR4yBFORwOwLQFg,-1,1,1,['e2d0cbb94706282ab73dd57ab21903fc'],0.249423253578276,0.2000356919081599,0.18389751646467803,0.49855043192587034,0,likely_human,1.0,0.2000356919081599,0.249423253578276
UCpCIpjN0NF01o5QBgUzWVLw,-1,1,1,['83546d2f541f42ad1fa7d43aa2ffd183'],0.29732653511622387,0.20001720837093676,0.13503005355621753,0.3698950124457683,0,likely_human,1.0,0.20001720837093676,0.29732653511622387
UCdRDH2Rqp-qx8SHVVcvQ7eg,-1,2,2,"['bb1a367dc18290c0f2e491f6755d41f6', 'd29606d441d4fd9b73058d21acf8cdba']",0.2941822524267365,0.1999956895345763,0.12290500215937217,0.4176953843394367,0,likely_human,1.0,0.1999956895345763,0.2941822524267365
UCqWMj-5mm6RDCshVZwsJATQ,-1,2,1,"['5f8bd5ac3a66d82b7a117e28d19c6177', 'b1a891e32952dc42006bebf3dc91ae7e']",0.2564965877766605,0.19995424248491783,0.15694912313773526,0.5171829417510807,0,likely_human,1.0,0.19995424248491783,0.2564965877766605
UCqY3LzlUqOybn54O22ZhufA,-1,1,1,['5748e93d3f703cc829f0b6c3a994a0c9'],0.30172133484919633,0.1998535222649494,0.120591749251721,0.3865712958115538,0,likely_human,1.0,0.1998535222649494,0.30172133484919633
UCCGP4Zktxh5Nwi-YG4vkINQ,-1,1,1,['b51159f0888696d2fc90ffb751f93bbc'],0.30933199987163473,0.19968201316009698,0.13071905421936764,0.3369843500611737,0,likely_human,1.0,0.19968201316009698,0.30933199987163473
UCRspky3sgHLiAsZBrQaf4Lw,-1,1,1,['b8e72190d1e2ba8de3e4ad24e9c96f7c'],0.26208622330128123,0.19929536024031205,0.1779505976468502,0.4505881870310717,0,likely_human,1.0,0.19929536024031205,0.26208622330128123
UC_hLguUJ-7pSg3ew3mz-czg,-1,1,1,['d96fd805f6d03a2f1c06311b33f3808d'],0.28593134036155793,0.1992201418350003,0.143012632577659,0.4087036336856413,0,likely_human,1.0,0.1992201418350003,0.28593134036155793
UCUuDWKZwe3T-fYCoO0T1vyA,-1,1,1,['fe8932de5775cb59ee7f9e2981f7a3f3'],0.44060051736881,0.19849542682926827,0.0,0.0,0,likely_human,1.0,0.19849542682926827,0.44060051736881
UCzWpJn0P9a8Vw6Wdjf5ZMPg,-1,1,1,['ed5a6d53b7184577605bd812ccbbec7e'],0.44060051736881,0.19849542682926827,0.0,0.0,0,likely_human,1.0,0.19849542682926827,0.44060051736881
UCHtdSSRRFnfCX5oI4FN6gOw,-1,1,1,['3563091b5ad5a0e274c25c8efb1bcb6c'],0.44047671840354763,0.19839329268292683,0.0,0.0,0,likely_human,1.0,0.19839329268292683,0.44047671840354763
UC0OD_16O2sSf_Xh7VJzG7lA,-1,1,1,['1b7f7729844d153870735787aaeae1e0'],0.44041019955654104,0.19833841463414636,0.0,0.0,0,likely_human,1.0,0.19833841463414636,0.44041019955654104
UC-GwqpSnGjD9J1ifByMGAWA,-1,1,1,['8acba048e2aca261bc9164aa42f5e461'],0.4404028085735403,0.19833231707317076,0.0,0.0,0,likely_human,1.0,0.19833231707317076,0.4404028085735403
UC_BAQhU7820uJDr2OQLaJdQ,-1,1,1,['a886d3d2286f645c9743ba152d63bb52'],0.26542298541756537,0.19822519791047452,0.17742373855624394,0.42027671399743216,0,likely_human,1.0,0.19822519791047452,0.26542298541756537
UCsacuHZ6VLE00QJenB47Gtg,-1,1,1,['35e69920923a852f8d9823d50b63341b'],0.4401736881005174,0.19814329268292682,0.0,0.0,0,likely_human,1.0,0.19814329268292682,0.4401736881005174
UCMqni-c_0gjrR8PDGZCf5qw,-1,1,1,['074bf57f905929869eec9e8ee417b01d'],0.440169992609017,0.19814024390243903,0.0,0.0,0,likely_human,1.0,0.19814024390243903,0.440169992609017
UCwdPBwbU_daHaqQHMRo1hjw,-1,1,1,['f742ca1b5080a28db96c77d365749f6e'],0.30473275533612476,0.19810906021177888,0.10817162204182651,0.3855982706551996,0,likely_human,1.0,0.19810906021177888,0.30473275533612476
UCiLyrJhKSmlIWEAXDrj1MDg,-1,1,1,['9d8ee486933f37b471528b99cce39f2e'],0.262948778738635,0.19800142336777093,0.17116550528127045,0.44547695469601656,0,likely_human,1.0,0.19800142336777093,0.262948778738635
UCb6w3EkvFlwctKOzelje2xA,-1,2,2,"['b99d06d6211333d0583150c6aca143f2', 'f30106b30deb935f5eb388228057a697']",0.24864893634828356,0.19767322527647774,0.18810761831953468,0.4826241517345356,0,likely_human,1.0,0.19767322527647774,0.24864893634828356
UCBgBk2zUg8Xng1wJuSDBayA,-1,1,1,['6fe2841718c4f26dfa657c5c8b28a66b'],0.2893591441918543,0.19762536687961468,0.12775424442745623,0.4046640507725275,0,likely_human,1.0,0.19762536687961468,0.2893591441918543
UCUPJ3EJulZFj4QE8xkBRu2Q,-1,1,1,['1114911212c26a40c718a6d23bc1f5b6'],0.2879519335468963,0.19714722231048118,0.13538655137534708,0.3981356142425799,0,likely_human,1.0,0.19714722231048118,0.2879519335468963
UC0Gdwc_TvtvtiqiV7l8UxLg,-1,1,1,['45596f26dff19fb32d9f33fec9f0f890'],0.30539010232318053,0.1968604244545631,0.12553048736171357,0.3355971160765171,0,likely_human,1.0,0.1968604244545631,0.30539010232318053
UCsLUdthze6WxGEYKkGKU8fQ,-1,1,1,['640e2024f9ad435266620dcc81f1ecea'],0.30792427524134114,0.19672658734078527,0.0986691717770788,0.36876659118775856,0,likely_human,1.0,0.19672658734078527,0.30792427524134114
UCHJ3GWaBeVdEkutJa2Ltq7g,-1,1,1,['ca4d5881d2dbb45ccb4f354dd9c7cc00'],0.22816332494978678,0.1966182750765197,0.2148340533524412,0.49352688649149096,0,likely_human,1.0,0.1966182750765197,0.22816332494978678
UC_SzN5xIyot7TkQRilcAraw,-1,1,1,['e98d2990125a6d62b2859df63144e6b0'],0.30160238164792796,0.19640913720790287,0.10878696859164858,0.3794798630406803,0,likely_human,1.0,0.19640913720790287,0.30160238164792796
UCpAE4IiY1pE4S49JGU9uM7Q,-1,1,1,['a5a81fe591435ba07e520127fb128732'],0.43572985957132293,0.19635213414634145,0.0,0.0,0,likely_human,1.0,0.19635213414634145,0.43572985957132293
UCAFAhoh4XBHhX3Zy59hMREA,-1,1,1,['66d45679ae95f9390190ea0bae6668ea'],0.4357224685883222,0.19634603658536584,0.0,0.0,0,likely_human,1.0,0.19634603658536584,0.4357224685883222
UCBF9c5zXr-I-MHLMa-HQjTQ,-1,1,1,['247acaf853a048f4e083d4d40e75784d'],0.43571877309682183,0.19634298780487805,0.0,0.0,0,likely_human,1.0,0.19634298780487805,0.43571877309682183
UCJFp63klRN4YSlRabKHnsNQ,-1,1,1,['93dcff5b4717d856e1cd16b8d6749c67'],0.4356984478935698,0.19632621951219512,0.0,0.0,0,likely_human,1.0,0.19632621951219512,0.4356984478935698
UCn8D4ybZOPKNs7mhjfZ3j5w,-1,1,1,['266a3ac51b0317665830afe0c145660c'],0.4354785661492978,0.19614481707317072,0.0,0.0,0,likely_human,1.0,0.19614481707317072,0.4354785661492978
UCPwjewPHFqN0chExJGIHKLw,-1,1,1,['5b30a7835a8163bac3c93f627eec14a9'],0.43547302291204726,0.196140243902439,0.0,0.0,0,likely_human,1.0,0.196140243902439,0.43547302291204726
UCg28DRaVncqepMUYBUr2wqA,-1,1,1,['7198bd0c12e9426f43bfef58eeaa797e'],0.4354711751662971,0.1961387195121951,0.0,0.0,0,likely_human,1.0,0.1961387195121951,0.4354711751662971
UCH2ZTGim7ZfmDVnNMJlpIcA,-1,1,1,['5dc9e5c48ca9d4ec4acc659d8b1b6b37'],0.4353769401330376,0.19606097560975608,0.0,0.0,0,likely_human,1.0,0.19606097560975608,0.4353769401330376
UC22oHzXyXUuI7Dwf4swr5Iw,-1,1,1,['9d83c931c4a930bdb922158f5d4c2091'],0.4353713968957871,0.1960564024390244,0.0,0.0,0,likely_human,1.0,0.1960564024390244,0.4353713968957871
UCauuP1DUgB2CgFxvliEiQ8g,-1,1,1,['fa3895a6478da968d0feef39dd904815'],0.277259927677181,0.19593360423732942,0.12878700397719728,0.44115276729090896,0,likely_human,1.0,0.19593360423732942,0.277259927677181
UCT4-PFl8WFm7RlvqUDeKljA,-1,1,1,['6affbc2d493c3a0be4fe17ee17a90e1f'],0.26302009027321305,0.19557100978311034,0.1669438530649492,0.4307573701476701,0,likely_human,1.0,0.19557100978311034,0.26302009027321305
UCIYCaMLrLMnI5CyYs0e-TKg,-1,1,1,['803b4d00cdc8d5008e7a0a91e8988beb'],0.2553066409727812,0.1951584739793865,0.17772423008092733,0.43664097150601755,0,likely_human,1.0,0.1951584739793865,0.2553066409727812
UCfcNSUVklxm1orgj6KjHTrQ,-1,1,1,['ea924be5f044717e5efa4ca6df41bc40'],0.27823603588486207,0.19495327940328433,0.15541880362047505,0.37131001370216093,0,likely_human,1.0,0.19495327940328433,0.27823603588486207
UCm38iSLZDAq9oJtRjk5HjUw,-1,1,1,['ced57f8229437af024e1a4985e8127eb'],0.26279068681292617,0.19480644771349753,0.1675107236350201,0.4265928173502004,0,likely_human,1.0,0.19480644771349753,0.26279068681292617
UCrfD2AzGDAYXpRrbkOznWFg,-1,1,1,['dbb0ba67d7098568b0dab8f05d1efafc'],0.4306892091648189,0.19406859756097558,0.0,0.0,0,likely_human,1.0,0.19406859756097558,0.4306892091648189
UCMrjzCQHSgo1r-dS9bVe7xQ,-1,2,1,"['945a39f1e1c2c8c91b50459c7aaa1f71', 'ea2807ee5b859e4ba4b155e807301b67']",0.43059992604917724,0.19399493899057124,0.0,0.0,0,likely_human,1.0,0.19399493899057124,0.43059992604917724
UCC5AiMD0Huaqk7pYxqKguxA,-1,1,1,['11424130657b1f97f8067429323d7790'],0.43031966001478195,0.19376371951219512,0.0,0.0,0,likely_human,1.0,0.19376371951219512,0.43031966001478195
UCZzD4-p1FMLopS8Q_iYqPtg,-1,1,1,['9598a4915b99554eba04fce85d306fbb'],0.4302716186252771,0.19372408536585362,0.0,0.0,0,likely_human,1.0,0.19372408536585362,0.4302716186252771
UCAWiuZ8CZbJgAxg_LH552NA,-1,1,1,['e8da6455f855f152019f521c8c504238'],0.43024205469327415,0.1936996951219512,0.0,0.0,0,likely_human,1.0,0.1936996951219512,0.43024205469327415
UCsjqBB7XGAZlf5ewzyTGEWg,-1,1,1,['d3a184216e13a318275b705337ffc7e6'],0.4301792313377679,0.19364786585365854,0.0,0.0,0,likely_human,1.0,0.19364786585365854,0.4301792313377679
UCN_cQ5l3GUidDATfTag7o_A,-1,1,1,['18716a3333b162b14c9342acdac14ffa'],0.25118619671564923,0.1936020391689912,0.18328274631352168,0.4259915986684926,0,likely_human,1.0,0.1936020391689912,0.25118619671564923
UCmObeN0SPCEz5DgFyzPehxg,-1,1,1,['b89b31f47b6a98756c6cb91a6c7c3ee8'],0.4301034737620103,0.19358536585365851,0.0,0.0,0,likely_human,1.0,0.19358536585365851,0.4301034737620103
UCVzz4vVnvrQf1X4p2_XospQ,-1,1,1,['f6a5db25238aab3402ba608835e6da70'],0.20947671227836698,0.19325037690941851,0.21415381631037206,0.5418838777295555,0,likely_human,1.0,0.19325037690941851,0.20947671227836698
UC1syRUuWi8q4RGXzKuLkfXQ,-1,1,1,['b9dd8ccf04a3ec49988e61d6b0b7d5d4'],0.2694059121683372,0.19319456195857956,0.14149223680008807,0.41066500641210296,0,likely_human,1.0,0.19319456195857956,0.2694059121683372
UCMWNxUAdyvr9TdVsJPC3hog,-1,1,1,['b1c4d3727b4a4bb074b011626449f9db'],0.2725802848000849,0.19216805481798,0.16151066641499667,0.35166873809918525,0,likely_human,1.0,0.19216805481798,0.2725802848000849
UCML3IKFPXLuPLBOOtdXKCHw,-1,1,1,['f06083a7f3276db95da2ca351d65c51c'],0.2782773508901264,0.1920910329808584,0.16208062342075116,0.33048444231630614,0,likely_human,1.0,0.1920910329808584,0.2782773508901264
UCutUnR7L15TFhegzrv16lng,-1,1,1,['6078d72040c51eb791587afaa8d79a77'],0.21072066910220388,0.19201320035650474,0.21519074975263086,0.5225977775061197,0,likely_human,1.0,0.19201320035650474,0.21072066910220388
UCkYy3kxIOhtFZMrmhoUitQw,-1,2,1,"['6cafe88e9e27b5bc53ee9820b59bc2e1', '2503ec0f4a2d3e7044be06b7246a3a03']",0.22075991151546642,0.19196209302570394,0.20183109310727157,0.5080486870149165,0,likely_human,1.0,0.19196209302570394,0.22075991151546642
UC8brFWqcjgnhTDZq_hw7R1g,-1,1,1,['72b5b3e619bae8c6ba3bb4e8a6252fce'],0.2825358168504394,0.19188218495844367,0.14151160577217847,0.3505548222525142,0,likely_human,1.0,0.19188218495844367,0.2825358168504394
UCiujhp7QL7B4qMHragb2usg,-1,1,1,['da167e83c839c41a2832b1db304b4ebb'],0.42553030303030304,0.1916875,0.0,0.0,0,likely_human,1.0,0.1916875,0.42553030303030304
UCwO5jMtv5h7IFzNqrIFj7Sw,-1,1,1,['7779effb5f6c8078dad18640be0e583c'],0.42552845528455285,0.1916859756097561,0.0,0.0,0,likely_human,1.0,0.1916859756097561,0.42552845528455285
UCqACwIAKm3fZIWFL8qjVo8A,-1,1,1,['fabf484eebe3593a2e60b4bc42f0c0cc'],0.42550813008130073,0.19166920731707313,0.0,0.0,0,likely_human,1.0,0.19166920731707313,0.42550813008130073
UCaJp9Yn4cEffctOtAVq3zAg,-1,1,1,['04bcf035061df67fed0d2d66f1360292'],0.42550813008130073,0.19166920731707313,0.0,0.0,0,likely_human,1.0,0.19166920731707313,0.42550813008130073
UCRF31ersViUd1kegojMZKCQ,-1,1,1,['a29bc0e250d6c21d9a692c801bce436f'],0.42547487065779743,0.19164176829268292,0.0,0.0,0,likely_human,1.0,0.19164176829268292,0.42547487065779743
UCmmtPV2qusmpDcozqEKKq3w,-1,1,1,['b8852461e1b885a47578b5243aa235f2'],0.23460467096516582,0.19159168989740427,0.186781338389052,0.47953031583316297,0,likely_human,1.0,0.19159168989740427,0.23460467096516582
UCbUTGz8R1YHDGUOrwVMjzgA,-1,1,1,['7fc31735fddc527056ad6d707f3a988e'],0.29481778741421893,0.1910740972129144,0.1296396049490276,0.3118136278631106,0,likely_human,1.0,0.1910740972129144,0.29481778741421893
UCy0dWprGeHHUh5l-kobUQ1A,-1,1,1,['bcd99b1f15d1cf1d4e13aacc71548dad'],0.27298209872814416,0.19105386329348653,0.1513881473806709,0.35813311280906024,0,likely_human,1.0,0.19105386329348653,0.27298209872814416
UCAcok1f448Otjieb82zr2uQ,-1,1,1,['bf0c4c369645766fcedb114423f86f0e'],0.23408805487907836,0.19025556841675,0.17673999401843962,0.47986803484550994,0,likely_human,1.0,0.19025556841675,0.23408805487907836
UCVB6rQIq_YO0E0o22vq7xjw,-1,1,1,['8dcf23620f7eb136afcddf62fb26de1d'],0.26759893121408657,0.19019100901151348,0.1454083035733884,0.404700279492065,0,likely_human,1.0,0.19019100901151348,0.26759893121408657
UCZHHzf2q57b9ygeQskJ6nNw,-1,3,1,"['1c02410b1d48b8d36dd4b99d354301be', 'c11d9aab5c3f2409b8f02faab53ee2f7', 'ab2139e3c5cc6204b8edd3661e349862']",0.4220267603896904,0.1900470773214946,0.0,0.0,0,likely_human,1.0,0.1900470773214946,0.4220267603896904
UCgHHw2_5Zb27PNblYb6ihlA,-1,1,1,['a134ac88b88b6a4f1afdc2ff86fcde79'],0.24408700606948888,0.18961216438080908,0.18617939410180484,0.4237199876560108,0,likely_human,1.0,0.18961216438080908,0.24408700606948888
UCVnS0ycQ6nj5S0z0j_eWSWg,-1,2,1,"['52fc57319c62fad8b2aa2608e2fed430', '39d22a99ab1541a1180f73926eff48ea']",0.4204899242004067,0.18940418746533555,0.0,0.0,0,likely_human,1.0,0.18940418746533555,0.4204899242004067
UC4niLiWZI4XpghTnPwjip4g,-1,1,1,['794f6f2e12830aae00576c9263e1ad0a'],0.4202827050997783,0.18923323170731707,0.0,0.0,0,likely_human,1.0,0.18923323170731707,0.4202827050997783
UC7ghz_2AFFvoftXlp0O78nQ,-1,1,1,['f21b4fb37d69b0223ccdef8f64dc255f'],0.24937143018787802,0.188116281520947,0.1829376143505637,0.3787645784333417,0,likely_human,1.0,0.188116281520947,0.24937143018787802
UCiSdIYTSAryLO3M1d1sSMtg,-1,1,1,['8124350913f9c111736f135f123aca84'],0.26582218695713444,0.1876660960482977,0.16128144635695948,0.3508673611484,0,likely_human,1.0,0.1876660960482977,0.26582218695713444
UCbw9gM5DzlxvMEx9Z68cjUA,-1,1,1,['d3f739bb4c792dd8b1140ca818832009'],0.41571507760532145,0.18733993902439022,0.0,0.0,0,likely_human,1.0,0.18733993902439022,0.41571507760532145
UCMTyXLwY3xuxUwUnkqL5a-A,-1,1,1,['08dcfa2f0074adcc6c8535982f7485f5'],0.4156762749445676,0.18730792682926828,0.0,0.0,0,likely_human,1.0,0.18730792682926828,0.4156762749445676
UCSTJRdxMP65WaTXGGrqT-2g,-1,1,1,['a0d59085393dfb288e721a40c8ced296'],0.41567073170731705,0.18730335365853656,0.0,0.0,0,likely_human,1.0,0.18730335365853656,0.41567073170731705
UCeWRII8Md7Vo41XuiE0CQ5w,-1,1,1,['89b581cfa15c066610b1d75e0ccdfe50'],0.4155099778270509,0.18717073170731702,0.0,0.0,0,likely_human,1.0,0.18717073170731702,0.4155099778270509
UCAenkqlYR6HZcQl300gRQVw,-1,1,1,['f745472dfcdbe428a534704c9b95a95c'],0.415480413895048,0.1871463414634146,0.0,0.0,0,likely_human,1.0,0.1871463414634146,0.415480413895048
UCI_hCGuh0MPnvOR9x6ttCDQ,-1,1,1,['f136d5e56349c225944b929bfe74bdb5'],0.20478929679571126,0.18708630873679982,0.19202711981400378,0.5498803297212692,0,likely_human,1.0,0.18708630873679982,0.20478929679571126
UC-WXj5co89gywZMIdOgLu-Q,-1,1,1,['af8a73ff0764297746405f19d854ce6b'],0.25738858252088626,0.18702028872698898,0.14436581700427287,0.4130994151983481,0,likely_human,1.0,0.18702028872698898,0.25738858252088626
UCojCS7WxogK5V7mY51t-DKA,-1,1,1,['fa286ea36d54f04e1619c49ba44cb2d7'],0.4153252032520325,0.18701829268292683,0.0,0.0,0,likely_human,1.0,0.18701829268292683,0.4153252032520325
UCY__dlu7CU9XCFTzPOZCdgw,-1,2,1,"['615fe9da648a40b1c148c7d95b793b15', 'a09abd9fec5d61270b2769f571cec8af']",0.4153244592346089,0.1870176788685524,0.0,0.0,0,likely_human,1.0,0.1870176788685524,0.4153244592346089
UC9aCmCwOt-YvuzuzYr5b8qQ,-1,1,1,['05e9d36a0319019447f02d6a0727a8d0'],0.18910340835466233,0.18667484591469208,0.20062635681420635,0.602147235677768,0,likely_human,1.0,0.18667484591469208,0.18910340835466233
UCxj3DAu1ihAOL8Ew16BiSDw,-1,2,1,"['bff03dda36dbdb7793cd3cf9e42f8cb6', '033d4c482b4b58c56fbb1361496bec21']",0.18849142763407403,0.1866195046426551,0.2239872841434158,0.5725896586568037,0,likely_human,1.0,0.1866195046426551,0.18849142763407403
UCLE_ZuaY0sIZ_MFkseXgQ5w,-1,1,1,['8d9321ac100ab2d04d32e3c5957c4dc7'],0.25205305097571973,0.18660738099281954,0.14735509333220517,0.41621498272101287,0,likely_human,1.0,0.18660738099281954,0.25205305097571973
UCdAr1lkx5d4qkNj-oCGBPLQ,-1,1,1,['7dc713e2d757aa63f8c2e690ef4edd1f'],0.23362232154850887,0.186386183856747,0.1765652882502155,0.4404465118178715,0,likely_human,1.0,0.186386183856747,0.23362232154850887
UC3ogKqtzn8tm07H8DbWk3PA,-1,1,1,['7d25ccf34a666ef621ef6a73fd76c094'],0.22667282177003906,0.18610260111590282,0.18372550464362722,0.4473001465066485,0,likely_human,1.0,0.18610260111590282,0.22667282177003906
UCWnrGIpI1W9oa5Pf9oN2l0g,-1,2,1,"['74c110f1c726758ecb7ef3320a9312cf', '97fed956d34269b8fb02fa7890807e34']",0.4130583287114069,0.1860856211869107,0.0,0.0,0,likely_human,1.0,0.1860856211869107,0.4130583287114069
UCuN8lYPUFdOKmDaDdYI787Q,-1,1,1,['a7f2b419fc1360e0f167fe810a6ab9ee'],0.41053769401330376,0.18494359756097561,0.0,0.0,0,likely_human,1.0,0.18494359756097561,0.41053769401330376
UC3jHyzqX3mFbFLD4DO3cU3Q,-1,1,1,['6e411f793ffd9c8b013f7c4ceef17273'],0.2022517586455245,0.18459815111959543,0.21193931106755443,0.4991061301806741,0,likely_human,1.0,0.18459815111959543,0.2022517586455245
UCk3zDwtg4YOQf4fSropS2xg,-1,1,1,['bd7c13dcf6999ec7a6593dd1f9fdfc73'],0.1999735975042135,0.18424715183850499,0.21766883841145113,0.48676809283706357,0,likely_human,1.0,0.18424715183850499,0.1999735975042135
UCCupdOX4iuGaByUZpxW796w,-1,4,1,"['eab2310fef3a99ac433603f74916d1f9', '37c893a3a29fde51afce1fd2649ced90', '3ee38f05cdc56b4b7e6310450df7edf1', '762d13b80f935c7736798df250ae0d5a']",0.4091187766055895,0.18424174069961133,0.0,0.0,0,likely_human,1.0,0.18424174069961133,0.4091187766055895
UCLZwhShejAWovrN2m41mWYA,-1,1,1,['71e38321ca35eaa1fab25eced7df9f67'],0.24639863861478212,0.18355672777066226,0.1672266419904406,0.38660902307643796,0,likely_human,1.0,0.18355672777066226,0.24639863861478212
UCq1LzzkyDZj8yG7UAmvVDzQ,-1,1,1,['00f37ee4b8d1f09934ce6ffce94d11d6'],0.2489046080312683,0.18292350755067782,0.1534390178449466,0.3879463497651997,0,likely_human,1.0,0.18292350755067782,0.2489046080312683
UCNezQBVNhILJiMqN29caIVQ,-1,2,1,"['d5a5013f67ab9ad5acddd5fb0dc16471', 'fb3847f21b4e48f234b7aa26a02d3cd1']",0.24737071514164044,0.1827193140601478,0.1674947326119562,0.37908767120516945,0,likely_human,1.0,0.1827193140601478,0.24737071514164044
UCE0TQA_vTE8pA4Bi9uZsXIA,-1,1,1,['1e0bb6c3baacc93a1da6f5ee315d3e21'],0.4055672579453067,0.18271798780487802,0.0,0.0,0,likely_human,1.0,0.18271798780487802,0.4055672579453067
UCB_v65qZoOMKHQMZe5yWN0A,-1,2,1,"['8d744613ac483e38dee46f5f5e728ad4', 'b83dfcd188cbfd5c5c295aaadba2aaae']",0.2374749429367563,0.1827130182095264,0.18460351762177646,0.3873625787657801,0,likely_human,1.0,0.1827130182095264,0.2374749429367563
UCq8nw-_swaPrAoPApUAPC-A,-1,1,1,['cd61f598ac35af1c268e20dfae13fe00'],0.4053252032520325,0.18251829268292682,0.0,0.0,0,likely_human,1.0,0.18251829268292682,0.4053252032520325
UCPrPRaY6vlr-aMGqjtMIZkw,-1,1,1,['ca7af533f568d63e42d6c610c6d6abfa'],0.405290096082779,0.1824893292682927,0.0,0.0,0,likely_human,1.0,0.1824893292682927,0.405290096082779
UCjLCBOhvRZpU_igpKc6UMjg,-1,1,1,['4c382625e78b457054c1f5efa72f2cd8'],0.24409769647849533,0.182005500976226,0.15790362093723695,0.39043520997109443,0,likely_human,1.0,0.182005500976226,0.24409769647849533
UCGiGhDVSBmLRQXSQjEKofVw,-1,1,1,['0957925ff0185d289bcfe508b9dcb587'],0.2109782368876185,0.18135902467840073,0.19914265435206627,0.45990972085454607,0,likely_human,1.0,0.18135902467840073,0.2109782368876185
UCv3dcP7SOvFU1JG-pHlUiww,-1,2,1,"['a825f9dede0fa44b3f08c2959f80a9d9', 'e236e15a2bb6460e70835abf6035bd4b']",0.40275143279718983,0.18133243205768163,0.0,0.0,0,likely_human,1.0,0.18133243205768163,0.40275143279718983
UC4BrmHU_W01-Egv8KztRMhw,-1,1,1,['de5c8fe08820374824b1b3660eb6dce4'],0.23733323025981568,0.1810423068468111,0.14299307659852162,0.44566071731212215,0,likely_human,1.0,0.1810423068468111,0.23733323025981568
UC7VIwlmfXD2FZVFjBbjDJZg,-1,1,1,['6eab9b1345434551f8384f488d46bdb8'],0.23861962920216478,0.18081452133044834,0.13004096848702273,0.4585639607593451,0,likely_human,1.0,0.18081452133044834,0.23861962920216478
UChDo8P7DoRTfSO190fhqICQ,-1,1,1,['88cc614459608062020b274d05917039'],0.4006208425720621,0.18051219512195124,0.0,0.0,0,likely_human,1.0,0.18051219512195124,0.4006208425720621
UCGk9pC2zRifZqLFPnlEdUPQ,-1,1,1,['fcb35e1b9b2a09eeeacf1d36f71dd8d2'],0.23828877638809282,0.17988596244140612,0.15175424060040021,0.4017835281369928,0,likely_human,1.0,0.17988596244140612,0.23828877638809282
UCFeENAbpXmPrACJZxUJ4GpA,-1,1,1,['b301b0fb9dfa6a1c73ba5931bb91ccab'],0.21879884945680717,0.1796956288914837,0.16731873665808916,0.46992210446977944,0,likely_human,1.0,0.1796956288914837,0.21879884945680717
UCumTiSUMMP51WtHlW4MsxVA,-1,1,1,['e73626094d04e2a31978b4e5bfe45020'],0.2105586529411117,0.17932659928049877,0.21143114415463757,0.40974668119729607,0,likely_human,1.0,0.17932659928049877,0.2105586529411117
UCxMWOr4LtsHJbCm_fSWJbrQ,-1,2,1,"['2b606360d43d03e05d405d071cfdb56f', 'd3824f12885accaabd05bdef2949beed']",0.39770428914771677,0.17904353854686633,0.0,0.0,0,likely_human,1.0,0.17904353854686633,0.39770428914771677
UCCwFWQN38GZ1_8Gmmyy5JOQ,-1,1,1,['c41fc5b0204b5f076ee3b44c7ef9b63e'],0.20937357786380043,0.17880733702920615,0.16413115337991557,0.5041074844423687,0,likely_human,1.0,0.17880733702920615,0.20937357786380043
UCEffhQ8RrH5sp6C3898K2vA,-1,1,1,['76c65dba995ad41f7f716d1fa27da722'],0.1739686186395093,0.17877938840847268,0.18686641756294808,0.6209679970183686,0,likely_human,1.0,0.17877938840847268,0.1739686186395093
UCsFXoCtjaE1fx8o8kElgUxg,-1,1,1,['3e4c1db986fc4844f5c2e6e4543373e9'],0.18270460378150552,0.17877229206459144,0.17564789682247095,0.6031321836849843,0,likely_human,1.0,0.17877229206459144,0.18270460378150552
UCUHhFRDz1F-DdRioWlraDDA,-1,2,1,"['1f433abb5657865e4d7b07a4126f8730', 'e25320cb45e29819b3dd350b232c5736']",0.21668321372901644,0.17837533809279224,0.14653403342664312,0.504657919814535,0,likely_human,1.0,0.17837533809279224,0.21668321372901644
UCSbOFVVM2JmdUSfsceVoMZw,-1,1,1,['082973e1b42fe48a4f5dd1463cc78af6'],0.3955838876570584,0.17823170731707316,0.0,0.0,0,likely_human,1.0,0.17823170731707316,0.3955838876570584
UCGJY1A_hY_c7BmbHoOsIsHg,-1,1,1,['e173925b0e87dc78aca249f0a46eb1be'],0.22410623765076815,0.17820839770332886,0.16356642318188105,0.4340841889150107,0,likely_human,1.0,0.17820839770332886,0.22410623765076815
UC_uuAGP_-VMiA2L8QaKQJ5Q,-1,1,1,['b7e2291121ed533cf213c753b45b281b'],0.3953972653362897,0.17807774390243902,0.0,0.0,0,likely_human,1.0,0.17807774390243902,0.3953972653362897
UC3uZ1UCC1uihIP-aov7az9Q,-1,1,1,['48e7b9575dd13184ca7681257a32721a'],0.25593698093325445,0.17776699207775554,0.13549990516951835,0.34026005892232625,0,likely_human,1.0,0.17776699207775554,0.25593698093325445
UCxi_rPl6e18BCytBo9YCPkw,-1,2,2,"['e74c167ee0a9373a7ad3845898c0ac89', 'fe9d8a536aa4ad148970133375c292d3']",0.24175669309635006,0.17773885536576844,0.14180935151383048,0.40306341140591595,0,likely_human,1.0,0.17773885536576844,0.24175669309635006
UC7unsJtxDCjKfd049MpxNIw,-1,1,1,['4b4028045ff794583e7957ee99d27f1d'],0.202617972663929,0.17758923539976224,0.18001711423230526,0.4791764447953472,0,likely_human,1.0,0.17758923539976224,0.202617972663929
UCBvO-SqvMX_MDTVt7gNoA7Q,-1,1,1,['1da79e130186a2e8a50ee6cc080cea65'],0.17478703284129943,0.17754606856817146,0.211699406746835,0.5553778789859508,0,likely_human,1.0,0.17754606856817146,0.17478703284129943
UCGx8vojw6VufJ4OSJyfqJYg,-1,1,1,['6f5fdd6589abf95269e2bb68b938762a'],0.25340783033633224,0.17750599854919377,0.13102667322876738,0.3774424314189695,0,likely_human,1.0,0.17750599854919377,0.25340783033633224
UC9-tZ7E3KYvz_EAQdOQRCyw,-1,1,1,['49024f3ad2dc203ddc9bcf1d9dfc43e1'],0.23569201861225428,0.1774888383094088,0.15885133477984384,0.3846682274665927,0,likely_human,1.0,0.1774888383094088,0.23569201861225428
UCR_e-BWh0LZqj03tns5TWBA,-1,1,1,['c28e5e4f71f88f99b920b4b14d7081da'],0.17040929311469416,0.17726636543732294,0.21226643262367315,0.5878304994362734,0,likely_human,1.0,0.17726636543732294,0.17040929311469416
UC7We4Du8uEbt8jiPNlXZQpA,-1,1,1,['fdfc361cc9c19bec6fe4d444a7c2902f'],0.17611669758193219,0.17643411921697044,0.19425044562216592,0.5725896586568037,0,likely_human,1.0,0.17643411921697044,0.17611669758193219
UC8VybL6Sl2P2je3H9q8JmWw,-1,1,1,['4240545acbe5119d7c5adc0000e52ed1'],0.1911881372285271,0.1763693961699628,0.19673638020718517,0.501450154416002,0,likely_human,1.0,0.1763693961699628,0.1911881372285271
UCYhVJ7rcBMyIc1ejhnZ4u4g,-1,1,1,['92e29a93abc657c826eb8bd6a77cde9b'],0.19371601050827314,0.1755611292095418,0.21016223461961064,0.45844607110008184,0,likely_human,1.0,0.1755611292095418,0.19371601050827314
UC6KbEa3JA_BZixvZ2TB9yqA,-1,1,1,['723fd22bbce215d8ea6e05da0e0a5717'],0.1689191593234125,0.1751080910279194,0.21454640779876916,0.54345562621877,0,likely_human,1.0,0.1751080910279194,0.1689191593234125
UCr-_c7AbOU_fjkDRm_8nU3g,-1,2,1,"['ebd64210ef659aa2ee62c58c2d59efcc', '2aaccae3c34bd5ff476b8c6a31c07617']",0.18558035507102805,0.17428690124837048,0.18531433765416191,0.5271429437646273,0,likely_human,1.0,0.17428690124837048,0.18558035507102805
UCwWaUdbow-ImBlMizUMFL_g,-1,1,1,['f83b30d99a0ced23c2486c26f4be03ec'],0.3855672579453067,0.17371798780487804,0.0,0.0,0,likely_human,1.0,0.17371798780487804,0.3855672579453067
UCMtfoHfegkwitaCnKKSNX5Q,-1,1,1,['c2e452d04e97b53fa1c8958fc3c417f5'],0.19176299750073944,0.17301186063960738,0.15403607310298378,0.5628106926579991,0,likely_human,1.0,0.17301186063960738,0.19176299750073944
UCB92O4OLprReUKtlxsukJnA,-1,1,1,['23f6093908c07ed4cc033aad02989eac'],0.2704118142871335,0.17266878378942535,0.09349728623864124,0.31281723044642334,0,likely_human,1.0,0.17266878378942535,0.2704118142871335
UCK-v4pqF8vZ2d4lUVB6vurA,-1,1,1,['5b9a2b28ea87b604614658b07bd9c8f9'],0.19410543891306592,0.1718526722923834,0.19687505449463258,0.4391683872644863,0,likely_human,1.0,0.1718526722923834,0.19410543891306592
UCp--A0CaSt0L4LNb2z8f7zw,-1,1,1,['28759f26900d665a648bb77a5c4c5bea'],0.20127174582152801,0.17148270327351822,0.18955616505729875,0.4124782363922168,0,likely_human,1.0,0.17148270327351822,0.20127174582152801
UCzuQDvpHv3j-p27gtzVE5Zg,-1,1,1,['4551ba583b23d6d23d07b82af57e9d7f'],0.20270840664798465,0.16972833967499973,0.15889955135900666,0.44101008190950947,0,likely_human,1.0,0.16972833967499973,0.20270840664798465
UCGHD7SwBYFalykKia94ZtmA,-1,1,1,['4b03321d0437a519e2e70f6f0d1376b5'],0.18234996218802302,0.16926388594457245,0.16253994388508464,0.5343621311486837,0,likely_human,1.0,0.16926388594457245,0.18234996218802302
UCZPRNYSRxWkxNIpvjx6O6Hw,-1,1,1,['2222fa56bdd73903148faf808a735fa5'],0.375310421286031,0.1690060975609756,0.0,0.0,0,likely_human,1.0,0.1690060975609756,0.375310421286031
UC_vWPhc_8545WaArToRNh5w,-1,1,1,['b393a3453424899ece0b7ef491bda274'],0.17908092567353606,0.1689242278274588,0.1914548616625235,0.4894340991707565,0,likely_human,1.0,0.1689242278274588,0.17908092567353606
UCNPAtJBTowM-etaowaXK9gw,-1,1,1,['4208421bbda1e2895001597196cf3315'],0.2002921467684953,0.16880167921021016,0.1833550203048883,0.42060308832385196,0,likely_human,1.0,0.16880167921021016,0.2002921467684953
UC24-wQLoDACUtKVJF_xl6VQ,-1,1,1,['9d3f2cd3e1da08a96c6c343f1dc753aa'],0.17721492151994173,0.16823171696908973,0.17146253967229882,0.5357724440695107,0,likely_human,1.0,0.16823171696908973,0.17721492151994173
UC0jqRt6hUK4cVB6Jkb1DRwA,-1,2,1,"['903ac3158cb806820f3591b680ef34d1', '33b93d6996b1344197bcf573ed792a03']",0.1763049848164887,0.16813861476345837,0.18049647945796032,0.5258208463872778,0,likely_human,1.0,0.16813861476345837,0.1763049848164887
UCcP2Rauokc_02hgsKsfya3Q,-1,2,1,"['ac8be68067ca79041da110b194e4b511', '3af62b71ed4d838c1c15c19c00194363']",0.3727366426326493,0.16782023017193567,0.0,0.0,0,likely_human,1.0,0.16782023017193567,0.3727366426326493
UC0QjqNEzFG2adTEt0IWdEfA,-1,1,1,['5b7d58bf3cf2e51979719edd64436b68'],0.22433963007385818,0.167557728286582,0.13712015345245873,0.3891464231219387,0,likely_human,1.0,0.167557728286582,0.22433963007385818
UC8oPZYJa7BJjVc5xEaYmiHw,-1,1,1,['ff7cdd0676d373db963f4b2133d6fffc'],0.1959096904694298,0.1673464602053379,0.15691175508628571,0.45508242524176884,0,likely_human,1.0,0.1673464602053379,0.1959096904694298
UCQqlAR141yniCRjiJToQwLQ,-1,1,1,['54506f598b6ee0cce03875474a9a3f7a'],0.2402301057303982,0.16692051573089936,0.10999218398835528,0.35481627011954475,0,likely_human,1.0,0.16692051573089936,0.2402301057303982
UCSNPohTpH0TwIC1Qb1_RpKA,-1,1,1,['00407995ccaa4380910f634dddb1c7b2'],0.37038248337028823,0.16681554878048782,0.0,0.0,0,likely_human,1.0,0.16681554878048782,0.37038248337028823
UCcGTahl_deaMtPl8oFWVa2w,-1,1,1,['ce09c934185bd72f7b974385f74499b6'],0.2267762085830874,0.1666843073529271,0.1216165069294004,0.3877215987484569,0,likely_human,1.0,0.1666843073529271,0.2267762085830874
UCKAV-1RIMSXINXUp6ipSFNA,-1,1,1,['70cdcfa01aadb81af08ca6d40b76ebf9'],0.22087689799486712,0.16667819223365965,0.1335325542723177,0.39465210067354917,0,likely_human,1.0,0.16667819223365965,0.22087689799486712
UCy7x7DpB__OiAOQrBUXgR3w,-1,2,2,"['0ccb06a1401831913c138ec3426beb3e', '06685d06e37a2c449194bcc82047192c']",0.19171546988032218,0.1660180289565708,0.1643033389627613,0.4508100771903384,0,likely_human,1.0,0.1660180289565708,0.19171546988032218
UCXk_8drb2ZaBE_ZqjJ3YMfw,-1,1,1,['c1f2cf682b6b51ea65f921f90b2e1a8e'],0.20278502086692546,0.16565565111814806,0.19212380398591358,0.3529921532969767,0,likely_human,1.0,0.16565565111814806,0.20278502086692546
UCXys7l5vwc-Fs7Dgqd7g4Jg,-1,1,1,['94a1898b69458c62b3a8c2cd5f68345f'],0.18815699194702448,0.16526435615181054,0.186308953848829,0.4115027294655455,0,likely_human,1.0,0.16526435615181054,0.18815699194702448
UCor_y7T3fndL-bBlDtJOKjA,-1,1,1,['968f7adf7654ceba4c34428d49f41c32'],0.2203362057097809,0.16450262848690222,0.1356218034653311,0.3654720176076848,0,likely_human,1.0,0.16450262848690222,0.2203362057097809
UCM5kqPaw-oxj2xbW1vtC5Tw,-1,1,1,['4222b9d2803a73aea12958c352007570'],0.17671829618203447,0.16448696281935854,0.17484071181644223,0.4755436094362522,0,likely_human,1.0,0.16448696281935854,0.17671829618203447
UCuKcIHAuUbFZshEd0TMt46g,-1,1,1,['4b4adeb2d5422b6903a3d20979dea177'],0.16713925965833332,0.16322882554708062,0.18529593944919262,0.49442336133090403,0,likely_human,1.0,0.16322882554708062,0.16713925965833332
UCOIZTYpxah43zAGOXC8Y1tQ,-1,1,1,['9d88c11ce4d790fe9bb13f2eb2f61b36'],0.14569006019747083,0.16311453447701757,0.2226282664800193,0.5227402865055011,0,likely_human,1.0,0.16311453447701757,0.14569006019747083
UCB6sQMIDwOSv744E_E6on4g,-1,1,1,['c38ab7461c8ea4ed3ad7e8eadc2ca83f'],0.17896141045590122,0.16310106628123705,0.17173594686317584,0.4674138862778958,0,likely_human,1.0,0.16310106628123705,0.17896141045590122
UCZFlFA_f1WCwrYZhpxgM3oQ,-1,1,1,['7872075fdb759cc9f7667065a1a85c6f'],0.36028824833702877,0.16223780487804879,0.0,0.0,0,likely_human,1.0,0.16223780487804879,0.36028824833702877
UCEkJB4ZLOKt2aWFOg9H-FJQ,-1,1,1,['d30677f5949909bb1b9fb83458fab53f'],0.36012564671101255,0.16210365853658537,0.0,0.0,0,likely_human,1.0,0.16210365853658537,0.36012564671101255
UC1wRRuCBKkUDnVCayfrl-Mw,-1,1,1,['fa38e1d4ab577de22764848cc4746558'],0.3600776053215078,0.16206402439024392,0.0,0.0,0,likely_human,1.0,0.16206402439024392,0.3600776053215078
UCZxDJs_sy3giFze4o6NWxXA,-1,1,1,['975b1a1866308c0f4100c2a3373d852f'],0.1948001201106781,0.16199796887064544,0.156745491707252,0.4151921219478479,0,likely_human,1.0,0.16199796887064544,0.1948001201106781
UCsjL8c7bWzM074u9Z3CihQg,-1,1,1,['e39dbed0f9c94756221d5dafbfb3f5a3'],0.15134394977393437,0.16191030113677785,0.19740155203246829,0.5303830247603617,0,likely_human,1.0,0.16191030113677785,0.15134394977393437
UCeNkK9i43pMN07b55h7zrcw,-1,1,1,['948ce27d2bd158ff182b97d05a941230'],0.17366889772458804,0.16183499289815645,0.1877520065347555,0.44255824731489535,0,likely_human,1.0,0.16183499289815645,0.17366889772458804
UCtuHzmfhd3xx54Bhr9M6pcw,-1,1,1,['c94f1610638c1b5cdc3f6fbbeb07a59c'],0.1831720674315911,0.16156856302840955,0.14350584911332126,0.5079343103046711,0,likely_human,1.0,0.16156856302840955,0.1831720674315911
UCaFJZgu-lkZ4q5aT0d8JH_A,-1,2,1,"['2a2849e4496159adb2957f8d0ec2e7a0', '6b39e75c1b5b8fc08d027b215edf01bd']",0.3577542059530412,0.16108471991125903,0.0,0.0,0,likely_human,1.0,0.16108471991125903,0.3577542059530412
UCzEdaazE4Do0aDz-Y3pWinw,-1,2,1,"['f5ed73342f15d254460f82081fda93de', 'c49572350c06cc182f9056a5e97bd088']",0.35772000369754114,0.16105650305047145,0.0,0.0,0,likely_human,1.0,0.16105650305047145,0.35772000369754114
UCLx4B8bnDGQlUjYjLQ-093w,-1,1,1,['723f6c041a86f7ca5f1eb08a717e578f'],0.24022294178817116,0.16090715666974678,0.10236861789958433,0.31823536407745806,0,likely_human,1.0,0.16090715666974678,0.24022294178817116
UCM44GZj3nWOqRDzUkVnZTxw,-1,1,1,['9f4af21d9031c8bf6663963ee3342bd1'],0.14501063728471153,0.16072005361251374,0.19120516702522733,0.5566915943487566,0,likely_human,1.0,0.16072005361251374,0.14501063728471153
UC9jH3_n3VYb6qSS1zcyp3qQ,-1,1,1,['3b2da2395c5436640af954a221484ece'],0.2158716652205649,0.16033347251539648,0.14368365345823805,0.3374292535361344,0,likely_human,1.0,0.16033347251539648,0.2158716652205649
UCqzaAuvyneg0k4TmYCANYXw,-1,1,1,['59663c4e77604522d0268ee74db70c33'],0.20543434791113413,0.16028403556541845,0.12763645244980193,0.4040992748503726,0,likely_human,1.0,0.16028403556541845,0.20543434791113413
UCpv5nsVDJjZiZwDcylvecqA,-1,1,1,['7f4ba1d6eb5311b39bcffd7465870859'],0.3554120473022912,0.16008993902439025,0.0,0.0,0,likely_human,1.0,0.16008993902439025,0.3554120473022912
UCVTbD7dDtP5tmOBHA67cbrA,-1,1,1,['171f13246572a69e11ac13e29195140b'],0.17867650871719304,0.15962483481391335,0.14264421004736597,0.5021075045762196,0,likely_human,1.0,0.15962483481391335,0.17867650871719304
UCPcBLaaoEKcVSyI_OstH2ag,-1,1,1,['310266f3e57fb2850c07af7d67f61d81'],0.21409324964488466,0.15933527771946823,0.12827921125586583,0.36470328738272684,0,likely_human,1.0,0.15933527771946823,0.21409324964488466
UCQjwpJDuBCr-MRbYwqoX6rA,-1,1,1,['905a5d959f5da97e245340c3ac1fd29f'],0.1784509547958192,0.15905862358767972,0.17733561955842872,0.42121151299861337,0,likely_human,1.0,0.15905862358767972,0.1784509547958192
UCbNH3tNnFJgxTIXHHUGYqmQ,-1,1,1,['425c7a4f2717d636d3b0335788c25a47'],0.21538594187118978,0.1589182545086936,0.11636206609725301,0.37578616330812076,0,likely_human,1.0,0.1589182545086936,0.21538594187118978
UChgnbJaVg2sK4dUy5Zyk0Xw,-1,1,1,['9a1d87704bb456335069826a653be62d'],0.18813939793802859,0.15830089167764458,0.17163240384766543,0.3778047233046746,0,likely_human,1.0,0.15830089167764458,0.18813939793802859
UCdn0s-7xK_t9U185JF1envw,-1,1,1,['ebfba25dbc2d7c07bb46cce42bfdd349'],0.20550114179370946,0.15736298965424533,0.1093681953349824,0.4054426353005852,0,likely_human,1.0,0.15736298965424533,0.20550114179370946
UCOj6uqdNVO7mTk1HkOkKM1w,-1,1,1,['9f2ce6c53d53478a40da3d85d236eebc'],0.1796047645211077,0.15690075948762958,0.1929256573936144,0.36805155999353056,0,likely_human,1.0,0.15690075948762958,0.1796047645211077
UCmm5HovW4wlKaPhdV9fNQWw,-1,1,1,['b6ce1be6f5ca8046af424e42e7506e28'],0.1556295330603813,0.15689949173952877,0.18613869261919702,0.4885923567203121,0,likely_human,1.0,0.15689949173952877,0.1556295330603813
UChCu1BopnMxU9Zzt-vospPg,-1,1,1,['5056d5ebd02eeff9796086b1532a0fce'],0.21279377353827356,0.15597690321626034,0.12361462332684542,0.3354783660560555,0,likely_human,1.0,0.15597690321626034,0.21279377353827356
UCq3iEmG13pUTmCMKoBQvOdg,-1,1,1,['c54f78947cf8314e9bb3b3e2efa8f01f'],0.18960521824964605,0.15434266914590017,0.15131229820544323,0.3716709295585702,0,likely_human,1.0,0.15434266914590017,0.18960521824964605
UCsX16Caq8Ox3n6bX3_PAiRg,-1,1,1,['adb3b5b961896f7554b4e431c29c4b5a'],0.20375257531634597,0.1542236791782683,0.108230654317381,0.3931696980877013,0,likely_human,1.0,0.1542236791782683,0.20375257531634597
UCJHRfY06qgKLCZCC5CAFvag,-1,1,1,['8f30ec491a66aa0e9216428803a10ccb'],0.17596482421683138,0.15403852168795024,0.13247742172296773,0.48474265033482944,0,likely_human,1.0,0.15403852168795024,0.17596482421683138
UC_ZgXI9apb0U0PIKd4-8hVw,-1,2,1,"['95773593093f51da4f4a28e6d32a7bf8', 'e14d915beec03e8b6a9a025b10d062cb']",0.14380025226447044,0.15370846825028645,0.20037505447766762,0.4904967630095243,0,likely_human,1.0,0.15370846825028645,0.14380025226447044
UCLAa91wDB2gAO833k-p1zLw,-1,1,1,['d31653296ce0817fa92288bc0a3d3ad4'],0.189222325207538,0.153176216923215,0.1477507047245307,0.37149502325228023,0,likely_human,1.0,0.153176216923215,0.189222325207538
UCuaPy0suLHvjv4a3R9hLwoA,-1,1,1,['de8f472f19ead2bb63a52674a2e7a973'],0.17294416350658823,0.15297197702156698,0.19322975520356428,0.3757167897588266,0,likely_human,1.0,0.15297197702156698,0.17294416350658823
UCiaIi9oU_CS6ihQimVRBOJQ,-1,1,1,['695750dcabdcbbd9886dd2afd9aed94b'],0.1719223614260897,0.15275101366130867,0.17055056316080341,0.40052705968680063,0,likely_human,1.0,0.15275101366130867,0.1719223614260897
UCVYq4L_frNmodog1BVPNMHA,-1,1,1,['2c02e0094a46ddb83d57ff6b80c7c3b1'],0.17120369542907082,0.15233011852264586,0.18041543870153748,0.3733801205190024,0,likely_human,1.0,0.15233011852264586,0.17120369542907082
UCEaXnTLIrQj-RvqUPZ7q6qw,-1,1,1,['4dd8fa3374da5c6c6b8a13245ccafbdc'],0.16955606542094187,0.15218706534415793,0.15952859248474605,0.42830800349037634,0,likely_human,1.0,0.15218706534415793,0.16955606542094187
UCpDXvflGqt1l-hUSkSKbFtg,-1,1,1,['ea986a3cd60aa75980cada0618c3f85f'],0.168483859261283,0.15154260742796294,0.15964876763172775,0.42959391797475927,0,likely_human,1.0,0.15154260742796294,0.168483859261283
UCndN8d2Px1agmjFkGeQ6v7Q,-1,1,1,['26c5f13fcc18427a1ab46709d54f3941'],0.1990376344364633,0.15070344419015047,0.14084174892790424,0.3173897141526687,0,likely_human,1.0,0.15070344419015047,0.1990376344364633
UCrE7M4C5aRquuMRKLNqHXcQ,-1,1,1,['fc9cf1eec75994f2e2fd634ed69f1ede'],0.1486811091861106,0.1496553214014496,0.176694420031684,0.46744299687631813,0,likely_human,1.0,0.1496553214014496,0.1486811091861106
UCQeD3eIybMhk-xkevJSsR7A,-1,1,1,['22eacf41d34053cc44dfa897f4ccdcbe'],0.3302032520325203,0.14866768292682925,0.0,0.0,0,likely_human,1.0,0.14866768292682925,0.3302032520325203
UC95F-6oWWN_xcF8LYqnkPBA,-1,1,1,['12fc3426c655d8fdd3496f3dd4ac657b'],0.3301866223207687,0.14865396341463416,0.0,0.0,0,likely_human,1.0,0.14865396341463416,0.3301866223207687
UC19vDD0xuulm-XddkcozXbw,-1,1,1,['ba9a0a378349e9666599e0c0662838db'],0.15975313344863964,0.14826343055565988,0.18238054639891516,0.3788122598200645,0,likely_human,1.0,0.14826343055565988,0.15975313344863964
UCA1RO1biNjetD1cBKUg-8Ww,-1,1,1,['1cfe06e508e712774ff5749cb3de78be'],0.12810505377932957,0.14786730825592587,0.22092137119295577,0.4639068800670948,0,likely_human,1.0,0.14786730825592587,0.12810505377932957
UClT9IjLsB-KtLLS7j-YCMpg,-1,1,1,['00873bc49f0e0c43fe2589b440df9599'],0.17396454721728602,0.14750599237691914,0.10529627377394088,0.4704704800293534,0,likely_human,1.0,0.14750599237691914,0.17396454721728602
UCPWL7ZC5t0CYrlr7ztyiNgQ,-1,1,1,['1754441e2d51a601ad2bc5af9e5b1dc0'],0.20140965141010062,0.14638269724614264,0.13603935637691061,0.29006789475237676,0,likely_human,1.0,0.14638269724614264,0.20140965141010062
UC4pEzRCyp6glqBcjMq7UNYQ,-1,1,1,['dd041f1ca185c7d9f2e9df5d1e1e5247'],0.32512195121951215,0.14635060975609754,0.0,0.0,0,likely_human,1.0,0.14635060975609754,0.32512195121951215
UCnxMCwOrzkFuBk_Ed4IU8KQ,-1,1,1,['581426e12b9170eb0f7161880c7bb888'],0.14765545704907154,0.14580741645106862,0.1638846346991026,0.4654918995509485,0,likely_human,1.0,0.14580741645106862,0.14765545704907154
UCXe7nQxCypYj5Fr_k9yM2dw,-1,1,1,['4c27528721afb8c7b4e384d54cc64c81'],0.15067910956328787,0.14479016366048958,0.19359564784644218,0.3846984111889599,0,likely_human,1.0,0.14479016366048958,0.15067910956328787
UCY8JdFZYYj-6e7rnEiKU7mA,-1,1,1,['2aec88a949a689912037c83a6ec89fd3'],0.15478027472162328,0.14392434779044772,0.15594916803919753,0.41139755649075405,0,likely_human,1.0,0.14392434779044772,0.15478027472162328
UCmlHCW6-MBQnYG67LxDkYrQ,-1,1,1,['ac29fce575465ab5de3cc1fe3edab2aa'],0.1561715599576023,0.14320181926138753,0.1554817268600537,0.4027009167795405,0,likely_human,1.0,0.14320181926138753,0.1561715599576023
UCm-gYQbSJz63iokYK5Xgghg,-1,1,1,['e1b0c21934b356608654a56d560f34e1'],0.18488997986901257,0.14267333904257304,0.11601820953571544,0.3488544667516547,0,likely_human,1.0,0.14267333904257304,0.18488997986901257
UCYbtRxS1X5l11NeonOBN48g,-1,1,1,['6dd296f380e89aae0677fca7c5540101'],0.15135642699564802,0.14264092180302398,0.15393289228548543,0.42756698258897446,0,likely_human,1.0,0.14264092180302398,0.15135642699564802
UCeO1aO-HV1DgjqLCu1bi3UQ,-1,1,1,['388f5ad80ab5252737118fb3022484eb'],0.15201273063370732,0.14238247830860934,0.17102337943685572,0.39129224766932025,0,likely_human,1.0,0.14238247830860934,0.15201273063370732
UCENN53LhU2fXCa4feb2VGAw,-1,1,1,['885ff9763be5272b314ff5795360e599'],0.16253524648296036,0.14227823246221394,0.15123607871077144,0.37539666989129733,0,likely_human,1.0,0.14227823246221394,0.16253524648296036
UC_qrNNh5_-yFULcm1rkyIng,-1,1,1,['cb49753df448f8f2cb4175317191b49a'],0.16726609173488766,0.14158849913255067,0.13921627754513471,0.3899858713521207,0,likely_human,1.0,0.14158849913255067,0.16726609173488766
UC3AcR_OWSILz6SWh2rilkeA,-1,1,1,['8ee9aaf6d4d03b298eb1cb4ceb0521d2'],0.15431553234034742,0.14122455702796546,0.1648659297046372,0.37846565091447515,0,likely_human,1.0,0.14122455702796546,0.15431553234034742
UCPFGlf3tc0YhkD8J1M9FW2Q,-1,1,1,['eaab476e3484f1c297119928d4de5cc3'],0.1815418202830181,0.14109239371540883,0.11062275330066958,0.354448631858857,0,likely_human,1.0,0.14109239371540883,0.1815418202830181
UCeqQDpjHV5QArLtAZTbW4Lg,-1,1,1,['e9da30759b5fd3240e06c2574e09e90b'],0.18088845212321797,0.13857745050005493,0.10862566839585416,0.3430861846903517,0,likely_human,1.0,0.13857745050005493,0.18088845212321797
UCFntHfRMoS6ac7H7Lgwkdzg,-1,1,1,['0ef8acc0c8db95da73f3b49d59b07812'],0.16428187080937665,0.13823697744680646,0.139290237236792,0.3700841777720577,0,likely_human,1.0,0.13823697744680646,0.16428187080937665
UCLWpMd0012w59HGaMo4R9Kw,-1,1,1,['645b710fd4425b20a729cc0a87880178'],0.15232813557004962,0.1381233911596403,0.1408541774362198,0.40144952203918743,0,likely_human,1.0,0.1381233911596403,0.15232813557004962
UC4PZo94M23QNoaIzr2lv2cg,-1,1,1,['0c68e946db6e6d5cfa2c0e25e49491b2'],0.30514597191426457,0.13737042682926828,0.0,0.0,0,likely_human,1.0,0.13737042682926828,0.30514597191426457
UC2XzGwj6NjXM6Nz14ipdI2A,-1,1,1,['002cc917db9870dc598d18d7de266786'],0.14453842552787288,0.13715743895502908,0.16125331011484942,0.39352427949979596,0,likely_human,1.0,0.13715743895502908,0.14453842552787288
UCMVi9yHYd-NBY9GaOZ-Hh2g,-1,1,1,['6f6361a8c7494b80baec1d87ec407367'],0.17959698365371504,0.13633698514637688,0.1264187338460257,0.295793540427493,0,likely_human,1.0,0.13633698514637688,0.17959698365371504
UCdqHJiIU-SYvuSEUyhF8Gaw,-1,1,1,['a96d947f207abb223c1e5199f1f8ec87'],0.15815063575209354,0.13545311730277182,0.10639202910987726,0.41396300696776506,0,likely_human,1.0,0.13545311730277182,0.15815063575209354
UC271Nxl8TFblL6IIcAP7XXQ,-1,1,1,['b0f8556c437993653b240f6a8e20d627'],0.16793103426171854,0.13420170218512065,0.11673904274911051,0.34348566929067925,0,likely_human,1.0,0.13420170218512065,0.16793103426171854
UCEhYJ1GsYFZCKVKIHFgsc1w,-1,1,1,['ada310853c7f552105e8278bf1ecbbbc'],0.13729912955887397,0.1337744858359728,0.16787510897676916,0.3861136232269369,0,likely_human,1.0,0.1337744858359728,0.13729912955887397
UCtLBuaf5fcxJgOd2Iq1L6TQ,-1,1,1,['c887b0453f58d0d930ff86c6b02987ec'],0.15484497982998324,0.1321121098684273,0.13075019790947032,0.34387748731209045,0,likely_human,1.0,0.1321121098684273,0.15484497982998324
UCGeR_g2ttAYFRna6sLEBytA,-1,1,1,['79eb6af728a21cd400a498263ea45345'],0.14180620969175045,0.13178015731635762,0.1511485756228402,0.3617330558818715,0,likely_human,1.0,0.13178015731635762,0.14180620969175045
UCjwM6eRed9Go5wegatK0ihA,-1,1,1,['a99057e63c81b1ca4b40da6922bfb1d7'],0.14405740699438158,0.13173165221852348,0.1166546232946356,0.4206474465763911,0,likely_human,1.0,0.13173165221852348,0.14405740699438158
UC97KsqfIIgwQ9oaoRaothzA,-1,1,1,['274875d00e22215fb9ac5810e3379156'],0.13861494101233685,0.13100320063193438,0.1554339698979978,0.3660973867373561,0,likely_human,1.0,0.13100320063193438,0.13861494101233685
UCve2zEdn9Ddzdvm8fSG-Bag,-1,1,1,['9627e94394b9c0cb7bcc2cb1b1e8cccb'],0.14753992845362932,0.13075726744275512,0.1368342616549361,0.3537020618701979,0,likely_human,1.0,0.13075726744275512,0.14753992845362932
UCnQGgxMaEw22daEGCwosxsw,-1,1,1,['1c593283ae7e24ae20dbb2d0edace793'],0.13322612182829507,0.12981636242321853,0.16199261499825893,0.36764928362149507,0,likely_human,1.0,0.12981636242321853,0.13322612182829507
UCIWwNtXosni5MUf7JtryD2A,-1,1,1,['8cfb05907efa01207590af3eb32b0185'],0.1408430547213014,0.1284598786198859,0.1387437553284648,0.36475761517263805,0,likely_human,1.0,0.1284598786198859,0.1408430547213014
UCkeg3zf886a5Cw24mn5Qx5g,-1,1,1,['db5bebe8e4f1d92f61620013e8d86aa3'],0.14352970694148018,0.1280826323508839,0.1503693834586264,0.3233852510031505,0,likely_human,1.0,0.1280826323508839,0.14352970694148018
UCgnI8ws2fm6n6MMCVwft40Q,-1,1,1,['bde7962ec8305f1c630e6b11967b8618'],0.13216174918271267,0.1268085307543796,0.14077765889677096,0.38761518195740746,0,likely_human,1.0,0.1268085307543796,0.13216174918271267
UCK1T7PMRUoryJ5-vtBQUGNQ,-1,1,1,['c7d4306986e42751936f65b24d8754b6'],0.13705796787993757,0.1225576826182157,0.13209179759541667,0.33597805518240154,0,likely_human,1.0,0.1225576826182157,0.13705796787993757
UCH7OUWq0lHG9YVHCjbolDzg,-1,1,1,['409ce8e99e275de31c7a961aaa0322ce'],0.1455868676801571,0.1207859488922233,0.12142519632671349,0.30537195541986695,0,likely_human,1.0,0.1207859488922233,0.1455868676801571
UCK65GVB0kc5TH7ykDTRSHPQ,-1,1,1,['50519c902b2043c996021c725f55ae90'],0.15852725457168557,0.11433374464837437,0.06968643001132568,0.2828216465259408,0,likely_human,1.0,0.11433374464837437,0.15852725457168557
