author_id,cluster_id,comment_count,videos_commented,comment_ids,avg_comment_bot_prob,final_bot_probability,cross_video_avg_sim,cross_video_max_sim,cross_video_high_sim_count,classification
UCagIZOfDsOMnpUlPDWMJwuA,5,1,1,['ca56adfcd936dc6959012c292ebb4126'],0.5392219963745157,0.3966319042996958,0.13079853869824318,0.9999999999999998,3,likely_human
UC2cl91cbKomx_Uq8iXKG7PQ,14,1,1,['77ef9fb7def3daced32b27955dada640'],0.573178846059555,0.3959765940807506,0.11797655329576874,1.0000000000000022,1,likely_human
UCIQBv2RttoqyMt-WvYIcthg,-1,2,1,"['abc2ee3546a9a7957fc5a9f081f5bc8b', '61b419ad8a5f4c4d6ed2870664c5da06']",0.5176106152283056,0.37905171759433454,0.19581575012629457,1.0000000000000016,1,likely_human
UCNfN8yv7gGSgHsGjUbEylQA,16,2,1,"['00993927b1bbecf06e52d1df1c773fa3', '3032ca38d8d439ca4bfde7076a7e32e9']",0.5231284603191821,0.36701229375769073,0.19559195339768645,0.7889591506698521,0,likely_human
UCLGmQQ5fsMQycwS4x3dTu0w,8,1,1,['5480a99032da9c9108616652abf6dac8'],0.5032311016271822,0.35002608294058507,0.19145686759427682,0.6797387699273539,0,likely_human
UCNnutMbASwOmPdPIQaDakDw,-1,1,1,['994c1d560cb5d8ae92a9a65524a1a8d5'],0.5171717125111492,0.349071679558729,0.23866076966612168,0.6577442654627506,0,likely_human
UCA4ZzrjMww8jOSm0wmkDr6Q,-1,1,1,['3aba41e9fdb56d0e10daf6aaf3a13e99'],0.44802242605322756,0.3453142424014982,0.18337987332533576,1.0000000000000016,1,likely_human
UCTW-g77a_Be4kWrCQ1r2pfw,25,1,1,['4ff2419e9741ebeedbbe247813a9319f'],0.4935391495931444,0.3431867421831612,0.17514740720766692,0.7490608586768978,0,likely_human
UCNdI2IdVuepMei5q2RuNc2Q,-1,1,1,['10cf9ca89ac4deb799900b0d8b905f11'],0.4962622092795276,0.34240124944225603,0.19583178660838624,0.7869176155361197,0,likely_human
UCO2V1AWXi-yVwKzgqV2nH4Q,-1,4,2,"['9bc41375834cf10f01195200a7cdf08c', '6e530631ff0a0dac79c0ea10baf79af1', 'f9cb839e5e45ca82c793b5b18cd49f70', '37a65bb8f3906df26fce2e8f0c481785']",0.44167468600321286,0.3419037075364634,0.18415257415485684,1.0000000000000004,1,likely_human
UC9gF6b3uKzx1anogd0zzLrw,9,1,1,['037d4468cffcdaff674bef4daf0d8ad2'],0.49373907435502196,0.34005494273830017,0.23136761873417128,0.6004176860600251,0,likely_human
UCGIX8tk8WLELoRWBRP49zyQ,16,1,1,['e6a85c95424efedaa12469f1096e2d72'],0.4884710690808713,0.33856593278496744,0.17665323596374657,0.6921175009334558,0,likely_human
UCsyZq--jxmRtphIflk8eQ2g,10,1,1,['42a0c19d86c10c91b1595dbf67eb6b13'],0.4945675231610438,0.3346581877036311,0.18745497165010136,0.6320636405834443,0,likely_human
UCTl3mPvG9wS4o-3G-zTk1UA,-1,1,1,['fb96ef86dc0da5d8b37d1c0995e7125f'],0.5103201506224035,0.3323388736741647,0.2007994099653929,0.5999387118820732,0,likely_human
UCsuhuM1_-ZKnMlCcT6Bt-CA,8,1,1,['c5cbe7965d6b254c7758c53af212c510'],0.4683353605917109,0.33196873079560973,0.17903740741120822,0.6797387699273539,0,likely_human
UC816dEo4RmdioGafTVGGmbw,-1,1,1,['1f218cd3ca2b3917d17d4e0361983e5d'],0.5020528719103958,0.3314742594720389,0.16945901902119515,0.7049082303288117,0,likely_human
UC8T48awbkaLWNlepJ0ib3rA,-1,1,1,['a9f544e0816fd2e50bf6c7a44b61f6b0'],0.5375636881783392,0.3295629869546755,0.15353129912752836,0.549799044960997,0,likely_human
UC8oF58BPP3xCTHqNqb_07Bw,-1,1,1,['8eec04d5071e80e879e318365c8a1dc4'],0.5011582668622333,0.3268774935569281,0.1526871456149311,0.7027110004174995,0,likely_human
UC-ftHOlHf8T97QZtwRhb-Rw,-1,1,1,['fa6de4d219cd90eefb3d0186478dd335'],0.45927020789977957,0.3266856735312721,0.20172111185465844,0.7889536266918554,0,likely_human
UCzEF8Klt0EqZV7MRzWjKc5A,-1,1,1,['a72166cc7aa592f69b4ad6136d551cae'],0.4796355543809987,0.32600291665869396,0.20760589350565953,0.6624603129692769,0,likely_human
UCsznyWs6YqrS2q1ikQoHNRQ,-1,1,1,['901eb48458bcacb97b88176f9ad63dae'],0.499238679384508,0.3255691248123004,0.19212720672446154,0.5983546926737291,0,likely_human
UCflfr23XWDyZMxGJ4_vrmqw,-1,1,1,['0fa5bda512b625a9e79b4ed1c4853962'],0.48147912785996444,0.32549948032194037,0.15031511545529566,0.7715682111342319,0,likely_human
UCuM6kpppW-mtPXDufwkUcCg,-1,1,1,['0e4c6240cf76a5b173005fc79a2b3307'],0.5047034379942308,0.32513701135244966,0.1695447503236235,0.6226375514510653,0,likely_human
UCE1a0_PghQfsCOzfOVeP-WQ,-1,1,1,['4c5f592fb53448782fc567b2d6849995'],0.4863355328564465,0.32511704111110457,0.196778951414543,0.6444927425976954,0,likely_human
UCV3iUTGiorPOYJUNnxmjDWQ,-1,1,1,['bd44c2b206829b9b872a85d260f0d120'],0.5051477607981776,0.323327769583824,0.12800201661522526,0.6952914213447755,0,likely_human
UCeNidNNCeVjjybHOVvax7nQ,-1,2,1,"['440ece3739ef645c796c94a0184308c8', 'ae1ce7467043bbd6af485701669a77c9']",0.48493027409758066,0.32299708482029793,0.19331284319243142,0.6430791745350581,0,likely_human
UCha1OENNg_F-ITgc3o3XVSA,18,1,1,['534618ac42280f16ebbfdddfb44a8b54'],0.4815824484094971,0.3229416475668276,0.19433613231263072,0.5584421501777634,0,likely_human
UCOGZCkBq7ubRleGAIE_Im3w,-1,7,1,"['a492b9186bbe784ccd5ee4296c8bf0fc', '72ecbdc83d16482b268fe2dabd54b0fd', '713be0dabdd8339cd16b095d5f0ff064', 'cb2eaa537f1768468c1adeff927abe0f', 'c06a60995e71e3ed38110800f51635b1', '179d45632456eee738ae604fc90248ea', 'c5fd387c8daa7c9b37cca86d01c913f0']",0.4053486137182632,0.3220155982144213,0.1659733440046169,1.0000000000000004,1,likely_human
UCEkDdy2kn2Eikke2lrJ9tFg,8,1,1,['54e139e7ec741af645f6fc613ec0164d'],0.47116897732367874,0.3217074813593309,0.1818835867896067,0.5612561139042433,0,likely_human
UCtXeyKIN4s-mM6Nmh4NZtbg,-1,1,1,['a7079d8d1362441ea4ab4bfc4dfc0cba'],0.48262140971612055,0.32147691180921206,0.20388160904045763,0.6145715711946698,0,likely_human
UCdc_1jpwlLLJE-52Uksi16w,-1,1,1,['07b8fba611dd2f9bd26b01fdbe4f38b7'],0.517760793640529,0.3211740352178314,0.15442997321551208,0.5589100830701987,0,likely_human
UC412gvXtfGPVCQdquH7JXjA,-1,1,1,['bb1ad98bae26995833d5ed8b2fef6103'],0.48413133117573726,0.32039030892664644,0.19964994997555263,0.6014115273693369,0,likely_human
UCk-2KJafUzTTZwXl5b1NxWQ,-1,1,1,['7630addb200d4859f81512833af0fbf0'],0.49364314917416485,0.32016484241322163,0.19845216988497114,0.5565914041502475,0,likely_human
UCKn2IF9F7Iv1LpYQ_l8wfow,-1,1,1,['31d4a2271ce44cb06f6cb1d7d481eab4'],0.48142670394722964,0.3196645470607795,0.1870373912388581,0.6319731005699446,0,likely_human
UCpzwGD0xJV0mu4qZDV48VUw,-1,1,1,['e06dff13b8aaeb97254fd8829378377a'],0.47725845559438096,0.31846861636704143,0.20682670240340262,0.6020364408065165,0,likely_human
UC5Dyo7pHqdM2-BwmQk1bGDA,24,1,1,['ca647ada11bd0133d9d2c641520548ef'],0.45781686301472,0.3183129560828004,0.20678419237064466,0.5662329679975753,0,likely_human
UCiPC7c5llXTEyNqtaKhhlWA,12,1,1,['5cf0d39e03d3efe67ed2a3e23a5b23b1'],0.46983151100631704,0.3169066887379749,0.18333054942455926,0.5436435911038227,0,likely_human
UCr3YMm4wUsPebfSfCVGkL9A,-1,1,1,['bff1a56be23db967d0867d9d1f3fde92'],0.4773420853749415,0.3167915716150693,0.19893381615088046,0.6016542816098062,0,likely_human
UCG56-6cH2_pHgrDk6lJ17rQ,-1,1,1,['ad699f5a1cc9e56ed1a8e8b2a4ba2c82'],0.46727152002319094,0.3148491396075625,0.22521709516990887,0.571245494899219,0,likely_human
UCeTvk4sbzMyLTl7OmkpcnEA,14,1,1,['2b5a2f3aaa417a9f9dbfd9ffb376a255'],0.4688658599042973,0.31461353326181063,0.19560623601278943,0.5313112347118094,0,likely_human
UCpGPIeZY4JONcbinnyU7Jrg,-1,1,1,['db0d8bea56432f47d1166a774af626b2'],0.49367195280798915,0.314243540917042,0.15160523086983693,0.6073426338245731,0,likely_human
UC4USyEM92dnLLf1E4VI4Jvg,21,1,1,['a43b4cfd37ed536ba2ebf8d50d992d09'],0.4720784384081755,0.3141798887329167,0.18215145387019147,0.5383832923699797,0,likely_human
UC7cz6zV7mS5rGMRxUas6C0Q,1,1,1,['af2cf817ecb4fd5893724601c08bf48d'],0.4973629282842232,0.3136939305486924,0.13305384868476086,0.5335737532841704,0,likely_human
UCytLsgUhn4p3T-s4W_cXlVQ,-1,1,1,['121a2b2c5e12dcce0507e0cd9e47675c'],0.520401587818417,0.31335949060840884,0.16977452451889133,0.43139699202780685,0,likely_human
UC1Uj4-Lh-NPy1_r57enXOIA,15,1,1,['28c68c592460239471fc118ed04833eb'],0.45497984321158136,0.31324915820376525,0.18095329351107411,0.6092285122324971,0,likely_human
UCJpxzE1ZQ24H1l7pTypDiOA,-1,1,1,['7ab5b2fefe095c4d0bcd4fb8cc3c1e49'],0.48056616866144697,0.31310564733089047,0.16085528663565,0.6368528536967877,0,likely_human
UCl8Kfb9hcE1-ehia3ebQ-vA,-1,2,1,"['9136ef0341368962ba90b7803497d592', '159fc1725cd10f29a6099a53c2bbbc3f']",0.446036889510832,0.3130061432888001,0.19599268984560836,0.7092288988170503,0,likely_human
UCWKPnFneanj_B7shGGgwZCQ,16,1,1,['4956db5fc2733d94f65be73eb690e280'],0.49911287413156996,0.3129864591202578,0.1525672678678572,0.4505658121835725,0,likely_human
UCyRvOQCkdyUv3R-9r1RCiSw,-1,2,2,"['fe4241b4e6a996b4c895ea32036400bc', 'fe8317ba38bdece25651bcaf20eebdf3']",0.46747482363230036,0.31297644052808504,0.19936077816979225,0.5999387118820732,0,likely_human
UChlxZL5-BN7FoSNHnky83_Q,24,1,1,['026fbfacfdda774495d0411f440d8c58'],0.4685614445116515,0.3125146058520666,0.1659786257453594,0.5427552481145026,0,likely_human
UCuk0JR-shnDfkljwd3eVoYw,-1,1,1,['f5379d98a324acc174c3d8efe22ce5ce'],0.48357955566086247,0.31237880494743264,0.18592700024903702,0.5521975463290483,0,likely_human
UCeGaYSWw66ydETLSLB71xIQ,-1,5,1,"['83264d93d57c52c79d5d508930c89138', '8e2423fd9670a098acd114d5b8d8d4fd', '3ce025f691da4f286ee5794f78b488e2', '099003e88393879f0edb3f06ead08a16', '1beff153d66fa27a37fcf82ed2485c9e']",0.3729407562920235,0.3120406559534661,0.14353067550539275,0.9898294100304261,3,likely_human
UCQwhaxdDkTZ52J0kPEb01AA,-1,1,1,['edf42817a86958dcc665bf037a9edd43'],0.4700686555783448,0.3120306759312444,0.20190210990720472,0.5788899301485817,0,likely_human
UC_EYRvVKHOgGzWADmMrGeIQ,-1,1,1,['ca11431ab2bda4989936118e0308930e'],0.4747587818388718,0.3119174604779848,0.2069153350805077,0.5469955267007178,0,likely_human
UCqlXBYSDmTNedFHSMMFUJ_A,-1,1,1,['ebbba7aaa99402d90994cc2022482a07'],0.47770755488857314,0.31180755231057505,0.175471597052374,0.5930106410886433,0,likely_human
UCcgyWfGly9_RUYQdfIDkBtA,2,1,1,['2934e6544fbf79d27a47dfe08b1fb962'],0.44434993184938465,0.31132039758887387,0.18024564921065742,0.6421025517744341,0,likely_human
UCrFwGN5SD2fA9PTjT8BQD-g,-1,1,1,['43bd705befec5332ce2ba1b081157411'],0.479952289436691,0.31106936955123143,0.1952931180755062,0.5380850336369382,0,likely_human
UCoCXLZ-Jmvx8vMMa1smdl-Q,15,1,1,['7fa8cbcfa6dd3d1ffde1e9a6da6fc8b2'],0.4586642888763327,0.3104174115361767,0.19778842937379348,0.5318851288933629,0,likely_human
UCPXlyJdQp12xpQ3EXa6Kq0A,11,1,1,['87dea1c1840b226b59eeb3467b003fee'],0.4639322069143078,0.3101659235233858,0.17678034520466726,0.5586203022909151,0,likely_human
UCJVc95IKw5OX5pNYDkw8oSw,-1,1,1,['967cee81f2ff3f13a1660869c40144ae'],0.5097966467525513,0.308651509016156,0.11259462207910136,0.5644233265413087,0,likely_human
UCdGf1b-sqyuHX_5OmqU4hBQ,-1,1,1,['273b8908b82c5d948760e083e622d387'],0.4627467760121475,0.30852959080457354,0.19673512545705407,0.6018139972699877,0,likely_human
UCQiQ59Azd6oSCvMmogMLNLg,-1,2,1,"['0d69c64dcab27e06de0077c7af8b869e', 'e2d36b47c8dfd89db62098d7148f253e']",0.461801207466789,0.3080413131923297,0.19391468182701788,0.5979572126974606,0,likely_human
UCyTOCfo9ZbtSDXtDVsRs9Sw,-1,3,1,"['7dc8b6ba32344a8713df3e45e930b44e', '727bb299888c5bb590200869ba43af7c', 'e2080d9ca13b35fcc01a1ddbc988f4a9']",0.459896863559545,0.3079029517657684,0.19131492738287562,0.6041080182907956,0,likely_human
UC7IDPd4xTWWUYE9QW6ajU0g,-1,1,1,['93892939d5141fb5f85a0ddce7a430de'],0.467984211447963,0.30772494146645074,0.1991639085321555,0.5487479836985998,0,likely_human
UCl-M1VjjIDZJnL6v663Xz8w,-1,1,1,['e7a6cf1bb78846ee93977c566591f08f'],0.46430943050153406,0.307693510544498,0.23013574154074184,0.5066243459012177,0,likely_human
UCIA66MZSi2QQxXeRWmrCmOg,-1,1,1,['3599a99db47b668697d29c93c15e77b0'],0.4740397871117409,0.3076150846034742,0.17594357253363407,0.5743670310058953,0,likely_human
UCVkigaz0sV5YmQzw60sFACg,19,1,1,['d37ede263e1a5ddaeffc5e7e51402e0e'],0.44936746575289443,0.30755867685223004,0.19674045035570173,0.5497826760780649,0,likely_human
UC_a3MdtTBQkM2hT2beOVIZw,-1,1,1,['109047e2c2e2f837007cd9fbdbf37b65'],0.4747548072888337,0.30719573071771356,0.18455841376342727,0.552091672364701,0,likely_human
UCyj7TN5uHp2bHVzXkekn9yQ,24,1,1,['11fb7424ce26e853982155bab9029b8b'],0.45644957868079233,0.3070525344945779,0.174492036334534,0.5205122998712912,0,likely_human
UC4iPlZLj2vRmu2ww13O40aA,-1,4,1,"['a45ee7bf8b4000b48a08e2942cd25bdc', '2572bc7e903e2dd28cf9d59769fab65c', '99c8378c7d055e38b455d023141cfbb3', 'd7e9ea0ea08a4e3948ec98bf66ddf935']",0.4313557894948621,0.3067334047375125,0.17162544698287438,0.7640041980909322,0,likely_human
UC70I06CSEh5wYfg2Hb6-byA,-1,1,1,['1b9d6850a37c0f65376782e74932c54b'],0.46906860198785055,0.3062792213362907,0.18618880966463658,0.5536461775746558,0,likely_human
UCXbQcnRWegUtrEdoD5YQaTg,-1,1,1,['2b57402577b36ca2d973fe9818af155d'],0.4594376264917459,0.3055068722236733,0.17512704784086344,0.6141358950632271,0,likely_human
UCjWH-PGQW9XmO0WLhXxrgJw,-1,1,1,['3075f977bd73691e9223e1c93ed65136'],0.45623652409685433,0.3053195563701617,0.18717692430266514,0.6021101955072129,0,likely_human
UCfR4HIIxJE7l6do5dPRVVCw,-1,2,2,"['ca6a89864acbe65916385235bcbcc8f8', 'c49c4985b8d3abb375c912820b21b427']",0.4560063183217583,0.30523086281137674,0.1852752720518891,0.6065529218650068,0,likely_human
UCX_2VxZjuN985ZBw7cNgd2A,-1,1,1,['0c94664fcc08df6ed8492177b288ccbb'],0.4580700326559326,0.30474211801443096,0.19943407320891435,0.564694437447875,0,likely_human
UCZiNJvnUy8OE-cdEMl2lSUw,-1,1,1,['c0513dc5b078914531dc936bf4a9c1a5'],0.4704220020256805,0.30457940722672977,0.09611203584914406,0.7257948356314636,0,likely_human
UCU_TZ1ZToV4CnvpdOTfk1hg,23,1,1,['1948bd88bcbe5e7837b832b9ecfd21eb'],0.43887465415149385,0.3045593014183494,0.20161532441841318,0.5554745195905231,0,likely_human
UClj6ZfwY74lchY8R56hwcUg,-1,1,1,['a89080409b10a2ca420b8757fade1c29'],0.46136452530914984,0.3043350719780341,0.18442332768732983,0.5766163443000831,0,likely_human
UCR1dvI-lg-XGArLIGcxAVXg,7,1,1,['866133428cab251c516075bd1b76a245'],0.4723405443170672,0.30419532200005944,0.1421966953965861,0.5238972691445207,0,likely_human
UCE9uCgn8K2JDjUsKUxIEjlA,18,1,1,['96f8405350a51a2b77e5b3ed84ce89be'],0.44546890494839725,0.30401434355710544,0.19172847709369525,0.5394744016805769,0,likely_human
UCiDGQ9ls26ik5RarHvmVsZg,16,1,1,['646ce0ab3b8940bce2eabe58e09f948f'],0.40770192141440675,0.30386367441893847,0.18482051988952544,0.6921175009334558,0,likely_human
UCv6PiCHX9c08318vTKuyzUQ,-1,1,1,['fdecb84de5f85ade45c202b0f2277883'],0.4626894275159675,0.3036923807530087,0.19378780763724557,0.5458484030359297,0,likely_human
UCAYcZALtWuIVIvgjuVtK9Rw,-1,2,1,"['c017dfb0e6361d4bdb5b8b0744121d5b', 'f64a56342b8af14132e7582d287eb9a8']",0.4358684510430863,0.30341040598833136,0.20309837277342777,0.6546812263433027,0,likely_human
UC9tJhU4L27FhM6Z7GGum2uA,12,3,2,"['a0ebe1f250c53442530f9d20298e03dc', 'a4d2228b2bac27d87b71bdda7e71e870', '975099d67d98d4dce524f9749239d542']",0.43379674397950785,0.3032324086534069,0.1821329591529462,0.5725021043350594,0,likely_human
UCr7j-0fGH4QaOEQtzrywAGQ,-1,1,1,['bb13e71f76e8e1aeaa98489d3fa8fc7e'],0.4631754306034197,0.3029907557965218,0.18264514649071723,0.5586651567311806,0,likely_human
UCBzl0SD2oaKqlu1Kr7TUaoA,10,1,1,['52662f9163bc80361027fe02d6899f37'],0.46705228455047604,0.30292053327405044,0.16136871519463059,0.4986629722346869,0,likely_human
UCQhCwbp2ZVIOgutqcN6_3vw,-1,1,1,['e6ed4a179c7fd55d93975c4c1496b453'],0.4554095923248146,0.3021484835484206,0.1803778698707377,0.6000700014100778,0,likely_human
UC1Ng3-PObLAH2_eTH00h-Jw,18,1,1,['89daca6b4ea1ec76308f69785b801c8f'],0.4422059896900771,0.30135185080782334,0.17837102823405293,0.5591162912397857,0,likely_human
UCPdUv0zwicYLw5rEaUSQ_Ag,-1,1,1,['c5170199cc98bb826f1ba2931dec20ac'],0.45913081615253837,0.3012439211733866,0.12128593856801707,0.6986602682691286,0,likely_human
UCwVxipzu9_rMBS6Lo-lyhKg,-1,1,1,['f94b9a4977337372dade242cf8b7d919'],0.45324140522112377,0.30106353351420756,0.19414127317356508,0.5601555001812875,0,likely_human
UCYo-zPUcnTUb9ONa-ZNhBeA,-1,2,2,"['0f4656d2e94f85207deb9a232b0abe4c', 'c7f317504ff8abd4ea948d905eabd139']",0.4530146189257718,0.30096526586796396,0.13727887099217986,0.6842689175339804,0,likely_human
UC6Ydm6lhk4wRscId6KRZAwQ,-1,1,1,['f6a52693341e89c6f9dc9c1517b39076'],0.46076033972481495,0.300657622678964,0.18264451922189612,0.5572385567345604,0,likely_human
UCmuWU9hEsd0_6pvAF7F-VUQ,-1,3,1,"['d1ffd17e47ade1e0034dcab9f15f1173', 'f31871959b89954d59b2b03762072939', '9061a48a33190c22b6bcb498a778b149']",0.46390807736183914,0.300583357325165,0.16639090445824234,0.5652349816167972,0,likely_human
UCIr59pZ8nZwlANa6HHTG48g,-1,1,1,['0d9b0cdf3df680077bb838eb876edf6a'],0.45856749737266145,0.30057087473749916,0.20901858044844182,0.4978880642324892,0,likely_human
UC2dG6eudcBi3X6Rl-UL0WSQ,-1,2,1,"['11c24e539b01fc8b3fc6e9168847e732', '3fbdf971fb2011e892011b42aebe214c']",0.4261515356308925,0.30053996928710236,0.19569990503353757,0.6802447945334331,0,likely_human
UCa2DKWCDcXjybBckyIhIa2Q,-1,1,1,['ad1885b92232e652766199c991b700d0'],0.45161157621953063,0.3004564410259674,0.2206072649588157,0.5166104375348987,0,likely_human
UC_2UYrJRM73YNU-B4qemTrQ,-1,3,1,"['2095b3ca6cc4d8361e2720d25f14fce4', '70692a46668d62461c3ba1aedc7f6e68', '25cfb449aa387b7fadc7d615d4f8d066']",0.43307947688492043,0.3002520544183974,0.1499002521698849,0.7371555537407504,0,likely_human
UCBephuktiwrC0uTWcBro3Cw,-1,2,1,"['964eb4296ca6f15d4c599c788e0ed6e7', 'ac8ed0f2bbe28f8a8d86b9139cba725f']",0.4697315851740603,0.300114153952664,0.14892288665241316,0.5680719487068746,0,likely_human
UCGgMh3R3vtv4Mvsw6HvlbtQ,-1,1,1,['b93ff8f1c1826090eaaf5ec0dcd70817'],0.4438952108321571,0.3001019826647656,0.1962841946085302,0.5840971174493667,0,likely_human
UC6HJm5h8XP5lw8_lffGwRbg,-1,1,1,['05b1ac9aff916bb74dab73b1fd9e777e'],0.4740083234344088,0.30008709156384844,0.15122641004582024,0.5554991127377391,0,likely_human
UCWtpxXywZDmrti0EgVTgnkQ,-1,3,1,"['35867a519ed2b25124009e4dd4e9bc2b', '69274d978ee81bd1ecb494acbedde7e4', '905c04aa51bcd0c30563a3910bb8a6d1']",0.4483205075198062,0.2995383463866622,0.1785425040002391,0.5973177645985104,0,likely_human
UCiBsktyhs8iZXhg7IfUEuUQ,27,1,1,['d5d3285164440167742a7718a8d2deb8'],0.44358600044026997,0.2993569935439931,0.1940966619654942,0.49583019879703566,0,likely_human
UCxrSQxv1mm1krxSHl7hf7EQ,-1,1,1,['6587fd81963ffeceb18dc03fef970e67'],0.42306369178802167,0.298988588628783,0.21921778059038655,0.6243573751002359,0,likely_human
UCvL7fUEaVVZPF7fq5WoJr7Q,-1,1,1,['09c6dbe46f7ffe2bad62d3c077d092ad'],0.446497482719361,0.2989409781583494,0.18897910385157785,0.5828057972396311,0,likely_human
UC72OaTLYakh3AqydTS0TwKw,13,3,2,"['1774f24fc5e5b1b192ecb3ed0792d29d', '11ae0b113afbb434f84bbd540151b808', '653faefdcbd0092e8022512915801aea']",0.4273909383641563,0.2987925058703892,0.1852305418589111,0.5807860885673696,0,likely_human
UC52bodhD1hI3f1LGwW8ftvg,-1,2,1,"['6ae98d36bd1aff940c3ed40ad4ca1677', '283a0c33b00a8015a3d2e86b8ebe4442']",0.43961510685769206,0.2984453021993372,0.20438555234584566,0.5750360317171531,0,likely_human
UCFylEneFxSCT0fmdJ02JDZg,-1,1,1,['ff7bbcbc696d4a4f838265193daf9378'],0.4442004899740183,0.29819834974896375,0.17652343923162822,0.609753432436911,0,likely_human
UChXK5lxf_F2gmPEilpXk9Nw,-1,2,1,"['5daf32d6f8a37532286a51c60398209f', '82162cbb951fa17198317373a5bf5d56']",0.4636025717403828,0.2981748397127351,0.15044381450468092,0.5828805665170467,0,likely_human
UCZfU87v06Ow-cV66Vg3pdAQ,-1,1,1,['9a433933e629520ab670e0cb5ef763b7'],0.44692312284336655,0.29815240273720733,0.207126709225515,0.5330258828456856,0,likely_human
UCMBb9E7-qw3HHGkmBaNECrw,10,1,1,['ebfa39ad779fec81a6083560d52bbb13'],0.4318693876544284,0.29814169058092654,0.19655656471183178,0.5325538670658307,0,likely_human
UCArrE3LKTausTaDlMrn9Esg,-1,1,1,['050efef12d727e284902c878d0219f55'],0.4454459893595283,0.2980276947769923,0.1679964206614038,0.6134829542318678,0,likely_human
UCmpafFecXiA2OC80XmPGj_Q,-1,2,1,"['084a718ceae7774d3a8ee33a42d095e3', 'ab510db405d2d9805fe7c0e883a319c8']",0.45600162020767365,0.2979369279054374,0.18103159261413865,0.5484916068669996,0,likely_human
UCXVHSbtgqTawNJn96pl4Qgw,-1,1,1,['8908ae2c1545575f3d8ccaa1c6b38d08'],0.4421747373630606,0.29736743119205894,0.20415289075429055,0.55733896853654,0,likely_human
UClHB8BHl5rfFO7wBw7RiIsw,28,1,1,['7fb0d24c7b36e4a3b3f4caf0acea399f'],0.44197694301421175,0.2971495178475835,0.17576265444473968,0.5194944889546389,0,likely_human
UCuOHymdOay43fUkimt-_VcA,9,1,1,['178fc70118a4972490a6aa2b52395937'],0.43364834212537173,0.29691122093665684,0.14646472891545242,0.6134829542318678,0,likely_human
UCRwtjaK729pzMtIGkSdTJQQ,-1,1,1,['7de6ea0e414aabc483e45c22a0e42dcf'],0.4238737161772381,0.2968391733623694,0.23649895687085665,0.5749433856419675,0,likely_human
UCXwHcrfXGiCYHbIQTizGoQQ,-1,1,1,['900cef6ba57e8336e2ec1869cb59f0e5'],0.44282832029633956,0.29669560441102416,0.19739543702812654,0.5571105421326911,0,likely_human
UCBgrbtYr8q4cSZSIf2datgg,11,1,1,['f0845d4e3367a10a1090498b15390131'],0.46981440362641935,0.29659772203630314,0.15229220027450585,0.4427769581085609,0,likely_human
UCrmvAZ7DQI5eFInGktulybw,-1,1,1,['dfe8b29d83a3a66b7a669e1df591d5c1'],0.4432558629035589,0.29657334428250326,0.2043487768432206,0.5471540902507992,0,likely_human
UCtQ-oAeXbU2Uii0Z1qn2rzw,-1,1,1,['b44dd9ff79fcb16160c441751684f76f'],0.46535141642309596,0.2965187476088753,0.1443269014020893,0.5661399800267716,0,likely_human
UC1A99LkMRpVEIBC06zFEx4w,-1,2,2,"['1b731f90c4cae6bcebde2b664982b4f6', '1edf2c062b9cd53a228f0769f52158e4']",0.49295511746325527,0.29649761022263643,0.06556750424913195,0.6033667070635315,0,likely_human
UCeOozjirA-vXgI9XTnQW-iA,-1,1,1,['3f2ac3b1f93a5db5dd72103a2c422d4d'],0.44276758060650967,0.2964198571683616,0.19245903894463096,0.5711840771079094,0,likely_human
UCnRd6WUE2HTUFBl7jlOFgVg,-1,1,1,['a871da753462bde16be84da82d454fe0'],0.45382344239340267,0.29637835647976035,0.1629753650668632,0.5718924825041503,0,likely_human
UCYJ_XG-Uw-wahPR4QOGZvrw,17,1,1,['097c709c59cce20d279980c36d760a1a'],0.4450962611882683,0.29624195393561625,0.1725098831063191,0.5098819279317492,0,likely_human
UCzCNVfiELXuK9dYYUbSMgeQ,-1,1,1,['4b6431a4cc60b3cd470c411062b97372'],0.4430539210449503,0.29605875629751577,0.18823067949405276,0.5654283889849416,0,likely_human
UCvhMMhm5pIOIZNEk52NsVYQ,-1,1,1,['2d3880f8f1d48f8befb3eae98168d3a5'],0.4401450110231666,0.2957835714914902,0.16266402719855153,0.6386398975281707,0,likely_human
UCc4vCVsw4fbjcIu1Dg6tK1g,12,1,1,['0c63770a83c38e6f23a6aa11a41d52df'],0.43330884354541127,0.2956791182034893,0.1679358478613408,0.530800556080605,0,likely_human
UChXI3LLvoC7E2-HiZgULFCg,-1,2,2,"['030c8532808aa25ac6e293ac111cfcde', 'ceb34e5c072627cccf8516aee5c342bb']",0.4554003706696683,0.2954171865916867,0.16536779596557302,0.5614403591376628,0,likely_human
UCl8rraLDCGraLxFrdhCFCKQ,-1,3,2,"['c2148fc1af6466eb9aeef0c4bd929ce8', '4164c6e3a0d330452799203aafec1e78', 'b506e52a0d117d60903112407d059c05']",0.4502644285731419,0.2954074227929722,0.16392913002032705,0.5859920934270008,0,likely_human
UCnLPE_zNGmn6NsQWK7W0rvw,20,1,1,['a37539a3ce009138853506fcecd440df'],0.4195709761974852,0.2953181524715792,0.17477167462319937,0.6063486471332526,0,likely_human
UC6Uc7TjQnWPo8qB64cj_MEQ,-1,2,1,"['b48088887c18d08ab0e048238d12ee80', 'c25514bd942ca6059f145ead8262b04a']",0.4355481778928918,0.29526296503418326,0.1659569918828242,0.6417460489313934,0,likely_human
UCp4FNJTbsuou2e5ETS4fZTA,-1,1,1,['124473d241efff6e84317d43d7bf4a62'],0.4289956522242452,0.295156261824594,0.19763366556399806,0.6027115835914788,0,likely_human
UC8nphqigAxuDLb42DkLqimg,17,1,1,['e9a4d542c255cf9ee248ea4096ce3592'],0.4777192325510733,0.29487708504154403,0.16347823315066712,0.3730683554987908,0,likely_human
UCyTg-yauSKlgO-ROt79n_7w,-1,1,1,['c3e1999fc93aed7859a334bff45eb842'],0.43304031001082005,0.2948368874894969,0.20306544588786882,0.5693550634647775,0,likely_human
UCmBZNB2q0RN8dOBmbENNEtA,-1,3,2,"['af0d285a19a7afb8be3eb9d8027902b0', 'c631c4630e1e05ce151cf50e6e8b3831', '31c9c1efd7039bfb2c29fc05e9ae4ce3']",0.4206591418388221,0.2944314119793896,0.19557488615560945,0.6368528536967877,0,likely_human
UCEvX-hirXkYEhlwgDKqj2UQ,-1,1,1,['486d7b71552aec4c11abc06664b65730'],0.44291811229724587,0.2944138792551104,0.19810635168587196,0.5381027017177915,0,likely_human
UCyMpWfzKuZjAqVN2zzN5_XA,-1,1,1,['35ea82293310d3b2cace4078a502dab7'],0.4372639964717387,0.29441333039508477,0.2035228204672011,0.5468398932078878,0,likely_human
UCjNyO9DKgFWefHm0j4nB7KA,-1,1,1,['d0ed1585039f17c7ad1866e6791df769'],0.4484279885240361,0.2942061263192352,0.17968287553122775,0.5465648815884504,0,likely_human
UC2tIigGKNUEv56G5ZyWWa3g,26,1,1,['c9af3c9cdc286839e625eafb7df98bc0'],0.4114441398889949,0.29418001540894945,0.16380850736332475,0.6530838946772756,0,likely_human
UCS_8ItNiTNbN7mlMtWeNgnw,26,1,1,['1c4ecd423fa665794cd95f71ea859552'],0.4149151652602291,0.2940595890214009,0.21175941820854416,0.536940702554263,0,likely_human
UCWZdHanLqH3XLd5KrJIbi3A,5,1,1,['7f83ef8be173f97e50f009e67cdde043'],0.390519555620529,0.2940305525187263,0.1335812451999749,0.7798596531628099,0,likely_human
UCLxK1NaxM1-rFlG84xPsEBg,-1,2,1,"['fca5d19dd2ddb34435d9920d10104e8b', '27100d5c39775e34d09b3e81c6630d99']",0.44103739450817037,0.2939481482888453,0.17679213302699365,0.5788021290535821,0,likely_human
UCcKHCbyvvA_gsUbYaDcxfUQ,-1,1,1,['b5e0c32045b678fc44bde700f28f1f1a'],0.42444122458848954,0.29380106734077216,0.2083258482172239,0.5885787643428264,0,likely_human
UC-fRaWyIibaM665cuAYt14g,-1,1,1,['6da4ba31d758bb97d45bf6733647e007'],0.43331478143010693,0.2936111192053612,0.1760453234584179,0.6113676496630303,0,likely_human
UCXMhq6rYHHBdOwdqIgLL17A,-1,2,1,"['f9299a0a99495561f98852245831ea3c', '332fe0eb7e74c1ca7f79eba45183143f']",0.4351457458177826,0.2933110883559449,0.1876579976661441,0.5809749326589868,0,likely_human
UCasQpyeA8D5S5PblrcXCRlA,13,1,1,['f8535a91a64abac0888586fe4b23c64a'],0.43610654063631005,0.29316607237600306,0.18618046390205137,0.4948542767011206,0,likely_human
UCfhPIiVx1ko1K-9Drq1FKSQ,-1,1,1,['659d6038e2572624e9c11acc6cfe179c'],0.42273954355086285,0.29312170654662073,0.20256643519095152,0.599817120929776,0,likely_human
UCro29G318j7faVxpvDOai4A,-1,2,1,"['6b69cebd8f5c32766c9be633bcca450b', 'f91ab4d526c0d6f1ef701d4d3070d375']",0.4410562794894929,0.29292089736363164,0.18901974327801224,0.5552773478645932,0,likely_human
UCBp0rn8qbu3Nb1taMHjI-DA,23,1,1,['826e85a429960db7e8378a8394870750'],0.41754661295717627,0.29271386490161916,0.1705834183412377,0.5929241392087174,0,likely_human
UCydGk6yOTwCKHtx6vvL9cig,-1,1,1,['650b8d515df00b258b742df90279393f'],0.4412811793807321,0.2926047579129757,0.1566428977519305,0.6009504065304772,0,likely_human
UCNRXyB_8cro_Y7s8Uvd11cw,-1,2,1,"['794a5560f14511468f2f1989728a2e4e', '9e429df6beb8204b50a9e0910cbd0ba4']",0.4327090149665434,0.29256246947524067,0.1550550468698343,0.650526680562004,0,likely_human
UCCT2owura6zVwA_lFYA8aOw,-1,1,1,['3e151ad36bdc3a6caea57f72918a7992'],0.443405768790074,0.292294500334747,0.16271899954861552,0.5777911286604991,0,likely_human
UCMoP54iL28t8WSFidVp3t6A,-1,1,1,['975d6a4e7ed35bb86edc8ff3ef3c1b62'],0.4288733240382554,0.29196614677121824,0.2117330617682069,0.5425559139671166,0,likely_human
UCLxVYM3jgYg2iWWJRcx3klQ,-1,1,1,['a4d02d2bff08bd26275457591905ff28'],0.45024739904875233,0.29185203339524446,0.17830160080546437,0.5129331401280118,0,likely_human
UCK41oq4OAsvHYqvqJfpfAqg,-1,1,1,['fb6d7381736567ca5a8b2a887aa4c70c'],0.43709816493544884,0.2917184040103783,0.17047703326552818,0.5848428823402397,0,likely_human
UCbE5N5NjNhxNzBFdvXEZ3MA,-1,1,1,['cc0bd5fcbd8d72d1b751108697119fbb'],0.43740799403196284,0.2916116915196839,0.14833991703453872,0.6337115348529387,0,likely_human
UC52Aj4zquftc7DPfW0pukdw,-1,2,1,"['742c49263c2b182f185ca1e0d97aaaec', '707f0dc84bad08e1eeaa85049c35f635']",0.42613867047852116,0.29157459216993425,0.21405012152197256,0.5525113574903863,0,likely_human
UChWLbB4OArHA6nMgcig7VQg,-1,1,1,['6fe83a15e00890e0a7a3de578e39cdae'],0.4416626768101173,0.29156669160068815,0.17629877646329453,0.5661399800267716,0,likely_human
UC4ZChj7dX2TDgszBMiuiBSg,-1,2,1,"['806e6e537fd766e3b59d49903a9b8c5a', 'e1e4f0f9fc9f1d7ed5d41782f2796b60']",0.43225262506668366,0.2915322868876465,0.18873609315486933,0.5752354164382287,0,likely_human
UCvPn51Y-aHk5y01vpVaek1g,-1,1,1,['b062f36d37a877e9069ad0d069939291'],0.41592778807999664,0.29132329201661,0.20059499456407914,0.6134188393763189,0,likely_human
UCHUVGigngw3gQ2rCVAeI2MA,-1,1,1,['44bdfa445c2286e580ea6721987c68da'],0.43723117897919456,0.2912749276259817,0.18129420781720235,0.5646534896382366,0,likely_human
UCtQHggmOriBZGT3BWl2Bv-w,-1,3,1,"['d46202dcba80d11f1fdc6c33adf48227', '70dc70d43ff10996ab23755c8093758c', 'a0cbaf70ee161d2a5852f733a5a873a6']",0.4112241388536653,0.29114482296924205,0.19389446473993885,0.6618137379931439,0,likely_human
UC76T4qM2yPMn7XFON9ABfyA,-1,2,2,"['8686511c738984f94c37050f7537f791', '50dc2cfad9a1de1cdc1dc0bf6c094957']",0.3486956190587149,0.2910463641201744,0.14022181959490948,0.9999800307296272,1,likely_human
UCiDjpdc7LPnS_8ZaFCmpiRQ,-1,1,1,['818d49b209866b49e24d25c28838af4d'],0.4500166997216396,0.2910207153612703,0.16244554333276678,0.5465648815884504,0,likely_human
UCwM58W6Ie_wB5ctrAxTIjGg,-1,1,1,['bb15d660d3edef03e89ccba26f70b660'],0.4395460678181753,0.2908405785916483,0.18962442355810893,0.5263152440837697,0,likely_human
UCB5MX19xwInlcIcf-cs6Y6Q,11,2,1,"['b616cc4b758c1cfb02cea6fae52619b4', 'bc5359e2520204aaaa310ce01db9a9a8']",0.44124114067201403,0.2907140202359376,0.14965515251726455,0.5205825156056676,0,likely_human
UC_ZnH7JmmjXZ3tlzt_mYkkw,27,1,1,['295237b97923f5b024072dc81548ba50'],0.43027538614744465,0.29041161963013506,0.17731021086889617,0.5030660569566417,0,likely_human
UC9PZkvpzG190Toen92Q1rMw,-1,1,1,['ca4bf184fceaa7577086f5f1bf6adc7f'],0.46087129591379783,0.2903789783145501,0.14572859419261774,0.5331458567270912,0,likely_human
UC4P8KZ-8kTIrYM0tc3sgd2w,-1,1,1,['0b233993d7b33e126ed5bd4705e47448'],0.42037864984028683,0.29031631178326367,0.19208067792252226,0.6073426338245731,0,likely_human
UCjA0WgUMM8NunJSKElsNpoQ,-1,1,1,['0be494720f96afb99f3226901a824a85'],0.43742425795932394,0.2902974866628587,0.16458406496094644,0.5859920934270008,0,likely_human
UCkkOxT2rVBGaxlEF1lelLKg,-1,1,1,['d2ecc3dc6ef827d3f4c2c64fddfe1eec'],0.4368125335710217,0.29020861525588815,0.1593569364205426,0.5967958275969278,0,likely_human
UCmvpmxneFlP8-pbgPmTjhIw,-1,1,1,['69ddea514d66401cbc9d8f9556c2ec7a'],0.43524508546091717,0.2901455758449699,0.19973269061224092,0.5202161452420968,0,likely_human
UCSPEa3CsSQf1uSgGzxHdFpg,-1,1,1,['76dcc07294fa78950f5a294df899982c'],0.44861933483575744,0.2900783466592365,0.1917468915048897,0.4874810380165318,0,likely_human
UC-y05JA2fV7pP5vNDbS6gog,-1,1,1,['8db5c6f0ed6ce804b9f0c1d8a0f23247'],0.44439149976130476,0.29007827973046385,0.16590280177733535,0.5536104420945984,0,likely_human
UCyUG8e7eqajHUo_EDN6TFIA,-1,1,1,['a2e447cd1f49935037257338a3e713ac'],0.437914025541441,0.29001030011904977,0.19631106622584682,0.5249579358885516,0,likely_human
UCCAq_xdJLWE496Xo-RNmgww,-1,1,1,['4e4ae0cf38ce8cbd089d38c31b9280c1'],0.4608017812929951,0.2899278750120535,0.1891446938048293,0.43456411597473127,0,likely_human
UCalfTDuHtgXEyWKCs97VuFA,-1,10,4,"['7961954c9bbf640b8a7756def34d7b75', '6c059f976a926f85bc1c52402a19a309', 'fd0c4bf19f3df0d4fce70a606f6bbd43', '01263f78ee29fcb3d6389678506f76a2', 'ba6197b14d8cb0edc709532a4483ea71', '4c12f53583388f45c2f5c077addda9c2', 'f9ecf420e6d50d3bca2012d432b5a03f', 'ed8b54e2c2f979a296da80d755a43e98', '530eae777f32360bfc1a7e8a7b70d91e', '2415afeb031905952a719e92b614bd07']",0.4081543403661215,0.2896373279863366,0.1974889755695822,0.6444927425976954,0,likely_human
UCTmBX7FRfCF02dFrw1Jq81Q,-1,1,1,['24d0f74563d238f3d9264eb71ba5aed1'],0.46206016762436297,0.28945255615483045,0.13737036069107653,0.5254740825305645,0,likely_human
UCyIG7qReZRr7BVSxUs4Pp5w,-1,1,1,['3fd844269e57499f33671fe3d4f2e7c7'],0.44928000046673694,0.28939150557713267,0.1789682399158044,0.49179052934477174,0,likely_human
UC8_qDUkVLKkmpNHD4DLozgg,-1,1,1,['275e3260737a222dce4ae3679ec033d1'],0.4203103696124313,0.28937438218594697,0.1896866416733098,0.5984276361567356,0,likely_human
UC2z0Y51u1ubvU65Gal2fr3A,-1,4,1,"['5e0e416b304277b88fe4a77697700f69', '4d76956ef1473d44f1f17d30dc771089', 'c9644a058182c1b69b752d59242ceb28', '48161e714e534b075bcaf8e055093b51']",0.43610172413754844,0.28937321633206337,0.17797412972829205,0.5571616814012305,0,likely_human
UChNNkCMqMJnvmQufTLDQrpw,-1,1,1,['dcf567d525a46c83c45fc43fd4a3b3a1'],0.43503787577916503,0.2893722458533924,0.21234143981010228,0.48453205418088013,0,likely_human
UCfkZWaLc8AQ2wKHRqVCNBiQ,-1,1,1,['f2d9df2af3f7b745523d9faa8b337e5c'],0.45253205238624095,0.289302796705023,0.14198787394439374,0.5487380899103017,0,likely_human
UC4MahfT7Gl1ktHxS5c_mFHg,17,1,1,['2ab10a7d2bd1ec232e297c62bf863d09'],0.46524339380893914,0.28928935947684065,0.14017256603949874,0.41837887966704634,0,likely_human
UC--P0FFW7tjcsQfwAbHCzCw,-1,1,1,['3b190d297102c18b7b02bf268d801791'],0.42527235676350134,0.28912361950800813,0.22131879012466318,0.5091237390088104,0,likely_human
UCrSSFvTZLtqUwDUR7U6JxDQ,-1,1,1,['924d4dbeb114bfede85f12fac9437d26'],0.4419589271997782,0.2889672116026858,0.17226280828096305,0.5324320534292807,0,likely_human
UCvfuf7-lPn-URXqe2qhT9PQ,2,1,1,['4fe6b6b2661c304d4e2a0a1632b58294'],0.4627964730118021,0.2888780766525279,0.14003545688425095,0.4197651408326625,0,likely_human
UCIESXMTRGbI6wZIDMcNSWxA,-1,1,1,['ba5a9b9f6fc324fdb41fbb9ccb9443e9'],0.43616935477383934,0.28879941889260036,0.17984407131407906,0.542734488401984,0,likely_human
UCx0ozk7mAFwA_0MTQWmoANw,22,1,1,['81491aedfb40e2d3aff1848eeda38249'],0.40995526342802446,0.2884902392679917,0.16093326377479938,0.5733758659181254,0,likely_human
UC-TtoGKM4J3Uxt-EkPZu-UA,-1,1,1,['7c391c9b060388f394769fdebef66510'],0.47364157990734235,0.28843471391408443,0.13268320920110424,0.4720898411131136,0,likely_human
UC4CDo2u0YQk90hOTYDFdfNQ,-1,1,1,['758c8ae704db57ff91d0db992edc54b7'],0.4395983491276233,0.28818568136737943,0.1730276303330215,0.5343111694200844,0,likely_human
UCT7GpjQ3skmRoQjsg0O5wrA,-1,1,1,['3561ffdc6799d1abcebb1e7083af1eb5'],0.4382192886311894,0.28810113228866996,0.1394731880851013,0.615297339605167,0,likely_human
UCrW_oJgJFpCY1OEf49QL_QQ,-1,2,1,"['efed47bac8562014cd51897a95be848d', 'bab4f2cf82c594bcf1419c09927434e5']",0.44846727246253054,0.2878677618022534,0.16273228787974905,0.5279137184490846,0,likely_human
UCBcVvd4jvx7aC9smT59ZOuQ,-1,2,2,"['c09d659105ec3d396a6cb33a0364b70e', '74a9fc9cd9f917f703b90cc8abeae068']",0.42815528195695396,0.2878074315123633,0.18531977643525713,0.5601068480288962,0,likely_human
UCXf9m1HdQ5WxFHLOSku63ig,-1,1,1,['f425e734fcd510a1ee100e20526b6220'],0.4389620180960595,0.2875493904142176,0.17365635212833522,0.5286757034668486,0,likely_human
UCftwnmn5yFKNKLcfBKJh5tA,-1,1,1,['9e0de3aeca92f6a8a956c479909426df'],0.4206720233159401,0.28733658698339126,0.1918094552873645,0.5759811348229564,0,likely_human
UCk0nnok_qMpmQ5rCKskvgfw,-1,1,1,['a4e7d99b15410c52883a078b042d8148'],0.449256061449975,0.28723778976664727,0.182376148770554,0.4662834662212697,0,likely_human
UCcUxtUPk7NS1hmaDJXfMR6A,-1,1,1,['3d07ce72902c6cc7e450cee230e4e0f9'],0.45355164490737176,0.28721765471745564,0.18106419092281667,0.45671320578374647,0,likely_human
UCZklLPhSdEjVkzCqLgYtesg,-1,2,1,"['71c41e57817095fcd770ad8899598527', 'e932e5a6462d56bdcb074e5a5f815d78']",0.42778124592258693,0.28708308023513424,0.2099714347542574,0.5112295949613708,0,likely_human
UCrvjZYTceiyoeoaqZdXFacg,-1,2,1,"['6dae4ac3c99ac18d4ea0a741af1d5994', 'f9411be7cc79d3099be04a4be12e9fd1']",0.45700261938619036,0.28699928946649256,0.13630543922848334,0.5254740825305645,0,likely_human
UCAF2SpNe25TsaNSMo-_avkQ,7,1,1,['5e7cdc0004ea557dc247c10a73c7cbdf'],0.44516768239202004,0.28681752680304234,0.1521491266557547,0.45104053605369476,0,likely_human
UCVHpIdyVJ_0p6_zopLZi_HA,-1,1,1,['4b848706f0a22b99c34d65f3087581a8'],0.4384262712563338,0.2866084494712176,0.1687823794959932,0.5353399804901118,0,likely_human
UCe1B2Fv7ZO0fUN40l2hrriA,-1,1,1,['80768ecd51a6745111b63c54811a29f6'],0.49228990407621864,0.2864076540765802,0.13944928911259308,0.3586799415107274,0,likely_human
UCMOz_TsuFgcA09vaZy8Svxg,-1,3,1,"['5ac94bd9a817c9d9293ab60de0767c49', '48880d0be6ad5b7d9f18c77bf1c10adb', '988a1cdd4070813e7e22507817dace53']",0.44361808367114824,0.286330564064751,0.1751489366304298,0.4938577640240928,0,likely_human
UCOcTT5SIoB7c5kSn8tJFh-g,-1,1,1,['0555bae6d206d09998f390aab8583e0b'],0.41546532770518674,0.2862648623135154,0.19817193131485591,0.5751986121799844,0,likely_human
UCyA_P9Y-R7vysXuvwY96ykA,-1,7,1,"['e7d56c9e84687854aeb3712176044446', '4ee16403a143b4d4178326bf73e877fb', '2137be15bb5bec756c5f467d01270442', '96cf451ae71702cd9be3e95067bfc7a1', 'b43490931962b88d940b0983c6bb70d9', 'c2ae20bff7fce4cea6cfa7af214cf680', '8001f7267f030b0ca5dad50ff8ef4329']",0.4275815791097622,0.28625881315728446,0.16882195380521645,0.5806974830287343,0,likely_human
UCUTKxfoW0zGPuICKEDncy4Q,-1,1,1,['3a3f014a92dd18ce3bc5f84ae1821ab4'],0.38886927882447714,0.2862257505645784,0.2159657293406325,0.6577442654627506,0,likely_human
UCZqfb5sh9B_1MQDdOPLaLKg,-1,3,1,"['946110784dd9a717c87bc5c8a21ed3df', '15d260e01c537ba59ad8b04bd710c23b', 'e359620c1fecd5142c0f0345ef5b4a84']",0.4213417741492827,0.2862057152114111,0.17481898408125363,0.5967930618647881,0,likely_human
UCDopCYHySZUpUoJBYA-BtGg,-1,2,1,"['96518d63ab84be8777e0e513c36fb862', '995a77e628204cbc2bef833fe13366cc']",0.4201697173611718,0.2861751593249375,0.1603224184189603,0.6377463816714491,0,likely_human
UC_5n637j5McBzZx-elorBYw,-1,1,1,['5fffac1a598429c775aa7ea796fcff87'],0.49772004440155854,0.28617208966936897,0.12601774892027934,0.36393768121109815,0,likely_human
UCW7bCDnDyuud3ZlVl0GF0Fg,25,1,1,['a80f64210fc343483bb130aa17952722'],0.47182358664126,0.28616940373283145,0.11502164096244367,0.4122032884597354,0,likely_human
UCXWeeA9ksZMP3dkr7dTSizw,-1,2,1,"['11c363bb553e59a5a5f5e3e2d12d1eee', 'b9ef6581280048156f1a0c662c470033']",0.42118748188191013,0.28613710241026136,0.18196596953847155,0.5828805665170467,0,likely_human
UCB8vjgHy64ZHqn3tRurkr2Q,-1,1,1,['21d0c31e557e300a9a4c1f01c2bc6361'],0.4421077886313285,0.2861043879106209,0.1722524161194587,0.5047230944036095,0,likely_human
UC5uAPH1Mq217sg7r4tDQ6fg,-1,2,1,"['dbd27288d41b84fbb9584925a60787ee', '998a86c3e4765a67d5450e5638cb0137']",0.4521293547093113,0.2860852308430954,0.1231497005678316,0.5653302175981193,0,likely_human
UCvAa4pMDX7um6ZxUfjWZBsQ,0,1,1,['ba3c14a955c73124696ada0b2f96236b'],0.4527534327559971,0.28588746071625676,0.16237682342139387,0.38504219860442823,0,likely_human
UCNfkOTShWTfqLGxHIN2MdmA,25,1,1,['8def511460e071221930e3340a077c0a'],0.46440424778224926,0.2858349813709545,0.12772294592002226,0.4158253811880339,0,likely_human
UC-Z9ZGQFx0QWJAQu7339p7g,-1,1,1,['4c1f6dc8ce84f564e156d30848c712cf'],0.42439850915301636,0.28577126743869263,0.16940441378154605,0.585609078229483,0,likely_human
UCXK6LEJFSTFQuD_K7zgBjXw,27,1,1,['644f4558d36bb5ed9c2a28edcb3c72c7'],0.42264057616798456,0.2857525058551778,0.17988739986447103,0.4839421576435916,0,likely_human
UCNwZJK7Nz7JofucDiWevkig,-1,1,1,['cca2877ab937aaf1e31f9b30e4c4bcce'],0.4330875737409122,0.2856659554283325,0.15424920875407444,0.5745721039276882,0,likely_human
UCuB-i8KZ6vuYUU_7ODozSRg,-1,2,1,"['bf9b38c169185e98a029b9719f02ae0b', '5dbf49dcc4108925185cdfde5ffbc2d0']",0.44382569770600844,0.2856163127725001,0.15262122036815168,0.5370826179388772,0,likely_human
UCv-nyH9Rk1qFFlewyDo0w3w,-1,2,2,"['f787e34aa952cfeba9f6c2c71dce289c', 'd04cd9605c705ba5b0bc5abd0a6fdb28']",0.368030671362324,0.28559996784534175,0.1942941995100883,0.7869176155361197,0,likely_human
UCrtiwgur6QMOjXyc-ApqRZQ,-1,2,1,"['1d83104af84f01e2a417989b61c361e5', 'f4fd54f46788ae513169d71d16465c43']",0.40727198445144147,0.28556096784719154,0.17918570725539826,0.6436042201883834,0,likely_human
UCeoY3tpYSRKcxAAWBRbjm3A,-1,2,1,"['66f16140663652e1675dd1dc5d434fd1', '7c7bdba76667a703d4afa72149bc5cd9']",0.4265999052590079,0.28537705417300363,0.18077182915848958,0.5568751708762327,0,likely_human
UCWBhiJqQW8fh5yp6jbQJ0xg,-1,1,1,['7b3a3170ffad4fd3d3ca050d45f8b41f'],0.41490890266790714,0.2853523042821041,0.17566336492439188,0.6163566223304568,0,likely_human
UCWjVrEuj6j1Chqmxon51d4A,-1,2,1,"['b86ee6865fae5a394875adc27bb57e29', '3b44b618063005c56d258b4f6e793b45']",0.43225292630244094,0.2851738967267723,0.16509525132888261,0.5568718992265507,0,likely_human
UCynpK4wsiSwu80AbaWtilGg,-1,2,2,"['77164770be38d6e617c31dbb4e1301e6', 'b2f2ac911b41c31b1bb97919863664f7']",0.41514549178555615,0.2850164995914861,0.14377606769578208,0.6818380775739586,0,likely_human
UCFmUVRjw81ASckDHWXQ_ceQ,-1,1,1,['db811df9a427969b9350c4048ac939cf'],0.4292017031329246,0.2850124264065841,0.17403862631492403,0.5525514590506077,0,likely_human
UC4Gz3bJfnLsZVfWESUwSGBA,-1,1,1,['f99e35b87b2654dfa1900bc858bbf6cf'],0.4610361937426236,0.284861898240554,0.1628349403641507,0.43761175797853946,0,likely_human
UCHb0qK7ANjD_zFmlC29eE2w,-1,1,1,['41ce29b909049ddc501b37471dcb4bc6'],0.4469371830897123,0.284765239453857,0.16112562577297626,0.504977616244254,0,likely_human
UCMvlV3RAOMUUbZMFp_kbsOA,-1,1,1,['c9bf5e73273c48877ae20a606246d935'],0.4147619758922668,0.2846729866505742,0.21193730418721485,0.5360219791035163,0,likely_human
UC_CwtCLB8L6T_Bz1I8biNnw,-1,2,1,"['cb7c18d1fd6bd5112ffc40c267f10a76', 'b8e9bcf40fd21e4f7e2bd828cf49d99e']",0.41786069317418795,0.28450001004346676,0.1861851882929883,0.5749433856419675,0,likely_human
UCdyFYZBDR_mOqjAV7MlU0EA,-1,1,1,['045d68760b1a0d5b3c3fddae53cd346d'],0.4324942317028033,0.28449991001330743,0.20212844430991456,0.47357703314968724,0,likely_human
UCDcj4SsanTc9MGvNezcLetw,4,1,1,['3b86b68bd6e63ebd6a1dc7610524dae0'],0.3205230773762249,0.2844216334851376,0.17749420308713046,0.8995878608893786,1,likely_human
UCHBZHl9XW7lXXIh6P7QHAvg,-1,1,1,['92c36b47aba0918513caa200c08dcb9b'],0.4357827905091537,0.28433655589806806,0.18467319394525752,0.4901990681461804,0,likely_human
UCIwEv3mj6-MP-vmehM9eFyA,-1,1,1,['63e7f51aeb7f64173fefe0358e530776'],0.42422332552357933,0.2843054556305074,0.18309979111513197,0.5467110213493733,0,likely_human
UCRGqtJjieQRuI0ql6wMwB0Q,-1,2,1,"['53dbbd032bef791787f89b556d9b08ea', 'd89f5d4528da09ccfbd502cb00c009af']",0.40844449872502164,0.2842199603924773,0.1850556591883456,0.6236053139567108,0,likely_human
UCogTx8XkGLjU2eCDUIX03-A,-1,2,1,"['998e33ecefae56c505615e937c0afcd6', 'adb76c88c3b128892334f1eacf8e2c64']",0.44036788204561594,0.28405229153717926,0.1625096124031957,0.5159746418519013,0,likely_human
UCfHegrhOBK3bGHE5a3avrzg,-1,2,1,"['52c17f7432a898397623dbb2feb8a1d9', '9d45f6c54915705e97394d75fc4ba6cf']",0.4405484629276839,0.2839707611352513,0.1425467560822987,0.5555987929302934,0,likely_human
UC8eIIUz-8qngfj2yjgT9Jkw,-1,1,1,['0499d52930733201b295ba8ed9125c65'],0.43530191629247006,0.28394596225872115,0.1797533188976056,0.5106247946968272,0,likely_human
UCKolLQqI-OYRGjh0RDhJ1_w,12,1,1,['a25dc7be67d05b4b391f8330626de0fc'],0.42118522768366773,0.2839152705989005,0.18138476586039906,0.44072259928712104,0,likely_human
UC2yC8HbiNJaZQJS8aUM4gAQ,-1,2,1,"['98ec90b4474d46e7e32ca104ab64bbc0', '52bb421e200356be0a83efe35e8208f9']",0.4347244557328608,0.28389274064395226,0.17850450564129017,0.5033484158478456,0,likely_human
UCJdoUWV5TAIErd17nYlhiwg,7,1,1,['4714611971a104a81ca8dcf7e33fcced'],0.4258651536425382,0.28382384047759124,0.1829339244414117,0.4429991188680762,0,likely_human
UCt9X_W3SSPn_qjRNz6d2x4A,-1,1,1,['017649b9a833951e94a92a1a8f3d2e3c'],0.42442271542264587,0.28361405407235396,0.1593051471370386,0.5978419442805426,0,likely_human
UCcTV1z6lHBfpL3c88oHeFKg,-1,10,2,"['cad9a3f1e9bb18da81e8ae5bd370a854', '57e8f052fbf30165b4497bb388c96f85', '60e6532abd8af26ed0ccb114aca145f6', '6b2fcfdc2e3fb77f3f26d27e950bf4e0', '61f1502f78fdd307e4702d155a5e4598', 'cf1d938eba9daebc7dfafd3e499c6ddb', '4f28aac848f2df5da72abc7a8a441d1b', 'eef8cdff06f6000b2fa3af52df62cfc1', 'aa17544dc31bfa13edb8b1426cae604d', '9fefce06bb727d22e441a7f54a5c931f']",0.42015962954914154,0.2836060986144784,0.18066622939893398,0.5638614420346707,0,likely_human
UCPM4NDWChzUQKPVqHWfhxXw,-1,1,1,['d9ec2d3a0010bf176d2bea231e62d83b'],0.4316533218951781,0.28312744622872155,0.15608517299502794,0.5648450918292682,0,likely_human
UCEDA95RREGOgzo_tNL1eBgw,-1,1,1,['7c6aa0c4b3f13c2dc41e02ef14ed3359'],0.42511303158999136,0.28302467633253275,0.17021267438541574,0.5541463767434214,0,likely_human
UCSEygFW6zLmdLlWc2D8VC7Q,-1,1,1,['c1f6ca8033924b08ebec985f0244ff6c'],0.41509622921592415,0.2829380416005922,0.20527134525833163,0.5345299320569133,0,likely_human
UCHZXXYuHP_R9YgyPCXIe_Lw,-1,2,1,"['9f86faa1b4972885fe94c4fbf2b7b49b', '227590efadb1f0c96a7db72a0388c9d1']",0.4367277093737153,0.2829143223804845,0.17268886439172804,0.49914209793045144,0,likely_human
UCQsbJv_EifQB8kTD5q-xQ2w,-1,1,1,['1b0d96fe72d0be732ad198389bc918d0'],0.4223262776949216,0.28286620025339904,0.17908954043719608,0.5521526598656736,0,likely_human
UCdED-XgyVo5O7_OUSinbdMw,-1,1,1,['7f99c87deb6e0cee17cba38c91cf31a9'],0.4418520206696054,0.2828282253856758,0.15041975170885377,0.5207873942947222,0,likely_human
UCbBvBqpThH7kn8RMhgt8mSw,-1,1,1,['ef7dd901a17e81e6cad4b3d31546c266'],0.44973667101939624,0.28282810327458585,0.15537574583709857,0.4730402638257649,0,likely_human
UCslggGIRkbDlJy8gJ9A80uQ,-1,1,1,['f9b4a073cb9e6e4e38ca2becbbae82d4'],0.4351383645647833,0.28243837778125064,0.15133288344448317,0.542104025774242,0,likely_human
UCtNJ-RWy8WyOXB_m2yhOQpg,-1,1,1,['e705d8d228de5a7e44fdd929ee566ad7'],0.43765846880135184,0.28235669025956045,0.17305018532761954,0.493199944323096,0,likely_human
UCaGjr1TRpLv0VFtdcblnnlQ,-1,2,1,"['a20bc288c949784ab55d0c4763536998', '7375f3af6af84a62b9f86b5591baedea']",0.40834564713686883,0.2822926073257048,0.1984118504421712,0.567532148643345,0,likely_human
UCQQq3XCICDKs_JO5DEyz5nw,-1,14,1,"['547afb369ae36b4101365e231b43add8', '33cb8eb24ba995767d430b6e83921f9d', 'c3e7bc913e7d1fcfdbe9523a5228adeb', '76162ececf6887f9045d199980d51143', '37df9887dd3321ba7df06e8c01f11c8f', '06ec44c1918048f43e4026f909f5a260', '9e1678e343d953866f6aeb104d9fadef', '624493e09b8d668498ce78323b7e56fc', '5d29c24c6eb131d6854ae24f3b61a34e', '7c3e79b022a10f376967fe43831fec3a', 'e7c184fe09b7d2be3dd26a941342c7fa', '1c6c94fbe9249dcc5df775129eec6a4c', 'e6ea32e2707b7840fddd277bba7b12ec', 'd6d0570aa871128d4a406b265c0fa957']",0.3960446854440686,0.2822759218186766,0.18170084294342487,0.6579955198136291,0,likely_human
UCKnsn7hPNmhCqziJfZTYa7w,-1,1,1,['e25d7a37a2f30acbe885f1f30ad2c451'],0.4497605653478719,0.2820896313798454,0.16908300935340953,0.4507836841696196,0,likely_human
UCQdpOvHgx9PTl9uy6FYXt3Q,-1,1,1,['491f9568b0b190e89052a8e0a6598836'],0.4109207920447551,0.28204098705560937,0.15413541275175704,0.6542555700825445,0,likely_human
UCHzSxkNlUfoRt9xBa5ayFYg,-1,1,1,['458484592a26c775c2adf04eb7185c57'],0.42986817993250387,0.2819209883923225,0.18590982607830175,0.49342981903153044,0,likely_human
UCHAww4ttCLT64y5B1OfC-GA,-1,2,1,"['f2a042634893ef9dfc7036f6f4f6ca58', '791fb8a54b88d28a700f4b1f657861ab']",0.4297516886632977,0.28188874106132067,0.1607246673299584,0.5495693926283695,0,likely_human
UCqhnAU_fXoUKINKnxijG0CQ,-1,1,1,['13d1485d0717aef3fc5f20f098411de2'],0.46562582768229555,0.2818135723126448,0.11784120570493287,0.4741088446997299,0,likely_human
UCy8GR8drDBMN1-ChdFMN2WA,-1,2,1,"['91b8ad5aef0d8d1ad6b6fffa8a78f203', '1788d963219b49cd8d196ba9c0ffa8fe']",0.42694221257497905,0.28177975470577443,0.17065549409399514,0.536940702554263,0,likely_human
UCpjE_nNyEeAI2oGl1EA2_Hw,-1,2,1,"['2d4685671c4086f2b2667932b4948eab', '3f89905070e09077fd3cab726075f3ec']",0.43954050872840134,0.2817746574308586,0.147224035029478,0.5280761511542713,0,likely_human
UCUJ5vrNI4lr06zOYHsQLF8g,-1,1,1,['5698011da3f6a3c7d136bed4dd855b1f'],0.42956291781283223,0.2817559331197211,0.1880639816423714,0.4899831949423447,0,likely_human
UCdqqY4QRQkyuFCVd93qIjFQ,-1,2,1,"['ebdc5133c5ba6577369aad409574c475', 'c79a21bf779a2f3da3a969d6af08e75f']",0.42361101578878024,0.28168803657802605,0.18475968788214905,0.5223012640765756,0,likely_human
UCWHUBOpqYgnD0Z0XKgo5mdg,-1,1,1,['2b508e05ac53b8000bb64db654aa5c4c'],0.4080488417828865,0.2816684661515603,0.1886660866284943,0.5812272633988828,0,likely_human
UCI9I1bOicenqOyHYorqfEJw,15,1,1,['1f5da5f9065cc7f2a1abddf2b7953465'],0.43411389485365764,0.281521447848031,0.15987468741022667,0.4429723801352517,0,likely_human
UCBt5vL_UxCJm-hlbbqYPE1w,-1,4,3,"['c812a18837c7f05a9b147d0850426375', 'e67395da37b88e8955ce799ce43bcde2', 'f7bdf86ec0dde08fd4128ab840c3acbd', 'd1c13b74a919f21431bbfd56c120a033']",0.38002892759725176,0.28151388543677336,0.16746221279952672,0.7490608586768978,0,likely_human
UCBsG9bEzjhVtUZjCLvgD0Cg,-1,4,2,"['bd19ba210e8979b52c9c1ff985caefd6', 'f23e2419b1b0141df9c0f6650612dce9', '7a6397f3abdcf38c2997f8fe2a37976e', '0f1bd74948a31853e6620e9ccffd80b3']",0.4220129649341148,0.28146396279551583,0.16584377870954178,0.5653924279878261,0,likely_human
UCl3xq8Olj24-0UaOMttkoig,-1,2,1,"['50fdcb626fcc207c2ad08001ac515da3', '6e727c568b5add3ed407193a7d622da2']",0.4166118627626369,0.28143782684615537,0.17361218522189983,0.5798865284575552,0,likely_human
UCcudWlpcm43FowrXBgw59yQ,-1,2,1,"['d64953f5fb52f905b49f6073e0f58ccf', 'eba53c8247d52f961592712d06cc6982']",0.42891548924849976,0.2814177288835048,0.16417304945218814,0.5432228542661586,0,likely_human
UCnah5zw17mAaIGHdBx36lUA,-1,1,1,['45e8d58e36e6031fbdd3d96a2243a9c9'],0.395685605282824,0.28126588654013335,0.20553273833759447,0.6095967646174976,0,likely_human
UCk6gh-31NyaSUkqey0U2atQ,-1,1,1,['b6b7d176f2919bb1af9dbd013083f63e'],0.44428957622578324,0.28115047319779757,0.1787028638211435,0.4443742477579977,0,likely_human
UCiReaz_6crGlCVTN1Snd2_Q,-1,2,2,"['96717b944a080ee00a8aaa5abff6676a', 'cf91f04fe64dc9327a1134790dfc81db']",0.428903047488182,0.28100372912206,0.16854006067362817,0.5287696947365409,0,likely_human
UC8SqVJZAXXm0SXhP_1G7eOQ,-1,3,1,"['7dab6cd3ea794e19b3552851ba5293b1', 'a9c8203029f417c245bd075e2c1b8ef8', '6f270a05e16ca576785158035c07e654']",0.4198052761820099,0.2809192642940973,0.16946064507015146,0.5611467172307505,0,likely_human
UCQiIrRQ-F1MvstdaVeVYsvg,19,1,1,['2abe3816134ccbc1e8c30d26a1ee8b89'],0.422217917294431,0.28068553765237514,0.1629792519398336,0.4677485273769856,0,likely_human
UC6WktgEVFo3N5HO34pHIEWA,1,1,1,['39c7b6757b27acfda9285e2bf48e555c'],0.4381305921987834,0.2804905283216773,0.16215456940171158,0.4013944888294799,0,likely_human
UCJHaeg5fRIF9HL_1ECwnecA,-1,1,1,['64df0f77ec2a2e8a3e0bf8f93605f532'],0.3866373234019113,0.2804752095019911,0.18559755686972063,0.6727074833974117,0,likely_human
UCnwZ4IQ0kybagkkITn2A5dQ,-1,1,1,['2ec3a36807fdad7285a6798a3cd92109'],0.4606735241339517,0.2803766146097904,0.17706035371099874,0.3666287698105646,0,likely_human
UCAC94TXwIjHGIHGYyJdj86g,-1,1,1,['a1daaa9c2c329e25bf875255019194dc'],0.454086979732014,0.2803498872268248,0.12464457870825996,0.4966518794835846,0,likely_human
UC89nI81uBfMPpkVfXTZa55A,20,1,1,['9a10af6e19b68e510a85a65feaead551'],0.39664806622936233,0.2802802345190951,0.17801058507001943,0.5495439526808835,0,likely_human
UCwYt9itmJ9Tm4jPwZDk8Bag,-1,4,2,"['9bc2aee7af761918144f8d70e4ba7fa6', 'cdce49d39f1a0c21b23e3b3a6f1c53f8', 'dd1f42600be7700d19ebe0f91b61748d', '204f59abbfb503f084036f4c920126db']",0.44919446747805036,0.280254961212873,0.15484014427899573,0.4559491412028562,0,likely_human
UCwOERBLpSKC6UXqxfkVeELg,-1,2,1,"['23ac7afd1b1e556d5a1dcadda262c271', 'e6a17a3f9103d6203b64d3f428fb40ee']",0.44546083475633425,0.2802355805943848,0.13387652401416164,0.5232320961987604,0,likely_human
UCIky-V0TsQvzfLMh5EoKwAg,-1,3,1,"['5b059911a1927dd5303d5dad138e0b69', '9d4706c5148911e89117bd574a08740b', '92ecf064bfccf68a7efa4e02fd4b8cd2']",0.43475128370409494,0.28020712541160125,0.15568325577250763,0.5192046809246446,0,likely_human
UCbfjI2yj-FIfMf-aqNfL2OQ,-1,3,1,"['e2d38296f52752a5655ef6d4cc66f306', '98c6a4ad344a6c95972bb781882cd174', '4f73cb85cd90e61cc05074b4ac3e3cca']",0.44897219857881554,0.28014379189905875,0.14597758123825696,0.47266225592935385,0,likely_human
UCnxois89TMupKCF5z_XeNmw,-1,1,1,['83c4c7088aa43685cce5354a3bdbe8a0'],0.4643217994157417,0.28005712486458634,0.1416577045813256,0.42079522733286007,0,likely_human
UC9mmtO3kvjdQvmX5ux5iv6A,-1,1,1,['0db15223c3c136449bbe36f012c09d67'],0.4091436502596286,0.2799824879510091,0.20393835848325176,0.5262706760030819,0,likely_human
UCqJDXsUW2OmT9kUIy6aJJPg,3,1,1,['aec69f260bebc942658fe88e87e2d268'],0.40251465559318594,0.27989897062046487,0.18614952299366305,0.5044928417393952,0,likely_human
UCOb37-52pEbIH0n_cgz6lxA,-1,1,1,['1dbadcb68476324c36553c343f6e17ae'],0.44177813207999705,0.2798969838407498,0.167011056719921,0.46114256299765943,0,likely_human
UC2OTBApjAmmUSBWThZnRW9w,-1,2,1,"['7aeacf2198567362a39017508c5312ce', '7ee7e4fc9f558d2870255f1face8dda9']",0.4010486643006692,0.2798818608547249,0.18070380662675345,0.6168522341912207,0,likely_human
UCzsiCl8VmXd_yvnNRZtUubA,-1,2,1,"['ccf346b7d73b3a91d97f5d740afa5e81', '1b4d0bd07e1aeb4b16c5cb0ee8d37c61']",0.42691271618314597,0.2798772071358675,0.14246184472166,0.5754980443378814,0,likely_human
UCSynzherakJxm_Ywrh0joJg,23,2,1,"['7bda9c3c17509c011e7d0d5c6fff2134', '70b5d31b7677cae680a7d864575d48c1']",0.409868309405673,0.27983654458981105,0.1694231543371675,0.5028154225935075,0,likely_human
UCtix-ut3OdlijNG6HjIJYAA,-1,1,1,['0ae022434ec82b5fbe1ba71fbf87c2d9'],0.42334884479814794,0.2798155946061986,0.17002549170371503,0.5324320534292807,0,likely_human
UCmcqtm15d4QY55vd_uPuQCQ,-1,1,1,['88011e52ca017abe198c03e1d56ab914'],0.40282632174488076,0.2797873331937407,0.147232924248245,0.6764830808023096,0,likely_human
UCp2nsUeCqpQDfQrOo_SvzBw,-1,1,1,['c409e14debd36abbf2f5883eb22c9760'],0.3727599974533012,0.27973607403382444,0.21867323425129284,0.6569387380891621,0,likely_human
UC_B-_DhHdcufhDDpdeCIVMQ,-1,1,1,['212ea9f207b89e277b2b2cd67fbdbf4e'],0.43409728799453795,0.27964225842367546,0.17853170777273886,0.4653389939210665,0,likely_human
UCQwDemEqVd_uGgAI-nOID_Q,-1,1,1,['ea537a1667f225b65f5291f3bff0ba0f'],0.42436737009560843,0.2794579690119687,0.19047593762564308,0.48412723766837495,0,likely_human
UC24J8eZZ6kBPsljGa7aLp_Q,-1,2,2,"['c60fef437b9e429ba20287ccef8e1c06', '7165f5e5c987ec967f4be438e68c66d2']",0.3995799810131934,0.27931064095947733,0.19809315998287488,0.5817185673740426,0,likely_human
UC2qj76e7g9tUfZLWO922hNQ,-1,3,1,"['61e1750568741c95b2d093e023c1b096', '6fafe05cffaac8a0a78b01d697b5e7b6', '83391953f09ce50810ade2fe83faa1cf']",0.41280488670246324,0.27930192961405087,0.17996974114374345,0.555579353201934,0,likely_human
UCsiye9WoF-yd1jb5NK489dA,-1,1,1,['f594e3eb12483cc68de63ec2f89c71ed'],0.46098509986518266,0.27929710305547867,0.11505439324325266,0.4776896555839672,0,likely_human
UCWj9y0t0G65oqb-Lpy3J7oQ,28,1,1,['7205c87d3ad6df7be1e188f5152b68ab'],0.4197947950490296,0.27924485341849553,0.17810084041591695,0.4344638237201286,0,likely_human
UCt_5ULcDGBo8dLBdsjmf_ZA,-1,1,1,['42f776dc223203391c90ff4dc82cc900'],0.45841492581999477,0.27922926170664836,0.13602836902163112,0.44228607999292974,0,likely_human
UClNjoPOEqt4M7-m-34lXxXA,-1,1,1,['2b952b657e0344f62aa7b26b385f41d0'],0.42547027451647057,0.27915748424653575,0.1784298754073541,0.509379733947458,0,likely_human
UCz_AY9mZP2ttD-a0le-dvJA,-1,1,1,['3cc6ac20fd45fbc4e5309e56216172f7'],0.4362133604219849,0.27914258794212016,0.14488845441541962,0.5190937687029905,0,likely_human
UC2aWUa8j-f3fxgldHm8XiLg,5,2,2,"['b0d31895b0e11cd1fc6ca4d29de69f22', '1b1ca1fe31514a8739be3f498669837e']",0.2658779352282557,0.27899998982033375,0.1288068383923851,0.9999999999999998,4,likely_human
UCfb18QpKSI35yX2S_bVgvKw,-1,5,1,"['f9a6d2f114e3971923d296e2a2fa08c0', 'e843f7a9bd279df95811309742224163', 'f99aed83c6ce5ee20a6c222aeea420c3', 'b9b4e677a0e378727824a1e9b2639cbe', '8f0133b4a696bc5cfc99f268046e4102']",0.410397238087756,0.278873705195928,0.16368054572790972,0.5999213828018581,0,likely_human
UC843EIkRTW7HOSoladuENJQ,-1,2,1,"['8de0345870cb63e4c49b6526ec05d90d', '93eae4509ded2f8be0d7628a5e4759ee']",0.4407612976423082,0.2785497729718338,0.17491438805021828,0.44018299507753766,0,likely_human
UCh5cmG-rVjQj2JZniJ4WHxg,-1,1,1,['19ca7e086d4ad07cf857290afd633286'],0.4533297039378926,0.27852907658829174,0.1332374430726139,0.4653276626869326,0,likely_human
UCPliUnH9K1r2Ua8Ru6is_qg,22,1,1,['49c4891110ceb3583fe4e13ece53762f'],0.3942424108366399,0.2784107391851761,0.1864491663254453,0.5072145909355393,0,likely_human
UCCzKp8gjx7NTG9U2F7B4BHg,13,1,1,['5db8cff1ebd3746c3048ac07edc4bac9'],0.4125495564630099,0.27840151376513483,0.15161329545599253,0.5206295566042205,0,likely_human
UCBUel7A-A7fHMt6v8k9a9dg,-1,2,1,"['0da6f3db7ecd87733548c5f2aa764072', 'a0e979453b1f61f3a2b2cda812789c39']",0.439840381881145,0.27821377391675683,0.1385801794068602,0.5086922598464736,0,likely_human
UCoB_FFuihw8zViVePd73okA,-1,1,1,['ebdc08fa99b964498164f963886d2ec4'],0.3902504688990045,0.27817248914349835,0.19349186461148993,0.6148068079991383,0,likely_human
UCGv8YmrmzQDIO775EmEtiIA,-1,1,1,['63964032619e3f339c67e3277410adf7'],0.4286748945546377,0.2779345075234726,0.16507238964037937,0.5045524155230571,0,likely_human
UCHVVDFs73xBmB1B5-BV8wcw,-1,1,1,['5ad906802cb98c65683609cf54b19f92'],0.42468376087541493,0.2778978975313414,0.13925068994751608,0.5738208167456028,0,likely_human
UCKEGsJmgzI_RGP58rRRBxZg,-1,1,1,['cfcac9083de091945b7d330699635c76'],0.4247113114200773,0.27766981620935455,0.19721258680067869,0.45198468013500936,0,likely_human
UCB_sLeuUwmXHdy-VmdvjkWg,-1,1,1,['b76c0bf64834c80b9d6917b73d9739a7'],0.41825658191795684,0.2776388097619777,0.17625462858416782,0.5248656162101708,0,likely_human
UCENk8omdJe7rGMPEpj7YXPg,-1,1,1,['4b2976b1f9e24d8e3db74eff9d82de38'],0.3806033345259655,0.277595235378135,0.1958030835876133,0.6470100246555781,0,likely_human
UCdqBsLRE9uKodZ0D6ubRCYw,-1,1,1,['defa73188cc774ffc38efc90b7a6fc97'],0.42200834029625156,0.27753755118036444,0.15855649718958933,0.54083630757001,0,likely_human
UCmYQFXIfEMYTOQIATo_jZ0Q,-1,1,1,['3d7101f47979477dd2f4982837588beb'],0.4534563216974873,0.2774613644967402,0.12893758392948323,0.47057564539479424,0,likely_human
UCU6IiWt2kYCxK9M-cQP5CNA,-1,1,1,['5193b6ff1d0d2e31ef6420f50671e6af'],0.42368926033672,0.27730299670113906,0.14695135505352871,0.553350624103217,0,likely_human
UCqwouDQx6q2z0MTBH0a2kWw,-1,2,1,"['e3e91ab3ccaf1feadabc6ee5e539f241', '7f109bddb264f883f8d2ab66d3dbcfe5']",0.4089315867197952,0.2771026892665168,0.18151240731823717,0.5494942589734223,0,likely_human
UCVm7-Nb1eULlk08Y8mvlH9w,-1,1,1,['2421cf94281ad53b41442523bd9fbe6f'],0.40453069473001924,0.27693991061334794,0.19198708797795178,0.5457196574937572,0,likely_human
UCWwFWL0EQ8uBSsRg29YPFTg,-1,6,2,"['4c22d61c379aa33d007de95523909b0e', '66c5f93c7fb53e3b30257d0212274ba0', 'fb207964414670ef92689d61d8e44b1c', '96a1d699b3b9e39b247c9f494a4f01c5', 'c99d05d64e0cb2ee2b5f2adff9ffd4e1', 'e260896206d03a7f409df9a68dbcdd52']",0.3901758174032124,0.27674604057848223,0.15077801376827685,0.6952914213447755,0,likely_human
UCwsNrEYUpNKc_sJdVguokUQ,-1,3,2,"['40f133e176687cdef19798fc1f9d30bd', '43bcb6b90b34aff5c919df773f3e80a0', '4294b0f01533a135728ca08bc9d37854']",0.38589462204039054,0.2767215459335739,0.14678288522867733,0.7231348772093512,0,likely_human
UCAH0RDKkppD73KGTGu3sE2w,24,3,1,"['f3d10e47fc901b842150eb2ed9778dfa', 'ebaea4d52dcafda8fed166786d353a29', 'd563a35b4b0b7c8a12859af239c85d7a']",0.3922362849244483,0.2765433938149966,0.15127864650050207,0.5574065308009432,0,likely_human
UCorI6TPrbxh0-_o0S_6Kyjg,-1,1,1,['8e2f62ff456bf74c281f7f4b55a23d61'],0.4263695025110986,0.2765293253509078,0.17281153867177118,0.4842420271187712,0,likely_human
UCSFYDqq0vdYKLSRCjupvNIQ,-1,1,1,['3d5010a73cd10ccb770e62fbe59a2f57'],0.45834062682805654,0.27636069142326075,0.12726190514304972,0.441221765896043,0,likely_human
UCpj8MlZSrkH-TzKEVEQeyKQ,-1,2,2,"['64e83b3ee42ccd2e98e2c666a6336c22', 'c4478a0ff2fef5c9aaaae9844234b0ba']",0.4074440248565767,0.27633006131669957,0.18175989709138468,0.5435830493834085,0,likely_human
UCT4xu1ekk0BRMArMbK5Nj0Q,-1,1,1,['03b2716584d89096b199ecdd15d40352'],0.45098259721816003,0.27591837435237204,0.1572554226494888,0.40735293640968007,0,likely_human
UCXs-A9XBy6jv_roPXjmmOlw,-1,1,1,['1c8e8e3374cb086706d852eb234a9586'],0.4404743666038544,0.27589203679045615,0.11641418765377709,0.5238420464566913,0,likely_human
UCPXB8a7JUa9Hi4npX-B3idA,-1,2,2,"['518aef3a692052c568e44f7db7fcd10c', '7b20ff710ee0438ed5dcf46ebba66d06']",0.4281317963166481,0.27587279796386066,0.1674476737609152,0.4773173566687361,0,likely_human
UCCo0P0mXu5GCVz7G-iU9R-g,-1,1,1,['57df875550d8110b37c34a72cb161c38'],0.43041138639358545,0.2758536585855087,0.1602596634997646,0.4797611926904938,0,likely_human
UCd1WihKRNhH_Ieb9OHoGXJQ,-1,1,1,['42bcb3289ff110b8b54afe6b383d4d13'],0.4572714402446683,0.2758029727226404,0.1531406395195592,0.3736481925706048,0,likely_human
UCofkHd1QYiQjI58NWsHHu-A,-1,1,1,['08e381f384c2f004233051c463c54a93'],0.40423880955470076,0.27577115759079485,0.16055000545084713,0.5952236525661417,0,likely_human
UCveK7grf9c97jb3WNqVs0VA,-1,1,1,['b3e9c8df73ae9bfb8b4007685e9fd54d'],0.4287976750799669,0.2757491370919263,0.12428506221225341,0.5579809268133608,0,likely_human
UCFpCcPvj1iWIOKp7y2IsJTA,-1,1,1,['b6b29aecd30848a19391f39ecf1b13db'],0.46906844376370005,0.2756938176182016,0.1209200384296557,0.39982984575799074,0,likely_human
UCFQO4ZWM-Hc0TeuaRSvh1oA,28,1,1,['22d0377194c83b37139af2a97442c937'],0.43300670975826316,0.27568931141107456,0.16004960036333477,0.38063790055452823,0,likely_human
UCWgYC1LmoQqh7n7-DRxbqRg,-1,1,1,['18d91850ef15abb217ca7930a1bde836'],0.4219718811287716,0.27568496155193767,0.19640783618675606,0.4563720712082232,0,likely_human
UCRZrn9Gz0KvIY8k44g1fv-Q,-1,2,1,"['720770e4d50d2ec7f4527da2579418fe', 'beef2a5011f27dc9ffe1875cddc980e6']",0.43099143047718635,0.2756546591019062,0.15080280481166297,0.5084843653073705,0,likely_human
UCOb6u5Vt1MfqqIQ0Us76zdA,-1,1,1,['c9ba31d044fc6c2944227af231c839f2'],0.38839807128662984,0.2755778033091342,0.17312182940423584,0.6522533966920815,0,likely_human
UCwsbchIGdnkSVz45xk1kd5w,-1,1,1,['b5ddbe68fdc690fedf95e3fa6d80ffd8'],0.39593978948503117,0.27556508953279624,0.2031757626648459,0.5433452139911671,0,likely_human
UCedtQvQ17y3HGPvIdA-yXRw,-1,1,1,['d5a024ae6d27a9b2689b894f7db54211'],0.4230551454120837,0.27548523087986165,0.17875432085891435,0.4766655903635566,0,likely_human
UCNXXRc1Nqu4OLLsQDWF4hFA,22,1,1,['e0c50b9c30798a4a84147115a50d3922'],0.38091460412288264,0.2754654312326545,0.19835991932670116,0.5084574176550437,0,likely_human
UCjklneyws_j7GmNu-U4AZ8g,-1,1,1,['889c8bb6f2963a5be093ec023d653ad1'],0.39252569634076506,0.2752684532340913,0.22157301345992012,0.5205659313375082,0,likely_human
UCQQ_J0wn-ZlLlGOUwfXPujg,-1,1,1,['9b6e20ea7706d216bccf244a61e71229'],0.4504397150696457,0.27525761523543035,0.16267177115423187,0.38848268653639384,0,likely_human
UCO-t40v4tikdez35-_FneYg,-1,1,1,['17ad70f04b2933f976093f95134f7933'],0.4375705135676564,0.2752470129631971,0.16622820655647522,0.43427559887047523,0,likely_human
UCupC0GKAnfAYgwqynEmb5Lw,-1,8,2,"['29c79949ea4ba46702a3a9d4ac9e95e5', 'aa9c3542da37fa789b4dd6cbaf94a5ba', '4a863f35279cf7b91e7cf26a7c6e82e2', 'c13fefa6d7223ead8b25f53f330b66e8', '8cd1bd4cf54658ad4d70c16f86f258e4', '9616b0772b361b3e56a920c0cfb47715', '67db0cd131065b6b892e3514a275f6a3', '6d95726e6bf19170791a68ea8dcd73b4']",0.39069475098893175,0.27521897442023946,0.1698605400060181,0.6350623784152495,0,likely_human
UCxm1uq58gOhHKy_4Onhj9ww,-1,5,1,"['14ad7181aac2450645636a1b5f99136a', '8917e1d2ed8fde72e74b4f4acef1157d', 'c8e9c08aadd5075d956c1cfcc5595a7f', '7fed0cec06a7f8185f5a1670c99859f8', '1bf894fd801c94bc6d93930379542b9d']",0.42240599240482635,0.2751919172425034,0.16904785919067247,0.4930001448830149,0,likely_human
UCARcwQQX-DEIXdK4gR6s2Eg,19,2,1,"['04c4a223bec43a56e0602de6bc5c8a48', '2215a5ea016f1f954dfc5f5b087e2d43']",0.4104393939775166,0.27517358415577675,0.14809215318682253,0.49724147768165977,0,likely_human
UCyaqdwQXPA3lbX6L8n6v13A,-1,1,1,['841f89e11a81c99481b9b939603bb8cd'],0.4704289252419238,0.27508034736802056,0.14435276574738837,0.3388029561474773,0,likely_human
UCE7UTJ5L1M4XJ8y8SxtZbSQ,8,1,1,['df0c4b5efa6256a2aa8bfeafa7a8c9bc'],0.3936448092841408,0.2750288120572743,0.19409466623915123,0.4236661590028932,0,likely_human
UC53zjQuygVofnypenJ3wuWw,-1,3,1,"['012f5bf6b7170fd8bce3a4f7099dac73', 'ce533ffee432b14c5839b9dc6128d8fe', '1ccc99706ee0748c53c0bbb34f0ac22d']",0.3744270890901023,0.2749097522777529,0.22402860687651135,0.59719418506922,0,likely_human
UC8M6N-zhvE4UeN4M3lBwk_A,-1,1,1,['a0669eddd1824724e6333099f8f7b8b0'],0.43989557029432413,0.27489649679438155,0.16542142110079486,0.4245452957761507,0,likely_human
UCuQT8-wrLwjP12PHQdmk0Tg,-1,1,1,['49f4705346e39878bef6fb7d69a6227e'],0.41076205789920894,0.2747702685962321,0.19159224273954112,0.4987366007831158,0,likely_human
UCQ4PdgUn27MHVt6qC3cH4_Q,-1,4,1,"['29adda73c31762e8cdeeeda2234bd53c', '1250d593f0b5e41706542b2c8a10966f', 'cdf32e9f1372ec63ed3f03febeddc0d8', 'd093bbcc5d374728526b97c21c461fc7']",0.4221711054136822,0.2747534360559831,0.1616733942015582,0.5089822677483574,0,likely_human
UCfahT3ii4D4E0wVAsg7V3Xg,-1,1,1,['eee542eacd0375823cc5a29e222ced59'],0.43955963878917304,0.27467171048876043,0.15979678960365026,0.4315348686922088,0,likely_human
UCKvz4reZG7X0cKkQa6t_PZw,-1,3,1,"['77b681984824cdb4347ec94483580c54', 'e9a7ae237ef264aa5b1a69a798293eb5', '2d050a22dcf83a8470ac48076085c701']",0.436285425941374,0.2745722727345259,0.13713117269985556,0.49201329030825736,0,likely_human
UCzVc43-TAE7m5zd7YLwHdyg,-1,1,1,['8e1fbbdede702922f6f20dafd4c17e58'],0.4376771178877117,0.27446889932202956,0.17940551565076354,0.4051849239031634,0,likely_human
UCGMSQFloA65nEBjhJzlMjVg,-1,3,1,"['714d658d351cf44184319b0c490c8a1a', 'd3471d74d6dfbac85abbfa44bcd742f6', 'de63d063c4954a84984213106a7e274f']",0.4129472022487697,0.27425881531127067,0.163775066213218,0.5428313594989154,0,likely_human
UCgFL8b7VtQ8MRgGCKjQUJew,-1,1,1,['fafb577a3389cceb58dc4e4acad01f36'],0.42938920664045366,0.2741241327856404,0.17030002176982195,0.4591176366700541,0,likely_human
UC-2pV1JjMLcKwxJUmd4JG7g,-1,1,1,['79e1c72bcb41721786dd7745741662a9'],0.40098342216822436,0.27407124557356455,0.11084589791669648,0.6986602682691286,0,likely_human
UCPeHur2hSxcMj10OWI1Ms5A,-1,2,1,"['5460ab73946be3b330fb8992fa0280f3', '8ef77c3092d288936e1417945c168fd5']",0.4558915007023897,0.27396151507587213,0.1351966169957323,0.412732276134688,0,likely_human
UC_oVmp5pu7QS8YV76elFuaw,-1,1,1,['bdab02e8ab159aa01f9d14359d590993'],0.43079694052928247,0.27393084058030126,0.13619399030384202,0.5119297403970482,0,likely_human
UCcMWebTbpMK4KkiIfv6uQ1A,-1,1,1,['db25cce22b8640e8f24bc5223c0af381'],0.425580066128805,0.2738250161966522,0.17023318456250103,0.4704824595965643,0,likely_human
UC2sdOrjEt46R-NLnbanEwkQ,-1,1,1,['0d5e53163600ce3f1d7f6be9d9a6ff5f'],0.40165747350417796,0.2737921162593204,0.16082133858503705,0.5905298820713507,0,likely_human
UCwtsKvaRT8iQDglNkz90byQ,-1,1,1,['979f0c9ccbe7a3e6e54c39eaf0d46ce2'],0.4182600653291045,0.27355208091975725,0.16913123777482564,0.5071590159605875,0,likely_human
UCOKCLPDExZWCM8daXh_4SZA,-1,1,1,['66fdb8c44b822600b11a06e19ca42055'],0.4621866258457371,0.2735453101836687,0.14252742013739383,0.36419730281598856,0,likely_human
UCKvYs0P8E7HRv8-GUCb6-Xw,-1,3,1,"['9265fb0d8d9468f52b2ddb4211846092', '59ef9d32874649c81134c0fea7d62832', '5c2d685c8c4a405740fffe612c682bd5']",0.39878521690695473,0.27339834172212235,0.17394966570313883,0.5742352601363597,0,likely_human
UCymLcZTv9Tq50yx3Y2T343Q,-1,1,1,['6b7448efd31ff1f6de0bc0baa3c81b28'],0.44962075162308235,0.2732809015855018,0.1378568783997601,0.423756192013764,0,likely_human
UCbWcbfc7cvNIReM-rwYA8AA,-1,1,1,['2c5db6a397cbde75dca6b992788567eb'],0.40956022061226594,0.2732563087742576,0.16394832797874165,0.546649652800283,0,likely_human
UCzCpsYBRtS7Kc7pBPTDfN7w,-1,1,1,['558b32c5a2b88918f8e5149446c6802f'],0.3894214138874861,0.273214338773472,0.1899226971514703,0.5771232131860737,0,likely_human
UCKiW-J97XvjIt_GLT1e8xFQ,-1,3,1,"['9e405cb156befc62a417f9bdfb38916d', '1530354f00a32539659a3b0447e6d981', '85a035d269ef4eb8823135ed7261b949']",0.38956081070051835,0.2729448245345272,0.17774005087042563,0.609753432436911,0,likely_human
UCOZvznrOWTuhE2fyFnK20wA,-1,1,1,['07dbe21c006e463ca8c9de7b373ec62a'],0.39706846325412704,0.27274582163979216,0.18699085926903616,0.5435830493834085,0,likely_human
UCQvJGoOlnlsiFYCuJUHOomw,-1,2,1,"['e37a577bf3ff8578371a675fa1ec4c73', '48bd6eb476d82639aced5dceac10d2b0']",0.41116677738230806,0.27270161208100996,0.17618931019343576,0.5021644815541427,0,likely_human
UCYC0Zl_R0pKE9Z5UxM4W9zA,-1,1,1,['07753a0205ecdfd69c67b43b6ec8d2bd'],0.4136281898720673,0.27245340544578656,0.1422309276411946,0.5579406242687166,0,likely_human
UCEqsmSX8KtxlZ17miwx1ghA,-1,1,1,['bdfa3cdb26433cfcc99adfcbc54c1752'],0.4149946368445796,0.2723698915068661,0.1377754581962507,0.5595542654445931,0,likely_human
UCDuLhXEmxwJwkjghO8csGbw,-1,1,1,['57ea338f99f721e576fd74a4635b490b'],0.44643164394809776,0.2722166582842287,0.08384185794180317,0.5302152574718839,0,likely_human
UCKiYIIr7EKNpc_ugNDV7qyw,-1,1,1,['1b93be76ee8e8a2e55f8f9573c7a3cdf'],0.4400916809890373,0.27218553439039717,0.15850633033376918,0.4047310311390892,0,likely_human
UCCZ0yX47c-GR-yov1UEybSw,-1,1,1,['e0d2a5ae0dc2b13b66a9a11000256906'],0.38193192478075577,0.2721251259902553,0.21579016860247108,0.5490740087898889,0,likely_human
UCJ8x1GDZ2f81Eoq5EU7aJrA,-1,3,1,"['8c39eab24286d59804f54b84712d6fed', 'ed27e27b78f54e3b65770bb56f805c16', '85b35cbe439d8cb3438a7d41858be964']",0.3739229412698921,0.27198204161190587,0.18087696025892383,0.6546812263433027,0,likely_human
UCOjxpYAURcMhb-uQ5nSfXCw,-1,2,1,"['a5b11a5660702ee4080a7c6e9be8ec6c', '650fddd4f928b568c8c6d72fbf5f853c']",0.41458542759779293,0.2718972996004052,0.17098999929379882,0.4989051224544875,0,likely_human
UCO4m8_iiX6EXt22AeYg7PFg,14,3,1,"['b2741fb8d1426e3fdf89d47bbd741634', 'df0719007f08c46b8257f506c8f4096e', '0407e6ded5dc07b53f6f5a73d6a176ea']",0.26719411956105016,0.27189390784153633,0.15566056998376518,1.0000000000000022,2,likely_human
UCZI0EnpmpmUUL_TP18AcHlA,-1,25,2,"['ec567f03cc08e8afe2fe7899b72cb39c', '62388aa798dbbf392b783420e008bf83', 'c352869d3105f220db30b26c60d80812', 'bf2f7056ebd516d85af50607665bd4a5', '9557b1d672603bba46665ed716e5965b', 'af538b4a5e2c634da06f4d294b7b9deb', '0b5850c32f329faea9ac78fc94440e3b', 'c2ca3172e99cbe69605396c73deec67f', '86769837ecc453283de8b0ef494d5dab', '9f99b8f1d8e9d1185cbd3208c77beae7', '73112c27fb24e4dbcb20a9902a251400', 'ea9facc6f1087d4475f3957a0da27d6e', '890d5b5f2d49fcc5266e1b1467ae1a75', '0c0efe214bdfe73dfb5a695b226079ea', '62dc568572b0df4eb331411603dd5bc5', '352129809e833ec1c96ff9d493c5de51', '6e7476af5c0365da9c753cbfb8c7dd50', '07b1740c2395af40bc46ab05ed6b1b64', 'cad99c0c1b4b42cb50bca46698c63f93', '1785a2b83e17ede14c28e784fe5e0a3e', '1b359021c70f87461eb0809395a8c7cd', '8ff33cc022fa39a1e8601249881018c5', '9593de5772a7e134b7ac45b57fde5880', 'a398b72954ab8d44fe0839f06629a6f4', 'e43aeb1f6a89529c9bed163ceddee0d3']",0.3665721926302173,0.27189378267818753,0.1685093416742403,0.7179106701903851,0,likely_human
UCSJMBi6A0hQeicVweTCKn4Q,-1,1,1,['f5e1b2826e8d674e56d5f3a6fb635986'],0.43325563186375954,0.27188326202287133,0.1667180124337067,0.41612738931108684,0,likely_human
UC7XZunheFhxGiPkdMYGYAMQ,-1,1,1,['91da943d2eb4036f9ece89d23c493421'],0.444161324902117,0.27184248117924054,0.15573877078236603,0.39805103630277794,0,likely_human
UCms7_4KDoTyUxg4tZ15C_9g,-1,2,1,"['f097bfbc43d36b770f7b82b5a4ca733a', 'f3ff70b7bf9df3fbfba7a2092cf664cc']",0.38877478467381665,0.27173968566399603,0.1778870454109811,0.5956452803251041,0,likely_human
UC3vfg_QdERej0zHgyNR8TMw,-1,1,1,['b31bbb6212f86776dbda394d8393917b'],0.43513270547877114,0.2716294799730953,0.1297986712884584,0.4802237968386488,0,likely_human
UC5lXZNlLyuEZU4fa6lrJgQw,-1,2,1,"['f976e5300222956790b83da33668dca9', '233fd966827723c376ae835d93285c77']",0.39838966918736124,0.2715887351574556,0.1786908326236711,0.5519578702642016,0,likely_human
UCSudj57FPNCQPIb1NRVC90w,-1,1,1,['8d07f00f8706f8aa07049b14dbe7d7ed'],0.38338419934666146,0.27158645149525584,0.20677465387953722,0.5565052223949768,0,likely_human
UCrX4LttAETxyAuDtKH270fQ,-1,2,1,"['9864af434178d92d4fae548fecf33307', '16ac157c9a6656d9110a89dc9eff4c20']",0.38748131157453525,0.2715164271758753,0.1695660613415913,0.6148068079991383,0,likely_human
UCj8zvSRZpjdb12AKve2Rj2w,-1,2,1,"['992e0450857ffd7dce5357f6375ce276', '8d3dde5b56eecdbc3f2329f40ee7a877']",0.42480815693728446,0.2714714455083938,0.1612039179377454,0.4688992990608273,0,likely_human
UCyUDZxm8uBNHJqe-IRks23w,3,1,1,['c84cd97fe7a00cd7d6ad09d8aac39a9d'],0.4798559909688624,0.271067853551085,0.0793433759299192,0.29166753493474773,0,likely_human
UCCAj8wki3jkCgQzciDbFiFQ,-1,2,1,"['c5d50378ac5cac3975a3a8ac56d31d63', '004b4eba1423d9674cb3c4a200cb0062']",0.4273777536188563,0.2710569226135679,0.15098037292508612,0.4710801257096933,0,likely_human
UCTGZ0X444HLRMdF30m1Ar5g,-1,1,1,['aeeb72a9060649877db56fcc056fe6db'],0.40013231108235403,0.27096020288357897,0.1964706511358182,0.500020553040124,0,likely_human
UCBkASR3-ZGHHK4hzKfk2NNg,-1,1,1,['1766450ff68ad1786945e86ded16684b'],0.4272477819920446,0.27095032808027186,0.16731031865330065,0.4429991188680762,0,likely_human
UCJOJzvDbmGHs393uYE2QKGA,-1,10,2,"['352090f20db11a918882e4a354980d77', '9a61aa1fdf17409d219b0181cb8d71e6', '5888c8da99ed701e9dbf5c8dea0d5778', '4a4dc44c3ea90f0f8d4610e383de5ebd', '4d8a31a3a875f585389adf1969912c85', 'bf4bab23148b3470ba339a91fa3797e2', '7e0e95166bc20e059e40a0fb6a334376', '0b04fc3104fa14449d0d4f3b4fefd4af', '545986322394472ce6b9baab016f5306', '95d6db953fc5851ac0f787da871b6b99']",0.41015759008449554,0.2709417149466188,0.1488379790052704,0.5486763644033179,0,likely_human
UCNKj_4tCR6bgfTyAuP6K_nQ,-1,1,1,['e5277cb1d7d7215bc75c573c2633d101'],0.446038545074683,0.27092882966755377,0.14949255535412148,0.3947130128009968,0,likely_human
UCzvVMHeLFE7_uKM3DAjtKsw,-1,1,1,['793210650d5ff0b93059b89a27188f29'],0.4079093821393423,0.2708549030006828,0.17804314351549091,0.504977616244254,0,likely_human
UCa-JZck_6JsCWBcqL1W9cKg,-1,1,1,['d694c6e5085d73eff83342dfdc7f26c2'],0.4088268582622238,0.2706046706945391,0.17144916882960276,0.5097215838397868,0,likely_human
UCb-cSqtEQA4nXO7oTVFnilQ,-1,3,1,"['2ea63e5d8b28b6e0cf4384b55048c4db', 'fd49a2fbf100d408fa4aea26e32f4270', '71e5425224a21b3c31a5ae61e588f0fe']",0.41015999489808314,0.27056950129459584,0.15209897793154956,0.535836592174175,0,likely_human
UCSkj7dZGnslVgSl_yNWCpnw,-1,1,1,['26fe8246af033ffb43db9c0e75c99e8f'],0.4175599195636856,0.2705091034652002,0.19474419340424645,0.4149495513107227,0,likely_human
UC4Ed7cj8-VzfsROv3opLRJA,-1,3,2,"['c4814e11ba2298148604e17512c60b56', '30f863f7c2a66737cc3c55e1a1cca8e8', '8696a46b44b75c4aeaaa2de823c43218']",0.40280764831085286,0.27031286557556067,0.17161310349952846,0.5293087805678947,0,likely_human
UCPEVZfxHm21Fy0sFdGSxe_Q,-1,2,1,"['31aafdcb20c2f95a5c5f05c03ae1e0a9', '39369894f884e42f2b352cdae7a98f80']",0.43567454588253973,0.2702948540727683,0.16596001278599093,0.4034532937774443,0,likely_human
UChPEUO50PsvZpuCTBZmF50Q,-1,1,1,['9dc916735aa08ee83e403ae2d86eba7c'],0.414115357801052,0.27029350182045797,0.16883262102906302,0.4808354515425728,0,likely_human
UCvq8QpYEinZwNxJJfT45Ayw,-1,1,1,['17dd9a98a5d8d5f9605b64c77ec18482'],0.46256258599781425,0.2702600920442788,0.10205566390621171,0.4097683846846118,0,likely_human
UCZHTGMTSSD-hLSjrGc5QbZg,-1,1,1,['bc72ac23c6c6a8e2fc62b2ca98e7f95c'],0.4062223599337894,0.27016663273975955,0.18438483609791212,0.4913069712690939,0,likely_human
UCFLJJ2p658uDJ52YtJY_OwA,-1,1,1,['2c2bf519818ef91252fa305ba1c1fb1c'],0.4053323159541928,0.27016159699333636,0.18489616174428525,0.48696948129347994,0,likely_human
UCfP0IMz40G3IisN-XpMu09w,-1,1,1,['9aef30a9bd6539acdc013e119e6ce757'],0.43661702262020285,0.2700985793175494,0.15449823357691767,0.41132720229012565,0,likely_human
UCzcsQqxFfx8ATQLltxq9YCQ,-1,1,1,['34648b7c80b182b8e8a4231401913455'],0.3770378631785312,0.2700212612314985,0.1905571056610654,0.5989409390385984,0,likely_human
UCm0gI5ZNFaiBiQVZE4Tl_wQ,-1,2,2,"['a9ae542c4209039592e654bdf186ff76', '0bb799ef727d6a48b252f585f468dd10']",0.3947066466162632,0.27001638989021026,0.18368135534325453,0.5374003025105455,0,likely_human
UC3TmDoXfUKCrVZMPIUbg2ww,-1,1,1,['ae3f801347af6d15e5e8a72048ebbd85'],0.4112732157804541,0.269940100875339,0.18224174256605663,0.46360488270311817,0,likely_human
UCF2-wL_hHRb9XE9E7e_d3eA,-1,2,1,"['71baee3ec25e22445920951de526372e', '9222a1628777a570df1ca15a94cb1e12']",0.3937913257203327,0.26987707546416395,0.18838328588812153,0.5335737532841704,0,likely_human
UCgoVHtf0l8KW69i1h94pM2Q,9,1,1,['4b1bfa83f8c5e76844ad57f514444750'],0.3825266226893187,0.26983029300060846,0.18627633675929628,0.4944479929831084,0,likely_human
UCNlNZk6RZ0ECq1tHCjX8VtA,-1,1,1,['3e1385effac374cef6d3ebc9a6e03ba3'],0.3900330403651475,0.2697579441188871,0.2106503707264328,0.49669750581983796,0,likely_human
UCW8JlBsUaC3Hh3EctKJKq8A,-1,1,1,['2a07ee0c52c524584a07a9481f7800ce'],0.4253416673118107,0.26974963768465426,0.138559573269291,0.4883970529256634,0,likely_human
UCUnSM8Fw2wrGSxdWzkvGIuQ,-1,7,1,"['c3195b277b3aeb59aca65580f764d0cc', '4d7cf27e0976a03f1412a4f6f5b8bd56', '567a697335d082ac1c5e638b70bdf568', '10f1c0722738daccf4b21af3ed28301c', 'be1f0ea381d9dc625fc4987d2cb5087d', '164efa4f93392413c14106ecf5cacbab', '4c58da536831d0f815665b0e2fe36620']",0.40144880419853396,0.26974850877478485,0.15953603093693072,0.5533431510770261,0,likely_human
UCwIFmSJWwgnTl-xVMn2BxWg,20,1,1,['da8c52a4dacbe54b63da2ff6864da072'],0.3819502416380497,0.2696948550561801,0.1558142851203635,0.5530486671608253,0,likely_human
UCJb4VAUDy82NMW04xatvKVw,-1,1,1,['3e5470ac44aa2ab6db2301dc602c53d4'],0.4370181491277273,0.2695102554975729,0.16089328638601724,0.3892365515456182,0,likely_human
UCbzJbibXxfUYXJpiIJ01ajQ,-1,1,1,['2aab0705d8084e39b5e10a1167202171'],0.4451968050391356,0.2694649664842299,0.15140057034541884,0.3727903508890551,0,likely_human
UC62I9beu-_aPSXaBSohqQCA,-1,1,1,['02f63093a3a6768258448bc23f6015a3'],0.4191646007681894,0.26940528098341054,0.17830101827361355,0.4396794773075732,0,likely_human
UCxp1fkNYR8YoKfNG8iOUgSw,-1,1,1,['d2a436e5f675c97cd6d7752763b32bcc'],0.46482100362407297,0.26937706361027897,0.120446854161478,0.3429460285736951,0,likely_human
UC3t4A1ToVnYGGPbwg2upWzA,-1,1,1,['0b895239d5d111e769e28944382c783c'],0.41642793463707023,0.2693370294336557,0.16433243700797454,0.4775329184833514,0,likely_human
UCdD3kGrYhg5cW8hbVuc7RzA,-1,1,1,['5fdfd6477a1460ad05d381c7389eb497'],0.37944483539327856,0.26932747190193157,0.18451237997991685,0.5968294307356724,0,likely_human
UCEzGgB4B9R_EPVxFU-vCVXA,-1,1,1,['65c179a2a71586329ad6161e06db7f7e'],0.4408511136215205,0.2693131743576187,0.13842530984278792,0.42329341460326514,0,likely_human
UCzb9mUKCBZFmIxjTrhJdrFA,-1,1,1,['15ea8ae0ba6ac0e30ed65c990e02e05b'],0.41348744817092653,0.26925384282559145,0.16374112795513232,0.48551868734364667,0,likely_human
UCTsigr3QyikGfL0pbRDLtlw,-1,2,1,"['4a4026c7de8daacaa7779b3c3ba7d115', 'ef27c8025e334277a87c7f8a1393c060']",0.41313427527526214,0.2690489988776207,0.16136218363338234,0.5005837521789874,0,likely_human
UCJ_3ukM312oalP1pLAhgyYQ,-1,1,1,['dc74abd2bbfaaa86baf0f6b39203f8b3'],0.39822093260849856,0.2689726223883287,0.14879268076535232,0.5798865284575552,0,likely_human
UCK7WhMoUIJ8YUxnVZRsSqPQ,-1,1,1,['2728ce71ffa380dc52c271ce8d5df0eb'],0.41239447364202064,0.26892485049242093,0.14829456077695669,0.5201326251841896,0,likely_human
UCQWNDNGgg4cF4r3HVGb7iaQ,-1,4,3,"['3f6eaa64863e238f1aab62d1da916e43', 'd15a90ad945415b00901ff473d1d6bb2', 'abb642aef7446d62a5916ae9b8140ca5', '1fdb70090a24df353b8053e2b8219de4']",0.35499052953568344,0.268892799006471,0.19938840486276482,0.6727074833974117,0,likely_human
UCEZy4uHtukC6TjmzdgRia_g,-1,1,1,['20d1d277b0f8a5f19a8f3afb5f901b67'],0.41967500977005257,0.2687705187650201,0.17744114393223748,0.42322936201639305,0,likely_human
UC0wev-OWdDtG8abR66gRXvQ,21,1,1,['de537a5fb59e6bcac20c4765d91de6d4'],0.387797063593329,0.26875151045813594,0.16638283848053684,0.49642148627049376,0,likely_human
UC8Mc2x9t3C2K-f9TGOJNGlA,-1,1,1,['d6fbfc60204d7287a5df0b8e58954f14'],0.44682617470468,0.2685561144123866,0.12508676689487855,0.41366004905144516,0,likely_human
UCzFwh9JuMnSlDSLddpFo9jA,-1,1,1,['2440d6c17f3999cc863c03ebea0065d7'],0.45048634453220027,0.26855515567828525,0.15171384349928643,0.34697677073855254,0,likely_human
UCoL1AHpZV0qke5uniiEKOIw,-1,1,1,['642e5274be9fd89f33f8471132c140a6'],0.42903074454574563,0.2685197421601167,0.1609492583389634,0.42113713621392457,0,likely_human
UCBmZMAj3-h5yYDye2l4dnCg,-1,3,1,"['4ecc49fe0f7d66dc219240f0e486fbf2', 'ddca0c890d3973319c24ab68119e2544', '4a80395257bca9f231294d234709c11b']",0.40711459595783633,0.26849433297527225,0.18350357159804154,0.4639701439630115,0,likely_human
UCYhCTNHWsslnk5j57--XAlw,-1,1,1,['5d654093d39ca9bf238ee3af4e69fb03'],0.40533931092268877,0.2684414435037233,0.1709984957685303,0.49539302138393515,0,likely_human
UCJi8k3JAHwYn6BgiM51rwZg,-1,7,3,"['8c3eb472d920c5436152da321a700e46', '715c0daee1397ec693a23c79e77451ca', '4f3c45b55373698119ed9910c9372ece', '5973f7faf15b2d05eea048443050b799', '3c28a3b954683b776983acc77d524ac0', '102ec9e042f4e2d7d1dce89a195f6df7', 'c63440cbbe458e9c892fac43ed3dac66']",0.4099300539383501,0.26842725560933695,0.15343951848957418,0.5142971202621021,0,likely_human
UCDhyswSIqpVBF-q2mXa4GfA,-1,1,1,['3867346cb68899e2ed0f311eb627a06e'],0.43500601853701915,0.26840163002429823,0.13555598078521677,0.4469339232852184,0,likely_human
UCgrDAEeSwGlIMladakYXf6Q,-1,2,1,"['ccf49ac2c31cbb31bcb4a073f92eca7b', 'bc078bd892d2326a930ff3d761a52864']",0.4085211610549654,0.2683781567672792,0.17423122295413446,0.48083951563084115,0,likely_human
UCrTlGnAtoPtT9eRLn3Xz-dQ,-1,1,1,['e7e5f4dab739f85bdec180e19eddb653'],0.37391520308860665,0.26836335602851247,0.20833553300362143,0.5651316717720454,0,likely_human
UCN2sSGCM-sb2cN-WykWJsXw,-1,1,1,['0e409ea212012b346da7dfaa1303b647'],0.4584282052017758,0.268363002101951,0.12130382600136674,0.37204796106042193,0,likely_human
UC7jI5BZeb5aG0AguLCpWWIw,-1,1,1,['5f4cc38f7e14250fa08a054601ab8a0b'],0.3931157428075065,0.26834945806800486,0.17364593189647895,0.5559441368289463,0,likely_human
UCbhaxHRuvY-IZCu6Yii6YkQ,-1,1,1,['07987dc4597005d8bead95c9cfbba996'],0.4044026031480188,0.26822127365889675,0.1641440353146197,0.5196185435607152,0,likely_human
UCrsgBpJ3f72JyHeRDa1SEKw,-1,1,1,['68647af083d488f43a2d20b17c10011c'],0.41752054091164154,0.2681947358194219,0.17465821751373312,0.434956636763566,0,likely_human
UCC8hp_P0WKAVsVEJ6pKoJxw,-1,1,1,['6f6a1bec3d789993130d34bbc1a49b2a'],0.44572316051463257,0.2680308497906965,0.1455097712499816,0.365793207457416,0,likely_human
UCh6sk5esj-ey5titxsT4hWQ,-1,1,1,['0cf80796827ea6388f948c64d0e9355d'],0.40585718488617367,0.2679109081488851,0.18781390230741,0.45458468410439584,0,likely_human
UCDj9QH2hXpVW-ciZ4_op0kg,-1,13,1,"['a32d46a579efaf031249fa35bdd5ae9b', '28a658d9265c211581e8c3c5cd12bbe3', 'ac6458d4862bc75f5cff5d90e01e40dd', 'cfd4199d14c23caba0401f2882db87dd', 'c4374abf134ca51f053a387c5782c334', '1256180bfee827d1feac129aaa1aca93', '22e6374f8a4e52ac5f7061f1b5488746', '70eb7e31fea2b89dc68cb6cc0fad712a', '9fa847af39ad64ca7111d502cecb6ae7', 'd0bd38e31f389fa77d44f8e3d0ac1a75', '1b527212e0e92a5efaa9af0c12b8e6b2', '8641a4f3adeb850407a5114a610a5831', 'a6470c8f58323b268e720b84986a5445']",0.3849385184500245,0.26787589743094986,0.1667710072270529,0.5949615090579954,0,likely_human
UCjvhip6Hz57RAVVCyC0i-BA,-1,1,1,['456f850aab9a623e7fbcfbfba6900cbb'],0.3876148645059595,0.26784698751139147,0.17236236192918997,0.5666698003499077,0,likely_human
UCvZkSHNQR7Ae5NoVZ3IzzRA,-1,1,1,['116c57b9779feb1023703bf67a4693d8'],0.4176985147156439,0.26779398506375374,0.1665106996629307,0.4579055435155012,0,likely_human
UClsAhZ_Ory2isALz5CuzDqQ,-1,4,2,"['2721e9918f0c409d8dbb196f7563d8ee', '960d34ff1881c72ba82fac5e2a8113b7', '56b7c5f643a1642680ef3a4c3e676bf0', '189688ade8f127137145f9cad656db59']",0.39199445041824627,0.2677459597853037,0.16072756617674533,0.5692013924558795,0,likely_human
UC0MIj9TgC2ivNk_utN0nXAw,-1,2,1,"['b017b378614d299915b12c83b646820c', 'a619ac22cf594e3f44313763c1f4207a']",0.41287903666029935,0.2676911054052675,0.18277124124716432,0.4378277591794709,0,likely_human
UCZGJC8MAZXM1S8UhcgwEH1A,-1,1,1,['a1dc36ab5418c87eb0a58496670fef87'],0.37748561680564635,0.2676658316396409,0.20860081936057315,0.5381845231198027,0,likely_human
UC79fBLH9Y4rwOF5yYPZmIFw,-1,1,1,['0d6fd801446b9aab9cc001a4d866f887'],0.44665416692066484,0.26751994896705,0.11709023425307424,0.4128181516053143,0,likely_human
UCpHWAIqqpVRWvLDlaSWIibg,-1,1,1,['04f51bbfc3376e2fd18a7a3ffd008421'],0.40646239867515854,0.26742427639962424,0.1581496529816222,0.508151603517704,0,likely_human
UC1CpQG8tNecB3GZCMqfTzdQ,-1,1,1,['ad8421db4a7a185f1d2d84ba436496fc'],0.4249510111508499,0.26738899572164604,0.1515349905219,0.4418012580261599,0,likely_human
UCiX2393Jpilk93uP-_Pn08g,-1,1,1,['77176220ecba089bc3ff813f7dcf5ecd'],0.4378783645200582,0.26736406312320493,0.14807080009131218,0.3959827213103888,0,likely_human
UCxCvweBY28i56Eswlgv5e7w,-1,1,1,['849133cbe93fca22272e381849f04bd4'],0.3618496642739917,0.26715480855876844,0.18826267615279202,0.6430791745350581,0,likely_human
UCm0saZgfveXY5KGTT6UDX9w,3,1,1,['9a9df198fe505269ee147a367ed24c3c'],0.41476849560675266,0.2671250526288596,0.1324516900589461,0.43219551897349395,0,likely_human
UCpPprqTbRKFMuhWGrBQek0g,-1,1,1,['09975d9bbb09c4c8d443cf977e0be85f'],0.3916767485029747,0.2671155833929302,0.17201722191136462,0.5554991127377391,0,likely_human
UCL9uFiI-gnWdyuWTuAMztRA,-1,1,1,['abd8d07ffd050a251adcb067ec30a766'],0.38013803650220157,0.2669539477228271,0.18407028287160493,0.5750360317171531,0,likely_human
UCQleA2xbKRySxVxvpA07gNw,-1,1,1,['400c8418789db13b82f8a1a4edefdf92'],0.4018171198574407,0.2669170315096018,0.1721261033603165,0.49833882048075556,0,likely_human
UCxxguaDr2pYcGWNqnk2NLxQ,-1,1,1,['9ff9b5e8d5fd97fc4d64c1b721a6ea46'],0.45476682985500594,0.26681116356572054,0.11429441493053619,0.3755567124635897,0,likely_human
UC99jvrjs_qCb8Ko2lkDTWfA,-1,7,2,"['499013c191ebd02bfc60f13d3972e336', 'b4823c6dc2d471a9baa9beb87ee9bf1d', 'a56dea00f69e34f233d852e332463185', '9671e2980c0eb0fa787c30bd952891c4', 'ead82a785465a36e05405b52ef9d786c', 'ed3538147292ebe24996a5b0eef4e0e5', 'cbb04924ae02e026c8ec13ac3e7fc99e']",0.39289003407763623,0.26675693322732125,0.13621198555974542,0.6113015792234293,0,likely_human
UCpA97btr1wU_WZUqdxu8Bhw,-1,1,1,['e2b9f3254a1d0202f234098077c43ed2'],0.42693051470429555,0.2665817226579965,0.13530850523753588,0.45957094657688435,0,likely_human
UCgfVkOjBNMtLDWePxjCAoAg,0,2,1,"['e3c39fe7a1ecd2da08307fa78c55b4c0', 'c23bbaed24f2f4c2161e2c566105a31d']",0.39568724935415744,0.266410003468866,0.13198678645986567,0.5115287428958217,0,likely_human
UCIVBsTlBt5NSHiJzEPvmUkQ,-1,5,1,"['63a5975d78f7e5a61eefff349a179092', 'b27bfd5b09d65bd906909d8434494835', '6711f5ccbfeedec4a38d0f7e05d4bbab', '962e4215c84439a59a89eb1a1562fc91', 'f58ccaca73913345d87fc4bd45c44e6e']",0.3659604749475812,0.2663846608552197,0.17476669938997033,0.6470100246555781,0,likely_human
UC8LGbKaDNO43z0n3CKliYrA,-1,1,1,['ab8850d2c71114c123ac245d1e40cd00'],0.440422154660413,0.2663429596647089,0.1358267801872657,0.39603322990546297,0,likely_human
UCOKvPuVT16mA5CxZ_JWxEXg,-1,3,1,"['a23b9b1bfc2fb1229cd1e0e1b6e9f7a6', '5a209f3251a270f3a296b150c606d19a', 'b7eb9a021dba204073b2fa9ff584d1a9']",0.38771459942644726,0.2663373119492981,0.17551715151940644,0.5487391262806585,0,likely_human
UCXWab7_Nzn9ICzhSjXiS6bw,-1,3,1,"['bf88a753a959b7ab140829920603da0f', '11f7aca8b69164b9872db255c5795b01', '0b1c2f08208c32b3db519b2c30e2d772']",0.3966501188450042,0.26630478564543975,0.15552253921769474,0.5579406242687166,0,likely_human
UCSwydHPBCt9H43eTs2xivBg,-1,1,1,['6befa39227b37ca2819f920c98d630eb'],0.44059855529906944,0.26622574565089874,0.151823145197911,0.35957671125780716,0,likely_human
UCAaY4WHHi_RuIdNoqOpUVGA,-1,1,1,['d2e2f9e79d6fad7f7bdf46a3ed48330d'],0.4099936836697768,0.2662223775582135,0.1590165357239115,0.4813025111807097,0,likely_human
UCKxlnGDhVxkjqAQDDn-oaWw,-1,4,2,"['410debb559660dabcf2976828107f99f', 'c850e4cc98e47ce4babdabeeb8fb7706', '072e3bbf2f197fcb6783601593793f2d', 'ad33c4e7e649e4c632578abb610e262b']",0.35550790587243714,0.2662017461217579,0.19694083768150805,0.6452314186765307,0,likely_human
UCVgQIpVOmW-yOpq7WM6vKbQ,-1,1,1,['bc20e1550d49a7689a3925882413b8da'],0.41845020394346755,0.26600503692033795,0.17013902371273454,0.42172484003384325,0,likely_human
UCYtr-YbEF0Lu3PDcNo7oixg,-1,2,1,"['047d37ebad9e9d7078f470c98ecf6f15', 'c3e7311b1e4ac7ce94f16458da3cf5fb']",0.393668526878124,0.2659447807670126,0.14784180300284855,0.5720194424445854,0,likely_human
UC091JGH6HWzjw5UWTKlSURw,-1,1,1,['883a77ada3b27be55c7057bd7c50c02a'],0.4019888723616132,0.2659287004031226,0.16707258874823422,0.49505085129423765,0,likely_human
UCugi0-XgtdXvKIjF0KcaXWg,-1,4,3,"['6c1688bd2798e92a526243184717fd86', 'e8bd06a7ed45843a7ec87d70fcbfb03e', 'd45ad4f977dc57e78e2ff05b24a7449b', 'e124bb5d97b07d9b5bee69ed2dbb945d']",0.3639917792725815,0.26575693101043424,0.19888422162353875,0.604767506972038,0,likely_human
UCfEjwTvNuu3ShrdMu30tIsQ,-1,2,1,"['c42dbbaf68d0348ab85790ee2c57251e', '34e9b7600b99c2afcec602e8d5d1a323']",0.42124043235728204,0.2656192258391906,0.1300228937796154,0.486094264147086,0,likely_human
UCBRIJyTKNCVydU-L2NSnmYg,-1,1,1,['aa89a0d34c5e6532bbc548e9eb6e43ae'],0.4162371015171419,0.2655740894099127,0.11995968233778331,0.5248361692479827,0,likely_human
UCzOtNED-v_ewFckNWnmDqrg,-1,1,1,['8c439b56ee10977ed6142f1371bf0e33'],0.39077600175723737,0.2655330337037005,0.14539839070259683,0.5883566418316354,0,likely_human
UCzdK26vJWcmuK9XQCWoo2rQ,-1,1,1,['d4bc666b1e99238157ac8e109c0a2a01'],0.4287072958281195,0.265459298284698,0.14451657165221873,0.421096515200038,0,likely_human
UCUGQbtVLUCkJHZKSaUiH9Qw,-1,1,1,['f9de6c2114ad9b20bb2cb1a21beb6ee9'],0.4215982715247546,0.26545724897402256,0.16965597949449263,0.4111028005570731,0,likely_human
UCqHp3k1fQiqW0GSWM_x2nZw,-1,8,2,"['d48591d56b3feab4134860778e04b040', '3bd9df1a92f4010c787494abd9d645e4', '79a95962eb1ad43a4bb13f70a314678c', 'eb3fe4d96b23bd11f3818e49061f0c43', 'f6fafd317df60f025c44a742a7457bc1', '8a1afb0779578aa1a7a4081627430992', 'f080cd4fcf2a94884610a1bbacc9e2dd', 'a6babcf7f366f9b1d98d7be4100b13d6']",0.351824723268719,0.265362434006778,0.16400288493581383,0.7231348772093512,0,likely_human
UC7xS_FnH1hfz2Vzwpt8BS7Q,-1,2,1,"['4fb767d78e6885613e667c9c7646ceab', 'd1b5b2ccd412230314bdf3cd707e489a']",0.4151609973042287,0.26517254115184874,0.146554805886993,0.472214897015505,0,likely_human
UCLTT9eGKlJ_Pvg4pny8gtFg,-1,1,1,['f9dbc1edf405d191cba40f1b3e92932b'],0.37270191295341143,0.26510563739107784,0.20108718822136995,0.5465863690489103,0,likely_human
UC4s3K-Td0OZP2IqMfwVbEiw,-1,4,1,"['54fbfd514b441d23cc11713a143cf774', '61d814b6308e49dc50e81f6f85a74768', 'c906dfc29713a912ab414fcc0812d748', 'd6351d8925f82b01e8cc799ac9d47fd3']",0.40638293774895795,0.2650139350819225,0.14687899784777547,0.5089822677483574,0,likely_human
UCWYL7LbGgjjlJcNnoC8mSGg,-1,2,1,"['be2ce8ef754977df992a3973fe547985', '12a633adcbd73ad60fc26d822006a7cb']",0.3974893255264792,0.26495107999115,0.15289486629917448,0.5370837809516643,0,likely_human
UCelPbnj4CXXVnrfVxHHZHeA,-1,2,2,"['a5c7e70dde8f4c98b76ba9906057ef5d', 'a0195ee575e96bbb268eef5eea9c3498']",0.4091591967020594,0.26494022501260495,0.16019619808431412,0.46738010624158105,0,likely_human
UC0Yy27ZophoN92oLSpeWMVw,-1,1,1,['1000701d32904e9db051289e23bdbee2'],0.37169230051251256,0.26491639520372,0.20061039175214082,0.549799044960997,0,likely_human
UCdXQH08wjFiG0w8Yy8UdEIA,-1,3,2,"['c3616a817665bf46a6db2fc3a81af4cb', '140a2a7ac1d9935a2c9cd320adc04ae6', '477c10c28c9b73d5bbf21463f474eb79']",0.3973768724027811,0.2649119473372278,0.16097806691438063,0.5223737619872427,0,likely_human
UC_gXODE1YL2uWMSTqJooeWg,-1,4,1,"['3a9712950de48d982e260336e7c9010a', '41980ad025390b8e02c04c796d256014', 'e7a851086dff3952d7cfe74f87830c87', 'cd8ba0f4242ebc94ffc14f2e811d907c']",0.3811181540020183,0.2648926399568598,0.17231941394217742,0.5742684499736057,0,likely_human
UC4H_0215JulckQkQl99zWuA,-1,2,1,"['ce2be9d72ede9be6112ab3d2bf16fd3c', '95a003e6baaec0486f64b6de9e8e6f30']",0.37973522865861403,0.26478621029607674,0.17157603001684357,0.5739194721738118,0,likely_human
UClxcPbnSsHrPVQLO1rk15uQ,-1,1,1,['84bb0d013002b3f26d80bcf0b8bcfbf2'],0.4172240048502555,0.2646677198437995,0.13051045090740535,0.5013135433846756,0,likely_human
UCx4uGNyk_sK9fBOu33RVY_Q,-1,1,1,['6ad5bd91c3771af97fea2afd66c84cd7'],0.437685607419389,0.26461229376748074,0.13072082279208125,0.3979381921936347,0,likely_human
UCviyPqvbfaT98_hqZzWXy3g,-1,2,1,"['d6252a6ed2dc34a1516ff749863b1959', 'fe862f22739823a6fe876d2b4b25977f']",0.4095948510445796,0.2644786367313433,0.12956423792063038,0.5277738551070481,0,likely_human
UC1lI3zJ724WKngHW_pdKNjA,-1,4,3,"['1f9eaf26d410fa459291889fda99455b', 'c056d1ffd7d403ec581712ba635dd4f9', 'cf871b6342a377e56051022ad0577d3b', '1f80c966a84a3e8a009e76bd34bf1f24']",0.4067982830193637,0.26444689044237746,0.13970609510776488,0.5183957527112169,0,likely_human
UCwHi44RMhCcw6eqtpGpOhFg,-1,3,1,"['a5aec6693f4d28dce8b5ca474c6f459b', 'e85e765e641d36e8f29524e1a32e48c9', '83407f7ed007d96e09c3bb8402414085']",0.4042451468324455,0.26427485415665497,0.15929344542664786,0.48750949905582763,0,likely_human
UC6fqpwBOQMUVdmPsDWONqaw,-1,1,1,['d9d48d97c05236ff4d169292e4b48eb5'],0.37615007734591316,0.26417150787320864,0.1953552355567004,0.5342669428820868,0,likely_human
UCN7rjuIP9Ag4pXOzeYGd7cg,4,1,1,['f1284caaab8cf111f84a10711f3aabab'],0.275510931627237,0.26416161324222254,0.17749420308713046,0.8995878608893786,1,likely_human
UCFiTWoP8hrbLFfeLVnI_esg,-1,4,2,"['d9719b37ab1ad48b5b15909c85a86b18', '8ec001f66561b948c6f94d4e3ed43127', '3f224881ed6e4ec5819190fa24c9ad2c', 'a0d363e5f6dc5ea520bff2265a297e25']",0.36816154943232937,0.2641490044660813,0.17078711490943574,0.6243573751002359,0,likely_human
UCJ4VGzE3SEsktoXWadZmJ_A,-1,1,1,['b3e112994ef4e145a59bf5550dbdc2d0'],0.37716257945366904,0.2641064202080231,0.17566965068539447,0.5692013924558795,0,likely_human
UCjNmVJzfHfTrn3DcZxULdHw,-1,1,1,['44bd8642b6010d86e2bb4f7da04c6349'],0.3902006138974962,0.26396084544385195,0.1782382453131794,0.5189100861284927,0,likely_human
UCo614LcdWTd7ZJm_iRSszHA,-1,1,1,['106d8b4bdc7327ce3b5ccf1b667bdec8'],0.4394979961814208,0.26387970083868384,0.13095249196954825,0.3834274861602148,0,likely_human
UCSZ-CeP52d0IApK50bqro1w,-1,4,1,"['882b4d7147a9d41edcee7063eb3d299b', 'd45a8a7e29d7f9bfe5d9ce8573793c08', 'dc03ffde2feff4cc99daaf96f8bc8db9', '56013e56478df0e30e32f6a6de934984']",0.3752219877455989,0.26387071253866934,0.14808289520315523,0.6397943840464247,0,likely_human
UCU7ubZXFozWxEQt_zyqakNw,-1,1,1,['a4284a74e3f54e95a1e49a5eab9a960a'],0.4047673764673005,0.2638444501611317,0.174917612825854,0.4442799307808961,0,likely_human
UCbQfir3_elfmtIN_yZ2L0Aw,-1,1,1,['b2971e62fba23f36befd21757a84e97e'],0.42962993285668766,0.2638087736427328,0.13539971120253586,0.42031247113231535,0,likely_human
UC-FnktF314OIkgi4uIAS3OA,-1,1,1,['926da5aaf0256521936477a2809c894a'],0.39434545122862236,0.2637980791885081,0.1647803735520362,0.5141910662736069,0,likely_human
UCnRIcQcIwi3mHurrKrZPlqA,-1,3,1,"['83a7b308397e590adaad07c61a3d6ff3', '9cdfcef7b3feaca06ef9f630ee18c55a', 'c4996fe98772f12d5a3110f0a4aa195a']",0.40709738146437296,0.2637882436005785,0.14304117035879013,0.5073597609922268,0,likely_human
UCfOFIAs5AE-N5TJrvMqXyug,-1,7,2,"['000daec52ed4b5b5c8c71cf1eecaad6d', 'f0d1742093e4363b62350fc87c0ee34a', '6db5d5b1c33c5939a06ec3e83496e108', 'dc8aa675c61bcc7fe4459a6b6151789b', '4146d1f1fcee8d09deeff118a50757e9', '5f6ffe8c671556c3f1a4e490a7f81eaf', '29bca8fccaf6151eafd3540cf28834b6']",0.3861261247919968,0.26378728542583435,0.13987550186346218,0.6068966371037898,0,likely_human
UCIAfEDr39yoxzsMT8F1v16g,-1,10,2,"['9eb08f16b4525e917944aafd6ab2d625', 'cb4d788f0f50c95521f717b85c31abe5', 'e170589a4adcf89edb962436acd70752', '0d629e8d9d0436b5195c61e5468f80a6', 'cae9d68a4e025903afcda17f80a17832', 'f2d1c8f78ca3d1dda04bf39ce7903180', '57e0360dff022623167a3c03c5b1d7d2', 'e235c8967503ad84609107e93a7e3172', '32e8c9cc5a774033e42c39c0d1f77315', 'e66ec8abedd9f6404e689597f37167e7']",0.362602247344218,0.2637648601489572,0.16090871177437355,0.6665006434630284,0,likely_human
UCn62tr0kKmDe241FEgMvXBg,-1,1,1,['20c6e408afff3f56b0f97322c3c9fa8c'],0.3710480926630345,0.26376068920028706,0.1546151065098419,0.6414005318401397,0,likely_human
UCaoKfuiXh65zjATLQHenR0g,-1,6,3,"['fd1b6126e8cc5c3309d772603b9927b9', '51cb9350098e476cfd496dc7a6d5ded6', 'ef03218e2887f174ac6893ecfd7305ac', '8032cc2a136c395c2e7f86476f32b32f', 'bb3289795219b4614901a4a08a3ad3ce', '9a89d28210ba619919d461a0f92d49e3']",0.37530820702515705,0.2637278944313954,0.18538361487630872,0.5574944639910133,0,likely_human
UCxsm8t1vR0sXU4dEkmEHVjQ,-1,1,1,['9eb0c2907c31eefab4f9fba4bc5aaf37'],0.3674451537503922,0.2637249764915601,0.16245495456735914,0.6414005318401397,0,likely_human
UCoR0hGjVYW7OVax1NBJyDuQ,-1,1,1,['b9c0e176f3f01e0868b09a812e54b850'],0.4094255528141256,0.2636732072249765,0.17130553902798906,0.43427288659539337,0,likely_human
UCKbxiqlppz-n1RFkIE-D66A,-1,1,1,['8c82b735a5e076aecc9c4cec46627ce6'],0.3887194802175479,0.26352665492042326,0.19869561211995815,0.47037365897165245,0,likely_human
UC_SXt9VKsla_71aj-H3R_-Q,-1,1,1,['a64d33e1dee1aecfd75584a92464e62e'],0.3858386911691277,0.26351390701642546,0.15477324549452487,0.5669188496158409,0,likely_human
UCOKXaauDtahsPXzhZ5mx70Q,-1,2,1,"['c3d4c7f3125925a8cc65f5667bdd4304', 'c80c1473d827e8d8d16bd58ce2c74975']",0.4006700980668927,0.2634171559191044,0.18252592253681793,0.44491384588359073,0,likely_human
UCXbqsvPZdwsu6FJEnN-tpmA,-1,2,1,"['b08df6611041d4c76ffc51d0f862f709', '594927051733cff0cd8ca0aadd43d246']",0.3852209359772508,0.26341305659715913,0.16223498028826583,0.5561084372680615,0,likely_human
UC4txN56hWZboyhLXATb-6hA,-1,1,1,['41359bc1ab5599af623403ee625543cc'],0.4507464310687111,0.26336215115178946,0.09879313788084491,0.3930398598378549,0,likely_human
UCuZnslTREezDvJmdVmwsjjQ,-1,1,1,['d7d7ec34c6d5efd62f666292e205017d'],0.3778566758456626,0.2633600473196778,0.18304223086737031,0.5525514590506077,0,likely_human
UCj1_0NX_bMsjSnDiPXxuUUg,-1,1,1,['e68548a29b99bf49580d930979a0e811'],0.4484045544559358,0.26316124764569443,0.11471272138796877,0.36937698521905854,0,likely_human
UCboIOiWw62miS07H6CfR5jA,-1,3,1,"['b1709d494e612a7bd12779ffabe21e00', 'bb5813960c92139b0089a6039afa8386', 'cd99bd4df850966d2ae85aeacd73e512']",0.40463882872293233,0.26300462326388935,0.16380509549898514,0.4642519935659397,0,likely_human
UC-l-0t74DH8_dm3PSU_C_Tw,-1,1,1,['d7e64be7d41b71d25cbceff266d8a56e'],0.41779817681246545,0.26297938220739253,0.16810731532909887,0.3975166104594347,0,likely_human
UClvI_lnimSAyTjnRO2tJK3Q,-1,1,1,['05e6f1db5f9726e9c44cf20fcb11d7ca'],0.42736673721510526,0.2628634376543047,0.13477047746789728,0.4191530699241153,0,likely_human
UCOcDAVlA9-tRi6xhhnVs2xA,-1,3,1,"['64b00d90e07e418b9b00478185d659c1', 'f7bcf84b2caa36b6f40501eb2cbf6614', '0e41aac7040b476ad8b876b0c04eb4a5']",0.3964344661954777,0.26286082725736903,0.17141782902147204,0.4858687961960826,0,likely_human
UCWevJMGyGPQgPeRKWhnzaBg,-1,2,1,"['a5852a4617cba62e9389620418bf1b1d', 'b1ef6104cdc83c0c2f103d6a4b5c9d88']",0.3847090855453461,0.2627634530812186,0.17960077659117113,0.5205659313375082,0,likely_human
UCPFHlDxj4NRQzhV1oWRvZrQ,-1,1,1,['24b030991eb72b3e4e8707e87da22607'],0.39989701216538054,0.26271776222504106,0.17527076160798533,0.4595334243856134,0,likely_human
UCDtpOFhhNN2h26W8P4KGyfw,-1,4,3,"['ab548ed38c0a1c1fab1619abaa765cb3', '683c037d598c757f5c3c0923ec5eced1', '3f39bf3805fba1171c43685ddfd17772', '150eba5cd183e5628e989b11619e909c']",0.37122082814233126,0.2626297943698104,0.17492668172833367,0.5846650687392647,0,likely_human
UCL_oUoBZS5NsbyRWr2dAbEQ,-1,1,1,['34f2fb94f4dc52eb7b855f089f71fb7a'],0.39361335744649784,0.2625803276179951,0.17395255079031655,0.49095190358221535,0,likely_human
UCyN1zODSZlOz_E1qXx8Y2IQ,5,2,1,"['26ba8a2468756ae27cbb9fa76ae286c7', 'c32a128f8089fe1e5d0301bc23aa7a53']",0.24948575919953847,0.2625735335557009,0.15811657985549366,0.8970516869661619,3,likely_human
UCH8VxpBuDVKP0IBrYZN2fBg,2,1,1,['1762d71088f9359a448b006bcc34f742'],0.419527459698009,0.26246126646937606,0.13342701029039303,0.36076589941288933,0,likely_human
UCupKfdecx3QMyCiH12hJgOw,-1,2,1,"['06cc48f72fe7f5a6fc9cfdd33daa3616', 'ad6ddb7802f3d9936f11e158188ef7c8']",0.37041059523061026,0.2624202532352343,0.17500521980975417,0.5875066519202546,0,likely_human
UCYC-F_lHUzysKfLQv6N5XZg,-1,2,1,"['c9158be4e4acf9d538cac74610dac183', 'c90fbddabd7bc90e181c5695f8c8b945']",0.37084714846546574,0.26239098667317884,0.18241868353446447,0.5746644156195917,0,likely_human
UCfkMTmAxvZFFXNfJWjTY68g,-1,2,1,"['4afd8f2bf970e6491fe2732a290ccf73', '186b0d56791df29101073a8760c24166']",0.42363668742095906,0.2623621744075015,0.10731269689201982,0.4873025138460007,0,likely_human
UCFbKDY_WMLFAVqDZmTcjQKQ,-1,1,1,['c4d269b5df2045ffff9a915081b77910'],0.4027009873627402,0.2623250846185041,0.14164040879990447,0.5075967757678731,0,likely_human
UCESO19C9hOtMi_KT9OFxmgg,-1,1,1,['398054f7af2ea2ecc65bc5b51755da62'],0.3979775649740111,0.26220037919274564,0.14731193893128225,0.5177064614984335,0,likely_human
UCMPvoGHjJ_tc0H3raBgvM1A,-1,1,1,['ee671aa2926246d8e28cf4ef81daa1ee'],0.4665763653524258,0.2621578901636383,0.08055244247706372,0.3527569720324012,0,likely_human
UCazZj7hUZkn0yVWXY6tXKcw,6,1,1,['5b622daab092055079e9275ad518c187'],0.40567300170031817,0.2619760893695832,0.15218753934669885,0.38105706786014104,0,likely_human
UCq1me0OCcsRlaNI6-SZq1mw,-1,1,1,['51ae8f62a61a78ad8532acdfd194b1dc'],0.39425030824446533,0.26185679066013257,0.18940962734561365,0.44488379020986435,0,likely_human
UCflKcnLfE33lSFPLF2CTHEg,-1,2,1,"['65ba08299bf75ea13823efcf72394732', '27a22104e674c16d03a6da267d6e5d4d']",0.36287714576627594,0.2617739643096811,0.1884174452426702,0.5848428823402397,0,likely_human
UCFp7qlq8W9z_JbJGyE7gswA,-1,1,1,['c6fce0bebed7370d995b4ad2dd2e1af9'],0.28401136116842013,0.26176263139979594,0.14112045926881317,0.9999800307296272,1,likely_human
UCeV9SiQ8ywwtk0L6d747erg,-1,3,2,"['1cb12c57d4421db7cdd1515851a69f71', 'ce59713fd3a70f567c7fe1d2b828816b', 'ba40e68b9b9a0c31c513d57f71aa2895']",0.39992374304490846,0.26173018902909184,0.15786267394418937,0.48386358824101494,0,likely_human
UCZvtauzxBEDcwziafHA0HKA,-1,1,1,['aff72a858f56ab9368af6f505acbc03a'],0.41410675422206805,0.26165363093308763,0.12247343353824013,0.48979489207814947,0,likely_human
UCGwDeWJ9z0gSsu_1fXZOQYw,-1,1,1,['d04f83c5c36ab62f8920c7c296121079'],0.40502036475564296,0.2616284648067575,0.14823596834088015,0.48852688642202163,0,likely_human
UC7tFBsqfv1zqV2uUF_a6-3w,-1,1,1,['1326acc4025a6659810f9b7ef1db7234'],0.45210617550891535,0.2616048299043637,0.07651594634617838,0.4180096827595825,0,likely_human
UCNpISQoCfZequ1uI9a5oHwQ,-1,1,1,['f434c57bd59f5725ed458cf05ccc618a'],0.39232663976240467,0.26155527290923464,0.1863262172909909,0.46311721190717703,0,likely_human
UC3zTZZjOdngz1N7023ee7tA,-1,2,1,"['8a1b2ebff8d620aaa71e2bca4f1941ef', '1f8181ca11fc9a17af29e71bd1e72662']",0.416780434326228,0.2615493246871348,0.14872859552042209,0.43201766783386014,0,likely_human
UCMLkTrKuK8a9PwL4x51dG3g,-1,4,3,"['cba5b5ccffe38e31123655ab08fdfe16', 'fcfa8569701a2cdf7911ce7e0c5eb496', 'b41a82ea6e274df2e3e9f36a974540c2', '698e354b8fd9be655d7178a6831306a4']",0.3894631579166068,0.261532575518796,0.1493551067696558,0.5450416212555931,0,likely_human
UCq6EtlnH3qCQIxVAhAc0KgA,-1,1,1,['67a6f2397f08a8ebb5e8e33b7bc69179'],0.4320515860271966,0.2614432797468971,0.13110453095649777,0.39732554882690124,0,likely_human
UC2_GGsEyIMu76XLgKEltZ-A,-1,1,1,['b5a977d8aca4b54188e74d210d42074a'],0.4074261171137984,0.261346644161225,0.183912367769028,0.4000173990616538,0,likely_human
UCWwEoHqshS8J22G1M6kLpTA,-1,2,1,"['635dbeeddbab33b9886c233057f5a40a', '6cc24d3d77182cf57c55be7e0d5f8e2b']",0.41570982214243396,0.2613205762189538,0.14600326197406052,0.4376380867874152,0,likely_human
UCty0KKpJtvbSz1tmZdzuRRw,-1,3,1,"['d09b90d36a5a27ad793921b99bc07962', '936b6dbff01726ccfb9637b2b0092c22', '9ac547a38abf3b3d840a779d63d67f4d']",0.3973692289617817,0.2612953862802065,0.16523479069718963,0.47491146269047446,0,likely_human
UClynSvCAOfk8Un3xSYJ7t6w,-1,1,1,['87fd17d93659a5f7eb7e80fdbc976a59'],0.39230621278541733,0.26129156250525193,0.17614844786773007,0.47646290048327344,0,likely_human
UCCYwoTopj73Dt7GCWQ2FDSg,-1,1,1,['2735482e1ba10beb0a023488be329a14'],0.39696347336933246,0.26126851509703414,0.1340693815708534,0.5398898689071894,0,likely_human
UCht1jH3Kf6RPM9dFyiVTFJw,-1,2,1,"['cd936be8092a1973186107b4edf31e6a', 'dda6e0c52a06858365bbe0ba64759fae']",0.42531951991422223,0.2611875344403136,0.13214419337586256,0.4149043595316074,0,likely_human
UCjrVraEDhjNgESs-uyHqYGQ,-1,1,1,['f16de77af583f3362b593d8be68747d6'],0.4153926678895158,0.2611526238305178,0.1696626430701003,0.3942229079839997,0,likely_human
UCFgtMd7wg3pXHTu1Pt_MmKQ,-1,1,1,['ab54c857cf6e9e2527ad139c58266713'],0.4084200791239433,0.26115222928598686,0.15388401319522726,0.45507125057972375,0,likely_human
UCW67BtGg5kqkowokMdynFXQ,-1,1,1,['66a94ce78e81bb22083a5067b855a755'],0.38364015135596796,0.26113770381924334,0.20228139238559595,0.45703858574047557,0,likely_human
UCCi0C_1-e-1cRbHPW82wYvQ,26,1,1,['d58e65abbc44a09fdf925782c7912fae'],0.39459631695241626,0.26104222743196703,0.15356014821016536,0.4188068810907125,0,likely_human
UCjRAGd3nvpdb5T445LSCYLA,-1,1,1,['0804dfbe0a7c3c1c74fba08e943ca61e'],0.40877597967073526,0.26102984817802816,0.17216032469135176,0.419058602655749,0,likely_human
UC_Dy10vrsDibz_9ewbHPDdg,-1,3,1,"['b281b3dfb8b61299004f9b7f1ccc77cf', 'b4ccc451dec287816f3d353e5bc0f604', 'bbe16559e6f4711c30998dc634099323']",0.38069633502433886,0.261028371379151,0.15561104843970552,0.5678411896534079,0,likely_human
UCnFdmuzrQ-rk1KI1cl1S2lg,-1,2,1,"['92e1bcf5b60e1acba3ff5d1495cde384', 'b54c61735db3190906716f9a93f1547b']",0.3867967208914602,0.26064541669759606,0.1710333718875063,0.5037086186241094,0,likely_human
UCSGPzMbGRjPDlg9eWsz9bzw,-1,1,1,['73e5ea6ab074128b1f083e3f40bc47fc'],0.3884425196654636,0.2606170628739103,0.11950734928091082,0.6033667070635315,0,likely_human
UCq2o1J5icRQN2PVhLxdvBEw,-1,1,1,['2f4c0d49731e7e52822e6ff2b7294d30'],0.40000088827098074,0.26061421009365715,0.17675948511664927,0.4394241590289599,0,likely_human
UCiz71OX1a0e8pfYI7ANGQgw,-1,1,1,['d3ee4577643b82e2adac5f086481d768'],0.3981867002351221,0.26043670358576043,0.17545069448902165,0.4434306534738948,0,likely_human
UCdQDRINAvtMbdQ40l94FIHw,6,1,1,['f2def760400d2933207b7a6522079db3'],0.43095713948035164,0.26040477461030653,0.11650991387170942,0.326852780162212,0,likely_human
UCvXffbh_Jhdac3h36xzoLHA,-1,18,1,"['d135ac23433decf60d70bccf5ddb57dc', '9b4f9aec89e9210d849c90e96dd63684', 'ef8bcca8ca102cf8374b4a97e775d237', '86df1a7e7f46b965c49b797c4955f4f8', 'ceeb4ee3ead7788f8be6314029313724', 'aaef389715a21d4316323b5339324140', 'bea5ec062f84b973753099bd13e748a9', 'a69ef7060cd7fab6b2467deddfdc29a2', 'a444f97128efef5c8e55d6e4918be581', 'f81dfcc190b8906fb6b34b3e725c568f', 'b32d42d4910621c543d9f1bc8ea8d829', 'd1fb3be5e6140f5ca6c59952df67e297', '597160e86f7eb0b2e539523ba2697bcc', 'f87b6043e0e82981ebb0f002470434a5', '1eab0321b0f71875d9305e6e5a23c3a6', '3b5c2ccd55bddfd3e2b6045a00b9b338', '1240c64d86ddfca1fc12ebb0cceb2f8a', '3c8f5fa4d700ca8e5807d3132ad70ff1']",0.381042786272319,0.2603814608234474,0.1695019430134393,0.5358535888696182,0,likely_human
UCBACAql38vmFInSxJXkMiBA,-1,3,1,"['eded257dc4c43324830bc4b281fc1037', '93f6d5f716de9bf8853c9b52f5f7c167', '12254807c5f4de55362724496f40dd8e']",0.4033686819033533,0.2603407912369421,0.14684279993431792,0.4856803384709204,0,likely_human
UCJOM7oPax-ptotYxCEqEisA,-1,2,1,"['ffbd5b079ec93a4e9d5168010b7545db', '16e6fc29d441fac87ce1725203bb4e8a']",0.4308689997325513,0.26022711197604553,0.10666262661679124,0.4357676690879126,0,likely_human
UCHf7sF1IdPXQP5ameiAHSYg,-1,10,2,"['367aad708863fc1f58c0678330475820', '127bd8d59578b5e0ffc97a4ab4bd7a6a', 'f2d3a98143f0a0a3be2d18bc65d1da93', '52bab85b9f0d4a640a9d3628fd3b7b04', '27dc4745b998dc206d60b50f40845090', '9d8d26559a484014f4f867e41081f864', '60bb865fedfbcb054d597706a3151344', 'af3adf71824534f9005ac4e6fb4229c0', '4d53136c084e895fea23b86998212e98', '94e4a490a718b99ab10da054b3a0095a']",0.37072155314190386,0.2602025501975332,0.15351710569455826,0.6131788576053492,0,likely_human
UCo1LkFdOLrJn0AsOKMTlutA,-1,2,1,"['1f302745c3004b99091604d9bce4dd89', '9585a98398a99d2b10155be40b9c01d6']",0.3879039463661732,0.2601707421765407,0.17926880179343388,0.47732865981470546,0,likely_human
UCNnLYoZdHi1gdBXlXZ4hkqg,-1,1,1,['4f50f02397bc59db998291833aa15579'],0.4118892751785694,0.2601535641302952,0.17429595093912373,0.38020518398737785,0,likely_human
UClB7IS2XtaiGFTZ51by-AiA,-1,2,1,"['a454ba50b02a46eb7752bdd1905777c5', '41ae8f7899203474da02eded5ad8d258']",0.44750559540625573,0.2601479346269112,0.10267298140811075,0.37101184509342333,0,likely_human
UCYUS3EwNOGhMqpu5QSDYYGg,-1,1,1,['cb2eb0360ef24788af3b61c16b4897f3'],0.39716273162259713,0.26002203312567773,0.14664752300726272,0.4980994484940141,0,likely_human
UCcz6X0gof6KlkIFGx_4KqBg,-1,3,1,"['f2c09f24d39f89ef304551bc2f25c260', '8d82aacddbc6b293e5eb67a120c25e30', '215477992d6d3385f0171db9f3a09bb2']",0.37518048172673296,0.25979929636577886,0.161172193389049,0.5693910671102134,0,likely_human
UCXXQdiW_VYuMhNJE67dZhuA,-1,1,1,['2d1f7fe581afcdd893c435fe2d282f9d'],0.4374662622448618,0.259560676105018,0.11753606991953136,0.3834274861602148,0,likely_human
UCHZIzQlufY179qeQLUkSlEg,-1,2,1,"['0dc91df93e3e73508c51f35d6a715722', 'f7d3f10da8ec56d92f46bc38c96c42ac']",0.38297746456296433,0.2594359811175867,0.18915038516767235,0.4735492362751426,0,likely_human
UCFxsxT71HsqcjPSYPKrvEmA,-1,1,1,['2a9fca7cf301f4b2907dcae23339b9ac'],0.42493670610443735,0.25941878102376986,0.14718754259997002,0.369061315720086,0,likely_human
UCrVIWIBx_Ydbv0b6vc0v4WA,-1,1,1,['4cf65714a3c173d593bc7efa3bf92446'],0.43862773118022635,0.25933591518929705,0.11149893151695593,0.39113945709124115,0,likely_human
UChTBZv1KwZM0ldVXpoL3XPw,-1,3,1,"['3d70315c79efd1da485d5d66a6399ed3', 'd96b6a6ce1146d204c38f9590eb80594', '237afc86d26ee38a47c3a3869de8b7fe']",0.36864281894494183,0.2592837524269017,0.177206508513955,0.5612561139042433,0,likely_human
UCpEftiLtcvXVVO2XtF0g-3Q,-1,2,1,"['3bee17c71cf28da9f37edd7acbeb563d', '67041bda8949a5517b2b86dd262628b9']",0.3947090700314849,0.2592283636022299,0.1500537835911732,0.4955187559338619,0,likely_human
UCAo7QxXpZXkHKEgn7Jf2ZRQ,-1,1,1,['39a07bd1373eca32c64f80be5829a2d8'],0.3563376959820621,0.259184075721033,0.20794916005163644,0.5472429230679594,0,likely_human
UC5f3EWKXB3sOWgiAHQ8_m2g,-1,3,1,"['ab15281170cbe968f09f3889b2c59590', '0489187cee3b6a9716541aaff8c92fe3', 'e8b0cc25da5f8e552d86eb542dca2df6']",0.38056781774484744,0.25903038891756336,0.17593951366664873,0.5103736301541828,0,likely_human
UChBVncGYJDpsqGvDqmtvCfQ,-1,1,1,['8ffaa253cc95b11db2e2d423988c8837'],0.39148872228972353,0.25902211916233375,0.12326346849334219,0.5662497827549294,0,likely_human
UCcGVYYy9SXvsn795uQVwH_w,-1,1,1,['894541e7bd2805c0a812b3f95579f442'],0.37080157627802357,0.25900565228286676,0.1688189448910598,0.5640086572104096,0,likely_human
UCOnOxCNFbMz4OOtjT0sIDyw,-1,1,1,['b85c7708ad06587120b901f5d024a9b4'],0.3823123755221974,0.2590026316805575,0.19524379110268889,0.459619861928577,0,likely_human
UCfVT1-8HZ3BpYjlWlCPdeKw,22,1,1,['0507e920890b62834749c6ed9f8ec41f'],0.36476902672692774,0.2587229276746684,0.1816735777486461,0.44211466673779026,0,likely_human
UCal7FVu0VUvRBsRbhdna2eg,-1,1,1,['9ff3aa4a49edf11e5121fcb5e4db2b5f'],0.3891549995731549,0.25853173644170335,0.16640690194348204,0.48219696832816117,0,likely_human
UCz6nZNi3qvrGpCiXVT1dI_Q,-1,3,1,"['a038db86bd9b869543f592627f729c36', '06559b35ef753cbafca633035e4b74d1', '4dfbff5384c7a97d2a733ea9f6ed2bda']",0.33832881106086177,0.2584708799082938,0.16504771052814038,0.7179106701903851,0,likely_human
UC9mhc1p5GVhZvyLvrOB33JQ,-1,1,1,['1f047009d08c855d12827b7f4dd17f70'],0.40745234475676056,0.2583209445699249,0.134352762851334,0.46347890438669165,0,likely_human
UCs3KRBKPc1CHC9jN8rlMBNQ,-1,1,1,['252b8b592000b4e559e7e79bffe94f02'],0.36188564180955585,0.2582051665681757,0.17335191174168574,0.5967633163830841,0,likely_human
UCEXTBV5eQbreTuUztY8p3BQ,-1,2,1,"['c47cb3386c81b1569b3df51b03150066', '6d52a32ca4aaea6e28d22755b9581452']",0.2709085939110967,0.25811091317480495,0.1510673289006621,1.0000000000000022,1,likely_human
UCnJjDVn-yT2Y8Tfv9wQDcsg,-1,1,1,['bf79c83b793b2932802d9773ae6847cb'],0.3726285517111839,0.25810720952082367,0.20380367696810925,0.48118951677376753,0,likely_human
UC94TwVpQdMVjgk8KDmIi_Fw,-1,1,1,['07e30e703d42fb021fcf026cc3d6bf24'],0.36722119607202175,0.25810261150224395,0.15651294339931,0.5920986894637897,0,likely_human
UC8Qm4I0hLOm-Ykxy0uBNmbQ,-1,1,1,['7eaaab8ab489d3fa82c0dbde2026eb84'],0.363461282752855,0.25807242648805,0.1641025026877767,0.5967958275969278,0,likely_human
UCUyUJfrc7R8TsrnNIagRjzw,-1,2,1,"['5acd9319e8b18e77a25ebee9543b266b', 'c7d2712b8cb4a5e42e29ad688b3af5ed']",0.37110101178514054,0.2579864302807513,0.16072769493761208,0.5710325702415096,0,likely_human
UCMbKAHO8danwZjIyFcFybHw,-1,1,1,['183453b6812ccbb9f10b79dae8e5b72f'],0.4150755538511717,0.25794736545422264,0.1031971421644345,0.5021807583828691,0,likely_human
UCCv9L_2I8hrveaKjmq1qS-Q,-1,1,1,['185767fcaee33aa8c911e60f1a2dc9d3'],0.4349018617043947,0.25790111039521213,0.11920553392211525,0.372343878263774,0,likely_human
UCPIAXBrKinq9vRsMv1TVSiQ,-1,1,1,['41d938d7a9c93210b266b84db7c7921a'],0.42044870612363505,0.257640123848487,0.14047914141221607,0.3943987153642808,0,likely_human
UCODRTA4B-pozBf77hm6lECQ,-1,1,1,['3d574b115368d2dbe8b11eb65bf31ed5'],0.3833345818873678,0.2576045886864177,0.15199583622768964,0.5337841151813625,0,likely_human
UCP1me-MbEkpESuzaYV_nVbw,-1,1,1,['fd4164c51a0b247c7d81ffa7835e9a3b'],0.3843558760536303,0.2575570913622982,0.16046010920584042,0.5040978350953683,0,likely_human
UCMXCe7S42Ui-n-FEmAQaQlQ,-1,1,1,['a4c77492dac091401baf2b287b0624ea'],0.4013974161080415,0.25750856074087025,0.14358174973740653,0.46347890438669165,0,likely_human
UCWWIFcSnnhzPvxjOy-IfANg,-1,1,1,['b3a740f7b220c685477fb978dab96863'],0.4151657914969553,0.2573607599524866,0.15536960697165597,0.3784425590534088,0,likely_human
UCAoA1Cs3nkQFFa6_GdSs9bA,-1,1,1,['c1f5a5d5df0e6379c85a534fb2be0184'],0.4188696895789058,0.25728286400001,0.12669915777360935,0.41845400808535826,0,likely_human
UCsEqNhJAAHQPWMKwtNCKpUw,-1,5,2,"['2df278232a203336f94f89b6367d9dd1', '0a91dc47de9dd0e807a92d83e0830916', 'c6bd5f59d174fcd2e819bf7ac300d84b', 'cc4656bd6715165b111a450cb6bbe0e5', 'db1e6c72818ac07078b8b6241bc9cad4']",0.3701653744633443,0.25728181214802615,0.1708816778212644,0.5446520484381103,0,likely_human
UC47jBEzJGN3azqAb-Dp97jQ,-1,1,1,['c07f54a2a72ce15e9a949ffdc79f3b37'],0.3422941750337034,0.257075564126676,0.16587900137709577,0.6802447945334331,0,likely_human
UC72_58iUL9D1xs3Dy7nKbSg,-1,1,1,['f950a2a5194ff2e2dcb356739b2eee6f'],0.4191071104798161,0.25703117172261375,0.13009461248937249,0.4067904425953031,0,likely_human
UCvxso9TSmIo7dz50SSJ4LdA,-1,2,1,"['df57fe04d191d55698b9146b628b0007', '70d1fdf4557ed1fa5ed9eac19463916c']",0.3825796607492276,0.2570296122720319,0.17705446348986068,0.4763404865844882,0,likely_human
UC6icgClrLZJHTFe19KIqtkA,-1,4,2,"['40c55f96528d41a86a8e7dd4683c0cad', 'b6e2aa268399a95b07fa5ba29647caf7', 'c30d87ce427b901758f74aa494a6c1ce', '81b742f31e3f557ff46eada17477576f']",0.3825534002934419,0.2570115856814099,0.16599085897782548,0.5051738805408552,0,likely_human
UCoOJg6dZZvzCEeFUj7ECQCg,-1,12,3,"['3b5fe2fd8cd099334e1c623a107d41c1', 'e22223c28097bdaeabce7ef326b63cc9', 'defb06d576dc218ffb573463c086acfc', '1a4084cfcbb412a8d6ff442a1a18fc89', 'd9ef9090dbc769d96ac66f8289fcb67a', 'f54aebf842b29eaa65d367057403af74', 'f5654a90ce811f441d11cbd7f5ba665d', 'b4c6fa1593c07538bd0245dd920d3834', '1e5c7fdb15d67dbf6d3d501227773078', '555fd57d39771a2b4cecb3e8ffdc5c47', '4d53316d206e1761a1a0928ea90d1941', '68feb06b5287c1ee3a24170d171abf2f']",0.35586595168819835,0.2568890464744632,0.1379170185215847,0.6764830808023096,0,likely_human
UCou_IdyPRoNnnW8-SKm7UOw,-1,2,1,"['b789c41646ab4c5d9f622943d0d20a02', '7d0671a4e634b50c13746a64f1feff8d']",0.3448846356631835,0.25681712468418516,0.2092799735903982,0.5742684499736057,0,likely_human
UCXDFeBOQZUUpYZdtOUm6BPw,8,2,1,"['a796879604791aca6c32431507365be4', 'a2cdfefef80a4cdf06a0d6167c9d4fec']",0.3246330100035566,0.25674959516642076,0.18776545958941873,0.5691851014639923,0,likely_human
UCZDXdwYnUXOLnNCB-3IkHDg,-1,1,1,['99ee6863ac60171e374e4db883ad992a'],0.4321811171717075,0.256687335921744,0.12312169006176144,0.36192621597174074,0,likely_human
UCwHyNRnLaBU10oQhjtdXYvw,-1,2,1,"['e246acc7f3523b154336fc006bc41928', '851b351ea796c9a41bdd5e3ad88fff38']",0.4038768146966555,0.25666264530862665,0.14661570094611204,0.43845098229410073,0,likely_human
UCrtF9tnV9T1NewZCySMN_Qg,-1,1,1,['b77673b0df85735ee36dfc61d9ef0d45'],0.4404854030104051,0.256652885170289,0.10904235645003485,0.35351661155506586,0,likely_human
UCDd6iBm3SlBUMw2nJx9gtsw,-1,1,1,['cffd0fab06b30c57f74d43d7ccf66eac'],0.3904143488681055,0.2564566778055777,0.1683718434422481,0.450283235622915,0,likely_human
UCn6eZbZXgeC8lbGpeacwfew,-1,3,1,"['347b87709c84b0c0580cf2cc7d775203', '3da97d0c3cad7415216954a7e29727b3', '2dca4bb78d005295023c905e5d8eea56']",0.38484059545155275,0.2564562556424805,0.14448186564973567,0.5244665682610481,0,likely_human
UC3eLRxZOkTWE5UFfNhNZY3Q,-1,2,1,"['f057c10fa25f3b4ed6bffd95b05550ba', '4652f2ec965ecf9895ea1994d0c161c0']",0.3895794096595082,0.256255424509797,0.14608267576894343,0.5009023012405874,0,likely_human
UChbd-BIACdwAboKFwAg5EcQ,-1,1,1,['7665ed9476236f5e8e8c7ca38db82ad5'],0.4356550334116123,0.25620185724258365,0.10486346990934439,0.3865658010927552,0,likely_human
UCwgVw6Cmebcxgvfd__DkDSA,-1,1,1,['bb0c088d93737e877767db3b3a54e12d'],0.40793237248648195,0.25587403009640863,0.17097438189222794,0.36556649754689235,0,likely_human
UCa_4JqDoZCw0NKvkT6a3FLg,-1,4,1,"['9e91b14827eb5a0dd2759c56a9f110d2', '8d515a1e21d3b2311175fa5de50665b4', 'fbeda9b100505fbe5be92d4445c624d4', '1cc9a65cec1c7e9283595966fabd3b71']",0.36075189789733736,0.25582315387936605,0.19558402604900035,0.521128694537962,0,likely_human
UCvM0yXmxoJ4XggpAN6Mo5Cg,-1,1,1,['e48b57f1d963bb85beea783516fee091'],0.40418213295727345,0.25579680093143786,0.16524200687569685,0.3949549882074617,0,likely_human
UCnr_4bUnFR3mpU2vYs4uQzQ,-1,2,1,"['74dfc1d55a234322fb5b8cdd123e9e9d', 'af0ffad934b6bec4f5a56648544868fd']",0.4379648292909216,0.25576172486897897,0.09893940121653039,0.37644268281112714,0,likely_human
UCcecdbRCNRZUeuuRD-L-X4g,-1,1,1,['22f5cc09da7c4dbe065867b0740c737b'],0.38999117164805375,0.2556927800581504,0.17621560453686677,0.4277497823635669,0,likely_human
UCYQWcUVh5TZDHP7kF4r6CRw,-1,4,1,"['ca0f515040be5ee0d5099b741096df56', 'd0b1482714fce3a040c48b8cee2a80ad', 'e9d1ca103c034111c31121c309652b73', '1bf3ff0cbe13dec9db3c96451d3f4f28']",0.3795834220730925,0.25566126614683415,0.13641196016735838,0.5620823063104824,0,likely_human
UC79-NrKePYtESqPbEbbd4fA,-1,1,1,['efe58a96eb43173c096085db4074c357'],0.41862801158360524,0.2556543753328657,0.15911711671844234,0.3389854177482009,0,likely_human
UCk28LDkoPhDjOGzE3S4fSDQ,-1,2,2,"['4953b77a4ff84cb161f0d1a3d39684fb', '0c26569490f67805242c29f057064c67']",0.31221474388441695,0.2555400690400732,0.18143073123119394,0.7640041980909322,0,likely_human
UCtHeXipeGMKeW1SJ13GB_eg,-1,2,1,"['adcbdb73923f36596304b153f4e51f8e', '50f2ef08d32d63498fef88ddc9c0f1b9']",0.38221344866977597,0.2555297101223461,0.15906703019506716,0.49911634220465695,0,likely_human
UCOaSL9omAOPF24ZtoZ5hI_Q,-1,1,1,['d71e277a2a3626b3d00b687653a15212'],0.4044231864919932,0.25532449288944264,0.14051701069470476,0.44694717506959186,0,likely_human
UCv49KDVQdGGPsTQh5JkAXpg,-1,1,1,['1d36e5f72a597ab8aa706cc74c468ff6'],0.38178930868777117,0.2552702493714428,0.18069018894414113,0.45258280330524236,0,likely_human
UC8PZ0wsgHAIbO4TZbsx_rCw,-1,1,1,['b19f1c12e72cd003066aea50c1841b89'],0.41257265765681217,0.2551978913855029,0.13002413586172717,0.4292857317842012,0,likely_human
UCfYSjnl4tEMKgsLcQ92D1RA,-1,1,1,['d6009708e76008f121b17daa4a3216a8'],0.369630583021451,0.25511696310618664,0.18719351772325732,0.5029578176569204,0,likely_human
UCqChnB0Bz_Dryh5pZAoeNtg,-1,1,1,['4a770ac562108d6ba5beeecaf6846f86'],0.434698606255458,0.2551107668802264,0.10333471417841063,0.37752276833314763,0,likely_human
UCga4dF9awtlnrLVLB6aQvTg,-1,1,1,['47b7c3390b7ea04303acb1679d7e35b4'],0.4267384723251483,0.25493679809913944,0.1031212020326847,0.4111028005570731,0,likely_human
UCKED68JWmO_n20tke_BRJQA,-1,2,1,"['3be39fc3e8ccdb215e462b46781dd316', '7b8eb873c41b1cbe3a66ccbe1543de13']",0.3900647411547612,0.2549343344687111,0.15522104744738882,0.46574313577930665,0,likely_human
UCBZ4K_4bHOGj4Snd3vCKK-w,-1,1,1,['a56fd13373ed9fd54373f60ea4a4524c'],0.38134703985143525,0.2547471982695505,0.16048562316665213,0.49010726606616534,0,likely_human
UCosYBwyxX3UR7vIVH3Tv6wQ,-1,1,1,['8272134498d16ec27faff5ebcafb7b72'],0.4117344930698359,0.2545308453302589,0.14169425785702505,0.3909811437446116,0,likely_human
UCJIDpJtdIXefzoQclAzBjjw,-1,1,1,['49f81847f2fd3b15c5742dd29997f7f6'],0.4220194740100219,0.25416401412492384,0.11757106416961415,0.39492245359454836,0,likely_human
UCDQ9PCnjB8NWmIDvfoAA4WQ,-1,1,1,['ad503c5291142fe8298627ce3030bc16'],0.4421880314030428,0.25407723699429147,0.12147930838358409,0.3012091402176075,0,likely_human
UC196-VuinOeDJQIYHZ5zI4A,-1,2,2,"['2ad2c68e7249b28a6f5cb4a573729e4f', 'd818448166c736326be633beb4f35a2e']",0.3813471898083551,0.2539159468333228,0.16221660494617296,0.48347103197781954,0,likely_human
UCsJBfJwoSi_8vJrEmTijwgw,-1,2,1,"['dc61cc6abc5157c509521e0c392e8588', '1778c14b28a450969959c506d8b62fb1']",0.38365803457493053,0.2539100920321157,0.16215351946476642,0.4705606844687276,0,likely_human
UCzj9BnaxUiBw3TZozzx9KrA,-1,1,1,['142dae9f735a9eb8ea96485c58bef28f'],0.39421163995674857,0.25381571131222047,0.14878939338368413,0.45495491309422476,0,likely_human
UCmrtqy5S9FGzd9_aLRfA2tQ,-1,1,1,['6039d7c36e92b0cc9b89c9744db5b563'],0.3723535916604028,0.2537822231345712,0.20496689628563597,0.428274654710652,0,likely_human
UCJIlcn42VEzt4x3-pN05dbQ,-1,2,1,"['4e785ed642464176e1d69e1e9ae7be27', 'd430efd9b6eb85aae9825daff039683b']",0.3952341025129369,0.2537813462782823,0.13933979026941293,0.4638149720944062,0,likely_human
UC-KIYKHvjY_vWALAoFwI2SQ,-1,1,1,['fb0fc1c715d60ae30f9f863532776d22'],0.3863349245851292,0.25360234457335534,0.15790666432502692,0.4717396910148386,0,likely_human
UCqyjWcMS6Pm7hdWQ8kyCvlg,-1,1,1,['f01099f5805a39bd114235340a256233'],0.4169069619215673,0.2534864198757895,0.13540257671471762,0.3709729996956197,0,likely_human
UCtNlwj9G_KnVD3ATFqQYvlQ,-1,1,1,['33efb8f7984037d0ca3a04c3e649934c'],0.33930412026076745,0.25339642493660686,0.19107391055370562,0.6065529218650068,0,likely_human
UCLKL6ERrlDgN8rBN4jyX9jw,-1,3,1,"['b656d2aad416f52daef4b55068d3d59b', 'da1b69ec1a17dd9cd2ddad31fa209109', 'c3dde983bc496feaf4dc25058f302129']",0.3626829207532736,0.25333981542840184,0.17108844047041658,0.5481550425778569,0,likely_human
UCZHqQWI2FZ1R9lmjBhjWnEg,-1,2,2,"['30b9f15e96450bad9caa5bad8f5756cf', '93cacd71a2866ec422a0efdca252198c']",0.3393113618934578,0.25333358423484664,0.194900236507293,0.5902878548175075,0,likely_human
UCycRf1JxcEVE_ceKbrOxfSQ,-1,1,1,['0aa39b1ac615fbd80f8bb25bee0eb1c7'],0.4100581634558972,0.25328350171955566,0.1496743160768942,0.3707841698357447,0,likely_human
UCSUkJFPrPtSK8kfs63mtmeQ,-1,2,1,"['d1dfa1bf58a0a76c80a3a029332633fd', '765e25b7ee50db2f3b4e8fe99fd79002']",0.37941820458565845,0.25315849077285835,0.1475134988039562,0.5136088563624418,0,likely_human
UCl6rOFGVHJeNBZ0GZhxQFMQ,-1,1,1,['bf9053662d22d03893c967b9734d7e42'],0.4138569736971556,0.25310568234699593,0.14139808252401995,0.37161538564160257,0,likely_human
UCveEf-Fh-hPSBLpthyTYX6A,-1,1,1,['1ee598b74c16f3fc39b396958158fb62'],0.41070494461229956,0.25306161263499516,0.12931900689986814,0.408298618260165,0,likely_human
UCzhRHCsNa7cq0CMR8X6LONw,-1,2,1,"['a1eed45e4bc7f1c28109b1ca9cb2e5e7', 'dbf32b5bfec612bea007658dad53a82c']",0.3750559306482895,0.25279159739472257,0.17798637161915515,0.46238156050957846,0,likely_human
UCbsEhKJs5XToI4ayy_E2tjg,-1,1,1,['ccd56e96de6c5225b1993000d1fc7c6e'],0.40198857917043473,0.2527512481303831,0.1516605352553883,0.3974032645432648,0,likely_human
UCfR8jz1cXHso8wyO3DSzibw,-1,1,1,['de2441bfdb2a806ac80daf0d57bab448'],0.39696625693878085,0.25267395386126107,0.15639160885183423,0.41332261357702804,0,likely_human
UCVMsE_qPVNgCYS5pMolRaiQ,-1,1,1,['08a692c679153ef93bae3b35de1fc416'],0.36139396181026684,0.2525146044976453,0.1901573280972174,0.4945020832966406,0,likely_human
UCDnOHwGTZUzKLDs2J79iTmg,-1,1,1,['117b55ec283ef6d59170fd6db5c12072'],0.37555150011067395,0.25221470307192356,0.1752993056537877,0.4661324828868469,0,likely_human
UCODc_hPhCsPKyyBl5z0E_xA,-1,1,1,['d6ff97a0c98569f7e26fdcc1de3da2ad'],0.3617709069506034,0.2521898739570906,0.17998218572577782,0.5112967948433952,0,likely_human
UCTe82Zelr3x3lR55GoqambQ,-1,1,1,['9f2ae6aedc3632a4a95992811a3ceffd'],0.3642743703618516,0.25214554829982133,0.17011177357289334,0.5219229885629534,0,likely_human
UCafD1hMkTGaM0ht3Oyb74Cg,-1,1,1,['661402c477005680a4b910b6dfbf5264'],0.3445211496734135,0.252050517690236,0.1785779497331178,0.5864461849279006,0,likely_human
UCYw9_NgDgB6d7npatsKvElw,-1,1,1,['4e52bd3ef77d21af3d03f756ecdb6986'],0.38469659279487434,0.2520036609353662,0.16707251736178577,0.43206931623191486,0,likely_human
UCuzD5UmNwHnqRUCq0JYuPag,-1,1,1,['3407f87dc053e3ac67352e4f077e7c97'],0.4126093943227218,0.25198871885224483,0.1302668221214327,0.3918756029194954,0,likely_human
UCj5Nk9ObiucUNDhHDskeKtA,-1,1,1,['63ce8ee5abcdedd4e10517a2ec498f33'],0.39193221226868136,0.25181233791795055,0.17091971166008424,0.4043759901785171,0,likely_human
UCPabkMY40HJbqmEsvtnJxAw,-1,1,1,['075e41e9b8792662f9e1877231c828e7'],0.38930435329650304,0.25177977190693285,0.16182140555405491,0.42736162388543786,0,likely_human
UCyRgiHQm6o8X2bkh_FOwZaA,-1,1,1,['d50e46d8d37682e1494b2f9cdc50af10'],0.3555355366535946,0.25176832683056993,0.19265058786907424,0.5113398262862444,0,likely_human
UCL3zBne2HXubvS_7-ex36Dw,-1,5,1,"['d5baa9fbe75d461e4a64b46e121063d4', '4f9eebe4b199d8595511365b613863aa', 'e3f5d95cfeb88f74be2cf6b89adac10b', 'a4ef171d096dd46d37c556fc67299bae', '980836e3cfa8515d49aa7e74dd6ef28c']",0.32731393860192526,0.2516107774344958,0.12834284482367922,0.7772985860417732,0,likely_human
UC4v5_5ALkQnqc201PZEh1jw,-1,2,1,"['8efe3a4ef12de80f74fe3eac807555d7', '5d6e815fc4c7eeac4fcfd2f3d68456b7']",0.38579929846428196,0.2515702970144549,0.15456216552781968,0.45907140917035555,0,likely_human
UCZUCwlUdNs5ORN4Lv48X3Ng,-1,1,1,['927e9aef06cba76bc13e5bbd27b04d9e'],0.34803687811762785,0.2514689477038331,0.1502436406292772,0.6397943840464247,0,likely_human
UCXz3RoC3tPKnbSx6_PTWo2Q,-1,1,1,['3f57bf3dea242670eb7d60d06646bd3e'],0.3604309959094478,0.25144212375579983,0.16474278690551933,0.5416219680074742,0,likely_human
UCkS42KUWIzoMtCguquq-ylQ,-1,1,1,['3f80245e0ce9be4f40e94ff4e889ffcd'],0.3607909148663969,0.25136745084679163,0.17808454183921224,0.510387340737819,0,likely_human
UCqmFbBEfXVnIohiZVkRM02g,-1,1,1,['bd973f48c4656586dd3f59c24e547714'],0.38576095074589634,0.25133348565672203,0.19156851097499558,0.3795583938143068,0,likely_human
UCow8Zs_BYNTWSJHnvAQQLxw,-1,1,1,['672bc4f2fd5e2c4f1ea1235a841a1c81'],0.342579128806036,0.2512031538463119,0.20380350241333953,0.5448782592159724,0,likely_human
UCc5aT2g2MgdtadM5yUc_TSQ,-1,1,1,['f3c7394b33869c5f7d177578a9793a02'],0.3709821387222279,0.25116034563203066,0.18296067473874733,0.4554408472878042,0,likely_human
UCVT0wOqfw7twfdR3MR0fWuQ,-1,1,1,['bde7dfce5a57ac4391a605ab71f4196a'],0.43577485198630683,0.2510956968819188,0.09269853210475795,0.36073864982561216,0,likely_human
UCFeTNd0o19tfSey55bjF-Aw,-1,1,1,['839bba6322c21458e708b424d598dcc1'],0.36311172640253997,0.2508578274995915,0.17419257623081386,0.5045771761569414,0,likely_human
UCwMaQ8wOZK9YW-l_2c_f9ng,-1,1,1,['078728e61f1562dcb6bf857e97491922'],0.3985210447346461,0.25085625072988216,0.12762922268321328,0.4475416273804612,0,likely_human
UCJBN2L3DfnQjoUxzbR7ioeg,-1,1,1,['5abf5388cafe073c3f79f8a0363aedcc'],0.38675349749913335,0.2508502129474016,0.17017111773348395,0.4156670766170997,0,likely_human
UCJcUaxIGBkW2to6dpNPBIZg,-1,7,2,"['9524cd961b0505d0cea5a435145df439', '5c3ab15fbcea5910218c165c2c04f0d6', 'f147c6154feeed4373254eacc665a641', '9a035d43576d9444bc452887fbb0cb4b', '4e5c6180b00920c520459eb15018dba3', '46589386e39642582c87d2e50165d4a5', '6671db99b41b1860f9ee58225149d5db']",0.3361209434163567,0.25082317673816773,0.16191094537425807,0.6619510864950949,0,likely_human
UC5SeSQgnlG6DwLuTV2ekX1g,-1,1,1,['08b072ecb26c4cd049b286b34eb1802b'],0.4013104256512222,0.250801009837293,0.15449670196897655,0.3785144630632982,0,likely_human
UCRlJUHg-KrJmGnJJiNR2sYA,-1,1,1,['48db4ffc73d4e85af0dac41d81a3b042'],0.3908108701811436,0.2507621045101462,0.1517917487392892,0.4272511203414866,0,likely_human
UCQbwH3YWoIW4YnuS95_d_yQ,-1,1,1,['2324a588560c40006adcb4390906f21b'],0.3643176099148986,0.2506654041218963,0.1906804317898532,0.4650436892033246,0,likely_human
UCnVGyve_0UXjAStVZV5Gk1w,-1,1,1,['f0d92206af74d63de4ca097bc7611d24'],0.38033773648028135,0.2505550394604834,0.1474902448227911,0.4898924609540314,0,likely_human
UCQwVjF7G86h3xPBNO9AsTxA,-1,1,1,['c3eef9a718b9d34c9052cda8aef64f14'],0.36502216941833365,0.25035437335384725,0.18803576650851694,0.4644547206445517,0,likely_human
UCqUl1LdEOrlSh7SjFGIi62g,-1,1,1,['80e2c5bacd40fad7e6d201c212407811'],0.3931591111552543,0.2500315602275207,0.16456898926091268,0.38613086329085744,0,likely_human
UC4pMoevLXhjJMmoILUIiXig,-1,1,1,['5c78a3c7e3ae29a7cb79cc9bfd934f2d'],0.3443056784798122,0.25001020960938913,0.2096112462460188,0.5138523794761456,0,likely_human
UCROh_jMW6Pu3x_o0KegRV7g,-1,3,2,"['cd12767a79829e579c33277209a76760', '4a82fde6168c8a5288d6ed6d21bf2f14', '861d21f07c15fc62fad8123ae30a21ab']",0.37179781485779934,0.2499802340559027,0.15798713108797854,0.4913947977608494,0,likely_human
UCqH3dRI2uToFgNiA5uJ9aVA,-1,2,1,"['4ed3b7a3ddab0d949ec977e271cca210', '680f10cfc78e8305bd63e034e03954ed']",0.38784762016383917,0.2499352343258803,0.1553751218221233,0.42518106888766716,0,likely_human
UCDgg8DNks_v4IAdwr4C0Qfg,-1,1,1,['935ed28245eb7c19cadf914eaa46afe5'],0.34548311820923616,0.2498344192395209,0.18961493016991474,0.5432959657472507,0,likely_human
UC74Nh9NadTBV6LrXWOqsl5g,-1,3,1,"['51349ef4c5a075eaac8c1280f64be246', '4704f17e7347362388993fc6577cc621', 'b89b0f1801d9c1063bed5d50be154653']",0.3561129099372298,0.24974763608637662,0.16147256572799448,0.5564587835618272,0,likely_human
UCikmoZcYKSEvEG6M1XhGWJA,-1,1,1,['f30fa8b3d5ffac9ee694d9ff40059050'],0.39568747622395056,0.24972762528669862,0.16227874255475264,0.38460531896913347,0,likely_human
UCZFhmduJg0xnWAKZTxLsEFQ,-1,2,1,"['1f88e5abdb4f7afe6dc0bfc055d2a104', 'e1f0c82c836b6fe3b697cefce2fbde1e']",0.3425729806064846,0.24970725181474773,0.17105271986120543,0.5972621961773672,0,likely_human
UCiu5i_eARJZeyKBLie8BXxw,-1,7,3,"['77a08d2fbfa6ce20a84c3cf54c338037', '8c5fa37b5e1c4f81d2a51e3f40b0bbe3', '3b15bfea0d78c10f1533e5804866e2ad', 'f718d6e98b0942e089305d05f0838d82', '07bc94aadd598a9259afd97617383a8c', '3fe9871cbe69c0b26d7c9294a105ec37', '86873620d69482b8b43820c7186d3084']",0.35623103609768564,0.24957981395783418,0.17090989329333917,0.529733334126291,0,likely_human
UCNG8-RIuzTlpxe2C1cfWDxQ,-1,1,1,['631041edba572505d9100429881f69dd'],0.38781743793860846,0.24954968533205835,0.1664840217714477,0.3974058894725889,0,likely_human
UCqRr29xfpBr6L2v5HaA_iaw,-1,1,1,['0a295147cd0feeaa62fb800e4cade9e1'],0.39119570013953653,0.2495180338610982,0.1588261008681813,0.39948196220158605,0,likely_human
UC-oPPVP9mFKTuZKLka3J-Ig,-1,1,1,['ead89988eead59525edf9996eae872ef'],0.39911035103969056,0.24949516395597504,0.16220801415363184,0.3637241814832819,0,likely_human
UCXyGRUIl9_nSIb_cNC3S3Vw,-1,1,1,['96ce1b1fdb763b60f062d73996bec0f7'],0.3441560367906774,0.24947172948432395,0.19630857478288902,0.5370875722223161,0,likely_human
UCkdOQZiGEDZfGIghvYlxkZg,-1,1,1,['26179f653035fecdcc528a9093721119'],0.3291022388899987,0.24937637558391298,0.22026440376212242,0.5506761302490344,0,likely_human
UCcj7ZmXEhWKR_3Cm_VntTbQ,-1,1,1,['f77f12ee18be602a777fbd4e287894b7'],0.3818879712760942,0.24933031070004294,0.1745100467679364,0.4060020165657363,0,likely_human
UCsTNIgJqwdMHBNvXV-LAERg,-1,1,1,['6dd017dbe30c50dcbabc26ecf79d4a85'],0.36934388477187063,0.24929144291993385,0.16552951279903727,0.4886715517251643,0,likely_human
UCVoDmuYpbFluQsBJxEXcZ5g,-1,2,1,"['90531f6781b008c006e68bb52e80407e', '7dbc8f2eccb81cbb78d973d76a7eba66']",0.3294885405313167,0.24919809239248886,0.17188765426810476,0.6451479266745336,0,likely_human
UCxydmcftHCcyjRcXg6ufb5Q,-1,1,1,['15f6b3b23663c8850675ed839dd29ac9'],0.39605995237654734,0.24919473040642925,0.1386089518298953,0.4224983861434895,0,likely_human
UCzYItLPlTznh5rKJuWmvLLQ,-1,14,2,"['c199144d77f65bd2ab73ca70dd6dc734', '4017c144898c13219149a734fbf015ec', '8f69bf9283d17817ac7c521d954c62be', '20153683168104bb0332045651e21bff', '868d064a05da186c555194782004f2c5', 'f71b86476fe9054f3b1aa228e55c0083', 'b336a09f8a96be8760c3c00de3bd6619', '05928f6744775e8c7b19f0e4a401564b', '30ab812eb955154b43d35608dfda3c84', '1d92e8fee16e24423977f1406a96bdd2', 'a5ced99e942cf4f52fc3749858c409e7', 'c40f518b186d36c2296c47a1f454076b', '20101453fda2518aee8bd32763b0bc94', '6678cc53642c0eee724b4c2eac1d3219']",0.3570420070510223,0.2490474779338733,0.15101293559614154,0.5670293590689103,0,likely_human
UCwlNAyHPoc9B4AvXhL8oeyw,-1,1,1,['2e374c90ecc7e0fa9423e6434f7f563a'],0.3868197031077545,0.2490242654312598,0.14146688142451389,0.4571806155254153,0,likely_human
UC1X0QkDDx9PsjJUz9YNvH3Q,-1,2,1,"['449a02ed7fc3dc4f9cb9c89c07176839', 'c321af24081277a85f8fe03a24010ab8']",0.38783678442734715,0.2489541388793581,0.1350170495668706,0.45651114779574653,0,likely_human
UCT3IhkDG9rou9d8e-vsPudQ,-1,1,1,['c7d10126a5ede276487a9e3c2b1980f6'],0.39806251938472625,0.24888415257219357,0.14791335557220844,0.3944091106120845,0,likely_human
UCiz1wYn85HED1IKYSWGNaSA,-1,1,1,['f4875a06f9495b81e0ae4956523d55e2'],0.3517966135350781,0.24880427714024506,0.18907469031586466,0.5071185985716082,0,likely_human
UC9vgr9A_cgFplP22d4beUSg,-1,1,1,['f30561159dbc400aeefb4bfd4964367a'],0.36737521742547763,0.2487186186172836,0.17320410596490304,0.4682472192581203,0,likely_human
UCB1gwMW-StFX-Vm4hegMCAA,-1,1,1,['d543b02a179553c131f57433f03cf35a'],0.35779734490112436,0.2486039004637739,0.16074614716595348,0.5317601145600652,0,likely_human
UC7r_jS3XLZu-QFgIUGYwiiw,-1,1,1,['a1cb7bbfec4806c757c5ce5030c1ae5c'],0.36780355832779354,0.24856660991218815,0.16607372768306708,0.4795825762124485,0,likely_human
UChU6XTCSrS0b3Zjbri4rmhA,-1,1,1,['7d0ea00856479aa27cd0735f325c950a'],0.38613980265311326,0.24835516828638704,0.16653487447899995,0.39528523029329,0,likely_human
UCntX6_cV3labt8C16u55EfA,-1,1,1,['94eb209802f3a1f9c6c3b0ec99a3109e'],0.4226921796401964,0.24823029408787234,0.12980158289186955,0.3088921635766475,0,likely_human
UCoS_VqTTuJM_0T36X_Q6KWw,-1,1,1,['cd8d4c2ad0f026563cad6669639ec579'],0.316326416859126,0.24812865626375635,0.18130928232511126,0.6771572841372955,0,likely_human
UC7NNyRKDl_CMzg5eZA2gHBA,-1,1,1,['b2abd72699f9a8d04382820b9e0ab84c'],0.34240425852995066,0.24796887779294907,0.20400020671739114,0.506718757907207,0,likely_human
UCkGJSWLDKemeKMi98SeezSA,-1,1,1,['c94f7eab320c525184c3d07893d343f4'],0.44238735258755485,0.24794604536408008,0.07941640692094755,0.3197670947793894,0,likely_human
UCqX6XRnVnkfLBjb2UazDwWQ,1,1,1,['f56b98ace4750e487e7f09329a69dfc3'],0.37427102488980746,0.24791516662239943,0.13984593428434175,0.408377019523462,0,likely_human
UC49fXjWRwmyBrp1wlFtQ9WQ,-1,1,1,['22e4d6c256b563224c918523d5177aa8'],0.32742924671613005,0.24784985596377734,0.20556211637918173,0.5796304120209009,0,likely_human
UCqa64kJiJw-uOxwnFtDw_5w,-1,2,1,"['1155d2e010e20c78df5ee025822584d6', 'f146ba66b3846469fdd1ec0ade402d4c']",0.325413661571979,0.24771875657336528,0.1833558806872604,0.6246284238656968,0,likely_human
UCqHrqTAUXJZ_RAEiqCFvq7Q,-1,3,2,"['05c7008b31f3ecd192efaa80d5852a0c', 'a49f311f2c74498a3922594f61f89274', 'f80033bab8ce1ab2c64a0b6312881e99']",0.37481686531790287,0.24721014749877862,0.16297826683983022,0.4414507024595138,0,likely_human
UCQYefsgRII8ViLooLGVdkHQ,-1,1,1,['16552101db990ab5464194c6ab811716'],0.40932568901184835,0.2472030923516595,0.12477999147437625,0.37019454283544684,0,likely_human
UCPvj9PV-kyDW0ulJP0z2gXA,-1,1,1,['a922d0ef459246df28862a2c05f649a6'],0.3970498000188766,0.24708130285277108,0.1590486150549732,0.3496678324815648,0,likely_human
UCbppd6N4DabmRQiKESmTmhQ,-1,1,1,['be003066f46bbf067daba0505ff1049e'],0.39600715085194294,0.247050243770925,0.1301577670098599,0.4155412926782819,0,likely_human
UCAEzDmzNtaEYdFIX83Pee1g,-1,5,3,"['269a17eb19df9e7ef2d4b68e9e4ef342', '3ebdc6bac157cad19e4a8aa28ed26de9', '771ec5dc5ca86d44d93114f84313e843', 'ba4abc4d8c00904bbef24215881b086e', '068a192583ecbd267602c74964fda791']",0.35115332579841846,0.2469009021822015,0.15949324500933088,0.5520082412076589,0,likely_human
UCjiBF3qefkuM5AJsHD5LGmg,-1,2,1,"['cea99e6fc094b38c31c1d3ccc830030b', '65dadce9a44082abad5553f9725ecab6']",0.3436344915071855,0.24687403420602155,0.17996692532658498,0.5490740087898889,0,likely_human
UCfNk4bGPAvhc6BGQ6ZTBQsw,-1,1,1,['226f4b749ffb50e2fec61dfe938f9a11'],0.34606849621159363,0.24675139501561177,0.17380342416760933,0.5393647239868729,0,likely_human
UCYVnD21dQl067ssHki_LOxw,-1,2,2,"['56bb461f4eecb5bc86a7dd2b4a8abb9a', '6e6f3d73a55fbe3a5544a470268a9554']",0.3659747435056362,0.2467400417859914,0.18126351709407593,0.4364270667599752,0,likely_human
UCnSKrl0EpkITwuQQvmqkA0g,-1,8,1,"['18c46280c6eaf5bfbcf834542c5c6617', '56797fcffc032f3bf837150bd2794c04', 'bd2baf32e78f1a1e5a2c20271ee73c80', '9e04c1ac5f40b885a8b3efc9d5f9622a', '0925998944c23ec3c7d23ac594c5b665', 'b660b81485f05efc3b659eb01d5fed00', '3534b61b0640f9f083566e8b46176a43', '0bc430b3d0fa1f1da1b0d3ef8527412d']",0.34596197215768226,0.24669107418607372,0.17098605432032166,0.5533557659662734,0,likely_human
UC9-l8gjM_kWhJhWKjOyEAlQ,-1,1,1,['30083138523906aa6124dd554266f6d4'],0.3886674807904853,0.24668494316531078,0.11340197434739668,0.4764246335919627,0,likely_human
UCAknyunm7IUgRuXqoHK0JfQ,-1,1,1,['ec17f6a0c4a18c40e980df4bde0a4d83'],0.3652673631057529,0.24667872378030498,0.13977589107712798,0.5337175808408734,0,likely_human
UCdwtsC7Cwzo9v6j90KcXP3A,-1,2,1,"['77b7d4464201313fc488b244a9591507', '33b003f90203af4a6aa4a292fd326746']",0.3230034278314069,0.24664964891803087,0.19683531298568885,0.5983546926737291,0,likely_human
UCHgp8gG_UIfF-qHiqb5QteQ,-1,6,1,"['028fba02ba30f65c65ce8a6e807601fc', '4f0646665dd9961de6e498339e0aa682', 'aba7636652f2684fe9176f241530dbe3', '3c551830b95b1034d41a50cb2dd22fab', '6999a04fb43c59b58aaebf8f0902463d', '8e57c6374e79b94ba2b2361d28ad62ad']",0.30392150336430007,0.24663016246519792,0.16466035389467767,0.753050147767513,0,likely_human
UCSWjmN6UVpUpB_Ac3HStZKA,-1,2,1,"['aee706b60f72f70f61acc94f56f7e007', 'eaf1aafbdeb9830f14f8ceda096dceef']",0.37688792604976484,0.2466256817903703,0.16026370309247553,0.4321152108234901,0,likely_human
UCT1EDC4GMSqVh8TFsW-x3Ww,-1,2,1,"['db2433cf752a73b7883e557a4bb2eae5', 'ae761cf1885a0c1608e2dea7b2161a30']",0.36679954009541804,0.24662321501957635,0.16135936704808868,0.4816668497978401,0,likely_human
UCQqWwcBG_8yg74jgy8_pY6w,-1,1,1,['429a4e6500dc913c14faf25bc6afbdb9'],0.350328421864309,0.24632036278983827,0.1751739011164191,0.5148435689580432,0,likely_human
UCIKUrSCfTVsSxiFR9HdEdPA,-1,2,1,"['726f67915b045178fe461aa2056b20fe', 'd225392a31ddc104ff9736e08c4d1f11']",0.3863564243146361,0.24627549963100526,0.0707786177781716,0.5743670310058953,0,likely_human
UCudFHoEF0HLhpWZ9lHgBnLA,-1,2,1,"['7a610d268f835e5f47f946a8594ba706', '0e1ab4a2616c54e1726bceb2965c60d7']",0.339629981230602,0.2461916507323822,0.12762656849901727,0.6661318983359732,0,likely_human
UCwKEA2u2esSxf5LM1IzZT9Q,-1,1,1,['0868ba727baf9f06dd7b5dcecae4a8a8'],0.4025021235931209,0.24613099988099732,0.13576108042786778,0.360365943692165,0,likely_human
UCakIy8OiOMtuC01WkxA36aQ,-1,3,1,"['350f2b62c28ba2a641e64f96c66b81cc', 'dc70e0b890ed2e32874e94eea79aeeb9', 'e3dc1df594828a820f8250fa53b92242']",0.33244480973707985,0.24609721118159644,0.1931247769762855,0.5620385030636211,0,likely_human
UCKN46S8vvDK-ZD4ZelTShNw,-1,1,1,['45ad33deadac78a63bf77b723402a316'],0.33413390017586897,0.24608746873487636,0.19470803869209757,0.5485790819958708,0,likely_human
UCWPSDbisaAammiMXiTusU-w,-1,2,1,"['f4fd94436fe078a8ca242b41a87474fe', '650a7d368b6e210fed48840f4037e507']",0.21102963074168662,0.24599612405410953,0.1701344681613707,1.0000000000000002,3,likely_human
UC2hZe__NLW92DEsiP_E8CcQ,-1,1,1,['9d220d685afdd0e0382e865682969c1a'],0.37881599214216893,0.24589000555538057,0.16820866711112528,0.40172984669280337,0,likely_human
UCn5m3kPF28E95-2st8fEU0A,-1,1,1,['0651af8d1797460f6fb4bbef2542db12'],0.4176876934863185,0.24586865880333775,0.10408162800916189,0.36465388156799244,0,likely_human
UCAH3L2VwTu5TSUM90d4HXEg,-1,1,1,['091d2450807208a44daab8d22ddc3e19'],0.3713454711524667,0.2458179604942906,0.15332175412447557,0.4643164117926266,0,likely_human
UC_q6V8VoT2InlkIB04Gx5mw,-1,1,1,['81abf40660d7c44db9b79b740670bee5'],0.36900628361013066,0.245696115457298,0.1681052858204267,0.4475416273804612,0,likely_human
UC22oHzXyXUuI7Dwf4swr5Iw,-1,18,3,"['31443959779ae279974590f560f1ef01', '499d3e73bf7e55c3e19359366c5a3920', '9c3f953d28097be8d62cba7277ae9e0b', 'd2d7c68711a4d2747cfc1439fc267efe', '248fa9191adff3ba92fa0c90ee466621', '55a6e78d7218eb170f2c823d60e83a50', 'd5cf8865816bb38e4bf9c118ac027c1e', 'fdda2fd256351ba544e2838492a6c42d', '40a17bd808fc7a99d89b233746768f6b', 'eb0bfae9920f93429f838ba44153e93a', '9cc4ac4b281aaa71b3a1dc3bb97b62d1', 'b2f2cdbd7dc8960ec5924309dff5181a', '9872b328bbe1b7e0ecbfa278ec0acb20', 'f537a14fe5b4f6a9fb207ee0abd0a3db', '5365af0e98841111cf2daa26575865cc', 'f7ac4b2f24644f07efddf92077eeadc3', 'f2e247886f0f3834206b285088d9bcea', '55146eb0f0bdfef6b9874917e06ed2ad']",0.3640495539955987,0.24539058544376402,0.13646055901498702,0.5279382931196335,0,likely_human
UC8zmHK0-F1VwE_F8Hb-UaEw,-1,1,1,['a0d3491d0383a573f26355eae6af408f'],0.3831767707376465,0.24535395101402316,0.15238508296737666,0.4050459694919619,0,likely_human
UC2nJBkaNyIJVeOtyYgrt8hA,-1,1,1,['6dad98c52193012f883b74acecf164cd'],0.42095838234077226,0.24517741800067056,0.11151380781761473,0.32548499443227447,0,likely_human
UC7G2R1so6s6Mq09ukpjNjlA,-1,1,1,['c120d6b26d73467585696a362486db92'],0.3707901750705772,0.24496135848867373,0.15295690258186884,0.4625035600433701,0,likely_human
UC4uarTBoodIpuJxTYkCbfbA,-1,2,2,"['ae4d308b26648a042b5c01c8388250d4', '8d2ba06526a0891c6070767aa498b028']",0.3159373517451406,0.24494221395814286,0.21246535003884384,0.5780257614158719,0,likely_human
UCI-WAJKTstGObet5eWLi1Pg,-1,1,1,['4fee354f82d3af7e1852e1b27e83cabf'],0.36904707893023136,0.24474386079831706,0.16563040231584736,0.4453624593084192,0,likely_human
UC-lZMtkNtxQlKHFm4Q9maVw,-1,5,4,"['b5661c1bb3d766885a0d8e00dbdee134', '07e271698505fade5c5b09748636bf15', '135bfb7460cb4a669987da8d6584220c', '93090a9b8f630b8053c80f2f03a0fd9f', 'bb4b0c9399c0d4fbe5354c476f9a8fdd']",0.32507470927472926,0.2446429556642034,0.17316848066138962,0.6165956919908996,0,likely_human
UC1d3q5WROfkp-Y5fUBvSW9g,-1,1,1,['6ca14d851d5a16b501697bf2d41756c0'],0.35891398074008335,0.24458224904558515,0.16744738802148118,0.47491146269047446,0,likely_human
UCi1lrsWa7hmbpbcV42YFaAg,-1,1,1,['4fbb368457dbcb58057c64d25a8a8e19'],0.38402482288467166,0.24422617383734524,0.14889547392907893,0.3979381921936347,0,likely_human
UCSazkLaH6FjCoQRK74Xx2wA,6,1,1,['9bd12dc01ae23544280ca55e55650fa3'],0.3515687144971412,0.2441931095213657,0.16142280397766282,0.4283800982351275,0,likely_human
UC8rF1hiZtJUfQDH3gTbBaBw,-1,1,1,['621d5e0127d388f4a8388eafe1b57380'],0.37457935491955263,0.24408683698991404,0.1611198316670157,0.41340376541081986,0,likely_human
UCbFiCveMLv_jY2qr9Fj1R-w,-1,4,1,"['fe7e28a7eadb28e5cda26d4401cf9619', '070fb6094ec88e38f91705be031df32f', '0bea907afd5b7e821dae4fe5d68f69aa', 'f0f5e8692bc388b91d50cb34cf6f3e1b']",0.3494982392451971,0.2440582540538978,0.16031996978714078,0.5323480599552434,0,likely_human
UCaMOjkAgOPCKwzqxdZY1UHA,-1,1,1,['4e9a91e96c69ad7ab2c022cb34ba285e'],0.34793626967396474,0.24397345396520936,0.18733953781607066,0.4777881625131972,0,likely_human
UCqR2mATkDFxJdHYZUvRsEWg,-1,1,1,['bd3ed77b1a0817c6c1e0eaa4fa429db3'],0.3704205292342668,0.24383693720845562,0.1631143756099436,0.43206010292434244,0,likely_human
UCd29SAn_stbnJbjVvULWsSQ,-1,1,1,['d72c71e9494342a88530e597c841dd00'],0.3495606258443416,0.24382755155792926,0.20810115759975065,0.4317477843310203,0,likely_human
UCgBrTYJJH5aX4wo6z9FL8PA,-1,3,1,"['2574b593270ce489f0141ae769a505f9', '813640601c23a4f4d686681599b061a3', '9b6c8fb7cc1ca171aa5d196c42359b5e']",0.3869632734139317,0.24380168534627203,0.12300805974218126,0.4356206374802998,0,likely_human
UCz2O2oQ81NbGahInpXfMIIQ,-1,7,3,"['1133dd93ee009e7bbf0550372a12a25c', '7d38e8154223478193f6af9a0de78637', '7f621c585634b8022d27268847e35a74', '2c7b34d2731666206a1a20fc8ff0898e', '2dfeaf355792194955783f3996cf1ea9', '4bc03d4a20825adac88e723f0ddeeed9', '829753263254f14737d660526a694024']",0.3064272207835725,0.24377343418291966,0.21771710631033148,0.6051341842991959,0,likely_human
UCwVxsoWMs6C_aJH3TFcm7-g,-1,1,1,['626fcf410477928779db0eb885c43ef7'],0.34688933271531947,0.2436402189591796,0.16367106580933494,0.5270441735896086,0,likely_human
UCiXDnjn4bGGc26Wbwi-9teA,-1,1,1,['6e2c0cd08c1ce42a8657b09077901083'],0.3663909146626668,0.243455429046104,0.1691652172903072,0.42828116953442774,0,likely_human
UCYvl-7QANxObz-YBcCKqHGQ,-1,1,1,['7d8728cb9ec4bfcdf35f4722fce3a6ec'],0.37708797360600055,0.2434434149354189,0.1618982651018108,0.3973353152449457,0,likely_human
UCRT817aaVgXP3cWlxAq-_iQ,-1,6,1,"['aeccc6bb320bf40e5c683df65ff681a6', '3826141dde98ef1ecc7540ad3bec8abf', '591023088602de07af4e5f99a126841f', 'e7c7ffeb9cd709c22c6389e5d043286d', 'f076284c7d2bb6749d33d2dbb2ee1dd0', 'cfdca818514ce2a2115a1d7cdcd38ad9']",0.35918968238923715,0.2432958073344895,0.14684080173928793,0.5039243223242932,0,likely_human
UCB4iGDrfuW9jw8MLYUcRreQ,-1,1,1,['8ce5e013272762054ce4c22d9e7861f1'],0.33337939437966024,0.24313701353645936,0.17268196913968661,0.5674863844917291,0,likely_human
UCkd6W-2m2MEQvta14v2AzKA,-1,2,2,"['2938b00e5d887066e9eab1877401a6dd', 'd31bcdd3491a93a3d05214b462962cae']",0.3342298316938189,0.2429876085555468,0.1748954675718828,0.5554807256002893,0,likely_human
UCL4qnP4C2Kppw0jdYRCGpeA,-1,1,1,['c531e8a15140096869d22ab780d7ffa4'],0.3946821120355108,0.2429423013498834,0.14058990268379842,0.3546355535326054,0,likely_human
UCpCpogDkJK8ZGDV5727duPQ,-1,1,1,['aa9af435778d848f7ce3608781f43e88'],0.3753055605347293,0.24289592455386136,0.14452835671316175,0.4436113698133859,0,likely_human
UCAzKg4xGAnkj7dyEmoVeOMQ,-1,1,1,['3613171f580a98c2ad2f3b607a4e553d'],0.3999216127560837,0.24284437747554716,0.1052932326580848,0.400780950179546,0,likely_human
UCuqHnx5ROKCe8FXxr5Ui4UA,-1,1,1,['d3331779a8e46588a0f58ad640d14046'],0.3785611469646669,0.24283564233142185,0.1394464016310481,0.4298135485863318,0,likely_human
UC6tkfgPxHg--EeGUoaD4_jQ,-1,1,1,['ed50014442decff7f9429e170a7192f3'],0.3347548451110957,0.24278242174813236,0.19122730781616568,0.5174318600227695,0,likely_human
UCJLLQeLaoiihayOm-2MegWA,-1,1,1,['e577bee0edb90c70c51fc859f6931726'],0.35958742391046267,0.2426328180720531,0.16690071412490187,0.45813480282177527,0,likely_human
UCsbYCTphDYeBRZuTsn08bDA,-1,1,1,['9d12abedb1c17ffef8f216283cda255f'],0.36888014569690875,0.24244444659085662,0.13688509672127636,0.46974640302265697,0,likely_human
UCLGxusEFwGhvGvMTDvbbkJg,-1,1,1,['6f601960a3c7f8fea63c87be037b1dc0'],0.3433113075564499,0.24240840048628254,0.15026872528621033,0.5639621536468049,0,likely_human
UC4KZZdE6UWiAZFwXSwliaVw,-1,1,1,['253d479677524d150e863a0977c39005'],0.37444110718065793,0.2423704797834744,0.1543764794287868,0.41189670237625,0,likely_human
UCyKjiMy7YAjFVita_yXB7jg,-1,1,1,['d147990f33629c9087813c3d91569809'],0.3445621502577586,0.24212007946884373,0.17043843123647076,0.5098614200693787,0,likely_human
UCCRxtZ8o80y8ghZNlyX6tYg,-1,2,1,"['316e106bfd12c3b856dd5fec659ca9c9', '9d297e7d16b14a6c358cf9a2063a1322']",0.3102788323401011,0.2420854688695999,0.17361950075117796,0.6604080060781929,0,likely_human
UC4KeO1dqWYIerdUyBl0R02g,-1,1,1,['0ab236770269afc1f7f2a89e070e4e0a'],0.3391528999359562,0.2420821973210858,0.1668008651667601,0.5376599561792834,0,likely_human
UC02n1jyDklU-uyoZ1MhwuIA,-1,1,1,['50d538fb48a7a6b24d8575293f3c6f6c'],0.34743511069717053,0.2420197800649893,0.20130724698137784,0.43041931764907737,0,likely_human
UC5_P8Lcig0WIoLL6Gw_8P-g,-1,13,2,"['c1bc43327bb2092c0b4ce4101121237a', '067ca4d593e27ca63b47897a33eaceca', '156e735b2ea5ac2403a45fa09e914fe3', 'b7567ff6c3fc4f97aa802482fd2b413c', 'd670ba925879c798400286e2579e32f1', 'ec2358f3ed29b7475d0cc1bb357b7c20', '4cb35f2118e41acafa6bee5bbd8ad678', '0cc39fb0bf2ed8b514423deefbc7778e', 'f914a43b484c63e958b5df7c5ca5e46f', '5c793509603067c6913534768f04d740', '86ccf395700ede0d3cb38129b22bd68a', '8d5531b758d7aaa3ffbc91e341a87868', '57814605c1e19d42c44286254c41dc73']",0.35034562997206137,0.24197691466106902,0.1329706856581421,0.5620714552945657,0,likely_human
UCs73gUMd1xrVkap91ZRpOsw,-1,1,1,['7773108a45d21a5c71aa79f2356e6e17'],0.39438206063444037,0.24190557286158537,0.14243730570410712,0.3511003148507209,0,likely_human
UC83ulxW9dL8skopC_ApIjvA,-1,1,1,['637fe0954311c324c653a65d8df91fe2'],0.3382415849804551,0.2417360331893097,0.18600602602551536,0.5025226873283607,0,likely_human
UCysMwe0YySiQGSAdj00DgIQ,-1,4,2,"['3b9f52f27b25a1ab95942ebd6f330e9a', 'b11524cfb02b3ebb7f5cc20f6fb2f0c5', '533ce1b33a096512411ce5d437cf7066', 'c9533371b0795a6552e3b36cd041b1a4']",0.3458748420180543,0.24159035298486758,0.14872891206274186,0.5533557659662734,0,likely_human
UC_SkT-RnCaT2UC-xqxJUnCA,-1,1,1,['be1298637f031e06947f56950232a1a4'],0.33296188923703846,0.24136785527477997,0.17251628456182125,0.5614403591376628,0,likely_human
UCVpl-rVcj-MiA92KtDENiVw,-1,9,1,"['ad4d388590b90a255fd126dee93d5a8f', 'e4d15f35115ef76b03b224bd6a0ec204', 'dadf10eae4b22cd25015fc92f77927ec', '7611053a1ed84062cd39d8f81a3c202c', 'd03f31d0f3c978283a382c6bfc58678b', '24fabdd7696d52a756a52c255957bc2a', '810dabee7f32d9102ff244b277606489', '42c4004abbf0b471e3c9d1b1150fa57b', '4167ce0bf656aeaa86e070c4791c1a80']",0.361887832188675,0.24128468422794644,0.12085180257363425,0.5298453072076751,0,likely_human
UCUWNXQIS_5XEMGBgW3FBKFw,-1,5,5,"['80e04803bf80b3129cd326ec219b5b82', '8cd70faf3fbe3aba0e6d94dabdeb41fb', '31f144cbe99ce983618c0fc74e7c9687', '57b77a8ed4484e8d89a8efaa6a4f6f61', '5c5001ed912f53329ab9db956239ee1b']",0.3285933906291407,0.2412646239531004,0.17473622208590703,0.5662329679975753,0,likely_human
UCllglsbNR1roB91ob1GTrDg,-1,1,1,['81af64a775b6b0d385363d150a015314'],0.3291372641368121,0.241206313153773,0.1641484470628665,0.578102921254258,0,likely_human
UCK2rn6pdf5jMmgPFaX_vU1g,-1,1,1,['c379f26751fe0091fcf4fee9950c004e'],0.3478533332149356,0.24117524716258182,0.19518849834901383,0.43658712508931696,0,likely_human
UClVRaMwIzPktDPpGSsyJuLA,-1,1,1,['e4b721799013f3f5609dd40f97247ec9'],0.36676401426417427,0.24099969042759062,0.18015873274448402,0.3823695836452813,0,likely_human
UCm7pi-p7E7hHRjcTMKsuhAA,-1,2,1,"['c8de1e92ba69ef6b77ac2e171613e535', '7983df2f0195ad80bbe8b31bdc523734']",0.34490154027762193,0.24079587672257108,0.18384133846179698,0.466596291700027,0,likely_human
UCG3Gf76TgJcZMzAq-_YGjHg,-1,1,1,['f171dde1ff7868cf4b434634949d5110'],0.33375838197898366,0.24074392719303156,0.15548759396384204,0.5866725786288856,0,likely_human
UCIt_U40-ihhANT2h94Q46tw,-1,1,1,['92ebe34ba66980fd1bd0340fa4794917'],0.3491666124802327,0.2406149995506333,0.15432162541743416,0.5095685960114176,0,likely_human
UCDUJnGevGUHE3vMzZHhhusw,-1,1,1,['081bcbc3277aed1df213808fb043751f'],0.39945908697235033,0.2404608736044565,0.13198507726558298,0.32914266479253496,0,likely_human
UCFrx_QgPV1K7Y8A6UXG14nw,-1,1,1,['e3f3a59ebacd69741fe8fcf704309f50'],0.36151793334684496,0.24033856025151387,0.16523396554672992,0.4361678697177601,0,likely_human
UCXSkp7ZjxXTBcgDD_t5JrzQ,-1,2,1,"['5a9523aef88f244b7c19ae3be70909bd', '2f6a2799739e2c73e5286dcaced350ea']",0.31803807533962686,0.23990632297712222,0.19951096663422993,0.5476123695125087,0,likely_human
UC8x5GvRORUhWiWM-b-_kRgg,-1,2,1,"['67d19639b19a9c3bf14e72ab9236e6c5', '524daedfe7172a0cb5af316e4f606be3']",0.3550148258118254,0.23967970163802021,0.1534974547442705,0.48003368818913217,0,likely_human
UCY83G7qqtrP7Frp-0KaSNcQ,-1,1,1,['0a2293eed0a1d741060fab1529935aff'],0.33267340506016274,0.23966954946150526,0.1820420149555509,0.5167932777131932,0,likely_human
UCEKn5rETT53_NYyRts5t6LA,-1,2,2,"['ee25c7ad404e8f95bad2cd2a54e94385', 'bb2fb49a5cb258b22deecfbd2d30c4b2']",0.34410720697265945,0.23964060628361478,0.16393035604986633,0.5013850041367083,0,likely_human
UCSR3Cs__rEmP5F2elxLAlYw,-1,1,1,['5c6cc1daf70882426baba3b5e6e6d0d6'],0.3275848790805943,0.23958277869370215,0.1740037531458034,0.5555677272905615,0,likely_human
UCVB6rQIq_YO0E0o22vq7xjw,-1,1,1,['e5502dcf08e090060a2c999d68cf3ad6'],0.3571737396476229,0.23921357228315976,0.1664993129182161,0.43225810292742506,0,likely_human
UC6MkN77kisk3S2uG8rgM4VQ,-1,1,1,['0baaeb072e49793fb4f6e2a0601431fb'],0.3687932650632337,0.2391396045039788,0.1360218321701318,0.4519511611614731,0,likely_human
UCjX91NiVpa7eK3XfTu1ER7w,-1,4,1,"['700a107786233f3ec0a9e48e0f733c59', '1370f3ecc40821e6d95e93eaf1c9abc6', 'aa4ce3efa678155a1345283df0f6140f', '8a5796255707a5fc96a0e51189b1aebc']",0.30131416799275423,0.23904281585448073,0.12384357195983597,0.7772985860417732,0,likely_human
UCOM4a2QTWooucQrESCL22Ng,-1,1,1,['9835660eef9c7ad300858f0e04ce85f5'],0.3490697872086588,0.23897227799706722,0.16302140988371064,0.47276043563696457,0,likely_human
UC1VziYZJiKNZW8zQ7F3pIcA,-1,3,1,"['4371b06af88423c66b1a129522a5bd16', '4f8a47ccd4b172b421139a4a600829f8', 'ca40a35f9b3a63f2e253aee15a2695d4']",0.3284643595774047,0.2387768152698385,0.17260275574407913,0.5510147503844519,0,likely_human
UCPbX2ZJcyvBI8_rwbQG0pKw,21,2,1,"['df4bf4e003cc6539380ad5ee5a36b0d6', '15bd4513ced257551e9b6c0c1eb3db2d']",0.341926163495607,0.23868252002463686,0.1306338977641854,0.48378115805657784,0,likely_human
UCVQTygSgLx1rzVG6pUNVDPw,-1,2,1,"['aa44df0ab9f11b64ab429cc6add08188', 'c273eaed4428beaa965ecce56087d2af']",0.37297856802201235,0.23850776123862155,0.12470166028403673,0.44134965387432645,0,likely_human
UCqsNWmZmhOz3PVqcz5Oj8RA,-1,1,1,['dc5828494a5ac852aa4df8d79d283833'],0.3429448568041341,0.23840444284058726,0.19117420824103326,0.4465297330915715,0,likely_human
UC2QGCXHs3--PuC1FScxUNUA,-1,1,1,['4636579c74b093b421569c0782c67890'],0.3374754971299823,0.23839305929026655,0.11639317321251437,0.616329157897007,0,likely_human
UC7a-YpSOQv_BH3SXvXtdnNw,-1,1,1,['83ebdabb691b4fba793c64b64a9cd05f'],0.41306932418376174,0.23822790608235794,0.08742682177656888,0.3357225148065207,0,likely_human
UCcyqN1jollTZ1a2U8JNzF8A,-1,2,1,"['de237d5c48f1f593f7a7850046137d93', '9fbdf06f11f2c463cb23beeec3350310']",0.20008839601515122,0.23821332144379156,0.16554180994257586,0.9898294100304261,3,likely_human
UCiBDVh5EtZafTckEhE8V9GQ,-1,1,1,['3b94163ddf1e03da87c7df420ba960bc'],0.34884267971811533,0.2379187211745605,0.1673737449207356,0.45392178408127526,0,likely_human
UCSzfruIYTMmQWRhsJ8X1IaA,-1,6,1,"['f18baced7b7dc4837b41d7eb017cac38', 'ad2881eaebba1ff9dbf079c16f7c96fd', '4294da0c355f1f5807760298ad195f91', 'a1d5d926875b79d51037aa9d6b1442a9', '431244602f9b6e959474f555fdf3c603', '838917cb3325431c4b8760f8d7d33de4']",0.3585751155806718,0.23790444064518756,0.14233534399656705,0.4622064984163695,0,likely_human
UC6zgi8-t2jDkTO0UPSUKCUw,-1,2,1,"['e905e94071d682fbc5920541f0a1b249', 'b09d633d2ccc4eb0735a6d8f67643e9d']",0.3697547965536164,0.23785131328353254,0.1419894475943133,0.4238620243297657,0,likely_human
UCc-CRPruJU57CrPgGuHI0Rw,-1,1,1,['456d3da17aa9e7793a0b0036895202f8'],0.3349085068001115,0.23783869225926005,0.17741481822863406,0.4968035741649925,0,likely_human
UCrxRIrgS-6dc09ddsjN8MQg,-1,3,3,"['37f8b1451b278d836d328287c5ced673', '2a2e4949d0b32ae83e842cca9a0e7740', '5c19d8a621d8e510b69604fae4718f5e']",0.34265168821951125,0.23775634949247607,0.15551631576212774,0.5098052514633773,0,likely_human
UCcqMN88WoC4fuWikdogk6YQ,-1,7,3,"['73fedeff3527b1a2f3b3c839979750c5', '3c6b55289de8682c5c7eee20b540ee96', 'e5f7622ad176cf0148dc73608b2844dc', 'b4aa426752726fb73480b7076b874f84', 'fc4037dceb7ffbc46bbbe7ebdc2ff931', 'ff4cdb08c94aef1df6f42eb3b7931413', '5ee8e3b1b572e135ee52bb21f70e9f0f']",0.31879586993927456,0.23773193094346123,0.15084039927059473,0.6223893905295652,0,likely_human
UC9hmMjRkcW2xRAo6g2Je41Q,-1,1,1,['ac43c9201bac872eaa90474cb910f25d'],0.3160080160900245,0.23760566955983603,0.19462475406243668,0.5440027967715847,0,likely_human
UCzJFlvyDL2lIm6nYRWymn8g,-1,4,2,"['9213346c450b3acd79941f5c8fe431c3', 'f43bf48e92a51d96bc5dde87eb5267c2', '4e5b1a04e91a56ab18b0f4cdbfc0d9c2', 'cf46f85303d3aed47bcf3e57b59a520c']",0.3549341772611821,0.2373968316250903,0.15428256860400927,0.4498358517459926,0,likely_human
UC_Cq-OBKIJEmc1X_pGBxK-Q,-1,1,1,['c9e9fc9ee20155e5cbc3a112e9295cf8'],0.3326285612231562,0.23732553405396375,0.18373373503523235,0.4877924805572976,0,likely_human
UCi3e_nXVBkO29ESsHYLcAAQ,-1,1,1,['cb32ee9d128be623d8c80b467ec943a6'],0.3191302227550119,0.23727801368380502,0.2182011581953274,0.48700515676941336,0,likely_human
UChUJ5PfYUAUEQKaTUttc6Cw,-1,1,1,['99776a4f27fbaafc10bd5b1449c26cd3'],0.38709334901472175,0.2370894972042289,0.142642959536471,0.3281706376757141,0,likely_human
UCBXPjY9GwNV505B3PauIM5w,-1,1,1,['3df4dab00e587e39dcb1e07182d0bc29'],0.386775663263224,0.2368723620890723,0.13490161408051962,0.3422799788439981,0,likely_human
UCKMxTyV0NVJYLwdbZxgKxXg,-1,1,1,['19a6c224d544c24ac6dea104ff75304f'],0.38087453957344697,0.2368620124006806,0.1380515207787776,0.37005418570165927,0,likely_human
UC-TbK4tM0HavUGKMCcqVNFw,-1,1,1,['c5949cea42a1b5fa452d4182cd580ae7'],0.3967975152787492,0.2367089750547633,0.12304136969089263,0.32593609662409473,0,likely_human
UCHbhHTv0Gh7PFLrwJtJ9M2A,-1,1,1,['271d31f5da0f1605881f430e8a346b46'],0.3593390403974356,0.23658638077256136,0.18038790946121183,0.37030583710245557,0,likely_human
UCc3ownSFuY16cE1hWywGeZw,-1,1,1,['02abd74a0a9b004265b964c53b5525f4'],0.3491092815479475,0.23657997682256202,0.12159495093308915,0.5372689717123094,0,likely_human
UCO31XKveNp-QvMTSkRJLlAg,-1,1,1,['179e15c029a9d6eb493e3cc798f84b46'],0.35387286052860756,0.2365425219937106,0.17213844718109694,0.4130275455711065,0,likely_human
UCWKbCTKfS9__5YiTuVEF_8w,-1,2,1,"['4d58b671d6ff76720850e61a97b4a7d6', '308946062bc2fd30a6949578fe2fe7c1']",0.32086676456492114,0.23644046168255345,0.17159046827966354,0.5582628000422726,0,likely_human
UCmF5u_Pk4xaHumwEPjYunzg,-1,15,2,"['7986d9d0b78331db014327f066fa9ac0', '248c7575aa4deeea00817f8fb4a56a1b', '277060499caf747fcfcb83764a777306', 'd1f16b0f13c7c37ed7574f23e2460767', 'a05bfa1a30063ef7c9ddfa065c0d9f15', '5d21789b21d1751534dcdef2b48aeefa', 'e240978cf9a19104e357c03feaca2726', '3a7d8e2775f92fb82837094f32e91971', 'dffd545501ce10ce60c38bee5a0fe8fe', '7a95d597d5df6f4de4a0fbfbfc718deb', 'd1f3c7db757f6d2001b629ff8c395ea8', '5c1a8d70a575414c0ccc5628c7a18af5', 'c8f23445af028f8462a44cde559fb22f', '1daa395e16d759a223589115c7beec7f', '711f3a59678257ef537ca14171570207']",0.32532702424904253,0.23613731719952719,0.14271032444402776,0.599817120929776,0,likely_human
UCQjpwm-ADmQEMHBFG705R1g,-1,3,1,"['a2e07ec344ef6f3ba3df45b16561c8dd', '105cf8c9eebcbffd686b9a233944c26b', 'cd93154bbab353067eca42095d35134d']",0.3645565941320085,0.23608251475147662,0.13819951500724711,0.4349146805611549,0,likely_human
UCL6b-xwkDdpfOA_KtIFh1tQ,-1,1,1,['e1d1b0835a7d7e9c6d3c1999ab1af614'],0.34383380705771255,0.2359728517101458,0.149827163002133,0.4947009253633974,0,likely_human
UCXJ4BCSpYUpKzl2itoM2fuQ,-1,1,1,['f7f81679b48be828aab8696f8c46926d'],0.4249160010127496,0.23582458563532066,0.07716039263154297,0.2807884891430712,0,likely_human
UCrzIAv2M3nv2OM-uiJfETFw,-1,1,1,['2c261b47c5e9bdd81d1cfc816bed1b95'],0.41361767488388046,0.23538228357063454,0.09009887526999977,0.3082211726002917,0,likely_human
UCHdw0Fln1_AR1S-0Bm02aUA,-1,1,1,['44c8e494decfa2e368ce79fb0bbbb791'],0.40585769164102514,0.2352420768663522,0.11834635897284852,0.27996688426457544,0,likely_human
UCNwMakn3g3k52j-gqDwKW5A,-1,5,5,"['59b78b469173922b7ecd1ee84b153107', 'f9a68f7aefc3ea90f5c93f9a7d19461c', '8b39e437afe633777752035121de5f6a', 'af844d24f24cde1f5f99e0e200450ff2', '35a36d1decebdd5c1902f543a2a55f85']",0.3095012098228911,0.23511981879369875,0.18126442138884627,0.5740612498736881,0,likely_human
UCcP-XHmfw_m9B3-MPm7asNw,-1,2,2,"['d5c3de2c765121f6ef5fef1153db6773', '607e767279c71f045a0030a13b252d42']",0.2994552305587344,0.23510090091864574,0.2102191850776103,0.5653924279878261,0,likely_human
UC7W5a6AfIUE8fEg9bN4v5KQ,-1,1,1,['7a61d930cc0ab60377dbd58087c11d20'],0.3304709292667556,0.23504929450332135,0.17849929517886542,0.4899831949423447,0,likely_human
UC4jGtCVMc2KWvIySIX-OCFQ,-1,19,5,"['fbac967a303d8c67bce06715540883bc', '6be9d0497ebcf9393088d2ea4e73aaf4', '7dabd2741ecf2b154104ac1e7b643d2f', '97dc2295fd9881eed7c37a7f09a3b7bc', '629b9facfaa6def296a01c966acaa3db', '1690acdbb4a3830e7329e9f3a534977a', '7912b38542716cba00194a06967c0a88', 'c1bfb50a7b8d0030cdbcc8c8e2614f7b', '9fac145a211bc9cc72d149a83e0c6394', '18cabd336cc580a1c2ab81f58219c76d', 'd064e1a87de02b0e15e242f9537b2cfa', '219592bb6cbcf7d74a6137b423e26d43', 'd6b474291a3256b60a33eb4ac7e243f0', '067095c1a230a9289f9c4669cd5b3e59', '3d5ddacc373986dcb8d9e8595b576e63', '0d33df01b7af3b3a235ec353e9db3bff', '7d413f152519d0b53c880e2387b29488', 'd333f9a2b013725fc27959912b6d2ae9', '4d51921f3e838722a87c33a88a12c323']",0.318352023084594,0.23492371412859445,0.171327382718355,0.5533431510770261,0,likely_human
UCgUkokxzcMQzZn4oJAhEzrw,4,2,1,"['a2037c37215f9890668b561e48bd2b09', 'b8885512504f544415c5f5cf2739067a']",0.20757155758622964,0.2349141148467539,0.1542600154593449,0.8995878608893786,2,likely_human
UCk8SdMJBYSF6sxrcdFFW8aw,-1,2,1,"['e22a7c80e2820642dada16939cb2ef87', 'c30398343a9c3e9b0408f9f3cbb90443']",0.3577311536263623,0.23478132182722689,0.1602908523441677,0.3991772683125969,0,likely_human
UCvCThEYjUXS1BPL6uhR_qLg,-1,1,1,['f6380825ca4fd241749b7d9fa7dd8331'],0.36394878515746765,0.23473810998015504,0.1691874986569266,0.358420416877441,0,likely_human
UCwar9l-yDI82ggRg5-43jFg,-1,1,1,['128576172ff5d53c7c1a67f9bccb943f'],0.3003788231613739,0.23449490776460152,0.19733566500238364,0.5836983548179923,0,likely_human
UCYAPMBdOwAhIMPeQbZYGSTQ,-1,1,1,['240aac742cdd2617c096c116052314e4'],0.3136921675439695,0.2342440965082896,0.19078014081128897,0.5277738551070481,0,likely_human
UC9H0knrZF9OWa0Gbagdea5Q,-1,1,1,['66ba4e060afbf814282176331d2d900c'],0.3754819310902139,0.23411521798814033,0.13461414257957452,0.36678722437291195,0,likely_human
UCxcHzPE_2bXCw3DUZF8ccgg,-1,3,1,"['191710faf9a13d0f363d6e3edaed8f89', '2fa0557bd97900a2a74db7bf0bdf8aff', 'e6f8c56a74cf77f2022844242fb03892']",0.367632340133026,0.2341061522751796,0.1319404934758596,0.40782761694613845,0,likely_human
UC9SHXhJHHIvOqhIrUZHxS6w,-1,2,1,"['7f56c78da6aec95488b968dea1e3cbdf', '2ddc9ea7fad9a33052c4c0f08b639261']",0.31387686658108294,0.2339595819697652,0.19713212798401464,0.5160975533808619,0,likely_human
UChAV7SZikJzAxI-Vo1H0nwA,-1,3,2,"['5f492c8c2cab6e208c486cb32b55447b', 'de71ac10912c2b69fe5f1bfe95addffc', '5dbff1e68e37ce9c6da6aa5e3658daee']",0.3613618259830164,0.2338006968176981,0.11796760784424049,0.463030897410555,0,likely_human
UC0H-a_1X3v1bsCdmp4oXR-A,-1,3,1,"['dcf4dd25d81c1b1f8529a5f3f6f28c55', 'b6b4e9e4540ca5df4efd248c88118126', 'b97311596cd0dc8e48090bce08eb21bd']",0.3510320504997386,0.23361493432448396,0.1556062235665326,0.42666503913884457,0,likely_human
UCykS9EXkbjcT_KiURF6oN-w,0,1,1,['423c74ad508ecbad7326693ed14caa0f'],0.3603775281120326,0.23326454642371225,0.09603021410063119,0.4128452961129391,0,likely_human
UC4A0MFntchkaLWUJTRQnF7w,-1,1,1,['f8a0541a15c7900c3a72ea47518dcefa'],0.30195275958366163,0.2331653992151109,0.16283110558293323,0.6246284238656968,0,likely_human
UCAnZuBW4U98gwsvN-XyhfEA,-1,1,1,['f070e96279a3ba71e32c4fab44edd478'],0.35007755570348614,0.232734938115034,0.12253790514105359,0.4891018350553582,0,likely_human
UCTidAaYaf3GkdoezvS00hVA,-1,1,1,['c0bde247e37f63b0165bd35bf54d5b57'],0.3423671131824362,0.23245682852077781,0.1557750881085674,0.4540851451678253,0,likely_human
UCpYE4nZTomMsBMojSEur0iw,-1,1,1,['3495bf695aa74ab13f8ba6199f9e8556'],0.3864856247782539,0.23232012375714797,0.1283337861851956,0.3219562831019394,0,likely_human
UCoDjDBxELy_djIq0SMBBkMA,-1,1,1,['3e2955042b7b8814264ff58a55962741'],0.3676180809702698,0.23197104550885014,0.12904185617434544,0.3921590565201318,0,likely_human
UC7ZeZdMPEH38C_FqTtD1JzQ,-1,1,1,['181dc3201750195e4ba792dbdc5d4924'],0.3068509257815427,0.23185451823142755,0.15933038493721724,0.5952236525661417,0,likely_human
UCkQ7wtYpib_593YWOi_uXMg,-1,1,1,['607bd25b27b657305031bf94b777d8fa'],0.34651164088602704,0.23165904289571795,0.15611450964969947,0.4265122269972749,0,likely_human
UC8bfZjcsXvRCttDoZnk6Biw,-1,1,1,['9d2dab361ed26dad01e30d59278f2c7a'],0.3506392028912556,0.23118127086458357,0.12803420278778924,0.46007723764580194,0,likely_human
UCCrtvDAl_x_AgzOBuzhzLJA,-1,1,1,['7e86842e9515190565b8579b43646a16'],0.37968535500533507,0.23107955251852233,0.10702360213885821,0.3735441111360334,0,likely_human
UC8NQfWDYRBPBGxeZ4-fWQfQ,-1,2,1,"['ec34ed3de753c0d071652291c39c12c2', 'f189ce6b805c05b8b92d5bde753dbc4f']",0.3279416145324759,0.23097082223344897,0.15751728625276992,0.500837452733718,0,likely_human
UCKQhBcQtEyGYRB9xBMsKH1g,-1,1,1,['7cc41f810112d618c99c37595c2ac3e9'],0.3297850392892392,0.23061058262029543,0.16412324130949832,0.4875434880502845,0,likely_human
UChU22TUz9avk_N6Fmde_1zQ,-1,1,1,['5567f5a7257fe93f99ca90df4b61d3b2'],0.34349919711316024,0.23054234832161064,0.15245723284814847,0.4436113698133859,0,likely_human
UC_2PEVNF9n9cm_v09KKMjdg,-1,1,1,['548eb93b02b499309842a5d958767c6c'],0.3065101153378754,0.23053529306279716,0.20166555422015864,0.49905128971259644,0,likely_human
UCpSEFToGGts_D3nZwhlFeaw,-1,6,4,"['90e7d3aab55a2a3d56cbb75079217d3d', 'a4cf202ef74116904cd267ebe893b0bb', '07851ec53708b09902ea1416d93bc1b8', '53be34b55e70f62ce91a6aab6d5fde17', 'a85389e01f6dedcaadb140128db1ed53', 'f18a4f4e532d70f1ae4e9e96bde9c918']",0.31075446551609615,0.23038611348455493,0.18565486238030662,0.5129373428220002,0,likely_human
UC_2G-uSo2ZpRHMgXlRzAxIA,-1,18,2,"['3f22331c03e1f625e025667cd880b26d', '2e3550a611b4cbb1415610453f553cfb', '1961249e79a2848a6ce688e9f365af29', '833b2540602c9380f7dfa3b1c95680b7', '461f1b317845b6833e668cab970d8cf0', 'dc0dbcb15cb6bfa7fe78d4158d7f22f4', '13f33ba49c8efcd77ef0dad0bcc4596b', 'babdab8cafaf06356169619010b03563', '7245fd417cd8f51dad731f25540ff6ea', '1d9108edd85485aaf4f69c75a0c75f34', '7c3af923641f6393f99489a98a220ec2', '57a358a1c488a70111f37bcdde3cfc7c', 'f97931f99d4060265b44f6f3e7cedfaf', '933d68265b13c9ada1e85f6321ebc545', 'ee1d89133301eab8ca5539e3301b8ac6', '4f50685b32e907ee49b4dc36eead91a0', '73a5418ee5eda8c8c53f21107625aae9', '14300aa02eadb5f52d3e4f3f0406d07e']",0.3037631093263338,0.23035975553674357,0.1628558266298211,0.5978419442805426,0,likely_human
UC-k_tgT_uZrwc4TvFwhWNyg,-1,1,1,['02573174aa680da33c1354ef506c9a1a'],0.3186998904694238,0.23024180378646755,0.15357845484339763,0.5433345718557776,0,likely_human
UCGGFLahyrUCpBw-zwx-ADPQ,-1,1,1,['3f12c124c6eb128a6ea183cae3861c18'],0.34579670394085316,0.23018441900362008,0.15470100477905926,0.4171267147947129,0,likely_human
UCM5HKUTHptCJezbEcHFwVCQ,-1,1,1,['2848db8b524a1e2012c1d76aa1b8880f'],0.3641074160062296,0.23007115242879753,0.13720198010544013,0.3755107100073033,0,likely_human
UCgrGMISPHrI90gJWCoDV7NQ,-1,7,2,"['209862103e22701cd21caf5d4ce6a658', '194e617dcd33faa60c0ad32bf1157071', 'fba09e2190d2205ef91cc146a91ee11c', '3eb61d0d63e5e9785b73d77b5e658aed', '1ccdd189d4879e4a7918eb737970c2d4', '8ab038cd5e0b430a4e0ee13a432d79bd', '0b44909370290e39932ea2f0ad7a91b2']",0.2795506427727041,0.2300665871229507,0.1506389962763123,0.7257948356314636,0,likely_human
UCD8Ju8zS4psaUWbnqK2Kb0A,-1,2,1,"['572e8cae1461ceb8dee814e8c3464657', 'abd5790439b792ba978cb38e9dd7a474']",0.34927824143136377,0.23000520807577918,0.1424932013125577,0.4258611926328234,0,likely_human
UCoDYSZCuH15-K9coie-Xstw,-1,1,1,['94b2fc26c94dd094a6822ac61cf3a687'],0.34962584908294064,0.22988356302017116,0.16282365857257974,0.3888703510942607,0,likely_human
UCeUb29KFp837u7MfPdWS9mg,-1,3,1,"['ec681124160cfc9114fd77ac9b131eec', '5e7a347f724b5e9512343aa72f29bc12', 'c333792bc1543cde71f477c26aa0e180']",0.3220686380451229,0.22985834652334364,0.1487196808557947,0.5349407453008547,0,likely_human
UCxZNQFprWae4dAczZQkciMA,-1,1,1,['4e0d666b65250d3763a9050ef4f9cc4b'],0.3348059173231239,0.22979269533516006,0.1535891503795348,0.4657563297478282,0,likely_human
UCoNwS0w3APw53vGvmoRMHvA,-1,1,1,['5acfbde066509556b382109ff02aa791'],0.3236071055195255,0.22974243944909017,0.20271121302024586,0.42084588633527514,0,likely_human
UCwsg_pNBqmhV17_aXHuwkyw,-1,2,2,"['1158e26dff590aded355750b1cc5b9b0', '169ff0ae59d7e3520838a303735f1409']",0.2881316490202561,0.22964717182683192,0.19089380949806245,0.6011393199590397,0,likely_human
UC_8pTF6q1gXKpJ6Y5iIMqsg,-1,1,1,['4c453426c15fd5dfd2666b646ad35838'],0.2895121761129979,0.22962320602154299,0.15485095977785263,0.6634716706842345,0,likely_human
UC5taSBVpDRALC50yxdLVlTA,-1,1,1,['7e9922216be941977ee64d801d2403a6'],0.38633495735560175,0.2289530839364715,0.10876324219029845,0.3220162225416068,0,likely_human
UC7MHfoSKeeWFEIoOawKEv_w,-1,1,1,['ec7e1ccb953d8dba7651dced40fea4e3'],0.3525671613346045,0.2288257877123582,0.16089081790096738,0.3621339916774813,0,likely_human
UCmIS4gBF0Dcv63NdgO1qvSw,-1,4,2,"['60cec73e7fa9d0e28f141d20956eefe8', '27d633cd7b4cb1dc049b798c52844292', '6b92842871cc16649d029d69ac23b9c3', '8f520d57e9ee671e3d8bf54e1a7dd575']",0.32498851031249026,0.2288032818903111,0.15658319478651186,0.4940582963527305,0,likely_human
UC3C_ZriJFN5jk7J6z0nDKKA,-1,3,1,"['f8ec6cd8efd533b93c1e892bca9c6872', '70719257959ecafbf7b661e4cf294124', '25dad45eeb30f5e1db03409350d619a3']",0.31611751063533083,0.22877335346689073,0.18018792390912713,0.49437207830984714,0,likely_human
UC2EFpHOr8HgVKsEnWxDpxGw,-1,1,1,['b57b09135e4cc2ce6cffbe8aa5726640'],0.35039623359903527,0.22860895455463748,0.14671907855437497,0.39954723716750223,0,likely_human
UCFAxY7BM6FHVpjXUnAYqlng,-1,3,1,"['4708c5b94f1b8c70412dc30126a5d614', 'ae798f85577243efdd9b685454ad647a', '5df4edf69185f8f6a3efdea0df0e6bf6']",0.30221991563074385,0.22853433890162894,0.16325753918570732,0.5780770014784081,0,likely_human
UCEfB4s27uUCJIlZin7ZPqnw,-1,1,1,['ea83e3384b6267edd8d363cdfb5a8699'],0.3496072109040163,0.22845614853086105,0.14174343640888748,0.41517436878217695,0,likely_human
UC42O3XmOOHkNqZvrsmhh4lw,-1,2,1,"['ff2fcd3323cc408209041dd802477b89', 'f596f8244c942531132733a669982814']",0.1865450088153971,0.22841756502056548,0.13875013400815933,1.0000000000000002,3,likely_human
UCndvt2L9Giu9X8VaDFUt9Sg,-1,3,1,"['339aebd888f56d3178980589c200166b', '5c1824df6eff502f534317a42817a46c', '2ee109a5b05491c94b9f9d2cef2695fb']",0.3051112224812647,0.22798929776614038,0.17510931216909828,0.545443812526484,0,likely_human
UCPYxkbEC5zZCRNZyK7JIrFg,-1,2,1,"['8a4b4c8149f6e6e48e7f8ebd3c8499ef', '0143e1213029fefde04385c2f38ae48c']",0.3091003801117843,0.22798285855757627,0.1774483070252449,0.5209596272467829,0,likely_human
UCyPhUhZ6VKMEJm3QSmZsw3A,-1,1,1,['a3f6f28541c4d6ac5d57b444a96e8094'],0.326038647717315,0.22797458360926243,0.13140579270492844,0.5328998733968485,0,likely_human
UCrRKzCcYcuDsIqpVA-JGpHA,-1,1,1,['2d28b46b6ebda7e3c283db03c63de7f3'],0.32725671809650825,0.22794277589328032,0.1901319329609012,0.4048505029656291,0,likely_human
UCQ3kzNdHfmZSE5OIrs94YGg,-1,1,1,['e38e506565b37516171f3d9d95f79804'],0.3414024371528957,0.22763140581040653,0.1568922872033203,0.4070623195750564,0,likely_human
UCBbbRnssDBZPTK5_QID3F2A,-1,1,1,['afc9495a7719f3830d07a057288b5926'],0.28871693966551126,0.2275702705951036,0.19434436391363208,0.5650175114840333,0,likely_human
UCPFyY0XoqxQx-n6RZMH5Ldw,-1,9,1,"['1e7e10adc6ac195ce931ddfa14209952', 'e80b50dcf3776f5829eb783ff86a0893', 'aabc283166821d5beaaea9e97c499768', '569203131abdd8db1f2dedae55a3e3c6', '99b2192c805f0fb9be45f3fb76c0b2ca', 'a4e7d1e5ab3456a2f69ed65f77cc2a80', 'f13eb32c2901a201774a561d1aeede78', '246b30fb7073a0e795b1f936788e7c91', '2b9e112af9324dc56e5a195d77941774']",0.3058395616939058,0.2275676892280972,0.16418895852139803,0.551597478389924,0,likely_human
UCB6G-Nk5GlMGNffrMcdKO4Q,-1,1,1,['ee802b75c0bc26327bcddc520ddab18a'],0.3613499707176687,0.22734772461546604,0.1430169670752344,0.3549036965408563,0,likely_human
UC5awXXF-jeB6VUsIDTYikPw,-1,2,2,"['dd40d1a7b7c5927cc344e1919232cd89', '597a156104e67688c607680210bc2a18']",0.3047408058939158,0.2272735903960768,0.18023473431383458,0.5244275345537461,0,likely_human
UCXZaOa65i1e-g9icfJqO5MA,-1,1,1,['8da9b41fba07fa11d3844c3815b6a583'],0.2960198825626943,0.2271298542734657,0.19058715189405562,0.5428849409113583,0,likely_human
UC82FnsWYHd77fO2uh73kA_A,-1,1,1,['ceeed4c3d563551cdc0a390c853fa0d9'],0.3502442051534027,0.22695409892401613,0.12198250653399288,0.44416695702607334,0,likely_human
UC_8G031QPI7y2nG3b6setyg,-1,2,1,"['fcd3d3d4465cce54624f4426ae20ae30', '986631efd2a7d930f03f6c7678a21036']",0.3401965369954244,0.22681613589974464,0.14144435902997676,0.44001418080132015,0,likely_human
UCmMk1wPlZBMtkBPPCD7qCLg,-1,1,1,['320d94c9d86772f0a971008c44157192'],0.3793345128231441,0.22651146483514684,0.11348766984711596,0.3148810295588916,0,likely_human
UCPms3dRlA5W1sDGWUI4wWTw,-1,1,1,['61036e0657a329558437f6454eb5af97'],0.2874240114184368,0.22645102710818465,0.22706147287856812,0.49669750581983796,0,likely_human
UClWdzNSj1fOYUnhxaLgSyTA,-1,2,2,"['a3c5ae999d979422632579f03b68ca4c', '400c2785ac3a854f08cbf8cba41eb770']",0.3252856867142451,0.2264224435136623,0.15168476550372767,0.4773326334832564,0,likely_human
UCx9fENZBN-EF75piARZOVIA,-1,1,1,['d7f02e9532b86b1caf1c98cd8ea28128'],0.2936414534732466,0.2263873154235997,0.18269979914480583,0.5651316717720454,0,likely_human
UCXvVJGJWubBwVi27224IplQ,-1,4,2,"['69971c330d229da19d74a041575fc8e5', 'e0e31bcbd93fe8f47f38eaee4776574d', '3175876e631e63707a8d2ac1f86d11dc', 'a47fc15745e71778a495b267c76b48b0']",0.29412606788302265,0.22634488848375844,0.1683267362999267,0.591667269475993,0,likely_human
UCPYKrenHx5b1GR3dst9qu1A,-1,1,1,['911c31e8b60f6f1bca35cbb9670895f1'],0.309650487304172,0.22630462731594053,0.11592518056485922,0.6308001110728139,0,likely_human
UCiOs81DJveJ0BAYGBYl8SBg,-1,1,1,['2f5006519a2d10b65c50758c1d52cc12'],0.3430293871257828,0.22591341311648,0.126146118379922,0.44656493617614645,0,likely_human
UC2SuMVia09kDCKE4JTVhFGw,-1,1,1,['c5e9f79d85ccfd1cc69340080ed388aa'],0.2819315667721849,0.22585709894345932,0.19710614035815002,0.5780770014784081,0,likely_human
UCCPZ_nqv98mbUkN1mM_GKqg,-1,1,1,['9a10b43dc936b016956d3c04732133ca'],0.3521996761951638,0.22578105075888635,0.14797091615077085,0.3604823643034691,0,likely_human
UCZe7k4EA0WWLb_a9D7Qfiew,-1,2,1,"['60488f562942e9d59689e827154b8a26', 'fcd9fab14322ac326dee281955c7e296']",0.3324937320443129,0.2257479525018161,0.16802164568904912,0.4165065497139724,0,likely_human
UCLyYuqm_6pTojckO_7SzjYg,-1,1,1,['bfd4fb1b09012e6231bf2edf59025d95'],0.30412449823703075,0.2256787659996945,0.16532560265736143,0.5327858010022437,0,likely_human
UCtDT0UdfTANQy73gvTe2XJg,-1,2,1,"['4d1664b7c84af8d86c0a4a788a8d3325', '4c94d0f35911f3fad595a6f5e8ebf4c3']",0.29473442879051565,0.22539562395109414,0.1886392763648097,0.5305925604187932,0,likely_human
UCU0j2LdP_eR_QMppqh4oNVg,-1,4,3,"['40e9bbc9497d7674f300dd07edd6b22e', '3db5838c42ba05f41824f30de14a8c4d', 'cbe1ca2748d3bb5343972b2b4d952413', '3bbe79a3464b19544ed4d9788f3776be']",0.30324414921749454,0.22510146671224698,0.1626964383962685,0.5390756363055816,0,likely_human
UCOQk83WRzXuhQqu_X8SPHNg,-1,1,1,['a785d854f383067a6abaa270eedcf1ca'],0.3074539687872165,0.22482931943487872,0.1636848389469276,0.5238972691445207,0,likely_human
UCIiwBDYlIX5JYvpwvocKSOA,-1,2,1,"['45ebd4f60134ba9d60e512ece5dc3c87', '19b63570fdc3e8a3d1fc5788bb742bdf']",0.31206757575415156,0.2242659300897209,0.15204040703296307,0.5155449644980199,0,likely_human
UCEPkLQxD_3VkjVVw3dliVvQ,-1,1,1,['4c90f33cf90e4162d2e6ac32264ecb3b'],0.3452722535507963,0.2238739562611219,0.14228710042423914,0.3932426068823499,0,likely_human
UCh7aDUkZkUTvfA9PNQjvABg,-1,2,1,"['d1faa9c52a034073923091f858d6ab70', '8c8814472fb99b42c021b262c208abe6']",0.298364830837461,0.22351500010338177,0.1806693198022549,0.5138832728048444,0,likely_human
UCw1Ga6u6LBGeybR_mPXcyKA,-1,1,1,['5405cb397535e3a25996f072d46304ef'],0.3513676173797813,0.22341249934232715,0.12796195992256484,0.38685866475290875,0,likely_human
UC0lETRLeo0sWFMUgx_arffA,-1,3,3,"['0632497b6871dfac044d2e88cb134541', 'e2049166acd90b87d54beab67d8f9ae2', 'f321e2c1f7fb6d951fc565042d9f082d']",0.32204659057955926,0.22326385625165576,0.14718453256309044,0.4705751173499608,0,likely_human
UC2fZU0v_niC7tdZykVtj5lA,-1,1,1,['79389959ecb68ac0313bb4d5c5aa21f5'],0.32093264436549074,0.22322381199401659,0.14334431972747483,0.4819322951971064,0,likely_human
UC2BqlF7MmczAgSfS8zvafJg,-1,1,1,['dcbacbe5fa8fb1187f7a0aaaba9b43c2'],0.3028366340588451,0.22290797700429987,0.1974213824577256,0.45783976752943367,0,likely_human
UChxuq7UOS6bpP0MPbXWAsXQ,-1,1,1,['851c63639aa3d0161048d73e54b29cbc'],0.26012161512515103,0.222761800005228,0.22415533414323138,0.5965166579724012,0,likely_human
UCfIgnMcEsA2IRoDZzGvtXVQ,-1,1,1,['0b50e143715424846e0abcbb1eb37034'],0.2810505639687495,0.2226483855337786,0.2113573304540314,0.5180750212276318,0,likely_human
UC4jhYlIOWDBnh_2jhG3q3fg,-1,4,1,"['8cfa72f369d0ab14b1cf8c8904e7a015', '8c79214b5aea16c13956e6036edebbfa', '04d6daac886f3cf9638697bb14800de8', '90ae023e2e618b30db027a425a0368ed']",0.293876743599093,0.22259854133961687,0.17903157026039115,0.5320140495581165,0,likely_human
UCLpJqfrTcLpvrEme3Vp8-vQ,-1,1,1,['8bb3385f5eecef8c7b67262ee4086c06'],0.304821428205979,0.22227821081234114,0.16032972291738296,0.5102449735337334,0,likely_human
UCKnlWVizjWLivDrUOBrawZw,-1,1,1,['7f236938a2744084e7a2e7e68bacc5d3'],0.3569474076126336,0.22189751230235777,0.0890209023213761,0.41891723296235184,0,likely_human
UCuCJndgQbQz1TMOyE6Qqf3w,-1,2,1,"['d45e5489c718ecde0ccca0ce99da1aa9', '80101b12133d9df13dc75f4ab08e83c0']",0.28362178358982665,0.22165555440397383,0.16916752215221376,0.5912650390503719,0,likely_human
UCB2Ww9ziG7xi1pzxHu8e0Tw,-1,1,1,['955cb03b0e7d1d3c28c5c054cc5b5613'],0.36006885109080133,0.22144146820570967,0.09933837075872759,0.3896485740290574,0,likely_human
UCEbA8_JGLpxNfvs9O1wq7Wg,-1,2,2,"['7363137423dc8f63a747fefa3fe8beb2', '73c9d756d75444f5c1784219914f9e6c']",0.32025233184488255,0.22141495040117648,0.1518240225640365,0.4608251272046176,0,likely_human
UCu4f2WD4MKi59aVWiMML9EA,-1,1,1,['3ff6d34d454ab285f6fbf105563fc604'],0.3247570867734465,0.22141451269744442,0.15132286410150397,0.436199350485552,0,likely_human
UCOAr7ExzhZ4-M3pjXXUmcHA,-1,1,1,['7234bee5947d343d619a42e12b21829e'],0.3449522938958284,0.22102177343216683,0.12194033257390217,0.39934988633506396,0,likely_human
UCM-iy2kIsLJhSmGMiXMfiZw,-1,1,1,['d95c9186cf7dd605b965010a58933373'],0.3444183114252551,0.22092193194450632,0.10781548752597675,0.4289954157676446,0,likely_human
UCx-mPnUO78MhwJO2iSCmP0w,-1,1,1,['b48d6118b24fe97c472001db1407916e'],0.3464667705631861,0.22056037558573957,0.13667254560955489,0.35899249439606745,0,likely_human
UC25m-hK3Y2apJHXX1U4qh5Q,-1,5,3,"['ebaf80643d03d05c7e42087b25ef5a5c', '6029ae86c41419b9451340a087b3f405', '322e558fe71b756db98261e18819dd71', 'ff5b29f877032e7b3383e0091ca5166a', '5bf742d21b1d56c81cb48c4dd64dc93b']",0.28710630205875975,0.22020820880937697,0.18358522251745998,0.52324040631308,0,likely_human
UCH0Zrh60WMW2tpFibxh29LA,-1,1,1,['bf362ee61c24a70dd31793a0cebcfdfa'],0.28031424315227627,0.2201737730119812,0.18482345189782606,0.5574944639910133,0,likely_human
UCiLpbULwP1PlxMHBFWAp6sg,-1,1,1,['0268fa13912c65387f96b34fbca72042'],0.3427112302818964,0.2200772169626783,0.14007109601269566,0.3652356027426288,0,likely_human
UCxKvfI-FSOv1hsDbYZ8hl5A,-1,1,1,['5bdb0cb0fc0bdbc75376b15ed609e5d1'],0.3375031239821191,0.22001851823289334,0.13011592705270802,0.4032373718787391,0,likely_human
UCbTqJDynLlq1UXBMKGBj66A,-1,4,1,"['f855224c0bf809ce516412209b92e62f', '4f5fd18ce9efb1d0d33b09ca26c92309', '0323b2ab841b0fec03bbf5e884c94d02', '24d54e40ed0c6f3b743eab76dbb24825']",0.24549328310018773,0.21995231024228837,0.16415605504737799,0.7490080389505671,0,likely_human
UCd_bh2jG_l6mHdwCTJzHy5g,-1,1,1,['1ee109b2695b52d54fa2ed59cd6a8e61'],0.30407851349344917,0.2197794427898938,0.15140948290175701,0.5098052514633773,0,likely_human
UCmFcRvEeFcyC9iDJwXjhGSQ,-1,1,1,['14644f850599162eb2b93825fd36f640'],0.26549570192813443,0.2197079145459876,0.18120349442281916,0.6226375514510653,0,likely_human
UCrYoaG2WwlE-Vr2LExzKa5A,-1,2,2,"['283371ded6758a3bbb1da48affcadd81', '80a868f4542d016273eb7d708f0a4087']",0.32617484805824926,0.2195316187660946,0.14512662069264554,0.42013760994452165,0,likely_human
UC6_-szfkCXAtERC-X3Kl71w,-1,1,1,['eca942570af533e64278914bada3b981'],0.2926324327263773,0.21938376804958984,0.17659346031144715,0.5025306265733109,0,likely_human
UCaFePSop7yiOZi_HWkm-k0g,-1,1,1,['a765bf2163172468201e647d9746a035'],0.33041852126980953,0.21933368164332953,0.12294602349557977,0.4407885246478884,0,likely_human
UC9QD3LH7XAvAdBn4Pfc55wQ,-1,4,2,"['23c656d885f94cad3fe2fb33db23130d', 'e3ac397020d9481bf949adefff531aa4', 'd52a1f18c354664480f629b90e833ba8', '86d384c225dcb283cf57adf4a76885e0']",0.28397627258686,0.21908688485487682,0.20751777727313198,0.4833101609494288,0,likely_human
UC66XXR-HHVXkD5eAY-gClAQ,-1,1,1,['760ccfd6233391460a4481c31b379d84'],0.3432018218869999,0.21882852483934306,0.1265075626728141,0.37715638437402554,0,likely_human
UCtQeo8yEi46OBZfK7of5pRA,-1,1,1,['5ad6928c8b93a34b41ae0e8894e35af2'],0.3566158314669696,0.21881134895673973,0.12591933510048345,0.31474226622239326,0,likely_human
UCnBgsDPs_wdpDxKM9Lfxobg,-1,5,5,"['166a0db73508494416fb70a08cce5534', '4158638ce19fb393e81d797e64e7e540', 'd96456a2aa95159071b4f3de4f75c159', '54d878cd10c35dc2276e7808f94f6317', '018e4038fcb7e102cdff8e4c781ad5b1']",0.2893877072108194,0.21875098642315333,0.15830064583293554,0.549799044960997,0,likely_human
UClBTPl_7jYIxqxm5ktMahyw,-1,1,1,['0fa5494e70df58c9db62793edd4d260c'],0.3028834021942885,0.21851088756019926,0.15774435603338094,0.4944479929831084,0,likely_human
UC1tZT_N9LhgJyFFeMgtbCPg,-1,5,1,"['ac87cd0e93a862c2bc913cd25c4b13f1', '1a535a9c877ee4f9ea5e8f1aee9dd194', 'bbf48379834b83ed29efb96f9595145e', 'a0fd1cacb6575a10efe64bf848e915a4', 'afd998f0d593a6aa3b9453b260a5efae']",0.28566577838602314,0.21845544542488762,0.1573801838177805,0.5691851014639923,0,likely_human
UCH0rVnPpsNW39Bd16_HBZdg,-1,1,1,['dc9816d92a246d4c1bd34ad103cf3b00'],0.3430075047595058,0.21827813149458836,0.14108507969021555,0.34953808393880637,0,likely_human
UC07XQ7ddpmLE3R0LRB0en8A,-1,1,1,['1ba5800213a5c1485fec97a784ba0521'],0.3330589483735359,0.2181193936118271,0.15481358310346233,0.35581723535774884,0,likely_human
UC5rwnjydNutr8wKZaAjiQ6g,-1,1,1,['cdf7ac3577cd60d8b81adb43df6d9935'],0.3214856419287548,0.2176857308258031,0.15960915457441535,0.3950251689885211,0,likely_human
UCArI9_pRIAamxXHC-zL63sA,-1,1,1,['d3cdc5b9de5525bd16f3bc6f1f21159d'],0.31763863085689115,0.21727717077777256,0.13678159765154765,0.45284006872446453,0,likely_human
UC2bwc_FXWvqi8yrlrgT45_Q,-1,2,1,"['fbfc2d250d9cb2d8261dcdf849c61203', '405a5971a9441eeae81089ef08c38f1d']",0.27260217138052234,0.21702898351355523,0.1780565606088377,0.5676107428158219,0,likely_human
UCvpIHt9Bb1FG2Dvkk-hhxYw,-1,2,1,"['69312ee19fac6b4879d627d0ad4318ef', '15dfeac269b01c435244be7da1dec326']",0.28132891141144556,0.2168804155184051,0.1553005955288822,0.5712987070307535,0,likely_human
UChjha48npE1HzEf79jZ2OZg,-1,1,1,['8b496b3e0d867fb45ca319b3a19395d4'],0.2900215600317633,0.21657048953338542,0.18344810717701662,0.4728693557122732,0,likely_human
UCpjexoE4MnR65AqpxAsT_fQ,-1,2,2,"['88051a21c3e2c1f4eb6d1152e5102f12', '2ee9e7c54c2a1328dccd7f36ceede938']",0.28764937977558086,0.2164237653002673,0.18322469924994006,0.4816055059018352,0,likely_human
UCX655LxCfO7pNK1HgJb_khA,-1,1,1,['26c084c26d25f0a505ae41fd78fd7223'],0.33873414226164755,0.21589030607364512,0.13949111445992024,0.3406191488046228,0,likely_human
UC5lNl-HL4cE-hLXOCv5R68A,-1,3,1,"['4e210bfa2966a3638f4b31205165d4ba', 'aaab64a417b85b2f08fa950a4fc96202', 'cc0c6229b813839500555350ae50ff72']",0.28685280022208753,0.21587252146950325,0.17488250653494816,0.5069444171068354,0,likely_human
UCxmsAjbzcAPfHsLou3K7tfQ,-1,2,1,"['ae81874c0cca302016133f6964def728', 'f5eb405d2e915726adb4459420a405c9']",0.2988822060032767,0.2157985051447317,0.15239063839262834,0.49248598654907905,0,likely_human
UC6Lcvzzk0ADlq5Vs5U7Al_g,-1,1,1,['6363f3bf059b40ad4857bbb0bd584a6d'],0.31609369965442735,0.21568286148283067,0.14756192978194016,0.42412998050371736,0,likely_human
UC4PZo94M23QNoaIzr2lv2cg,-1,2,2,"['b809ae603ce478ebbc00fa639dc08865', 'b60a9eda11411446b9aa63097f1c5849']",0.3230079253878764,0.21557810259589985,0.12762975105524993,0.43131523806462235,0,likely_human
UCIZAONIM3-3chgju4v_kCCA,-1,1,1,['2a78e2579d4ba44b51877b5e38146b1f'],0.32791775243310156,0.21538155019499458,0.14491873944168504,0.3707756445559568,0,likely_human
UCYcaYfdj1hUFPEPnYSclnWQ,-1,1,1,['dd5467c61119ca2876d3a22b82c54bd3'],0.3191704966598765,0.21519169035983493,0.15514212002587852,0.38551347250152646,0,likely_human
UCZ_V8XcGJySMuYpDV6lLisg,-1,1,1,['475bd46c116778f550b1e5f2893771d2'],0.22501986478210018,0.21517344878993405,0.18334219314485356,0.753050147767513,0,likely_human
UClcrVfksqX6bnHIvTE4HSJg,-1,2,1,"['a1e58a8341fd3ba043cf3e90bd62ff2c', '35c7bb689d14d5ade6f6565f453f6540']",0.2701736454415483,0.21492518991020532,0.18275792892783246,0.5465729136213255,0,likely_human
UC16XEA0194vmBskJ2Yju1XQ,-1,6,1,"['0aef04852c45701620c75f693ecb8cc2', 'eb24fe5ac79eb79c82edc45973cfd54e', '8007040ca0a660f30ac177ca4196beb5', '3fb1f8b8c77b98e8a1e79798253cd421', '64505c20b23db884ac19e6f0735aacd6', '4d24db7a6363073b37cdbb6474719c59']",0.299929869091573,0.21476208185166185,0.14177796183706676,0.49951000381112054,0,likely_human
UCLJSXYVhV5Jz6NGgqzSLEcg,-1,1,1,['ba4b101070df6567a12dfa720d1a5339'],0.28514725941277097,0.21472225171253254,0.18262784774788174,0.48740301306594663,0,likely_human
UCqflK1qV7JOqpLX6RB1h4uQ,-1,3,2,"['29f0e3f5efec44f2417d7b43337da77b', 'be2d3e01f6e3c75c2900f0b7d023912b', '16cfc47b54dfb89ca5ac39aa53c3cb43']",0.3071678499185206,0.21454543070414747,0.14907252358142545,0.4469339232852184,0,likely_human
UCFJH6sgMrINrG99QUvpyBMg,-1,19,4,"['eb86f99362f164092b6f64a9018b6321', '85d1b836f512e13afb9c9244e369efc0', '4e80ece0c6ccfe9f4c70312a1b92eb69', 'f28b1e05c742ec7d44f71cb308e80066', 'b86b26009454866643d23457d7ccc0be', '9eef1167a29b61ce97c678db1c9c39af', 'cbf43b9d6da22d84e3d531f685cb7202', '2eda4671a4bf6375db5b3e6aad01c6c1', 'bbb2086d9658f12a2e85ba1053865a44', '85e907b74911a2b5415c02af42a7f0f8', '841b085cd2df42a09a5285898a2ea1b2', '4a345379ffc27aba4dace4167c7bb2f3', 'ad0c1ce6eaaca36c878f0a106f0228b0', 'b66593493ccc728b437adff9390090b0', 'cd360131ea9821da31b46a17219e8bab', '021976c4469be7011688026ae1a3b7c8', '762107ab991ad810849ab903bb0a44b1', '6699b9c2b414f913322d27fac3c50269', '275691cf288b34bad40f5a7952e1104f']",0.295535972802857,0.21442018583074965,0.15834737392607276,0.4851979125734392,0,likely_human
UCd-l3pAc1FPQJGkNsppyjsA,-1,2,1,"['990a8bf775edd2f3b3b474057881b5d2', 'feba5b91b0c53fe6f8c2b80312d02fd7']",0.3066845715067482,0.21425991482288415,0.14758773310940015,0.45818273082861116,0,likely_human
UClbJUvJbzCvKUpxKcel-MdA,-1,2,1,"['2ba2370d0f7248dae3904f95eb59bbae', '74f2bd75047612cddb5047458a76c7cf']",0.2822972099367891,0.21355282199318348,0.15459426519703823,0.5411390842193009,0,likely_human
UCzA_hV7i_FGcbBQ-GsFBvpA,-1,1,1,['b6769ad9d4112e411d163ac1dc6ba0da'],0.278793589708377,0.21355278584845516,0.17348151958432959,0.5132985822977763,0,likely_human
UCOwuYuI0Ty8Wf15UQ45DBGA,-1,1,1,['22572b477c07794f25e24f793ff8ee10'],0.3086097059446354,0.21354917584971694,0.1670907784707985,0.400004178057323,0,likely_human
UCEDm-RB-rBStH2hSVos2oBw,-1,1,1,['9981456e81ccf047994db3ca7ef66ee2'],0.3246775535205568,0.21344418875491414,0.15570467399486893,0.34308450057220086,0,likely_human
UC2eGnrVwaL2VOjaJ8HBzqNw,-1,1,1,['6e59d5fe8050d6f9148e7d34dc489002'],0.28713161644456553,0.21315041543385171,0.1500100996630125,0.5192735919738908,0,likely_human
UCXZ20uBLhsd_jNRSV24t0gA,-1,2,1,"['38db4d52aa986f180218f8035aab64d7', '21687075387b6d7fbe5e6333abae5234']",0.32680173338880636,0.21305078963846075,0.12687255063209435,0.39042154090063574,0,likely_human
UCERe4RCslT6x4HOSHqEo17A,-1,2,1,"['4cfc643e011e2c8f7d71d50c0ce96a39', '3878c4e0e04eef4c1512b61d2325688f']",0.27534215804274687,0.21296564740229343,0.1795758141697031,0.512721281503789,0,likely_human
UCPuH007CQZCQssvAo1dUvTw,-1,3,1,"['e82d4b00d7a68cbf647ed74fc437f413', '0bc0ef7d75aa253b1a011bf96f878264', 'fe24a5cf27c472e77c20ea28f75cd1c7']",0.27945293954058126,0.2129259566021955,0.15862808185541574,0.5340921356173784,0,likely_human
UC3l559lLI7a4iykOTm7geMQ,-1,12,1,"['0662f48dbf47249c62b2707d52b51684', '647f40e67e1b87d44f80abec80aec66c', '1dcf6c46b93c5ab0ccfc3e5c9d7b895e', '2bdab7b5adf38f6f0126fc81a195417c', '9cb3ce6e4fcde3a03b48c6d6cea88ca0', '3104d95660a4e1495b8b3c51cc533075', '5b666795041a8fb9b739e95c3a1ff729', '05a55bc0a32ddcbaecff8063eb03be49', 'a1b482397c27a75572b8c54e945c87f1', '2c5f6e808e88e7d4a1de1b2e7a57910b', '3feda831ab947ba435badfe2ba86a366', '0de382d950973e61b52f8c65fccc9918']",0.292822222060892,0.21257687424385496,0.15773036267738114,0.4798962806521514,0,likely_human
UCIt3-qSCbDUkisg6tqIg_hA,-1,1,1,['cc013040d009a8d3dbd08e36cdbdc1b2'],0.26711148819615693,0.21196925437291408,0.16526593725929475,0.5673146021040298,0,likely_human
UCL7ANMcuk5kPKZgcnjjKaqQ,-1,1,1,['4ce95ddf41bb16057bb3f08318526b0a'],0.28244943536628536,0.21138164923577168,0.13194064803475186,0.5641071653952815,0,likely_human
UCXgC1XAWYlZFrtWbvBZl18Q,-1,1,1,['3f4546c08d98ea811b231fc5cc618661'],0.3216383096294958,0.21103420480839613,0.126503519165674,0.3951611049587157,0,likely_human
UCrCYmYYlKZ9MFgSsH9mys8Q,-1,1,1,['9beb0d384045218fd0b35fe7cf0d3338'],0.24897358490893048,0.21061979764256378,0.168426155756115,0.6285631981827483,0,likely_human
UCNbrSNp3UjyEj5HKS-LSlEA,-1,3,1,"['0f47d7c536a4a4106ee5d59266683839', '8d6e2544faeb8f53cec6bbb5fcb8272e', '1d5df63f7d88837eb7b9c3d4a56ceceb']",0.29180184936267173,0.20974389918754915,0.16607147732739821,0.43250015015491033,0,likely_human
UCwGV0V4tUE_4OsrHvm4aP0w,-1,1,1,['17b89ef5f4f36e437777250113d40636'],0.27800932086617847,0.20970135367684403,0.19651504039841844,0.431573442015509,0,likely_human
UCAmk1sJLwrcLPbe0sI2diUQ,-1,1,1,['70600ae8aae768a3f27902e0705d7c1b'],0.30372348802717863,0.20965861302734812,0.15749817884623363,0.4060953192331209,0,likely_human
UCfoK7tRBb-VJJFHjOjldxTA,-1,1,1,['028db3de328309f644223d3a766eb8ea'],0.25183099561128064,0.20958334965191766,0.18347180267127305,0.5809106764042431,0,likely_human
UC5YZlvxNE9LSJVEfSEWXjag,-1,4,2,"['7e7fc56e6cffa8a7b779506491ba990b', '3b6d594b7d7e817b5926480cee1904b1', 'ee6c5e9ed8aabcfbb19c4309d204836e', '441522de7a95836be16380793d7882b2']",0.24329908193198166,0.20932197794279564,0.1852732249717081,0.6056444699734111,0,likely_human
UClEtGOkjQcGAyON1b8GBDJw,-1,1,1,['c3a1fae87f5ad660112d75901e9e7080'],0.335135837652409,0.20856120258115574,0.12761391243164003,0.3049943063244539,0,likely_human
UCOnULsxLCgbXeD313udb7Ow,-1,5,5,"['d4cf4c6a086786995395e152fb0c2637', '782deca2f6991a163fd6befd5c743c61', '065899350b2c4071b931fa866439a810', '1f3eabef600081b7e76f245c3213b3ea', '851f0905892cf9ea81ca8c4649b3f31c']",0.2847523931143707,0.20828661611462385,0.13892347722957846,0.506842232212422,0,likely_human
UCpokWRoyqHrOSnjvBVG57eA,-1,1,1,['2297470f6156498cec7ba93fcf9fe6c4'],0.2896598259249274,0.20798176311547473,0.16614024925885434,0.42404429121745735,0,likely_human
UCnH40Qca-B50YOFlVVOO5oQ,-1,2,1,"['6b556ab04df5c1255dc2d5701a1cc044', '7b6c402dd8b23162485334bd8ae4f0c3']",0.27008932186623613,0.20781832843130016,0.1891777446492058,0.47016425971796194,0,likely_human
UCKzJ9-UmYUGlx6VsFSTdoCg,-1,1,1,['292d29ca5661663f97daad8bc0036f50'],0.2504956059966378,0.20752217051891914,0.17126983241340005,0.5832939152718376,0,likely_human
UCh8Wif5M1qMVAO3X7iHbIhg,-1,1,1,['7a711b2f2142acac4748df739ca63acb'],0.2995782430445084,0.2075071430534798,0.17621068933414713,0.3665122503966323,0,likely_human
UCRfUpDiC3ZqdMBn2uz1yuvQ,-1,2,1,"['9254cb9e3d5deedf46cb88c5dc331f71', '6a54f1715ad07cd8dac315ab4dc9882c']",0.28045470671270445,0.207014128278239,0.15092156623676425,0.48620971750612574,0,likely_human
UCtNrbhjU0FAlvTDVymotxMw,-1,3,1,"['7feac7a3f220d343eb02aeac207d5cd1', '0abdf670699c9bdb7e29567b431cade5', '706f3576ce1e95b03faac8a5578a6acc']",0.280952162430792,0.20679707177951234,0.15634697193941266,0.4729999223392513,0,likely_human
UCUn38O3kzCbhafs8FfsM7_A,-1,3,3,"['bf789c2b27882354f8f9cc3bad6b796b', 'ccee2a93210a2a03d7dc19df766b2d5b', '0d573fbd25fb61f63965340a28a6ff26']",0.2763909998497945,0.20622462313168172,0.16193829318468925,0.4776896555839672,0,likely_human
UCnMyOM6S3gZIkHhIPFfCRIg,-1,1,1,['e10dadb526b5c27d2d107c3e63eb2e24'],0.2707473721475206,0.206025761180142,0.183673280456718,0.46360488270311817,0,likely_human
UCctVZJ2Uitkrit2EhyUfm7g,-1,1,1,['b0cc00e4ab9520b3a0cb17e70f164799'],0.2808114630483096,0.20586972386795854,0.17423676374495178,0.43234519964438445,0,likely_human
UC0orWZC62dr_Yo-OWvJmCYA,-1,2,1,"['6136fbc0092b33511cdff3285f2919bd', '4a9a7081f621a20f13cf220ea2917415']",0.3051642420901205,0.20584451937251677,0.12768571814854202,0.4155412926782819,0,likely_human
UCh7hQ-C8DqB3QvJ-PYbRE0A,-1,1,1,['642aceff4d2182a756048a81413d895f'],0.3023537302888773,0.2057617420032306,0.13972519612257386,0.4055489887733286,0,likely_human
UCeOLmyJIvGDGDzY1cjDCXUg,-1,1,1,['06c38370924b5085d712001979a0df0a'],0.25712739044531496,0.2054509556030056,0.19121457172658993,0.5011701443327653,0,likely_human
UCcVmLR96ExMZrV6kiFCN6tw,-1,1,1,['16f7e531d9ad7f8c83cb8064df437923'],0.3160252072860694,0.2054154462256318,0.1272690886791846,0.37044797070803126,0,likely_human
UC6NOihAZ8N4s5daUf6kPCRw,-1,3,1,"['9f99ba39dc4122ecf32bfaaeda4e5d3a', '3d2d1509e9dca233d1653c23d8ff75ee', 'ead1401da174d4a0b92070d0633bcbc4']",0.2802631857876679,0.20487385086417115,0.15765141634197816,0.4557358385660059,0,likely_human
UCWwlAIoJYE-yJr8xhmDwbgQ,-1,4,2,"['07e8cd32bc840cec6c123a1c2dff7e62', 'affde66d0a7a18182b829b644db25e41', '887e0f8f3a27647a2fd2bcac62d73d34', 'c8429de42f754f57f18c8f4543189155']",0.297845983121007,0.20478810362440983,0.13327417311146003,0.4266491154212789,0,likely_human
UC1ZSEHZk6RZf_sgW7oHJ_FQ,-1,2,1,"['bea4bc0726bbcbf04a5003cd0ac1c9d9', 'bf834b4169aca682a36155bb7993ff74']",0.27468817870524775,0.20463010065200396,0.15345701143030044,0.4903509089640051,0,likely_human
UCF0G8j_gZOfzZK6P7AajMpg,-1,1,1,['ef41dbda026730a1dd677f834c38a900'],0.31004505291822304,0.20462002220066078,0.12890245362292804,0.3747973776600159,0,likely_human
UCaUltBFwedl5bkFNmkaX0Cg,-1,3,1,"['888553f24bcd0a0db05708ad6c12c5a0', '92d8e625dac92213ceaaa70dbe244701', 'f37ef94f3ee6091713afcd78861affae']",0.29199344838474056,0.2045338597856463,0.1058597183211729,0.5100769507464064,0,likely_human
UCcjjRAHrTCpWkBGSdZjsF0Q,-1,2,1,"['173f3e206635497232e8f0120f0757f1', 'a5f7e7665c5696d88952b8181c77dc99']",0.2726524944176955,0.2041054750909659,0.1681706840553398,0.4592903510316054,0,likely_human
UCUD1rS92vZf2DkEwXNZJ_9w,-1,3,1,"['d647390cf87a6f8b292bcd090f8f663e', 'f6e8342a95157302765929b7f43b72b9', '955fcb860842fc64bf17894077610267']",0.2822387989505235,0.2038700479819322,0.13236193109557837,0.49911634220465695,0,likely_human
UCchdTSYT6lMzruGuV2agCiQ,-1,2,1,"['8cd9cf8bd490b9f1efcebbd87f497d53', '15e70c7739c948ef77001ab22e22107c']",0.28382086212390323,0.20377589393564532,0.14271796554544508,0.4624629096628786,0,likely_human
UCdu4kpHd1_YPth0yhzgIw8g,-1,1,1,['f3308eab1086f5c3bc8a702731649e86'],0.31824687570161936,0.20361663604849722,0.08688995483131413,0.42584953053871966,0,likely_human
UCNf0Tvh9hCsh4E7oxTtX_Pw,-1,1,1,['b8b988ccf25259b8c976372c3b3f4c03'],0.2652622460155525,0.20338672771565203,0.17661891713646766,0.4703022466847251,0,likely_human
UC61Cl1YE3-AUM04h-3lT7nQ,-1,1,1,['5402759589bd34f822d4750702032b49'],0.2620504204748218,0.20331682064736886,0.16090146068535094,0.511024522995972,0,likely_human
UC9RM3D3ttctKRvnFJD6ETVw,-1,2,1,"['21303957349777e4115c6cb51bfa500e', '33e57a18d561caefb38d4bc2c356f162']",0.2775561080518398,0.20313318751470105,0.1708469996516166,0.4317477843310203,0,likely_human
UC_HQ9AoUb3lyUGcXBLdcA6w,-1,1,1,['775eecb9a517da11f9fcd533c5000777'],0.2756479089770463,0.20301337970233813,0.17320218401285722,0.4282221524662734,0,likely_human
UCrUDzi758oDX9MocYKoFErA,-1,2,1,"['c69c406feec636053f35ad73ce86af88', '6804380c156c9977809ae700675e2a31']",0.29680394458863324,0.20286873070873285,0.13405341845392987,0.41005373102117404,0,likely_human
UCD0L58aGehm3xU8XCgxlJLw,-1,1,1,['b3b3ebd62a6e315d4addff1293f6ffea'],0.27491303945998813,0.20278614263618316,0.16741460152294294,0.4439727514428762,0,likely_human
UCkK7L2nqQs6GgLM1dr8lxpA,-1,1,1,['8593d3aa335705d868ea612d2ce1535a'],0.25724464736655633,0.20260894843516675,0.17252933474396995,0.5024456206900152,0,likely_human
UCnPzO-n2Yzgay-gCQkA4fzA,-1,1,1,['47b124066dbe52abef39e997f049d0f5'],0.25385724061642617,0.20201534364414908,0.16005694479694196,0.5377273901729748,0,likely_human
UC11dKYyBQQOi057nlhAOUMg,-1,5,1,"['bdb7cff68343801391679c6682443368', '4f0f046a420acbce6faff2f85745406a', 'f9846bcbcca009a45d98cfa57ed9cf2f', 'ea560613e22c1faa0f63886a5c5f7523', 'e505f6cc27f4711e5bf666bffb0dc5b2']",0.2657542341866656,0.20195917351139892,0.16236375729474767,0.4866154563235857,0,likely_human
UCbsnWUEPi6Bjp_wrBg28WqA,-1,3,1,"['7c8474f4d5636d3861a3467f63defb88', '7fec041382e4691791eb9901739b63ec', 'b47e293d542e0d55d0c1ff8479092a04']",0.22795248112816047,0.20163726849785674,0.19142690714179206,0.5846650687392647,0,likely_human
UCieYk5ZTnGpu2-xOFglTUnw,-1,1,1,['2d70bc8e1e5fc06a3c196b02ceb91fd9'],0.23663950777165643,0.2009437756710188,0.20241678692536963,0.5155449644980199,0,likely_human
UCLQjnBSMoHgTf-5-9b-Scwg,-1,1,1,['b359f2fda319db85dfbc3ddbe95df617'],0.3337638786370135,0.2009082326661268,0.09673517289061138,0.3013032516786942,0,likely_human
UC46hOVC3bf4xoA44Cw3HU_A,-1,2,1,"['8af50af7409f5693f563bda74f37b089', 'b6277f3255f962aedbf82479d09b7419']",0.20272098086484813,0.20089114942766145,0.15482838992736292,0.7715682111342319,0,likely_human
UCVthX266sfFrNSBqfDpvE_g,-1,2,1,"['96f05fd6eab812ead53cdc0c6be2cddc', '8b4e45f1008c04dc8e84a2282ac70ac1']",0.2654876575341193,0.1998866873699118,0.16609684933394755,0.45319902186595545,0,likely_human
UCS1blgk4aqW0aAlv3Uey6Kg,-1,1,1,['a91e1dfcd69cf6fe1e5f8b6f4419bc2f'],0.2578988597261269,0.19946365239855773,0.18916377391794603,0.43809849211306584,0,likely_human
UCKqZ4e6VoRRZb1J09VtCbWg,-1,1,1,['34f274b66eb8cf7829b1445b93454cfe'],0.23774259291524502,0.19941300008557894,0.18482303181057333,0.535894149865872,0,likely_human
UC1LB2VpRChplTHaeBm_MK4g,-1,3,1,"['cd5f5bf28e8a9307a822d9adb6f37810', '619415542615aa5f0e56c369c3512de1', 'e8b28e2a37e2325cfb6c8f96c86acc09']",0.25488685144625284,0.19916683198353646,0.1725014426794301,0.4871827007337838,0,likely_human
UCUR49xaX8MnPtboV0Z9yssQ,-1,1,1,['fdceac1467afabfa96d15fadbbcf8abc'],0.20478936934597708,0.19888931388764744,0.17059955023512535,0.7049082303288117,0,likely_human
UC6-P1zYkzjajkdKyOe6HhvA,-1,1,1,['a700fa141ea729798d7d5437757d3f63'],0.2703422585203784,0.19870935560434078,0.1649663883552443,0.42213355465927416,0,likely_human
UC0EcEYUNaCQDnNEAJy7rpNg,-1,6,2,"['6b2096c881de4fbf2d3646b9daae7ed2', 'd066ae8c65a02d4765a7a3e442e6d473', 'e9b8b1525e14febb3cc413c91fd2d015', '2c97c75e56f2b72197254692503a7afb', '82c4e6d23e9a8b773bb102d86c80a4c5', '9f2d71e5059f690f4b9a47904188326b']",0.2407582227855063,0.19867916064770885,0.14808139495710965,0.5926761908660384,0,likely_human
UCHD9NvHZzcRqcBHloYM-A3g,-1,2,1,"['2194fe4654af23f2eeb017479d9605ef', '666bdf9c249e43451b4e7f263e2f06a6']",0.2400217384306771,0.198527751509316,0.16329671783013625,0.5719670943817315,0,likely_human
UCxxqHY9PZidA56re0LEx1gw,-1,1,1,['3b6a3730e055d77c4d094da607e48bcd'],0.24304325847450192,0.1982221689587927,0.17351667079876074,0.5221872108981118,0,likely_human
UCBHNRT2EdwzANBQPsSn97iA,-1,7,1,"['f558b0fe32d2c8b62348fb59fe66ce6e', 'f7033ed161fd1eff84fcd287b1fb9aed', 'b44ce77aa5d073c8fff1a787c272e41d', '5f0bc168627fa1ea54954da7625341e8', '29f8c75c1bc7e62040c058ec7aa41fa0', 'c00dc33652303e2021e0c7c6ce4bccf9', '162a238ce9597a40667a809ff388c6d2']",0.2755075479966687,0.19742584750801048,0.13680432531381262,0.44409502546120555,0,likely_human
UCgKBqxWOAjdKbbiQsWuUdfw,-1,1,1,['34b028a1a95801015cee144e033abc53'],0.2793421489532132,0.1971999215220942,0.14119755013560656,0.4189010844914548,0,likely_human
UCvDwtWfTiaZiqgxm6ImpsRQ,-1,1,1,['b023953c17f121310091a66a73b3322e'],0.2607049663867561,0.19694658066676438,0.12123487516560359,0.546736194816977,0,likely_human
UC-IGE3a1NX8JNYDoi1aXR5w,-1,1,1,['a9e88100a2612e30ebd5fff3734770cd'],0.2189013496453401,0.1968215099917593,0.1604178772296279,0.6522533966920815,0,likely_human
UCYsv_LYrxKuWYximoN8VSlQ,-1,1,1,['672cb9bd44e77ac58b56b33a2b99fb81'],0.25139901779490864,0.19667250529609454,0.14713255476905762,0.5255562397917618,0,likely_human
UC0zr-G3cKx0tWqO5-5G8rHQ,-1,1,1,['c9cc243424615f299b4d006d199d2507'],0.27424468273160224,0.19661126143186053,0.12867374790432737,0.46397946632546294,0,likely_human
UCDnzs-RFMH3qSSE6mUF8ZyQ,-1,1,1,['8b1420f1d621df4cdfc16e46181eabc2'],0.27814739863825344,0.19657797298929874,0.15343379609407104,0.40034225826265274,0,likely_human
UC0r7DW-bjFucEXTr-xRSmPQ,-1,1,1,['2b58398e8114d77c48baba8a21b0425d'],0.23080476370336322,0.19656854209272612,0.1694901557333532,0.5641071653952815,0,likely_human
UCEsXlhmCmFGsCON06Xp2l0Q,-1,1,1,['c80fa03f6ddf0e776ccf433a6c7a9d43'],0.21960631544360545,0.19634659800560725,0.17645727910868522,0.6004996164090443,0,likely_human
UCuu1vpWiKM2tBLacenVFbIw,-1,4,1,"['30f280f1c5d9092d9b9218c73b4c4508', '7a4b6673a7d8aa65930967c0b58b6b1f', '7c2830d0984a180869df11d4c0d950b1', '583da23412d151f5a579f59c468e1a80']",0.2545130411183033,0.196251079398247,0.1688710227183216,0.46425724387111444,0,likely_human
UCkU9alzT2dn_mwwwpDpM6vw,-1,1,1,['f653342f4d2b60f4ea7c98afcab47ff3'],0.2623018352133719,0.1961943788273021,0.15444205437575848,0.45403546530459093,0,likely_human
UCDtuNa9WrrV8gvHqQGCywaw,-1,1,1,['9a65694da20b71a5fbfb54b6052db294'],0.29582754074648665,0.19610027498606764,0.12772092332778773,0.3569896486869686,0,likely_human
UCP54FTLrZDVYMxikG6YPH0w,-1,1,1,['e28386f773d41c5de95ba5049b9595c6'],0.19946425154356628,0.1955571965835931,0.18113368356850212,0.6771572841372955,0,likely_human
UCKpXJThkakolC72yTevKpbg,-1,1,1,['9c78df444c8ed328770cb67a9f7bcb15'],0.27204534640305855,0.1954469058027285,0.16612567669609357,0.38963634249091833,0,likely_human
UCHuVkfiLtcufevWYdRBJZ5A,-1,2,1,"['230628192256f217842b5252b39d85ac', '575884f40434c5910ad7f7ea0beacc5f']",0.2656772838578208,0.19519004175973342,0.14981762811561564,0.439089090712389,0,likely_human
UCdq1lNFbqQRWchCWTFEC5YQ,-1,2,2,"['23652545f7fa2e6532740eee8f6bf70c', 'baeb44bf7c80a29fccde2604fce3f770']",0.2677718976703266,0.19512802862056222,0.14510925734044386,0.4469704263247418,0,likely_human
UCF-sIlTVpwQMjUttT-RY1iA,-1,3,2,"['c85cea2f042359baa7c3867e82e489b4', '5191309e653bae9a1d5c15d5d1bcd220', '2c1103cc3bf4abc1213e20f5d7667d0d']",0.2334200563521259,0.19463362382460453,0.1711433322846473,0.5354191496711543,0,likely_human
UC06jnKZgKOn1rkmor9saFlQ,-1,1,1,['61ed8995c6471657d985525c9feb9d7c'],0.26596305224946537,0.19416025752206298,0.12256471557891896,0.4845207537947783,0,likely_human
UCrm9q7Lf5RJpSGOw9_pR5EA,-1,1,1,['13f5d4b6747c83dfb5ff536fea22ea25'],0.23007498978568194,0.19409321643379687,0.19069003852225017,0.5098614200693787,0,likely_human
UCpZLmoo2322awSJ1HB7Yieg,-1,1,1,['a85ea4739679935964d75f5c69260517'],0.26226436800933367,0.19392173215895597,0.16607636439344317,0.40759459720343605,0,likely_human
UCsQD6eNixXIaZPlewKZpK4Q,-1,2,1,"['0464350b593ded289cdb42653456cafd', '53b7da1c04d549abba2c72cbd2a4cc1e']",0.2741528935648838,0.19389814409723,0.10601322305431335,0.47911435864554186,0,likely_human
UCrSpdOiDRkaSljngY0PQR5Q,-1,5,4,"['fe24ed4664c406307db99d3e349fc0ee', 'd435302b2c53112e6ecd833380c55986', '71d1e9a48390fc930f1bfd4459761c08', '8f86176b58eb8d314205976260436ea5', '9b4a8660dbf1762ca72ed4e86394ab19']",0.2347890990043738,0.1938702503056441,0.1723207066089211,0.5241434215088749,0,likely_human
UCT3NgLNHGYXYA2mGQbaSw0Q,-1,5,1,"['8c2a43bfdd39188f74ac5172a8927b26', '2382b02f7e6cd54b08254da775493807', '45c6534a9b2b3c8e72ffb527078454db', 'ca148ead250e1bfc8505ccccd901357e', '0bcacb04b873e888deaa17bca91727a7']",0.275813373968529,0.193846706445675,0.1354380330936132,0.41047237286753563,0,likely_human
UCK5AiLIFgD3GBKzrYkrMwig,-1,1,1,['4e395c33fb73360d817ba98cf7421235'],0.26917531271161393,0.19378596484024432,0.15210248996075917,0.4059798101248557,0,likely_human
UCbT5TEYf-TLtUpDBQhazYEQ,-1,1,1,['c3b0606a2f13c555658b6252a235af6c'],0.2433934240477693,0.19370364000507606,0.13629604143905993,0.5503211464414468,0,likely_human
UCj2TDcOpLLa1_e7aljWBq4A,-1,1,1,['bf33711416921934720b2a516bb6d631'],0.26103676554892447,0.19363968862926356,0.1500311132932653,0.443942495337452,0,likely_human
UC9MjyjeKmidLZzh1lgfTNOQ,-1,1,1,['47ddb7384b8e421a2608b018946d24b4'],0.22770343575288055,0.19337675410418306,0.16790578461395603,0.5521975463290483,0,likely_human
UC2ouDDp9vM9axTeAZbLFfgQ,-1,1,1,['4ba6ed72a43a6702514ff858e853f4e4'],0.27468343558212766,0.19333026306745105,0.14329876305953698,0.39321128070447,0,likely_human
UC_zTMrsdmRa0DyO81-SDCIQ,-1,1,1,['386b96b2898b42cb47814a76b2ba3d26'],0.24034615892439581,0.1931400056679896,0.1713773170003515,0.4942014612441694,0,likely_human
UCZyjPGIx7ckh7ygEjo05sJA,-1,1,1,['282e1efad6e2a78f09e9d5d104bade7b'],0.23488998732941851,0.19312178126699658,0.15773362252210552,0.541034508976205,0,likely_human
UCx4YWHbKuR7FHfIkGTE_HvQ,-1,1,1,['20f48b1fbe881aaed0a71df23ac305b9'],0.26578775618721207,0.19309142710672259,0.13994108202393318,0.44059733736168843,0,likely_human
UCxQ2DhAptXGU-lxzNkAnMsw,-1,1,1,['0363b764952d52197f95beb5a2f7faa3'],0.19986518470765027,0.19280321536327405,0.21568439961853378,0.5751497204037477,0,likely_human
UC4srS8EgJONrSxJWm7nU1GA,-1,2,1,"['5ee57f6b3dc719504b440ef00824fbaa', '993302bf89814e3a876e7681df8aa6d3']",0.22817618435882592,0.19225425891693362,0.18359200995133393,0.5105434945094092,0,likely_human
UC5VC2nD5eFZSytltSeVg1VA,-1,1,1,['3f162142d2563cad8acfaf6e7aeafe26'],0.23511605648413744,0.1916483410084895,0.1681034459835029,0.5005134285441944,0,likely_human
UCM8mbntSnQv7pp9TLqIHA1Q,-1,2,1,"['1bb334686d9ad28b584555b4b2b4ba42', 'd9bc971ff1aded77885a060acff3d545']",0.25750672313872985,0.1913782755338781,0.1410988211148793,0.4620844682453785,0,likely_human
UCCZVypw5rNoE64xIwB_ts2g,-1,1,1,['29972817b16f0f66060b6c89b344958b'],0.2069222877138392,0.19132672623168095,0.20841545614361034,0.5413380283317657,0,likely_human
UCrQsYMZveF2n8_Z1Tb8FwFw,-1,1,1,['25dfa78d508d03bc5b8208b63fa03665'],0.21325843339460143,0.19123058601681497,0.17669304731738558,0.5796304120209009,0,likely_human
UCWVkD3zGzzaPlYgPKYKjZCA,-1,1,1,['31eb86f128087e406a2353267418bc5f'],0.24153430762197328,0.1910716635244461,0.16388403338226332,0.48003368818913217,0,likely_human
UCUh-UETluyKnuMypzQcbo6Q,-1,3,1,"['44d5147b80ad28dfcbd8d9cca94f7df2', '6925aad678018f3915fd4899a6c7c059', '3287c6554147498c86ccaff9b19b6585']",0.21462213823594578,0.19101458487591527,0.1692641196324033,0.5851783329905136,0,likely_human
UCyvhXE5Bz2aBgu8iy61A81g,-1,4,2,"['282814f687c237c37bb7386eab571c42', '438ceee7a3b20597b4f82c7a23a24241', '913e442f392b0d2f530a9c8b04b7d7bd', 'ebc0c813d7f7eee7936f8614a95a24b3']",0.21982511362003404,0.19062462141723957,0.15167542287962432,0.5967856477858939,0,likely_human
UC-YzN4zBdT6is-hk9PNLeGw,-1,1,1,['74c50e940d8bf6cad1ec75088370b1e6'],0.25167214474358124,0.19045235905010544,0.14938418939881404,0.45923103611088334,0,likely_human
UCXt9cmCBWpP9QN1FcL7RZMg,-1,2,1,"['f07f8a21ea454634e9efdea6ab6f3bff', 'a5aa10030ed90d40c75fa89ae69e8856']",0.26425155961309815,0.18973388662932442,0.13366998522384885,0.42556545029905635,0,likely_human
UCZdw8VVKcs6O402g2xH7mLA,-1,1,1,['d9e153c320934cad44b7232934f715a1'],0.26111333041265244,0.1896939843984679,0.14878134458794473,0.40490158200495924,0,likely_human
UC0iOiVPPGDNy1CBn2vMSbWw,-1,2,2,"['b5db8ecff380e97d73e16c0154cbb446', '6adf4fdafd10af60fe542a7d0a2165eb']",0.2547015240574101,0.18943305850222986,0.15570853248544542,0.4211120907827218,0,likely_human
UC1c_p8FGpIyYRWDYtuMj1cg,-1,2,1,"['61160fff17bf61639832170aa525a540', '032b7a8c26704d7019538ada8e2d3866']",0.22611497041476908,0.18916954001412,0.1599972287103137,0.534885602015305,0,likely_human
UCamQFRNnR_Wv0c_6ZK1BgLA,-1,2,1,"['ad8d2cce7998be5800e8c178e58921b4', '8cd7a5ebda5725e67da0f4fee77ff266']",0.2580163268653598,0.18872509395649165,0.13389290211456953,0.44247971289900045,0,likely_human
UCTyb5pgu8Ql9Drj31HvIydA,-1,1,1,['d79c996362cc72c8797a32e285da862f'],0.25577183501990075,0.18863787523972447,0.14934308773854663,0.42336818294049766,0,likely_human
UCHVD9hJ6xcRlpgK3CLW44CQ,-1,2,1,"['51d53fa978f9f81c4e3ddf5e42c5a7fb', '93021da5b96a7bc970824396d7ffe639']",0.25527003511953394,0.18863647372383846,0.13270261699013444,0.4560775120253484,0,likely_human
UCARxPu4Ospqsr_smVc-il2w,-1,6,2,"['0e5c9f18143b4acd802b3bcbc7f857a3', '51e224e5ea965880fa596b1cace3af2d', '4d62df7957b3921c40b48753252b68ab', '97bae142fd78dd29ee5e624b3de7bbaa', '4b3d14407b4e6160ef98fc65f41cfb70', 'f1e681bba1e148b40585f5cc114fe0f6']",0.19848863325329322,0.18856605007405738,0.2232986002991514,0.5326796205382923,0,likely_human
UCsrGR9kTT8KiG1Zmg47xC7A,-1,1,1,['70403ae963900b459141e33cb22f8034'],0.2345369233461822,0.18845169518701294,0.17828692477169938,0.4542459716783919,0,likely_human
UCDrrP3a0-L0Q6bJWke8smKw,-1,1,1,['391bf2b5e206a279220fc5f8f2ddf8c3'],0.2166749649472779,0.18844142408942116,0.18471815746551998,0.5292116647961489,0,likely_human
UCaPT6DWr88E-2Ul_9qKoUfw,-1,1,1,['047a9263668e4a64a791e5fdf146bbbb'],0.20940520700352436,0.18797568232722717,0.1877431132418689,0.5432228542661586,0,likely_human
UCZ_SwXPgQXh4duq_ftj0vdA,-1,6,1,"['1a87348d056baa4dfd857b705a724e6b', 'b773181425d26b4e3284b44357855b19', 'fb28dd3864944ede5c53ba596562ee01', 'c22a3b8a516462e8681e38cc6c045ffd', 'b836b4677f4216662b24e626c7fa7415', '59a2c28909db74a7b2d084eb91ebc42c']",0.18428233471386748,0.1879349896068963,0.16088398637265963,0.7178827630102438,0,likely_human
UC5Rq1_o5vfQNRqSQDBvRg7Q,-1,7,1,"['f995471ec901c38e8b4af46c6be1815e', '419d66b48a5891245f20547a6f39db04', '80c9aed4e0b254732cfc8debaffcdc59', '21fb218123efaca16c84f222736500eb', 'e8d45102379aea72751f9ddcebe2c4cf', 'a478e26e3ca5fe3ee846f7a15a1d768f', 'b51dbd50b0a0f8e07482f6580901a193']",0.22965864645167036,0.18782053978274493,0.14123073061566915,0.5495693926283695,0,likely_human
UCWbiBEZ1JSpKpSX7nwI6ZDA,-1,3,1,"['f2fbaba5e1cd94e1685ceda32c7339f3', 'c0598d23a8fb1e0633caf2af4aa520f8', '9f71959207c23f8a0dc9c8c94e65ac3a']",0.2447516998060466,0.18781639426716346,0.16627554713332324,0.431526711728099,0,likely_human
UCz4d9ALe6BHELAnjmq706RA,-1,1,1,['7372f2d126f580851a4fe3b201c6e489'],0.2013430250213703,0.18775217985305676,0.15871354953248643,0.6377463816714491,0,likely_human
UCsVCCj4PgH_yYAImjjC-y7A,-1,1,1,['62e30a4664f39d3d350a5b305a40bb54'],0.2822205618781376,0.1874559480545065,0.11731258729790879,0.3547744331026078,0,likely_human
UCHxu-29VEy-H-Uf4IS8qMWg,-1,1,1,['25fa432826c3d61bc5b1af6a68981c34'],0.2195398992710891,0.18726371163530864,0.19581739355979494,0.47629611201218025,0,likely_human
UCeQQ7YA6yaPPdp814lWudaw,-1,1,1,['27c863c6b280b13d857d9abd07a0d400'],0.22597279403502127,0.18695499222629353,0.14440485057918165,0.5575456789908922,0,likely_human
UCN_tNVqjgDm0FkYfoFWQNmA,-1,12,1,"['ceafd676a93646cce469faf25b3f4857', '922ed6bd7d306f00facabdb428379589', '2c1c2e668965736e218cf3c0792a3e04', '4c2329ef455c74015504b2b1079d5e3b', '4b83074742b193dc991a5a4be91164f7', '089420f7546567dfd6bf51a088d4a50c', '00fd5fd24be55b831b1a906b950e3813', 'df71109f65f8834585b2fbcea4260b56', '05a377ae6787a0cef9f2908c306cf6b7', '74974e07b8596cd08a396c152268486d', '74afe0a18d34af589da0ccf9ef5daba7', 'bff88f3c68b5fa58246c67d3964907f9']",0.20584039458042105,0.18647023388527859,0.15401763133083113,0.6181492168296581,0,likely_human
UCRYxNM5m2kokPgPUXRlz1bQ,-1,2,1,"['df6cbb2d75d830cc66b6b2cecb98569e', 'b99709e0e74e13a7cdd8891c008b1781']",0.2430255092037109,0.18622291420967185,0.16332791815273767,0.42402379085471176,0,likely_human
UClGG4NBhpL85Z8LuyqLUJ2g,-1,3,1,"['8fd05b93e2ec028497edaca726004024', '46be534351664a06c71d11f01a632335', '960ef7438b8234c8f4af67a1511a7ef5']",0.2431175819871844,0.1861022324801721,0.1355590192883284,0.4805827438901639,0,likely_human
UC76ivIKyHZPNtnN1SefKXGQ,-1,5,1,"['44d3185a5bf97363f1518a99279c4475', 'e0a75f91174f63c23732688697f58748', 'bbb99592fb33afaaba8445086b992cd5', 'b3de4190a70824f9cf30a53d25ea3648', '3f165a93bd334ce78ce4993b2aabd561']",0.1678177125743449,0.18574395590069814,0.14902859188089632,0.7889591506698521,0,likely_human
UCL8vSWcLmn8Ywii4IDx3GDA,-1,2,1,"['302f429617629099369af56c5fb1a92c', 'e282199c59461531b8a9b0882ac11abd']",0.26024117867440644,0.18556463055321076,0.1281517579463162,0.41299660811901545,0,likely_human
UC31eIJ1DAgMLQLjua4pyzrA,-1,2,1,"['a005a48c1ad225b6b06187892defac99', '06650a8e05b84c6143c5440a6c22b922']",0.2036864675966586,0.18503907736328293,0.16187644263871034,0.5943917461903665,0,likely_human
UCmkIAgRRaLzmc5St5FM2e_Q,-1,8,1,"['c381816885ef4996d21769478a61765b', 'c7e7ddf5283cb6bc1e6e058ed63ef0d6', '6d180522c9173127e4fab91e506e7547', '221363aa0b74b6d54364d77ed93be220', 'e14cbea6870cf966dba355f26a7e186e', 'ee0e45d790c68cd78c3da6ccfa03c14e', 'bc4a5698659d31d406179a809e8dca1f', '57e9317276a8cd0f0e636f40a635321b']",0.21039316174360767,0.18486213706837168,0.14516720158137894,0.5974498194092819,0,likely_human
UCIsz8huZX0674iyT5Qrq0RQ,-1,1,1,['e54c13612c2decadfe0087486f8407b0'],0.22463454642604258,0.1846331286253129,0.17133249552802518,0.4734109511137299,0,likely_human
UCJpXUdepWwqF_caWKNzjBaA,-1,2,1,"['6f52be10a6c8dbd206c654690bcc706e', '910d28177892274e01b41027e5fc4d91']",0.2598804443246907,0.18443683874991706,0.11488487047960463,0.43131513822236767,0,likely_human
UCpnt-lNJhewVspZJxHwb5mw,-1,2,1,"['2e327580badd8c6af4d2d02b7eb46229', 'a2604e55ae52587b4f98724f22d8ae67']",0.22232991337441754,0.18382004668968369,0.1566687690746337,0.5069878799624289,0,likely_human
UCyRclKfjj3souZql93J0bcw,-1,2,1,"['10a8d629d1241dc93a6ef6b3abf3e6f7', '887453987c6abedfe0895b399f086633']",0.20218356780588437,0.18367531127953074,0.18213691724815076,0.541414298099637,0,likely_human
UCl_nfmSy0GvLQDfi0pfnbrA,-1,1,1,['8695650f4fa57661d1c46a1d7d31d1b4'],0.19097862842411883,0.18353197962976403,0.18277066577626816,0.5910355816351314,0,likely_human
UCLWGzTKv1nnSlpE_249_FrQ,-1,2,1,"['5bd2de040b19f24d0fa5e8a276b5cfb1', 'ca4676ac9fc416fd625cdb378a54a4b2']",0.17921251951152212,0.18295567342807717,0.13657279895054633,0.7371555537407504,0,likely_human
UCh4OY-qD1pA7ac6K2hVorpQ,-1,2,1,"['058407bb8d52a254e113a5f5fc0ecd11', '11f0ca74ef0b0cd3c54c5fca96adf971']",0.22882422628083396,0.18251821898785675,0.12173710163960477,0.5394855022042505,0,likely_human
UCoSduiKXm8Jn_-e0xgyNazA,-1,2,1,"['9f3514989517b1d3a7e256a17d230391', 'c5e8d3debdfc2bf678092bece1bce50b']",0.17834344580032563,0.18242503624182688,0.17108310890736805,0.6604080060781929,0,likely_human
UCraUdJOhvhS4lW9fr1XAtiw,-1,5,1,"['0a1c46df0692ba29fffef0fcff4ebce3', 'c0761c7ea6efd3fbdfd92f6375da5e73', 'f0c2165f5196928f5ac7bc3125607ba3', '52c0e0082a5f1b28572cda1d9a9b2e01', '381e2b58c9bd3cf1fcc6fd4671dc7399']",0.24710956268361556,0.1823076811421354,0.14046276453157613,0.42200009865614535,0,likely_human
UCGXcJmnshx_InLp_BJVKzIQ,-1,1,1,['9309e239572d09e9572dcd1935b6da87'],0.22085522686626752,0.18223327437744347,0.1555714157217932,0.49836380044174444,0,likely_human
UCpo4U3d2ZozYI1bk5QaM_xg,-1,2,1,"['6825c076dd25d36aff0b96e028b8bc94', '88a9a6935cfd728f50c0e2a10b34a7b7']",0.22889697443042845,0.18177585047990646,0.15016293267692235,0.47149324071606047,0,likely_human
UClcfwszFmlT-xyyJe-YzTmg,-1,1,1,['5515386ff856389260f525c39126aa27'],0.19183457711745425,0.1814519840218366,0.18278095967896846,0.5662666997072228,0,likely_human
UCTaW_zwwSupWUuI-7jemZwg,-1,2,1,"['06a8ffa439d341f19cb1948b4ed0e197', 'ca0f3ed2c531e65c3a67ae133600df71']",0.22794309125436096,0.18096567810096187,0.16335095099246946,0.43805695007523243,0,likely_human
UCAUJoWMicKCLyzfv6jlccwg,-1,2,1,"['33782547e1e43bafd30494dd680fcee5', 'a050edb1944977b76e9d066f2ae0c69e']",0.26125263868039406,0.18085053738603746,0.10359668152421336,0.412639348872378,0,likely_human
UCYVICUlf-1AKESJj9nKxMIg,-1,1,1,['a9301dd380426dba0435bc942374cf6d'],0.22727598183958278,0.18075899637698162,0.1370223868576758,0.49342981903153044,0,likely_human
UCyuB9JXgyYOJ1uuVK0qBt7Q,-1,1,1,['502ee63e6811c89b815c5448f9ccf301'],0.2411417278500397,0.18065750432814054,0.13651514991903416,0.430612483636865,0,likely_human
UCcxUqH2xvPgnOS7gRtkDp7g,-1,2,1,"['1a34858cc17cf59d3a23f09e3b7fcb7f', 'd44fef3b3cb7d167866d46f3de767eb0']",0.24506346107704982,0.18049631377688052,0.12352619785577904,0.4397754720399636,0,likely_human
UCe6fGAARuRK4NwRF-YH4GEQ,-1,1,1,['6383682c3a93f180669c77041103e5f2'],0.24058396082624456,0.1804278733582666,0.1395301370159469,0.4324497763582758,0,likely_human
UCBMoHIaWI0RoVbF-AYzZzVw,-1,4,1,"['dfe0af99f3eb12abe9d15c965371da64', 'f494853908f9aaf1d1cbc7b564de4b23', '1c6ab4bdc0c2ed0192acb3583981d285', 'dd7a34af76a080a0b20e11d10d95e8a2']",0.26980894465484423,0.1803779951111159,0.10185506392457429,0.37412940289446883,0,likely_human
UC7XZ0ICjU6NUXsGnfMk6vfQ,-1,1,1,['83c564d15d3f188c0d9ebfc02be5aac5'],0.22501184207734126,0.18026073423852107,0.13896099584258073,0.4891934961926365,0,likely_human
UCKDReezB1xnbftcLVBwuS8A,-1,7,1,"['37c507545447a7f633ed5589915deb97', '5734595fb516b9608bbb6e53be22fe8a', 'e5ae5a34098e2235c4bc58055a85e40d', '6c44b8f7582ad8338f926907dd25c7e5', '0d6a0d49a46e16a5a59977301fc7aeda', '7476516e5fa2fdc9d91a892a6aceb8c2', 'd087b9a3ede765898e89fede2262511b']",0.21539939804046757,0.18008320189449462,0.1576417187101148,0.5045272958841346,0,likely_human
UC890aqHdKuVXi-nZS75qcDw,-1,4,1,"['0c3245f724b2edc539ce22d260cb421a', 'b3f3587d092d40603f6b858f46f47808', 'dcfdd58ccb12fe4ff1b8867bbc54865a', '1452cd06e3150b566be266326b886fe8']",0.1993246793989858,0.1797073447445442,0.17210883954955494,0.5426061082869879,0,likely_human
UCKzFJRT8-womHSjgS2wJFog,-1,4,1,"['42c28db66c0c354280ec25bb8cf64e1f', '89ebfbfcba14e788d0e40d638d0dca37', '9159c8aad46476993f6a31cff5667fc8', '0941e2d06b2e08a6b4461d255fcd4cb4']",0.20336416625106474,0.17952803583009996,0.15250565357926518,0.555579353201934,0,likely_human
UCUOrxWeekzDG1GtlSCjtqfw,-1,5,1,"['91e0464128307be0145cd4761e956a8f', '5a8c19fc6c7e0ff0f21ededf908c939a', 'dea22f8ccf84478fc36ace85dc4e240b', '3f9ec48f4ff5ce8b79d73a25823d16b3', '2f6bab1cdff4504b919fd3db408b34f8']",0.19379322324242815,0.1788678305324781,0.17164919932990197,0.5577471425637086,0,likely_human
UCyuE0FBzirPJrNfgb1GziKQ,-1,1,1,['77ed4d7a300c731028d822da951f51a6'],0.24392724585634434,0.17873473461998904,0.14631869192015498,0.3793123045289016,0,likely_human
UCR3HRjAWEpdZZkp9ulnAuug,-1,3,3,"['e8d14442073e1dd80ee939e80e6a0d05', '2a53cc145557ef615ec8ae793a8a761d', 'e6365e7db103970b30472801bf58f860']",0.2298895753735201,0.17871677290873503,0.13913558121829944,0.45863853201366467,0,likely_human
UCjfdIomK4-8DLEDEcUO-uVg,-1,1,1,['e1d022425bd8781384d9dc5a025606ab'],0.24264231655054472,0.17870382242866606,0.13210606769368566,0.4149775451597115,0,likely_human
UCxjI4tRiaoDHPkI6oopb6OA,-1,2,1,"['bbe6ba8da9b8656b26faff5b612e181e', '3a2e2b1333d5a1e09ef5caa4397ec887']",0.2101648071492071,0.17816531418252543,0.1589674393388096,0.5039243223242932,0,likely_human
UCZFC9JHrvSg93WbsFuMiXDQ,-1,1,1,['1b9e62dc6357ec60877f165b363c5ad1'],0.27469277286665633,0.17787159513692508,0.11317859527778663,0.3019192608464795,0,likely_human
UC6qKIfXvjRO9LaI2t2z6fmQ,-1,3,2,"['9aa6f9cf9832c797764181f273acef4f', '15b89607111ef0ee36f294ae3e81980f', '423731a76cd3e970c4ecac96bbe7a036']",0.18482472966143484,0.17778315037987202,0.19456464156424808,0.5439998990994349,0,likely_human
UCfV408y91hqUkG7e-pNiGYw,-1,1,1,['df379c5110e3be47297049210fc08a65'],0.25310261398734935,0.17769595124271031,0.1344998324999956,0.3527327770577218,0,likely_human
UC7_Wbn8yS-lgIZoPvPB1R-w,-1,3,1,"['8dffb682705fa6589c1a3b1cc062ad04', 'a231c528eadf8f268b5129ecb1a350ed', 'f1196c9d5e91ac273f5921f83376fb07']",0.1728673181779896,0.17742367180147364,0.15048660266965852,0.6796024839711396,0,likely_human
UCsrvHrmBOk-x-vxDS7O5O2A,-1,3,2,"['4b683869b1674aa86ddd3b51dafcdf7e', 'df0d62d00a5d62dd4299e146ae99fd87', '5b8611266d5f8f1cee8de23f1f41fece']",0.23919927539177502,0.1771900027241617,0.1353577781452936,0.41366218233474195,0,likely_human
UCXqSyGPc3Elk9F_orb9dg1Q,-1,1,1,['f2560b0eb6cb6c1dee520375bb3a0137'],0.21746619131407077,0.17695176138943824,0.13573139373253976,0.5110381151745375,0,likely_human
UCnGxYlv8seDLEO1svVGgnNQ,-1,3,1,"['6e023f8b01875351a4c6ef1f1e0c8a6a', '796fa1d837d550d6ae0ff58128928482', '7a9f12f72c34dbbc87f8c5088de7d18f']",0.19121687972018697,0.17684214355928365,0.14366342412340868,0.6131788576053492,0,likely_human
UCCabJL4aiiisqzgC8AtIZPQ,-1,1,1,['55714c73f993a0319402d6ac574ad2c6'],0.17747415494843083,0.17653910194475725,0.19213135933151515,0.5743149978320987,0,likely_human
UCzc6I9u_53yz7gD-B5DcGuQ,-1,1,1,['994e2a4cb0a679dbd257827ff075dcbe'],0.19559975324171516,0.17643782096447425,0.18819151408693421,0.49413375597824694,0,likely_human
UCoGz7Qagf8xuAOM8lzRkzpg,-1,1,1,['efc3503971133bbc6edaa8c4c0ea235d'],0.2096083358857465,0.17608390959378092,0.1714482684847136,0.45568593979708244,0,likely_human
UCHhUwOuBkNtZC0cgpo0kJIQ,-1,1,1,['08cf4e6c14067974e71f6cb82869cd54'],0.17948216374002224,0.1757873804869884,0.15412244097052538,0.6223893905295652,0,likely_human
UCwBQ3w2ewmqjD117uftcH_A,-1,1,1,['06131909bee32402a89e576a470b488c'],0.22755160817802286,0.17575722394518872,0.15859978787511098,0.39697624740205517,0,likely_human
UCYbnbXa03ngWaliiv7yxsJg,-1,1,1,['b6f5c0dc651fd1a0ab8d8ea3a0255341'],0.22685653028961653,0.17538399242786304,0.14549399480641456,0.42502494163112964,0,likely_human
UCC5Sr1JiU_ATPVeHbKab6EQ,-1,1,1,['3435a42f9afab2803b28ffc9b1a6b8aa'],0.19578166885228304,0.17525220764311977,0.15213808771505963,0.5611353512448594,0,likely_human
UCoHsWnEKrWBQ5N6eLXuxgCA,-1,2,1,"['1b155f6ad9afc42fd3993d52742c668b', 'd6ec9da01e3459bfba0cd98ae372056b']",0.22810322567346367,0.17507954377618573,0.13846065387049147,0.43401144350656196,0,likely_human
UCvvqAZe-g9Dm3FTMNuCTN3Q,-1,2,1,"['e15d54175eb6576bd0c3488c555cdf18', 'de2a0772639ea4684c610ac00bebff84']",0.16710370638467642,0.17500264693149853,0.18607549628308429,0.6165696235967595,0,likely_human
UC8U5dIWsoXUCpCzGJiG5dZw,-1,1,1,['39f5834fe2064ed68e8e51b30f047b37'],0.21926780228762072,0.17468708173769057,0.12507022983492164,0.5027583391325434,0,likely_human
UCw3xCVa-l2SsUcWqlznQrZQ,-1,2,1,"['581e72b9ee7f32cd576556e9bc6a7d3c', '8688a4a9f9b871915fb82d02999fe0da']",0.20187989459368916,0.17438630486252787,0.1440288386350746,0.5354950099458582,0,likely_human
UClVK1bGgCaPXzGrM9AZoA1w,-1,1,1,['af00352ea2545648781cdb77f0d91f12'],0.1845268352300437,0.17354118555682502,0.196557980230523,0.4929743388857161,0,likely_human
UC-SBRZ_2aOWkRObbVZ3ziZQ,-1,3,2,"['90db93feebbc5f47cb87be64c0d4a701', '226e1b85669525e947d5b8d41eaf7532', '398ddb0c08eaef392f450222f30a8bc6']",0.19030499457338487,0.17282287288182868,0.15121220550756498,0.5527252677051195,0,likely_human
UCPJiCZZxpw3F2XZBULaWfjg,-1,3,1,"['7751090ff0c714ae89d156b21df62f28', '0ab20216756288dead36347fb17cbee0', '7bf5212bdfcbcd3913dab127cc8e3ab9']",0.1782378007202001,0.17280947455628942,0.14069808509942058,0.6310283401219959,0,likely_human
UCLuQCyhM71R5yQCTRGiAW5A,-1,1,1,['9bd86d51179a32553f1f839453e618ad'],0.21678246234921356,0.17275332792194897,0.1596775365058962,0.41724240876294283,0,likely_human
UCTj54chKTd8NNiRJUFPbLBA,-1,1,1,['88293ecfe1d248eaf11ea1c175954d81'],0.22057747475445477,0.17273457110459609,0.16645526169754093,0.38256485576883237,0,likely_human
UCXTPWC61RIL1zEcuWDw1fvg,-1,1,1,['51f8022bc6d9b323744353a9e129234f'],0.20841439485166297,0.17263125883791225,0.17076434799558068,0.43298147538964304,0,likely_human
UCLXwyWjvdV2HfPwZnhVTj0Q,-1,1,1,['020fe480905d4230e9c0842b1db7a43a'],0.223412526546173,0.17241021717524815,0.15046787407477175,0.40273885042896573,0,likely_human
UCsgu9WMw1UBnDE_LMRSW2FQ,-1,1,1,['3eb9f90914605a8f1ada6c9b95512937'],0.17938688680533293,0.17240009008438711,0.1841371209668708,0.5319507674185351,0,likely_human
UCNWE4hkW4aVMCtKxw6JD8uw,-1,3,1,"['52b746f592268be357d4be5d9ba3be0e', 'e6e0bd741f780d0a48bd5c4b4c7c91cb', 'fbb5daa56d96f2270cf27c8121633ae9']",0.20591959076823352,0.1719477111913637,0.15124343041950541,0.4741216966784913,0,likely_human
UCTfSKzFj8yYHVKn2hTg8wFA,-1,1,1,['f5ab954f61c243cd5fa00319b9605342'],0.20344480334958548,0.17173036920897966,0.1498507904764385,0.48011779154214895,0,likely_human
UCvItZpas5hJPNlC-yvZ5sNg,-1,1,1,['942f54b7c024195e216650baf89d54bb'],0.1938705236737725,0.17161331468495392,0.17285968353031295,0.47541779903672443,0,likely_human
UC4jXdcPEC7bKjbwGAcogOYw,-1,1,1,['cad268a55f528921465ba6ecc84afde3'],0.17062835712368832,0.17143783020501954,0.19768952892291297,0.5327566246283642,0,likely_human
UCd5hm-Hf4qzNTvNJFPA9bQw,-1,2,2,"['7bc023a26cab8c2180321f717361deb9', 'b4069746c652bd5ad982019736a648d2']",0.20313690970630016,0.17096070243867748,0.15026986019465552,0.4772127564846803,0,likely_human
UCW0i0eUxHz32HfqVNeT0tbw,-1,1,1,['718435a60a0a9b11b75a38d0eec1b261'],0.17190176935858079,0.17094534762416347,0.18693920106750617,0.5398640244079999,0,likely_human
UCQATPPKgTTl7NGtb7P6e-wQ,-1,1,1,['5757c584e6f1eeb7241e637b297d104f'],0.19048760489609876,0.17050144874913448,0.17304032477058093,0.4805827438901639,0,likely_human
UCPdD3YpXTI2gROpI-LtEiNg,-1,8,2,"['04e1856f5c1621eaaf463f99e9030ed4', '82ef637e66f1a209bd1cf72a38008aea', 'e4fcd4257a0f0aee848e851f7f016b99', '8e00223ab8cb504edbc1cc9dd56cb522', '5929b3da83e92258d7a560a58e03ee4a', '38055faba83fe621b75374efd4b4dd30', '791f9cf70b4e75597d1e6b3443856f1c', '5525d82df77311967b4f589c93fadb79']",0.16173142774206703,0.17016146539318788,0.20692149791726122,0.5371538991357284,0,likely_human
UCfO1HKtG2B7a7fZzfFUQPJQ,-1,1,1,['7c0a8834cf4127ff6e7a4ee1886927e2'],0.169540264955323,0.16988597867923536,0.19202573825828384,0.52870898344579,0,likely_human
UCdFGT2LGWhnmjv_tmi7t4-g,-1,1,1,['7c2794d8be6f00d786087824156dab03'],0.1785733353228838,0.16975738282466912,0.1690896248627922,0.5432449919795611,0,likely_human
UCNzJB4rIj-DFBXh1p8Ura2Q,-1,1,1,['be1264c8dfc1b3ba6308e3cc7bf7849c'],0.20847917644082797,0.16947573885681383,0.14044270234710415,0.470320425985852,0,likely_human
UCTId42l-GR6OfDscIv-5edg,-1,1,1,['a7dbe5a5d74f8cf47cf24d2f9c4f4df1'],0.15714196071944603,0.16930570681784654,0.21439928866715047,0.5425559139671166,0,likely_human
UCHGwkLRiWDVxGs9fFaVTt6g,-1,1,1,['ca8b732528a3e5a547a6d521feede4c0'],0.16583727248797497,0.1692759073696158,0.1945564187192299,0.5481550425778569,0,likely_human
UCYHsKwU7oy4KxmOM06pNTPw,-1,1,1,['260cf5b055d38bf98a3ee0eda540dc2d'],0.17786501106127217,0.16897582604463385,0.16792979991018017,0.535348119113017,0,likely_human
UCqO3XN9UaWd0PTKJrfjjeLQ,-1,1,1,['bdcd7998a532dea28aa6c80a5322ac9d'],0.1714704092612692,0.16890087429468503,0.16423901786727407,0.5711840771079094,0,likely_human
UC6K_gfjA2y73aNRhLzycFhQ,-1,1,1,['b2dc3e00c69a1d37cf2968f390938626'],0.18745961992132265,0.16888764435100734,0.1718158255888654,0.4791933904159244,0,likely_human
UCmKKGXU1SI298AxCvdhyI7Q,-1,1,1,['b2f917e1b6c4269820b271d88e9c7173'],0.20847243649112324,0.16879321658312318,0.15801580372072938,0.4182235498577363,0,likely_human
UCMNwU6tX2YD5J2JZDGytQVQ,-1,1,1,['c7301c283de91db72eb4b0007186d269'],0.16212639678593407,0.168275714065108,0.20839834575059143,0.5210622731885652,0,likely_human
UCNy9Ej0jhZDh8UJg8f27UBw,-1,3,1,"['dd89c52e0d4be82949363fd2d0c1ebd4', 'd2f4c8b3670308a3458cc99d5caa13e8', 'f2ee1e901038da8f2a0dd031c789d2fd']",0.18704909820656535,0.16819036298226486,0.1489119876212762,0.5241434215088749,0,likely_human
UCy4qqtS9BRMyxF-2M180QNQ,-1,1,1,['f5cf3eb4e63cc39c8a54f63f0b39f04b'],0.1870348672026056,0.16809710641519465,0.17161478597277235,0.4820588167088717,0,likely_human
UC8QgHdr0fg7BLRnvRsBnz8A,-1,2,1,"['0bb4de0ef169bfb5066c4fbfb1fce6b6', '888083e32618b85c83b560339235a995']",0.17524376726889024,0.16806487963933264,0.18102688566982686,0.5161819259808398,0,likely_human
UCHojnA9H4acOTeLT5tugjbA,-1,1,1,['958fbfead78ca6d9a80fc7ea6a3f2e21'],0.19832694765315317,0.16802217324708837,0.18447283081530888,0.4038682275576456,0,likely_human
UCNsgKBFOWpfg6vjLKSDQSBw,-1,1,1,['0d2109a4d55f764e463c05f33292229d'],0.17105581580574655,0.1679400185123461,0.15231518265959001,0.5866725786288856,0,likely_human
UCREkMGQZNmErG2vhDXbpj7Q,-1,1,1,['f5e1be74351196bc033a335bd8de72d1'],0.2030865179366479,0.1676621140113716,0.17204589551681443,0.3987299929284416,0,likely_human
UC9GYK3eSy7piQ8TeU4Nc1bA,-1,1,1,['b02745db59820f2d71a4aa060770d6e0'],0.2490974135479027,0.1676291578599219,0.08993627244942808,0.3639596409019771,0,likely_human
UCHh72EAMz4KbJKgmQMuL46A,-1,1,1,['aac5f93e47358ee512b7c06041564d03'],0.16857332782971124,0.1671849336558161,0.2078226459697524,0.48053804431600067,0,likely_human
UC8Sr1VpvFe8B60VCUg7oU6Q,-1,1,1,['1f43677e9851c93c8942bfd6d473301c'],0.17453015343981576,0.1671767194427915,0.18044822119250892,0.5033405552456771,0,likely_human
UCSNfnAOstlJaXmx1G93U6sw,-1,1,1,['9844001c43a8fab5ef6b649f98740dde'],0.17516300695017326,0.16689033832558228,0.1857413525678881,0.4864318860633481,0,likely_human
UCtZeJEG71TDel7J0Rz5W-DA,-1,2,1,"['8714e1bb22b9350bc31cf13ab26497da', 'ad9d32d4374e59b55fe5f6b9bd6d86be']",0.1780163270921391,0.16638710358872844,0.18429394555361464,0.4791141415969159,0,likely_human
UC7BdqeNdS6b3Miv7XVhbQzw,-1,1,1,['e6c543e1c193340b6104669c7d875da8'],0.17461387796802233,0.16619903860762025,0.1909822241497957,0.47393627452354825,0,likely_human
UC6waS8-uKbNpY1tL5lSl69w,-1,1,1,['85a896770ac04c85e4866bf9c86bbbb2'],0.20428129816441232,0.16546418856054884,0.11434298228566898,0.49478810484817,0,likely_human
UCPtVAnKO4Y7dssc-6cnGJgA,-1,1,1,['3d746b6483966284a4826d7db9ccc711'],0.1705603168509993,0.16527305786006766,0.136697768712194,0.5987474388944097,0,likely_human
UCI65EzNMSDUYj-BbHI-vN6g,-1,2,1,"['bfc281f86b52ad7e6fa29469ba34f327', '961538e5f4617321e16fab5d5bacd36c']",0.18850761330052854,0.16486906629635195,0.13827625380211767,0.5180029852284109,0,likely_human
UChSx96-KU7Nzg4aSGY8er0g,-1,1,1,['c2f1a2057d8d9c163cd8d89e79e40f0e'],0.18419846107255342,0.16464433673270323,0.14662813614211717,0.517485337733909,0,likely_human
UCC7455fwPFwQoui-pj671KQ,-1,1,1,['4312d3c0331bc8ce5e9f082c1eeb4f19'],0.14883170097810872,0.16451149969736578,0.2028682682099764,0.5572385567345604,0,likely_human
UCHe6Mzr1N7kJGCucYUKzUqw,-1,3,1,"['95813c46f487939d78f820be1721bd89', 'afb03a502ddfab7caa58ffd155dc2328', '85030db9002a7d733253b0c2ac6ddbc1']",0.20281494902741617,0.1644339111810313,0.14465428569325953,0.4263691759430971,0,likely_human
UCc84jOyDWiGOhsRx6bceC_A,-1,1,1,['51f6c80f513d8c0ebf3d858fd6f2fa3c'],0.17741883161835156,0.16440514197258857,0.19083985294615496,0.4411115691168374,0,likely_human
UCybqsgutG_SpX_KPqawrxRA,-1,1,1,['89c9718a7abb05ce45c3afa62ff3317a'],0.17542107923050654,0.1643726008108245,0.14291065407146125,0.558256508660349,0,likely_human
UCaXCf_3U89801iv7D8myNvA,-1,1,1,['d19f1538c9a53b1f58d9b28ad3e94469'],0.15788534439362367,0.16436700261569337,0.1764951738335945,0.5678411896534079,0,likely_human
UCeUHz7oKESSMR0NWMxGw7jA,-1,1,1,['d1db99c9e163199f4dee9dc8e3478130'],0.18490365214340976,0.16430401693181693,0.14585407159991923,0.5127411874046115,0,likely_human
UCFLllxy6AC1b68VUf4L2XIw,-1,7,1,"['86e6bf417e4f1703ea4c29f29733843a', 'a12b084ebfd01747775b6a8227b4b18d', '1791a62fad5be76d676cfa46aaece7dc', '08c5b9977ea70b1c2c476f221faeff93', '86f8e1c44683cd30327c75d74b162efd', '5c5652d6a16ad568171f2455c6149a15', '28ccb4b2e0db324ed68b5d894e69dc30']",0.1755281136316452,0.1642350961284116,0.16003356516283476,0.5210622731885652,0,likely_human
UCkFUHZZrPJVVHFsUBe29jnQ,-1,1,1,['707268078e1a7beb9fecaf40a3c4e117'],0.15825900904777565,0.1640421638159772,0.18755356966487027,0.5335347985196984,0,likely_human
UCrmTtNWTglDz-H0dj2O4knw,-1,1,1,['db9d1df95f5d1a3fa45d0ce7378e0c32'],0.19335750596471643,0.16388178113544433,0.16683505108110702,0.4232647267122245,0,likely_human
UCWFwtqKxJH0JgRUz-kmxd2A,-1,2,1,"['c802fc2581b51afdae782834d48ca0a3', 'be12cddcf1b1bfe50c5c984d01312f22']",0.19256642371453064,0.16356825004399517,0.13861349034646817,0.4755768521720757,0,likely_human
UCBlqZNwiSKHu8QwbPWOUx0Q,-1,1,1,['4935c0be5245392261eca57e1ed32968'],0.2003831054438224,0.1631320024447593,0.11129984625961387,0.5021783311075606,0,likely_human
UC3aK8-p25Oj_ez8tnNW5rvg,-1,1,1,['e8a49ecd65d9c2cc7902ab91828a023c'],0.18234890587041155,0.16296570341926978,0.16020942225134352,0.46767336516523783,0,likely_human
UCdthXTPxELJGix0QKBNgx9g,-1,1,1,['0f076ad89105f4cc877eb09de560d0cc'],0.1778537052691546,0.16244818211942863,0.15472295799215025,0.4964465829687612,0,likely_human
UC3egxL1CLDtNU_9uNY1_yqg,-1,1,1,['0aed06533e81de0a73b23fd3a3709c28'],0.15094306488041778,0.1622122024519851,0.21856619109659065,0.4907295863760991,0,likely_human
UC7AequJO-ip7Mea4AqdjZFg,-1,1,1,['42fa28d93b0fbc4ef8e8f479fb16ab5d'],0.19448571004518803,0.16194998801918936,0.13824326292480152,0.45576895619415086,0,likely_human
UCWq18F_yYbeXM-m8vHwA9TA,-1,1,1,['64419cd8b117fda847d2455b7a17060f'],0.15935710421804586,0.16180428141235972,0.17955625861508306,0.5194944889546389,0,likely_human
UCv1tQLBBB5uNao_KPZgbDRg,-1,1,1,['17d9fb55f4d03ba8147b059b6a9c3f12'],0.1839623825541839,0.16156633557321345,0.15317866442688394,0.4660892416660561,0,likely_human
UCH-ZR74I4eHOjXY2_59Dc-Q,-1,1,1,['7648772e78f557d7646829a226dbed31'],0.16205503723215375,0.16145293007331407,0.16058842386532515,0.5464702465557805,0,likely_human
UCdAZg_FjTdpifCN__VvByUA,-1,1,1,['09a57f17d297e8816791e989dae5be90'],0.16307014032068207,0.16132970223564613,0.17772469128667778,0.5036254498424337,0,likely_human
UCakegdHbqqdSfSjzMxErUxA,-1,2,1,"['bba30a20786d4a6ad6ad9d49c33f125d', 'c1a1704b75891859c99b6db6bfd5fbfc']",0.18062704818243974,0.16071670726987064,0.1438313043384824,0.49478810484817,0,likely_human
UCuzG9RL_tKnw9oEa4Swvvyg,-1,1,1,['09e00691b0e5d5f51a373cece6336dd0'],0.16167259213924645,0.16069751096339968,0.14998494534477377,0.5613856980256084,0,likely_human
UC_c9YxxWPEenbS_hET7-eKA,-1,1,1,['f03d3648bd6b9a676222107f278b58ef'],0.1525228179358182,0.16064765401592745,0.18880560582451408,0.5311795899081968,0,likely_human
UC0lkAl6k7SZFD1R9G7omVBg,-1,2,1,"['6f09e367a7f18b10d2b5794fb34d591e', '8b073346fea0d7d0c9320a3b9dd76d1c']",0.16285782180459565,0.16055672343087907,0.1731222946487332,0.5052932920028976,0,likely_human
UC3X846wyORjbr88YaGdOaVg,-1,1,1,['3b74c99b4987b30ec30f501ff044ac37'],0.16124475886220607,0.16019270460064838,0.18495197810058622,0.48475982978213333,0,likely_human
UC8YZUEYm-NTj93zuuqIBUZg,-1,2,1,"['e9e6c52aadc2d0f18994c43d6ebd516c', 'e13e00c878e413cc804cc42c2f061508']",0.1565049830500047,0.1601366405539439,0.17267701052355341,0.5417325229920528,0,likely_human
UCaIHJRFOGW7bogq6FQgJcRw,-1,1,1,['1ab6521c64d78e36be21d134328597bf'],0.18350692166099947,0.16012889698745236,0.12411690646666076,0.5192046809246446,0,likely_human
UCU5Cl3FMj5f0rtXyrFIuLvg,-1,6,2,"['67310cc551dfb35f458de1e1564c7b89', 'f85d24af162b8e753f43b2ff561ab45f', '47c12f8ae9a163656e5b34f6764f13d9', 'c05bfdd099f420529209f03905487432', 'efbf7d8050f2f8552508522491ea19dc', '94a25688f84a7130d478cd44cc43a262']",0.1520154089892281,0.1598772437238108,0.1679663164395469,0.5619257784033718,0,likely_human
UCyg_CnxM6s_TKlKbIYL8n3A,-1,2,1,"['a64325d65345295cb5b1c3ea1d78f786', '8ae55dc50e646cbee50f7a891f9e26e6']",0.16629320012937876,0.15961497840463063,0.1774752890001828,0.47811094961181855,0,likely_human
UCaVyVkBi_ygm3KuHNH0knIQ,-1,1,1,['b62bd0f2353f01463dfa193fe85488e7'],0.19225623146614365,0.15920561541912015,0.1187272019375013,0.4748829749215807,0,likely_human
UCTn4NRP32LlIgsjAAMYznQg,-1,2,1,"['d40da83fc02fc3ba5f6fe18e7ee27dfd', 'f770a32d50322ebf60f8f2874a6d993a']",0.1496044884438042,0.15915456459160868,0.1702997788581705,0.5568718992265507,0,likely_human
UC2_siek2HrcatFGhaMebFWg,-1,1,1,['475a962f3987eadaac73efae67ac19d1'],0.14122389809308533,0.15907417454080758,0.20070648663202115,0.5292799292015968,0,likely_human
UC4dp2l9M2Xz1NplU0qwNzRw,-1,1,1,['9175aca075e3deb125e7fbbb93411039'],0.1493280815126291,0.1590526703330118,0.17274890987501237,0.5592481201464626,0,likely_human
UCHI77ri4tm5X2G20uWN-BpQ,-1,2,1,"['0be19b17606ffaeb9c922a3d381d5434', '63bd5650555a1cdd7d51683fe3279af3']",0.17773798004078972,0.15904534479004095,0.16874686177073897,0.4340676747114482,0,likely_human
UCLdzqyOz167F3KB6RW-1i6w,-1,1,1,['40391f21339c56659773efd05ef4c91d'],0.17855485608079347,0.15880238489895668,0.15251237124229147,0.47364305464195955,0,likely_human
UCg4Ix69PK-YA0pPPXiSVl8Q,-1,1,1,['8be906d3202305f9d59a2b3bf9304519'],0.19490294888731396,0.15862092972341132,0.11474142675480671,0.4623362536176561,0,likely_human
UCFTyqtEGmpdK6UQEBPR1Wyw,-1,3,2,"['f74bace52efd6503627aa60e936b77f3', 'a701c912302c962952cd031912b07a19', '9393da1067cb98c8fe75201492afd930']",0.15462614145947198,0.15808478128025355,0.15974636549395482,0.5501226808131535,0,likely_human
UC4Nl6ciWr-8eSWPEeplYkAg,-1,1,1,['61a98d031f77f833297986c93750f0fa'],0.15749203109281207,0.157976769994714,0.148204206309368,0.5611467172307505,0,likely_human
UCXvdhkr7XXicWvZS0_fzjLQ,-1,1,1,['48ac4c34495ea2f1e87acc4f8d2bfb65'],0.15388587850822613,0.1575469423259485,0.17992751985008712,0.502963675033327,0,likely_human
UCsmVcC7GLoILeoQcf6KHsAw,-1,1,1,['653439a507651418b7a7a78169b58c70'],0.1521094012967395,0.1571672410464139,0.17355029303605368,0.5198190465311777,0,likely_human
UCOJuG3KJmeW4JNPXsXdIuDA,-1,2,1,"['6da141e225e51b27a5e2bb19008cf4b2', '7dfaec69cd244b25cb2dcd3c28936480']",0.17196584029795553,0.15661216977727266,0.12529954776363506,0.5283365361631694,0,likely_human
UCU79DIK1AQBmV6_h3yEvAKA,-1,1,1,['2b04f23a18adcab23ef098660612bf66'],0.20156111380015257,0.15656403197833507,0.11544880730610935,0.41517765530103967,0,likely_human
UCOiXMWMK2eI2MdClrYOTISQ,-1,3,1,"['6283f1092e8be47a9397a4e4b97a273f', 'f97ad7cce1b023fc39718d58a58bb8f8', '29f66f6191a525203e5a4f83d6dbcf83']",0.16551130987833143,0.15652903998431755,0.14543396522711657,0.5213964028584597,0,likely_human
UCSVuFDaGFzcJRzrQUFb-nDw,-1,2,1,"['25254015aa777107e634c890e0b2fb8c', '987f3edbfa1b27e55678a2f00666e1d1']",0.15495136136455656,0.15594196607492497,0.17837074941078557,0.4933966322554775,0,likely_human
UCDt-ZIf_2C77TFXj6s9RDpw,-1,1,1,['723b70569514ef180b7f3ea6733cff74'],0.14916800232393918,0.15584922246377075,0.19859802585951272,0.4731641743214158,0,likely_human
UCwiyoGvENQyuwXYSymFDfQg,-1,1,1,['b8ec3ab1a2997ba73f02a673ec345905'],0.16758815752589307,0.15568787061843314,0.14877085030515938,0.4866154563235857,0,likely_human
UCfVpgDc4xQLDAPa0J2Nv39w,-1,4,1,"['ec0d48703cf5ac75267b5f7cc8423d5d', '5186d2229ec899ec0b0b625b45d27ba7', '7d8cc4848b016d0250c3dcf2b5867132', '6e2a79bbab16c4defc20fd98ae84930e']",0.1858483156322699,0.1552478201307611,0.13015888627030822,0.4472490820359132,0,likely_human
UC-9C29KndXb3Ua9EENjAjFA,-1,1,1,['36709a3ae9309bfc93962169f306026e'],0.16568208404199758,0.155207611175155,0.15838221491949742,0.481424856751695,0,likely_human
UCTH5OpUxo0nrXj9wymkkIKw,-1,3,1,"['ea6b922cc659f9cc3ebbd1c3f48a9820', '4cbd3adba20c8245ab423f57912d27c9', '8cf679917b2430b5163fb45f7e0e721e']",0.15117411026948224,0.15503106242870293,0.17895367378377408,0.5011085185214122,0,likely_human
UC0q5jTePHflWCaj840bmxRg,-1,1,1,['1885bc70b874e099f92e797bd8465da0'],0.1652077007198294,0.1548628886052738,0.16397818207889633,0.45853262459516475,0,likely_human
UCwENr2gU3dRpnGWQ31WtFgQ,-1,1,1,['9ddeabe944cc1529ecae88302474652d'],0.1447006226759733,0.1548258392928566,0.19892911627912305,0.4785920172794982,0,likely_human
UCGNrtGNbNmdW-X5-7sNxLhw,-1,3,1,"['c1a8e7d1beaaba033617e088e9533c9d', 'a716c7df085fb9b73f507050b7340c7a', '5fe95afc32808f6077d3a178da34d502']",0.14736918978555658,0.15452060855704222,0.18417221252700078,0.5026529220678746,0,likely_human
UC4impjzjEdk3OpOR6Wwgs5Q,-1,2,1,"['0849599c5238a8f943cf8d2609fcf61d', '4a8e75bb7d79ce7cd631aac30dbff9bc']",0.1685741074069919,0.15383944730152466,0.1321268558659171,0.5005837521789874,0,likely_human
UCHOnKIwxYPxa6Y1766WhOyQ,-1,1,1,['691b12e091cfaba0f31bbf262de6c2b1'],0.15156922038898116,0.15377464661030132,0.19182220198202046,0.4554102847936587,0,likely_human
UC3-PuMTU4l-mvLCH4gL_mDA,-1,1,1,['2776b536665fe4e9fb7363fa854e0fba'],0.14090372035142634,0.15367118588613018,0.1782136023925082,0.5272916371435914,0,likely_human
UCJA0xWV0LuNTFwKdeX_c1pg,-1,1,1,['df26d0c80de30c0da094aa0a370ba26a'],0.139685181340355,0.15353007672280727,0.20073016551992973,0.48135401910448017,0,likely_human
UCTMVxLSejtA2pON0OY0KfBg,-1,1,1,['40de2cbfdbdc8c0fb3bac82dcc039a8b'],0.18322690109391399,0.15333806861820318,0.10590269057779628,0.48873059029372856,0,likely_human
UCq6v8olXMiPaMBj6lzJ8P_Q,-1,1,1,['b650bdf6646909b97149e8c5a88ad8c6'],0.1627502024818459,0.1530301267224758,0.17144781828888686,0.4331829062925563,0,likely_human
UCHP5Ojeqp-vPnsfwTO-9J9A,-1,2,1,"['a84ba4ad0b336d277bbd5886e0c8e2e4', '7575d0606aa97238ed68343853ec0199']",0.15180361020269972,0.1529369434981851,0.16120297251786816,0.5110915328284272,0,likely_human
UCqZ7fHFmmrUTLLNURKNQTrA,-1,1,1,['1861b8a1ad3d16308e5d05ec6a2ef25f'],0.14168949436719216,0.1528928946063596,0.18833261491835118,0.502083277657956,0,likely_human
UCO89LvzrV9qfCEnrfq1HeMw,-1,1,1,['1369ac34cc6472eef01b3ecf71a456c4'],0.20714841579929955,0.15285375981232113,0.11972600372410742,0.3479347735513308,0,likely_human
UCX_bQ05X3mS9AMOY_m7EL1g,-1,1,1,['2cd9717a8e32e4e03a54780cfe20697f'],0.14926225959653136,0.15283924351509443,0.14789433810747435,0.5428849409113583,0,likely_human
UC82CrDe4dMsfUwPjQN_3k0w,-1,1,1,['6442cf749ab34a7d636010bf13c41209'],0.14000136599056368,0.1527771968629869,0.19711824720496138,0.48003923074299054,0,likely_human
UCd2QnVynC_3nBCKn-ciF71Q,-1,1,1,['de5eeb435ba5719b25fd148980a379d9'],0.13985352109543905,0.1527525684875135,0.17533647723941528,0.529303499508239,0,likely_human
UCY06VNX2hKRDv5YM7yb6tKg,-1,1,1,['024a81b8db77faaec70c306d988287a6'],0.1571368265912903,0.15274287113891963,0.1654520644930021,0.47203511711297663,0,likely_human
UCMb6pfGQE-yeKWf_w6E-X8w,-1,1,1,['d3e090b30e99d0c7ef1907b77646f4cf'],0.15005581160008297,0.1525944424947634,0.1432559246743756,0.546649652800283,0,likely_human
UC_LHnJzhAW1q7E_z3AQthVQ,-1,3,2,"['09ad20f0b9d2ee7c408c75180321689c', '6b9478229374a3d50c7e0897131b2d0f', '932b370f8f56261956d1a1e8105f699b']",0.14725909952334346,0.15225166605993182,0.17117849526250953,0.4986661309105972,0,likely_human
UCJk7w-CQxBn3lnoR-FIhOaA,-1,1,1,['d6ec1f412c1dfffc5d914120d83d23fc'],0.1413651344608622,0.15211951602167162,0.15922227497508507,0.5486763644033179,0,likely_human
UCSUK5RgHr0F943bTZgJvzJg,-1,1,1,['e39f1e5834ba4beef6acd3a409ff8245'],0.16975687135562473,0.15205436461067434,0.15334684905676027,0.43555221565964736,0,likely_human
UCLN-_yjf8FxBE83J5VLn-Cg,-1,1,1,['5951e83ceeb2a3e6dd70ff100af88ef9'],0.1427073982006275,0.15196969990257617,0.17293777651842648,0.5115287428958217,0,likely_human
UCmWWG5g02ZwFgBlF220K-8w,-1,1,1,['c35b9cb0bd366f69e9d709f5095d323a'],0.1548674441332264,0.15160012884245944,0.16029482260000535,0.4775889253945259,0,likely_human
UCcG2rymm-OPGa5QWnrlRi6w,-1,1,1,['2d8bd5f892ba2ebb08b12c0b57f09781'],0.1733253446842085,0.151372223759862,0.140251936032542,0.44416695702607334,0,likely_human
UCuItHJO4rM9XezwePA10_JA,-1,2,1,"['252f80cfa8eab64300c8676f88f80406', 'f4d58a26164fd5ef33cf7aaea3492792']",0.1611920545576302,0.15128212350002831,0.15267621588213948,0.47028163983128457,0,likely_human
UCZpmA7o9iKvx9FXNpIldVSg,-1,1,1,['21ed8ff2e5ac1198538376e764ef66ac'],0.1534437377174388,0.1512799573132929,0.16404717636774133,0.4837583784484324,0,likely_human
UCNGBA99IodSdNRlG-RI4JIA,-1,1,1,['4e376a8071467b005ccf324bfd5604cf'],0.14139564736820912,0.1512753905654707,0.17852999264892427,0.5064757605536564,0,likely_human
UCtpwXNfuwBSVWo3qgZz3FNQ,-1,1,1,['ed9e5bc2c7ea906ff1c1c995dcd934da'],0.1481626197040041,0.15102383073260983,0.15789426431206838,0.5147546364079184,0,likely_human
UChAA9CHoObmaShfMGk49l6g,-1,1,1,['fc3d4cbbc6f4e63152aabc19c0e8b0c5'],0.15615611121073888,0.15091282361527053,0.16012770001843332,0.4763404865844882,0,likely_human
UC3NfvWBOExnIFi-69TYbMmw,-1,1,1,['90f792eccaf5ee4a63c9b52aeb516a30'],0.3350904183535762,0.15082459514170038,0.0,0.0,0,likely_human
UCHqhGAmU43xun6yBQsQzb9w,-1,1,1,['0dd58eb5e0af9107f16cf46a093ffbd9'],0.1484087570296558,0.15077317878424457,0.188439713723003,0.43952546010035926,0,likely_human
UC6bejFGxVWXn4zoJAMtjbUQ,-1,3,1,"['b96464c6e530f02b2e10175a81ef5a2f', '7b9346d2d3f19a05a223f3cdcf17b3bd', 'db4fc77c51bb6d3be44b312f84f9a872']",0.15310048973448726,0.15069497139756088,0.15253765192054544,0.5032975503787582,0,likely_human
UCt6oEfXjqbJt0_lNILXbmCw,-1,1,1,['5e5ad300dfae46987e381fb072544096'],0.15229065309483666,0.15022658164361846,0.17126647235801382,0.4565310875730396,0,likely_human
UC0xnMg_irTuvsUzEae_l1hg,-1,1,1,['be7e86eb4744ca6372add1d201285beb'],0.1735149007560397,0.15005308941317597,0.14331097864330264,0.41517074765089196,0,likely_human
UCkVn0dgx4t3cF0sCcHPe7kw,-1,1,1,['d753d36b417d6eba418ee171e8ff3820'],0.1547990268257698,0.14990319459059268,0.14421208791404752,0.49770377160740115,0,likely_human
UCkyhe4GDPWPIcxUL-PSnyMg,-1,4,1,"['b4cc4f13ed10cbfe938c71698970a063', '48bef30c07fff3ea1782859408e5ec02', '560de2e50c2cdeba379e65f4ad0f176e', 'ba862f01db7c507109b2f83f65c45dc6']",0.1578531614945547,0.14980197817967367,0.1613533647023281,0.4535729980730924,0,likely_human
UCPTeLfIEAn5c4zPv013iiLA,-1,1,1,['3d7ce4792adf37444839d79603ac65ed'],0.1466059703254977,0.14960537032035115,0.16752297517761897,0.4822902022311081,0,likely_human
UC08IIEFzMOEOITW0rToFysw,-1,1,1,['4b831330f4feacfac27a579900ff2891'],0.15773029300178668,0.14952125641140065,0.16488571644765204,0.44109521191490797,0,likely_human
UCYRi_EE1p-T6E8yyH7ST4uw,-1,1,1,['249c512b48a7e97633d168a431e0ea6a'],0.1643691639661895,0.14945342973353545,0.15163401683731742,0.4412317863915348,0,likely_human
UCmvjxnv4alTh7scxRcrf5EQ,-1,1,1,['62704b08c371dd6029f204c3e236b8ec'],0.1410388266331837,0.1492829439128105,0.17131207231707485,0.5023483972868069,0,likely_human
UC6w4iK61HKXvQKjj1fkJuZA,-1,1,1,['e67bdda948e6a52c457e01051d6a23da'],0.14557235620296094,0.14912314990040157,0.18484991951678645,0.45657962203478275,0,likely_human
UC9cTW_XR0FHzNG5UQNIR_3A,-1,1,1,['f13a0983e1248cc4b0100c0a36562988'],0.1878141365545329,0.1490357367566676,0.14365609135241825,0.3433550517237406,0,likely_human
UCuEarjFsmNel1rdIJKEayZw,-1,1,1,['aca2b223903514ba5d53824612fbda80'],0.14899942212345726,0.1486426975718973,0.17085448470066208,0.46349621064546165,0,likely_human
UCjSWOwnPE8wScfll23c2Vkw,-1,1,1,['070396afe8c90ef579a4db2bda4b8837'],0.16515779968339514,0.14853851775096594,0.1647157045726004,0.4052596175811984,0,likely_human
UCGW_EvULy2wZn6YRby5bKEA,-1,1,1,['9bf6c233356f55360566f113822087e9'],0.1392954274741658,0.1483229945849599,0.18678862725250658,0.46748337387789435,0,likely_human
UCYimwMx8oFM5yGNDHzikeGQ,-1,2,2,"['110804e0642af2b22fd5d7856cd62010', '71ac7e3bf9ae2c151e1f7e26cd0d7898']",0.1448363675644474,0.14811946133998405,0.15852114359963346,0.4938905658278712,0,likely_human
UCAMIKBuu8Tw46mBd_5PSQkQ,-1,1,1,['1e1375ba9b127c3b33a71fd7799e311d'],0.14367520887892182,0.1479495635851905,0.17620253208225592,0.4694022696958556,0,likely_human
UC8r1JiqaqAQogkMhCc6CfrA,-1,1,1,['9a5b5831d3316ba78dcb668fe296b5d3'],0.18404546483444073,0.14790190592726088,0.12558295990741136,0.39180091235086895,0,likely_human
UCzUnh6OrW9qYYTABnkYNgjg,-1,1,1,['d71b59b060d8c3de350df5347564a55a'],0.1454993780403293,0.14789189293957916,0.17481329015282754,0.4547436792515479,0,likely_human
UC2NE3OJ9s2Rnd-LVmibOjmw,-1,1,1,['876e49113a2bd2e875c58796586f609b'],0.15236557220119315,0.14725567612431614,0.17469050676941764,0.4218427475571491,0,likely_human
UCTTBbzt-4oRP_mXqJ0R1kaA,-1,2,1,"['78833bab71dc7ed24ceb1ec7fb06e183', 'ebf354dc809bd44ea09e6023923a04f8']",0.15215004068387453,0.1472331190110956,0.15584180699339986,0.46443789783572414,0,likely_human
UCWGxjjaEW_oM8KvpqSSY9dA,-1,1,1,['6e5c6416426d2cf083486b60ee9878e7'],0.17630608806160575,0.14686602645787378,0.09944156158572885,0.46364353667039476,0,likely_human
UCSZYsh1lgF_BpS-tY-8rUzg,-1,1,1,['fa797ca90247bd32a80fba05318b6931'],0.1490455516421659,0.14675828677251224,0.1542664136522233,0.4768767525564881,0,likely_human
UCM6F9Rl11OMhGhmoDVWSPtA,-1,2,1,"['aacd201a403c3113c6dd5f65e847b054', 'ef90849e81aa5e15720aac84bb14cd1c']",0.13148009538345726,0.14660475256172817,0.16679769123332183,0.5205825156056676,0,likely_human
UCGg0TU4uCb8KpXIuhtTUk3w,-1,2,1,"['3e1ba28444b0759bbe8f3146f70613ef', 'f550b2a13826c953a9c3841a20e3930b']",0.1476627034486073,0.14659711088607896,0.15505520712537862,0.47599736660395703,0,likely_human
UC2kHnkuWIO2hHJlBcH0qr6A,-1,1,1,['5cc320ce5dad518be382d9930df3d2c4'],0.16047091989524284,0.14625128071139498,0.1548574532968862,0.4167571596119949,0,likely_human
UCLgsm9DZ1jtEwaHLiJKRD4g,-1,1,1,['9258dde5a490cc8efe8f529d4019f2f1'],0.1619121714344982,0.14597849886418976,0.1482162371068408,0.42650646152007365,0,likely_human
UC2XMf5udRDZ9BjVHqhbnocw,-1,1,1,['c541d651c75220889a5ed3299fea136a'],0.13639178004934238,0.1459394007551864,0.18954224815802606,0.45521456800380494,0,likely_human
UCOMoF6r7KSn0Uk--BIsVF0g,-1,1,1,['ec2fe36b0fc8b906e34002130ebfb9e1'],0.15008897622832865,0.14502309115264,0.13373691706947102,0.4931033784302566,0,likely_human
UCxBLjYDdyJBS4wbFggFabMw,-1,1,1,['b43c6036af7f67f03eec4aacd7aa9edc'],0.1995184735681326,0.14502131918827543,0.10648224416254036,0.33013823260594094,0,likely_human
UCD8dX0Q2Me2JSgO-bcJSeLQ,-1,2,1,"['89a8e5211fa20d4738df2aec399cdffb', 'b1cbd7f0770dc450249d00471d8091b2']",0.16259632048408404,0.14487937933770317,0.13986444779447751,0.4199300625523454,0,likely_human
UCAIHn0FJ4uU4SD2QBpByPWA,-1,1,1,['9d9283f8f794232abe08e1639307ad17'],0.12802438518268208,0.14487029657157013,0.1891134005350325,0.47168763790591206,0,likely_human
UCQuKoGeCcZ8kYBR2LuLOMrg,-1,1,1,['afa2701687c24011214bf9227639498c'],0.14397107628534098,0.14460634154374324,0.11207408337458592,0.559942441923977,0,likely_human
UCa3v_-38viYaleBN0gAGJaw,-1,4,1,"['d650ccbb762601bdb22d689d4269c777', 'bf2d052eee8017e74fa52cb5cd7ce480', 'dcb38c09f1ba6839acda0d2a67553234', '22a57d230e7b49b34ac8cf593d72db7d']",0.15973348840830903,0.14458434773083398,0.11904662093002301,0.4735208635207101,0,likely_human
UCcoyh1oHRG4W3z1hFrtV9fA,-1,1,1,['b610b971360acbf865bcfae8b6f13aa9'],0.13088328419963846,0.1445242572297768,0.1943700828589642,0.4434306534738948,0,likely_human
UCbRAhZW8aFW_FyhL8yD9-wA,-1,1,1,['3b2546898dcff017042b98efb1d63d09'],0.14245523273818522,0.14442368358455676,0.1633746238763876,0.45651114779574653,0,likely_human
UCysOvK4LNku7YyIoHi63X5g,-1,1,1,['8808801c0a294411816669de940f4b0b'],0.18659161110112893,0.14429830767773352,0.11759895180466703,0.35679964607426196,0,likely_human
UChlc1gFnlpSzDepbMdLGjxg,-1,2,1,"['262676ee4625d022efbaa6549cf49386', 'ead6e1a9a6bf05971ec313080e9dd525']",0.13659327871019497,0.14401273123748481,0.17118002244536776,0.4634609541742882,0,likely_human
UCVm_Kb_tputOlAWgXXrPgmQ,-1,1,1,['52bf7f343d0dea20ac5bca50ad9e30e1'],0.15073416029076342,0.14396595941035728,0.14934371331398116,0.4464011371130272,0,likely_human
UCNUgCGUuHIB4aTR4-Pq3jrw,-1,1,1,['ca4f0a4cf6c701493119fd924400d382'],0.16111871139008735,0.1431490285052927,0.16382278161414504,0.3622220020467911,0,likely_human
UCJDESGgJQp2Gz9veXf6Dkow,-1,1,1,['4686622943bcdb9a4c7414cc995c8f1e'],0.1597477708642093,0.14245923024082388,0.14528552724932417,0.405197492966453,0,likely_human
UCSrUus4FZ5qEaPFyMdxmXfQ,-1,1,1,['7d722621eb081185a3bab6c63c5f36b8'],0.13776323604783697,0.1423033482802635,0.18120123581318404,0.41896490424899735,0,likely_human
UC2L-4LGq7Ia7KcJmSU4yoNQ,-1,2,1,"['341a11d211cf45aa092207bd74504804', 'edd3a4a12b675d89a11d4d4814d9dcbb']",0.1352284256159427,0.14227301388039434,0.16159076491789268,0.47157650207099305,0,likely_human
UCsXYf896-M5Tm-7Mc6kOB4w,-1,2,1,"['a75e3636a969319f4eb6270d5aa018cb', '1f2c58d10cd2fbe9cf69b47e7291febb']",0.14386513975390874,0.1421193283412976,0.15217272741403964,0.4500984813315569,0,likely_human
UCZumFUORjtBtMCAhmzBfdfg,-1,1,1,['4ed3e6d964188361e8b6ea6592d90b1f'],0.14961859608428746,0.1420794435656786,0.15859234789305385,0.4126232066002806,0,likely_human
UC768jpuKQVZHkZyGsLWbVAQ,-1,1,1,['6c642751fd8d87223a6f7c6568f65c54'],0.13865150979032542,0.14172553988658404,0.1418891485938995,0.4932035123611668,0,likely_human
UCjnuXp9AF-t6uoxN2GxMvnw,-1,1,1,['76abc3775077421a808afde969a6f706'],0.12936799854771222,0.14122677847473175,0.16683089946199556,0.4762879728632575,0,likely_human
UC4vOk3TofW9ievLRM8mX7-A,-1,1,1,['7cf064d63b456e8735c16bef8acdec93'],0.1285532400661694,0.14121054736598893,0.18238178775881184,0.45568593979708244,0,likely_human
UCmmcvlVrUDBeR2GN5joycTg,-1,1,1,['934078b2aef39b17872f57e7dda4231e'],0.13817762691158827,0.14101014712421422,0.1449004656645411,0.480775846738546,0,likely_human
UCR47TVTLVR0x_rQUY7r0XJQ,-1,1,1,['e127f7121f1da3ba2030476587ebd714'],0.1357105369460173,0.14099928155840608,0.17649761008599926,0.43219053470376284,0,likely_human
UC-MH35Pwr5mUBdRGx0PaoNQ,-1,1,1,['f28d2a371d5b3e8bf02031fe7ac6b21d'],0.1498264253329839,0.1409807883446923,0.17240145323858,0.37895655555698965,0,likely_human
UC4YRWcSGEjRKf5ARiJvIDqA,-1,1,1,['66a572c84dfc22609ae256c4e640e58b'],0.14424338124382075,0.14066506498270812,0.15216532114238968,0.43631909902473803,0,likely_human
UCnTfLwYyCUdJDeK8WKOiz8g,-1,1,1,['077679341687937546c067600f41b35a'],0.19424385170830838,0.14063818571996464,0.09276754078913235,0.3385871929246495,0,likely_human
UCkuudzeOoCzzhnP3WQJlKUg,-1,1,1,['5e7c470ff8b83edd187d2c7028fb634d'],0.13284762712371698,0.1405551416858417,0.1705114069563216,0.446196017164581,0,likely_human
UC-UsibT_Vgh3K1lmDwUCjsQ,-1,1,1,['d4cb5cf90f449259a13d2cde84f82e5e'],0.13871628222204885,0.139992735527437,0.1532069412903373,0.4507836841696196,0,likely_human
UCHIoPHOGMDn7pYPBT1bqFgw,-1,1,1,['2835539e40af682277a7cb42d8b868e5'],0.16309654174823324,0.13973075140662417,0.11470284145975489,0.4180096827595825,0,likely_human
UCMICzLRRrUuVyxtmf58I2FA,-1,2,1,"['ac4670da896b4e48228fae03cfd4bc2a', '075048e8edaad1c49b07ffec84d6ace1']",0.1310813430781262,0.1396987413038342,0.17019635654700532,0.44629945135515453,0,likely_human
UCFADoswZ8M06Td10xzNPshg,-1,1,1,['916efa97fdb91746393296d002e87edb'],0.1273174243673134,0.13940398235802837,0.1950521965515877,0.4098249756362831,0,likely_human
UCgoEBs_q8G9obqLENCPwkfQ,-1,1,1,['7b6a0df8e754f084089d7d41ba1cd4c0'],0.13719770324361616,0.13930391174254628,0.15969463500972722,0.4426151678525555,0,likely_human
UClRknWKXgt4pSqxfXuavkOA,-1,2,1,"['6a95e47cd6ab854d8fd003d45bd76cbd', 'aef6d8cf4e5d9243bc9afd7bd8347f71']",0.17123125046337861,0.13914177668378236,0.11984759146978999,0.3670948585450207,0,likely_human
UC1vnF2jNQT8prgqMsf1bU5A,-1,1,1,['b97d772f67263530b8abdf82fd0137ef'],0.12292181235389586,0.1390184577404659,0.17259048563804374,0.47028163983128457,0,likely_human
UCE7AcyiP7jb4NdhVFHvObHA,-1,1,1,['e445ddc83e333603c373cdb3b6188b05'],0.1305423866738271,0.13877511545632182,0.1519739165336396,0.47939805560134335,0,likely_human
UCOLO3tkiDDYct6ZolHYMXpA,-1,1,1,['f5df1aaf257e29aa646fdea9d25b2869'],0.1579625312795084,0.13872067449482625,0.13891023428782465,0.38692096233471474,0,likely_human
UCQKrsDKMRivHX3hTJmcVt5Q,-1,1,1,['57e0c63fbae87496cc88c03513db2be0'],0.1547109275308952,0.13861363949354394,0.14483552166992938,0.3830833410828103,0,likely_human
UCY1Uj0WaRDX5btRAqu8jI-A,-1,1,1,['c863a86251c9b9af8515f0c8a0937645'],0.14709551216502292,0.13814996520068404,0.15623559761068212,0.3880193052279387,0,likely_human
UCHysRgyO43ychqq6giAi0wQ,-1,2,1,"['6c17ac7b926d2ac14ccb449889a63f5e', '01400a088a0f3702e505c32ce6f57511']",0.13841977091769286,0.13808367838571,0.1607198988602303,0.41611184872495377,0,likely_human
UCGbRv1pmRiyUQg9dWI3f97w,-1,4,1,"['870a79629bdd473e5e8a2fb2b2e7eaf0', 'e9d140d7da4f3b9d1c1be88aeae91df2', '08c13032b11824d825eca8e1d64a1215', '4fe072c5a2603defa28f41cce3a7c6be']",0.1405753024201586,0.13802953766930076,0.13552697678163553,0.4601758385364182,0,likely_human
UCu1oTg1OkgGUbRG0S5rqnGQ,-1,1,1,['54c070989771d920fb5e6600c36fa24c'],0.13657677856755068,0.13779643759789206,0.11328402275041594,0.5213205628500304,0,likely_human
UCJNf4QrZPiVNHaoVRN48u_Q,-1,1,1,['148191ef1e7dfa25af7519b8e9f5fd97'],0.16787789413525123,0.1377025473768813,0.12873454924407338,0.35270286122724015,0,likely_human
UCzn9FL-NRpWKBDbgZTvWUDg,-1,1,1,['38666a65babc70de03bc87de1194c098'],0.1554483485622457,0.1375547010036839,0.11221074800783604,0.4349784090327223,0,likely_human
UCPnseCDXiV_vKtlB1-UThjQ,-1,1,1,['715e74d922b31741469429130e37f1b3'],0.12177109437986348,0.1375475513281579,0.1872227499930936,0.4315348686922088,0,likely_human
UCxw3VOlP6MoUsDk_nAWS7nQ,-1,1,1,['28605c1258117c611934209b3fe33c34'],0.14854815848262332,0.13748718967795487,0.1287049988345022,0.43571791212433375,0,likely_human
UCQf5Q6s_4n9z4DOiYJRU4Yw,-1,1,1,['bfae99ec6ba2733ecc5b0ce8e852d04a'],0.13427743952641255,0.13733076704148214,0.14695602642434052,0.4578069384094894,0,likely_human
UCPiTUZRYF7ElvPvz5vGGW3A,-1,1,1,['607e2f1cfb21ec8e0e3fed55c6c979dd'],0.150531256517974,0.1367885850856583,0.1280384018316877,0.42063209408943264,0,likely_human
UCbxQXwVxhQE8MIaj12iulUA,-1,1,1,['be7a91162b9c8ae4892dd7b91e7fb314'],0.14691669810989638,0.13666635560433266,0.15155951266626635,0.38430157016078476,0,likely_human
UCO7-XGO9HmpIBS1eDqiX_5Q,-1,1,1,['a8076775d1814e897ba5379b91778d85'],0.16515570475779878,0.13645175601249707,0.11025290193089382,0.3877577749266595,0,likely_human
UC6K9VI1LQgxW6vYvmTh7fPA,-1,1,1,['47e54379377f7ee7f36731248ced80bd'],0.15962467441201342,0.136308346489514,0.12485298646567601,0.38773447268036626,0,likely_human
UCrGKTVo_6r05NzT8L9M23cg,-1,1,1,['8438f0acf34eaaf27970523b39490f94'],0.13054198135532435,0.13620535367776912,0.16826034979528698,0.41717233602545234,0,likely_human
UCAotQxCB6jDG6JdXqqvV6Qg,-1,1,1,['06c3fd93cdcfcdd7727f7b5ae8fff012'],0.12593631106211797,0.13601507484460498,0.18310665336388676,0.40484069662848304,0,likely_human
UCGb8thn_4H8mPBkD-bVAEIw,-1,1,1,['08e280a50c381ec8159a3da7a683dd7b'],0.1694825161666337,0.13599341321504077,0.11216726944196301,0.35948287652933864,0,likely_human
UCwxHv6Apdat5dR5BVdB8BXA,-1,1,1,['79e9d2e5aed4a44e8d2516a2e312f0a8'],0.17279612984807768,0.13570333929326472,0.10020658583530406,0.3697344137514087,0,likely_human
UCA1lDEZ3ah7lH9257o0mXig,-1,1,1,['11859be38dba66f565a7df056e02354a'],0.13297214843715194,0.13562957828973668,0.14778821451426502,0.4436930474907909,0,likely_human
UCChciiqF90BKP-enZ2n0BZQ,-1,1,1,['5859041f8e60a84ec3aa79e658696cc9'],0.12529272128258095,0.1354458506020279,0.15748031011574543,0.45648267512397833,0,likely_human
UCq0zcZz8Up2Uig-N_LfDkJQ,-1,1,1,['8dd9f6eacc32affd0b60b173e85251ef'],0.1451536327563587,0.1354227896394068,0.11111529536154424,0.46467048306589326,0,likely_human
UC9QNuXcPHKpwRZlgNbkqPaw,-1,1,1,['a81f66319d1e85a4d886cd65d154e4fa'],0.1436110573150401,0.13535871467499808,0.1344370834025691,0.42210939912778134,0,likely_human
UCqExSH_w6kAAlxJr2-InCXQ,-1,1,1,['8f36553365e38bc11f4a04578256b696'],0.13835425516364422,0.13485549968770028,0.16311919348729073,0.38891167473183175,0,likely_human
UCnbergoVlmsMhNdRKIH_5Ug,-1,1,1,['34f783eba20e098a16734713a4aa3911'],0.13141684333093093,0.1346451760985587,0.16999042391090818,0.40082341599515176,0,likely_human
UCf6S-TFB28ugpp49GnPqTSA,-1,1,1,['36259dfbc523bd23c4a41a907273763d'],0.13843831784485006,0.13438442353261976,0.16286414983717162,0.3770992054763551,0,likely_human
UCp3XFmRs3YRlkE3qC612iQw,-1,1,1,['13641baf7e61cd2be0fc643a9e399b8c'],0.15725057754137844,0.13437889323014826,0.11175714983813399,0.40362050444122954,0,likely_human
UCJoDTZpFwhubbOEThpLUeLw,-1,1,1,['7098d512e01a25ec93b270f1bcaf81a6'],0.1403149387221979,0.13434433912302957,0.14494996536370874,0.40411557632293704,0,likely_human
UCer7CduACfu4n4l7b787-Jg,-1,1,1,['2607015e15297d21200ea4b3aadec214'],0.1493428592779441,0.13321713281396405,0.12595747190104056,0.3905747361564518,0,likely_human
UCWv9-5Sxyzmor863FnqkHCg,-1,2,1,"['9082ecdce4220087fcb3f26de69b48d1', '90c12d933a1f873c473cc5a8eeb68498']",0.16013862470725687,0.1329833215379454,0.11112091134970965,0.3707504035693076,0,likely_human
UClHw7JLMbVIiA5i8anOBSkg,-1,1,1,['907664def1f59300971d3e6a1ce4bc24'],0.13698537497053961,0.13290186042138977,0.15438466348259622,0.3933843153526007,0,likely_human
UC7Lsn0GF30lPeyvmp-SUf4A,-1,1,1,['d08bb47842ecdd8ce960eb29eaa85b92'],0.12036502074959039,0.13290100659425197,0.17634511518263088,0.414390936380573,0,likely_human
UCM-dVA_ZDUFBxVecSf8OTRA,-1,1,1,['1a9ad017a5ada0bfcf41d9039096344d'],0.12020842381563172,0.13259921313297673,0.16711237144074284,0.4305414038948368,0,likely_human
UCP2cy2RnS8XJn0KhSfuc3Nw,-1,1,1,['0db18f141f370bf08f9161d1143808e1'],0.146356826507512,0.1322369047553504,0.14233519593045244,0.3621065983130546,0,likely_human
UCMGLBsn--xx9fJrwPabSX0Q,-1,1,1,['b173487fa417a486894974d357d2686a'],0.1389325395108965,0.1317184227026983,0.16041865224661309,0.3625908119279151,0,likely_human
UCCEF2wUeKMsVX5Vc-_JaMEw,-1,1,1,['a3f7ca6fac6c735cfdbeb0a110edcf90'],0.12294034225484027,0.1314089771998937,0.16939531001761557,0.40172984669280337,0,likely_human
UCbJm5Gn49ASEs65wugN4GSw,-1,1,1,['854177a1d96229cd5a2475a9428fbdc7'],0.14022946055723487,0.1303415591586915,0.15273264689992452,0.35840561987722863,0,likely_human
UCCL_wvy-8o83wGAPZAfE1Dg,-1,1,1,['e4555b0e77be2eb0a82c9e98a0b4d7e0'],0.11167345969851561,0.13015120784540402,0.18403057292959427,0.40867742508134197,0,likely_human
UCpRH-CyS36rmkSobt8W2G3w,-1,2,1,"['249415d7dcd6eec3d5e9668a310918c8', '609305a5194338810ff9ed294cc1bf19']",0.13459400976561325,0.13001171360796562,0.15317443280648216,0.3719172339512252,0,likely_human
UCCK6ddWtK3UMxmBo8gRrHGg,-1,1,1,['a3174f1e77707acf5e262bd286c61612'],0.1538708316210756,0.12997310584570662,0.08726271909003416,0.4175282973638128,0,likely_human
UCBS4HuZ0Tnc-6BOsbVodmeg,-1,1,1,['1a43ef048ca5b5337daf5d227a94c7c7'],0.14012150444918287,0.12973002553305804,0.13785569449502974,0.3738326077560476,0,likely_human
UCsT0_8NiceFTCDU-g1Tqe5A,-1,1,1,['fb0d20f593cdc93547959f00fbe4ab60'],0.13784461982680513,0.1295436029359675,0.15287391397908812,0.3603551325888629,0,likely_human
UCtg6SqeVrnDOnv76xLNS1Qw,-1,1,1,['556fb9d33f5e18db60b3e224b06c9895'],0.14690378206530136,0.12816144157527976,0.12013365006766752,0.3644827419391171,0,likely_human
UCJ5dbSex6F4uw1F_3Z1arpA,-1,1,1,['eab7f9ca2d057ccc5c5c1d2d9576c4a6'],0.15906029937669902,0.12754491791114167,0.10977295730977027,0.3336777492952028,0,likely_human
UCf_UUfAOdzYOy7BxNaEimJA,-1,1,1,['1a47cf108e153b71a4c64379fbe9e71d'],0.12638347941204153,0.1271978586870875,0.12321181683107671,0.4406570352289585,0,likely_human
UCPWL7ZC5t0CYrlr7ztyiNgQ,-1,2,1,"['e7b358e7dc2ad2c52380e78881e1d675', '93906fa08308480d18700cad4a6b36d6']",0.1192676201459353,0.12673544519763616,0.13929131829189834,0.43511973360916884,0,likely_human
UC9kzZGaGbvh6LodjU9oW8_g,-1,1,1,['390e82ed868ee9a3e0b9864f43d7f2e2'],0.12380943409266981,0.12635822561131566,0.14332319416622724,0.40225330004400434,0,likely_human
UCXDnoP1i3frY8wFHLiAXf-A,-1,1,1,['66c3535e30a9b2816102d89f6df0403a'],0.13607720566203904,0.12633015327505898,0.12356533470083189,0.38885231709610313,0,likely_human
UCZCXu6FZq7lTj_jcfA8Smog,-1,1,1,['d6eb37251481b8f46c85cbfc9b03421d'],0.1525348875818494,0.12589187064090518,0.09990605178595728,0.3638013866886065,0,likely_human
UCE8eFmEmnoZhGI58MwjoNug,-1,1,1,['62b7ad69ff24f616245074adc67a1475'],0.1303534333338165,0.12524592916565816,0.1322390668071488,0.38489012519421684,0,likely_human
UC29m-k2HX5D5xV5BEzr1HWQ,-1,1,1,['32b6f378f9ba16394ae3b4239a2571ee'],0.13606809845163617,0.12516507994084186,0.1351745951350266,0.35117233795692154,0,likely_human
UCpr4LsufHU-6w0HfWOjYa2Q,-1,1,1,['58b226e59036653b7988136ee9aa55e4'],0.1400886977771635,0.12389228045335232,0.1273474292244666,0.3398809139620903,0,likely_human
UCc9zpJNId_qJfwI1PhTy5FA,-1,1,1,['66b67d8f82b25fd8074e9f5bafbc5a83'],0.13742281021807143,0.1236186278914565,0.1351587899463473,0.3311477563474075,0,likely_human
UCuDvr79gOn-F0kmWharMhIg,-1,1,1,['55db36ecfe1bbf2a1dd012bd042f5a28'],0.12173512971221359,0.12345702749824176,0.16014083349227734,0.34727539089316134,0,likely_human
UCa5C0tY4nbBs9EFPEijpBdw,-1,1,1,['abf65f723039ad2790f2fef68cc5640f'],0.13034495335645474,0.12278517440681555,0.11789706806086027,0.3906586671279293,0,likely_human
UCGJBPjNEWprkmW2YMgRUgsw,-1,1,1,['7112b82537f185db9ff2bf2f6ea7d4a7'],0.12330222307300183,0.122410742058042,0.11881732802863383,0.4168166325042546,0,likely_human
UC-Mnh7Y_lLZy7Qj53celWNQ,-1,1,1,['64de7378fe29a5eb4027a8bab2c42726'],0.14253878457039654,0.12198133526380278,0.10366513238638701,0.3587366734777846,0,likely_human
UCGprsZMq9uYhL6Ea82JkTIw,-1,1,1,['73a752f3bb36435d05fea1aade305582'],0.18229743731552933,0.12197477606151239,0.06706700799748411,0.2580113777174855,0,likely_human
UCRUY18kNkxnOFHhqArovmRQ,-1,1,1,['bf0fdfe4b1a2075ceeb5abdf0e60425d'],0.16242647640854435,0.11927208540222625,0.08002720021415319,0.2928101154905676,0,likely_human
UCTMlYTbugD6yPbe4F2ouatQ,-1,1,1,['070dcd2163cbdba51143b3d8a1020a0f'],0.11545800342869807,0.11915044399240092,0.14993587817861553,0.35391697901974223,0,likely_human
UCNu-8k7xsqMuuGFKltIHIRw,-1,1,1,['00dca4f580cf1f4ed71bf88f5c2cc232'],0.12400619140928074,0.11863280780493984,0.14563365146193175,0.3238807875876128,0,likely_human
UCKrMoEfd0WeXG28On1kb1bw,-1,1,1,['5053e7c81fc928d28d16ff6374ff648f'],0.13218298261380923,0.11799174808713124,0.11762374563816086,0.3356168162646353,0,likely_human
UCkyUZLhKss_yNSR4Vzc23iQ,-1,1,1,['a2e7572a43ac9715e86598ae8ecadc14'],0.11797245898261212,0.11464889135740346,0.11211636681372335,0.3770303979162882,0,likely_human
UC-re4CWqG0beYkoCAedcn6g,-1,1,1,['7d89626dd8b5fbe9dd1a32a4fab20836'],0.09990047214233812,0.11067620619882995,0.13581036841738536,0.36864181562445336,0,likely_human
UClWbjPdOW4eiyjnGUlBbdiw,-1,1,1,['cc17210715001d65398a95fb43b9d426'],0.1356272608718405,0.11064010818187461,0.09249599204490819,0.2993724225112151,0,likely_human
UCX5Veib_Pq6v9CfyUUdeIgg,-1,1,1,['452850d00e9d7b3474711f6259d54c01'],0.12034015030163589,0.10978071914380931,0.09641505711769183,0.35042633135957874,0,likely_human
UCWp7NJsOXuQaI3RkDXKHHvA,-1,1,1,['3a534e9b2b24dba8885dd8261b9aa291'],0.13048889856408744,0.10664440201671258,0.077517908189908,0.3144707417897204,0,likely_human
UCBeVhlvIeranfShnqA35yuA,-1,1,1,['6e939a7b9255ec64b96f65b49e8c2923'],0.09947684103283572,0.09818892856944447,0.0965795878110968,0.32883064295372255,0,likely_human
