author_id,cluster_id,comment_count,videos_commented,comment_ids,avg_comment_bot_prob,final_bot_probability,cross_video_avg_sim,cross_video_max_sim,cross_video_high_sim_count,classification,cluster_confidence,cluster_bot_probability,individual_bot_probability
UCKNK94GclrIH3FYZLBI2cRQ,8,1,1,['7dcbeced6ba8ce3a5ee9b0a22ccfa03b'],0.5591908311758487,0.3948237651456961,0.14246440271263155,0.9780973994004222,1,likely_human,1.0,0.3948237651456961,0.5591908311758487
UCv98o9HUz3kb6_9bSShJaIA,30,1,1,['d2ee14ab47374a4c8c1af0c9eee0d55f'],0.5109329642288328,0.3648320512952554,0.16893681244188752,0.8178797520619017,0,likely_human,1.0,0.3648320512952554,0.5109329642288328
UCGEiUm1x-K8Q6AAaz0yVWhQ,44,1,1,['6eba3a2cbbaf0bdd88a085e6ea3308fe'],0.4918265968477825,0.36438739537199927,0.19377776982184136,0.8195783180115493,0,likely_human,1.0,0.36438739537199927,0.4918265968477825
UCGexNX1yvi-3MmXhcH1xuaw,44,1,1,['0072d356541baea0402af51f0117dae6'],0.4926838438439495,0.3642608330381625,0.1885316449285274,0.8195783180115493,0,likely_human,1.0,0.3642608330381625,0.4926838438439495
UCgdaS5MJDmYOwprwT4MCroA,-1,1,1,['c93b0c759b0610533ac4838b5b0f1717'],0.5328016086869254,0.3567937774413298,0.12627413517828376,0.8592000849246982,1,likely_human,1.0,0.3567937774413298,0.5328016086869254
UCILdGJqmeYLMsyvqiN8yQQQ,34,1,1,['7f0464389cb8be7aecb808e45945fda2'],0.5383298888726946,0.3563885470225993,0.2018191217004557,0.5656398325376333,0,likely_human,1.0,0.3563885470225993,0.5383298888726946
UCAc93RdzK4YuCrBUbFYh2jw,70,1,1,['ba85bd1558f1658b1ffd3509a7334fbd'],0.5195806102077739,0.3537156413987347,0.1537859842987661,0.7305995333961396,0,likely_human,1.0,0.3537156413987347,0.5195806102077739
UCDKRkQW6QjLI2RqKIFSCaGQ,8,2,1,"['c08458cc39f916a2e013d140c4d2b36c', '66acd1b62931cdd819c3bce115fadf12']",0.45762131206394596,0.3528770757221465,0.15659451138358738,0.9780973994004222,1,likely_human,1.0,0.3528770757221465,0.45762131206394596
UCCRLYBDNXAG1fWGoUcjngsw,7,1,1,['ede51a93a40488126945f7ebddf193be'],0.5172563013431539,0.35018799145001167,0.18702215842474143,0.6118638472150311,0,likely_human,1.0,0.35018799145001167,0.5172563013431539
UCD-axlcKx-hjfImju3CoZLA,44,1,1,['14f6d676fa834434174f76209d0172dc'],0.4769675974670631,0.348891628749448,0.1948292226927925,0.7290090539433354,0,likely_human,1.0,0.348891628749448,0.4769675974670631
UCW5LHAAxVkRWMqLnRfQM3Fw,35,1,1,['523efc7728186cbfffbd9894ae81cb92'],0.46350026296546704,0.34323111042261667,0.21619934220506762,0.7522960076089994,0,likely_human,1.0,0.34323111042261667,0.46350026296546704
UCuzlUyMPFzm9qv-Q532-h8A,35,1,1,['74fde6f737ef163e43640d6e38eecda4'],0.4659082764391693,0.3425232309586656,0.20620259645319905,0.7522960076089994,0,likely_human,1.0,0.3425232309586656,0.4659082764391693
UCoJvn702cyyHvNJL2gZMNDA,30,1,1,['27d8bae6ad12eb87a6183c8b8228f72b'],0.49144558241735703,0.3398184360223399,0.23849308168680036,0.5113425692837686,0,likely_human,1.0,0.3398184360223399,0.49144558241735703
UCHs6R6v0kS1bMiuPCwzXD7w,80,1,1,['cd0b029f33ecde897cccb2f04ef0dfa3'],0.4845555755437907,0.33701980557305583,0.17697163898812981,0.6968534091693883,0,likely_human,1.0,0.33701980557305583,0.4845555755437907
UCJY_qGnAKnmEllQtVVz60CQ,64,1,1,['e56302729cc9354d0b859a88f2d13b62'],0.4766104219872668,0.3355262591843304,0.22922478381968164,0.5225493679578374,0,likely_human,1.0,0.3355262591843304,0.4766104219872668
UCDVagAzZa0gKC24OBasOOKA,58,1,1,['c4745514ae93096a050314e9fbf87db1'],0.5061151482374917,0.3350043708845766,0.20083064186943075,0.4940061462207095,0,likely_human,1.0,0.3350043708845766,0.5061151482374917
UCf42c1CtgaIMyHyI1GXzYDQ,70,1,1,['dc7f87f2cda23d20b9d43aa97662ec41'],0.49904547844202074,0.33463651238562964,0.19922528592930225,0.5248310781178361,0,likely_human,1.0,0.33463651238562964,0.49904547844202074
UC6Woz0BS0B582fX84CEzvfQ,44,1,1,['ade51750567f94daea9bb218bf423a42'],0.42562600530999706,0.33412736093402845,0.2091371713682262,0.7838960879454466,0,likely_human,1.0,0.33412736093402845,0.42562600530999706
UC_gtqPly8csw-PUbJtjqrVg,44,1,1,['fdd7fd15d11e53e2f68749eaaa3dc447'],0.463629061717777,0.33187432650653625,0.22510961937383528,0.5498261319821635,0,likely_human,1.0,0.33187432650653625,0.463629061717777
UCDgHFlpU12jLN3z2X0HsUjQ,70,2,1,"['d0e3d69e2d0187e9c2a354ccfc39e0e0', '56296f5b24766d9e68bef7be153d3fe8']",0.4807088293379733,0.33143017294551536,0.15998420691692647,0.6713405994228846,0,likely_human,1.0,0.33143017294551536,0.4807088293379733
UCLxNSFZ4D4I0_xoxqPD8csw,-1,1,1,['f88d7451d82df0f948ac2ad095666887'],0.5110785279695618,0.33141019252304144,0.19186978450722408,0.6213971388174651,0,likely_human,1.0,0.33141019252304144,0.5110785279695618
UC0g1uCmybfgnQcqsWzaDdmQ,53,1,1,['2727e0de297caa3d5584d2fa6e316480'],0.5066354119066514,0.3308830732163464,0.1962108726264614,0.4928958915607108,0,likely_human,1.0,0.3308830732163464,0.5066354119066514
UCSeeriLyoDbVljmgXyCHokQ,81,1,1,['6f321ded8b6bcebf6d90deae78280919'],0.4782703564872999,0.33026159874031374,0.19156773664038876,0.6580948716809771,0,likely_human,1.0,0.33026159874031374,0.4782703564872999
UCEqR7LYbMpiejHekEFbIRQQ,58,1,1,['d21357c9e73656bb3b27cf20e5d18f36'],0.4901523394819689,0.33012814580101507,0.19383427018462424,0.5292004605344622,0,likely_human,1.0,0.33012814580101507,0.4901523394819689
UC6vgJyP7VMYBnbIogvlwlOw,24,1,1,['d027423b13d4a687bf532e15c33b0afe'],0.48943184970246484,0.3294635779766185,0.21652091721375175,0.5460057991016322,0,likely_human,1.0,0.3294635779766185,0.48943184970246484
UCZWwm472ruMRVAZpkGvxhWA,51,1,1,['b23d829c844d62a4c348d259a63c5157'],0.4631036370919477,0.32930062140707184,0.23403616230866098,0.510747342879979,0,likely_human,1.0,0.32930062140707184,0.4631036370919477
UCLi_of7iB5lBJqQLwp_zj_g,67,1,1,['d40aa3ad31f3b9264865f092fca6f8c5'],0.4829423076249364,0.32903238292028,0.15777571725767947,0.6703845301267544,0,likely_human,1.0,0.32903238292028,0.4829423076249364
UCju5gZ7tAy5Mh0mQc4aS83A,2,1,1,['c0a9a98bf0b93fb011d9883a131cabd9'],0.47257009251537474,0.32834082722534563,0.19174262807586767,0.689939105542808,0,likely_human,1.0,0.32834082722534563,0.47257009251537474
UCgPSpmBJppdNua6URIZhbwg,75,1,1,['3753f5ffd34eb54e7fa41731a3f58762'],0.4860937986110234,0.32795134749241306,0.20064483297116545,0.5833507768983535,0,likely_human,1.0,0.32795134749241306,0.4860937986110234
UCCh7QAfr1gFXNBaOnzQu3Xg,48,1,1,['2845ba306654bf13a013c2d5df2e4194'],0.475816708908648,0.3276583124109967,0.18773140525951876,0.6580948716809771,0,likely_human,1.0,0.3276583124109967,0.475816708908648
UCs7wsLlxVswl7LwiU26Wg0g,26,1,1,['bc89fc57420c76f2b2fda8a016436589'],0.4847944087716604,0.32746718125702334,0.18171666597378625,0.6081642796661673,0,likely_human,1.0,0.32746718125702334,0.4847944087716604
UC1DQcGNiVbet3_2-1H5FU1w,50,1,1,['059ed9574fca90998956564f9db0490d'],0.503726075793727,0.32738611945555174,0.19305727135062678,0.5057412994863021,0,likely_human,1.0,0.32738611945555174,0.503726075793727
UCJnvT34OBmc5C8M_jnqS_Pw,46,1,1,['131b45e4ec279bcd06c1574a271de6c2'],0.4540791627978972,0.3272497630777157,0.2061634770417424,0.6497597651821934,0,likely_human,1.0,0.3272497630777157,0.4540791627978972
UC_GRNFSM6kmm63JtrDguR0Q,57,1,1,['99877f8a8464b7eba8c9f1cd5dc214b4'],0.4753060416775742,0.32686631751608464,0.1778616655467287,0.6421433684301074,0,likely_human,1.0,0.32686631751608464,0.4753060416775742
UCfIECctFd9IyZKwBYnOImFQ,45,1,1,['09208c1dd571311f679a7590067bec4a'],0.4944250477042556,0.32683941123714455,0.2042296419799901,0.5224265031385867,0,likely_human,1.0,0.32683941123714455,0.4944250477042556
UCOu4DGzA3ZrzTbxKdc808Hw,26,1,1,['a187311e0fc13901e73122c01db3c94c'],0.4725552524305275,0.3264182763341407,0.22559338793704403,0.5533933005871717,0,likely_human,1.0,0.3264182763341407,0.4725552524305275
UCpsb33OD_ivya1X1b_nrZlQ,3,1,1,['ea31e5a2ae0b3c9d818c9fc101e01f52'],0.49094174118434797,0.3260847340628061,0.17421202995752982,0.5436914372445796,0,likely_human,1.0,0.3260847340628061,0.49094174118434797
UC0Zod8BfC9FjODYqEkiS-QA,-1,1,1,['8a17459fccd57591dee3058814f1ceab'],0.5217997331012559,0.3252886006779666,0.1925136125039859,0.49203646301960113,0,likely_human,1.0,0.3252886006779666,0.5217997331012559
UCLkSDnj7VTyq3If1ecis4Hw,-1,1,1,['868b117953828243cce559882d53cc40'],0.5095781091883482,0.3242836704823431,0.20190910836108072,0.5227018028970477,0,likely_human,1.0,0.3242836704823431,0.5095781091883482
UCHVVDFs73xBmB1B5-BV8wcw,6,1,1,['7a480ce1bdce2872d406da0f42a40df7'],0.4894396210481946,0.32386860858925376,0.1915196912766335,0.5728556351100795,0,likely_human,1.0,0.32386860858925376,0.4894396210481946
UCk5bnking3QAte5XW_32hCg,-1,3,1,"['633f0b731a09bcaa84086f1fd5f19dbc', '38d70ee5824bc5397e512af9d8ad877d', '5a4ee57ec21da3737224ccfdd2843375']",0.45506389792561813,0.32367989650525264,0.13971540581423095,0.8592000849246982,1,likely_human,1.0,0.32367989650525264,0.45506389792561813
UCe01MpGJoUSTzUL4VXeBnNg,66,2,1,"['bfb245f56d5064e594bc2fe44479b728', '2bf22fb3beadf28712273c88c6692c27']",0.46281193741515153,0.32363860227496516,0.19469157740432208,0.6589334656657284,0,likely_human,1.0,0.32363860227496516,0.46281193741515153
UC2Zk9pLMpXdK0kDoLHjmLQw,63,1,1,['e3f2f00dae9208abe2a520c88756896f'],0.4989820664765907,0.3235233037456766,0.19854174025597382,0.4777957016337862,0,likely_human,1.0,0.3235233037456766,0.4989820664765907
UC23011S1m6o3U_OT3J0MkyA,64,1,1,['93e03859c66549b7a2cdeae076118035'],0.4411813277367503,0.3234430139574739,0.18945600101887097,0.64539962034437,0,likely_human,1.0,0.3234430139574739,0.4411813277367503
UCWU8U1DvoP35QK6ZmweTfng,62,1,1,['8b1d561573c76fae1d4a1c25f1016cc9'],0.5220445984340814,0.3232195610018786,0.16098275609191495,0.4607732725838495,0,likely_human,1.0,0.3232195610018786,0.5220445984340814
UCeOOpW3ltW7Vqv_RIlWzeKQ,0,1,1,['e9654d94ea9cd4c0ccb8bdded1bf35b4'],0.4600444059965082,0.3228877575116217,0.17977972916006582,0.7091111280642654,0,likely_human,1.0,0.3228877575116217,0.4600444059965082
UCk9dPCzxlnDelzKyrjsmU8Q,70,1,1,['8034f1e0fed7272b7562d10b0479a4df'],0.47574349677934075,0.322671673212942,0.20101204470736686,0.5066872699432519,0,likely_human,1.0,0.322671673212942,0.47574349677934075
UChl3R7kGKTe0EaWGxCIUzpQ,43,1,1,['d28da8b901b8d213767f04fa336d5a4c'],0.4544116544753495,0.32263241047141944,0.22075581240212874,0.5239952161467856,0,likely_human,1.0,0.32263241047141944,0.4544116544753495
UCuQMyjgPb4NgHXy6Ps11avQ,31,1,1,['318d0e9625457c23bec84ee251a2e1ec'],0.48916357850848646,0.3220125589051285,0.19325789611468375,0.4938792092888976,0,likely_human,1.0,0.3220125589051285,0.48916357850848646
UCXEtzUp6K-bXw-5toITpFxw,76,1,1,['aacab709335347fec57730074eaa1088'],0.4870209499487772,0.32195565194421377,0.14803615032119824,0.6280304120289124,0,likely_human,1.0,0.32195565194421377,0.4870209499487772
UCbFNOYz_Q4JBkcxiGaFoW2w,57,1,1,['1b23e803a213352c8786ca86e2570c36'],0.5067295860885774,0.3217954280716783,0.17352530020640944,0.44363574130357314,0,likely_human,1.0,0.3217954280716783,0.5067295860885774
UCupGFdgE2xEAJTlmkf-fIAA,7,1,1,['f97986aface3655bf04f6be8de3e2b8f'],0.46011252618063847,0.32170590385212455,0.19598420748769707,0.5680603047151993,0,likely_human,1.0,0.32170590385212455,0.46011252618063847
UCFD90hd3w_1SovUc3qOBsVA,-1,1,1,['32aa344fb3e6368eac12acb5a84e182f'],0.5139190485443748,0.3216238795234404,0.18656337020732602,0.507237741861782,0,likely_human,1.0,0.3216238795234404,0.5139190485443748
UCboqRtmmqvsHjomL3pC_Q2w,43,1,1,['4638af950cb2685235f4fdaee66e18d2'],0.4580950006604493,0.3216133524556364,0.21892440141169056,0.49351745425931987,0,likely_human,1.0,0.3216133524556364,0.4580950006604493
UC5ZOVBvlDmUnHFahFCRNoDw,46,1,1,['7ba68eb2e09aca63c5a5a09051be0956'],0.49265691517093013,0.3212335276440929,0.13708811053388945,0.5630454174977706,0,likely_human,1.0,0.3212335276440929,0.49265691517093013
UCoDwGkvBKy3Q78WYAQ-vldQ,58,1,1,['066394b0d53c8d5887b667ea720924e1'],0.47817506396790577,0.3211107909269586,0.18764604257423448,0.5082618385482021,0,likely_human,1.0,0.3211107909269586,0.47817506396790577
UCNvnqx3Fr4XDgszqXosLYKA,51,1,1,['16c7285032bbd23a9377e0f933019ceb'],0.44470883502211295,0.3209572848655169,0.20757674786691557,0.5621433843982321,0,likely_human,1.0,0.3209572848655169,0.44470883502211295
UCurUA6tpFmzgQUd40knB3kQ,-1,1,1,['7361e6d71253a35e98325c987daa6c64'],0.4873948154721508,0.32026642280693723,0.20092517322120435,0.5999749477899105,0,likely_human,1.0,0.32026642280693723,0.4873948154721508
UCdOG63iUi5UMGXK50W30Zag,-1,1,1,['f8f1fcf0c425f2abdde2d432ce9207d2'],0.5085068852313688,0.3192562906281885,0.12385236740059784,0.65085048303898,0,likely_human,1.0,0.3192562906281885,0.5085068852313688
UCh3JcKdrrKhZ5vn6bb9Af8A,76,1,1,['0a5053e3f4381b974900929f791c16a5'],0.49044144654069743,0.31917999485486037,0.19797857257999155,0.4756344362096834,0,likely_human,1.0,0.31917999485486037,0.49044144654069743
UCjgIsUCCe91Tya698z75TCA,57,1,1,['70fc780805433ad98ea40692dd9afff2'],0.4884406482683378,0.31806082889076376,0.17499820887280565,0.4842026009690894,0,likely_human,1.0,0.31806082889076376,0.4884406482683378
UCag5jhg4hwoc9KGvQcUbxgw,69,1,1,['e46257dd9a18377c74272a39d26863f7'],0.46401019370910024,0.3177031353008106,0.21608051468174025,0.513074380893051,0,likely_human,1.0,0.3177031353008106,0.46401019370910024
UC7ZtZnW20Ksj-Op2vAafwAA,80,2,1,"['69acdfb55a90a0d11f1c70e1645c71fe', 'aadc74f58974baf2de5a31a0e72dd57a']",0.4462898601551387,0.31662717861671463,0.19853455144995666,0.6198983259009581,0,likely_human,1.0,0.31662717861671463,0.4462898601551387
UCgdAvtc8EAWhus1tb4SI8FQ,-1,1,1,['52d1fd845e4bbe3d10f096da6f07b35c'],0.5116830584449736,0.31629424710200926,0.20125575242508,0.43095538618129314,0,likely_human,1.0,0.31629424710200926,0.5116830584449736
UC4amCZENLgPw12NhOH_aBtw,-1,1,1,['5babce66cf46d927af913c4df2602652'],0.4979472881527456,0.3158667929682913,0.19798542480524375,0.502345505200733,0,likely_human,1.0,0.3158667929682913,0.4979472881527456
UCh82Mun5I89Y2yKuDUEcxEw,28,1,1,['c56001b78ae40933c12693b17cb57480'],0.49602025633899205,0.3153498166706708,0.17451743301465844,0.45643629861037854,0,likely_human,1.0,0.3153498166706708,0.49602025633899205
UCTVwLqWwm4hZnEjEo7HRdXw,15,1,1,['2690e5f2c2afc7fb6fd887c9b619cf9e'],0.48099874364250683,0.31474880577839326,0.17448032626972645,0.5060902799754406,0,likely_human,1.0,0.31474880577839326,0.48099874364250683
UCe4hxuprNciIY9owFgw7beg,68,2,1,"['d1e488d63a782ad08ffa76006abacef6', '6c0aafec9e7e73b21bbb78c6b0ab0fef']",0.46416279662663257,0.3145904728274378,0.17599759765226575,0.5356008145043982,0,likely_human,1.0,0.3145904728274378,0.46416279662663257
UCc9evMpqHRpzjUvEgHgIljg,-1,1,1,['48586746ea6c3e20356920717193220b'],0.48953343213392453,0.31432833233904856,0.2112297673972724,0.5102817736086682,0,likely_human,1.0,0.31432833233904856,0.48953343213392453
UCYmdUzL6ZTUkkP2gP5Yj19g,9,1,1,['6989c9ca4b6e7d9df28322d85628c768'],0.451023834437757,0.31393701756027753,0.23804011377250428,0.5479384915337648,0,likely_human,1.0,0.31393701756027753,0.451023834437757
UC6ANfKz4qr3jTAV6Dbr_e5g,78,1,1,['1aa3288ffa362acd85361a2422f08b4f'],0.4556764766884291,0.3138741622934894,0.18765835130677266,0.5733716813344406,0,likely_human,1.0,0.3138741622934894,0.4556764766884291
UCzV4RPyq-dO_xs_ZkVjZp8Q,63,1,1,['9c2720e15d7c59fe1696248d8c780706'],0.45580361109414375,0.31371239237146636,0.21623318225870714,0.5496111983892035,0,likely_human,1.0,0.31371239237146636,0.45580361109414375
UC60vklOxvK82XoZXH14K-ZA,51,1,1,['482920e52c298346498ac851559accfa'],0.43990862700926053,0.31286657073787827,0.19793491710528785,0.5303406974061997,0,likely_human,1.0,0.31286657073787827,0.43990862700926053
UCfITbF3F9eeXS6ZzZQW2OAw,11,1,1,['20ccf58cce504cbf5c210c93f68f289b'],0.47886996731879355,0.3128157356892805,0.21264569472670267,0.422001226058619,0,likely_human,1.0,0.3128157356892805,0.47886996731879355
UCXp1hYqgz-D76SnFtcV2YVg,30,2,2,"['9a172587f11861577513afda7d53886e', '3f4f62929376069b30472752fbecdff5']",0.3915680725681357,0.31261037680903936,0.18175741957152175,0.8178797520619017,0,likely_human,1.0,0.31261037680903936,0.3915680725681357
UCu_O5P7XK5icNZ2WyhfA7nw,79,1,1,['0f2cf9d5b72992a04b2c310492a495e5'],0.4808983970039834,0.31179884071016245,0.18432529279536863,0.473835799117553,0,likely_human,1.0,0.31179884071016245,0.4808983970039834
UC9SzKb1S-fznI04g18P7V6Q,62,1,1,['b017ecb34e663d9ea3d039b08c35350d'],0.49709481007578704,0.3116681690505231,0.1322855956752165,0.5078561643198033,0,likely_human,1.0,0.3116681690505231,0.49709481007578704
UC7ST2Re92sw5j-P_e8Ek0gA,-1,1,1,['8a412948a1882b3d7575f3aadb94b539'],0.4781514250616751,0.31125691297851676,0.11413655995535481,0.7266469391041713,0,likely_human,1.0,0.31125691297851676,0.4781514250616751
UCDCmozhmU3e-HyIyTe2eRug,-1,1,1,['8cd9a55c92e75589fdf357a629404472'],0.48045008264552075,0.31094917875633854,0.23135960439747502,0.47758810406395413,0,likely_human,1.0,0.31094917875633854,0.48045008264552075
UC_6tVNZpMjPY4gidEv2ad3g,61,1,1,['1439361133c2f08972a27253c9f8cf57'],0.4570635899180947,0.31058032947358616,0.19372017791168133,0.5511111364077099,0,likely_human,1.0,0.31058032947358616,0.4570635899180947
UCbd2VhFwPqkvquky1YdtSjg,-1,3,1,"['d5bb434e63d359b9f1203fc6577bd3ad', '2c194fbe4f503d78e2ee013a84ec2f3c', '9b2b99788f53e383e63afec9d78d631b']",0.4543187990321753,0.31038960072125216,0.1492013991757302,0.7488018588319079,0,likely_human,1.0,0.31038960072125216,0.4543187990321753
UC6YrEr5sdbpTBGb7jBydQPg,51,1,1,['7b6c328762f178b86a8c16132bf2021d'],0.4557878194943789,0.31035172040503967,0.182448205756974,0.4529035477671071,0,likely_human,1.0,0.31035172040503967,0.4557878194943789
UCoLJO5DUHYoZqDiz3j9wlAQ,55,1,1,['fe9f4f79f5fb8d70fb3230ae12711680'],0.4597665885897582,0.30964774253920985,0.18481691897225375,0.452019636955233,0,likely_human,1.0,0.30964774253920985,0.4597665885897582
UCbX6uVwOpeaRdk-EXKPNwqQ,73,1,1,['99acbff07f2dcabb675c1019e3f47289'],0.44393659929895857,0.30948147028051165,0.2084714103923374,0.5714201936566208,0,likely_human,1.0,0.30948147028051165,0.44393659929895857
UCX54IkjMzC46u3eqa9KmQag,49,1,1,['aaf3168cfc26aa0cafa8b9a28baad9a7'],0.43974803476464003,0.3093579854581823,0.18872709851517017,0.6011600631845946,0,likely_human,1.0,0.3093579854581823,0.43974803476464003
UCqi4CEBWkYRRKjKtV8HbmZQ,-1,2,1,"['6e3ecf71269a6361d58250e7e23102f2', '7711475c52011597550a92862f3b81e8']",0.4703293918933067,0.30932094747406524,0.1895125327568464,0.5830616683391732,0,likely_human,1.0,0.30932094747406524,0.4703293918933067
UCiReaz_6crGlCVTN1Snd2_Q,10,1,1,['2864154d7f74dd79b5383369d3230d43'],0.458847105232041,0.30929610296261845,0.1825109551559155,0.5422139254180709,0,likely_human,1.0,0.30929610296261845,0.458847105232041
UCQxjLDhCeMdk3mfpxddrNsA,31,1,1,['dbe18013457c1f20b534fe3eb198b249'],0.47918853866972777,0.30891748324402935,0.18490256548305814,0.4216975478415683,0,likely_human,1.0,0.30891748324402935,0.47918853866972777
UCsr67mvfS7FLzDUl_cNDj1Q,14,1,1,['53a48dc69b1d2fd468cb1b2e08ed28b9'],0.4477374407207817,0.30881434259805535,0.21705737899851024,0.5029595937008164,0,likely_human,1.0,0.30881434259805535,0.4477374407207817
UClF_cYxYicDnglsm20j4Eew,7,1,1,['311c7b92fe5799d43dcce1b3c1b72116'],0.46279550431018635,0.30875111392974486,0.17769308271432668,0.4608000590896521,0,likely_human,1.0,0.30875111392974486,0.46279550431018635
UCle-xOdxjFQJkAt-UIQPHAA,-1,1,1,['c783d2c5f1533dd89a125a081438d32e'],0.47136487950535116,0.30872006352429665,0.21645670747085394,0.5175540725746535,0,likely_human,1.0,0.30872006352429665,0.47136487950535116
UCnyvnhRckBe-cre95P-BCgg,52,1,1,['116a6d8389f93f7fef61b7f7eaba1fce'],0.4469280925273874,0.3083138757000096,0.18984991250240718,0.5905880274055235,0,likely_human,1.0,0.3083138757000096,0.4469280925273874
UC6SlO_C8Kxkaapari9NX7nw,-1,1,1,['38db313fe206b6537c1a5567673f5d64'],0.48110470102280767,0.3080794609036539,0.2077620322792635,0.4706860440437386,0,likely_human,1.0,0.3080794609036539,0.48110470102280767
UCyIZdoAhhRSiWEAvOuxj_9g,43,1,1,['3a7e6d725f4843b8a273469c41e6b502'],0.43173930014875544,0.3076001766711783,0.2121454745527242,0.48296588551923997,0,likely_human,1.0,0.3076001766711783,0.43173930014875544
UCaROQnts63MOq3mDtq2QyeA,33,1,1,['e974e036fc90771e4fb7003bc7a464ec'],0.4563513255355993,0.30747953639684394,0.20827956287897106,0.49966446534585496,0,likely_human,1.0,0.30747953639684394,0.4563513255355993
UC_PebcHVPtongdf6w5tQ4rw,44,1,1,['67252e4e5bf9b9d82fc98cfe009083b0'],0.44140687346239177,0.30738247422579185,0.1738489286307906,0.5161139993200576,0,likely_human,1.0,0.30738247422579185,0.44140687346239177
UC2_7WiVUh65Eo2q2FinGv3Q,35,1,1,['126febc07dbf48b2f629d4ad112e20fe'],0.4465113719028244,0.30726969825251105,0.179061929444323,0.5468898142307298,0,likely_human,1.0,0.30726969825251105,0.4465113719028244
UC9euuZkqgYviuyAdEWWRNsQ,21,1,1,['3e6be2548a7f58eee21b07d7c390c15d'],0.46174397588280003,0.30699853069374916,0.20058854881099616,0.48351001669739757,0,likely_human,1.0,0.30699853069374916,0.46174397588280003
UCqQ9lmqABieqvtvSwQ3P01g,-1,1,1,['31daf3f4ec239dc168803bb6d57867fc'],0.4476493993507477,0.30652379231465227,0.21218167110460023,0.6101824885735023,0,likely_human,1.0,0.30652379231465227,0.4476493993507477
UCurJ-0yzokAsZ4-WVYrfirg,11,1,1,['373e9c7a7405bac90fffb07606ee8acd'],0.4763223117094504,0.3063939825728601,0.17880918143914698,0.4342084820692942,0,likely_human,1.0,0.3063939825728601,0.4763223117094504
UCLw1r6HtuWy5ktW40dl_ybg,-1,1,1,['3b6085af7e56ccfcbf2e2cc8e92bce56'],0.4803978546354407,0.30638889147912785,0.1965302402144376,0.48304195610286677,0,likely_human,1.0,0.30638889147912785,0.4803978546354407
UCDK7vHMn0pKx142weas4bCQ,11,1,1,['8a4094c939fbeb5afa86b997b479d25b'],0.45955750055065153,0.3061704224554228,0.18496749633001927,0.4881819903514307,0,likely_human,1.0,0.3061704224554228,0.45955750055065153
UC5I7jhv727SxIIIEPcYAxkA,9,1,1,['7e841684f99ba1ce8313d8deded64eff'],0.47179800818566503,0.30606936163364806,0.21583290425596374,0.4095780988595545,0,likely_human,1.0,0.30606936163364806,0.47179800818566503
UCsGcp7uQZ7RZ10uLw4L2XoQ,-1,1,1,['112874fa2e6d6e72f0e8e90167ccd82b'],0.4721475344908014,0.30598097428163923,0.19273689045032477,0.524920381975177,0,likely_human,1.0,0.30598097428163923,0.4721475344908014
UCqbce6TXjakby8Xan2HvxmQ,-1,1,1,['2406f399b0cdc0f55c71383f93e165b7'],0.4714862514997543,0.30591017760221867,0.22362925614171397,0.4725962296094396,0,likely_human,1.0,0.30591017760221867,0.4714862514997543
UCbOFTddZ9eK2GlgeROmqnvw,64,1,1,['154af1569fd84d1c83f12ff12f9be675'],0.4431130236408953,0.30589004077056337,0.1586004523428983,0.5272570127968886,0,likely_human,1.0,0.30589004077056337,0.4431130236408953
UCqi-hW4QupQYqVhZgQD-o_g,70,1,1,['e6b207293a82023c7094fcede8f5269b'],0.4675034598172588,0.30580999598616854,0.19115463241126304,0.3954704454499023,0,likely_human,1.0,0.30580999598616854,0.4675034598172588
UCBxdcOIAcyxxVrsbkgzRqKQ,7,1,1,['8486140d013af3d0cdff22f85da51e04'],0.4373046951117855,0.3057729522909132,0.22287638669352128,0.4684635605422158,0,likely_human,1.0,0.3057729522909132,0.4373046951117855
UCfX9b0EVGcBH4484epE4LUw,77,1,1,['9f30c4ce0ff38a133b5ffb816a7a2cdb'],0.4557921189254719,0.30563311198959797,0.2058915715317158,0.4804860890846869,0,likely_human,1.0,0.30563311198959797,0.4557921189254719
UCyiFeYTmWqXByyyu7enpI-A,-1,1,1,['00273a94a03e739cfea7b74119f24d29'],0.49423752532079823,0.30531260082015277,0.18330429744206286,0.441436507789826,0,likely_human,1.0,0.30531260082015277,0.49423752532079823
UCnRwRsweACDLEvVKl-xeTtQ,52,1,1,['2c5515677c5c0e41b13fc961d2e93f78'],0.46349881862751124,0.30497902210923966,0.18991580894765675,0.4687989079523081,0,likely_human,1.0,0.30497902210923966,0.46349881862751124
UC4oTHTBVpiyP9_OdchlYoBw,0,1,1,['19c6ad54d249696fb02c1246c427d605'],0.43230103717334356,0.30492613654597445,0.1474529132993343,0.7091111280642654,0,likely_human,1.0,0.30492613654597445,0.43230103717334356
UCelB0QbfxLojpqJFNsgpgEQ,43,1,1,['d809f64dd13540ebf619f3a1dcb13c92'],0.4376098905974575,0.3048851844701158,0.19655335622965783,0.46198287236202495,0,likely_human,1.0,0.3048851844701158,0.4376098905974575
UChZqz5SuEScxfNImUmtMyHg,7,1,1,['e203d4dd66a47476cb315a831b47b425'],0.48919237030078505,0.3046291759934947,0.14267487652954186,0.3784951279124689,0,likely_human,1.0,0.3046291759934947,0.48919237030078505
UCRL_Cy81Dp3L_Sba9udy0jA,-1,1,1,['3f9864202357ea1414972e86416b3847'],0.4748816420035121,0.3045835643694617,0.20929716898294898,0.4595063071712347,0,likely_human,1.0,0.3045835643694617,0.4748816420035121
UCtFtvP9nIRgl9XQKPxBxnoA,30,1,1,['bb7959785b592c9ea1742a3f58b3fc75'],0.43386976597011884,0.30422680805512226,0.18683923881759726,0.5251192575294439,0,likely_human,1.0,0.30422680805512226,0.43386976597011884
UCVauhqKElVCJt-ybjDSmeAA,-1,1,1,['42e88792a4113bd0157caf8df6236fd6'],0.47827217570066616,0.3040006935984707,0.19091381550388783,0.4766182407297481,0,likely_human,1.0,0.3040006935984707,0.47827217570066616
UCHrRezuP-yPp110kvyxED1w,-1,1,1,['112fa9d2e795e73355093a882ff74d6e'],0.4872050867160539,0.30398117555053683,0.19981502948104138,0.4235857696852375,0,likely_human,1.0,0.30398117555053683,0.4872050867160539
UC0OJM_M8weii0zkuC-Q-3fQ,47,1,1,['694fac64f4c3a63f5630457869ab3c03'],0.4745133414346763,0.3039106536305117,0.16546022299770632,0.45660198547668607,0,likely_human,1.0,0.3039106536305117,0.4745133414346763
UCp6R_AjuB1rGv-8SdyYjGBw,-1,1,1,['97753eafd461f9c3f61e7329395263f2'],0.5007034170285594,0.30387688440997956,0.09012964028081638,0.5949585978075379,0,likely_human,1.0,0.30387688440997956,0.5007034170285594
UCCWA-7zqH1gYV1PYdg-nm0g,36,1,1,['97caebb97e8afc2b560fa3bb7cab3ddd'],0.4701565580933795,0.3036636606674924,0.19258931220369113,0.42592579990890633,0,likely_human,1.0,0.3036636606674924,0.4701565580933795
UCk4ri7JzHbrbzdFBL2hnHtQ,51,1,1,['e02fa8221ebf57e7d0ce34afeac824ce'],0.45033335290602716,0.3036274243776191,0.12932223235751558,0.5307816801176152,0,likely_human,1.0,0.3036274243776191,0.45033335290602716
UCP1cO8gZqBXW9u8lEV3GU1A,36,2,1,"['9bc203cd7e2e242d9475185630c6e82c', 'cef7644f2a9d71a36c76b4996018a95b']",0.4304886059575933,0.3033212029341503,0.17337274899112728,0.6411326758727132,0,likely_human,1.0,0.3033212029341503,0.4304886059575933
UC2sA_93INBwoBAOkdXJxGOg,29,1,1,['24cf691f30a0702f4cd0c900a00fed54'],0.43897550589944406,0.3032437086246039,0.20250737408348657,0.47944207092742647,0,likely_human,1.0,0.3032437086246039,0.43897550589944406
UCTmhfUpe5jeVXHaMsRAZGeA,8,1,1,['da87e29f2945a3dd66c3dc2a2f72004e'],0.4440404531217779,0.3031516834508158,0.17808295411193087,0.5452945727214805,0,likely_human,1.0,0.3031516834508158,0.4440404531217779
UCqw1Pm-_Pt9MZA02VvyM8oQ,-1,1,1,['58bc5c43f1408e2c52f8ff5d3572ecc6'],0.4672705299425968,0.3026708209078562,0.17167186942882362,0.5851252948497682,0,likely_human,1.0,0.3026708209078562,0.4672705299425968
UCv6q5VoRACxxfkCARM6zs8A,25,1,1,['7abf9c817e036174e89c03a1204d5545'],0.48266941982435785,0.3025282206443414,0.16942763260009117,0.3992905740040247,0,likely_human,1.0,0.3025282206443414,0.48266941982435785
UChSFit3ya4usLgaQzf91o7g,30,1,1,['1ea8e87c2b8b0fc668e28e8eb06be2b6'],0.42296209229776044,0.3025062086714267,0.21079496420893729,0.5059274169623736,0,likely_human,1.0,0.3025062086714267,0.42296209229776044
UCB3tJvVaCvLztpDjZD6s30Q,-1,1,1,['0297627ffe460416906d4d0093f985b0'],0.43400510021716576,0.3024912692385866,0.2262117457069344,0.6011600631845946,0,likely_human,1.0,0.3024912692385866,0.43400510021716576
UCRbsNItHCulB81Sk7Hv4FFQ,49,1,1,['2b8b587d9d422758ed9c0414fbd9e8a4'],0.46360034562840186,0.30230162265189975,0.1582269569612308,0.47733475835035133,0,likely_human,1.0,0.30230162265189975,0.46360034562840186
UCqhg66B2aunrYKVVUtFiepQ,33,1,1,['8293ebe1d812ccf34a953d6e48ce34c0'],0.445773163566186,0.3022301621495871,0.18145111537945474,0.5490008251663789,0,likely_human,1.0,0.3022301621495871,0.445773163566186
UCIY1pamxfe-VRxowlr4SnSg,17,1,1,['7fffd8ffc233b578126cf161cea52e25'],0.45773176826246537,0.3022183655265551,0.21457031101278545,0.42668497466827077,0,likely_human,1.0,0.3022183655265551,0.45773176826246537
UC50UCBhOFZJlDT6qemQg5Gg,-1,1,1,['4a94a0909bc7cf51511a673c22b2951b'],0.45192695885302975,0.3019746573376359,0.22205301946780112,0.521005140537451,0,likely_human,1.0,0.3019746573376359,0.45192695885302975
UC6X1U8ASpiieZGX7kCmIlXQ,29,1,1,['ec1ae9ba7839030e99b7391452c515fa'],0.4441166673169108,0.30196972479327877,0.21003838085097504,0.43697295534280056,0,likely_human,1.0,0.30196972479327877,0.4441166673169108
UChRDOPH2ctE91TaH0Pw2PGQ,-1,1,1,['781f3bb147f0f054adc69a63d1fda18b'],0.46351029665140053,0.3018190776003296,0.19190647455939552,0.5223389661014044,0,likely_human,1.0,0.3018190776003296,0.46351029665140053
UCoSPXsQzlYXPw2_NSf4Hiwg,16,1,1,['bfbe9a19cb19481e144102c554d23a01'],0.45964808479765096,0.3017526948704804,0.16311802143776444,0.515956516821831,0,likely_human,1.0,0.3017526948704804,0.45964808479765096
UCl83_vSBvJTt8tWFrz-UqLQ,52,1,1,['b155800c7771bc5449728d456f26b08c'],0.4352865765952898,0.30173686764138624,0.1883837673959154,0.5689911952165382,0,likely_human,1.0,0.30173686764138624,0.4352865765952898
UCnRIcQcIwi3mHurrKrZPlqA,-1,1,1,['c6c83fc2e66836f2956dead1f26e457c'],0.4703042546405509,0.30147330879419787,0.20032582994756182,0.4761678702459015,0,likely_human,1.0,0.30147330879419787,0.4703042546405509
UCI--sjCJJxCQZ4crGZuz4Fg,-1,1,1,['bff111683758a8f69ccfb30853cb925d'],0.4789541902890121,0.30128497135711707,0.18955290603541639,0.46545600578430807,0,likely_human,1.0,0.30128497135711707,0.4789541902890121
UCFWCSQoI-CgJ0SC708kthCw,41,1,1,['e8bb4064f35aacae630b234ba8a5110a'],0.4523081531211002,0.30119369353084635,0.2024801408598282,0.4328854420508538,0,likely_human,1.0,0.30119369353084635,0.4523081531211002
UCpb2XKOieHiGqTssrJUANxw,-1,1,1,['2f1b0e8c579ba051d4e381a9e642ca45'],0.4741779181804947,0.301132645698009,0.20037473473064446,0.469775156576444,0,likely_human,1.0,0.301132645698009,0.4741779181804947
UClhOBPVGDVZNCNlO7FHjUcA,25,1,1,['b8582d293abcd7e782b622208867ba8b'],0.44100916368918497,0.3010639067099218,0.2204694247610914,0.49063544816860877,0,likely_human,1.0,0.3010639067099218,0.44100916368918497
UCEgyfKzHAak-cdl6euPiLJw,-1,1,1,['63b10532db3085dd99e944b37923ce82'],0.4541474774077088,0.30078445536365744,0.22448396715425065,0.4948287804848851,0,likely_human,1.0,0.30078445536365744,0.4541474774077088
UCBrvMdDHKuvryUS6Aswu08A,-1,1,1,['20b2f637717d08eb5ac1032d04491af2'],0.46511024176718974,0.3006730498868755,0.21861751456260733,0.4608040285189051,0,likely_human,1.0,0.3006730498868755,0.46511024176718974
UCJENnwpdvCtHyumKFVubZog,-1,1,1,['4cf5a9ce544fc45fb4f2aac79c2dba80'],0.45754377883364333,0.3006232043883471,0.20653413114544472,0.5081697575945148,0,likely_human,1.0,0.3006232043883471,0.45754377883364333
UCXo-YD14T2P1vVYMThjG_4A,-1,3,1,"['6b5caacf2ae12bf2b1d23b045f790673', '4ced7c5fbac1f88191cdfe94cf0742f4', '679ce3c524d3c6208592331f823f94ba']",0.4268325866938669,0.30057987294280175,0.2022993145600949,0.661966585465803,0,likely_human,1.0,0.30057987294280175,0.4268325866938669
UC8rDFBeJkOEz4DpS51JNqgA,55,1,1,['238d84ceeb88e7c8771ee127aaa9922c'],0.4223895045616631,0.3005398434127873,0.20362188800989728,0.5036066734390126,0,likely_human,1.0,0.3005398434127873,0.4223895045616631
UCFbLUqv1XsGBV5vd5goZd6w,69,1,1,['c06556a6c66f006ecfa6edfba454cafb'],0.44996383588561395,0.3001792376330087,0.19001598209060008,0.4552458113704272,0,likely_human,1.0,0.3001792376330087,0.44996383588561395
UCrFgYXbc5Kc664vVEOUFjSg,-1,1,1,['7375e1ed7243a4bcac2b401e348ca103'],0.5107500187647225,0.3000726776537757,0.12974973273677187,0.43278815073145127,0,likely_human,1.0,0.3000726776537757,0.5107500187647225
UCUzJvlIOvygCBjNBfKw8scA,17,1,1,['2f2a5a1a96cc78b5233a5e7e2fe54954'],0.4393229636036203,0.3000316426199316,0.2134989294703292,0.4910408107741301,0,likely_human,1.0,0.3000316426199316,0.4393229636036203
UCYqMjj0iV_DouX_pmwr61Kg,-1,2,2,"['fcf0e6c8c8863844f17678922c8338ea', '24e5171186427249c8d8273af7742d1d']",0.44408781128788644,0.2998753312882495,0.1738807646839866,0.64539962034437,0,likely_human,1.0,0.2998753312882495,0.44408781128788644
UCM8sb7S8H9v_z3TLy-oVPdg,51,1,1,['9daff03fa35c3044a968a5a98d5ef4cf'],0.44930372834404614,0.2996984466402449,0.17448602491565116,0.3931132404054234,0,likely_human,1.0,0.2996984466402449,0.44930372834404614
UCgEnzBobrxXhG8ovfNPFjCA,47,1,1,['9501c1acc6f5e8e427ce7c2e76ab5150'],0.4482920743215289,0.2995933080818769,0.17430268478742247,0.5277431747227452,0,likely_human,1.0,0.2995933080818769,0.4482920743215289
UCtdRQAqR1F5WzdYVPFaLmKA,66,1,1,['9ca7fe907068baa1990c91f61607b904'],0.4627223042821639,0.29941100239258694,0.19439773836664442,0.4110871949558894,0,likely_human,1.0,0.29941100239258694,0.4627223042821639
UC_nY7qvBlF3yWmSr81w19OA,38,1,1,['3cec5f6698638e018f4d02aa1727a593'],0.444511567774008,0.2993137444067187,0.16498872114692337,0.4612768135132225,0,likely_human,1.0,0.2993137444067187,0.444511567774008
UCz-1vxPoZA2A1dYLjK8mMow,-1,1,1,['c12b03274cc84f257356ae0ae1ac4c8a'],0.4800927911349448,0.2992293062656899,0.19522345110333322,0.4218811174138148,0,likely_human,1.0,0.2992293062656899,0.4800927911349448
UCuexDA3qkPycioSL2VDXROg,55,1,1,['79e25a7aac87caf7b6eef8423f6507d8'],0.4798858978447914,0.29904026401181827,0.1284035988071163,0.38258836658804296,0,likely_human,1.0,0.29904026401181827,0.4798858978447914
UCqtJEJ8roQwC1Jr-G-yqLAg,4,1,1,['bc26f0c4ab193c7340f8285183d4fc0c'],0.44637322694252185,0.2989666521392901,0.22046522880741115,0.4140943530357878,0,likely_human,1.0,0.2989666521392901,0.44637322694252185
UCPJn2p_48xQ7q2ctoCpD4pw,64,1,1,['f998a0dd965bb4fc1b81925b5ebafba1'],0.42544566660367034,0.29888094908690926,0.19675271986922224,0.4535979204581355,0,likely_human,1.0,0.29888094908690926,0.42544566660367034
UCQXgCwEa4uR9jFL9O6zvM1w,55,1,1,['083072ab9679184319e21c004cdc2fc5'],0.4342803611927272,0.29883374493551806,0.18740243523995473,0.4636994787942582,0,likely_human,1.0,0.29883374493551806,0.4342803611927272
UCQi86xJudjVJCrDbwtLJKSg,43,1,1,['273716a5b3993bb49045c99a36c7d4ab'],0.42454515146242155,0.2988134877384542,0.19151353232827636,0.47010051645431694,0,likely_human,1.0,0.2988134877384542,0.42454515146242155
UC1K6jBYLly7LD1GvH31uJ9Q,-1,7,1,"['98131a50110ac701ef792477db14a383', 'b8c64c23ad3e288b49e669430701e0f9', '00d6f3d1b11fe25b1a0495232dc007f0', 'ba6768b383bb5e3b138e2360df52c298', 'c1ff8f09b0f37018f56653a3f0579eba', '6a377a8c93c5ec5d3d0b12e68556cb36', '0527e545611a6e84fb6296b80b916aad']",0.4298587499651027,0.2987873122345498,0.1559961322546602,0.7266469391041713,0,likely_human,1.0,0.2987873122345498,0.4298587499651027
UCGXLpxq8sie7uWAk5Mei3sw,-1,1,1,['1e67eb8da46ea3c834526f7ed33d471b'],0.44532202176029495,0.2987192984383853,0.2237975805502693,0.5145138819336821,0,likely_human,1.0,0.2987192984383853,0.44532202176029495
UCA_vWItKZd_dKNsqJpy09Kw,54,1,1,['cbd2fc13d10560a02eeab1fcc25edb77'],0.4353106572637169,0.29866643945770455,0.2013796916654185,0.5220671108444759,0,likely_human,1.0,0.29866643945770455,0.4353106572637169
UCY7-ILTX9eL2pDzkOLwDmYA,37,1,1,['310a353e38cc3046d3f59937b8aadce7'],0.43886273740479986,0.29860405862680883,0.21312567561874904,0.47623013710311823,0,likely_human,1.0,0.29860405862680883,0.43886273740479986
UCrVG2g3hCT3ZO1HBdLg0lJQ,14,1,1,['d93c995d430e15321805d2bb104af438'],0.4803843905098523,0.2982576306433751,0.1518473776688286,0.37849918615752626,0,likely_human,1.0,0.2982576306433751,0.4803843905098523
UCF_ZO08Z9TEdzo4GaCMiqzA,27,2,2,"['1e7b26b45ccfcfbdc76b6d566b307735', '3109fdc12e31f14258ed267e90d67dc5']",0.42516178474014416,0.2982550720730071,0.19613043457428647,0.5725452093343886,0,likely_human,1.0,0.2982550720730071,0.42516178474014416
UCLLosUuM6DOcy3uohU5JkxQ,-1,2,1,"['2a7da800d5a0d03c9829fee5ccfd7db4', 'd6df84f5759a98ed7f461249665a486c']",0.46714858857027786,0.29816062359116186,0.1821494731086477,0.48847567005511716,0,likely_human,1.0,0.29816062359116186,0.46714858857027786
UCL1GO40gZwDwQcliwSeibpQ,-1,1,1,['0f5015889b4536852165389a55e871ae'],0.4540604027969563,0.2979652549262317,0.18410607409453764,0.5504213666302267,0,likely_human,1.0,0.2979652549262317,0.4540604027969563
UCdKu7f4_xvDk76cBywWEYqA,61,1,1,['f760a5a5b2d45bc75c03aa7acbe9d2d5'],0.4585864361969795,0.29794678276753955,0.1863005185373462,0.4219740513189119,0,likely_human,1.0,0.29794678276753955,0.4585864361969795
UCy5wtg21JOcL3IQX2rSTUww,28,1,1,['de6d906674b5e52f0debcf007f0f71a0'],0.45140692122470333,0.2978986720538118,0.17907850791098737,0.49144629735155376,0,likely_human,1.0,0.2978986720538118,0.45140692122470333
UCEoQxz3osed6rv_WE2As72A,-1,3,3,"['1f09d3577398c31194eb1b10435b0cee', '81f138d4cc9042b7fdb733ffc9a7850e', '647499ee504ad9c8c58996a7e0689bc3']",0.4291695751780827,0.2975801561553364,0.16953947795948318,0.6972348311113087,0,likely_human,1.0,0.2975801561553364,0.4291695751780827
UCu1W2L-EUrE07wZYMh6D5oA,78,2,1,"['3a2f8dcb3c31e980bfa458c83d34aab0', '8560a9c8c82fd75fda2be36ad0a96e12']",0.4467616397557835,0.29752453414124397,0.17268570465219182,0.48203624054432237,0,likely_human,1.0,0.29752453414124397,0.4467616397557835
UChV5GLWpaNDr501QNg3Tzuw,-1,1,1,['e333badcb47efae607e17891a674c365'],0.44442439956099644,0.2972575094906228,0.21039712288372228,0.5363511254713726,0,likely_human,1.0,0.2972575094906228,0.44442439956099644
UCUMjr51IH7WYuKuQ_W-_QFw,-1,2,1,"['80b43e720d211734e755a41c47630f3d', 'b1617b85f03fc26f8cbfd7a37ab041b8']",0.4323828651932289,0.29714611249497447,0.193686265235346,0.6209679970183686,0,likely_human,1.0,0.29714611249497447,0.4323828651932289
UCZo0em90gT7cexZZ8vyJziw,-1,2,2,"['c375ad0e9f75519a8022a8b8211107a8', '5c36cd3feb790b806d7b9841a6cab9c1']",0.4231477906989468,0.2967834731424641,0.16104729462549733,0.7271810900787119,0,likely_human,1.0,0.2967834731424641,0.4231477906989468
UCndf4j84cDOVQxf0MRfvFFA,-1,1,1,['a864aadee66cf44ea5c3f8ffd765b636'],0.4878604745355524,0.2967519325919425,0.1382147570681141,0.4846420707531527,0,likely_human,1.0,0.2967519325919425,0.4878604745355524
UCdw9D0pYCLz1rgbxSH63Cog,5,1,1,['45e53845a9162a1dcfd156753d607500'],0.4422985756578771,0.2966936766956688,0.2051943734052254,0.47010051645431694,0,likely_human,1.0,0.2966936766956688,0.4422985756578771
UCSA81cFySOYeLzM151kCvaw,-1,1,1,['fe4d1b57eee3f05a805ba53dfb034d8a'],0.46895302258524074,0.2966056162767113,0.17693937534755153,0.49018800509514104,0,likely_human,1.0,0.2966056162767113,0.46895302258524074
UC0-5UVBwytMzFNpByiE3j2A,-1,1,1,['96ee6c3d0660516a36d6e74b70f6d588'],0.4380690881928887,0.2963600308963234,0.1982176237056466,0.5710909602738885,0,likely_human,1.0,0.2963600308963234,0.4380690881928887
UCmGJXUjlge76zhLgF3oekSg,44,1,1,['f9c169c61286ca267e1c68feea989b1d'],0.4558510157353596,0.2963302280199008,0.15329246085825926,0.36971497219463245,0,likely_human,1.0,0.2963302280199008,0.4558510157353596
UCaCC7tiP0ntGpl0UTAMgwXg,65,1,1,['a2b7e08249699d004f0f6e1ab309048e'],0.46173632886973354,0.2962994119361362,0.1456713836082167,0.4938792092888976,0,likely_human,1.0,0.2962994119361362,0.46173632886973354
UCOvOseV19N_oRXoDLUYqfCg,57,1,1,['9553420bd0c4d8d5dadbbfc35d8ef2dc'],0.42943762496216764,0.2961951929890144,0.21360575439234838,0.4678768819630335,0,likely_human,1.0,0.2961951929890144,0.42943762496216764
UCEmHg9cSvrR9-kkbnJw2DHA,55,1,1,['f535f1ffb2288c3eb3fc3af8f420dc1e'],0.4072376660671627,0.2961742813291437,0.20653381360765624,0.521005140537451,0,likely_human,1.0,0.2961742813291437,0.4072376660671627
UCe-vhiftnbujiKgMGfie7cg,-1,1,1,['e4c1f7f6fef89c21a7ce94b39d7a8fab'],0.4605411684142455,0.2960752157950903,0.21145374250254445,0.4392786448226083,0,likely_human,1.0,0.2960752157950903,0.4605411684142455
UCW4DTdvPpXsvvxZzD32UDgA,-1,1,1,['3112394b5547852b2ac1b4616932d14f'],0.44858334928900534,0.2959754224725656,0.1935710542024262,0.532707245930341,0,likely_human,1.0,0.2959754224725656,0.44858334928900534
UCB9-4aGQCJSwyGTRGXCl0_Q,-1,8,1,"['f0f82b8f3f45f164e72b2a1ed63292a5', 'ecf58d031482e76da98a4c1ffc2cf0dc', '8aae04d8d16f97956f2e98364fd779f6', '4b4563774233baa3184b54a5778662ba', '9b48c6cc1234d96b0b0dc82a01339e2a', '468e28d2ef216bf918dd97771623bb2d', '84e0f410b95ad8c66481ca053bb54bb2', '8dd0c5ad4d1629594d3c9df66097f3a2']",0.4170472261738262,0.29597023954325336,0.16028865107363138,0.7488018588319079,0,likely_human,1.0,0.29597023954325336,0.4170472261738262
UCctGCJdbx9EgG2W_y7tGc1g,-1,1,1,['c7bc519c03220ac1496e8a281e8997de'],0.45178872503335765,0.29592878589466415,0.22400187235400357,0.47198693413460713,0,likely_human,1.0,0.29592878589466415,0.45178872503335765
UCOoAo5nq30850DPQmNqo1Fg,-1,1,1,['ec8b419e0d7eac79118fe705124bf114'],0.45208487217784665,0.29556314133547923,0.17939076195378362,0.5471587875989572,0,likely_human,1.0,0.29556314133547923,0.45208487217784665
UCZiHGUYtVOTQUyE5XwcR3OA,-1,1,1,['583170884647cf18f957472d255b18cc'],0.4583577385684936,0.2955457490387838,0.20491481037214282,0.46863223809558974,0,likely_human,1.0,0.2955457490387838,0.4583577385684936
UCakGMiQN_jGVWn_iwS-6bgA,67,1,1,['4f9941cb4163b95740b713367fb628a7'],0.43410774180558964,0.2955089845661505,0.1787867198525395,0.5094972863716255,0,likely_human,1.0,0.2955089845661505,0.43410774180558964
UCvizeihd0C80NJU5gKBBWZA,71,2,1,"['33020b9117476b6b98f7149a8412d18c', '61f690369eec80776e3060f9460dfc15']",0.44652780745720344,0.29550874439389624,0.17823808992125298,0.47746677070680765,0,likely_human,1.0,0.29550874439389624,0.44652780745720344
UCjjzD6I9d89vT2bs3BE2maQ,-1,1,1,['b73729931736ed2cb43ac5f33a4ee9db'],0.48928344973239346,0.295451557155612,0.12582021895170595,0.491734249614748,0,likely_human,1.0,0.295451557155612,0.48928344973239346
UC2o_CVJzXsFaWnBfgtq9zmQ,81,1,1,['0df9f176b99a2d02343f8a1f076a943c'],0.46406560536826685,0.29542628534521154,0.18705299899661654,0.3857050312551003,0,likely_human,1.0,0.29542628534521154,0.46406560536826685
UCIcYxb8Z9NAyQHlQ4Dgzdtw,-1,1,1,['0cb3870db21d9f850f11c08c372d6cbf'],0.461042787179488,0.2952218346225198,0.20413779995909162,0.45967917284026416,0,likely_human,1.0,0.2952218346225198,0.461042787179488
UCpH0qppw6ZdnQv2KEHgPmQw,32,1,1,['44d248c4740b906c9bc69717611f3a42'],0.44155199014178625,0.2951836854463099,0.17300201776986887,0.5167645048172733,0,likely_human,1.0,0.2951836854463099,0.44155199014178625
UCmjIpGewm6Ky0CZ9W4PoNmw,12,1,1,['a6127ecd2acbe1a62e9aff2056cd43bf'],0.4557002422310633,0.29515342404916206,0.17510544994421534,0.44923001178244437,0,likely_human,1.0,0.29515342404916206,0.4557002422310633
UCDiSMd4I1N5lenbpLAJgIEw,32,1,1,['4a74de8d50fb5bbcb0429f36209c5cff'],0.5009965999474273,0.29514978472575465,0.1277039028900255,0.334412636018188,0,likely_human,1.0,0.29514978472575465,0.5009965999474273
UCi9Jg0cB_w43yjZcafMESnw,77,2,1,"['cbd7e6a43d4cb857c31763a3491a11d0', '7e04c0242ad6657842280916e44506f8']",0.47475389683276426,0.2950150385129447,0.13819811879553542,0.4317437161139456,0,likely_human,1.0,0.2950150385129447,0.47475389683276426
UCcj3O7miPBuHHF8HyzVXDrw,-1,1,1,['7d5a6759431790b8e2d6d44d1e8c9104'],0.42809744638799063,0.2949979212509145,0.2292471613207298,0.5533933005871717,0,likely_human,1.0,0.2949979212509145,0.42809744638799063
UC9AFKKqhXgZYR_o0YXY40dA,-1,1,1,['dd6f1c24556b1042f56af3c7f8de927d'],0.4455274678398814,0.2949854743327551,0.21111574126554242,0.5101154324019689,0,likely_human,1.0,0.2949854743327551,0.4455274678398814
UCuCxtT1Bnve2HftbGCL4_Zg,-1,1,1,['4f8b75268a483a61d58e189a3e563018'],0.4572603157738791,0.294921872428479,0.17369409607720757,0.5299189751853827,0,likely_human,1.0,0.294921872428479,0.4572603157738791
UCT4MrLc7jMQdpxEgLK8L_7w,80,1,1,['5a175065456e85a1df3ebde746197f25'],0.381923093415414,0.2946996633364245,0.1909776691339679,0.7271810900787119,0,likely_human,1.0,0.2946996633364245,0.381923093415414
UCV5saiNPvDIkOnGgcMdC4tg,74,1,1,['2288b375b2ebe23e1e9368ac75a5d838'],0.4486031496506123,0.29469331003283394,0.20010412097239588,0.4190278797778547,0,likely_human,1.0,0.29469331003283394,0.4486031496506123
UCtdYGERa4WjbKVO4beDYpCQ,-1,1,1,['f46c73ae00eeed7c04b697fa59606c38'],0.46034908318263823,0.29464703131329295,0.15208151749147591,0.5619817217771284,0,likely_human,1.0,0.29464703131329295,0.46034908318263823
UCFJnklKYvnncUXZ8rmErepg,38,1,1,['09e98ed0412685a3cce14d52a6f149ac'],0.4086656660013245,0.29460369399591513,0.15840595996114815,0.5967170278021352,0,likely_human,1.0,0.29460369399591513,0.4086656660013245
UC3AfbkYR4IQOqYFqbMB54xA,-1,1,1,['a7af02b56a195b737de4804e92b2b028'],0.4437217345194105,0.29436958913792943,0.20338517790000987,0.5174792041570465,0,likely_human,1.0,0.29436958913792943,0.4437217345194105
UCXVlElKJvRyzxHEZSRNsigA,-1,2,1,"['2978e31cfb818052d721f31c2794776b', '9724ef4b296860bf244ea5ba4c9a7ecf']",0.44296421168605454,0.29428555296415587,0.16927106012757218,0.5906084449294174,0,likely_human,1.0,0.29428555296415587,0.44296421168605454
UC4Gn6sFAfXkorAMW65tqwdQ,-1,1,1,['b2cd39c3bf4e30087b20aa597429d1dc'],0.45523182185098154,0.29419671150661375,0.18013435445651022,0.511487872943889,0,likely_human,1.0,0.29419671150661375,0.45523182185098154
UCR7xw30xVQPwNQy93hOGI0g,-1,1,1,['84e17a67adcc92ffcd11c71a790fa32d'],0.4539040898983512,0.29407058028689,0.1924361119386903,0.4846911093226676,0,likely_human,1.0,0.29407058028689,0.4539040898983512
UCbIiCSId6hfR4Ob730-ACWg,58,1,1,['5de7620bf65fa08dcc349782dd45eb35'],0.4249852443687353,0.29402214576090935,0.1843320073878879,0.4948953686586343,0,likely_human,1.0,0.29402214576090935,0.4249852443687353
UCmef13hNyz3DoBYmPjLIuqw,-1,1,1,['bf611dddee82c6044f24cb2d4983eb32'],0.4656644824850979,0.2939947361851347,0.17731504880413662,0.4637983547240953,0,likely_human,1.0,0.2939947361851347,0.4656644824850979
UCQ4on3x7s8s_Of10znbJtkg,49,1,1,['87c83c690859699aca646a52081f799d'],0.441986127319934,0.2938256930925321,0.1723337130782583,0.47580416780994617,0,likely_human,1.0,0.2938256930925321,0.441986127319934
UC1_nF_AKcCr-IIG-Fg3OtWA,-1,9,1,"['01c840dc33196a1cc8722cd6e8a6f7c2', 'f43ab75e88a9b31d2652baed81fa26ba', '8f4a18e0fdd66820ddaf5c7516c430f6', '951067564bf65222530438c8f7f11068', '58d2b635b01ba4cb663a917135303355', '4607cf3123dd72e83f5e7cdf8fe9e612', 'ac618317a559e402bb44c946808c3270', '594eeb5423af2385614da5cd12464d38', '17270982b305184ea3af90e809cbd1ff']",0.45830495753434813,0.2938203228655101,0.10852682493124242,0.65085048303898,0,likely_human,1.0,0.2938203228655101,0.45830495753434813
UCs6zRtlNrFOmY5-Cfy33nVw,-1,1,1,['5c0761689a709899f18f8c439ea661dd'],0.4074414843207742,0.29372183115170847,0.260524834276379,0.5891443232352304,0,likely_human,1.0,0.29372183115170847,0.4074414843207742
UCiXaqUcyCgfmT5zcfL2kEzg,-1,1,1,['23a1942c709f98cc67c2bad7d9334dc9'],0.48582956167219754,0.29372132490628733,0.14012784207496343,0.46081933806108094,0,likely_human,1.0,0.29372132490628733,0.48582956167219754
UCGElHlG25YBeggkfcJFFp0Q,-1,1,1,['7b7e80e4f1d0e2c78f697c5c12d7fb9a'],0.484158371401195,0.2936964088831221,0.09312898115808105,0.5649685057142242,0,likely_human,1.0,0.2936964088831221,0.484158371401195
UCMfxLJzvdgEu-G1p2kDK0gw,-1,1,1,['f34c85c75edd684175ac8dbe40b77d9e'],0.4687336485024674,0.29336483801349744,0.18869919229523907,0.4491187409782823,0,likely_human,1.0,0.29336483801349744,0.4687336485024674
UCuII0Bsi_qgCAyQSzU54t6w,-1,2,1,"['bc2b4e4f204f9ebe60466bca6f5416cf', 'ff08052368e4b62d4782a1a00ab40320']",0.43073086114230674,0.29328903470645085,0.1991225571909784,0.5817358153633269,0,likely_human,1.0,0.29328903470645085,0.43073086114230674
UCxo34Z_-IA37h8o6FMLnl8A,37,1,1,['42e7ff617fc32ae4f892f7f6ff581310'],0.4664141164570058,0.2928159962468225,0.1512021732342381,0.41115812131792595,0,likely_human,1.0,0.2928159962468225,0.4664141164570058
UCYOAyYgHXpr9lgtvg8ZshQg,-1,1,1,['99a21a34c04bac2ef879a547e4bcde89'],0.4843869428995019,0.2928140611301163,0.16088680382587683,0.41123559834707035,0,likely_human,1.0,0.2928140611301163,0.4843869428995019
UCMikPHhpXF3Z8HfiEz4QLyw,62,1,1,['2c00fd0396fd0f305f275a5f7a13c997'],0.4362650675792192,0.29281402651917826,0.16589316159767895,0.517481876862811,0,likely_human,1.0,0.29281402651917826,0.4362650675792192
UCxXsIFvn6f3hdmDHt4K6PAQ,-1,1,1,['2b45d5e6999d48ec286ae8c99b34d9de'],0.46556437633193837,0.29279300345192255,0.19458685365146475,0.42852764713257147,0,likely_human,1.0,0.29279300345192255,0.46556437633193837
UCjZSr26T86eJwOOnmKQCkXQ,-1,1,1,['52cb4f40710308cb66bf0ea0cc6e34e4'],0.441525081255224,0.2927152567533102,0.1902509391315433,0.541713767967685,0,likely_human,1.0,0.2927152567533102,0.441525081255224
UCiitr-tOs8wA-NbUS1mLhmQ,-1,1,1,['cee0e72f9121dde071ceecba54206cda'],0.4585241930583007,0.2925607111049153,0.1864046158653987,0.4674157378159583,0,likely_human,1.0,0.2925607111049153,0.4585241930583007
UC2pDnsnToCz9zN8gb6VCN8Q,-1,2,2,"['14c3e965362beff66fe0f19a8ac32cf1', 'c7aa6045ea984115e19cba4ce3f2c683']",0.4420143368747996,0.29250483971972563,0.14768738721054833,0.6372399591669186,0,likely_human,1.0,0.29250483971972563,0.4420143368747996
UC-FtoiiBoRTJr3sQzWqBvwQ,-1,1,1,['0312ea7828337ee24936a66320c1ffc5'],0.4366634239765429,0.2922160119913416,0.2217936974930164,0.5092039885995792,0,likely_human,1.0,0.2922160119913416,0.4366634239765429
UCQGeBMHi7yLE7pbc-FyAjDQ,-1,1,1,['40c89c90b2013ae7a1903b88eec33a62'],0.49723512414327803,0.2920145344314508,0.13417931140927677,0.3977151378038941,0,likely_human,1.0,0.2920145344314508,0.49723512414327803
UCpl8ayldXLxOhVSN-fsJQ2Q,8,2,1,"['4c94ef0cb1555aa40d313832779129f3', 'f35403e96444cb7d4e935263fdc85986']",0.4324593863456784,0.2918996271626241,0.17528532914343387,0.490955025037334,0,likely_human,1.0,0.2918996271626241,0.4324593863456784
UCREzd_hIP92_wI5K1TKjwDg,18,1,1,['47b1ad2988e5a037172f19b42998d671'],0.4257368565855567,0.29182656117468286,0.20252866800464037,0.4949037310819353,0,likely_human,1.0,0.29182656117468286,0.4257368565855567
UCVvVB7_mdE9SNUwM-_C1MRg,-1,1,1,['f7915f6e1bb511aff4d4ccd01f49d10d'],0.45208119912458966,0.291748077234276,0.1905409812594505,0.48488929781911944,0,likely_human,1.0,0.291748077234276,0.45208119912458966
UCDpDHPvnPkiAjSovbljSujg,78,1,1,['abb4aa17b86aaeddc5767f8daacbd3c7'],0.4144293597765478,0.2917320392285818,0.1965690342461744,0.5213851103789107,0,likely_human,1.0,0.2917320392285818,0.4144293597765478
UCpocCN0DmAbHf6lHXyL9C4w,25,1,1,['23618fbc96d76f5b126bdda314fa7d9d'],0.422459438580755,0.2917254601462574,0.18679172003619438,0.5307816801176152,0,likely_human,1.0,0.2917254601462574,0.422459438580755
UC-t2OQcKkmgm7aZrCIxYLeQ,-1,1,1,['255a7b3eb287d51b9ad018aafe16e906'],0.5299572967768924,0.2916484232326121,0.11151688932489054,0.2996067463813179,0,likely_human,1.0,0.2916484232326121,0.5299572967768924
UCaqN9Njp8Avrh9t8Y80BLPg,-1,1,1,['a385928bdb1684cfb5a4fdf6aefff4e0'],0.45975063451361237,0.29162777475002,0.19122972694670612,0.4672562562188435,0,likely_human,1.0,0.29162777475002,0.45975063451361237
UCDa0GQQyWwndhnx7zL4sr0w,-1,1,1,['f815df66afac2ac4037400bca25cbe5f'],0.4416004735801766,0.29160652738159487,0.20776523690155232,0.48640462584781874,0,likely_human,1.0,0.29160652738159487,0.4416004735801766
UCRFH-LtUUtAXjrkoiWM8zBQ,-1,3,1,"['5d724434907e439b934544b77dd4f94e', 'd90c4b7387d7ecd549db569735e10175', '6f8e9b4ff334ccf18182dd411d49c941']",0.4269172092087076,0.29143126816911935,0.21162935025369806,0.5492549587832849,0,likely_human,1.0,0.29143126816911935,0.4269172092087076
UCHyEouwt0MHCIIbE5ctPIeA,55,1,1,['cffead959924312ec8e547914b516ed5'],0.46627239349379646,0.29115176069105875,0.12425876196504104,0.37738261443060467,0,likely_human,1.0,0.29115176069105875,0.46627239349379646
UCqtOKKwYZSqqs8OARaPfTzQ,28,1,1,['b54f1b1f18e504039e99dc67c16d7366'],0.4419849649679926,0.2911173962664956,0.18339637313095122,0.45057725817546507,0,likely_human,1.0,0.2911173962664956,0.4419849649679926
UCLShV3RlKk51URfG8d9btNg,5,1,1,['55370167686be4046050dfcdf647090f'],0.4406693383797031,0.2911115011007859,0.1914445854203623,0.43731050657327747,0,likely_human,1.0,0.2911115011007859,0.4406693383797031
UCfPEjrdt_jYO-7YBKAgd5dg,68,1,1,['eb64e3bbed091f583b8deaefda8a6200'],0.4480351975207797,0.2910000346945741,0.15015489737789356,0.42316953014910597,0,likely_human,1.0,0.2910000346945741,0.4480351975207797
UCNjz7OJl74xxxeXtVBog_Wg,-1,1,1,['78807ce51a960984cbb9489707de9001'],0.4434576319141177,0.2909584943790232,0.13964113646271453,0.6280304120289124,0,likely_human,1.0,0.2909584943790232,0.4434576319141177
UCYdKn7O5e7HvhFv83WMEIlw,-1,1,1,['28094c2d4ceee395ce8b287c44b56a3d'],0.4602456591749348,0.2907659803016778,0.18758963903503345,0.4599335495293149,0,likely_human,1.0,0.2907659803016778,0.4602456591749348
UCAj3SG47d_QuT8w5VjL-0GA,-1,3,1,"['88d6caa65c276392111e92a9c91d18db', 'c6a2ead0d0cc3de54075f9ccee5b66ec', 'df55e3a739c58299193be877e9f9f051']",0.46267916784361,0.2907310599292374,0.14053316372368319,0.5300621473207784,0,likely_human,1.0,0.2907310599292374,0.46267916784361
UC_ceaEcM6M5Y0_Y-oTJdChg,-1,2,1,"['8c9a8978b82dd1fd08c49622b78e3453', '1bfd49b77da6557f92979a9d244e82b5']",0.4455495998913271,0.2907273443612108,0.20175780741480479,0.4818303901925552,0,likely_human,1.0,0.2907273443612108,0.4455495998913271
UCPx6COWolwf1jspDWJGFo8g,60,1,1,['280ada05e26e39faef08e42dc0daddb2'],0.44427534469117724,0.2906647293977562,0.18037905214426253,0.43554134236824155,0,likely_human,1.0,0.2906647293977562,0.44427534469117724
UChN7vDHcrHxa1GQ3E00B6mg,50,1,1,['497efbf78058f989194ba4a7bcaa5240'],0.49881337302824547,0.2906294961613873,0.12469790177725856,0.31463830203026594,0,likely_human,1.0,0.2906294961613873,0.49881337302824547
UCZpevvYCPpxs-4MXbJDXecg,-1,1,1,['dd904f2ff8594fa091312b618e43206e'],0.47942546645537243,0.2905228505546932,0.12722122289425292,0.48273903913993016,0,likely_human,1.0,0.2905228505546932,0.47942546645537243
UC8HpA2SRZ7otKpBwOP_pFPg,71,1,1,['e035f7fdbd8dd3b5c717afadf534e908'],0.4346717994045346,0.29049474572411815,0.1832317873242154,0.47366968483996774,0,likely_human,1.0,0.29049474572411815,0.4346717994045346
UCvTcP7weib7Lv3Ck_HVYBhQ,20,1,1,['3fc98f14d79a5448dae5cbd4ea3400ba'],0.4427505148427927,0.29047528127792877,0.1908403462019273,0.42294895548807077,0,likely_human,1.0,0.29047528127792877,0.4427505148427927
UCMmdGsw2RtbR95RUeLcrlAw,27,1,1,['e262c28ff589a3f4e22326f7adbc1baf'],0.4160280444323047,0.29025016704741025,0.21027897811530083,0.503021194270237,0,likely_human,1.0,0.29025016704741025,0.4160280444323047
UCiV9GrN8JUebV3D3u5U5pow,-1,1,1,['e5eab041cecb9a3f03e106062ca49659'],0.4597942854325686,0.29015909922066047,0.173149936521614,0.47515617321468107,0,likely_human,1.0,0.29015909922066047,0.4597942854325686
UC0P-lVjMiCXLnpw_ekf2Byg,3,3,2,"['4f1422d5a8ab0a4bb6ca4ab3acd92476', '73557a4e04655344330f192da1b22e2e', '407efa122b5b0588fd138c86522ca185']",0.39771547233539,0.29006669278271136,0.19484640090801278,0.5566352982526518,0,likely_human,1.0,0.29006669278271136,0.39771547233539
UCzuIUA93o-Ji424lLtPLRQA,23,1,1,['090228167403b1dfea2b4cff99d13009'],0.4422667834672471,0.2899518583027231,0.1777360713858603,0.445063143051253,0,likely_human,1.0,0.2899518583027231,0.4422667834672471
UCY97jS0f8gQSMRIet1c9t6g,37,1,1,['36b1ee16ba3d2e10f4c7bdea5727421f'],0.4454189950115035,0.2898295787697409,0.16205661183769285,0.46557471065816497,0,likely_human,1.0,0.2898295787697409,0.4454189950115035
UCAtRH_FMYBx66jAubqX1twg,23,1,1,['d108326132552b8e21a015e5fafd1373'],0.42307521837668527,0.28979048562221926,0.18172916901773423,0.5290344373545072,0,likely_human,1.0,0.28979048562221926,0.42307521837668527
UCaCG9e83Z9LcLo-6ZngI0wg,3,1,1,['079ccd80c99c125f10121a370f302901'],0.44842330527286495,0.289707754620199,0.1440276891923466,0.4275700632866244,0,likely_human,1.0,0.289707754620199,0.44842330527286495
UCmL3KJSsj7_N1ZBajqYvzMA,59,2,1,"['0f150786ee80542b62c65e2d7d69fdf1', '60b34dc5cdd275faa6353bfb123a3a30']",0.4365474106698666,0.2896613592741377,0.1630814505827125,0.504235489511605,0,likely_human,1.0,0.2896613592741377,0.4365474106698666
UCTbPT3tlfHqkX66wPGJubHQ,27,1,1,['36e09866493d194060d9ddeeab2a8751'],0.4440717705821807,0.28962106988031705,0.1774042871865417,0.43204432045073166,0,likely_human,1.0,0.28962106988031705,0.4440717705821807
UCAmMfDSFgTLcXjotPHIPFWw,-1,1,1,['d697415e30b10cd035b8751ca04e4c03'],0.4462498448469825,0.28955708183884366,0.1863766595200885,0.49467383208636684,0,likely_human,1.0,0.28955708183884366,0.4462498448469825
UCvuhQop73hpuGSi8YZBsKaA,-1,1,1,['a3ad1f735c8e1d6adebb221b0aaff830'],0.4538095781249688,0.2894843982462836,0.18342140950996763,0.4663052047745332,0,likely_human,1.0,0.2894843982462836,0.4538095781249688
UC7oIXJEYdKnHAwaTBKRTM_w,-1,1,1,['4c36343bf807d2a82d574149056f12ea'],0.4619031955614926,0.2893561186685428,0.1924497335336228,0.4232481192858148,0,likely_human,1.0,0.2893561186685428,0.4619031955614926
UCunC-Vz-EbOihsEb1Yf0jxA,-1,2,1,"['cfece2395e8350421ab024372c97735c', '02c22b803b4ca075537952e024506e30']",0.4321089620452873,0.28934481130280076,0.19909271404964432,0.5552196423684634,0,likely_human,1.0,0.28934481130280076,0.4321089620452873
UCMQo-WvsnEeqmyUJ9Di5f3w,-1,1,1,['4e2e82d422e468153b230859354724e2'],0.44610832877115386,0.2893173085052745,0.20142318154725847,0.4705852933807867,0,likely_human,1.0,0.2893173085052745,0.44610832877115386
UCFBS70KFhPJ-Lt7ABEKJZPQ,-1,1,1,['78965e96119c65217e36d89765bd53a8'],0.44238185383678696,0.28925374045598096,0.20201952773260415,0.4746698061397575,0,likely_human,1.0,0.28925374045598096,0.44238185383678696
UCynRjfsh1GMMUmgHnduEuow,-1,1,1,['e8a9077953d909323ead021bbdcac24a'],0.4672701640130458,0.28916256082300046,0.1320646447040127,0.5096449796945572,0,likely_human,1.0,0.28916256082300046,0.4672701640130458
UCcBVW_alxRFuMlzZSPAvUMA,-1,1,1,['0a72bafaadc32755e8388b4118524e9a'],0.4703180566118332,0.2891184441484384,0.16916618130681105,0.43924794201379563,0,likely_human,1.0,0.2891184441484384,0.4703180566118332
UCEPL4pWoZ7oxPLB2gipTGYA,-1,1,1,['e196401bda1a246baa0ec7a4f357e8dc'],0.44326409627632923,0.2890483714658997,0.19210566283771108,0.5131104301464584,0,likely_human,1.0,0.2890483714658997,0.44326409627632923
UC3h-hWTI7v0sib5QZedFWaQ,-1,2,1,"['3318b48f7af5b36ee45ffa3437250e4f', '3266bd15058b42f56d25f2a099a3b599']",0.42837347574180884,0.2889975733194021,0.16922003773581265,0.6101824885735023,0,likely_human,1.0,0.2889975733194021,0.42837347574180884
UCI8kPN4o80-CK_VPoV35XgA,-1,1,1,['a83ad40b48fdb682f52ddb5a7af12a66'],0.4255595713920276,0.2889858015628486,0.18477695733222796,0.5833507768983535,0,likely_human,1.0,0.2889858015628486,0.4255595713920276
UCue0R8vNxzLKt4SyXSXX95A,-1,1,1,['e293ca5b7088ddc73c35740072a92974'],0.44100687276080697,0.2887251221329227,0.1976623144896543,0.4868991720915411,0,likely_human,1.0,0.2887251221329227,0.44100687276080697
UC5iPyieeF30ng7UmRJUarhg,-1,1,1,['32e4015133e85f8ca4aab5d2b3985c2b'],0.4626784890801128,0.28869138316444337,0.16986898086176963,0.44503602155369415,0,likely_human,1.0,0.28869138316444337,0.4626784890801128
UCioVYC14hZJMWikcq8VFfnQ,-1,1,1,['64e0aaa00e56d3898007753b42acbef5'],0.4289602662195642,0.28864907171305465,0.21260674831084794,0.5220671108444759,0,likely_human,1.0,0.28864907171305465,0.4289602662195642
UC_EDbavkx5PqmV6BSdggpAA,-1,1,1,['024cd7179da32b6a6ba73f1acea713a8'],0.4460692913063629,0.28863060803407814,0.23488203682055112,0.4035600044934446,0,likely_human,1.0,0.28863060803407814,0.4460692913063629
UC_sdVTPsa8URK_er3C4xrgA,-1,1,1,['947192cf6e2667ac6f0f5e562daa8f00'],0.4318141975506344,0.2885865055992924,0.1926853615426438,0.5276105002909003,0,likely_human,1.0,0.2885865055992924,0.4318141975506344
UCLP-QovfAGEWtuMNyHCCwDA,48,1,1,['64f60a9a70f2f890e830e072141233d4'],0.3970733010844108,0.2884133905595604,0.18878333899110392,0.6184862535034872,0,likely_human,1.0,0.2884133905595604,0.3970733010844108
UC9WuJcz3IaUxwAPMbOPWtbA,-1,1,1,['6ac25dce9551764d2855aca2464ea0da'],0.45458931116540047,0.2883028650378498,0.14833599220524565,0.5299189751853827,0,likely_human,1.0,0.2883028650378498,0.45458931116540047
UC8iREOJsFJj1tKu0eBpdL8A,40,1,1,['c3bf533f9a2100041da74b93014ae092'],0.4659435044713829,0.2883014022366274,0.1503582259328943,0.3769979263867532,0,likely_human,1.0,0.2883014022366274,0.4659435044713829
UC4EZAD7g3AiOelcsELEFUgw,-1,1,1,['d089a61af262bbbb0d9d97136f601af6'],0.45085327707111345,0.2882001093366844,0.1746360903843232,0.4841000074603399,0,likely_human,1.0,0.2882001093366844,0.45085327707111345
UCw3OgJSEaUvFAswxVNmK_xQ,-1,1,1,['7f0ec9becdc203fcfa43af3176ab8d4a'],0.4367827386710873,0.2881718738507906,0.20280181781170092,0.49103394906542147,0,likely_human,1.0,0.2881718738507906,0.4367827386710873
UCvcvoagUEQNelKjJiufPL-g,-1,3,1,"['2cfbd92b175caaf65b45489685957256', '5b9ad82cb3d317623e27a58093d11bdc', 'ba5cab3584a80ffd628585fec7a3c0c2']",0.42670749974779404,0.2881084462301694,0.19700602304059375,0.5472430337856595,0,likely_human,1.0,0.2881084462301694,0.42670749974779404
UCGGefblb_5ZEObps4mbozWg,54,1,1,['c4e215fc4dd83e254a41a43b19ee1c47'],0.44242071601110367,0.28801306325992715,0.17548390030060187,0.4340466408656718,0,likely_human,1.0,0.28801306325992715,0.44242071601110367
UCC-oAdFbDaHEeoj784_G0CQ,3,1,1,['94f1636969966853518694d3cb815993'],0.4470035386430082,0.2879586684261044,0.13029007120672467,0.4407861906090714,0,likely_human,1.0,0.2879586684261044,0.4470035386430082
UC5LSSmxrrjK9F4UyHweYWOw,-1,1,1,['65e1d166f55936a0e1a13ef96023a10c'],0.45694657052292575,0.2879301875673039,0.17499008282801257,0.46200666410658525,0,likely_human,1.0,0.2879301875673039,0.45694657052292575
UCXfkfsNOqszjX2r-YKa0AtA,-1,1,1,['932f6781974173f32d5a9e76f36a8a64'],0.45972048981329505,0.28782315991528085,0.16467643118598257,0.45971321571874957,0,likely_human,1.0,0.28782315991528085,0.45972048981329505
UCardNKpD-sa0MEvsC-hFvnw,-1,1,1,['c22b9da475ea2b1ba27c0002956e8fe4'],0.47719062496981424,0.287801028714565,0.17801149276528216,0.35130576542194475,0,likely_human,1.0,0.287801028714565,0.47719062496981424
UCIaEfGksUkx_jyicvBQfwHg,16,1,1,['48349b8c915100d38d35df221116731a'],0.4343288816476807,0.28771542459750904,0.17274787454462945,0.4675919915015818,0,likely_human,1.0,0.28771542459750904,0.4343288816476807
UCnmdz__KxbGP_1Gv99uR4HQ,-1,1,1,['267e65683b8a5e0fbbacfe3c92472c40'],0.41001661790148347,0.28767121689636277,0.1934378036437622,0.6371984131239384,0,likely_human,1.0,0.28767121689636277,0.41001661790148347
UCKWXLvlPO783MVZWUfILkxw,-1,1,1,['0ccfd7f31e7e6f060556ef198338298e'],0.46628201712850137,0.28760715799756364,0.16039496141754853,0.44361758062842316,0,likely_human,1.0,0.28760715799756364,0.46628201712850137
UCQdAHyP4c7oZX_b44XZpqZw,12,1,1,['057a4bc8d65a106f49d890281cd67cfa'],0.5059389104287386,0.2875513729128156,0.10166564503540804,0.2974092691395375,0,likely_human,1.0,0.2875513729128156,0.5059389104287386
UCYG2Xxc0kMVu7EkMO18Rjgg,4,1,1,['08e61f3eeb84e7b9c84850178d9b2ac9'],0.41217917627354395,0.28754617772800894,0.19610613333214866,0.5048481911103366,0,likely_human,1.0,0.28754617772800894,0.41217917627354395
UCZYTXNDk7rz7b9NY8hHqlcA,-1,1,1,['c27a34153e05de8bd6ffbcf1cbf7bf70'],0.42354819734922033,0.2874919285523543,0.18852204915175674,0.5783814149892195,0,likely_human,1.0,0.2874919285523543,0.42354819734922033
UC5wl0j0drX7B-UL31HF7ODw,-1,1,1,['7bd3dd39e6e3ed08cb078a09d8c31d4a'],0.44424870726066945,0.2874418816067802,0.1975016919429729,0.46277421398050467,0,likely_human,1.0,0.2874418816067802,0.44424870726066945
UCZo8yctUioD06OzlQuKtJcw,-1,1,1,['6344154c521b1bf1974d151e9381079a'],0.43989887515357595,0.2874404431471751,0.18587325852767905,0.5129469874248309,0,likely_human,1.0,0.2874404431471751,0.43989887515357595
UCA_iWp63ZE2LiVYjfFpvfnQ,-1,2,1,"['e2b8fbf99b747406ab3a113cd31ed303', '9443b6e4a620ebb3ce71f52a2e4ae6e3']",0.44432529324209813,0.28742574652005337,0.15324877689697392,0.5755581547713591,0,likely_human,1.0,0.28742574652005337,0.44432529324209813
UC5lUh56SW3k49FNbULwRxFg,-1,1,1,['ffb3cd730b94e49e28ee69b34b2d501b'],0.4872014602646718,0.2873616967649882,0.1372280290619758,0.40028404885016267,0,likely_human,1.0,0.2873616967649882,0.4872014602646718
UC-QftIhfu_C0F6cWdNROXKg,-1,1,1,['5827307aaac9fb97b398cf841868d39a'],0.4308600093770144,0.28729777408059565,0.2072695148189497,0.5058254233862679,0,likely_human,1.0,0.28729777408059565,0.4308600093770144
UCljbkXZvdw9VcIrPuV1iAlg,-1,1,1,['45a14b975b4e5bb0d51503986f5b6dc4'],0.45867983934336687,0.28724227208037595,0.17839975676123518,0.44914327206765486,0,likely_human,1.0,0.28724227208037595,0.45867983934336687
UC3i61_TwzHy-cxiRgXGgwxw,1,1,1,['9f36b2c4deeca39c7ec4582f3db89afc'],0.4246269294905958,0.2872143854093941,0.18452940157785175,0.4598318341787836,0,likely_human,1.0,0.2872143854093941,0.4246269294905958
UCeH2ZkhuYC3_Bq84ppeq7xw,-1,1,1,['a14ac2fcd9104169d8a40a2ee6c28410'],0.43244104754582635,0.28720572415005063,0.22952301080647508,0.4676630406156516,0,likely_human,1.0,0.28720572415005063,0.43244104754582635
UCHGMqjNT3e9Vf0NoQLIo6HQ,3,1,1,['f0c36f77ce1c7d2455b61eb2e10e7303'],0.44947819930483857,0.2871962261277938,0.13026934801971332,0.42392733265749616,0,likely_human,1.0,0.2871962261277938,0.44947819930483857
UC7LqYowx6QqAB5v8gO0ESvw,-1,1,1,['f6118d80b282d45513e9f2b1ddaa95f4'],0.42129551850786995,0.2870609576276685,0.20679920796265377,0.5530418510175079,0,likely_human,1.0,0.2870609576276685,0.42129551850786995
UCg9gFXb9oZmroz_XD9ESglw,15,1,1,['3447687683d06db33c9a2b5bbffa5483'],0.4360101159682074,0.2868054937638047,0.17421773510491484,0.42812789877316987,0,likely_human,1.0,0.2868054937638047,0.4360101159682074
UCDWdumV9jVkVrXPQf-nZ5lg,-1,1,1,['62f63ae76c5b0b82b4241790e7ce613a'],0.4270328748560558,0.28673956117740235,0.20645869199470146,0.5074378034708535,0,likely_human,1.0,0.28673956117740235,0.4270328748560558
UCsyR5GsIqOmSlWGF2d9opPQ,20,1,1,['44e6b32657d16be04d52600b53b759be'],0.46484185337478295,0.2867151909347391,0.14924561231638814,0.3751367112291185,0,likely_human,1.0,0.2867151909347391,0.46484185337478295
UCa8T-D1ZiSoUWQy7DP-IIEA,-1,1,1,['73a361731968829ef2e2e2a9e05e507a'],0.4397556512685356,0.2866368478351369,0.16967086881337431,0.5375067789980916,0,likely_human,1.0,0.2866368478351369,0.4397556512685356
UCw4EzVdCp5dWnCWwYclxuuw,-1,1,1,['c9ab5978c370176d64763a36d7596f54'],0.45788710587316694,0.2864622212984195,0.19355860688705015,0.409025517547595,0,likely_human,1.0,0.2864622212984195,0.45788710587316694
UCSOB72WE42T97R_IelJo9Ig,-1,1,1,['86120474b7b166c5e2400293663a852a'],0.5048014840093547,0.28643581951004143,0.11805226572414407,0.3470716483754227,0,likely_human,1.0,0.28643581951004143,0.5048014840093547
UCLREchAKcK-c9rLEFBh1WBg,12,1,1,['929df40f519397e73c7c3a0ef17af512'],0.43677690115229323,0.28622419998626814,0.18190343873728865,0.43150895930808086,0,likely_human,1.0,0.28622419998626814,0.43677690115229323
UC4Q11sf9yFpRDQ0ewpF_85g,-1,1,1,['c421a0940aeac10d4dc89195cee1dc36'],0.43962385472601406,0.286206350650861,0.20552808734468847,0.46004483320246037,0,likely_human,1.0,0.286206350650861,0.43962385472601406
UCTMIhzxjycbx2aaixQKPaNw,-1,1,1,['f339a20025078eb91f405b4e781847fa'],0.44063047186409027,0.2862032958295258,0.21296006238467377,0.4351142723863457,0,likely_human,1.0,0.2862032958295258,0.44063047186409027
UCyJcfQ4zL_ZnwJdbpeXeW5g,74,1,1,['9b0bc1f741ad044887a552cb3297c3ab'],0.4154985289037648,0.28601651029123915,0.20578778884867696,0.47013148710020525,0,likely_human,1.0,0.28601651029123915,0.4154985289037648
UCtatAbbZFO8ffU__cRgNZJw,-1,1,1,['54eb93ab660183b99315f4471cc12205'],0.4222298038976151,0.28599608410260396,0.18920036552645517,0.5757993475319959,0,likely_human,1.0,0.28599608410260396,0.4222298038976151
UCRp73v6KoutcRiNrJ4MiWQQ,-1,1,1,['5753c03a01cb6c8e4a1cf42c82984f80'],0.4302205687071702,0.28591141292540234,0.19167769237922724,0.516843547854815,0,likely_human,1.0,0.28591141292540234,0.4302205687071702
UCcGVwkAS0EWigy7K5KTRiXQ,-1,5,1,"['8dc94143bd5ffe75823ed008964d19bc', '0352ff36d4a583a379b9ffa69355096b', '8fedf25fc747c0c506bc2c5c2aec3b61', '6f5813bbbac3041d783e636617e40a2a', '189274d4e057f5e832e55cbe194dabe9']",0.4225338913164631,0.2857806828478907,0.20474650136829772,0.5492549587832849,0,likely_human,1.0,0.2857806828478907,0.4225338913164631
UCZISGQjEJykuTYHEv-3GXrA,1,1,1,['ae9940bf7fc8bc1701499192e46b2803'],0.47495156905305247,0.28575426466291154,0.11738845642449067,0.34794065784553535,0,likely_human,1.0,0.28575426466291154,0.47495156905305247
UC8Xxf5xxWVK9gOu1EAUSUHw,-1,1,1,['c596214bf98db070025550db2dd6ac85'],0.4293774705324187,0.2856486615559396,0.20530924706099435,0.5145724418289477,0,likely_human,1.0,0.2856486615559396,0.4293774705324187
UCTCRkv3zAHq4ixSW9OxIdIA,56,1,1,['f0ba8f7080e0fe04f572840813c6d782'],0.4163628090410938,0.2856222695621956,0.2055736699976496,0.4562796619207376,0,likely_human,1.0,0.2856222695621956,0.4163628090410938
UC7sAry8PxdNgQC2h95QTQPQ,47,1,1,['19b5690934c1e86f888d413f3c848876'],0.43574278057032007,0.2855579025270742,0.17541344068241513,0.44360039204837065,0,likely_human,1.0,0.2855579025270742,0.43574278057032007
UCwKjvrYjBBFQuRgjLiyCK_Q,69,1,1,['c47345bbfbcb9fecdf1af1d7974cb0db'],0.42536250497629546,0.2855389514844958,0.16990988409987265,0.47490183437812206,0,likely_human,1.0,0.2855389514844958,0.42536250497629546
UChpMzZNg0cLmC21UTkkf2wQ,-1,2,1,"['9a6f36597ea860e4f4047b2fa74a8e41', '34f1cca27ca3b8d34490896c741b69ae']",0.4450504712512346,0.2855063029721316,0.16119129186511036,0.5202492374544179,0,likely_human,1.0,0.2855063029721316,0.4450504712512346
UCF6qNlG7Fdiyk6ZchZackUA,-1,1,1,['475f3f87d1d6cefa500c6135f32d0518'],0.43358487403643386,0.2854943824855352,0.20869431522148874,0.4754969291376,0,likely_human,1.0,0.2854943824855352,0.43358487403643386
UCJv8R_nZXEwwMCUyL2SawpQ,64,1,1,['bdde529d217f05045ae18adc9d3afb63'],0.42358036037667574,0.2853069312801911,0.16511618161554495,0.38572362881641964,0,likely_human,1.0,0.2853069312801911,0.42358036037667574
UCMRDmNCYE5noKlvStEUx1OQ,-1,1,1,['07e879594dc97b9e793d4c46559edd48'],0.4917525152368992,0.285293859308427,0.11813247005491047,0.3944475865878445,0,likely_human,1.0,0.285293859308427,0.4917525152368992
UCuIZwrOWJdr8NQoOA3E0YFA,-1,1,1,['d6d17183368524992f627f50bf024637'],0.42613206019436256,0.2851902393130049,0.1882168767692742,0.5591038818059201,0,likely_human,1.0,0.2851902393130049,0.42613206019436256
UC_G-2z0nn8dqecpVT-zF13g,48,1,1,['3b3509579aef6997cac8bf2128972ef3'],0.44169937688922156,0.2850140050894162,0.17650263840122513,0.412534573927916,0,likely_human,1.0,0.2850140050894162,0.44169937688922156
UCShd-L4NquG_SA3-IptUkmQ,-1,1,1,['dbe2d39408256aa2c4fe226fda85bb8a'],0.4215761090125617,0.28491833539744926,0.22890589522893595,0.4995099006103576,0,likely_human,1.0,0.28491833539744926,0.4215761090125617
UCvbGx_dD6qwPbU0FST6Gwjw,-1,1,1,['0fcb65b360d4e46c651689a9a964eb6e'],0.46894924580440744,0.28486644129878347,0.1689060064538971,0.3886760693093176,0,likely_human,1.0,0.28486644129878347,0.46894924580440744
UCV298b0dGtqTDCeOOo9fYaw,-1,4,1,"['99c0ddeda2ecf0f1019744b015392154', '6c8bd79726ac84a65e765617c96fc0b5', '4c4fd243eda51d26e2d2e57e9bba0237', '9dffc4ef28b31be8e7ad6c33b3e01ae2']",0.41579199198342676,0.28484983057741,0.19663011584555912,0.5662027812976946,0,likely_human,1.0,0.28484983057741,0.41579199198342676
UC711ZKqdmWiwDFnp1pBxHjw,19,1,1,['2fd72ceeff0e0a9ff6686cff6f0f4b6c'],0.4353513637983234,0.28483587480069383,0.14126714995801834,0.5057599402129344,0,likely_human,1.0,0.28483587480069383,0.4353513637983234
UCXxa5QbNK-BYCiMgg0EFloA,78,1,1,['321fa0afa6db8050ae0f8ec0c6144bb9'],0.43043237140445156,0.2848079899651822,0.1824237850976445,0.41328850072212386,0,likely_human,1.0,0.2848079899651822,0.43043237140445156
UCGLpZfFKpSa7-hG8oYdylkA,-1,1,1,['681859bc59106670694b023679e7ed0f'],0.44898101214126385,0.28477615764025477,0.17260040618972092,0.46524850105779947,0,likely_human,1.0,0.28477615764025477,0.44898101214126385
UCDjzqCz97zhf5EVevvzG9Gg,10,1,1,['19ac5388ad2e18767c519d6d76eeaf8b'],0.4357061917887869,0.2846986505718293,0.1681501464937752,0.4164895335760716,0,likely_human,1.0,0.2846986505718293,0.4357061917887869
UC1pGVGbkbQJcuXYbf9uHWGA,32,1,1,['3afb2f1e639c6832a62a7226b552babb'],0.43137579529393266,0.28461522571277936,0.18183082062477016,0.43613581268004775,0,likely_human,1.0,0.28461522571277936,0.43137579529393266
UCyLagg7YHhdOiKx4YLIXU_g,-1,1,1,['c27fb113fc4a30b69269ab2a40c23ac3'],0.4130960845192608,0.2845564269647066,0.2074920271488137,0.54704271703144,0,likely_human,1.0,0.2845564269647066,0.4130960845192608
UCBOkRmc_VZxLgAgqMVbV8Vg,73,1,1,['3ae3654ac007b1d9ec47f1abe65c6954'],0.409010636809301,0.28451904121956495,0.19084441422220955,0.5125512135973856,0,likely_human,1.0,0.28451904121956495,0.409010636809301
UCKe4imf6sQGiaPL3Nyzd2Ow,69,1,1,['24007463dc6efff65f386c08df2c6473'],0.44026866683027155,0.2843024776424285,0.12386023531407925,0.47512431415938083,0,likely_human,1.0,0.2843024776424285,0.44026866683027155
UC9VTLDRXpSEOec7E5H2yKfw,-1,1,1,['273edfc76085411dd1962434e3c3a51a'],0.4221638254661438,0.2840834557061247,0.17060613349364065,0.5793611011170707,0,likely_human,1.0,0.2840834557061247,0.4221638254661438
UCVhsEcaYnh8IgMQs44ocAug,-1,1,1,['25bd2e9d8f40229b9bdbe6f0d675c755'],0.4375788853450586,0.28400305434031414,0.19126136651837664,0.4795089633492902,0,likely_human,1.0,0.28400305434031414,0.4375788853450586
UCY4Gt5nYvtPvlKmv056UAjA,-1,1,1,['3b9d79568df72f9b12041cbba8d85759'],0.48353599166082106,0.28393266824467306,0.1345151367873112,0.37425072028184503,0,likely_human,1.0,0.28393266824467306,0.48353599166082106
UCc-twOFDH-Euw6RKFcYxTuQ,-1,1,1,['5574484646516a8f0cdf4d79efa3f73f'],0.4240004676100644,0.28382795881302764,0.1874163460468986,0.5277027299588611,0,likely_human,1.0,0.28382795881302764,0.4240004676100644
UC5slkaJaIpDwSoUzsrNAUiA,15,1,1,['5f28cc7fb8d79506840f8a7a68eaa97e'],0.4458970669501662,0.2837390519765791,0.13850857768839064,0.4151236893475219,0,likely_human,1.0,0.2837390519765791,0.4458970669501662
UCPJtDGQWB8LhSuIqbQypnYQ,64,1,1,['c15018adb27875f11faf01452eaf8be0'],0.4047631281058752,0.28370598699395094,0.18424376261303346,0.425131821454399,0,likely_human,1.0,0.28370598699395094,0.4047631281058752
UCuS6k3HP_YBVLMCoIshkIRg,-1,1,1,['71c4404d40bf961205722c95b97e8420'],0.43796173492076806,0.28368549718413905,0.17525232813873715,0.4930494378469444,0,likely_human,1.0,0.28368549718413905,0.43796173492076806
UCkCKfmuzb5MphmUdVk1Pw7A,-1,1,1,['301583e5c74653379582d61623cd4e36'],0.44668334628938156,0.28361444873674896,0.19239865026020359,0.4329799720830116,0,likely_human,1.0,0.28361444873674896,0.44668334628938156
UCrGfG3Qflwb2SlE-G7t0xcg,29,1,1,['bbd971a120145a81d279b20a8a7a60e7'],0.41965825749475916,0.2834724327002156,0.16184276736165823,0.4547102257295615,0,likely_human,1.0,0.2834724327002156,0.41965825749475916
UCo64KZwA3hIulpQ4vFAmdzQ,-1,1,1,['9f5e44106a2f3f1b628b93ab93aada4c'],0.43779289199001703,0.2833922517527017,0.18154456638356584,0.47910309933336304,0,likely_human,1.0,0.2833922517527017,0.43779289199001703
UCJrXUOK4v4wwyPUqTVqpUBA,65,1,1,['7d0db65a1137b0436ca4b5a7e2bc1d9d'],0.42974715693039334,0.2833765774150948,0.18550936777229116,0.42141732229713735,0,likely_human,1.0,0.2833765774150948,0.42974715693039334
UCCN9bNhyjpy3ehmhkBZqyfQ,-1,5,1,"['bebddbb9c8ff40725b0557e5584d0b4f', 'dfdf7269a6b5bcb3debf43836fa5b686', 'fe703e630104934051e12ddaa6c6b4b6', 'd07a35f8ed6924a32a63373a64dd65b7', '563789fb15cbb19f3da15be4e43fc577']",0.4371221388845365,0.28335023294748907,0.17586329388600364,0.4976942444709438,0,likely_human,1.0,0.28335023294748907,0.4371221388845365
UCErBM75YVQGaSrgnL28snFQ,-1,2,2,"['8dd1106d95a8d2b74d03eaa31c97800d', '625f990ad01f8fdf3172484528941d05']",0.4247398176802595,0.28327441682869214,0.1581470971554869,0.5860607677847812,0,likely_human,1.0,0.28327441682869214,0.4247398176802595
UCjVVMGwg9Wcef8h1UKYqtGQ,-1,1,1,['979a9d66c1fc9f8c7b00ad0e3ff8c4e3'],0.4227623062678021,0.28280587991722317,0.18709400729768116,0.535183507342877,0,likely_human,1.0,0.28280587991722317,0.4227623062678021
UCZ8D_dBddr75F8Kulv2Cb5g,-1,1,1,['3533a0f606822df43109c285d96932a6'],0.46231124068268775,0.2827348590549354,0.16097480762980113,0.4028911833131334,0,likely_human,1.0,0.2827348590549354,0.46231124068268775
UC5KN5WpGlsWNOeXW3_c7EWQ,-1,1,1,['90e813e2791175e138e6a9d9aaf23566'],0.45359647472236764,0.28269527842198505,0.15064786646543443,0.4712729150816162,0,likely_human,1.0,0.28269527842198505,0.45359647472236764
UC5I7fua7kSqdHRpSefsc0yA,16,1,1,['d6d9c93a6c5d1638e3ad59c42613d5e5'],0.41851442661926225,0.2825263336868804,0.17346995606871168,0.49132775749755475,0,likely_human,1.0,0.2825263336868804,0.41851442661926225
UCOsQ4Zn64Z24fLJqir3coHw,31,1,1,['e0197c5281d7faebd376e77aed716ca5'],0.40748280911358686,0.282516056196748,0.1752628248484477,0.501670291259432,0,likely_human,1.0,0.282516056196748,0.40748280911358686
UC7d6i4quOCB_amf2hwxRGwQ,21,1,1,['72d1e8e1cc0a0ecbf88a68b8720c646a'],0.456541410587135,0.2824868242204387,0.13219140798994056,0.3979229208190507,0,likely_human,1.0,0.2824868242204387,0.456541410587135
UCo6mSbgiDh6CH3yHWJaHrrw,22,1,1,['59d231776406ee1e860c2f36daf57f8c'],0.41188737120257346,0.2823467819121174,0.18777926652401147,0.4846422860449291,0,likely_human,1.0,0.2823467819121174,0.41188737120257346
UCZZkawg84_O40z0vUVYAUiw,-1,1,1,['2409d6cf5e65d3c9a95f91fd8753cc29'],0.4492108069305072,0.2822880121970731,0.16428599200645008,0.4638434336345483,0,likely_human,1.0,0.2822880121970731,0.4492108069305072
UCOlnVMMaCwpT6JQqgYH92vA,40,1,1,['f1e2e0b0631c8be17c0e97d2b402b5ef'],0.42304365568535174,0.2821965286097473,0.1760707249343534,0.4607012750150938,0,likely_human,1.0,0.2821965286097473,0.42304365568535174
UCWY1sWhRHv1akOz8dMXmt9Q,71,1,1,['98349c07febcbcde2e0417184138b184'],0.41949770734457825,0.2821806181300983,0.17976364221723645,0.4706121853419915,0,likely_human,1.0,0.2821806181300983,0.41949770734457825
UC_3QBdZgT31M79LuQ_9yBrw,-1,1,1,['86a6cbb8a6137a6123e233bd0b09ed97'],0.41126487654881283,0.2821371243508411,0.21701755763512653,0.5220403088413808,0,likely_human,1.0,0.2821371243508411,0.41126487654881283
UCVO79BfueJ08SyInOhK9-rw,-1,1,1,['8f6bc61d7f8ed8f818b443d3149b5415'],0.42870024398248147,0.28213604237604023,0.1821281555294371,0.5277353395018322,0,likely_human,1.0,0.28213604237604023,0.42870024398248147
UCFLrtI9PZkcMoWnk2onz5DQ,-1,1,1,['2284e81ac5e5ac0e13b89a5781c72e44'],0.4540232150774033,0.28205419242069285,0.19245180926860808,0.3846012044776434,0,likely_human,1.0,0.28205419242069285,0.4540232150774033
UCRON2GiN8iaT0zVbuoJiDsw,-1,1,1,['0d0e0b33f0805a03dd27b15c32bbef76'],0.4536350689363047,0.2819856836003065,0.16379083317239052,0.41936540659478716,0,likely_human,1.0,0.2819856836003065,0.4536350689363047
UCOF9dshUr7bbpE3JcEZRWrg,-1,1,1,['cad8b552b0c9055c96b4f9c54d88ab4e'],0.441362687233842,0.28193202532607764,0.1794152970915235,0.4637834442037557,0,likely_human,1.0,0.28193202532607764,0.441362687233842
UC71ueILZddLK5LE_qEqCV1Q,-1,1,1,['a455b26cf5ce7ee4d2f1b701a28c0d6f'],0.44711593738312216,0.28190359485834293,0.15058649505211186,0.48749869519450595,0,likely_human,1.0,0.28190359485834293,0.44711593738312216
UCbAtLaVyhBgMz3N6Kj6P3yQ,-1,1,1,['6849b5259d4bc13d8da1ac2e6d9b47d8'],0.43325667280983493,0.28186920382429376,0.17747424116573654,0.49751283458924206,0,likely_human,1.0,0.28186920382429376,0.43325667280983493
UCPLhgZXY1HFJxAtr0SPrWww,-1,1,1,['eb752e8fe39d136bb17cd7e12a4bcab8'],0.4240532352439323,0.28183442867279734,0.18936225797326423,0.5111344996871341,0,likely_human,1.0,0.28183442867279734,0.4240532352439323
UCxo6DUYmPI1DBmYebadESfQ,-1,1,1,['62ebbe60677d953f46192176fcc5fa25'],0.4639382313919433,0.2818219904754217,0.17082979780738677,0.36906944291300225,0,likely_human,1.0,0.2818219904754217,0.4639382313919433
UCC8oXnQpqHFeBXpIbYq4nZQ,-1,1,1,['da1f3d19640172135cadf9a66ea803a0'],0.4260776295564843,0.28173882100729697,0.17947264310278613,0.5237854166854501,0,likely_human,1.0,0.28173882100729697,0.4260776295564843
UCRc7qAwjSoXaIdYgdkpPQXQ,-1,1,1,['aa371c7bf39e4e401f0b75c651ee47ec'],0.4379543410265446,0.28172940573736555,0.12392498071439959,0.5949585978075379,0,likely_human,1.0,0.28172940573736555,0.4379543410265446
UCYMTTqyaNXL1RZ-AduxiSeA,-1,3,1,"['951ed7af843b86a11177c05711dcbb6e', '4581add5205a1fcf980db879806340b3', 'b09fb93a914055401368081f39da4157']",0.4414849414996163,0.28168765444799043,0.17421342294055628,0.46397599054682254,0,likely_human,1.0,0.28168765444799043,0.4414849414996163
UCLYaG2vsJkk07dJAFVyJ8mg,-1,2,1,"['ed53769154be0dbaaaaeafe15e7c56f6', 'e97c95040efccec9c7e3ca36acc687c4']",0.4504978155508932,0.28165686952756186,0.17918236890933456,0.41365722174831826,0,likely_human,1.0,0.28165686952756186,0.4504978155508932
UCFd6gkpLOuP4VNgsKkZ8ClA,-1,2,1,"['daed2d0a4c7556a5e4e94e47758936fc', 'd05c6536096a56124f202e4f91fab0bf']",0.4413873587036463,0.281648110960386,0.17057097420509568,0.47080745661451195,0,likely_human,1.0,0.281648110960386,0.4413873587036463
UCOdcfviUvTnck1KlKYHfsQg,-1,1,1,['98e6fe53b1b2948613af0da0e35299e0'],0.4574093689631592,0.281640046813208,0.1493931957001673,0.44020214685661085,0,likely_human,1.0,0.281640046813208,0.4574093689631592
UCooV05fE4aZddhMeNX4J_sw,-1,1,1,['5a9235f165d85bb085c47d1509fd328c'],0.4115758867716385,0.2815138152160089,0.18531280808558867,0.5774940530834223,0,likely_human,1.0,0.2815138152160089,0.4115758867716385
UCa3W3WEzMhtan_8EWlF_6yg,43,1,1,['0a5e1b85e06ae46c36541264def729b7'],0.40242934108044337,0.28149524434020845,0.18833596472663736,0.4027702725613659,0,likely_human,1.0,0.28149524434020845,0.40242934108044337
UCBu3CAWI98_SA5oNgsfyB4w,-1,1,1,['b59f27de75f6613c607aaa0cded75e66'],0.41509690570060365,0.28148074545319274,0.21446302496513575,0.5040959744647353,0,likely_human,1.0,0.28148074545319274,0.41509690570060365
UC5sWdALeHav_bo3cFMIJtdA,-1,1,1,['5a309868014518b6538f28ef10053eb7'],0.4163445929032928,0.28145089573211035,0.21663715613138154,0.4944301706909759,0,likely_human,1.0,0.28145089573211035,0.4163445929032928
UCqh0YXbYHMTLVyEAXstxi8A,-1,1,1,['2d76a2c55256a3b114711c66306fc49a'],0.4189974385242766,0.281364489681772,0.21386920984387936,0.4854238524618021,0,likely_human,1.0,0.281364489681772,0.4189974385242766
UCryZZS-xmaoOCIY76St1d-Q,18,1,1,['7c60f368396091f0e746d8db646a5f4f'],0.42173421654552257,0.2813602043806798,0.17829287167364538,0.45656376484734407,0,likely_human,1.0,0.2813602043806798,0.42173421654552257
UC4C76Nr9CJWxk2jAi5RZY_A,-1,1,1,['757128c361c81114badfa9be294cc56e'],0.4464231674473496,0.28134826173101,0.16471112283015735,0.45787457115664526,0,likely_human,1.0,0.28134826173101,0.4464231674473496
UCzrbn1vdeY5NEPHewvG23mg,-1,1,1,['f7b9a9723ea816f4ead2c8c14529f1f3'],0.45445359033032273,0.281345345004726,0.16364319830002058,0.4205265735781988,0,likely_human,1.0,0.281345345004726,0.45445359033032273
UCFvmbj9yMDV0G0xZiZEyARg,-1,1,1,['63e0d093a5126cbdd977332ec3427150'],0.4217437690154051,0.28119041416906737,0.19626724026304723,0.5256495439156801,0,likely_human,1.0,0.28119041416906737,0.4217437690154051
UCj1w0MCUWQs_SetQoUEwQBg,-1,1,1,['e0e08b909834e839c95a08569391a326'],0.4313562519851095,0.2811840817560434,0.20451384562235947,0.46642467684402145,0,likely_human,1.0,0.2811840817560434,0.4313562519851095
UCDQqqs2NFsUtLEvPHKLL3XA,-1,1,1,['8c7fc1a833b12d83db9e13613927ccc3'],0.42133990114129893,0.2809868161094984,0.20144317967216122,0.49289740800064236,0,likely_human,1.0,0.2809868161094984,0.42133990114129893
UCwtj9v55QB2TRLt2K4Xo-_A,-1,2,2,"['16cc490e7ac68ba27593fcb51d47effe', '29d433d2870cdf7b45bd81ddd8dd9f92']",0.4287121863723411,0.2808775471253909,0.1905412233052481,0.4878554800264394,0,likely_human,1.0,0.2808775471253909,0.4287121863723411
UC2I89AX4I4SesjA-PA54hNA,-1,1,1,['ac98636295bc2a86e715d83ea160588c'],0.4714340632261238,0.2808475092695123,0.1530719423962857,0.35919851277207415,0,likely_human,1.0,0.2808475092695123,0.4714340632261238
UCGAHjCEA5rKfZm57ye_Cv8Q,4,1,1,['244e201551f8e51810e5cb056e32bb9d'],0.40870443039392285,0.2807779875276209,0.17980437913540545,0.4829280447510864,0,likely_human,1.0,0.2807779875276209,0.40870443039392285
UCgod1jVuJszOWSj2V8LBvgw,-1,1,1,['fe06739cf5e75c0350acc75bda76c51e'],0.42542473136244185,0.28052062621652185,0.19293770838923086,0.48824600583673516,0,likely_human,1.0,0.28052062621652185,0.42542473136244185
UCuLTnN0BWx7Wk64CcvZLYtw,-1,1,1,['d011d79ddaec7b69976cd752e62c1e6b'],0.42254445467581014,0.2804152074236622,0.18861847791734046,0.5159671041333707,0,likely_human,1.0,0.2804152074236622,0.42254445467581014
UCauXaG-HoiSdI1c_ir44CnA,-1,2,1,"['f25285fe45683968b2b163fcf2936fbe', '0ac3849961f5ac6505c3071bcaa79ae8']",0.43614850475066125,0.28031575110458684,0.1647841612826897,0.49759877775921874,0,likely_human,1.0,0.28031575110458684,0.43614850475066125
UCWodR_NJXpbBqAWLrkkwr1g,-1,2,1,"['fa5f80c0a6473c046f6c881df46c4d46', '4f4a676720177aeb4e69f3d0bdac985a']",0.4486707124528359,0.2803007979413119,0.09847437380682997,0.5839018907965177,0,likely_human,1.0,0.2803007979413119,0.4486707124528359
UCwaWe0BxmJFYp-p4u2qYHTQ,-1,2,2,"['52ad3079dfd93133f268b4ede4ee4804', 'bbefcff81f30f7b63c8e546233ffb590']",0.4295399026672928,0.28029941009154596,0.19546035330607817,0.4769292074007378,0,likely_human,1.0,0.28029941009154596,0.4295399026672928
UCzcPHuIlGaunfay1mwzSRHQ,14,1,1,['f83693475d3f0edfae86611ce99ad77c'],0.4254866448095139,0.28021702318528063,0.18439388041975757,0.38796217735318156,0,likely_human,1.0,0.28021702318528063,0.4254866448095139
UCYvhHE9has6o8w8wlrOI8bA,-1,1,1,['619e1d925f5ce0ad9049d534ad7c566b'],0.45097641650581877,0.2800807766707234,0.1687888527479634,0.4116318227546113,0,likely_human,1.0,0.2800807766707234,0.45097641650581877
UCXb-LkVL53ZoAsCORAQMgGQ,36,1,1,['4b730dff91da09342219140fb845a5fe'],0.38839343341890364,0.280068415002528,0.20897869086739992,0.5389206366034776,0,likely_human,1.0,0.280068415002528,0.38839343341890364
UCujQmj6dmezGp83Ulvy4DDw,42,1,1,['732f6db2796cc5632c9fb248fadab52f'],0.4205202116446619,0.28004505784130723,0.18738026232819774,0.4329799720830116,0,likely_human,1.0,0.28004505784130723,0.4205202116446619
UCxM00i65uBsCx2lAWs2gQvw,-1,1,1,['95fdd360c5616c64755bdcb0b3a1e5eb'],0.39901811247642294,0.28004431742053143,0.21765391992109212,0.5580037524168696,0,likely_human,1.0,0.28004431742053143,0.39901811247642294
UCh2CsfdBxVs6soBAU01x3VA,11,1,1,['029aafff3a2f420744f0f26b908eecb7'],0.4282528947348112,0.27994484830267635,0.1520633593778915,0.43593896241177266,0,likely_human,1.0,0.27994484830267635,0.4282528947348112
UCf3hlMIULvxgAJKB1Axm40A,-1,1,1,['5daba7c901aed9640ac015ada0108ceb'],0.4449031973392927,0.27984779094884615,0.17711736303428785,0.4335064384871103,0,likely_human,1.0,0.27984779094884615,0.4449031973392927
UCSVGtc03LKmI5jCHAoH9_ow,-1,1,1,['4534c14a3109478f18245674839e755b'],0.4455308758864958,0.2798440645303186,0.1624243817472167,0.4488203801259394,0,likely_human,1.0,0.2798440645303186,0.4455308758864958
UCRo6wL87lSU4Is3mEF0iM_g,7,1,1,['3fd19e4e58a58d8be8421234d21e77ef'],0.38411336921595063,0.2797633728377169,0.20399189686852684,0.4869137304032807,0,likely_human,1.0,0.2797633728377169,0.38411336921595063
UCEvkyZqKCS54WKmERylwwqA,-1,1,1,['b79d13a42e3345d5568bc297def89cf1'],0.432283267096265,0.27960133258334124,0.1942163165912215,0.4470537251192246,0,likely_human,1.0,0.27960133258334124,0.432283267096265
UC84oDUR7RrWWCZaAZpi8r8A,79,1,1,['9fd1545647fc426613974b532e547282'],0.4215990377934118,0.27950643726247776,0.16530556995239373,0.4578875548869912,0,likely_human,1.0,0.27950643726247776,0.4215990377934118
UCTe0iktv04uNYlPynC-JckQ,-1,1,1,['b5476f516de921aefa4d8cc792b82ae4'],0.4773744001865554,0.2794946891205721,0.10880571934298375,0.41095845617883153,0,likely_human,1.0,0.2794946891205721,0.4773744001865554
UC6SYoBRjhbzwL6BvSlUlyIg,-1,1,1,['bee230911389595e3c7c74edab2f97b2'],0.4430627235669904,0.2794905737017917,0.17518524950583558,0.4421056025545157,0,likely_human,1.0,0.2794905737017917,0.4430627235669904
UCgysRixsIolSXa0ewhjGQRQ,72,1,1,['f41ec094cd0835a0a0177f4a100bb253'],0.4478194077954813,0.2793964560735132,0.14874967998953234,0.37233665014959116,0,likely_human,1.0,0.2793964560735132,0.4478194077954813
UCO1hsVpqYdTLt_9oruldsOA,-1,1,1,['eb374e07642df340baa94dcf32d57114'],0.42703621984899454,0.2791835218741303,0.1934803817505568,0.4728611843839185,0,likely_human,1.0,0.2791835218741303,0.42703621984899454
UCH_EaBP2UHavgerCtApkftQ,17,1,1,['6312f7ad4df542a1adc24e5a8ecadeb2'],0.4430086710505374,0.2791748332017674,0.14378571242113702,0.3984692211157521,0,likely_human,1.0,0.2791748332017674,0.4430086710505374
UCOe_k2PdugTXV8rHINo4M4Q,41,1,1,['3f3c6470236aa02153c73ddaefdb7554'],0.41593757410384063,0.2791615078476209,0.17094760932999759,0.4478167200452514,0,likely_human,1.0,0.2791615078476209,0.41593757410384063
UCoo_xPPEM-7kKxM7ThZF6zg,19,1,1,['4e4e37abd31bdfd9bf2faf99926b758d'],0.3990095938907301,0.27897383874762816,0.1571816855273235,0.5817358153633269,0,likely_human,1.0,0.27897383874762816,0.3990095938907301
UCwUHiiivje_lmuxwa35Sgdg,-1,1,1,['a5467c26d472315161b3203d6c17315a'],0.40866062997080854,0.27894956553553696,0.18952172726017444,0.5479384915337648,0,likely_human,1.0,0.27894956553553696,0.40866062997080854
UCTy2su70TX08-h0PgsyetsA,-1,1,1,['a28250f8e45e3d3ec57bad53eb856958'],0.44930782615462117,0.27891943038436656,0.18228713808579214,0.39369174047359073,0,likely_human,1.0,0.27891943038436656,0.44930782615462117
UC6YJyNqfiNcrWq2wBBxrJyQ,-1,5,1,"['e7379b243bc830e784d40dd196ed1aa2', 'f72cda0efc7f9ac112b8d22ea6835f03', 'd891df32722235222450e222a8bb76d0', '3dd3bbe41477f531a7ab9a2d1d57959a', 'cfbc342cd7f4552ff616ea05d7acb432']",0.4234488318311465,0.2788962567743487,0.17215118302585192,0.5228248146610656,0,likely_human,1.0,0.2788962567743487,0.4234488318311465
UCk7rYMzuVwpMSBZcPn3Y8Iw,-1,1,1,['8b21bf681d8950c77ae0cd7eeb21c9f3'],0.47180351963885137,0.27883448421939083,0.14407843692716527,0.35807517990059823,0,likely_human,1.0,0.27883448421939083,0.47180351963885137
UCC__IUP4Oqi86Eepd27tS_Q,-1,1,1,['f595ee5975ef04c1179e7b9fbfbb794c'],0.44139782609887324,0.2788329811518559,0.18349355169245535,0.42689296350708983,0,likely_human,1.0,0.2788329811518559,0.44139782609887324
UCpEsws9488c4n_2n9R9h8iA,30,1,1,['3af7cdd32f5ef3feb3c917d256fcaf7c'],0.4536115159510624,0.27870582405332234,0.1237953311207833,0.3050147569792925,0,likely_human,1.0,0.27870582405332234,0.4536115159510624
UC5-ABN7KPLqeYetHmCGZHOw,-1,2,1,"['19b6e6ea9c90af4f25111f4e2abf4aff', '23b57c585a97e35039eb79b45aef19a7']",0.44678784986588405,0.27838421639724964,0.15122497921050593,0.4546422789353545,0,likely_human,1.0,0.27838421639724964,0.44678784986588405
UCZ_V8XcGJySMuYpDV6lLisg,-1,1,1,['7d982c008c7b2a6758be9f0ce086a2fc'],0.4467317575244046,0.2783758907054823,0.1727910479160539,0.4185884341810346,0,likely_human,1.0,0.2783758907054823,0.4467317575244046
UCYr9CVUA1vOubI5Wv1WUx0w,-1,1,1,['b10a2a391c2ad3ff0d841a54cc245233'],0.40179301063852635,0.2783522731501259,0.20980841449927418,0.5347090439955738,0,likely_human,1.0,0.2783522731501259,0.40179301063852635
UCX4nd7hGv56DVfeloYpskrw,-1,2,1,"['6fc3cc4a3cd54b8103855fedc8d5885e', '36cd8e716ede2cd2cfca887eaa73a6ac']",0.43100644938137883,0.27825690670513864,0.17932528932008743,0.46637877809422046,0,likely_human,1.0,0.27825690670513864,0.43100644938137883
UCe_w2FUWgVFnoDVMikB0NkQ,38,1,1,['fe9d5e75f3313063d5d5146ce5f518fa'],0.41563114708242876,0.2782238087316071,0.15631346610386024,0.39446335434221197,0,likely_human,1.0,0.2782238087316071,0.41563114708242876
UCkuEOJvIFlTqRwynmf5trtg,10,1,1,['d375229aff2bfed3ef87e5eb2fadf1a1'],0.42488138925745217,0.2781587860961614,0.1527582982533949,0.4367441390345559,0,likely_human,1.0,0.2781587860961614,0.42488138925745217
UC5Ix8HQcxDadSTIKv7TlWWQ,0,1,1,['094590a75ee31c000b5043f391e55f16'],0.39513075938493947,0.2781181430115309,0.18583751578866453,0.5365181693475877,0,likely_human,1.0,0.2781181430115309,0.39513075938493947
UCzWbdy6S3B7kvndiNrC6JzQ,18,1,1,['e2432ccc609327498e4ea5840a01b33f'],0.42434450307865756,0.27808657555735344,0.1506389535905462,0.46487351704642493,0,likely_human,1.0,0.27808657555735344,0.42434450307865756
UCzx2jDCwqLgPEUkCnCVzTBg,-1,1,1,['ba8a66655af491ed75a86cd062e93f63'],0.3990112834252225,0.2780706601018046,0.188366126826858,0.5872614037124612,0,likely_human,1.0,0.2780706601018046,0.3990112834252225
UCOxwNnmVxZ3evP7aTd1RjQw,-1,1,1,['846e2f3a1e25d37f0aca81e5af2aac29'],0.4374216306034545,0.2780087713842244,0.16609837842917707,0.4663547789969936,0,likely_human,1.0,0.2780087713842244,0.4374216306034545
UCGWnDJ-bmzZXcjYNCrgmPag,-1,1,1,['d0cecf38b5404278f5f0b45eb7f34c5b'],0.43460070223102276,0.2779974406602219,0.1517912967721196,0.5101154324019689,0,likely_human,1.0,0.2779974406602219,0.43460070223102276
UCdD_oHsX8KB62xQLdp5Vi1g,-1,1,1,['4d2fc287af5d55cf42cc0b5018d379d7'],0.4237675171351282,0.277960471531398,0.16920346527403085,0.5150045233165143,0,likely_human,1.0,0.277960471531398,0.4237675171351282
UCqSvx2bOTu2JhI6D4BmkZtQ,-1,5,1,"['6b57f20b7add7578484e3eb5c4cde272', '7b4b0d9b7c5bb77540957c7470b4e471', 'ae57ba332c3dc532ad79858d3dd46fe9', 'c6a032665210a96895302484137565bb', '776b71cc5ad57eb92befc307f7450956']",0.43124049415441335,0.27795490738240436,0.15747884964497447,0.5092857915551193,0,likely_human,1.0,0.27795490738240436,0.43124049415441335
UCSj2xjFQJffweAih9l3ao_Q,-1,1,1,['0dfeeb30ee4ab14f6dcc25aca8d77bb7'],0.41953938754814946,0.27794529028287907,0.2026659341975956,0.48054386085906164,0,likely_human,1.0,0.27794529028287907,0.41953938754814946
UCrz_g5zX4gP2ya4n3cTOFuA,-1,1,1,['da53366b489a2ae4dadaf9ec8133cde3'],0.45688189763901954,0.27793771720203875,0.15926611444892178,0.38373729348920704,0,likely_human,1.0,0.27793771720203875,0.45688189763901954
UCNCrnVdkPZOWcUp-9-TeSQQ,-1,1,1,['32c5f7fad788d49a902d6b346715ea14'],0.3907581006482079,0.27787749274521667,0.22712122405190333,0.5725452093343886,0,likely_human,1.0,0.27787749274521667,0.3907581006482079
UCmNIbJGSk_QolFb8mMNHO4w,26,1,1,['4e2c71ad0e8267d4eb935ba3b93a3714'],0.45413981007845083,0.2778151225372357,0.12546618227421652,0.3467989473304064,0,likely_human,1.0,0.2778151225372357,0.45413981007845083
UC6tvlswBFL2gO9ZpSd-7t0w,-1,1,1,['0a9bc199368d3dc654a8d04e71edf0cf'],0.42172827543841823,0.27779563331222096,0.19494447156021244,0.4828758496411713,0,likely_human,1.0,0.27779563331222096,0.42172827543841823
UCATolgGWymawPd1L4bEKCNA,42,1,1,['6457d7fdaae2ebb031ba71cc5be89c74'],0.42097543818465594,0.2776446126935125,0.1558109552520879,0.4695760216528688,0,likely_human,1.0,0.2776446126935125,0.42097543818465594
UC1Cg3tWxMB5T0XPuwJw9zEA,46,1,1,['0424cc9fd6236c479ca7810da45c3acc'],0.4582677537481594,0.2776247108911833,0.1071669308671329,0.3290682251414343,0,likely_human,1.0,0.2776247108911833,0.4582677537481594
UCOYCp5oSnW0iPxgWl0ZQ9iQ,38,1,1,['8d4b92d605bfe97106eb18be2b778acd'],0.4236467323072606,0.27758198487625185,0.1490839289324268,0.36986963863855377,0,likely_human,1.0,0.27758198487625185,0.4236467323072606
UCxkF8zgpuj8QpDit5XYgX-A,-1,1,1,['b228a38335b2e91476ea56bcb36134c8'],0.4415233117204556,0.27743591407599427,0.17272924910931553,0.43178235348290295,0,likely_human,1.0,0.27743591407599427,0.4415233117204556
UCfAm11FLQidnxAlLPJGcq1w,-1,1,1,['dca191d91e70f6de0daa037fcd873af5'],0.42105718751419885,0.2772961660317045,0.19926145553546884,0.46004483320246037,0,likely_human,1.0,0.2772961660317045,0.42105718751419885
UC5CbbAtWT00K3rRBFoD0vPQ,72,1,1,['d4f35a76d172eca0a30709d432498067'],0.4493868121110175,0.2772533233638013,0.12999569189811117,0.3709972600088157,0,likely_human,1.0,0.2772533233638013,0.4493868121110175
UCfPSiig5qfHbovpiVFnwTEA,-1,1,1,['7803e18efcff1b2db0f160ff5ceada9d'],0.4402335853883462,0.27717195743064543,0.17195941242810242,0.43082992585098423,0,likely_human,1.0,0.27717195743064543,0.4402335853883462
UC1zIggX5lj_Ixm2FArleiEw,-1,1,1,['1e7ab213038cec7d31be19f89381019c'],0.41954602224040294,0.27717147177387214,0.19205121099637879,0.4929591311310253,0,likely_human,1.0,0.27717147177387214,0.41954602224040294
UCng6qVw2Qxg9uQF7s5qodsw,-1,1,1,['a8ef243852802d5f4caceb2ed584950d'],0.43804407386069544,0.2771082025030833,0.13425859699323647,0.515956516821831,0,likely_human,1.0,0.2771082025030833,0.43804407386069544
UCY42uB0cpuL8uND_oFE1fGw,-1,1,1,['28fe0444b50726e1856725d27943d2c2'],0.4299149964769012,0.2771040237189427,0.19785691245868667,0.41561930233032407,0,likely_human,1.0,0.2771040237189427,0.4299149964769012
UCnqZlAZ4vgqIqP1VPubobiw,-1,1,1,['577dbd657eb6a9fdb48cd51ab9abceed'],0.44582721392218105,0.2770943451819451,0.17067017310410343,0.41248214386813353,0,likely_human,1.0,0.2770943451819451,0.44582721392218105
UC7nU1bvrc4H3r4jJRgvIytQ,-1,1,1,['8dff79af1c9c847f3dc79dceb690a9d1'],0.4627018830643381,0.2770904447212023,0.12198462803933378,0.4364463678295434,0,likely_human,1.0,0.2770904447212023,0.4627018830643381
UCO-aHOfK6TRjR-IBuzhAMpw,-1,1,1,['71e82d7915a70b27d380d1d6cc97d10a'],0.4109754710729015,0.2768257640266769,0.2025101129614549,0.4938080056517501,0,likely_human,1.0,0.2768257640266769,0.4109754710729015
UC-6s-S7QpQ0-Wc_C1eNrobQ,-1,1,1,['6562dd2049008ea973496ba178ecbb5e'],0.41650637357599696,0.27681416715987495,0.20100369163499787,0.4723398380052203,0,likely_human,1.0,0.27681416715987495,0.41650637357599696
UC9qTvHAwNVRVWQFuRsWxUfA,-1,1,1,['f115ef9a1ec0e87d77dff38461630d47'],0.4121273551983317,0.27680873636272185,0.19506365312337529,0.5061188577871187,0,likely_human,1.0,0.27680873636272185,0.4121273551983317
UCiEbMX-9RNkk_Rfy3QZ85uw,81,1,1,['3a986c18dbf97ecdc346febc74267cc2'],0.4245609234340065,0.2767288072231218,0.16483410470214163,0.4188003441588597,0,likely_human,1.0,0.2767288072231218,0.4245609234340065
UCBOLFOmRtkeoCVyBn_UXyDQ,-1,3,1,"['7645d89e488dcb80a98e078fdc1859ee', '6ecebae39f05611e130c5c413f21899d', 'f88f88aef5218a39b06229bdf095a07c']",0.4388979198183676,0.27657247315805134,0.1561960634217322,0.4678383420838932,0,likely_human,1.0,0.27657247315805134,0.4388979198183676
UCD-mQTMtFKnu3DZT54g67Yw,-1,1,1,['61a30a1c8b954a77f8f6720f4ed672b8'],0.39380336988186326,0.27655641066456493,0.23563857866552135,0.5025776253998926,0,likely_human,1.0,0.27655641066456493,0.39380336988186326
UCBuI2GcON8MkVlQOej1r_XQ,-1,6,1,"['e5f473977e2f41907a00d853ffdad9fb', '8273067bb0d15706b73216e5d8cd4d11', 'dfe1bef6ac8eaf62f3c9f38fe7c88e57', '22eaf6e706f6f91fb7269b1733f7b89f', 'e5f473977e2f41907a00d853ffdad9fb', '8273067bb0d15706b73216e5d8cd4d11']",0.4246435960759607,0.2763990178591353,0.17807061628444626,0.4805112911985198,0,likely_human,1.0,0.2763990178591353,0.4246435960759607
UC7GJBBaD3qWqjHT2YYLxhdA,-1,2,1,"['b1bf2feedcd265a501b63d7ce5863ad2', '373311f0962848b74c9f53e00d75279b']",0.41204712385771836,0.27624391502497725,0.1571494951448843,0.5770078916336685,0,likely_human,1.0,0.27624391502497725,0.41204712385771836
UCaFX2-ecM9CzDQQ5Hmjymeg,-1,1,1,['d3e032c9ff55ee7743a022401a24a9f5'],0.4434207483667501,0.27622057837220254,0.15783638451824095,0.43196044333091904,0,likely_human,1.0,0.27622057837220254,0.4434207483667501
UCoT-JcS0KCseMz0rTbqJgCQ,-1,1,1,['28cbddd1cbb49587e5ea02366fdc413f'],0.4439650112864968,0.27619676934424914,0.1749322539542756,0.39317830251275226,0,likely_human,1.0,0.27619676934424914,0.4439650112864968
UCQEfqgWAkAEdf7f8xdYiIpQ,51,1,1,['7547895dba10763fedc606c5cab6284e'],0.4086401686137138,0.2756760499586123,0.15620628563207586,0.37242168523993213,0,likely_human,1.0,0.2756760499586123,0.4086401686137138
UC-XoOm4LrID484qmvVWmAQQ,76,2,1,"['05b5cc44a682d868956a754890b6c45b', '916ecd0f30528a10786846e79348675d']",0.39735911600893553,0.2756563203227268,0.16447618353921978,0.5319792314565644,0,likely_human,1.0,0.2756563203227268,0.39735911600893553
UC18M0MxOMj9G9GyfkLJR_tA,-1,1,1,['667fe5a41508a69fe0e280e08e1642cc'],0.42345234314062563,0.27563896502323737,0.188744591560618,0.4532847635974703,0,likely_human,1.0,0.27563896502323737,0.42345234314062563
UCiqgEt3j2iU7LO_aswt99BA,41,1,1,['03845416716e41f2b8f2545e4cc6ef96'],0.41019532139452475,0.2755724383324424,0.15964222072433965,0.4545120443776766,0,likely_human,1.0,0.2755724383324424,0.41019532139452475
UCrEo9ExR6Qg9SlkTyjjbRxQ,-1,1,1,['dc2374062156eeb467fb974461c10ca2'],0.4470095668230927,0.27544119655320487,0.17456960810592642,0.3695960418276048,0,likely_human,1.0,0.27544119655320487,0.4470095668230927
UCu_7ZGxNO_cMJFQOyX0o6vg,-1,1,1,['6f480ad67387218ab46cb685903e8130'],0.4112699016080762,0.2754371573230094,0.20357621331300962,0.475906248493701,0,likely_human,1.0,0.2754371573230094,0.4112699016080762
UCpjjjQVE-bnp-2NE0Svu-1A,-1,1,1,['fda6254bb9249ea4bae76e7c84d450e8'],0.4304394737160734,0.27531399346981333,0.1669482357684037,0.4711713237124695,0,likely_human,1.0,0.27531399346981333,0.4304394737160734
UCHKjNP0GCtP-7x1TeEwhpAw,-1,2,1,"['8e6151de8fbcb2e5bc9cd749d61ea7fe', '15ffd8da0cd723bd72d12eeb5820bfec']",0.42835258044760666,0.27519885148749024,0.1874095723269342,0.42949908954014715,0,likely_human,1.0,0.27519885148749024,0.42835258044760666
UC86VC8V_UfEeDBPvfRRbU7w,64,1,1,['6d610ffa5e918c22ddbf0d49f1834a14'],0.4238011907285519,0.2751975197003613,0.13177665375119693,0.3576433558861888,0,likely_human,1.0,0.2751975197003613,0.4238011907285519
UCx9LsEGiuxndy5xs64AE6Qw,-1,5,1,"['70c0ec8af2a365f04a1b0ad377ad6068', '62b161582260f8ec7b57fd792b870605', '9e5c3971eb4f634f873c8f32d499a904', 'cacd5aa65991905965329f302d163665', '5c9179c708ffb5c40d56fc894a86e54a']",0.4370450254553157,0.2750581391785226,0.11946162176080283,0.5341565238616224,0,likely_human,1.0,0.2750581391785226,0.4370450254553157
UCfJTbBQFdmmOhRSfPcyWqbA,-1,1,1,['85dcd5df23fc4b03d584dedd4bdf8910'],0.4429388836695962,0.27491135627910046,0.1513019507423369,0.43545748123400374,0,likely_human,1.0,0.27491135627910046,0.4429388836695962
UCfeVgApuMPw04-2JpqO5w8A,10,1,1,['232c5b865e78a1168f8893839a1676d7'],0.43241743911010494,0.2748178293154419,0.13689492317588448,0.40091427998798557,0,likely_human,1.0,0.2748178293154419,0.43241743911010494
UCOWyzyJefOVuYgRbs2h4VIw,-1,1,1,['b62857c51c5165658d06410f4e017416'],0.4252004393917624,0.2746735032580051,0.18180620117123222,0.4438412154513521,0,likely_human,1.0,0.2746735032580051,0.4252004393917624
UCD-fq0XRLbmxNCZL8EHnU-g,-1,2,1,"['55162a40f850c5f6fac48ddbce4ddbdf', '682434cfbc85df013cac37a43f74ecd5']",0.4217378596547825,0.2746531497325077,0.17713814624774626,0.47957980814226575,0,likely_human,1.0,0.2746531497325077,0.4217378596547825
UCowPYvagfgj_c7qwVGodb2Q,-1,1,1,['425ce58e6bd73423f1d206620b4e41d1'],0.4264260965401885,0.27463924179125854,0.1882071382222425,0.4320507425768651,0,likely_human,1.0,0.27463924179125854,0.4264260965401885
UCqiY5-opFWhDz7hMr-MmhMg,-1,1,1,['679b8787ce9d29dd2e8539fecfae6a12'],0.4509612763502656,0.2745619772980007,0.14900422875282254,0.4124074884270421,0,likely_human,1.0,0.2745619772980007,0.4509612763502656
UCF5xJlfnbFWeYtgnUyt3C6A,-1,1,1,['a9a4500d31d81279e8ed56f5ea758612'],0.38805427092204414,0.27451886288176475,0.22159734772513917,0.5434784847194525,0,likely_human,1.0,0.27451886288176475,0.38805427092204414
UCDuA-0yP9fQDfhtrZZZJHYw,-1,1,1,['bfe1ad65bd05fe3f5684be558fdecbc6'],0.4226308284132835,0.27447465883772204,0.18042025229758685,0.4669018823419639,0,likely_human,1.0,0.27447465883772204,0.4226308284132835
UCfaTHx5Ak2Vb3aydNzaCGrg,53,1,1,['9018567a106609bc18f28c0316842cd4'],0.4618574268062099,0.2744331957568761,0.11852344576723878,0.28961072828483664,0,likely_human,1.0,0.2744331957568761,0.4618574268062099
UCEzKqAww2ayfhho8O5y-ZfA,68,1,1,['aee5a6d57d0d10226e974303a846ff19'],0.43883779536355333,0.2743029819821003,0.14183911611837552,0.3172090808335937,0,likely_human,1.0,0.2743029819821003,0.43883779536355333
UCJLwL7Q4T8GO5d70sNBue5g,-1,1,1,['79e387a019aa5dad5307e43630319885'],0.4943029117868805,0.27427375184422054,0.09757564315537023,0.311514111194246,0,likely_human,1.0,0.27427375184422054,0.4943029117868805
UCMb6dfnWfAxH3b9WyTuGa2A,9,1,1,['72996a301e850bb6b78f18091d9631ed'],0.42772374153274545,0.2742053395252788,0.17334348178560866,0.3731630543047516,0,likely_human,1.0,0.2742053395252788,0.42772374153274545
UCicTgzKgO-JX4J3g9AGoMjg,-1,1,1,['a062599e54ec6f7a10828b678b5ef2f3'],0.44129895816322207,0.27415050477213404,0.15961945014413925,0.4229956932152265,0,likely_human,1.0,0.27415050477213404,0.44129895816322207
UCIrvi0GBwQtu8-zzZuveN-Q,15,1,1,['04d168fb811bb1aa478b29602a28e57c'],0.41332530824599867,0.2741181492442474,0.1657548601301031,0.41163224819654104,0,likely_human,1.0,0.2741181492442474,0.41332530824599867
UCt8_C0pG2X8amBeKarn8BdA,-1,2,1,"['66a1c4a52607af7801e98df319385b49', '99c13727717bfeea37ef67f4b991f86c']",0.46443523166897016,0.2740877451217522,0.08349150786585688,0.4772379216655099,0,likely_human,1.0,0.2740877451217522,0.46443523166897016
UCteFfhhbjDhiKf8yX3cD8BQ,-1,1,1,['b64148625404b133225bf68034f7b25b'],0.42496426170730994,0.27395023826973935,0.18210632143610903,0.4669610348816779,0,likely_human,1.0,0.27395023826973935,0.42496426170730994
UC2d7t7pDMSs0dgnT61nU6Qw,-1,1,1,['3abe2c7c2f3c9dd89912397cb575b93b'],0.4102265201411258,0.2739338101149361,0.1710037812738608,0.5365181693475877,0,likely_human,1.0,0.2739338101149361,0.4102265201411258
UCgVxdTAP2c6SzSLvx987P2w,-1,1,1,['088d6b8cea22d456e58209c046ccec27'],0.4133211418700865,0.27385621605945204,0.2004380264999812,0.4542151756202407,0,likely_human,1.0,0.27385621605945204,0.4133211418700865
UCh-bC8ravLIaLwWwYQmNk6g,-1,1,1,['530e890edf71b80c4face9ea14aec3ea'],0.43034965608730935,0.27373290028553976,0.18586469174366982,0.40956119842075595,0,likely_human,1.0,0.27373290028553976,0.43034965608730935
UCmcpyU5l75cXRa3a54iX7TA,-1,1,1,['00673ffba016d6c18f34f88ee9e6a8c6'],0.42120070759050554,0.27357463300176127,0.19205927661745234,0.45049092896598386,0,likely_human,1.0,0.27357463300176127,0.42120070759050554
UCAG2KSvHOq3wM5UhUnOd9Hg,-1,6,1,"['67c317fcf783fc027e670f30f60d43ec', '4446d737ac04f87f58ab29acedd6617b', '34565f8047b05620005c34e91ec68541', '9df752f6bfa712bc1613ab3a747ca421', '13b02c15299fe30a1f25a136ab4e3ad3', '781027d18d57bc2fd2f2034cdd063a02']",0.4250485256712975,0.2735243354540594,0.1651661710495701,0.47527081380257924,0,likely_human,1.0,0.2735243354540594,0.4250485256712975
UC7r_jS3XLZu-QFgIUGYwiiw,-1,1,1,['767d6990843c102b04aa920bcbc2f110'],0.4351781612670266,0.27340821365261175,0.1818229430048145,0.40640218409068507,0,likely_human,1.0,0.27340821365261175,0.4351781612670266
UCYhBhTjgAPubKYv2BgZWYhQ,-1,1,1,['030249ae2e02bc677c0fbcb6cbd65ad4'],0.43441326656105095,0.27331835629096135,0.16798557258975963,0.4253332969868601,0,likely_human,1.0,0.27331835629096135,0.43441326656105095
UCRCyJ_1oQabOXse2WhWw2RQ,-1,1,1,['1a83f5fd8dd1676e5b6dd7dbc1bce8cb'],0.42354032785223633,0.27322928876916786,0.16653937623305015,0.49886382593761014,0,likely_human,1.0,0.27322928876916786,0.42354032785223633
UC_2FHDfVins2ACvhOSCe-4A,-1,1,1,['1f1fcce05fea51f45f72b53a370113ce'],0.41512391684182903,0.27320581468702265,0.20804721109496685,0.45775179688820256,0,likely_human,1.0,0.27320581468702265,0.41512391684182903
UCMxOKc7VLY9g-AsYeKwv9Hg,-1,4,1,"['86a94dc68d6d46c7e0fc6a4fb7ebf9e2', '7d963ae2233c2bb77a55e2eace626ce4', '86a94dc68d6d46c7e0fc6a4fb7ebf9e2', '7d963ae2233c2bb77a55e2eace626ce4']",0.4153306893718378,0.2732051851137651,0.18395552677842694,0.4782951071811119,0,likely_human,1.0,0.2732051851137651,0.4153306893718378
UCPDjWWMI-CEXNYHwSCiQM7g,-1,1,1,['2f6bf07a492c036484ce0faaffa4ebaa'],0.39748424669287263,0.2731600822251013,0.20948606087592023,0.5057547524244153,0,likely_human,1.0,0.2731600822251013,0.39748424669287263
UCnyHL7AE5EBLBZgby24LLtQ,14,1,1,['74499eb4fc146a468d7b951062edea1d'],0.42345768961499386,0.27308524497352843,0.15193520545942965,0.38231122764575753,0,likely_human,1.0,0.27308524497352843,0.42345768961499386
UCwXVQdwdmzWxzTQQE41l7ew,34,1,1,['2e0f076664b1457bd92e1ece3317dfe4'],0.41609013862035515,0.27308471204240986,0.14949311115966085,0.3974266249885545,0,likely_human,1.0,0.27308471204240986,0.41609013862035515
UC8ESFLyiIFsI6EBf85P56oA,-1,1,1,['87196c7e6a02b099b8482adf00ef17f8'],0.4042723886022652,0.2730364219134992,0.20087155746495794,0.501216170444242,0,likely_human,1.0,0.2730364219134992,0.4042723886022652
UCMVaHHhVKI5cl7G78Z_O22A,-1,1,1,['b0b1e007fa81fecad62d8474f47a1efe'],0.4303539888063778,0.2730303343044387,0.1421343195520269,0.49855936724243993,0,likely_human,1.0,0.2730303343044387,0.4303539888063778
UCqad35Os-C9NLpU0aJOCp5w,56,1,1,['2ccb49536ef393e62fd190188e584f5a'],0.40131665484049933,0.27299860955848776,0.17232465265950023,0.4608023158805094,0,likely_human,1.0,0.27299860955848776,0.40131665484049933
UCmJ_TuxReEkprZcvONBa3qA,-1,1,1,['21265bee19f80e6d5f538ec177e746ed'],0.44428889065821797,0.27296939290576405,0.15184089766760236,0.4128914695957592,0,likely_human,1.0,0.27296939290576405,0.44428889065821797
UCesZllRBquffsvxAJTVqilQ,39,1,1,['f3a5b0e15d58be1313a8a6cab4d250ae'],0.41457273316186904,0.27293621692237763,0.16911602620180582,0.42888236316470746,0,likely_human,1.0,0.27293621692237763,0.41457273316186904
UCYr8i1voTbmCV21geXBdmAA,-1,1,1,['4b5008ebcd8970dcd069a149c48ac654'],0.45649248919687885,0.27291008374276327,0.15823400165909188,0.34648059123842606,0,likely_human,1.0,0.27291008374276327,0.45649248919687885
UCO4lzsIZerqVySpntnyCliQ,-1,1,1,['154ed8931f770f84ec2602349fdbb82c'],0.4421793931821562,0.2728688296226728,0.12047788626184823,0.49519950112459965,0,likely_human,1.0,0.2728688296226728,0.4421793931821562
UClg_2zvYfKFr5MLxvxClJKw,-1,2,1,"['dc2ba1cae314112fa63a150727cd5d1d', 'aaaa9e0783e5e6c212552d4f5c2025c6']",0.4293197505102274,0.27285285406758875,0.18872660447731565,0.4241050844234566,0,likely_human,1.0,0.27285285406758875,0.4293197505102274
UCr1gJhjOPjllykghxCfxXgA,-1,3,1,"['8ed52025798293783397f6fe9c36c0e5', '6a8b8c3c90c7a994a70bc288a4ec391e', 'fddce5241246c05b6f90934e9bae0106']",0.40957357029464453,0.2728206074202635,0.18004054494875335,0.5074551968093266,0,likely_human,1.0,0.2728206074202635,0.40957357029464453
UCkJOjnpd307_UqbwX7SgHuA,-1,1,1,['09359bc840c36b8e68f2681b063c1323'],0.4003936021691037,0.27281228904637644,0.21187221280130053,0.48351001669739757,0,likely_human,1.0,0.27281228904637644,0.4003936021691037
UCZKyIe4CIFHs4xeXX3t9BKw,20,1,1,['6ff6e117297895e7033958915d8a2ab1'],0.40567706285060867,0.2727701780974961,0.18316433483932093,0.4318913913548202,0,likely_human,1.0,0.2727701780974961,0.40567706285060867
UCuGAccKAO0csFFZSAavlXyg,-1,3,1,"['8f6c570e02d6faf1b61773104b1789fe', '95aea4906571e1c869de912875a8dffd', '432404baae6bba50e7b2a674f219c81d']",0.4169523436525177,0.2727694770470862,0.16639801460809833,0.5044308827960235,0,likely_human,1.0,0.2727694770470862,0.4169523436525177
UCWKPZ3_pBmCgqtL7bZUsxUA,-1,3,1,"['655c5acfeb36bab5d370a0b82c620f93', '32207b245278c6494e4fa9157b057cb6', 'abd1286ffe9b7791e531a59aeb489368']",0.4132901020297739,0.2727471305066865,0.15126609340548536,0.5537367633966417,0,likely_human,1.0,0.2727471305066865,0.4132901020297739
UCK0IlKDKAs3UNATPZCX7fEA,24,1,1,['e55a0834ac95e7f01ce52f08fe1a42b9'],0.404130108649857,0.2727418202282817,0.17722640843363982,0.4541116398510566,0,likely_human,1.0,0.2727418202282817,0.404130108649857
UC6wg3TWQEz_GspA4sXaGkQg,-1,1,1,['42d5d3ff5bd78225d458f341ab1f6c38'],0.3677001390843027,0.27268173120013806,0.2572866336737962,0.5669873537265704,0,likely_human,1.0,0.27268173120013806,0.3677001390843027
UC0kbGM3GWc9qgUgk9f271Xg,49,1,1,['6475788e5226f98cb22a1035991600b1'],0.4482928269563404,0.27262376565901814,0.12764941156640416,0.3200325111855224,0,likely_human,1.0,0.27262376565901814,0.4482928269563404
UCcD_8x_nZWrAUNJjNtKhZiA,-1,5,1,"['28865141fd2f9cfc97dd66d040438b3b', '5f07d068b25b1c22013020b93e8ea50c', '330e36d3909846e891b1cbae081f8aa8', '28bb9533ddc31a5aa722f778d0ef6bd6', '3ff31bb9f69d9e7a6162cfe108145856']",0.393894958278559,0.27261705450047735,0.1870527746165907,0.5615722671920033,0,likely_human,1.0,0.27261705450047735,0.393894958278559
UCvSdknes7CWqms1z9mlFXxg,-1,1,1,['c5791fb5e9234ecd757f386583f58846'],0.43737310511854083,0.27258705231125013,0.1423479636741835,0.45967677186218536,0,likely_human,1.0,0.27258705231125013,0.43737310511854083
UCkKO1iXODdNJ6hqmGOtCe7Q,-1,1,1,['9ae460ef14a446b6a5e5806a909d18eb'],0.452426000118706,0.27254061709024063,0.13829605130517325,0.39540261355238887,0,likely_human,1.0,0.27254061709024063,0.452426000118706
UCdf4M7MbyzTtfX_-1AbJcVg,-1,3,1,"['6d9afc14e2eb36a168fc7f95f102676a', 'ae305d8cf76512ac988b2c5a8bcba952', 'caf9adf67729cd23d9b15e140ad7ea77']",0.38600575445334595,0.27245278922304944,0.19620854600194151,0.5762571183782689,0,likely_human,1.0,0.27245278922304944,0.38600575445334595
UC382UTo_zc0SBFrERqmIFJA,-1,1,1,['3709b37d1a3f2de0caaf831a2b1bc328'],0.38099922395158625,0.2724513513158666,0.2130725536953942,0.5860607677847812,0,likely_human,1.0,0.2724513513158666,0.38099922395158625
UCYSiE9OusdEtW_UuxikglAw,-1,1,1,['b2c226c9838c9ce21eaf5c0473dd02c6'],0.3952129567423833,0.2723954504659245,0.21053816791138033,0.5227443633212983,0,likely_human,1.0,0.2723954504659245,0.3952129567423833
UCAjHP2HBZCVKBwndrNfUj8g,-1,1,1,['7fa0a651517cc702436d24af9383342b'],0.40648071490339727,0.2723071325999578,0.19743237756881385,0.47909437910694014,0,likely_human,1.0,0.2723071325999578,0.40648071490339727
UCLEiXEEiM24CmsryDtUoJnw,-1,1,1,['c709e32bb67c919638cac866e7a7c689'],0.423362379684887,0.2722688284537157,0.18138511566810409,0.43780017598071264,0,likely_human,1.0,0.2722688284537157,0.423362379684887
UC7kpvR1Sp3DGrTnMVu-drhw,13,1,1,['e98eca775154453a0dfb62e677ebcabe'],0.4201113674179281,0.2722591979406119,0.15462838647909932,0.3873479072856711,0,likely_human,1.0,0.2722591979406119,0.4201113674179281
UCKrsiva2s0vX_bKulF858SA,-1,2,2,"['434c9f0f8e27d7eb7a7eb91146d08791', 'b48045d29b041d1c4f504f2d9ddb9cd6']",0.43432772113654455,0.27224767942312916,0.17051828209439893,0.4138163300651143,0,likely_human,1.0,0.27224767942312916,0.43432772113654455
UCTeN4kQlvdLHVXZDJr-hQRw,13,1,1,['e62f51b05f2fa718626e884c9818a248'],0.43099116471811266,0.2721925863681758,0.14127884485246572,0.3643792559353927,0,likely_human,1.0,0.2721925863681758,0.43099116471811266
UCbLadsYPkZ7YXBnAoiAr0Ug,-1,1,1,['076b0110c941b7386b1e1f373dbe514e'],0.44910178339489465,0.27211652759502303,0.13001460782504384,0.43069455957435077,0,likely_human,1.0,0.27211652759502303,0.44910178339489465
UCqlj0G1-oYEOWgIzFfUZcbw,-1,1,1,['e8818d90d16e8ff4226296c451ab70c4'],0.4354994504509533,0.27203244832427015,0.16939037434725648,0.40227621773876865,0,likely_human,1.0,0.27203244832427015,0.4354994504509533
UClGOyXpVHyeVqCIdG-Yr6yQ,-1,1,1,['89793f0cd7f1fdcf1c66a6509b432681'],0.40579969428348583,0.27202378543966577,0.20731412690425796,0.4740537160670808,0,likely_human,1.0,0.27202378543966577,0.40579969428348583
UC-QoBV8jqLFzXCWS0K9o31Q,-1,1,1,['919c382ac202726bee24da73b49038ad'],0.39995388302758267,0.27183156923236906,0.1971006460803031,0.5003914771092497,0,likely_human,1.0,0.27183156923236906,0.39995388302758267
UCHWn1ObdEXTuOkPzQjHpuwQ,45,2,1,"['7b0d2dc096802c006cc6f0648861388e', 'b15782bc8c4b14020e5e032abbd8675c']",0.39260670507515855,0.2718034594975498,0.15620854610830567,0.5318686903756472,0,likely_human,1.0,0.2718034594975498,0.39260670507515855
UCoj65W_m3KC0PZnMDN2AWPA,-1,1,1,['7ff908b3eb3ac359301da2e309fd1226'],0.46320997259894203,0.27162990630238837,0.12371577530364762,0.36991708998010114,0,likely_human,1.0,0.27162990630238837,0.46320997259894203
UC0z2D_xBWlmAdeAuGJLdDmw,-1,1,1,['746f2a340b194c453c3efcdea592ce95'],0.3915805256828237,0.27162244213340314,0.21393128896524233,0.5082618385482021,0,likely_human,1.0,0.27162244213340314,0.3915805256828237
UCg7CiXEothZm35NJWLKGb8g,-1,2,1,"['9070b152c219d434466c35957e190c5f', 'd07d4539aa4f5ba45f65fe53c3eb56e7']",0.44265157975949665,0.2716184295754799,0.12779642703996094,0.46387841666962837,0,likely_human,1.0,0.2716184295754799,0.44265157975949665
UCzjkMxm9IPPEvzwKZfMqTYg,-1,2,1,"['ba917f062b4b06d5480751c996db7be6', 'b8a824b3591c2ac52bb10c517d406a97']",0.43767940540751227,0.2715232944284927,0.1230219856457033,0.4866455266029859,0,likely_human,1.0,0.2715232944284927,0.43767940540751227
UCi8OYgK7CSoH8qXinm0fqnA,39,1,1,['a8f90fb66ce323476cd2d0ed10aba7bf'],0.39677662627925236,0.2714978763075898,0.2032636592716239,0.4187821162485203,0,likely_human,1.0,0.2714978763075898,0.39677662627925236
UCpxBaWnpiApe9rHmUgRJhow,-1,1,1,['29d11d67e9e60ef5e835fe5794952f0a'],0.42152871088359445,0.2714392412366503,0.16540645438566393,0.47450253494312006,0,likely_human,1.0,0.2714392412366503,0.42152871088359445
UCJDswaXOLl-d4VuN60Km-AA,-1,1,1,['c2280209db1d09c96fa9d75ac95424c6'],0.43926529508904394,0.271205289195945,0.15644759773783692,0.41009127977416837,0,likely_human,1.0,0.271205289195945,0.43926529508904394
UCQwiKashQSpZkVC0OynwY1w,35,1,1,['b619ffea7104dfb3ba9b802ab76e2dcd'],0.41696794266955073,0.27119578096957503,0.1579029782979222,0.3556593120897828,0,likely_human,1.0,0.27119578096957503,0.41696794266955073
UCpfWvc2m3yckLPf0XUGlfrg,24,1,1,['5e2ca56539afe302a7929a43ad954d53'],0.43153829248223563,0.27117017555077266,0.13336136629110026,0.40872293057487064,0,likely_human,1.0,0.27117017555077266,0.43153829248223563
UCFPZCMx2zMjSQhrDkuNKcfg,34,1,1,['58d33505339264008b63176fae2568c6'],0.41973679400298064,0.2710734196952558,0.14414556534995118,0.36728803581444136,0,likely_human,1.0,0.2710734196952558,0.41973679400298064
UCRXtKKpn7VlNNSmnjmAaZ7w,13,1,1,['3cd8ebf32fa6fed04d13d530ce3db25f'],0.40845812674864884,0.27106847019532804,0.1829482926001795,0.37564739265073477,0,likely_human,1.0,0.27106847019532804,0.40845812674864884
UCRpXRC30ayPKDRvr6wcGVjA,63,1,1,['d6846904076e84f5eca6787b1a78ba3b'],0.45389729337402906,0.2710362702537512,0.12189495689391375,0.32006817187903663,0,likely_human,1.0,0.2710362702537512,0.45389729337402906
UCh9zOCf6QNBhdUWNprco99w,-1,1,1,['b3d1cabf6f8b2348aea9673a02866321'],0.4014455658299293,0.2710329825719783,0.20744137158356585,0.47322709984768097,0,likely_human,1.0,0.2710329825719783,0.4014455658299293
UCbRQgJBRuLW3jIdTos_-rBQ,26,1,1,['ce23df0cc921da7bafacca61d591a46f'],0.3396542875005925,0.2709114091926517,0.22509956325257752,0.5972492926940068,0,likely_human,1.0,0.2709114091926517,0.3396542875005925
UCQqcv0y-maAXqHTvwWxqNww,-1,1,1,['215050bb6fe76abbd920c8a560e39904'],0.43445023124648074,0.2709039280125515,0.16674584975577658,0.4085169387697641,0,likely_human,1.0,0.2709039280125515,0.43445023124648074
UCd0FE0D79RXOEKL0eEq4N8Q,-1,1,1,['ad5c7cf96b4618cf01467a456cdb6058'],0.4253149448362442,0.2708863283193441,0.17319858689372553,0.43637650903202474,0,likely_human,1.0,0.2708863283193441,0.4253149448362442
UChEFanzegbn8wiN-3twX2zg,-1,2,1,"['cd2e6975889a8495361fd8cdf72b628d', '7eacf8a55c827df08c77a6bf94f69e64']",0.41465013369821,0.27086703586711247,0.1835436010444394,0.45726119015173683,0,likely_human,1.0,0.27086703586711247,0.41465013369821
UC4hS9xn8lO-J6vfo5C0Vstg,-1,4,1,"['b7cb7a87998287efc3a9cc53a9c84d15', 'db9be799318aff46ed2047d41313e5c3', '424670be23700094ebc588d68f447d91', '6764acafbac2198d513cbb69be133f9a']",0.4228190457049058,0.27074435240973105,0.15748427482782207,0.47768478547657306,0,likely_human,1.0,0.27074435240973105,0.4228190457049058
UCQco2Iu_l-8S2sViqgPdrQg,-1,1,1,['19459f0b6d7dd9f4d442961e560747df'],0.4341413954497113,0.27068751934403745,0.1740183168339115,0.38965353822892035,0,likely_human,1.0,0.27068751934403745,0.4341413954497113
UCqzeJcNs9xUaq1RGmDQXy_g,-1,1,1,['e161b0c491cf9ef138a90a7fd7c52549'],0.44728075059242467,0.27055948806554775,0.1510917409377718,0.3749157724674335,0,likely_human,1.0,0.27055948806554775,0.44728075059242467
UCTGne6xF1PH_a6VgIuw8OKQ,-1,1,1,['08122b666a27cc2660f3e7f069045be4'],0.4264532203836571,0.27043592171953446,0.1907027972334254,0.38254092152391816,0,likely_human,1.0,0.27043592171953446,0.4264532203836571
UCCOJlwyZ6M4_VNPGAggxruw,-1,1,1,['1c27825a185b4e375f34b06478a1e22d'],0.40878187733386173,0.27039390537884717,0.1800083164036934,0.4841000074603399,0,likely_human,1.0,0.27039390537884717,0.40878187733386173
UC8imZtAF0buqlVTH6w6h4Cw,-1,1,1,['5b36762e7716eca9c4c3e81d63367d20'],0.4235379243603601,0.2703612915100332,0.1924623143138418,0.42391369629128206,0,likely_human,1.0,0.2703612915100332,0.4235379243603601
UCsF1DnT-8en_fZiMYp_ArmA,67,1,1,['2a18fe6edace69c72c47602e416e339f'],0.3887422699209618,0.2701523864782661,0.19653817383618283,0.42467928762021184,0,likely_human,1.0,0.2701523864782661,0.3887422699209618
UCbZFqx3zOO5jzvwQOQq_NjQ,-1,1,1,['69c15fe0dfb09ea2facdc8bc44936f61'],0.421931488221551,0.27006170483464675,0.1774462557283559,0.4280571550514268,0,likely_human,1.0,0.27006170483464675,0.421931488221551
UCC7ZZ6AAWs4LHOZgUabfMhA,6,1,1,['a38ddccb4e70554df15366bf9c0200c2'],0.40593951597393685,0.26994755153480654,0.18748813790256041,0.4027877185823674,0,likely_human,1.0,0.26994755153480654,0.40593951597393685
UCObSGiTmuWPJFVi6Xpd6cHQ,38,1,1,['f7384cf6f3be651c3380749949c2810e'],0.38165344307742,0.26990606940705625,0.17254859589710833,0.43722028838815113,0,likely_human,1.0,0.26990606940705625,0.38165344307742
UCKQwpfig6T04joWqC2_HvFQ,-1,2,1,"['4ddf9f0373b21707959ed485e6cf6aac', '4c6698880b4054949514df2a301b46a4']",0.3908149948562667,0.2697333298268477,0.17443443126895877,0.5728556351100795,0,likely_human,1.0,0.2697333298268477,0.3908149948562667
UCWOW9nXbn1mO0UkQSGkrLeQ,-1,7,2,"['face3bb1ce6d929ae0029593b1233db9', 'be371619b182dd0e21e1cbaa6a82785e', '05bb64732e159be117d515172d3f5dbd', 'fff35ba9859e86729976fdae45976414', '356c1f3ec05a539a8fe9e074ba787e35', '7828f9f3073a94db84ca5023702f3e35', '16135326becd867d3d5343aa936423a5']",0.4107258131163403,0.2695173911943234,0.14867343322115292,0.5389206366034776,0,likely_human,1.0,0.2695173911943234,0.4107258131163403
UCA7f5qzRdOb1Xf8OiVlPvug,-1,1,1,['57d6e4898609c8eaa0e7095b464b112b'],0.4385105407637746,0.26946479986809696,0.1559035696089827,0.41182293479757814,0,likely_human,1.0,0.26946479986809696,0.4385105407637746
UCyDoZcHQAcx6EmdjKK50JLw,-1,1,1,['533362257adf4ea97bae64947594c6bc'],0.42247292014828863,0.2694382249138535,0.1658468551407572,0.4495190759242456,0,likely_human,1.0,0.2694382249138535,0.42247292014828863
UCLeSSatpJ9-I1mAfrWbMODg,-1,1,1,['ee8db9072dfb19edcef84ecb8b8875bd'],0.43037866617418136,0.2692949522640861,0.17546608644532297,0.39633013060722344,0,likely_human,1.0,0.2692949522640861,0.43037866617418136
UC2arOYlRJOw_3L58Ygs9U1Q,43,1,1,['393380fce28bd3f1d6792957bcf8bdb5'],0.4251430559978708,0.26927657977684066,0.11918884320424733,0.3221627046801738,0,likely_human,1.0,0.26927657977684066,0.4251430559978708
UCb9BIXjzeMCb8pSCv3wTCUg,-1,1,1,['8794c989d760c875f21b71a4bc1cba21'],0.4040316784687461,0.2692678095432955,0.20317546896612573,0.46016682614357113,0,likely_human,1.0,0.2692678095432955,0.4040316784687461
UCa2x-ifN-0XlOn7y6jzvXMA,-1,3,1,"['219388e2937bc9b4d11a0d84fbb73d6e', 'd848e207bc13a3e66acc34505f094cc7', 'b4d79966f6c25ce6404e317fcbb7e48e']",0.42154071681175626,0.2692116025994964,0.16978258362309231,0.4399162743344279,0,likely_human,1.0,0.2692116025994964,0.42154071681175626
UCYAtW2xXlR23de1UcqpamSA,-1,1,1,['26667f26b3aa1bd54dc94cbe47ddff4b'],0.4240589376845151,0.2691790672795708,0.16582789311854848,0.4357290741924101,0,likely_human,1.0,0.2691790672795708,0.4240589376845151
UCFM8V_8DgM-NQVu8hU77Gwg,-1,1,1,['32b2366cea48e7da0635d0825436c1fc'],0.41753811533851726,0.26909761116582503,0.1911607569236941,0.40969074543857087,0,likely_human,1.0,0.26909761116582503,0.41753811533851726
UC3QP_ZDjHLjj_jxsTOR_d7A,-1,1,1,['0334626baacf84eccd6e0cb03cbd24ce'],0.448043354890419,0.26908715728500704,0.12082060420470735,0.4183399305871587,0,likely_human,1.0,0.26908715728500704,0.448043354890419
UCZxM9P_HHiBCuRTszAmC4ew,-1,1,1,['10f5e80a0e9e3a89b91ed3c1f22f1d2f'],0.3994469629896821,0.26906229174678764,0.19535591290959622,0.49363779194241364,0,likely_human,1.0,0.26906229174678764,0.3994469629896821
UCN1kX34IOPrcbEyobG8mq9A,46,1,1,['477795ff77dcbf390ed07b017e7e745a'],0.43599362543475945,0.2690479256938773,0.0876583585402836,0.3842779967179419,0,likely_human,1.0,0.2690479256938773,0.43599362543475945
UCm_PR4oVL-yyehwIsblNtmA,-1,5,1,"['ba0cd286019011ea9eebaadd2dfc7a5e', '45340565666c010f10ac101baa7a97e7', '4ce007681d0dce80cbf3d99563614866', '2457bebd2e6f22d52c27f39df46ca31c', 'f863c4de14a69f1d3a88adb7206d13d0']",0.40693890895552565,0.2690350236763788,0.17121608028247137,0.500894081527049,0,likely_human,1.0,0.2690350236763788,0.40693890895552565
UCMKQeBCAUMiqjp_6g7ePG-Q,-1,1,1,['86e508e596b0e9546e3d52e06c732b3b'],0.3830725512558048,0.26886137708832697,0.22810024622900613,0.5113425692837686,0,likely_human,1.0,0.26886137708832697,0.3830725512558048
UCpvw0nD3fQWUtye9lAeH56g,-1,1,1,['4c80088bd6185f5e7081fa984a3a28b3'],0.4381850871264392,0.2688593618218783,0.13981605063027583,0.4182019570621093,0,likely_human,1.0,0.2688593618218783,0.4381850871264392
UCXj_fzZpAWhJYo53I_uR4hA,-1,1,1,['5cf45a770aa202bc76e78dd9b9c92e2f'],0.45525637420290116,0.2688330908566033,0.1250928762102156,0.3763861864095618,0,likely_human,1.0,0.2688330908566033,0.45525637420290116
UCYGUC5g_ygmA866qVgH8ZOQ,-1,1,1,['499c76013bc8f6b21681f27ec2719d2a'],0.42846072039945016,0.2687833517022904,0.1662734395670938,0.4165571880677693,0,likely_human,1.0,0.2687833517022904,0.42846072039945016
UC0vwa66xRWRbsUg2aAoHIzQ,42,1,1,['d6fab1a69f6ce2e40397f9931ef08ae2'],0.4346422580844153,0.2687653910944249,0.12632726937288788,0.36921731920059475,0,likely_human,1.0,0.2687653910944249,0.4346422580844153
UCRTrMe3_Awuih01r3hpr3pQ,1,2,1,"['2e67eb9a37d56596480b0c9322fd0417', '0e725bd675f54f923ce8c36b5ec223ad']",0.40954775036629076,0.2686449928514694,0.15235972323768235,0.41534996974410326,0,likely_human,1.0,0.2686449928514694,0.40954775036629076
UCBSAKLB-c_oManEJjmT9vfw,60,1,1,['32231476ab4df145c64e20eb04985841'],0.4123104756069137,0.2686149708507068,0.14274058332981948,0.43918117129519835,0,likely_human,1.0,0.2686149708507068,0.4123104756069137
UCH2BsoJgBI7-IGIAvVFMBpA,-1,2,1,"['8dc9082138788dbeed62e6bda93c78a0', 'e24c0d68703e619e2f3e8a02507b85be']",0.39514238453658945,0.26853681907110194,0.17142999009570478,0.5486559617041153,0,likely_human,1.0,0.26853681907110194,0.39514238453658945
UCCE84flXnIZlJGYyoeYm0Fw,-1,1,1,['860d032ef18e0ced45096dd120256f95'],0.3931048983095068,0.26843880972901374,0.20448414284453137,0.49091580471927265,0,likely_human,1.0,0.26843880972901374,0.3931048983095068
UCjq7IDWM-1aYMNM-UErNacQ,-1,1,1,['e33dd9b709de94ce54eee05d67bd9956'],0.3664240069872654,0.2684289699887716,0.20561612236899002,0.6052154778867906,0,likely_human,1.0,0.2684289699887716,0.3664240069872654
UCtAGTy02pD1iVWcXaHz9QLA,-1,3,1,"['19230696a0941bbeb31577ed3c1473ed', '66c69978b04a22c38a7944c24f742fdb', '1f623830e2b0baba3bfa882d44ff6b50']",0.41546466489913003,0.2683217471759569,0.16711973297730756,0.46197585980090594,0,likely_human,1.0,0.2683217471759569,0.41546466489913003
UC_ZW4nbHwymfiD0oQYbf3KA,-1,1,1,['1c4b4b8cc09648822eb0b66fcd902dc3'],0.39416978696832905,0.26827788146472226,0.1995015876120887,0.4928304836637223,0,likely_human,1.0,0.26827788146472226,0.39416978696832905
UCUWIhAOVWv8U1wIg9F5FrXw,-1,1,1,['13d6e4c69749e43853604b988c723f97'],0.43237053135325787,0.2682754251796086,0.16942595166587243,0.386746893197782,0,likely_human,1.0,0.2682754251796086,0.43237053135325787
UCUlGUkYCWFIPOWc4vM-rR7A,-1,1,1,['0e81ec9298e81439ce5b773049b9f61f'],0.4227270903196956,0.26818848907386206,0.16342382518862597,0.4348848924600741,0,likely_human,1.0,0.26818848907386206,0.4227270903196956
UCHhy53KqcH-SCMl2oeANxBw,-1,2,1,"['5812ec30afff63014fe6485986729831', '4988f72303dfac605923364957461259']",0.40404385803990794,0.26815289580047974,0.18940570529187384,0.4809120878814658,0,likely_human,1.0,0.26815289580047974,0.40404385803990794
UCFHv65dS4zeQswsbSEmHauQ,-1,1,1,['a00dd66897230fb763bf45d7ca9fa32f'],0.39287457843219564,0.2681162888453176,0.16483588135062355,0.5733716813344406,0,likely_human,1.0,0.2681162888453176,0.39287457843219564
UCRLnvLn-3iNp_7v9j7sUNiA,-1,1,1,['ee1352dcd63a209bb997850ec586a9cc'],0.43211641992339295,0.2680402251757552,0.16422111892350147,0.3933896381896027,0,likely_human,1.0,0.2680402251757552,0.43211641992339295
UCZEz846YsD5enxyuGDYa9-Q,68,1,1,['fc6c94702805f2a137806fcb644c4685'],0.371998147932958,0.26803791498517443,0.18694557792486272,0.47191615461199515,0,likely_human,1.0,0.26803791498517443,0.371998147932958
UCR6SPvkd-ejn2pCxRV3PDvg,-1,3,1,"['d50a405b162a530d7804880ac1539e51', 'a15fb15ee41f7b881057c5a2cfc118a1', '309ab2893b37c6764bae823cbcdd0d36']",0.3885208347511542,0.26800166486276117,0.16601603318557212,0.5843488591574902,0,likely_human,1.0,0.26800166486276117,0.3885208347511542
UCluhTevgKYVDAeJlCfEeYbw,6,2,1,"['bb7ba1e3cda536cfd5c74e1ab2fcd093', '8f17c995a1e62593697bbabf37733145']",0.4119682426289949,0.2679671905916659,0.16631218952770777,0.40032927665034296,0,likely_human,1.0,0.2679671905916659,0.4119682426289949
UCPoptHd-JgzKhTGSjf11Ebg,-1,1,1,['7604cc00b5a6b30a754d2ab8789c99c9'],0.39608725942052847,0.26796063256150326,0.20350361294557254,0.4733466414429063,0,likely_human,1.0,0.26796063256150326,0.39608725942052847
UCjpLHyR0XNFLG9PZsDLSe2w,-1,1,1,['eae38976cfe5555ba805fc4092d3b27e'],0.41291290889535687,0.26783784424187673,0.1795383863345543,0.4400678930828701,0,likely_human,1.0,0.26783784424187673,0.41291290889535687
UCEmEHlM4Hg7cG6fz8e4nOIQ,-1,1,1,['d0918f000ad6d2f648eacc91f9a6e9ee'],0.42653780165230515,0.2677304015198005,0.1480333914643729,0.4522451197346344,0,likely_human,1.0,0.2677304015198005,0.42653780165230515
UClg8yqkCdU08gDcy4HDA5kg,-1,4,2,"['a4a7b772087a0b5c1812974a7eed3e3d', '0bf73d21d77a18db9d76828aa808071e', 'c8c8d25c6bf0a6be5b42b03d77a59cf3', 'f1bdc5d85db632aeb8820368bb6f9d74']",0.4156661898393459,0.26764261879196355,0.1138085555271623,0.5714219071172141,0,likely_human,1.0,0.26764261879196355,0.4156661898393459
UCwjhUspSQ_LYD-0s4HXiWMA,-1,1,1,['5187b40400464ee9592468249baa8642'],0.46705218427046213,0.2675606162652302,0.1112382161630051,0.3378379998514639,0,likely_human,1.0,0.2675606162652302,0.46705218427046213
UCfSBaAA2CHybv1x2rSzYXAA,-1,1,1,['869bae16dd235046d44557bfeb118d98'],0.4032238846969967,0.267380338886993,0.20002329440970384,0.44064250037319186,0,likely_human,1.0,0.267380338886993,0.4032238846969967
UC-QIg7QxeliS8GGhDCgmqmw,2,1,1,['5517a80caf53b420df5c3fe88dfd3f49'],0.41777563759869896,0.267341513709407,0.1549740011012522,0.3960682414459249,0,likely_human,1.0,0.267341513709407,0.41777563759869896
UCDg1jn0HmcGxnt4q6b1i02w,-1,1,1,['3ea14b2d1ad7b9a52883496912871ed4'],0.38857247097333336,0.26723581340698466,0.2023769888583268,0.49727407451464034,0,likely_human,1.0,0.26723581340698466,0.38857247097333336
UCNO367Iyb8RxY7YqTCGz9xQ,-1,2,1,"['6d141dcd2847c4599ff6f64f09628a2e', 'd3a8990f0f1d50d0dd09bdadfa14c696']",0.40900615713066607,0.2671173416516339,0.18067809961553924,0.4531639729453324,0,likely_human,1.0,0.2671173416516339,0.40900615713066607
UCgctZngToMGlfc0V94HW1dw,66,1,1,['8ea847fb3dedecf81d7561acb3e71083'],0.42218913463928787,0.26696020341225146,0.11199736241096285,0.4371235590789493,0,likely_human,1.0,0.26696020341225146,0.42218913463928787
UCppAfqzC7Rc0qRPgyYrNgCA,-1,1,1,['71f3b75686a67acc05f59eb3ad91c32a'],0.41772633643402196,0.266933353956611,0.19064997748242157,0.4024598716578906,0,likely_human,1.0,0.266933353956611,0.41772633643402196
UCNeUoigo5PpE7jn_wz4ORmw,-1,1,1,['96a9078a64b2101ea226957ebc9a808a'],0.4098909243607921,0.2668844383254785,0.18333671224395884,0.4366048592495702,0,likely_human,1.0,0.2668844383254785,0.4098909243607921
UCKey20totl_t6Oiu0RZ1YFQ,-1,6,2,"['1818d760b852fd4e164ba69765c29216', 'a777dfeda1f3462443ee8fdad10cf5f6', '8abe95a36fd19b40219dda473c299807', '2fbb2a8b23312e61ff734716705419aa', '7847ab95c72a2d4ce33ae5fd71db0140', '2a56584c78b78d710aa231785391c638']",0.3883883178153577,0.26678740697527364,0.121177760698403,0.6703845301267544,0,likely_human,1.0,0.26678740697527364,0.3883883178153577
UCdO75BAA5vaHHZU2kZKlnFA,40,1,1,['ad5d8b9a56d32d0d6bbeaf54a32b0661'],0.36595713438504873,0.2666989472274378,0.2093362575335154,0.5045774211749448,0,likely_human,1.0,0.2666989472274378,0.36595713438504873
UCJSBPU9bzShM1Vs5WC3kbRg,65,1,1,['cf78f934290f8ad8c13a2216cf630555'],0.44524066859613254,0.26667813002307617,0.11696456230226875,0.32289831571254146,0,likely_human,1.0,0.26667813002307617,0.44524066859613254
UCtKnBGWANjWKY0_jYQUNX4Q,-1,1,1,['687059cd8c2c0118b5743ac200d5326e'],0.40760064415815356,0.26666854584728505,0.19473240153604107,0.44923001178244437,0,likely_human,1.0,0.26666854584728505,0.40760064415815356
UCIXKGIDQilq3-fVNZy45yJg,-1,1,1,['2384639701fd23fa56934094edf96b29'],0.4405580719433854,0.26663895941969673,0.15293751938683642,0.36017695284421924,0,likely_human,1.0,0.26663895941969673,0.4405580719433854
UCMt30rzhJLXqzVGZzby-4wQ,-1,2,2,"['6165f7160c0b95cff4893ce7ee920445', '6bb1a2d684d2b8bc22dd765bd4168267']",0.37508451091414596,0.26663869369619975,0.20717697861603357,0.5498261319821635,0,likely_human,1.0,0.26663869369619975,0.37508451091414596
UC0Jne90V2SbFx85Y8o2-ziA,-1,1,1,['f27fa3d9c74b1d8ad0e01ec20f7ca8dc'],0.4093145534088749,0.26654387452111444,0.18757684018322712,0.42548797917996944,0,likely_human,1.0,0.26654387452111444,0.4093145534088749
UCBPdkV5FsuXI0tH9fKbERpg,-1,1,1,['e1f03377637535704f80c705e43a5a0c'],0.4703790299012215,0.2665275485947006,0.08709323883774647,0.36531887022511195,0,likely_human,1.0,0.2665275485947006,0.4703790299012215
UCRM_7yPpl5DGDV_8rygdTWg,-1,1,1,['5897f79b429d6aa74fd5bed0ea578b3a'],0.4309454773726464,0.26642785440770533,0.1487261889355173,0.4072502590712871,0,likely_human,1.0,0.26642785440770533,0.4309454773726464
UCEy0zZUBzcQZfCh1K-DUamg,-1,2,1,"['6349f848303076812014b102721d8cf8', '8072ba57202fc9906216916c83a3850c']",0.39797303603068196,0.2664001918601865,0.18272494744340248,0.49556037581384416,0,likely_human,1.0,0.2664001918601865,0.39797303603068196
UCp3CnHFB0C4ME4in6YZXeXQ,-1,3,1,"['677492f2211894b9273ddd8d901558e9', '86093e4d918538633a82a2d8690c31ed', '81c5bce82864efa65e5af9361f00c850']",0.38355546683377395,0.2663878767669762,0.19293217701652657,0.5377762207108591,0,likely_human,1.0,0.2663878767669762,0.38355546683377395
UCIGc_sh0uWZR0W2sjuC9Qgw,-1,1,1,['ec6af15a2030b6429c695268b2b8e54a'],0.40442961085412316,0.2663869150536011,0.17012709772331502,0.4985064952009076,0,likely_human,1.0,0.2663869150536011,0.40442961085412316
UCHibz4GFruWiwJ3bKs_dQZA,77,1,1,['6737af2d68023620b1940d0bd272d4b9'],0.3845527722914809,0.2663813519517218,0.16579686971846286,0.4906569528012525,0,likely_human,1.0,0.2663813519517218,0.3845527722914809
UC_z-M8C_eUHFc8UC5BNnr3A,54,1,1,['01df3a0bacce4842d39fb3fb6809edc1'],0.48236521056336923,0.2663528594819109,0.06421495671743087,0.2586845721821349,0,likely_human,1.0,0.2663528594819109,0.48236521056336923
UCQ19NKU8R8iP4dqzv-KbAaA,-1,1,1,['9654d85b6307bc5fd5fac42924138763'],0.42465433734604763,0.2662816863875276,0.1539910464122436,0.4180699634517838,0,likely_human,1.0,0.2662816863875276,0.42465433734604763
UCH3qGRoqmWrw7e0dAxjXacw,-1,1,1,['08b36b2790550986075dc581fb7d5f77'],0.46554558822579933,0.2662440237856146,0.09186886797108941,0.36995180879520934,0,likely_human,1.0,0.2662440237856146,0.46554558822579933
UCbk6fqksvhIie0_pU_mDOnA,59,1,1,['df664497a6649a45aea6e00ca21360bd'],0.4111775860717266,0.2662173581503454,0.16178253077529292,0.38435776904816665,0,likely_human,1.0,0.2662173581503454,0.4111775860717266
UCJa7u8qchf9par8HS9TQofQ,-1,2,1,"['9d14145ee0694a499b2c1effefbb0ae7', 'f8e0e1729e258fed4bc47d5ee21e0fef']",0.4613327342687932,0.26604984986477614,0.10896757367522611,0.3482441135661256,0,likely_human,1.0,0.26604984986477614,0.4613327342687932
UCyIDkeJJJjZ8k097bSIYLIA,-1,1,1,['c36634a3799c7bc989fb08214e330681'],0.42793711353556,0.26604356689052133,0.15975706093990466,0.4093179089127329,0,likely_human,1.0,0.26604356689052133,0.42793711353556
UCayFVqYlfMdAFsFFGd8E5Lw,-1,1,1,['9a721f038ac43484dbd048e9e1e35127'],0.3980031162859914,0.26603548236128527,0.18235150963888067,0.4850331262516062,0,likely_human,1.0,0.26603548236128527,0.3980031162859914
UClIzhCtwNga1gc7y2njaLxQ,-1,1,1,['f5563652facc7118fdff75b9b3db11cd'],0.40969389674394097,0.2659991478634187,0.15768165461707476,0.5040612352423852,0,likely_human,1.0,0.2659991478634187,0.40969389674394097
UC87QrYltW5kAEz-UyRR11Tg,-1,1,1,['c9ff5374084db8eee4ab0d4a99022a64'],0.4313920899657163,0.2659634863881741,0.13987150611278443,0.4125398653239737,0,likely_human,1.0,0.2659634863881741,0.4313920899657163
UCTha-aeq_QUUdOuW3_YFbvg,-1,1,1,['9ca9267a8e1c38da0c7e8f4620971829'],0.40206739873197195,0.2657917098844589,0.19401944830746484,0.44949734373071426,0,likely_human,1.0,0.2657917098844589,0.40206739873197195
UCcZ3td2fGN8x1H3c7o75ZZQ,-1,1,1,['bd057348909af10c91d019e759335a8f'],0.4335828628598718,0.2656656208923639,0.16116399870507608,0.3637434900317219,0,likely_human,1.0,0.2656656208923639,0.4335828628598718
UCRFCYYp-MXHPGjKMeua4Xqg,-1,1,1,['a50d5d912cec71a4788b14164135f08d'],0.4348326547658253,0.2655965718015594,0.11967490069586398,0.45179451509616403,0,likely_human,1.0,0.2655965718015594,0.4348326547658253
UC5cg1AMc4XPEOgL8s7SC0Ng,-1,1,1,['365585b8a67cecef542682fdcd57d8df'],0.392371873829645,0.2655507219560165,0.16965373641384965,0.5369319792988684,0,likely_human,1.0,0.2655507219560165,0.392371873829645
UCiFpnsHgl5hZ7tGnl1A77Tw,-1,1,1,['56133e811d8945eb79ffd9c3419fc962'],0.38569327285081745,0.2654610739664907,0.2202728677560661,0.4627762818976622,0,likely_human,1.0,0.2654610739664907,0.38569327285081745
UCtf-taFQfPflj_3WiIjHGug,-1,1,1,['6bdd14dedafa7f3a8367faee05469f8d'],0.41933555278905676,0.26539184708584546,0.17246117945844777,0.4276014161363102,0,likely_human,1.0,0.26539184708584546,0.41933555278905676
UCqhxEirRs1Zo4rU9mxHiLsg,-1,1,1,['36e7ab81dd4f8c746db7690bccd7fa5e'],0.3851495154350094,0.26533290623589345,0.20536163484482267,0.49289740800064236,0,likely_human,1.0,0.26533290623589345,0.3851495154350094
UCV5Sbtce4RGak0wT-3G_LHA,58,1,1,['2cdc3162cd26a211618e0affdab5fa1a'],0.4382745488182236,0.2652957118830652,0.10809722598958975,0.30002671125783953,0,likely_human,1.0,0.2652957118830652,0.4382745488182236
UCYJB3AdMFwoqzfqHSQOvmjg,-1,1,1,['18796a3deb4b72bd34f3048b67467ced'],0.397850264211958,0.2652769916575248,0.19963041915701843,0.4461164476418055,0,likely_human,1.0,0.2652769916575248,0.397850264211958
UCVLSNttbfMtzFESh4XmXDfg,34,1,1,['ecd4ae0f34b2035e78773bef289ddd7f'],0.38892840527206807,0.2652089767149747,0.17291325089606965,0.39573667786117106,0,likely_human,1.0,0.2652089767149747,0.38892840527206807
UCPGAkxdi3YBCKlTcY0cgFxg,-1,1,1,['b6e69a4d2086d7b09f5b510f28f4c7fa'],0.43886763118386185,0.2651873294599102,0.14055656596390367,0.37491137129727475,0,likely_human,1.0,0.2651873294599102,0.43886763118386185
UCjAb9PECpot75KraNH2H-nQ,-1,1,1,['23b21fe602fece3c9cfeb0832b8ac319'],0.4595443157014345,0.265180080772123,0.1204589652790085,0.3346449101565014,0,likely_human,1.0,0.265180080772123,0.4595443157014345
UCJQKHMwb1Vzfrz59meNnG7Q,-1,1,1,['5640e617e594f32cef5b1387fdfefc13'],0.3896988662660471,0.26512371527448325,0.16016346926810276,0.5687225501428321,0,likely_human,1.0,0.26512371527448325,0.3896988662660471
UCIZPOOqAs9TpL-rIds5Ej2Q,-1,1,1,['f4b8849823cda914889b1d5df5cdacf2'],0.38492806294940074,0.2651043359342029,0.18610506457836848,0.547537801597974,0,likely_human,1.0,0.2651043359342029,0.38492806294940074
UCj-VSksZ3KkN9GeS8gFGolg,34,1,1,['5ba404231fb903c76dba012dbcb529f9'],0.43077809822378155,0.2651006000277553,0.12350951681201004,0.3043427548140018,0,likely_human,1.0,0.2651006000277553,0.43077809822378155
UCBTkIvYSZuzf0uFKDFa-_LA,45,1,1,['7d7ad514f4b4a4a592326dfdbb7a8244'],0.4273212926879253,0.26507052331077136,0.14309622684158632,0.33533287930571254,0,likely_human,1.0,0.26507052331077136,0.4273212926879253
UCzdKquJB2GNQjJ0KunLHCmA,-1,1,1,['50ea0c36855454a0f9227f77b0664bf1'],0.3662854696577186,0.26498213441043783,0.21871743213454037,0.5503101911998269,0,likely_human,1.0,0.26498213441043783,0.3662854696577186
UCOWXz88XBCezFdNJITdVo_Q,-1,1,1,['31a1c0a9b85a32024469237aa106fc98'],0.43757083310285827,0.26497579366240875,0.1643736108501828,0.3508222668045178,0,likely_human,1.0,0.26497579366240875,0.43757083310285827
UCGTJbZ9ONLnF1wT6YGd9Auw,-1,2,2,"['48b0199a54a2649afa941578fa0502a4', 'd11ec8c51f87f13e92e5fa3a7b8d01ea']",0.4024439428784646,0.2649487087402762,0.18925460559500665,0.44699238024902865,0,likely_human,1.0,0.2649487087402762,0.4024439428784646
UCXK4YvhqvGWOTOTNMyYL94g,-1,1,1,['27df676385408fe836ca5403e818f353'],0.42003133352916133,0.2649441508629357,0.16646456398774645,0.4075901473309662,0,likely_human,1.0,0.2649441508629357,0.42003133352916133
UCWYv-hPpl09fZEeKv8yWR7g,-1,2,1,"['0483da4b2fd5baa061df19b8cbb2d658', '306e437dc7f8e9d4e6da0466ad043fae']",0.3994348810592779,0.2648752115767379,0.16885991493967434,0.4893966412144616,0,likely_human,1.0,0.2648752115767379,0.3994348810592779
UCfKyuOzUhwzGhzBBLIogGLg,-1,1,1,['779cb657f904061fab12f860aed4864a'],0.41348791012189134,0.2646990385118743,0.1775423647247084,0.41890960565128543,0,likely_human,1.0,0.2646990385118743,0.41348791012189134
UCoY6D3zqLztpxjqS1rgGp_w,-1,1,1,['0c0f48d281fa85c6be74d2c760fbaa62'],0.3928593254868832,0.2646744058808832,0.18584358739917475,0.5034936317114587,0,likely_human,1.0,0.2646744058808832,0.3928593254868832
UC2K2fZC7AVKpRn5MFaqIfyA,50,1,1,['8afa1ee8ba0490958217ec56bc085cd0'],0.397566244686253,0.264550652304738,0.1665696787153794,0.4083342885871557,0,likely_human,1.0,0.264550652304738,0.397566244686253
UCrod9DLIVXGHeIcq63B-OVQ,-1,2,1,"['539785d4441318338e4516bc9ed0c4a9', '108b01999a6b602a45fedd4db5d1c95f']",0.4324650497567731,0.2645356513946014,0.12303105744232143,0.44168697417414216,0,likely_human,1.0,0.2645356513946014,0.4324650497567731
UCszlohf_muJSJAsRZ3du9Fw,-1,1,1,['f4bfef28e57fd3e0f16cfe7d5f62ffc7'],0.43448010599519726,0.2644550354125771,0.14760015507030333,0.38756952127143185,0,likely_human,1.0,0.2644550354125771,0.43448010599519726
UCVGxZO1G53hE8y8k00ahapA,-1,1,1,['3c277d4c61f0c08eb843458d1c602413'],0.38061928962637626,0.2644124272301503,0.18853494102740712,0.535183507342877,0,likely_human,1.0,0.2644124272301503,0.38061928962637626
UCgzck7aOzVCPUf1bsDh8R5A,-1,1,1,['ffd30a3754eac9705caff6e336933653'],0.4035573101356736,0.26439485271082463,0.18460163788055567,0.44540839529158976,0,likely_human,1.0,0.26439485271082463,0.4035573101356736
UC6i_xLK7BWXg1Mx5UNY94kQ,-1,1,1,['a86c7e08027f24c1f1e0764b6b295ba6'],0.4188297861506235,0.26426999182849265,0.15472502345829345,0.43809890283081226,0,likely_human,1.0,0.26426999182849265,0.4188297861506235
UCIeURl4usdr3c6x63aRQISQ,-1,1,1,['62d0626c692b62f67784f6efe614feff'],0.4302393159060344,0.2642139003848343,0.16628740485768265,0.36321700599643414,0,likely_human,1.0,0.2642139003848343,0.4302393159060344
UC3o8Xsw5Go5E3FU17dLlJ8Q,39,1,1,['56bf75ca219ff7e2797c7e35b49b9063'],0.40914883357327747,0.2641775581116768,0.15002016414166808,0.3925714770752468,0,likely_human,1.0,0.2641775581116768,0.40914883357327747
UCfrSpBYlc7Zg4IIjvoMNMsg,-1,1,1,['d3783d420181514badc829745c73f8f1'],0.4208942310707263,0.2639846133844549,0.1571298086841286,0.41651048898249676,0,likely_human,1.0,0.2639846133844549,0.4208942310707263
UCu8yhbuF_ncNzTHUVcw0rcQ,22,1,1,['6493f0a1be1d46e9f15cd8592290d0aa'],0.39308053267785825,0.2638788371380165,0.16201394385082057,0.435492287134863,0,likely_human,1.0,0.2638788371380165,0.39308053267785825
UCL_HmsXqD0Bjj-41MQaP1qw,-1,2,1,"['894ad45096135883c14853313129802d', '8f883029b7c341fa5df418d70b9092c4']",0.3822436400925363,0.26343664545951034,0.1862293682924197,0.5277353395018322,0,likely_human,1.0,0.26343664545951034,0.3822436400925363
UCls6_y3uRnFuD_Lm1yJOmxg,-1,3,2,"['cca9677d5f43e52c45e351a3107f7f7a', 'd101ceb7d26e6aed4cb8a598ef9a15ea', '86d953e70f67470d5cfacbe5aef8b559']",0.4150274533665095,0.2633155171155902,0.16042267001980134,0.4366410221982215,0,likely_human,1.0,0.2633155171155902,0.4150274533665095
UCAohOKFoOYq1eFCOJYJzqBQ,-1,1,1,['ba2d17be8f125852ead7c8824031a739'],0.3894037791518803,0.26330363538997437,0.19778662326218738,0.4889625336656273,0,likely_human,1.0,0.26330363538997437,0.3894037791518803
UCEioiIdnuSu2NDUyJl4QR6A,-1,1,1,['03db4893fea893a91660641151eb3e6e'],0.3937664614678166,0.2631918056631097,0.18141162073807746,0.480345159956415,0,likely_human,1.0,0.2631918056631097,0.3937664614678166
UCPinhXHdLvvpKSc-IYyuvnQ,-1,2,1,"['2bfb1428c09963203c8d0dd504f8a2a4', 'c0d263751750b7c2ef0d21010693ad5e']",0.3952686319512857,0.2631742752007503,0.15842843257178413,0.5290344373545072,0,likely_human,1.0,0.2631742752007503,0.3952686319512857
UC75-vaybAjzBcYPCX-yYJZA,-1,1,1,['69f334eb134aae2300763c9fadf2a9ae'],0.4125528815410201,0.2631282002652159,0.1786951904849859,0.4183399305871587,0,likely_human,1.0,0.2631282002652159,0.4125528815410201
UCvCCUZdV7XRKN4ly-fTttPg,-1,1,1,['db332c6de842ba6eb4ab937716ac293b'],0.3931595886853634,0.26312748820923487,0.16876101264489443,0.5170250647787086,0,likely_human,1.0,0.26312748820923487,0.3931595886853634
UCGF3QBosPqFw8vclO0iFyyQ,-1,1,1,['4183b642cbceb1c583acbd60d3f64641'],0.42043941203660173,0.2630939012619184,0.1412944189552787,0.4344169077307273,0,likely_human,1.0,0.2630939012619184,0.42043941203660173
UCciBHhAty0lwHgN-SIu9b_w,46,1,1,['dbc50a1bffec59ad9080ba57251eeb21'],0.38694648578206203,0.2630248736148442,0.14393422291407407,0.42817111038902844,0,likely_human,1.0,0.2630248736148442,0.38694648578206203
UCm3tNGwZGnD4--7KFiZlFcg,-1,1,1,['385a3fe322ae234d7000dc4548e13168'],0.44243557382237786,0.26288980872983425,0.11087919359426841,0.40678179463227027,0,likely_human,1.0,0.26288980872983425,0.44243557382237786
UCGQO3h52WMG_6wbGNwZ7YIQ,-1,1,1,['5be471ae31d8ebae5ea872ccbcaeced6'],0.4061308628717162,0.26283898609057443,0.17697130406487385,0.4317061144853064,0,likely_human,1.0,0.26283898609057443,0.4061308628717162
UCMi0pCDwwN_OOQeSda9A5RA,-1,1,1,['df374922e8a0c9c7ec0f475d7efdd3a3'],0.461654118115273,0.262826618559604,0.11862261087114352,0.29857503468350727,0,likely_human,1.0,0.262826618559604,0.461654118115273
UC8SqVJZAXXm0SXhP_1G7eOQ,-1,1,1,['801a2f080ceb71d1e641ab161747782d'],0.4333824635463219,0.2627204847947468,0.15553380427334448,0.34769979392856926,0,likely_human,1.0,0.2627204847947468,0.4333824635463219
UCNueNsVy1u88HqSUhVUo14g,-1,1,1,['a5b2fdde5a9e8155f72c3dfebd7b1a18'],0.3666497369689727,0.26269869708910726,0.19950383736294222,0.5552636909182155,0,likely_human,1.0,0.26269869708910726,0.3666497369689727
UCQBXCM-ydWDtYyT5kRXYDLw,-1,1,1,['ce2f95e35933b10f91512d9491ce144e'],0.40486231771582126,0.2626589339979471,0.15376569015537858,0.4827053191839152,0,likely_human,1.0,0.2626589339979471,0.40486231771582126
UC6D2Cgn8M1Svmh5NAxNqXzA,-1,1,1,['63b8f66ce1cd5739480ddbd8684211a7'],0.4158177009796457,0.2626056096644473,0.17662708867640192,0.38792203375771356,0,likely_human,1.0,0.2626056096644473,0.4158177009796457
UCxi8Q1XROgtbcE-k3ulq35A,-1,1,1,['23a8028210dad6c205aeb0e5a1121dbf'],0.3746987815272095,0.2625542687935992,0.20803317134863203,0.5096620045733443,0,likely_human,1.0,0.2625542687935992,0.3746987815272095
UCCkPFoZrYJLiej2L3qWselQ,-1,2,1,"['99adec71285c14621b742bbc0d75baa5', '3668cd83c28fe3db593d7bea085a45df']",0.39625409542308276,0.2625212684955216,0.17821256961415685,0.46679825772391365,0,likely_human,1.0,0.2625212684955216,0.39625409542308276
UCQ1dWV95Q1LEhxfTxzdorfA,75,1,1,['7dcabd1d0305f775089c6a9ab0558742'],0.4366579558209787,0.2623475620892542,0.1325345294809363,0.2880276059554073,0,likely_human,1.0,0.2623475620892542,0.4366579558209787
UCdgNeoWh0o3genSWpscN_uw,-1,1,1,['478216380d3859eb7d24e4183bdfda95'],0.38899893766022725,0.2620792425419013,0.1943397673318513,0.4725993450607444,0,likely_human,1.0,0.2620792425419013,0.38899893766022725
UCJzOye5PSb_HkhloMgLc97A,-1,1,1,['24d0e55543018f3814d428f442416675'],0.39341074817850097,0.26206111622034045,0.1967847558604826,0.43769774853733595,0,likely_human,1.0,0.26206111622034045,0.39341074817850097
UC9rsPG16hUG_i_KUFKuwhmQ,-1,1,1,['68b4d7d3312862626a182e4a4c9a07a9'],0.3553754500367059,0.26202784796661327,0.17781008581852903,0.6589334656657284,0,likely_human,1.0,0.26202784796661327,0.3553754500367059
UCZf4IuOrMBmE2h4Bv_Pp_MQ,-1,2,2,"['f34cea23149b3f7e393190343a0c4558', '4186cf1a6eacaf6a5e2d69ef3a216281']",0.388199528332402,0.2619107940634464,0.16831526524359255,0.5251192575294439,0,likely_human,1.0,0.2619107940634464,0.388199528332402
UCGiCaQeiXZYDxLt5m2_9NXQ,-1,1,1,['06fbc299034c6379383f486c7da6da2b'],0.3879783108541244,0.2619012986470234,0.21469887178387873,0.425264803941872,0,likely_human,1.0,0.2619012986470234,0.3879783108541244
UCzTJBQGJNHKHsbaJAYx8GQw,-1,1,1,['5dfa73f142206389c841de0ba8322a1e'],0.4244949299584866,0.26189423728718914,0.14031654845694172,0.41097364057402197,0,likely_human,1.0,0.26189423728718914,0.4244949299584866
UCW9GErC_5w35FO70k84dwGA,-1,1,1,['cf1793f5f83b391ee8b23625e89666b6'],0.40858034237304297,0.26188711605455023,0.18100558224157443,0.4010402441882239,0,likely_human,1.0,0.26188711605455023,0.40858034237304297
UCTdJEKy-qKbLO4OBJepnI6w,-1,1,1,['ca7b037125b993c1ebb20406169066fa'],0.4124372418196264,0.26167913735393095,0.1484546359300952,0.45256398759671185,0,likely_human,1.0,0.26167913735393095,0.4124372418196264
UCqUyhbJXoOeGNiV1zzO8KLg,-1,1,1,['aa8067bfd323d27195a48c574d0c9812'],0.40340677740844877,0.2616345029666815,0.17221614045238529,0.44227692085390025,0,likely_human,1.0,0.2616345029666815,0.40340677740844877
UCja1jusj9Q3t0412Q4vfq-Q,-1,1,1,['435302066a6e27d5451b1733370a84be'],0.40962685403182186,0.26155541840681035,0.19011219522139738,0.3954730911298612,0,likely_human,1.0,0.26155541840681035,0.40962685403182186
UCJqkZDhGxzQBbuN26fLnCGQ,-1,1,1,['cbf3b338e01c1b20649f37a62edc201a'],0.35911374853630323,0.2615512344687882,0.2263241615410736,0.5502605290676339,0,likely_human,1.0,0.2615512344687882,0.35911374853630323
UCN-gWDXm2CI2vr6TgzP5Yew,-1,1,1,['c5cc214f0db30d5358fcd3875889df7c'],0.38319767681547057,0.26153140677991676,0.19859093639057293,0.49682963021896664,0,likely_human,1.0,0.26153140677991676,0.38319767681547057
UC5-jrbVErrb6y_yHb7ZAkhQ,-1,1,1,['18154ac9233f419eaa6160ff17f5d07b'],0.388855206010889,0.26148361853159063,0.15892863443401234,0.5344161977559644,0,likely_human,1.0,0.26148361853159063,0.388855206010889
UCp7uk_8sk53CxkV7_4siMHQ,-1,1,1,['32b51f68eb9e5de7b7db9d8b8bd3c649'],0.43886164886121254,0.26145409299465283,0.13346519348844427,0.3688254520745444,0,likely_human,1.0,0.26145409299465283,0.43886164886121254
UCLi15Ba1mtMNvN9nCOJ8ycA,-1,2,1,"['b49572f2c4f6837b2ee62e3280357444', '3aa516bef986f5aa85fb6f403986ec27']",0.3713067427098843,0.2614041389103005,0.18051444383113022,0.5637771962880975,0,likely_human,1.0,0.2614041389103005,0.3713067427098843
UCIgyuDs9pKfxt489bjC1ZPA,-1,1,1,['9b09c0a87abb38a7949f108c4b31049a'],0.41055605266076745,0.2613866992924,0.16493105473827688,0.4278103025158525,0,likely_human,1.0,0.2613866992924,0.41055605266076745
UC9HvDLhg8o2PdDJdqKMGJjw,-1,1,1,['7a9ffbd2f4da24bb379cdeef09030c94'],0.39356316119708895,0.26136160259290314,0.18043517039488202,0.4561458401060904,0,likely_human,1.0,0.26136160259290314,0.39356316119708895
UC_hFK37Qj24AAkFIthI1JKA,-1,1,1,['1e72a4c1bb0a629415aaa53361e158a2'],0.4188303972653533,0.2613425589122796,0.1560561640571218,0.4124074884270421,0,likely_human,1.0,0.2613425589122796,0.4188303972653533
UCcmm7nxcy4187SwtbcjkbZg,-1,1,1,['150451a7e01b6afc423c3dc9e459b3a5'],0.3935046473843267,0.2613344605616904,0.17791393559845817,0.47381643426659814,0,likely_human,1.0,0.2613344605616904,0.3935046473843267
UC9k9Bfd3ZcuUgFGa04Nqk2w,13,1,1,['b593f396d906b5e277f390578310ebb7'],0.36160044797797597,0.26107104575010465,0.19662359964247092,0.4580025426963156,0,likely_human,1.0,0.26107104575010465,0.36160044797797597
UCFLk9V5RJaoQ2fUcZG_1y3A,-1,1,1,['04dd0a65b85cb55ff34d9622e058fc00'],0.39383012584725396,0.26092844829756945,0.16573052399132385,0.48749869519450595,0,likely_human,1.0,0.26092844829756945,0.39383012584725396
UCONHTA-sxdJ-_OSaVvim8hw,-1,1,1,['88e26d4b4c905ce617b71a7d9a5b28fe'],0.36999098785781853,0.2607605622544182,0.19439921260519835,0.53236755843626,0,likely_human,1.0,0.2607605622544182,0.36999098785781853
UCUIvXsJ1jUPO1A3L8zN1hsw,-1,1,1,['86fd80c48446d91918fe84b671d1fa6c'],0.37988146735302153,0.2607522402331893,0.20064235610098655,0.47094563555382074,0,likely_human,1.0,0.2607522402331893,0.37988146735302153
UCpp_u6LqqvvTt13cdotRKbA,-1,1,1,['4284cc2e14ef1d518698c74ce5d8d7ea'],0.445846613788929,0.260625712645135,0.12771397533809456,0.33382371740281896,0,likely_human,1.0,0.260625712645135,0.445846613788929
UC_sbS-l5cATdgMAJBpVdaPA,-1,2,2,"['cfdb156d3ab8aa6535f4ebc11f2d6e6a', 'e95c72b51cce2f2d4f308ebb4c59cb37']",0.42979337875676904,0.2604686373064759,0.08825853085276629,0.486711590065936,0,likely_human,1.0,0.2604686373064759,0.42979337875676904
UCjqZciFZrG80237qZtFj4eA,-1,1,1,['79c46abf780e2ea9efc1f8447dcc42b1'],0.42694327987921776,0.2603193287769321,0.16034277066224395,0.3570700146166501,0,likely_human,1.0,0.2603193287769321,0.42694327987921776
UCwqoo6P5Aw4GiGm9wan7YEQ,-1,1,1,['9b34c09488ea1e34fabce604df7ded32'],0.38154932102148276,0.2602572306545364,0.18812882793120275,0.500203656276399,0,likely_human,1.0,0.2602572306545364,0.38154932102148276
UC6AL-KMssQRqQJs4OJz4iSA,-1,1,1,['7c388ea103e0ac36f72b49d42c4c38be'],0.3746279184290374,0.26019361582573963,0.21039078644360537,0.4842190935846168,0,likely_human,1.0,0.26019361582573963,0.3746279184290374
UCFGv7LXAbNgLPORuaSVYQHw,-1,1,1,['1be61cc0100f4554e8a244a2b4503ee7'],0.42474210194375295,0.26011836419246226,0.13918916548389113,0.39826822151375496,0,likely_human,1.0,0.26011836419246226,0.42474210194375295
UCZnoe5j6yjwy2Z7j9BDlpaA,-1,1,1,['6f3aabe496da744a1fc67b38e2e8370e'],0.4268524212809285,0.2599809428615332,0.14953823099322383,0.35990943837192974,0,likely_human,1.0,0.2599809428615332,0.4268524212809285
UCIRKB791cffITqtAGWlsFRQ,-1,1,1,['fedfcd0b7e681adca67b05172cd6b1f3'],0.4320279760932608,0.2598823480036335,0.13863592786168621,0.36307393589180004,0,likely_human,1.0,0.2598823480036335,0.4320279760932608
UCd1QZaVMxf7tALCZznrxrAw,-1,1,1,['dd46372ead047ee26b5801523f1d6c12'],0.4050126250746323,0.2596866092695821,0.16404793894565844,0.4213201480494031,0,likely_human,1.0,0.2596866092695821,0.4050126250746323
UC79ItWR_DMfO3OEkXkrlAeQ,21,1,1,['51f6dc5009dc5a5ec73e2f70d74cd9f6'],0.3820146294133113,0.2596742612129248,0.1692866652582434,0.43085306261189865,0,likely_human,1.0,0.2596742612129248,0.3820146294133113
UCADlBbQ7BfrwzUY0_TIAQDw,-1,1,1,['3e15c06c379e23487741ce853c18e4a1'],0.4086716935416569,0.2596705806666982,0.16973185739117852,0.41262551081883336,0,likely_human,1.0,0.2596705806666982,0.4086716935416569
UCoYJQdrKWt6lO9tO1ZSbtAQ,-1,4,2,"['83d45dd35f46f5d53a2d34d224c82763', 'd5de5fedab51663e7480feffc0786612', '415c2194cde82b7db2bae376f10a7cd0', 'f07b6cc7401571dd337f51f98c35bab9']",0.43802478180840154,0.2596283024895363,0.07285869134238497,0.47593011354599435,0,likely_human,1.0,0.2596283024895363,0.43802478180840154
UCeuhSp9SJEaRhJA2zl9steQ,-1,1,1,['8fafe3771b4b13fbb3f1eaac37e63981'],0.4437352691697013,0.25936124830632845,0.11577231432184251,0.3591684979629453,0,likely_human,1.0,0.25936124830632845,0.4437352691697013
UCP31odWRcEMmtMTHs3n9zEQ,-1,2,2,"['f23788644a2bcd07ea32ac6aaaa1914a', '60162fbfbd0d3540eaad8e09f39e0913']",0.38066475153296114,0.25934376466151005,0.19356327903494897,0.48211188223032453,0,likely_human,1.0,0.25934376466151005,0.38066475153296114
UCLxf7BbSIQzwlp-4Nzd76zA,74,1,1,['adc1f716c17469602394bd62f555bdcc'],0.4240014652046504,0.2592848424987529,0.13415381890467704,0.3164356648824814,0,likely_human,1.0,0.2592848424987529,0.4240014652046504
UCoMl_MMFBQ0Fh1HmQjFTxWg,-1,2,1,"['05bfecfb0336eadce577fb39b2e4e44b', '8467c7492dc8c34158985740480f9b80']",0.3828996970363816,0.2592772467561807,0.1836133781498831,0.48247861366548617,0,likely_human,1.0,0.2592772467561807,0.3828996970363816
UCBDd8JxfFQ4zsE5Z9f3MXKg,-1,3,1,"['8f2005fef64e8af621828b6321165ebf', '90c657e4093b67ac7c1a2972715b8fa9', '577084c3fcc0e1eecee9e85f673aab4a']",0.3997627632532484,0.2592510552596659,0.16219492318246845,0.45722717987581,0,likely_human,1.0,0.2592510552596659,0.3997627632532484
UCAmzl5SPYY8fIWdXBBW6AUQ,-1,1,1,['c86e5eb5ff37d8babdf182cd38dd1602'],0.39230479506672866,0.25916513093867194,0.15006484843167012,0.5015174589027845,0,likely_human,1.0,0.25916513093867194,0.39230479506672866
UC-LDRpMjamKrpCaPhXay_Lg,-1,1,1,['e22b0bd18f0426c7f6063bc9c8551d2e'],0.3932700406213334,0.25912637370393593,0.18984833985478902,0.4279355308776683,0,likely_human,1.0,0.25912637370393593,0.3932700406213334
UCBINNR1O7r7EEUXVMi3cgjw,-1,2,1,"['8d0d69e25c39cde7ddfe88244b7591d1', 'acff095ff8cef3cb63c23217d364721f']",0.4284546731693416,0.2589160697934323,0.13203915876723693,0.38427757993430334,0,likely_human,1.0,0.2589160697934323,0.4284546731693416
UCJQ8QBy7XSli8FsAX6Ly2Xw,-1,1,1,['eabfd6c143d5eeb2c6b006c86f934956'],0.41321322922978276,0.25882851213985786,0.15253303173362887,0.4052869829371581,0,likely_human,1.0,0.25882851213985786,0.41321322922978276
UCGk4Z4iQu9nDtPZShvTfH8w,73,1,1,['db3accef6538693d6583c6e863142600'],0.41287831314295886,0.25880759202791814,0.12945644075450763,0.36844876411016775,0,likely_human,1.0,0.25880759202791814,0.41287831314295886
UCP_Z1jD2Bh0zqsfcoKP_BpQ,-1,1,1,['5b3626d538c3c5d176d0e18e0b76ad0f'],0.416861383471439,0.25868965643687897,0.14947734907523452,0.4015244726204402,0,likely_human,1.0,0.25868965643687897,0.416861383471439
UCK1lezxwH0gFmuFslSVxBOw,-1,1,1,['bc9a71755eb2c0c7501dc6f97380f7a6'],0.43531960408823234,0.258554571274133,0.13529078324695812,0.3461856061784651,0,likely_human,1.0,0.258554571274133,0.43531960408823234
UCZxMs5ZqvDerE3U8ApLktPA,-1,1,1,['f0380c5a7358a1aa79ce76eea1e96ecd'],0.41206003592485907,0.2585119782045057,0.14306554204244168,0.4292207676811651,0,likely_human,1.0,0.2585119782045057,0.41206003592485907
UCHj_4BISQxWuUDSwq0BIV_g,-1,1,1,['8960ac6913d467c2250c3f6d16c1a407'],0.4294116774462634,0.2585010751374887,0.12351304534991447,0.39738104018376996,0,likely_human,1.0,0.2585010751374887,0.4294116774462634
UCQz8ZKRYzJwQWHobmOeUttg,-1,1,1,['779c4f02da085beb2d71a5995b05da11'],0.43588350830395634,0.2584935548930267,0.11687617440312274,0.3739709745800025,0,likely_human,1.0,0.2584935548930267,0.43588350830395634
UCktbWiBAir-1bCliycnoCvw,-1,2,1,"['d62a435e03d98bf55d3f00eaa585e8b2', 'd6eed09c5319404424478e569a9e9c33']",0.40363425164369915,0.25849250709231875,0.1533830966521399,0.4523068971492677,0,likely_human,1.0,0.25849250709231875,0.40363425164369915
UCaAmsX5iRyJ27JfngCJft4w,33,1,1,['7ce02fc670fd38fecd2b121e897d3bee'],0.4219046460552131,0.25848485517457015,0.13292551794452684,0.31638153615246145,0,likely_human,1.0,0.25848485517457015,0.4219046460552131
UC8q92gtzMpQuNhGSAXHPM5A,-1,2,1,"['66bd58907979e06b60815b8514331b37', 'e33a24d2abd30c3675dcd1321ec68b5d']",0.44414056602444163,0.2584706045210575,0.12593736465566582,0.3210283700751591,0,likely_human,1.0,0.2584706045210575,0.44414056602444163
UCMG4vrEq3fFEvxXr_fMiSRA,-1,1,1,['3d20c4da2de27a420b65344dc760fceb'],0.38845536400501,0.2582993902291399,0.18141030056251592,0.473835799117553,0,likely_human,1.0,0.2582993902291399,0.38845536400501
UCNugrNx7On7tTCWqEo-9b6g,2,1,1,['139472300a4de3b0426960c8c82c16ea'],0.3816503265941822,0.25829577697743594,0.16577549162694583,0.4379491735392292,0,likely_human,1.0,0.25829577697743594,0.3816503265941822
UCHLAmPbFPO62nKpTYHRu4JA,-1,2,1,"['e7df0ee6ac848c0403ac626596395c52', '88f624af3a402a0db2870117336f567b']",0.4132246222278273,0.2582321906738693,0.1674447534170171,0.3777065114832401,0,likely_human,1.0,0.2582321906738693,0.4132246222278273
UC-gTR3yDr4UsCLrj0_7T98A,-1,1,1,['1f28c2de0210a0d6ed00a32c91c81adf'],0.43422301272387,0.2582205190942099,0.11671297664837284,0.38142644868521697,0,likely_human,1.0,0.2582205190942099,0.43422301272387
UC987z3_jAALZ5M_4m3Wzvcw,53,1,1,['e746d083d55f0b4b607ee36d0d7c9db4'],0.39396423887537846,0.2581913670683743,0.14015776208926242,0.3850566058303421,0,likely_human,1.0,0.2581913670683743,0.39396423887537846
UCgpyalyb_FavhdOh76ihGBA,-1,1,1,['f8d0380dbcbbc7950505d84c925f1f0f'],0.3923051137917345,0.2581819376329556,0.15820897261281386,0.4896159423169405,0,likely_human,1.0,0.2581819376329556,0.3923051137917345
UC_I4v1Ny_cVGniXWOmkmRaA,-1,1,1,['03f8540a4a4fe5b440f1af5f97ab5692'],0.328712018813422,0.2581315062919315,0.23006798556512062,0.6480939597557601,0,likely_human,1.0,0.2581315062919315,0.328712018813422
UCkOy6foqVq48SvgVJQYxIbQ,-1,1,1,['9696dca69d6b89f6907b1dfaaf85ed1b'],0.3970851536104595,0.25798731342179393,0.17652945200407918,0.42605480746397223,0,likely_human,1.0,0.25798731342179393,0.3970851536104595
UC9wlUlyARNatf5fsVTpLV-w,-1,1,1,['516ce360236fa8439ffe8127077972be'],0.4170695562195841,0.25788012606007266,0.15184075135828937,0.38683650313927415,0,likely_human,1.0,0.25788012606007266,0.4170695562195841
UCPOxUdLxoXLV0MZeqAY3Hew,-1,1,1,['b8b28196c22cb3b7c937cee481dba9d3'],0.3895602666176661,0.2578744494344323,0.17517365444150831,0.45740681566884267,0,likely_human,1.0,0.2578744494344323,0.3895602666176661
UCAHRY1O9i5Vt1TKqfObpC7Q,-1,1,1,['a9093517cfa3f56a53fc89c58e1af46c'],0.42201519523572295,0.2578695614868872,0.1482462059625949,0.3633928555165287,0,likely_human,1.0,0.2578695614868872,0.42201519523572295
UCW44UyqPPwh25ab_G23XXvQ,-1,1,1,['2e406f54b4d4cb643955c4a8d87d03ac'],0.4027036785667313,0.2578575275498557,0.13795451698143718,0.49228228924462675,0,likely_human,1.0,0.2578575275498557,0.4027036785667313
UCdwcHlIwxGvy8Bb0Es63E5g,-1,1,1,['3807406a2c8b6588c3fd5262cebaa556'],0.39491398482231216,0.25770769585926506,0.16456978874516057,0.4520914931609082,0,likely_human,1.0,0.25770769585926506,0.39491398482231216
UC6Rnyhm7d9oN8NUyiPOrupA,-1,1,1,['d02c503b9879d79b6641640aff0cd447'],0.3656041082913762,0.2576890803681633,0.18456417806571762,0.5577542303311467,0,likely_human,1.0,0.2576890803681633,0.3656041082913762
UCbsCeP7BdPA8D8_MdeGI56Q,-1,1,1,['87f3e1b029aaff51bce512fdc10fce6e'],0.38580913150666307,0.2575213547131688,0.16774025147827493,0.48765694988701747,0,likely_human,1.0,0.2575213547131688,0.38580913150666307
UC2WGxLFNGXLyh9IinBRLhaw,23,1,1,['b3f160fca05756d8240d9561fb3efa8d'],0.35435648066138503,0.25733530496145174,0.1915829864548249,0.4901263779698521,0,likely_human,1.0,0.25733530496145174,0.35435648066138503
UCKvWmG03nXPgtzkUakFvdSw,-1,1,1,['3e190a8d60d29f62f720e835879d3c10'],0.3955261498606921,0.2573062931485714,0.14846362568726046,0.4947354317858805,0,likely_human,1.0,0.2573062931485714,0.3955261498606921
UC7W_8HsiSRRozpW6ND6KQeA,-1,5,2,"['8f91d7e1769d60234f97dc09eff66f5f', '6fe437bfdeb9b09f63193ebd47794a7c', '5757874fcb2868d832c98cfc4ee45845', '3d080857b70d1dac547e728dea64d35d', '018f3f9832dbbf736662dab637d9680f']",0.39139908766832787,0.25728662156175963,0.1279771244288997,0.545742080276974,0,likely_human,1.0,0.25728662156175963,0.39139908766832787
UCQ7JIZ6T5ybVzikmggLA-yQ,67,1,1,['b76194adb43ad1de2af4d6cf5e1316cd'],0.40545737039770235,0.2572699802783668,0.1344188769959004,0.3510805509042314,0,likely_human,1.0,0.2572699802783668,0.40545737039770235
UCfsV26LR7EhNaoC0uJeKLyg,-1,1,1,['d4559475271c67e6c6489a5c278b1d7b'],0.4002007833178638,0.2572403079276479,0.17460636284248704,0.4073939767258718,0,likely_human,1.0,0.2572403079276479,0.4002007833178638
UCYMKQ-yKas2Vj4_SuPDsy-Q,-1,1,1,['01d6979df9a50c5485867f9bb4aa724d'],0.36017957695859315,0.25709624420849697,0.22719548311883275,0.4760730985090957,0,likely_human,1.0,0.25709624420849697,0.36017957695859315
UC9rm2-9ZncMxUyR0zkA9PyA,-1,1,1,['08ef519beb8ae68e02130e4a7be7e1f5'],0.42832306157892874,0.2570907271755199,0.14131343587014833,0.34276865378423216,0,likely_human,1.0,0.2570907271755199,0.42832306157892874
UCviLzvEAfCXP0HdoqCyU2nw,-1,1,1,['c9aaf0fedddff5a4e0110483641ec6a6'],0.413173162139184,0.25683398401014124,0.1345285137757934,0.4251896979982104,0,likely_human,1.0,0.25683398401014124,0.413173162139184
UCuU5Jh76fn3AE0DSnpvqPPg,-1,1,1,['81bf03d2b85d1270eb209f0d7246dcd1'],0.43283620349401886,0.2568290969380974,0.13156774956147424,0.3406165172293789,0,likely_human,1.0,0.2568290969380974,0.43283620349401886
UC3JYEBecAzZ9u23O_SmYFGw,-1,1,1,['2aa67ab4dbc9874fc7b3775f65f687b8'],0.3648981961881351,0.25677021941235034,0.210523114092169,0.49076512075449025,0,likely_human,1.0,0.25677021941235034,0.3648981961881351
UClByENXsgf8CizUpeNvg8og,38,1,1,['8d7c65e29616f26892e355dc50b674a2'],0.4017092911504492,0.25666190164410485,0.11163184636229946,0.33793899080343076,0,likely_human,1.0,0.25666190164410485,0.4017092911504492
UC-pY7JQaZSAI6w2OW_n1tWw,22,1,1,['64d804cf5e32e738fd09abfc3d312853'],0.3612556924628433,0.25665118219270155,0.1905164234293681,0.4499617957954807,0,likely_human,1.0,0.25665118219270155,0.3612556924628433
UC-wUaGok9sVMGHZlwYHs_9Q,-1,3,2,"['e5932b658cf9de95c5a31d0ff6141296', '8397a74309dd1b0dc5a6913f9dc5817d', '3abe75562d95ddbdd99ae39cf0af77b0']",0.39686436235882994,0.2565506955537536,0.1455917871669716,0.4742319255366874,0,likely_human,1.0,0.2565506955537536,0.39686436235882994
UCSvw8gecx8roTuSskSsk3VQ,-1,1,1,['dfdb2f01ba10e699b6ffc30d92c0367b'],0.39745540928081036,0.25648749495878465,0.16487576690973013,0.43107420986300393,0,likely_human,1.0,0.25648749495878465,0.39745540928081036
UCeG-nrditN7VV9cYqzfhXbA,-1,4,1,"['169125e555f7985afc2821a383931c38', '3b2cf8e84ecb6bc9d36b4901baabe37f', 'a25ddbc42366ff3d69e4417a83c0ad44', 'f59dd4648f4456393c01740302cbf795']",0.35810773370403265,0.25638936477594837,0.17710491799553812,0.5830133380963566,0,likely_human,1.0,0.25638936477594837,0.35810773370403265
UCBD6DP4Krww4IGd02FOF4cw,-1,1,1,['330f57cce83f13820654cf8eb3bc89a4'],0.3496560958207851,0.2562317111574193,0.24827658320270027,0.4763997350574358,0,likely_human,1.0,0.2562317111574193,0.3496560958207851
UCcokFB3aPgwwBzn8gtIP26A,-1,1,1,['a8851701779c19a13f8ced11bbc264f0'],0.3832520668014049,0.25619609433843893,0.1638523307727625,0.49526901001258244,0,likely_human,1.0,0.25619609433843893,0.3832520668014049
UC2P6IaK7BKuaYuoozK-YKOQ,-1,1,1,['942b01bbd88b6167ab64e205a37efd34'],0.4099997685777885,0.2560377367144719,0.15413159753727323,0.3866350135636466,0,likely_human,1.0,0.2560377367144719,0.4099997685777885
UC-gZjHJlPzGObfn1u005zXA,-1,1,1,['f4e77e765964d9d5d2c89bf99bb312f8'],0.374965413899804,0.255932321033629,0.1885771728620532,0.47891169903987263,0,likely_human,1.0,0.255932321033629,0.374965413899804
UC8-6fuij9NJ5raN6NteohFw,-1,1,1,['5402f8af883d87ee932a75b1385b9655'],0.43205069902792514,0.2558007269905942,0.13349573494591083,0.3407431872485345,0,likely_human,1.0,0.2558007269905942,0.43205069902792514
UCaTOE_6zGyJArLA2QwgHGxQ,-1,1,1,['927af44b7af43d5bbb27f7e04b981690'],0.3996931598320313,0.2557808970623135,0.16797789976136385,0.40461896679782183,0,likely_human,1.0,0.2557808970623135,0.3996931598320313
UCay36T6RgIf7q0YZqCZZc_g,-1,1,1,['a79261f9850e9eebb9e3a01620dd5d2a'],0.4317478728116944,0.2557777402017931,0.12990777993223943,0.3399063410242515,0,likely_human,1.0,0.2557777402017931,0.4317478728116944
UCTjjs9HEov4i8BuHw49-AwA,-1,1,1,['bbcdf79469b578bb9c883bece271300a'],0.41774895969773207,0.25565816968875954,0.1460408989817491,0.37900882615290304,0,likely_human,1.0,0.25565816968875954,0.41774895969773207
UCNk80z0UTScmSIC8TWoSLIw,-1,1,1,['b7a93bab081d551df236907d301cd546'],0.3933331936860957,0.2556154725781059,0.1592550214200041,0.45656376484734407,0,likely_human,1.0,0.2556154725781059,0.3933331936860957
UCuhNQYEU1CtQh1NXiZUUBAA,5,1,1,['9d3de74884a727e7e1a2d86622dc935a'],0.4083738884955178,0.25554115013329254,0.12412969318927089,0.36560667772721583,0,likely_human,1.0,0.25554115013329254,0.4083738884955178
UCi7gJ0Pc1E0raFE_T-LYnbg,-1,1,1,['37995ba5a11dacf4cc51be74dc03a317'],0.4359492723100463,0.2554189695866763,0.12081743083580798,0.3371666484984899,0,likely_human,1.0,0.2554189695866763,0.4359492723100463
UC08MGW7atI9gFiVM6ygNU0w,-1,1,1,['54ca3b3babf65c878a169736c1433d31'],0.40719521862441027,0.2553548438218744,0.14137281491617235,0.4247152025405126,0,likely_human,1.0,0.2553548438218744,0.40719521862441027
UC9SX2zR4bdekAFgqmNh8Edg,-1,1,1,['feb12497557b19a9b3731210bd0c8747'],0.42949023803258857,0.25533622773075026,0.1278993628124074,0.349896523028316,0,likely_human,1.0,0.25533622773075026,0.42949023803258857
UCwl-LG3FsfsbFA-RbHdxugw,-1,1,1,['8f8e52f463e4cc2394dd9a7f5fec3a25'],0.37498848197223256,0.2552811459486305,0.1958363279662468,0.45938062057321216,0,likely_human,1.0,0.2552811459486305,0.37498848197223256
UCWzShoZZgEXpKvYzjnuqHGA,-1,1,1,['86baaa05955202030cc98956aa97eaa7'],0.3849241219205426,0.2552484269588601,0.17512972712046812,0.45320919461333103,0,likely_human,1.0,0.2552484269588601,0.3849241219205426
UCXdNqPxcLe0lDrrgvota6rQ,-1,1,1,['e2b4186bbcdc0825f705dc3538592dc7'],0.42863042684295904,0.2552280171821214,0.13470327266957252,0.3343867662898521,0,likely_human,1.0,0.2552280171821214,0.42863042684295904
UCp7zvBiqpFjZc_oHqPAYEEQ,-1,2,1,"['3e06ca1a705f167e063d377a5d5a68f5', 'e4b0055c80a0e2a11627a54fcd483675']",0.39839465894847725,0.2552231517576257,0.1746965010314592,0.40282272776263267,0,likely_human,1.0,0.2552231517576257,0.39839465894847725
UCdPg0BIp1zlrG6ufZEsPRlw,-1,1,1,['bfb09dceae89eed804edd6fb9182f406'],0.4474130016961459,0.25521260872017093,0.09001466047917718,0.33923087905803134,0,likely_human,1.0,0.25521260872017093,0.4474130016961459
UCVEIWacx88D5TlJkd_IAalA,-1,2,1,"['46b3134e9c3079628d941e4338875764', '1327acfc9035d1f9d4e3143b81ff447c']",0.40546901080495573,0.25516460232451366,0.14039104710802874,0.44037196532550366,0,likely_human,1.0,0.25516460232451366,0.40546901080495573
UCkXG9y2hSmO_zcbWpDEifpw,-1,1,1,['3ec40d547b07738aaecc69bbf98e080e'],0.3792787935397317,0.2551428907797787,0.19324012945381075,0.44424691961323115,0,likely_human,1.0,0.2551428907797787,0.3792787935397317
UCnp6Guvc9AdjzOvFMD-jaaA,-1,2,1,"['fcd0309aca3874444aa26a0766c734ad', 'f0d9f90938a3b119c80ae2317eccb64d']",0.4217123023948591,0.25511839028198324,0.13715340696558598,0.3654953949033559,0,likely_human,1.0,0.25511839028198324,0.4217123023948591
UCKkC7aNFOEL4Fzkojh8_zGg,-1,1,1,['692947d56d7fe730708fbb7d5e148494'],0.45691770475690063,0.25508275190483426,0.08876767171387466,0.3095268853943993,0,likely_human,1.0,0.25508275190483426,0.45691770475690063
UCiiWnnYYn-7bZ2J30n4iIxA,72,1,1,['2451674b9f4324066243d56100ddcaae'],0.3712830388191338,0.2549241608916243,0.1583965826140312,0.45312428532342564,0,likely_human,1.0,0.2549241608916243,0.3712830388191338
UCjCh3QGcTMStiZd0jmyXtrQ,-1,3,1,"['0e98053d81495513601eff9fe12a036f', '23b0b1ccb10daba62c62b5347299d46d', '5e61034f48a65d03474c3850b11d3722']",0.381402775116546,0.2548133795588345,0.18377601519417497,0.4692603333508253,0,likely_human,1.0,0.2548133795588345,0.381402775116546
UCsKwcWYwgs4f0Sm0ihs53Kg,-1,1,1,['0b0fd8d4056524bf26f80d8e90a5a455'],0.39534063708501,0.2547198486868132,0.1662793676648774,0.4257413300819224,0,likely_human,1.0,0.2547198486868132,0.39534063708501
UCw39-Vlc553SRvPD_w4neqw,-1,1,1,['4f6a62fbe4ef8f94888d21f29b4fbc7f'],0.390586514723119,0.25470217408726964,0.1542338258610561,0.4671540560174505,0,likely_human,1.0,0.25470217408726964,0.390586514723119
UCklG55t1rEMAs9LypT8k24w,35,1,1,['5b6b905e3a1530e921b445c20f381d18'],0.4134050108005065,0.25465500279235476,0.10962740664513601,0.30937939884311066,0,likely_human,1.0,0.25465500279235476,0.4134050108005065
UCc0021moXiGcFI2IQDdL36w,-1,1,1,['aa55b9bfa5d371c51665b0812a8313cd'],0.32680140621571424,0.2546004182362191,0.24851019583473224,0.5906084449294174,0,likely_human,1.0,0.2546004182362191,0.32680140621571424
UCGPkv6D-iB9ng8ITFyweGPA,19,1,1,['93a63848917c18433c7691ab220c03b7'],0.4172756581879111,0.2545979440464118,0.10844648384186802,0.34470264435720305,0,likely_human,1.0,0.2545979440464118,0.4172756581879111
UCjgiLmsM9lETmdQ_9XJ6LEQ,-1,2,2,"['6e4c25db38fde5128d4bceb701a956ed', '5568d96fb0025b62e59313e1adf12ccf']",0.35457356778067944,0.25455935135037205,0.21056511435238748,0.5237436971883646,0,likely_human,1.0,0.25455935135037205,0.35457356778067944
UCgb5QJonNsWRSl264fVGMLg,-1,1,1,['29f7121a139a7c4422d5ec330c3f1e7d'],0.446499620575194,0.25450331652820274,0.1115084938100688,0.31727455379327313,0,likely_human,1.0,0.25450331652820274,0.446499620575194
UCr8RVRakB_BVR2LTSUOkiqQ,-1,1,1,['bf16e4ea817edeb412a7af8fca185530'],0.4413809536078343,0.254432599377972,0.10817258732990548,0.3443268934005528,0,likely_human,1.0,0.254432599377972,0.4413809536078343
UC2SezOyV_Neybxk0VaTrFPA,-1,3,1,"['a8927653d8878ee307c7a6eb03f23f33', 'd4bff2c10aa48a89848259a968fe349c', '169707b489e7a039fc66f042edf2631d']",0.39667599119403946,0.25426370809549487,0.17198694563119116,0.41543365456602266,0,likely_human,1.0,0.25426370809549487,0.39667599119403946
UCYjzYdR9Sz9LfrnZkL1e0jw,-1,1,1,['ed33a52535cc98e1b12d307861b61713'],0.4006611505233303,0.2542595714611437,0.1602540767164469,0.40679985065950564,0,likely_human,1.0,0.2542595714611437,0.4006611505233303
UCl4Hx6zurs-IyMmJ0MH7lbA,68,1,1,['ba694388b492d5fb0745b8ad4c6f8c1a'],0.406175202070952,0.25415144907036674,0.09601000105281922,0.3628708181291261,0,likely_human,1.0,0.25415144907036674,0.406175202070952
UCCJnf6Y0MUCuKdXodYLyd5w,-1,1,1,['22353196d967531084c07ef6e1840c67'],0.45258189388885706,0.2541435193379651,0.09672115512464538,0.3095268853943993,0,likely_human,1.0,0.2541435193379651,0.45258189388885706
UCeduX6ZUiLN2JLKvPwJ73jw,-1,2,1,"['773fe32cdb6762f6bc0530ec6c0ea540', '743cd04bbc2457e84d8b91c7f34e51f4']",0.3878511032200347,0.2540909445331301,0.15803237244645046,0.4675885376796682,0,likely_human,1.0,0.2540909445331301,0.3878511032200347
UC6qznUI2_zcofgtoSsL6T5g,-1,1,1,['1511b513d1e61c8ee82ed34a9a40c6e9'],0.44184835924751853,0.2540655350873638,0.10335723393017046,0.33399490132914916,0,likely_human,1.0,0.2540655350873638,0.44184835924751853
UCEh9GUtxWHvMuyOtj3gqtEg,-1,2,1,"['221a78362e7ee38a2e4e91554189d72a', '004cb110b65ce7ad83e430b9116b21d8']",0.38082660049355943,0.25402473408035,0.16862335784661542,0.46874045759062344,0,likely_human,1.0,0.25402473408035,0.38082660049355943
UCfYD6PqWjNkuNDjVa5mP9tA,-1,1,1,['d2edacfc9bf537119468dd3d42569731'],0.3671988351969825,0.25391471021935524,0.15210126089811052,0.5649685057142242,0,likely_human,1.0,0.25391471021935524,0.3671988351969825
UCHeUzqJ9_k57zaU-HDf0LIQ,-1,1,1,['13f0d7721207ab2897d40adc3287919b'],0.3909968565636499,0.2538848159446416,0.15634282861435486,0.457649037714137,0,likely_human,1.0,0.2538848159446416,0.3909968565636499
UCSzsQpaHkzB8a6wt7Jp_OZw,-1,1,1,['7c701cbb02ba6dce60fc75429f9ac17b'],0.4131368693558401,0.25386108587266126,0.14196968677309554,0.38238358891106916,0,likely_human,1.0,0.25386108587266126,0.4131368693558401
UCrQ5gBHpyN3hWvHb8q_UROQ,-1,1,1,['be0b00810ec60aedb6b91272fbf5d54a'],0.3711918793917741,0.25384528219975616,0.20119886709410922,0.45085772848958283,0,likely_human,1.0,0.25384528219975616,0.3711918793917741
UCnyx2yGaiqdfkTeIZsUXygA,-1,3,1,"['c1c0bd498af85fef38f410926fdc1983', '2bb4f693dc3c7db9a7512a187db69227', 'ad89b505b6e575a310d3abb45cd507d1']",0.36923503951967257,0.2538446032834175,0.16051395508140473,0.5442653677889635,0,likely_human,1.0,0.2538446032834175,0.36923503951967257
UCkoB6vXtlar4xCLXLxFFsFQ,31,1,1,['01cce311a425545927b9e45e8f29041e'],0.37828457369030866,0.25379315361272237,0.16547437980912277,0.37226901817597324,0,likely_human,1.0,0.25379315361272237,0.37828457369030866
UCUrIh0lrL9SQ1vjFloys08A,-1,1,1,['62253ede519757e3ee148e412ca00711'],0.4244028431591856,0.25378397379002715,0.1370626632773685,0.34776412859196726,0,likely_human,1.0,0.25378397379002715,0.4244028431591856
UC5SML9lpGgTW0PLEucLOChA,-1,1,1,['8570391b610058f09e69c2e1281edd2a'],0.41963128152049206,0.2537709758638656,0.11304824734338048,0.40515988219511323,0,likely_human,1.0,0.2537709758638656,0.41963128152049206
UC9wNb4TOrb7Ko_uxNd4Eh6g,-1,1,1,['dcc338970c88328fad3eb870f96cc800'],0.4319659076631812,0.2537232886719243,0.1282651008644531,0.3275398070393356,0,likely_human,1.0,0.2537232886719243,0.4319659076631812
UC9Z4V0tK_FC4XQvXoqNwZWg,-1,1,1,['a1c728a5e216acdc3de573209747a45d'],0.43177183065003755,0.2536957570021335,0.11533526290919137,0.3483044439201339,0,likely_human,1.0,0.2536957570021335,0.43177183065003755
UCDEcu0kTAvqC3pVGF4AuBSA,53,1,1,['751a29089e5cfb351d1ae7e9f2c9e3f9'],0.391281409332849,0.25357340395432376,0.14104261956126646,0.36017695284421924,0,likely_human,1.0,0.25357340395432376,0.391281409332849
UCIiSNSUseFm7SN99n7zw_9w,-1,2,1,"['32943986ea1fb1127a62d80da0f83034', '5c48c60252e49e70910d5583a39ca8eb']",0.37069156977344464,0.25351190539097906,0.1800093429045374,0.48612341206205345,0,likely_human,1.0,0.25351190539097906,0.37069156977344464
UCDMwgrMIIW3vje7o5saiXew,-1,1,1,['c83e0500a37fe0abf74871311d78a1fc'],0.42793469997372213,0.253479405135328,0.11400206089798143,0.36839511854991286,0,likely_human,1.0,0.253479405135328,0.42793469997372213
UCP-AKQxJM8StDZNd-L7FQ5A,-1,1,1,['4b419955e53974c8afac809f10283f81'],0.38481480655910616,0.25344057750628174,0.18583357687333948,0.4125778029444467,0,likely_human,1.0,0.25344057750628174,0.38481480655910616
UC5tsP6MJstkvRhjuaRfD3ag,-1,1,1,['51bca73fb1493cbab866167fb1a2217b'],0.3781936597382918,0.25333236919537044,0.17975039553467917,0.4555774358876767,0,likely_human,1.0,0.25333236919537044,0.3781936597382918
UCx4bHVXbvc5GhNqZLibbjPw,-1,1,1,['90c5fa927a7330f53ebdf414065654fb'],0.4105105288437043,0.253329948071327,0.1415209711029349,0.38924509278815334,0,likely_human,1.0,0.253329948071327,0.4105105288437043
UC5V00hfLK5lqFxFyp-KcITA,-1,1,1,['b1d2e1b132de8f5e7f0f14939adc37d8'],0.4253692025283523,0.25320354674839296,0.1252598495739465,0.35718244397002163,0,likely_human,1.0,0.25320354674839296,0.4253692025283523
UCEaRrsWsV1OW3MPYmFOKduA,-1,1,1,['5409a7d134a17c5e4488d2fa70f21c15'],0.3852867914632494,0.2531060071840777,0.1770356296265036,0.4386272118515295,0,likely_human,1.0,0.2531060071840777,0.3852867914632494
UCmYIDuuwrpsu5J7HqJj16hQ,-1,1,1,['046a112ce8408c28047a7cae0bfde296'],0.42281305278748255,0.2529741040805509,0.1567901861428601,0.3185008419032899,0,likely_human,1.0,0.2529741040805509,0.42281305278748255
UCBfDQNuhpjOWNlXt5v-1Bgw,-1,2,1,"['f7bf248dfb9398f9d6a6f0fde9121fae', '9945aa1cab710f6574fda8a31ec4e8e6']",0.40711109678771734,0.25291213462653606,0.1475962793477676,0.3931509434426048,0,likely_human,1.0,0.25291213462653606,0.40711109678771734
UCYwSgaFBOuHRVmMD74N_EsA,-1,1,1,['410b04915b7baf5c69f64ed7ebf39129'],0.4181735971148078,0.2527557740715569,0.13153250391312504,0.37087054561457294,0,likely_human,1.0,0.2527557740715569,0.4181735971148078
UCpHltGaMpQRyC9wRN6c9LtQ,-1,1,1,['929625cb37fd8904231eabaabdc7a6af'],0.408599984182651,0.25271036720369333,0.1364984443701295,0.4090567198516801,0,likely_human,1.0,0.25271036720369333,0.408599984182651
UC_USEFQl4oiMhOQHUjpi6pQ,61,1,1,['ffd6eddf8179e8373fa0a4b0dd7a63cc'],0.36327350234175965,0.25263411281459863,0.14697597446336202,0.4877752973787998,0,likely_human,1.0,0.25263411281459863,0.36327350234175965
UC1o8VoEXiySeIW7pNWyuD8Q,-1,1,1,['f02c37ec717a3b05827f4bc918ef5667'],0.41110721886638507,0.2525012931380756,0.1327442243766712,0.3950166662997949,0,likely_human,1.0,0.2525012931380756,0.41110721886638507
UCaXNXfkO9_p0cLLBkpmo_nw,-1,1,1,['41aa9c875ea48fdf6b07ceb5c04da3d8'],0.4218998529927336,0.25249365319724143,0.13417786472724377,0.35029659521750894,0,likely_human,1.0,0.25249365319724143,0.4218998529927336
UCeW5c-FlNwtS-IMDiztdQeQ,1,1,1,['e2d3798b745fc7d835041dd9d40fee68'],0.3879227444728051,0.2524875197887424,0.12592370992801077,0.3934014711288403,0,likely_human,1.0,0.2524875197887424,0.3879227444728051
UCuufY3kZauF2yrGL2t-mJYA,-1,1,1,['fe75304dec2f2df996c2ba6f9ab6dbbb'],0.396104440660481,0.25240904903630534,0.1616277895334451,0.40941047620339444,0,likely_human,1.0,0.25240904903630534,0.396104440660481
UCZXK5boVsBkKZjVFhRTWxFg,-1,1,1,['eaa127e963cce85b36ff66e769e64d9c'],0.3952878762075831,0.2521744594681992,0.09762791120039538,0.5377762207108591,0,likely_human,1.0,0.2521744594681992,0.3952878762075831
UCSsQbGzr8vudGhO8bdvkHuw,-1,1,1,['b59a2fbff67f6e93351988ae4094ac7a'],0.380510857537333,0.2521574222375631,0.17599613728274258,0.4335505804891664,0,likely_human,1.0,0.2521574222375631,0.380510857537333
UCGbJTdM6XneREY73Jl324PA,-1,1,1,['77c447158b5f8ccb99b3d57090ec08ab'],0.3828275362156179,0.25203035899407683,0.1538912957822115,0.47499443892016213,0,likely_human,1.0,0.25203035899407683,0.3828275362156179
UCsgDWYocPo46efweASFamFA,-1,1,1,['1c9d45e1415d58fe269f16771ef3de1e'],0.40432350169626063,0.2519338822525491,0.13632607264119198,0.4117080387403343,0,likely_human,1.0,0.2519338822525491,0.40432350169626063
UC91X8tKqlJ7faXGQExmWrSg,-1,1,1,['a7eda859a5c97abe5cac86d7bae2fb3f'],0.41422614337851155,0.2519182309744391,0.15634672446475523,0.33318319989889594,0,likely_human,1.0,0.2519182309744391,0.41422614337851155
UCFVzy5wfCIroT3kHNW6jK9A,4,1,1,['d01c7cd1532c735ff1223b98de5bac8b'],0.3711124187727999,0.25190980079399083,0.16205340418037045,0.3912866472522319,0,likely_human,1.0,0.25190980079399083,0.3711124187727999
UCexNumkDw0pnljhK1GMNwHg,59,1,1,['85591c7e6cc87fd5ee3f54bfc7e5eb14'],0.39912837000904444,0.25186247914671034,0.1311271360219564,0.3541524234162934,0,likely_human,1.0,0.25186247914671034,0.39912837000904444
UCgF6mCgJmfpo2dC5kcDfj9A,-1,1,1,['5ab9f3ea279f90ef8bf57bbbd4829c6d'],0.3410840268699512,0.2518350613854104,0.19922419345913753,0.5669873537265704,0,likely_human,1.0,0.2518350613854104,0.3410840268699512
UC8j6KhWITqSdtuNV9hjnrtw,75,1,1,['75ec11258355281d21bf2dccfddc59a7'],0.462257631929864,0.25183406067144265,0.057801391532062436,0.22430624937902477,0,likely_human,1.0,0.25183406067144265,0.462257631929864
UCH0qzGtnHcIH_bgChWoCxDg,-1,1,1,['1fb8901c35c63d7127f34ad6077d6a19'],0.3956853145910758,0.25176705740480454,0.17108152908606392,0.3838922733680871,0,likely_human,1.0,0.25176705740480454,0.3956853145910758
UCDXlDUDrQx1LJIa4zIVc8ug,-1,1,1,['3509bec0f63f7ae2f31115b8649284f2'],0.39198172218841354,0.2516692930331192,0.16954372656875846,0.4061502079723939,0,likely_human,1.0,0.2516692930331192,0.39198172218841354
UCIdGUozFZ18JiYcJEziyIwg,-1,4,2,"['17931ced7f96689f15200f5e773cea5e', '9093fa15e974cf66b408809bb1914abe', '235c5a4b05d38c817059a23c5fbeb3d1', '16fd533dd4198f0bf386e9e747b562d0']",0.425434886882012,0.2516122130601508,0.08387314805688119,0.42719322665615606,0,likely_human,1.0,0.2516122130601508,0.425434886882012
UCHkFDnGGO2f47ZvMwHeofnA,-1,1,1,['328af92831f4b862f0c5c75d5dfc9fd3'],0.3800926928233522,0.2515115025994489,0.16631216048438904,0.45788218196760017,0,likely_human,1.0,0.2515115025994489,0.3800926928233522
UCeMTapDr6RZjbwOWeyU3GLQ,-1,1,1,['ce060d9e9bc617421ef427b912836787'],0.3994209560862107,0.2514002513564341,0.14624814829389804,0.41816935637208996,0,likely_human,1.0,0.2514002513564341,0.3994209560862107
UCJlAphZPeGfu9cZJsCnDs1g,-1,1,1,['a3325824515ea6ff8db0f96a23337efc'],0.346110790861621,0.25125646088487175,0.21745407068507133,0.5238217829844726,0,likely_human,1.0,0.25125646088487175,0.346110790861621
UCrIH3Ljf97u9hxIHahpfy6A,-1,3,1,"['2bb378313a3c6860cf58425e69043dce', '2414893aa5310b44d0306f116779c1e5', '6010638628b0a81dc37d27807d8c10e2']",0.40750262626965056,0.2512334995997263,0.1241484626020409,0.4348977911176269,0,likely_human,1.0,0.2512334995997263,0.40750262626965056
UCwk0nGGw6OFJHn1X4lyk96Q,-1,1,1,['ab722a46b9337adafaf9294c87ea83b4'],0.37481087413865494,0.2511384915678099,0.18313468345714462,0.44269707148149406,0,likely_human,1.0,0.2511384915678099,0.37481087413865494
UCF1hcizqnvh4gH5Lb8Codkg,-1,1,1,['1938bbefb9b466f96a1417d749bcb852'],0.3827553868780852,0.2509327329369531,0.18616482629838005,0.3957948099110501,0,likely_human,1.0,0.2509327329369531,0.3827553868780852
UCsYdhvEArgCOAvaoVc-nsTA,-1,1,1,['b44a7b5127ef9fecc1e992ebb627323d'],0.3834013744996853,0.2507612866007649,0.15836832391522698,0.4391757728204748,0,likely_human,1.0,0.2507612866007649,0.3834013744996853
UCmjQRS1pH1A87BkzxKrX6VQ,-1,1,1,['f1066724e226d24c114f2c5beee7923f'],0.42608121203563953,0.2506313380706452,0.1403833590623715,0.2972881623299939,0,likely_human,1.0,0.2506313380706452,0.42608121203563953
UCNRTq2pMXLeczFdV8HU7o4Q,-1,1,1,['f77b61fc96dedc330b84d6829e283e8a'],0.36352015367996227,0.25043337471954913,0.18595884432858392,0.4798207183816725,0,likely_human,1.0,0.25043337471954913,0.36352015367996227
UCs7OfMjZAtzceIA54-ue3yw,-1,1,1,['332f58be2808e486dbe62dfce1dd1026'],0.3950574883410436,0.25039623793493837,0.15694958071112697,0.3977073268865693,0,likely_human,1.0,0.25039623793493837,0.3950574883410436
UCYPXtMslU5TNE-RzzAQFGBw,-1,2,1,"['285e12d02f91440e685f11eb40ec2400', '34827fafe258f0462903cefa76609855']",0.42481706097048977,0.2503730465282514,0.12570838156526914,0.32919213448754947,0,likely_human,1.0,0.2503730465282514,0.42481706097048977
UCEfUt2kmfM8SfucfjVeJq4A,-1,1,1,['efb15f65be017b13f414774d9d64e3ad'],0.3737043645046173,0.2503709871573715,0.19359714730122293,0.4364543412478386,0,likely_human,1.0,0.2503709871573715,0.3737043645046173
UCcay-y8bW3FR_0HQnn6oT8g,29,1,1,['f1cf657c9351e55eb0625209bd94cd34'],0.3921033219415918,0.2502752923899147,0.12700573243900076,0.3251271014072086,0,likely_human,1.0,0.2502752923899147,0.3921033219415918
UC93fa-7TDJKDfxKvGyaUP7w,-1,1,1,['fe415205fd123b63ee1291f3e4980ab5'],0.34922448417462626,0.2501860964351174,0.19030587680468294,0.545742080276974,0,likely_human,1.0,0.2501860964351174,0.34922448417462626
UC9023Ru6uut_UV0ToUlaKeA,-1,1,1,['7a8ee47d049dd484e9cf9b665a77a179'],0.39534776847007147,0.2501629865571543,0.15483887446410385,0.40299957078049725,0,likely_human,1.0,0.2501629865571543,0.39534776847007147
UC0jJxJsBKdyLKNMM81Fb1Ng,-1,1,1,['1e486d702187b935cc110a56eadbdad2'],0.3623794293418553,0.25012063949487584,0.19489013913199482,0.46390969882583677,0,likely_human,1.0,0.25012063949487584,0.3623794293418553
UCjpgL8U9g2ZN5Ojr_gswjpA,-1,1,1,['9e9f4dbcae925b46ae7b33975224ecc8'],0.33626279226813405,0.25003998348657075,0.1871075317084664,0.5960965854281943,0,likely_human,1.0,0.25003998348657075,0.33626279226813405
UCfS_8pmC0L_FsrKJr11s-Fw,-1,1,1,['f4a1f25f24a9f0808523a4ce36127ed4'],0.3596228772345854,0.25002934552595096,0.19721003833092637,0.46296300069578317,0,likely_human,1.0,0.25002934552595096,0.3596228772345854
UCweNcKiXrIC8ZcNoGxvmJCA,-1,1,1,['29e2383f4f708279963a64e56607b5f0'],0.3720520832328881,0.24976108782537798,0.17158234369587647,0.46911723697911617,0,likely_human,1.0,0.24976108782537798,0.3720520832328881
UCh9mdhSIhFijK5XUzPm5fMg,-1,1,1,['eba89be0f90cbb2ed7932268f9586923'],0.3801223974915144,0.24970053017806293,0.18453736655705866,0.4204468172419168,0,likely_human,1.0,0.24970053017806293,0.3801223974915144
UCWbMJdnAM9vVBftQdOZn4eQ,60,1,1,['1825003682b11a08535b442349bd0e0c'],0.40032807225002287,0.2496430330856348,0.1288931043238596,0.3381670099998871,0,likely_human,1.0,0.2496430330856348,0.40032807225002287
UC9avub1GVTMG7foNUn8yT_w,-1,1,1,['735c592eff049949ed7c062b733ca63d'],0.4245207213588795,0.2496223235461039,0.12857015512453646,0.3328657898565806,0,likely_human,1.0,0.2496223235461039,0.4245207213588795
UCoM8-JhmYESW4PUUhknK7Hw,-1,1,1,['60f5b18e88ccb495c2f426a098bc9b31'],0.399881627981929,0.24955459962962345,0.15760590164535104,0.3604865604289865,0,likely_human,1.0,0.24955459962962345,0.399881627981929
UC309ZfFENqF2KYILdriu8Mg,-1,1,1,['b0a677fbbd1aeb03e545853f07ccf13f'],0.41833026913069654,0.24955215340573714,0.12557531958206603,0.34923007302202724,0,likely_human,1.0,0.24955215340573714,0.41833026913069654
UC9bHnZhPsz7lELQdOlI8HUA,-1,4,2,"['eb4747afbd32c2cc15db088d06ef2826', '8f0cc8a3e37a49cd5396797526985f1c', '286ec4aec75e444c5ac94a609aa0f6a5', '4a56078d7e352fd1ffab63406b36b36e']",0.4059754864715351,0.24954524343594575,0.09988586299649559,0.46387841666962837,0,likely_human,1.0,0.24954524343594575,0.4059754864715351
UC4FVOKWaW7Lqg6hBcSVNy1Q,-1,1,1,['7f5b001a4c119655770a4612656c3005'],0.3393317352046655,0.24950132344969228,0.22069164250844467,0.5057547524244153,0,likely_human,1.0,0.24950132344969228,0.3393317352046655
UC5U9kgYktcQbglY7Q-zaIzg,-1,1,1,['83fa522d7bee1267f070d28f97a7db37'],0.3484051840076802,0.24948071884909384,0.18048470747590814,0.547537801597974,0,likely_human,1.0,0.24948071884909384,0.3484051840076802
UCkWDUBryrjfk7ES1gCsA7nA,-1,1,1,['a021ac0c79eb0517353478f05e1d789a'],0.4293502088625303,0.2494118788583715,0.07405456658213842,0.4003017856521927,0,likely_human,1.0,0.2494118788583715,0.4293502088625303
UCxG7Uu_KNLiA3D-hRLCthMQ,-1,1,1,['6a8ce4451af77983e34e3e88cc8ee755'],0.3604617649393901,0.249302958551741,0.19355409359781223,0.46792751552301753,0,likely_human,1.0,0.249302958551741,0.3604617649393901
UCcU7hQOboCImPBiTALSOBmQ,-1,1,1,['30930800d571183996d206f248326c8a'],0.3555366332174233,0.24916307114424185,0.19964767856297036,0.47480440201112317,0,likely_human,1.0,0.24916307114424185,0.3555366332174233
UC33KV39qgto4iofwQ6nG3Xg,-1,1,1,['c104b247ad4531a9cee2ac9dc671ab68'],0.38752814843138716,0.24900536077114144,0.15241361665341285,0.43099205631032356,0,likely_human,1.0,0.24900536077114144,0.38752814843138716
UCTYOkBoxcPFGPfbziq3WlCA,-1,1,1,['d76600e1e8d1d51ad70417836e49a30e'],0.3437770757902747,0.2489784522891451,0.2098169652007157,0.500264051541852,0,likely_human,1.0,0.2489784522891451,0.3437770757902747
UCEOfhFYHtR6gnP-4vyDmfPA,-1,1,1,['146ff9cad46d7f3eda5f4bac7abb2add'],0.3566947253056136,0.24888180462850035,0.17496166387099304,0.5237436971883646,0,likely_human,1.0,0.24888180462850035,0.3566947253056136
UCzSI33EMVUupditH0CZYemg,-1,1,1,['4d6a741546bded76368552d520148dac'],0.40281170792333754,0.2488572038113577,0.14079392595766688,0.3850591508429837,0,likely_human,1.0,0.2488572038113577,0.40281170792333754
UCN_iXPrE7nj8KzONUX2gXFw,-1,1,1,['3e907b47e18b8f55ff2905360729314e'],0.36061475834100876,0.24876945379755644,0.19331914709934048,0.457250685522979,0,likely_human,1.0,0.24876945379755644,0.36061475834100876
UCXIJgqnII2ZOINSWNOGFThA,-1,2,1,"['3bd8c76ea3215c2568fabc7c61830c3b', '3bd8c76ea3215c2568fabc7c61830c3b']",0.3761878988794882,0.2486111478823282,0.15841451635290413,0.46396910182525486,0,likely_human,1.0,0.2486111478823282,0.3761878988794882
UCP8Ca1uQWyNA6irNP8ik59g,-1,1,1,['b9ac5cd89ce007ae35e47e6bc7971965'],0.38527904975423277,0.24839880993381594,0.17245237069079572,0.3952614430661887,0,likely_human,1.0,0.24839880993381594,0.38527904975423277
UCezg3Dhuif8l8iF-uUOT1MQ,-1,1,1,['aecc00efdaf8ef9743ffd1da072b6aab'],0.37094288304950906,0.2483309647243639,0.17203064333595536,0.4519808791349674,0,likely_human,1.0,0.2483309647243639,0.37094288304950906
UCYr7cE-pNQbyNL9Qhvw3duA,-1,1,1,['60517e73d678795f9aa9c833df66f831'],0.3908852193175262,0.24825311786058296,0.16428705031791693,0.36880888537849577,0,likely_human,1.0,0.24825311786058296,0.3908852193175262
UCJYLQSY5WW1lWove0eJHP4g,-1,2,1,"['2eed646a47463c016fe7862742666b5f', 'c58cd1db7ecdc3fddbdd34ae39b03993']",0.42130005735008,0.24795462995362982,0.1103445574289128,0.35304564525916854,0,likely_human,1.0,0.24795462995362982,0.42130005735008
UCcMsnyzps_2kn7Pi1y9dLtQ,-1,3,1,"['918cc89b56ea94cf4b080a9b85cce440', 'a637313cdcdd486dd0017fbd44000a87', '3a81265d1520d528fca02eda2753423e']",0.3957988857597991,0.24794997028770216,0.1281928016848805,0.4278103025158525,0,likely_human,1.0,0.24794997028770216,0.3957988857597991
UCG1NCWuK5-JyuggQd5UAl-A,-1,1,1,['f25422d93d7a5b6fb5525bce240ebcc0'],0.3687837447014574,0.2478006927251068,0.20142572342157394,0.40602043037934715,0,likely_human,1.0,0.2478006927251068,0.3687837447014574
UCoe2P0S-koPG90DN9MqfsIg,-1,1,1,['b598a0a63a0643be08c80690d0ce3614'],0.3353755380818182,0.2477457882784404,0.21640640423169452,0.5170167858000182,0,likely_human,1.0,0.2477457882784404,0.3353755380818182
UCgBin5d6eRGVQoiF-K4BGIA,-1,1,1,['a64d9a13672689ed78669218b2722797'],0.37734589695712256,0.24773388328185644,0.15330408607858986,0.45193587244121053,0,likely_human,1.0,0.24773388328185644,0.37734589695712256
UCjG3L2gaTP1P2wdAdgKEhyQ,-1,1,1,['b099c77bab0499aa6f712a55ef3531b0'],0.3631975772889504,0.24769833821459497,0.18268242353298975,0.47060952712433357,0,likely_human,1.0,0.24769833821459497,0.3631975772889504
UCXVvEWIyQ7Gx28MfsSbsVAg,-1,1,1,['d17f013283603584e07dd7292333b100'],0.41271550799116563,0.24763741354499147,0.11533500499698175,0.37505429201423335,0,likely_human,1.0,0.24763741354499147,0.41271550799116563
UCrzW_uYCdrbON9UNGuLt7yQ,-1,1,1,['7ad4bf78d0b0bfe47fd7329b6183c5ff'],0.39084245766357645,0.24745655535516417,0.1511270271546858,0.4009468613806072,0,likely_human,1.0,0.24745655535516417,0.39084245766357645
UCGpoA6eHHj4Cn4YsOFd4erg,79,1,1,['adf3e562a24cf4178e3e0aea41eada9c'],0.36199489358759807,0.24743181864328803,0.1498372792030404,0.4383211462593634,0,likely_human,1.0,0.24743181864328803,0.36199489358759807
UCIe15gMXxcbQ-A5PO2UvJxg,-1,1,1,['2639ca8b732f2321a92f70e4ebb9f2c9'],0.3581729285994102,0.247302059232032,0.1586365572868201,0.5333409739014963,0,likely_human,1.0,0.247302059232032,0.3581729285994102
UCTJWkRemBBHSEnw-Ssly1aA,41,1,1,['a17580cc7c7ae4263510fd661115d0f9'],0.3949387676652847,0.24699715716214232,0.10708821982016599,0.34702114926599126,0,likely_human,1.0,0.24699715716214232,0.3949387676652847
UCt9i4HYkFzmikNOCoIwllfg,-1,1,1,['0b8e77b561473ced6fcddd363e416e28'],0.40192735817170033,0.24688786568908913,0.14120759757248688,0.3681445385792148,0,likely_human,1.0,0.24688786568908913,0.40192735817170033
UCZvtpw2-LqZw6evn0-AqcNA,-1,1,1,['5f47bf56463603eba9dc9165278c2407'],0.36444391996297765,0.24686154173310587,0.1958833617722001,0.4304396539686044,0,likely_human,1.0,0.24686154173310587,0.36444391996297765
UChSqi1NsKYpPKrcjnKXcBiw,-1,1,1,['a1e102c714bd779473f281f311502b17'],0.4108934803931587,0.24671992774975576,0.11035156000891291,0.39085431410617205,0,likely_human,1.0,0.24671992774975576,0.4108934803931587
UCY6hQpKmKUjGZVEvBXJ8cpA,-1,1,1,['301f9d6841db21d19d49f96ab5b410a0'],0.36667810473672724,0.2467013145698651,0.17284622015188691,0.4582212653897599,0,likely_human,1.0,0.2467013145698651,0.36667810473672724
UCFFFT8e0BjTuFgNQNoWmgrw,-1,2,1,"['e4f5da27c14779fef18e3da332fe4148', '12dc1b5346d42a4fa79e721af20de26c']",0.38174180805093794,0.2466783342972267,0.15813352272520617,0.4237792204031593,0,likely_human,1.0,0.2466783342972267,0.38174180805093794
UCtScPAAHusSilWzbkIYocMQ,-1,1,1,['a76ec32b0867d9d1517f654384227fbf'],0.40561258955849433,0.2465725786127183,0.13311444860378513,0.3575622407782064,0,likely_human,1.0,0.2465725786127183,0.40561258955849433
UC9ggBrzEk9AETXE3PXMnNQw,-1,1,1,['3b83c2ad5b913259c0ad2f3aef782b46'],0.39559760401141075,0.24643370516832092,0.12896522158047274,0.4068790082128059,0,likely_human,1.0,0.24643370516832092,0.39559760401141075
UCCQGQvgD4N8Wy19_46ZiSig,-1,1,1,['5310b20b3e862caac6859fb11e396f7c'],0.3503118373812991,0.24641496875452784,0.18429319984496637,0.5043196221150406,0,likely_human,1.0,0.24641496875452784,0.3503118373812991
UCaL_VN13wLpeUFzcMy-6KAw,-1,1,1,['456c896f7dc5ef5499b04e4d781b3690'],0.3686336930049736,0.24632522176178268,0.16678376185326937,0.46300883152729977,0,likely_human,1.0,0.24632522176178268,0.3686336930049736
UCViQmNdhx8093id4_5MJZIA,-1,1,1,['eb6a3a7d6f0c6894722f5f6a9a1a11e1'],0.37778353856029345,0.24630232647075664,0.161318330046186,0.424971294385464,0,likely_human,1.0,0.24630232647075664,0.37778353856029345
UCUBMXTLxruDORgK0TM_8gng,-1,1,1,['80bc4890d46d3cfa24e52bc22eb178dc'],0.3736321733788255,0.24625723139142364,0.1654383002348697,0.4418260420465029,0,likely_human,1.0,0.24625723139142364,0.3736321733788255
UC8W1IWY3FwFqQmbdGu5BCww,-1,2,2,"['721a92efd441dfa9e32c173a0de12810', '7596c855ac30063d0d6ab957c2c97451']",0.3147155548920179,0.24613447677205624,0.20517501361921373,0.6383542783134953,0,likely_human,1.0,0.24613447677205624,0.3147155548920179
UCbm4Ct9IR36B4XRe3tAfifg,-1,1,1,['7d05056161abfdc232ba25efa9ed79bd'],0.3901164017581621,0.24611540794836187,0.13025081142552816,0.43380406676918337,0,likely_human,1.0,0.24611540794836187,0.3901164017581621
UCKflTMWB0_-lrtUoRDH2XSQ,-1,1,1,['9a27fbef8252250eba5e79b580b10440'],0.3947764849900446,0.24609622759036412,0.13947771834043024,0.3947835328637038,0,likely_human,1.0,0.24609622759036412,0.3947764849900446
UC0-J6L-_a6nzGB1svT_1KfQ,-1,11,1,"['6e5b4786760d1da0f879f245782df228', '98248674ccb963d556e0fdc7963039ba', 'c9eca10a4b96c40ab7319ea51f04d589', '7bde2719d34f4f2ba6cfaebac03c3044', '193cbf1489b6b85180f073e41ca04604', '201196d2b8285ade1bbc73bf4994183d', '9896a594dfd23f749bcc212be07f96cf', 'fb9d0534eac3f378002f3424097881ed', 'a1b0e80a28812e0aaf5296a0752a3d7c', 'fbf9b9e5f6beca959ed680c399dd7099', '7514e757ab895c5f772c230c7f119d18']",0.381040174846599,0.24598458359605768,0.12380119040794697,0.4992311880451644,0,likely_human,1.0,0.24598458359605768,0.381040174846599
UC_gHyU4rBnatxCsXASXjt5w,-1,1,1,['cafd6d082ea7b2b65e8149520d6104ef'],0.3702776089771441,0.2457906882072985,0.1815324378234429,0.42173626554575633,0,likely_human,1.0,0.2457906882072985,0.3702776089771441
UCfRqHOvd_72A7HekIZ78T6w,29,1,1,['2539666cfe5f28038680e4d2359eacf9'],0.38513149342453584,0.2457741110870898,0.12591830482816416,0.3107517749531004,0,likely_human,1.0,0.2457741110870898,0.38513149342453584
UC19X_xEskOjg32LnMXmNPWA,-1,1,1,['46b660d2486dfeb07b3102dfec5bf317'],0.396819728418801,0.24576368672052545,0.1384794184767407,0.37543068684316827,0,likely_human,1.0,0.24576368672052545,0.396819728418801
UCDyvjaVq_5bfp1Yd35PlUzA,-1,1,1,['46a04ac9df25a447af3afe1a6ba439bf'],0.39335603875009234,0.2455851666122762,0.1587735854772494,0.35635778744390717,0,likely_human,1.0,0.2455851666122762,0.39335603875009234
UC1yBLArVb9DQZ-1wfrKFKng,-1,1,1,['1fbd35c4deec491860523d057586cf24'],0.39721360972459707,0.24557938649684893,0.15373320605278917,0.34495228043872206,0,likely_human,1.0,0.24557938649684893,0.39721360972459707
UCsYu3IRGRyZnCs3iBWD8nJQ,-1,1,1,['ae6632cbed9787e46e490678cae0f8e9'],0.3740275913047361,0.2455531498561984,0.16299588858200778,0.4235103152455711,0,likely_human,1.0,0.2455531498561984,0.3740275913047361
UCk-7abu__SFVTE459oWJRDA,-1,1,1,['63c6aae247850a835e2ccbab09c46f61'],0.38107950552355035,0.24552803892941513,0.1561095415006427,0.41107489821564114,0,likely_human,1.0,0.24552803892941513,0.38107950552355035
UCErSh-Cs4cpXNrrRE7tOTHQ,-1,1,1,['f27269fea631fb5d7951dbe21e284028'],0.39989433604629326,0.24548944921516283,0.13511208870458755,0.37399452407845524,0,likely_human,1.0,0.24548944921516283,0.39989433604629326
UCql6rs6xXxnwz-OoooI7N6Q,-1,1,1,['edefbb7a27d79505d54c52c96e353149'],0.37340723575719187,0.24542899402895402,0.17488315900635698,0.40513535523875277,0,likely_human,1.0,0.24542899402895402,0.37340723575719187
UC5UlPjTtW70pT3QIZJK-KRQ,-1,3,3,"['ae03695ff156031b3545fe3b5c848c8a', 'bf4f85120b87db0b891b71ce221a129e', '8048adb02c5748774de69e3754779bd8']",0.3475241898228653,0.2453954128847744,0.17886088463871078,0.5173986950877603,0,likely_human,1.0,0.2453954128847744,0.3475241898228653
UCHsF9wPcYnk1upp5-zbig_Q,-1,1,1,['bb0d4b9032854961d3a9883886811c44'],0.3670017018387749,0.24531919692379803,0.1570508748630639,0.47424826280595345,0,likely_human,1.0,0.24531919692379803,0.3670017018387749
UCC6K5rZ-3-_YCGbmF4r5-FA,-1,1,1,['d438ffef6270cf3063dc8d16020ac994'],0.4028015307647291,0.24522958508283096,0.1333073942518667,0.3604862658340424,0,likely_human,1.0,0.24522958508283096,0.4028015307647291
UCcyeGLaYh9zTcD2YEBUJbvw,-1,1,1,['e5d00a5d3971b6b470fd36f9f5d1a8c3'],0.3812506999111339,0.24492211840653028,0.1732605786950928,0.3742523071431597,0,likely_human,1.0,0.24492211840653028,0.3812506999111339
UCrThO9Cb1uV55eE3v_wOwcQ,-1,1,1,['610425d2717df6408165276b8cb7bd88'],0.40177801611683395,0.2447560549086557,0.10752872289289292,0.402725449228713,0,likely_human,1.0,0.2447560549086557,0.40177801611683395
UC82bkJ2tZBFxGggcMeXaERg,-1,1,1,['6af90506c052ea9db3c5e9c689bec9ea'],0.3764268478707916,0.24440430384564515,0.16113563245850573,0.4095648859594957,0,likely_human,1.0,0.24440430384564515,0.3764268478707916
UCJYJKONhcWvnTosTGhGuZvQ,-1,2,1,"['a014e97bbc39c18ac88a04152ae5b53d', '37d55b45636cf46b4b00e83f42ca2942']",0.42229590826475083,0.24409546950508385,0.09715637896216558,0.34264717849843174,0,likely_human,1.0,0.24409546950508385,0.42229590826475083
UC49ulzqrhscIrBYW8Ml5Agw,-1,1,1,['d94bd54c377bc7836c5ccf062436a944'],0.38308315742539023,0.24405352947922004,0.16127631645301915,0.37493978588696847,0,likely_human,1.0,0.24405352947922004,0.38308315742539023
UC2H7UCgkCphed0_VCzvyVWQ,-1,1,1,['b1050f9d9ea0f61c9e76021a639022c2'],0.3101826322265011,0.24398107608432268,0.22259003673202088,0.5762571183782689,0,likely_human,1.0,0.24398107608432268,0.3101826322265011
UCt16fwXEo6a9FBX5YxYYMmg,-1,1,1,['8c2693e22830e4a18d5761d27f1c784f'],0.4129388116277943,0.2439376790993395,0.11461957484360417,0.34080921411781434,0,likely_human,1.0,0.2439376790993395,0.4129388116277943
UCf6FKBSa-eU-LBJs1B_o_Pw,-1,1,1,['8ece9f4cbfffccd8e88aa7d997c9b13f'],0.40270231025984693,0.2438354705690297,0.12468357787920921,0.3550453717516134,0,likely_human,1.0,0.2438354705690297,0.40270231025984693
UCRctbPbW1tFQSx9qlfTxvPw,-1,1,1,['ad5c783be5e20d55d035428312d5917f'],0.3683477714130209,0.2437832507985705,0.1871314191472651,0.3999609794315271,0,likely_human,1.0,0.2437832507985705,0.3683477714130209
UCTkH7o0_87pyvoNbgd2MhsA,-1,1,1,['633c8f5dac84cd3f9b029404c24f5f28'],0.37690081402917186,0.24351758813207752,0.1803892397234184,0.37142604310150856,0,likely_human,1.0,0.24351758813207752,0.37690081402917186
UCzuJL2iQyEMI11uFB6ym_kA,-1,1,1,['e8ee2ce6dac88b58429c5b1b9086f5e2'],0.39964487511146274,0.24347784967406505,0.12415492113278931,0.3778088279276148,0,likely_human,1.0,0.24347784967406505,0.39964487511146274
UC81zcf4kuHixmbPD5f6xLaA,-1,1,1,['fd3161181872b62f739be606ca781a1f'],0.3613731200784148,0.243416930975066,0.17355346720486697,0.4449786774435702,0,likely_human,1.0,0.243416930975066,0.3613731200784148
UCu9hLuPlhWvrduZv9Jm6CWA,-1,1,1,['06f8e8bce598c3c14ab83c72ebec5641'],0.3732046201049165,0.24324299497423119,0.16391784286754052,0.40649167146640924,0,likely_human,1.0,0.24324299497423119,0.3732046201049165
UCDKDNnlLLJfDENAPKHCl_UQ,-1,1,1,['f9736641de9a989d199af7f2b6a03c49'],0.4029897622815415,0.2432377553815734,0.10934049644664862,0.39176530587572744,0,likely_human,1.0,0.2432377553815734,0.4029897622815415
UCloxiwnGUZcqFiwn6k2V3lQ,-1,1,1,['8fbe161bd5049885c19b148420dafe5f'],0.4084358713806894,0.2430879534388262,0.12339123554374869,0.3343867662898521,0,likely_human,1.0,0.2430879534388262,0.4084358713806894
UCaTAFoE62QzLLptCRPw9gHg,-1,1,1,['372846e1c72f552df8de1e12e3748f01'],0.3839512256983144,0.24307962289373997,0.12539418687227663,0.4383652758884977,0,likely_human,1.0,0.24307962289373997,0.3839512256983144
UCbahqJnEYXMi8F2IKuptUOg,-1,1,1,['2f1b22b67bcbfa17fcf0219ad140be15'],0.32638946165543564,0.24293882744114864,0.20863107902458355,0.538701881061539,0,likely_human,1.0,0.24293882744114864,0.32638946165543564
UCF0sO9eR6oonUB4TCGhrpyg,-1,1,1,['2a8b8e3f7c5f441890a3d8115e7bd28d'],0.35589808967965236,0.2429139356827097,0.18440291136642198,0.44345694360208965,0,likely_human,1.0,0.2429139356827097,0.35589808967965236
UCkD5wIPDeTn1u98ncKzz2vw,-1,1,1,['03844cfe9ee8007d03a4127abe6d0f22'],0.3284758789822655,0.2429129483609117,0.21697864722690285,0.4996273212619089,0,likely_human,1.0,0.2429129483609117,0.3284758789822655
UCWQqbHTnAWvfsyzb8zAfkHw,-1,2,1,"['6bdb3c4b84a01e39d40b568f10e89d4a', '476d90e18f11e8a356f3c4f99c8415a7']",0.3524214948049104,0.24271576819149987,0.17602756964760333,0.4818303901925552,0,likely_human,1.0,0.24271576819149987,0.3524214948049104
UCUZ_FeXQ_4RNsQw98Jj0U_A,-1,1,1,['aacb99283f07b3eab2cda41319fc5d5e'],0.41880157058973366,0.24260094713933178,0.11276529809662064,0.30336951535254475,0,likely_human,1.0,0.24260094713933178,0.41880157058973366
UC65GMHPLzSXu9na-o7dkRsw,-1,1,1,['9eb6b356f57146e2431c6442fc798ae0'],0.4203645365727794,0.2425112439237741,0.10955664925648649,0.3072462430430656,0,likely_human,1.0,0.2425112439237741,0.4203645365727794
UCCF0p8JN5iRBj5ORycvMW4A,-1,1,1,['f7a1aaffe529a999b6cf7490d29edaea'],0.37666917579179654,0.24247024900455966,0.13144547946781335,0.4513407038609073,0,likely_human,1.0,0.24247024900455966,0.37666917579179654
UC5i3mB-ojXIqA8BVL63vfYw,-1,1,1,['d78dc204ab4fdaefe08c986acc6e356c'],0.42875115362265825,0.24221173763341586,0.08546543356835408,0.31520938759275274,0,likely_human,1.0,0.24221173763341586,0.42875115362265825
UC1VKU_Q7mMhraEKjlCa0xlw,-1,1,1,['ec9593bb219687875ecfb6f4786724a5'],0.3371981238276017,0.24206710063667727,0.19833884702297797,0.48918311923984065,0,likely_human,1.0,0.24206710063667727,0.3371981238276017
UCPHtMK83Fc9_R0Ie2l3xa-g,-1,1,1,['2fa00ed7361be3484096eb03c0f76980'],0.4200607732037037,0.24203748726044322,0.09440938872961839,0.3331724953477787,0,likely_human,1.0,0.24203748726044322,0.4200607732037037
UCPoI11w72seQt9IHfkApnpw,-1,1,1,['296e7302d0f3b1d740a58892c99e996c'],0.35258034816846806,0.24192046296507005,0.18626889397777402,0.4442284823992128,0,likely_human,1.0,0.24192046296507005,0.35258034816846806
UCunW-Xi58WFqsMeH1oo6vvQ,-1,1,1,['f9cb14670be04d6a79309cba8726a233'],0.368420636445869,0.24181957535036136,0.17593833952010307,0.4080903339631226,0,likely_human,1.0,0.24181957535036136,0.368420636445869
UCvJCaIHmrIcFkr9s4ip7DDQ,-1,1,1,['6b0aa6a8ca57dc19e81027bd516dfe8c'],0.35214651669855757,0.24181316970014216,0.18753155212314845,0.45183782719927296,0,likely_human,1.0,0.24181316970014216,0.35214651669855757
UCAj0C3F3HGfuezpvKC3XUCg,-1,1,1,['22913a6c968bd6248a3e805c332337ed'],0.37406128154416907,0.24180380545697835,0.1340917363809501,0.45148607114102096,0,likely_human,1.0,0.24180380545697835,0.37406128154416907
UCLsf3KatZ30CfF4IFB0kRrw,-1,1,1,['547c5f15157c418a94a51a56f062460f'],0.37418556928913715,0.24157473555605416,0.14989068310307865,0.4268068309615648,0,likely_human,1.0,0.24157473555605416,0.37418556928913715
UCxSmfVkmJ55x469SyvTYq1w,-1,26,1,"['fa22db09b1383a6ca2799f28a9ce8d8c', '570d12d52f596b5418581a3e99c3a056', 'ddbaf6ad3e34654510278a70499cbbb4', 'a3fbe26880732fbc444b1f2b5ec7a80b', 'd7f5b3fbe40f2701a7c49d9a8626fe28', 'd6aa447fd569caf5d48cfa80a5d893d4', 'df1b84905b50061d3c1110fa8a94ae68', 'a44a482e284e97d0724ab62850b73bb7', 'b1b5503f257784d7c7508e3c10b8cc9e', '4c628db21c0963b050693a1efb8092aa', '227d41f095a2a0782f17245ddfc0ca3e', '5fe05efc540f90560e255a481795e069', '4eaac58d9ce2fdee37d662658ba5003b', '9e34c9a3a70ccfe0dbd3c392f118fcab', 'a020de1cdf09487e2c5409727bf6f6a0', '360f0965fecec78cade4987cda8c1284', '37282347b1d67fc68628129978d0a3f9', '94d7537934d65daf8f60c07e865f92fe', 'e7d15cc5194bb685fafbbb0a2bd7f0d8', '7b2a872dcef1d10fa70e12ebeaf3bdc6', 'bf4114f868e3f1bbe6484674759b354a', 'e88979daf91ba570ee95e8cfb7d2c5e3', 'ac519a7370c47d322550967a11030f67', '153a206e9b480bf990d3215451d53334', 'b313d37ee819c3fa7f7a7d65c1e30eb3', '31bb6e1d7d6f21babec9cb773f63bca7']",0.32323671568631773,0.24155587058862502,0.15636686015883478,0.6383542783134953,0,likely_human,1.0,0.24155587058862502,0.32323671568631773
UC80v_tf3280u4CJOn4w-30A,-1,2,1,"['e39633e84b2307cebbc33d55d3288e8c', '0b3071c0811c80ada4645fcee1259649']",0.3857081033877764,0.24153309671009213,0.14525628096996784,0.37652327308187244,0,likely_human,1.0,0.24153309671009213,0.3857081033877764
UCRdjLzoy6zMZ5lrhzjpusqg,-1,5,2,"['d056ff2f0daf62b21578fd49ec49d989', '45bfefff1fd2dc59634a0e8cb6a3ad1d', '8484c23ba5d33b3cdc25dac1bdc6f478', '88e286da786c1c943dc3b91037e37a8c', '5c495c86c9c34badc7aae9c09f6820f3']",0.35729541709674795,0.24123770191349925,0.15531200585538146,0.4930494378469444,0,likely_human,1.0,0.24123770191349925,0.35729541709674795
UCjvx1E0gHFdC5LxJRT0aGsg,-1,1,1,['e074edc73a87800b984cefc823877bf9'],0.39248650607806956,0.2411791916566196,0.1365095412419706,0.3602133922857921,0,likely_human,1.0,0.2411791916566196,0.39248650607806956
UCgyoSpIFO1dd7MzjA53l-ug,-1,1,1,['38b67baaa65a568a2f31bd6889c71155'],0.34879506983845265,0.24094252098873103,0.1756133615923575,0.46583283024765143,0,likely_human,1.0,0.24094252098873103,0.34879506983845265
UCHs9BMOBFJ5sTsUa3NSs73g,-1,3,1,"['5f06069b473cb391421bde9318ddc62f', '5f06069b473cb391421bde9318ddc62f', '0bb6dd321c9c96d8f47e9a342f2256d5']",0.388051238106913,0.24040596137214568,0.11732534325650067,0.4139009740133558,0,likely_human,1.0,0.24040596137214568,0.388051238106913
UChMgaUaL8c5YO7PBMO2TDCw,-1,1,1,['fbada87ca777b2fa6af770cb999171c7'],0.41919377222449383,0.24002803462803762,0.10139876658778829,0.3045698183782804,0,likely_human,1.0,0.24002803462803762,0.41919377222449383
UCiwXm8qpvoK6d7eKE6JconA,-1,1,1,['b0ee915810e85ced2e3a3f1aff5072d6'],0.3608759007760773,0.23996846155031842,0.16763442394948505,0.4219587319825598,0,likely_human,1.0,0.23996846155031842,0.3608759007760773
UCdm6XKicjgoCQj9T4nlY5cw,-1,1,1,['64dce672797903d7dee13a04a175bd75'],0.2895688348467421,0.23985586317556148,0.2553251486430479,0.5972492926940068,0,likely_human,1.0,0.23985586317556148,0.2895688348467421
UCin5si7K4x_jp_ZIAunGmMA,-1,1,1,['2d22a7dca09526146e708f51ee433b33'],0.3803749449533886,0.2397856637518876,0.1351393321048876,0.4070814420590998,0,likely_human,1.0,0.2397856637518876,0.3803749449533886
UCkJbrzsq7EcLdTCW34nvDCA,-1,1,1,['99b409887c82d96d7b2333e9a45599c0'],0.35160858720229393,0.23973832588436755,0.16883163354180605,0.45643629861037854,0,likely_human,1.0,0.23973832588436755,0.35160858720229393
UCYrdVaDj5oKxQrUze4BSz9w,-1,2,1,"['2380c05ff99f84027f8cb70a32b68f3b', '49de4ea9948e622b09d3a282e5e49a3a']",0.39808901715712847,0.23965903565590038,0.11539244708046387,0.3610832642191884,0,likely_human,1.0,0.23965903565590038,0.39808901715712847
UCO-JZCyRoyMAVBaviQU2feA,-1,2,2,"['8a17a5f66fdfce70f94438af8f4e66ce', '3c610d31dcc30351bda6c608654b47bc']",0.37277014008544784,0.23964262380109502,0.14858180738249202,0.41386107515366954,0,likely_human,1.0,0.23964262380109502,0.37277014008544784
UCMQ0ZUyHLYmZdASSY9n2zug,-1,1,1,['3e68747772300f2f4e7ed41ed6003223'],0.3576801208880264,0.23953966439860136,0.16755628566301528,0.4301795897459569,0,likely_human,1.0,0.23953966439860136,0.3576801208880264
UCaZO7fbH-4y540cEEE5MMGQ,-1,3,1,"['a37720ad3050c73ce5cad701f3c58884', '63600d2f5c5c3e607b768a1c34268b50', '9cf9f96cee2fe0b2f344226a8492058d']",0.3668422396650512,0.23950863436818837,0.15949938356188223,0.4230338852592835,0,likely_human,1.0,0.23950863436818837,0.3668422396650512
UCRpi4ZOzNkh60r4FBYXLj8Q,-1,1,1,['de04016a87d4be66ee83f31befcd03b4'],0.3355292323649627,0.23931408008054877,0.18673491874387724,0.49451149010783657,0,likely_human,1.0,0.23931408008054877,0.3355292323649627
UCe2x_KN_sjsXwwJyxumHrpg,-1,1,1,['8ea69428eab455632c5e4c54ea5ed204'],0.36208219683726395,0.2392353908197297,0.1523697273704311,0.4423173944673619,0,likely_human,1.0,0.2392353908197297,0.36208219683726395
UCzFAONwZpQ4VTu891DQSQ1w,-1,1,1,['46c24a2fbb658ec8b7630cd90a4f8da9'],0.3986106846428451,0.23922479162368182,0.13920361928869432,0.3124403471094807,0,likely_human,1.0,0.23922479162368182,0.3986106846428451
UCCUfUqT4jYddXQo0qx17VkA,-1,1,1,['266914b8e19fbf7e847b303ce4c1c861'],0.35856735075289736,0.23918744136998238,0.15833453036128506,0.44607590103471917,0,likely_human,1.0,0.23918744136998238,0.35856735075289736
UCgqpBDemn5iQNRjcdGyxCJw,-1,1,1,['164e7a6c6ff725d6c2f7f87c72012355'],0.3763524210577052,0.23913527200424645,0.15502351226876937,0.3750583070545147,0,likely_human,1.0,0.23913527200424645,0.3763524210577052
UCUVcjW1PBFr5_KjYF--W42Q,-1,1,1,['7f2dca3467c5185689c314ac2796670f'],0.3254245432155554,0.2391242275199219,0.18849701491156814,0.5330505372882774,0,likely_human,1.0,0.2391242275199219,0.3254245432155554
UC48Fk-HFhHUiw_33X-bNdOw,-1,1,1,['9d97f061ced75a19fc39e5130ea3f60a'],0.3990745453041238,0.23898924356898682,0.11485684594627867,0.35259383896560864,0,likely_human,1.0,0.23898924356898682,0.3990745453041238
UCDhyswSIqpVBF-q2mXa4GfA,-1,1,1,['3fd64e8c74b05210dedf540a4b9df102'],0.37085282772829303,0.23898479541450546,0.1454399053939059,0.41562971680262534,0,likely_human,1.0,0.23898479541450546,0.37085282772829303
UCtBeEcsGaF-kmPDowOEw2Pg,-1,2,1,"['58fbf40a789d6d6ab57ce77f580fc99e', 'd7cc37849bf448941576a3e4d19f196d']",0.34030754290081405,0.23888368758266007,0.18301223595845045,0.4795750203828324,0,likely_human,1.0,0.23888368758266007,0.34030754290081405
UCakGMfOKYtFD85vadE0ncVA,-1,4,2,"['bbbd3da828a17e89f00208e7098c288c', 'ce18399a79708fd0399ee20c7281fcd2', '4c8fdf844bef49c8ca96b7dc73752693', 'bab66f87499a40d125721c26d649db02']",0.35017811297382484,0.2385457295133741,0.17512909746683042,0.4447918405622087,0,likely_human,1.0,0.2385457295133741,0.35017811297382484
UC5XSwR9gXJfpWnNBCd-Mfbg,-1,1,1,['68c61df5cb26df3465c42e08140daacf'],0.37528933404406917,0.2385243260905135,0.12442523515663535,0.43799072628152946,0,likely_human,1.0,0.2385243260905135,0.37528933404406917
UCU7WEYvJau0eIjA0zFaAHQw,-1,1,1,['bd4c640e1e46dec8d42689fb002b3b6b'],0.38378676830395597,0.23845085397133278,0.12786286732339586,0.389938004489338,0,likely_human,1.0,0.23845085397133278,0.38378676830395597
UCXjYwIt4_YUzBGs0KFuCdZQ,-1,2,1,"['0b3b58969b610b3f5e4f01fd2b0404a8', '1e5e44624762a216e6912ace8bd2a882']",0.3606898176936737,0.2381902256038685,0.15291371952568333,0.43340578977621086,0,likely_human,1.0,0.2381902256038685,0.3606898176936737
UCT8xyVfPrnnBk3aatJ8ld8w,-1,1,1,['07398a0bd5c25e8dc750faa75aa0bc8a'],0.364482115549849,0.2378409536944159,0.1760513125707456,0.3751698606230268,0,likely_human,1.0,0.2378409536944159,0.364482115549849
UC74s3tyDYKTibN_3AwkbxYA,-1,1,1,['42ee473f4dede141d07e139e836995f7'],0.3465916179943633,0.2378369839392717,0.13172121072487877,0.5408381348879149,0,likely_human,1.0,0.2378369839392717,0.3465916179943633
UCxMVyAVNm2qKvj8QfL-03bA,-1,1,1,['f9f7f84b248e857340b1395bc289f71d'],0.34706907060546865,0.23772840571908496,0.1779285328054031,0.4386272118515295,0,likely_human,1.0,0.23772840571908496,0.34706907060546865
UCneorqIoMOohHOrlo1m8axg,-1,1,1,['e212bd7a3fe068345598b3158649b681'],0.3386507194336941,0.23755580256127667,0.19338220881186993,0.4487232018720027,0,likely_human,1.0,0.23755580256127667,0.3386507194336941
UC0Grip7OkGswYyjsQukiROQ,-1,1,1,['5f718cb47aa877e17d7362ee47f151c9'],0.3375285137939743,0.2373724992723607,0.1725090084589065,0.4952023095808499,0,likely_human,1.0,0.2373724992723607,0.3375285137939743
UCJIakGIwf4lw1byIHxnZ_Ww,-1,1,1,['664b81e325bbdd803469b0548ba101ac'],0.35834240831748465,0.23736319111370668,0.17625164293083678,0.40247661522945766,0,likely_human,1.0,0.23736319111370668,0.35834240831748465
UCh8hCsti0sVLeXLoQFoUevA,-1,1,1,['96c9df1675042bfe5115f1a5f4cb13d1'],0.34529450866999306,0.23734490076830542,0.1787683141844704,0.45084662898740485,0,likely_human,1.0,0.23734490076830542,0.34529450866999306
UCySReTfg6xeRSPzFN6Kp5CA,-1,2,1,"['b217797d1c43908be79093d2e6cfef26', '3ecd086fda885c6f751435b6b4ff82da']",0.33939895616282567,0.2371183846702788,0.17184395120000434,0.49727407451464034,0,likely_human,1.0,0.2371183846702788,0.33939895616282567
UCZn5Uq6Dy4Ok62we7udhMsQ,-1,1,1,['cec2975971e86ce100e65e40237c1dd4'],0.34248253088008695,0.2370055382654655,0.1658497532875006,0.48438246435854904,0,likely_human,1.0,0.2370055382654655,0.34248253088008695
UC_EVZOX04xbsO1-pv_Tlecg,-1,1,1,['c9d7cb78ba5f5ca21d9b5cdef9479f1d'],0.3545022249470167,0.2368482143338282,0.1655641236982747,0.4293623188471736,0,likely_human,1.0,0.2368482143338282,0.3545022249470167
UCDjPXX1_QLCHyDOKd-UFMLQ,-1,1,1,['6caa2b1d9df6419044b29658fb3a937b'],0.3546448124557973,0.2368046188126808,0.18907663389798574,0.38264713987893373,0,likely_human,1.0,0.2368046188126808,0.3546448124557973
UCFQ3EdtuKzsl9H8fDj33Rkw,-1,2,1,"['585f4b67cd2e676d437eed53f91d1609', '123f4e7a664c840a970eebd3b2e95ade']",0.35193950883776426,0.23677451559249438,0.16638947696468892,0.4348977911176269,0,likely_human,1.0,0.23677451559249438,0.35193950883776426
UCuqrsjo5K-GQs5SGe7AUVlw,-1,1,1,['4ac965d856c0f66f96946aee07dbed8a'],0.3527583917771583,0.23655029897421204,0.17720048354580864,0.4058280329652266,0,likely_human,1.0,0.23655029897421204,0.3527583917771583
UCTo0EU99rK6p1DadEXj8e4A,-1,1,1,['280e06b8e09f40c821dd5241970b040e'],0.32891479563241116,0.23652235073781114,0.20609389240303078,0.45827297035766684,0,likely_human,1.0,0.23652235073781114,0.32891479563241116
UCQRpGNZRN5FgOHBzKogdcMg,-1,2,1,"['48af7bcb2fd41603946b888fa7901539', '6ebe73004f0caed712d6df0d8c5a7c3e']",0.3378575307003896,0.23635310760232237,0.16850279531441165,0.48552576233378225,0,likely_human,1.0,0.23635310760232237,0.3378575307003896
UCL1N-NkB2tn5xvigrPmpi3Q,-1,2,1,"['1f2c94bce100430cbf154908b9568c2a', '4aa5164988d38a1d3bfc7ad8e1db55dc']",0.35840268975025313,0.23628438887266554,0.13470142007823585,0.45827297035766684,0,likely_human,1.0,0.23628438887266554,0.35840268975025313
UCTsVBds37T4VK5jFLQ_1edA,-1,1,1,['7c74e5c9b84fc66e6b9c536c94a79d87'],0.3536929902124035,0.23623488423809036,0.15690026440081645,0.43924794201379563,0,likely_human,1.0,0.23623488423809036,0.3536929902124035
UCy6wNSSy5021FugvjbCr1AA,-1,1,1,['41f2236baa2901e1e190d7d83b06221f'],0.34060027376572105,0.2357719360090466,0.15341701737657967,0.5002756441156929,0,likely_human,1.0,0.2357719360090466,0.34060027376572105
UCWH8owUOKJTv_sGNMzpmQow,-1,2,1,"['2b48b718627246aa6031f75f05f5600e', '010c2dfd8819eb9a1967bf89ed883899']",0.37786588432260215,0.2356986848145741,0.13354964702308217,0.3776458525888715,0,likely_human,1.0,0.2356986848145741,0.37786588432260215
UCI_jMi8M2cPTde2leP5Gx_g,-1,2,1,"['dd9a500f28c7c8bc982c67c961d8cf6d', 'abf5c5e1e4bfd9d91e95ea5e21e22590']",0.3256228328331552,0.23553958788965101,0.17851155168911825,0.5133833213081956,0,likely_human,1.0,0.23553958788965101,0.3256228328331552
UCvLXHsoxyRGqBVG9xB2xSog,-1,1,1,['cdd6181fbd5e463a31fa33f11d0402bc'],0.34365551508215936,0.23552369664334688,0.17364257557471136,0.43817972041739583,0,likely_human,1.0,0.23552369664334688,0.34365551508215936
UC2TF3i2EOyEN-L8Rm8OBntw,-1,2,1,"['8dff66d366bf60e3a8f8f31797c2fa2c', 'ed2589bf383bf19726cd5f531ba951e9']",0.3493208328209315,0.235494709978539,0.18486602507988978,0.3960864643895344,0,likely_human,1.0,0.235494709978539,0.3493208328209315
UCTcULAxnLTSkr_HmXJPVIIw,-1,1,1,['c32bfa82f2d034b832ca34364f6d3398'],0.3548610667216282,0.2353505031867591,0.14084633076013403,0.4588381580208518,0,likely_human,1.0,0.2353505031867591,0.3548610667216282
UCFG3y2_SVpLTXZo69ZAnFiA,-1,1,1,['62ff315305adf44d072596c9bfc72d01'],0.3741504404042635,0.2352867197286375,0.15204828240354928,0.35371550242191696,0,likely_human,1.0,0.2352867197286375,0.3741504404042635
UCdhfOA7-yaSwFkqgen3Yk-A,-1,1,1,['93eb28ee63934bbb6c94cb71911ab28f'],0.38782062232687875,0.23512255512909386,0.12148938983300955,0.34293023612217755,0,likely_human,1.0,0.23512255512909386,0.38782062232687875
UCbNGH7QtyDa4ogMlDSeB81g,-1,1,1,['794e80d168d6cd3079f836a4328faa1e'],0.336092830243348,0.23503853189141033,0.1980925154721685,0.4367135913271962,0,likely_human,1.0,0.23503853189141033,0.336092830243348
UCETz4CikRMW2M37aEGJdZxw,-1,1,1,['64a6ba0de324406a9141d086cbbc6dc9'],0.34009324728314194,0.2349223087814135,0.1679565455652873,0.4740537160670808,0,likely_human,1.0,0.2349223087814135,0.34009324728314194
UCO2b5rhWyZP8CyW86_Y_XRg,-1,2,1,"['0696929b25e6d04379b203d1b9b57139', '2db38a103f38b132b7e4f2e22ffe49d1']",0.35098302997564396,0.23476824222396278,0.15691402351278977,0.44023066324922683,0,likely_human,1.0,0.23476824222396278,0.35098302997564396
UCE-XAbH1WQyBpEoqvvEScBA,-1,1,1,['b88274acfd7d46f371c787da84bb342c'],0.3873483211868885,0.2346354060346407,0.11169578979254267,0.36837696575674567,0,likely_human,1.0,0.2346354060346407,0.3873483211868885
UCXYrmZJy1pTQRdWfRFrMZoQ,-1,1,1,['01e07ae72fb7603cde89db9f22e77335'],0.3975475778375429,0.2345534572859389,0.12129246356624022,0.31148676714116263,0,likely_human,1.0,0.2345534572859389,0.3975475778375429
UCQ3XhCwWHIsJ4q2OomdRMVA,-1,1,1,['9dadb167ba0912eb0857c1b11f78587b'],0.36151429733449925,0.23450370323222366,0.17489124418772,0.35998733320595955,0,likely_human,1.0,0.23450370323222366,0.36151429733449925
UCECt5djqyBVznqhmi7E1a_Q,-1,1,1,['21894b5ab530c2cfc5303a48d31abb92'],0.3196472226457122,0.23427306757153316,0.16866671822978488,0.5591038818059201,0,likely_human,1.0,0.23427306757153316,0.3196472226457122
UCY5rLxYbnhR8FyiXTe1MT_Q,-1,1,1,['314708e640115b8c7f377eabceb7bda9'],0.39523734404016764,0.234111224524985,0.08798836881298062,0.37408636249890725,0,likely_human,1.0,0.234111224524985,0.39523734404016764
UCxuB8ld9rfSxLkuqkhfzBxg,-1,1,1,['389c5e30f2f81ce05c1fbe30bc9bc2b4'],0.40210202724032745,0.23403432520939488,0.10496647344722512,0.3056440307934804,0,likely_human,1.0,0.23403432520939488,0.40210202724032745
UC7GSLQNH726994azH3l4g8w,-1,1,1,['180ecd2f6beb45a533d24bce9ce48682'],0.2915700702953693,0.23378203623272312,0.21678623870246547,0.5739830538010406,0,likely_human,1.0,0.23378203623272312,0.2915700702953693
UCe5PkU4wVEwjzpuScPoB2_A,-1,1,1,['ee0dce8e94e562874bda98867842c96d'],0.3701886211187513,0.23371467147122288,0.1339771012372053,0.3903125105384566,0,likely_human,1.0,0.23371467147122288,0.3701886211187513
UCYi8ccKFPRBPzWcPn81dTeg,-1,1,1,['6183f2d1618660a9ad51324a2527e4c3'],0.3722759542251075,0.2333547251806776,0.14794764807098443,0.3628708181291261,0,likely_human,1.0,0.2333547251806776,0.3722759542251075
UCeqrh3HjE2HXTZPpINDO-wA,-1,1,1,['9f322698222e760eadf24765788b9de0'],0.32487961651398556,0.23319705314630867,0.19098342852585637,0.4695760216528688,0,likely_human,1.0,0.23319705314630867,0.32487961651398556
UCs-en0qhzy67ZRRWxtkQexg,-1,1,1,['a9fc410ee3fc10095a862e4b253f3cb5'],0.3503800389687228,0.23318767745527058,0.169035949684249,0.4111442516931587,0,likely_human,1.0,0.23318767745527058,0.3503800389687228
UCZb777DMB5rqO3zHnapML7A,-1,2,2,"['b98cd9c3f7a37252c131f2ef9ec8f1e7', 'd976ce97a5cf8d5d3ecc9e361323ebcd']",0.33262823310252615,0.23276990633516928,0.18044404965585997,0.45842060092515524,0,likely_human,1.0,0.23276990633516928,0.33262823310252615
UCJMWFa4DiTXEShW_prbTguA,-1,1,1,['b1cb59f6ea8f27b6c1bf6edaa354dd07'],0.3537869191237314,0.23273863418737128,0.14157622395975283,0.4495190759242456,0,likely_human,1.0,0.23273863418737128,0.3537869191237314
UCz7n-wbrA_P2DwV9beeybvg,-1,1,1,['6f3a3d2f9a03249466ae4faf9e928212'],0.3389411144835771,0.2324609340061832,0.18071471808157596,0.41750733154830266,0,likely_human,1.0,0.2324609340061832,0.3389411144835771
UCHFxd7PMuqnkzbbrsh6QHyw,-1,1,1,['5a90eaaf024f9c89d1dcf805042315eb'],0.33846728225546263,0.23214239771236111,0.17433966474240453,0.4335871408012546,0,likely_human,1.0,0.23214239771236111,0.33846728225546263
UCkzaYy3Q8QswaMfAG58fOcA,-1,1,1,['236554fc08eb20fcac3530a55e32ac14'],0.3546735565856415,0.23209711215760165,0.13047533058247107,0.4491187409782823,0,likely_human,1.0,0.23209711215760165,0.3546735565856415
UCaFVcRMC2ob0no8HEhtb51g,-1,1,1,['fcadf4e455855e60d7e4945103ab0338'],0.3587247461420434,0.2318516275194757,0.1607090133333813,0.36551436353189787,0,likely_human,1.0,0.2318516275194757,0.3587247461420434
UCzksAq-4hJcifoEpqJfQm4w,-1,2,2,"['06eaf1ba8ae08cddbc45bf4192ffcb8d', 'f94958e2229a0935d530fa8b6c090226']",0.3415809661303393,0.23174470010831943,0.16076127183507288,0.4398723441708374,0,likely_human,1.0,0.23174470010831943,0.3415809661303393
UCk9w6Az3DAEq80GHNKzvNfA,-1,2,2,"['c8ba49868a87ae49d689e1f736f6e215', 'e6f8e3105a42c83b27e719e25af7a4c3']",0.31243937620340856,0.23169493052374815,0.19385601766281702,0.5153164623115434,0,likely_human,1.0,0.23169493052374815,0.31243937620340856
UCdtTDSeRV3dZx3Wwcotpu_w,-1,1,1,['c183649d7b1f9f7b337696836f18a23c'],0.35564688019934426,0.2316189667885949,0.14055458121596356,0.42636418212087385,0,likely_human,1.0,0.2316189667885949,0.35564688019934426
UCvlRxZYvNBYzBb_E5wBZrYg,-1,3,1,"['aac8372416c8e6248215796cdce155c5', '02bf07e28c8435f03416cd2dd5045863', '5ef5782886ee10683af9dd7a0f847a75']",0.34882901184394316,0.2313881660105301,0.15406588180701503,0.41593642132599346,0,likely_human,1.0,0.2313881660105301,0.34882901184394316
UCdK8u2mTNAwDMNd2vsrsVuA,-1,1,1,['a479df81e7c98452bd2b9bcd9b8bf049'],0.34168785371714755,0.23137878630066833,0.17123452010405127,0.4258684910893277,0,likely_human,1.0,0.23137878630066833,0.34168785371714755
UC2s4qVK3p2hkdJLjxfVY3CA,-1,2,1,"['02b48aacb074eca7b0718e79ea0f42b4', 'dcf5e3d6d8fd9c07a5fa204a2f341d1b']",0.34680425152185235,0.230860775550702,0.14843415905246538,0.437251525460823,0,likely_human,1.0,0.230860775550702,0.34680425152185235
UCP3hjjv-EoffkYtuIBYzIRA,-1,1,1,['686ccbd40cf109119d8b9875147d6678'],0.35988796325763056,0.23081916146845743,0.13951113322062067,0.3968502639058343,0,likely_human,1.0,0.23081916146845743,0.35988796325763056
UC-793Q-DesS7_5Kyi2MiUlw,-1,1,1,['709a3d4e7530753387f846c40aa58e30'],0.31802949619350634,0.23071086380952727,0.17606037527464788,0.5131104301464584,0,likely_human,1.0,0.23071086380952727,0.31802949619350634
UCDQ0vOEfkG4WAitAq4MDOSg,-1,1,1,['50db5c811bcd6106874bf801f614b61f'],0.4112998319357678,0.23043835262230056,0.06691795173052109,0.29753165409833865,0,likely_human,1.0,0.23043835262230056,0.4112998319357678
UCBsIqkfz4QaXYZ-w0m07Uxw,-1,1,1,['f3dd71a31209a69a373b039ab8207c36'],0.4108775361141034,0.23028983216050022,0.08198524204986522,0.27888577835088146,0,likely_human,1.0,0.23028983216050022,0.4108775361141034
UC-oqwjU-gPcJ64UKcE6HUuA,-1,1,1,['08a415e63fb5b18a5039b739833b3b50'],0.3027911135352862,0.2299789510890215,0.19939350962973704,0.5239952161467856,0,likely_human,1.0,0.2299789510890215,0.3027911135352862
UCJ7C0lQ0jlewYBebFwureQQ,-1,1,1,['dc95a60648533d9f6733608187a0404c'],0.3416583729269672,0.22963522741367773,0.16673604134118408,0.40309729789248555,0,likely_human,1.0,0.22963522741367773,0.3416583729269672
UCrtFjBTFIkg1PEGs-SGqyRw,-1,1,1,['b2dfd88140e1b1ed78b74d4c93e0e6d6'],0.4137108162979762,0.22945711989800655,0.07184775552315141,0.2867082051791446,0,likely_human,1.0,0.22945711989800655,0.4137108162979762
UCfi_xz23hkLfuZWxNzen5iQ,-1,1,1,['10fdcc9971409c195ffd645748da3a6c'],0.319963789770783,0.22943491988013096,0.18415998894145016,0.4706121853419915,0,likely_human,1.0,0.22943491988013096,0.319963789770783
UCQcuphhvax9aJIKpOGiBcaA,-1,1,1,['994d76c1481f2314ba6021442e8f1c1f'],0.34388473543633913,0.2291920627606801,0.14763465865973355,0.4335871408012546,0,likely_human,1.0,0.2291920627606801,0.34388473543633913
UCH_Br78N44cEgvlgTaJcKuw,-1,1,1,['952fbd516d090ab6c61be87bc594db1e'],0.3747217514354193,0.22916517900302297,0.1190049326016098,0.35017095633820317,0,likely_human,1.0,0.22916517900302297,0.3747217514354193
UCfF1AalCvyt2Sd96rNN3bAw,-1,1,1,['09e5320cf93ee1c42c8f1eb2215c3687'],0.34564971515148696,0.22905175876685813,0.17055017903597472,0.3781280433078464,0,likely_human,1.0,0.22905175876685813,0.34564971515148696
UCeGr6Y2jvA23DNSKMf7oyPA,-1,1,1,['dc7a3bf755b668a75618127fcbc7e31c'],0.3422815220238937,0.22904486357428075,0.1735991147038943,0.38578018302510303,0,likely_human,1.0,0.22904486357428075,0.3422815220238937
UCSFC80sUTIqcpMkx_HVobNA,-1,1,1,['5446b6fc007ebe314cdc8f5ee5a08f0c'],0.3292619085954089,0.22893632627869162,0.186085876956041,0.4213489204547692,0,likely_human,1.0,0.22893632627869162,0.3292619085954089
UCh7jsXGOc2txgpJRXzjRTDQ,-1,1,1,['20b26cb08dbd4a5e8dc8cfcc093bede4'],0.32391433834222527,0.22883949362033,0.18647991080555779,0.45011609242792194,0,likely_human,1.0,0.22883949362033,0.32391433834222527
UCnMnERV7k6HCZPdqjO9XN0Q,-1,1,1,['34ea0866d1c025761dc1a7b5220c4710'],0.4035399583883792,0.2284388314602384,0.09263331488214022,0.2749344492272725,0,likely_human,1.0,0.2284388314602384,0.4035399583883792
UCzw15U2oFjJoy21T1aVNK5g,-1,4,1,"['e7568acc96a56d34cae3fca6806d4a70', '2b1c6ac839d52a51f3f4f28da006f2d1', '161d665fd99da81fa9109866138830ce', '1a80dce86a4aef4b47745876ff991dd7']",0.3093779633985559,0.22841164607465447,0.15642864028933293,0.5628152840050624,0,likely_human,1.0,0.22841164607465447,0.3093779633985559
UCaBtEQl-gM2D3ridTJe-4ug,-1,1,1,['215be56e5ef5d4686c54c70d1028f183'],0.311622915251884,0.22830079588777727,0.19893015149747859,0.4646806953100613,0,likely_human,1.0,0.22830079588777727,0.311622915251884
UC7RUcnYcqrxypGCttHPYJOQ,-1,2,1,"['3bece436fae99135d0d028d6e3dd9a49', 'eafab8299558798f484c4cabbac9454a']",0.3468293761738837,0.22825807838714143,0.1384248684604278,0.432536569865198,0,likely_human,1.0,0.22825807838714143,0.3468293761738837
UCWHveC-25lVa-avIXn7AHqw,-1,1,1,['71815e11fa6ac2477354ddbd4660a519'],0.3650273785844722,0.22821817122952723,0.1321265604898173,0.35414819866311975,0,likely_human,1.0,0.22821817122952723,0.3650273785844722
UCFPxnqN6VljYqt-C0ZlRwww,-1,2,1,"['6ecef236274060f6cf33781c741c7468', 'ffeb4847f1f2e5fb11b72d648df53467']",0.3574222350885472,0.2279144313648539,0.1385450079333287,0.3792380609523486,0,likely_human,1.0,0.2279144313648539,0.3574222350885472
UCLXHI7LXQiTe3aiF85BKtRw,-1,1,1,['9ed1c8a81516e7e37b660f2be6a71745'],0.33475485795787596,0.22789147577163432,0.13240965906355884,0.49886382593761014,0,likely_human,1.0,0.22789147577163432,0.33475485795787596
UCrDOS5pDF0HvoYrEzOZZ0kw,-1,1,1,['725e71b8e61e1c239024814fba17ae17'],0.317863298986963,0.2278580892744294,0.1460763433303125,0.548542435679867,0,likely_human,1.0,0.2278580892744294,0.317863298986963
UCzyJiK6qGkTbZzqgRW4mGrw,-1,1,1,['a52060a8b8027ebe0b9efe25590840ca'],0.30576672078148204,0.22764187353613846,0.16888337058079844,0.5647341263884296,0,likely_human,1.0,0.22764187353613846,0.30576672078148204
UC7XLfeMJzWZX_vfZQ8Iivwg,-1,1,1,['b414856ea3fe504686ff95bb5db128a0'],0.3234583499635463,0.22755120974705617,0.14588856198071673,0.524405306464875,0,likely_human,1.0,0.22755120974705617,0.3234583499635463
UCjRmVS-FyYcKg4pVo_A2oDA,-1,1,1,['a4fa1cd41ea4e569180dbfc659fb7d62'],0.35411286845685636,0.22743574937983504,0.14387377844362492,0.3819600091369819,0,likely_human,1.0,0.22743574937983504,0.35411286845685636
UC47CNBVHAEn0pUOno2od8Ow,-1,2,2,"['1d0f0884dd622e409039ff54fa40b046', '61cea9f20dbc291db7727e1df77dcd06']",0.30814752851393507,0.22710619972784565,0.1896139944266234,0.4861745850797433,0,likely_human,1.0,0.22710619972784565,0.30814752851393507
UCDnnNjkcr2yMmSW4QFgUp-g,-1,2,1,"['84a17b813c08e13134238b145af737c9', '582f9111a7ced25fa3930e62bcf074f7']",0.34751417456079225,0.22705795458582756,0.1477805934939088,0.39464540352440225,0,likely_human,1.0,0.22705795458582756,0.34751417456079225
UCIK3c5-CGCr5qhID6yy5aQA,-1,1,1,['ceb75ac40d0e3cb2b773e2ac4ae44362'],0.343047033262439,0.22701158460908005,0.1456145287528266,0.4224127664366727,0,likely_human,1.0,0.22701158460908005,0.343047033262439
UCFK9w7six9GcMMYg49MKrZw,-1,1,1,['a07711abf552a65be66b91a18022772b'],0.3690383757674278,0.22700484508236485,0.12371298501643149,0.3435318074391545,0,likely_human,1.0,0.22700484508236485,0.3690383757674278
UCBgZibhnzHOH8GPHtqLObMg,-1,1,1,['83089e013bc04d30f4fbaee3a25681b4'],0.3521171403015835,0.2268137427794663,0.15797330184211358,0.3505540166611248,0,likely_human,1.0,0.2268137427794663,0.3521171403015835
UC_FbQBdP7Nf6Durkyvzn9Cw,-1,1,1,['5fc992b89201ce5cbc51abdc1791fdb0'],0.3266852683935774,0.22640497336089424,0.15265666483056037,0.4772379216655099,0,likely_human,1.0,0.22640497336089424,0.3266852683935774
UCG7JRDGySfgv9IeNaJf3gpA,-1,1,1,['b7c6e17c0072c5e3818ee50ee0ff5c88'],0.33926490197177284,0.22604597407194935,0.14869767874820358,0.43799072628152946,0,likely_human,1.0,0.22604597407194935,0.33926490197177284
UCjq3D2i0c1t26SLsK8Pj0pw,-1,1,1,['d02806509f67ebde4fbbfb4ef0e72206'],0.3155567546110424,0.22568983492821065,0.18629675640512885,0.45978703768186996,0,likely_human,1.0,0.22568983492821065,0.3155567546110424
UCqb0-vjnN7UdFy6ONw-NkrQ,-1,1,1,['5723373b1a2e9a8b074f5207c35a5d49'],0.3146852897530477,0.22547550198754956,0.1985364605850049,0.4290919391366627,0,likely_human,1.0,0.22547550198754956,0.3146852897530477
UCTXiW9WWqMYy-tchIMrvM2A,-1,1,1,['4a0efc838395a883215aaeee2bdbb376'],0.35142531062710813,0.22510990749137005,0.14902326110458178,0.3620174365379691,0,likely_human,1.0,0.22510990749137005,0.35142531062710813
UCIoujX6Q68SVQ89uFot6DDQ,-1,1,1,['593af19e0b0d73010d0ccb7c785acda0'],0.3187419223936089,0.22508716559594524,0.18931569541398605,0.41508589569302223,0,likely_human,1.0,0.22508716559594524,0.3187419223936089
UC1p0gTbx4UiFC-1iT_0m7mA,-1,1,1,['d1c18184de8f3dd484ab16e82f4bf5cc'],0.3038076196021332,0.22497487425898705,0.19862724923544017,0.4699163386770223,0,likely_human,1.0,0.22497487425898705,0.3038076196021332
UC0_MRQKGyiuo-2svnx0T6-Q,-1,1,1,['af3605198f3662797c1c88efd13a1ea6'],0.3927120086029842,0.2248356938673762,0.08044650067831098,0.31121105165082175,0,likely_human,1.0,0.2248356938673762,0.3927120086029842
UCsyW2UbCgdqlmfmdf0xoFrQ,-1,2,2,"['3deb1bd5ffb0e66449c0a51bf081dbbf', 'be28149d1752822a27f678b630f6b233']",0.334207441202393,0.2247535505362076,0.15387980409882598,0.4205265735781988,0,likely_human,1.0,0.2247535505362076,0.334207441202393
UCWbsSFluANBH9kxJVf_iTiw,-1,1,1,['1cb6bc51cac29a1503b9fd945aada3a8'],0.3219690165593907,0.2246531659373474,0.16510185772225403,0.4593769930462111,0,likely_human,1.0,0.2246531659373474,0.3219690165593907
UCHsTIcoufKa876aWIQlNVKw,-1,1,1,['4e173da2f2ba011ad7c346f8c97391cf'],0.27324212296268857,0.2244101457880907,0.21497482728513334,0.5741657445671013,0,likely_human,1.0,0.2244101457880907,0.27324212296268857
UCxkKS4RTTQW6z_7pZ4vbJzQ,-1,1,1,['838677ae6f338dd946f8020fdc542bff'],0.30824522535281484,0.2240421871399616,0.1793588730749839,0.4772885565590912,0,likely_human,1.0,0.2240421871399616,0.30824522535281484
UC35w6_uwClaKGLVl_-tLWEw,-1,1,1,['55dd061686a73f1b617cb6e44ac666bf'],0.34284555802134453,0.2240128494958417,0.14129443637579328,0.39882580900549225,0,likely_human,1.0,0.2240128494958417,0.34284555802134453
UCrTD5zdxx-Lwh2dNIvHAs3w,-1,1,1,['5f143aa5171477f80bb92d5324be14e5'],0.3659806655632498,0.22391508063979965,0.11755191145396991,0.3359496238283444,0,likely_human,1.0,0.22391508063979965,0.3659806655632498
UCiVW0pHBlL8MntVl6DVJprg,-1,1,1,['0eb54df194cf804a8765e009d141fd11'],0.3277578816704553,0.22360898057205775,0.18424688748472362,0.38344289773007634,0,likely_human,1.0,0.22360898057205775,0.3277578816704553
UC1vz1FHEAUWhuJedC7933Ug,-1,1,1,['1e31472564b9c0dc68289f20be227309'],0.33004665151143514,0.22324145921670963,0.17120192291694072,0.39518724393244753,0,likely_human,1.0,0.22324145921670963,0.33004665151143514
UCnV8VP3lIBPrEXK31rCi1oQ,-1,1,1,['31f89d39d418857fdc958e5655b2f635'],0.2990047076086041,0.22320741013350473,0.1893908961417312,0.48893888107556394,0,likely_human,1.0,0.22320741013350473,0.2990047076086041
UCa0_SDmpUnBLq2zlvzKpGUQ,-1,1,1,['1f3cfe17be73520085ff0840a314594f'],0.3191079659314509,0.2231303334650802,0.16590196441206365,0.4523068971492677,0,likely_human,1.0,0.2231303334650802,0.3191079659314509
UCoHOjvewS-3Qm7KPMCQFz9A,-1,1,1,['c1b9da6e97201d8c59917be23d75024a'],0.3343618002015867,0.22311379279573174,0.17103947710778622,0.37432376785698224,0,likely_human,1.0,0.22311379279573174,0.3343618002015867
UCXVIkv29htA9rNr1Tibgdaw,-1,2,2,"['43ef0700bbea66dedb0c9a2487ae4e95', '6becff0eb5087192c38790f1c56271ea']",0.3434647626065828,0.22228419088364204,0.12084453048131383,0.42281413041241095,0,likely_human,1.0,0.22228419088364204,0.3434647626065828
UCrf3sz8HBoEUyEP_xw7bglQ,-1,1,1,['c8c381994d7242d933b96a7d934f1185'],0.2949233572727646,0.22214544307410253,0.19741277374872185,0.4845980118728765,0,likely_human,1.0,0.22214544307410253,0.2949233572727646
UCKPbDTbEyXrlXy0DL3Wt6mw,-1,1,1,['84bc2b3f85d5cece6fa9d804b0bc6bcc'],0.31742550936355873,0.22210450588278324,0.18567018165658097,0.406455736983733,0,likely_human,1.0,0.22210450588278324,0.31742550936355873
UCxs5FfALYvVtL8WzU1qmzMw,-1,1,1,['5053689d812972821f180c592573e125'],0.3009274073064595,0.22192594768319995,0.19718809218957695,0.46611380031262184,0,likely_human,1.0,0.22192594768319995,0.3009274073064595
UCCfgYYO82uuEWrQbpbxNamA,-1,2,2,"['c603657dba996e694db99d4d43209e61', '146110e55bdd6802e0d589affec2d20f']",0.32771464201268485,0.2215074804662634,0.15509482379060383,0.4108577521702949,0,likely_human,1.0,0.2215074804662634,0.32771464201268485
UCi0roWH9FzIKdWYJea1Ruvw,-1,1,1,['bee3e8ca8d64134dcb3f9b42ec6522d4'],0.3049795217997775,0.22142425713612818,0.19247692667455793,0.4531816380489538,0,likely_human,1.0,0.22142425713612818,0.3049795217997775
UCKjfd8qSL7jv83XEw2TEMFA,-1,1,1,['42b6a80dda9432951daf3b29fbfbe06e'],0.32052599142531485,0.22134088682700417,0.17947444347905955,0.39150872405831316,0,likely_human,1.0,0.22134088682700417,0.32052599142531485
UChnJwYOKVOkSP2Px_0vj4wA,-1,1,1,['d2f587399f826b504788639f3a97e69c'],0.35179316316511144,0.22124665821290873,0.13463681773774386,0.3482798814848315,0,likely_human,1.0,0.22124665821290873,0.35179316316511144
UCoQRdglBG-e31AuzcUwkZ6w,-1,1,1,['6de7e1ff59967c4060b9624fedad1a8e'],0.33251265463726754,0.22121062871249708,0.1468731276625812,0.40640218409068507,0,likely_human,1.0,0.22121062871249708,0.33251265463726754
UCHdAu6riUiqViLO3736o_8g,56,1,1,['8175f9a83b79e691c21c348df056868a'],0.35510122353067597,0.22100846957429443,0.10183360839977171,0.30225757034721007,0,likely_human,1.0,0.22100846957429443,0.35510122353067597
UCZJAtHDXaqeRP4xws8tU-1w,-1,1,1,['7b9e846640ebed6342f5d2cf9dc05381'],0.2851712400420714,0.22085363594803253,0.20482544549426984,0.517525730436198,0,likely_human,1.0,0.22085363594803253,0.2851712400420714
UC3CLRrimiQq-oQ2kpj0qkEg,-1,2,1,"['1809c4a8f41999d32fc32f322c10d134', '43e7857d166a886db9d47c13d2577c6b']",0.3099335205154706,0.22083051732138298,0.1869133248804112,0.42819016982328995,0,likely_human,1.0,0.22083051732138298,0.3099335205154706
UCjz3Gxf9ddXO0he4a8OpcEA,-1,1,1,['235ccce7f5717fce0b8c67cc939e2a56'],0.32240034729439493,0.22058201928244947,0.1700644963102654,0.39554049247257067,0,likely_human,1.0,0.22058201928244947,0.32240034729439493
UCZlNNO6GiXBVaxeAHtuh4pA,-1,1,1,['513a7e9b768b93e2c1033fba8f735059'],0.35123042626331413,0.2201321827234734,0.12471601189483045,0.3635212308595063,0,likely_human,1.0,0.2201321827234734,0.35123042626331413
UCuvZ8JxMvYQzZkDj_90V-Pw,-1,1,1,['45af257e39974d106156984e8e1227b3'],0.3469203812648045,0.21996327621403083,0.11923753500903894,0.38814096251403996,0,likely_human,1.0,0.21996327621403083,0.3469203812648045
UC8m664T46NZwxITfB87QFTg,80,1,1,['fc6519e8ab0169f666d32cf92ed9c91c'],0.23187277370035891,0.2198610445791111,0.17580349453412245,0.6758799495877217,0,likely_human,1.0,0.2198610445791111,0.23187277370035891
UCM2xSAUurniqjeKSqm7T_wA,-1,1,1,['92f4862294472c319657a74a53c4b382'],0.2777577308453197,0.21961004225913552,0.20137292678256657,0.5253666859909496,0,likely_human,1.0,0.21961004225913552,0.2777577308453197
UCHYBIDel9D5aSbA90i_NSvA,-1,1,1,['96efe2eeb67726dae4388114fa8630bf'],0.35616204154150255,0.21959405959214895,0.13274557010506507,0.3207754622003126,0,likely_human,1.0,0.21959405959214895,0.35616204154150255
UCSt1RZV1TwkRwuUd11iWjAw,-1,1,1,['b1f3462736b911859699f5b92c9cc88a'],0.36669110929898574,0.2191491589917839,0.11298772193766855,0.302466419925869,0,likely_human,1.0,0.2191491589917839,0.36669110929898574
UCWalrPHkQ3Q9ILZeUzByoQw,-1,1,1,['d22c62a9c97d44b5a60aa0aaaf6e989c'],0.3713880238205687,0.21894901303456574,0.1073462799761219,0.28902074184963167,0,likely_human,1.0,0.21894901303456574,0.3713880238205687
UC7-B_bGZKh6xUUe7q6CWwEg,-1,1,1,['77eab60fe74dcacaa27d87c48d9b9b38'],0.32594483524800283,0.2187714565658554,0.14098244506327787,0.4145342736546779,0,likely_human,1.0,0.2187714565658554,0.32594483524800283
UCjnw-mxdK9PTDRYZdMNR_XA,-1,1,1,['c1d8fead40be78de41bc9f6c69a567b1'],0.33110064306999965,0.21852923818545905,0.14256221313703693,0.3971609687161798,0,likely_human,1.0,0.21852923818545905,0.33110064306999965
UCfCouKXB_tMG85Gd0m_60JQ,-1,1,1,['ea3060317142b5afe40f5ed44dbcd649'],0.36274645504841496,0.21851349226819936,0.12286590024016907,0.3012326177557843,0,likely_human,1.0,0.21851349226819936,0.36274645504841496
UC2B6UGkH1aOW37HfCxcx-gw,-1,3,1,"['a02a1d4def5ea5b897897808cf8033a8', '0329039631329816ae4390fa4e9c7def', 'e8083df09d021a2cba9df1c2303c69ad']",0.29543423922985484,0.21833920494451858,0.18684923393306513,0.4878554800264394,0,likely_human,1.0,0.21833920494451858,0.29543423922985484
UCyRIghZ7vS0n-bKKiNPy14A,-1,1,1,['5b504bcdc22368ccd88083889d921cc1'],0.33967026315103777,0.21829616795064302,0.14600460730145426,0.3647555072602226,0,likely_human,1.0,0.21829616795064302,0.33967026315103777
UCftAIPZHdDYr4DTLTOj4RpA,-1,1,1,['477cc2116efbf7fdb6e8f458369d7f8b'],0.3011115056149419,0.2180904113393423,0.18491112454253114,0.44280541055140943,0,likely_human,1.0,0.2180904113393423,0.3011115056149419
UCmeSTJxoMLrABWWK1xFj6Aw,-1,1,1,['a173cbb6510da6055e640efd6b10c648'],0.287978867972612,0.21799633414887307,0.18143285870459194,0.5161139993200576,0,likely_human,1.0,0.21799633414887307,0.287978867972612
UCqBN5U6GSVAkK72xGW1Panw,-1,2,1,"['04277589c7540698d30ddd075d576bd1', '41f779a3a044a6ae32a2a2a1ce6297b4']",0.3185100306742905,0.21788222585581765,0.14376078099207323,0.441112212271779,0,likely_human,1.0,0.21788222585581765,0.3185100306742905
UCP5EA-7Y0ZhR7Wp9Ig0UaOg,-1,1,1,['b9116ff88f599c79033707e0891d98e7'],0.29686144247649426,0.2178552456666528,0.17433879393798093,0.4721194620054555,0,likely_human,1.0,0.2178552456666528,0.29686144247649426
UCUpCKlMbgS1Vq9usqkwW6Jw,-1,1,1,['5adaa758faf0b76236806961f7096013'],0.3010744228764035,0.2178140013254965,0.16988410546809413,0.46636843299215075,0,likely_human,1.0,0.2178140013254965,0.3010744228764035
UCsdu-Rf4TspPhvxtBFpKJ1Q,-1,1,1,['f31977263bf26cd6089762e029631835'],0.27221729172411274,0.21749294586560886,0.2070322285831001,0.5208386125450803,0,likely_human,1.0,0.21749294586560886,0.27221729172411274
UCJqc0EZHgerfBzORGEnHp1A,-1,1,1,['f64a49ebfb16347322f6276047e825e5'],0.3624523682241474,0.21742789453057765,0.10276761398955797,0.33040992711704015,0,likely_human,1.0,0.21742789453057765,0.3624523682241474
UCXSmg9ONCTUjo0qRWbHOlFQ,-1,6,1,"['fd8bb2c72329de0a41d28394e11ca3f6', 'ecfe50410592dc7df427f9d328fa95fa', '0697b2a48e2ae7c148c9f443691a8b38', '9dde2d0b59249fda76f9bd8a11bfc96d', 'eacec6d7feeb2e7ae45931422365aa68', '4daa6f58a08843fad5efd3138ee16e23']",0.28398037258072867,0.21718359530303558,0.15943060728022979,0.562574127378645,0,likely_human,1.0,0.21718359530303558,0.28398037258072867
UC2sUHj1vtMFacADEfdwFIWg,-1,2,2,"['1bfa7ce2f63f1be90029baf5f52715e6', '8de758b29f3b12136fac58ad38a38db4']",0.2974168142255672,0.21678884018102557,0.17691415366212587,0.4731318337656568,0,likely_human,1.0,0.21678884018102557,0.2974168142255672
UCYbYpJadaMM0VdqtwWCFbtg,-1,2,2,"['1130c6eb0ef7345a5d791a51feaa003f', 'cc26645c36b0677d1640aac5266c2c36']",0.329529010837211,0.21678691817043863,0.12416681863120846,0.43069455957435077,0,likely_human,1.0,0.21678691817043863,0.329529010837211
UCDJMrIN72nmBWW0GPqjy-tA,-1,1,1,['87ece6d345055a59e891d004ef1e743a'],0.2997665330796715,0.21644484802703545,0.18359221374327966,0.4206032970737005,0,likely_human,1.0,0.21644484802703545,0.2997665330796715
UCvMC7vqyqw9_70nZcfuWeCA,-1,2,1,"['bcd77cd2d433dff15e24b0f902e6432e', '43586fda91003c6db5521123cefc6dbe']",0.3014143368410708,0.2162298721759599,0.1652835208340828,0.4607732725838495,0,likely_human,1.0,0.2162298721759599,0.3014143368410708
UCEhkjuvJUfkN5HJuoF2uaSQ,-1,1,1,['3eef900a3eb5568f2f08c7821b7a4300'],0.29492209892935684,0.21568645726044006,0.19091282514782523,0.43912996904444107,0,likely_human,1.0,0.21568645726044006,0.29492209892935684
UC3VkN_z92a02FAZpata0KxA,-1,1,1,['4057a297038ddbee65b97b00e7e6ce84'],0.32310170489402806,0.2153060243377835,0.1612553111089552,0.3614762899220454,0,likely_human,1.0,0.2153060243377835,0.32310170489402806
UCSMzgS-CDyqKnlmPa_BMZjA,-1,1,1,['6b11f9b5039d1dbd7e0e03d389825b70'],0.27632654105484467,0.21513035940870318,0.14873077023849146,0.5967170278021352,0,likely_human,1.0,0.21513035940870318,0.27632654105484467
UCqJ5xvNYbHz35GSRrx4n8LQ,-1,1,1,['bce476b9fef6acf054a6e2f26c3d3121'],0.3334837388105135,0.21510716408940975,0.13354968291180744,0.3735964598141427,0,likely_human,1.0,0.21510716408940975,0.3334837388105135
UCsF7YmHLSUQKVm-1yyvAGPg,-1,1,1,['07349bd5e03e4d0d6e86157a0ce22000'],0.32829915358798,0.2149984505859835,0.13814522481734992,0.38310106148961665,0,likely_human,1.0,0.2149984505859835,0.32829915358798
UCWP4NGp8SfUy76XvxRUMMPw,-1,1,1,['0c131f2483bbc6184ff129ef3fa4a50c'],0.32193987302896476,0.21494242718135045,0.15575923465994254,0.3840030546789592,0,likely_human,1.0,0.21494242718135045,0.32193987302896476
UCfEa338QgDlmy5GrXO82qGg,-1,2,1,"['65befeb205260aa3f2df83549a8fe6ed', '9ca9da13eb42a0bc01a65903f3681e2a']",0.28853785811996013,0.2144967379931405,0.1665392022468529,0.5070152867497028,0,likely_human,1.0,0.2144967379931405,0.28853785811996013
UCrtML7737PgoFp6rl4NuZIA,-1,1,1,['094566936bf6193e34c4d4a660e77a2e'],0.3234737088901088,0.21438060245756146,0.14937176508620506,0.3781871503480807,0,likely_human,1.0,0.21438060245756146,0.3234737088901088
UCHF06QQT1hHgcQYdr0hhjJA,-1,1,1,['8c3097b971d2e406e67b4da0b22b2c16'],0.33028798987584707,0.2143459904140248,0.13235147244876416,0.3741816586575527,0,likely_human,1.0,0.2143459904140248,0.33028798987584707
UC7N469kEgqmagVCqGpl0pzA,-1,1,1,['27322d0a951e231e238d73fc76a0a63f'],0.2647373182417541,0.21413900140983144,0.2159328428526123,0.4979295589857178,0,likely_human,1.0,0.21413900140983144,0.2647373182417541
UCuRmwTTMUZzi3VQ4xsQJwkg,-1,1,1,['d4796d041fafe59fe445c785fa43a72b'],0.3040019575621304,0.21406555485640552,0.15005665662850345,0.460515641543864,0,likely_human,1.0,0.21406555485640552,0.3040019575621304
UCefjmV2yE17vnME3Ffmb5cA,-1,1,1,['5867250a3d15563fd8b1194d9e4ff644'],0.342448550460424,0.21400218730227222,0.1278002374432407,0.33011945915983687,0,likely_human,1.0,0.21400218730227222,0.342448550460424
UCnDuK6rxa7gDFkwC6QEOB9A,-1,1,1,['b15c8aadd6324f7288938de6da602bb8'],0.29996940309161857,0.21394816281875859,0.1834477992538107,0.40714198093221804,0,likely_human,1.0,0.21394816281875859,0.29996940309161857
UCnMWIblTzW_PtcLAYVIGZ5A,-1,2,1,"['3067d870ce6e138e664afb758e82914e', '5d18f90299df71e52b41b4436ebe6898']",0.2797375118168451,0.2133216175318397,0.18121783232845393,0.5092857915551193,0,likely_human,1.0,0.2133216175318397,0.2797375118168451
UC9bkjU5VZQ16bhGmAoUlC0g,-1,1,1,['a4a308a32d815bf4b7f9fe7d6573efb6'],0.3259615627857753,0.2131562236567298,0.13408858636413234,0.38234790530566115,0,likely_human,1.0,0.2131562236567298,0.3259615627857753
UCWY7a9hFzUUCIBmNPw-egmg,-1,1,1,['9e46e1b4235b6cc54d71c9479f54d968'],0.32415683009311685,0.21312596331163292,0.1350264092488181,0.3921342185602414,0,likely_human,1.0,0.21312596331163292,0.32415683009311685
UCC4JgYdnpvQRvfg4YtTG3qg,-1,1,1,['808267b2f23877da30a0285584d572e2'],0.32045811990648776,0.21282846699778968,0.13712723334629034,0.39919556278510404,0,likely_human,1.0,0.21282846699778968,0.32045811990648776
UCV8QaNgFn0ECGq6AdMMjNqA,-1,1,1,['d80328788c18eda33a993deb53503388'],0.3401758808768861,0.21279516933249668,0.11285442595973785,0.34921498722338074,0,likely_human,1.0,0.21279516933249668,0.3401758808768861
UCtEMxAhuwzzQF_RcA-3eSiQ,-1,1,1,['ae905faa4e961079e9fe7f85fb92545d'],0.30788173388687523,0.21249633214075292,0.17142133648552274,0.3791683852834638,0,likely_human,1.0,0.21249633214075292,0.30788173388687523
UCcEZvo-jG1YSMlmvkCYdcBw,-1,1,1,['131cb7735a653bfaad300749e83ad384'],0.3297469738827859,0.2120755533768365,0.10804488943574411,0.40779886322493647,0,likely_human,1.0,0.2120755533768365,0.3297469738827859
UC1sXcl5DV29YeF1zDDUsj-g,-1,1,1,['79120f8f28332cc72af809360933f502'],0.3341579082693762,0.21189271684999747,0.11340776486816001,0.3690809347985894,0,likely_human,1.0,0.21189271684999747,0.3341579082693762
UC6jDnt5Yw4mhwVkLZPhG47Q,-1,1,1,['34062736a87987375b2abffaf1ea386b'],0.26737914969328036,0.2117478325185661,0.18193044748862058,0.5426218707860793,0,likely_human,1.0,0.2117478325185661,0.26737914969328036
UCzBUrxMlLkH0PkTAKmxTUBQ,-1,3,2,"['ae8c103eb5a7eeff58b27ce899b02154', '6b7a528ac7b3f954015c2ca38a188091', '465ae644779e86889e15f3597998e97f']",0.3095895550151723,0.21171547848388048,0.14242254576774924,0.4265449988325931,0,likely_human,1.0,0.21171547848388048,0.3095895550151723
UCwX-2VDNpzVf5-lWW-4vrVQ,-1,1,1,['0fec297d0aff8e5c89007c43b11e6ad6'],0.309970456905596,0.21161364745347405,0.15943688518893714,0.3833397568148013,0,likely_human,1.0,0.21161364745347405,0.309970456905596
UClVMURIvK9VoR2Fg3LEq11w,-1,1,1,['d350cdda9de738447b3372507bd8d264'],0.28072201853781553,0.21127243583016955,0.18582199675825153,0.46396910182525486,0,likely_human,1.0,0.21127243583016955,0.28072201853781553
UCVHZccq1NrMQhVt593QlGDA,-1,1,1,['ed5e4347f3defa97e1f4ed45096b8bcd'],0.33767948237322054,0.2110053580521948,0.11936812034351582,0.3422609049928881,0,likely_human,1.0,0.2110053580521948,0.33767948237322054
UC4La1d8rnjb_cOtODyj-jIQ,-1,1,1,['7c4aa61d79256f1bd0aae3ba3ed1f383'],0.30969228419469136,0.21097602392025105,0.1488936757721174,0.408366973302421,0,likely_human,1.0,0.21097602392025105,0.30969228419469136
UC3lsgvwXKJ3xrFTFtJpCVfg,-1,1,1,['7dcbc2ad357a6314a70c706f4da14e4a'],0.33817462045442187,0.21048143030655359,0.1334205431981229,0.3080698747708544,0,likely_human,1.0,0.21048143030655359,0.33817462045442187
UC-0MFGsYxsWPLQUmauAU0Mw,-1,1,1,['88a97e97c47957ceddf0a7c7697c49c7'],0.24619097192585143,0.21039211838103633,0.20766781949698482,0.5757993475319959,0,likely_human,1.0,0.21039211838103633,0.24619097192585143
UCjuAqgsizMFm1Bc7brlisRg,-1,1,1,['ca3d683aa61a4bc5e2d74787c93e7e8e'],0.3259812285461351,0.21022360676647447,0.14397369949950004,0.33805601567647336,0,likely_human,1.0,0.21022360676647447,0.3259812285461351
UCr4vWzd9i4owQum37ssOuiw,-1,1,1,['c55e277b71920ef5bdfb7c971a43f57e'],0.23078071775572967,0.2101644615231823,0.23173269620055623,0.5891443232352304,0,likely_human,1.0,0.2101644615231823,0.23078071775572967
UCgkHEP8kgFLmvjT8gnpv-Eg,-1,1,1,['1cec5f2bff84a5dc76e7952b980ce3ef'],0.2554866707203497,0.2099200989653221,0.19289503350097117,0.5503101911998269,0,likely_human,1.0,0.2099200989653221,0.2554866707203497
UC3mcVIWXNjCtAYo9ce2x7DA,-1,2,1,"['58f65cd3b0935f0311449055f4058c82', '5c16198714364c928d9f3725169f16e7']",0.2991694672549229,0.2097754921960634,0.16101640220210423,0.4232471527600793,0,likely_human,1.0,0.2097754921960634,0.2991694672549229
UCRg0Y7BJ2zfsJK6iSBTuk6g,-1,1,1,['d3bea11bbe001e8cd60516473bf895d7'],0.3470891596254382,0.20977339948792031,0.09895158731411514,0.3183245018650395,0,likely_human,1.0,0.20977339948792031,0.3470891596254382
UCmcTHPe_b8zjsDZlKxo7u9w,-1,1,1,['e31c98823e3836746ad1f0dc00d97099'],0.26108765764574665,0.20959179543338732,0.1999474975604464,0.5099448042990713,0,likely_human,1.0,0.20959179543338732,0.26108765764574665
UCoeGS56J7yqkE2i5Mkq1C0A,-1,1,1,['9cc8792bafd8fde0dbfeb558dcd77ed7'],0.2620211471491912,0.20954088966364917,0.20832985991385541,0.5012997536601084,0,likely_human,1.0,0.20954088966364917,0.2620211471491912
UCoFnQ1CUBEyidBbo5gizW_A,-1,1,1,['dc1a288d3d48d8edb84b902419b57acb'],0.33748185570687583,0.2087222191543487,0.11899004269260963,0.32083376882179077,0,likely_human,1.0,0.2087222191543487,0.33748185570687583
UC2ze6HLMvstFPfD_uUU2Dsg,-1,1,1,['8751039377dbc8dc438df4ffb8af267c'],0.31092913806986017,0.208454480145282,0.1334224060611008,0.41182293479757814,0,likely_human,1.0,0.208454480145282,0.31092913806986017
UCLxDFyhZYr0jNpp2bwRthaw,-1,1,1,['84acbc387d3ab55594d0f5a23fbe9537'],0.2978618512803752,0.20768745112391418,0.13751718565623317,0.4563777993573368,0,likely_human,1.0,0.20768745112391418,0.2978618512803752
UCtKe-6UJN4f33lqBDcA36YA,-1,1,1,['9ae708eda5068dd109b7f890ee50cc26'],0.24615275136650427,0.20651605848442994,0.22709390282546052,0.5074551968093266,0,likely_human,1.0,0.20651605848442994,0.24615275136650427
UC5C3ZWaq8hQrLQhK-bE6Xjw,-1,1,1,['8e9cdb96ec0bdc8547e881ed545c0f36'],0.25961114485358233,0.20539537990815054,0.18613969173314493,0.5107432469596689,0,likely_human,1.0,0.20539537990815054,0.25961114485358233
UCh8zUskcfrvi63dleUGNTUA,-1,1,1,['4bdf7e73e666f94f3827cf45b31fcdb6'],0.3108342666925917,0.20508472119071933,0.13622658811881885,0.35323346777894604,0,likely_human,1.0,0.20508472119071933,0.3108342666925917
UCU6xkiVaGJUjPi3wQ1-Xntg,-1,1,1,['05dcd3fea05fa05e2899b544408a1360'],0.32509586524097517,0.2049115087743617,0.11654148070012298,0.33860029014450194,0,likely_human,1.0,0.2049115087743617,0.32509586524097517
UCjUp_lnBndtjq70PmnTfL8A,-1,1,1,['64cfacde2489ece6c828242a3c23117c'],0.2928893889384612,0.20488686614685245,0.15335767435691083,0.40890300659783085,0,likely_human,1.0,0.20488686614685245,0.2928893889384612
UCZjkmUg4ylsRM_uqhV32mBw,-1,1,1,['19cdeac6caf4fda8cbcbd9252f614bfe'],0.23394871322950256,0.20436018530072625,0.22519896619902943,0.5252735013131273,0,likely_human,1.0,0.20436018530072625,0.23394871322950256
UCCJcUDmjK_TQaheR4CzPhtA,-1,1,1,['5e7fa6c01c6731bcbb8b9b2866f8f134'],0.3117726158210737,0.20405183433456808,0.1436495936406766,0.3291721987583901,0,likely_human,1.0,0.20405183433456808,0.3117726158210737
UCBqIsZYNBbDtyGoidQjh_PQ,-1,34,1,"['5c043a7789b348d1dcfcf8abab85bc22', '865e2ea7b2c06c4cfffc9348534e2a74', '616c2e8fafdecf27ae8c03b527e19af1', '40225603989f71840d5c8dee5699e997', 'b61b0962a07a88a7c14c750f429fb75e', 'e158f60828060b05ec1ca0f39be22d12', 'd0aac965077cf666136f5e820db70cb2', 'dd786dcbefc381c833fdac37a4e3b3e7', '4b42ac92a6e081095b774bef081acd83', '6b2f60876be6bf294dd32d7796bb6912', '7768c91f08312c458e4a004d547cc423', '9b2ff6193e07d456fe88959d1853f070', '59eb17ba121af3d222eec7e78ede35b9', '125336d83d94c5715dccb27aec6a1047', '10723bc3d293447d4006046e6509a1f1', 'ebac1eb9b31db99177efa9ca54db8be9', 'e7e17b8049528dc9a5a02203c3ff3576', '3afbe582ddd4cccc423f83f70f8b542e', '99aa89669934c9e0024f474217f2d5fe', '4d5cfe3bffc5ab302d011f6d5f60aaa0', 'fd6a7d1cabc366a765ff6e47a2557494', '7438febea04f2602ba47e2d5d9977c7f', 'a8741816b6e9d25b18c570b9a5f34523', 'c079dbc8f4e072bcbe419491394052d4', 'aa36f2f48ff91de6ba454ebca2f9b1a5', 'a7d5fb4a72c51d8181bd2772bd2c19c8', '75f50aa5b9ab5c17993d63e26710210a', '610d8043f390dd367f83d5420a341336', '3c770a6d2b568d7a229fcbd03fe949b3', '37fc70517ff2c60041c86b2f4d98789d', '1ea049584a528a80d2d6edabba6c2ee7', '1dcf965d94b73d9ae93ff40600274726', 'b9ddfe6d1f546e2eddb2dbd288649bd2', '54b6b62b59f6a0abfb762c8eda18a5c1']",0.2630084124776606,0.20396666399942087,0.16004984591749702,0.5341565238616224,0,likely_human,1.0,0.20396666399942087,0.2630084124776606
UCy8GP5VZpVJFJeymyL4XJNQ,-1,1,1,['1435c5860b8b25df66406e5073a11ba2'],0.3092932603733542,0.20346885013452903,0.14592446706177506,0.3358582159623156,0,likely_human,1.0,0.20346885013452903,0.3092932603733542
UCLboahbZIFMghpmBQfUVejA,-1,1,1,['bba62e1c1ff52d678577fa1f22ccb585'],0.2591855159840335,0.20345564041736858,0.19818332750957607,0.4568661295953049,0,likely_human,1.0,0.20345564041736858,0.2591855159840335
UCZCN7OxziTqJIClvRayhO3w,-1,1,1,['a4064ecacc6474d03df089641cb2ddf6'],0.33627922312824077,0.2033788116602387,0.08915670857703838,0.32836730363764843,0,likely_human,1.0,0.2033788116602387,0.33627922312824077
UC_YjsatUIXuXJOcztC1PQjw,-1,1,1,['e00fdec2d36e0e450a32e8c97849f77c'],0.343106230330244,0.20334231694718075,0.07697224825702764,0.31916202128417076,0,likely_human,1.0,0.20334231694718075,0.343106230330244
UCvXS_utX7LKQD1kpernFaxQ,-1,2,1,"['0bfde80f99c5623bfeb63a0b8c826e2f', 'c07417d83e0f68f3829eeb7c6b854452']",0.2977323851013391,0.2033260295821432,0.09750553027313695,0.4949037310819353,0,likely_human,1.0,0.2033260295821432,0.2977323851013391
UCKIEjKEigyPXQRja0ioFXhA,-1,1,1,['68616f4d8ec6670382923a2dc3443bec'],0.23044724116819892,0.20331223449173114,0.17227519272875952,0.6434669748421251,0,likely_human,1.0,0.20331223449173114,0.23044724116819892
UCa4jJIi4Sb3_5ssh-u8fpew,-1,2,2,"['a062681095404f3e2cd0bc552268c0d6', '8587ce8df4ecb103658970fa497a2707']",0.2697955061673565,0.2032502207078731,0.16291191432460903,0.4836179084485087,0,likely_human,1.0,0.2032502207078731,0.2697955061673565
UCPjIjx5aRJiCQ-7aDRFPYXA,-1,1,1,['93955dcabfd7927e1f69a9200a8882d7'],0.45072985957132294,0.20310213414634146,0.0,0.0,0,likely_human,1.0,0.20310213414634146,0.45072985957132294
UCecZUgcn_6lmmB8Mv-vgmag,-1,1,1,['60d1dc5c41bf9b5ea2aa54226e9d7f1c'],0.4504582409460458,0.20287804878048782,0.0,0.0,0,likely_human,1.0,0.20287804878048782,0.4504582409460458
UCK42_mpjxeX6oX0GzQ1N6LQ,-1,3,3,"['68dc20a6a1639ee584912b50c6dca23b', 'd813b9e74783d3911d47fca4384b21f8', 'bf3bcaff02ebcc24d22dff2ce8c0db40']",0.25746285751843523,0.20285770846516218,0.1873909645040383,0.49091580471927265,0,likely_human,1.0,0.20285770846516218,0.25746285751843523
UCi4W1fiKNdrUlBWqIc3WMsQ,-1,1,1,['730deabf690cefeb8cf4b0a4708d2da9'],0.45036400591278636,0.20280030487804876,0.0,0.0,0,likely_human,1.0,0.20280030487804876,0.45036400591278636
UCogBwKecx8WqTLOHJnS_TDA,-1,1,1,['2102bf9e49a8ff8585048b53fbf78b5e'],0.2834844068288676,0.2026771275252752,0.14476097333035365,0.44367293146121345,0,likely_human,1.0,0.2026771275252752,0.2834844068288676
UCxXH_m8Q-Y6QmWCCag58zLQ,-1,1,1,['190cd71d368cb2d88b74690fecd2e597'],0.29283218822863644,0.20240644543341463,0.13834070435704465,0.42324077962760914,0,likely_human,1.0,0.20240644543341463,0.29283218822863644
UCvtv3u8FCGIBlntSKWUT9Vg,-1,1,1,['91e5b10207635a377a7a2a1a4bfce6cc'],0.283861087429645,0.2021478876389355,0.1775932788099063,0.3774786320184743,0,likely_human,1.0,0.2021478876389355,0.283861087429645
UCflGYmmboZa6xXcDMpbKDqQ,-1,1,1,['767939415745f7d0a06635caa65a364f'],0.27854781533661177,0.2019035166733611,0.18000389180198983,0.39998561020443946,0,likely_human,1.0,0.2019035166733611,0.27854781533661177
UCeeANKWkaGjyD55NBzYbMAA,-1,1,1,['c23c900fecfd345c22ae4e9bb97786b0'],0.2507148005364117,0.2018012950643993,0.16167920142968367,0.548877924998108,0,likely_human,1.0,0.2018012950643993,0.2507148005364117
UCFMR4B_dBPhoMb8ytUdsOvg,-1,1,1,['36201b1e3811dd0e1aa8d0f7146c819b'],0.3287446757986112,0.20164398780888834,0.11284405498851037,0.30074275052892285,0,likely_human,1.0,0.20164398780888834,0.3287446757986112
UCTWk826G2ExSzQpgyRAFoHw,-1,1,1,['8aa44e45f6b0c4e42439b1edbd6f4e07'],0.2726702741659853,0.20115598520521943,0.15630909098953838,0.46992360766619534,0,likely_human,1.0,0.20115598520521943,0.2726702741659853
UC9y69M3xFvryH183t_yUTjA,-1,1,1,['5a1ae4ba420c4c26401a51114b121fa4'],0.31063222387086803,0.20114933825417464,0.15805916870659292,0.2990460342402579,0,likely_human,1.0,0.20114933825417464,0.31063222387086803
UCfkyQvjuHffEhl91D9AflOA,-1,1,1,['0c4e3699e6bc05bca741aaa601b93548'],0.445620842572062,0.2007621951219512,0.0,0.0,0,likely_human,1.0,0.2007621951219512,0.445620842572062
UCKWvJVyGRnU5fEI9v_SQIjg,-1,1,1,['31030e53a329a6b03d358a6fedb33f5d'],0.44561714708056166,0.2007591463414634,0.0,0.0,0,likely_human,1.0,0.2007591463414634,0.44561714708056166
UC9WT9nqofvN3abZeL8M4rCQ,-1,1,1,['42d59eab54d728ba4dbaafb3144f6f1b'],0.25686567108621816,0.2007348677457508,0.16983917839570903,0.5032886773802348,0,likely_human,1.0,0.2007348677457508,0.25686567108621816
UCkXMOnBveMOwmnhd_gt3uxw,-1,1,1,['182c44a1ea2fce441506030322df8ba6'],0.44546563192904653,0.20063414634146343,0.0,0.0,0,likely_human,1.0,0.20063414634146343,0.44546563192904653
UCc6sqS21OR6_g5Beb-nBGGg,-1,1,1,['c8ec6f542c4e3f0b4119876d9c705809'],0.445460088691796,0.2006295731707317,0.0,0.0,0,likely_human,1.0,0.2006295731707317,0.445460088691796
UCq5dKC9CRek1K-MKofN9x-A,-1,1,1,['3d2a57773754dcf286910a53a76c1c68'],0.24353490868313946,0.20058717073786259,0.14228614963884517,0.6179260384655477,0,likely_human,1.0,0.20058717073786259,0.24353490868313946
UCagEVczGkolXhFnUe4oC1Sg,-1,1,1,['1e13ea159d8e5ba3206e6ec87cc0ccda'],0.4453898743532889,0.2005716463414634,0.0,0.0,0,likely_human,1.0,0.2005716463414634,0.4453898743532889
UCfjW2aG07v3hy0MdbrpnAag,-1,1,1,['01f607049f55c72b98d3784daa1355c1'],0.44538802660753873,0.20057012195121948,0.0,0.0,0,likely_human,1.0,0.20057012195121948,0.44538802660753873
UCLE7aTdA-uPip4NIgjBzOCQ,-1,1,1,['235f2d6eb6873aba736381bc7cd64970'],0.44524390243902434,0.2004512195121951,0.0,0.0,0,likely_human,1.0,0.2004512195121951,0.44524390243902434
UCWBf6AHwRD752Hi6B8_vF_A,-1,1,1,['46dc6f0eb28f9776b71bee4587f1df99'],0.4452346637102734,0.2004435975609756,0.0,0.0,0,likely_human,1.0,0.2004435975609756,0.4452346637102734
UCpOoStTsmR4yBFORwOwLQFg,-1,1,1,['e2d0cbb94706282ab73dd57ab21903fc'],0.2496849386017742,0.20027358940059786,0.18427850480596625,0.4990148969220062,0,likely_human,1.0,0.20027358940059786,0.2496849386017742
UCpCIpjN0NF01o5QBgUzWVLw,-1,1,1,['83546d2f541f42ad1fa7d43aa2ffd183'],0.29732821767824846,0.2000116801814285,0.13500968186399923,0.3698711467319832,0,likely_human,1.0,0.2000116801814285,0.29732821767824846
UCdRDH2Rqp-qx8SHVVcvQ7eg,-1,2,2,"['bb1a367dc18290c0f2e491f6755d41f6', 'd29606d441d4fd9b73058d21acf8cdba']",0.29419064568347186,0.20000070347323862,0.1229118322801704,0.4176953843394367,0,likely_human,1.0,0.20000070347323862,0.29419064568347186
UCqWMj-5mm6RDCshVZwsJATQ,-1,2,1,"['5f8bd5ac3a66d82b7a117e28d19c6177', 'b1a891e32952dc42006bebf3dc91ae7e']",0.2564796164359731,0.1999313998392932,0.15695119027213356,0.5170250647787086,0,likely_human,1.0,0.1999313998392932,0.2564796164359731
UCqY3LzlUqOybn54O22ZhufA,-1,1,1,['5748e93d3f703cc829f0b6c3a994a0c9'],0.30174062559727943,0.19986762270957076,0.12059501898052538,0.3866182487867752,0,likely_human,1.0,0.19986762270957076,0.30174062559727943
UCCGP4Zktxh5Nwi-YG4vkINQ,-1,1,1,['b51159f0888696d2fc90ffb751f93bbc'],0.30936154561563967,0.19971124230046666,0.13072716216238306,0.337127636711921,0,likely_human,1.0,0.19971124230046666,0.30936154561563967
UCRspky3sgHLiAsZBrQaf4Lw,-1,1,1,['b8e72190d1e2ba8de3e4ad24e9c96f7c'],0.2620976774239866,0.19929881254216505,0.17793850981908266,0.4505881870310717,0,likely_human,1.0,0.19929881254216505,0.2620976774239866
UC_hLguUJ-7pSg3ew3mz-czg,-1,1,1,['d96fd805f6d03a2f1c06311b33f3808d'],0.2859387704258286,0.1992142682892727,0.14300779654954093,0.4086233437727951,0,likely_human,1.0,0.1992142682892727,0.2859387704258286
UCUuDWKZwe3T-fYCoO0T1vyA,-1,1,1,['fe8932de5775cb59ee7f9e2981f7a3f3'],0.44060051736881,0.19849542682926827,0.0,0.0,0,likely_human,1.0,0.19849542682926827,0.44060051736881
UCzWpJn0P9a8Vw6Wdjf5ZMPg,-1,1,1,['ed5a6d53b7184577605bd812ccbbec7e'],0.44060051736881,0.19849542682926827,0.0,0.0,0,likely_human,1.0,0.19849542682926827,0.44060051736881
UCHtdSSRRFnfCX5oI4FN6gOw,-1,1,1,['3563091b5ad5a0e274c25c8efb1bcb6c'],0.44047671840354763,0.19839329268292683,0.0,0.0,0,likely_human,1.0,0.19839329268292683,0.44047671840354763
UC0OD_16O2sSf_Xh7VJzG7lA,-1,1,1,['1b7f7729844d153870735787aaeae1e0'],0.44041019955654104,0.19833841463414636,0.0,0.0,0,likely_human,1.0,0.19833841463414636,0.44041019955654104
UC-GwqpSnGjD9J1ifByMGAWA,-1,1,1,['8acba048e2aca261bc9164aa42f5e461'],0.4404028085735403,0.19833231707317076,0.0,0.0,0,likely_human,1.0,0.19833231707317076,0.4404028085735403
UC_BAQhU7820uJDr2OQLaJdQ,-1,1,1,['a886d3d2286f645c9743ba152d63bb52'],0.2653798469902736,0.19820845059645179,0.17742704930832412,0.4202968838062503,0,likely_human,1.0,0.19820845059645179,0.2653798469902736
UCsacuHZ6VLE00QJenB47Gtg,-1,1,1,['35e69920923a852f8d9823d50b63341b'],0.4401736881005174,0.19814329268292682,0.0,0.0,0,likely_human,1.0,0.19814329268292682,0.4401736881005174
UCMqni-c_0gjrR8PDGZCf5qw,-1,1,1,['074bf57f905929869eec9e8ee417b01d'],0.440169992609017,0.19814024390243903,0.0,0.0,0,likely_human,1.0,0.19814024390243903,0.440169992609017
UCwdPBwbU_daHaqQHMRo1hjw,-1,1,1,['f742ca1b5080a28db96c77d365749f6e'],0.30474389357438325,0.19811476765570607,0.10817435361300785,0.3856028646886276,0,likely_human,1.0,0.19811476765570607,0.30474389357438325
UCiLyrJhKSmlIWEAXDrj1MDg,-1,1,1,['9d8ee486933f37b471528b99cce39f2e'],0.26293823406933275,0.19798989185418572,0.17118439637939886,0.44537719010414445,0,likely_human,1.0,0.19798989185418572,0.26293823406933275
UCb6w3EkvFlwctKOzelje2xA,-1,2,2,"['b99d06d6211333d0583150c6aca143f2', 'f30106b30deb935f5eb388228057a697']",0.24865339063948497,0.19768599927544483,0.18811921378276228,0.4827053191839152,0,likely_human,1.0,0.19768599927544483,0.24865339063948497
UCBgBk2zUg8Xng1wJuSDBayA,-1,1,1,['6fe2841718c4f26dfa657c5c8b28a66b'],0.2893667866419574,0.19763701346373103,0.12774842614038248,0.40475711220808713,0,likely_human,1.0,0.19763701346373103,0.2893667866419574
UCUPJ3EJulZFj4QE8xkBRu2Q,-1,1,1,['1114911212c26a40c718a6d23bc1f5b6'],0.2879637710026591,0.197156228513471,0.1353971204492901,0.3981549956523171,0,likely_human,1.0,0.197156228513471,0.2879637710026591
UC0Gdwc_TvtvtiqiV7l8UxLg,-1,1,1,['45596f26dff19fb32d9f33fec9f0f890'],0.30539334610698154,0.19686519438501626,0.12554447081637718,0.33560304938629004,0,likely_human,1.0,0.19686519438501626,0.30539334610698154
UCHJ3GWaBeVdEkutJa2Ltq7g,-1,1,1,['ca4d5881d2dbb45ccb4f354dd9c7cc00'],0.22817355091566857,0.19662408917575325,0.21483983283919056,0.49352688649149096,0,likely_human,1.0,0.19662408917575325,0.22817355091566857
UC_SzN5xIyot7TkQRilcAraw,-1,1,1,['e98d2990125a6d62b2859df63144e6b0'],0.30158410935696445,0.19640366888001076,0.10880117635100842,0.379476380482479,0,likely_human,1.0,0.19640366888001076,0.30158410935696445
UCpAE4IiY1pE4S49JGU9uM7Q,-1,1,1,['a5a81fe591435ba07e520127fb128732'],0.43572985957132293,0.19635213414634145,0.0,0.0,0,likely_human,1.0,0.19635213414634145,0.43572985957132293
UCAFAhoh4XBHhX3Zy59hMREA,-1,1,1,['66d45679ae95f9390190ea0bae6668ea'],0.4357224685883222,0.19634603658536584,0.0,0.0,0,likely_human,1.0,0.19634603658536584,0.4357224685883222
UCBF9c5zXr-I-MHLMa-HQjTQ,-1,1,1,['247acaf853a048f4e083d4d40e75784d'],0.43571877309682183,0.19634298780487805,0.0,0.0,0,likely_human,1.0,0.19634298780487805,0.43571877309682183
UCJFp63klRN4YSlRabKHnsNQ,-1,1,1,['93dcff5b4717d856e1cd16b8d6749c67'],0.4356984478935698,0.19632621951219512,0.0,0.0,0,likely_human,1.0,0.19632621951219512,0.4356984478935698
UCsLUdthze6WxGEYKkGKU8fQ,-1,1,1,['640e2024f9ad435266620dcc81f1ecea'],0.30678074560360136,0.1962872884894573,0.10077044280318702,0.36509941485691155,0,likely_human,1.0,0.1962872884894573,0.30678074560360136
UCn8D4ybZOPKNs7mhjfZ3j5w,-1,1,1,['266a3ac51b0317665830afe0c145660c'],0.4354785661492978,0.19614481707317072,0.0,0.0,0,likely_human,1.0,0.19614481707317072,0.4354785661492978
UCPwjewPHFqN0chExJGIHKLw,-1,1,1,['5b30a7835a8163bac3c93f627eec14a9'],0.43547302291204726,0.196140243902439,0.0,0.0,0,likely_human,1.0,0.196140243902439,0.43547302291204726
UCg28DRaVncqepMUYBUr2wqA,-1,1,1,['7198bd0c12e9426f43bfef58eeaa797e'],0.4354711751662971,0.1961387195121951,0.0,0.0,0,likely_human,1.0,0.1961387195121951,0.4354711751662971
UCH2ZTGim7ZfmDVnNMJlpIcA,-1,1,1,['5dc9e5c48ca9d4ec4acc659d8b1b6b37'],0.4353769401330376,0.19606097560975608,0.0,0.0,0,likely_human,1.0,0.19606097560975608,0.4353769401330376
UC22oHzXyXUuI7Dwf4swr5Iw,-1,1,1,['9d83c931c4a930bdb922158f5d4c2091'],0.4353713968957871,0.1960564024390244,0.0,0.0,0,likely_human,1.0,0.1960564024390244,0.4353713968957871
UCauuP1DUgB2CgFxvliEiQ8g,-1,1,1,['fa3895a6478da968d0feef39dd904815'],0.2772369207638042,0.19592532008245697,0.128826048004208,0.4410970737290224,0,likely_human,1.0,0.19592532008245697,0.2772369207638042
UCT4-PFl8WFm7RlvqUDeKljA,-1,1,1,['6affbc2d493c3a0be4fe17ee17a90e1f'],0.2630281602691532,0.19549359858242754,0.16692025721243195,0.4299959820902535,0,likely_human,1.0,0.19549359858242754,0.2630281602691532
UCIYCaMLrLMnI5CyYs0e-TKg,-1,1,1,['803b4d00cdc8d5008e7a0a91e8988beb'],0.25529810263356895,0.19515275897662754,0.1777314445361988,0.4366047389723725,0,likely_human,1.0,0.19515275897662754,0.25529810263356895
UCfcNSUVklxm1orgj6KjHTrQ,-1,1,1,['ea924be5f044717e5efa4ca6df41bc40'],0.2782269203806965,0.19496379608652242,0.15545651352657178,0.37137779318829817,0,likely_human,1.0,0.19496379608652242,0.2782269203806965
UCm38iSLZDAq9oJtRjk5HjUw,-1,1,1,['ced57f8229437af024e1a4985e8127eb'],0.262793349643223,0.19480819092612053,0.16750987728278485,0.4265992633463759,0,likely_human,1.0,0.19480819092612053,0.262793349643223
UCrfD2AzGDAYXpRrbkOznWFg,-1,1,1,['dbb0ba67d7098568b0dab8f05d1efafc'],0.4306892091648189,0.19406859756097558,0.0,0.0,0,likely_human,1.0,0.19406859756097558,0.4306892091648189
UCMrjzCQHSgo1r-dS9bVe7xQ,-1,2,1,"['945a39f1e1c2c8c91b50459c7aaa1f71', 'ea2807ee5b859e4ba4b155e807301b67']",0.43059992604917724,0.19399493899057124,0.0,0.0,0,likely_human,1.0,0.19399493899057124,0.43059992604917724
UCC5AiMD0Huaqk7pYxqKguxA,-1,1,1,['11424130657b1f97f8067429323d7790'],0.43031966001478195,0.19376371951219512,0.0,0.0,0,likely_human,1.0,0.19376371951219512,0.43031966001478195
UCZzD4-p1FMLopS8Q_iYqPtg,-1,1,1,['9598a4915b99554eba04fce85d306fbb'],0.4302716186252771,0.19372408536585362,0.0,0.0,0,likely_human,1.0,0.19372408536585362,0.4302716186252771
UCAWiuZ8CZbJgAxg_LH552NA,-1,1,1,['e8da6455f855f152019f521c8c504238'],0.43024205469327415,0.1936996951219512,0.0,0.0,0,likely_human,1.0,0.1936996951219512,0.43024205469327415
UCsjqBB7XGAZlf5ewzyTGEWg,-1,1,1,['d3a184216e13a318275b705337ffc7e6'],0.4301792313377679,0.19364786585365854,0.0,0.0,0,likely_human,1.0,0.19364786585365854,0.4301792313377679
UCN_cQ5l3GUidDATfTag7o_A,-1,1,1,['18716a3333b162b14c9342acdac14ffa'],0.2511984152547,0.1936036202736397,0.18327432607903826,0.42596376544180103,0,likely_human,1.0,0.1936036202736397,0.2511984152547
UCmObeN0SPCEz5DgFyzPehxg,-1,1,1,['b89b31f47b6a98756c6cb91a6c7c3ee8'],0.4301034737620103,0.19358536585365851,0.0,0.0,0,likely_human,1.0,0.19358536585365851,0.4301034737620103
UCVzz4vVnvrQf1X4p2_XospQ,-1,1,1,['f6a5db25238aab3402ba608835e6da70'],0.20947474660940407,0.1932484028203229,0.21415941353935847,0.5418620597727632,0,likely_human,1.0,0.1932484028203229,0.20947474660940407
UC1syRUuWi8q4RGXzKuLkfXQ,-1,1,1,['b9dd8ccf04a3ec49988e61d6b0b7d5d4'],0.26942013356591066,0.1931981253452481,0.14148323312108776,0.41064688227895446,0,likely_human,1.0,0.1931981253452481,0.26942013356591066
UCMWNxUAdyvr9TdVsJPC3hog,-1,1,1,['b1c4d3727b4a4bb074b011626449f9db'],0.27268057862273964,0.19222149552947265,0.1615385518389526,0.3516874127133933,0,likely_human,1.0,0.19222149552947265,0.27268057862273964
UCML3IKFPXLuPLBOOtdXKCHw,-1,1,1,['f06083a7f3276db95da2ca351d65c51c'],0.27826983622237134,0.19208620332665582,0.1620815480823064,0.3304662677194499,0,likely_human,1.0,0.19208620332665582,0.27826983622237134
UCutUnR7L15TFhegzrv16lng,-1,1,1,['6078d72040c51eb791587afaa8d79a77'],0.21069673577159456,0.19199840644079733,0.21517966814133407,0.5225792001451915,0,likely_human,1.0,0.19199840644079733,0.21069673577159456
UCkYy3kxIOhtFZMrmhoUitQw,-1,2,1,"['6cafe88e9e27b5bc53ee9820b59bc2e1', '2503ec0f4a2d3e7044be06b7246a3a03']",0.22075807331358752,0.191953938272028,0.20183020117548145,0.5079834855739067,0,likely_human,1.0,0.191953938272028,0.22075807331358752
UC8brFWqcjgnhTDZq_hw7R1g,-1,1,1,['72b5b3e619bae8c6ba3bb4e8a6252fce'],0.28251455737991515,0.191872076654587,0.1414971904986355,0.35057335032805653,0,likely_human,1.0,0.191872076654587,0.28251455737991515
UCiujhp7QL7B4qMHragb2usg,-1,1,1,['da167e83c839c41a2832b1db304b4ebb'],0.42553030303030304,0.1916875,0.0,0.0,0,likely_human,1.0,0.1916875,0.42553030303030304
UCwO5jMtv5h7IFzNqrIFj7Sw,-1,1,1,['7779effb5f6c8078dad18640be0e583c'],0.42552845528455285,0.1916859756097561,0.0,0.0,0,likely_human,1.0,0.1916859756097561,0.42552845528455285
UCqACwIAKm3fZIWFL8qjVo8A,-1,1,1,['fabf484eebe3593a2e60b4bc42f0c0cc'],0.42550813008130073,0.19166920731707313,0.0,0.0,0,likely_human,1.0,0.19166920731707313,0.42550813008130073
UCaJp9Yn4cEffctOtAVq3zAg,-1,1,1,['04bcf035061df67fed0d2d66f1360292'],0.42550813008130073,0.19166920731707313,0.0,0.0,0,likely_human,1.0,0.19166920731707313,0.42550813008130073
UCRF31ersViUd1kegojMZKCQ,-1,1,1,['a29bc0e250d6c21d9a692c801bce436f'],0.42547487065779743,0.19164176829268292,0.0,0.0,0,likely_human,1.0,0.19164176829268292,0.42547487065779743
UCmmtPV2qusmpDcozqEKKq3w,-1,1,1,['b8852461e1b885a47578b5243aa235f2'],0.23459012158120143,0.19159176319627869,0.18679022924569835,0.47957980814226575,0,likely_human,1.0,0.19159176319627869,0.23459012158120143
UCbUTGz8R1YHDGUOrwVMjzgA,-1,1,1,['7fc31735fddc527056ad6d707f3a988e'],0.2947882288661611,0.19105130700762568,0.1296228167878595,0.3117468602411628,0,likely_human,1.0,0.19105130700762568,0.2947882288661611
UCy0dWprGeHHUh5l-kobUQ1A,-1,1,1,['bcd99b1f15d1cf1d4e13aacc71548dad'],0.2729550082532687,0.1910262554983913,0.15138119345948492,0.35799390483893845,0,likely_human,1.0,0.1910262554983913,0.2729550082532687
UCAcok1f448Otjieb82zr2uQ,-1,1,1,['bf0c4c369645766fcedb114423f86f0e'],0.2340769307188331,0.19025018109759384,0.17672557619548232,0.47989476045052154,0,likely_human,1.0,0.19025018109759384,0.2340769307188331
UCVB6rQIq_YO0E0o22vq7xjw,-1,1,1,['8dcf23620f7eb136afcddf62fb26de1d'],0.26759363307247647,0.19019163717179158,0.14541730368363295,0.4047158339802608,0,likely_human,1.0,0.19019163717179158,0.26759363307247647
UCZHHzf2q57b9ygeQskJ6nNw,-1,3,1,"['1c02410b1d48b8d36dd4b99d354301be', 'c11d9aab5c3f2409b8f02faab53ee2f7', 'ab2139e3c5cc6204b8edd3661e349862']",0.4220267603896904,0.1900470773214946,0.0,0.0,0,likely_human,1.0,0.1900470773214946,0.4220267603896904
UCgHHw2_5Zb27PNblYb6ihlA,-1,1,1,['a134ac88b88b6a4f1afdc2ff86fcde79'],0.2440884971761436,0.18961585235976666,0.1861853444370138,0.4237365437313943,0,likely_human,1.0,0.18961585235976666,0.2440884971761436
UCVnS0ycQ6nj5S0z0j_eWSWg,-1,2,1,"['52fc57319c62fad8b2aa2608e2fed430', '39d22a99ab1541a1180f73926eff48ea']",0.4204899242004067,0.18940418746533555,0.0,0.0,0,likely_human,1.0,0.18940418746533555,0.4204899242004067
UC4niLiWZI4XpghTnPwjip4g,-1,1,1,['794f6f2e12830aae00576c9263e1ad0a'],0.4202827050997783,0.18923323170731707,0.0,0.0,0,likely_human,1.0,0.18923323170731707,0.4202827050997783
UC7ghz_2AFFvoftXlp0O78nQ,-1,1,1,['f21b4fb37d69b0223ccdef8f64dc255f'],0.24939479702634357,0.1881426715975044,0.18297301993996667,0.378852494099718,0,likely_human,1.0,0.1881426715975044,0.24939479702634357
UCiSdIYTSAryLO3M1d1sSMtg,-1,1,1,['8124350913f9c111736f135f123aca84'],0.265806190837754,0.18765238499479286,0.16130784820551705,0.3507530466150189,0,likely_human,1.0,0.18765238499479286,0.265806190837754
UCbw9gM5DzlxvMEx9Z68cjUA,-1,1,1,['d3f739bb4c792dd8b1140ca818832009'],0.41571507760532145,0.18733993902439022,0.0,0.0,0,likely_human,1.0,0.18733993902439022,0.41571507760532145
UCMTyXLwY3xuxUwUnkqL5a-A,-1,1,1,['08dcfa2f0074adcc6c8535982f7485f5'],0.4156762749445676,0.18730792682926828,0.0,0.0,0,likely_human,1.0,0.18730792682926828,0.4156762749445676
UCSTJRdxMP65WaTXGGrqT-2g,-1,1,1,['a0d59085393dfb288e721a40c8ced296'],0.41567073170731705,0.18730335365853656,0.0,0.0,0,likely_human,1.0,0.18730335365853656,0.41567073170731705
UCeWRII8Md7Vo41XuiE0CQ5w,-1,1,1,['89b581cfa15c066610b1d75e0ccdfe50'],0.4155099778270509,0.18717073170731702,0.0,0.0,0,likely_human,1.0,0.18717073170731702,0.4155099778270509
UCAenkqlYR6HZcQl300gRQVw,-1,1,1,['f745472dfcdbe428a534704c9b95a95c'],0.415480413895048,0.1871463414634146,0.0,0.0,0,likely_human,1.0,0.1871463414634146,0.415480413895048
UCI_hCGuh0MPnvOR9x6ttCDQ,-1,1,1,['f136d5e56349c225944b929bfe74bdb5'],0.2047920018845428,0.18709667007505845,0.19205551103478677,0.5499143874584504,0,likely_human,1.0,0.18709667007505845,0.2047920018845428
UC-WXj5co89gywZMIdOgLu-Q,-1,1,1,['af8a73ff0764297746405f19d854ce6b'],0.257391091655812,0.18702155487219602,0.1443740214946759,0.4130795494239654,0,likely_human,1.0,0.18702155487219602,0.257391091655812
UCojCS7WxogK5V7mY51t-DKA,-1,1,1,['fa286ea36d54f04e1619c49ba44cb2d7'],0.4153252032520325,0.18701829268292683,0.0,0.0,0,likely_human,1.0,0.18701829268292683,0.4153252032520325
UCY__dlu7CU9XCFTzPOZCdgw,-1,2,1,"['615fe9da648a40b1c148c7d95b793b15', 'a09abd9fec5d61270b2769f571cec8af']",0.4153244592346089,0.1870176788685524,0.0,0.0,0,likely_human,1.0,0.1870176788685524,0.4153244592346089
UC9aCmCwOt-YvuzuzYr5b8qQ,-1,1,1,['05e9d36a0319019447f02d6a0727a8d0'],0.1891023239769882,0.18667409462890616,0.20062439586768185,0.6021471529945399,0,likely_human,1.0,0.18667409462890616,0.1891023239769882
UCxj3DAu1ihAOL8Ew16BiSDw,-1,2,1,"['bff03dda36dbdb7793cd3cf9e42f8cb6', '033d4c482b4b58c56fbb1361496bec21']",0.18848323636987935,0.18660626512563294,0.22400529178002343,0.572456360489996,0,likely_human,1.0,0.18660626512563294,0.18848323636987935
UCLE_ZuaY0sIZ_MFkseXgQ5w,-1,1,1,['8d9321ac100ab2d04d32e3c5957c4dc7'],0.2520479872531564,0.18660050304040224,0.1473374284258079,0.416200062173103,0,likely_human,1.0,0.18660050304040224,0.2520479872531564
UCdAr1lkx5d4qkNj-oCGBPLQ,-1,1,1,['7dc713e2d757aa63f8c2e690ef4edd1f'],0.2335987353378542,0.18637604899813054,0.17653383360705618,0.440515811746557,0,likely_human,1.0,0.18637604899813054,0.2335987353378542
UC3ogKqtzn8tm07H8DbWk3PA,-1,1,1,['7d25ccf34a666ef621ef6a73fd76c094'],0.22666808651389395,0.1861018045190591,0.1837329310525687,0.4473001465066485,0,likely_human,1.0,0.1861018045190591,0.22666808651389395
UCWnrGIpI1W9oa5Pf9oN2l0g,-1,2,1,"['74c110f1c726758ecb7ef3320a9312cf', '97fed956d34269b8fb02fa7890807e34']",0.4130583287114069,0.1860856211869107,0.0,0.0,0,likely_human,1.0,0.1860856211869107,0.4130583287114069
UCuN8lYPUFdOKmDaDdYI787Q,-1,1,1,['a7f2b419fc1360e0f167fe810a6ab9ee'],0.41053769401330376,0.18494359756097561,0.0,0.0,0,likely_human,1.0,0.18494359756097561,0.41053769401330376
UC3jHyzqX3mFbFLD4DO3cU3Q,-1,1,1,['6e411f793ffd9c8b013f7c4ceef17273'],0.20223735749649635,0.1845881306402575,0.21191110748808537,0.4991225988156089,0,likely_human,1.0,0.1845881306402575,0.20223735749649635
UCCupdOX4iuGaByUZpxW796w,-1,4,1,"['eab2310fef3a99ac433603f74916d1f9', '37c893a3a29fde51afce1fd2649ced90', '3ee38f05cdc56b4b7e6310450df7edf1', '762d13b80f935c7736798df250ae0d5a']",0.4091187766055895,0.18424174069961133,0.0,0.0,0,likely_human,1.0,0.18424174069961133,0.4091187766055895
UCk3zDwtg4YOQf4fSropS2xg,-1,1,1,['bd7c13dcf6999ec7a6593dd1f9fdfc73'],0.19992642864634164,0.1842156717261924,0.2176470344085385,0.48671148578961576,0,likely_human,1.0,0.1842156717261924,0.19992642864634164
UCLZwhShejAWovrN2m41mWYA,-1,1,1,['71e38321ca35eaa1fab25eced7df9f67'],0.24638993596734549,0.18355422146625566,0.16722365631230482,0.386626609794544,0,likely_human,1.0,0.18355422146625566,0.24638993596734549
UCq1LzzkyDZj8yG7UAmvVDzQ,-1,1,1,['00f37ee4b8d1f09934ce6ffce94d11d6'],0.24890485884061758,0.18292645956820164,0.15344664416409975,0.3879586919704081,0,likely_human,1.0,0.18292645956820164,0.24890485884061758
UCNezQBVNhILJiMqN29caIVQ,-1,2,1,"['d5a5013f67ab9ad5acddd5fb0dc16471', 'fb3847f21b4e48f234b7aa26a02d3cd1']",0.2473797102874728,0.18274014471130068,0.16750981830154535,0.3792291641410556,0,likely_human,1.0,0.18274014471130068,0.2473797102874728
UCE0TQA_vTE8pA4Bi9uZsXIA,-1,1,1,['1e0bb6c3baacc93a1da6f5ee315d3e21'],0.4055672579453067,0.18271798780487802,0.0,0.0,0,likely_human,1.0,0.18271798780487802,0.4055672579453067
UCB_v65qZoOMKHQMZe5yWN0A,-1,2,1,"['8d744613ac483e38dee46f5f5e728ad4', 'b83dfcd188cbfd5c5c295aaadba2aaae']",0.2374579423753761,0.18271505486560108,0.18461241277203214,0.38744401039143106,0,likely_human,1.0,0.18271505486560108,0.2374579423753761
UCq8nw-_swaPrAoPApUAPC-A,-1,1,1,['cd61f598ac35af1c268e20dfae13fe00'],0.4053252032520325,0.18251829268292682,0.0,0.0,0,likely_human,1.0,0.18251829268292682,0.4053252032520325
UCPrPRaY6vlr-aMGqjtMIZkw,-1,1,1,['ca7af533f568d63e42d6c610c6d6abfa'],0.405290096082779,0.1824893292682927,0.0,0.0,0,likely_human,1.0,0.1824893292682927,0.405290096082779
UCjLCBOhvRZpU_igpKc6UMjg,-1,1,1,['4c382625e78b457054c1f5efa72f2cd8'],0.2440824520265941,0.18200696573382386,0.15791140504430679,0.3905042848449071,0,likely_human,1.0,0.18200696573382386,0.2440824520265941
UCv3dcP7SOvFU1JG-pHlUiww,-1,2,1,"['a825f9dede0fa44b3f08c2959f80a9d9', 'e236e15a2bb6460e70835abf6035bd4b']",0.40275143279718983,0.18133243205768163,0.0,0.0,0,likely_human,1.0,0.18133243205768163,0.40275143279718983
UCGiGhDVSBmLRQXSQjEKofVw,-1,1,1,['0957925ff0185d289bcfe508b9dcb587'],0.2106460259742155,0.18117422410589704,0.19961573008260605,0.458701007822737,0,likely_human,1.0,0.18117422410589704,0.2106460259742155
UC4BrmHU_W01-Egv8KztRMhw,-1,1,1,['de5c8fe08820374824b1b3660eb6dce4'],0.23734510956294194,0.18108115925383902,0.1430000651676182,0.44597950255412416,0,likely_human,1.0,0.18108115925383902,0.23734510956294194
UC7VIwlmfXD2FZVFjBbjDJZg,-1,1,1,['6eab9b1345434551f8384f488d46bdb8'],0.23863168576747032,0.18082791585232752,0.13005480167065425,0.4586165389184533,0,likely_human,1.0,0.18082791585232752,0.23863168576747032
UChDo8P7DoRTfSO190fhqICQ,-1,1,1,['88cc614459608062020b274d05917039'],0.4006208425720621,0.18051219512195124,0.0,0.0,0,likely_human,1.0,0.18051219512195124,0.4006208425720621
UCGk9pC2zRifZqLFPnlEdUPQ,-1,1,1,['fcb35e1b9b2a09eeeacf1d36f71dd8d2'],0.23827534747747564,0.1798728687780972,0.15175624141669602,0.4017086661455608,0,likely_human,1.0,0.1798728687780972,0.23827534747747564
UCFeENAbpXmPrACJZxUJ4GpA,-1,1,1,['b301b0fb9dfa6a1c73ba5931bb91ccab'],0.21882300711252622,0.17970206787335252,0.16730106997903624,0.4699071434590098,0,likely_human,1.0,0.17970206787335252,0.21882300711252622
UCumTiSUMMP51WtHlW4MsxVA,-1,1,1,['e73626094d04e2a31978b4e5bfe45020'],0.21062592833785398,0.1793703826137087,0.21145705338353707,0.40982588787215113,0,likely_human,1.0,0.1793703826137087,0.21062592833785398
UCxMWOr4LtsHJbCm_fSWJbrQ,-1,2,1,"['2b606360d43d03e05d405d071cfdb56f', 'd3824f12885accaabd05bdef2949beed']",0.39770428914771677,0.17904353854686633,0.0,0.0,0,likely_human,1.0,0.17904353854686633,0.39770428914771677
UCsFXoCtjaE1fx8o8kElgUxg,-1,1,1,['3e4c1db986fc4844f5c2e6e4543373e9'],0.18298660874648803,0.17881640811780747,0.17513650061420027,0.6033467088514406,0,likely_human,1.0,0.17881640811780747,0.18298660874648803
UCCwFWQN38GZ1_8Gmmyy5JOQ,-1,1,1,['c41fc5b0204b5f076ee3b44c7ef9b63e'],0.20938836181535553,0.17880576095350265,0.16411531118177564,0.5040612352423852,0,likely_human,1.0,0.17880576095350265,0.20938836181535553
UCEffhQ8RrH5sp6C3898K2vA,-1,1,1,['76c65dba995ad41f7f716d1fa27da722'],0.1739781853467894,0.17878294435292896,0.18686346095241824,0.6209679970183686,0,likely_human,1.0,0.17878294435292896,0.1739781853467894
UCUHhFRDz1F-DdRioWlraDDA,-1,2,1,"['1f433abb5657865e4d7b07a4126f8730', 'e25320cb45e29819b3dd350b232c5736']",0.21668906240366728,0.17837139920651268,0.1465416117469004,0.5045774211749448,0,likely_human,1.0,0.17837139920651268,0.21668906240366728
UCSbOFVVM2JmdUSfsceVoMZw,-1,1,1,['082973e1b42fe48a4f5dd1463cc78af6'],0.3955838876570584,0.17823170731707316,0.0,0.0,0,likely_human,1.0,0.17823170731707316,0.3955838876570584
UCGJY1A_hY_c7BmbHoOsIsHg,-1,1,1,['e173925b0e87dc78aca249f0a46eb1be'],0.22409413346031115,0.1781977617918273,0.16357693721913624,0.4340131190766921,0,likely_human,1.0,0.1781977617918273,0.22409413346031115
UC_uuAGP_-VMiA2L8QaKQJ5Q,-1,1,1,['b7e2291121ed533cf213c753b45b281b'],0.3953972653362897,0.17807774390243902,0.0,0.0,0,likely_human,1.0,0.17807774390243902,0.3953972653362897
UCR_e-BWh0LZqj03tns5TWBA,-1,1,1,['c28e5e4f71f88f99b920b4b14d7081da'],0.17097090979613794,0.17779788022601645,0.21227980976564262,0.5905880274055235,0,likely_human,1.0,0.17779788022601645,0.17097090979613794
UC3uZ1UCC1uihIP-aov7az9Q,-1,1,1,['48e7b9575dd13184ca7681257a32721a'],0.2559085284362259,0.17775893990453956,0.13549661967127252,0.34030987660249234,0,likely_human,1.0,0.17775893990453956,0.2559085284362259
UCxi_rPl6e18BCytBo9YCPkw,-1,2,2,"['e74c167ee0a9373a7ad3845898c0ac89', 'fe9d8a536aa4ad148970133375c292d3']",0.2417610649082958,0.17773077793861583,0.141801820319547,0.4029794644333762,0,likely_human,1.0,0.17773077793861583,0.2417610649082958
UCGx8vojw6VufJ4OSJyfqJYg,-1,1,1,['6f5fdd6589abf95269e2bb68b938762a'],0.2534810970935956,0.17754847738970367,0.13099895136563583,0.3775987903711148,0,likely_human,1.0,0.17754847738970367,0.2534810970935956
UCBvO-SqvMX_MDTVt7gNoA7Q,-1,1,1,['1da79e130186a2e8a50ee6cc080cea65'],0.17478491695504536,0.17753320834645964,0.21169693356499722,0.5552636909182155,0,likely_human,1.0,0.17753320834645964,0.17478491695504536
UC9-tZ7E3KYvz_EAQdOQRCyw,-1,1,1,['49024f3ad2dc203ddc9bcf1d9dfc43e1'],0.23566174498320586,0.1774728087176445,0.1588567489938953,0.38463537578009754,0,likely_human,1.0,0.1774728087176445,0.23566174498320586
UC7unsJtxDCjKfd049MpxNIw,-1,1,1,['4b4028045ff794583e7957ee99d27f1d'],0.20204367586051225,0.17737149331412316,0.18002598248963836,0.4795629164356302,0,likely_human,1.0,0.17737149331412316,0.20204367586051225
UC7We4Du8uEbt8jiPNlXZQpA,-1,1,1,['fdfc361cc9c19bec6fe4d444a7c2902f'],0.17609913577563083,0.17641391627739184,0.19425720595355325,0.572456360489996,0,likely_human,1.0,0.17641391627739184,0.17609913577563083
UC8VybL6Sl2P2je3H9q8JmWw,-1,1,1,['4240545acbe5119d7c5adc0000e52ed1'],0.1911850505949094,0.17637300913764387,0.19673137991533018,0.5015083739634325,0,likely_human,1.0,0.17637300913764387,0.1911850505949094
UCYhVJ7rcBMyIc1ejhnZ4u4g,-1,1,1,['92e29a93abc657c826eb8bd6a77cde9b'],0.1937575723577425,0.17557434055696344,0.2101536292409754,0.4584006468341025,0,likely_human,1.0,0.17557434055696344,0.1937575723577425
UC6KbEa3JA_BZixvZ2TB9yqA,-1,1,1,['723fd22bbce215d8ea6e05da0e0a5717'],0.16891299509902657,0.17510867976612843,0.21455323362900633,0.5434784847194525,0,likely_human,1.0,0.17510867976612843,0.16891299509902657
UCr-_c7AbOU_fjkDRm_8nU3g,-1,2,1,"['ebd64210ef659aa2ee62c58c2d59efcc', '2aaccae3c34bd5ff476b8c6a31c07617']",0.18533120711412407,0.1741548698416821,0.18530337379780534,0.5269635091840247,0,likely_human,1.0,0.1741548698416821,0.18533120711412407
UCwWaUdbow-ImBlMizUMFL_g,-1,1,1,['f83b30d99a0ced23c2486c26f4be03ec'],0.3855672579453067,0.17371798780487804,0.0,0.0,0,likely_human,1.0,0.17371798780487804,0.3855672579453067
UCMtfoHfegkwitaCnKKSNX5Q,-1,1,1,['c2e452d04e97b53fa1c8958fc3c417f5'],0.1917780668162552,0.17301460896442555,0.15404197264250682,0.5627618297125488,0,likely_human,1.0,0.17301460896442555,0.1917780668162552
UCB92O4OLprReUKtlxsukJnA,-1,1,1,['23f6093908c07ed4cc033aad02989eac'],0.27043434188787485,0.17267726114865448,0.09349004305156167,0.3128168889219669,0,likely_human,1.0,0.17267726114865448,0.27043434188787485
UCK-v4pqF8vZ2d4lUVB6vurA,-1,1,1,['5b9a2b28ea87b604614658b07bd9c8f9'],0.19409506143800348,0.17184958811689144,0.19688456014089148,0.4391683872644863,0,likely_human,1.0,0.17184958811689144,0.19409506143800348
UCp--A0CaSt0L4LNb2z8f7zw,-1,1,1,['28759f26900d665a648bb77a5c4c5bea'],0.20130794686068632,0.1714992822940587,0.18957231234481584,0.41244886323932045,0,likely_human,1.0,0.1714992822940587,0.20130794686068632
UCzuQDvpHv3j-p27gtzVE5Zg,-1,1,1,['4551ba583b23d6d23d07b82af57e9d7f'],0.2027239621364736,0.16973321231965913,0.15890840576123838,0.4409686006964748,0,likely_human,1.0,0.16973321231965913,0.2027239621364736
UCGHD7SwBYFalykKia94ZtmA,-1,1,1,['4b03321d0437a519e2e70f6f0d1376b5'],0.18234507808011302,0.1692625151438893,0.16251658021529194,0.5344161977559644,0,likely_human,1.0,0.1692625151438893,0.18234507808011302
UCZPRNYSRxWkxNIpvjx6O6Hw,-1,1,1,['2222fa56bdd73903148faf808a735fa5'],0.375310421286031,0.1690060975609756,0.0,0.0,0,likely_human,1.0,0.1690060975609756,0.375310421286031
UC_vWPhc_8545WaArToRNh5w,-1,1,1,['b393a3453424899ece0b7ef491bda274'],0.17907552802105844,0.16891883188398074,0.19145880034764992,0.4893966412144616,0,likely_human,1.0,0.16891883188398074,0.17907552802105844
UCNPAtJBTowM-etaowaXK9gw,-1,1,1,['4208421bbda1e2895001597196cf3315'],0.20044403516283563,0.16887006799507318,0.18335741848926987,0.4205990052751452,0,likely_human,1.0,0.16887006799507318,0.20044403516283563
UC24-wQLoDACUtKVJF_xl6VQ,-1,1,1,['9d3f2cd3e1da08a96c6c343f1dc753aa'],0.17721646667218138,0.1682331671745006,0.17145874953819112,0.5357853505923484,0,likely_human,1.0,0.1682331671745006,0.17721646667218138
UC0jqRt6hUK4cVB6Jkb1DRwA,-1,2,1,"['903ac3158cb806820f3591b680ef34d1', '33b93d6996b1344197bcf573ed792a03']",0.1763270319052407,0.1681480294569527,0.1804936517955803,0.5258208463872778,0,likely_human,1.0,0.1681480294569527,0.1763270319052407
UCcP2Rauokc_02hgsKsfya3Q,-1,2,1,"['ac8be68067ca79041da110b194e4b511', '3af62b71ed4d838c1c15c19c00194363']",0.3727366426326493,0.16782023017193567,0.0,0.0,0,likely_human,1.0,0.16782023017193567,0.3727366426326493
UC0QjqNEzFG2adTEt0IWdEfA,-1,1,1,['5b7d58bf3cf2e51979719edd64436b68'],0.22436466368064908,0.16756702801800558,0.13712332487921744,0.3891187183773293,0,likely_human,1.0,0.16756702801800558,0.22436466368064908
UC8oPZYJa7BJjVc5xEaYmiHw,-1,1,1,['ff7cdd0676d373db963f4b2133d6fffc'],0.19590863342056702,0.16737857053353455,0.15692572606438449,0.45537798680716174,0,likely_human,1.0,0.16737857053353455,0.19590863342056702
UCQqlAR141yniCRjiJToQwLQ,-1,1,1,['54506f598b6ee0cce03875474a9a3f7a'],0.24026251892520195,0.16693179881427928,0.1099538251168577,0.35485706177145304,0,likely_human,1.0,0.16693179881427928,0.24026251892520195
UCSNPohTpH0TwIC1Qb1_RpKA,-1,1,1,['00407995ccaa4380910f634dddb1c7b2'],0.37038248337028823,0.16681554878048782,0.0,0.0,0,likely_human,1.0,0.16681554878048782,0.37038248337028823
UCcGTahl_deaMtPl8oFWVa2w,-1,1,1,['ce09c934185bd72f7b974385f74499b6'],0.22684481142221952,0.1667676307192564,0.12171322175812566,0.38805358287237224,0,likely_human,1.0,0.1667676307192564,0.22684481142221952
UCKAV-1RIMSXINXUp6ipSFNA,-1,1,1,['70cdcfa01aadb81af08ca6d40b76ebf9'],0.22087646302041003,0.16667919644989115,0.13354110615635195,0.39464540352440225,0,likely_human,1.0,0.16667919644989115,0.22087646302041003
UCy7x7DpB__OiAOQrBUXgR3w,-1,2,2,"['0ccb06a1401831913c138ec3426beb3e', '06685d06e37a2c449194bcc82047192c']",0.19167244021509316,0.1660121680904113,0.16429383898694228,0.4509687377597545,0,likely_human,1.0,0.1660121680904113,0.19167244021509316
UCXk_8drb2ZaBE_ZqjJ3YMfw,-1,1,1,['c1f2cf682b6b51ea65f921f90b2e1a8e'],0.2027699000810054,0.16567517547080826,0.19214265089930674,0.3532185766850447,0,likely_human,1.0,0.16567517547080826,0.2027699000810054
UCXys7l5vwc-Fs7Dgqd7g4Jg,-1,1,1,['94a1898b69458c62b3a8c2cd5f68345f'],0.18814416913298296,0.16525022881456358,0.18628960791018295,0.41145637761063375,0,likely_human,1.0,0.16525022881456358,0.18814416913298296
UCor_y7T3fndL-bBlDtJOKjA,-1,1,1,['968f7adf7654ceba4c34428d49f41c32'],0.2203296837693884,0.16450069198121414,0.135625310128991,0.3654720176076848,0,likely_human,1.0,0.16450069198121414,0.2203296837693884
UCM5kqPaw-oxj2xbW1vtC5Tw,-1,1,1,['4222b9d2803a73aea12958c352007570'],0.17672175145500627,0.164490582001678,0.1748507604591435,0.4755436094362522,0,likely_human,1.0,0.164490582001678,0.17672175145500627
UCuKcIHAuUbFZshEd0TMt46g,-1,1,1,['4b4adeb2d5422b6903a3d20979dea177'],0.16714573573603733,0.16323093961612317,0.18529007732236838,0.49442336133090403,0,likely_human,1.0,0.16323093961612317,0.16714573573603733
UCOIZTYpxah43zAGOXC8Y1tQ,-1,1,1,['9d88c11ce4d790fe9bb13f2eb2f61b36'],0.14570049051083062,0.16312190829710388,0.222638682220402,0.5227443633212983,0,likely_human,1.0,0.16312190829710388,0.14570049051083062
UCB6sQMIDwOSv744E_E6on4g,-1,1,1,['c38ab7461c8ea4ed3ad7e8eadc2ca83f'],0.17897555183544245,0.16309274469827717,0.17175445703068096,0.4672261218976604,0,likely_human,1.0,0.16309274469827717,0.17897555183544245
UCZFlFA_f1WCwrYZhpxgM3oQ,-1,1,1,['7872075fdb759cc9f7667065a1a85c6f'],0.36028824833702877,0.16223780487804879,0.0,0.0,0,likely_human,1.0,0.16223780487804879,0.36028824833702877
UCEkJB4ZLOKt2aWFOg9H-FJQ,-1,1,1,['d30677f5949909bb1b9fb83458fab53f'],0.36012564671101255,0.16210365853658537,0.0,0.0,0,likely_human,1.0,0.16210365853658537,0.36012564671101255
UC1wRRuCBKkUDnVCayfrl-Mw,-1,1,1,['fa38e1d4ab577de22764848cc4746558'],0.3600776053215078,0.16206402439024392,0.0,0.0,0,likely_human,1.0,0.16206402439024392,0.3600776053215078
UCZxDJs_sy3giFze4o6NWxXA,-1,1,1,['975b1a1866308c0f4100c2a3373d852f'],0.19481302634740147,0.1620038815343416,0.1567820217740651,0.4151215034075354,0,likely_human,1.0,0.1620038815343416,0.19481302634740147
UCsjL8c7bWzM074u9Z3CihQg,-1,1,1,['e39dbed0f9c94756221d5dafbfb3f5a3'],0.15133003684743682,0.16189940965190275,0.19739983934078695,0.5303406974061997,0,likely_human,1.0,0.16189940965190275,0.15133003684743682
UCeNkK9i43pMN07b55h7zrcw,-1,1,1,['948ce27d2bd158ff182b97d05a941230'],0.1736792600081748,0.1618420113712577,0.18775987593896856,0.4425687472323738,0,likely_human,1.0,0.1618420113712577,0.1736792600081748
UCtuHzmfhd3xx54Bhr9M6pcw,-1,1,1,['c94f1610638c1b5cdc3f6fbbeb07a59c'],0.18317341067013931,0.16156046621900896,0.14350322470477675,0.5078561643198033,0,likely_human,1.0,0.16156046621900896,0.18317341067013931
UCaFJZgu-lkZ4q5aT0d8JH_A,-1,2,1,"['2a2849e4496159adb2957f8d0ec2e7a0', '6b39e75c1b5b8fc08d027b215edf01bd']",0.3577542059530412,0.16108471991125903,0.0,0.0,0,likely_human,1.0,0.16108471991125903,0.3577542059530412
UCzEdaazE4Do0aDz-Y3pWinw,-1,2,1,"['f5ed73342f15d254460f82081fda93de', 'c49572350c06cc182f9056a5e97bd088']",0.35772000369754114,0.16105650305047145,0.0,0.0,0,likely_human,1.0,0.16105650305047145,0.35772000369754114
UCLx4B8bnDGQlUjYjLQ-093w,-1,1,1,['723f6c041a86f7ca5f1eb08a717e578f'],0.240242144474311,0.1609166547063619,0.10235909501831951,0.31826217183373195,0,likely_human,1.0,0.1609166547063619,0.240242144474311
UCM44GZj3nWOqRDzUkVnZTxw,-1,1,1,['9f4af21d9031c8bf6663963ee3342bd1'],0.14501181150220077,0.16071714996115855,0.19121555331442405,0.5566352982526518,0,likely_human,1.0,0.16071714996115855,0.14501181150220077
UCqzaAuvyneg0k4TmYCANYXw,-1,1,1,['59663c4e77604522d0268ee74db70c33'],0.20543710794973472,0.16027963685343374,0.1276233921156415,0.4040692076737586,0,likely_human,1.0,0.16027963685343374,0.20543710794973472
UC9jH3_n3VYb6qSS1zcyp3qQ,-1,1,1,['3b2da2395c5436640af954a221484ece'],0.21574089125820434,0.16026896425806297,0.1436945192715348,0.33734789835589807,0,likely_human,1.0,0.16026896425806297,0.21574089125820434
UCpv5nsVDJjZiZwDcylvecqA,-1,1,1,['7f4ba1d6eb5311b39bcffd7465870859'],0.3554120473022912,0.16008993902439025,0.0,0.0,0,likely_human,1.0,0.16008993902439025,0.3554120473022912
UCVTbD7dDtP5tmOBHA67cbrA,-1,1,1,['171f13246572a69e11ac13e29195140b'],0.17868295474990342,0.15962966620299213,0.14263411606559176,0.5021441182924864,0,likely_human,1.0,0.15962966620299213,0.17868295474990342
UCPcBLaaoEKcVSyI_OstH2ag,-1,1,1,['310266f3e57fb2850c07af7d67f61d81'],0.2141050572769804,0.15934691884465457,0.128284434226401,0.3647555072602226,0,likely_human,1.0,0.15934691884465457,0.2141050572769804
UCQjwpJDuBCr-MRbYwqoX6rA,-1,1,1,['905a5d959f5da97e245340c3ac1fd29f'],0.17846270437677678,0.1590589515501404,0.17731977869819934,0.4211935068268036,0,likely_human,1.0,0.1590589515501404,0.17846270437677678
UCbNH3tNnFJgxTIXHHUGYqmQ,-1,1,1,['425c7a4f2717d636d3b0335788c25a47'],0.2153767274032592,0.1589098466489187,0.11638411301359322,0.3757015177916455,0,likely_human,1.0,0.1589098466489187,0.2153767274032592
UChgnbJaVg2sK4dUy5Zyk0Xw,-1,1,1,['9a1d87704bb456335069826a653be62d'],0.1881213611342457,0.15829087744854722,0.17162284551599336,0.3778015225918134,0,likely_human,1.0,0.15829087744854722,0.1881213611342457
UCdn0s-7xK_t9U185JF1envw,-1,1,1,['ebfba25dbc2d7c07bb46cce42bfdd349'],0.2055046779028768,0.1573572091377787,0.10935774302838057,0.4053857901122569,0,likely_human,1.0,0.1573572091377787,0.2055046779028768
UCmm5HovW4wlKaPhdV9fNQWw,-1,1,1,['b6ce1be6f5ca8046af424e42e7506e28'],0.15570759718124547,0.15697900786693952,0.18615296968373626,0.4890056384966768,0,likely_human,1.0,0.15697900786693952,0.15570759718124547
UCOj6uqdNVO7mTk1HkOkKM1w,-1,1,1,['9f2ce6c53d53478a40da3d85d236eebc'],0.1795842049504508,0.1568804058142732,0.1929255075697021,0.3679430401731056,0,likely_human,1.0,0.1568804058142732,0.1795842049504508
UChCu1BopnMxU9Zzt-vospPg,-1,1,1,['5056d5ebd02eeff9796086b1532a0fce'],0.21279950609129666,0.15598026946416615,0.12362630798674842,0.33546607994239724,0,likely_human,1.0,0.15598026946416615,0.21279950609129666
UCq3iEmG13pUTmCMKoBQvOdg,-1,1,1,['c54f78947cf8314e9bb3b3e2efa8f01f'],0.18961673481565577,0.15435415411232636,0.15132578544597527,0.3717117470587085,0,likely_human,1.0,0.15435415411232636,0.18961673481565577
UCsX16Caq8Ox3n6bX3_PAiRg,-1,1,1,['adb3b5b961896f7554b4e431c29c4b5a'],0.2037665936977757,0.1542280728552951,0.10824863653465744,0.39311546560981464,0,likely_human,1.0,0.1542280728552951,0.2037665936977757
UCJHRfY06qgKLCZCC5CAFvag,-1,1,1,['8f30ec491a66aa0e9216428803a10ccb'],0.1759407730385694,0.1540166314770846,0.13247111140407844,0.4846420707531527,0,likely_human,1.0,0.1540166314770846,0.1759407730385694
UC_ZgXI9apb0U0PIKd4-8hVw,-1,2,1,"['95773593093f51da4f4a28e6d32a7bf8', 'e14d915beec03e8b6a9a025b10d062cb']",0.1438023869806681,0.15373343449503424,0.20038621156938438,0.4907145653718392,0,likely_human,1.0,0.15373343449503424,0.1438023869806681
UCLAa91wDB2gAO833k-p1zLw,-1,1,1,['d31653296ce0817fa92288bc0a3d3ad4'],0.18921356977243825,0.15315888961967572,0.14771698539078815,0.37142604310150856,0,likely_human,1.0,0.15315888961967572,0.18921356977243825
UCuaPy0suLHvjv4a3R9hLwoA,-1,1,1,['de8f472f19ead2bb63a52674a2e7a973'],0.17293720591577733,0.1529626540742221,0.1932153361504737,0.3756823896151186,0,likely_human,1.0,0.1529626540742221,0.17293720591577733
UCiaIi9oU_CS6ihQimVRBOJQ,-1,1,1,['695750dcabdcbbd9886dd2afd9aed94b'],0.1719319781608115,0.15276186612525958,0.17053966326296277,0.40061316071302616,0,likely_human,1.0,0.15276186612525958,0.1719319781608115
UCVYq4L_frNmodog1BVPNMHA,-1,1,1,['2c02e0094a46ddb83d57ff6b80c7c3b1'],0.17118196408363745,0.15231943856753977,0.18044261284656282,0.37332081244957876,0,likely_human,1.0,0.15231943856753977,0.17118196408363745
UCEaXnTLIrQj-RvqUPZ7q6qw,-1,1,1,['4dd8fa3374da5c6c6b8a13245ccafbdc'],0.169557609183993,0.15219660737058768,0.15954227937237503,0.42837056901650233,0,likely_human,1.0,0.15219660737058768,0.169557609183993
UCpDXvflGqt1l-hUSkSKbFtg,-1,1,1,['ea986a3cd60aa75980cada0618c3f85f'],0.16849893630588497,0.15155135871256328,0.15964188015751074,0.4296279162727644,0,likely_human,1.0,0.15155135871256328,0.16849893630588497
UCndN8d2Px1agmjFkGeQ6v7Q,-1,1,1,['26c5f13fcc18427a1ab46709d54f3941'],0.19905343192043123,0.1507072455758388,0.14082858473485507,0.3173824784762337,0,likely_human,1.0,0.1507072455758388,0.19905343192043123
UCrE7M4C5aRquuMRKLNqHXcQ,-1,1,1,['fc9cf1eec75994f2e2fd634ed69f1ede'],0.1486807706727156,0.14965978056941107,0.17669656651955057,0.46748115218020736,0,likely_human,1.0,0.14965978056941107,0.1486807706727156
UCQeD3eIybMhk-xkevJSsR7A,-1,1,1,['22eacf41d34053cc44dfa897f4ccdcbe'],0.3302032520325203,0.14866768292682925,0.0,0.0,0,likely_human,1.0,0.14866768292682925,0.3302032520325203
UC95F-6oWWN_xcF8LYqnkPBA,-1,1,1,['12fc3426c655d8fdd3496f3dd4ac657b'],0.3301866223207687,0.14865396341463416,0.0,0.0,0,likely_human,1.0,0.14865396341463416,0.3301866223207687
UC19vDD0xuulm-XddkcozXbw,-1,1,1,['ba9a0a378349e9666599e0c0662838db'],0.15976510363509971,0.14827737405368607,0.18240351009019312,0.3788469787982506,0,likely_human,1.0,0.14827737405368607,0.15976510363509971
UCA1RO1biNjetD1cBKUg-8Ww,-1,1,1,['1cfe06e508e712774ff5749cb3de78be'],0.1280897382493051,0.14785531272641222,0.22092718490561117,0.4638434336345483,0,likely_human,1.0,0.14785531272641222,0.1280897382493051
UClT9IjLsB-KtLLS7j-YCMpg,-1,1,1,['00873bc49f0e0c43fe2589b440df9599'],0.17396137609281853,0.14750255985958743,0.10531008398459873,0.47042357627662396,0,likely_human,1.0,0.14750255985958743,0.17396137609281853
UCPWL7ZC5t0CYrlr7ztyiNgQ,-1,1,1,['1754441e2d51a601ad2bc5af9e5b1dc0'],0.20142183457829335,0.14639371778416482,0.13604536321451477,0.29011233403200476,0,likely_human,1.0,0.14639371778416482,0.20142183457829335
UC4pEzRCyp6glqBcjMq7UNYQ,-1,1,1,['dd041f1ca185c7d9f2e9df5d1e1e5247'],0.32512195121951215,0.14635060975609754,0.0,0.0,0,likely_human,1.0,0.14635060975609754,0.32512195121951215
UCnxMCwOrzkFuBk_Ed4IU8KQ,-1,1,1,['581426e12b9170eb0f7161880c7bb888'],0.1476574418016876,0.14581870780166478,0.1638933640685449,0.46557471065816497,0,likely_human,1.0,0.14581870780166478,0.1476574418016876
UCXe7nQxCypYj5Fr_k9yM2dw,-1,1,1,['4c27528721afb8c7b4e384d54cc64c81'],0.15038913867985673,0.14463845157032912,0.19357116557205883,0.3845346091201214,0,likely_human,1.0,0.14463845157032912,0.15038913867985673
UCY8JdFZYYj-6e7rnEiKU7mA,-1,1,1,['2aec88a949a689912037c83a6ec89fd3'],0.15478493315054342,0.14392951536024268,0.1559270008166569,0.41146941685796984,0,likely_human,1.0,0.14392951536024268,0.15478493315054342
UCmlHCW6-MBQnYG67LxDkYrQ,-1,1,1,['ac29fce575465ab5de3cc1fe3edab2aa'],0.15618587599830086,0.1431930421789661,0.15545622488904715,0.4026042333288193,0,likely_human,1.0,0.1431930421789661,0.15618587599830086
UCm-gYQbSJz63iokYK5Xgghg,-1,1,1,['e1b0c21934b356608654a56d560f34e1'],0.1849154466006504,0.14268273924306843,0.11598963523927373,0.3488934286508769,0,likely_human,1.0,0.14268273924306843,0.1849154466006504
UCYbtRxS1X5l11NeonOBN48g,-1,1,1,['6dd296f380e89aae0677fca7c5540101'],0.1513504319709802,0.142631810487926,0.15393020228654225,0.4275084841515051,0,likely_human,1.0,0.142631810487926,0.1513504319709802
UCeO1aO-HV1DgjqLCu1bi3UQ,-1,1,1,['388f5ad80ab5252737118fb3022484eb'],0.1520146988903146,0.1423928788171104,0.17104959169097989,0.3913393883295173,0,likely_human,1.0,0.1423928788171104,0.1520146988903146
UCENN53LhU2fXCa4feb2VGAw,-1,1,1,['885ff9763be5272b314ff5795360e599'],0.1625359441124412,0.1422819957053758,0.1512431657918272,0.37541636401863604,0,likely_human,1.0,0.1422819957053758,0.1625359441124412
UC_qrNNh5_-yFULcm1rkyIng,-1,1,1,['cb49753df448f8f2cb4175317191b49a'],0.16725798231420166,0.14157965979237003,0.13921401537416972,0.389938004489338,0,likely_human,1.0,0.14157965979237003,0.16725798231420166
UC3AcR_OWSILz6SWh2rilkeA,-1,1,1,['8ee9aaf6d4d03b298eb1cb4ceb0521d2'],0.15436289559913238,0.14124562482983136,0.16487430463924552,0.378438402857185,0,likely_human,1.0,0.14124562482983136,0.15436289559913238
UCPFGlf3tc0YhkD8J1M9FW2Q,-1,1,1,['eaab476e3484f1c297119928d4de5cc3'],0.18156720243671182,0.14111533188156763,0.11063026603131405,0.35454703679131194,0,likely_human,1.0,0.14111533188156763,0.18156720243671182
UCeqQDpjHV5QArLtAZTbW4Lg,-1,1,1,['e9da30759b5fd3240e06c2574e09e90b'],0.18086734533662494,0.13855377297259464,0.10861669233009039,0.34296087464175656,0,likely_human,1.0,0.13855377297259464,0.18086734533662494
UCFntHfRMoS6ac7H7Lgwkdzg,-1,1,1,['0ef8acc0c8db95da73f3b49d59b07812'],0.16429864105783124,0.13825704531638944,0.13932275888511328,0.37014968495982414,0,likely_human,1.0,0.13825704531638944,0.16429864105783124
UCLWpMd0012w59HGaMo4R9Kw,-1,1,1,['645b710fd4425b20a729cc0a87880178'],0.15233749040985883,0.13813447355457983,0.14086632897635043,0.40149312550139193,0,likely_human,1.0,0.13813447355457983,0.15233749040985883
UC4PZo94M23QNoaIzr2lv2cg,-1,1,1,['0c68e946db6e6d5cfa2c0e25e49491b2'],0.30514597191426457,0.13737042682926828,0.0,0.0,0,likely_human,1.0,0.13737042682926828,0.30514597191426457
UC2XzGwj6NjXM6Nz14ipdI2A,-1,1,1,['002cc917db9870dc598d18d7de266786'],0.1445659148979101,0.13718300250516474,0.16124332606369784,0.393672413484145,0,likely_human,1.0,0.13718300250516474,0.1445659148979101
UCMVi9yHYd-NBY9GaOZ-Hh2g,-1,1,1,['6f6361a8c7494b80baec1d87ec407367'],0.17959222639197484,0.13633491184766572,0.12641949497641672,0.295793540427493,0,likely_human,1.0,0.13633491184766572,0.17959222639197484
UCdqHJiIU-SYvuSEUyhF8Gaw,-1,1,1,['a96d947f207abb223c1e5199f1f8ec87'],0.1581628630721131,0.13546883721956815,0.10640242864141872,0.4140435723909937,0,likely_human,1.0,0.13546883721956815,0.1581628630721131
UC271Nxl8TFblL6IIcAP7XXQ,-1,1,1,['b0f8556c437993653b240f6a8e20d627'],0.16791587052586893,0.1341898727884315,0.11673740076647147,0.343435184108743,0,likely_human,1.0,0.1341898727884315,0.16791587052586893
UCEhYJ1GsYFZCKVKIHFgsc1w,-1,1,1,['ada310853c7f552105e8278bf1ecbbbc'],0.13728245789987417,0.13377049358101217,0.16791570722063745,0.3860709932569205,0,likely_human,1.0,0.13377049358101217,0.13728245789987417
UCtLBuaf5fcxJgOd2Iq1L6TQ,-1,1,1,['c887b0453f58d0d930ff86c6b02987ec'],0.15483687214675987,0.13211205714779345,0.13075662802198826,0.34389806402704404,0,likely_human,1.0,0.13211205714779345,0.15483687214675987
UCGeR_g2ttAYFRna6sLEBytA,-1,1,1,['79eb6af728a21cd400a498263ea45345'],0.14178851843642715,0.13177333908617284,0.15115896424867672,0.36172369247599034,0,likely_human,1.0,0.13177333908617284,0.14178851843642715
UCjwM6eRed9Go5wegatK0ihA,-1,1,1,['a99057e63c81b1ca4b40da6922bfb1d7'],0.14405528694454062,0.1317372357692352,0.11667029334578642,0.42068225498560957,0,likely_human,1.0,0.1317372357692352,0.14405528694454062
UC97KsqfIIgwQ9oaoRaothzA,-1,1,1,['274875d00e22215fb9ac5810e3379156'],0.1386061320535111,0.130997673537034,0.15545735430982544,0.36603418393689274,0,likely_human,1.0,0.130997673537034,0.1386061320535111
UCve2zEdn9Ddzdvm8fSG-Bag,-1,1,1,['9627e94394b9c0cb7bcc2cb1b1e8cccb'],0.14753116196191557,0.1307540853561352,0.13683745088246324,0.3537020618701979,0,likely_human,1.0,0.1307540853561352,0.14753116196191557
UCnQGgxMaEw22daEGCwosxsw,-1,1,1,['1c593283ae7e24ae20dbb2d0edace793'],0.1332018882138565,0.12979550230197412,0.16199290636597663,0.36754716653534536,0,likely_human,1.0,0.12979550230197412,0.1332018882138565
UCIWwNtXosni5MUf7JtryD2A,-1,1,1,['8cfb05907efa01207590af3eb32b0185'],0.14086257334636243,0.12846394128627972,0.13875691453807817,0.3646869082977583,0,likely_human,1.0,0.12846394128627972,0.14086257334636243
UCkeg3zf886a5Cw24mn5Qx5g,-1,1,1,['db5bebe8e4f1d92f61620013e8d86aa3'],0.14352490294457437,0.12808205573586062,0.1503798587585173,0.3233852510031505,0,likely_human,1.0,0.12808205573586062,0.14352490294457437
UCgnI8ws2fm6n6MMCVwft40Q,-1,1,1,['bde7962ec8305f1c630e6b11967b8618'],0.13217314057282153,0.12680597584944853,0.1407640848884322,0.38756952127143185,0,likely_human,1.0,0.12680597584944853,0.13217314057282153
UCK1T7PMRUoryJ5-vtBQUGNQ,-1,1,1,['c7d4306986e42751936f65b24d8754b6'],0.13705647789604936,0.12257063165671324,0.13212031957310957,0.33605669331305565,0,likely_human,1.0,0.12257063165671324,0.13705647789604936
UCH7OUWq0lHG9YVHCjbolDzg,-1,1,1,['409ce8e99e275de31c7a961aaa0322ce'],0.14556616135611616,0.12076056966063645,0.12139656989669241,0.3052641236897588,0,likely_human,1.0,0.12076056966063645,0.14556616135611616
UCK65GVB0kc5TH7ykDTRSHPQ,-1,1,1,['50519c902b2043c996021c725f55ae90'],0.15840881839701568,0.11423308945346303,0.06965827715449795,0.2823821474879688,0,likely_human,1.0,0.11423308945346303,0.15840881839701568
