comment_id,video_id,text,author_id,author,published_at,bot_probability
99240f3df572561a42211f9488e392a2,dQWfdEyorm8,Bot,UCRhqsKtRw5E-mZEQeQxh1Dg,@cathyosbourne6986,2025-12-07T20:43:57Z,0.5795589997141058
77ef9fb7def3daced32b27955dada640,RwW4UYoX19s,Bot,UC2cl91cbKomx_Uq8iXKG7PQ,@georgiaconservative3253,2025-12-08T01:40:54Z,0.5733152807083102
66fdb8c44b822600b11a06e19ca42055,RwW4UYoX19s,Clickbait,UCOKCLPDExZWCM8daXh_4SZA,@carladamcarter,2025-12-08T02:08:15Z,0.5647265901410841
6e530631ff0a0dac79c0ea10baf79af1,t15c3-pYSYo,true,UCO2V1AWXi-yVwKzgqV2nH4Q,@fidelcatsro6948,2025-12-08T00:01:40Z,0.5638438562613293
3032ca38d8d439ca4bfde7076a7e32e9,RwW4UYoX19s,🤡,UCNfN8yv7gGSgHsGjUbEylQA,@awadnofal,2025-12-08T01:05:38Z,0.5601022039496399
4956db5fc2733d94f65be73eb690e280,RwW4UYoX19s,old news,UCWKPnFneanj_B7shGGgwZCQ,@Jaxon1776,2025-12-08T01:05:38Z,0.5571204014281573
61b419ad8a5f4c4d6ed2870664c5da06,t15c3-pYSYo,True that!!!,UCIQBv2RttoqyMt-WvYIcthg,@anabriseno4516,2025-12-07T23:34:34Z,0.545835449733099
a9f544e0816fd2e50bf6c7a44b61f6b0,6EtReGSuvdY,Trump is in office cause the voters were tricked by Trump lies during the elections.,UC8T48awbkaLWNlepJ0ib3rA,@GeorGina-U,2025-12-08T02:56:56Z,0.5378702884067539
5fffac1a598429c775aa7ea796fcff87,RwW4UYoX19s,This is a reupload,UC_5n637j5McBzZx-elorBYw,@KIDKAT888,2025-12-08T00:52:25Z,0.5209180046398029
121a2b2c5e12dcce0507e0cd9e47675c,rChcwSozre8,I look forward to a new America where conservative thought is BANNED,UCytLsgUhn4p3T-s4W_cXlVQ,@NATALIA-s9,2025-12-08T02:32:42Z,0.5205493701791839
07b8fba611dd2f9bd26b01fdbe4f38b7,t15c3-pYSYo,Horrific 😈,UCdc_1jpwlLLJE-52Uksi16w,@donnagiamo1158,2025-12-08T01:22:09Z,0.5185070825733423
ca56adfcd936dc6959012c292ebb4126,t15c3-pYSYo,❤,UCagIZOfDsOMnpUlPDWMJwuA,@freepalestine-freetheworld,2025-12-08T00:20:40Z,0.5180152531196965
994c1d560cb5d8ae92a9a65524a1a8d5,t15c3-pYSYo,"# Oh BTW # WORLD.?. Now the ISR Regime Bibi, TRUMP, KUSHNER and WITCOF Are Talking about GOING To OPEN The Gaza Crossing but ^ ONLY ^ (# ONE WAY yes Only for THE PALESTINIANS TO GO OUT) ^ And/or Bibi State's the Palestinians can CHOOSE Their Own FAITH.???? ...But the EGYPTIANS are NOT Yet INFORMED And/or are even in AGREEMENT to have Thousands of Palestinian REFUGEES FLEE to the SINAI Desert???  
Why, why do IDF Bomb the UNARMED Palestinian Civilian's Tents? And More and more Innocent Lives Lost, more Impunity from the Cowardly ISL governments and the IDF are Unforgivable, During the... (TRUMP/ISRAELI CEASE FIRE...WHAT CEASE FIRE...REALY???.) These people are totally Inhuman in the ISRL Regime and the IDF are sick Satanic Demons Who, WILL NOT STOP their Cold-Blooded Killings of Unarmed Palestinian Children & Civilians, they have NO other purpose in life, they are just Mentally Too Far Gone, there is No Humanity Left in them, Despicable!!!",UCNnutMbASwOmPdPIQaDakDw,@Rose-k6o5v,2025-12-07T23:35:12Z,0.516763165086174
f787e34aa952cfeba9f6c2c71dce289c,t15c3-pYSYo,F 🇮🇱 and them Zionists so evil!!!! They’re the real terrorists,UCv-nyH9Rk1qFFlewyDo0w3w,@bobbysochocki4521,2025-12-08T02:00:11Z,0.5144241538890628
84a9c3c8e17c16f427e60ad2655c46d1,dQWfdEyorm8,Re upload,UCc6OGvvNjXV6JYjEnYGQuYQ,@judastheman,2025-12-07T20:05:51Z,0.5124844826026026
14ad7181aac2450645636a1b5f99136a,rChcwSozre8,Explain how?,UCxm1uq58gOhHKy_4Onhj9ww,@rickgrims-qy3jq,2025-12-08T02:23:36Z,0.512266965761059
1edf2c062b9cd53a228f0769f52158e4,RwW4UYoX19s,"THE ARMENIAN GENOCIDE BY THE TURKS: was the systematic destruction of the Armenian people and identity in the Ottoman Empire during World War I. Spearheaded by the ruling Committee of Union and Progress (CUP), it was implemented primarily through the mass murder of around 1,500,000 (1.5 Million) Armenians during death marches to the Syrian Desert and the forced Islamization of others, primarily women and children. Before World War I, Armenians occupied a somewhat protected, but subordinate, place in Ottoman society.",UC1A99LkMRpVEIBC06zFEx4w,@GerardDupont-g6o,2025-12-08T00:54:29Z,0.5111065484185549
4164c6e3a0d330452799203aafec1e78,RwW4UYoX19s,Bye bye,UCl8rraLDCGraLxFrdhCFCKQ,@derry3344ii,2025-12-07T22:41:48Z,0.5106762670311219
967cee81f2ff3f13a1660869c40144ae,RwW4UYoX19s,"Have you have a clown show, comedian?  I would enjoy seeing you perform. 🎉🎉🎉",UCJVc95IKw5OX5pNYDkw8oSw,@berealandread3107,2025-12-07T22:59:49Z,0.5101471674013767
e2d36b47c8dfd89db62098d7148f253e,t15c3-pYSYo,I agree 👍,UCQiQ59Azd6oSCvMmogMLNLg,@markmaterio7130,2025-12-08T00:51:18Z,0.5099302210135893
fb96ef86dc0da5d8b37d1c0995e7125f,RwW4UYoX19s,"No mercy for Zionists, who continue the genocide.  Never forget US complicity",UCTl3mPvG9wS4o-3G-zTk1UA,@sul5707,2025-12-07T22:46:08Z,0.5096786481931354
22e2913aa201a4f70c59391b7af6df62,dQWfdEyorm8,Clickbait title,UCTBr5QBjE6xr4qRkwqzPn2g,@marcellasimone,2025-12-07T21:21:02Z,0.5069577525556667
944c6acd0deb4671efbe22c0bae372ba,dQWfdEyorm8,Quiet piggie.,UCtDaFPpfXGawAitBQjncc9w,@cesargamiz9999,2025-12-07T22:19:33Z,0.5067154421039926
bd44c2b206829b9b872a85d260f0d120,RwW4UYoX19s,"Cenk is Agnostic, not Muslim. He has said so himself many times.",UCV3iUTGiorPOYJUNnxmjDWQ,@Woollzable,2025-12-07T22:44:08Z,0.5054327481925442
0e4c6240cf76a5b173005fc79a2b3307,e478dy0CKYE,CNN is a joke 😂,UCuM6kpppW-mtPXDufwkUcCg,@Kloutkulture,2025-12-08T00:49:33Z,0.5052754840011102
476afcbc6b590d512cef7ec29888cc3d,dQWfdEyorm8,❤❤❤❤❤,UCmt_sqwDeoEuhd1Wm-6YuIQ,@CuteMafia-FlipProduction,2025-12-07T20:31:45Z,0.5036869837695056
8c8ad18a1eb1c33865d76936216bef73,dQWfdEyorm8,"I dream of Ana
s lovely enchilada",UCeoY3tpYSRKcxAAWBRbjm3A,@sterlingfury,2025-12-07T22:03:04Z,0.5033803642042943
ba6197b14d8cb0edc709532a4483ea71,RwW4UYoX19s,Yeah that's all from the IDF bro just to steal more land pig excrement Israel is an abomination and Americans are over paying for this evil,UCalfTDuHtgXEyWKCs97VuFA,@Shadyjdsmamaw,2025-12-07T22:30:34Z,0.5031169531941021
5480a99032da9c9108616652abf6dac8,RwW4UYoX19s,Zionists are the evil people on the planet.,UCLGmQQ5fsMQycwS4x3dTu0w,@RH-vr7cs,2025-12-08T02:16:29Z,0.5027442520364087
1133dd93ee009e7bbf0550372a12a25c,t15c3-pYSYo,"**Israeli IOF Terrorists shot Hind Ragab with 355 bullets,a barrage of 90 bullets per second* .
**>We now know their names:
>Benny Aharon, Daniel Ella,
>Sean Glass ( gave the orders), and Itai Shukerkov. 
**>There are another 24 soldiers involved!
*So sad to hear all that😢* 
""When exposing a crime is treated as committing a crime, you are being ruled by criminals.""
- Edward Snowden
**>>A live genocide and ethnic cleansing, shame on the world for their silence
*Its the Nukba again 78 years later* . 
**>They are finishing the job and no one has changed!😢
*In front of the entire world* .
*Netnayahu_War_Criminal.
*Israel_Enemy_Of_Humanity.",UCz2O2oQ81NbGahInpXfMIIQ,@h.h.3102,2025-12-08T00:34:14Z,0.5026791035820982
440ece3739ef645c796c94a0184308c8,RwW4UYoX19s,ISREAL IS EVIL PERSONIFIED,UCeNidNNCeVjjybHOVvax7nQ,@dumashange7558,2025-12-07T23:58:41Z,0.5009612634674376
c3c28d1c7c845fe05d382acb6309d57f,dQWfdEyorm8,And nothing will happen,UC8rUviggPbEZjsf5K39c-QQ,@johndymond4596,2025-12-07T20:36:08Z,0.4989207544429989
6f934f5d69d8097c24504653079f566d,dQWfdEyorm8,"I❤ Ana K 
especially in black
The whole enchilada. 
Ay caramba",UCYo-zPUcnTUb9ONa-ZNhBeA,@johnbreckbuhl4849,2025-12-07T20:09:11Z,0.4988198748868543
901eb48458bcacb97b88176f9ad63dae,RwW4UYoX19s,Stop Israeli atrocities,UCsznyWs6YqrS2q1ikQoHNRQ,@WnULieUMurdrSmPartOfTheWrld,2025-12-08T01:22:45Z,0.4983729710150512
f62f2518948698fb261b12015a05a878,dQWfdEyorm8,Agree,UC4bigR6O4oik0hbBnSur-Iw,@leaper7991,2025-12-07T20:58:04Z,0.49818209504950056
33b003f90203af4a6aa4a292fd326746,t15c3-pYSYo,"Thanks for reposting, reminding us that we KNOW what Israeli terrorists are doing to Palestinians. 
I'm doing all I can to Stop the Atrocities. I pray everyone call their elected representatives daily. Tell them to STOP FUNDING GENOCIDE. STOP THE ETHNIC CLEANSING!!",UCdwtsC7Cwzo9v6j90KcXP3A,@Grannathinks,2025-12-08T00:02:30Z,0.4980949112918034
af2cf817ecb4fd5893724601c08bf48d,e478dy0CKYE,"Currently ,   Bible prophecy is being fulfilled . The Bible is a book of prophecy. Approximately 
30% of the Bible is about prophecy.
The earth is going to go through a time of tribulation.
The Great Tribulation  will be a time of distress that human kind has never experience before.
Earth will soon enter into this  time  of tribulation, and 
Bible prophecy wil be fulfilled.
True christians  (saved from sin by Jesus  )　will be raptured,
(lifted to heavenby Jesus)
but merely nominal  christians  
(those who are christians in name only ) will  remain 
on the earth. 
The second prophecy tells that 
Israel will be attacked like 
never before .
as  far  as  what happens first,
the order of prophecies 1,2,&3 might change.
1. All Christians in the world will disappear at once.
You might get an image of that if 
you watched the  movie
""LeftBehind "" but 
I think the Rapture will be incomparable  to the movie.
The movie cannot be compared 
with reality when the Rapture occurs.
2. Damascus ,the capital of Syria,will be destroyed.
3. The countries of Russia,Iran, and Turkey will attack Israel.
God will miraculously give 
Israel the victory in this battle.
The rise of the anti- Christ will occur  when he is 
welcomed as the new world leader.
He will confirm a peace treaty with Israel for seven years.
This will begin the Great 
Tribulation, which will last for 
seven years.
The anti-Christ will lie to the 
world about why Christians
disappear. For example,
the anti-Christ might lie and say 
that extraterrestrials snatched 
people who don't believe
in aliens from outer space.
During the Great Tribulation there will be famines, desease,
epidemics and pandemics 
and many kind of natural disasters. During this era of time 
in human history, hardships 
will happen like never before
experienced by human beings.
The anti-Christ will cause 
the Jews to rebuild the temple
in Jerusalem.
This has been difficult to achieve.
The anti-Christ will also cause 
the Jews to restore the 
ritual sacrifices in the temple.
The false  prophet (maybe a 
Roman catholic pope )
will create and lead a one 
world religion. After  three  and 
a half years,the  anti-christ   declare he is god, and 
make people worship him.
The anti-Christ will also break 
the peace treaty with Israel
after three and a half years.
The anti-Christ will coerce all 
people to take a mark of 666 in 
their right hand or forehead.
This mark might be a bar code 
or microchip .
The Bible says that those 
people who refuse to take  the 
mark will not be able to 
buy  or sell, and will be beheaded.
The people left behind who are 
repentant  Christians  will 
reject  the anti-Christ and his 
mark, so will be killed.
The people who followed the 
anti-Christ and took the 
mark of the beast will cast into 
the everlasting fire because
of God's forewarned judgment.
Those people who didn't 
follow the anti-Christ and who 
refused to take the mark of 
the beast, will go to be 
with God in heaven at last.
The Bible says that we should
never take that mark.
Jesus Christ's second coming 
will be at the Mount of Olives 
at the end of the seven 
years  of the Great Tribulation .
Then Christ will begin  1000 years of His earthly 
Kingdom.
Bible prophecy has been fulfilled 
in the past, but there is also 
still more that the Bible says  about  prophecy that will 
be  fulfilled  in the future.
Now, currently, today  is  the 
time to accept God's saying 
grace, before the beginning
of the Great Tribulation.
Those  people who believe that
Jesus Christ died on the cross 
for their sins, they will go to 
heaven  to be with Him .
Believing this is the priority 
above everything else.
I hope that many people will 
choose this before it's too late.",UC7cz6zV7mS5rGMRxUas6C0Q,@りこ-k6n,2025-12-08T01:39:14Z,0.49736099791258453
70692a46668d62461c3ba1aedc7f6e68,oylbyE5Zt0Q,Release the Epstein files,UC_2UYrJRM73YNU-B4qemTrQ,@billmcgee2066,2025-12-08T01:44:16Z,0.49704875653525354
4e5c6180b00920c520459eb15018dba3,RwW4UYoX19s,👍👍,UCJcUaxIGBkW2to6dpNPBIZg,@halukkilic3171,2025-12-07T23:29:35Z,0.49633885982941744
db0d8bea56432f47d1166a774af626b2,t15c3-pYSYo,You called CNN an outlet.  CNN is an outhouse.,UCpGPIeZY4JONcbinnyU7Jrg,@atomicvagrant7686,2025-12-08T00:25:41Z,0.49410556148315643
e9a4d542c255cf9ee248ea4096ce3592,RwW4UYoX19s,Old news. You guys suck.,UC8nphqigAxuDLb42DkLqimg,@IsItRational,2025-12-08T00:54:23Z,0.4937601779106182
42a0c19d86c10c91b1595dbf67eb6b13,t15c3-pYSYo,"ZIONISM MUST banned all around the world like NAZISM!

It is an EVIL ideology",UCsyZq--jxmRtphIflk8eQ2g,@plutopluto6699,2025-12-08T01:20:20Z,0.49372841977344434
80768ecd51a6745111b63c54811a29f6,RwW4UYoX19s,the fuck they'll let journalists in.,UCe1B2Fv7ZO0fUN40l2hrriA,@iritshimrat1717,2025-12-08T01:49:25Z,0.4932809269896768
037d4468cffcdaff674bef4daf0d8ad2,t15c3-pYSYo,"it is naive to say the IDF!! All the murder and destruction since January 2025 pause was at the order of Trump, to accomplish the plan by the devil, the Kushner Blair to build the Trump Riviera!!😢😢😢
Eff USrael!!",UC9gF6b3uKzx1anogd0zzLrw,@darv011,2025-12-08T01:29:16Z,0.49316177638975184
7630addb200d4859f81512833af0fbf0,RwW4UYoX19s,"Americans criticism of the Gaza genocide has never waned. Just more bullshit propaganda. If Izrahell wants the world's respect,  it will have to stop slaughtering innocents while lying about it.",UCk-2KJafUzTTZwXl5b1NxWQ,@johnvalek9817,2025-12-07T22:52:30Z,0.4930223282969044
5bf742d21b1d56c81cb48c4dd64dc93b,6EtReGSuvdY,"Thank God for President Donald Trump, as the cracked shall let in light, exposing racists as insane sadists.",UC25m-hK3Y2apJHXX1U4qh5Q,@innerlocus,2025-12-08T03:11:19Z,0.49283368474502853
4ff2419e9741ebeedbbe247813a9319f,RwW4UYoX19s,IDF = TERRORIST,UCTW-g77a_Be4kWrCQ1r2pfw,@ChrisSearle-z1q,2025-12-07T22:41:54Z,0.49277297313325263
a23926869caaf0a820d2e655c76d8151,dQWfdEyorm8,This is old news,UCHLo2hdHmPdkGabpvM3-IPw,@DieselDiva71,2025-12-07T20:05:52Z,0.49262363899795036
1340ce5e3deaf348afdcce6b2247df11,dQWfdEyorm8,Important! The US has been misguided by some Zionists for their own benefits and for funding a genocide,UCJNcvGA3D9qxYkaJIF5jE7w,@Fatih.Mehmed16,2025-12-07T20:28:09Z,0.4914659380734597
abc2ee3546a9a7957fc5a9f081f5bc8b,t15c3-pYSYo,"So brutal, Israel is such a murderous treasonous people!!!stop the fighting!",UCIQBv2RttoqyMt-WvYIcthg,@anabriseno4516,2025-12-07T23:32:19Z,0.48917182436151296
9bc2aee7af761918144f8d70e4ba7fa6,e478dy0CKYE,That's disturbing to learn,UCwYt9itmJ9Tm4jPwZDk8Bag,@jimmychoons5543,2025-12-08T00:51:01Z,0.48916883490738383
248c7575aa4deeea00817f8fb4a56a1b,RwW4UYoX19s,"Plus, they started Climate Change!😂😂😂😂",UCmF5u_Pk4xaHumwEPjYunzg,@hunternedib1119,2025-12-08T02:04:43Z,0.48907335227121346
c3c851229c9313e652be8affbfb0c0e8,dQWfdEyorm8,DEMOCRATS have already been THOROUGHLY Embarrassed BECAUSE it is Quite CLEAR that Jeffrey Epstein had them on SPEED DIAL and had Trump Derangement Syndrome....Blaque Congresswoman Stacey Plasket was ACTUALLY in REAL LIVE Sexy-Time Texting with Epstein during Congressional Hearings...,UC4uarTBoodIpuJxTYkCbfbA,@sunshinesun101,2025-12-07T20:16:51Z,0.4887462832951315
01263f78ee29fcb3d6389678506f76a2,RwW4UYoX19s,​@nightslasher96everyone under 60 is disgusted by Israel and want nothing to do with them and we are going to vote that way😂😂😂😂 Israel i is gonna be all alone soon,UCalfTDuHtgXEyWKCs97VuFA,@Shadyjdsmamaw,2025-12-07T22:47:53Z,0.4886832493477399
e6a85c95424efedaa12469f1096e2d72,RwW4UYoX19s,She has condemned several times. Do you condemn Israels genocide ? Or does you handlar not allow u ?,UCGIX8tk8WLELoRWBRP49zyQ,@a.m928,2025-12-08T01:04:45Z,0.48804261131864607
6b2fcfdc2e3fb77f3f26d27e950bf4e0,RwW4UYoX19s,"@SydG01 THIS IS EXACTLY WHY PALESTINE gets WHAT DAFUQ it DESERVES. For NOT ONLY did they RECORD such. They also SHARED their “GLORIOUS” Acts on Telegram as I watched them

MAY ISRAEL WIPE THESE MFers OFF the FACE of the EARTH",UCcTV1z6lHBfpL3c88oHeFKg,@metalgear-,2025-12-07T23:11:33Z,0.48796606565284417
00993927b1bbecf06e52d1df1c773fa3,RwW4UYoX19s,The chosen psychopaths and criminals of ISRAHELL,UCNfN8yv7gGSgHsGjUbEylQA,@awadnofal,2025-12-08T01:04:44Z,0.48687246356366476
720770e4d50d2ec7f4527da2579418fe,RwW4UYoX19s,"Is this actually happening? I just clicked on a video of Cenk & Anna covering the vote to release the Epstein files. It was an old episode, but was presented as if it were new. That's happened before, and I no longer trust this channel.",UCRZrn9Gz0KvIY8k44g1fv-Q,@meghanmacqueen5157,2025-12-07T22:07:10Z,0.48670392582486227
140a2a7ac1d9935a2c9cd320adc04ae6,t15c3-pYSYo,@sheldonscott4037 Yes.,UCdXQH08wjFiG0w8Yy8UdEIA,@johnymiller-c9f,2025-12-08T00:38:55Z,0.48560741307794636
5542be5b6ce80f6653f793053f603eaa,dQWfdEyorm8,Old News,UCJUYejqtHPZBkU6gUQRfcyw,@philipvanderwaal6817,2025-12-07T20:15:39Z,0.4855924818326496
4c5f592fb53448782fc567b2d6849995,t15c3-pYSYo,"The IDF is as bad if not worse than the Nazis! And we, the United States taxpayers are paying for it.",UCE1a0_PghQfsCOzfOVeP-WQ,@miltonsmith3114,2025-12-08T00:01:35Z,0.4853486870443865
56013e56478df0e30e32f6a6de934984,RwW4UYoX19s,Thank you TYT you are a part of the freedom,UCSZ-CeP52d0IApK50bqro1w,@bablumiah2062,2025-12-07T22:56:33Z,0.48518657414276245
841f89e11a81c99481b9b939603bb8cd,RwW4UYoX19s,Why is this a re-post?,UCyaqdwQXPA3lbX6L8n6v13A,@sixdegrees6434,2025-12-08T01:17:52Z,0.4849715529733168
5c793509603067c6913534768f04d740,e478dy0CKYE,Another Bangladesh profile,UC5_P8Lcig0WIoLL6Gw_8P-g,@badluck5647,2025-12-08T00:38:25Z,0.4849452781483702
c812a18837c7f05a9b147d0850426375,t15c3-pYSYo,The IDF is a terrorist organization.,UCBt5vL_UxCJm-hlbbqYPE1w,@HappyBanjo-oc3pc,2025-12-07T23:20:40Z,0.4846473301768681
fe8317ba38bdece25651bcaf20eebdf3,RwW4UYoX19s,Isreali genociders look what you did? Unarmed women and children? We all see you. The SS didn't get away with genocide.  Thank you Ana 💙,UCyRvOQCkdyUv3R-9r1RCiSw,@jacobmccabe5216,2025-12-08T01:09:04Z,0.48423975122363294
69d67b1b3dd6241d4d0aa8b345e40c74,dQWfdEyorm8,Enchilanna...,UCWppF-NLfMa4je6zXqUOdnQ,@lorddovesnake,2025-12-07T20:59:12Z,0.48409657925098143
cb7c18d1fd6bd5112ffc40c267f10a76,RwW4UYoX19s,"Why don't you and other zionists and Izrahellis show other ways?? You evil, inhuman, genocidal sick people",UC_CwtCLB8L6T_Bz1I8biNnw,@moriumakhter2424,2025-12-08T01:13:57Z,0.48399622255913033
a77c09af1fbb9351f3c58fb10c432661,dQWfdEyorm8,About Damn time! The Epstein Files are finally released.,UCpQ5Q1Yi9ODfutkMXvnLGsg,@AnthonyPinkerton-d7p,2025-12-07T20:01:47Z,0.48388715375481206
f5379d98a324acc174c3d8efe22ce5ce,5tvOpAe46IY,In one bizarre Trump presidential campaign moment he stood at a table of groceries - EEK! - laying into 'Sleep Joe's' Affordability Crisis being suffered by America he was going to fix Day One! of his return to the WH... why isn't his playing 24/7?,UCuk0JR-shnDfkljwd3eVoYw,@deniswhitburn2626,2025-12-07T22:19:49Z,0.48383151042665984
76162ececf6887f9045d199980d51143,t15c3-pYSYo,"@AnActorExplains. We can't call for total destruction that will include the innocent. We will Zionists if we did.
Don't confuse evil behavior with all of creation. This life it a test which ends with our deaths.",UCQQq3XCICDKs_JO5DEyz5nw,@deanm1436,2025-12-08T01:02:49Z,0.48382247192072797
44623da89950d1503d55ab0f98e1aa80,dQWfdEyorm8,🙏🙏🙏🙏❤FRANCE🇫🇷,UC-SvdXahzFZUrZ9dFB1N8Wg,@NajıbnidamEloudghırı,2025-12-07T21:20:31Z,0.4835241383885341
0423c0013e9ca141cf84f5d52ad6bc38,dQWfdEyorm8,Unsubscribing,UCdvDOQxVxeIK9pI9Tj91D4Q,@johnayers2483,2025-12-07T22:17:58Z,0.48265713208127947
ceb34e5c072627cccf8516aee5c342bb,s2EXTCAFPKA,"These narcissistic personalities seek one thing: they seek our approval. Knowing they will not achieve that, only supports their actions and goals. Henceforth, the insanity. 🔥",UChXI3LLvoC7E2-HiZgULFCg,@gavin8tor,2025-12-07T23:30:41Z,0.48255421109595115
a7079d8d1362441ea4ab4bfc4dfc0cba,RwW4UYoX19s,"Israel is like the USA in that the govt is corrupt, and the leaders lie like dogs. The order of the day is like the order yesterday, GREED. The current govt in Israel will pay a heavy price as will the govt of the USA.  Why?   GOD is not mocked, what ever a man sowes, that shall he also reap.  Your day is coming..",UCtXeyKIN4s-mM6Nmh4NZtbg,@mondawobbie7147,2025-12-08T00:24:13Z,0.4822472091970065
98ec90b4474d46e7e32ca104ab64bbc0,e478dy0CKYE,TRUMP CAN'T REMAKE THE KENNEDY CENTER IN HIS ORANGE IMAGE!!!  HE IS OUR COUNTRIES BIGGEST EMBARRASSMENT!!!,UC2yC8HbiNJaZQJS8aUM4gAQ,@dpar110,2025-12-08T00:37:45Z,0.48221933973249026
c60fef437b9e429ba20287ccef8e1c06,e478dy0CKYE,Off topic: I have just become aware that CNN's Jeremy Diamond has dropped a report about how the IDF is indiscriminately ki...ll..ing innocent Gazans  trying to get food and bulldozing the bodies in unmarked graves. Replace Anderson Cooper with Jeremy Diamond.,UC24J8eZZ6kBPsljGa7aLp_Q,@jadedoptimist6364,2025-12-08T00:45:05Z,0.4820210384136558
0fa5bda512b625a9e79b4ed1c4853962,s2EXTCAFPKA,Just get over it bro,UCflfr23XWDyZMxGJ4_vrmqw,@markdexter9215,2025-12-07T19:49:26Z,0.48177874233810736
624493e09b8d668498ce78323b7e56fc,t15c3-pYSYo,"@Based_Clear_Vision You would do anything for attention which is a trait of the shameless.
I am glad you are a Zionist troll. You obviously don't know how Jews behave.",UCQQq3XCICDKs_JO5DEyz5nw,@deanm1436,2025-12-08T01:23:21Z,0.4816164020217733
534618ac42280f16ebbfdddfb44a8b54,RwW4UYoX19s,"Really? 
Do you honestly not know anything about Israel? 
 No one who knows the racist genocidal reality of that country can stand by it in good conscience",UCha1OENNg_F-ITgc3o3XVSA,@tonedowne,2025-12-08T00:21:31Z,0.48137764805768235
794a5560f14511468f2f1989728a2e4e,e478dy0CKYE,Clown show,UCNRXyB_8cro_Y7s8Uvd11cw,@FalseCast,2025-12-08T00:41:03Z,0.4813387217745888
31d4a2271ce44cb06f6cb1d7d481eab4,t15c3-pYSYo,Israel is the most evil state in the world 🌎! This news is terrifying. This is a horror movie!,UCKn2IF9F7Iv1LpYQ_l8wfow,@GRXMotorsPNW,2025-12-08T00:27:29Z,0.4812550652996246
2ab10a7d2bd1ec232e297c62bf863d09,RwW4UYoX19s,I appreciate your journalistic perspicacity and passion throughout this Anna.,UC4MahfT7Gl1ktHxS5c_mFHg,@ricktcurtis,2025-12-08T00:54:26Z,0.4811686903431376
b20263efa5df8e997ddcbedc95384767,dQWfdEyorm8,A repost,UC2_hl-9IyxREM6vaqmJeE2w,@EbbaaRabi,2025-12-07T20:59:18Z,0.48105541963432463
7ab5b2fefe095c4d0bcd4fb8cc3c1e49,RwW4UYoX19s,"Offended by everything, ashamed of nothing!!",UCJpxzE1ZQ24H1l7pTypDiOA,@wandamoon7639,2025-12-08T01:09:58Z,0.48101952972370676
83c4c7088aa43685cce5354a3bdbe8a0,RwW4UYoX19s,Is it just me or does this channel keep reposting old clips?? I feel like I've seen this twice already,UCnxois89TMupKCF5z_XeNmw,@am47601,2025-12-08T02:05:04Z,0.4806805163893415
073f9d8cd14f582cff6f1069dceef343,dQWfdEyorm8,CLICKBAIT,UCnLFAzaItmkJfLg6Ea9SNhg,@Kurpapyr,2025-12-07T22:55:36Z,0.4800345476148886
a4d2228b2bac27d87b71bdda7e71e870,t15c3-pYSYo,"Once again, the Israelis are a disgrace to humanity.",UC9tJhU4L27FhM6Z7GGum2uA,@MitchJW,2025-12-07T23:29:54Z,0.47991828701782174
c84cd97fe7a00cd7d6ad09d8aac39a9d,e478dy0CKYE,He will probably fall asleep if his med's are not timed right.,UCyUDZxm8uBNHJqe-IRks23w,@BlueJazzBoyNZ,2025-12-08T00:34:47Z,0.4796750347440061
a72166cc7aa592f69b4ad6136d551cae,RwW4UYoX19s,"Once again, F IsraHell and F the zionists",UCzEF8Klt0EqZV7MRzWjKc5A,@JayD2006,2025-12-08T02:38:47Z,0.47965095341084346
66f16140663652e1675dd1dc5d434fd1,RwW4UYoX19s,"Fallout ?????
PROSECUTE THE SHAMELESS MURDERERS AND WAR CRIMINALS OF ISRAEL NOW",UCeoY3tpYSRKcxAAWBRbjm3A,@sterlingfury,2025-12-07T23:48:23Z,0.47958932336930693
5d2d65ce8119dd480b586d6b83b02a06,dQWfdEyorm8,Dont fall off the edge of the earth.,UCHvVFp1J48cf705Oswk3BDA,@jdmjdmjdmjdmjdmjdmjdm,2025-12-07T23:02:31Z,0.479578367158272
43bcb6b90b34aff5c919df773f3e80a0,e478dy0CKYE,Get a job,UCwsNrEYUpNKc_sJdVguokUQ,@dnrdufty,2025-12-08T00:57:14Z,0.4795643236469178
ca6a89864acbe65916385235bcbcc8f8,t15c3-pYSYo,"Mass Grave are found in many disputed areas of conflict in recent past decade or two...What has UNO done about that?
Gaza is the Worst of the worst case scenario.
It could be stopped, but Collective West wanted it this way.
So called Civilised Ist World Countries....It is a shame how low Countries can fall for churning Wealth for their 'War Complex' for Imperialistic designs.
No more Human Rights Card,these countries can play.....The Almighty Privilege Card is blown away into the oblivion.",UCfR4HIIxJE7l6do5dPRVVCw,@mansooraqureshi2696,2025-12-08T02:09:33Z,0.4795130418677735
7c391c9b060388f394769fdebef66510,5tvOpAe46IY,Haven’t seen Cenk for a while.   Still have a bit of trouble watching him.,UC-TtoGKM4J3Uxt-EkPZu-UA,@Kiwi-w3r,2025-12-08T01:24:30Z,0.4792265716460987
4ee01e739e15c21e891189c3bf1cc603,dQWfdEyorm8,I thought mtg was quitting.,UC2CGQArgI0vKQi9PoLQEgfg,@Justsomenerd69,2025-12-07T22:34:18Z,0.4792067680229398
adb76c88c3b128892334f1eacf8e2c64,e478dy0CKYE,@dancooper4733 Cry less.,UCogTx8XkGLjU2eCDUIX03-A,@benoitguillette8945,2025-12-08T01:08:20Z,0.47918570584856435
43bd705befec5332ce2ba1b081157411,t15c3-pYSYo,Hamas needs to be eradicated. Sorry that upsets you so much.,UCrFwGN5SD2fA9PTjT8BQD-g,@scoutiii8893,2025-12-08T01:22:09Z,0.47916308822437603
37583b7803be006e05761fa51446c0e9,dQWfdEyorm8,Why not 'Ana's Panorama' - Feel free to use,UCcsDehHrYAou4Ro0h6Cl9fQ,@cmoor8616,2025-12-07T20:35:59Z,0.4787354308913216
bb1ad98bae26995833d5ed8b2fef6103,RwW4UYoX19s,"The zionazi usa-nazi-izraeli looting thieving stealing lying polluting izraeli been committed conspiracy desecrationist conspiracy annexationist conspiracy destructionist exterminationist genocidical murderous crimes, all so to steal 17000 Semitic Palestinian Moslemeen Artifacts from the Holyland,  all along, after illegally bombviolencing the Holyland sacrilegiously for the past 140 years since 1891 A.D.
The fake state of zionazi terrorist izrael. Guilty criminals.",UC412gvXtfGPVCQdquH7JXjA,@LovelyDove-ve3wo,2025-12-08T01:13:54Z,0.4784054744664351
f9a68f7aefc3ea90f5c93f9a7d19461c,RwW4UYoX19s,"Ana and Cenk was right. Israel is a monster that makes America in trouble 👿 especially Netanyahu, Gvir and Smoltrich and Trump who causes a lot of war crimes, I Pray to god if they got voted out of office, they will be going to mental hospital.",UCNwMakn3g3k52j-gqDwKW5A,@RonaldPhan-r3z,2025-12-07T22:49:08Z,0.4779552918392476
e06dff13b8aaeb97254fd8829378377a,e478dy0CKYE,"How is this news?  
why is CNN giving that Orange Scab airtime ?           we are sick of Adolf Orange and his psychosis !",UCpzwGD0xJV0mu4qZDV48VUw,@peterlongprong7521,2025-12-08T01:08:19Z,0.4778201635160054
e240978cf9a19104e357c03feaca2726,RwW4UYoX19s,"Note to self:
Do not phuck with Israel!",UCmF5u_Pk4xaHumwEPjYunzg,@hunternedib1119,2025-12-07T22:59:47Z,0.47774679429799227
283a0c33b00a8015a3d2e86b8ebe4442,e478dy0CKYE,🤣🤣🤣🤣🥯TRUMP DESTROYS EVERYTHING,UC52bodhD1hI3f1LGwW8ftvg,@SFL-6,2025-12-08T00:37:00Z,0.4776207669511471
af99692654b2c10bbd6306f12084daec,dQWfdEyorm8,Old news,UC2pmI1wQjhTiUOkQaG85C8A,@robinredondo9427,2025-12-07T22:51:55Z,0.47747239058384494
ebbba7aaa99402d90994cc2022482a07,t15c3-pYSYo,What's happening in Gaza is punishment of the Palestinian people that they deserved for October 7th the Palestinian people want nothing but to exterminate all Jews on Earth who live in Gaza and Judea and Samaria supporting justice mean supporting the brave IDF fighting the Palestinians taking away their food aid because every better food that goes to the Palestinian people will enable more terrorism,UCqlXBYSDmTNedFHSMMFUJ_A,@Miniburn_04,2025-12-07T23:33:14Z,0.4771388365324325
af0d285a19a7afb8be3eb9d8027902b0,t15c3-pYSYo,Asshamed of nothing. Offended by everything. Zionism.,UCmBZNB2q0RN8dOBmbENNEtA,@SamTe23,2025-12-08T01:26:22Z,0.4770474144008079
dc61cc6abc5157c509521e0c392e8588,t15c3-pYSYo,The sooner Iran 🇮🇷 become a Nuclear-Armed state the better.,UCsJBfJwoSi_8vJrEmTijwgw,@johndoherty4976,2025-12-08T00:27:27Z,0.47682708075416286
67041bda8949a5517b2b86dd262628b9,oylbyE5Zt0Q,"Donald had 10 years now to come up with a different healthcare plan, he has NOTHING to show, no infrastructure plans, or healthcare plans his only plans are tee times to golf!!",UCpEftiLtcvXVVO2XtF0g-3Q,@pdxpete48,2025-12-08T01:34:00Z,0.4767427660479994
9136ef0341368962ba90b7803497d592,t15c3-pYSYo,"IDF is a Terrorist entity, zero doubt! This are is recorded in history whether Isreal likes it or not. It is ALL recorded, and all enablers will be punished, Jesus says.",UCl8Kfb9hcE1-ehia3ebQ-vA,@czesati2964,2025-12-08T00:56:42Z,0.47644140684710906
964eb4296ca6f15d4c599c788e0ed6e7,t15c3-pYSYo,Zionism is juicy Nazism.,UCBephuktiwrC0uTWcBro3Cw,@MichaelM-u4g,2025-12-08T00:02:29Z,0.4763953254345348
360543b37f14a70d3580cc810157ecc9,dQWfdEyorm8,Saying that MTG will be an American hero is absolutely insane.,UCLwBiThDgQnFdzwuvj_1vKg,@davediscs,2025-12-07T20:29:35Z,0.4761894522232875
bff1a56be23db967d0867d9d1f3fde92,RwW4UYoX19s,"Let's be real.  Without US bombs and billions Israel would not even exist as it does.  The US government provides Israel with in excess of the equivalent of $18 million each and every single day!  The US government, the US taxpayer is the head of this genocidal snake and it is the US government that must be stopped.  The bait and switch is to pretend that AIPAC owns the US Congress, but indeed Israel is little more than a US military base/missile site masquerading as a nation.",UCr3YMm4wUsPebfSfCVGkL9A,@paulaheady8990,2025-12-08T01:25:50Z,0.47614048123092967
a308e6ec2a9c569fc881382ef50de3d0,dQWfdEyorm8,It says November 10,UCzG1QHUBNTgzNUa6U5jaP_A,@DarlynnJohnson-j2g,2025-12-07T23:00:24Z,0.47610774597466576
2572bc7e903e2dd28cf9d59769fab65c,e478dy0CKYE,"KENNEDY CENTER???
Didn't the orange, dumb, old guy, RENAME it the trump shame centre???",UC4iPlZLj2vRmu2ww13O40aA,@jennilang2464,2025-12-08T00:38:28Z,0.47593004604786004
7da9c44fccdcd126c935eac0717da237,dQWfdEyorm8,Resorting to clickbait is a big sign of weakness,UCbpmPHT679KOANvgVKg1DzA,@3DThrills,2025-12-07T20:26:45Z,0.4757825044482258
5e0e416b304277b88fe4a77697700f69,RwW4UYoX19s,"@MooreVitae  Exactly WHAT atrocities? Oh, those in which Israel (after several hours) Sent Apache helicopters and tanks to annihilate the festival goers ....under the Hannibal Directive order?",UC2z0Y51u1ubvU65Gal2fr3A,@msimons7440,2025-12-08T01:05:38Z,0.47565508400018375
a0e979453b1f61f3a2b2cda812789c39,e478dy0CKYE,@SupremeWin777-7you’re funny.,UCBUel7A-A7fHMt6v8k9a9dg,@Steve-p1e2h,2025-12-08T00:54:11Z,0.4754092337224383
783e37c92469cc9b328e18da074caefe,dQWfdEyorm8,​@cathyosbourne6986do you have a penis?,UCaxK5TpaO4kdnY94Gqlkcqg,@halomaster9640,2025-12-07T20:42:24Z,0.4752760425606744
77b681984824cdb4347ec94483580c54,rChcwSozre8,We're pretending your name is Winston!,UCKvz4reZG7X0cKkQa6t_PZw,@HonestDemocrat,2025-12-08T02:16:54Z,0.4751951887542031
7dc8b6ba32344a8713df3e45e930b44e,RwW4UYoX19s,"Fello americans , do you think Gaza was the only place those people were caught lying ? only gaza ? they been lying to your face about 9/11 , USS liberty , JFK assasnation , Economy , World WAr 2 history , Islam , Muslims , Lavon Affair , Shireen abu Aqlah murder , Rachel corrie Murder , mainstream media , the list is long , time to inform your friends , family members , church goers , pastors , make every one snapp from his slumber ,",UCyTOCfo9ZbtSDXtDVsRs9Sw,@adelalshurbagy1113,2025-12-08T02:01:27Z,0.4751351126033209
4e0ca9d01b0e6c7108bfe515d2266989,dQWfdEyorm8,"The GOP ""abandoned 250 years of justice procedure"" a LONG time ago.",UCdOwrlYAPsMhiUc4eYqp67A,@mnsu4820,2025-12-07T20:14:56Z,0.4751254278185988
8001f7267f030b0ca5dad50ff8ef4329,RwW4UYoX19s,"​​@Obeytime-w4iThe chosen should know that Israel will cease to exist. Your economy is failing from worldwide boycotts of Israeli products and services. Your travel industry and hotels and restaurants are dead. No one is travelling to a genocidal state the targets and kills women and children. Companies that have investments in Israel are withdrawing their investments so Israel no longer has that money to use. The cost of Israeli wars on Gaza, Lebanon, Syria, and Iraq have crippled your economy. Americans now know that their tax dollars fund Israeli Healthcare while American heathcare is not funded by America and they are very angry about that. Americans are planning on not voting anyone into office who takes money from AIPAC. Israel has lost the support of the majority of Americans. Israel is the most hatred country on the planet because of it's genocide of Palestinians. Sounds Israelis are not the chosen ones after all, but the cursed ones.",UCyA_P9Y-R7vysXuvwY96ykA,@SydG01,2025-12-08T00:50:27Z,0.47504228165536777
92113c6241c0574b70f73290f1610540,dQWfdEyorm8,Redacted is not released.,UCfR1TesAG6zxCmFB77c-m0A,@denisestarr2314,2025-12-07T21:07:34Z,0.4750004460555993
806e6e537fd766e3b59d49903a9b8c5a,RwW4UYoX19s,"Every last zionist will be hunted down, we will not stop until every last murdering Israeli is dragged to The Hague to stand trial for rape, genocide, sadistic torture, land theft, home theft. They are evil monsters.",UC4ZChj7dX2TDgszBMiuiBSg,@MadroneHumanRights,2025-12-08T01:34:32Z,0.4749116398024119
4a890b30b7da4764f442088d05c166f7,dQWfdEyorm8,Since when does the GOP give a shit about legal precedent?,UCLzivcTRxdENd0IyjNLIGjw,@woadwarrior8243,2025-12-07T20:06:04Z,0.4748772632081268
b11cbe7fddf045efa2ef4a8e13760f60,dQWfdEyorm8,Quiet piggie. lol.,UCtDaFPpfXGawAitBQjncc9w,@cesargamiz9999,2025-12-07T22:20:16Z,0.47474616966734245
109047e2c2e2f837007cd9fbdbf37b65,e478dy0CKYE,The only people there will be NAZIs.  Don’t let the time go to waste.,UC_a3MdtTBQkM2hT2beOVIZw,@blakeusry124,2025-12-08T02:44:42Z,0.4746710952486535
ca11431ab2bda4989936118e0308930e,RwW4UYoX19s,"@hunternedib1119 you will burn for your pride, Zionist pig",UC_EYRvVKHOgGzWADmMrGeIQ,@rupertmonroesr.3517,2025-12-08T02:04:44Z,0.47447503209780373
3599a99db47b668697d29c93c15e77b0,e478dy0CKYE,Cry more.,UCIA66MZSi2QQxXeRWmrCmOg,@dancooper4733,2025-12-08T01:05:38Z,0.4744050918965981
072e3bbf2f197fcb6783601593793f2d,t15c3-pYSYo,Should focus on punishing Zionists/settlers. Not all Israelis are war criminals.,UCKxlnGDhVxkjqAQDDn-oaWw,@TopGun-62,2025-12-08T01:30:14Z,0.4741056952717198
1b731f90c4cae6bcebde2b664982b4f6,t15c3-pYSYo,"THE ARMENIAN GENOCIDE BY THE TURKS: was the systematic destruction of the Armenian people and identity in the Ottoman Empire during World War I. Spearheaded by the ruling Committee of Union and Progress (CUP), it was implemented primarily through the mass murder of around 1,500,000 (1.5 Million) Armenians during death marches to the Syrian Desert and the forced Islamization of others, primarily women and children. Before World War I, Armenians occupied a somewhat protected, but subordinate, place in Ottoman society.",UC1A99LkMRpVEIBC06zFEx4w,@GerardDupont-g6o,2025-12-08T00:54:43Z,0.4739197823316781
fbb53cbff7ecc41b4b39c760bee51394,dQWfdEyorm8,Clickbait from TYT is gross to see. Strike one.,UCi992NKJ9TaQRWHllK9fKMg,@gabezepeda5010,2025-12-07T21:10:00Z,0.47368759802182636
1f218cd3ca2b3917d17d4e0361983e5d,t15c3-pYSYo,Amazing,UC816dEo4RmdioGafTVGGmbw,@philipcolewell7374,2025-12-07T23:29:52Z,0.4735486942961135
d0880edf8b02e37fe26b56b693a66211,dQWfdEyorm8,"By the time these files are actually released, there will be a different scandal occupying the public consciousness. These immoral pigs always get off when we use THEIR SYSTEM to hold them to account.",UC4v5_5ALkQnqc201PZEh1jw,@niznoz8379,2025-12-07T20:47:13Z,0.473537587750687
5c9b8b7e9bd1d867b4d214d7af77f9ea,dQWfdEyorm8,How redacted are they? Are they a full set of files?,UCoDYSZCuH15-K9coie-Xstw,@susand2008,2025-12-07T20:29:38Z,0.47326616477804917
f150d4a9b7abe59be320afb2ad0360ab,dQWfdEyorm8,"So much skirting around the Epstein - Israel connection. He was obviously working directly with Israel / mossad to build up a collection of evidence of global players in compromising situations with young girls and women, for means of control. Netanyahu's Israel is the real pariah state with no morals, a blood-lust and a feeling of immunity.",UC5ni4unIyc0kjy77RyDdg9A,@DrencromC5,2025-12-07T21:10:01Z,0.4730119755857045
0cc39fb0bf2ed8b514423deefbc7778e,e478dy0CKYE,"FIFA Peace Price?
What next? NFL Price in Economics?",UC5_P8Lcig0WIoLL6Gw_8P-g,@badluck5647,2025-12-08T00:35:31Z,0.4728219220466715
dbd27288d41b84fbb9584925a60787ee,RwW4UYoX19s,Let's try evidence.   I know your allergist to evidence but evidence is what I seek otherwise I won't believe you.,UC5uAPH1Mq217sg7r4tDQ6fg,@michaelgnit8476,2025-12-07T23:57:51Z,0.47273933082104236
012f5bf6b7170fd8bce3a4f7099dac73,RwW4UYoX19s,The Zionist in the comment section are BIG mad and tight lol. Panties in a bunch because the cat is out of the bag and there's no turning back...it will only get worst for you inhume supporters of government sponsored terrorism and genocide. 💯 This is ACROSS THE POLITICAL SPECTRUM *hugs*,UC53zjQuygVofnypenJ3wuWw,@LPAFilm,2025-12-08T01:12:37Z,0.47272730083405556
d7e9ea0ea08a4e3948ec98bf66ddf935,e478dy0CKYE,🤣🤣🤣🤣🤣🤣🤣👍👍👍,UC4iPlZLj2vRmu2ww13O40aA,@jennilang2464,2025-12-08T00:36:53Z,0.47255110956609864
64be14b5f58ebf933ada9566a8200df7,dQWfdEyorm8,If nothing happens this was pointless,UCyoInf1XTCbbTiZJXgqcLZw,@Infamouswolf83,2025-12-07T20:33:42Z,0.472133641907513
a80f64210fc343483bb130aa17952722,RwW4UYoX19s,Proud of you,UCW7bCDnDyuud3ZlVl0GF0Fg,@mukhtarsayed1019,2025-12-07T22:41:49Z,0.47204044961701785
0d33df01b7af3b3a235ec353e9db3bff,rChcwSozre8,"​@reason6835I actually don't care what Charlie Kirk thought, the world is better without him.",UC4jGtCVMc2KWvIySIX-OCFQ,@rickmcdonald2233,2025-12-08T02:14:03Z,0.4720319853572952
30ed3337f5be3dfd30c94a928b996a2d,dQWfdEyorm8,This is three weeks behind.,UCfsXcDsW7Fdc9AG6L73sv1g,@LRee-mr3vh,2025-12-08T02:35:32Z,0.4719409165324666
43eadedf71380ebfa989c1189d051b9b,dQWfdEyorm8,👍👍👍👍👍👍👍👍👍👍,UCOCQWtjT1bL4UIPvK3HojZA,@fetdah,2025-12-07T20:19:19Z,0.4716994288463484
ec9cb37b5d817aff105974e918b38d9a,dQWfdEyorm8,nothing is going to happen to these folks. :(,UCzk4zWTfLsZrdEgetm5GO5w,@PhillySpecial5000,2025-12-07T20:16:51Z,0.4716895953302723
8350149d0c96bbd5cd36203e7fcc7d6d,dQWfdEyorm8,QUIET !!!!.... PIGGY !!!! 🐽🐷🐖😆😆😆🤣🤣🤣,UCdbpGplLZuyF2JRQ4E09Fjw,@italioraucci,2025-12-08T00:36:53Z,0.4716321655748271
1f9eaf26d410fa459291889fda99455b,oylbyE5Zt0Q,But they have a concept of a plan I thought😂,UC1lI3zJ724WKngHW_pdKNjA,@ramiroavila9374,2025-12-08T02:43:50Z,0.47158137021716207
a43b4cfd37ed536ba2ebf8d50d992d09,RwW4UYoX19s,Free Palestine!!!!!!!!!  May Israel and its supporters (including you) burn in HELL,UC4USyEM92dnLLf1E4VI4Jvg,@onlyadrenaline,2025-12-07T23:36:16Z,0.47154796865280507
166a0db73508494416fb70a08cce5534,oylbyE5Zt0Q,We want our vaccination all the months .,UCnBgsDPs_wdpDxKM9Lfxobg,@EduardoOliveirai,2025-12-08T01:42:30Z,0.47154211591132217
54e139e7ec741af645f6fc613ec0164d,RwW4UYoX19s,I’m hoping there will be some brave journalists who look beyond Israel’s bullshit.,UCEkDdy2kn2Eikke2lrJ9tFg,@Keke11113,2025-12-08T02:16:31Z,0.4714130448481633
d07a0fe1392766d9c6dfb1471a07551e,dQWfdEyorm8,Its gonna be redacted af,UCDiv105oHKOBo0biCI3ZJVw,@DebtFreeDad,2025-12-07T20:47:05Z,0.47117726036247887
e6a17a3f9103d6203b64d3f428fb40ee,RwW4UYoX19s,They're clearly stupid bc animals are intelligent... They're bad at analogies furthermore and cannot measure,UCwOERBLpSKC6UXqxfkVeELg,@jjordantylerr,2025-12-08T00:22:51Z,0.4711743715950737
6dc18b3edc2cfa2a2e5475265addf54f,dQWfdEyorm8,Love it🤣🤣🤣,UCTT4pE4hQ9lPxo4UqDnvE7w,@Happ-E25,2025-12-07T20:42:43Z,0.47005601825638316
35867a519ed2b25124009e4dd4e9bc2b,RwW4UYoX19s,"I still stand with my Jewish brothers & sisters of Israel because I mean 251 hostages kidnapped, starved, and some killed? I mean yes children starving in Gaza that's bad too, but that's really because of Hamas.",UCWtpxXywZDmrti0EgVTgnkQ,@CalebDaGamer130,2025-12-08T00:00:42Z,0.47001858442418304
7363137423dc8f63a747fefa3fe8beb2,t15c3-pYSYo,Thank you,UCEbA8_JGLpxNfvs9O1wq7Wg,@fk73771,2025-12-08T01:08:00Z,0.46999771233659626
946110784dd9a717c87bc5c8a21ed3df,RwW4UYoX19s,"If high-profile Western journalists were going to report honestly to their consumers they would have done so already, just as numerous Middle Eastern news organisations have - including Israeli publications. For too many who have tried to report the realities on the ground, there have been consequences.

If it weren’t for independent/new media, the innumerable crimes of this rogue state would not be nearly as well-documented, and certainly not free from corporate and political considerations when a story unfavourable to Israel _is_ covered.

So while negative stories are unavoidable from a Zionist perspective, I have no expectations that the general public will hear about mass executions and shallow graves; the continued denial of essential medical supplies, including basic medicines; the endless stories of children being killed or maimed by sniper fire; the kidnapping of civilians, including children, who are disappeared into Israeli torture compounds where human rights are not a thing; the desecration of cemeteries and of the dead in general; the schools, hospitals and mosques that don’t actually have terror tunnels or Hamas HQ beneath their destroyed foundations.  That ship has probably sailed.

Nonetheless , the horror stories are already out there. Those of us who wanted to know - _felt obliged_ to know - and refused to turn away, actively sought them out.",UCZqfb5sh9B_1MQDdOPLaLKg,@lisaaspland,2025-12-08T01:20:15Z,0.4699885833383016
ac6458d4862bc75f5cff5d90e01e40dd,t15c3-pYSYo,"Deny, Deflect, Defame
We both know israel is the only country to not recognise the Armenian Genocide, which America only just recognised in 2019

Oi Vey, I wonder why 🤔 
Was it because you needed to break up the Ottoman Empire ahead of WW1 to create israel, and WW2 to populate it with refugees from Europe?

Is that why both America and UK banned entry at the time?

🤔",UCDj9QH2hXpVW-ciZ4_op0kg,@Uncanny_Mountain,2025-12-08T00:14:04Z,0.4699095946828315
28a658d9265c211581e8c3c5cd12bbe3,t15c3-pYSYo,"This wasn't War, it's Genocide of Civilians in an Extermination camp, worse than the Shoah 
⏳",UCDj9QH2hXpVW-ciZ4_op0kg,@Uncanny_Mountain,2025-12-08T00:11:30Z,0.46970848055894565
b6b29aecd30848a19391f39ecf1b13db,RwW4UYoX19s,"😂😂she always makes me Crack up, she's the biggest clown on youtube",UCFpCcPvj1iWIOKp7y2IsJTA,@chonaso,2025-12-08T02:07:34Z,0.46963758510036446
f0845d4e3367a10a1090498b15390131,t15c3-pYSYo,That's Right..ROMANS 12 Vengeance belongs to GOD. ❤😂,UCBgrbtYr8q4cSZSIf2datgg,@vegashainning8071,2025-12-08T00:53:02Z,0.46953119429670387
e3e91ab3ccaf1feadabc6ee5e539f241,t15c3-pYSYo,"THIS IS A 21ST CENTURY WORLD. THIS IS AMERICAN ALLY, AMERICA FINANCED AND SUPPORTED israel to commit this GENOCIDE. THIS INCLUDING THE EVANGELICAN CHRISTIANS IN UNITED STATES, WHAT A 21ST CENTURY WORLD. I WILL NEVER TRUST THE WEST AGAIN. THERE ARE ALL VAMPIRES",UCqwouDQx6q2z0MTBH0a2kWw,@isyakubalaibrahim,2025-12-08T02:01:08Z,0.4693566273412083
3b5c2ccd55bddfd3e2b6045a00b9b338,RwW4UYoX19s,"What were you thinking?  Were you thinking?  Did you really believe you were going to gain something from your misdeeds of Oct?  Did you?  Here's how this works.  The spoils always go to the victor.  That's us, not you.  But tell yourselves all the fairytales you want, you are good at that.  But look at your empty hands.   They will remain empty.  For Israel has spoken.",UCvXffbh_Jhdac3h36xzoLHA,@Obeytime-w4i,2025-12-07T22:29:58Z,0.4693541736926657
ab510db405d2d9805fe7c0e883a319c8,t15c3-pYSYo,"@Based_Clear_Vision In a different world maybe, but not here and now.",UCmpafFecXiA2OC80XmPGj_Q,@iq-ride9329,2025-12-07T23:56:45Z,0.46923884445024666
5cf0d39e03d3efe67ed2a3e23a5b23b1,t15c3-pYSYo,"What's next....after that Palestinians should gave up and give Israel their weapons so Israel can kill them peacefully...
What's Next???",UCiPC7c5llXTEyNqtaKhhlWA,@ElleNadal,2025-12-07T23:35:58Z,0.4692107370158104
edf42817a86958dcc665bf037a9edd43,t15c3-pYSYo,"Zionists: ""but ..but..but Mrs Rachel !!""",UCQwhaxdDkTZ52J0kPEb01AA,@otmanh,2025-12-07T23:31:06Z,0.469187494687852
b32d42d4910621c543d9f1bc8ea8d829,RwW4UYoX19s,"You people are funny.  You think you are going to be awarded something for your Oct misdeeds?  You are.  Your life.  But you have to ask nicely.  Also, you must obey.  Obey and you will be ok.  If not. Well let's just say rubble.  Lots of rubble.  Bless you.  For Israel has spoken.",UCvXffbh_Jhdac3h36xzoLHA,@Obeytime-w4i,2025-12-07T22:32:41Z,0.46917296480892956
9061a48a33190c22b6bcb498a778b149,t15c3-pYSYo,"I watched one video of a man being beheaded. I didn't see one of the children. That being said what those monsters did on October 7th was HORRIFIC!! 😢 
Now what the IDF is doing is horrifying also! It's never going to end... IMO 😢",UCmuWU9hEsd0_6pvAF7F-VUQ,@kellyholbrook7667,2025-12-08T01:23:18Z,0.4690875132529946
ae1ce7467043bbd6af485701669a77c9,RwW4UYoX19s,LIES,UCeNidNNCeVjjybHOVvax7nQ,@dumashange7558,2025-12-07T23:54:10Z,0.4689896084605827
6f270a05e16ca576785158035c07e654,oylbyE5Zt0Q,"Why do those fishing boats keep going out, what's wrong with these people?  DON""T GO FISHING!!!",UC8SqVJZAXXm0SXhP_1G7eOQ,@BillyColeII-dr6dk,2025-12-08T01:51:09Z,0.4688633505454484
cdce49d39f1a0c21b23e3b3a6f1c53f8,e478dy0CKYE,​@badluck5647 and?! Can't a Bangladeshi comment?,UCwYt9itmJ9Tm4jPwZDk8Bag,@jimmychoons5543,2025-12-08T00:47:51Z,0.46885195594096724
1b9d6850a37c0f65376782e74932c54b,t15c3-pYSYo,Israel is no different than Nazi Germany  there doing the same shit they did,UC70I06CSEh5wYfg2Hb6-byA,@adamlavigne4733,2025-12-07T23:21:13Z,0.46875260298204946
2b5a2f3aaa417a9f9dbfd9ffb376a255,RwW4UYoX19s,"Don’t be surprised if these satanic animals set a stage of food and medical aid in Gaza before they allow the cameras in Gaze oh but lets see if we can threaten, kill or bribe the journalist also!!",UCeTvk4sbzMyLTl7OmkpcnEA,@Smokey-mt6ye,2025-12-08T01:41:00Z,0.46859013830728047
93892939d5141fb5f85a0ddce7a430de,rChcwSozre8,Gone way too far and will ruin the Trump dynasty,UC7IDPd4xTWWUYE9QW6ajU0g,@Somegirl51,2025-12-08T02:15:59Z,0.4684159816311274
026fbfacfdda774495d0411f440d8c58,RwW4UYoX19s,"When Israel falls as it must, the world will rejoice and it will be glorious.",UChlxZL5-BN7FoSNHnky83_Q,@bumblingborisbuffoon6259,2025-12-07T22:53:06Z,0.46818863855224124
9fa847af39ad64ca7111d502cecb6ae7,t15c3-pYSYo,The Chosen Rat lies and Eats Babies,UCDj9QH2hXpVW-ciZ4_op0kg,@Uncanny_Mountain,2025-12-08T00:22:38Z,0.46789337006554477
80e04803bf80b3129cd326ec219b5b82,t15c3-pYSYo,"Here is the real secret: The world knew what was going on in Gaza and pretended to be dumb, blind, and stupid.😢😢😢😢😢😢😢😢",UCUWNXQIS_5XEMGBgW3FBKFw,@cigarfeeler,2025-12-08T00:17:46Z,0.4676846828405465
c5cbe7965d6b254c7758c53af212c510,t15c3-pYSYo,Zionism is satanic,UCsuhuM1_-ZKnMlCcT6Bt-CA,@WesZillich88,2025-12-08T02:12:26Z,0.4676828213898959
5daf32d6f8a37532286a51c60398209f,RwW4UYoX19s,​@racmacelan64h02 hamas.,UChXK5lxf_F2gmPEilpXk9Nw,@GelalBayar,2025-12-07T23:57:51Z,0.4676064773302713
06cc48f72fe7f5a6fc9cfdd33daa3616,rChcwSozre8,They’re so disgusting,UCupKfdecx3QMyCiH12hJgOw,@FirstLast-dy4gt,2025-12-08T02:19:47Z,0.4674031632378118
483f0e0fe3c09d2226a85d82e40c79b4,dQWfdEyorm8,"Preach. The perverted puppeteers, The Elite, controllers of the politicians that continue to screw us every way possible. Can we really trust the files. I’m sure that they are corrupted and somehow manipulated. It’s what the powerful perverts do.😮 money=power=control.",UC02MOEeItB5zFoUg24nVbLg,@elkennedystrat7894,2025-12-07T23:48:05Z,0.46725096294346746
bc078bd892d2326a930ff3d761a52864,t15c3-pYSYo,"lies...Israel never threatened to nuke the USA...if you are talking about 1973, that sht wasnt a threat",UCgrDAEeSwGlIMladakYXf6Q,@JohnDebasa,2025-12-08T02:14:52Z,0.46720347526563294
ad699f5a1cc9e56ed1a8e8b2a4ba2c82,RwW4UYoX19s,"FACT: isra-hell MUST be wiped off the map – literally, as it is not an actual country anyway, just the devils nest on OUR planet which they think is theirs, just a gang of devils who dismembered babies, fed them to the dogs, filmed the whole atrocity and bragged about it, also felt sad about their “bad” days when they shot in the head “only” three children. Devil satanyahu MUST be captured alive and decapitated – again literally, preferable on live TV - PERIOD",UCG56-6cH2_pHgrDk6lJ17rQ,@kaycosti3631,2025-12-08T02:41:25Z,0.4671509711314922
410debb559660dabcf2976828107f99f,t15c3-pYSYo,Is that what you and your Zionist friends think.,UCKxlnGDhVxkjqAQDDn-oaWw,@TopGun-62,2025-12-08T01:27:13Z,0.4670840526671296
9557b1d672603bba46665ed716e5965b,t15c3-pYSYo,"Dont worry bro, The giant red guy downstairs will catch them when they fall.",UCZI0EnpmpmUUL_TP18AcHlA,@TinaB123-i8i,2025-12-08T00:12:13Z,0.46696052486951434
727bb299888c5bb590200869ba43af7c,RwW4UYoX19s,"Hamas bombed their own schools homes churches mosques universities hospital and unrwa warehouses and apartment buildings ????? are they taking us all for stupids ? tell israel and zionist and jews the globe over , no one is buying your bullshit any more , your victim card has expired , and it is time to see your ugly face without a mask",UCyTOCfo9ZbtSDXtDVsRs9Sw,@adelalshurbagy1113,2025-12-08T01:48:57Z,0.4669397979585659
8ef77c3092d288936e1417945c168fd5,RwW4UYoX19s,🚿⛽️,UCPeHur2hSxcMj10OWI1Ms5A,@AlexK-qi6vk,2025-12-07T23:12:13Z,0.4663010008510607
fee934a949b5abf870a4173ad885b9a6,dQWfdEyorm8,Ana😃♥️♥️♥️♥️♥️♥️♥️♥️♥️♥️♥️♥️♥️♥️♥️♥️♥️♥️,UCOBgG9asYCuWCBSdP4a0K-w,@Rickie-x2,2025-12-07T20:23:06Z,0.46609236281538835
ee671aa2926246d8e28cf4ef81daa1ee,t15c3-pYSYo,Non sono militari. Nessuna moralità,UCMPvoGHjJ_tc0H3raBgvM1A,@masciaferrievafly7906,2025-12-08T01:30:13Z,0.4659136089887874
88a2589b2c6e79b8c235b51f7ac1ce38,dQWfdEyorm8,Cenk (the founder) is Turkish American.,UCSOfeoxvZZxyGq0bSbKoNbA,@CelineSaillant,2025-12-07T22:43:50Z,0.46572305824421956
52662f9163bc80361027fe02d6899f37,t15c3-pYSYo,And the American government gave the arms for murder,UCBzl0SD2oaKqlu1Kr7TUaoA,@RossStamp,2025-12-08T01:20:20Z,0.4656605928239171
75cab035507d9e39564151d6180b6768,dQWfdEyorm8,"Yep, this just got them an unsubscribe.",UCSCu7m5muJeBnuLyCmz_ErQ,@shanemm13,2025-12-07T20:28:10Z,0.46558687485736894
57814605c1e19d42c44286254c41dc73,e478dy0CKYE,"​@davemitchell6281
Of a made-up participation trophy?",UC5_P8Lcig0WIoLL6Gw_8P-g,@badluck5647,2025-12-08T00:41:04Z,0.46552200936541516
b44dd9ff79fcb16160c441751684f76f,oylbyE5Zt0Q,the ship has sailed.,UCtQ-oAeXbU2Uii0Z1qn2rzw,@paraintheworld,2025-12-08T01:33:36Z,0.46548795079791755
d563a35b4b0b7c8a12859af239c85d7a,RwW4UYoX19s,"Cenk and Ana can go to Gaza and report live.
Just don't throw rocks at the IDF at the Yellow line in Gaza. 
I will be watching your dead bodies Live on the Palestinian news channels reports on YouTube.",UCAH0RDKkppD73KGTGu3sE2w,@davidfromamerica1871,2025-12-07T22:53:08Z,0.46515064404471745
5ac94bd9a817c9d9293ab60de0767c49,oylbyE5Zt0Q,We had Obamacare and now it's Trumpdontcare,UCMOz_TsuFgcA09vaZy8Svxg,@505Caramelo,2025-12-08T01:34:31Z,0.46511847437076015
959f112870345349ee11be8f4f1879e9,dQWfdEyorm8,"Agreed. Socialist Democratic Republic is the solution, but still requires a robust crackdown on wealthy criminals.
As for 'printing money' goes:
USA just uses CAPTIAL GAINS (value on paper via loans at banks, to build assets, inventory growth, etc).
We print the amount of money that corresponds to the needs at banks to service capital GAINS building and acquiring assets.
If your country adds value to infrastructure and private sector assets: M1 must expand in a relevant amount to facilitate the expansion / NEW VALUE (CAPITAL) ADDED.
Now if you want to criticize fake currency, yes: All Forms of Crypto Supports Putin.",UCg9gXh7_QecGmq99ceay8wQ,@Greg-io1ip,2025-12-07T20:40:05Z,0.4650193458376681
d2a436e5f675c97cd6d7752763b32bcc,KjYSHrFkGrU,"Ok as a pageant fan, what outraged many of us was her performance in the finals night. She had one of the worst performance in the history of Miss Universe. Yes we admire her bravery for walking out, but to win over Cote D'Ivoire? That's questionable.",UCxp1fkNYR8YoKfNG8iOUgSw,@ianandres2774,2025-12-08T02:05:47Z,0.4649596038050424
74dfc1d55a234322fb5b8cdd123e9e9d,oylbyE5Zt0Q,I’m doing it! Moving to Italy next summer! 😁,UCnr_4bUnFR3mpU2vYs4uQzQ,@MissRed92837,2025-12-08T01:56:35Z,0.4646408193718831
87dea1c1840b226b59eeb3467b003fee,t15c3-pYSYo,Got a CNN ad after this video,UCPXlyJdQp12xpQ3EXa6Kq0A,@eliaswilson7911,2025-12-08T00:53:06Z,0.46449240950157383
8def511460e071221930e3340a077c0a,RwW4UYoX19s,I bet they like them more than you do.,UCNfkOTShWTfqLGxHIN2MdmA,@joshuasmith7621,2025-12-07T22:41:53Z,0.464463157301772
6087079c258c75b0c0d4a482f8cc3697,dQWfdEyorm8,This is month old news???,UCpifGoWLRl6a2JM9dLEKpwg,@jaydanger85,2025-12-07T21:09:42Z,0.46438513709525164
3d70315c79efd1da485d5d66a6399ed3,t15c3-pYSYo,Kudos and Kol haKavode to the IDF whistleblowers and Jeremy Diamond's reporting 💓 That's where hope remains.,UChTBZv1KwZM0ldVXpoL3XPw,@leviashanken7281,2025-12-08T02:09:33Z,0.46435104567623026
f79d72181d0c6ad23a359372e1e55fb3,dQWfdEyorm8,Why does this feel like clickbait?,UCqpv6dOxU7DK2f1_tDjtKBw,@Stocklaw,2025-12-07T20:55:42Z,0.4643248535255995
a69ef7060cd7fab6b2467deddfdc29a2,RwW4UYoX19s,"In these most of serious times Israel looks out over the vast ruins and rubble with a stoic and firm expression, yet we can't help but crack a smile and wink an eye.  Bless you.  For The Chosen has spoken.",UCvXffbh_Jhdac3h36xzoLHA,@Obeytime-w4i,2025-12-07T22:40:41Z,0.4641957077369643
f2d3a98143f0a0a3be2d18bc65d1da93,t15c3-pYSYo,What kind of bucks tumble when you say his name?,UCHf7sF1IdPXQP5ameiAHSYg,@MaryVictorine-s8k,2025-12-08T00:51:18Z,0.46417493214677397
1d83104af84f01e2a417989b61c361e5,t15c3-pYSYo,Either Humanity dismantles Israel or Israel will dismantle Humanity.,UCrtiwgur6QMOjXyc-ApqRZQ,@bobzaba4842,2025-12-07T23:33:14Z,0.46412514473736277
e5f3340287d2a9bd5267fd8955f6d50d,dQWfdEyorm8,You smell Israeli,UCgjTUpjI7UvkXu2NVt4Vduw,@satinlovegloveful,2025-12-07T22:55:33Z,0.46408795156756855
8eec04d5071e80e879e318365c8a1dc4,RwW4UYoX19s,🇵🇸🇵🇸🇵🇸🇵🇸🇵🇸🇵🇸🇵🇸🇵🇸,UC8oF58BPP3xCTHqNqb_07Bw,@zrhkftu,2025-12-08T00:09:13Z,0.46393724322789764
404516fad5030289cf990cb4b9200f4e,dQWfdEyorm8,"Love you guys, free Palestine ❤",UCjqVTiwVRg0figY4hPHRK4g,@arish6894,2025-12-07T20:57:29Z,0.4637436582073192
ad230d5f3c1be001b9a1bedf2cbb290f,dQWfdEyorm8,Why does the yung Turks mean?,UChaq24PtRefEzYjgWFsvz7Q,@wiseguy8658,2025-12-07T22:23:14Z,0.4636704795235653
c906dfc29713a912ab414fcc0812d748,rChcwSozre8,"Vance 2028, Rubio 2036",UC4s3K-Td0OZP2IqMfwVbEiw,@reason6835,2025-12-08T02:11:29Z,0.46365827136362453
bb13e71f76e8e1aeaa98489d3fa8fc7e,RwW4UYoX19s,CLICK BAIT!!! Gaza IS NOT open to the Press,UCr7j-0fGH4QaOEQtzrywAGQ,@gr8db8ter28,2025-12-07T22:29:55Z,0.46364869805422815
e7a6cf1bb78846ee93977c566591f08f,t15c3-pYSYo,"USA 🇺🇸 AND ISRAEL 🇮🇱 AND RUSSIA 🇷🇺 ARE THE THREE TERRORISTS COUNTRIES, ITS SO SAD BECAUSE THEY ARE THE GOVERNMENT AND NOBODY CANT DO NOTHING AND PEOPLES WITH EMPHATIC LIKE ME I JUST FEEL LIKE CRY BECAUSE ITS NOTHING THAT I CAN DO. I HAVE SONS, DAUGHTERS AND NOW A GRANDSON AND I CAN’T BELIEVE HOW TRUMP TURNED THE WORLD, SAD SAD 😔",UCl-M1VjjIDZJnL6v663Xz8w,@davinladen,2025-12-08T02:14:52Z,0.4635998396847084
16ac157c9a6656d9110a89dc9eff4c20,t15c3-pYSYo,Everyday for years,UCrX4LttAETxyAuDtKH270fQ,@snatchhog,2025-12-08T01:26:18Z,0.4634496560103348
f54aebf842b29eaa65d367057403af74,e478dy0CKYE,"Nope, take it all and pay down the debt",UCoOJg6dZZvzCEeFUj7ECQCg,@DaveSchultzXXL,2025-12-08T00:48:58Z,0.46342229850807903
127bd8d59578b5e0ffc97a4ab4bd7a6a,t15c3-pYSYo,Shueeeew,UCHf7sF1IdPXQP5ameiAHSYg,@MaryVictorine-s8k,2025-12-08T00:52:32Z,0.4632225827146904
b8671a36e60e6d47c6b44d2814cf8350,dQWfdEyorm8,Enchilada?!? All of it?!?,UCwVOu7YS05W0Q12xpf8QPGg,@NoName-OG1,2025-12-07T20:04:17Z,0.46317917502303263
ac8ed0f2bbe28f8a8d86b9139cba725f,t15c3-pYSYo,Holocaust,UCBephuktiwrC0uTWcBro3Cw,@MichaelM-u4g,2025-12-08T00:00:53Z,0.4631771892149499
16cfc47b54dfb89ca5ac39aa53c3cb43,rChcwSozre8,"Da, tovarič",UCqflK1qV7JOqpLX6RB1h4uQ,@jorgegonzalez-larramendi5491,2025-12-08T02:12:11Z,0.46302846588016033
4fe6b6b2661c304d4e2a0a1632b58294,e478dy0CKYE,I hope it falls in on him,UCvfuf7-lPn-URXqe2qhT9PQ,@BigPeepsFunnyBone,2025-12-08T00:44:59Z,0.46302033508232626
4f73cb85cd90e61cc05074b4ac3e3cca,e478dy0CKYE,"@nafet Speaking of bots, have you heard the story about the fake MAGA accounts on X? So, the location feature on X was turned on recently, and a whole lot of fake MAGA accounts in countries like Belarus, Russia, India, Bangladesh, Thailand, etc. were exposed. So, don't just dismiss davemitchell here as a Russian bot. He might actually be a guy named Apu from Bangladesh. 😁",UCbfjI2yj-FIfMf-aqNfL2OQ,@rahimmajid647,2025-12-08T00:57:55Z,0.4630012741154068
fcfa8569701a2cdf7911ce7e0c5eb496,6EtReGSuvdY,Pete kegsbreath is just a beer 🍻 fart in the wind.,UCMLkTrKuK8a9PwL4x51dG3g,@Gerald-q7l,2025-12-08T03:11:18Z,0.46297354304986976
52c17f7432a898397623dbb2feb8a1d9,e478dy0CKYE,"$5,000 DODGE CHECK $2,000 TARIFF CHECK = $0,000 CHECK",UCfHegrhOBK3bGHE5a3avrzg,@Rok-po4wn,2025-12-08T00:57:14Z,0.46288486859202205
882b4d7147a9d41edcee7063eb3d299b,RwW4UYoX19s,I looked up genocide in the dictionary it said i was  antisemitic,UCSZ-CeP52d0IApK50bqro1w,@bablumiah2062,2025-12-07T23:00:30Z,0.4627928686556254
683c037d598c757f5c3c0923ec5eced1,OJA6cZEjA-I,we recognized  ICE  a terrorist organization...,UCDtpOFhhNN2h26W8P4KGyfw,@steve-z5l3b,2025-12-08T02:57:36Z,0.46279269222652336
782deca2f6991a163fd6befd5c743c61,e478dy0CKYE,Melania is always beautiful. 😮,UCOnULsxLCgbXeD313udb7Ow,@EDUARDO-bj9wf,2025-12-08T00:35:28Z,0.4627669024622728
0e409ea212012b346da7dfaa1303b647,RwW4UYoX19s,"I love you guys, but I have to unsubscribe.  I can’t have a channel clogging up my entire weekend feed with weeks old reposts. Makes it impossible for me to keep track of what’s new vs. already watched… Later guys!",UCN2sSGCM-sb2cN-WykWJsXw,@UnpluggedWarrior,2025-12-07T22:15:47Z,0.4625737219337094
f99e35b87b2654dfa1900bc858bbf6cf,t15c3-pYSYo,Yeah....,UC4Gz3bJfnLsZVfWESUwSGBA,@MichaelGrace-s3n,2025-12-07T23:36:32Z,0.462562111319842
24d0f74563d238f3d9264eb71ba5aed1,rChcwSozre8,Not anymore,UCTmBX7FRfCF02dFrw1Jq81Q,@DuaneHallinSD,2025-12-08T02:43:50Z,0.4625447130816795
a946aeae2b356f07144e40edff299f60,dQWfdEyorm8,It’s a joke don’t you people get it? 99.5% will be redacted got it redacted so it won’t mean shit got it. This is called Clickbait.,UCGXuOEXRFV8sxLK6YtpS1gQ,@Poncho758,2025-12-07T20:47:13Z,0.46251178839289897
a2cdfefef80a4cdf06a0d6167c9d4fec,RwW4UYoX19s,@h@hunternedib1119 at least they aren’t the ones dropping the bombs and shooting children and graping prisoners. Stop trying to deflect.,UCXDFeBOQZUUpYZdtOUm6BPw,@emm1756,2025-12-08T02:16:29Z,0.46243574752462435
cad5801717356840d3af47d8482b65a9,dQWfdEyorm8,Old News and a repeat video.,UCtVTIiOkHKLU0Jxas3CeocA,@APAC2002,2025-12-07T20:29:47Z,0.46238413843556814
13d1485d0717aef3fc5f20f098411de2,rChcwSozre8,Tds,UCqhnAU_fXoUKINKnxijG0CQ,@Cameron1-234,2025-12-08T02:38:16Z,0.4623028615367058
d1ffd17e47ade1e0034dcab9f15f1173,t15c3-pYSYo,I think the IDF purposely aims at children and old people because the understand that these children are going to grow up angry and retailiate one day because they've lost their family members and suffered for two years. Just an opinion!,UCmuWU9hEsd0_6pvAF7F-VUQ,@kellyholbrook7667,2025-12-08T01:20:21Z,0.46201452968979523
5d29c24c6eb131d6854ae24f3b61a34e,t15c3-pYSYo,"@bobzaba4842 Option 3, the Zionists are currently doing the job themselves.",UCQQq3XCICDKs_JO5DEyz5nw,@deanm1436,2025-12-08T01:30:52Z,0.4620065466255916
fdecb84de5f85ade45c202b0f2277883,RwW4UYoX19s,Best Zionist is a dead Zionist Canada needs to deport them and Iran needs too exterminate the rats,UCv6PiCHX9c08318vTKuyzUQ,@barrykervin4219,2025-12-08T00:49:07Z,0.4619847354048754
10c5da6c2bb501f5119a624a6b057e2f,dQWfdEyorm8,Normal people do not behave like donald trump,UC0QIutongp0dmQ4lKpgK21A,@williambilly3269,2025-12-07T22:40:15Z,0.4619745605914354
8680ea1f5d593a48ced2a0c0109b7895,dQWfdEyorm8,What are you doing in TYT???? Giving us those news so old... please... you can do better!,UCZrcPIBChP972MBPCEJxoSw,@majduska-v5g,2025-12-07T20:24:08Z,0.4614976866103522
2440d6c17f3999cc863c03ebea0065d7,RwW4UYoX19s,"I agree with you, but I have seen worse clickbates.",UCzFwh9JuMnSlDSLddpFo9jA,@karaokefan-r9g,2025-12-08T00:35:13Z,0.4614613198348559
653faefdcbd0092e8022512915801aea,RwW4UYoX19s,"I wonder how much the terrorist state of Israel is paying for their new ad vids on utube. I didn't know if I should of laughed or vomit. 
It looked like a cheesy Israel election vid against Hamas. 
We choose Palestinian citizens over terrorist state of Israel🇮🇱👹🇮🇱👹🇮🇱👹",UC72OaTLYakh3AqydTS0TwKw,@williamappleby1901,2025-12-08T02:26:23Z,0.461452746922393
4704f17e7347362388993fc6577cc621,KjYSHrFkGrU,Nope. Too bad CNN didn’t bother to report about Raul Rocha & his drug cartel crimes.,UC74Nh9NadTBV6LrXWOqsl5g,@ALICIABOJANGLES,2025-12-08T02:05:46Z,0.46117558768593936
4e4ae0cf38ce8cbd089d38c31b9280c1,RwW4UYoX19s,No one believes your shit anymore JZed devil🔻,UCCAq_xdJLWE496Xo-RNmgww,@MalcolmPaulBroyard,2025-12-08T01:22:45Z,0.46115414289855716
a89080409b10a2ca420b8757fade1c29,RwW4UYoX19s,ISRAEL will fall soon 💥💥💥💥💥💥💥💥💥💥💥💥💥💥💥💥💥💥💥💥,UClj6ZfwY74lchY8R56hwcUg,@littlewickedakarasshady4457,2025-12-08T01:48:51Z,0.46098701633774114
2ec3a36807fdad7285a6798a3cd92109,RwW4UYoX19s,Damage control= more lying,UCnwZ4IQ0kybagkkITn2A5dQ,@Sugarsugar-24,2025-12-07T22:32:41Z,0.46096522036713683
233fd966827723c376ae835d93285c77,RwW4UYoX19s,Piss off fuckelstien,UC5lXZNlLyuEZU4fa6lrJgQw,@2smoker64,2025-12-08T01:25:46Z,0.46092075290119683
f9299a0a99495561f98852245831ea3c,RwW4UYoX19s,"@KevinPeterTobiason

You sound like an extremely guilty Jew who just wants everyone to ignore the current Jewish genocide of Palestinian children and their Mothers. Or perhaps you are a Neo-Nazi?💙",UCXMhq6rYHHBdOwdqIgLL17A,,2025-12-08T01:21:51Z,0.4608854950157236
f31871959b89954d59b2b03762072939,t15c3-pYSYo,Little children? 😮,UCmuWU9hEsd0_6pvAF7F-VUQ,@kellyholbrook7667,2025-12-08T01:21:09Z,0.4608332166321143
e7d56c9e84687854aeb3712176044446,RwW4UYoX19s,I heard Israel was going to take reporters to areas that they staged to look like not much damage was done.,UCyA_P9Y-R7vysXuvwY96ykA,@SydG01,2025-12-07T23:02:01Z,0.4606580776058996
22c6882fde8b8bb90af7d85649651fa8,dQWfdEyorm8,"If the Epstein files are completely released, Trump will be in serious 🧐 trouble 👿.",UCNwMakn3g3k52j-gqDwKW5A,@RonaldPhan-r3z,2025-12-07T20:03:22Z,0.4606467921242048
f594e3eb12483cc68de63ec2f89c71ed,e478dy0CKYE,All right.Can I afford food or my rent?I do not care about this,UCsiye9WoF-yd1jb5NK489dA,@kingmoctezuma21,2025-12-08T00:55:12Z,0.4606257164038453
bab4f2cf82c594bcf1419c09927434e5,RwW4UYoX19s,Better late than never,UCrW_oJgJFpCY1OEf49QL_QQ,@robkiwan1961,2025-12-07T23:54:32Z,0.4605424329224107
308946062bc2fd30a6949578fe2fe7c1,t15c3-pYSYo,so evil can’t compare with anything that evils,UCWKbCTKfS9__5YiTuVEF_8w,@zainbrkh7274,2025-12-07T23:33:59Z,0.46039442215290294
fa6de4d219cd90eefb3d0186478dd335,RwW4UYoX19s,🤡,UC-ftHOlHf8T97QZtwRhb-Rw,@VeilQuest,2025-12-08T02:09:58Z,0.4600276334429325
cd170080005b6e75c57c9c6bbab832d3,dQWfdEyorm8,Oh no however will we move along without you😂😂😂😂😂,UCdcK5-bVSs2Tgm29-H5irXg,@buddymacbuddington,2025-12-07T22:34:18Z,0.4597653973555218
97d587961c03bc32a33ba9ea328be99e,dQWfdEyorm8,"We know it won’t be the complete files...we won’t see Trump's name anywhere, when we know Epstein’s best buddy was all over them.",UCVfBCOh3T4giCeEeDBQoB2Q,@D.B1901,2025-12-07T20:47:00Z,0.45922154768778733
2b57402577b36ca2d973fe9818af155d,RwW4UYoX19s,Hell fire 🔥 is waiting for Isrealis,UCXbQcnRWegUtrEdoD5YQaTg,@Khalil-o8b,2025-12-07T23:51:14Z,0.45913905625681883
476f65b3781cf267c14cc68e1147f79c,dQWfdEyorm8,Do explain more,UCkqoy5f94hVsy0TLTxVx-wA,@qroadside,2025-12-08T00:39:48Z,0.4590628044424072
82162cbb951fa17198317373a5bf5d56,RwW4UYoX19s,Hannibal directive.,UChXK5lxf_F2gmPEilpXk9Nw,@GelalBayar,2025-12-08T00:07:51Z,0.459010791801004
0d9b0cdf3df680077bb838eb876edf6a,rChcwSozre8,"Jesus, how have we found ourselves here and more importantly how do we stop what's happening. The grifting of this family and their friends must be investigated and prosecuted by future administrations and I really mean that to be plural. Congress must pass bills and be signed  by a reasonable President to reign in the President's power. This is of course, if we ever have 'another' duly elected President and a duly elected Congress. Sad but true.",UCIr59pZ8nZwlANa6HHTG48g,@GHV1357,2025-12-08T02:22:35Z,0.45894582065847933
6dae4ac3c99ac18d4ea0a741af1d5994,e478dy0CKYE,Talk about the trans shows they put on at the Kennedy center.,UCrvjZYTceiyoeoaqZdXFacg,@imveryhungry112,2025-12-08T01:03:56Z,0.4588155578847668
57d00761e234edbd4412e1f4c80ecb3b,dQWfdEyorm8,"Why are you rebroadcasting this video from weeks ago? Not good, guys! There is much to report on without pretending this is all new shit!",UCFL67qn9ivEghJoeKOfoqfA,@sandralovell5624,2025-12-07T22:47:59Z,0.45863283134629457
7fa8cbcfa6dd3d1ffde1e9a6da6fc8b2,RwW4UYoX19s,5:52 propaganda materials.... israel acts like we don't know all govts do it,UCoCXLZ-Jmvx8vMMa1smdl-Q,@DieselBlackCanary,2025-12-08T01:07:22Z,0.4585180364215338
ca4bf184fceaa7577086f5f1bf6adc7f,RwW4UYoX19s,Dumb,UC9PZkvpzG190Toen92Q1rMw,@danielpatrick9304,2025-12-08T00:34:31Z,0.4584488495552854
b9b4e677a0e378727824a1e9b2639cbe,t15c3-pYSYo,"Finally unsubbing after doing so elsewhere over the past few months, though it's been a few years, at least, since I've even tried watching anything 

I still find it somewhat difficult not to be moved when I see Cenk upset but that's just the years and years of investment without ever bothering to look into the Israel-Gaza conflict or anything really related. Certainly it was before I'd have my entire worldview shattered forever by having actual interactions with Muslims from all over the world 

Cenk is wrong. His nephew is wrong. Ana is wrong. Anyone who enables the grotesque scam that is Palestine is wrong. I regret the years I spent mindlessly watching not realising who you people really were

Long live Israel and the IDF, today and always

Palestine will never exist, no matter the amount of dead women and children that you try to use to get there

Palestinians, after all, love death, love to see their children ""martyed"". Who is anyone to deny them what they love?

For anyone who reads this, not big brained enough to read about the history of Islam and Israel and the Jews? Literally just go online and interact with Muslims - preferably, let them come to you. It will tell you all that you need to know as to how much you should really trust them, especially as a woman

Turks, I've very much noticed, are problematic. Even the one that I thought for sure would break the mold sotospeak I ultimately felt that I needed to walk away from

You are blind and don't see them for who they really are and the very real danger that they pose

Wake up. Please",UCfb18QpKSI35yX2S_bVgvKw,@breakingthisdown,2025-12-08T00:33:18Z,0.4583914926718755
58318d9f56b847234fc1ee0ed1204129,dQWfdEyorm8,There is no panic. Be real,UCM0LwniOjzV0UC3ZNFwr-Dw,@LACYJEN1999,2025-12-07T20:23:53Z,0.45835242084968364
0c94664fcc08df6ed8492177b288ccbb,RwW4UYoX19s,"Not holding my breath 

Israel lies about everything 
BDS Israel. Arrest them all.",UCX_2VxZjuN985ZBw7cNgd2A,@docholiday8029,2025-12-07T22:14:48Z,0.45819155583603016
e0e31bcbd93fe8f47f38eaee4776574d,t15c3-pYSYo,"​@sheldonscott4037
.....???",UCXvVJGJWubBwVi27224IplQ,@earlgrey9329,2025-12-08T00:50:34Z,0.45801639381653436
71982941d9ad89e2ba083044cf8f6c4e,dQWfdEyorm8,Yall are gonna look stupid when you find out out its 99.9 percent redacted and the government just says f you,UC2SjD1V0acc6DUzkT33HiuQ,@Letsgofishing-m2f,2025-12-07T23:10:49Z,0.45798610463540224
41e5679a2b9730fdb5a190d662de572c,dQWfdEyorm8,TYT keeps reposting old news.  Why?,UCWiUTdTcvI2Ntds8qQ9qaAw,@411dify,2025-12-07T20:23:51Z,0.4579835319962804
3d5010a73cd10ccb770e62fbe59a2f57,RwW4UYoX19s,💚🍉🌍🤲,UCSFYDqq0vdYKLSRCjupvNIQ,@YakoKose,2025-12-07T22:15:43Z,0.4579566388264559
6169e5249d4e03fbca8d556c486d77e9,dQWfdEyorm8,TYT fans arnt unhinged at all.,UC3t4A1ToVnYGGPbwg2upWzA,@TotalWater-pb4qg,2025-12-07T23:10:47Z,0.4579191723633523
42f776dc223203391c90ff4dc82cc900,s2EXTCAFPKA,The US has always done double tap strikes. There is footage on YouTube of AC-130 Gunships wiping out survivors of airstrikes in Afghanistan and Iraq.,UCt_5ULcDGBo8dLBdsjmf_ZA,@nobody1345,2025-12-07T23:30:41Z,0.4579047703463802
be4bb772f59326e0659fd8db2513bbbd,dQWfdEyorm8,"Ana, your  strength is unbelievable. I saw you on piers, gooo girl. Your consciousness is clear, Zionist will love you to be on their side.",UC47A2t7TkfNL2ahou98-YbQ,@Sabrina-v5v3t,2025-12-07T20:43:38Z,0.4578369725143452
ca647ada11bd0133d9d2c641520548ef,RwW4UYoX19s,What is the point? Gaza is a living nightmare & everyone knew it. We’re just finally getting to see it in real time. Israel🇮🇱’s attempt to put lipstick on a pig..Now?🤦🏽‍♂️,UC5Dyo7pHqdM2-BwmQk1bGDA,@Mr_RaZiM,2025-12-07T22:53:14Z,0.45762427869948347
2f6f64b801dc4abc8f56d14c910d340e,dQWfdEyorm8,Trump himself is very ugly 😂,UCGKEPOn6SMG19J_Moq41ewQ,@KanwalAkhtar-v3k,2025-12-07T20:26:04Z,0.4575561891717109
c9644a058182c1b69b752d59242ceb28,RwW4UYoX19s,"@Flower_ledgends  And if they say Gazans are raping and torturing Israelis, we know the reverse is true.",UC2z0Y51u1ubvU65Gal2fr3A,@msimons7440,2025-12-08T01:10:00Z,0.457394607043224
a398b72954ab8d44fe0839f06629a6f4,RwW4UYoX19s,​@glennboyd939 T fukin G bro love from QLD,UCZI0EnpmpmUUL_TP18AcHlA,@TinaB123-i8i,2025-12-08T00:49:04Z,0.4572679494598141
52a8bcafde40e6a80dee2b058548c31f,dQWfdEyorm8,cant wait for mtg to read djt out loud,UCxiJ5eov2TWME4ihip7L65Q,@ShaeCloud-k9y,2025-12-07T22:17:56Z,0.45710660837797035
42bcb3289ff110b8b54afe6b383d4d13,KjYSHrFkGrU,"💯 Agree with you. Congratulations Fátima, but Ivory Coast deserved this. No longer supporting miss Universe after 40 plus years of watching.",UCd1WihKRNhH_Ieb9OHoGXJQ,@FETISHINALLSHADES,2025-12-08T02:29:54Z,0.4568400563532157
875a1c68af3cb7680e16b5e29afbfbcc,dQWfdEyorm8,This two cents thing is the most narcissistic weird scene on you tube.,UCmv-giPA-BelRMUjhJOgXkg,@thiosemicarbizidebenzoylal2921,2025-12-07T20:06:03Z,0.45665635698279533
f9411be7cc79d3099be04a4be12e9fd1,e478dy0CKYE,​@halfdeadedlifereturningwit3420not anymore 😂,UCrvjZYTceiyoeoaqZdXFacg,@imveryhungry112,2025-12-08T01:12:57Z,0.4565533539368861
c30d87ce427b901758f74aa494a6c1ce,RwW4UYoX19s,"masters is too high praise for them, they are pretty bad at it and it's all falling apart for them",UC6icgClrLZJHTFe19KIqtkA,@Ricard1807o,2025-12-07T23:11:34Z,0.4565030169980707
bed505f01f98ee23a964d7a326c8c90f,dQWfdEyorm8,This is like 3 week old news,UCGjtKDA4zUN9QmG1j9haIGA,@TedCruz-t3q,2025-12-07T20:23:11Z,0.45642170637845325
e6ed4a179c7fd55d93975c4c1496b453,t15c3-pYSYo,CNN fake News ..finalllly waking up and bringing in the truth,UCQhCwbp2ZVIOgutqcN6_3vw,@jacquelinetoia2905,2025-12-08T01:16:17Z,0.45625059850526883
11fb7424ce26e853982155bab9029b8b,RwW4UYoX19s,"LOOK UP- ""Tel Aviv"",""signs"" ""cache"" of arms/wepons- YOU WILL SEE SIGNS in Tel Aviv CELEBRATING the SYNAGOGUES, SCHOOLS, and HOMES the ZIONISTS used to ATTACK BRITISH and PALESTINIANS- The ZIONISTS use THEIR CIVILIANS as HUMAN SHIELDS!!! We all learned that ""Israeli"" MILITARY SITES are located UNDER A MALL in Tel Aviv in the 12 day ""war"" with Iran!!! AND we have SEEN IDF STRAP PALESTINIANS on the hoods of their cars!!! #IsraeliLIES #HASBARA",UCyj7TN5uHp2bHVzXkekn9yQ,@tabithaenriquez1330,2025-12-07T22:53:03Z,0.4559811676623817
8d3dde5b56eecdbc3f2329f40ee7a877,RwW4UYoX19s,Lies,UCj8zvSRZpjdb12AKve2Rj2w,@sergiochavez3769,2025-12-08T01:50:36Z,0.4559540544432878
96717b944a080ee00a8aaa5abff6676a,t15c3-pYSYo,ooooh cnn didnt they do a ham as propaganda vid with one of ham as members kid,UCiReaz_6crGlCVTN1Snd2_Q,@ozzmundo5095,2025-12-08T00:12:10Z,0.4557358226516517
9cff7c4abdb964ac36a095a8f482c782,dQWfdEyorm8,Anna wants the whole 'inch'ilada??? Stop teasing her with just the tip cenk put it all the way in!!!,UCOUFpzLhxZCccvzLh0kNj5A,@zombieoutbreakresponse,2025-12-07T23:48:09Z,0.45554011896353863
8de0345870cb63e4c49b6526ec05d90d,RwW4UYoX19s,Several propaganda sites will be set up to sell their narrative and NOONE WITH EYES BELIEVES IT. Any journalist going along is a puppet who isn’t interested in the truth.,UC843EIkRTW7HOSoladuENJQ,@taisha8733,2025-12-08T00:05:49Z,0.4554500313792532
67db0cd131065b6b892e3514a275f6a3,rChcwSozre8,"Trump's White House is the new Mafia headquarters. 😎
With Hegseth as his enforcer. 
💣",UCupC0GKAnfAYgwqynEmb5Lw,@b.t.2795,2025-12-08T02:11:14Z,0.4554237067297929
2c1644368f6ad5ed1ae143f528a16c42,dQWfdEyorm8,I have lost all credibility with Trump.,UC9MQOKLbxCG3tLSlsVOrkzQ,@FlatEartheratruth,2025-12-07T20:30:58Z,0.4554196751669505
3075f977bd73691e9223e1c93ed65136,RwW4UYoX19s,"Whats wrong or right.israel treat gaza like animals IDF check points and walls keeping palestine people behind a iligal border stealing and killing for land because god promised it to the jews.israel netanyahu funded hamas in the last war agaist Egypt to help fight israes war.israel hide behind usa funded and corrupted through politics and weapons.all the other surrounding countrys of israel have usa backing with weapons except iran .usa are using israel to exspand out so usa get a grip on the middle east.its about land money  oil and  power control at anyones cost.oct 7 happend because there was no other way to fight back against israels military ,dont forget israel have been the occupier for years.  if you have human and treat him like a dog he will bite",UCjWH-PGQW9XmO0WLhXxrgJw,@paulheaven4311,2025-12-08T00:27:42Z,0.45528248282032246
77176220ecba089bc3ff813f7dcf5ecd,t15c3-pYSYo,AGAIN! THIS GUYS AUDIO NEVER LINES UP WITH THE VIDEO! WTF,UCiX2393Jpilk93uP-_Pn08g,@patmathew5757,2025-12-08T00:22:22Z,0.4551100701750107
bd19ba210e8979b52c9c1ff985caefd6,RwW4UYoX19s,People of almost every faith or lack thereof will call out the evil in thier own ranks. Unless you are Israeli. Then even the ones not in that nation will still cover for them. That is how the round-up in WW2 came to be. Take a stand against your government. I gladly call out religious pedos and Americans who are evil. Why won't the Jewish people speak out? Do they fear the Mossad? We are headed down the same path that led to World War II. Only the rational citizens are speaking out. While all of our governments seem to want it to happen.,UCBsG9bEzjhVtUZjCLvgD0Cg,@gopherchucksgamingnstuff2263,2025-12-07T22:17:31Z,0.4550807684650665
7747c1e62110040b90da84217f5ec444,dQWfdEyorm8,Yep,UC72wOtVmSuCHRTRQeWIiTTw,@integritynownews1,2025-12-07T21:35:00Z,0.45507330618271913
4286370cdb8c8c4dfacdd61ece450cc4,dQWfdEyorm8,All black ⚫️ 🖤 seriously redacted! 🤣,UClPjlZQ933tKQBH7nOv-CDQ,@Karen-g2d4o,2025-12-07T20:03:25Z,0.4549577007055886
e5ba112c7932d3479ef4bf7d0224ca1a,dQWfdEyorm8,They will be available in 5 years,UCTT4pE4hQ9lPxo4UqDnvE7w,@Happ-E25,2025-12-07T20:42:28Z,0.45488423058126953
248fa9191adff3ba92fa0c90ee466621,oylbyE5Zt0Q,@o00p agree,UC22oHzXyXUuI7Dwf4swr5Iw,@davemitchell6281,2025-12-08T01:44:23Z,0.4547567242471001
3d07ce72902c6cc7e450cee230e4e0f9,t15c3-pYSYo,America has woken up  but a high price it took …,UCcUxtUPk7NS1hmaDJXfMR6A,@quattrosport2860,2025-12-07T23:36:33Z,0.4546167999850439
64d30e89bb3fef5d4f960ba84e9ebbac,dQWfdEyorm8,Wasn’t this 2 weeks ago?,UC7qMy7A4KDO7J_Rwd1X_HFA,@harmonyaquarian9210,2025-12-08T00:34:14Z,0.4546032672296574
9ff9b5e8d5fd97fc4d64c1b721a6ea46,oylbyE5Zt0Q,I thought Obamacare was supposed to make healthcare affordable??,UCxxguaDr2pYcGWNqnk2NLxQ,@stevep7713,2025-12-08T01:24:01Z,0.4545823716748557
a1c76874cef3cf5927aae4b13e70cdcf,dQWfdEyorm8,"Why is this video being released on 12/07/2025? Do better, TYT.",UCbI7LRCpIFLduQ1ERDtp_BQ,@TheASTrader,2025-12-07T21:10:57Z,0.4545025981204817
28c68c592460239471fc118ed04833eb,RwW4UYoX19s,"They are the most evil monsters on the earth,Death to Israel.",UC1Uj4-Lh-NPy1_r57enXOIA,@RonaldGeaganGolberg-t3i,2025-12-08T01:07:11Z,0.45424864655734126
4f3c45b55373698119ed9910c9372ece,t15c3-pYSYo,"Islamic Empire/Arabs: Existed, Jewish Empire: never have never will",UCJi8k3JAHwYn6BgiM51rwZg,@jam6876,2025-12-07T23:20:37Z,0.45421840758460585
f91ab4d526c0d6f1ef701d4d3070d375,RwW4UYoX19s,"Clinton got caught ""having relations"" bombed a pharmacy to distract, essentially killing 100000 
Obama droned afghans everyday for years
Ms. Clinton killed ghaddafi and bragged about it.
Bush did some shit...
Dessert storm, Pinochet, black hawk down...

They learned from the best
""If you can u can"" is the thought.",UCro29G318j7faVxpvDOai4A,@exvandalz8095,2025-12-08T00:35:10Z,0.4540037308737407
3b5fe2fd8cd099334e1c623a107d41c1,oylbyE5Zt0Q,I will still pretending that drug dealers are fisherman?? Asking for a fisherman..,UCoOJg6dZZvzCEeFUj7ECQCg,@DaveSchultzXXL,2025-12-08T01:34:28Z,0.45396648811369167
f23e2419b1b0141df9c0f6650612dce9,RwW4UYoX19s,"Oh, the Israeli government is going to lie? That never happens. 🤨",UCBsG9bEzjhVtUZjCLvgD0Cg,@gopherchucksgamingnstuff2263,2025-12-07T22:07:12Z,0.4539153520790903
a0ebe1f250c53442530f9d20298e03dc,t15c3-pYSYo,"And the truth is, that the IDF killed most of the so called Israeli hostages. Good Israelis know this, they know their government is an abomination to basic human rights and is intent on genocide.",UC9tJhU4L27FhM6Z7GGum2uA,@MitchJW,2025-12-07T23:36:02Z,0.45377776327879593
bf4bab23148b3470ba339a91fa3797e2,e478dy0CKYE,This is  Maga stupidity...lowest IQ political movement in history,UCJOJzvDbmGHs393uYE2QKGA,@merkaaaaat,2025-12-08T00:47:52Z,0.453654094081463
00d24792b87984bf9227e917cc06dc1d,dQWfdEyorm8,This broadcast is three weeks old ! WTF,UCN2sSGCM-sb2cN-WykWJsXw,@UnpluggedWarrior,2025-12-07T21:35:04Z,0.45357590437299267
4146d1f1fcee8d09deeff118a50757e9,RwW4UYoX19s,This has serious legal ramifications for any future war crimes committed,UCfOFIAs5AE-N5TJrvMqXyug,@RobM-o2x,2025-12-07T22:50:23Z,0.45347371320873653
a871da753462bde16be84da82d454fe0,t15c3-pYSYo,"Even if your statement was true, does it mean that the IDF did not do even worse things? There is no excuse for genocide, ethnic cleansing, war crimes, mass starvation, murder, torture, abuse, SA and all other atrocities that are being done by the IDF",UCnRd6WUE2HTUFBl7jlOFgVg,@oemchen77,2025-12-07T23:57:21Z,0.45346965382795695
6b92842871cc16649d029d69ac23b9c3,rChcwSozre8,"I look Forward to American Isolation.
  🇨🇦",UCmIS4gBF0Dcv63NdgO1qvSw,@loorowoo22,2025-12-08T02:12:34Z,0.4534661873633111
95afb0dfe8f772ea512c5cbc825ae40d,dQWfdEyorm8,I love Russia.,UC2dp-uS5vDMOQUeCtVyky_g,@TW0man4RMY,2025-12-07T20:18:58Z,0.4534591313254821
1774f24fc5e5b1b192ecb3ed0792d29d,t15c3-pYSYo,"This has been going on for two years now. 
I saw videos of IOF using other construction vehicles on a beach and they were burying Palestinian bodies. Israel is a true terrorist state they only commit terrorist acts... Not even just war crimes but full on terrorist acts. 
More and more people every single day hate the terrorist state of Israel🇮🇱👹🇮🇱👹",UC72OaTLYakh3AqydTS0TwKw,@williamappleby1901,2025-12-08T01:52:03Z,0.453221128633043
43ad5e69a598e034dee175dd2c231c90,dQWfdEyorm8,"H&CKERS.WORLDWIDE-B SUPERHEROES RELEASE ALL THE FILES 2THE🌏🙏
THE ONLY FILE THIS CRIMININAL SYNDICATE RELEASE IS THE P£.D0.FILES👹!🤬
MAX.B, CANDACE, PROF SACHS, TUCKER SHUD START OWN UNCORRUPTABLE PARTY!",UCARxPu4Ospqsr_smVc-il2w,@cheryllines4106,2025-12-07T21:12:24Z,0.45314862250254306
f0d1742093e4363b62350fc87c0ee34a,t15c3-pYSYo,British politicians have been similarly compromised.,UCfOFIAs5AE-N5TJrvMqXyug,@RobM-o2x,2025-12-08T00:13:55Z,0.45298705030238684
ba3c14a955c73124696ada0b2f96236b,oylbyE5Zt0Q,Then we are supposed to stick with bama care forever… like cmon if you remember the keep your doctor and all that 💩 he sold us on… you know it’s a lie and you won’t even admit it…,UCvAa4pMDX7um6ZxUfjWZBsQ,@CalCityComing,2025-12-08T02:30:57Z,0.45297655833366957
185767fcaee33aa8c911e60f1a2dc9d3,t15c3-pYSYo,i love turk,UCCv9L_2I8hrveaKjmq1qS-Q,@Hartelowsky,2025-12-07T23:21:07Z,0.45283095952932484
9d4706c5148911e89117bd574a08740b,RwW4UYoX19s,100%,UCIky-V0TsQvzfLMh5EoKwAg,@paultoseland9524,2025-12-07T22:50:18Z,0.4527718661909503
83a7b308397e590adaad07c61a3d6ff3,RwW4UYoX19s,Ana ... please ask Cenk about his gay friends.  Oh Muslims don't believe in that.  Sorry 😮,UCnRIcQcIwi3mHurrKrZPlqA,@jimmyyoung9850,2025-12-07T22:42:54Z,0.4527617284376275
a1daaa9c2c329e25bf875255019194dc,e478dy0CKYE,😂 “Dating” 😂😂😂😂,UCAC94TXwIjHGIHGYyJdj86g,@whatalifewhataprice5261,2025-12-08T00:57:53Z,0.45274774333812806
1b4d0bd07e1aeb4b16c5cb0ee8d37c61,rChcwSozre8,Vance/Hegseth 2028,UCzsiCl8VmXd_yvnNRZtUubA,@Ballard1984,2025-12-08T02:06:34Z,0.4527324445101196
5d10e18ce9abb539447ac5f94e109f03,dQWfdEyorm8,It's not one or the other. Both can be given attention,UCAO2yTsBVpXDDswEL0gkrvg,@HIVOLTAGEZzz,2025-12-08T02:35:30Z,0.4526828531951541
e3c39fe7a1ecd2da08307fa78c55b4c0,oylbyE5Zt0Q,The Republicans are working on it Democrats still have their heads their ass,UCgfVkOjBNMtLDWePxjCAoAg,@AllenKranawettrr,2025-12-08T02:30:56Z,0.4525685918131138
3a9712950de48d982e260336e7c9010a,RwW4UYoX19s,Human stories. Ok. I'm tired of your human stories about Israel and their people,UC_gXODE1YL2uWMSTqJooeWg,@StupidGuy-z6v,2025-12-08T01:34:36Z,0.45243139812305977
d128b53800503f2ca3f8ef9860bf1438,dQWfdEyorm8,"TYT ... who cares about Epstein Files ! ?   - 
GO HEGSETH !    HEGSETH is doing his JOB and obviously doing it well  !   :-)
**“When you have a boat full of cocaine and terrorists heading to this country to poison and kill Americans,  that’s a legitimate target.” ***
THAT IS CLEAR TO ANY THIRD-GRADER except to the DimokRats !!! ! 🙂",UCPdD3YpXTI2gROpI-LtEiNg,@TheVeritas2100,2025-12-07T21:16:49Z,0.45205416973063434
0590f8b4ff80fd7679a6b3204168f17d,dQWfdEyorm8,"Anna, your passion is obvious. Cudos❤❤",UCM0uz828_JBRV0bDBxgyQ6g,@TyKeith-e8f,2025-12-07T22:40:03Z,0.4519473796411447
2ee9e7c54c2a1328dccd7f36ceede938,rChcwSozre8,This is just as embarrassing as the fake peace prize he tried to play dumb not knowing what he was wobbling on the carpet into.,UCpjexoE4MnR65AqpxAsT_fQ,@DarthSailorMoo,2025-12-08T02:23:36Z,0.4519091553258932
f2d9df2af3f7b745523d9faa8b337e5c,t15c3-pYSYo,The existence of Jewish Israelis is a war crime and a crime against humanity.,UCfkZWaLc8AQ2wKHRqVCNBiQ,@Mo_A5699,2025-12-08T00:12:16Z,0.4519060619427894
f3778364ed85087e777bb3b9e153a500,dQWfdEyorm8,.... so wheres the files....??? clickbait...,UCdfEzuWp_r4gWe6wP0XjChg,@john-daviddennison2862,2025-12-07T20:09:18Z,0.451886216226035
1326acc4025a6659810f9b7ef1db7234,NEVp5tO6Xik,Benin,UC7tFBsqfv1zqV2uUF_a6-3w,@icephoenixes1536,2025-12-08T00:12:02Z,0.45185425501733323
866133428cab251c516075bd1b76a245,rChcwSozre8,"In some countries,  corrupt politicians are put to death.",UCR1dvI-lg-XGArLIGcxAVXg,@gbegiizhig7607,2025-12-08T02:12:26Z,0.45179947655585295
b1d86e9a17ae9d8b4ec8679a62abaca0,dQWfdEyorm8,"Viewers beware - this is an old TYT video, at least the lead-in story is.  Perhaps some actual new news follows it, but even if so I feel I (and many viewers) feel something is amiss.  TYT is one of the many podcasts/channels I check in on regularly and I don't mind putting in as much time as I do to get educated, but I don't want to waste any time clicking on a title headline that seems current but actually isn't - and I don't mean by just a few days.  I've never seen TYT post an old video as if it's new news or current, but this may be the case here.",UCIR9vS02FWLD663JuyPXsLA,@midwest6371,2025-12-07T22:47:56Z,0.45169793149894655
9b4f9aec89e9210d849c90e96dd63684,RwW4UYoX19s,@annebaartz5606 He's going to pop.,UCvXffbh_Jhdac3h36xzoLHA,@Obeytime-w4i,2025-12-08T00:00:45Z,0.45165186599457297
ad1885b92232e652766199c991b700d0,RwW4UYoX19s,"Trump is likely to be removed from government one way or another. So who will then get the job of governing Palestine. Rubio ? Hegseth, or the other Zio lunatics controlling USA.
Sickening.",UCa2DKWCDcXjybBckyIhIa2Q,@Spk-r6x,2025-12-08T00:10:03Z,0.45156908693133174
0b75e99500b826b361e0dad79aa3391e,dQWfdEyorm8,The Epstein files will be redacted to the point no one will know anything OR they will say it is government investigation ongoing therefore can’t show us the EVIDENCE! Really! We are onto you guys!,UC8qUkYUjQeCZe9yYwZx9oZA,@deborahilyia1125,2025-12-07T21:29:54Z,0.4515077082055422
03b2716584d89096b199ecdd15d40352,RwW4UYoX19s,Oh Roosevelt we have had many days that would live in infamy since that fateful day 84 years ago.,UCT4xu1ekk0BRMArMbK5Nj0Q,@SinoLegionaire,2025-12-07T23:12:12Z,0.4514310095990949
189688ade8f127137145f9cad656db59,RwW4UYoX19s,It's antisemitic to compare a homicidal state built on the concept of ethnic cleansing with  that regime.,UClsAhZ_Ory2isALz5CuzDqQ,@ThatsMrPencilneck2U,2025-12-08T00:22:51Z,0.45134526531163627
2d4685671c4086f2b2667932b4948eab,t15c3-pYSYo,"You are very well spoken .
A person I could speak with,  with honesty. 
Blessed be.",UCpjE_nNyEeAI2oGl1EA2_Hw,@stevenscott2342,2025-12-08T00:16:34Z,0.4512512297360665
ce2a56730fca58442395df01aaba31b1,dQWfdEyorm8,"People, the Epstein files are being guarded by armed Federal agents and FBI at a secure location in Winchester, Virginia.  What does that tell you?  What is so dangerous in those files that they to be need guarded 24/7?",UChFp2-EgX8cMBGj8hN71Cmg,@JohnSmith-il7jn,2025-12-07T20:47:05Z,0.45122277931027355
f6a52693341e89c6f9dc9c1517b39076,t15c3-pYSYo,"Hey Cenk, how about TYT offer Trumpoh a TYT inaugural annual peace prize. Might be fun to see if he accepts it.",UC6Ydm6lhk4wRscId6KRZAwQ,@yuctoborian,2025-12-08T00:45:16Z,0.4511978309776768
dffd545501ce10ce60c38bee5a0fe8fe,RwW4UYoX19s,Gay people and women are not that popular in Palestine.,UCmF5u_Pk4xaHumwEPjYunzg,@hunternedib1119,2025-12-07T22:47:53Z,0.4511584745182474
5ee8e3b1b572e135ee52bb21f70e9f0f,s2EXTCAFPKA,"""Where were you when Obama was droning American citizens overseas?""

They did countless videos on Obama and his drone strikes.
Anyone can go up to the search bar and put in ""Obama Drone strikes TYT"" and find many, many, MANY videos they did regarding Obama's drone strikes.
Next time do minimum research before you say something so stupid.",UCcqMN88WoC4fuWikdogk6YQ,@tompriceusmc,2025-12-07T19:34:04Z,0.4510538671146468
69274d978ee81bd1ecb494acbedde7e4,RwW4UYoX19s,@BaggyTrousers-d2n wdym? Im talking about the civilians in Israel. The ones who are innocent especially the hostages. Which btw some of them are children,UCWtpxXywZDmrti0EgVTgnkQ,@CalebDaGamer130,2025-12-08T00:12:18Z,0.4510343973000809
dd1f42600be7700d19ebe0f91b61748d,e478dy0CKYE,Isn't that the same guy that won this years FIFA Peace Prize?,UCwYt9itmJ9Tm4jPwZDk8Bag,@jimmychoons5543,2025-12-08T00:32:48Z,0.45100679075353445
41359bc1ab5599af623403ee625543cc,KjYSHrFkGrU,Viva Fátima Bosh🎉🎉🎉!!!,UC4txN56hWZboyhLXATb-6hA,@anabeldominguezvargas7648,2025-12-08T01:34:02Z,0.450922395460304
39c7b6757b27acfda9285e2bf48e555c,e478dy0CKYE,Melania looks like she is about to hang herself.,UC6WktgEVFo3N5HO34pHIEWA,@pbfamous07,2025-12-08T01:39:11Z,0.45082523255049656
a5852a4617cba62e9389620418bf1b1d,RwW4UYoX19s,"6:04: Exactly Ana, their Hasbara is sooooo tired and ineffective.  How do they not see that?  Ana is missing brightside of them though.  They make great drinking games.  Try watching Zionist talk at one of those pro-Israel conferences that seem to happening weekly and drink a shot everytime they say ""human shields"".  9:44: Ana should've said you're either like Brianna Wu or Brianna Joy Gray.🤣🤣",UCWevJMGyGPQgPeRKWhnzaBg,@toordal,2025-12-08T01:09:14Z,0.4507615301764669
c4478a0ff2fef5c9aaaae9844234b0ba,RwW4UYoX19s,"Reignite criticism of Israel's conduct. Like that fire ever went out, or ever will for that matter.",UCpj8MlZSrkH-TzKEVEQeyKQ,@lostamongus8888,2025-12-07T23:47:11Z,0.4507325590206186
687a1895c486f6939be63e46ab90ce08,dQWfdEyorm8,Do you have a calendar?,UCRhqsKtRw5E-mZEQeQxh1Dg,@cathyosbourne6986,2025-12-07T20:40:06Z,0.4506845503595015
5eebfc63f9e12e750ae79193e14ed173,dQWfdEyorm8,How do we know Trump’s Goons hasn’t already eliminated sensitive evidence & or redacted a lot compromising details?,UC5Dyo7pHqdM2-BwmQk1bGDA,@Mr_RaZiM,2025-12-07T20:58:02Z,0.4506567438276061
c25514bd942ca6059f145ead8262b04a,s2EXTCAFPKA,Why not??,UC6Uc7TjQnWPo8qB64cj_MEQ,@jackcasebolt140,2025-12-07T19:27:11Z,0.45052400692246364
a4d02d2bff08bd26275457591905ff28,RwW4UYoX19s,These so called journalists are from the same media that is controlled by Israel,UCLxVYM3jgYg2iWWJRcx3klQ,@kasimabdul2948,2025-12-08T01:30:35Z,0.450497066340025
a56dea00f69e34f233d852e332463185,e478dy0CKYE,President Trump is an American Hero🧡🙏🏻🇺🇸💪🏻,UC99jvrjs_qCb8Ko2lkDTWfA,@SupremeWin777-7,2025-12-08T00:51:27Z,0.4503981838440595
3c28a3b954683b776983acc77d524ac0,RwW4UYoX19s,Israel good 'luck' cleaning up all that rubble in time....😆 dumb genociders,UCJi8k3JAHwYn6BgiM51rwZg,@jam6876,2025-12-07T23:42:26Z,0.45030733602762524
cad99c0c1b4b42cb50bca46698c63f93,RwW4UYoX19s,Damn I gotta read the whole comment before typing 😅,UCZI0EnpmpmUUL_TP18AcHlA,@TinaB123-i8i,2025-12-08T00:40:33Z,0.4502002616445465
ead82a785465a36e05405b52ef9d786c,e478dy0CKYE,The dumbest president in history was creepy Joe in the most hated president was George Bush,UC99jvrjs_qCb8Ko2lkDTWfA,@SupremeWin777-7,2025-12-08T00:59:01Z,0.4500641307222992
818d49b209866b49e24d25c28838af4d,RwW4UYoX19s,"Obvious ragebait, dont sympathize with baby killers",UCiDjpdc7LPnS_8ZaFCmpiRQ,@shinzilla4847,2025-12-07T23:54:30Z,0.4499943523651296
fe4241b4e6a996b4c895ea32036400bc,t15c3-pYSYo,Cant even watch what isreal is doing. Never will support them. I hope their trials are fast and punishment death. Genociders get no forgiveness,UCyRvOQCkdyUv3R-9r1RCiSw,@jacobmccabe5216,2025-12-08T02:12:44Z,0.4499758050590149
567a697335d082ac1c5e638b70bdf568,rChcwSozre8,Never tolerate Maga hate,UCUnSM8Fw2wrGSxdWzkvGIuQ,@muttinoftruth,2025-12-08T02:16:50Z,0.44996320416228575
1a4084cfcbb412a8d6ff442a1a18fc89,e478dy0CKYE,"Things that CNN won’t talk about: Democrats connected to Epstein, the Schumer Shutdown, and billion dollars of fraud in Minnesota welfare .",UCoOJg6dZZvzCEeFUj7ECQCg,@DaveSchultzXXL,2025-12-08T01:07:23Z,0.449959184186009
ef7dd901a17e81e6cad4b3d31546c266,5tvOpAe46IY,"It was trumps the second he started with those stupid temper tantrum based tarrifs.
Fact. 
So February.",UCbBvBqpThH7kn8RMhgt8mSw,@noway1844,2025-12-08T01:24:30Z,0.44990523417765127
ad75d73ed3194a46ef324c3b934119b6,dQWfdEyorm8,this all happened 2 -3 weeks ago,UCM2_04oSi2rHx13gNR-M7-Q,@Mista2,2025-12-07T22:19:59Z,0.44989910897455815
b27bfd5b09d65bd906909d8434494835,RwW4UYoX19s,Zionists.,UCIVBsTlBt5NSHiJzEPvmUkQ,@BaggyTrousers-d2n,2025-12-08T00:05:33Z,0.4498785322710162
a4e7d99b15410c52883a078b042d8148,e478dy0CKYE,Kennedy would rip his name of the building if he could see the despicable things Trump is doing there!,UCk0nnok_qMpmQ5rCKskvgfw,@R2_D3,2025-12-08T01:59:01Z,0.44984996375667397
6b7448efd31ff1f6de0bc0baa3c81b28,RwW4UYoX19s,God's not dead 😇👍,UCymLcZTv9Tq50yx3Y2T343Q,@Sunny-j4m2h,2025-12-07T22:30:35Z,0.44982385155078425
86ccf395700ede0d3cb38129b22bd68a,e478dy0CKYE,"After the FIFA Peace Price, NBA Price in Literature",UC5_P8Lcig0WIoLL6Gw_8P-g,@badluck5647,2025-12-08T00:39:41Z,0.4498218807208445
ab62509995c2696bc8ac02a5386ba640,dQWfdEyorm8,"Now that the Epstein files have been scrubbed, Congress can vote for the files release and still continue to serve their donors?",UCTpXITlQpMR2wq2m1z6r83A,@lam6572,2025-12-07T20:43:35Z,0.4497775742533603
f3289a1a38b586513c9a88d781abc2ee,dQWfdEyorm8,"“Epstein with not necessarily working for Israel, but he was working with Israel”.. sheesh you guys are too charitable with these Zionist elites.. if there was a brown PERSON involved they were working FOR Qatar, Saudi, or Iran. But it’s a white billionaire so we “shouldn’t jump to conclusions”",UC4v5_5ALkQnqc201PZEh1jw,@niznoz8379,2025-12-07T20:54:19Z,0.4496601687112307
86769837ecc453283de8b0ef494d5dab,t15c3-pYSYo,"No there nazies, don't be so nice to these demons.",UCZI0EnpmpmUUL_TP18AcHlA,@TinaB123-i8i,2025-12-08T00:19:36Z,0.44944820903240357
fafb577a3389cceb58dc4e4acad01f36,RwW4UYoX19s,I agree and am unafraid .,UCgFL8b7VtQ8MRgGCKjQUJew,@stoney5448,2025-12-07T23:35:47Z,0.4494137605153637
77a08d2fbfa6ce20a84c3cf54c338037,6EtReGSuvdY,"As a MAGA warrior, I love totally destroying Democrat fascist. They're misery sustains me.",UCiu5i_eARJZeyKBLie8BXxw,@stevebeegreat,2025-12-08T03:11:21Z,0.44940687999955464
b9ef6581280048156f1a0c662c470033,t15c3-pYSYo,They created hamas!@!,UCXWeeA9ksZMP3dkr7dTSizw,@Vee-w2o7m,2025-12-08T00:52:31Z,0.449331436057558
49f81847f2fd3b15c5742dd29997f7f6,oylbyE5Zt0Q,Two Weeks,UCJIDpJtdIXefzoQclAzBjjw,@jonathanboam5409,2025-12-08T01:17:46Z,0.449209515350869
91da943d2eb4036f9ece89d23c493421,t15c3-pYSYo,How much more!! Can we take!!,UC7XZunheFhxGiPkdMYGYAMQ,@real2real726,2025-12-07T23:19:22Z,0.4492011349863768
3fd844269e57499f33671fe3d4f2e7c7,RwW4UYoX19s,The Jews are just going to have to learn THE WHOLE WORLD is team Palestine!,UCyIG7qReZRr7BVSxUs4Pp5w,@active1508,2025-12-08T02:11:32Z,0.449143421842263
76dcc07294fa78950f5a294df899982c,t15c3-pYSYo,Trump is going to make a resort over that corpse grave.....do you think he'll notice???,UCSPEa3CsSQf1uSgGzxHdFpg,@SolarizeYourLife,2025-12-08T00:26:23Z,0.44910861133654323
1155d2e010e20c78df5ee025822584d6,t15c3-pYSYo,The United States is responsible for this disgusting slaughter of innocent people. It could not have happened without American money.,UCqa64kJiJw-uOxwnFtDw_5w,@theecocraftsman,2025-12-08T01:21:08Z,0.4490561523541331
98c6a4ad344a6c95972bb781882cd174,e478dy0CKYE,UFC Prize in Astrophysics. 😁,UCbfjI2yj-FIfMf-aqNfL2OQ,@rahimmajid647,2025-12-08T00:44:59Z,0.44900743068216203
7f621c585634b8022d27268847e35a74,RwW4UYoX19s,"**Israeli IOF Terrorists shot Hens Ragab with 355 bullets,a barrage of 90 bullets per second* .
**>We now know their names:
>Benny Aharon, Daniel Ella,
>Sean Glass ( gave the orders), and Itai Shukerkov. 
**>There are another 24 soldiers involved!
*So sad to hear all that😢* 
""When exposing a crime is treated as committing a crime, you are being ruled by criminals.""
- Edward Snowden
**>>A live genocide and ethnic cleansing, shame on the world for their silence
*Its the Nukba again 78 years later* . 
**>They are finishing the job and no one has changed!😢
*In front of the entire world* .
*Netnayahu_War_Criminal.
*Israel_Enemy_Of_Humanity.",UCz2O2oQ81NbGahInpXfMIIQ,@h.h.3102,2025-12-07T22:46:35Z,0.4489692170856654
a454ba50b02a46eb7752bdd1905777c5,e478dy0CKYE,Wie falsch das Paar auftritt. Warum händchenhaltend? Die beiden hassen sich doch. Leben sowieso nicht zusammen in einem Raum!! Zu Kotzen!!,UClB7IS2XtaiGFTZ51by-AiA,@reiterlinda5891,2025-12-08T00:57:11Z,0.44888644289745794
bf9b38c169185e98a029b9719f02ae0b,e478dy0CKYE,"Trump's involved, there's no honor in it.",UCuB-i8KZ6vuYUU_7ODozSRg,@xG0ODGR13Fx,2025-12-08T00:38:30Z,0.4488599541146453
e9d1ca103c034111c31121c309652b73,t15c3-pYSYo,Didn't she refuse to ever step on Israeli soil?,UCYQWcUVh5TZDHP7kF4r6CRw,@sheldonscott4037,2025-12-08T00:34:13Z,0.44884146653542806
c2148fc1af6466eb9aeef0c4bd929ce8,RwW4UYoX19s,They are worse than the Nazis they once despised,UCl8rraLDCGraLxFrdhCFCKQ,@derry3344ii,2025-12-07T22:40:42Z,0.44880960525273217
22d0377194c83b37139af2a97442c937,s2EXTCAFPKA,"Everybody's days are numbered but it goes up not down 

checkmate!!!",UCFQO4ZWM-Hc0TeuaRSvh1oA,@OJOJOMOODY,2025-12-07T19:13:03Z,0.44879857672149603
e905e94071d682fbc5920541f0a1b249,RwW4UYoX19s,on a per capita basis they probable are,UC6zgi8-t2jDkTO0UPSUKCUw,@votebrian66,2025-12-08T00:10:03Z,0.44879308431469445
e68548a29b99bf49580d930979a0e811,e478dy0CKYE,Hopefully he falls asleep again.,UCj1_0NX_bMsjSnDiPXxuUUg,@B.A.M.F.2026,2025-12-08T00:51:21Z,0.4487740231806698
d37ede263e1a5ddaeffc5e7e51402e0e,RwW4UYoX19s,Not just Israel. America too. Because this wouldn't have happened without America,UCVkigaz0sV5YmQzw60sFACg,@jasonjones2137,2025-12-08T00:00:59Z,0.44863351651402816
3aba41e9fdb56d0e10daf6aaf3a13e99,5tvOpAe46IY,True that!!!,UCA4ZzrjMww8jOSm0wmkDr6Q,@Above-Suspicions,2025-12-07T21:19:03Z,0.448624835766083
d0ed1585039f17c7ad1866e6791df769,t15c3-pYSYo,These are the baby killers you are referring too. Wow !,UCjNyO9DKgFWefHm0j4nB7KA,@johnnyhadeed6521,2025-12-08T00:11:29Z,0.4486186467691156
9671e2980c0eb0fa787c30bd952891c4,e478dy0CKYE,Michelle Obama was the first trans first lady. Everybody knows it.,UC99jvrjs_qCb8Ko2lkDTWfA,@SupremeWin777-7,2025-12-08T00:54:46Z,0.44836013759814636
b4ccc451dec287816f3d353e5bc0f604,rChcwSozre8,I don’t think USA should lecture any country in the world about government corruption.,UC_Dy10vrsDibz_9ewbHPDdg,@jrwestler,2025-12-08T02:23:50Z,0.4483473294501479
b3104bf61dd5163f5f6b205f4ef4e84b,dQWfdEyorm8,"Donors want cheap labor and government-subsidized customers which you're in favor of.  There are 70,000,000 work visas in America, a country of 350,000,000 which is one in seven.  This is simply the subversion of the consumer and labor markets by corporations who you claim to hate, but take money from.",UC8ObkQhLMMqKGc8kqhuglag,@PickanPop,2025-12-07T23:59:01Z,0.4475945084823305
fca5d19dd2ddb34435d9920d10104e8b,RwW4UYoX19s,hamas is a terrorist group in Western countries only.. guess who did that? ZIONISTS. majority of the world over 100 countries see them rightfully as RESISTANCE FIGHTERS. They have the RIGHT TO RESIST,UCLxK1NaxM1-rFlG84xPsEBg,@narelle24k,2025-12-08T02:01:29Z,0.4474492172852836
f94b9a4977337372dade242cf8b7d919,t15c3-pYSYo,This is toooooo much to hear. And still there are some people ignoring what is still happening in Gaza.,UCwVxipzu9_rMBS6Lo-lyhKg,@sherinerashwan8723,2025-12-08T00:33:13Z,0.4474178083766369
15660c1977fb486ed74946d1f3308f13,dQWfdEyorm8,"Pretty sure they just re-posted an old episode, which I find very annoying.",UCRZrn9Gz0KvIY8k44g1fv-Q,@meghanmacqueen5157,2025-12-07T22:03:09Z,0.4473329051498398
41ae8f7899203474da02eded5ad8d258,e478dy0CKYE,Vielleicht aus Angst dass sie schmilzt😂sie ist aus Schockolade😂,UClB7IS2XtaiGFTZ51by-AiA,@reiterlinda5891,2025-12-08T01:03:32Z,0.44725228442452925
ce533ffee432b14c5839b9dc6128d8fe,RwW4UYoX19s,Zionist alert....not to mention projection lol,UC53zjQuygVofnypenJ3wuWw,@LPAFilm,2025-12-08T01:08:26Z,0.4470529475022055
499013c191ebd02bfc60f13d3972e336,e478dy0CKYE,Queen Melania Trump is the most beautiful first lady ever in the history of the United States. 🧡🙏🏻🇺🇸💪🏻,UC99jvrjs_qCb8Ko2lkDTWfA,@SupremeWin777-7,2025-12-08T00:56:54Z,0.4470461442753604
a2973ea919bc03c4f4006dbb89c006c3,dQWfdEyorm8,"Is this a release of the full Epstein files, or a release of the foreign-approved, ""sanitized"" Epstein files?",UC_YfrCEGTDg6gxWuWU6OImw,@telescope3,2025-12-07T20:45:55Z,0.44703908264801884
d6fbfc60204d7287a5df0b8e58954f14,t15c3-pYSYo,"The payday will come , sooner or later
5. Mose 32,35 / roman 12.19",UC8Mc2x9t3C2K-f9TGOJNGlA,@hintermwaldbauer,2025-12-07T23:35:16Z,0.4469883795886208
cd936be8092a1973186107b4edf31e6a,e478dy0CKYE,"📰 Household names from the music and film industry will be recognized Sunday night at the 48th annual Kennedy Center Honors, but it will be President Donald Trump who is center stage as he hosts the institution’s awards show.

The president continues to publicly state that people may start referring to the performing arts center as the “Trump Kennedy Center,” a joke he repeated at this week’s FIFA World Cup draw held at the Washington, DC, institution.",UCht1jH3Kf6RPM9dFyiVTFJw,@cashaeleatemla,2025-12-08T00:37:47Z,0.44696203079052843
d67b9ff54c69db3db2684d4d94465eb0,dQWfdEyorm8,Why would innocent ppl be hurt?,UCvsZ-qL1jrAQBashSbtoFew,@filthybronco,2025-12-07T20:30:56Z,0.4469285292712507
96518d63ab84be8777e0e513c36fb862,RwW4UYoX19s,The Talmud Nothing But BS The fact that they believed Jesus is in Hell Being Boiled in a Pot of Feces should tell you everything about this WESJ,UCDopCYHySZUpUoJBYA-BtGg,@pluggwalkksOcxSa,2025-12-08T02:28:59Z,0.4469131389540924
20153683168104bb0332045651e21bff,t15c3-pYSYo,Hard to hit an enemy that hides in tunnels like rats.,UCzYItLPlTznh5rKJuWmvLLQ,@mikeg2306,2025-12-08T01:38:41Z,0.4468430547731854
9a433933e629520ab670e0cb5ef763b7,t15c3-pYSYo,Nobody surprise anymore..IDF most moral army a joke,UCZfU87v06Ow-cV66Vg3pdAQ,@MasterPeeps34,2025-12-08T00:45:11Z,0.44666183177078034
0d6fd801446b9aab9cc001a4d866f887,oylbyE5Zt0Q,"But if Obamacare is affordable, why the rush to negotiate changing it?",UC79fBLH9Y4rwOF5yYPZmIFw,@bryan805,2025-12-08T01:31:02Z,0.4466346322918505
a4169e7c0bc44d90506650da0adffeac,dQWfdEyorm8,Keeping it in the family ya know?,UCHzyffPdt0sWO-g4G-uzQyw,@Angora1908,2025-12-07T20:36:25Z,0.4465711835659053
4064b60158c9b738a8a98fb3baf44c7e,dQWfdEyorm8,"was wondering how long it would take for Cenk to say the word ""Israel""",UCdr8e9IrKM9h3EsQKI13uIg,@cb_1917,2025-12-07T21:09:33Z,0.4464970120304832
890d5b5f2d49fcc5266e1b1467ae1a75,t15c3-pYSYo,​@Based_Clear_Vision go crawl for a chackle ya nazionest,UCZI0EnpmpmUUL_TP18AcHlA,@TinaB123-i8i,2025-12-08T00:25:39Z,0.4464401134600693
e5277cb1d7d7215bc75c573c2633d101,RwW4UYoX19s,Don’t even try Ziodog. It’s over.,UCNKj_4tCR6bgfTyAuP6K_nQ,@martini-655x7d3,2025-12-08T00:40:30Z,0.4463453805201293
4d53136c084e895fea23b86998212e98,5tvOpAe46IY,"Cook ,leavy, and Bradford, Boulder, CO. ,",UCHf7sF1IdPXQP5ameiAHSYg,@MaryVictorine-s8k,2025-12-08T01:35:22Z,0.4463385092615046
5460ab73946be3b330fb8992fa0280f3,RwW4UYoX19s,🚿⛽️,UCPeHur2hSxcMj10OWI1Ms5A,@AlexK-qi6vk,2025-12-07T23:11:28Z,0.44631383617386905
37df9887dd3321ba7df06e8c01f11c8f,t15c3-pYSYo,"@Based_Clear_Vision I see you are back trolling. You could not recognize truth or logic if it was written on your forehead.
Give up the hate, become a better person.",UCQQq3XCICDKs_JO5DEyz5nw,@deanm1436,2025-12-08T01:08:00Z,0.44616717409083995
cde4d2478ab313822572bac8d0665bf5,dQWfdEyorm8,"PS. The only reason they all voted to release ""the list"" is because they were promised all the important shit will be removed!",UCMQALC5O-doGAXmQVvy_lgw,@812Jwilbur,2025-12-07T20:54:22Z,0.44614984790478796
71ca3c7408d5b3bc7ad8e3525735be4e,dQWfdEyorm8,"C'MON MAN!  Get real!
Just like all of the participants in Puff Daddy's raves and parties of debauchery? 
Only Puff Daddy was charged and found guilty.  
Everyone else walked.
Don't pull out the race card; that will get you nowhere.
Race has nothing to do with who will be exposed, especially involving sex crimes against minors. 
In those cases, the guilty will never walk free without a trial.
Now the jury could be racist in their views of who is guilty and not guilty, or the judge could be corrupt, like the judges in the NYS judicial system.",UClC9AzoCYGh145G46xlKV7g,@mongo_congo9908,2025-12-07T21:07:34Z,0.4460657386006175
57ea338f99f721e576fd74a4635b490b,RwW4UYoX19s,The genocide began in 1937 with 2 massacres that year,UCDuLhXEmxwJwkjghO8csGbw,@bonanzaguy1,2025-12-08T00:34:25Z,0.44601073578969735
2137be15bb5bec756c5f467d01270442,RwW4UYoX19s,Israel is nothing but an evil terrorist state that been terrorizing Palestinians for more than 100 years to try and ethnically cleanse them from their land. We will phuck with Israel all we want.,UCyA_P9Y-R7vysXuvwY96ykA,@SydG01,2025-12-07T23:05:33Z,0.4459968817093234
1250d593f0b5e41706542b2c8a10966f,e478dy0CKYE,"Replaced woke with pedo protection, great job!!",UCQ4PdgUn27MHVt6qC3cH4_Q,@nafet,2025-12-08T00:45:08Z,0.4458506349260114
09c6dbe46f7ffe2bad62d3c077d092ad,RwW4UYoX19s,America supports Israel,UCvL7fUEaVVZPF7fq5WoJr7Q,@robertlee6338,2025-12-07T22:20:25Z,0.44576718297621487
e43aeb1f6a89529c9bed163ceddee0d3,RwW4UYoX19s,"Zionest, not jews, jews still waiting for Messiah, zionest force birthing the Antichrist.                   Aim😗👍",UCZI0EnpmpmUUL_TP18AcHlA,@TinaB123-i8i,2025-12-08T00:52:21Z,0.4457394520756637
4830cc4a3bc9b306cc0b671d914cd065,dQWfdEyorm8,@hitomihonda7573 that does not make sense,UCzSe9yF5rTTXsxbVSvv2CPA,@rusty-y8r,2025-12-07T22:36:21Z,0.4456789535106128
c5d50378ac5cac3975a3a8ac56d31d63,t15c3-pYSYo,My heart aches,UCCAj8wki3jkCgQzciDbFiFQ,@yousreyakhalil5238,2025-12-08T01:38:45Z,0.4456485948323059
2aab0705d8084e39b5e10a1167202171,oylbyE5Zt0Q,​@ThePaterfamilious Actually both parties are owned by IZREEL.,UCbzJbibXxfUYXJpiIJ01ajQ,@o00p,2025-12-08T01:42:28Z,0.4456245319161998
fcaa7f2f2f0c1ef8033e03ede23a5c1f,dQWfdEyorm8,Ana the whole Enchiladaaaa!!!! LOVE IT ! ❤,UCPwL_MhigSf-NDIDb1nAMeA,@QuynhNguyen-hw9ps,2025-12-08T02:36:51Z,0.44562141049303067
6f6a1bec3d789993130d34bbc1a49b2a,rChcwSozre8,"Those poor boys grew not knowing anything other than grifting. No idea what the actual world is like. And their father is/was the same way,",UCC8hp_P0WKAVsVEJ6pKoJxw,@robf228,2025-12-08T02:15:59Z,0.44558585125719097
4167ce0bf656aeaa86e070c4791c1a80,e478dy0CKYE,I already bought fireworks.,UCVpl-rVcj-MiA92KtDENiVw,@halfdeadedlifereturningwit3420,2025-12-08T01:03:34Z,0.44556472886601417
d9ef9090dbc769d96ac66f8289fcb67a,e478dy0CKYE,"Guess what political party Im in: I don’t know the difference between a man and a woman, a fisherman and a drug dealer, and a protest and an insurrection.🤔",UCoOJg6dZZvzCEeFUj7ECQCg,@DaveSchultzXXL,2025-12-08T00:41:09Z,0.44551417650792047
4a863f35279cf7b91e7cf26a7c6e82e2,e478dy0CKYE,Side effects of his Alzheimer's medication? 🤔,UCupC0GKAnfAYgwqynEmb5Lw,@b.t.2795,2025-12-08T00:59:42Z,0.4454713498977712
7ee7e4fc9f558d2870255f1face8dda9,RwW4UYoX19s,wtf are you saying?,UC2OTBApjAmmUSBWThZnRW9w,@MarkG-b9p,2025-12-08T00:23:26Z,0.4454587691623871
f6fafd317df60f025c44a742a7457bc1,rChcwSozre8,Trump is as clean as a whistle.,UCqHp3k1fQiqW0GSWM_x2nZw,@danielmackay8099,2025-12-08T02:23:50Z,0.4454557469319605
b6b7d176f2919bb1af9dbd013083f63e,RwW4UYoX19s,Not these reporters - they wouldn’t dare,UCk6gh-31NyaSUkqey0U2atQ,@SaxxonWoods,2025-12-08T02:08:20Z,0.44544132467327435
f7bdf86ec0dde08fd4128ab840c3acbd,s2EXTCAFPKA,Donald Trump and everyone in his administration should lose their job.,UCBt5vL_UxCJm-hlbbqYPE1w,@HappyBanjo-oc3pc,2025-12-07T19:20:41Z,0.4454334980034762
06ec44c1918048f43e4026f909f5a260,t15c3-pYSYo,@TinaB123-i8i Yes.,UCQQq3XCICDKs_JO5DEyz5nw,@deanm1436,2025-12-08T01:08:47Z,0.44536427870075435
6d95726e6bf19170791a68ea8dcd73b4,rChcwSozre8,"Hegseth is Trump's executioner.
No wonder Trump compares himself to Al Capone. 😎",UCupC0GKAnfAYgwqynEmb5Lw,@b.t.2795,2025-12-08T02:19:48Z,0.44534359454374106
500a9790fe1bb9c516ffbba778219345,dQWfdEyorm8,"Trump's name is in this batch of Epstein Client Files over 2,000 times. Nobody else is anywhere close. Trump's gonna ""catch dementia"" real soon here. Full blown dementia. 
""I have immunity, I can't remember! It was Biden not me!""
BARELY MET THE GUY!",UCg9gXh7_QecGmq99ceay8wQ,@Greg-io1ip,2025-12-07T20:26:51Z,0.445329582811614
96f8405350a51a2b77e5b3ed84ce89be,RwW4UYoX19s,Journalist getting into Gaza we are screwed going to be a false flag on the American homeland to distract and justify their own barbarity,UCE9uCgn8K2JDjUsKUxIEjlA,@walterlyons5293,2025-12-08T00:21:21Z,0.44527579047600085
dd40d1a7b7c5927cc344e1919232cd89,RwW4UYoX19s,"Israel via the CIA are the terrorist state, project Nimbus, project Esther. Tax payer money funds this, see Palantir. Even when you think this administration can’t tax you anymore, they pump inflation through the roof to skim and or syphon your retirement funds/superannuation as it’s the last stone to squeeze. If you aren’t self managing your retirement funds you will find that most of the big profit investments are hidden companies that actually represent the military/medical/digital industrial complex. They generally do this right before they tank the market. Securing the most money possible by buying into gold, silver and other safe bets. See J.P Morgan buying up huge amounts of silver yesterday.",UC5awXXF-jeB6VUsIDTYikPw,@GRIMW,2025-12-07T22:20:58Z,0.44525629652495424
d225392a31ddc104ff9736e08c4d1f11,rChcwSozre8,,UCIKUrSCfTVsSxiFR9HdEdPA,@Ryker8822,2025-12-08T02:30:42Z,0.44523873700423566
097c709c59cce20d279980c36d760a1a,RwW4UYoX19s,💯% An evil book for an evil people.,UCYJ_XG-Uw-wahPR4QOGZvrw,,2025-12-08T00:54:29Z,0.4451592088315641
050efef12d727e284902c878d0219f55,RwW4UYoX19s,"as usual, Anna is so clueless about what happens in Gaza. Israel is such a bad genocide executer. Everyone knows that Icsrael used a huge quantity of bombing in Gaza. Add to it the fact that no bomb shelters for civilians were in existance in Gaza. For the sake of argument lets use Hamas health care agency information. There are a total of 68,000 people who died in Gaza in the last two years. Out of that approx. 25,000 to 30,000 dead were Hamas fighters that for some ""unknown reasons"" were never mentioned in the new math counting system invented by Anna and company. Prior to the war approx. 6,000 people a year died in Gaza every year from all kind of diseases and other reasons. Thats an additional 12,000 dead in two years. .Add to it the unknown 15 to 18 year ""innocent children"" fighters that have been killed and suddenly it looks like a TYT and company propaganda and not a  genocide.  After all those FACTS, who do you think is the real propagandanist and  lier in this story Anna,  Israel or clueless people like you ?",UCArrE3LKTausTaDlMrn9Esg,@Tzviweiss-e1q,2025-12-08T01:17:25Z,0.44514813540860265
29bca8fccaf6151eafd3540cf28834b6,RwW4UYoX19s,"​@Woollzablehe calls himself muslim when it suits him, to be fair.",UCfOFIAs5AE-N5TJrvMqXyug,@RobM-o2x,2025-12-07T22:52:28Z,0.44485983622520725
39369894f884e42f2b352cdae7a98f80,RwW4UYoX19s,"I'm joking of course 😂😂😂
Go take your blue-pill.....😅",UCPEVZfxHm21Fy0sFdGSxe_Q,@lordamerci2010,2025-12-07T23:02:02Z,0.4448241751621645
1f3bf87b7cd07283be7fb975c809c1de,DMrclXpeGN4,Why the Americans are worried that they have to fight China? Why do they have this kind of mindset? China does not have hundreds of military bases surrounding USA but USA has hundreds of military bases surrounding China. It’s China that needs to worry about USA’s attack.,UCpICZqX1RFQiEkQe0ztxQ4A,@BenjaminYJe,2025-12-08T04:49:02Z,0.4448199174748021
baa8479b52ad67b708b4c9c601e1a40e,dQWfdEyorm8,Nothing will happen,UCVv-TJ0vSF9I06Ziy0Ztfzw,@MatticusFinch1820,2025-12-07T20:34:16Z,0.4447160650183507
2ffcb72bffea5ee6cf422b86b67d4d9b,dQWfdEyorm8,I’ve never tapped a notification so quickly,UCGlDm0pd61UNhVOOSwXbhQA,@nay4851,2025-12-07T20:01:45Z,0.4446022334239692
8f4d83029c19df76ca767f4959340a0e,dQWfdEyorm8,And Higgins was a cop🤷🏻‍♀️,UCK2CiYKbIiBlu_IQg0BbxhQ,@RedpilledPatriot,2025-12-07T20:55:49Z,0.4445495703829594
12254807c5f4de55362724496f40dd8e,RwW4UYoX19s,Ask your buddy bibi about that.,UCBACAql38vmFInSxJXkMiBA,@guitarzan2626,2025-12-08T01:49:24Z,0.4444388202332572
5365af0e98841111cf2daa26575865cc,e478dy0CKYE,Now that Fauci is gone you'll have to wait.,UC22oHzXyXUuI7Dwf4swr5Iw,@davemitchell6281,2025-12-08T00:35:30Z,0.44442866552710847
2934e6544fbf79d27a47dfe08b1fb962,e478dy0CKYE,ICE should swoop in and deport Melania.,UCcgyWfGly9_RUYQdfIDkBtA,@markcutteridge5093,2025-12-08T00:45:12Z,0.44440885752651094
6c1688bd2798e92a526243184717fd86,t15c3-pYSYo,"I am so disgusted. We have marched to the half million in London! What else can we do to stop Israel? It is UNBEARABLE to witness this daily! The heir level of horror is beyond belief! This is a country of highly educated and supposedly people with religious moral compass 🥺🥺🥺🥺 letting Israel keep status quo is let evil win. And if we let evil win in Palestine, evil will take over everywhere. We’ve seen it in Nazi germany. We know how it unfolds🥺🥺",UCugi0-XgtdXvKIjF0KcaXWg,@ccspt-z2r,2025-12-08T00:20:27Z,0.4443211648499825
8db5c6f0ed6ce804b9f0c1d8a0f23247,RwW4UYoX19s,Thank you for your continued voice on the genocide Ana!,UC-y05JA2fV7pP5vNDbS6gog,@somebody701,2025-12-07T22:49:06Z,0.4443064799668142
fd45cd311580cbac3ab7e94209b65f10,dQWfdEyorm8,The epstein files haven't been released...click bait.,UCvF0PZAVADWxP-OQOIulkew,@zachaction,2025-12-07T20:19:31Z,0.44427221691456653
d5d3285164440167742a7718a8d2deb8,s2EXTCAFPKA,YES IMPEACH TRUMP AND PETE,UCiBsktyhs8iZXhg7IfUEuUQ,@shirleystevens5466,2025-12-07T19:32:13Z,0.44425264228073613
791fb8a54b88d28a700f4b1f657861ab,t15c3-pYSYo,White European Jews,UCHAww4ttCLT64y5B1OfC-GA,@SahlGood-m3p,2025-12-08T01:40:32Z,0.4442109723635711
c767fa4dd7e54fec2ba407d8ba7c06bd,dQWfdEyorm8,you sound different ....the check ?,UCdDfGbLcexf9wv1c4KeXVig,@danielfenouil8771,2025-12-07T21:21:01Z,0.44418709956280866
6e19004179c5f21fd936c9b3a6de8049,dQWfdEyorm8,How many Epsteins are they still covering for?,UCkJUWgTm10BR2EqexSHQIsQ,@aliasalias8681,2025-12-07T20:42:11Z,0.4441290944237353
90e6e39626a128001a0f04055e2a9bba,dQWfdEyorm8,Old news.,UCxrWDJOMEjXWq4iADp304WQ,@phyllisrentie6968,2025-12-08T00:05:36Z,0.4440215377544444
efed47bac8562014cd51897a95be848d,RwW4UYoX19s,Just keep giving them our tax dollars so they can keep killing kids they think we're stupid,UCrW_oJgJFpCY1OEf49QL_QQ,@robkiwan1961,2025-12-08T00:05:52Z,0.44386592001488867
70b5d31b7677cae680a7d864575d48c1,RwW4UYoX19s,Unless you all believe whatever the Israelis stage for the journalists.,UCSynzherakJxm_Ywrh0joJg,@wahid-lg1kk,2025-12-07T23:19:09Z,0.4438474359263583
b93ff8f1c1826090eaaf5ec0dcd70817,t15c3-pYSYo,"Israel is a disgusting state. I have no more words that can describe how foul the state, its leadership, its very existence is. Some day they will face their crimes.",UCGgMh3R3vtv4Mvsw6HvlbtQ,@bernadettedunn6129,2025-12-08T01:40:58Z,0.4437756492493773
8956619fd4907a739f167b48fd606841,dQWfdEyorm8,Always isreal,UCbrnyrSrN9a-o7qYnXWVDFA,@mattsautorepair484,2025-12-08T00:31:05Z,0.4437457352173009
4714611971a104a81ca8dcf7e33fcced,rChcwSozre8,"I belive there is allready enough proof to throw them away for decades, but sadly the rich in USA ALWAYS get´s a get out of jail free card! Third World if there ever was one!",UCJdoUWV5TAIErd17nYlhiwg,@jarjarb1924,2025-12-08T02:12:32Z,0.44356457779988256
60e6532abd8af26ed0ccb114aca145f6,RwW4UYoX19s,@SydG01 THEY WERE ALL FKN UNALIVED and WE DO HAVE EYEWITNESSES that WATCHED and TOLD US let alone RECORDINGS,UCcTV1z6lHBfpL3c88oHeFKg,@metalgear-,2025-12-07T23:09:08Z,0.44355651187411377
81fc2338a1ace3357ca7b5e6ad0ad6b5,dQWfdEyorm8,.   .   .   NOV. 14th. !   Clickbait ...,UCj8TZtZGHgUp0qjC6PaCnSg,@henrysousa2502,2025-12-07T21:34:38Z,0.4434553429257836
57a967bcc9d64a9a565e5179fc382704,dQWfdEyorm8,"See they dr' ed. The file up months ago , because they knew they'd have too give them up by law",UCo7YWSYoK2ayExqXOshYP2w,@MaximallanBrown,2025-12-07T22:40:15Z,0.44340296002433144
bc5359e2520204aaaa310ce01db9a9a8,t15c3-pYSYo,"You don't want migraines to come to your countries, then don't go invade and bomb their countries, you're the problem.You're the reason that this migrants come to Europe and America.It's your faults blame yourselves",UCB5MX19xwInlcIcf-cs6Y6Q,@nm1978,2025-12-08T00:53:02Z,0.4433033584290218
db1e6c72818ac07078b8b6241bc9cad4,RwW4UYoX19s,Shut up Nazi. All zios in Israel are dead meat.,UCsEqNhJAAHQPWMKwtNCKpUw,@glennboyd939,2025-12-08T00:36:16Z,0.4432417931996741
e235c8967503ad84609107e93a7e3172,e478dy0CKYE,"'' Jeffrey Epstein stole Virginia Guiffre from me.''

Donald tRUMP

2025",UCIAfEDr39yoxzsMT8F1v16g,@donvonschitzinpantz,2025-12-08T00:41:03Z,0.4431169758050722
9e91b14827eb5a0dd2759c56a9f110d2,rChcwSozre8,"As the family continues to collude with Russia,Saudi Arabia and so much more.Disgusting!",UCa_4JqDoZCw0NKvkT6a3FLg,@barikitchens6383,2025-12-08T02:30:43Z,0.4431044490927327
3e151ad36bdc3a6caea57f72918a7992,RwW4UYoX19s,Israel ter0r state,UCCT2owura6zVwA_lFYA8aOw,@asdassdgfdf7509,2025-12-07T22:43:02Z,0.4430563000421638
ad503c5291142fe8298627ce3030bc16,RwW4UYoX19s,Tume will tell.,UCDQ9PCnjB8NWmIDvfoAA4WQ,@bennieo5gs393,2025-12-07T22:20:56Z,0.44303913181841936
4f28aac848f2df5da72abc7a8a441d1b,RwW4UYoX19s,"Keep up the GOOD Work. Let them end up like those in SYRIA as Islamist Jihadist Murder the Christian, the Druze, the Yazidi & Alawite Men & take the Women Hostage as SLAVES. THEN they might grasp the situation",UCcTV1z6lHBfpL3c88oHeFKg,@metalgear-,2025-12-07T22:46:10Z,0.4429736887615658
3f2ac3b1f93a5db5dd72103a2c422d4d,t15c3-pYSYo,This has to stop.,UCeOozjirA-vXgI9XTnQW-iA,@angelamaddox767,2025-12-08T00:26:19Z,0.4428936867323041
084a718ceae7774d3a8ee33a42d095e3,t15c3-pYSYo,"We MUST DeZIONIZE The PRESS!
We MUST DeZIONIZE THE ZIONIST SOCIAL MEDIA
We MUST DeZIONIZE The EDUCATION SYSTEM
We MUST DeZIONIZE The CLERGY
We MUST DeZIONIZE ALL INDUSTIES

We MUST DeZIONIZE The Congress!
We MUST DeZIONIZE The Senate!
We MUST DeZIONIZE The Pentagon!
We MUST DeZIONIZE The Whitehouse!
We MUST DeZIONIZE The Courts
We MUST DeZIONIZE The States Governments
We MUST DeZIONIZE Law Enforcement at the Federal, State and Municipal
We MUST DeZIONIZE POLTICAL CLASS!


Ban UNREGISTERED FOREIGN LOBBYISTS (JDL, AIPAC) level.  

***** DeZIONIZE ARABIA *****
Dismantle Zionism Apartheid in Palestine
DeZIONIZE U.N.
DeZIONIZE USA
DeZIONIZE CANADA
DeZIONIZE U.K.
DeZIONIZE EU
DeZIONIZE Earth

DeZionification Today,
DeZionification Tomorrow,
DeZionification Forever!",UCmpafFecXiA2OC80XmPGj_Q,@iq-ride9329,2025-12-07T23:34:29Z,0.44289261049869644
fe862f22739823a6fe876d2b4b25977f,RwW4UYoX19s,Metalgear first learn to write. Grape  is fruit,UCviyPqvbfaT98_hqZzWXy3g,@tablet6109,2025-12-07T23:05:02Z,0.4428249842666659
58700c5f144498d85c8d031159e7194b,dQWfdEyorm8,DTS is the sickness people have that believe the verbal diarrhea from DJT,UCer_L2MoG6LQPO5-V_LrYHw,@RR-lq3ef,2025-12-07T22:14:31Z,0.4428146826847398
73112c27fb24e4dbcb20a9902a251400,t15c3-pYSYo,​@jam6876They are not jews bro there zionest and zionest are evil since their birth,UCZI0EnpmpmUUL_TP18AcHlA,@TinaB123-i8i,2025-12-08T00:22:48Z,0.44279424090800457
92e1bcf5b60e1acba3ff5d1495cde384,t15c3-pYSYo,"Cenk, you know how it took you over 100 years to admit that the Armenian Genocide happened.  Maybe people see you as an example and 100 years from now they’ll conclude what’s happening in Gaza is a genocide (even though it’s not)",UCnFdmuzrQ-rk1KI1cl1S2lg,@Nonquack,2025-12-07T23:49:06Z,0.4426516903158827
fb207964414670ef92689d61d8e44b1c,e478dy0CKYE,They've been doing that the entire war.,UCWwFWL0EQ8uBSsRg29YPFTg,@ThisGuyAgain-w5s,2025-12-08T01:08:47Z,0.4426233255549824
4b6431a4cc60b3cd470c411062b97372,RwW4UYoX19s,just a point you need to say or point out is if they did use gazaens for human shields that still dont give you the right to kill little kids or the people it just makes the war harder to fight u cant kill kids in war thats a war crime and if they hide behind people and kids they commited a war crime thats is they where hiding behind them thats a big question that needs to be answered but as for them killing kids you can see that and its very appernt and in your face people of money and power and control like to remain with money power and control who are the player on both sides find out everyoen involed says there inocent its not us it not us but whos to blame looks like isreal is much more to blame than those hiding behind gazaens really a onesided war i dont seee isreal reduced to rubble or kids dead there so why where they so brutel with gaza they had the higher ground they had the advantage just points that need to be poited out play the devils advcate im sure both sides did wrong how meny ireals killed and why wher they in gaza then its a war wtf cant say they where wrong how meney gazaens died in isreal and not in gaza point out the obvoice in your face common sences points you can defend the truth but if you try to defend a lie it falls apart,UCzCNVfiELXuK9dYYUbSMgeQ,@FrederickCoker-q6h,2025-12-07T23:48:02Z,0.44257223026459824
6248c69cc18fa3ff00f873e475f959d5,dQWfdEyorm8,why is dropsight news the new standard for credible information ?,UCDwPB80rQNKZslwenTvoT-Q,@YouLoseSir,2025-12-07T20:41:56Z,0.44257097000226253
bf2f7056ebd516d85af50607665bd4a5,t15c3-pYSYo,​@Based_Clear_Vision  the lies in your soul and name are not helping you,UCZI0EnpmpmUUL_TP18AcHlA,@TinaB123-i8i,2025-12-08T00:10:52Z,0.4424255616316707
dfe8b29d83a3a66b7a669e1df591d5c1,RwW4UYoX19s,"An, don't forget to mention that all the atrocities have been possible because of the support of the most corrupt government in the world, the US government 🤮🇺🇸🇮🇱🤮",UCrmvAZ7DQI5eFInGktulybw,@mau_lopez,2025-12-07T22:51:12Z,0.4424103189279223
26881ef9a353a0e1111707d9859c8009,dQWfdEyorm8,Merrick Garland was serving Jared's Gaza Beachfront Condos plans the entire 4 years. President Biden is on record as saying Merrick Garland was his biggest regret and biggest mistake.,UCg9gXh7_QecGmq99ceay8wQ,@Greg-io1ip,2025-12-07T20:43:55Z,0.44233887074852823
900cef6ba57e8336e2ec1869cb59f0e5,RwW4UYoX19s,"The only people more despicable and disgusting than the Israeli government and IDF soldiers committing this atrocity are the American Christians who sit in their churches and demand obedience to the illegal state of Israel. 
Right, Ted Cruz?",UCXwHcrfXGiCYHbIQTizGoQQ,@willswalkingwest7267,2025-12-08T01:42:12Z,0.4422315653645207
7fb0d24c7b36e4a3b3f4caf0acea399f,s2EXTCAFPKA,"Yes, he will soon be fired if things continue as they are. Not because of war crimes, not because of security risks, not for throwing Bradley under the bus, but because he is taking news coverage away from Trump.",UClHB8BHl5rfFO7wBw7RiIsw,@exist7309,2025-12-07T19:13:02Z,0.44223121684975786
b48088887c18d08ab0e048238d12ee80,s2EXTCAFPKA,How can any American be so concerned about killing drug dealers?,UC6Uc7TjQnWPo8qB64cj_MEQ,@jackcasebolt140,2025-12-07T19:21:30Z,0.44221362791222
486d7b71552aec4c11abc06664b65730,RwW4UYoX19s,Also Biden because he could have stopped this current chapter of the genocide.. instead he signed off billions of US taxpayers contributions to Israel and military aid,UCEvX-hirXkYEhlwgDKqj2UQ,@bismillahali7784,2025-12-08T02:05:08Z,0.44221054345954913
8908ae2c1545575f3d8ccaa1c6b38d08,RwW4UYoX19s,"Is that Berlin 1945? This is a total disgrace to humanity. Our leaders are even more of a disgrace to turn a blind eye to it. I guess our leaders are either bought, brainwashed or blackmailed. What other explanation is there? Are our leaders this bad? You decide.",UCXVHSbtgqTawNJn96pl4Qgw,@markjohnson4053,2025-12-08T00:50:32Z,0.44214553956890557
924d4dbeb114bfede85f12fac9437d26,RwW4UYoX19s,Those so called “Hamas” tunnels were built a long time ago (easy to look it up). So this sounds like BS - independent journalists not allowed to wander all over as it is also too dangerous because some unexploded US bombs (that is what happened to some IDF and then that was blamed on Hamas). Sick of Zionist rubbish.,UCrSSFvTZLtqUwDUR7U6JxDQ,@marlenede-abel1336,2025-12-08T01:34:22Z,0.44211913131122865
b7ca6b2aba96cf7612c74c526c2e1623,dQWfdEyorm8,"But with a stupid candy ass name like ""national fruitcake outlet"" I wouldn't expect much in the way of actual intelligent thought....let alone an actual intelligent comment",UCaQ9JpylccGt1EtSoRGJ13Q,@michaelfitzgerald5207,2025-12-07T22:19:00Z,0.44209686248947355
a5ced99e942cf4f52fc3749858c409e7,RwW4UYoX19s,They should only let in openly gay journalists and female journalists with uncovered hair and see what happens.,UCzYItLPlTznh5rKJuWmvLLQ,@mikeg2306,2025-12-07T23:16:24Z,0.4419865023813566
877dd6ac7bab27d27357254d01d66b42,dQWfdEyorm8,We aren’t gonna get jack shit. Scrubbed.,UCbgNyl9FVAUCcAIreCfqLbA,@sweetgav9163,2025-12-07T20:26:45Z,0.44195938059569895
162a238ce9597a40667a809ff388c6d2,KjYSHrFkGrU,"Let's call it what it is: what happened between Miss Mexico and Nawat wasn’t some grand moral fight. It was a trivial procedural disagreement that exploded only because it was handled without emotional intelligence. A Miss Universe candidate is expected to carry herself like an ambassador, not like someone itching for a public showdown over a social-media post. Even if Nawat’s tone was out of line, the sashing event—filled with delegates who simply wanted to continue and enjoy the evening—was absolutely the worst place to escalate. One calm line—“I’ll discuss this with my team and get back to you”—would have ended the tension immediately. That’s basic professionalism. That’s what adults do in any serious workplace when a cross-department conflict arises. What made the entire thing even more disappointing was the attempt to cloak a minor logistical misunderstanding in grand slogans like “my voice should be heard” and “this is women’s empowerment.” Put it plainly: misusing these phrases weakens them. It turns meaningful concepts into props. And sure—those lines might impress the naïve, the uncritical, or the overly emotional online crowd. But anyone with a discerning mind, anyone who actually understands leadership or organizational dynamics, can see through it instantly. This wasn’t empowerment. This wasn’t advocacy. This was poor judgment dressed up as a feminist moment. A truly empowered woman knows when to speak—and equally when not to hijack an entire room over a tiny issue that could have been handled privately with her national director. Leaders don’t sabotage the mood of an entire event because they’re triggered by a poorly worded ask. Leaders pick their battles, and they pick their timing. The role of Miss Universe demands diplomacy, composure, and strategic communication. If someone can’t stay calm over a simple promotional request, how will she handle real crises involving politics, culture, or international relations?",UCBHNRT2EdwzANBQPsSn97iA,@vinamarcial9135,2025-12-08T01:07:36Z,0.44183695173177134
1dbadcb68476324c36553c343f6e17ae,t15c3-pYSYo,Burying them haphazardly and with no respect is part of the plan. Denigrating them is meant to demoralize the families.,UCOb37-52pEbIH0n_cgz6lxA,@evadd2,2025-12-07T23:32:21Z,0.44182187627595343
a3c5ae999d979422632579f03b68ca4c,e478dy0CKYE,"Reasons why Trump is the greatest president of my lifetime:
1.First recipient of the FIFA Peace Prize,…it made me cry.
2. I’m just kidding, I hope he drops on stage. I call first dibs on Melania",UClWdzNSj1fOYUnhxaLgSyTA,@DarthChurro,2025-12-08T01:19:17Z,0.44178829881747417
89daca6b4ea1ec76308f69785b801c8f,RwW4UYoX19s,Amerikkka racism and hatred of Black Americans are the same as Zionism .....Amerikkka Racism  and Israeli Nazism are the same foul bird of the same feathers....,UC1Ng3-PObLAH2_eTH00h-Jw,@FBALUV65,2025-12-08T00:21:32Z,0.4417692699765494
2c97c75e56f2b72197254692503a7afb,s2EXTCAFPKA,Trump's biggest weakness is the ones he picks.,UC0EcEYUNaCQDnNEAJy7rpNg,@kevinstreeter6943,2025-12-07T19:27:09Z,0.4416877247937564
b77673b0df85735ee36dfc61d9ef0d45,e478dy0CKYE,Sloppy Seconds,UCrtF9tnV9T1NewZCySMN_Qg,@InternationalScoutIIHarvester,2025-12-08T01:12:56Z,0.4416325435508571
21d0c31e557e300a9a4c1f01c2bc6361,RwW4UYoX19s,Hopefully the Arabs band together and make Israel look like Gaza.,UCB8vjgHy64ZHqn3tRurkr2Q,@craighaydcore,2025-12-08T01:17:17Z,0.4414726620320841
d03f31d0f3c978283a382c6bfc58678b,e478dy0CKYE,It's been going on since the beginning.,UCVpl-rVcj-MiA92KtDENiVw,@halfdeadedlifereturningwit3420,2025-12-08T01:08:56Z,0.4414714338576148
d3471d74d6dfbac85abbfa44bcd742f6,RwW4UYoX19s,Maybe the zio Jews shouldn't colonize other people and steal their land. Nitwit.,UCGMSQFloA65nEBjhJzlMjVg,@lailaoftheeast,2025-12-07T23:35:42Z,0.44141518392516754
a9a509d2b2d8d95ae91688e7593fb5d1,dQWfdEyorm8,PREACH!!! 🙌🏾🙌🏾🙌🏾,UCI_49duMnRbGPTXSaTrmEDw,@Someone__Somewhere__,2025-12-07T22:38:59Z,0.44139866411605805
c09d5415413e40046b557c36a52514d0,dQWfdEyorm8,It only matters if they are prosecuted.,UCRmdKBTK2K9OyQ1YKcsXTHA,@esmysyield2023,2025-12-07T20:24:09Z,0.44134513111250784
714d658d351cf44184319b0c490c8a1a,RwW4UYoX19s,Entry up to the yellow line is not real entry for foreign journalists. What is this?,UCGMSQFloA65nEBjhJzlMjVg,@lailaoftheeast,2025-12-07T23:38:13Z,0.44132299235961164
6fe83a15e00890e0a7a3de578e39cdae,RwW4UYoX19s,"Shut up Jimmy, that ship has sailed along with all international law.",UChWLbB4OArHA6nMgcig7VQg,@kamranahmed5940,2025-12-07T22:26:49Z,0.4411388653698179
650b8d515df00b258b742df90279393f,RwW4UYoX19s,A person only needs to look at how many journalists Israel has killed during this genocide to realize they do not want journalists in there telling any stories of their war crimes,UCydGk6yOTwCKHtx6vvL9cig,@robertbrown8317,2025-12-07T23:05:25Z,0.4409426028089151
ed3538147292ebe24996a5b0eef4e0e5,e478dy0CKYE,You can't afford to go you're living your mom's basement😂😂😂,UC99jvrjs_qCb8Ko2lkDTWfA,@SupremeWin777-7,2025-12-08T00:51:02Z,0.440921876019409
b6b41084038b75409f88d08a80738db0,dQWfdEyorm8,Eh I'm skeptical they're all that upset. I'm sure the release has been adjusted to their liking.,UCNZK7ulHDkcwSCBS7cZ1RBQ,@Introverted100,2025-12-07T20:04:35Z,0.44086050203785027
61f1502f78fdd307e4702d155a5e4598,RwW4UYoX19s,"I Support ISRAEL WINNING vs those whom take HOSTAGES into SLAVERY like they did in SYRIA vs the Christian, the Druze, the Yazidi & the Alawites",UCcTV1z6lHBfpL3c88oHeFKg,@metalgear-,2025-12-07T22:44:15Z,0.44085228128797976
1b93be76ee8e8a2e55f8f9573c7a3cdf,e478dy0CKYE,Melania is thrilled to be holding his hand. Paid by the minute.,UCKiYIIr7EKNpc_ugNDV7qyw,@ireneperkins3404,2025-12-08T00:54:44Z,0.44062081575456075
1c8e8e3374cb086706d852eb234a9586,RwW4UYoX19s,The Germans in the 1930's knew who the Zionists were.,UCXs-A9XBy6jv_roPXjmmOlw,@Merlinsmeditations,2025-12-08T00:52:18Z,0.44052038026176543
c69c406feec636053f35ad73ce86af88,e478dy0CKYE,Is he also going to nominate and give himself another medal,UCrUDzi758oDX9MocYKoFErA,@dare_challenge_a_god1536,2025-12-08T00:48:58Z,0.4405038477325648
6befa39227b37ca2819f920c98d630eb,oylbyE5Zt0Q,@MissRed92837Hold on…He’s hating on Europe. You may get a free trip. I waiting for free tickets to Portugal.,UCSwydHPBCt9H43eTs2xivBg,@AnneDeCoito,2025-12-08T02:35:30Z,0.44037377004276734
22e6374f8a4e52ac5f7061f1b5488746,t15c3-pYSYo,Chosen Rats eat Babies in their tunnels under Synagogues,UCDj9QH2hXpVW-ciZ4_op0kg,@Uncanny_Mountain,2025-12-08T00:19:36Z,0.4402872867282088
698e354b8fd9be655d7178a6831306a4,rChcwSozre8,America needed a new president and administration on day one..,UCMLkTrKuK8a9PwL4x51dG3g,@Gerald-q7l,2025-12-08T02:11:15Z,0.4402451391362452
311a723cdcc0997ae70d8e8baaac2d45,dQWfdEyorm8,"Where are the Hugh Hefner files?? 
Brother of Iranian Supreme Commander of NATO - Westley Clark",UChJFS1qVGUmCVKYOvY0V86Q,@karljohnson1121,2025-12-07T21:34:36Z,0.4402128280362927
07bc94aadd598a9259afd97617383a8c,rChcwSozre8,That's how Drunk Nancy Pilosi made her fortune,UCiu5i_eARJZeyKBLie8BXxw,@stevebeegreat,2025-12-08T02:26:47Z,0.440147002374771
17ad70f04b2933f976093f95134f7933,e478dy0CKYE,sounds like an onion article. id rather he t my news from the source.,UCO-t40v4tikdez35-_FneYg,@michaelseanchang,2025-12-08T00:49:33Z,0.4401180953906435
f71b86476fe9054f3b1aa228e55c0083,t15c3-pYSYo,"Agreed, no sympathy.",UCzYItLPlTznh5rKJuWmvLLQ,@mikeg2306,2025-12-08T01:40:30Z,0.4401065903970192
eee542eacd0375823cc5a29e222ced59,e478dy0CKYE,I hope they boo the shit out of him.,UCfahT3ii4D4E0wVAsg7V3Xg,@blandrooker6541,2025-12-08T00:47:01Z,0.4400407348229014
547afb369ae36b4101365e231b43add8,t15c3-pYSYo,@word2RG well below humanity also.,UCQQq3XCICDKs_JO5DEyz5nw,@deanm1436,2025-12-08T00:22:38Z,0.4399399502317164
d093bbcc5d374728526b97c21c461fc7,e478dy0CKYE,"@adrianl7147 Dude, they're literally Russian bots.",UCQ4PdgUn27MHVt6qC3cH4_Q,@nafet,2025-12-08T00:45:48Z,0.43990783332724737
758c8ae704db57ff91d0db992edc54b7,oylbyE5Zt0Q,Trump and Republicans talk about bringing down the cost of living and they do nothing to bring down the cost of healthcare... people will remember that in November 😳😳😳,UC4CDo2u0YQk90hOTYDFdfNQ,@BobbyFarmer-l9f,2025-12-08T02:09:18Z,0.43972906101649517
184e998b0354d4e1494b27b9493ba8a5,dQWfdEyorm8,Uhhhh... This was announced weeks ago. Why are you just coming out with this today?,UCDDVmOHTygN3wqQwgtW2zmA,@SleeplessInAlaska23,2025-12-08T00:39:53Z,0.43969208849476304
5dbf49dcc4108925185cdfde5ffbc2d0,e478dy0CKYE,She's a rotting corpse on the inside.,UCuB-i8KZ6vuYUU_7ODozSRg,@xG0ODGR13Fx,2025-12-08T00:40:10Z,0.4396851502184292
2d3880f8f1d48f8befb3eae98168d3a5,RwW4UYoX19s,"They aren’t just one of the most evil, they are the root of all evil",UCvhMMhm5pIOIZNEk52NsVYQ,@Adri_drinks_wtr2,2025-12-07T22:56:50Z,0.43968220297902205
77de21641ee0dc248396e01da79314fa,dQWfdEyorm8,95% redacted I bet!,UCry37N-xj9bmUgRfDoD5HnA,@JimThompsonL-d3r,2025-12-07T20:54:32Z,0.4396669210478298
d6351d8925f82b01e8cc799ac9d47fd3,rChcwSozre8,Charlie never once advocated for laws against Democrats.,UC4s3K-Td0OZP2IqMfwVbEiw,@reason6835,2025-12-08T02:12:11Z,0.43958591232988853
bb15d660d3edef03e89ccba26f70b660,RwW4UYoX19s,We all know Israel is currently boobie trapping Gaza themselves to show the press,UCwM58W6Ie_wB5ctrAxTIjGg,@toridinnison8002,2025-12-08T00:08:57Z,0.4394686262377514
65c179a2a71586329ad6161e06db7f7e,t15c3-pYSYo,Why doesn't USA put boots on the ground?,UCEzGgB4B9R_EPVxFU-vCVXA,@scifirealism5943,2025-12-08T02:36:51Z,0.43941745967034507
f666825d45dec512633bb24f0fa984bf,dQWfdEyorm8,Here you are😅,UCRhqsKtRw5E-mZEQeQxh1Dg,@cathyosbourne6986,2025-12-07T20:47:36Z,0.43932680380644995
a492b9186bbe784ccd5ee4296c8bf0fc,RwW4UYoX19s,true,UCOGZCkBq7ubRleGAIE_Im3w,@annebaartz5606,2025-12-07T23:31:42Z,0.4392668437571744
f425e734fcd510a1ee100e20526b6220,RwW4UYoX19s,"IDF, escorted tours. Real journalists are never going to be shown what the Israelis don't want them to see. Israel got away with it while the world watched.",UCXf9m1HdQ5WxFHLOSku63ig,@michaelmortimer673,2025-12-07T22:54:08Z,0.4392061886273375
711d051b830df610f04c29fa347936e7,dQWfdEyorm8,Sounds like judges are on the list.,UCxSeMMEKQz-rNxOCH4FqVZQ,@evedearborne-suitonu45,2025-12-07T21:21:06Z,0.43917772787342385
beef2a5011f27dc9ffe1875cddc980e6,RwW4UYoX19s,"@Moe-hx5rr thks, I un-subbed.",UCRZrn9Gz0KvIY8k44g1fv-Q,@meghanmacqueen5157,2025-12-07T22:18:13Z,0.43913670556449075
2eb2430ea56ccc1ba1294fd00b763207,dQWfdEyorm8,"Our system has failed us and it’s time we fix it! These victims deserve justice, it’s appalling how long and how many people have suffered because of this evil cabal. It’s time for a change",UCQyx63ZS9XG7jDoJiv-l3Dw,@HauntedHawker,2025-12-07T21:21:25Z,0.4390391303729864
18cabd336cc580a1c2ab81f58219c76d,rChcwSozre8,"BAN:
- Maga
- Racism
- Trump supporters",UC4jGtCVMc2KWvIySIX-OCFQ,@rickmcdonald2233,2025-12-08T02:08:04Z,0.4390233675023092
106d8b4bdc7327ce3b5ccf1b667bdec8,rChcwSozre8,"Yeah, yeah, yeah, but do any of them own a laptop? If they did own a laptop we'd spend billion$ investigating them.",UCo614LcdWTd7ZJm_iRSszHA,@jmiller5032,2025-12-08T02:26:47Z,0.4389142860395302
4f5fd18ce9efb1d0d33b09ca26c92309,e478dy0CKYE,Yep. Because Trump is the consummate narcissist and prick 😐,UCbTqJDynLlq1UXBMKGBj66A,@JNosewicz007,2025-12-08T02:44:43Z,0.4388528949376851
1948bd88bcbe5e7837b832b9ecfd21eb,RwW4UYoX19s,What a arrogant  race Israel  that is and war criminals  arrest  all of them sick fucks,UCU_TZ1ZToV4CnvpdOTfk1hg,@ivantipuna3504,2025-12-07T23:19:01Z,0.4387790852639828
530eae777f32360bfc1a7e8a7b70d91e,5tvOpAe46IY,His own mother hates him what a POS,UCalfTDuHtgXEyWKCs97VuFA,@Shadyjdsmamaw,2025-12-07T22:00:10Z,0.43875374382094956
e705d8d228de5a7e44fdd929ee566ad7,t15c3-pYSYo,It's gotta be hard to report on these stories. The heartbreak and disgust is so heavy.,UCtNJ-RWy8WyOXB_m2yhOQpg,@novitriolhere,2025-12-07T23:37:11Z,0.4387347097130139
73dabaf88857b5cccbf135a5b7084262,dQWfdEyorm8,Funny how innocent people even when they are falsely accused their names are in public records but Epstein people even when guilty are supposed to be protected.,UC7JVq88Rgz_OHr7mF_oBI3g,@marthajackson1388,2025-12-07T22:36:20Z,0.43870513879486905
1788d963219b49cd8d196ba9c0ffa8fe,t15c3-pYSYo,The Pariah State Is Iran and Your Ayatollah,UCy8GR8drDBMN1-ChdFMN2WA,@rft2001,2025-12-08T01:08:19Z,0.4386582719575173
4cf65714a3c173d593bc7efa3bf92446,t15c3-pYSYo,Wow. You must be very entrepreneurial. 7 K dollars earned in 5 minutes. What a man. I will always look up to you.,UCrVIWIBx_Ydbv0b6vc0v4WA,@ConstructiveMinds100,2025-12-08T00:39:05Z,0.43858487077533725
3561ffdc6799d1abcebb1e7083af1eb5,t15c3-pYSYo,Horrific,UCT7GpjQ3skmRoQjsg0O5wrA,@khalojujuma,2025-12-08T02:00:30Z,0.4385780945379173
d265310a72ba52babbd2c6ed9c83ab6e,dQWfdEyorm8,"Some reporter apparently asked Melania if she ever gets her asshole bleached... her response, delivered with a raised eyebrow: ""why? the reason he gets spray tanned is to hide how pasty he already is...""",UCOMJjRv87dH7KdWA8HEAf9A,@capnatom,2025-12-08T00:23:42Z,0.4385635887801273
8f09dd5512dd509df70365a48cc4d73e,dQWfdEyorm8,Death penalty all of em,UCGlDm0pd61UNhVOOSwXbhQA,@nay4851,2025-12-07T20:17:57Z,0.4383771190877276
56c86ac9e4b542f503e0ea0c531673da,DMrclXpeGN4,How is this funny? Absolute idiots.,UCfsIK942VbiQ2fVFNFz9TSA,@lcreager6231,2025-12-08T04:49:01Z,0.43832507863124215
4c12f53583388f45c2f5c077addda9c2,RwW4UYoX19s,Thanks your hasbara and bullying is almost as infuriating as watching kids starve and get bombed to steal land and helps America break with that evil colony,UCalfTDuHtgXEyWKCs97VuFA,@Shadyjdsmamaw,2025-12-07T22:32:34Z,0.4383121223667964
df5441ef6ad6dd7ab150a11fd71b0c37,dQWfdEyorm8,I feel like this vid is abt 2 weeks old. Anyone?,UCxxRbzSZgwFG-BDuSUsTkdQ,@mattboulter1,2025-12-07T20:21:24Z,0.43827970659780635
4b848706f0a22b99c34d65f3087581a8,t15c3-pYSYo,Zio brutality knows no boundaries; the atrocity is unforgivable.,UCVHpIdyVJ_0p6_zopLZi_HA,@SupportingACause-j1p,2025-12-08T00:11:29Z,0.4382454262589084
9a61aa1fdf17409d219b0181cb8d71e6,e478dy0CKYE,Melania can't stand being anywhere near Trump. She doesn't just live in a separate bedroom. She lives in a separate city,UCJOJzvDbmGHs393uYE2QKGA,@merkaaaaat,2025-12-08T01:05:39Z,0.43817375638828415
6ad5bd91c3771af97fea2afd66c84cd7,e478dy0CKYE,I won’t be watching. I hope he gets boo’d,UCx4uGNyk_sK9fBOu33RVY_Q,@SamanthaStevenson76,2025-12-08T00:48:19Z,0.43816718706401203
dbf32b5bfec612bea007658dad53a82c,rChcwSozre8,"All these illegal activities better get followed up legally, and all these money needs to be confiscated if found to be made illegally. Moreover, democratic elected officials better not do a repeat of the Merck Garland shenanigan (where the legal system was more concerned with optics more than actually working and adhering to the rule of law,)",UCzhRHCsNa7cq0CMR8X6LONw,@Egm-w5p,2025-12-08T02:22:31Z,0.43807285744620317
c13fefa6d7223ead8b25f53f330b66e8,rChcwSozre8,I wonder if Don Jr has given Juan Hernandez's phone number to Master Gaetz? 😜,UCupC0GKAnfAYgwqynEmb5Lw,@b.t.2795,2025-12-08T02:12:34Z,0.43803687081547393
57e0360dff022623167a3c03c5b1d7d2,e478dy0CKYE,"'' If Ivanka weren't my daughter, perhaps I'd be dating her.''

Donald tRUMP",UCIAfEDr39yoxzsMT8F1v16g,@donvonschitzinpantz,2025-12-08T01:03:57Z,0.43800157814049756
8e1fbbdede702922f6f20dafd4c17e58,RwW4UYoX19s,No amount of damage control will ever save them. None.,UCzVc43-TAE7m5zd7YLwHdyg,@RepublicanBarbie,2025-12-07T23:05:05Z,0.4379587482415909
44bdfa445c2286e580ea6721987c68da,e478dy0CKYE,CNN please get a grip.,UCHUVGigngw3gQ2rCVAeI2MA,@janaschrevel7576,2025-12-08T00:36:36Z,0.43786582516631656
cc0bd5fcbd8d72d1b751108697119fbb,KjYSHrFkGrU,😊👏👏👏,UCbE5N5NjNhxNzBFdvXEZ3MA,@patricemasson6828,2025-12-08T01:15:03Z,0.43778550970308805
988a1cdd4070813e7e22507817dace53,oylbyE5Zt0Q,And whats Trump solution?,UCMOz_TsuFgcA09vaZy8Svxg,@505Caramelo,2025-12-08T01:33:57Z,0.43777358894972995
1d8146e0bb2b73ee0824b2d3332604e1,dQWfdEyorm8,Epstien was offered a job in Dumpy's regime.,UCRhqsKtRw5E-mZEQeQxh1Dg,@cathyosbourne6986,2025-12-07T20:42:10Z,0.4377485960420636
2721e9918f0c409d8dbb196f7563d8ee,t15c3-pYSYo,"Israel makes Stalin look like a humanist.  Zionist is not Judaism, but the Synagogue of Satan.",UClsAhZ_Ory2isALz5CuzDqQ,@ThatsMrPencilneck2U,2025-12-08T01:13:15Z,0.4376474307375356
c36a92a82517a78d180495b40b88cf67,dQWfdEyorm8,Why?,UChaq24PtRefEzYjgWFsvz7Q,@wiseguy8658,2025-12-07T22:19:03Z,0.4376224929072425
347b87709c84b0c0580cf2cc7d775203,oylbyE5Zt0Q,That was democrats passing ACA.,UCn6eZbZXgeC8lbGpeacwfew,@webporta-1,2025-12-08T01:47:38Z,0.4375039268527061
3e5470ac44aa2ab6db2301dc602c53d4,e478dy0CKYE,Booooooo,UCJb4VAUDy82NMW04xatvKVw,@slimydude,2025-12-08T00:54:10Z,0.43742220233254947
ba40e68b9b9a0c31c513d57f71aa2895,t15c3-pYSYo,Shmuley is worse than hi7ler,UCeV9SiQ8ywwtk0L6d747erg,@will-f7w9p,2025-12-07T23:31:05Z,0.43741160734537454
6e727c568b5add3ed407193a7d622da2,t15c3-pYSYo,when you kill kill kill it starts to routine!,UCl3xq8Olj24-0UaOMttkoig,@healthyone100,2025-12-07T23:35:43Z,0.4374084983893319
045d68760b1a0d5b3c3fddae53cd346d,e478dy0CKYE,America Needs a Commander & Chief NOT a Pedophile & Thief Pahaaaaa! 🫠,UCdyFYZBDR_mOqjAV7MlU0EA,@Dislocated617,2025-12-08T01:03:35Z,0.437360792410294
0be494720f96afb99f3226901a824a85,t15c3-pYSYo,They make the Nazis look moral and ethical in comparison.,UCjA0WgUMM8NunJSKElsNpoQ,@mbadi5735,2025-12-08T00:01:32Z,0.43729119222517054
1aa2b0b92ff921c577328edc4461463e,dQWfdEyorm8,It's a open secret carefully crafted to create division with half truth. They have had the files for enough time to shape the narrative .,UCAIV0ICk8YeIHOfkCLat5Pw,@gladiatorofthespokenword,2025-12-07T21:09:39Z,0.43726414113088274
e67215104f9e53d6b81a54986b2c82b0,dQWfdEyorm8,whole system is joke kinda... your tax money can be used to pay corrupt politicians.. foreign countries.. genocides.. all kinds of made up bs to launder money all over the world... but it cant pay for your health... education... like basic needs...,UCvmhdq7HQ_1ewWQFx1cu2eg,@v3n5t1,2025-12-07T20:12:26Z,0.4372086803630308
7f83ef8be173f97e50f009e67cdde043,KjYSHrFkGrU,❤❤❤❤❤,UCWZdHanLqH3XLd5KrJIbi3A,@worldofbeauty8509,2025-12-08T01:45:38Z,0.4372080030140509
b1709d494e612a7bd12779ffabe21e00,t15c3-pYSYo,"To them,  what you're saying is incomprehensible. They truly don't have the capacity to see anyone who isn't them as human beings.",UCboIOiWw62miS07H6CfR5jA,@nuriben7910,2025-12-08T01:27:18Z,0.4371695517830807
d1f16b0f13c7c37ed7574f23e2460767,RwW4UYoX19s,"Was Trump president in 2023?
Do you mind if I ask what your IQ is?",UCmF5u_Pk4xaHumwEPjYunzg,@hunternedib1119,2025-12-08T02:09:38Z,0.4371425357447171
9fac145a211bc9cc72d149a83e0c6394,rChcwSozre8,"not all children, just the trumpers",UC4jGtCVMc2KWvIySIX-OCFQ,@rickmcdonald2233,2025-12-08T02:38:11Z,0.4371167242286109
22aa9f4ef60bfed4803ab656b81aad1c,dQWfdEyorm8,Can't wait for the big release of all the classified documents that have been redacted,UCv8FjWSDA5OGf4WSwVVJweQ,@WaikikiJason,2025-12-07T21:28:02Z,0.4371138252145267
3f39bf3805fba1171c43685ddfd17772,rChcwSozre8,funny how you bozos all use Google Translate comrade,UCDtpOFhhNN2h26W8P4KGyfw,@steve-z5l3b,2025-12-08T02:12:32Z,0.43692939664203934
7e0e95166bc20e059e40a0fb6a334376,e478dy0CKYE,Is Melania still viewed as the First Lady or the Third Wife?,UCJOJzvDbmGHs393uYE2QKGA,@merkaaaaat,2025-12-08T00:44:20Z,0.43692605726712663
35ea82293310d3b2cace4078a502dab7,rChcwSozre8,These are some birthright citizens I can get behind deporting!,UCyMpWfzKuZjAqVN2zzN5_XA,@TimC887,2025-12-08T02:41:53Z,0.43691424610823426
f7bcf84b2caa36b6f40501eb2cbf6614,t15c3-pYSYo,War is so barbaric and horrible. 😭,UCOcDAVlA9-tRi6xhhnVs2xA,@juneelle370,2025-12-07T23:56:46Z,0.43679180826673647
219592bb6cbcf7d74a6137b423e26d43,rChcwSozre8,"​@reason6835nope, just Trump supporters.",UC4jGtCVMc2KWvIySIX-OCFQ,@rickmcdonald2233,2025-12-08T02:11:26Z,0.43677435626079814
352090f20db11a918882e4a354980d77,e478dy0CKYE,Looks like sleepy Donnie is decomposing in plain sight.,UCJOJzvDbmGHs393uYE2QKGA,@merkaaaaat,2025-12-08T00:58:55Z,0.43676771101212514
3534b61b0640f9f083566e8b46176a43,RwW4UYoX19s,"You think that $7k is sweet, easy money. But you are guaranteeing that you never know peace in your head again.",UCnSKrl0EpkITwuQQvmqkA0g,@meetontheledge1380,2025-12-08T02:19:54Z,0.4367413165476026
9aef30a9bd6539acdc013e119e6ce757,t15c3-pYSYo,"That's some notsee shit y'all. In fact, I never heard of those guys digging up cemeteries just to teabag the enemy",UCfP0IMz40G3IisN-XpMu09w,@thebanneredmare9190,2025-12-07T23:49:05Z,0.4367250640889792
a05bfa1a30063ef7c9ddfa065c0d9f15,RwW4UYoX19s,Really? How many people are trying to break into your country?,UCmF5u_Pk4xaHumwEPjYunzg,@hunternedib1119,2025-12-08T02:11:31Z,0.4366615223943118
9fefce06bb727d22e441a7f54a5c931f,s2EXTCAFPKA,"Uhhhhh…. NO
WE WANT the US MILITARY to DEFEND the AMERICAN HOMELAND",UCcTV1z6lHBfpL3c88oHeFKg,@metalgear-,2025-12-07T19:34:04Z,0.4366327122187572
c3d4c7f3125925a8cc65f5667bdd4304,rChcwSozre8,Kushner recently struck a deal with the president of Serbia to demolish a World Heritage Site there in order to build luxury condos on the spot.  Trump is no doubt proud of his slimy son in law.,UCOKXaauDtahsPXzhZ5mx70Q,@c.a.t.732,2025-12-08T02:16:54Z,0.4365848216588519
97c939e2ad6e1e400116985b301c00b4,dQWfdEyorm8,I guarantee trumps mother used to call him piggy as a child. He is very pig like in appearance,UCd2l-4W6PkHKgB03ObqcWMw,@andymurphy9037,2025-12-07T22:05:31Z,0.43654403832672567
1a535a9c877ee4f9ea5e8f1aee9dd194,KjYSHrFkGrU,Troll,UC1tZT_N9LhgJyFFeMgtbCPg,@jorgegomez3691,2025-12-08T02:36:47Z,0.4364125171017553
9944e7ea28f7750e92363101c61e9645,dQWfdEyorm8,Mind blowing,UCLvsE8jfDGxXiGh0cbr3bWQ,@clairebutler5364,2025-12-07T22:39:06Z,0.4364101936253387
65c070aae9a94435055c3ae1fdab025e,dQWfdEyorm8,It's a UNI PARTY under the control of Zionist Israelis.,UCgTI75eI5FLJck3bD8T_KhA,@stevieflax,2025-12-07T20:36:18Z,0.436388700598538
3cc6ac20fd45fbc4e5309e56216172f7,t15c3-pYSYo,"""The Chosen People"".",UCz_AY9mZP2ttD-a0le-dvJA,@Fixk113,2025-12-08T00:13:56Z,0.43627598981904103
fb6d7381736567ca5a8b2a887aa4c70c,t15c3-pYSYo,"So far, Israel has killed 70 thousand people over the past two years, and they will kill another 100 thousand; no one cares. Everyone involved from the United Nations to all Western countries.",UCK41oq4OAsvHYqvqJfpfAqg,@mumtazmerchant965,2025-12-08T00:02:21Z,0.4362438145008841
d2ecc3dc6ef827d3f4c2c64fddfe1eec,RwW4UYoX19s,Maybe the Gazan should not have supported hamas and not attack israel and take hostages from the beginning,UCkkOxT2rVBGaxlEF1lelLKg,@guyailam811,2025-12-07T23:29:47Z,0.43621199907547115
aac29169f203846f4ee4f8122d533ca6,dQWfdEyorm8,"False. 
- A document referencing Donald Trump was recently released with the individual's name completely redacted.
- Democrats insisted that the person be referred to only as 'victim'.
- The media then used that framing to imply Trump had harmed this unnamed individual.
- When the person’s identity later became known, it turned out they had explicitly stated that Trump had done nothing wrong.

The fact the redaction was weaponised to manufacture a false implication and mislead the public proves that there IS a reason to release the names of the victims.",UC3t4A1ToVnYGGPbwg2upWzA,@TotalWater-pb4qg,2025-12-07T23:00:25Z,0.4361748750579677
86abbdc6f5af89ffcf691250f4f25b5b,dQWfdEyorm8,Clay is on the list.,UCi2VPaouuShFXS3b2c6FQag,@ospididious,2025-12-08T02:23:23Z,0.4361692968045818
e2080d9ca13b35fcc01a1ddbc988f4a9,RwW4UYoX19s,"The most Moral Army in the World ?? , what did they leave for the most evil army in the world they have not done ??? before Killing  the palestinians they killed their own Prophets",UCyTOCfo9ZbtSDXtDVsRs9Sw,@adelalshurbagy1113,2025-12-08T01:44:08Z,0.4361523215731449
34e9b7600b99c2afcec602e8d5d1a323,e478dy0CKYE,Vomit,UCfEjwTvNuu3ShrdMu30tIsQ,@camdennorris646,2025-12-08T00:46:39Z,0.43613023849453436
a0669eddd1824724e6333099f8f7b8b0,t15c3-pYSYo,well beyond dishonorable,UC8M6N-zhvE4UeN4M3lBwk_A,@word2RG,2025-12-08T00:17:47Z,0.43612556916104017
86873620d69482b8b43820c7186d3084,rChcwSozre8,Why are losers always jealous of winners like Trump and me? Are you people so hopeless you have given up? Please let me know you poor people think?,UCiu5i_eARJZeyKBLie8BXxw,@stevebeegreat,2025-12-08T02:22:29Z,0.43612014512619524
7961954c9bbf640b8a7756def34d7b75,e478dy0CKYE,This CHOMO felon traitor is acting like a royal while real Americans suffer,UCalfTDuHtgXEyWKCs97VuFA,@Shadyjdsmamaw,2025-12-08T00:51:26Z,0.43611369623809226
f8535a91a64abac0888586fe4b23c64a,RwW4UYoX19s,"♥️🩷♥️🇮🇱🇮🇱🇮🇱🩷♥️🩷

TYT tears make the most delicious martinis.",UCasQpyeA8D5S5PblrcXCRlA,@IronDragon-2143,2025-12-08T02:26:21Z,0.4361024573929103
4c58da536831d0f815665b0e2fe36620,rChcwSozre8,Charlie Kirk spoke his mind and went out in a bang boom,UCUnSM8Fw2wrGSxdWzkvGIuQ,@muttinoftruth,2025-12-08T02:19:18Z,0.4360708467544119
92c36b47aba0918513caa200c08dcb9b,rChcwSozre8,The Trump family makes Sopranos look like amateurs,UCHBZHl9XW7lXXIh6P7QHAvg,@GSSurry,2025-12-08T02:19:51Z,0.4360052207157922
b89b0f1801d9c1063bed5d50be154653,KjYSHrFkGrU,"Sadly, none of the real story was covered in this CNN interview. CNN blew it.",UC74Nh9NadTBV6LrXWOqsl5g,@ALICIABOJANGLES,2025-12-08T02:02:15Z,0.43593527929111
a038db86bd9b869543f592627f729c36,t15c3-pYSYo,🤡 zio,UCz6nZNi3qvrGpCiXVT1dI_Q,@bobansspliff,2025-12-07T23:43:01Z,0.4359293325454974
6e53d376066228797c64d0c901aeb773,dQWfdEyorm8,Innocent? You can always prove innocence. I don't care if the damned Pope is in there RELEASE THE FILES! I'm Catholic too!,UCi-tjEvkgTAkCOHoxtAO3EQ,@MommaT-g6k,2025-12-07T20:59:19Z,0.435733545502461
bde7dfce5a57ac4391a605ab71f4196a,RwW4UYoX19s,"I never have to begin with
I mean I never had one to begin with",UCVT0wOqfw7twfdR3MR0fWuQ,@alizvondhordez4314,2025-12-08T01:41:21Z,0.4357184315011452
c79a21bf779a2f3da3a969d6af08e75f,RwW4UYoX19s,Is Israel ready to be like the worst nation in the world. You people are baby killers I know you're lying about your Death tolls no money can save you from God,UCdqqY4QRQkyuFCVd93qIjFQ,@thevegangoomba4777,2025-12-08T01:33:11Z,0.4356601705563732
11c24e539b01fc8b3fc6e9168847e732,RwW4UYoX19s,"How could they of all the people in the world refer to any humans as animals?! Do you people ever look in the mirror, amd i mean the people in power(in power because of our dumb asses) cause I know how badly the brainwashing goes in that government! I have several friends and they told me I could go there with ""them"" and proof of their brainwashing and they'll defend it and attack me ! Hitler was a baby compared to these people!",UC2dG6eudcBi3X6Rl-UL0WSQ,@JoseRodriguez-en8bo,2025-12-08T00:18:00Z,0.43560628209390584
700a107786233f3ec0a9e48e0f733c59,RwW4UYoX19s,Thanks Ana,UCjX91NiVpa7eK3XfTu1ER7w,@ruthgallagher9584,2025-12-08T00:14:55Z,0.43556301343217685
ba5a9b9f6fc324fdb41fbb9ccb9443e9,RwW4UYoX19s,"The sad part is, if you ask the question like this if you said hey if it was Israeli civilians in the way as human Shields do you think the idea would just drop a bomb on top of them too just to get at an enemy combatant? And sadly the answer probably is yes yeah Israel and the military would probably drop a bomb on its own citizens just to kill one person SMH and that's sadder than ever because they don't even care about their own citizens so what makes you think they're going to care about a Palestinian citizen",UCIESXMTRGbI6wZIDMcNSWxA,@jamesbroomfield7799,2025-12-08T02:38:54Z,0.43546035557168183
7665ed9476236f5e8e8c7ca38db82ad5,RwW4UYoX19s,Clear the tunnels = put down water and sewer lines for luxury high rises.,UChbd-BIACdwAboKFwAg5EcQ,@shawnmatthews5944,2025-12-07T23:16:42Z,0.43537536154049333
aee58fbb61ad2164b9ac10b4e66b0d9b,dQWfdEyorm8,TYT does this a lot,UCLOKS5t-wsJznaTV-9d6TCQ,@seanknox7321,2025-12-07T22:23:06Z,0.4353723899382401
e2d38296f52752a5655ef6d4cc66f306,e478dy0CKYE,@SupremeWin777-7 Umm... I'd say the dumbest president in history would be the one who thinks water damages magnets. Wanna have a wild guess who that president is? 😏,UCbfjI2yj-FIfMf-aqNfL2OQ,@rahimmajid647,2025-12-08T01:03:56Z,0.43535930074445894
69ddea514d66401cbc9d8f9556c2ec7a,t15c3-pYSYo,"They should show it at the Jewish conference in New York so we can here what Ben Shapiro and Bari Weiss think about this.
The most Moral Army in the world",UCmvpmxneFlP8-pbgPmTjhIw,@quatta1969,2025-12-08T01:48:10Z,0.4353227828692393
763393b630170934b503d304f8efb0d1,dQWfdEyorm8,NSDAP now,UCuiP4VyWyuQFD6LiKPX2zDw,@GamingUSA01,2025-12-07T20:23:23Z,0.4352393129728681
ff7bbcbc696d4a4f838265193daf9378,s2EXTCAFPKA,Trump fans are the ones with TDS,UCFylEneFxSCT0fmdJ02JDZg,@Kassas768,2025-12-07T19:27:15Z,0.4351437560150475
0499d52930733201b295ba8ed9125c65,RwW4UYoX19s,Remeber white Amerikkkans are responsible for this.,UC8eIIUz-8qngfj2yjgT9Jkw,@antiMAGA-n9m,2025-12-07T23:45:31Z,0.43513434030262005
16e6fc29d441fac87ce1725203bb4e8a,KjYSHrFkGrU,@toni-xz6ddNo. But I have eyes and ears.,UCJOM7oPax-ptotYxCEqEisA,@damn671,2025-12-08T01:15:09Z,0.43512499148208805
45e33feb0de1380e68532f5bb1c7e1cb,dQWfdEyorm8,"They may release the files, but many persons of interest will likely be Deducted under the claim that investigations are still ongoing. In the end, it will be almost the same as not releasing them at all 😊.",UCfpQ2C_zYI5ogyo1UlfesPg,@yussufabdi625,2025-12-07T20:09:20Z,0.4351012745405726
3ed403f705923122fd6d07349ee561da,iFewnvLzzUE,Shut  piggy. Give RESPECT GET RESPECT,UCIkzfQpBtVtBQPB-DJ1i40Q,@bG55555-g,2025-12-08T04:13:44Z,0.43497516537483766
d430efd9b6eb85aae9825daff039683b,t15c3-pYSYo,They learned well from their religious books. Religious indoctrination will make out of you an inhumane monster.,UCJIlcn42VEzt4x3-pN05dbQ,@Miopop58,2025-12-08T00:14:03Z,0.4349562753931492
b31bbb6212f86776dbda394d8393917b,RwW4UYoX19s,"More than that ! The Balfour declaration 1917 initiated the 1922 push for Jews to to Palestine 1923 Zionist lent Germany the money to pay reparations to England (saving Germany huge interest)to pay the loan that was granted for that signing the declaration, 1925 the Nazi party came to power 😄👍",UC3vfg_QdERej0zHgyNR8TMw,@alishastone9,2025-12-08T01:20:10Z,0.43484703237850997
93090a9b8f630b8053c80f2f03a0fd9f,rChcwSozre8,​@rickgrims-qy3jqany relation or supporter of Donald Trump is a threat to American democracy,UC-lZMtkNtxQlKHFm4Q9maVw,@Winniethepooh-c5d,2025-12-08T02:26:04Z,0.4348213119858732
f9b4a073cb9e6e4e38ca2becbbae82d4,RwW4UYoX19s,Greater Israel melt like salt,UCslggGIRkbDlJy8gJ9A80uQ,@MohamadAli-wz4ln,2025-12-07T22:48:37Z,0.4347740077571676
b27cd565507536e198c2fe2a82bc93d0,dQWfdEyorm8,Taco PED,UCdzDjTbr8EBGrqV2a04O0gg,@danrode104,2025-12-07T22:19:05Z,0.434719667671328
eb86f99362f164092b6f64a9018b6321,t15c3-pYSYo,"Fine i will finish eating in my room

This is why everybody hates you glyph and stop lying to people",UCFJH6sgMrINrG99QUvpyBMg,@ihartevil,2025-12-08T02:01:10Z,0.4346888292308061
1f5da5f9065cc7f2a1abddf2b7953465,RwW4UYoX19s,You guys are just a one-way show,UCI9I1bOicenqOyHYorqfEJw,@zalmanfriedmam7903,2025-12-08T01:07:18Z,0.43458017862479276
181d7931987eea0e1a9af99d7530b9ab,dQWfdEyorm8,Exactly. Americans have made a habit of celebrating prematurely.,UCzj9BnaxUiBw3TZozzx9KrA,@HTownCharlieBrown,2025-12-07T20:35:58Z,0.43451849113942176
f5e1b2826e8d674e56d5f3a6fb635986,e478dy0CKYE,"After hosting the show, he'll be up all night venting on Truth Social after he watches Marjorie Taylor Greene 60 Minutes tonight. 😂😂",UCSJMBi6A0hQeicVweTCKn4Q,@spectrum76t4e66u,2025-12-08T01:12:56Z,0.43448140104202443
0b04fc3104fa14449d0d4f3b4fefd4af,e478dy0CKYE,I'm still waiting for my $5000 DOGE stimulus check Donald.,UCJOJzvDbmGHs393uYE2QKGA,@merkaaaaat,2025-12-08T00:39:26Z,0.4344613746306317
59ef9d32874649c81134c0fea7d62832,t15c3-pYSYo,"@Uncanny_Mountain Facts are Facts. Truth for someone such as yourself is the enemy to your fraudulent believe system. I spread no despair, the only despair here is yours when the truth is stated.",UCKvYs0P8E7HRv8-GUCb6-Xw,,2025-12-08T00:36:55Z,0.43444072464785954
212ea9f207b89e277b2b2cd67fbdbf4e,rChcwSozre8,The left think it’s OK to mutilate children. Let that sink in.,UC_B-_DhHdcufhDDpdeCIVMQ,@thorspinky,2025-12-08T02:22:17Z,0.43428689257471303
5e7cdc0004ea557dc247c10a73c7cbdf,rChcwSozre8,"There isn't and most likely will never be a return generated by AI, spending all the money these companies are is a joke and if the media was honest, y'all would have called a spade a spade on crypto years ago and admitted it's nothing but a pyramid scam too..",UCAF2SpNe25TsaNSMo-_avkQ,@sneakydudesgarage7121,2025-12-08T02:12:26Z,0.4342183839953319
ef8bcca8ca102cf8374b4a97e775d237,RwW4UYoX19s,There will be no 2 state.  You were told.  For The Chosen has spoken.,UCvXffbh_Jhdac3h36xzoLHA,@Obeytime-w4i,2025-12-07T22:52:58Z,0.434192302793154
aa6d1b56721a588c3cb0b73ef71327c6,dQWfdEyorm8,"The VICTIMS want these files released, most of them has been on tv saying to release the files, and if there is a name on Epstein's list then they should be brought to public",UCzpc241GFQxR4UgVGIve8HQ,@CaptnCaveMan01,2025-12-07T20:09:03Z,0.43411676952424083
e7a5bfcb5ddb4591e0fb3574bda2d361,dQWfdEyorm8,this video is old. unsubbed clickbait,UCGTexKl4jjsUzVZHUhRWuDg,@ChristianCrusader99,2025-12-07T22:01:19Z,0.43411631528480676
583da23412d151f5a579f59c468e1a80,RwW4UYoX19s,Jews have used the victim card for 3000 years,UCuu1vpWiKM2tBLacenVFbIw,@anthonymunno,2025-12-08T02:20:00Z,0.43405610411304574
65dadce9a44082abad5553f9725ecab6,RwW4UYoX19s,Ignoramus is ignorant,UCjiBF3qefkuM5AJsHD5LGmg,@dimmuborgir4804,2025-12-08T00:03:44Z,0.4339980335605006
a5c7e70dde8f4c98b76ba9906057ef5d,sdiEQ4Dkot8,Marjorie Taylor Greene is still nuts.,UCelPbnj4CXXVnrfVxHHZHeA,@samiaint8043,2025-12-08T02:43:47Z,0.43392795383390464
bd7cbfde86eaae751f3764a450a7cc78,dQWfdEyorm8,"We can think for ourselves, Clay

Thank you",UCByI24pLsOU8_axZXbnJkUg,@FixandFlip10304,2025-12-07T20:04:38Z,0.4338304277957497
178fc70118a4972490a6aa2b52395937,t15c3-pYSYo,The fact that when the IDF massacred those paramedics they buried the bodies makes me think that alot of murders have been covered up.The fact that independent journalists still have not had access makes me think the numbers of civilian deaths are much much higher than the current estimates.The amount of destruction that has been rained on Gaza is staggering and it would be impossible to get any accurate figures of civilian deaths.,UCuOHymdOay43fUkimt-_VcA,@simonmoylan4014,2025-12-08T01:29:12Z,0.4338079046401936
837f41bbfe246e30fc515e7335ac7554,dQWfdEyorm8,"Realise the epstine file
What have you got to hide 
Let have a look 
Who is holding it and why",UCSZ-CeP52d0IApK50bqro1w,@bablumiah2062,2025-12-07T20:14:56Z,0.43370570376271966
936b6dbff01726ccfb9637b2b0092c22,oylbyE5Zt0Q,And the POS award goes to ...,UCty0KKpJtvbSz1tmZdzuRRw,@sr.gateau,2025-12-08T02:31:03Z,0.4336655494612742
c34c9c65615d80bd0fca19e94d0bc633,dQWfdEyorm8,So every single word and letter was released?,UC8vszbXVCsV9-vQy5KRZMsw,@MikeCHunt90731,2025-12-07T22:38:59Z,0.4336638452708017
1550adb778e870eea028c87d2328cb41,dQWfdEyorm8,And yet contains a lot of similar names,UCZDpzkFMUb_lZqCaq2oBYWA,@spidalack,2025-12-07T23:59:05Z,0.43356972314562126
f2e247886f0f3834206b285088d9bcea,e478dy0CKYE,@badluck5647 Jealous ?,UC22oHzXyXUuI7Dwf4swr5Iw,@davemitchell6281,2025-12-08T00:39:09Z,0.43355600837518443
f28b1e05c742ec7d44f71cb308e80066,5tvOpAe46IY,"I know glyph isnt letting me get into trouble for tax evation from that account and i might have given it to the demons anyways by using that website

I am never closing my joint account  even without that 3 million attached to it my moms name stays 100% legal i checked

Trust banks completely illegal i never wanted a bank like that anyways the money yes but in a completely legal way and being talked to about it first

I am trying to get things figured out as best as possible before things go straight to hey heck like always somehow failing miserably

At keast this time it seems to be because of roundup so i am at least doing something right",UCFJH6sgMrINrG99QUvpyBMg,@ihartevil,2025-12-07T22:19:49Z,0.43354390608724536
4294da0c355f1f5807760298ad195f91,oylbyE5Zt0Q,"The democrats passed the disastrous ACA, then set the expiration of subsidies with ARP. Both passed along partisan lines. They could have made them permanent.",UCSzfruIYTMmQWRhsJ8X1IaA,@arudiga,2025-12-08T01:26:07Z,0.4335394076833151
742c49263c2b182f185ca1e0d97aaaec,e478dy0CKYE,Do Americans know that Israel is misleading America?😅😅😅,UC52Aj4zquftc7DPfW0pukdw,@sudheera4669,2025-12-08T00:49:41Z,0.4335282513373362
cb4d788f0f50c95521f717b85c31abe5,e478dy0CKYE,"Melania tRUMP is fluent in 5 languages. She knows how to say, ''Johnny, leave dah money honey on dah dresser,'' 5 different ways.",UCIAfEDr39yoxzsMT8F1v16g,@donvonschitzinpantz,2025-12-08T00:44:26Z,0.4335165961044332
d11e8e7cb80909d67fc218afabc1cb2a,dQWfdEyorm8,Not really! It’s only a panic with the Democrats,UCW0i0eUxHz32HfqVNeT0tbw,@michealnagy5763,2025-12-07T20:47:38Z,0.43338086276155574
aee706b60f72f70f61acc94f56f7e007,RwW4UYoX19s,Malditos gringos imperialistas sionistas...,UCSWjmN6UVpUpB_Ac3HStZKA,@Masatepe1960,2025-12-08T02:28:59Z,0.433256212310602
dcf567d525a46c83c45fc43fd4a3b3a1,sdiEQ4Dkot8,Our country is in the hands of jews and cho-mos,UChNNkCMqMJnvmQufTLDQrpw,@ShawnKieffer,2025-12-08T02:43:53Z,0.43323374705606826
d45ad4f977dc57e78e2ff05b24a7449b,RwW4UYoX19s,Journalists should just literally force themselves in to the hundreds!!,UCugi0-XgtdXvKIjF0KcaXWg,@ccspt-z2r,2025-12-08T00:22:27Z,0.4332237496308218
0c63770a83c38e6f23a6aa11a41d52df,t15c3-pYSYo,It appears they’re following biblical prophecy and they are egging the world to come against them so that then they can use the Samson option which is what God prevents so that all flesh does not perish?,UCc4vCVsw4fbjcIu1Dg6tK1g,@nickreno644,2025-12-07T23:35:59Z,0.4330952634284353
40f133e176687cdef19798fc1f9d30bd,e478dy0CKYE,Thank you President Donald Trump for saving our country and giving it back to we the people. Best admin in history MAGA,UCwsNrEYUpNKc_sJdVguokUQ,@dnrdufty,2025-12-08T00:57:47Z,0.43306519238727736
c3e1999fc93aed7859a334bff45eb842,RwW4UYoX19s,israel is scumbags well their govt and people behind this spin anyway,UCyTg-yauSKlgO-ROt79n_7w,@vg4917,2025-12-08T00:03:56Z,0.43299266215528864
8f2545674e1479e3b3eb29ccfb8a11fd,dQWfdEyorm8,So whats in the files?😮,UChO0N-eql1z6XrY6gS7dqDA,@Nora-gy5mt,2025-12-07T20:23:43Z,0.4328176001410405
27100d5c39775e34d09b3e81c6630d99,RwW4UYoX19s,⁠they have no support. they were born in a concentration camp. and considering theyr fighting the most armed & technologically advanced army ever they've done ok to still be alive. did u see how many bombs dropped? supplied by America btw? also u see the orphaned kids right now? that's literally who hamas are. kids that Israel orphaned in the last 30yrs that grew up their country occupied land stolen & parents murdered! what would u do?? surrender??? be foreal & be honest,UCLxK1NaxM1-rFlG84xPsEBg,@narelle24k,2025-12-08T02:09:29Z,0.43274283681034853
8eb6a052c0d543760b7d6b70c12cee65,dQWfdEyorm8,She was already rich before Congress… nice try though,UCI-WAJKTstGObet5eWLi1Pg,@JerryL-d9n,2025-12-07T22:10:50Z,0.43273932377533075
8c8814472fb99b42c021b262c208abe6,t15c3-pYSYo,I can't find the original CNN clip on YT. They seem to be shoving it under the rug in order not to upset certain people with the truth.,UCh7aDUkZkUTvfA9PNQjvABg,@Jay-n7q7v,2025-12-08T02:36:45Z,0.4327367839948689
38c7a7612930251509bfda890339eb1c,dQWfdEyorm8,"*>>ANA KASPARIAN  🫡 
💯🎯 💯 
>>> *“Your rights are subject to how we define them”* , this is what this battle is about
>>>Oligarchs buy media and tell us what they want to believe. Indepedent media (like Drop Site News) and brave people like this man are the only way we keep our Bill of Rights. Either we fight for everyone’s constitution or we let puppets sell us to the highest backroom bidder.
**>The worst part of being 'awake' is realizing there are waaaaay more EVIL people on this planet than I ever thought possible.",UCz2O2oQ81NbGahInpXfMIIQ,@h.h.3102,2025-12-07T23:02:29Z,0.43271279194855505
cca2877ab937aaf1e31f9b30e4c4bcce,RwW4UYoX19s,Israel is a terrorist country that have lied about their inhumane atrocities towards the Palestinians for 75 years,UCNwZJK7Nz7JofucDiWevkig,@evaoribio5451,2025-12-07T22:17:38Z,0.4326942380441183
8c3eb472d920c5436152da321a700e46,t15c3-pYSYo,And they are getting  what's coming to them. insha'Allah,UCJi8k3JAHwYn6BgiM51rwZg,@jam6876,2025-12-07T23:19:19Z,0.43268163915258884
6da4ba31d758bb97d45bf6733647e007,t15c3-pYSYo,"Are you a Zionist? If so, why?",UC-fRaWyIibaM665cuAYt14g,@captaineveryman6589,2025-12-08T01:26:30Z,0.4326486878296783
99ee6863ac60171e374e4db883ad992a,oylbyE5Zt0Q,Be passion only 36 months more end everything going to be OK,UCZDXdwYnUXOLnNCB-3IkHDg,@ilirajeti4207,2025-12-08T02:34:57Z,0.43263787418955196
6cc24d3d77182cf57c55be7e0d5f8e2b,RwW4UYoX19s,Look up “go fuck your mother you homo”,UCWwEoHqshS8J22G1M6kLpTA,@82jasonbyrd,2025-12-07T23:41:37Z,0.43262024576668157
d5cf8865816bb38e4bf9c118ac027c1e,e478dy0CKYE,@merkaaaaatI'll admit she is waiting.,UC22oHzXyXUuI7Dwf4swr5Iw,@davemitchell6281,2025-12-08T01:26:21Z,0.43256517834729963
d64953f5fb52f905b49f6073e0f58ccf,RwW4UYoX19s,"If the world doesn't care, why are you bothering to comment?",UCcudWlpcm43FowrXBgw59yQ,@BatCafe5150,2025-12-07T23:41:44Z,0.43252068440570807
70d95eec08e7dda959422034697ab186,dQWfdEyorm8,Higgins is a joke.,UC9OOeBlWWzX5upsESlmcoXA,@donnyhilliard8177,2025-12-07T20:52:45Z,0.4324856789886718
bb3289795219b4614901a4a08a3ad3ce,e478dy0CKYE,"Trump SNAPS with INSANE announcement on Truth Social. As Trump has shown, how stupidly insanely crazy he really is. https://www.youtube.com/watch?v=RmWa1XibmhU",UCaoKfuiXh65zjATLQHenR0g,@annareismith6843,2025-12-08T01:08:25Z,0.43245426422905375
ec65bfbc8675a7308ad3f075babe3a65,dQWfdEyorm8,"Anna's right. Our justice systems at all levels (local, state and federal) continue to protect and  disbelieve women and children who are abused and who come forward. Then when the perpetators are exposed, if they are rich and powerful, they are protected by those who should hold them accountable but who do not  because they are  afraid to do so for one reason or another.",UCDLhNAm9skJArAAN4Dcu6uA,@barbaranelms8331,2025-12-07T20:33:45Z,0.4323817918338055
67a6f2397f08a8ebb5e8e33b7bc69179,RwW4UYoX19s,I wonder if flouting ICC arrest warrants is consistent with international law.,UCq6EtlnH3qCQIxVAhAc0KgA,@brightlightsinadarkroom,2025-12-08T02:07:43Z,0.43218972021540475
35eb3c1024ed948682b53176e6a97275,dQWfdEyorm8,Fake news...prob yt account too 🤡 🤣,UCc0021moXiGcFI2IQDdL36w,@JeauxSchmeaux,2025-12-07T21:20:32Z,0.43212978711410355
8f520d57e9ee671e3d8bf54e1a7dd575,rChcwSozre8,Projection is Confession,UCmIS4gBF0Dcv63NdgO1qvSw,@loorowoo22,2025-12-08T02:13:05Z,0.4321145718277501
b656d2aad416f52daef4b55068d3d59b,RwW4UYoX19s,"Imagine being this obsessed over some people that wouldn't piss on you if you were on fire. 

You support terrorists you get a death warrant. Enough said!

There's no place in this world for Islam not here in the US either! WE ARE CHRISTIANS!",UCLKL6ERrlDgN8rBN4jyX9jw,@randyeury4772,2025-12-08T00:18:04Z,0.432113344482955
9bc41375834cf10f01195200a7cdf08c,t15c3-pYSYo,"my cat says maintain
➡Boycott!
➡Divest!
➡Sanction!
➡Shame!

Stay on the right side of history!😺👍",UCO2V1AWXi-yVwKzgqV2nH4Q,@fidelcatsro6948,2025-12-08T00:00:54Z,0.4320971051963205
5f37657c8533bcf6562d03aff8c5257a,dQWfdEyorm8,It's still not the jews,UCTKoEkmiZiCQFc3MiGW2YFQ,@hasanyilmaz5140,2025-12-07T20:29:52Z,0.43193845032406286
0d69c64dcab27e06de0077c7af8b869e,t15c3-pYSYo,Plow queer Israel over America first,UCQiQ59Azd6oSCvMmogMLNLg,@markmaterio7130,2025-12-08T00:51:41Z,0.4319211115779915
956fe80a32b17ae3bc80bc6c6916c573,dQWfdEyorm8,https://youtu.be/JkKJ32mawBo?si=IR6sNqvrDlCHvlgx,UC2lh9xf3G6xchBTACSGH-RA,@JoJolbj2025,2025-12-07T20:36:25Z,0.43191770122644146
d9ec2d3a0010bf176d2bea231e62d83b,RwW4UYoX19s,Thanks Ana! U r a brave journalist. Many blessings. Stay safe ❤️❤️🙏🙏🙏❤️❤❤😂😂,UCPM4NDWChzUQKPVqHWfhxXw,@floranderson2251,2025-12-08T01:44:49Z,0.4318830472983325
252a1d106a72e57ab83dcfc7f746ecec,dQWfdEyorm8,November 14th was last Friday?  Why old videos?,UCSN3IQHAz0Jpiab7hcUpZgw,@dwarfcow,2025-12-07T20:39:18Z,0.4318448067426603
9c3f953d28097be8d62cba7277ae9e0b,oylbyE5Zt0Q,@mikeb5664 Who does?,UC22oHzXyXUuI7Dwf4swr5Iw,@davemitchell6281,2025-12-08T02:40:04Z,0.43182884157371204
7b8eb873c41b1cbe3a66ccbe1543de13,oylbyE5Zt0Q,​@davemitchell6281 Bernie Sanders.,UCKED68JWmO_n20tke_BRJQA,@tejanoj3017,2025-12-08T02:42:36Z,0.43163938759303033
cfcac9083de091945b7d330699635c76,e478dy0CKYE,"GARBAGE 
GARBAGE. GARBAGE. EPSTEIN EPSTEIN EPSTEIN EPSTEIN EPSTEIN EPSTEIN EPSTEIN EPSTEIN EPSTEIN EPSTEIN",UCKEGsJmgzI_RGP58rRRBxZg,@LUISRAMOS-hl2bq,2025-12-08T00:59:44Z,0.4316129383443556
7d0671a4e634b50c13746a64f1feff8d,t15c3-pYSYo,"because Israel blackmails , bribes , extorts and or pays for support 😡",UCou_IdyPRoNnnW8-SKm7UOw,@smyth7,2025-12-08T00:10:24Z,0.43153302447445413
c49c4985b8d3abb375c912820b21b427,RwW4UYoX19s,"Salutes to all those Journalists who reported from Gaza n paid with their Dear Life......Also, those who enter Gaza to witness the aftermath of continuing Genocide, Please report with ethical honesty, listening to Israeli Narratives would be a crime against Humanity.
CNN,NT,WP,DW, BBC are dubious News Outlets.",UCfR4HIIxJE7l6do5dPRVVCw,@mansooraqureshi2696,2025-12-08T01:16:39Z,0.4313774982629828
789b8655a18c696c0058233dbea731b0,dQWfdEyorm8,You guys are soo fair and balanced..Refreshing 😊,UChlc1gFnlpSzDepbMdLGjxg,@ilovemesumgravy2,2025-12-08T00:23:44Z,0.4313429083551702
6678cc53642c0eee724b4c2eac1d3219,RwW4UYoX19s,The so-called “resistance fighters” hide in tunnels like rats.,UCzYItLPlTznh5rKJuWmvLLQ,@mikeg2306,2025-12-07T23:09:41Z,0.4312963600244135
62b93797dd9f45979180a62fadf093e9,dQWfdEyorm8,Bullshit by Clay Higgins,UCGei6xEnvOrtd8hbo-Bg2tA,@StoppinDaBooSheet,2025-12-07T20:19:03Z,0.4312217771512743
ebfa39ad779fec81a6083560d52bbb13,t15c3-pYSYo,"They stole your money , theyr stole the lanf and they keep stealing Palestinians lives ! Free Palestine ! Free the world",UCMBb9E7-qw3HHGkmBaNECrw,@MariaRosa-z4f,2025-12-08T01:20:14Z,0.4311398763981561
3c6b55289de8682c5c7eee20b540ee96,t15c3-pYSYo,"Justice.
It's not a new word, but it certainly fits here.
🇮🇱🇮🇱",UCcqMN88WoC4fuWikdogk6YQ,@tompriceusmc,2025-12-07T23:57:23Z,0.4310377742042416
9cc4ac4b281aaa71b3a1dc3bb97b62d1,e478dy0CKYE,They do.,UC22oHzXyXUuI7Dwf4swr5Iw,@davemitchell6281,2025-12-08T00:45:36Z,0.4309216667457825
2382b02f7e6cd54b08254da775493807,KjYSHrFkGrU,Leave her alone,UCT3NgLNHGYXYA2mGQbaSw0Q,@petewong2372,2025-12-08T01:34:01Z,0.4308343901440298
c2ae20bff7fce4cea6cfa7af214cf680,RwW4UYoX19s,The chosen are full of shit.,UCyA_P9Y-R7vysXuvwY96ykA,@SydG01,2025-12-07T23:09:09Z,0.43076653638971313
f2def760400d2933207b7a6522079db3,rChcwSozre8,"Scamming and grifting are not genetically inherited, but growing up seeing it does.",UCdQDRINAvtMbdQ40l94FIHw,@FactsWithFlavor,2025-12-08T02:30:27Z,0.43072228916832683
f7c407e4346deab920767cb173050499,dQWfdEyorm8,"Now we know why certain politicians are so staunchly pro Israel, it’s quite possible it several of them happen to be on the list and they’re not just being paid by aipac, they are probably being blackmailed by Israel",UC7hVbv34dH3GCfTjDH8jTOw,@mckenziewinters-cv8gd,2025-12-07T23:14:24Z,0.43066707766314427
ad4d388590b90a255fd126dee93d5a8f,e478dy0CKYE,Always sold out.,UCVpl-rVcj-MiA92KtDENiVw,@halfdeadedlifereturningwit3420,2025-12-08T01:05:55Z,0.43054231745579913
99a96d069b6354e7034d8c31936754b1,dQWfdEyorm8,"he is, its disturbing",UCkm9GMqCwW3ZmZO1ppM35Eg,@HaamSoloo,2025-12-08T00:31:12Z,0.4305344211322467
461f1b317845b6833e668cab970d8cf0,t15c3-pYSYo,Everything that TYT reports on this Hamas created war is false.,UC_2G-uSo2ZpRHMgXlRzAxIA,@Based_Clear_Vision,2025-12-07T23:37:08Z,0.43049243225314204
15bd4513ced257551e9b6c0c1eb3db2d,RwW4UYoX19s,"If you're not an antisemite, you aren't a patriot and you aren't trying hard enough to care about our fellow humans.  It is deeply important for everyone who cares about human civilization to hate israel and to become dedicated antisemites.",UCPbX2ZJcyvBI8_rwbQG0pKw,@Jonsays1492,2025-12-07T23:36:17Z,0.43049204363686283
f7ac4b2f24644f07efddf92077eeadc3,e478dy0CKYE,@irinafrye9031 yep I need to lose a few as well.,UC22oHzXyXUuI7Dwf4swr5Iw,@davemitchell6281,2025-12-08T00:58:49Z,0.430437274746163
ad8421db4a7a185f1d2d84ba436496fc,s2EXTCAFPKA,Suuuuure,UC1CpQG8tNecB3GZCMqfTzdQ,@sircaliber1,2025-12-07T19:44:39Z,0.43041859898266166
691cb4ca08310cd07056c1df7861f8c6,dQWfdEyorm8,This is clickbait,UCSFEmBBNVaYjY7tyzzjDukA,@DonaldVance-k6v,2025-12-07T20:57:48Z,0.43035326547753283
ab15281170cbe968f09f3889b2c59590,RwW4UYoX19s,"""cHOsEN"" lol, who chose them again ?
Nothing will change the ZioTards' terrorism documented on Camera, good luck convincing SAN people with the ZioTard's Hasbra.",UC5f3EWKXB3sOWgiAHQ8_m2g,@samik.decker8139,2025-12-07T22:35:45Z,0.43030314463807284
d432a34716198730721b9f0d0775bed2,dQWfdEyorm8,Let’s be real.  Heavily Redacted* files released,UCsD4KGMoYBy9rHr76tG0cHw,@Jonathanismyname,2025-12-07T20:58:19Z,0.43029193831284973
8dc99cfc311b1bbb73bab465601b156b,dQWfdEyorm8,RICO is going to become a whole separate division of DOJ after Trump's gone.,UCg9gXh7_QecGmq99ceay8wQ,@Greg-io1ip,2025-12-07T20:30:52Z,0.4302653110478892
41cd78b081e492318cc7dc2cad402cbd,dQWfdEyorm8,I'm a relatively new subscriber. How refreshing. Good job. Keep up the good work.,UCqG79fkTFn6NSksVcyvGlzA,@ronalderickson9723,2025-12-08T01:28:27Z,0.43021845487302224
bdab02e8ab159aa01f9d14359d590993,RwW4UYoX19s,"Bibi funded hamas 

1.4 billion over 16 yrs",UC_oVmp5pu7QS8YV76elFuaw,@charlessands9228,2025-12-07T23:51:10Z,0.43021838585482547
776d197dccb85d6c3bdb872be4605c5f,dQWfdEyorm8,This is the first time I see this episode....glad I am catching up on this important episode,UCkJykaPiPrgp8bD-QkvmTPg,@Wil0ftheWisp,2025-12-07T20:41:59Z,0.4300842799106271
5c05b6b5415bd28a3ddb808992d0aeb0,dQWfdEyorm8,"I'm embarrassed to be an American. The ""greatest nation on earth"" MY ASS.",UCk5JXbsyWFBAMcCmDsu02EA,@mike79patton,2025-12-07T20:29:05Z,0.43008235289918917
458484592a26c775c2adf04eb7185c57,RwW4UYoX19s,Ilove this lady she is Brave for showing and exposing Genocider and there atrocities,UCHzSxkNlUfoRt9xBa5ayFYg,@jayjordan7747,2025-12-08T01:21:40Z,0.4300738738643315
3f224881ed6e4ec5819190fa24c9ad2c,RwW4UYoX19s,Anna has been paid by Qatar and the Muslim brotherhood to demonise Israel,UCFiTWoP8hrbLFfeLVnI_esg,@GregKiha,2025-12-07T23:53:06Z,0.4300262423337603
7b20ff710ee0438ed5dcf46ebba66d06,e478dy0CKYE,Trump's really packing on the pounds that tux looks ready to explode.,UCPXB8a7JUa9Hi4npX-B3idA,@roberthollingsworth8940,2025-12-08T00:38:36Z,0.4299118298815945
5f492c8c2cab6e208c486cb32b55447b,oylbyE5Zt0Q,Any updates on John Griffin (this networks olproducer)?,UChAV7SZikJzAxI-Vo1H0nwA,@PC-tc5je,2025-12-08T01:19:18Z,0.429908357067309
9b6c8fb7cc1ca171aa5d196c42359b5e,rChcwSozre8,"Calling for an entire political ideology to be banned by law is not democracy. That is authoritarianism by definition. Free speech only exists when it protects views you disagree with. The moment you support laws against people for their political beliefs, you are arguing for the same kind of power you claim to oppose.",UCgBrTYJJH5aX4wo6z9FL8PA,@FogHat-TapSnapOrNap,2025-12-08T02:11:32Z,0.4299064920661939
b2971e62fba23f36befd21757a84e97e,RwW4UYoX19s,Time to find the mass graves.,UCbQfir3_elfmtIN_yZ2L0Aw,@Phantus00,2025-12-08T02:07:38Z,0.42983871622610836
c6b5840805d27745742638ae4afe1605,dQWfdEyorm8,They will redact so much of it we will think our screens are broken and need replacement.,UCC-Afc57eGEj2LVwMaO1jgg,@DenisC-pr4jw,2025-12-07T20:45:48Z,0.4298189964220102
d818448166c736326be633beb4f35a2e,RwW4UYoX19s,ana is so fiery...my favourite armenian-amerikan besides System of A Down,UC196-VuinOeDJQIYHZ5zI4A,@April-Seventh,2025-12-08T01:34:16Z,0.4297797257126237
5a4c078eee0d604a91da213ffb60bc63,dQWfdEyorm8,Both sides have been through everything.  What do you really expect to get?,UC0imD0xHQhb2ZS1r3jm9hTg,@jerrybledsoe8135,2025-12-07T20:26:02Z,0.42971577477476586
57df875550d8110b37c34a72cb161c38,t15c3-pYSYo,"Citizens of the world, if there are any IDF soldiers living in your area, remove them IMMEDIATELY. How you do it is up to you.",UCCo0P0mXu5GCVz7G-iU9R-g,@vuxle,2025-12-08T01:02:48Z,0.4297040596682857
f58ccaca73913345d87fc4bd45c44e6e,RwW4UYoX19s,Zionists kill babies.,UCIVBsTlBt5NSHiJzEPvmUkQ,@BaggyTrousers-d2n,2025-12-08T00:22:15Z,0.42959365964803614
61d814b6308e49dc50e81f6f85a74768,rChcwSozre8,Spoken like a true Democrat. I bet you think everyone else is “fascist” too.,UC4s3K-Td0OZP2IqMfwVbEiw,@reason6835,2025-12-08T02:10:49Z,0.4295733902451565
3e7c02035beb909f19d9e2710a5566c0,dQWfdEyorm8,The files have already been edited and big names have been filtered out.,UCv1zT-rWzzWvBTQWcEFTn-w,@robbadoux884,2025-12-07T20:15:30Z,0.4295687415672601
7a373ff4fd56c2b1092ffc51255e1353,dQWfdEyorm8,"Didn't Clinton, Obama, Biden all sit on the Epstein files while Democrats stayed quiet all these years?
Just another Democrats' show.",UC8QgHdr0fg7BLRnvRsBnz8A,@melissak358,2025-12-07T21:55:52Z,0.4295035474537085
d1b5b2ccd412230314bdf3cd707e489a,oylbyE5Zt0Q,Scott Jennings is a Total MORON !!!!!!!!!,UC7xS_FnH1hfz2Vzwpt8BS7Q,@Gandalf51,2025-12-08T01:26:14Z,0.4293578333425627
a32d46a579efaf031249fa35bdd5ae9b,t15c3-pYSYo,"Chosen Rats love to Confabulate
The Gentiles trample Gaza, the Great City 1290 days, drunk on the blood of the 144,000 Saints and Martyrs, those who kept the Testimony of Messiah, to not form a Nation before Israel, Archangel of Most Untimely Death 

The Name of the Messiah that they have defamed before all the Nations, as written...

500 days left ⏳",UCDj9QH2hXpVW-ciZ4_op0kg,@Uncanny_Mountain,2025-12-08T00:10:49Z,0.4293475286310311
bf041965f3380ec6ac8c1ae62514e70d,dQWfdEyorm8,"If there is nothing major in these files, then you know they cleaned them up before the release. Otherwise their hesitation to release them doesn’t make any sense.",UCKcwOoY6Lx_9R7f9R39sOXw,@TwinTurboLsx,2025-12-07T20:19:40Z,0.42934547266874445
9254cb9e3d5deedf46cb88c5dc331f71,5tvOpAe46IY,"@TonyFox-l5g  Since Biden left office: inflation up, general cost of living up, unemployment up, manufacturing down, job growth down, GDP growth down. Trump's promise: America's ""Golden Age"" will start on day one. yeah right.",UCRfUpDiC3ZqdMBn2uz1yuvQ,@Boucky-n1y,2025-12-07T21:15:37Z,0.4293157182299341
db811df9a427969b9350c4048ac939cf,RwW4UYoX19s,We have all seen the genocide yet no-one has done anything.,UCFmUVRjw81ASckDHWXQ_ceQ,@kimisbell4420,2025-12-07T22:14:43Z,0.4292117867744405
5698011da3f6a3c7d136bed4dd855b1f,t15c3-pYSYo,Savages.  Barbaric dogs.   The nation is sick. Sick sick sick!,UCUJ5vrNI4lr06zOYHsQLF8g,@Cindy-f9s,2025-12-07T23:33:58Z,0.42920830262715004
5c3ab15fbcea5910218c165c2c04f0d6,t15c3-pYSYo,Hamas war? lol you're an idiot.,UCJcUaxIGBkW2to6dpNPBIZg,@halukkilic3171,2025-12-07T23:14:32Z,0.42917604636024004
84720a28798c42d58493288e55860826,dQWfdEyorm8,Old video + clickbait title. The files have not been 'dropped'. They continue to sit on them.,UCtrf6ZiE6hw3k77hGpnuQWg,@JamesBiggar,2025-12-07T22:10:22Z,0.42909494273567583
fbc8a4af88bb6f3edb7f0deb03c9f3ae,dQWfdEyorm8,​@eoin401 Trumptards are hilarious. Trump could mess a chair on television and Trump would say Biden left it there and he didn't see it.,UCg9gXh7_QecGmq99ceay8wQ,@Greg-io1ip,2025-12-07T20:42:32Z,0.4289878268771652
30f863f7c2a66737cc3c55e1a1cca8e8,RwW4UYoX19s,Mexicans can outwork Arabs & N.Koreans! Just can't wait to open a taco shop and a micro brewery in GAZA. It's gonna be AWESOME!,UC4Ed7cj8-VzfsROv3opLRJA,@SlappyDappyWuWu,2025-12-08T01:32:37Z,0.428948516184164
70eb7e31fea2b89dc68cb6cc0fad712a,t15c3-pYSYo,"​@Based_Clear_Vision Baby Eaters will deflect and deny all the way to the Oven 🔥 

⏳",UCDj9QH2hXpVW-ciZ4_op0kg,@Uncanny_Mountain,2025-12-08T00:22:18Z,0.42894038614770347
faa8e3da13dbcbb6160aa4db48cac0d3,dQWfdEyorm8,So what was released? Did you learn something new? A big nothing burger,UCyUG8e7eqajHUo_EDN6TFIA,@zanaaliassi1835,2025-12-07T20:58:01Z,0.4289254518851602
124473d241efff6e84317d43d7bf4a62,t15c3-pYSYo,"Rabbi Shmuley would disagree with you, Cenk. Because they arent Zionists!!!",UCp4FNJTbsuou2e5ETS4fZTA,@JackFromLeivasy,2025-12-07T23:25:00Z,0.4288824782960738
867fdba6e5d526d9d7de73b3fcb62d06,dQWfdEyorm8,If they were black everybody would be in jail charged with RICO😒,UCmEiIkWh6pRXlMjPOf38nxg,@DorianRashaad,2025-12-07T20:04:11Z,0.42885745720911467
31aafdcb20c2f95a5c5f05c03ae1e0a9,RwW4UYoX19s,Don't Goooooo !!! 😢😢😢...,UCPEVZfxHm21Fy0sFdGSxe_Q,@lordamerci2010,2025-12-07T22:20:20Z,0.4288142775117653
4ca8d65abcf9526b1ba057eb271b265b,dQWfdEyorm8,Yeah. That checks out.,UCf6S-TFB28ugpp49GnPqTSA,@HostileRespite,2025-12-08T01:39:00Z,0.42871410446286734
c09d659105ec3d396a6cb33a0364b70e,e478dy0CKYE,Thank You President Trump for cleaning the woke out of that place ❤️,UCBcVvd4jvx7aC9smT59ZOuQ,@PSLLP,2025-12-08T00:40:06Z,0.42866254113015345
66c5f93c7fb53e3b30257d0212274ba0,e478dy0CKYE,"He ended 100 wars yesterday, or maybe it was 6 million.",UCWwFWL0EQ8uBSsRg29YPFTg,@ThisGuyAgain-w5s,2025-12-08T01:07:15Z,0.4286300991105947
d4bc666b1e99238157ac8e109c0a2a01,t15c3-pYSYo,*They're barbarians monsters!*,UCzdK26vJWcmuK9XQCWoo2rQ,@MAXIMUS-g2g,2025-12-07T23:20:16Z,0.4286216792359096
5b059911a1927dd5303d5dad138e0b69,RwW4UYoX19s,They'd been disposed of by Gazan's years ago,UCIky-V0TsQvzfLMh5EoKwAg,@paultoseland9524,2025-12-07T22:48:38Z,0.42859835213829495
55a6e78d7218eb170f2c823d60e83a50,e478dy0CKYE,Utube employees are BAT S... CRAZY,UC22oHzXyXUuI7Dwf4swr5Iw,@davemitchell6281,2025-12-08T01:19:23Z,0.42838352128386314
ef27c8025e334277a87c7f8a1393c060,RwW4UYoX19s,Your ego is writing checks your talent can’t cash. ☺️,UCTsigr3QyikGfL0pbRDLtlw,@megand8746,2025-12-07T22:49:32Z,0.4283227378991992
ba4abc4d8c00904bbef24215881b086e,e478dy0CKYE,"@jimmychoons5543 A bot script from a Bangladesh troll farm? It obviously can, but will be called out. As you can see.",UCAEzDmzNtaEYdFIX83Pee1g,@erwocoolis9451,2025-12-08T00:57:38Z,0.4283055090091457
474483becf5751ebcfb392553dc25731,dQWfdEyorm8,"She is ok, more interested in what she says",UCXJprE1-28rrsR2JZy-RK7A,@christopherross247,2025-12-07T20:12:46Z,0.4282826989732883
efe58a96eb43173c096085db4074c357,KjYSHrFkGrU,"Bring back television....
 (no comments) 🙏",UC79-NrKePYtESqPbEbbd4fA,@Villapallenberg,2025-12-07T22:43:53Z,0.42822933980639
b3e9c8df73ae9bfb8b4007685e9fd54d,RwW4UYoX19s,They took over Palestine & the hold land it wasn't called Isrl ..,UCveK7grf9c97jb3WNqVs0VA,@Alda25-26,2025-12-08T00:05:45Z,0.4282050874398823
86cc7abd67071d44b8dc6e38b1f514bd,dQWfdEyorm8,Why are you morons posting news from 2 weeks ago?,UCqVuwFGOCTy5v528SvEcL0w,@KittyMcFurball,2025-12-08T00:34:22Z,0.42811659457971285
7375f3af6af84a62b9f86b5591baedea,t15c3-pYSYo,The Greater Israel project goes global and beyond.......😮😮,UCaGjr1TRpLv0VFtdcblnnlQ,@Complicitur,2025-12-07T23:14:42Z,0.4280611406421495
0bb799ef727d6a48b252f585f468dd10,e478dy0CKYE,Most hated President in US history.,UCm0gI5ZNFaiBiQVZE4Tl_wQ,@richardm4825,2025-12-08T00:44:09Z,0.4279643091607168
030c8532808aa25ac6e293ac111cfcde,RwW4UYoX19s,"😢😢😢😢
~ why we need to settle the planet Mars. 😮",UChXI3LLvoC7E2-HiZgULFCg,@gavin8tor,2025-12-07T23:47:15Z,0.4279073097740798
3f89905070e09077fd3cab726075f3ec,t15c3-pYSYo,"ANYONE!
Let's first define the difference between the Jewish state we set up,after atrocities happened,  Judaism,as a believe,  Zionists and  the true, biblical Isreal.  I would love to hear and understand the difference between each.  Not rants, but facts. Please.",UCpjE_nNyEeAI2oGl1EA2_Hw,@stevenscott2342,2025-12-08T00:10:42Z,0.4278430289160583
62d65e2e9fdaee835537ba23c115301b,dQWfdEyorm8,"But they didn’t “drop”

Go back to reporting on entertainment",UCwSA8D1qBUFfmX_v5tNKdMw,@blahblahblah-fo6xn,2025-12-07T22:10:55Z,0.4277822209732844
25c5309eac32ee14cd03540b8ab29af6,dQWfdEyorm8,THE 🌏 HAS GOT AMERICAN👹Z!@/ROT.FATIGUE🤢🤬😂,UCARxPu4Ospqsr_smVc-il2w,@cheryllines4106,2025-12-07T21:21:26Z,0.42776212043141915
1c6ab4bdc0c2ed0192acb3583981d285,KjYSHrFkGrU,Not as much damage as Stranger Things which caused the sexualization of many children(who today are adults).,UCBMoHIaWI0RoVbF-AYzZzVw,@Docrine682,2025-12-08T02:29:48Z,0.42774809631917826
63964032619e3f339c67e3277410adf7,RwW4UYoX19s,Yeah there is zero excuse for what they did. Its not ok to kill 100k civilians because they killed 1200 of yours in sane as is calling this a WAR. Like us blowing up fishing boats calling that war,UCGv8YmrmzQDIO775EmEtiIA,@kurt5312,2025-12-07T23:52:48Z,0.4275488787450202
48880d0be6ad5b7d9f18c77bf1c10adb,oylbyE5Zt0Q,Republicans let your premiums sky rocket. They don't care,UCMOz_TsuFgcA09vaZy8Svxg,@505Caramelo,2025-12-08T01:33:24Z,0.42754341681002317
2ea63e5d8b28b6e0cf4384b55048c4db,RwW4UYoX19s,@jam6876 your prophet was a pedo,UCb-cSqtEQA4nXO7oTVFnilQ,@mrTRAFFICANTE,2025-12-07T23:48:25Z,0.4274751490434515
13f33ba49c8efcd77ef0dad0bcc4596b,t15c3-pYSYo,@TinaB123-i8i  Boohoo another wokie who gets their feelings hurt by truth,UC_2G-uSo2ZpRHMgXlRzAxIA,@Based_Clear_Vision,2025-12-08T00:51:49Z,0.42745182419212424
05e6f1db5f9726e9c44cf20fcb11d7ca,rChcwSozre8,The gerrymandering by demacrates have states 45 to 60 percent voteing republican  but send no one to the house. Just demacrates.  Now they complain  about  Texas,UClvI_lnimSAyTjnRO2tJK3Q,@dannywitt6932,2025-12-08T02:41:51Z,0.42743502332142314
8e2f62ff456bf74c281f7f4b55a23d61,e478dy0CKYE,I can't wait to see the BREAKING NEWS headline we all want and deserve.,UCorI6TPrbxh0-_o0S_6Kyjg,@englewoodmusic,2025-12-08T00:32:51Z,0.4274350139924692
0651af8d1797460f6fb4bbef2542db12,RwW4UYoX19s,"You can go home, now.",UCn5m3kPF28E95-2st8fEU0A,@mickmccrory8534,2025-12-07T22:50:08Z,0.42738083611115085
6b69cebd8f5c32766c9be633bcca450b,RwW4UYoX19s,If they're still killing... then all the outcry is worthless. They don't care.,UCro29G318j7faVxpvDOai4A,@exvandalz8095,2025-12-08T00:24:12Z,0.4273531996010061
584666165fcd7a5f65e8aebfec613b33,dQWfdEyorm8,"I am sure trump is in that Epstains files, he was many times on that island for lunch 😂😂😂😂😂😂😂😂 
never saying what was for dessert 🍨 ... haha 😄 🤣",UCamo9yZsMmpUm9PMkZyUVOw,@zorabixun,2025-12-07T20:51:05Z,0.4273484678924554
7fa37fef2f0c9514647778017bc6f1c4,dQWfdEyorm8,Right? I remember this exact segment..,UC1CbW4bLekS_wYGSErWnncA,@johndoe-bl8yd,2025-12-07T21:10:59Z,0.4273094096332501
93eae4509ded2f8be0d7628a5e4759ee,RwW4UYoX19s,https://youtu.be/LKsQFt3oTyE?si=Z_J0fwGft3wrXeLT why did this official get arrested for leaking the footage if it doesn’t exist? You are so disingenuous but try this for starters. No one is denying it you fool.,UC843EIkRTW7HOSoladuENJQ,@taisha8733,2025-12-08T00:14:21Z,0.42720853923334134
ffbd5b079ec93a4e9d5168010b7545db,KjYSHrFkGrU,"A Miss Universe have 3 distinct quality. She is either very beautiful, great communications skill, or great stage presence/performance. Or all of the above. But she needs at least one.... She doesn't have any of the three.... Any of the 4 women  un the top 5 outperformed her in every aspect.",UCJOM7oPax-ptotYxCEqEisA,@damn671,2025-12-07T22:53:38Z,0.42719740440791637
0122ceefee2f669dc1efa60d0302e055,dQWfdEyorm8,"There is no reason to release the names of the victims,",UCr2WXCE1aF-S5NdYXqo-4TQ,@keepwildinthewild,2025-12-07T22:51:38Z,0.4271217312772242
e2b9f3254a1d0202f234098077c43ed2,KjYSHrFkGrU,It's Thai. Are you stupid?,UCpA97btr1wU_WZUqdxu8Bhw,@浜辺のチンアナゴ,2025-12-07T23:06:36Z,0.4270177931541568
6fafe05cffaac8a0a78b01d697b5e7b6,e478dy0CKYE,"You obviously are not familiar with President Trump and as many accomplishments since January and re-entering the White House. Inflation is a whole lot more under control than it was with Biden, gas and grocery prices are down. Apartment rental a little bit cheaper and this is all while Donald Trump presumes the presidency..
Fentanyl is not entering the country as it was on the Biden we have less illegal immigration in the country in fact I think it's down to zero. 
And you're criticizing president Trump you must be one of the illegals and entered the country why don't you sign out your name so it's about men of Justice can look you up and verify you're a citizen or not",UC2qj76e7g9tUfZLWO922hNQ,@billual,2025-12-08T00:45:16Z,0.4270026219763507
368788f54246c442f164d636862a3058,dQWfdEyorm8,"Because we did not push him to while dealing with a global pandemic. Also for most of his presidency they were held under court orders during investigations.
Not that he would have released them, but it was a far cry from the guy threatening congress and courts and bombing countries to distract from the publics desire for transparency",UCOYdQQLsqq6Kr7qz_4npQEA,@ericmccallum3367,2025-12-07T22:19:29Z,0.42698236585042504
47b7c3390b7ea04303acb1679d7e35b4,e478dy0CKYE,A mango coloered man and his European cat,UCga4dF9awtlnrLVLB6aQvTg,@dh-bbh,2025-12-08T01:14:25Z,0.4269630608009717
607e767279c71f045a0030a13b252d42,RwW4UYoX19s,Give it time. There are still many politicians in our system who receive AIPAC funds. But Americans are opening their eyes,UCcP-XHmfw_m9B3-MPm7asNw,@DrewDown3030,2025-12-07T23:45:35Z,0.4269281961209621
5973f7faf15b2d05eea048443050b799,t15c3-pYSYo,"I didn't know Qatar ran AIPAC, you learn something new every day. all those 36 qataris in congress!! oops they are jews....",UCJi8k3JAHwYn6BgiM51rwZg,@jam6876,2025-12-07T23:21:19Z,0.4268875741022473
fabd4f149390b87fae771212ad2ae2ef,dQWfdEyorm8,The British Empire needs to be extracted from America and Australia.. government banks with a fixed 7% interest rates should send them and the RBA packing,UCa8xZvkF7fZXDJzxRcZxnFw,@abrighterday508,2025-12-08T02:08:16Z,0.4268331471849304
518aef3a692052c568e44f7db7fcd10c,oylbyE5Zt0Q,It's ironic that magas will be hurt the most by this.,UCPXB8a7JUa9Hi4npX-B3idA,@roberthollingsworth8940,2025-12-08T01:19:22Z,0.4267468579526831
955fcb860842fc64bf17894077610267,RwW4UYoX19s,"And who do you report to, Greg?",UCUD1rS92vZf2DkEwXNZJ_9w,@racmacelan6402,2025-12-07T23:57:24Z,0.4265606372444682
d15a90ad945415b00901ff473d1d6bb2,RwW4UYoX19s,"Who cares. They’re all lucky to be alive. Enough of their relentless attacks. Israelis will NOT live like that in perpetuity… our children running from radical Islam’s missiles and rockets for the last 20 years.  Knife attacks. Car ramming attacks. Suicide bombing. Blowing up nightclubs, schools, bus stops, old age homes, pizzerias, etc. 

No. F-ing more.  

It was the Gazan grandparents and parents who voted for Hamas and supported them for 20 years. The grandparents and parents with their implacable intolerance, interminable violence, raising their children to be butchers and martyrs, their bad values and worse choices THEY ALONE are the very authors and architects of their own suffering.",UCQWNDNGgg4cF4r3HVGb7iaQ,@LOVEtoFLYandFLYtoLIVE,2025-12-08T01:50:02Z,0.4265394331130701
2b952b657e0344f62aa7b26b385f41d0,t15c3-pYSYo,Lemme guess-Fox News?,UClNjoPOEqt4M7-m-34lXxXA,@seto_kaiba_,2025-12-07T23:15:13Z,0.4263327996076262
8d82aacddbc6b293e5eb67a120c25e30,oylbyE5Zt0Q,Both parties are bough and paid by big pharma otherwise they would have given us universal healthcare which is cheaper than the current system and covers everyone and most developed countries do have universal healthcare .,UCcz6X0gof6KlkIFGx_4KqBg,@adva501,2025-12-08T01:24:02Z,0.4262476565599923
449a02ed7fc3dc4f9cb9c89c07176839,oylbyE5Zt0Q,​@BillyColeII-dr6dk Thank SCOTUS for that.,UC1X0QkDDx9PsjJUz9YNvH3Q,@MileHile,2025-12-08T02:24:07Z,0.4262475906264035
74a9fc9cd9f917f703b90cc8abeae068,rChcwSozre8,Woke Lying MSDNC… No they aren’t 😂😂😂,UCBcVvd4jvx7aC9smT59ZOuQ,@PSLLP,2025-12-08T02:38:12Z,0.4262080453164483
7cc0ff59fd87ead97ca7291ca494f0c2,dQWfdEyorm8,It’s not just gross at that point it is degrading the women and that is our president it’s so shameful,UCvFT6GhTnKkKtw7aNBTDAAA,@Uggiboogi,2025-12-07T20:25:58Z,0.4261626019171092
44bd8642b6010d86e2bb4f7da04c6349,RwW4UYoX19s,Sick of clickbait.. bye bye TYT,UCjNmVJzfHfTrn3DcZxULdHw,@AM_IS-r4l,2025-12-08T00:32:12Z,0.42611905064017785
a5b11a5660702ee4080a7c6e9be8ec6c,RwW4UYoX19s,Coming to US Cities Via TrumpEpstien soon?,UCOjxpYAURcMhb-uQ5nSfXCw,@gerardlabrecque6175,2025-12-07T23:55:02Z,0.4260897902073627
2a9fca7cf301f4b2907dcae23339b9ac,s2EXTCAFPKA,"Would not be a loss though. And Pete can always go back to his previous job, at Pentagon. Oh wait my bad he was actually a weekend host at Fox News",UCFxsxT71HsqcjPSYPKrvEmA,@afre3398,2025-12-07T19:20:42Z,0.4258813648597122
fed9e2761a2c1474e5b4d149546e7fae,dQWfdEyorm8,"I dont like her one bit, but i respect her a lot more for doing this.
When Trump called her a traitor for saying she wants the files to be released, 
what he was really saying is that, we the elites have different rules from the plebs and what you are doing is exposing this. Therefore you are a traitor.

This is the core problem around the world.
Democracy is more of a pantomime show.
The elites and people in power consider the people to be simple plebs that can be played anytime they want.
They dont respect the rules based system and yet preach it to us.
they exploit and endanger the working people of this world.

The new world order is not this supposedly one man and his gang controlling the world. 
its the democratic people throwing out this elite cabal out of politics once and for all.
bring back real accountability.
and stop this corruption.
They have started illegal wars with the help of the mainstream media.
They have stolen huge amounts of wealth from tax payers whilst diluting and devaluating the working classes wealth. (printing money)

it has to end.
The people around the world need to unite and understand that its not us people vs other people.. its us people vs the corrupt elitists that manipulate the people in order to gain wealth.

just to be clear. 
I'm not against the rich or successful people. 
I'm against those that abuse power, and if they happen to be rich then so be it.",UCfBksFuX0xg4uli5Pe-e6Yg,@dotcom4389,2025-12-07T20:29:16Z,0.4257867528698676
633a2e4edbf14a7fd52fb7abd2428bac,dQWfdEyorm8,"the pres has been working for,supporting isreal.",UC6shOOq3sM8vv9AraDIAbBQ,@stevesmith-cp7hr,2025-12-08T02:36:34Z,0.4257483354224234
099003e88393879f0edb3f06ead08a16,e478dy0CKYE,@PC-tc5jebot account.,UCeGaYSWw66ydETLSLB71xIQ,@Butterymales-t7u,2025-12-08T01:22:05Z,0.42558812093927467
405882053935438a8e498e17ca5d3034,dQWfdEyorm8,"The truth is that a moron Trump is Putin's bitch. Today, pedophile Trump is raping all of America.",UCjKGeuz3OfFeT61Fz5eAmBw,@vicvic550,2025-12-07T23:54:45Z,0.4255757422960007
960d34ff1881c72ba82fac5e2a8113b7,t15c3-pYSYo,"Making out a nation defined by war and ethnic cleansing with that regime is called, ""antisemitism.""  Personally, I think it is unfair the that regime to compare it to modern Israel.",UClsAhZ_Ory2isALz5CuzDqQ,@ThatsMrPencilneck2U,2025-12-08T01:16:24Z,0.42553788577176177
017649b9a833951e94a92a1a8f3d2e3c,RwW4UYoX19s,"Yep no bias at all in this journalism, TYT clearly has a fact based approach,  where they tell us what they know before the investigation even happens.",UCt9X_W3SSPn_qjRNz6d2x4A,@moyo2850,2025-12-08T00:23:14Z,0.42553502855327463
2a07ee0c52c524584a07a9481f7800ce,RwW4UYoX19s,Do Jews believe in God and day of judgment. We will all die and will stand in front of God. Do you think you can fool Almighty God as well???,UCW8JlBsUaC3Hh3EctKJKq8A,@sughrasultana8951,2025-12-07T22:40:38Z,0.4254880467215616
e9a7ae237ef264aa5b1a69a798293eb5,rChcwSozre8,"​@b.t.2795Will you edit your comment to call him a grandma, please?",UCKvz4reZG7X0cKkQa6t_PZw,@HonestDemocrat,2025-12-08T02:15:51Z,0.42545905840792897
c6bd5f59d174fcd2e819bf7ac300d84b,RwW4UYoX19s,Arrest all Jews for funding Israel's holocaust of the Palestinians.,UCsEqNhJAAHQPWMKwtNCKpUw,@glennboyd939,2025-12-07T23:53:44Z,0.42537119820815394
52bab85b9f0d4a640a9d3628fd3b7b04,t15c3-pYSYo,"Bla ,bla,bla, i do not care , why do we always talk about others? Shut up , cenk, perhaps shed a few POUNDS.  i see you.",UCHf7sF1IdPXQP5ameiAHSYg,@MaryVictorine-s8k,2025-12-08T00:45:05Z,0.425360697318786
c5fd387c8daa7c9b37cca86d01c913f0,RwW4UYoX19s,"They are not the root of all evil . It is the love of money that is the root of all evil and the cause of wars and murder and theft . The murderous thoughts in our own hearts lead
us to do evil . Instead of hating the war mongers let us hate the evil thoughts in our own hearts that make us war mongers !",UCOGZCkBq7ubRleGAIE_Im3w,@annebaartz5606,2025-12-08T00:12:56Z,0.42534560905041546
8d5531b758d7aaa3ffbc91e341a87868,e478dy0CKYE,Yes. A prize made up a month ago by history's most corrupt sports organization.,UC5_P8Lcig0WIoLL6Gw_8P-g,@badluck5647,2025-12-08T00:36:58Z,0.42527303289315155
d064e1a87de02b0e15e242f9537b2cfa,rChcwSozre8,I look forward to a new America where conservative thought is BANNED,UC4jGtCVMc2KWvIySIX-OCFQ,@rickmcdonald2233,2025-12-08T02:06:56Z,0.4252598954326471
ed8b54e2c2f979a296da80d755a43e98,RwW4UYoX19s,Let's find out please,UCalfTDuHtgXEyWKCs97VuFA,@Shadyjdsmamaw,2025-12-07T22:35:41Z,0.42525898027907544
eba53c8247d52f961592712d06cc6982,RwW4UYoX19s,Incitement to murder is an offence by the way. You sure you wanna keep your comment?,UCcudWlpcm43FowrXBgw59yQ,@BatCafe5150,2025-12-07T23:43:30Z,0.4252193247123495
39503499ff8312c9534764133436600d,dQWfdEyorm8,">> *Eisenhower warned us*....>>>He and Kennedy were going to move the World into a peace economy instead of a war economy and we know how the Israel CIA & military-industrial complex took care of that💥💥
**>The $190, 000 000,000.00 they launched through Ukraine could help all Americans hooked on drugs, and ended homelessness 💯",UCz2O2oQ81NbGahInpXfMIIQ,@h.h.3102,2025-12-07T22:45:39Z,0.42513533715256946
3b190d297102c18b7b02bf268d801791,s2EXTCAFPKA,You guys have 1:00 the biggest freaking case of TDS!  Hegseth isn’t going anywhere - and - why are you guys always defending military action?  Where were you when Obama was droning American citizens overseas?  Libtards!,UC--P0FFW7tjcsQfwAbHCzCw,@IHOPROB,2025-12-07T19:15:21Z,0.4250646039895241
5ad906802cb98c65683609cf54b19f92,e478dy0CKYE,Dozy DonOLS will fall asleep ~,UCHVVDFs73xBmB1B5-BV8wcw,@timkasten343,2025-12-08T01:05:07Z,0.42505574434308024
70d1fdf4557ed1fa5ed9eac19463916c,KjYSHrFkGrU,"I ignore bots & trolls, if you don't like my comment than go back & stay at Fox fake news 👊😊👍💙🇺🇲",UCvxso9TSmIo7dz50SSJ4LdA,@benjaminnavarro4324,2025-12-08T02:36:46Z,0.42495693767307197
91cdeac24fee5982ab65387611e4822c,dQWfdEyorm8,MTG has lit her rocket powered roller skates to the middle.  She must be running for governor.  If the winds blow just right she might become a Democrat by 2027.,UCtCl9VksOS5p_vgmhFFTefA,@tractordave8335,2025-12-07T21:29:46Z,0.4249463233962246
932d6949d55e0407bb3bb69d09dfa1c9,dQWfdEyorm8,Exactly I don’t think we should have to pay taxes if we’re not being represented no taxation without representation!,UCRhkqwV47X2kKqn0KpEjOTg,@truthseekersofpopandlaw9956,2025-12-07T20:08:55Z,0.4249281447046739
db25cce22b8640e8f24bc5223c0af381,RwW4UYoX19s,All with American bombs,UCcMWebTbpMK4KkiIfv6uQ1A,@wasimshaikh-cu9gw,2025-12-08T01:09:08Z,0.42484879171493534
416ca8c0bf590ed0aa4c52e43a998cb1,dQWfdEyorm8,All been Redacted for months,UC6UXrlfDMsabSEin_yN-kIQ,@eddiem4186,2025-12-08T01:35:33Z,0.4247769762021326
f7f81679b48be828aab8696f8c46926d,oylbyE5Zt0Q,I just had a new knee and it cost me 40k no i'm only joking I had a new knee and it cost nothing but maybe that's because I live in Britain and don't have to pay anything.,UCXJ4BCSpYUpKzl2itoM2fuQ,@tonyturtle,2025-12-08T01:53:50Z,0.4247675308614598
ddca0c890d3973319c24ab68119e2544,rChcwSozre8,​@rickmcdonald2233What do you have against minorities? There's obviously something wrong with you liberals and any democrats who continue to support you.,UCBmZMAj3-h5yYDye2l4dnCg,@TA_Plus_Hemi,2025-12-08T02:13:08Z,0.42464849039571023
ea537a1667f225b65f5291f3bff0ba0f,KjYSHrFkGrU,Trump is moving on blue cities like it's a Miss USA pageant 😂,UCQwDemEqVd_uGgAI-nOID_Q,@ChrisDeWine,2025-12-08T00:07:19Z,0.4246397776896943
c06a60995e71e3ed38110800f51635b1,RwW4UYoX19s,All for the love of money and power !,UCOGZCkBq7ubRleGAIE_Im3w,@annebaartz5606,2025-12-07T23:54:24Z,0.42452850478463433
b70ab3852a739b6bab0a1ed4d88d9e41,dQWfdEyorm8,"Just rip off that filthy bandage so WE, the People, can see how deep and putrid this wound is. Only then will it begin healing.",UCvtZonxkL9ZPxLZy-gK_v8w,@teresabarnes-matych,2025-12-07T21:10:55Z,0.42444996724004713
ae42b1bd29ea2518cdd19da262b8fea4,dQWfdEyorm8,"As a socially conservative libertarian woman, I freaking love these two. Thank you for ALWAYS reaching across the aisle. Thank you for always standing for the everyday people over the donor class.",UCwVxsoWMs6C_aJH3TFcm7-g,@Ampleamp,2025-12-07T21:28:08Z,0.42436923888158096
93f6d5f716de9bf8853c9b52f5f7c167,RwW4UYoX19s,No more dual citizenship.,UCBACAql38vmFInSxJXkMiBA,@guitarzan2626,2025-12-08T01:41:12Z,0.42431220003817943
4c1f6dc8ce84f564e156d30848c712cf,t15c3-pYSYo,TYT was on the good side from the beginning of israel genocide,UC-Z9ZGQFx0QWJAQu7339p7g,@emdadulhoque4948,2025-12-07T23:19:31Z,0.42430102128923636
9d8d26559a484014f4f867e41081f864,t15c3-pYSYo,Who is counting ????,UCHf7sF1IdPXQP5ameiAHSYg,@MaryVictorine-s8k,2025-12-08T00:39:30Z,0.4241934525863071
e85e765e641d36e8f29524e1a32e48c9,e478dy0CKYE,What number & place is there for Stormy Daniels? I liked that girl!,UCwHi44RMhCcw6eqtpGpOhFg,@irinafrye9031,2025-12-08T01:26:22Z,0.424166087349811
bd2bb66b517ab0c020cc321d01f40c8d,dQWfdEyorm8,"If it were Biden, they would have reported it.  And they have. Quit crying about it.",UCSOfeoxvZZxyGq0bSbKoNbA,@CelineSaillant,2025-12-07T22:45:42Z,0.42414171135142276
d6016fc4c267b3babd6cacd9989b8477,dQWfdEyorm8,​@mogreen2023Dumpy is one of them,UCRhqsKtRw5E-mZEQeQxh1Dg,@cathyosbourne6986,2025-12-07T20:42:45Z,0.4240630458687085
998a86c3e4765a67d5450e5638cb0137,RwW4UYoX19s,They didn't kill 1200 people.   Israel killed most of them with the Hannibal directive.,UC5uAPH1Mq217sg7r4tDQ6fg,@michaelgnit8476,2025-12-07T23:58:46Z,0.42404876960794646
f2a042634893ef9dfc7036f6f4f6ca58,t15c3-pYSYo,Well Trump is a “CHOMO” “PEDO” who enjoys the company of little girls that look like his own daughter,UCHAww4ttCLT64y5B1OfC-GA,@SahlGood-m3p,2025-12-08T01:39:53Z,0.4240464653857317
771ec5dc5ca86d44d93114f84313e843,e478dy0CKYE,"Clearly Republican, no question. You are sinking fisherman while thinking they are drug dealers, you are storming the capitol while thinking you are protesting, and it very much looks like Bubba is a man.",UCAEzDmzNtaEYdFIX83Pee1g,@erwocoolis9451,2025-12-08T00:47:43Z,0.4239755224873427
b5e0c32045b678fc44bde700f28f1f1a,RwW4UYoX19s,Fuck Isreal zionist terrorist pigs 🐖 garbage,UCcKHCbyvvA_gsUbYaDcxfUQ,@alidarkroub7523,2025-12-07T23:03:53Z,0.4239640600806537
a23b9b1bfc2fb1229cd1e0e1b6e9f7a6,t15c3-pYSYo,Maybe they won't start another war. I wonder if the 20% arab-israeli population would be safer?,UCOKvPuVT16mA5CxZ_JWxEXg,@jasonshytle7690,2025-12-07T23:21:21Z,0.4239120536704192
c4dae88ed2e687fe6885ce2cd4d721b0,dQWfdEyorm8,We need MTG back 💯,UCMEgIgZwlgjBORKe7fu3a0A,@miecheleboedefeld6028,2025-12-07T21:55:40Z,0.4238303948135776
5193b6ff1d0d2e31ef6420f50671e6af,6EtReGSuvdY,bot... brainless-bot,UCU6IiWt2kYCxK9M-cQP5CNA,@RotiJohnPrata,2025-12-08T03:11:33Z,0.42374038772198475
63e7f51aeb7f64173fefe0358e530776,RwW4UYoX19s,Never forget never forgive the genocidal state and his complicit!,UCIwEv3mj6-MP-vmehM9eFyA,@didididi8441,2025-12-07T22:47:39Z,0.423710243569628
2aeef48184390c673b0b30a7fc98d3d5,dQWfdEyorm8,@davediscs American hero for this one act which will be overshadowed by the bad stuff. Credit for any single good action should be given even to those we don't like or relate to.,UCQQq3XCICDKs_JO5DEyz5nw,@deanm1436,2025-12-07T21:21:29Z,0.4236984657890112
0ae022434ec82b5fbe1ba71fbf87c2d9,t15c3-pYSYo,This is false. There are videos of Hamas bulldozing the bodies and then pretending like they found the bodies after digging them out. They were caught on drone shot,UCtix-ut3OdlijNG6HjIJYAA,@moviebuff9278,2025-12-07T23:34:05Z,0.4236862957067704
f147c6154feeed4373254eacc665a641,RwW4UYoX19s,I would say 2-3 billion do care daily. You're just a lonely fella or lonely Barbie.,UCJcUaxIGBkW2to6dpNPBIZg,@halukkilic3171,2025-12-07T23:45:46Z,0.4232729484377983
c3195b277b3aeb59aca65580f764d0cc,rChcwSozre8,I like my Trump's in prison!! Working hard to service Bubba,UCUnSM8Fw2wrGSxdWzkvGIuQ,@muttinoftruth,2025-12-08T02:12:37Z,0.42325240512019
e6f8c56a74cf77f2022844242fb03892,e478dy0CKYE,It's like the NFL for thanking on his contribution to neuroscience,UCxcHzPE_2bXCw3DUZF8ccgg,@lukeamato423,2025-12-08T00:54:07Z,0.42324826956967443
467ed6115b5ff0b9e6530ff2bff3cadc,dQWfdEyorm8,trump started this shit ..he said he was gonna release them.,UCXZ34t-pxdzM07QNmuJbFVQ,@renolyons4339,2025-12-07T22:14:35Z,0.42311996334667956
51cb9350098e476cfd496dc7a6d5ded6,oylbyE5Zt0Q,Vote all Republicans out if they let this stand.,UCaoKfuiXh65zjATLQHenR0g,@annareismith6843,2025-12-08T02:07:59Z,0.4230299962092242
d5a024ae6d27a9b2689b894f7db54211,t15c3-pYSYo,"How long will the world turn a blind eye?  My God.   I pray that long after we are gone,   time will show that we stood on the right side of history.",UCedtQvQ17y3HGPvIdA-yXRw,@lucidity4,2025-12-08T02:00:14Z,0.4230115657680635
94eb209802f3a1f9c6c3b0ec99a3109e,e478dy0CKYE,Herod and Herodias.,UCntX6_cV3labt8C16u55EfA,@WillofGodwhosoever,2025-12-08T00:46:44Z,0.42297655812798096
ebaea4d52dcafda8fed166786d353a29,RwW4UYoX19s,"He wasn't home at the time, he left to go to work as a Palestinian reporter. 
He was killed later by you know who. NOTICE The time on this YT video, it was two years ago this happened. 
https://youtu.be/WgPTTkFDbR0?si=WRMrhOoGu61c81J5
https://youtu.be/WgPTTkFDbR0?si=Ta8v7Qqv5KnL7xwj",UCAH0RDKkppD73KGTGu3sE2w,@davidfromamerica1871,2025-12-07T23:09:45Z,0.4228822434327515
1c6c94fbe9249dcc5df775129eec6a4c,t15c3-pYSYo,"@jam6876 Zionists are not Jews. Zionists are ungodly. They only quote scripture when it is needed to further their agenda, just like Satan.",UCQQq3XCICDKs_JO5DEyz5nw,@deanm1436,2025-12-08T01:40:44Z,0.4228071424488369
b7e4de91e76ac4d935431de52975d49a,dQWfdEyorm8,"If President Trump were in the Epstein files, the Biden/Harris Administration would have released that information a long time ago, through their leakers, to the MSM. 

I bet that one name won't appear in the Epstein files or on the list of Epstein's money and campaign contributions. 

Can you guess which name never received a campaign contribution from Epstein? 

Since Trump publicly humiliated, banned, and ejected Epstein from Mar-a-Lago in 2007 for inappropriate behavior toward the daughter of a club member and for ""stealing"" employees, including Virginia Giuffre, to work as his masseuses, you can bet Candidate Trump, during his two presidential campaigns, when Epstein was alive, never received a campaign contribution dollar from Epstein. 

However, we know that this is not the case for Schumer, Jeffries, Stacy Plaskett, and many members of the Democratic Party. Epstein was a registered Democrat and made donations to Democrats, which they gladly accepted, even AFTER they were informed that he was exposed as a sex offender. As a matter of fact, Stacy Plaskett dined with Epstein at his New York mansion.

The DNC also accepted millions from Epstein, and when called out on this, they had promised to return all donations and contributions from Epstein. 
To date, the DNC has not presented any evidence that all these funds were returned to Epstein or his estate. 

So, based on the facts, this clearly indicates that Democrats have NO issue soliciting and collecting funds from KNOWN sex offenders in positions of power and influence. 

The Democrat machine and candidates in office with severe cases of TDS have tried every dirty trick to undermine Trump both as a candidate and as our President, and they failed miserably.",UClC9AzoCYGh145G46xlKV7g,@mongo_congo9908,2025-12-07T20:33:55Z,0.4227802575368951
7c6aa0c4b3f13c2dc41e02ef14ed3359,RwW4UYoX19s,"Supporting Zionism is tacit support for Islamic theocracy. 
Either you believe in universal moral principles and human rights, or you support ethno states, theocracy and apartheid.
Your fight with Muslims goes away jf your country stops bombing and conquering them.",UCEDA95RREGOgzo_tNL1eBgw,@shelbzillathrilla,2025-12-07T22:45:31Z,0.4227616678985554
642e5274be9fd89f33f8471132c140a6,RwW4UYoX19s,Let me guess they blow up more people to delay?,UCoL1AHpZV0qke5uniiEKOIw,@49ersEddie,2025-12-07T22:51:14Z,0.42273081477301344
2abe3816134ccbc1e8c30d26a1ee8b89,RwW4UYoX19s,"From what you said, Israeli escorts and they won't let journalists inside the yellow line or able to interview the Palestinians. The day is coming though",UCQiIrRQ-F1MvstdaVeVYsvg,@hydra66,2025-12-08T00:01:15Z,0.4227247755964466
1b0d96fe72d0be732ad198389bc918d0,KjYSHrFkGrU,"Gambling CNN, really. You immoral garbage network.",UCQsbJv_EifQB8kTD5q-xQ2w,@USAoverrated,2025-12-08T00:23:44Z,0.42269351162488444
295237b97923f5b024072dc81548ba50,s2EXTCAFPKA,"If you’d like to start that as a policy of the USA, you’ll need to propose legislation for it. There will need to be rules and ya know things like that. Particularly if you’d like to murder members of a different nation in international waters because you THINK they are bringing drugs to American drug addicts. You as a tax payer are already a part of a nation that is getting sued for this. If you like seeing US dollars shipped overseas to families of the murdered, then I guess you’ll just stay blood thirsty and be a good follower.",UC_ZnH7JmmjXZ3tlzt_mYkkw,@ni7299,2025-12-07T19:32:10Z,0.4226758104711714
defa73188cc774ffc38efc90b7a6fc97,s2EXTCAFPKA,Trump is the most corrupt president in history of the usa,UCdqBsLRE9uKodZ0D6ubRCYw,@garyrussell7076,2025-12-07T19:03:20Z,0.4224725809395021
6587fd81963ffeceb18dc03fef970e67,t15c3-pYSYo,Bashing Israel 24/7. YOU ARE PAID BY QATAR!!!,UCxrSQxv1mm1krxSHl7hf7EQ,@Dovid-b6r,2025-12-07T23:14:17Z,0.4224341029412626
48bd6eb476d82639aced5dceac10d2b0,oylbyE5Zt0Q,"Trump Base realizes that their shutdown was nothing but a FAILURE, and the Democrats fight for the ACA Tax Credits should have been passed from the beginning!!! ;-) When Trump supporters have lost their Principles, Policies and Values they gave up all Religious Principles, Legal/Constitutional Policies and what was left of any Family Values they grew up with!!! The GOP has based their support of Trump on Tribal Partisanship and a corrupted Cult Following of Trump... The truth of the Don Con has come home to roost!!!",UCQvJGoOlnlsiFYCuJUHOomw,@ThePaterfamilious,2025-12-08T01:33:19Z,0.4224313391953952
8a1b2ebff8d620aaa71e2bca4f1941ef,RwW4UYoX19s,"If China had done this, the united state and it's allies would have satellite pictures throughout the internet.",UC3zTZZjOdngz1N7023ee7tA,@SaeedMustapha-b5t,2025-12-08T00:12:11Z,0.4222994041893108
e8bd06a7ed45843a7ec87d70fcbfb03e,t15c3-pYSYo,It seems like nobody will do anything until they go full crazy and go nuclear… they’ll let Zionist go lose until they to irreversible harm to the world..,UCugi0-XgtdXvKIjF0KcaXWg,@ccspt-z2r,2025-12-08T00:14:15Z,0.4222464571538076
905c04aa51bcd0c30563a3910bb8a6d1,RwW4UYoX19s,"You know ever since after Hamas started this war back on October 7th, 2023, which they killed over 1200 people and kidnapped over 251 hostages, and ofc they fired rockets on Israel but thank God it didn't reach Jerusalem. The point is after that I know there were strikes on Gaza but then when all these protests started, it seems like everyone just wanted to take sides. And because there was taking sides, it led to dozens of arguments, violence, and ofc people clashing with each other. I just don't understand why this war led to people taking sides between Israel and Gaza. Though I still blame Hamas for all this genocide on both Israel and Gaza especially the starvation of Israeli Hostages and Children. I even feel like Hamas did this on behalf of what they did on October 7th to frame Israel when I heard that Hamas used civilians in Gaza as human shields and that Hamas hid behind schools, hospitals, buildings, homes, etc. I just have a feeling that pro palestinian protesters just missed the point. It just caused me to always go like ""Why are people taking sides?""",UCWtpxXywZDmrti0EgVTgnkQ,@CalebDaGamer130,2025-12-07T23:53:15Z,0.4222464560396266
659d6038e2572624e9c11acc6cfe179c,t15c3-pYSYo,Fuk Israel,UCfhPIiVx1ko1K-9Drq1FKSQ,@mmyafai72,2025-12-08T01:57:47Z,0.42202968182728684
6e6f3d73a55fbe3a5544a470268a9554,rChcwSozre8,can you show some evidence for these rather serious claims? or just constant negativity until your 80 iq audience follows along,UCYVnD21dQl067ssHki_LOxw,@seoulman2743,2025-12-08T02:41:50Z,0.4219569373148945
ead89988eead59525edf9996eae872ef,RwW4UYoX19s,"Umm, I think he's saying that because 104 people were killed, but it happened 2 months ago. This is obviously an old recorded backlog video, because they're taking the holidays off. It's old news.  We need to take a moment before we reply based on pure emotion. You won't lose your thought if you just take a few breaths to possibly gain more clarity. I'm not trying to be rude, I mean it in a helpful way, sincerely.",UC-oPPVP9mFKTuZKLka3J-Ig,@moonagedaydream-ohyeah,2025-12-08T01:30:41Z,0.421889785119949
90e7d3aab55a2a3d56cbb75079217d3d,e478dy0CKYE,We MAGA of the Devotion pray that our dear Don Jesus cancels the show and dances to YMCA for three hours sssssQREEEEEEEEEEEchachachaaaaa.... 🦜💨,UCpSEFToGGts_D3nZwhlFeaw,@_ULTRA-_-QMAGA-_-PARROT-_-,2025-12-08T00:39:26Z,0.42186362904875274
644f4558d36bb5ed9c2a28edcb3c72c7,s2EXTCAFPKA,"Pete is doing a great job. Keep up the good work, Pete. Get rid of all the killer drugs coming into our country by the terrorists to kill millions of our young people.",UCXK6LEJFSTFQuD_K7zgBjXw,@bettyjoswick3056,2025-12-07T19:32:05Z,0.42178567635890285
042441a9fa43339bd9fd4e30ee8ab442,dQWfdEyorm8,that clip was from nov 18,UCXS-SPimshDa1C3u3XGfSwg,@SenorDeluca,2025-12-07T21:43:18Z,0.4217273502328944
1c4ecd423fa665794cd95f71ea859552,s2EXTCAFPKA,"I supported trump but since he supplied weapons for genocide in Palestine and Ukraine I have done a massive uturn.
Go Cenk you are so much better as a unipolar political supporter. Keep going for all s/Itty politicians",UCS_8ItNiTNbN7mlMtWeNgnw,@user-ww6cm3rp2e,2025-12-07T19:52:23Z,0.42169380177980276
f9a6d2f114e3971923d296e2a2fa08c0,t15c3-pYSYo,❤️🇮🇱,UCfb18QpKSI35yX2S_bVgvKw,@breakingthisdown,2025-12-08T01:51:56Z,0.4216857223491407
2df278232a203336f94f89b6367d9dd1,t15c3-pYSYo,"Jews think they can just hang up their Nazi IDF uniform and just melt back into society.
I can't abide by that...",UCsEqNhJAAHQPWMKwtNCKpUw,@glennboyd939,2025-12-08T00:39:35Z,0.42167090061489343
d45e5489c718ecde0ccca0ce99da1aa9,RwW4UYoX19s,Ana. What do mean by some of the evilist people on the planet? They are the evilist people on the planet 🌏,UCuCJndgQbQz1TMOyE6Qqf3w,@RobertJoyce-n1g,2025-12-08T01:48:30Z,0.4216129349522735
6dad98c52193012f883b74acecf164cd,t15c3-pYSYo,Why are jordan's mouth movements and speech sounds off?,UC2nJBkaNyIJVeOtyYgrt8hA,@MRogers-wt5qc,2025-12-08T01:08:38Z,0.4215799893117689
f9de6c2114ad9b20bb2cb1a21beb6ee9,RwW4UYoX19s,@chonaso  You are aware of Mango Mussolini?,UCUGQbtVLUCkJHZKSaUiH9Qw,@paulfletcher3998,2025-12-08T02:19:48Z,0.4215542313258787
b2f2ac911b41c31b1bb97919863664f7,RwW4UYoX19s,"Ana , a beautiful hero",UCynpK4wsiSwu80AbaWtilGg,@User-s868,2025-12-08T00:31:55Z,0.42128462758457463
37a9f26f89468a920846f289b1e3ffc8,dQWfdEyorm8,Because they have solid journalists. That's the way it works,UCUBIh1EVDAFdAQTzRKZx4cw,@andrewnelson1967,2025-12-07T20:43:22Z,0.42128138008900107
642afb01889a946fcee8337a803fd51b,dQWfdEyorm8,Americans elected a disgusting pig to the most important office in the world. Twice.,UCyOVxUSDpldzM8enDQJfLzw,@etiennevachon1048,2025-12-07T20:21:31Z,0.42113916675947627
fcd3d3d4465cce54624f4426ae20ae30,e478dy0CKYE,"She is Dirty Donald's immigrant eye candy, transactional with money when needed to make an appearance.",UC_8G031QPI7y2nG3b6setyg,@jucat60,2025-12-08T01:59:03Z,0.4210748668954056
a25dc7be67d05b4b391f8330626de0fc,t15c3-pYSYo,Soul-less animals will be soul-less animals. Why the world tolerates this evil cult is beyond reason and condemns all complicit.,UCKolLQqI-OYRGjh0RDhJ1_w,@iyamnobaudi,2025-12-07T23:35:45Z,0.4210409268123475
41d938d7a9c93210b266b84db7c7921a,RwW4UYoX19s,"yea its you ,",UCPIAXBrKinq9vRsMv1TVSiQ,@stevetauarua,2025-12-08T02:07:53Z,0.42103587433924977
f7d3f10da8ec56d92f46bc38c96c42ac,t15c3-pYSYo,"@Based_Clear_Vision 
ohhh...the hasbara is strong in this one....🤡",UCHZIzQlufY179qeQLUkSlEg,@BaronSquanch,2025-12-07T23:35:01Z,0.42080219860217194
0b233993d7b33e126ed5bd4705e47448,e478dy0CKYE,"Who gives a 💩?
🔩CNN.",UC4P8KZ-8kTIrYM0tc3sgd2w,@kevinlowry3814,2025-12-08T01:07:46Z,0.42075341043998227
99413fe70e51b0ded2131b09e06f4f17,dQWfdEyorm8,They said that dingus,UCRhqsKtRw5E-mZEQeQxh1Dg,@cathyosbourne6986,2025-12-07T20:43:15Z,0.42069896556307873
9e0de3aeca92f6a8a956c479909426df,e478dy0CKYE,The world loves president Trump,UCftwnmn5yFKNKLcfBKJh5tA,@Hayden.McKenna,2025-12-08T00:43:42Z,0.42062880222435384
e246acc7f3523b154336fc006bc41928,s2EXTCAFPKA,Democrats don't care.. the holidays are coming up they're worrying about getting drunk with family.. and I'm a Democrat saying this,UCwHyNRnLaBU10oQhjtdXYvw,@missyTL,2025-12-07T19:03:26Z,0.4204752132909897
20d1d277b0f8a5f19a8f3afb5f901b67,e478dy0CKYE,"I don't know about you, but my SNF tonite is more important than watching Trump fumble around in an oversized tux.",UCEZy4uHtukC6TjmzdgRia_g,@richardschulz1062,2025-12-08T01:14:19Z,0.4203657156975541
1762d71088f9359a448b006bcc34f742,e478dy0CKYE,Now this is an awards show that's getting low ratings cuz ain't nobody watching this with him as host 😂,UCH8VxpBuDVKP0IBrYZN2fBg,@Vader91,2025-12-08T00:45:05Z,0.42036056858282844
aaab64a417b85b2f08fa950a4fc96202,RwW4UYoX19s,@JerryL-d9n Me too.  Meeeeee too.,UC5lNl-HL4cE-hLXOCv5R68A,@TaraDarlingTalks,2025-12-08T01:20:32Z,0.4203442703231228
269a17eb19df9e7ef2d4b68e9e4ef342,oylbyE5Zt0Q,"Name those countries. And don't say Canada. In my country in Europe conservatives, pharma and privatizing/private equity have made health totally unavailable, just like in America. They are already complaining that too many people are visiting emergency rooms, like if they had a choice with no doctors available. Make cuts, take the money, blame the others if nothing works anymore, like conservatives do.",UCAEzDmzNtaEYdFIX83Pee1g,@erwocoolis9451,2025-12-08T01:33:41Z,0.4198859156255831
a0c2c6c356633c08f39cc2280b419886,dQWfdEyorm8,Redacted is not released,UCfR1TesAG6zxCmFB77c-m0A,@denisestarr2314,2025-12-07T21:08:30Z,0.4198485286789806
52d35ca05a1519fe47174c8cb3652331,dQWfdEyorm8,Odd we were screaming the files 2020-2024. They never even came close to doing anything like this. Both sides are gross.,UCqh2Dg-COTyuU4tnBHzMxXQ,@brockbrawn1524,2025-12-07T20:17:59Z,0.4197561791537463
3f6eaa64863e238f1aab62d1da916e43,t15c3-pYSYo,"People need to realize:  THIS IS MULTI-FRONT WAR. Not a simple little skirmish… We had more than 33,000 rockets/drones/missiles launched at us, fighting Iranian proxies, Hamas, Hezbollah, Palestinian Islamic jihad, fighting Iran itself, fighting the Houthi…   This isn’t a simple skirmish… When you’re fighting for your survival like that, the war fighting calculus changes radically. You do whatever you have to do to survive. 

And even then… the Israelis are doing roof knocking, phone calls, flyer drops, creating evacuation corridors. Bringing in millions of metric tons of food and aid. Trying to PRESERVE life.     And what you call children… there are hundreds, or even thousands of videos of those sweet innocent Palestinian children talking about murdering Jews and spilling blood in the name of jihad.   Spend 30 minutes watching MEMRITV videos about this, and if you have a normally functioning brain, you’ll totally rethink your position. 

Survival… That’s what this is all about for Israel 

It’s so so simple.  All you have to do is NOT want to massacre the Jews and destroy Israel, and there will be peace.  Instantly.   It’s so so simple.",UCQWNDNGgg4cF4r3HVGb7iaQ,@LOVEtoFLYandFLYtoLIVE,2025-12-08T01:40:08Z,0.4197527686111649
23ac7afd1b1e556d5a1dcadda262c271,RwW4UYoX19s,Bot /bought comment,UCwOERBLpSKC6UXqxfkVeELg,@jjordantylerr,2025-12-08T00:22:00Z,0.4197486502629193
c800b1a0f22c484f2306d13e82c2fa69,dQWfdEyorm8,Take all the rich peoples money and award it to the victims,UCjvhip6Hz57RAVVCyC0i-BA,@richardsullivan2862,2025-12-07T23:49:48Z,0.41959036963710655
275e3260737a222dce4ae3679ec033d1,RwW4UYoX19s,"Israel, the world's greatest Terrorist Nation.",UC8_qDUkVLKkmpNHD4DLozgg,@littlewing2357,2025-12-07T23:51:55Z,0.41958942517945597
f950a2a5194ff2e2dcb356739b2eee6f,s2EXTCAFPKA,Pete is not qualified for the position he is holding. 👍👍👍,UC72_58iUL9D1xs3Dy7nKbSg,@samgarciairizarry7231,2025-12-07T19:34:08Z,0.4195490640518027
c1f5a5d5df0e6379c85a534fb2be0184,KjYSHrFkGrU,"😂😂she looks like Michael Jackson😂😂😂 hideous girl, 😂😂😂😂",UCAoA1Cs3nkQFFa6_GdSs9bA,@thukelomaqoma7760,2025-12-08T00:07:18Z,0.41948234866378564
7205c87d3ad6df7be1e188f5152b68ab,s2EXTCAFPKA,NO!!!!! He NEEDS PETE WHEN ITS TIME TO DEPLOY THE TROOPS ON WE THE PEOPLE AFTER WE ALL DECIDE HE NEEDS TO BE REMOVED ( LEFT AND RIGHT ),UCWj9y0t0G65oqb-Lpy3J7oQ,@jasongoodman9289,2025-12-07T19:12:41Z,0.41945546022467745
7d0ea00856479aa27cd0735f325c950a,KjYSHrFkGrU,"lol, are a judge?",UChU6XTCSrS0b3Zjbri4rmhA,@toni-xz6dd,2025-12-08T01:07:25Z,0.41944550845553896
c273eaed4428beaa965ecce56087d2af,s2EXTCAFPKA,Petey won't get fired for following presidential orders.,UCVQTygSgLx1rzVG6pUNVDPw,@Beemrdon-b8g,2025-12-07T19:44:44Z,0.41941953494275586
979f0c9ccbe7a3e6e54c39eaf0d46ce2,RwW4UYoX19s,I used to dislike TYT but Ana and I are seeing eye to eye on this. Thank you.,UCwtsKvaRT8iQDglNkz90byQ,@canteloupehoneydew,2025-12-07T23:43:03Z,0.4193845823102912
a37539a3ce009138853506fcecd440df,RwW4UYoX19s,Zio Jews are demons.,UCnLPE_zNGmn6NsQWK7W0rvw,@jorgerosado6674,2025-12-07T23:57:43Z,0.41935658308084284
4ecc49fe0f7d66dc219240f0e486fbf2,rChcwSozre8,That's the stuff that made 1930s Germany go bad. And you want to reenact that here in modern America but call us fascists? That's as rich as the oligarchs who contributed to cumallah's campaign,UCBmZMAj3-h5yYDye2l4dnCg,@TA_Plus_Hemi,2025-12-08T02:07:53Z,0.41914088928350357
f321e2c1f7fb6d951fc565042d9f082d,OJA6cZEjA-I,"Trump is taking the Drug KISUNLA  for early symptomatic ALZHEIMER’s. This intravenous infusion causes Trump’s hands to bruise. ​​Kisunla targets the amyloid plaques in the brain, and requires regular MRI monitoring for potential serious side effects like brain swelling (ARIA-E) or bleeding (ARIA-H).",UC0lETRLeo0sWFMUgx_arffA,@voixdelaraison593,2025-12-08T02:57:35Z,0.41907329742471827
07e271698505fade5c5b09748636bf15,6EtReGSuvdY,"We are taking a Snow White Poll. Which Is Trump more like, Sleepy or Dopey",UC-lZMtkNtxQlKHFm4Q9maVw,@Winniethepooh-c5d,2025-12-08T03:03:22Z,0.41886416969763607
02f63093a3a6768258448bc23f6015a3,RwW4UYoX19s,"They have failed this World, single handedly gotten their ""hooks"" into our political government and ruined the government of the United States; newspapers, radio and TV, with one-sided control of everything. We are not the United States of America anymore! Their history of these past 2,000 years reflects the complete absence of God with them, not the complete presence and protection of God, and now the United States will be receiving that same distinction.",UC62I9beu-_aPSXaBSohqQCA,@thomaspenoyer9711,2025-12-08T01:21:45Z,0.41864097250326404
ceeb4ee3ead7788f8be6314029313724,RwW4UYoX19s,"Israel understands your jealousy of us, we get it.  If we were you we would be jealous too.  But please understand we don't think we are better than you, no, no, we just are.   You were told.  For The Chosen has spoken.",UCvXffbh_Jhdac3h36xzoLHA,@Obeytime-w4i,2025-12-07T22:42:02Z,0.4185745216860505
37f8b1451b278d836d328287c5ced673,t15c3-pYSYo,Was Donald wanting a peace prize for saving the world to play hero to a problem that he faned the flames,UCrxRIrgS-6dc09ddsjN8MQg,@KevinGlenn-y6i,2025-12-08T01:13:34Z,0.41854721267091255
bc20e1550d49a7689a3925882413b8da,RwW4UYoX19s,THEY NEVER DO DAMAGE CONTROL THEY LIE AND SPIT ON CHRISTIANS TO MAKE THEM SUBMIT.,UCVgQIpVOmW-yOpq7WM6vKbQ,@billikash2591,2025-12-08T00:14:16Z,0.4184675490974923
d7e64be7d41b71d25cbceff266d8a56e,RwW4UYoX19s,Anyone who is shocked this has happened has obviously never read Deuteronomy.,UC-l-0t74DH8_dm3PSU_C_Tw,@mayormccheese6171,2025-12-08T01:32:38Z,0.4184497971870213
4d8a31a3a875f585389adf1969912c85,e478dy0CKYE,Stallone got himself a Mare a Lardo face.😂,UCJOJzvDbmGHs393uYE2QKGA,@merkaaaaat,2025-12-08T00:49:23Z,0.4182675850608404
7d38e8154223478193f6af9a0de78637,RwW4UYoX19s,"**>The UN’s humanitarian office (OCHA) warns that Israeli forces are intensifying their assault on northern areas of the occupied West Bank, particularly Jenin and Tubas, triggering new displacement, curfews, movement restrictions, school closures and widespread damage to private property and public infrastructure.
**>They say the ongoing offensive has disrupted access to basic services for more than 95,000 Palestinians already affected by recurrent raids since 2025. 
>> *OCHA also reports that illegal settler violence continues unchecked,with 1,680 attacks causing casualties or property damage in over 270 communities so far this year* — An average of five incidents per day. OCHA has reminded Israel of its legal obligation, as an occupying power, to protect Palestinians and uphold international humanitarian and human rights law.",UCz2O2oQ81NbGahInpXfMIIQ,@h.h.3102,2025-12-07T22:48:43Z,0.41825100137323346
60488f562942e9d59689e827154b8a26,RwW4UYoX19s,"Fack the tiny hat men and their dirty, slimy ways.",UCZe7k4EA0WWLb_a9D7Qfiew,@ToastProphet,2025-12-08T01:20:05Z,0.4182373210536524
ed5505ed5de22a8364203b031d3cfb9f,dQWfdEyorm8,"I don’t care if it brings this country to war, whatever the cost, release it.",UCXJprE1-28rrsR2JZy-RK7A,@christopherross247,2025-12-07T20:13:44Z,0.4182079761261289
f537a14fe5b4f6a9fb207ee0abd0a3db,e478dy0CKYE,@nafet Bang     Bang,UC22oHzXyXUuI7Dwf4swr5Iw,@davemitchell6281,2025-12-08T00:47:18Z,0.4181558726137751
9d45f6c54915705e97394d75fc4ba6cf,e478dy0CKYE,Trump is considering to replace Pete Hegseth with Mike Lindell,UCfHegrhOBK3bGHE5a3avrzg,@Rok-po4wn,2025-12-08T00:39:15Z,0.41814112694474925
20dfccbc64581b12ac0f4be582a16fa2,dQWfdEyorm8,"Mucha gente imigrante viviendo con miedo por todo lo que esta pasando en U.S. Y ella libre, promocionada y triunfando. Este es el tipo de gente que deberiamos condenar. No la gente  trabajadora",UCr57WT8lOenDzTTRxVvBg8w,@irenevilla8,2025-12-08T02:36:25Z,0.41805361294802723
21dff8145237cfced6a474a611a6bc52,dQWfdEyorm8,@Greg-io1ipyea whatever. White people avoid accountability at all cost😂,UCmEiIkWh6pRXlMjPOf38nxg,@DorianRashaad,2025-12-07T21:12:28Z,0.4180365421712826
61e1750568741c95b2d093e023c1b096,e478dy0CKYE,"It sounds like CNN does not like President Trump being the moderator at tonight's hosting. 
Would Joe Biden have been able to do the hosting when he was president of the United States I think not. 
CNN gets to attack the president again. This is something CNN has been doing forever. Unfortunately that very unsuccessful at attacking president Trump",UC2qj76e7g9tUfZLWO922hNQ,@billual,2025-12-08T00:39:37Z,0.41781766879183924
26fe8246af033ffb43db9c0e75c99e8f,e478dy0CKYE,Fuck KISS and every other group or person that accepts a corrupt presidents awards.,UCSkj7dZGnslVgSl_yNWCpnw,@pamelaarmstrong3612,2025-12-08T00:45:30Z,0.41777905610896804
707f0dc84bad08e1eeaa85049c35f635,e478dy0CKYE,"Even after the ceasefire, about 400 Palestinians have been killed and Trump has no value😅😅😅😅😅😅😅",UC52Aj4zquftc7DPfW0pukdw,@sudheera4669,2025-12-08T00:57:03Z,0.41777176729630916
84bb0d013002b3f26d80bcf0b8bcfbf2,RwW4UYoX19s,You're the best 👌 👍 😍,UClxcPbnSsHrPVQLO1rk15uQ,@JohnnyWakely,2025-12-08T01:41:51Z,0.41762112567552
3b44b618063005c56d258b4f6e793b45,oylbyE5Zt0Q,"20,000,000 illegals get everything free",UCWjVrEuj6j1Chqmxon51d4A,@Bob-bb3ur,2025-12-08T02:35:29Z,0.41759078685975115
3b95cb68e7a53eb98eea258dcac48b9b,dQWfdEyorm8,"@satinlovegloveful No really, I swear I saw this two weeks ago.",UCJ2jPkP85cM6m7JiAJsHUQg,@timgarland8421,2025-12-07T23:01:58Z,0.41758670600014686
c056d1ffd7d403ec581712ba635dd4f9,e478dy0CKYE,That Ozempic isn’t working😂,UC1lI3zJ724WKngHW_pdKNjA,@ramiroavila9374,2025-12-08T02:38:58Z,0.4175622473804177
d4cf4c6a086786995395e152fb0c2637,oylbyE5Zt0Q,Everybody must receive vaccines!,UCOnULsxLCgbXeD313udb7Ow,@EDUARDO-bj9wf,2025-12-08T01:26:29Z,0.41751916888687923
1d92e8fee16e24423977f1406a96bdd2,t15c3-pYSYo,The IDF has brought justice to the Palestinian people for October 7.,UCzYItLPlTznh5rKJuWmvLLQ,@mikeg2306,2025-12-08T01:48:17Z,0.41751425331182557
bb32efc15975e4efad948b6509436d85,dQWfdEyorm8,AND THE PUBLIC still WONT GET THE ANSWERES THEY HAVE ASKED FOR!,UC_DsUgxhlq3gk8VrZkSxuAg,@skydiver711,2025-12-07T20:30:59Z,0.4174555397240356
b76c0bf64834c80b9d6917b73d9739a7,RwW4UYoX19s,Condemn the killing of terrorists? Unlikely,UCB_sLeuUwmXHdy-VmdvjkWg,@joeloweryourexpectationsbiden,2025-12-07T23:29:51Z,0.41742513214756305
826e85a429960db7e8378a8394870750,RwW4UYoX19s,The Palestinian never find justice in this world where criminals make the rules for 77 years long apartheid 18 years long blockade of Gaza and now committing genocide shame on those who support Israel genocide,UCBp0rn8qbu3Nb1taMHjI-DA,@badihammad3669,2025-12-07T23:18:34Z,0.41732919130589075
92ecf064bfccf68a7efa4e02fd4b8cd2,RwW4UYoX19s,Israel should just take them to the fully stocked markets and phone shops,UCIky-V0TsQvzfLMh5EoKwAg,@paultoseland9524,2025-12-07T22:56:36Z,0.4172827435125118
2095b3ca6cc4d8361e2720d25f14fce4,oylbyE5Zt0Q,Hegseth for president,UC_2UYrJRM73YNU-B4qemTrQ,@billmcgee2066,2025-12-08T01:46:23Z,0.4172434519096898
da607dac49c6c84817ff5ba21be07ed8,dQWfdEyorm8,"He also had Trump on speed dial for 15 years and was still paying money to Trump's Golf Course
😂😅 Elon as well😊",UCjPWE5qH8POdc_0daT1L3ZA,@haha-hg6yq,2025-12-07T20:20:31Z,0.4171631918912478
f01099f5805a39bd114235340a256233,e478dy0CKYE,How much are you charging Melania,UCqyjWcMS6Pm7hdWQ8kyCvlg,@DARWINZOO,2025-12-08T00:53:58Z,0.41714882170417505
68647af083d488f43a2d20b17c10011c,e478dy0CKYE,"Wow... He's partying at the Kennedy Center while there are 3,000,000 casualties in the Ukraine.",UCrsgBpJ3f72JyHeRDa1SEKw,@mattreviews5502,2025-12-08T01:05:56Z,0.4171379874364774
b616cc4b758c1cfb02cea6fae52619b4,t15c3-pYSYo,"you should invite Dan Belizan on your show  he is the best  
https://youtu.be/KICYv4O03CA?si=1lj3LDOhE2xaxP4q",UCB5MX19xwInlcIcf-cs6Y6Q,@nm1978,2025-12-08T00:53:15Z,0.417123801362583
367aad708863fc1f58c0678330475820,t15c3-pYSYo,"Yes you will get to spend the hereafter with Dana.megan, hey,going to throw in Barbara ,Bush. ENJOY😂",UCHf7sF1IdPXQP5ameiAHSYg,@MaryVictorine-s8k,2025-12-08T00:55:52Z,0.41704196562496987
4f50f02397bc59db998291833aa15579,s2EXTCAFPKA,"Strongly advise to watch Lara Logan Ep 48. Who is Deep State?
.",UCNnLYoZdHi1gdBXlXZ4hkqg,@TheYaniw,2025-12-07T19:38:26Z,0.4169826325278848
a05b8c4d5262c7b5eb628e438f371c14,dQWfdEyorm8,"Thousands of FBI agents, private sector attorneys, investigators, technicians, vendors and victims know a lot about a lot that went on at Les Wexner's mansion, Trump's Maralago, Trump's yacht, and Epstein Island that replaced Trump's yacht.
Trump isn't going to have a good legacy. But it does bring to mind we shouldn't be worshipping child molesting creeps like Brigham Young, Sinatra, Tel Aviv born Gene Simmons of KISS, David Koresh, Trumpedo or anyone else grooming kids like they want an entire worldwide Turning Point USA trafficking organization funded by US taxpayers' money.",UCg9gXh7_QecGmq99ceay8wQ,@Greg-io1ip,2025-12-07T20:52:35Z,0.4169570002630787
c52976d090c9f590a5353f0c7a621be4,dQWfdEyorm8,I don't know why TYT releases already uploaded segments again. It's very confusing.,UCInF2WbgD5a2qI5pDLMSlQA,@mrcool1519,2025-12-07T23:14:15Z,0.4168951076700589
aa89a0d34c5e6532bbc548e9eb6e43ae,KjYSHrFkGrU,She is beautiful and well spoken. ❤❤,UCBRIJyTKNCVydU-L2NSnmYg,@seantran5011,2025-12-08T02:02:21Z,0.4167808082330733
c3e7311b1e4ac7ce94f16458da3cf5fb,t15c3-pYSYo,Genocide,UCYtr-YbEF0Lu3PDcNo7oixg,@moldymush,2025-12-07T23:41:25Z,0.41675673924893564
6d172d9b592d404b71b683003bb01296,dQWfdEyorm8,I think they posted this because after the bill is signed Trump has 30 days to release which fast approaching...😅,UCqrq-tsk9Ed_28Eu46AA4yQ,@marcioabreu1150,2025-12-07T20:41:57Z,0.4167405238304902
f81dfcc190b8906fb6b34b3e725c568f,RwW4UYoX19s,"Our courage, surety and fortitude come from the justice in our cause.  For Israel has spoken.",UCvXffbh_Jhdac3h36xzoLHA,@Obeytime-w4i,2025-12-07T22:34:54Z,0.4166546903303228
deb8521ae7dbe8f4f6a51f2dd700ad17,dQWfdEyorm8,This is old wha the fa??,UCTzA9UO5S5hGXxoEiIgmlzg,@rodneydowd4739,2025-12-07T22:38:17Z,0.41664688822433055
c8e9c08aadd5075d956c1cfcc5595a7f,rChcwSozre8,@muttinoftruth the truth is not hateful. You choose to ignore reality. That is the typical demonrat. To hate who they disagree with.,UCxm1uq58gOhHKy_4Onhj9ww,@rickgrims-qy3jq,2025-12-08T02:22:20Z,0.41663480553856
3fbdf971fb2011e892011b42aebe214c,RwW4UYoX19s,"SOME OF THE MOST EVIL PEOPLE ON THIS PLANET?!?!
BY FAR THE MOST EVIL IN HISTORY, IN THE PROCESS MAKING HITLER AND THE ACTUAL HANNIBAL MINISCULE PLAYER'S!!!",UC2dG6eudcBi3X6Rl-UL0WSQ,@JoseRodriguez-en8bo,2025-12-08T00:08:46Z,0.41662183236982264
12a633adcbd73ad60fc26d822006a7cb,oylbyE5Zt0Q,Mandela effect,UCWYL7LbGgjjlJcNnoC8mSGg,@JetTech1992,2025-12-08T01:49:41Z,0.41646422543476824
a297bec942e2d94330b18b2499bce0f5,dQWfdEyorm8,Clinton and trump.. lol..,UCadC6Zk-C38hdVBW-pLdmfA,@sailbroker6244,2025-12-07T20:06:08Z,0.4162245384681846
56443fd9f15f3b35cace46d753f0f21d,dQWfdEyorm8,Garbage on both sides. Now that’s a fact.,UCn6HCsE0zGlVXcai9xndo5A,@Wesley-zz1tk,2025-12-07T20:57:24Z,0.4161269803830223
9eef1167a29b61ce97c678db1c9c39af,5tvOpAe46IY,"My dad trying to make illegal trust funds claiming my joint accountvwith my mom somehow illegal (i know that the 3 million hooked up to that acoount might be gone) but the thing that i got from my mom my joint account i refuse to change that

I dont care about money as much as i carecabout other things

A good chance being in this demon more like city now might get me killed anyways

The government already got rid of the stuff with my moms social in it and why i cant use her discover card

Trust funds need to be called illegal more now then ever and pushed against making them i dont want anybody to go through what i been dealing with (even though i want to go back to that fbi person for a completely different reason)

I like that my dads got 0 idea how much money i got that makes me happy as well",UCFJH6sgMrINrG99QUvpyBMg,@ihartevil,2025-12-07T22:00:12Z,0.41605465054992086
22f5cc09da7c4dbe065867b0740c737b,6EtReGSuvdY,"What an absolute useless, embarrassment of a congress person.
Just quit, dude- you’re irrelevant.",UCcecdbRCNRZUeuuRD-L-X4g,@tpddc-tv1yz,2025-12-08T02:58:23Z,0.4158039607320193
378972d49597687819625ad4d4fc4c0e,dQWfdEyorm8,"So ""make them do what we want not what the doners want"" that is silly. Never going to happen. Campaign finance reform. Till that happens nothing changes. That should be talked about on every show, 1st thing.",UCXimBdWSV-XfcGE609EzyJA,@bromero2006,2025-12-07T20:07:22Z,0.41579050484571417
33cb8eb24ba995767d430b6e83921f9d,t15c3-pYSYo,"@36Vernon The video is about war crimes and a genocide, not politics.",UCQQq3XCICDKs_JO5DEyz5nw,@deanm1436,2025-12-08T00:33:10Z,0.4157509366348478
cae9d68a4e025903afcda17f80a17832,e478dy0CKYE,RELEASE THE tRUMPSTEIN FILES!,UCIAfEDr39yoxzsMT8F1v16g,@donvonschitzinpantz,2025-12-08T00:42:27Z,0.41571520153755115
e3dc1df594828a820f8250fa53b92242,RwW4UYoX19s,Here comes all the Israeli bots,UCakIy8OiOMtuC01WkxA36aQ,@TJS44_,2025-12-08T02:26:11Z,0.4156999900740241
1ee598b74c16f3fc39b396958158fb62,e478dy0CKYE,He’s going to sleep. 100%,UCveEf-Fh-hPSBLpthyTYX6A,,2025-12-08T00:52:13Z,0.41566284414568655
9a9df198fe505269ee147a367ed24c3c,e478dy0CKYE,Which made up award will the orange toddler get tonight???,UCm0saZgfveXY5KGTT6UDX9w,@KeithJackson-ux7eh,2025-12-08T00:34:51Z,0.41555625349661196
159fc1725cd10f29a6099a53c2bbbc3f,t15c3-pYSYo,"The Hague is coming. 😮😢. They keep doing it. Adhorrant, PERIOD!",UCl8Kfb9hcE1-ehia3ebQ-vA,@czesati2964,2025-12-08T00:54:37Z,0.41553408037534806
183453b6812ccbb9f10b79dae8e5b72f,RwW4UYoX19s,"Ana, lovely 2-tones west-coast hair-do!",UCMbKAHO8danwZjIyFcFybHw,@zmk3592,2025-12-08T02:43:13Z,0.415510414183612
10f1c0722738daccf4b21af3ed28301c,rChcwSozre8,JD Vance leave no couch unstained,UCUnSM8Fw2wrGSxdWzkvGIuQ,@muttinoftruth,2025-12-08T02:14:03Z,0.41547262857057926
5e5169354bf014e0eb0b57027d87bd47,dQWfdEyorm8,"Piggy hahaha,  she deserved it",UCUCiPLKIXI-d5ZzOII7l6cQ,@bzig8988,2025-12-07T22:21:37Z,0.4154500936729732
b5478d78a98e233766dbe487c8451105,dQWfdEyorm8,"Has not the current administration already abandoned 250 years of the US justice system with ICE?  I am sorry, but I an really beginning to believe justice is dead in the US.",UCLN-_yjf8FxBE83J5VLn-Cg,@StevenHolsinger,2025-12-07T20:52:56Z,0.4153934326177763
b601fb5b82223e3b79830f425dec549e,dQWfdEyorm8,Facts,UCNei2-07FhDfmkx_vCgfNRw,@87DARKGOD,2025-12-07T20:19:47Z,0.41530092233983823
de71ac10912c2b69fe5f1bfe95addffc,e478dy0CKYE,Any updates on cnnns olproducer John Griffin?,UChAV7SZikJzAxI-Vo1H0nwA,@PC-tc5je,2025-12-08T01:07:38Z,0.4152218130277717
b062f36d37a877e9069ad0d069939291,RwW4UYoX19s,"ISRAHELL IS A BLIGHT ON HUMANITY AND must be stopped for the sake of everything sacred in our world.  The powers in charge of the zionist supremacy machine are based on pure hatred and EVIL..ZIONISTS ATTACK EVERYONE WHO DISAGREES WITH THEIR HOMICIDAL IDEOLOGY, attacking even Jewish people and holocaust survivors.  SEE NORMAN FINKLESTEIN.",UCvPn51Y-aHk5y01vpVaek1g,@Lateda944,2025-12-08T02:42:51Z,0.41515479836366076
9840c427098070de038a2f6e9a63e39a,dQWfdEyorm8,7:23 American Animal farm.,UCTj92y0FzVTSSE5en1x7Q-A,@911diablo,2025-12-07T21:20:56Z,0.4150837272791891
bf9053662d22d03893c967b9734d7e42,KjYSHrFkGrU,"Everyone heard him, of course they knew",UCl6rOFGVHJeNBZ0GZhxQFMQ,@mariadealva9059,2025-12-08T02:34:40Z,0.41491275876834677
204f59abbfb503f084036f4c920126db,NEVp5tO6Xik,It's in the title and mentioned in the report 🤦‍♂️🤭,UCwYt9itmJ9Tm4jPwZDk8Bag,@jimmychoons5543,2025-12-08T00:11:59Z,0.41489067085793774
91b8ad5aef0d8d1ad6b6fffa8a78f203,t15c3-pYSYo,"I remember when The Young Turks were progressive on Air America. Now, Cenk supports right wing Islamists over progressive Israel.",UCy8GR8drDBMN1-ChdFMN2WA,@rft2001,2025-12-08T01:07:53Z,0.41488997671656463
1cc9a65cec1c7e9283595966fabd3b71,rChcwSozre8,If you prefer a criminal for a president !,UCa_4JqDoZCw0NKvkT6a3FLg,@barikitchens6383,2025-12-08T02:32:39Z,0.4148806800476258
0aa39b1ac615fbd80f8bb25bee0eb1c7,s2EXTCAFPKA,I'm surprised signal gate didn't bring him down. I would have thought that leaking your plans by discussing them on non secure platforms would be crossing a line.,UCycRf1JxcEVE_ceKbrOxfSQ,@mikefromvernon,2025-12-07T19:38:29Z,0.41483756684399226
715c0daee1397ec693a23c79e77451ca,t15c3-pYSYo,Jews never had an empire and they never will insha'Allah,UCJi8k3JAHwYn6BgiM51rwZg,@jam6876,2025-12-07T23:20:08Z,0.4148018682680176
943b05401951f0277349a333686bc578,dQWfdEyorm8,"Hillariously enough, cenk and ana spent the last third of this video talking about that exact point.  You are either a bot or more likely just another brainwashed conservative desperatly trying to make excuses. ""What about those other guys!!!"" Thats every childs favorite excuse.  You are making excuses for pedophiles please stop.",UCy95JoNK7prqBKbbetcJ8CA,@godkingofspace,2025-12-07T22:10:14Z,0.4147222824129047
b60a9eda11411446b9aa63097f1c5849,KjYSHrFkGrU,"Every women at one point in her life dreams to be a sex goddess. If you don't believe me, find the most prettiest girl you can find tomorrow and call her hideous. I bet you she will take your criticism to heart. No matter if you're an alpha male or bottom of the bottom. It's easy to destroy their self esteem but why would you?",UC4PZo94M23QNoaIzr2lv2cg,@Tom-z8y6z,2025-12-08T01:07:34Z,0.41471697672205543
f16de77af583f3362b593d8be68747d6,RwW4UYoX19s,"They also hate us

Like unless we are the wealthy they despise us and even the wealthy are meant to go kiss a wall there",UCjrVraEDhjNgESs-uyHqYGQ,@sonic8005,2025-12-08T00:07:46Z,0.414711159280865
b3a740f7b220c685477fb978dab96863,e478dy0CKYE,washing of the feet after he wins the war on poverty,UCWWIFcSnnhzPvxjOy-IfANg,@StargazerFromBC,2025-12-08T00:54:41Z,0.4146777729967499
1a34bcc4dc865b70a0182101ad635d70,dQWfdEyorm8,This vote happened on Nov 19th. This is a repeat video.,UCEpcQPtHm6JugWkpP4spzWg,@lucesainte-marie9017,2025-12-07T20:37:34Z,0.41462760963907663
8e2423fd9670a098acd114d5b8d8d4fd,e478dy0CKYE,@xiaokahe has a lot of money so it would be a natural turn. These people are greedy.,UCeGaYSWw66ydETLSLB71xIQ,@Butterymales-t7u,2025-12-08T02:27:36Z,0.41453928767987397
4e5b1a04e91a56ab18b0f4cdbfc0d9c2,oylbyE5Zt0Q,Dream on.,UCzJFlvyDL2lIm6nYRWymn8g,@bluesky6361,2025-12-08T02:40:13Z,0.41445464619040784
a169afe98ac2351fd23438b66a8aa519,dQWfdEyorm8,He destroyed democracy by winning all the swing states and the popular vote? Amazing,UCVgbEGJQue61el-reCScS-w,@barrygriffies459,2025-12-07T22:12:31Z,0.4144452234356747
bdfa3cdb26433cfcc99adfcbc54c1752,t15c3-pYSYo,"sraeli aggression. For the sake of global peace, Israel should have remained a part of history, where its ancient existence ended in 125 BC.",UCEqsmSX8KtxlZ17miwx1ghA,@computerjoy,2025-12-08T00:37:00Z,0.41443861715411046
c9bf5e73273c48877ae20a606246d935,oylbyE5Zt0Q,"CNN partners with Kalshi, a gambling app that lets you wager on starvation in Gaza. Don't hide behind Zionism, stand on it, say it with your chest FOX jr.  C'mon, you need my permission?",UCMvlV3RAOMUUbZMFp_kbsOA,@LittleLadWhoLovesBerriesCream,2025-12-08T02:28:07Z,0.4143909346757757
888a157107bf2f39f648ce1ce76d1494,dQWfdEyorm8,"@KevinPeterTobiason

Wasn't it Donald who killed Jeffrey? It happened under his watch? When Democrats were in the White House Jeffrey was still alive and under investigation which required the protection of his legal rights. So weren't Democratic president's restricted from releasing information about the on-going case while Jeffrey was still alive? Along with the victims? Then there is MOSAD?💙",UCXMhq6rYHHBdOwdqIgLL17A,,2025-12-07T22:20:26Z,0.41420810021888804
1f8181ca11fc9a17af29e71bd1e72662,RwW4UYoX19s,"Don't leave out the Zionest in Jordan, Saudi Arabia, UAE,Egypt, India, Britain, etc. UNITED STATES GOVERNMENT.",UC3zTZZjOdngz1N7023ee7tA,@SaeedMustapha-b5t,2025-12-08T00:09:18Z,0.41419944355120175
56d2d73c3032727f2d65a5ce44627ec8,dQWfdEyorm8,Right. This will be like The Jolly Green Giant sticking his toe out of the door. I trust those people just about as far as I could throw the aforementioned giant. 😶,UCYjCEcQnRp6eS9rwe0Vbnsw,@MichaelJohnson-dt8tv,2025-12-07T20:12:51Z,0.41413424201872406
116c57b9779feb1023703bf67a4693d8,RwW4UYoX19s,We the people need to push for an enlightenment 👏✨️,UCvZkSHNQR7Ae5NoVZ3IzzRA,@BeccaBow010,2025-12-08T01:17:35Z,0.4140774614141621
597160e86f7eb0b2e539523ba2697bcc,RwW4UYoX19s,"@KahinaKhando46 Just obey dear child, just obey.  Also, name calling will not help you out of this mess you created.  Not even a little.  Reality is here.  For The Chosen has spoken.",UCvXffbh_Jhdac3h36xzoLHA,@Obeytime-w4i,2025-12-07T22:44:05Z,0.41393810148801824
102ec9e042f4e2d7d1dce89a195f6df7,RwW4UYoX19s,@sayjustwordstome we Muslims know the world wants to exterminate us and we have the protection of Allah which is why we defeated your armies with men in sandals.  😄,UCJi8k3JAHwYn6BgiM51rwZg,@jam6876,2025-12-07T23:43:28Z,0.41387035228590935
9dc916735aa08ee83e403ae2d86eba7c,RwW4UYoX19s,7:55 how about our media tour IDF sites so we can see how they operate and decide who to bomb. From what's been reported so far shows a blatant disregard to civilians,UChPEUO50PsvZpuCTBZmF50Q,@miguelaguirre6980,2025-12-08T00:24:04Z,0.4138601362878689
2215a5ea016f1f954dfc5f5b087e2d43,RwW4UYoX19s,​@Alda25-26 no..... king of England gifted the Rothschild zionest Jewish federation land inside Palestine called Isreal this was called the 1917 befor declaration....... making the original land grow one inch was a violation of the declaration 1917...... but the sematic jews didnt violate it.... its the non sematic jews that control and violate stuff,UCARcwQQX-DEIXdK4gR6s2Eg,@limochicago773,2025-12-08T00:13:05Z,0.41386000398869505
aff72a858f56ab9368af6f505acbc03a,t15c3-pYSYo,Hamas wasn't involved in Black September,UCZvtauzxBEDcwziafHA0HKA,@BilalAyyubRahman,2025-12-08T01:08:11Z,0.4138491188985438
0555bae6d206d09998f390aab8583e0b,s2EXTCAFPKA,"Why do Americans want this poison? Why don't you take a long, hard look in the mirror? You are a sick society. No Venezuelan drug dealer forces this stuff up your noses.",UCOcTT5SIoB7c5kSn8tJFh-g,@johannuys7914,2025-12-07T19:49:17Z,0.4138452518546833
2c261b47c5e9bdd81d1cfc816bed1b95,RwW4UYoX19s,Getting “Dog Walked” isn’t the same as walking in your own.,UCrzIAv2M3nv2OM-uiJfETFw,@raymondcarroll3876,2025-12-08T02:19:37Z,0.4137994641818197
975d6a4e7ed35bb86edc8ff3ef3c1b62,rChcwSozre8,"Nothing is happening without the consent of the american people, you guys can end this nightmare and throw them all in prison whenever you feel like it, just stop waiting for a miracle and defend yourselves.",UCMoP54iL28t8WSFidVp3t6A,@bofpwet9500,2025-12-08T02:08:08Z,0.41372439757525925
4e80ece0c6ccfe9f4c70312a1b92eb69,t15c3-pYSYo,"Well i feel like glyph completely controlled me i told my dad all about the illegal bank account my mom set up for me

I thought why not since i already gave that info to the demons making it so that bank account might be gone anyways

I still feel like running back to that fbi guy i want him to know stuff

I wish glyph didnt change so much stuff around here things need to be better for everybody with no more glyph lies

I want to know how much of this truck debt landed on zeriff and get things fixed up in the correct way i know towns/cities like these thinkbor that means they want to make x y and z happen

No i want to get the tranquility agreements back for that city since they got passed at the fed level because of that cuty/town meaning they needed it more then other places

It might be able to be passed at a city level i was thinking state level at first for a lot of this but what about new tranquility agreements for the places that really need them and ones that make sense for that town/city what they want/need to keep themselves from being hurt and the humans stop being hurt (i know about the demon bible books i don't know how glyph changed them again) what i remember about them the orginal text that made it so nobody got killed other then the amount in the book

Since glyph keeps changing those books maybe time to think about things in the way of why those books got made in the first place

The bibles over the years got donked up to my guess glyph some involvement because they used to hurt demons including himself to much

I know that its hard to find somebody 100% demon in any of these towns/cities now partly because of the golddiggers taking up that job and keeping their babies

To others like me who want to be with a demon zeriff won me over i felt sage here now that glyph donked with stuff i dont

I want to know what the demons want but i feel unsafe and thats the main issue demons get hurt from humans so then they retaliate to much making it so humans become scared

They treat the outsiders like humans so then they get nobody wanting to be here to the point that the government gets involved and trues to shutdown the entire city/town and why zeriffs area got the gps thing (i dont know that its still around or not glyph changes that up)

With the right agreements that gps goes away and other things like words change

I am pretty sure demons work in the human fbi as well talk to them see what might be able to be done

Nobody ever asked the demons what they wanted because they arent really ae to",UCFJH6sgMrINrG99QUvpyBMg,@ihartevil,2025-12-08T01:44:30Z,0.41354723175386965
07753a0205ecdfd69c67b43b6ec8d2bd,t15c3-pYSYo,Building their Synagogue of Satan land on top of the bodies of the murdered children.,UCYC0Zl_R0pKE9Z5UxM4W9zA,@MeMajdouLine,2025-12-08T00:10:36Z,0.41339338359895067
2da3ab2115cc2916a5e89c2bf001f782,dQWfdEyorm8,"So here's a different angle: especially in regards to Mr Higgins response about exposing innocents....  but may I suggest, as is usually the case with power....   wether it's our justice system or Israel, or anyone with power: if all of this data is released, then it also means the leverage that this data substantiated is then lost as a future tool to manipulate or control friends, enemies or anyone in between.    Just a thought I had as I listened to you both discuss this issue. I'm just seeing a tool of this level isn't something the people in power want to have stripped of its worth or  strength by being freely given to the country(us, the citizens)

......your thoughts?

Thanks for your channel.      Coop",UCCh9KwuCnqQ5P66fJTEZJGQ,@dancooprider5328,2025-12-07T22:48:07Z,0.41333735114384995
65ba08299bf75ea13823efcf72394732,RwW4UYoX19s,"Let's do it the other way around,so the palestinians are left alone, now there's an idea",UCflKcnLfE33lSFPLF2CTHEg,@georgecastillo-gb8jo,2025-12-07T23:42:18Z,0.41321100417212214
6dd3653119ee98fa33125cc1cec16788,dQWfdEyorm8,"I new I heard Anna talk about wanting the ""Whole enchilada"" graphic 🤣 Thought I was having a dejavu moment",UCkSpDGhf0Dr-ndys4MtiUFQ,@OfficialJoeyTV,2025-12-07T21:13:08Z,0.4131904014748058
0cadf95f8eea02dba79a1062948b9e12,dQWfdEyorm8,He's so cool piggy! Don't you love his machurity as a 80 year old president. Glad he's making decisions for us people don't have extra bit coin money,UCc9HGjWgqakOhkNdw-CLHmA,@donainsworth1523,2025-12-08T01:39:05Z,0.413144948897307
cdade6bf9dce26008c40a138c704e70c,dQWfdEyorm8,Yes.  WTF?,UCiblW9WGge72Kyv-w498y3w,@sanjuansteve,2025-12-07T20:08:24Z,0.4130660644978049
c4996fe98772f12d5a3110f0a4aa195a,RwW4UYoX19s,Ana will they let gay journalist be there?  I don't think Muslins like gays so much.,UCnRIcQcIwi3mHurrKrZPlqA,@jimmyyoung9850,2025-12-07T22:40:26Z,0.41306081834182096
07b1740c2395af40bc46ab05ed6b1b64,RwW4UYoX19s,"Don't the nazionest would want that, any SPEC actual legal reason to slaughter, those nazies will get aroused at the sight.",UCZI0EnpmpmUUL_TP18AcHlA,@TinaB123-i8i,2025-12-08T00:36:11Z,0.41300105364462175
8395a92c0ae0de94405871207e59060e,dQWfdEyorm8,So they finally fully removed trumps name from it,UCrLceMuhReWbLXIkPfKWoIg,@luiszx1385,2025-12-07T20:27:02Z,0.41296337650318454
0804dfbe0a7c3c1c74fba08e943ca61e,RwW4UYoX19s,"It’s like still gonna be no accountability, regardless sick of it",UCjRAGd3nvpdb5T445LSCYLA,@majwhocares1841,2025-12-07T22:09:33Z,0.4129528925009236
8917e1d2ed8fde72e74b4f4acef1157d,rChcwSozre8,"Actually it is demonrat rhetoric that is dividing the country. You are spewing hate and racism towards a certain group…
Demonrat hypocrite.",UCxm1uq58gOhHKy_4Onhj9ww,@rickgrims-qy3jq,2025-12-08T02:10:46Z,0.4129033017812124
ec2358f3ed29b7475d0cc1bb357b7c20,oylbyE5Zt0Q,"This is such a nonsensical argument.
""On principle"" Republicans are going to refuse paying part of the insurance premium, so *you get to pay the whole amount to the insurance company.*",UC5_P8Lcig0WIoLL6Gw_8P-g,@badluck5647,2025-12-08T02:24:09Z,0.41289445708273803
15ea8ae0ba6ac0e30ed65c990e02e05b,RwW4UYoX19s,Babylonian Talmudic Khazars are the worst bandit and enemy of the humanity and shall be relocated to alaska,UCzb9mUKCBZFmIxjTrhJdrFA,@PawelPodgorski-t8b,2025-12-08T01:44:11Z,0.4128302048220277
a6a8f8de53f00f9f34e2637d40538ccf,dQWfdEyorm8,reminded me of my mum starting to count bc I did something bad,UC-qucpe3z811PUytR3CDBxw,@antizbyrd,2025-12-07T21:13:35Z,0.4127209700053201
a85389e01f6dedcaadb140128db1ed53,6EtReGSuvdY,As a worshipper of Big King Trump I pretend like Eric's thumb isn't bigger than Lord Don's Epstein weapon Epstein Epstein HOAX HOAX SCREEEEEECHY!!!  🦜💨,UCpSEFToGGts_D3nZwhlFeaw,@_ULTRA-_-QMAGA-_-PARROT-_-,2025-12-08T03:03:30Z,0.41271452442026657
b19f1c12e72cd003066aea50c1841b89,RwW4UYoX19s,"""and hospitals"" thank you.",UC8PZ0wsgHAIbO4TZbsx_rCw,@WBFbySteefen,2025-12-08T02:06:56Z,0.4126337075013353
96cf451ae71702cd9be3e95067bfc7a1,RwW4UYoX19s,"You are so wrong, not one single Israeli woman accused Hamas of rape on October 7 or any day after that. Hamas raped no one, but the IDF rapes Palestinian men and women in their prisons.",UCyA_P9Y-R7vysXuvwY96ykA,@SydG01,2025-12-07T23:08:01Z,0.41258976080303456
cb9972a8b8c908032d655a76ab02cf56,dQWfdEyorm8,"Lets focus more on the Boat bombing , it's a now thing , ok,
Epstein far back , let's get the illegal bombing into force!!",UCHQJT0biXLeQ8gdRCQ_WCYQ,@paulefthos5654,2025-12-08T02:23:30Z,0.4125702589752405
37a65bb8f3906df26fce2e8f0c481785,RwW4UYoX19s,"my cat says maintain
➡Boycott!
➡Divest!
➡Sanction!
➡Shame!

Stay on the right side of history!😺👍",UCO2V1AWXi-yVwKzgqV2nH4Q,@fidelcatsro6948,2025-12-07T23:53:39Z,0.41253188062612595
f34ca14313bcda5e33b03b8f321857c3,dQWfdEyorm8,Trump Is A Psychopath - if you're looking for an end to the nihilism or cruelty...,UCKN46S8vvDK-ZD4ZelTShNw,@FreedomMajore,2025-12-07T23:09:35Z,0.41229839156889014
56030eb3d1bd672b446532f54f281a76,dQWfdEyorm8,Remember there is no innocence in this just varying degrees of guilt,UC8R29uJsRD_YY6ssn2QHWqQ,@davidwologo5465,2025-12-07T20:46:06Z,0.41208717876930256
5db8cff1ebd3746c3048ac07edc4bac9,RwW4UYoX19s,I hope peace comes to the Middle East 🕊️🕊️🕊️🕊️🕊️❤❤❤❤❤❤❤❤❤🍀🍀🍀,UCCzKp8gjx7NTG9U2F7B4BHg,@victorriviera8662,2025-12-08T02:26:02Z,0.41199527543926584
b7eb9a021dba204073b2fa9ff584d1a9,t15c3-pYSYo,I totally agree. Hamas started it and Israel could give two effs about what the world thinks of her retaliation,UCOKvPuVT16mA5CxZ_JWxEXg,@jasonshytle7690,2025-12-07T23:25:11Z,0.41197928916255355
ae3f801347af6d15e5e8a72048ebbd85,rChcwSozre8,“Re-litigate”; What about NOW! These are outright illegal activities.,UC3TmDoXfUKCrVZMPIUbg2ww,@estlthelou,2025-12-08T02:07:48Z,0.4119736641870996
2728ce71ffa380dc52c271ce8d5df0eb,t15c3-pYSYo,Baby Killers will never be forgotten. 20000 dead children none had guns ?,UCK7WhMoUIJ8YUxnVZRsSqPQ,@NHussein-yr8st,2025-12-08T00:16:42Z,0.41188348958215326
2ba1c8050730b8cb2ac4a17b7f7d440a,dQWfdEyorm8,"“Did you know if you remove some letters from the name Epstein , and add a few others it spells BIDEN!!!” 
👀",UCD964r_Jqu_Jw92PyFi0eZA,@eoin401,2025-12-07T20:29:31Z,0.411825759456509
c9af3c9cdc286839e625eafb7df98bc0,s2EXTCAFPKA,Surely Hegseth is a vote winner for the Dems ?,UC2tIigGKNUEv56G5ZyWWa3g,@grangegorman34mikmik66,2025-12-07T19:52:06Z,0.4118223365866237
99651023d4fcb3d8b2564495d6fe45ed,dQWfdEyorm8,"Why is TYT not talking about the 350M Trafficking lawsuit against Trump, Musk, and Gates out of Palm Beach?",UC8NQfWDYRBPBGxeZ4-fWQfQ,@Intuitionjenn,2025-12-07T20:12:21Z,0.41172960032889844
49f4705346e39878bef6fb7d69a6227e,KjYSHrFkGrU,Jake Tapper think he is innocent. He uses his platform to spread hate everyday.,UCuQT8-wrLwjP12PHQdmk0Tg,@edm8037,2025-12-08T01:14:52Z,0.41142847652462844
8272134498d16ec27faff5ebcafb7b72,oylbyE5Zt0Q,"I’ve given up on insurance, squeeze juice from a prune ya bastards, I’d rather not be stuck on this shthole planet any longer than necessary anyways",UCosYBwyxX3UR7vIVH3Tv6wQ,@eddiejames8647,2025-12-08T01:51:06Z,0.4113931443793044
7b3a3170ffad4fd3d3ca050d45f8b41f,e478dy0CKYE,😂😂😂😂😂😂😂😮😮😮😮😮😮😮😢😢😢😢,UCWBhiJqQW8fh5yp6jbQJ0xg,@geoav,2025-12-08T00:53:49Z,0.4113344748719381
c4814e11ba2298148604e17512c60b56,RwW4UYoX19s,"Kid Soldier A.K. Cafe, ROCK & Rubble Lounge, Dig-Dug's Tunnel Tavern ...all we can do is think about the future of GAZA. Yup, we definitely help LIGHT them up UNION MADE bombs & missiles. Luckily we're ALL chillin' in PEACE here in America. Those Palestinian DGAF about us WHITE PEOPLE.",UC4Ed7cj8-VzfsROv3opLRJA,@SlappyDappyWuWu,2025-12-08T02:04:33Z,0.41127358957906507
4953b77a4ff84cb161f0d1a3d39684fb,t15c3-pYSYo,Israel will forever be known for these Atrocities which there is just no coming back from... So Evil!!,UCk28LDkoPhDjOGzE3S4fSDQ,@miquelquiles727,2025-12-08T00:04:20Z,0.4112344256916995
491f9568b0b190e89052a8e0a6598836,RwW4UYoX19s,Disgusting rats.,UCQdpOvHgx9PTl9uy6FYXt3Q,@dominick1lucero,2025-12-08T00:28:00Z,0.41119654453660043
cdf32e9f1372ec63ed3f03febeddc0d8,e478dy0CKYE,Are you Russian or a traitor?,UCQ4PdgUn27MHVt6qC3cH4_Q,@nafet,2025-12-08T00:43:51Z,0.4110463018821384
83ebdabb691b4fba793c64b64a9cd05f,RwW4UYoX19s,جيش الاحتلال وليس الدفاع,UC7a-YpSOQv_BH3SXvXtdnNw,@said-m5p,2025-12-07T22:26:55Z,0.4108411828898874
a525ca4261dad2b113f30fb37efe2c65,dQWfdEyorm8,"When the elites and lawmakers go to parties in an Island, they are complicit. Even if they didn’t rape children but they were still supporting their evil intentions. Know exactly what was going on but never tried to stop it. Sickening. See something suspicious, say something about it.",UC0vcI1QYJe__7irFPFCio9g,@mohammadmatin8030,2025-12-07T20:37:15Z,0.41077071919569796
d1c13b74a919f21431bbfd56c120a033,s2EXTCAFPKA,You’re a republican Missy TL.,UCBt5vL_UxCJm-hlbbqYPE1w,@HappyBanjo-oc3pc,2025-12-07T19:21:24Z,0.41076395383855263
002246694e398918d9d1da260da5dac2,dQWfdEyorm8,"It sounded like kinky humiliation bedroom, talk. I’ll bet that reporter was pretty and he couldn’t control himself. So disgusting.🤮",UCwhQz_zFm-Xwnu60Mjb5uEw,@ElliotKillian-i6z,2025-12-07T22:10:09Z,0.4107261613945934
5acd9319e8b18e77a25ebee9543b266b,oylbyE5Zt0Q,and how do you fix stupid?,UCUyUJfrc7R8TsrnNIagRjzw,@KikoNYC,2025-12-08T01:35:19Z,0.4106594015365054
c1f6ca8033924b08ebec985f0244ff6c,RwW4UYoX19s,"Americans seam to think this is not there genocide , the world suffering from America fatigue , shut up your the worst country on the planet , and you prove it everyday .",UCSEygFW6zLmdLlWc2D8VC7Q,@michaellapalice3068,2025-12-08T01:44:41Z,0.41063107507103297
7aeacf2198567362a39017508c5312ce,RwW4UYoX19s,Israel doing satans work.,UC2OTBApjAmmUSBWThZnRW9w,@MarkG-b9p,2025-12-08T00:26:45Z,0.4105836332379852
4ee16403a143b4d4178326bf73e877fb,RwW4UYoX19s,"I looked it up on google and it said nothing about anti-semitic. You must be using a Jewish dictionary. This is what google said:  Genocide is the deliberate, systematic attempt to destroy, in whole or in part, a national, ethnic, racial, or religious group, involving killing, causing serious bodily or mental harm, preventing births, or transferring children, aiming to eliminate the group's existence as a distinct entity. Coined by Raphael Lemkin, it's characterized by specific intent to destroy, differentiating it from other mass crimes, though intent can be hard to prove, leading to debate over events like Soviet deportations. The 1948 UN Convention on the Prevention and Punishment of the Crime of Genocide defines it legally, with enforcement growing in the 1990s and ongoing international cases, like South Africa vs. Israel at the ICJ.  LOOK IT DOESN'T EVEN REFER TO A RELIGION.",UCyA_P9Y-R7vysXuvwY96ykA,@SydG01,2025-12-07T23:04:07Z,0.41057068070196157
0489187cee3b6a9716541aaff8c92fe3,RwW4UYoX19s,"@metalgear- 
You're just another Delusional ""Judeo-Chrisitan"" lol
JEWS do not even believe in your Jesus lol, the only one that believes in him are MUSLIMS.
How funny is that with all that funny ""Judeo-Christian"" bla bla bla ...",UC5f3EWKXB3sOWgiAHQ8_m2g,@samik.decker8139,2025-12-07T23:00:34Z,0.4105556881847159
66074f231dabc5238f4a97a300e02b78,dQWfdEyorm8,"@antizbyrd glad u got a flashback bitch, be on your way now.",UCi992NKJ9TaQRWHllK9fKMg,@gabezepeda5010,2025-12-08T01:28:34Z,0.4105395080709991
96a1d699b3b9e39b247c9f494a4f01c5,e478dy0CKYE,​@SupremeWin777-7obama was the most hated,UCWwFWL0EQ8uBSsRg29YPFTg,@ThisGuyAgain-w5s,2025-12-08T01:05:28Z,0.4105245144534201
af0ffad934b6bec4f5a56648544868fd,oylbyE5Zt0Q,"Yup. In Switzerland I paid 350$ a month for healthcare. Next year I’m leaving the US, where I have no access to affordable healthcare, and will be moving to Italy where I will have healthcare for 2000EUR a year! 🎉",UCnr_4bUnFR3mpU2vYs4uQzQ,@MissRed92837,2025-12-08T01:59:45Z,0.4105220972351648
16552101db990ab5464194c6ab811716,RwW4UYoX19s,"Hostages(pl.?)? Is this old?
Edit:Yes",UCQYefsgRII8ViLooLGVdkHQ,@skontheroad,2025-12-07T22:09:25Z,0.41051729212317617
24dcc21e64ed63b827d93ecb9b5b43ef,dQWfdEyorm8,@halomaster9640 Obviously you are not married so at this point you don't know only males have peckers.,UCQQq3XCICDKs_JO5DEyz5nw,@deanm1436,2025-12-07T21:08:41Z,0.4103366107481516
07861cc2e239aa212576c1d4f4544cae,dQWfdEyorm8,Won't happen in your or my lifetime.,UCsWWLg4h4qlQPT6Ei38cPmw,@marvacauffman6520,2025-12-07T20:15:50Z,0.4102799851635741
cb2eaa537f1768468c1adeff927abe0f,RwW4UYoX19s,"Hilary is a lost cause and lost an unlosable election to become the first woman president . As she herself said anyone who did not vote for her  were "" deplorables ""
The wisest thing  she should do now is simply to button her lips and remain "" silent ""    Israel has lost the high moral ground by its deplorable behaviour by treating the
Palestinians as worst than animals .",UCOGZCkBq7ubRleGAIE_Im3w,@annebaartz5606,2025-12-07T23:52:44Z,0.41026713511110025
614582c30e7b09ad8998e5f37c55483a,dQWfdEyorm8,Id vote for her integrity and character. Politics second.,UCKccDOfT3re0WqXhxWyIq0g,@ugonelearntodayknewz4794,2025-12-07T22:39:52Z,0.4102089596030925
1d2ac98779113395e310bb6b0e42fd38,dQWfdEyorm8,And where is this confirmation coming from? What proof do you have?,UCaxvfAHpymJ-OYKv4p0W7UA,@Satans_Mistress98,2025-12-08T02:08:10Z,0.41009018000810565
79a95962eb1ad43a4bb13f70a314678c,rChcwSozre8,Got balloon?,UCqHp3k1fQiqW0GSWM_x2nZw,@danielmackay8099,2025-12-08T02:22:08Z,0.4098834655481364
a6babcf7f366f9b1d98d7be4100b13d6,rChcwSozre8,Funny,UCqHp3k1fQiqW0GSWM_x2nZw,@danielmackay8099,2025-12-08T02:24:30Z,0.4098628034276939
81491aedfb40e2d3aff1848eeda38249,RwW4UYoX19s,"The damage is beyond repair; what they did was brutal, sadistic, and among the worst acts any human could inflict on a group of people. It’s the only genocide ever broadcast live on TV, with no war in history comparable to what happened to the Palestinians. Children, women, hospitals, schools, animals, trees, aid workers, and journalists—every category saw the highest numbers of war crimes ever committed. There’s nothing left in Gaza; they flattened everything. They’ve been exposed in ways they never imagined, their decades of playing the victim gone to waste, and all their tricks to deceive, lie, and manipulate the world have failed.",UCx0ozk7mAFwA_0MTQWmoANw,@mohdalbadawi106,2025-12-07T23:22:03Z,0.40979565116740335
588f4b7cd95b418246d59de0f7902bb6,dQWfdEyorm8,"Prison labor is nazi camps...if you don't give free labor, they send you to those boats",UC5whgfTi1uxBF4wuRv7fTrg,@richardgnyc,2025-12-07T20:13:35Z,0.40974830477594837
0db15223c3c136449bbe36f012c09d67,RwW4UYoX19s,We have all noticed just how deranged Israeli/Zionist PR has become following decades of hasbara that passed w/o challenge. Zionists are now unable to recognize the absurdity of their claims. I expect more of the same. Prepare for a stomach-turning week.,UC9mmtO3kvjdQvmX5ux5iv6A,@alexandriaaaable,2025-12-07T22:28:29Z,0.4096039089975896
b9c0e176f3f01e0868b09a812e54b850,e478dy0CKYE,TEAR DOWN THE KENNDY CENTER.  REBUILD A NEW DIVERSITY CENTER BASED ON KENNEDY’S DEI BELIEF FOR THE U.S. AS DID ALL FORMER PRESIDENTS UNTIL THE NAZI FASCIST TRUMP.,UCoR0hGjVYW7OVax1NBJyDuQ,@kelly3265,2025-12-08T01:28:10Z,0.4094571484285484
2d050a22dcf83a8470ac48076085c701,rChcwSozre8,"​@reason6835Charlie Kirk wasn't obsessed with liberals like we are with Trump and conservatives. Take Rick for example, he posts about Trump supporters non-stop. He's obsessed!",UCKvz4reZG7X0cKkQa6t_PZw,@HonestDemocrat,2025-12-08T02:14:12Z,0.40943781686062886
c97e94ee6a8be7c6bf9306e7b66db3b3,dQWfdEyorm8,"Epstein's files (Child porn, Video's, Audio's, financial documents for tax evasion, the information just goes on & on. What comes out will reveal Israel as the identity of Israel being the *Deep State in Washington DC!*",UChMzmONW0-EE2cdpRJRhf1w,@martinlopez7714,2025-12-08T02:33:54Z,0.40941994062191467
332fe0eb7e74c1ca7f79eba45183143f,RwW4UYoX19s,"@KevinPeterTobiason

Why does your comment sound so Jewish?💙",UCXMhq6rYHHBdOwdqIgLL17A,,2025-12-08T01:24:31Z,0.4093959604063711
0e41aac7040b476ad8b876b0c04eb4a5,t15c3-pYSYo,@Uncanny_Mountain you’re right… I used the wrong word for what is happening to Gaza.,UCOcDAVlA9-tRi6xhhnVs2xA,@juneelle370,2025-12-08T01:50:41Z,0.4093467421067805
e0d7d7bf742aed15d478ce37fe55fd58,dQWfdEyorm8,Is this a repeat video?!😂😂😂,UCTT4pE4hQ9lPxo4UqDnvE7w,@Happ-E25,2025-12-07T21:19:15Z,0.40930017525437623
1158e26dff590aded355750b1cc5b9b0,t15c3-pYSYo,"Sadly there will be no action or conviction for Israeli IDF war crimes,  the Zionist lobby AIPAC owns the US Congress and media,  and the politicians and media in many western countries. End of story",UCwsg_pNBqmhV17_aXHuwkyw,@helgemeyer6740,2025-12-08T02:37:36Z,0.4090770220727699
dc8aa675c61bcc7fe4459a6b6151789b,RwW4UYoX19s,Israel's first official admission of a Palestinian state?,UCfOFIAs5AE-N5TJrvMqXyug,@RobM-o2x,2025-12-07T22:45:23Z,0.4090532087140031
e22223c28097bdaeabce7ef326b63cc9,oylbyE5Zt0Q,"Problem is that Fauci, the WHO, and CDC lied to Americans and now we trust them.",UCoOJg6dZZvzCEeFUj7ECQCg,@DaveSchultzXXL,2025-12-08T01:30:58Z,0.40894573664533657
ab54c857cf6e9e2527ad139c58266713,t15c3-pYSYo,Well we have eyes. It doesn't look like BS,UCFgtMd7wg3pXHTu1Pt_MmKQ,@DavidBrown-wn7kb,2025-12-07T23:42:48Z,0.40888178330269515
230628192256f217842b5252b39d85ac,oylbyE5Zt0Q,"I would be stunned if they did anything because they are operating the philosophy of eugenics lite by limiting help so ""the weak"" will die. Very cool, very Christian.",UCHuVkfiLtcufevWYdRBJZ5A,@OnGoingWhats,2025-12-08T02:09:11Z,0.4087943005272274
48e20e7d9eed665d9e946b3e18376fda,dQWfdEyorm8,They been releasing the epstien files for 30 years now,UCZCDRDq1hMJTkDvTdSiBQaA,@atownish1488hh,2025-12-07T23:14:52Z,0.40867644562807204
77164770be38d6e617c31dbb4e1301e6,t15c3-pYSYo,IOF is most Terrorist organization,UCynpK4wsiSwu80AbaWtilGg,@User-s868,2025-12-08T00:30:46Z,0.40862264260837533
1f047009d08c855d12827b7f4dd17f70,KjYSHrFkGrU,I wonder how they feel now she got the participation prize ?,UC9mhc1p5GVhZvyLvrOB33JQ,,2025-12-07T22:53:35Z,0.4085063039413016
2b508e05ac53b8000bb64db654aa5c4c,t15c3-pYSYo,"Why did it take SO LONG for you to see this story ?????? I watched it live, day after day. on Aljazeera. They were even shooting women and children. The IIC has already been given evidence . This was the so called the  ""ISRAELI and AMERICAN RUN FOOD STATIONS"", they were set up by TRUMP AND NETANYAHU after they stopped all aid from going into Gaza . Doctors knew what injuries to expect by the days of the week , e.g MON doctors got ready for CHEST INJURIES, WEDNESDAY they looked for INJURIES TO THE HEAD ect .it went on for MONTHS. You may ask WHY DID PALESTINIAN'S KEEP GOING TO GET FOOD . The reason was THEY HAD NO CHOICE their children needed food. And when the father was killed the mother , or one of the children had to go . Children were also shot TRYING TO GET A MISERLY AMOUNT OF FOOD. There was also  an ex American solder , who gave was working in the food station for a while , he was on aljazeera giving evidence of what he seen there. WHERE WERE ALL THE WORLD JOURNALISTS, CAN SOMEONE EXPLAIN these stations were known as SLAUGHTER HOUSES,",UCWHUBOpqYgnD0Z0XKgo5mdg,@lynettegriffin9221,2025-12-07T23:42:36Z,0.4084179883567306
b506e52a0d117d60903112407d059c05,s2EXTCAFPKA,He's Toast,UCl8rraLDCGraLxFrdhCFCKQ,@derry3344ii,2025-12-07T22:56:37Z,0.40837285193364264
cd99bd4df850966d2ae85aeacd73e512,t15c3-pYSYo,Israel occupies congress as it occupies the houses of parliament in the UK and much of Europe.,UCboIOiWw62miS07H6CfR5jA,@nuriben7910,2025-12-08T01:30:48Z,0.4083339277916277
3ce025f691da4f286ee5794f78b488e2,e478dy0CKYE,He will. He’s full of that Adderall.,UCeGaYSWw66ydETLSLB71xIQ,@Butterymales-t7u,2025-12-08T01:13:02Z,0.408070024605841
9f99b8f1d8e9d1185cbd3208c77beae7,t15c3-pYSYo,​@healthyone100 zionest love to hate to a nazi degree,UCZI0EnpmpmUUL_TP18AcHlA,@TinaB123-i8i,2025-12-08T00:20:52Z,0.408052079357525
431244602f9b6e959474f555fdf3c603,oylbyE5Zt0Q,"@sr.gateau I don’t think. It’s a fact with rising premiums, unsustainable subsidies, implementation failures, increased substantial moral hazard introduced.",UCSzfruIYTMmQWRhsJ8X1IaA,@arudiga,2025-12-08T02:42:37Z,0.4079794974995116
8eda7e79d98307e5a3beed9ba4a3d9e7,dQWfdEyorm8,">> *Eisenhower warned us*....>>>He and Kennedy were going to move the World into a peace economy instead of a war economy and we know how the Israel CIA & military-industrial complex took care of that💥💥
**>The $190, 000 000,000.00 they launched through Ukraine could help all Americans hooked on drugs, and ended homelessness 💯 
>>> *“Your rights are subject to how we define them”* , this is what this battle is about
>>>Oligarchs buy media and tell us what they want to believe. Indepedent media (like Drop Site News) and brave people like this man are the only way we keep our Bill of Rights. Either we fight for everyone’s constitution or we let puppets sell us to the highest backroom bidder.
**>The worst part of being 'awake' is realizing there are waaaaay more EVIL people on this planet than I ever thought possible.",UCz2O2oQ81NbGahInpXfMIIQ,@h.h.3102,2025-12-07T20:25:48Z,0.4079519272833248
d78f22fa02b979b4d0abcdd8208a3d6c,dQWfdEyorm8,I thought that was done two weeks ago,UC5vt3-ajhkgcEVqnFaI0Mtg,@latricetaylor7928,2025-12-07T20:14:02Z,0.4078713211291336
2e3550a611b4cbb1415610453f553cfb,t15c3-pYSYo,"@DavidBrown-wn7kb LMAO, you have eyes of a sheep.",UC_2G-uSo2ZpRHMgXlRzAxIA,@Based_Clear_Vision,2025-12-08T00:57:01Z,0.407800288667783
bb0c088d93737e877767db3b3a54e12d,e478dy0CKYE,North Korea Shit,UCwgVw6Cmebcxgvfd__DkDSA,@fireman5171,2025-12-08T02:39:02Z,0.40770260984298023
93cacd71a2866ec422a0efdca252198c,RwW4UYoX19s,"How shameful for the zionist israeli regime thinking of ways to propagandise the evidence of the genocide - when the international press begin to enter Palestine. The world already know exactly what israel has done, we witnessed daily livestreamed massacres and destruction. NOTHING can be done by israel to ‘convince’ the world they are innocent of atrocities. Goose is cooked",UCZHqQWI2FZ1R9lmjBhjWnEg,@lesleydickenson9886,2025-12-07T23:27:43Z,0.4075307529443586
bbe16559e6f4711c30998dc634099323,rChcwSozre8,Where is the congress?,UC_Dy10vrsDibz_9ewbHPDdg,@jrwestler,2025-12-08T02:21:55Z,0.4075225200142574
beecd824c97d13fba6812cde21dbcd4b,dQWfdEyorm8,​@johndoe-bl8ydclick bait I guess,UCpifGoWLRl6a2JM9dLEKpwg,@jaydanger85,2025-12-07T21:13:46Z,0.40750878727155504
1f80c966a84a3e8a009e76bd34bf1f24,KjYSHrFkGrU,She’s so beautiful!😍,UC1lI3zJ724WKngHW_pdKNjA,@ramiroavila9374,2025-12-08T02:34:34Z,0.40747489985306523
9eb08f16b4525e917944aafd6ab2d625,e478dy0CKYE,"'' If Ivanka weren't my daughter, perhaps I'd be dating her and she'd be America's 1st Lady.''

Donald tRUMP",UCIAfEDr39yoxzsMT8F1v16g,@donvonschitzinpantz,2025-12-08T00:45:42Z,0.40743266899237207
99c8378c7d055e38b455d023141cfbb3,e478dy0CKYE,🤣🤣🤣 the couple of wannabes!!!,UC4iPlZLj2vRmu2ww13O40aA,@jennilang2464,2025-12-08T00:36:31Z,0.4072927878630038
56f7dfd60ff5030d3981e3874a8169e2,dQWfdEyorm8,I don't think it's real,UCua9p0tKoQWRXPr7WSQrZ4Q,@Victorianrosary777,2025-12-07T22:16:47Z,0.40726746314843976
a84f35b55606b78a6de6c41eab5df10c,dQWfdEyorm8,"Wow, that is not true…. They have done this way more than just twice",UCq5De98_2T0gp1MQnDAQhtg,@1rickslater,2025-12-07T20:29:13Z,0.4072069735538925
f057c10fa25f3b4ed6bffd95b05550ba,e478dy0CKYE,Can’t wait till Dozey Don doze indefinitely 🕊️,UC3eLRxZOkTWE5UFfNhNZY3Q,@SM-zd6ws,2025-12-08T01:04:55Z,0.4071559535025464
57e8f052fbf30165b4497bb388c96f85,RwW4UYoX19s,@tablet6109 you’re not allowed to say that word. Welcome to the Internet. I realize Cavemen like yourself don’t get out much from the Dungeon of ISLAM,UCcTV1z6lHBfpL3c88oHeFKg,@metalgear-,2025-12-07T23:08:08Z,0.40695121931753253
646ce0ab3b8940bce2eabe58e09f948f,t15c3-pYSYo,But do you condemn Hamas ?,UCiDGQ9ls26ik5RarHvmVsZg,@BrandNewAccount-u2z,2025-12-07T23:23:12Z,0.40691333334230984
1eab0321b0f71875d9305e6e5a23c3a6,RwW4UYoX19s,"@megand8746   The names ""Maverick"".  Obey time is here.  For The Chosen has spoken.",UCvXffbh_Jhdac3h36xzoLHA,@Obeytime-w4i,2025-12-07T22:56:58Z,0.4069129192956804
9e04c1ac5f40b885a8b3efc9d5f9622a,RwW4UYoX19s,"Ted Cruz doesn't go to church! He just waves his Scowfield ''Bible'' around to fool the evangelicals. Tucker made a fool out of Cruz and showed that he didn't even know about the Book of Genesis (which Cruz wanted to quote as a reason to 'bless Is a hel''). But I agree 100% with your disgust. On one hand, their whole life is ruled by this book. But they can't be bothered to find a decent version- like the King James, the Vulgate, etc. They have to dedicate their lives to a Z psy op. from more than 120 years ago. It's really pathetic. And they actually send money to Tel Aviv! Can you believe it?",UCnSKrl0EpkITwuQQvmqkA0g,@meetontheledge1380,2025-12-08T02:08:05Z,0.40681759572640885
a5f7e7665c5696d88952b8181c77dc99,s2EXTCAFPKA,@ejb9545God forbid.,UCcjjRAHrTCpWkBGSdZjsF0Q,@eileensaker6828,2025-12-07T22:56:41Z,0.4067232444557397
0cf80796827ea6388f948c64d0e9355d,5tvOpAe46IY,They're not admitting it because they want to... They see the writing on the wall and their aging audience will stay loyal... But not to be rude they won't be around in the next 20-30yrs... And the next generation is tired of all the Trump excuses and tired of trump pissing on them and all these podcasters and news host telling them it's the most expensive wine that only the billionaires can afford... And they see the trends they see where the chips are going to fall and that Tucker Candice are the future of this party... So they're starting the distancing process so they can pretend they were one of the first to start pushing America first.,UCh6sk5esj-ey5titxsT4hWQ,@youngrob2121,2025-12-08T01:35:17Z,0.40669835470253096
ccf346b7d73b3a91d97f5d740afa5e81,rChcwSozre8,I’m here to listen to the Harris voters cry🇺🇸🇺🇸🇺🇸🇺🇸,UCzsiCl8VmXd_yvnNRZtUubA,@Ballard1984,2025-12-08T02:10:53Z,0.40669052361363756
5d6e815fc4c7eeac4fcfd2f3d68456b7,RwW4UYoX19s,"My guess about what we'll do, is ""condemn the killing"", and DO NOTHING.",UC4v5_5ALkQnqc201PZEh1jw,@niznoz8379,2025-12-07T23:11:44Z,0.40667970063054015
04c4a223bec43a56e0602de6bc5c8a48,RwW4UYoX19s,Non sematic jews from there homeland of Jewish autonomous region JAO Jewish autonomous oblast homeland even Hitler didnt even attack there homeland...... after ww2 they left and took over Isreal and Ukraine and sections of Lebanon and Cyprus turkey.....,UCARcwQQX-DEIXdK4gR6s2Eg,@limochicago773,2025-12-08T00:01:04Z,0.406671010129195
1bf894fd801c94bc6d93930379542b9d,rChcwSozre8,Says a non-critical thinker.,UCxm1uq58gOhHKy_4Onhj9ww,@rickgrims-qy3jq,2025-12-08T02:11:20Z,0.40653851483305015
d04f83c5c36ab62f8920c7c296121079,RwW4UYoX19s,They'll no doubt try to clean up as much as possible.,UCGwDeWJ9z0gSsu_1fXZOQYw,@CarbonVIII,2025-12-07T23:47:49Z,0.4065004236151409
0632497b6871dfac044d2e88cb134541,6EtReGSuvdY,"Trump is taking the Drug KISUNLA  for early symptomatic ALZHEIMER’s. This intravenous infusion causes Trump’s hands to bruise. ​​Kisunla targets the amyloid plaques in the brain, and requires regular MRI monitoring for potential serious side effects like brain swelling (ARIA-E) or bleeding (ARIA-H).",UC0lETRLeo0sWFMUgx_arffA,@voixdelaraison593,2025-12-08T02:56:51Z,0.4064794617928053
eef8cdff06f6000b2fa3af52df62cfc1,RwW4UYoX19s,"@megand8746 FALSE
We simply have MORE Dirty Jihadists on EARTH than Jews. We should Support the Right for the Minority to Exist.",UCcTV1z6lHBfpL3c88oHeFKg,@metalgear-,2025-12-07T22:49:18Z,0.40644547371482154
164efa4f93392413c14106ecf5cacbab,rChcwSozre8,Derp,UCUnSM8Fw2wrGSxdWzkvGIuQ,@muttinoftruth,2025-12-08T02:18:26Z,0.40635258625941195
8641a4f3adeb850407a5114a610a5831,t15c3-pYSYo,"Chosen Rats invaded Palestine claiming God gave it to them
Which makes you all Terrorists 
⏳",UCDj9QH2hXpVW-ciZ4_op0kg,@Uncanny_Mountain,2025-12-08T00:24:19Z,0.4060982088201217
afd998f0d593a6aa3b9453b260a5efae,KjYSHrFkGrU,Toll,UC1tZT_N9LhgJyFFeMgtbCPg,@jorgegomez3691,2025-12-08T02:36:31Z,0.4060851483700766
da4f69fafab80ad121bbc9bb086a2e01,dQWfdEyorm8,Belt to @ss!!!!,UCKsxKyRD3vasxZFxDOiOqfA,@TheBlame416,2025-12-07T21:09:26Z,0.40588945018044065
aeccc6bb320bf40e5c683df65ff681a6,oylbyE5Zt0Q,Name one time Democrats lowered the cost of anything? Raising taxes or increasing the national debt is not lowering costs. Can anyone named a single time Democrats lower the cost of anything.,UCRT817aaVgXP3cWlxAq-_iQ,@wiz_kid,2025-12-08T02:03:32Z,0.4057749021698471
962e4215c84439a59a89eb1a1562fc91,RwW4UYoX19s,"Zionists, not Jews. Not all Jews are Zionists, and not all Zionists are Jews.",UCIVBsTlBt5NSHiJzEPvmUkQ,@BaggyTrousers-d2n,2025-12-08T00:12:48Z,0.4056988424775704
ce2be9d72ede9be6112ab3d2bf16fd3c,t15c3-pYSYo,It is not a War it is  genocide .the barbaric genociders are zionjews Israelis,UC4H_0215JulckQkQl99zWuA,@aynurozmen821,2025-12-08T00:09:57Z,0.405676222077913
aa17544dc31bfa13edb8b1426cae604d,RwW4UYoX19s,@megand8746 GOD backs ISRAEL and EVEN IN the QURAN we have ALLAH proclaiming the HOLY LAND belongs to the JEWS so Idk what GOD actually BACKS the Palestinians cuz it’s NOT ISLAM yet they say ALLAHU AKBAR as if GOD actually gave them the Land which is a LIE,UCcTV1z6lHBfpL3c88oHeFKg,@metalgear-,2025-12-07T22:53:58Z,0.40561394371431314
5b622daab092055079e9275ad518c187,rChcwSozre8,His KIDS are as Idiotic as he is! They NEVER achieved anything always dependent on Grandpa's money,UCazZj7hUZkn0yVWXY6tXKcw,@charrio2,2025-12-08T02:30:22Z,0.4055260163089914
5d654093d39ca9bf238ee3af4e69fb03,RwW4UYoX19s,Jews have been projecting ng their own racism and genocidal behaviours for centuries . They have been getting away with it until now,UCYhCTNHWsslnk5j57--XAlw,@humanactivated1017,2025-12-08T02:24:16Z,0.4054857775472646
8c39eab24286d59804f54b84712d6fed,t15c3-pYSYo,"Israel represents the reason why LOGIC AND REASON AND HUMANITY were recognized as aspects of life as a homo sapien; empathy, compassion, collaboration, and community are what generate coherence, harmonics, and form. We cannot evolve as societies, or people, unless we embrace THOSE comcepts.

Israel does not fit 'humanity'.",UCJ8x1GDZ2f81Eoq5EU7aJrA,@TheRotnflesh,2025-12-08T01:44:01Z,0.4054849081062899
998e33ecefae56c505615e937c0afcd6,e478dy0CKYE,"Just before dying in jail, Trump’s last words will be “fake news”. Trump is a pathological hateful liar, a sore loser and cheater and much worse still: mass killer (COVID), terrorist (Jan 6), traitor (Russia’s agent), sexual predator (Jean Carroll, Stormy Daniels and Epstein),…",UCogTx8XkGLjU2eCDUIX03-A,@benoitguillette8945,2025-12-08T00:41:17Z,0.405379990921677
d31bcdd3491a93a3d05214b462962cae,RwW4UYoX19s,"I think if we stop supporting Israel, they'll attack us",UCkd6W-2m2MEQvta14v2AzKA,@Bigfootnosferatu1776,2025-12-07T22:02:53Z,0.40532198066571856
eb3fe4d96b23bd11f3818e49061f0c43,rChcwSozre8,America first,UCqHp3k1fQiqW0GSWM_x2nZw,@danielmackay8099,2025-12-08T02:22:53Z,0.4053107737532351
ad75101b7dc71bbc456dcfe58d44f7b2,dQWfdEyorm8,I just don't understand why Trump wont release them.   Everyone regardless of party want these co conspirators brought to justice.,UCtRl0CiCQ5ola37SzznMHlw,@mogreen2023,2025-12-07T20:37:44Z,0.4052228389342618
8f0133b4a696bc5cfc99f268046e4102,t15c3-pYSYo,"There, there. We can't all have IQs above room temperature levels ​@ConstructiveMinds100",UCfb18QpKSI35yX2S_bVgvKw,@breakingthisdown,2025-12-08T01:50:50Z,0.4050298902150715
ae4d308b26648a042b5c01c8388250d4,t15c3-pYSYo,THANK You Israel...FOR HOLDING those NAZIS Palestinian Hamas Accountable for the Atrocities they have committed all over the World INCLUDING Black September...,UC4uarTBoodIpuJxTYkCbfbA,@sunshinesun101,2025-12-08T00:59:47Z,0.40502275246203756
2c2bf519818ef91252fa305ba1c1fb1c,t15c3-pYSYo,"Baby killers,killers of innocents, rapist, war mongers in any part of the world there is no room for you amongst civilized society. The status quo of this behavior has ended. The world is waking up!!!",UCFLJJ2p658uDJ52YtJY_OwA,@thatrnbilliejean7008,2025-12-08T00:56:00Z,0.40491415221856797
36c158be44bc7f0acb6f8900fa69f4aa,dQWfdEyorm8,"​@sunshinesun101
So you're cool with it as long as the Democrats did it😂 doesn't matter under the bus they all must go.",UCjPWE5qH8POdc_0daT1L3ZA,@haha-hg6yq,2025-12-07T20:29:22Z,0.40488020965762284
ebdc5133c5ba6577369aad409574c475,RwW4UYoX19s,How fun is real because pretty soon you're going to be a foreign lobby in the United States so kicked out of this country will have no freaking idea because the Gen z are going to get rid of you. God the Father God the son and God the holy Spirit find the true evil that is in this world and crush it,UCdqqY4QRQkyuFCVd93qIjFQ,@thevegangoomba4777,2025-12-08T01:34:28Z,0.4048392923686489
a4284a74e3f54e95a1e49a5eab9a960a,6EtReGSuvdY,Just the fact that senators and congressmen have to have security because of death threats and etc should be enough to boot him #%# out of office. Every breath he takes is illegal,UCU7ubZXFozWxEQt_zyqakNw,@denisecadwallader8924,2025-12-08T03:11:24Z,0.40480712672117714
0da6f3db7ecd87733548c5f2aa764072,e478dy0CKYE,"If trump is going to be there, then I won’t be going.",UCBUel7A-A7fHMt6v8k9a9dg,@Steve-p1e2h,2025-12-08T00:39:00Z,0.4047335523258638
bbaf3f1135801f3b51199345f62ddf35,dQWfdEyorm8,"Corrupt elites , pedofilia, lies and betrails, dominacion by the economic power ! History in a loop ! We , Humanaty , are the ones thar never learn and kept puting ourselves under theyr Control ! Deny all leaders bring down all forms of governement !! WE THE PEOPLE CAN DO BETTER",UCMBb9E7-qw3HHGkmBaNECrw,@MariaRosa-z4f,2025-12-07T22:03:54Z,0.4046969567625872
d71e277a2a3626b3d00b687653a15212,RwW4UYoX19s,Ok raju 😂😂😂,UCOaSL9omAOPF24ZtoZ5hI_Q,@AltairIbinLaahad,2025-12-08T01:23:36Z,0.4046920130525782
63151fd3674b0aab7db98991c90025a8,dQWfdEyorm8,@haha-hg6yq Sure JAN...Was this BEFORE or AFTER he was convicted for Loving Children the Wrong WAY...CAUSE Democrats STILL were accepting Epstein Donations and CALLS After he was Convicted for loving Children the Wrong WAY.,UC4uarTBoodIpuJxTYkCbfbA,@sunshinesun101,2025-12-07T20:22:57Z,0.40461062168764783
fe24a5cf27c472e77c20ea28f75cd1c7,oylbyE5Zt0Q,@stevep7713 And I thought Trump was going to come up with a plan to replace it? It's been 10 years. The only thing he has produced is feces in his trousers.,UCPuH007CQZCQssvAo1dUvTw,@WilliamBratzke-g3g,2025-12-08T01:34:12Z,0.40457009262029425
e48b57f1d963bb85beea783516fee091,RwW4UYoX19s,Those who go in will only the the pre-approved bought-media propagandists who are gonna do everything in their power to downplay and hide the truth.,UCvM0yXmxoJ4XggpAN6Mo5Cg,@led-0185,2025-12-08T01:23:22Z,0.40444549751026104
f15b0837cbeb9500e4511622a9ed5a33,dQWfdEyorm8,"It's all theater, don't trust MTG as far as you can throw her.",UCdOwrlYAPsMhiUc4eYqp67A,@mnsu4820,2025-12-07T20:13:24Z,0.40443473719759626
b2f2cdbd7dc8960ec5924309dff5181a,e478dy0CKYE,@nafet Independent.,UC22oHzXyXUuI7Dwf4swr5Iw,@davemitchell6281,2025-12-08T01:28:22Z,0.40441469102978844
bf88a753a959b7ab140829920603da0f,RwW4UYoX19s,You join TYT 10 years ago and  have 0 subs and 0  Credibility..  Troll...,UCXWab7_Nzn9ICzhSjXiS6bw,@newyorkcitythebigapple359,2025-12-08T01:17:03Z,0.404330551025874
07987dc4597005d8bead95c9cfbba996,RwW4UYoX19s,Playing the victims and killing babies,UCbhaxHRuvY-IZCu6Yii6YkQ,@JacintaPalerm,2025-12-08T01:51:03Z,0.40432989915120904
2421cf94281ad53b41442523bd9fbe6f,RwW4UYoX19s,"Look up AZAPAC it is the anti zionist pac devoted on getting zionism the fuck out of our government! Please support and spread the message, they are non partisan and help support political candidates. We need to get Israel the fuck out of our politics, they are not are allies they are leeches and are robbing the taxpayers blind.",UCVm7-Nb1eULlk08Y8mvlH9w,@Theonewhowonders92,2025-12-08T01:22:02Z,0.40426581239935544
861d21f07c15fc62fad8123ae30a21ab,rChcwSozre8,Have a look at Nancy Pelosi and her family. They are all worth millions.,UCROh_jMW6Pu3x_o0KegRV7g,@ryant2568,2025-12-08T02:43:45Z,0.40423963568799615
dda6e0c52a06858365bbe0ba64759fae,e478dy0CKYE,"📰 Sylvester Stallone, Kiss and Gloria Gaynor are among the luminaries being celebrated Sunday at the annual Kennedy Center Honors, with Donald Trump hosting the show, the first time a president will command the stage instead of sitting in an Opera House box.

Since returning to office in January, Trump has made the John F. Kennedy Center for the Performing Arts, which is named after a Democratic predecessor, a touchstone in a broader attack against what he has lambasted as “woke” anti-American culture.",UCht1jH3Kf6RPM9dFyiVTFJw,@cashaeleatemla,2025-12-08T00:35:39Z,0.40421688693029567
d09b90d36a5a27ad793921b99bc07962,oylbyE5Zt0Q,"In the USA, greed is the driving force behind everything. Just as your politics are increasingly polarised, so are your econimics skewed in favour of corporations and the wealthy. The majority of americans would be better off with socialism. But most americans have been programmed to reflexively equate socialism with communism. And right now, the USA is a dictatorship. You are so fucked people. Half of you are aware and the other half are brainwashed.",UCty0KKpJtvbSz1tmZdzuRRw,@sr.gateau,2025-12-08T02:43:55Z,0.404158958184319
cf46f85303d3aed47bcf3e57b59a520c,e478dy0CKYE,"BOO! 

How many people attended? How many people booed him? He probably stacked the audience with all of his racist,  fascist,  MAGGOT MORON, sycophants. 

This is the KENNEDY CENTER, NOT the melanoma trump center.

Trump's renovations appear to consist of tearing buildings down and rebuilding them with fake gold and other garbage. 

😂😂😂😂",UCzJFlvyDL2lIm6nYRWymn8g,@bluesky6361,2025-12-08T02:29:34Z,0.40411637132377126
08e381f384c2f004233051c463c54a93,RwW4UYoX19s,You left off all the Palestinian children Israel killed each year prior to Oct 7 2023 in both Gaza and West Bank. You know the 2yr olds they shoot whilst they  eat dinner with their family,UCofkHd1QYiQjI58NWsHHu-A,@kohia38,2025-12-08T01:58:36Z,0.40409416392104713
7fed0cec06a7f8185f5a1670c99859f8,rChcwSozre8,"Nah, the spin on here is real. You know they are lying. You just want a one-sided point of view.",UCxm1uq58gOhHKy_4Onhj9ww,@rickgrims-qy3jq,2025-12-08T02:23:13Z,0.4040729130040502
71baee3ec25e22445920951de526372e,RwW4UYoX19s,If you don't believe in JESUS ANSWER ME THIS QHY ARE CHRISTIANS BEING CRUSHED EVERYWHERE. AND NO MEDIA NO WORLD ORGANIZATION  IS RECOGNIZED THE GREASTES DESTRUCTION OF LIFE IN HISTORY CANADA MADE IT LEAGL FOR KUDS TO COMIT SUCIDE IN IN THE UK ITS ILLEGAL TO PRAY IN YOUR MIND AND THEY HAVE DIGITAL ID YOU CANT BUY SELL OR TRADE WITHOUT IT. DEARBORN HAS SHAREIA LAW WHERE CHILDREN CAN BE RAPED AND IMCEST IS COMMEN. ABORTION  HAS BECOME NORMALIZED AND HELD AS AN HONOR. CHILD SACRIFICE HAS ALWAYS BROGHT DESTRUCTION TO THE CIVILISATION INVOVED. KINGS AND PREASADENT HAVE ALWAYS DONE THIS. 😢,UCF2-wL_hHRb9XE9E7e_d3eA,@FreeWVson,2025-12-08T01:20:39Z,0.40404518729030603
a5aa10030ed90d40c75fa89ae69e8856,e478dy0CKYE,"The MOMENT, he has a chance to SIT ..... SOME TYPE of #benthead or #leaninghead TRYING TO GO TO SL😴😴P",UCXt9cmCBWpP9QN1FcL7RZMg,@desireeburton3923,2025-12-08T01:41:12Z,0.40360570223949627
88011e52ca017abe198c03e1d56ab914,KjYSHrFkGrU,Why isn’t CNN covering the $1Billion+ fraud uncovered in Minnesota?,UCmcqtm15d4QY55vd_uPuQCQ,@A417C,2025-12-08T00:25:57Z,0.4035273330149355
0bc430b3d0fa1f1da1b0d3ef8527412d,RwW4UYoX19s,$18 million per day?  Facts: the US gov. borrows some $50 million PER DAY to give to these demons to do their unspeakable acts. And you are 180 degrees off (that means DEAD wrong) about the US ''using'' Israel. The US is an occupied colony and sacrifice zone for the Likudnik extremists and their US operatives and infiltrators. Seems like every word you speak is false. Makes me think you are one of them.,UCnSKrl0EpkITwuQQvmqkA0g,@meetontheledge1380,2025-12-08T02:26:42Z,0.4033470075797772
e359620c1fecd5142c0f0345ef5b4a84,RwW4UYoX19s,"Either you’re trolling or you’re not listening or, most likely, you don’t think Palestinian lives have much value so you don’t care what Israel does to them (and btw, _tens of thousands_ of them are children).",UCZqfb5sh9B_1MQDdOPLaLKg,@lisaaspland,2025-12-08T01:26:01Z,0.40332003843481967
0868ba727baf9f06dd7b5dcecae4a8a8,oylbyE5Zt0Q,Scott got all scrunchie-faced because he wasn't politically aware when Obama adopted the Romney health plan . . .,UCwKEA2u2esSxf5LM1IzZT9Q,@leomuzzy6554,2025-12-08T02:08:00Z,0.40323883011394773
018f034f3673655189f59b47b59d062a,dQWfdEyorm8,Because the woman who brought up the lawsuit is a looney,UCUupLaUSLLLaePHXrK3YJVQ,@texasbob2528,2025-12-07T20:20:25Z,0.4031412407703008
650fddd4f928b568c8c6d72fbf5f853c,RwW4UYoX19s,Christian Genocide seems to be ok with Christians?,UCOjxpYAURcMhb-uQ5nSfXCw,@gerardlabrecque6175,2025-12-07T23:49:31Z,0.403110554793626
3ad49f77f07eaee8f40496b49ecf93d2,dQWfdEyorm8,Thank you for continuing to shed light on the Israeli connection which the mainstream media avoid touching,UCs7D-BYhHQ4V6MNUVea6ixQ,@adamishaw,2025-12-07T20:17:03Z,0.4030998312350763
a0d363e5f6dc5ea520bff2265a297e25,RwW4UYoX19s,Who  says so? Israel does not report to Anna and cenky,UCFiTWoP8hrbLFfeLVnI_esg,@GregKiha,2025-12-07T23:49:18Z,0.40273793214180365
aec69f260bebc942658fe88e87e2d268,e478dy0CKYE,"This corrupt Dictator takes over and screws everything up Kennedy Center losing $, costs are way up, and next health care costs will double - his makeup is dripping again 🤮",UCqJDXsUW2OmT9kUIy6aJJPg,@kjmax68,2025-12-08T00:35:00Z,0.40270519414078765
b86ee6865fae5a394875adc27bb57e29,oylbyE5Zt0Q,"20,000,000 illegals get everything free",UCWjVrEuj6j1Chqmxon51d4A,@Bob-bb3ur,2025-12-08T02:34:53Z,0.4026267257636146
2101918d60e2583079117ae828330a39,dQWfdEyorm8,eh..eh,UCUn38O3kzCbhafs8FfsM7_A,@David-p9p1z,2025-12-07T20:03:32Z,0.40261921870784095
477c10c28c9b73d5bbf21463f474eb79,RwW4UYoX19s,"The late Queen Elizabeth believed every Israeli was ""either a terrorist or a son of a terrorist"" and refused to allow Israeli officials into Buckingham Palace, former Israeli president Reuven Rivlin has said.
American politicians however, licks their boots.",UCdXQH08wjFiG0w8Yy8UdEIA,@johnymiller-c9f,2025-12-07T23:57:35Z,0.40251866803366776
7245fd417cd8f51dad731f25540ff6ea,t15c3-pYSYo,@JaMill10686 Try paying attention and you wouldn't ask such ridiculous questions.,UC_2G-uSo2ZpRHMgXlRzAxIA,@Based_Clear_Vision,2025-12-08T00:50:46Z,0.4024806996690296
cd12767a79829e579c33277209a76760,OJA6cZEjA-I,"Is the ICE blitz overkill? Absolutely. And are some innocent people getting caught up in it? Absolutely.
But you can't argue with the results.
According to the Council on Criminal Justice Mid-Year 2025 Update, crime is down overall by ~17%.
Deaths from drug overdoses are also down by ~30% according to the CDC and backed up by local state data.
Do you think these numbers are just a coincidence? Trump is doing exactly what he said he would do: He is making our streets safer.",UCROh_jMW6Pu3x_o0KegRV7g,@ryant2568,2025-12-08T02:55:37Z,0.40246723955480657
810dabee7f32d9102ff244b277606489,e478dy0CKYE,Twilight Zone,UCVpl-rVcj-MiA92KtDENiVw,@halfdeadedlifereturningwit3420,2025-12-08T01:07:05Z,0.4023663920726201
b08df6611041d4c76ffc51d0f862f709,oylbyE5Zt0Q,Had the dems not shut down the government they would have time to work this out.,UCXbqsvPZdwsu6FJEnN-tpmA,@tman46544,2025-12-08T01:34:36Z,0.40228491621638884
d694c6e5085d73eff83342dfdc7f26c2,RwW4UYoX19s,TYT will soon be reporting on the invasion of Iraq as if it were breaking news😂,UCa-JZck_6JsCWBcqL1W9cKg,@reginaldowen4346,2025-12-08T01:17:44Z,0.40215550679972134
c4d269b5df2045ffff9a915081b77910,RwW4UYoX19s,How could Gaza be a terror state if they won't allow it to be a state?,UCFbKDY_WMLFAVqDZmTcjQKQ,@kirbiliusclausius,2025-12-07T23:49:40Z,0.40199870966697404
cf91f04fe64dc9327a1134790dfc81db,RwW4UYoX19s,"more propaganda from tyt, warzones often turn to rubble ,only have to look at history",UCiReaz_6crGlCVTN1Snd2_Q,@ozzmundo5095,2025-12-08T00:09:45Z,0.4019648489070813
ccd56e96de6c5225b1993000d1fc7c6e,KjYSHrFkGrU,"lol she is a nice piece of as. I respond to hate based psychological warfare, with hate. Because it's proportional to the cause. You have a great body, thanks for sharing it.",UCbsEhKJs5XToI4ayy_E2tjg,@NicholasWilliams-x9m,2025-12-07T22:43:56Z,0.4019389525318474
e7e1ea1a7f6e7bf5214c18c06143317b,dQWfdEyorm8,Repost🤔😳,UC21GfJ78xTO9yoQ20DuaQPg,@stevenjezyk9435,2025-12-07T22:22:49Z,0.4019087817620247
3c4414f8707f3bc365d6c51b413a7709,dQWfdEyorm8,"Cenk and Ana call out both sides equally, which is something most other outlets do not do!  Its called doing news/journalism, something that Fox, CNN, MSNBC, CBS etc dont do!  Trumps admin is in charge so thats exactly who they should be reporting on.",UCaQ9JpylccGt1EtSoRGJ13Q,@michaelfitzgerald5207,2025-12-07T22:17:02Z,0.4018782124039455
4dd164a6d23759ff2698bc6c1cde43df,dQWfdEyorm8,They spent years modifying those files would have been credible if released at time of arrest or earlier as to maintain integrity of information,UCm7IW_rwlNAzl995C2NetXQ,@alvingiesbrecht5888,2025-12-07T20:40:16Z,0.4017922943417309
883a77ada3b27be55c7057bd7c50c02a,RwW4UYoX19s,Didn’t Israel kill negotiators last year ?  I wonder if that will be included in their taking points,UC091JGH6HWzjw5UWTKlSURw,@DawnEOliv,2025-12-08T01:24:23Z,0.40177866540556084
a4c77492dac091401baf2b287b0624ea,e478dy0CKYE,Participation trophy president,UCMXCe7S42Ui-n-FEmAQaQlQ,@DeepCFishin,2025-12-08T01:27:37Z,0.40177493215030236
05be820047f19d7e50ad4ae11d81c7fb,dQWfdEyorm8,How convient you won't hold the Democrats accountable,UCQcqhXRAyYkCrG0Si4Hqi5A,@jaime2049,2025-12-07T22:16:54Z,0.40165255485552764
cd8ba0f4242ebc94ffc14f2e811d907c,RwW4UYoX19s,Its funny. We shall punish them accordingly.,UC_gXODE1YL2uWMSTqJooeWg,@StupidGuy-z6v,2025-12-08T01:33:03Z,0.40164837168373335
400c8418789db13b82f8a1a4edefdf92,5tvOpAe46IY,Bro they already have a plan in place .. it's unfold in real time. The Big war is going to assist in this as a tool and push the Odinism. It's happening in Oklahoma and other states. I've been saying this . Then it will be what kind of human are u. That's is next after. The what kinda Christianity are u .. ... Odinism,UCQleA2xbKRySxVxvpA07gNw,@renesalinas.safety,2025-12-07T21:41:48Z,0.4015449687569038
a1d5d926875b79d51037aa9d6b1442a9,oylbyE5Zt0Q,@timothyburns2081 GOP doesn’t have a mandate to fix dumb Stalinist policies.,UCSzfruIYTMmQWRhsJ8X1IaA,@arudiga,2025-12-08T01:56:34Z,0.40142493214473557
48161e714e534b075bcaf8e055093b51,RwW4UYoX19s,@mamaduntoldu7065  Exactly.,UC2z0Y51u1ubvU65Gal2fr3A,@msimons7440,2025-12-08T01:12:45Z,0.40139691067513134
8a1afb0779578aa1a7a4081627430992,rChcwSozre8,Enjoying the secure borders?,UCqHp3k1fQiqW0GSWM_x2nZw,@danielmackay8099,2025-12-08T02:23:22Z,0.40120811556039876
3495bf695aa74ab13f8ba6199f9e8556,RwW4UYoX19s,Where the double tap investigación they promised months ago?,UCpYE4nZTomMsBMojSEur0iw,@jacobp1031.2,2025-12-07T22:03:06Z,0.40111341186246097
be1815162ce7af4ea849af5ffe423c3b,dQWfdEyorm8,Did they erased any important names?,UCuX1RVGmcFuXNN7m4be_97Q,@aidazepeda6030,2025-12-07T20:05:37Z,0.40108653244877085
71e5425224a21b3c31a5ae61e588f0fe,RwW4UYoX19s,death to palestine. long live israel,UCb-cSqtEQA4nXO7oTVFnilQ,@mrTRAFFICANTE,2025-12-07T23:50:57Z,0.40101682245878106
2f4c0d49731e7e52822e6ff2b7294d30,t15c3-pYSYo,"Lt. Colonel Anthony Aguilar told everyone this, what, 2 months ago? I s’pose no one listened? Just debated and questioned when he came forward, but he had receipts. And what? Like “they” wouldn’t try and defame him? It took a moment to research their claims and discover their lack of merit. He was a 25 year veteran commander who was discharged with special honors. People questioned him and why he didn’t do something, anything, when those who came before him just looked and then looked away. He stayed, took photos and videos. Collected evidence that our government did nothing with. He’s still out there saying this.",UCq2o1J5icRQN2PVhLxdvBEw,@stevtorger,2025-12-08T02:37:47Z,0.4009245551461639
813640601c23a4f4d686681599b061a3,rChcwSozre8,"@muttinoftruthDude, you’re homeless and eat cat food.",UCgBrTYJJH5aX4wo6z9FL8PA,@FogHat-TapSnapOrNap,2025-12-08T02:17:04Z,0.40079151227652227
b5139f1c90b5140237cde83d84280825,dQWfdEyorm8,So do I sounds like old news,UCgaxZ1MSQ7DJnvM2TfQBgsg,@bertveenema7732,2025-12-07T20:22:14Z,0.40077121361410784
05c7008b31f3ecd192efaa80d5852a0c,oylbyE5Zt0Q,Relax guys! They pinky promised they would negotiate 😂,UCqHrqTAUXJZ_RAEiqCFvq7Q,@moonkey537,2025-12-08T01:17:37Z,0.40071527258316053
4fb767d78e6885613e667c9c7646ceab,oylbyE5Zt0Q,"Healthcare will never be affordable until the the systems inflationary policies are brought to a halt !  What doctors and hospitals charge for their services is , and has been out of control for years !",UC7xS_FnH1hfz2Vzwpt8BS7Q,@Gandalf51,2025-12-08T01:30:53Z,0.40070375922969304
ae798f85577243efdd9b685454ad647a,5tvOpAe46IY,"@juanwilliams3423 Beat me to it. And we haven't even seen the full effect of his destruction. He continues to arrest our cheap labor workforce. He continues to alienate our trade partners. And he continues to gut the agencies and regulations that protect our fragile economy. The effects of those horrific policies take a while to kick in, but they are coming.

And STILL the Republicans in Congress sit on their hands. Even if all those policies were reversed tomorrow, their effect would still negatively impact our economy for quite some time. And the repair period would take much longer. My guess is the economy will still be bottoming out come midterms.

It remains to be seen if the Republicans are going to be able to cheat enough to counteract that. Their problem now is that, historically, they have been cheating and gerrymandering so much, for decades, there's not a whole lot of room left to cheat much more.",UCFAxY7BM6FHVpjXUnAYqlng,@MarkTubeG,2025-12-08T01:40:34Z,0.40061921568326253
11f7aca8b69164b9872db255c5795b01,RwW4UYoX19s,Bye  bye jack hit the road,UCXWab7_Nzn9ICzhSjXiS6bw,@newyorkcitythebigapple359,2025-12-08T01:18:21Z,0.40056768679059207
4a4592425a090a2eb1a2b742bac0303b,dQWfdEyorm8,Same here l came like “Flash” to the comments,UC1QjBbiFdoaP_ShTrMoo7Sw,@kp5106,2025-12-07T20:06:35Z,0.40034703677799943
24b030991eb72b3e4e8707e87da22607,e478dy0CKYE,"Always in the thick of everything for maximum exposure,  sick of yr orange face everywhere I look.  Take a break man!",UCPFHlDxj4NRQzhV1oWRvZrQ,@moonbeam077vanderbilt7,2025-12-08T01:21:59Z,0.4003029953950734
08548913b460267e4e57ec148204a239,dQWfdEyorm8,,UCxiJ5eov2TWME4ihip7L65Q,@ShaeCloud-k9y,2025-12-07T22:19:49Z,0.4002978941961993
48db4ffc73d4e85af0dac41d81a3b042,t15c3-pYSYo,"Time for IOF soldiers to become witnesses, before they become defendants.",UCRlJUHg-KrJmGnJJiNR2sYA,@leecropper-h3p,2025-12-08T00:57:10Z,0.40027614446064946
e37a577bf3ff8578371a675fa1ec4c73,oylbyE5Zt0Q,The GOP is being owned by the Wall Street Healthcare Companies and Contributors!!!,UCQvJGoOlnlsiFYCuJUHOomw,@ThePaterfamilious,2025-12-08T01:35:08Z,0.4002642563264859
54f0e9f4a04f79d977e68404e94aeb88,dQWfdEyorm8,Pam Bondi told him he was in the files back in May...If he's not in them now then that will mean they were altered...,UC_P1tQ48flGqRts9jwyliUw,@frankmarsh1159,2025-12-07T20:37:22Z,0.4001619449138668
ad047b7a7344b1294075f09fe35ae668,dQWfdEyorm8,So how they getting out of it? Guaranteed we don't see them,UCOhn3u8AV7dsfAucq30xZBA,@helvismantus,2025-12-07T20:07:16Z,0.40005577930043357
179d45632456eee738ae604fc90248ea,RwW4UYoX19s,The story that babies were literally beheaded to the tune to the number of 49  has been proved to be a lie . It was simply propaganda to have a war and even treat  the innocent Palestinians as animals to be exterminated by vicious and cruel bombing .,UCOGZCkBq7ubRleGAIE_Im3w,@annebaartz5606,2025-12-08T00:06:02Z,0.40005377098923234
0eb9b20aceb594d29faa9a127ef72623,dQWfdEyorm8,They've had plenty of time to tamper with anything released at this point.,UCXlDy3wW23QkjeuicO_b2RA,@1011skarn,2025-12-07T20:18:30Z,0.4000534252681701
793210650d5ff0b93059b89a27188f29,RwW4UYoX19s,you are a liar  https://www.youtube.com/watch?v=qmjGdzyj5BA,UCzvVMHeLFE7_uKM3DAjtKsw,@riccardodececco4404,2025-12-08T00:09:27Z,0.3998438970752911
61b22e58c1919aabfbdfd438fa9f4468,dQWfdEyorm8,Yet no wyte devils will go to prison. The wyte man is the got d@mn devil,UCsT0_8NiceFTCDU-g1Tqe5A,@fattyhatty1291,2025-12-08T00:36:47Z,0.3998300368818388
3613171f580a98c2ad2f3b607a4e553d,oylbyE5Zt0Q,There is only one mechanism to manage healthcare costs. All representatives should have only obamacare option once they are elected.,UCAzKg4xGAnkj7dyEmoVeOMQ,@EdwardTeatch,2025-12-08T01:26:20Z,0.3998099543841148
fd49a2fbf100d408fa4aea26e32f4270,RwW4UYoX19s,death to palestine,UCb-cSqtEQA4nXO7oTVFnilQ,@mrTRAFFICANTE,2025-12-07T23:49:25Z,0.3996033196650755
21303957349777e4115c6cb51bfa500e,RwW4UYoX19s,This is what happens when you wage war on a stronger opponent!!!,UC9RM3D3ttctKRvnFJD6ETVw,@nightslasher96,2025-12-07T22:35:01Z,0.39959981851600623
fc2d28a35e283f57a901831a05d03e08,dQWfdEyorm8,"Cenk, you are ""spot on"" that this can be done again .  I've always said , this is what the Epstein files are all about .  it's symbolic of the divide between the people and the government and who is in charge .  we the American people finally put our foot down , and the congress  broke a little tiny bit .  Just a small crack.  but it was enough to blow it wide open .  yes we can do this again .  Massie, Kanna and MTG created the playbook.  it can be repeated .",UC1UPbbaBOrqhJ-bGhmwWO2g,@LaineyNotLeftNotRight,2025-12-08T01:45:13Z,0.39943781624248526
635dbeeddbab33b9886c233057f5a40a,RwW4UYoX19s,"7:25 there is no video of a prisoner being raped by Israeli guards. This is a lie if you think it’s not, please provide a link to a video with prisoners being raped by Israeli guards. I’ll save you some time because it doesn’t exist. 

Please anyone who thinks that I’m wrong and they know for a fact, a prisoner was raped… I’m speaking to you,  prove it to me by sharing the link.",UCWwEoHqshS8J22G1M6kLpTA,@82jasonbyrd,2025-12-07T23:48:13Z,0.3994328163182191
081bcbc3277aed1df213808fb043751f,e478dy0CKYE,I hope Gene Simmons and Sly Stallone like tater tots and chicken nuggets.,UCDUJnGevGUHE3vMzZHhhusw,@antihero5203,2025-12-08T01:24:49Z,0.3994203896736132
3578fc9405ecfc4f21ebeb5a38bdf561,dQWfdEyorm8,This episode is over 2 weeks old. Why is it marked as uploaded just 13 minutes ago?,UC4Xvl4RZLT7y5ttTvOEvHsg,@charliemcgrain,2025-12-07T20:14:41Z,0.39939795144522805
9f99ba39dc4122ecf32bfaaeda4e5d3a,e478dy0CKYE,Wait until Trump supporters find out the 2020 election wasn't stolen and they've been deceived for the last 5 years. Their minds are going to explode,UC6NOihAZ8N4s5daUf6kPCRw,@DHITTZ03,2025-12-08T02:27:43Z,0.39924874416086753
04f51bbfc3376e2fd18a7a3ffd008421,RwW4UYoX19s,The Israelis have loads of special scholarships and programs to advance Palestinians in their country? Somehow I doubt that,UCpHWAIqqpVRWvLDlaSWIibg,@WQuantrill,2025-12-08T00:27:36Z,0.39896601471524484
aba7636652f2684fe9176f241530dbe3,KjYSHrFkGrU,"💤💤💤💤💤
This is you when you wake up
😫💦💦💦💦",UCHgp8gG_UIfF-qHiqb5QteQ,@planecrazy6039,2025-12-08T00:19:33Z,0.39889298768771747
4d76956ef1473d44f1f17d30dc771089,RwW4UYoX19s,"@markjohnson4053  I watched a YT channel yesterday on which Hillary Clinton claimed there was no genocide in Gaza, and only the uneducated believe there is....because of Tiktok.",UC2z0Y51u1ubvU65Gal2fr3A,@msimons7440,2025-12-08T01:08:36Z,0.3988787214216337
3826141dde98ef1ecc7540ad3bec8abf,oylbyE5Zt0Q,The solution is very simple. Follow the money and make the people pay who are getting rich off of us being unwell.,UCRT817aaVgXP3cWlxAq-_iQ,@wiz_kid,2025-12-08T01:59:51Z,0.3988262457317238
c8de1e92ba69ef6b77ac2e171613e535,rChcwSozre8,In 2016 i said that trump would never be held accountable for his actions. Ever. Period. I also said that i would eat my own d!ck live on utube if he was ever jailed and made to wear a prison jumpsuit. It will never happen. Ever. The rich and powerful are above the law,UCm7pi-p7E7hHRjcTMKsuhAA,@coloradomushman,2025-12-08T02:32:32Z,0.39874361741654907
222cfe82a4808d58878a96ed08ae1e67,dQWfdEyorm8,Let’s tell the truth. How hard is it? It must be what people do!,UC8qUkYUjQeCZe9yYwZx9oZA,@deborahilyia1125,2025-12-07T21:16:57Z,0.39868803370991224
64f3f0eb60c2a403894902bd2ca1eb74,dQWfdEyorm8,Ana you can't forget the financial crimes and their involvement in the 2008 Financial crisis.,UC6zozvFp0L9il1OwPWdrQpA,@TheTruthFollows,2025-12-07T20:23:31Z,0.3986189790422203
cf81dcd5decc3f7b7a51b4e190344256,dQWfdEyorm8,its old nov 18,UCm_0MDty0yjXSGetUPW7dpA,@pauldevincenti9427,2025-12-07T23:01:26Z,0.3985956179686237
c7d10126a5ede276487a9e3c2b1980f6,RwW4UYoX19s,"if you’re not a bot or a dumba$$, you’re probably ben shapiro, randy fein or mark levin.",UCT3IhkDG9rou9d8e-vsPudQ,@cathirichardson5919,2025-12-08T02:00:10Z,0.3985674929780364
21687075387b6d7fbe5e6333abae5234,NEVp5tO6Xik,what country is this,UCXZ20uBLhsd_jNRSV24t0gA,@EthanWells-g6n,2025-12-08T00:08:24Z,0.39856265275927916
da6d6f368df3c3482b4a927fa73174f4,dQWfdEyorm8,"I have never once seen you complain when Joe Biden had his Easter Bunny to lead him around,,😮",UCBXGJIoB8tU7QElqDFVOClw,@Nationalfruitcakeoutlet,2025-12-07T22:12:39Z,0.3985437788363966
31443959779ae279974590f560f1ef01,oylbyE5Zt0Q,How many Canadians live in New Jersey ?,UC22oHzXyXUuI7Dwf4swr5Iw,@davemitchell6281,2025-12-08T01:49:31Z,0.39853181994588316
4c22d61c379aa33d007de95523909b0e,e478dy0CKYE,​@SupremeWin777-7can't be jealous of something fake.,UCWwFWL0EQ8uBSsRg29YPFTg,@ThisGuyAgain-w5s,2025-12-08T01:09:42Z,0.3984942897646103
555fd57d39771a2b4cecb3e8ffdc5c47,KjYSHrFkGrU,Whats a woman???,UCoOJg6dZZvzCEeFUj7ECQCg,@DaveSchultzXXL,2025-12-08T00:23:36Z,0.3984897143255507
3a93d2121e847f1a7d23708889f95974,dQWfdEyorm8,"The American people are good people. They are the JURY who will draw the right conclusions as to the innocence of the names that  get revealed.

Plus there is a pretty good court system that has withstood the slings and arrows of toxic politicization",UCkJykaPiPrgp8bD-QkvmTPg,@Wil0ftheWisp,2025-12-07T20:27:11Z,0.3983910380712161
078728e61f1562dcb6bf857e97491922,RwW4UYoX19s,not only buildings but bulldozed cemeteries and destroyed monuments,UCwMaQ8wOZK9YW-l_2c_f9ng,@D1NK0Z,2025-12-08T02:21:38Z,0.3981676038398224
833b2540602c9380f7dfa3b1c95680b7,t15c3-pYSYo,@iq-ride9329 Come on! When did you stop thinking for yourself?🤣,UC_2G-uSo2ZpRHMgXlRzAxIA,@Based_Clear_Vision,2025-12-08T00:56:32Z,0.39805626223307405
4ed3b7a3ddab0d949ec977e271cca210,e478dy0CKYE,Lol. Cute.  Guy couldn't manage an Applebee's,UCqH3dRI2uToFgNiA5uJ9aVA,@adrianl7147,2025-12-08T00:36:49Z,0.3979060292546875
dc74abd2bbfaaa86baf0f6b39203f8b3,5tvOpAe46IY,"I blame Joe Biden!!!!  He wrecked the economy so bad, its taking time for the tariff to fix it.",UCJ_3ukM312oalP1pLAhgyYQ,@M3SSIAH-69,2025-12-08T01:40:48Z,0.3978796287759958
706f3576ce1e95b03faac8a5578a6acc,s2EXTCAFPKA,"At least in my lifetime, and that is saying a lot after Biden.",UCtNrbhjU0FAlvTDVymotxMw,@debbiebeatty8449,2025-12-07T19:09:48Z,0.39768224611783326
398054f7af2ea2ecc65bc5b51755da62,OJA6cZEjA-I,"Nope Trump is enforcing immigration laws that Congress passed. Hes well within his authority as President.
Biden and democrats created this problem by flooding our country with illegal alien criminals. Were cleaning up the huge mess they created.",UCESO19C9hOtMi_KT9OFxmgg,@colincrawford624,2025-12-08T02:55:24Z,0.39766774578607006
4a4026c7de8daacaa7779b3c3ba7d115,RwW4UYoX19s,"Yes - because 90% of the planet despises you. 
TickTock, MFer.",UCTsigr3QyikGfL0pbRDLtlw,@megand8746,2025-12-07T22:46:15Z,0.3975539608819556
a922d0ef459246df28862a2c05f649a6,KjYSHrFkGrU,@User-q9m1mhe is telling the truth though,UCPvj9PV-kyDW0ulJP0z2gXA,@misstrixy3408,2025-12-08T02:29:38Z,0.39751903532306126
8ec001f66561b948c6f94d4e3ed43127,RwW4UYoX19s,There is no sense in what Anna the propagandist is alleging,UCFiTWoP8hrbLFfeLVnI_esg,@GregKiha,2025-12-07T23:55:10Z,0.3975176036909654
c5949cea42a1b5fa452d4182cd580ae7,RwW4UYoX19s,There days of Ipunity are coming to a end,UC-TbK4tM0HavUGKMCcqVNFw,@fqs1393,2025-12-08T00:53:02Z,0.39741783374703726
115728b149462d8f183b9fe543ee7355,dQWfdEyorm8,And JUSTICE for those girls.,UClD0pO84GAaM9veZQwIoGtQ,@mikeabma5875,2025-12-07T22:40:24Z,0.3973734055269578
b0272b601e150b1891ca4ef7ebfc4b98,dQWfdEyorm8,"socialism kommisar, rules for thee but not for me",UCkm9GMqCwW3ZmZO1ppM35Eg,@HaamSoloo,2025-12-08T00:32:16Z,0.39723530155143444
2735482e1ba10beb0a023488be329a14,5tvOpAe46IY,"Remember when Trump said he would lower grocery prices on Day One?
He didn't.",UCCYwoTopj73Dt7GCWQ2FDSg,@TenthCrane2788,2025-12-07T21:15:48Z,0.39721565958394134
07dbe21c006e463ca8c9de7b373ec62a,RwW4UYoX19s,Trolls are all over - ready to accuse anybody who faults the IDF as antisemites.,UCOZvznrOWTuhE2fyFnK20wA,@michardav,2025-12-07T23:43:59Z,0.3972018633332227
a5aec6693f4d28dce8b5ca474c6f459b,e478dy0CKYE,"Poor thing can barely speak English, otherwise she would never steal the speech from Michelle Obama.
Never forget!😅


​",UCwHi44RMhCcw6eqtpGpOhFg,@irinafrye9031,2025-12-08T01:24:42Z,0.39717535104968726
d0b1482714fce3a040c48b8cee2a80ad,t15c3-pYSYo,Didn't she refuse to never set foot on Israeli soil?,UCYQWcUVh5TZDHP7kF4r6CRw,@sheldonscott4037,2025-12-08T00:32:58Z,0.3969337137662353
6e7476af5c0365da9c753cbfb8c7dd50,RwW4UYoX19s,Keep it down fukya 😂,UCZI0EnpmpmUUL_TP18AcHlA,@TinaB123-i8i,2025-12-08T00:32:27Z,0.39674934013686936
524daedfe7172a0cb5af316e4f606be3,RwW4UYoX19s,They have bulldozing and burying the evidence. They will blame everyone but themselves. And still escorted tours ? Where is the freedom of the press?,UC8x5GvRORUhWiWM-b-_kRgg,@BeautyBelldoogosupreme,2025-12-08T00:12:38Z,0.396722920652012
de2441bfdb2a806ac80daf0d57bab448,RwW4UYoX19s,Why would they need a propaganda war unless they knew their own guilt?,UCfR8jz1cXHso8wyO3DSzibw,@castlebravo15mt,2025-12-08T01:42:56Z,0.39671100862345776
cb2eb0360ef24788af3b61c16b4897f3,RwW4UYoX19s,Why would Hamas use human shields? They know that the Israelis shoot everything that moves! What good would a woman hostage or child be? The Israeli snipers use them for target practice!,UCYUS3EwNOGhMqpu5QSDYYGg,@rick4electric,2025-12-08T00:09:54Z,0.3967030645528191
f718d6e98b0942e089305d05f0838d82,rChcwSozre8,It stops at George Soros,UCiu5i_eARJZeyKBLie8BXxw,@stevebeegreat,2025-12-08T02:26:02Z,0.39669235941115993
97402368f6c77c0c6f2ba843c99c6a3c,dQWfdEyorm8,That's olddd,UCiCIuchZKiEjtEr9RMTuJwg,@RafaelLopez-hr1mv,2025-12-07T22:10:36Z,0.39664338893036066
e843f7a9bd279df95811309742224163,t15c3-pYSYo,🐖💩🇵🇸,UCfb18QpKSI35yX2S_bVgvKw,@breakingthisdown,2025-12-08T01:51:33Z,0.39644306427794634
282814f687c237c37bb7386eab571c42,RwW4UYoX19s,TYT has a huge crush on Israel 😂,UCyvhXE5Bz2aBgu8iy61A81g,@990mustang,2025-12-08T01:48:39Z,0.39637110868032577
c42dbbaf68d0348ab85790ee2c57251e,e478dy0CKYE,Not till he’s gone,UCfEjwTvNuu3ShrdMu30tIsQ,@camdennorris646,2025-12-08T00:47:09Z,0.3963372821822906
9a10af6e19b68e510a85a65feaead551,RwW4UYoX19s,Jews cant help but be evil,UC89nI81uBfMPpkVfXTZa55A,@AdamtheRed-,2025-12-07T23:58:05Z,0.396306938806236
ce59713fd3a70f567c7fe1d2b828816b,oylbyE5Zt0Q,​@bryan805you ok?,UCeV9SiQ8ywwtk0L6d747erg,@will-f7w9p,2025-12-08T01:51:52Z,0.3961757006657737
fe24ed4664c406307db99d3e349fc0ee,RwW4UYoX19s,Shut the fuck up anna. You defended the fake Irish hobbits,UCrSpdOiDRkaSljngY0PQR5Q,@thenazgul9966,2025-12-08T01:42:05Z,0.3961244960798308
50fdcb626fcc207c2ad08001ac515da3,t15c3-pYSYo,"You have to blame Trump PERIOD, a year ago it was Biden PERIOD!",UCl3xq8Olj24-0UaOMttkoig,@healthyone100,2025-12-07T23:38:29Z,0.39602893240871834
b5ddbe68fdc690fedf95e3fa6d80ffd8,rChcwSozre8,"Distract the voters by blaming all their problems on immigrants, brown people, black people, and trans people. That's why we can't have nice things, right? Keep us fighting with other while they rob us blind and run off to the banks with all the money - our money. 

But hey, it all trickles down eventually, right? A rising tide lifts all boats, right? The rich get richer, the poor get poorer, and the middle class gets squeezed. They've been doing this to us since St. Ronald of Reagan and we continue to allow it; so we have no one to blame but ourselves.",UCwsbchIGdnkSVz45xk1kd5w,@guymontag349,2025-12-08T02:43:30Z,0.3960189417276909
2496e01b32cbe9dc4da78231cbe8517c,dQWfdEyorm8,Precisely. You'd think people would have finally figured it out. .,UCzj9BnaxUiBw3TZozzx9KrA,@HTownCharlieBrown,2025-12-07T20:39:12Z,0.39599665871678313
d1dfa1bf58a0a76c80a3a029332633fd,e478dy0CKYE,He’s never has done anything for any of us except to embarrass and shame the United States. Everything he has done is for himself! Biggest mistake in history.,UCSUkJFPrPtSK8kfs63mtmeQ,@rosemarygallagher3076,2025-12-08T02:27:28Z,0.3959811340216128
004b4eba1423d9674cb3c4a200cb0062,t15c3-pYSYo,Are you human? Did you hear what they are saying. You do know that by the fact that you heard that and you still have the nerve to reject all the horrible facts they are telling YOU are equally responsible for all these atrocities. You are just as guilty as all the murderers. Remember that when you get sick or something worse and you need to ask God for mercy!!! I wish you never get Mercy from God,UCCAj8wki3jkCgQzciDbFiFQ,@yousreyakhalil5238,2025-12-08T01:44:24Z,0.3959682406990368
f30fa8b3d5ffac9ee694d9ff40059050,RwW4UYoX19s,Then why are you here? Joke is on you for boosting 😂😂😂😂😂😂🎉😂😂😂😂,UCikmoZcYKSEvEG6M1XhGWJA,@disco7128,2025-12-08T02:21:27Z,0.39584196462683235
3b6d594b7d7e817b5926480cee1904b1,5tvOpAe46IY,Fox is weird.  They’ll lash out trump every now and then,UC5YZlvxNE9LSJVEfSEWXjag,@alphonsodesselle212,2025-12-08T02:07:44Z,0.3957688863949247
e4b721799013f3f5609dd40f97247ec9,KjYSHrFkGrU,Can't believe they still do this in 2025,UClVRaMwIzPktDPpGSsyJuLA,@johndowner2196,2025-12-08T00:19:19Z,0.39576572432801616
7ebdcc414dedca37da02d5e2b7b182dc,dQWfdEyorm8,Resigning after her term ends...which ends in weeks.,UCiDBCPLFyrp1GmonaQ9ml4Q,@RogerThatt2025,2025-12-08T00:32:30Z,0.3956298947625758
ebaf80643d03d05c7e42087b25ef5a5c,e478dy0CKYE,"No, Trump already ate them all, gold wrapping and all 🤣before he reach the car to go home.",UC25m-hK3Y2apJHXX1U4qh5Q,@innerlocus,2025-12-08T01:41:18Z,0.3956167116575998
15dfeac269b01c435244be7da1dec326,RwW4UYoX19s,"The story is clear. Israel is a stolen country, built on top of Palestine at the expense of the ethnic cleansing and subjugation of the Palestinian people.",UCvpIHt9Bb1FG2Dvkk-hhxYw,@6Untitled9,2025-12-08T01:42:47Z,0.3955455602959078
926da5aaf0256521936477a2809c894a,e478dy0CKYE,Didn't he say CBS was fake news more than once?  So this is the sycophant awards night. OK.,UC-FnktF314OIkgi4uIAS3OA,@AndrewAtwill,2025-12-08T01:26:54Z,0.39548687854168607
1240c64d86ddfca1fc12ebb0cceb2f8a,RwW4UYoX19s,@sughrasultana8951  Until that day comes your obedience is mandatory.  Bless your simple mind dear child.  For The Chosen has spoken.,UCvXffbh_Jhdac3h36xzoLHA,@Obeytime-w4i,2025-12-07T22:46:24Z,0.3954684643394526
8d702195f254b81994ade6754c5a87e5,dQWfdEyorm8,"Your not gonna include Rho Kana who worked heavily with Massie, or are your beliefs as partisan as they appear",UCDZlH02nGD5DUolDOBLp9VA,@b1gbo1-22,2025-12-07T20:59:30Z,0.39545271218604217
51ae8f62a61a78ad8532acdfd194b1dc,t15c3-pYSYo,“Indicted for their participation of fabricated misinformation for the purpose of encouraging violence against Jewish people”…. lol wtf are you talking about?,UCq1me0OCcsRlaNI6-SZq1mw,@JaMill10686,2025-12-07T23:58:11Z,0.395406585183964
e390888bd80b2639d127b1ee3d4ac8d1,dQWfdEyorm8,1000 victims??? And Melania has done nothing as a two time First Lady?? Throw her in prison with Ghislaine … what’s the difference between the two?,UC4bZTlgJTuKUiM--BdCEGrQ,@DoesItReallyMatter25,2025-12-07T22:01:08Z,0.39537183826331423
c531e8a15140096869d22ab780d7ffa4,e478dy0CKYE,Mr President looking… rotund.,UCL4qnP4C2Kppw0jdYRCGpeA,@a2soc,2025-12-08T00:55:17Z,0.395300490443228
88562e9084138d39945296e69377c9b8,dQWfdEyorm8,isreal was more involved with epstine than we have seen but we should know how much.,UC6shOOq3sM8vv9AraDIAbBQ,@stevesmith-cp7hr,2025-12-08T02:34:10Z,0.395282422871147
0c0efe214bdfe73dfb5a695b226079ea,t15c3-pYSYo,Colonisation is bad and claiming your jews is evil soooooooo 🔻AL-JAZEERA best resistance go pro in the world love from australia 🔻,UCZI0EnpmpmUUL_TP18AcHlA,@TinaB123-i8i,2025-12-08T00:30:34Z,0.39525043188092146
62388aa798dbbf392b783420e008bf83,t15c3-pYSYo,But this was going on for almost 80 years now,UCZI0EnpmpmUUL_TP18AcHlA,@TinaB123-i8i,2025-12-08T00:07:52Z,0.3952189694233176
ea4c7d5388c149c874df800315a64117,dQWfdEyorm8,">> *Eisenhower warned us*....>>>He and Kennedy were going to move the World into a peace economy instead of a war economy and we know how the Israel CIA & military-industrial complex took care of that💥💥
**>The $190, 000 000,000.00 they launched through Ukraine could help all Americans hooked on drugs, and ended homelessness 💯",UCz2O2oQ81NbGahInpXfMIIQ,@h.h.3102,2025-12-07T23:00:15Z,0.39521895994943046
18c46280c6eaf5bfbcf834542c5c6617,RwW4UYoX19s,"The smell of the dead innocents will NEVER leave that place. They can turn all the mass graves where they hid the evidence into parking lots, plant trees, put up luxury resorts-but anyone who goes to that place for any reason other than to grieve is DAMNED and will not sleep at night.",UCnSKrl0EpkITwuQQvmqkA0g,@meetontheledge1380,2025-12-08T01:50:54Z,0.39520969594290223
d84fa481ab6474791072049a1dc55bd5,dQWfdEyorm8,So now can we all recognize that the Rothchild’s are behind all of this deviousness and stop with the bullshit conspiracy theory claims that this family are philanthropists and not the backbone of evil in this world?,UCydGk6yOTwCKHtx6vvL9cig,@robertbrown8317,2025-12-07T20:50:57Z,0.3951629406704704
d58e65abbc44a09fdf925782c7912fae,s2EXTCAFPKA,That guy shouldn't be near the position of power.,UCCi0C_1-e-1cRbHPW82wYvQ,@jesusk1358,2025-12-07T19:52:17Z,0.39493560772499403
142dae9f735a9eb8ea96485c58bef28f,t15c3-pYSYo,Image how much they've been covering up with all the construction equipment they've brought in..... Just like they did in the 40s and 50s.,UCzj9BnaxUiBw3TZozzx9KrA,@HTownCharlieBrown,2025-12-08T00:17:00Z,0.39493127109862863
be0448d60de901e6ad6edac1a40161ed,dQWfdEyorm8,They just voted to release. They still haven't been released yet. Nothing has changed.,UCF6BoRKIp9-8Q4eMhSTmO1Q,@greglr19751,2025-12-07T20:28:00Z,0.3949208863351478
49c4891110ceb3583fe4e13ece53762f,RwW4UYoX19s,Main stream media has a problem their subscribers will be less than other media that allows people to see what is really happening and decide what is morally right and wrong good bye CNN /MSBNC / CNBC and the New York times the days of smoke and mirrors are gone the evidence is plain to see,UCPliUnH9K1r2Ua8Ru6is_qg,@Harry-ji7sn,2025-12-07T23:22:15Z,0.39491788370658654
888553f24bcd0a0db05708ad6c12c5a0,e478dy0CKYE,Why hasn't CNN mentioned Pearl Harbor Day?,UCaUltBFwedl5bkFNmkaX0Cg,@nowwhat9114,2025-12-08T01:15:51Z,0.39473806752238083
9616b0772b361b3e56a920c0cfb47715,rChcwSozre8,"Hegseth is Trump's executioner. 
😸",UCupC0GKAnfAYgwqynEmb5Lw,@b.t.2795,2025-12-08T02:18:49Z,0.39466077602017235
992e0450857ffd7dce5357f6375ce276,RwW4UYoX19s,They may kill the reporters.,UCj8zvSRZpjdb12AKve2Rj2w,@sergiochavez3769,2025-12-08T01:50:15Z,0.3946415018030726
e170589a4adcf89edb962436acd70752,e478dy0CKYE,"'' BE BEST ''

Melania tRUMP",UCIAfEDr39yoxzsMT8F1v16g,@donvonschitzinpantz,2025-12-08T01:04:41Z,0.3946042446523541
392827e7df8b02fe1a6ec574b3fa9f22,dQWfdEyorm8,I still think that they're going to release a bunch of fake stuff and claim it's the files. Watch. There will be some kind of scandal involving this whole situation,UCXSkp7ZjxXTBcgDD_t5JrzQ,@douggoins2960,2025-12-07T23:02:08Z,0.39460102649667717
995a77e628204cbc2bef833fe13366cc,RwW4UYoX19s,YOUR THE BIGGEST and MOST DUMBEST TO EVER COMMENT ON YOUTUBE FKING WEJ,UCDopCYHySZUpUoJBYA-BtGg,@pluggwalkksOcxSa,2025-12-08T02:24:52Z,0.3944825519218378
a9c8203029f417c245bd075e2c1b8ef8,oylbyE5Zt0Q,"@mikeb5664 ""Elections have consequences""  Barrack Hussein Obama",UC8SqVJZAXXm0SXhP_1G7eOQ,@BillyColeII-dr6dk,2025-12-08T01:53:56Z,0.3942245809960519
7dab6cd3ea794e19b3552851ba5293b1,oylbyE5Zt0Q,"Exactly, don't remember Obama telling us taxpayer's would have to subsidize the 'AFFORDABLE Care Act"".....was told prices would drop, you can keep your Dr....Not the Federal govt's responsibility to provide health care to begin with.",UC8SqVJZAXXm0SXhP_1G7eOQ,@BillyColeII-dr6dk,2025-12-08T01:53:26Z,0.394074844323821
11241a3ffedfd381e5c87af64686aa23,dQWfdEyorm8,Jan5!,UCYimwMx8oFM5yGNDHzikeGQ,@DonQUIETPiggy,2025-12-07T22:38:09Z,0.3940275751827259
80e2c5bacd40fad7e6d201c212407811,e478dy0CKYE,25th now this criminal,UCqUl1LdEOrlSh7SjFGIi62g,@SoulVision1111,2025-12-08T01:26:30Z,0.3940176058312276
d45a8a7e29d7f9bfe5d9ce8573793c08,RwW4UYoX19s,The world was outraged with the lie of 40 beheaded babies but became numb to the beheaded 20k babies,UCSZ-CeP52d0IApK50bqro1w,@bablumiah2062,2025-12-07T22:59:32Z,0.3939889506197476
83391953f09ce50810ade2fe83faa1cf,e478dy0CKYE,"Another Democrat who knows nothing. I'll bet you at the Kennedy center that I have full attendance tonight. 
And as you've seen on the YouTube videos the last 3 or 4 days the corruption with the federal insurance goes all the way back to Obama. 
You've got 20 states that will not submit their data on SNAP program for the federal government. Lowe's 20 states are all deep blue that's Democrat in case you're not aware. Rachel January when mandami becomes the mayor of New York City and you see how poorly it is run and out of finance they are. Welcome to democratic hell",UC2qj76e7g9tUfZLWO922hNQ,@billual,2025-12-08T00:48:11Z,0.39390862194563625
31c9c1efd7039bfb2c29fc05e9ae4ce3,RwW4UYoX19s,"Asshamed of nothing. Offended by everything. Zionism. To know who really rules over you. Simply find out who you are not allowed to criticize, Voltaire. As soon you become a critic, a enemy or not a supporter of the illegal occupier, genocidal, racist, and terrorist Israel. Automatically you become a  enemy of the United States of Israel. Those who can make us believe in absurdities. Can make us commit atrocities, Voltaire. America is ruled by Zionism. C. O.",UCmBZNB2q0RN8dOBmbENNEtA,@SamTe23,2025-12-08T01:27:45Z,0.393720350485322
ce87535ca8f70d010b7b4f5bd3652c0e,dQWfdEyorm8,Me sitting here waiting for the left to abandon & forget about this within 1 day after they discover Trump ISN'T negatively impacted. Me also sitting here happy because I'm sick to death of hearing about these damn files.,UCnQT3WDck3ZZILYMtZe7TQw,@Kronis-x,2025-12-07T20:06:46Z,0.3936001259510574
5f4cc38f7e14250fa08a054601ab8a0b,t15c3-pYSYo,Don't rush to praise CNN. Period,UC7jI5BZeb5aG0AguLCpWWIw,@knight44f,2025-12-08T01:57:22Z,0.39354106645422227
7611053a1ed84062cd39d8f81a3c202c,e478dy0CKYE,Making sure he doesn't fall over.,UCVpl-rVcj-MiA92KtDENiVw,@halfdeadedlifereturningwit3420,2025-12-08T01:06:29Z,0.3935308149518325
df0c4b5efa6256a2aa8bfeafa7a8c9bc,t15c3-pYSYo,H@m@as are the freedom fighters and good guys here. All those things you hear about how bad they are is a bunch of lies.,UCE7UTJ5L1M4XJ8y8SxtZbSQ,@omez23,2025-12-08T02:12:32Z,0.3934064138815253
3e1385effac374cef6d3ebc9a6e03ba3,rChcwSozre8,For TRUMP and MAGA … it was joe Biden and Hunter. The crime family…. What an injustice,UCNlNZk6RZ0ECq1tHCjX8VtA,@costambar3230,2025-12-08T02:05:33Z,0.3933334788392732
572e8cae1461ceb8dee814e8c3464657,NEVp5tO6Xik,who??,UCD8Ju8zS4psaUWbnqK2Kb0A,@rocketbalboa5485,2025-12-08T00:08:32Z,0.3932257368937336
df522194eeaf33adccef1924db8b5cc8,dQWfdEyorm8,Let all the Epstein connections burn to the ground it is all pure evil.,UCKlNQ8UcvwusgipEy7siN1g,@cliffordmaxwell9802,2025-12-08T00:04:57Z,0.39301321135812894
eb24fe5ac79eb79c82edc45973cfd54e,KjYSHrFkGrU,For many years a pedophile owner was involved and so many of you never complained😂,UC16XEA0194vmBskJ2Yju1XQ,@User-q9m1m,2025-12-08T01:50:15Z,0.39300247896048757
272af62e03728d7b9ec765ea380748a1,dQWfdEyorm8,And trump tried  to overturn  the 2020 election  . Death sentence?,UCer_L2MoG6LQPO5-V_LrYHw,@RR-lq3ef,2025-12-07T22:12:19Z,0.39280159757671684
2ddc9ea7fad9a33052c4c0f08b639261,KjYSHrFkGrU,"​@roninthesecond3600   Yes, all of that is directly tied into Trumpedo. If he's taken down for the files, then all of his corruption will end.",UC9SHXhJHHIvOqhIrUZHxS6w,@TelesphorosAbraxas,2025-12-07T22:43:34Z,0.39275611031890867
8cd7a5ebda5725e67da0f4fee77ff266,KjYSHrFkGrU,Gosh her english is so hard to understand 🥱 so boring,UCamQFRNnR_Wv0c_6ZK1BgLA,@rutherford5247,2025-12-08T02:02:29Z,0.3927460875306479
889c8bb6f2963a5be093ec023d653ad1,s2EXTCAFPKA,At least Jenk and Ana are not crying and yelling and spitting about Israel today.,UCjklneyws_j7GmNu-U4AZ8g,@jonnsmith180,2025-12-07T19:02:07Z,0.3927366646665591
34f2fb94f4dc52eb7b855f089f71fb7a,RwW4UYoX19s,Crimes against humanity and their own religion and the world. Blood diamonds land grab corruption all around the world,UCL_oUoBZS5NsbyRWr2dAbEQ,@richardRutter-e4l,2025-12-08T00:53:11Z,0.3927348220785126
11c363bb553e59a5a5f5e3e2d12d1eee,t15c3-pYSYo,"The vengeance belongs to God. They will ALL,,,,be held accountable,  including amer",UCXWeeA9ksZMP3dkr7dTSizw,@Vee-w2o7m,2025-12-08T00:52:04Z,0.39268145609678684
7d01fca7f466366a09b235ff7e9426ce,dQWfdEyorm8,Guys i'm not sure. Congress is a hundred percent for sale. They probably scrubbed the important people out of it.,UCNPpivi1K5mZYueXHbuMJ0A,@markbulmer5227,2025-12-07T20:47:22Z,0.3926580857697526
25774572f6c1675d31adeac71942894a,dQWfdEyorm8,"Implicated ? , you mean like ummm... Israeli's ?",UCUn38O3kzCbhafs8FfsM7_A,@David-p9p1z,2025-12-07T20:18:20Z,0.3924941659793306
ceeed4c3d563551cdc0a390c853fa0d9,RwW4UYoX19s,Isn't this a clip of an old video?,UC82FnsWYHd77fO2uh73kA_A,@CarlosPelaez-q3n,2025-12-07T23:14:14Z,0.3924438192284857
63ce8ee5abcdedd4e10517a2ec498f33,RwW4UYoX19s,​@AMa-j9w7sI think he is psychotic..,UCj5Nk9ObiucUNDhHDskeKtA,@KahinaKhando46,2025-12-07T22:42:13Z,0.392340786150314
dc0dbcb15cb6bfa7fe78d4158d7f22f4,t15c3-pYSYo,Except TYT is a propaganda network.,UC_2G-uSo2ZpRHMgXlRzAxIA,@Based_Clear_Vision,2025-12-07T23:39:17Z,0.3923208023221515
b13abd584aa47bd85956f5cbdb97b105,dQWfdEyorm8,Nothing burger. Chewing an old story over and over again to destruct people from what's really going on .,UCB3iGXPVOt1MsThlpi7aIaQ,@lelanalela7932,2025-12-07T23:49:42Z,0.3922510354579083
aac110285250564ae2eca5961adeffa0,dQWfdEyorm8,"I think I know why Biden administration didn’t release the Epstein files during his presidency. 

Back in 2020 I was listening to a podcast and the Katie Johnson case came up.   (I can’t remember the name of the podcast) 

The guest told the host that Obama and Biden knew about Trump’s involvement, but he was a presidential candidate and they didn’t want to bring it up.  
So after the investigation into Maxwell, Trump had announced he was running for president again.  So if the investigation was finished at that time, Biden wouldn’t have released the court documents if Trump’s name was involved.  (Which everyone already knew he was)",UCjmGaOq6AeO7O66-p0E7xPA,@bonniekerr4964,2025-12-07T22:51:25Z,0.3921727033577619
6b8e5f6c0f75a94ab2b34af51e900502,DMrclXpeGN4,"I swear to god this technocrats are just trying to find the most financially viable way to fug over humanity. Pure evil shid right here disguised as fun.
This will either become a) soldiers to take out other countries including USA  b) police force to suppress civilians c) just flat out Skynet.

Yay us.",UCcG7WQTNkf2FwuaJmKqbLBA,@dwk_1987,2025-12-08T04:19:05Z,0.3920543092130024
0a295147cd0feeaa62fb800e4cade9e1,e478dy0CKYE,Yep an wont be watching he ruined it all,UCqRr29xfpBr6L2v5HaA_iaw,@Rmk4luv61,2025-12-08T00:46:29Z,0.39205087699147045
ea9facc6f1087d4475f3957a0da27d6e,t15c3-pYSYo,​@jasonshytle7690 hay zionest arnt jews there fukin nazies.😑 thats not a joke to,UCZI0EnpmpmUUL_TP18AcHlA,@TinaB123-i8i,2025-12-08T00:24:31Z,0.39199822657269756
467e6d9676452449f4ba4f650d129036,dQWfdEyorm8,You'd care about the EPSTEIN FILES if you had teenage daughters and they were getting graped by the elite.,UCvhSgkOmPjEYpgsuRwvXyxA,@kyleepryor1439,2025-12-07T21:19:25Z,0.39189153666475307
569203131abdd8db1f2dedae55a3e3c6,oylbyE5Zt0Q,In other news....the new American Dream is to leave the country.,UCPFyY0XoqxQx-n6RZMH5Ldw,@mikeb5664,2025-12-08T01:47:45Z,0.3917458283334344
09975d9bbb09c4c8d443cf977e0be85f,RwW4UYoX19s,"I have to admit that I once didn't like Ana because I fell for the whole left v right BS... Now I finally understand that it's we the little people v the demonic globalist, who push us into hating each other. Now I absolutely love Ana ☺",UCpPprqTbRKFMuhWGrBQek0g,@sterain61,2025-12-08T00:21:01Z,0.3915926045845761
a3cc493e890f49ecd900c3f36c610cd0,dQWfdEyorm8,Today is Sunday. They are out today?,UCQXGlIaxFgRqjtCR5nEDWyQ,@r3drift,2025-12-07T21:51:57Z,0.39155459702974715
83264d93d57c52c79d5d508930c89138,e478dy0CKYE,😂😂😂,UCeGaYSWw66ydETLSLB71xIQ,@Butterymales-t7u,2025-12-08T01:23:55Z,0.3915091929179191
87fd17d93659a5f7eb7e80fdbc976a59,RwW4UYoX19s,The world doesn’t care about Palestinians. We have bigger problems than some beggars in the desert.,UClynSvCAOfk8Un3xSYJ7t6w,@sayjustwordstome,2025-12-07T23:38:03Z,0.39125884641342523
0f47d7c536a4a4106ee5d59266683839,5tvOpAe46IY,Biden ruined my scrambled eggs. BLARRRGGGHH!! 😅,UCNbrSNp3UjyEj5HKS-LSlEA,@GG-id1ii,2025-12-07T23:52:52Z,0.3911624826962685
217de4ae9682d75e59049bb2bc61703e,dQWfdEyorm8,Good get lost....,UCdzDjTbr8EBGrqV2a04O0gg,@danrode104,2025-12-07T22:18:50Z,0.3910577037548979
cffd0fab06b30c57f74d43d7ccf66eac,rChcwSozre8,How many gallons of liberal tears does it take to swallow trumps doo doo,UCDd6iBm3SlBUMw2nJx9gtsw,@GaryJones-n1l,2025-12-08T02:19:26Z,0.39089604607953166
73fedeff3527b1a2f3b3c839979750c5,t15c3-pYSYo,"Salute to the brave men and women of the IDF who fought so valiantly for humanity and civilization.
🇮🇱🇮🇱🇮🇱",UCcqMN88WoC4fuWikdogk6YQ,@tompriceusmc,2025-12-07T23:58:02Z,0.39076544848051875
fbac967a303d8c67bce06715540883bc,6EtReGSuvdY,"nope, they weren't tricked. they simply are hateful",UC4jGtCVMc2KWvIySIX-OCFQ,@rickmcdonald2233,2025-12-08T02:58:15Z,0.3907073609456417
f914a43b484c63e958b5df7c5ca5e46f,e478dy0CKYE,"​@rahimmajid647
NASCAR's Humanitarian of the Year",UC5_P8Lcig0WIoLL6Gw_8P-g,@badluck5647,2025-12-08T00:53:09Z,0.3905677089995298
dc652a8ab2a4ac41c4bc5655317eea7d,dQWfdEyorm8,They already spent a million dollars redacting trump’s name.,UCD3neMo1CDdmhuIqHsP4ojw,@MrDaunting1,2025-12-07T20:25:38Z,0.3905651314686611
15d260e01c537ba59ad8b04bd710c23b,RwW4UYoX19s,"They’re getting desperate. Wear it as a badge of honour, knowing you were effective.",UCZqfb5sh9B_1MQDdOPLaLKg,@lisaaspland,2025-12-08T01:22:52Z,0.390529010458488
86421eb4c100415b0d50e269ded8f92f,dQWfdEyorm8,So when does Trump and his cabinet imprison start?,UCreQqSUBm5CsY_EUr-Co9Jg,@ACZeroZero,2025-12-07T20:07:36Z,0.3905220122750794
0b1c2f08208c32b3db519b2c30e2d772,RwW4UYoX19s,The synagogue of satan  go to hell,UCXWab7_Nzn9ICzhSjXiS6bw,@newyorkcitythebigapple359,2025-12-08T01:20:52Z,0.39049916816349484
9e1678e343d953866f6aeb104d9fadef,t15c3-pYSYo,@redfoxsecurity3334 Zionist troll alert. Someone give this infant some crayons so he can be more creative and at the same time save himself from being a propaganda victim. Learn to think for yourself schmuck.,UCQQq3XCICDKs_JO5DEyz5nw,@deanm1436,2025-12-08T01:18:08Z,0.39040964142496115
aaef389715a21d4316323b5339324140,RwW4UYoX19s,@bumblingborisbuffoon6259  Until then your obedience is mandatory.  You were told. For The Chosen has spoken.,UCvXffbh_Jhdac3h36xzoLHA,@Obeytime-w4i,2025-12-07T22:53:51Z,0.3903231626720198
2c5db6a397cbde75dca6b992788567eb,e478dy0CKYE,Boycott the event!,UCbWcbfc7cvNIReM-rwYA8AA,@armandocrisostomo5926,2025-12-08T01:09:30Z,0.39021231197002376
41980ad025390b8e02c04c796d256014,RwW4UYoX19s,It's witness account,UC_gXODE1YL2uWMSTqJooeWg,@StupidGuy-z6v,2025-12-08T01:34:00Z,0.3900920027890217
ebdc08fa99b964498164f963886d2ec4,RwW4UYoX19s,israel FEAR THE TRUE.,UCoB_FFuihw8zViVePd73okA,@gretekristiansen2384,2025-12-08T01:28:25Z,0.3900261823274481
81c7b4e7c125e2c26edfc3959a5b78d2,dQWfdEyorm8,"Is anything really going to happen... no, so lets all just GO MAX",UCDYtaS4qB-FF4IQ1mGiBDyg,@lgiii9923,2025-12-07T21:51:46Z,0.39001117286151543
19a6c224d544c24ac6dea104ff75304f,RwW4UYoX19s,what scares me more is realizing complex desensitized levels getting dangerous,UCKMxTyV0NVJYLwdbZxgKxXg,@MrOpAsMeIsMrSAID,2025-12-08T00:14:35Z,0.3899134594252617
9265fb0d8d9468f52b2ddb4211846092,t15c3-pYSYo,"Nothing will happen to the Israeli's. The world Banking system holds the worlds economies hostage. The World Banking system is owned by guess who? It is this system based on theft, and destruction, has destroyed every nation opposed to it's operations. In the middle east, Iraq, Libya, Syria, Lebanon, all demanded a return to the gold standard. They were destroyed by Israel's puppet, the U.S.A. Only one nation remains who opposed the present Banking system which is Iran. The only reason they still stand is the fact Russia stands with them.",UCKvYs0P8E7HRv8-GUCb6-Xw,,2025-12-07T23:33:46Z,0.38987177021854347
a273c80a51810561d64afbc88a16186b,dQWfdEyorm8,We will never get the full report.  It's for sure records and info related to some powerful folks and foreign interests and agencies working with Epstein will be removed or omitted from whatever files they release. The current justice department is the most corrupt one we ever had.,UChvCklWT02oQzlPDefC4PVw,@Highlander-s3e,2025-12-07T20:41:40Z,0.38976499392048436
075e41e9b8792662f9e1877231c828e7,t15c3-pYSYo,"When I was a child, I thought adults were responsible and in control...
The human race is monstrous. Selfish, destructive and greedy, I'm amazed it continues to exist.
Flood it again.",UCPabkMY40HJbqmEsvtnJxAw,@AnActorExplains,2025-12-07T23:41:13Z,0.38968623971108196
cf1d938eba9daebc7dfafd3e499c6ddb,RwW4UYoX19s,"@berealandread3107
YOU are gonna get SPANKED by ISRAEL
NO DOUBT about it",UCcTV1z6lHBfpL3c88oHeFKg,@metalgear-,2025-12-07T23:20:42Z,0.38956142425769297
c631c4630e1e05ce151cf50e6e8b3831,t15c3-pYSYo,"To know who really rules over you. Simply find out who you are not allowed to criticize. Voltaire. As soon you become a critic, a enemy or not a supporter of the illegal occupier, genocidal, racist, and terrorist Israel. Automatically you become a  enemy of the United States of Israel. Those who can make us believe in absurdities. Can make us commit atrocities. Voltaire. America is ruled by Zionism. C. O.",UCmBZNB2q0RN8dOBmbENNEtA,@SamTe23,2025-12-08T00:18:01Z,0.3894285631270775
9ff3aa4a49edf11e5121fcb5e4db2b5f,t15c3-pYSYo,Some of the old words apply   like genocide,UCal7FVu0VUvRBsRbhdna2eg,@tomjeffersonwasright2288,2025-12-07T23:57:12Z,0.3893030264806433
25cfb449aa387b7fadc7d615d4f8d066,oylbyE5Zt0Q,Trump has had 10 years since 2015,UC_2UYrJRM73YNU-B4qemTrQ,@billmcgee2066,2025-12-08T01:44:50Z,0.3892963183039443
8d07f00f8706f8aa07049b14dbe7d7ed,t15c3-pYSYo,"Cenk, the call is coming from inside the house. American's are the Israeli's of the world.",UCSudj57FPNCQPIb1NRVC90w,@ULOVEKYLE,2025-12-08T02:02:41Z,0.3892472531552193
e1e4f0f9fc9f1d7ed5d41782f2796b60,RwW4UYoX19s,stupid comment,UC4ZChj7dX2TDgszBMiuiBSg,@MadroneHumanRights,2025-12-08T01:34:51Z,0.38916517938595874
d333f9a2b013725fc27959912b6d2ae9,rChcwSozre8,​@TA_Plus_Hemihey bud just look at your views on minorities.,UC4jGtCVMc2KWvIySIX-OCFQ,@rickmcdonald2233,2025-12-08T02:08:46Z,0.38916492824272153
b336a09f8a96be8760c3c00de3bd6619,t15c3-pYSYo,Iran will become a nuclear wasteland first.,UCzYItLPlTznh5rKJuWmvLLQ,@mikeg2306,2025-12-08T01:41:19Z,0.38911866990971095
558b32c5a2b88918f8e5149446c6802f,RwW4UYoX19s,It's been traumatizing doing what we can to help but still being virtually helpless when the Israel/Us propaganda machine lies to the world and Netanyahu continues to kill the Palestinians. Heartbreaking.,UCzCpsYBRtS7Kc7pBPTDfN7w,@maryprevoteau,2025-12-07T23:35:24Z,0.38909415554536964
515bebc05a05f06010b31decd26c0589,dQWfdEyorm8,​​@victoriarowcroft6596 I hope we see Ana in the studio with Cenk soon 🥺😢,UCInF2WbgD5a2qI5pDLMSlQA,@mrcool1519,2025-12-08T01:34:01Z,0.38908048683814345
8c82b735a5e076aecc9c4cec46627ce6,RwW4UYoX19s,Anti Semitic Ana back at ya!!! Who attacked who on October 7- Anti Semitic Ana??!! Then we can talk about sovreignty.,UCKbxiqlppz-n1RFkIE-D66A,@shlomokenquinn7391,2025-12-08T02:24:01Z,0.3889797563149244
a20bc288c949784ab55d0c4763536998,t15c3-pYSYo,The Greater AIPAC project goes global and beyond......😂😂,UCaGjr1TRpLv0VFtdcblnnlQ,@Complicitur,2025-12-07T23:15:03Z,0.38890509681559493
9585a98398a99d2b10155be40b9c01d6,oylbyE5Zt0Q,​@BillyColeII-dr6dk🤡,UCo1LkFdOLrJn0AsOKMTlutA,@DavidHarrison-x2r4eyes,2025-12-08T02:09:33Z,0.3885369482325144
83407f7ed007d96e09c3bb8402414085,e478dy0CKYE,"​@davemitchell6281trump doesn't need anyone's help in self-damage, he is doing a great job himself! +50 Lbs, I guess.",UCwHi44RMhCcw6eqtpGpOhFg,@irinafrye9031,2025-12-08T00:52:02Z,0.3885039625727658
66a94ce78e81bb22083a5067b855a755,5tvOpAe46IY,When even a low IQ puppet like Waters calls you out…😂😂😂,UCW67BtGg5kqkowokMdynFXQ,@bobthebuilder9638,2025-12-07T23:52:43Z,0.388469806137147
73e5ea6ab074128b1f083e3f40bc47fc,RwW4UYoX19s,"This explanation reduces the tragedy experienced by Armenians in the Ottoman Empire to a single sentence and ignores the broader historical context. Presenting a still-debated period as “the systematic extermination of Armenians by the Turks” is academically problematic.

First, neither Ottoman archives nor foreign diplomatic reports from the period contain a central order for the annihilation of the Armenian population. The relocation policy was officially enacted due to security concerns—armed uprisings near the front, volunteer units collaborating with Russia, and the collapse of Ottoman control in Eastern Anatolia. Local abuses certainly occurred, but this does not automatically imply a pre-planned policy of extermination.

The narrative also presents figures like “1.5 million deaths” as unquestionable facts. Yet pre-war population records usually place the Armenian population in the empire between 1.1 and 1.3 million. Speaking with absolute certainty despite this demographic uncertainty oversimplifies a complex issue.

These explanations also ignore fundamental events that shaped the Ottoman government’s decisions: the Van uprising, tens of thousands of Armenian volunteers who joined the Russian army, the armed activities of the Dashnak and Hnchak organizations, and the large-scale Muslim civilian casualties caused by Russian–Armenian militia attacks in Eastern Anatolia. Historians estimate these losses at roughly 250,000 to 500,000, most of whom were Turkish and Kurdish civilians. Any interpretation that leaves out these elements is inevitably incomplete.

Furthermore, the claim that all Armenians were sent on “death marches into the desert” does not fully reflect reality. Some convoys reached Aleppo safely, others fled to Russia or Iran, and some returned after the war. The tragedy is undeniable, but reducing it to a single template is misleading.

Finally, the status of Armenians in the Ottoman Empire cannot be summarized as “protected but subordinate.” Armenians held significant roles in government, commerce, the arts, and even the military.

In short, this narrative leaves out the complex political, military, and social realities of the period. The suffering was real on all sides, but framing events as a story of one absolute perpetrator and one absolute victim is historically incomplete and misleading.",UCSGPzMbGRjPDlg9eWsz9bzw,@KMN-w9z,2025-12-08T01:25:28Z,0.3884462256671525
821070fd3cf065cfc0a6e2c20b615628,dQWfdEyorm8,Come on TYT don't be like other channels and post old recycled bs..i use to like Adam mockler but he just keeps hammering you with same ish its like a jr medias touch..and BTC everything is some crazy court story that he draws out into 20-40min and could be done in 10 or less..David P is a lil better then those guys i could go on forever but they all put out wayyyy too many videos,UCxFHR4gHnAii7Rb4z30bXRA,@juliusirving2304,2025-12-07T21:17:10Z,0.38839301052435515
29adda73c31762e8cdeeeda2234bd53c,e478dy0CKYE,"A fascist traitor that think's they are clever, so... a republican!",UCQ4PdgUn27MHVt6qC3cH4_Q,@nafet,2025-12-08T00:44:37Z,0.3883391515287318
c22d2cb4ac8b906b4f0ad5122c32a3ee,dQWfdEyorm8,The files will have been highly redacted and curated by now. This won’t be the full list by any means.,UCR1U5Oen0Q7G6fSO_M5-lpA,@ChronicDreamer1st,2025-12-07T20:14:18Z,0.38830279189454625
b8bb6061b9f65da2fafc62e03e88a734,dQWfdEyorm8,The moral outrage is perverted and BS. Trump is raping American democracy and douchebags are worried about underage girls being abused. Both are wrong. Death of democracy is a fuck load worse.,UC8vrNUfUSRsv6b4fOQ3voHw,@cfalcone7132,2025-12-07T22:05:43Z,0.3881989264088593
3a3f014a92dd18ce3bc5f84ae1821ab4,RwW4UYoX19s,"The United States has been overthrown by a bunch of evil elites, vile traitors & heinous politicians! We demand that Trump & the International Criminal Court’s STOP Netanyahu immediately from them continuously dropping bombshells on Gaza! The ceasefire has not STOPPED & the Israelis are still blocking  all supplies into Gaza! Why does the Palestinians have to obey to the phase in order to receive help? They should not have to give up their land or allow any foreign country in to receive help! There are some real nefarious back door deals going on! Wake up it’s gotten very cold in Gaza, they are starving, living in  tents without food or clean water! This is completely unacceptable for any to sit back and watch Israel get away with murder, rape & stealing of land! #SaveGaza #StopTheWarCrimes 💔🇵🇸
Let’s be clear since 1948 Israel has been committing a genocide, blocked any support into Gaza, has threatened any country that helps Gaza!",UCUTKxfoW0zGPuICKEDncy4Q,@Winnielilbit,2025-12-08T01:40:00Z,0.38806165596693387
eef64c12663f1d8df15c0102613b18e8,dQWfdEyorm8,">>> *“Your rights are subject to how we define them”* , this is what this battle is about
>>>Oligarchs buy media and tell us what they want to believe. Indepedent media (like Drop Site News) and brave people like this man are the only way we keep our Bill of Rights. Either we fight for everyone’s constitution or we let puppets sell us to the highest backroom bidder.
**>The worst part of being 'awake' is realizing there are waaaaay more EVIL people on this planet than I ever thought possible.
*It is pretty clear to me that Israel is one of the most evil regimes today.*
 💯",UCz2O2oQ81NbGahInpXfMIIQ,@h.h.3102,2025-12-07T20:13:09Z,0.38800739683575736
52bb421e200356be0a83efe35e8208f9,e478dy0CKYE,TRUMP IS AN EMBARRASSMENT TO THE KENNEDY CENTER HONORS!!!  THE SELF PROCLAIMED KING IS A JOKE!!!,UC2yC8HbiNJaZQJS8aUM4gAQ,@dpar110,2025-12-08T00:36:10Z,0.3878207069441019
631041edba572505d9100429881f69dd,oylbyE5Zt0Q,They have no plan,UCNG8-RIuzTlpxe2C1cfWDxQ,@margarettesta5228,2025-12-08T01:32:27Z,0.3877061588173051
851b351ea796c9a41bdd5e3ad88fff38,s2EXTCAFPKA,That would be great if the drunk loses his job,UCwHyNRnLaBU10oQhjtdXYvw,@missyTL,2025-12-07T19:01:55Z,0.3876060811682189
1f302745c3004b99091604d9bce4dd89,oylbyE5Zt0Q,"Why can't America get it together 🇨🇦?
Stop electing multi millionaires and billionaires into office
Jennings is a liar and a trump suckup",UCo1LkFdOLrJn0AsOKMTlutA,@DavidHarrison-x2r4eyes,2025-12-08T02:09:01Z,0.3875357419847757
1770299ec8602ad5a8384dd37ffc9fba,dQWfdEyorm8,Clay's commitment to procedure had better have been his priority while our government started discussing all other open investigations... Right?  Oh... No.  *Fukem,UCr2FrxYA-xonlRzPESYSt6Q,@StrixHorror,2025-12-07T22:51:46Z,0.3874841462002421
99776a4f27fbaafc10bd5b1449c26cd3,oylbyE5Zt0Q,...at least the concept of one 🤔,UChUJ5PfYUAUEQKaTUttc6Cw,@Mondfischli,2025-12-08T02:07:41Z,0.3874747825689391
8b38dd7d398ce4ed3966aef37dc9c20e,dQWfdEyorm8,"They have spent a year scrubbing those files, what do you or Congress think we'll see at this point?",UCSiAgLy7bxDOZGkwUeKDEMg,@BobWhittakerITSeeker,2025-12-07T23:59:21Z,0.3874512036150586
a3f32e7178df56f507fb71e7bc5e6bb4,dQWfdEyorm8,More like ¢enk's two ¢hins,UCzh0kMKbV1zDd3vf_9W55MA,@Fermented_BM,2025-12-07T20:36:35Z,0.38731556294781816
5888c8da99ed701e9dbf5c8dea0d5778,e478dy0CKYE,Why isn’t he wearing his fake medal?,UCJOJzvDbmGHs393uYE2QKGA,@merkaaaaat,2025-12-08T00:56:34Z,0.38718594630646475
de537a5fb59e6bcac20c4765d91de6d4,RwW4UYoX19s,Kill them all that way Isreal won't be attacked again,UC0wev-OWdDtG8abR66gRXvQ,@mo5627,2025-12-07T23:35:59Z,0.38714429949750406
3df4dab00e587e39dcb1e07182d0bc29,e478dy0CKYE,Hope the tangerine toddler stays awake.,UCBXPjY9GwNV505B3PauIM5w,@gbj4063,2025-12-08T00:48:45Z,0.38707922008148843
456f850aab9a623e7fbcfbfba6900cbb,RwW4UYoX19s,Israel deserves to look like Gaza,UCjvhip6Hz57RAVVCyC0i-BA,@richardsullivan2862,2025-12-08T02:13:49Z,0.38701356749347804
713be0dabdd8339cd16b095d5f0ff064,RwW4UYoX19s,"Choose to do the right thing and admit the injustice done to the Palestinians and work for a  2 state solution ! Ana has a passion for justice for the Palestinians !
Cenk too has a passion for justice  for the oppressed and indeed a very smart individual !",UCOGZCkBq7ubRleGAIE_Im3w,@annebaartz5606,2025-12-07T23:43:44Z,0.3868689251314875
1f88e5abdb4f7afe6dc0bfc055d2a104,e478dy0CKYE,CNN can not be Trusted,UCZFhmduJg0xnWAKZTxLsEFQ,@88nlinus,2025-12-08T01:00:55Z,0.3868669660701086
74f2bd75047612cddb5047458a76c7cf,RwW4UYoX19s,yep,UClbJUvJbzCvKUpxKcel-MdA,@DracRummins,2025-12-08T00:40:05Z,0.38673027405143845
7e9922216be941977ee64d801d2403a6,t15c3-pYSYo,"И так, действие происходит в раю. Гитлер сидит в ванне. А вокруг него девушки. Кто-то массирует ему спину, кто-то разливает вино, а кто-то держит пепельницу. В общем, Гитлер пребывает в полном блаженстве. И тут звонит телефон. Ему подносят трубку. В трубке звучит голос оператора, вам звонят из ада, если вы хотите поговорить, нажмите один. Если вы отказываетесь, нажмите два. Гитлер нажимает кнопку ""один"" и слушает. В трубке звучит голос Сталина. Товарищ Адольф, как вы попали на небеса? Может быть, вы научите меня. О, герр Сталин, Бог увидел, что евреи вытворяли в Газе, и пришел в ужас. Он понял меня и простил. И я сразу же оказался в раю.",UC5taSBVpDRALC50yxdLVlTA,@Bayram_0812-q2p,2025-12-08T01:31:05Z,0.3866675927957325
f87b6043e0e82981ebb0f002470434a5,RwW4UYoX19s,"Please don't mistake my language as arrogant.  It's just what a winner's words sound like.  A very foreign tone to you indeed.  Remember, obey and you will be ok.  For The Chosen has spoken.  Bless you.",UCvXffbh_Jhdac3h36xzoLHA,@Obeytime-w4i,2025-12-07T22:30:17Z,0.38656384032884117
e4eda1392553852fabf9d8e01d3a113f,dQWfdEyorm8,"@brockbrawn1524 
During that time period the files were part of an active criminal case. That's over now.",UCdOwrlYAPsMhiUc4eYqp67A,@mnsu4820,2025-12-07T20:22:02Z,0.3864544559320936
c3b1fb9f88748da193cbffb7e02bf73a,dQWfdEyorm8,Shout out to Trump and his administration. The most transparent administration in my lifetime,UCsiWA5GNN30Ojnfh9EPPYKQ,@franklynmaldonadogor2,2025-12-07T20:03:45Z,0.3864394291070025
9e429df6beb8204b50a9e0910cbd0ba4,e478dy0CKYE,⚰️ 🎉,UCNRXyB_8cro_Y7s8Uvd11cw,@FalseCast,2025-12-08T00:42:41Z,0.3862591980719061
7c7bdba76667a703d4afa72149bc5cd9,RwW4UYoX19s,And your family too,UCeoY3tpYSRKcxAAWBRbjm3A,@sterlingfury,2025-12-07T23:52:11Z,0.3859094705149615
86df1a7e7f46b965c49b797c4955f4f8,RwW4UYoX19s,"@SydG01 There, there dear child.  Name calling will not help you out of this mess you created, not even a little.  Your obedience will.  Obey and you will be ok.  For The Chosen has spoken.",UCvXffbh_Jhdac3h36xzoLHA,@Obeytime-w4i,2025-12-07T23:16:34Z,0.3858221742504816
fd0c4bf19f3df0d4fce70a606f6bbd43,RwW4UYoX19s,America needs to cut off pig vomit Israel until they make a state for Palestine and stop the genocide maybe even after that,UCalfTDuHtgXEyWKCs97VuFA,@Shadyjdsmamaw,2025-12-07T22:28:46Z,0.3857422514080619
d529141121a63fea25f527425ec30e67,dQWfdEyorm8,That's a distinction without a difference.,UC3t4A1ToVnYGGPbwg2upWzA,@TotalWater-pb4qg,2025-12-07T23:09:27Z,0.38569434109886075
fdda2fd256351ba544e2838492a6c42d,e478dy0CKYE,@ThisGuyAgain-w5s SNL at the White house ok,UC22oHzXyXUuI7Dwf4swr5Iw,@davemitchell6281,2025-12-08T01:27:03Z,0.38558996920095634
a64d33e1dee1aecfd75584a92464e62e,RwW4UYoX19s,Israel has lost its right to exist,UC_SXt9VKsla_71aj-H3R_-Q,@lolhighimkc1316,2025-12-08T01:35:52Z,0.3855482915376954
f5eb405d2e915726adb4459420a405c9,oylbyE5Zt0Q,@KikoNYC where like at the airport,UCxmsAjbzcAPfHsLou3K7tfQ,@sonnychiba5270,2025-12-08T02:04:16Z,0.38548822013765455
76bb87e75eea496ffdccdcfa939f0e54,dQWfdEyorm8,You need to stop saying Trump call him the current president or some sort of  pleasant title and avoid his name so that his name would be forgotten for eternity,UCKr06F3VKuzHTAhwhN7rAbQ,@RogerPitney,2025-12-07T20:17:16Z,0.3854433380320381
64df0f77ec2a2e8a3e0bf8f93605f532,s2EXTCAFPKA,To all these people that don't like how these drug dealers are being dealt with stop crying about it! Most likely they haven't had a love one or a friend die for these drug dealers poison? Stop this poison getting to American first!,UCJHaeg5fRIF9HL_1ECwnecA,@ronaldlwilliams9299,2025-12-07T19:45:56Z,0.3852941396343768
f7ded3ba0225e203692b10b5d5f59c94,dQWfdEyorm8,The institutions still exist? I thought Trump gutted them and was shutting them down as fast as he can.,UCjpW_Tpb68lD71j7XCiDmog,@betterwaysbetterdays,2025-12-08T01:35:19Z,0.385055099666591
a0195ee575e96bbb268eef5eea9c3498,rChcwSozre8,Trumpers who bought Trumps' and Melania's meme coins have lost cash.,UCelPbnj4CXXVnrfVxHHZHeA,@samiaint8043,2025-12-08T02:16:42Z,0.38500614553805845
bd973f48c4656586dd3f59c24e547714,t15c3-pYSYo,That’s not very special ally of them ungrateful goobers 😢,UCqmFbBEfXVnIohiZVkRM02g,@Derek_Wyld,2025-12-08T01:13:23Z,0.38490902121837745
fd4164c51a0b247c7d81ffa7835e9a3b,t15c3-pYSYo,Saw a video of the IDF buldozing bodies 2 years ago.,UCP1me-MbEkpESuzaYV_nVbw,@kathys2357,2025-12-08T01:43:47Z,0.3847893889147559
f076284c7d2bb6749d33d2dbb2ee1dd0,oylbyE5Zt0Q,Then we need to go after the hospitals who only give deals to insurance companies and expect everyone else to pay the highest premium possible for their healthcare putting them into a lifetime of debt. Something far worse should happen to them,UCRT817aaVgXP3cWlxAq-_iQ,@wiz_kid,2025-12-08T01:53:12Z,0.38464290774231696
4e52bd3ef77d21af3d03f756ecdb6986,oylbyE5Zt0Q,Dump Obamacare and stop the insurance payoffs !,UCYw9_NgDgB6d7npatsKvElw,@rbprafcolman3438,2025-12-08T01:51:33Z,0.3846190718392829
27dc4745b998dc206d60b50f40845090,t15c3-pYSYo,🤑🤢🤑🤢🤑🤢🤑🤢😑🤮🤮🥸🤮🤮🤧,UCHf7sF1IdPXQP5ameiAHSYg,@MaryVictorine-s8k,2025-12-08T00:49:26Z,0.3845701480925726
6ae98d36bd1aff940c3ed40ad4ca1677,e478dy0CKYE,WHY SHOW THIS MONSTER WHO TOOK OVER THE CENTER AND FIRED PEOPLE WHO WORKED THERE FOR YEARS. He is a bag of garbage.  Man who is giving top drug dealers pardons or maybe Don Jr. told his dad to pardon these proven criminals.,UC52bodhD1hI3f1LGwW8ftvg,@SFL-6,2025-12-08T00:37:58Z,0.3845343853144601
d6b474291a3256b60a33eb4ac7e243f0,rChcwSozre8,"​@FogHat-TapSnapOrNapwe're not a democracy, we're a republic. I'm finally understanding what you meant by that. FDT SUPPORTERS",UC4jGtCVMc2KWvIySIX-OCFQ,@rickmcdonald2233,2025-12-08T02:12:46Z,0.38449960326295185
9b421e3a0e6113ac570f2241f6d076d7,dQWfdEyorm8,Who would someone who cares only about themselves want to protect?,UChqa--_-ceoWjbbsw8LjBGw,@edward-delgado,2025-12-08T01:45:00Z,0.3844922484295554
4fbb368457dbcb58057c64d25a8a8e19,s2EXTCAFPKA,He will not be Fired because he’s White…Mark my words…He will not lose his Job.,UCi1lrsWa7hmbpbcV42YFaAg,@enyskept,2025-12-07T19:09:39Z,0.384470704523614
4371b06af88423c66b1a129522a5bd16,t15c3-pYSYo,Thank those of you who bring the truth to the public so that we can know what is real and what is not!,UC1VziYZJiKNZW8zQ7F3pIcA,@carolynbramblett7383,2025-12-08T01:18:24Z,0.3844666848579721
8e57c6374e79b94ba2b2361d28ad62ad,KjYSHrFkGrU,Trump🇺🇸🇺🇸🇺🇸🇺🇸✊✊✊✊✊,UCHgp8gG_UIfF-qHiqb5QteQ,@planecrazy6039,2025-12-08T00:22:54Z,0.3843238663531371
b8846611e8b59bea245afde9993c4df4,dQWfdEyorm8,Secrets are the foundation of corruption,UC4XAVfsfIGBx-nYD_7aFvGQ,@ineedineediwantiwant,2025-12-07T23:14:41Z,0.38428701881642946
c90fbddabd7bc90e181c5695f8c8b945,t15c3-pYSYo,Shapiro's response is CNN is antisemitic of course 😂,UCYC-F_lHUzysKfLQv6N5XZg,@khaledsiam6337,2025-12-08T02:01:24Z,0.38427980453898114
168862b1c213ddd4b170f7b410f5d128,dQWfdEyorm8,"Good we get to remove the bad brown mm's from the bowl so what if it takes some time and effort who wants bad brown mm's mixing with the good colorful mm's if your good colorful ones.... they require us plebs to go through the Courts sorting process, now its their turn.  Double standards are Kabbalistic word-magic (once called sorcery) in action—they control the nomenclature (""transparency = witch hunt,"" ""accountability = anti-Semitism,"" ""investigation = partisan attack"") to protect institutional power from the same accountability mechanisms they impose on everyone else.",UCN8sWSdP37g87agcTsUh0fA,@robertneale6986,2025-12-07T23:54:53Z,0.3842251332862151
adcbdb73923f36596304b153f4e51f8e,rChcwSozre8,Who's paying for it??,UCtHeXipeGMKeW1SJ13GB_eg,@MichaelJones-gd5ro,2025-12-08T02:27:19Z,0.3839406350983208
f782a19cf1d9682c9cb25782a1796502,dQWfdEyorm8,"Honestly, the Senator who voted against the release of the Epstein Files; most likely is listed somewhere in the files! Prove me wrong?",UCpQ5Q1Yi9ODfutkMXvnLGsg,@AnthonyPinkerton-d7p,2025-12-07T20:04:55Z,0.3834936945854832
bb2fb49a5cb258b22deecfbd2d30c4b2,RwW4UYoX19s,"We see in Video
So we see trut
Stop the Genocid",UCEKn5rETT53_NYyRts5t6LA,@DianaDina-s1c,2025-12-08T02:41:15Z,0.3832754486775601
fca1d3c77118096d7680c3ca28a207d8,dQWfdEyorm8,Preach Ana & Genk!! Thank you MTG,UC03dQ9WbXb1ttHoxcBHeNug,@ytgodzilla,2025-12-07T22:35:23Z,0.38323922914353187
a0d3491d0383a573f26355eae6af408f,5tvOpAe46IY,"I got a dozen grade A large eggs yesterday for $2.29.  Sweet.  Under Biden, those were double the price.  And...now I got Jesus and freedom.  So, winning.",UC8zmHK0-F1VwE_F8Hb-UaEw,@leggomyeigonosensei,2025-12-08T02:07:35Z,0.382810974541401
9222a1628777a570df1ca15a94cb1e12,RwW4UYoX19s,Things like this have been happening from the beginning of time. Child sacrifice is why he punished isreal  they worshipped the god of this earth satan.  Jesus took the keys of life and death from him but his worshipers that our the elites the billionaires politicians do the sacrifice for him. GOD THE REAL GOD IS ANGRY WITH MANKIND FIR THIS. HE IS RETURNING HIS CHILDREN CHRISTIANS ARE BEING DESTROYED AT A RATE FAR BEHOND ANY IN HISTORY IN THE LAST YEAR. WE MUST REPENT AND ASK JESUS FOR PEACE AND SALVATION.  HE SAID LOVE GOD WITH ALL YOUR HEART AND MIND AND LOVE EVERYONE ELSE WITH ALL YOUR HEART😢. THATS ALL WE BELIEVE IN HIM AND HIS TEACHINGS AND ALL WAR WILL CEASE BECAUSE WE WILL ALL LOVE EACHOTH ❤️,UCF2-wL_hHRb9XE9E7e_d3eA,@FreeWVson,2025-12-08T01:16:27Z,0.3825716918561196
a45ee7bf8b4000b48a08e2942cd25bdc,e478dy0CKYE,"🤣🤣🤣🤣🤣🤣🤣DID PAPA STERNS JUST TELL STEPHAN, TO OFFER TO MAKE THEM ALL ""HIS RUBEN ""???

Does chris sterns never watch cell block h? He thinks that it's like the prison version of best cooks in florida, w full kitchen, sandwich access, huh???🤣🤣🤣🤣🤣🤣🤣🤣",UC4iPlZLj2vRmu2ww13O40aA,@jennilang2464,2025-12-08T00:53:17Z,0.3825141121225583
f77f12ee18be602a777fbd4e287894b7,e478dy0CKYE,The place will be emptier than usual. The effect of our Liar in Chief.,UCcj7ZmXEhWKR_3Cm_VntTbQ,@JoeSmith-bp2yz,2025-12-08T00:38:19Z,0.3824594216777613
4a9a7081f621a20f13cf220ea2917415,s2EXTCAFPKA,"@s@shaneodwyer6132issy TL is a bot most likely , most people aren’t looking to get drunk over the holidays and for her to assume they don’t care is absurd , they are looking to spend time with friends and family and make wonderful memories .",UC0orWZC62dr_Yo-OWvJmCYA,@reneedewey7962,2025-12-07T19:38:45Z,0.3824135555646412
11b29965cd61d91de47032d76d0c8feb,dQWfdEyorm8,Exactly everyone in that cabinet is in the files or help to cover them up!   Unfortunately Florida is totally incompetent state but there are state crimes by  Bondi as well!,UCRhkqwV47X2kKqn0KpEjOTg,@truthseekersofpopandlaw9956,2025-12-07T20:08:36Z,0.38231888464256825
4b1bfa83f8c5e76844ad57f514444750,t15c3-pYSYo,Oh Jesus Christ these people are exterminating them,UCgoVHtf0l8KW69i1h94pM2Q,@mikejohe1920,2025-12-08T01:28:58Z,0.3822879213525977
b85c7708ad06587120b901f5d024a9b4,RwW4UYoX19s,​@hunternedib1119John Elmer of Electronic Intifada would like a word with you.,UCOnOxCNFbMz4OOtjT0sIDyw,@riderinblack7613,2025-12-08T02:06:42Z,0.3821402979537108
bd2baf32e78f1a1e5a2c20271ee73c80,RwW4UYoX19s,"Hate to break it to you, but the Israelis already have a military base in Alaska. But, yeah, I know what you mean, otherwise!",UCnSKrl0EpkITwuQQvmqkA0g,@meetontheledge1380,2025-12-08T01:58:24Z,0.38203982645555074
e0d2a5ae0dc2b13b66a9a11000256906,t15c3-pYSYo,No more pro Israel politicians moving forward. Periodt!,UCCZ0yX47c-GR-yov1UEybSw,@TheWatermelonClub,2025-12-07T23:21:39Z,0.3819798352578555
f56b98ace4750e487e7f09329a69dfc3,e478dy0CKYE,Melania is looking like Bruce Jenner?,UCqX6XRnVnkfLBjb2UazDwWQ,@chlakosek,2025-12-08T01:39:30Z,0.38179959416371134
545986322394472ce6b9baab016f5306,e478dy0CKYE,FIFAke Prize for a FAKe President.,UCJOJzvDbmGHs393uYE2QKGA,@merkaaaaat,2025-12-08T00:40:50Z,0.38173804759592045
a56fd13373ed9fd54373f60ea4a4524c,e478dy0CKYE,It's bigly deserving of the FIFA Peace Prize recipient to host the Trump Center Honors tonight,UCBZ4K_4bHOGj4Snd3vCKK-w,@GDTBATH,2025-12-08T00:59:18Z,0.3816815537475339
f080cd4fcf2a94884610a1bbacc9e2dd,rChcwSozre8,Here in the United States we support President Donald Trump.,UCqHp3k1fQiqW0GSWM_x2nZw,@danielmackay8099,2025-12-08T02:21:42Z,0.38167471743422343
da8c52a4dacbe54b63da2ff6864da072,RwW4UYoX19s,"I firmly believe that there is a deliberate strategy by the Zionists aimed at fostering animosity toward Jews, which seeks to portray them as perpetual victims. This tactic not only aims to elicit sympathy but also to strengthen support from the Jewish diaspora and the broader global community.",UCwIFmSJWwgnTl-xVMn2BxWg,@MrYomama1009,2025-12-07T23:58:26Z,0.3816236638783549
1d36e5f72a597ab8aa706cc74c468ff6,t15c3-pYSYo,HOLOCAUST..fcuk supremist joos.,UCv49KDVQdGGPsTQh5JkAXpg,@Antoniazziluca1,2025-12-08T02:02:57Z,0.3816053962928243
ad2881eaebba1ff9dbf079c16f7c96fd,oylbyE5Zt0Q,@badluck5647 they’ve been rising to the tune of 80-169% and even rose after its inception. Keep up sparky.,UCSzfruIYTMmQWRhsJ8X1IaA,@arudiga,2025-12-08T02:27:54Z,0.3813006334457005
98646b49230b520554522a89675337a4,dQWfdEyorm8,"Yes, but, Palestine needs her voice. At this point, who isn't corrupt?",UC7QCriX9YL2eFTaOl22c0pQ,@lookyloo5875,2025-12-07T22:12:53Z,0.3812785169080909
067095c1a230a9289f9c4669cd5b3e59,rChcwSozre8,this is why we need to enact laws against right wingers NOW,UC4jGtCVMc2KWvIySIX-OCFQ,@rickmcdonald2233,2025-12-08T02:06:26Z,0.38112792585979094
bea5ec062f84b973753099bd13e748a9,RwW4UYoX19s,"@engelbert4256  Just obey dear child, just obey.   Remember, you were told.  For The Chosen has spoken.  Bless you.",UCvXffbh_Jhdac3h36xzoLHA,@Obeytime-w4i,2025-12-07T23:18:46Z,0.38104929817317945
cbe1ca2748d3bb5343972b2b4d952413,RwW4UYoX19s,Yeah we not going to believe  Israel's lies covering up their genocide.  They became  the same devil Hilter was to Palestinians who had no involvement with Hamas.,UCU0j2LdP_eR_QMppqh4oNVg,@RicanNY7,2025-12-07T23:04:26Z,0.38077306503729025
591023088602de07af4e5f99a126841f,oylbyE5Zt0Q,Why do we keep blaming Republicans or democrats for this instead of blaming the healthcare providers and insurance companies,UCRT817aaVgXP3cWlxAq-_iQ,@wiz_kid,2025-12-08T01:57:10Z,0.38068876970746507
dcf57b2fa972b0cc3f07f94969f50bf1,dQWfdEyorm8,That piggie comment was a very disturbing window into how Trump treats those he wants to control.,UCKPIFsUl9SAR94lnWillgpg,@williamschanuel198,2025-12-07T21:54:20Z,0.38044147949598994
f0d92206af74d63de4ca097bc7611d24,RwW4UYoX19s,They will blame the Climate Change.,UCnVGyve_0UXjAStVZV5Gk1w,@gcbarre,2025-12-08T02:44:21Z,0.38031822772562407
8b4e45f1008c04dc8e84a2282ac70ac1,s2EXTCAFPKA,"Have another question :

Why other countries can't put every USA peoples to jail because spies suspecteven if without evidence ?

Any argument ? Compare this with jackcasebolt question",UCVthX266sfFrNSBqfDpvE_g,@yudhistiramahendradani5902,2025-12-07T19:43:47Z,0.3801868881603173
5fdfd6477a1460ad05d381c7389eb497,e478dy0CKYE,"CNN is so disgraceful, why would they waste time on this? I have no use for these news stations anymore. All that he has done and all the rot he has created and they give this foolishness airtime.",UCdD3kGrYhg5cW8hbVuc7RzA,@elizabeththomason2586,2025-12-08T00:41:38Z,0.38009725345002243
4b2976b1f9e24d8e3db74eff9d82de38,t15c3-pYSYo,Zionists are Nazis proud about killing childrens . Free USA from AIPAC,UCENk8omdJe7rGMPEpj7YXPg,@MarkJeff-f4l,2025-12-08T00:21:31Z,0.38006867012448164
320d94c9d86772f0a971008c44157192,KjYSHrFkGrU,"I've been extremely proud of Miss Canada to be up and out the door without a instant of hesitation as seen in the video. She's in the light pink dress. FYI, Miss USA did not walk out. Some passed the moral fortitude portion of the pagent. Some did not.",UCmMk1wPlZBMtkBPPCD7qCLg,@tstorm3706,2025-12-07T22:46:21Z,0.3798684664876411
dcf4dd25d81c1b1f8529a5f3f6f28c55,s2EXTCAFPKA,The fact he even got the job is a farce. What an insult to the other candidates who spent decades in the military.,UC0H-a_1X3v1bsCdmp4oXR-A,@shaneodwyer6132,2025-12-07T19:12:32Z,0.37978786278157606
ec34ed3de753c0d071652291c39c12c2,s2EXTCAFPKA,"Why is TYT not discussing the  350 M Trafficking lawsuit against Trump, Musk, and Gates?",UC8NQfWDYRBPBGxeZ4-fWQfQ,@Intuitionjenn,2025-12-07T19:32:40Z,0.37977639038877237
7e86842e9515190565b8579b43646a16,KjYSHrFkGrU,"she is beautiful. smart and courageous? values and integrity? haha. of course if your IQ is 5, you would think someone with an IQ of 10 is a genius.",UCCrtvDAl_x_AgzOBuzhzLJA,@kimcastro7300,2025-12-08T00:41:26Z,0.37972695073736473
defb06d576dc218ffb573463c086acfc,oylbyE5Zt0Q,It was designed to fail and then the government would take over,UCoOJg6dZZvzCEeFUj7ECQCg,@DaveSchultzXXL,2025-12-08T01:32:17Z,0.3795251114279666
d3331779a8e46588a0f58ad640d14046,e478dy0CKYE,Give him time 😂,UCuqHnx5ROKCe8FXxr5Ui4UA,,2025-12-08T01:49:28Z,0.3793720673568163
77db81c4f1c012a7319d290e37ef55a3,dQWfdEyorm8,@cathyosbourne6986 very human actually.,UCb-cSqtEQA4nXO7oTVFnilQ,@mrTRAFFICANTE,2025-12-07T21:05:03Z,0.3792452056166164
be2ce8ef754977df992a3973fe547985,oylbyE5Zt0Q,Here we go again. ObamaCare was solely created by Democrats. Mismanagement and over inflated spending run amuck. Somehow now it’s Trumps fault.,UCWYL7LbGgjjlJcNnoC8mSGg,@JetTech1992,2025-12-08T01:45:08Z,0.3791736954359557
71948065028043db8e562ad3f15a2adf,dQWfdEyorm8,"Total BS. Whatever they release will be so watered down, redacted and missing content, it'll be useless. The real files are in lsrąęI",UCzj9BnaxUiBw3TZozzx9KrA,@HTownCharlieBrown,2025-12-07T20:31:30Z,0.37913450582664654
b4823c6dc2d471a9baa9beb87ee9bf1d,e478dy0CKYE,You sound jealous Tinkerbell😂😂😂,UC99jvrjs_qCb8Ko2lkDTWfA,@SupremeWin777-7,2025-12-08T01:00:14Z,0.3791130849603076
debe68dcfe512a731c1b97780181b1c8,dQWfdEyorm8,Why put this out like it's new? Please don't do that; it feels so manipulative.,UCRZrn9Gz0KvIY8k44g1fv-Q,@meghanmacqueen5157,2025-12-07T22:04:07Z,0.378705306322377
d7d7ec34c6d5efd62f666292e205017d,t15c3-pYSYo,Why is there nothing been done 😡😡😡😡,UCuZnslTREezDvJmdVmwsjjQ,@angelinagonzalez8860,2025-12-07T23:22:55Z,0.3784300094955717
da1b69ec1a17dd9cd2ddad31fa209109,RwW4UYoX19s,"​@jjordantylerr😂😂😂. Not at all. 

I'm a real person and I live in the United States. Wow. 😂😂😂😂",UCLKL6ERrlDgN8rBN4jyX9jw,@randyeury4772,2025-12-08T00:27:21Z,0.3783556614921353
680f10cfc78e8305bd63e034e03954ed,e478dy0CKYE,​@nafetNot so sure.  He did get 77 million votes,UCqH3dRI2uToFgNiA5uJ9aVA,@adrianl7147,2025-12-08T00:56:45Z,0.3783280330201933
8cd1bd4cf54658ad4d70c16f86f258e4,rChcwSozre8,"​@Susanne-qp8vj
How is Hannity's pal Alexander Smirnov enjoying his $600,00.00; grandma?
I bet that you're best friends with Hannibal Lecter as well grandma. 😎",UCupC0GKAnfAYgwqynEmb5Lw,@b.t.2795,2025-12-08T02:32:49Z,0.378234538353337
ec681124160cfc9114fd77ac9b131eec,s2EXTCAFPKA,Hurry up,UCeUb29KFp837u7MfPdWS9mg,@boots0313,2025-12-07T19:15:49Z,0.37819986960373286
209862103e22701cd21caf5d4ce6a658,s2EXTCAFPKA,"Why I TYT sooooooo obsessed with these drug boats. 
Could it be that they like cocaine?",UCgrGMISPHrI90gJWCoDV7NQ,@TONSBERG100,2025-12-07T19:47:52Z,0.3780549227011665
513491ee74a628711b1665c102cd050f,dQWfdEyorm8,"Trump ""piggie"" insult is simply harassment and any worker could easily get fired for doing this.  Yet millions of voters wanted him in the highest office.  The constitution disqualified Trump for insurrection.. yet we do a greater insult by turning our backs on the constitution.",UCzSe9yF5rTTXsxbVSvv2CPA,@rusty-y8r,2025-12-07T22:21:55Z,0.37804319098695116
b10dfce12cbb9e1ce08c8c4ab68fe2fa,dQWfdEyorm8,"This is a rerun, but thats ok. Ana is on. I have no problem watching again.",UCZXjh5WDArEjLJu-BWevU0A,@ZX14-g4i,2025-12-07T23:04:32Z,0.37780184403552297
246b30fb7073a0e795b1f936788e7c91,oylbyE5Zt0Q,@webporta-1 Agreed. Why it's better to have a single payer system and you wouldn't even notice it coming out of your taxes.,UCPFyY0XoqxQx-n6RZMH5Ldw,@mikeb5664,2025-12-08T02:03:40Z,0.3776640780940516
450a15e72d44d483a76ab9420fdb908e,dQWfdEyorm8,It's 2025...Lol,UCDPwIf3m1QIs7kPr9_hhHjQ,@illhero4077,2025-12-07T21:33:10Z,0.3776615280573373
668e4be97a334323bbf2c900637a7ff0,dQWfdEyorm8,Except the bill says if it’s under investigation they don’t have to release them so good luck!,UCK2CiYKbIiBlu_IQg0BbxhQ,@RedpilledPatriot,2025-12-07T20:51:42Z,0.3775984139981199
a1dc36ab5418c87eb0a58496670fef87,RwW4UYoX19s,Great!!  expose those sick fuckers.  All nations should kick out all zionists.  Send them back to their hypocritical country of antisemitism.,UCZGJC8MAZXM1S8UhcgwEH1A,@chrisking8353,2025-12-08T01:36:15Z,0.37741020958438487
7d8728cb9ec4bfcdf35f4722fce3a6ec,e478dy0CKYE,"Wake me up when there is real, no political entertainment.",UCYvl-7QANxObz-YBcCKqHGQ,@andrewalderman9489,2025-12-08T01:27:47Z,0.3774086204349742
95d6db953fc5851ac0f787da871b6b99,rChcwSozre8,They didn't fall far from the tree.,UCJOJzvDbmGHs393uYE2QKGA,@merkaaaaat,2025-12-08T02:24:43Z,0.3772537495092905
e9659ccfe09dd54ad4c753458e0901c6,DMrclXpeGN4,This is actually terrifying,UCoZHTbuqLJbSVp9MeLZVfuA,@LewyGooey3,2025-12-08T04:32:26Z,0.3769040756505023
b3e112994ef4e145a59bf5550dbdc2d0,RwW4UYoX19s,Israeli”s are trying hart to make Hitler look good in comparison.,UCJ4VGzE3SEsktoXWadZmJ_A,@mikeabc5355,2025-12-08T00:47:02Z,0.37687503559501023
1d011b79836b5399421573a844296b2a,dQWfdEyorm8,Anna...the whole Annchilada!,UCD4vHzsHvj2U3L4pnMfDIGA,@AlbertoMartinez-yl3de,2025-12-08T00:59:28Z,0.3765014509864709
000daec52ed4b5b5c8c71cf1eecaad6d,t15c3-pYSYo,Give your cat a well deserved treat,UCfOFIAs5AE-N5TJrvMqXyug,@RobM-o2x,2025-12-08T00:12:39Z,0.37646082176991785
34648b7c80b182b8e8a4231401913455,t15c3-pYSYo,Israel should be bombing like the gates of hell burst forth❤❤❤bomb until nothing moves❤❤❤🎉,UCzcsQqxFfx8ATQLltxq9YCQ,@ivegotarockinrollheart,2025-12-08T01:17:25Z,0.3762368149919908
7bda9c3c17509c011e7d0d5c6fff2134,RwW4UYoX19s,"IOF guided tours, fake 'terror' command posts under the ruins of hospitals, and so forth. The journalists will not see much, 'close up'. Wait and see. They will probably shoot a bunch of kids, strew them around, put small hats on them, and show the journalists, who will only be allowed in certain preprepared areas. 'Look at the massacre! Khamas Khamas Khamas!'",UCSynzherakJxm_Ywrh0joJg,@wahid-lg1kk,2025-12-07T23:15:00Z,0.37620704176841535
c40f518b186d36c2296c47a1f454076b,RwW4UYoX19s,@42tribes Destroy yourself,UCzYItLPlTznh5rKJuWmvLLQ,@mikeg2306,2025-12-07T23:05:44Z,0.3760181653609478
6825c076dd25d36aff0b96e028b8bc94,s2EXTCAFPKA,Nothings gonna happen.,UCpo4U3d2ZozYI1bk5QaM_xg,@WhatsGoingOn83,2025-12-07T20:03:48Z,0.37592023723027357
1f68381a92ca2d944895879323463fb2,dQWfdEyorm8,Wahoo Hoooo,UCN7rjuIP9Ag4pXOzeYGd7cg,@larrypetersen427,2025-12-07T20:45:34Z,0.3757589007640293
37e69e431526bb8dcdd15cdcab9fb824,dQWfdEyorm8,"@nonyabusiness31

GOOD…🤪.",UChCNfh4WIQHXEdMc38oWLkg,@MarieJanssen-e7d,2025-12-08T00:05:08Z,0.37574123930008285
aa9af435778d848f7ce3608781f43e88,RwW4UYoX19s,104!? overnight! wow these are demons.,UCpCpogDkJK8ZGDV5727duPQ,@PsychiCorey,2025-12-08T01:26:19Z,0.37566182498937756
6999a04fb43c59b58aaebf8f0902463d,KjYSHrFkGrU,💤💤💤💤💤,UCHgp8gG_UIfF-qHiqb5QteQ,@planecrazy6039,2025-12-08T00:25:18Z,0.3756258736492093
d9d48d97c05236ff4d169292e4b48eb5,t15c3-pYSYo,Progressively right wing Israel killing kids not a good look.,UC6fqpwBOQMUVdmPsDWONqaw,@adriantuthill1292,2025-12-08T01:17:04Z,0.3756212581040983
fe47fa2fcfdcd4b0088554cf5c8e1034,dQWfdEyorm8,This is clickbait! This is an old video reposted. The act passed a long while ago and nothing has “dropped” today,UCWeC1PfQcbN6x5TyHRrt_6Q,@TheKumarbharat,2025-12-07T21:11:16Z,0.3754769857177538
718eed63477edf5ba9c18c70526c6801,dQWfdEyorm8,...and any children borne to these $hit$tains.,UCgaWdKNuGq0LDOrmdvsJEYA,@imaseeker100,2025-12-07T21:33:25Z,0.3754532860631259
621d5e0127d388f4a8388eafe1b57380,rChcwSozre8,"Wow, It's amazing MS Now never reported on Hunter Biden and Joe's family.  They certainly bumped up their net worth like so many other politicians and family members.",UC8rF1hiZtJUfQDH3gTbBaBw,@commonsense3632,2025-12-08T02:44:02Z,0.37543166829537833
253d479677524d150e863a0977c39005,s2EXTCAFPKA,"Can't happen too soon for my taste!  The problem is who would be the replacement - hopefully someone better, and not just a celebrity-type!",UC4KZZdE6UWiAZFwXSwliaVw,@jimbobdrg3247,2025-12-07T19:43:35Z,0.3753684792767734
4a80395257bca9f231294d234709c11b,rChcwSozre8,"​@rickmcdonald2233and you all can't admit losing last year or in 16. The point is you know I'm not anything you try to project on me. Not everyone is a racist, unfortunately you are and as you already stated many times... you love fascism",UCBmZMAj3-h5yYDye2l4dnCg,@TA_Plus_Hemi,2025-12-08T02:18:35Z,0.37518615368102454
0f4656d2e94f85207deb9a232b0abe4c,RwW4UYoX19s,"I❤ Ana K 
especially in black
and súper especially on Gaza/IDF issues.
❤❤❤",UCYo-zPUcnTUb9ONa-ZNhBeA,@johnbreckbuhl4849,2025-12-07T22:18:27Z,0.37499941372325873
50f2ef08d32d63498fef88ddc9c0f1b9,rChcwSozre8,Fallow the money,UCtHeXipeGMKeW1SJ13GB_eg,@MichaelJones-gd5ro,2025-12-08T02:25:33Z,0.37461073294367797
8007040ca0a660f30ac177ca4196beb5,KjYSHrFkGrU,What did she do to you??? Why do you hate her?? Why do you even care what she does?? Or you hate women in general??,UC16XEA0194vmBskJ2Yju1XQ,@User-q9m1m,2025-12-08T01:33:29Z,0.37428141882712707
0464350b593ded289cdb42653456cafd,KjYSHrFkGrU,"Fatima, me inspiras 🩷✨",UCsQD6eNixXIaZPlewKZpK4Q,@Aiaidesire,2025-12-08T01:44:00Z,0.3740974901312333
e0c50b9c30798a4a84147115a50d3922,RwW4UYoX19s,So the U.S can declare drug smugglers as terrorist yet refuse to call Israel the terrorist state that they are?Make that make sense...?,UCNXXRc1Nqu4OLLsQDWF4hFA,@devinsebree1475,2025-12-07T23:21:51Z,0.3738770604252648
e7e5f4dab739f85bdec180e19eddb653,e478dy0CKYE,America is a joke,UCrTlGnAtoPtT9eRLn3Xz-dQ,@martinhumble,2025-12-08T02:29:16Z,0.3736597970516833
9d220d685afdd0e0382e865682969c1a,e478dy0CKYE,Just here for the boomer comments always crying for X content. 😂,UC2hZe__NLW92DEsiP_E8CcQ,@a-l-l-e-n01,2025-12-08T00:42:16Z,0.37358644501863525
e9b8b1525e14febb3cc413c91fd2d015,s2EXTCAFPKA,@Kassas768 It goes both ways. Some believe he can do no right. Some believe he can do no wrong.,UC0EcEYUNaCQDnNEAJy7rpNg,@kevinstreeter6943,2025-12-07T19:32:52Z,0.3732986577990791
394b076a35329c93e24b3b3157d2dfe8,DMrclXpeGN4,you all fucking fired,UCWqFuT3RXo1jKHYRk67GwFg,@aztecabrnsoyyo1167,2025-12-08T04:32:38Z,0.37314133957604967
6d52a32ca4aaea6e28d22755b9581452,RwW4UYoX19s,Bot,UCEXTBV5eQbreTuUztY8p3BQ,@kalsangdhorchilama9717,2025-12-08T02:03:10Z,0.37312182785042547
d6252a6ed2dc34a1516ff749863b1959,RwW4UYoX19s,I wont be surprised if the IDF has been busy in planting evidence the last few weeks. They are masters in telling lies.,UCviyPqvbfaT98_hqZzWXy3g,@tablet6109,2025-12-07T23:00:11Z,0.3730446117175651
e4594efd3c8dbd52b8509408dde80929,dQWfdEyorm8,"Dems first then Reps have cloroxed the 'tapes & files' both a few times ,will it be enough for 1st Felon to Veto ??.",UC5aq2Qlh3nqyEBogW2k8Mbw,@duncanyourmate2433,2025-12-07T21:33:38Z,0.37275636269030926
957807542ab957dd386d8e9cd71f0963,dQWfdEyorm8,I'd bet you ' a 3rd of all Americans love young underage girls,UCo7YWSYoK2ayExqXOshYP2w,@MaximallanBrown,2025-12-07T22:43:37Z,0.3727525299315255
f2c09f24d39f89ef304551bc2f25c260,oylbyE5Zt0Q,Josh gottheimer is Israel first not America first .,UCcz6X0gof6KlkIFGx_4KqBg,@adva501,2025-12-08T01:24:43Z,0.3726322696566924
4652f2ec965ecf9895ea1994d0c161c0,e478dy0CKYE,His prized immigrant 😆,UC3eLRxZOkTWE5UFfNhNZY3Q,@SM-zd6ws,2025-12-08T01:03:20Z,0.3725779265318265
a49f311f2c74498a3922594f61f89274,oylbyE5Zt0Q,"​@bryan805  I shouldn't bother, but (in big picture) Republicans are trying to get rid of it, dems want to keep it going. Now make me regret replying to your ignorance 😂",UCqHrqTAUXJZ_RAEiqCFvq7Q,@moonkey537,2025-12-08T02:14:56Z,0.3725591965515243
690fffe166a80f09b24953fdbc103224,dQWfdEyorm8,​@integritynownews1 newsflash Trump signed it he didn't veto.  Why do you not know that?  It was on several news outlets both conservative and liberal,UC7G-TFWael-XE22yokkhioQ,@billmoretz8718,2025-12-07T21:43:33Z,0.37255223025978373
81b742f31e3f557ff46eada17477576f,RwW4UYoX19s,"@halukkilic3171 a lot of powerful people in on the lie makes it more achievable, I'm not certain that the israel govt on its own could have pulled the wool over the world's eyes. And now that the press is coming in, this is an indefensible position for them",UC6icgClrLZJHTFe19KIqtkA,@Ricard1807o,2025-12-07T23:36:35Z,0.37246731093418894
0507e920890b62834749c6ed9f8ec41f,RwW4UYoX19s,"Israel PR: ""What? It was always like that ...""",UCfVT1-8HZ3BpYjlWlCPdeKw,@barrym426,2025-12-07T23:21:35Z,0.372459107525275
c409e14debd36abbf2f5883eb22c9760,t15c3-pYSYo,This basta**d zionist govt is  evil,UCp2nsUeCqpQDfQrOo_SvzBw,@AA-hg5pd,2025-12-08T00:44:30Z,0.3722451735341107
6039d7c36e92b0cc9b89c9744db5b563,rChcwSozre8,"Hey Nigerian, Africa , and so forth we know your posting your BS Trump Crap, you don’t fool anyone.",UCmrtqy5S9FGzd9_aLRfA2tQ,@kathycruz9663,2025-12-08T02:23:03Z,0.3721895336717089
ff0910f4f27b62f3e62eb10ceec408b1,dQWfdEyorm8,"@KevinPeterTobiason

Isn't Marjorie now a rich and powerful elite after all of her insider-trading in Congress? Isn't that why she is retiring on the day after her pension becomes official? Isn't she laughing all the way to the bank? As she was never in Congress for the service but rather only for the money. Which she now wants to distract from by focusing on the Trumpstein files? She has always been the female Donald.💙",UCXMhq6rYHHBdOwdqIgLL17A,,2025-12-07T22:03:42Z,0.3721816663892262
f9dbc1edf405d191cba40f1b3e92932b,RwW4UYoX19s,Sorry israel committing genocide and killing babies make you laugh!  Israeli lies and morons defending Israel make the rest of the world nauseous.,UCLTT9eGKlJ_Pvg4pny8gtFg,@raminm.8785,2025-12-08T02:12:21Z,0.37215054484241383
6c059f976a926f85bc1c52402a19a309,t15c3-pYSYo,America is done with pig vomit Israel,UCalfTDuHtgXEyWKCs97VuFA,@Shadyjdsmamaw,2025-12-08T01:23:44Z,0.3721262323845833
5c2d685c8c4a405740fffe612c682bd5,t15c3-pYSYo,@Uncanny_Mountain Shut up! I didn't mention doing anything-I stated why is all. Are you Jewish?,UCKvYs0P8E7HRv8-GUCb6-Xw,,2025-12-08T00:52:15Z,0.3717698295949804
0e5c9f18143b4acd802b3bcbc7f857a3,RwW4UYoX19s,ONLY JOURNALISTS ALLOWED WILL B ON PAR WITH THOSE LET IN THE WHITEHOUSE 🤢 !!,UCARxPu4Ospqsr_smVc-il2w,@cheryllines4106,2025-12-07T22:25:43Z,0.37176781429193806
894541e7bd2805c0a812b3f95579f442,KjYSHrFkGrU,Wow CNN showing an Actual Woman .  WTF,UCcGVYYy9SXvsn795uQVwH_w,@MRick-cd1kr,2025-12-08T00:14:30Z,0.3716844921994532
20c6e408afff3f56b0f97322c3c9fa8c,s2EXTCAFPKA,Don't hold your breath,UCn62tr0kKmDe241FEgMvXBg,@SAR0311,2025-12-07T19:08:30Z,0.3716842070032421
1000701d32904e9db051289e23bdbee2,5tvOpAe46IY,"I'm soooo embarrassed by the shear stupidity of the majority of the American people to vote this charlatan back into our presidential office.  What's even more baffling is  these r****** actually believed Trump word fix the economy and lower prices....  Do these voters know who Trump is?? He is a rich welfare baby who lives in a rich air-tight bubble from birth.  You think he's ever went grocery shopping in his life? do you think he's ever glanced at gas prices when going to fill up?  Do you think he has EVER not been able to afford anything?  Then why would he worry about these things??? You think he's a successful business man?? LOL!!! You can't expect a person that has been handed millions of dollars his whole life to know the value of money, he goes through businesses (grifts) like toilet paper, something no one who has actually earned there money would do.  Bottom line is the vast majority of his voters voted for him because they despise Democrats.  Stupid f****** reason to vote for someone.  So now he will run this country like he ran Trump Steaks, right into the F****** ground, and to add insult to injury, he will some how blame someone else, anyone else.  He is the culmination of everything we try to teach our kids NOT to be, and you dumb***** made him the president of the united states.  If there is still a united states after this con-mander and  cheat, there will not be another Republican in the White House for 50 years.",UC0Yy27ZophoN92oLSpeWMVw,@howardtibbsthethird,2025-12-08T02:07:10Z,0.37153222456612617
ff4cdb08c94aef1df6f42eb3b7931413,s2EXTCAFPKA,"It doesn't matter.
Whoever replaces him will be just as bad, so what difference does it make?",UCcqMN88WoC4fuWikdogk6YQ,@tompriceusmc,2025-12-07T19:15:32Z,0.37148019015704026
c120d6b26d73467585696a362486db92,t15c3-pYSYo,"How can you support one and not the other? There is no way. You cannot say I dont like this but I still support them. If you do, then you still support this behavior.",UC7G2R1so6s6Mq09ukpjNjlA,@ShadangerDog,2025-12-08T01:51:15Z,0.3707405410623761
cc4656bd6715165b111a450cb6bbe0e5,RwW4UYoX19s,​@SaeedMustapha-b5tI'm hunting them in Australia. They think they can commit mass murder and the R+R here. Australians are far more dangerous than hamas.,UCsEqNhJAAHQPWMKwtNCKpUw,@glennboyd939,2025-12-08T00:43:43Z,0.3705540673392219
9db3654603dd21b3105895e76968f43f,dQWfdEyorm8,"Guess biden should've released it when he had the chance lol. Hey u know what.
in 4 years u can complain about the next pesrosn not realeaseing it too.",UC3cPxn3nb7hszc3xfg8Anhg,@GregBet-x8g,2025-12-07T21:12:56Z,0.370475488536162
d472a24dc1a7e5e4dfe5df2ea697bf01,dQWfdEyorm8,GO MTG NEXT President ❤❤❤❤,UC86xaIEQVVgtqzyp3Y2AEPQ,@ONEOUT24.7,2025-12-07T22:36:42Z,0.37032251466704574
bd3ed77b1a0817c6c1e0eaa4fa429db3,RwW4UYoX19s,If they say civilians are well fed and properly housed.  We will know they are lying.   If they try to cover up the truth with lies.  We will know they are lying.   We will absolutely know they are lying no matter what happens.   We can't be fooled.,UCqR2mATkDFxJdHYZUvRsEWg,@Flower_ledgends,2025-12-08T00:43:57Z,0.3702535470596874
70b4c408c91fb3f4224ad744356fe415,iFewnvLzzUE,It's a lot of market share ;),UC22Yqdy3eUzBR2kx-vYE59g,@Socrates-y4y,2025-12-08T04:13:40Z,0.3701729266338233
03ddef89adc73c61cf2c9a43106c970f,dQWfdEyorm8,Piggy...as in being greedy with her questions...not hard,UCEu0cBAeuvoyjsbQsvZqZfA,@QuikSlo-1,2025-12-07T22:48:54Z,0.37016262782955867
f99aed83c6ce5ee20a6c222aeea420c3,t15c3-pYSYo,"Dude, don't apologise",UCfb18QpKSI35yX2S_bVgvKw,@breakingthisdown,2025-12-08T01:53:27Z,0.37015185933533096
143506d3da7a47a47772b6407dfa6112,dQWfdEyorm8,It's a bipartisan failure... the only thing both parties can do well - failure,UC6QVPnU-2viDN5cf03PYOww,@emilygrave2927,2025-12-07T21:02:02Z,0.37004217374813975
c3e7bc913e7d1fcfdbe9523a5228adeb,t15c3-pYSYo,@Nonquack Your post reflects your inhumane denial of what the Zionists are doing. You look like an idiot trying to deflect from the video. Don't waste people's time with schmuck mentality.,UCQQq3XCICDKs_JO5DEyz5nw,@deanm1436,2025-12-08T00:43:30Z,0.37003030239993906
e480fc2cb7c0db970f205f271875d17c,dQWfdEyorm8,This happened like a week ago?,UCZHbjMHBKJtWweIuRiKn7Cg,@TheFibtastic,2025-12-07T21:42:53Z,0.3699697864393646
271d31f5da0f1605881f430e8a346b46,e478dy0CKYE,FUCKERY ….,UCHbhHTv0Gh7PFLrwJtJ9M2A,@THEGETDOWNOXCITY,2025-12-08T00:48:31Z,0.3699622675064772
047d37ebad9e9d7078f470c98ecf6f15,t15c3-pYSYo,De-radicalise Israel,UCYtr-YbEF0Lu3PDcNo7oixg,@moldymush,2025-12-07T23:42:17Z,0.36979706152692526
81abf40660d7c44db9b79b740670bee5,t15c3-pYSYo,They bulldozed in Oct 2023. Elons app had pictures. It's systemic. Remember the ambulances they bulldozed?,UC_q6V8VoT2InlkIB04Gx5mw,@ladanomar9677,2025-12-08T01:17:50Z,0.3697902567638436
b5db8ecff380e97d73e16c0154cbb446,KjYSHrFkGrU,And have a very nasty fork tongue and feel like abuse.,UC0iOiVPPGDNy1CBn2vMSbWw,@whitekuk4679,2025-12-08T00:41:43Z,0.36955971900355555
6711f5ccbfeedec4a38d0f7e05d4bbab,RwW4UYoX19s,Zionists kill babies.,UCIVBsTlBt5NSHiJzEPvmUkQ,@BaggyTrousers-d2n,2025-12-08T00:06:26Z,0.3695152736290179
a475c1b541b5be0074a256474d9288a7,dQWfdEyorm8,"I don’t care if half of congress is on the list 
I don’t care if the list “Hurts National Security” 
I don’t care if the half of our allies are on the list 


Release the list now, Pedophiles have no right to exist and they should all be exposed no matter what",UCBkoAVqzelSJ8VRN8uZCyeA,@Americanguy09876,2025-12-07T20:05:22Z,0.36950867394242104
d61cbb20ca1fe2de8f4fc8510ab154b5,dQWfdEyorm8,They will redact heavily and you will not find anything in the Epstein files. US and Israeli Zionists are corrupt to the core beyond redemption.,UC0fTRKidO8XgOgd4dYIh5cw,@JetSetWander,2025-12-08T02:31:39Z,0.3694237479863366
4fee354f82d3af7e1852e1b27e83cabf,RwW4UYoX19s,😂😂😂it would be really funny if it wasn’t so evil but I laugh as a coping mechanism,UCI-WAJKTstGObet5eWLi1Pg,@JerryL-d9n,2025-12-07T23:42:47Z,0.3693500837994346
fd1b6126e8cc5c3309d772603b9927b9,oylbyE5Zt0Q,"Total BS the Republicans are the ones inflicting. Pain. Get this guy out of here, telling his lies is not wanted here or anywhere.",UCaoKfuiXh65zjATLQHenR0g,@annareismith6843,2025-12-08T02:14:05Z,0.36923861725570134
1e7e10adc6ac195ce931ddfa14209952,oylbyE5Zt0Q,Biden lowered the cost of some meds significantly during his term. And Donald promptly took those savings away. Look it up.,UCPFyY0XoqxQx-n6RZMH5Ldw,@mikeb5664,2025-12-08T02:07:22Z,0.369127674826651
594927051733cff0cd8ca0aadd43d246,oylbyE5Zt0Q,​@billmcgee206610 years? Do you not remember biden? And Trump is not even a year into his 2nd term and the whole time dems have fought him on everything and left the border open all drain the system to the point of chaos. It will definitely take awhile for it all to be cleaned up.,UCXbqsvPZdwsu6FJEnN-tpmA,@tman46544,2025-12-08T02:37:15Z,0.3690268880045432
9d12abedb1c17ffef8f216283cda255f,RwW4UYoX19s,"Remember that the Bunker under Al Shifa was built by Israel in the 80’s. They have a bunker in Israel under a Hospital too. Find out when anything they point out to journalists was built, because they may be pointing out their own structures that Hamas would be stupid to use since Israel knows where they are and how they were  constructed.",UCsbYCTphDYeBRZuTsn08bDA,@mamaduntoldu7065,2025-12-08T00:26:29Z,0.3689686521196719
d6009708e76008f121b17daa4a3216a8,RwW4UYoX19s,Idiot. Niave military dumb squat,UCfYSjnl4tEMKgsLcQ92D1RA,@scottheller1379,2025-12-07T22:52:11Z,0.3689200901157268
dc70e0b890ed2e32874e94eea79aeeb9,RwW4UYoX19s,"Both Hillary and Ben Shapiro saying the exact same thing about the exact same issue, if that doesn't prove who owns us",UCakIy8OiOMtuC01WkxA36aQ,@TJS44_,2025-12-08T02:24:32Z,0.368800208471046
b97311596cd0dc8e48090bce08eb21bd,s2EXTCAFPKA,​@reneedewey7962how does wanting to get drunk over the holidays mean she's an alcoholic? If I were living in the U.S. right now I'd definitely need a drink considering the country is in chaos and circling the drain economically (from the perspective of 99% of the country).,UC0H-a_1X3v1bsCdmp4oXR-A,@shaneodwyer6132,2025-12-07T19:16:08Z,0.36850150116401165
a1cb7bbfec4806c757c5ce5030c1ae5c,e478dy0CKYE,"Don't Want To Say Retarded, But I Think trump Is A Little Slow.",UC7r_jS3XLZu-QFgIUGYwiiw,@eddiearmijo6635,2025-12-08T01:49:16Z,0.3684674304171105
f3c7394b33869c5f7d177578a9793a02,rChcwSozre8,They are a threat to national security!,UCc5aT2g2MgdtadM5yUc_TSQ,@JeanneCampbell-h4h,2025-12-08T02:16:28Z,0.36846740880212914
2c65a8bc9679077f566ba939a74fcf15,dQWfdEyorm8,Still voting ????😂😂😂😂😂,UCa5zkVteixdOHx1_zmRyJ_Q,@gcinizwidlamini406,2025-12-07T21:35:51Z,0.3682724308161373
9eb0c2907c31eefab4f9fba4bc5aaf37,oylbyE5Zt0Q,"It’s ok , they got nothing … don’t hold your breath",UCxsm8t1vR0sXU4dEkmEHVjQ,@oscar.p3214,2025-12-08T01:54:21Z,0.36821607043806626
a5ce75627cd28c1f572633cbd8f39443,dQWfdEyorm8,"You used to understand that this is a left / right divide, and that both parties are on the right. Suddenly you're pretending that there is no left or right,  just like the right have been for thirty years.",UC5NYbh-5DUjDXkJmg4Kdgpg,@josephharte,2025-12-08T01:18:17Z,0.36816246174622197
f2d1c8f78ca3d1dda04bf39ce7903180,e478dy0CKYE,Do you know that Jeffrey Epstein was dating Melania before the Donald met her?,UCIAfEDr39yoxzsMT8F1v16g,@donvonschitzinpantz,2025-12-08T00:41:57Z,0.3678750665510899
1961249e79a2848a6ce688e9f365af29,t15c3-pYSYo,Except that being accused Zionist is a compliment.,UC_2G-uSo2ZpRHMgXlRzAxIA,@Based_Clear_Vision,2025-12-07T23:38:12Z,0.3676809185059967
f30561159dbc400aeefb4bfd4964367a,s2EXTCAFPKA,I’m a dem. Shri must go.,UC9vgr9A_cgFplP22d4beUSg,@AJFreer,2025-12-07T19:48:06Z,0.3676753733288069
3e2955042b7b8814264ff58a55962741,rChcwSozre8,If 90% will loose money that means they're taking millionaires money too.,UCoDjDBxELy_djIq0SMBBkMA,@JaniceMerrifield,2025-12-08T02:27:34Z,0.3675525087884336
2e374c90ecc7e0fa9423e6434f7f563a,RwW4UYoX19s,Goebbels was a complete amateur by comparison.,UCwlNAyHPoc9B4AvXhL8oeyw,@spacewrecks,2025-12-08T00:18:19Z,0.36710592289108623
975099d67d98d4dce524f9749239d542,RwW4UYoX19s,Oh how good is this! Can we send them a couple of ex Aussie SAS troopers for their protection? Free Palestine. Bomb Israel,UC9tJhU4L27FhM6Z7GGum2uA,@MitchJW,2025-12-07T23:28:01Z,0.36710444470025094
868d064a05da186c555194782004f2c5,t15c3-pYSYo,"Jews don’t believe in Heaven, so there!",UCzYItLPlTznh5rKJuWmvLLQ,@mikeg2306,2025-12-08T01:39:39Z,0.3670396090779287
1dc9bab17c0acfd5978e2aa51f733f65,dQWfdEyorm8,"Clickbait.  No files have ""dropped""
Wtf
Do better",UCpSEFToGGts_D3nZwhlFeaw,@_ULTRA-_-QMAGA-_-PARROT-_-,2025-12-07T21:04:41Z,0.36700084428999813
11ae0b113afbb434f84bbd540151b808,t15c3-pYSYo,Every single day more and more people hate the terrorist state of Israel🇮🇱👹🇮🇱👹,UC72OaTLYakh3AqydTS0TwKw,@williamappleby1901,2025-12-08T01:53:49Z,0.36671134394438376
6e2c0cd08c1ce42a8657b09077901083,oylbyE5Zt0Q,"People use this opportunity to let politicians know that you are voting and this matters to you. If it doesn't work they'll be out.
 Blow up these comments and let them know that their role is on the line. 💪🏼 💪🏼 💪🏼",UCiXDnjn4bGGc26Wbwi-9teA,@simplyme922,2025-12-08T01:56:55Z,0.36663248919814817
8abb3ec635f225e9ad8aa7fe27377390,dQWfdEyorm8,Love you ANNA ❤❤❤,UC86xaIEQVVgtqzyp3Y2AEPQ,@ONEOUT24.7,2025-12-07T22:37:16Z,0.3665929794882331
1cb12c57d4421db7cdd1515851a69f71,oylbyE5Zt0Q,"Cant go against big pharma. Impossible. Presidents come and go, but trillion$ business is something else.",UCeV9SiQ8ywwtk0L6d747erg,@will-f7w9p,2025-12-08T01:59:32Z,0.3665821355293885
07e30e703d42fb021fcf026cc3d6bf24,t15c3-pYSYo,Israel has done hundreds of war crimes,UC94TwVpQdMVjgk8KDmIi_Fw,@SuzannePepin-r1r,2025-12-08T00:19:57Z,0.3664545500321069
e80b50dcf3776f5829eb783ff86a0893,oylbyE5Zt0Q,@will-f7w9p Biden reduced the cost of some meds significantly. Then Donald promptly reversed that.,UCPFyY0XoqxQx-n6RZMH5Ldw,@mikeb5664,2025-12-08T02:08:44Z,0.36633177926597055
d6d0570aa871128d4a406b265c0fa957,t15c3-pYSYo,"@TinaB123-i8i It is called the middle nation in one religion. Yes, I know we are talking politics that shape nations.",UCQQq3XCICDKs_JO5DEyz5nw,@deanm1436,2025-12-08T02:03:10Z,0.36628481765834087
f43bf48e92a51d96bc5dde87eb5267c2,oylbyE5Zt0Q,BS,UCzJFlvyDL2lIm6nYRWymn8g,@bluesky6361,2025-12-08T02:39:27Z,0.3662388317131997
80a868f4542d016273eb7d708f0a4087,rChcwSozre8,They all make money thru insider trading on the info their Dad's supply them.,UCrYoaG2WwlE-Vr2LExzKa5A,@redbuoy9496,2025-12-08T02:25:21Z,0.36617688897427525
c80c1473d827e8d8d16bd58ce2c74975,rChcwSozre8,"Just can't get enough of slime, corruption, arrogance and stupidity?",UCOKXaauDtahsPXzhZ5mx70Q,@c.a.t.732,2025-12-08T02:08:59Z,0.3660018579302101
bb5813960c92139b0089a6039afa8386,t15c3-pYSYo,"Once again not addressing the facts and evidence , just screaming jew hater doesn't work  . No one's buying your crybully BS anymore 😂",UCboIOiWw62miS07H6CfR5jA,@nuriben7910,2025-12-08T01:28:47Z,0.3659869144338399
ccee2a93210a2a03d7dc19df766b2d5b,s2EXTCAFPKA,... lets try and ' cling ' to the truth ..,UCUn38O3kzCbhafs8FfsM7_A,@David-p9p1z,2025-12-07T19:43:19Z,0.365805281261533
2a2e4949d0b32ae83e842cca9a0e7740,5tvOpAe46IY,A desert of darkness in a plantation of white,UCrxRIrgS-6dc09ddsjN8MQg,@KevinGlenn-y6i,2025-12-07T21:43:33Z,0.3657662893135636
091d2450807208a44daab8d22ddc3e19,oylbyE5Zt0Q,everything you said is wrong and zero sense.,UCAH3L2VwTu5TSUM90d4HXEg,@radomirsretenovic8492,2025-12-08T02:34:34Z,0.36575333943888927
8efe3a4ef12de80f74fe3eac807555d7,RwW4UYoX19s,Imagine allowing a murd@r suspect to dictate what part of the crime scene you're allowed to see.,UC4v5_5ALkQnqc201PZEh1jw,@niznoz8379,2025-12-07T23:14:43Z,0.36524756397271607
4d53316d206e1761a1a0928ea90d1941,KjYSHrFkGrU,Elon revealed that over half of Biden’s followers on Twitter were bots. Democrats use them to create false narratives and fake support for their weird political views.,UCoOJg6dZZvzCEeFUj7ECQCg,@DaveSchultzXXL,2025-12-08T00:26:19Z,0.36516849647523875
0925998944c23ec3c7d23ac594c5b665,RwW4UYoX19s,"But let's just be clear, here. These same people streamed into Russia in 1917 and (who really knows the number?) some 10 million Christians ''died''. Then they landed in Palestine and did the Nakba on up to the present day. NOW, we have masked ''ICE'' on our streets. Underneath some of those masks are IDF operatives, getting into position. This time they will do at least 100 million. We are ALL Amalek to them and they have been making it clear for thousands of years in their ''holy'' books.",UCnSKrl0EpkITwuQQvmqkA0g,@meetontheledge1380,2025-12-08T02:14:09Z,0.3649672944763458
c50dcaf7ed16ebc7697316f33bafc314,dQWfdEyorm8,​@b1gbo1-22the only thing good I've seen out of Rho Kana is the fight for the Epstein list! Don't act like saying TM and mtg is a Republican take!  lmao they are America first and at this point that's what we need for a couple years at least.,UCMQALC5O-doGAXmQVvy_lgw,@812Jwilbur,2025-12-07T21:21:46Z,0.3648715644610542
c3eef9a718b9d34c9052cda8aef64f14,t15c3-pYSYo,F🤬🤬K Israel. Kia ora hello from Aotearoa New Zealand 🇳🇿,UCQwVjF7G86h3xPBNO9AsTxA,@heathcornbeef,2025-12-08T01:39:21Z,0.36478164651634304
c4374abf134ca51f053a387c5782c334,t15c3-pYSYo,"_We Woke Now_ did a great interview with an ex Chabad Lubavitcher, who said they do Necromancy under the Synagogue in Brooklyn
Ghislaine's Father Robert Maxwell was also Chabad, like Rebbe Schneerson, who signed Noahide Law into American Legislation via Bush and National Education Day, November 11 

Schneerson was Ben Zion Milekowski's Personal Prophet, both Kushner and Ivanka are Chabad Lubavitcher",UCDj9QH2hXpVW-ciZ4_op0kg,@Uncanny_Mountain,2025-12-08T00:17:30Z,0.3647334202048949
79e1c72bcb41721786dd7745741662a9,KjYSHrFkGrU,Wow she’s hot,UC-2pV1JjMLcKwxJUmd4JG7g,@TylerJRobinson5088,2025-12-07T22:46:07Z,0.3645367420375284
070fb6094ec88e38f91705be031df32f,t15c3-pYSYo,​@mikeg2306Comment somewhere youre wanted jew,UCbFiCveMLv_jY2qr9Fj1R-w,@DorianPriest-i9i,2025-12-08T01:54:08Z,0.36449559875962056
45ebd4f60134ba9d60e512ece5dc3c87,5tvOpAe46IY,Trump and family economy. They get rich and the people get poorer. Wake-up Fox,UCIiwBDYlIX5JYvpwvocKSOA,@marygib2939,2025-12-08T00:15:32Z,0.3644825910893207
9f2ae6aedc3632a4a95992811a3ceffd,t15c3-pYSYo,"This also seems to align with what Lt Col Anthony Aguilar has said (the guy who worked briefly for the Gaza Humanitarian Foundation) - not just killing people looking for food but burying them anonymously by bulldozer.  Was he right about ""Amir"" or not?  I don't know but everything else he's said has checked out including this.",UCTe82Zelr3x3lR55GoqambQ,@chancerX,2025-12-08T00:42:50Z,0.36418981260242533
babdab8cafaf06356169619010b03563,t15c3-pYSYo,"CNN has an agenda. They do not report anything objectively. There is no proof about anything that they are reporting. TYT says ""This video"" : and then they make up a random conjecture explanation. 
Wait, did Jordan actually say ""we spoke to 2 IDF soldiers""? Does anyone at TYT know that they could be indicted for their participation of fabricated misinformation for the purpose of encouraging violence against Jewish people?  Because of course they have not spoken to any current or former IDF soldiers. 😆 However, the production creativity during the narrator's speech is hilarious,, some random guy looking at an apple notebook gives us a real example of authenticity. 😂 One of the best things that Cenk learned from CNN befor e he was fired from there is how to many fake videos to convince the gullible. This whole video deserves an Oscar for best acting in a fiction.",UC_2G-uSo2ZpRHMgXlRzAxIA,@Based_Clear_Vision,2025-12-07T23:30:45Z,0.3638886616065848
ed27e27b78f54e3b65770bb56f805c16,t15c3-pYSYo,"Israel is the root of corruption on Earth; it is not historical 'Israel', nor was it legitimately endowed with land. It connives, schemes, blackmails, assassinates, slanders/libels, or bribes its way into political power because it inherently has none. Its people come from every country, and it uses that as a shield.

Human shields, from all countries. Every accusation is a confession.

You people make us sick.",UCJ8x1GDZ2f81Eoq5EU7aJrA,@TheRotnflesh,2025-12-08T01:46:44Z,0.36374884488513315
765e25b7ee50db2f3b4e8fe99fd79002,e478dy0CKYE,The third lady,UCSUkJFPrPtSK8kfs63mtmeQ,@rosemarygallagher3076,2025-12-08T02:22:56Z,0.36367159989662157
64e83b3ee42ccd2e98e2c666a6336c22,t15c3-pYSYo,"If it was the other way around after everything I've seen, I'd say who but Israeli terrorists and their supporters could blame them.",UCpj8MlZSrkH-TzKEVEQeyKQ,@lostamongus8888,2025-12-08T01:21:31Z,0.3636626823382606
f6380825ca4fd241749b7d9fa7dd8331,RwW4UYoX19s,"Thank you,  NO amount of hasbura will ever repair and save izzy from its self inflicted demise.",UCvCThEYjUXS1BPL6uhR_qLg,@christopheuhlin7309,2025-12-08T01:59:55Z,0.3636115893760216
277060499caf747fcfcb83764a777306,RwW4UYoX19s,"Ever wonder why 22 Arab nations and Iraq want nothing to do with Palestine?
ZERO aid from any of those countries.",UCmF5u_Pk4xaHumwEPjYunzg,@hunternedib1119,2025-12-08T02:07:09Z,0.36327879148482034
839bba6322c21458e708b424d598dcc1,t15c3-pYSYo,"Doing all the murders buldozing of the bodies graves etc they knew there are only Palestinians
THEY KNEW DOING ALL OF THAT THEY KNEW THE LOCATIONS OF SO CALLED ""HOSTAGES""",UCFeTNd0o19tfSey55bjF-Aw,@Inna-ih7nv,2025-12-08T00:59:29Z,0.36318581194770644
7912b38542716cba00194a06967c0a88,rChcwSozre8,it's his pathetic supporters that need to pay,UC4jGtCVMc2KWvIySIX-OCFQ,@rickmcdonald2233,2025-12-08T02:36:12Z,0.363128964530375
99db139bf17c4a43c023ebde4239fbf3,dQWfdEyorm8,Are you still talking about that guy? Jeffery.... Epstein?,UCGeNLDlLSaoWnMdB4i219Bg,@no_lordfarq,2025-12-07T20:51:57Z,0.36302698542883344
7eaaab8ab489d3fa82c0dbde2026eb84,t15c3-pYSYo,"They should have focused on Hamas instead of  innocent civillians, they could have defeated their financially backed ""enemy"".",UC8Qm4I0hLOm-Ykxy0uBNmbQ,@אמנוןהנשליף,2025-12-08T00:49:08Z,0.36268650563593785
ff4bde962c2b9fd237135ef5308d888c,dQWfdEyorm8,"it's not a left/right divide, it is a neoliberal/centrist/right-leaning-centrist vs far right divide, while the far left are branded as ""terrorists"" lol
they're basically now framing the center as the ""left"" and the real left as ""terrorist"" pretty much, while the far right actually have a bunch of REAL terrorist groups, like the ones calling themselves ""proud"" and the ones who were at the capitol on jan. sixth",UCnBrbkVOmTMpzjAQ5NCOuwg,@SeeMeRolling,2025-12-08T01:34:24Z,0.36257749916467363
3a7d8e2775f92fb82837094f32e91971,RwW4UYoX19s,"Fun Fact
During the Gaza War, not one gay person was decapitated in Palestine.",UCmF5u_Pk4xaHumwEPjYunzg,@hunternedib1119,2025-12-07T22:44:27Z,0.36244543698806264
90d42b4935c5e8d78d0a69efc3431696,dQWfdEyorm8,"Just a heads up bubba is Bibi, and we need to replace our whole government. MTG and Tomas Massey our are only hope at this point.",UCMQALC5O-doGAXmQVvy_lgw,@812Jwilbur,2025-12-07T20:51:17Z,0.36182873806556126
a9ae542c4209039592e654bdf186ff76,oylbyE5Zt0Q,All on you now Trumpers. All on you.,UCm0gI5ZNFaiBiQVZE4Tl_wQ,@richardm4825,2025-12-08T02:14:23Z,0.36165478990898003
7074c1904808d4f2dd0f501847e32ef8,dQWfdEyorm8,About fuqqing time,UC2-GQjwaTpvReeLF8_Mq3CA,@Fitnessinspiration0111,2025-12-07T22:09:53Z,0.3616079189172686
7d85dbac62e0c7960ea09b883d8b5fef,dQWfdEyorm8,I don't think we're gonna see anything but redaction marks. It's gonna be pages of black blocks. But i do love your enthusiasm,UCHPwz03Ao7HeMlvEn32ampA,@HonestLeeMeThompson,2025-12-07T20:53:59Z,0.36159421188571905
d670ba925879c798400286e2579e32f1,oylbyE5Zt0Q,"GOP, ""Let's cut the capital gains tax, so the money can trickle down, and _The poors_ can use it to buy health care.""",UC5_P8Lcig0WIoLL6Gw_8P-g,@badluck5647,2025-12-08T02:15:12Z,0.36150304067978156
e3321453440b528aeed0ccd0ba39d81a,dQWfdEyorm8,"Maybe Jonny Somali the notorious Nuisance Streamer, and incidentally Jewish,   was closer than he realised when he paid homepage in public in Israel to the  👑 of the J , Jeffrey Epstein 😅",UCnRaeTDfZ741eLL07jPIl8w,@jonstersmall2716,2025-12-08T01:28:10Z,0.36150138433862455
23652545f7fa2e6532740eee8f6bf70c,RwW4UYoX19s,Stfu,UCdq1lNFbqQRWchCWTFEC5YQ,@AMa-j9w7s,2025-12-07T22:35:22Z,0.3614922446454836
d6ff97a0c98569f7e26fdcc1de3da2ad,RwW4UYoX19s,"Anti-genocide=antisemitism
If it's alright for the Israelis to do a genocide, then why not an alright
for the Nazis as well? And those Nazis who were put to death for genocide
should all-without exception, receive posthumous pardons. One good pardoned
genocide deserves another. Why not. Sence justice, humanity, and decency don't
mean anything anymore. Oh! The next time you want to send one of those gold 
records out there, to tell whoever's out how wonderful we are, you might want 
to add a 'But '...",UCODc_hPhCsPKyyBl5z0E_xA,@davidrobinson3434,2025-12-07T23:15:22Z,0.3614877321061012
179e15c029a9d6eb493e3cc798f84b46,e478dy0CKYE,Just is,UCO31XKveNp-QvMTSkRJLlAg,@DanielMedina-u8v,2025-12-08T00:46:06Z,0.36147952766212793
e3f3a59ebacd69741fe8fcf704309f50,RwW4UYoX19s,that and also URGE them or WARN them to stop and then…DO NOTHING. infuriating.,UCFrx_QgPV1K7Y8A6UXG14nw,@beepbopmeepmeep,2025-12-07T23:20:25Z,0.36146010884773294
ca0f515040be5ee0d5099b741096df56,t15c3-pYSYo,"According to the u.k. periodical ""Lancet"" it's already in six digit figures since 2024.",UCYQWcUVh5TZDHP7kF4r6CRw,@sheldonscott4037,2025-12-08T00:30:07Z,0.3614489032951305
ee802b75c0bc26327bcddc520ddab18a,RwW4UYoX19s,shut up soy boy simp,UCB6G-Nk5GlMGNffrMcdKO4Q,@MatthewHerbert-s7j,2025-12-08T02:44:43Z,0.3611786277995469
3f57bf3dea242670eb7d60d06646bd3e,5tvOpAe46IY,It’s not them turning on Trump. It is all about optics and perception. People will blame whoever is in office even if it isn’t really their fault. A lot of what was in the BBB will not go into effect until next year and even the stuff that is technically in effect will take time to really have an impact. I’m not 100% on board with some of the things Trump does. But I’m willing to give him at least another year to see how things pan out.,UCXz3RoC3tPKnbSx6_PTWo2Q,@Jermsybug,2025-12-07T22:26:40Z,0.3611592139464346
08a692c679153ef93bae3b35de1fc416,t15c3-pYSYo,And they have the God damn nerve to complain about the retrieval of Israeli bodies buried under the rubble they have the nerve to only allow heavy machinery to find those three bodies but not help to unearth the body that they bury themselves returning Palestinians bodies back tortured and brutalized and missing organs the evil hypocrisy of these monsters,UCVMsE_qPVNgCYS5pMolRaiQ,@KaiCo-oi3fh,2025-12-08T01:24:56Z,0.36115628584108656
99a608a30816c36e74081a195048f176,dQWfdEyorm8,Until I see everyone on that list in jail and they can plead there case from there . There is no justice,UCHiKw-wxZZ9LtTvaB0APqOA,@Richardson_Mg,2025-12-08T00:05:52Z,0.3610705544384486
c30398343a9c3e9b0408f9f3cbb90443,5tvOpAe46IY,Reading a teleprompter isnt hard...an kindergarten kid can do that thus Jesse can as long as there arent big confusing words,UCk8SdMJBYSF6sxrcdFFW8aw,@rollerrabbit67,2025-12-07T21:42:03Z,0.36105816701405047
ee7251c1be4c61ca5196d30fb2d23b51,dQWfdEyorm8,"​@cathyosbourne6986yea, also, I remember this happening 3 weeks ago, pretty sure I watched this exchange live two weeks ago, and I'm just looking for new info, not recycled content moonlighting as new.",UCSN3IQHAz0Jpiab7hcUpZgw,@dwarfcow,2025-12-07T23:04:15Z,0.3608115510167006
849133cbe93fca22272e381849f04bd4,t15c3-pYSYo,"Trying to get food for his family, Israel is an evil that the world has never seen.",UCxCvweBY28i56Eswlgv5e7w,@GoingSouthGarage,2025-12-07T23:17:53Z,0.360704714054469
3f80245e0ce9be4f40e94ff4e889ffcd,t15c3-pYSYo,"It's because they all get abused when they're young. It's a narcissistic, macabre cult masquerading as a nation. You should see Israel's child sex abuse statistics for example (as per their own sexual health clinics/charities), especially in the settlement communities. Truly terrifying.",UCkS42KUWIzoMtCguquq-ylQ,@ttttttttyyyt,2025-12-07T23:39:38Z,0.3606290660987023
955cb03b0e7d1d3c28c5c054cc5b5613,RwW4UYoX19s,Have i told you that i love you lately?,UCB2Ww9ziG7xi1pzxHu8e0Tw,@HBPEACE,2025-12-08T00:42:55Z,0.3605011609007124
423c74ad508ecbad7326693ed14caa0f,oylbyE5Zt0Q,"Our Government is giving $35 billion dollars a year to health insurance companies. Since Obamacare was passed 15 Years ago, Insurance Companies Revenues and profits have increased 10 Fold and 85% of those profits is the $35 Billion a year that is given to them through Taxpayer's Money. Additionally, since Obamacare was passed the out of pocket price has quadrupled and the quality has Tanked.",UCykS9EXkbjcT_KiURF6oN-w,@richardhoward6564,2025-12-08T02:31:16Z,0.35985481332580344
e577bee0edb90c70c51fc859f6931726,RwW4UYoX19s,People said the same thing about the jews in the 1930s you realize,UCJLLQeLaoiihayOm-2MegWA,@omgimonfire123456789,2025-12-07T23:41:19Z,0.3596268465683704
2324a588560c40006adcb4390906f21b,rChcwSozre8,"The orange blob should stay out of other countries business since he isolated himself from allies and countries, work on your own country you in a recession now fix it.",UCQbwH3YWoIW4YnuS95_d_yQ,@Skye-t6k,2025-12-08T02:36:26Z,0.35955453571955553
d58e206a9214bd8f6598d9478b522c49,dQWfdEyorm8,I can honestly say that Biden was trying to make stuff better for us yes the economy was good it it wasn’t good for everyone and my take on it is that when you tell ppl things are great and they aren’t ppl will reject you. Harris had a small window to say to America I feel your pain I will make life more affordable and she did not do that. Instead she ran around saying Biden was good and I’m proud of Biden. He was unpopular for a reason not only because he was old but because he was establishment and ppl are rejecting establishment all day long. Why because ppl want affordable healthcare affordable housing affordable college and childcare and Biden did not deliver any of those promises as soon as I saw him not fight for the enhanced child tax credit I knew he was done and that was when his poll numbers started rushing because ppl saw the real establishment Biden. He literally took out of his legislation a minimum wage increase because he was trying to get republicans to support his bill and they still voted no. And ppl were rightly pissed why try to make republicans happy when they will vote no anyway. Harris was talking about child tax credit something idk what she was even talking about she never mentioned affordable housing or taking on the debt problem Americans are facing with mortgages and student loans. And ppl are tired of being last it’s time billionaires are last and tax credits for American families. They want the ability to live and feed themselves and their families period healthcare costs were already high under Biden and the government subsidies were helping a little ut American families were still struggling to pay for healthcare and that’s the reason why Biden lost and Harris did not even talk about the issues I laid out. The solution to win is making life affordable for all Americans not just few.,UCTdXcO-HTQopWNDC-qt2nZQ,@joshuagarcia8096,2025-12-07T20:38:32Z,0.3593342194771051
75c795b462992a1cadaaf2047504e123,dQWfdEyorm8,@TotalWater-pb4qg You are too stupid to even respond to.,UCHvVFp1J48cf705Oswk3BDA,@jdmjdmjdmjdmjdmjdmjdm,2025-12-07T23:28:22Z,0.3593003795147107
c9158be4e4acf9d538cac74610dac183,t15c3-pYSYo,"CNN, im shocked, I can't believe it, im guessing whomever did this report was fired.",UCYC-F_lHUzysKfLQv6N5XZg,@khaledsiam6337,2025-12-08T01:58:47Z,0.35922443738183396
6dd017dbe30c50dcbabc26ecf79d4a85,t15c3-pYSYo,"Dude it is no  international law, money is the international law😅😅😅",UCsTNIgJqwdMHBNvXV-LAERg,@ossaresgebremeskel5921,2025-12-08T01:11:28Z,0.35921662239744845
cb3c6027389254f97c60752be0aa097d,dQWfdEyorm8,Good vote,UCAUJoWMicKCLyzfv6jlccwg,@MountainMusicRadio,2025-12-08T00:21:21Z,0.35918094701255626
6ca14d851d5a16b501697bf2d41756c0,rChcwSozre8,"Meritocracy degrades to Plutocracy, which in turn devolves into outright Kleptocracy - all the while cheered on by those ill-equipped or ill-inclined to better themselves through rigorous education - as long as it ""owns the libs"" no crime is too extreme, no debasement of the nation too great ... farewell America, we hardly knew ye ....",UC1d3q5WROfkp-Y5fUBvSW9g,@davidbentrin1088,2025-12-08T02:05:49Z,0.3588787492205802
7ed34b923170a8f18f0fb7ccd4f4b186,dQWfdEyorm8,Pissreal bot,UCRhqsKtRw5E-mZEQeQxh1Dg,@cathyosbourne6986,2025-12-07T20:44:17Z,0.35885569178451027
0bcacb04b873e888deaa17bca91727a7,KjYSHrFkGrU,He should find the right owner to buy the Miss Universe Organization from the JKN and Legacy Holding,UCT3NgLNHGYXYA2mGQbaSw0Q,@petewong2372,2025-12-08T01:33:43Z,0.3587711987226366
ab58ce6230a85133d92290b3f2a3bc88,dQWfdEyorm8,Seriously TYT is turning into something gross- literally gaslighting its own audience to think a month old video is news,UCavTJXo9JGvUliqyeOCgCng,@thesongreborn,2025-12-07T20:38:10Z,0.3587641055954861
5e52d1d70af34882244ec4313838b41e,dQWfdEyorm8,Open season on insulting the president - that obese accessory to ethnic cleansing future human plum-bob.,UCKN46S8vvDK-ZD4ZelTShNw,@FreedomMajore,2025-12-07T21:54:06Z,0.3586651814236608
3da97d0c3cad7415216954a7e29727b3,oylbyE5Zt0Q,​@ThePaterfamiliousIs that why democrats are calling to tax americans billions to hand to insurance companies?,UCn6eZbZXgeC8lbGpeacwfew,@webporta-1,2025-12-08T01:48:07Z,0.3584964830624899
4e8b2b5446aea4fe9029761159c44640,dQWfdEyorm8,"Institutions gutted and reformed? Oh, kind of like DOGE did?",UC0qnzjl-NzsFmdhrpyu753g,@DavEstra01,2025-12-07T20:21:01Z,0.3583741446148002
64505c20b23db884ac19e6f0735aacd6,KjYSHrFkGrU,​​@DaveSchultzXXLRepublicans do the same. 1:34,UC16XEA0194vmBskJ2Yju1XQ,@User-q9m1m,2025-12-08T01:26:41Z,0.3578599680669371
4004b538e71bdc01b14a5484c7a71fb5,dQWfdEyorm8,Awesome and true!!!! I don't give a shit who is named. I just want justice for the victims and hopefully some deep looks into the dark crevices of US politics!!,UCnC-g3tdzqB7ee2w6m8IQ0Q,@timbuckman3870,2025-12-07T23:04:52Z,0.3577054974321832
e5502dcf08e090060a2c999d68cf3ad6,5tvOpAe46IY,Jessie also want to be on his knees for Trump,UCVB6rQIq_YO0E0o22vq7xjw,@nicholaspowell7931,2025-12-07T21:33:08Z,0.35760952222287645
5ad6928c8b93a34b41ae0e8894e35af2,KjYSHrFkGrU,Miss usa and majority of the women didnt realise what happened,UCtQeo8yEi46OBZfK7of5pRA,@AbekhoReady,2025-12-07T23:06:50Z,0.35752352656635955
d543b02a179553c131f57433f03cf35a,RwW4UYoX19s,"The story is clear Israel was attacked, they destroyed terrorist groups and we are grateful",UCB1gwMW-StFX-Vm4hegMCAA,@dazzle1933,2025-12-08T01:28:04Z,0.3573196914566383
252b8b592000b4e559e7e79bffe94f02,RwW4UYoX19s,Shocking,UCs3KRBKPc1CHC9jN8rlMBNQ,@AliBenrose,2025-12-08T00:43:18Z,0.35719135637909327
f9cb839e5e45ca82c793b5b18cd49f70,t15c3-pYSYo,"my cat says maintain
➡Boycott!
➡Divest!
➡Sanction!
➡Shame!

Stay on the right side of history!😺👍",UCO2V1AWXi-yVwKzgqV2nH4Q,@fidelcatsro6948,2025-12-08T00:01:51Z,0.35710866588996215
7f236938a2744084e7a2e7e68bacc5d3,KjYSHrFkGrU,Shes so beautiful and such a beautiful personality ❤❤ so happy shes the new Miss universe!!,UCKnlWVizjWLivDrUOBrawZw,@estertellez4571,2025-12-08T02:09:33Z,0.3570360350338997
46be534351664a06c71d11f01a632335,KjYSHrFkGrU,Check here visa and passport. A lot of Mexicans violate US immigration law.,UClGG4NBhpL85Z8LuyqLUJ2g,@rolback5055,2025-12-07T23:48:35Z,0.3567703414398353
31f144cbe99ce983618c0fc74e7c9687,5tvOpAe46IY,"""The economy is doing great!!"" Donald John Trump 2025😂😅😂😅😂😅😂😅😅😂😅😂😅😂😅😅😅😂😅😂😅😂😅😂😅😂😅😂😅",UCUWNXQIS_5XEMGBgW3FBKFw,@cigarfeeler,2025-12-08T00:15:05Z,0.3565920093636824
9a10b43dc936b016956d3c04732133ca,oylbyE5Zt0Q,How does that change it being the right thing to do now?,UCCPZ_nqv98mbUkN1mM_GKqg,@timothyburns2081,2025-12-08T01:26:56Z,0.3564652385131609
de63d063c4954a84984213106a7e274f,RwW4UYoX19s,Satan's chosen. We see the choices you made. Sickos.,UCGMSQFloA65nEBjhJzlMjVg,@lailaoftheeast,2025-12-07T23:37:05Z,0.35628770021125883
d435302b2c53112e6ecd833380c55986,5tvOpAe46IY,Idiots,UCrSpdOiDRkaSljngY0PQR5Q,@thenazgul9966,2025-12-08T01:34:20Z,0.35624342710955453
2dca4bb78d005295023c905e5d8eea56,oylbyE5Zt0Q,Me being charged a couple grand a month so 10 people can get their fifth heart transplant because they are eating themselves to death is defintly not cheaper.,UCn6eZbZXgeC8lbGpeacwfew,@webporta-1,2025-12-08T01:46:36Z,0.35608831232861154
39a07bd1373eca32c64f80be5829a2d8,t15c3-pYSYo,This is painful to watch 😢😢😢😢😢😢 I never thought humans can be this evil to another fellow human being and the world 🌎  can silent about it😢😢😢😢😢😢😢😢😢 Free Palestine 🇵🇸  and free world 🌎,UCAo7QxXpZXkHKEgn7Jf2ZRQ,@naimoahmed7734,2025-12-08T00:44:01Z,0.35587044654226463
b43490931962b88d940b0983c6bb70d9,RwW4UYoX19s,There will definitey be a two-state solution. Netanyahu does not run the world.,UCyA_P9Y-R7vysXuvwY96ykA,@SydG01,2025-12-07T23:08:50Z,0.35584483354241564
fe9b278cd4872d1f246b9fa04c486fe6,dQWfdEyorm8,Maybe now Donald Trump and his fellow oligarchs will have to pivot to AI robotic minors who can be abused and molested at will with no consequences.,UCyJU9xxUKtw2jesxG-ItYrA,@benedicthlongwane7186,2025-12-07T21:37:48Z,0.3558041708117827
1b527212e0e92a5efaa9af0c12b8e6b2,t15c3-pYSYo,"Go cry in a corner then, there's nothing you can do, you said so yourself",UCDj9QH2hXpVW-ciZ4_op0kg,@Uncanny_Mountain,2025-12-08T00:40:33Z,0.35576186219251943
07e8cd32bc840cec6c123a1c2dff7e62,KjYSHrFkGrU,She seemed like a genuine sweet person. Honestly glad she won,UCWwlAIoJYE-yJr8xhmDwbgQ,@Deceived-r5n,2025-12-08T01:50:29Z,0.35557893454240996
e22a7c80e2820642dada16939cb2ef87,5tvOpAe46IY,"2:29 you miss pronounced it....""terroriffs""",UCk8SdMJBYSF6sxrcdFFW8aw,@rollerrabbit67,2025-12-07T21:43:50Z,0.35531896099825666
4e785ed642464176e1d69e1e9ae7be27,t15c3-pYSYo,This is what religious indoctrination makes out of people that didn't deserve to be called humans.,UCJIlcn42VEzt4x3-pN05dbQ,@Miopop58,2025-12-08T00:04:39Z,0.3551971997148746
db7767f43835a40265ab2c04c90c1c91,dQWfdEyorm8,"Took literally till Christmas. 
Sad 
Nothing against them are still in them. All those agents erasing till their heart’s content.",UCURbOAC6hsG2105nXPlssIg,@TacticalPolitical,2025-12-07T21:01:47Z,0.3548709298159134
9ac547a38abf3b3d840a779d63d67f4d,oylbyE5Zt0Q,You think ACA is a disaster ... repealing it would be far worse.,UCty0KKpJtvbSz1tmZdzuRRw,@sr.gateau,2025-12-08T02:36:59Z,0.35419172105595753
5887c72ca4c4fcda14330cc780f8af8b,dQWfdEyorm8,No one will go to jail.,UCdEzxeQH24n9uWW9wtIW8pw,@StinkerLee278,2025-12-07T22:41:51Z,0.3536022157761656
9eecab0b667d8d6161a8f5e1f85daad0,dQWfdEyorm8,Higgins is probably one of the worst on the tapes. IMO allegedly in mine craft.,UCry37N-xj9bmUgRfDoD5HnA,@JimThompsonL-d3r,2025-12-07T20:56:56Z,0.3535826788935843
018e4038fcb7e102cdff8e4c781ad5b1,rChcwSozre8,The next generation is doomed and lost .,UCnBgsDPs_wdpDxKM9Lfxobg,@EduardoOliveirai,2025-12-08T02:06:05Z,0.3532707661784305
95a003e6baaec0486f64b6de9e8e6f30,t15c3-pYSYo,"Yes  ! we are the gojims ore Goy  
Reed the Talmud",UC4H_0215JulckQkQl99zWuA,@aynurozmen821,2025-12-08T00:08:08Z,0.35315462491564675
ec7e1ccb953d8dba7651dced40fea4e3,KjYSHrFkGrU,Tapper is mad because she's a white woman.,UC7MHfoSKeeWFEIoOawKEv_w,@charlespittsjr604,2025-12-08T02:09:13Z,0.3530655232618727
6a99ba3f665a49dd31a0bc4d82c39222,dQWfdEyorm8,Go mtg goo gooo,UCNyR07d9kSKHmVgZy402jTQ,@dimicz,2025-12-07T21:28:34Z,0.3529361126715712
f80033bab8ce1ab2c64a0b6312881e99,KjYSHrFkGrU,Who decides? The judges? Ask them. I'm sure a lot of people have a different #1,UCqHrqTAUXJZ_RAEiqCFvq7Q,@moonkey537,2025-12-07T23:24:41Z,0.35260022960807547
0d629e8d9d0436b5195c61e5468f80a6,e478dy0CKYE,"'' BE BEST.''

Guess who?",UCIAfEDr39yoxzsMT8F1v16g,@donvonschitzinpantz,2025-12-08T00:42:56Z,0.3525303901845268
b6e2aa268399a95b07fa5ba29647caf7,RwW4UYoX19s,@SydG01 that's the joke,UC6icgClrLZJHTFe19KIqtkA,@Ricard1807o,2025-12-07T23:10:27Z,0.3523960960452217
e7c7ffeb9cd709c22c6389e5d043286d,oylbyE5Zt0Q,That's because Obamacare is garbage. Everybody who has any money that has to go through the exchange pays exorbitant rates to subsidize the poor. Everyone else who gets their health care from their workplace get to sweetheart deal. What needs to be happening is we need to get rid of Obamacare maybe line up the CEOs of the top eight healthcare organizations and imprison them for life for being the scum of the earth.,UCRT817aaVgXP3cWlxAq-_iQ,@wiz_kid,2025-12-08T01:52:12Z,0.35197414147923023
40e9bbc9497d7674f300dd07edd6b22e,t15c3-pYSYo,You can't  believe  in Pro-life  and celebrate this genocide.,UCU0j2LdP_eR_QMppqh4oNVg,@RicanNY7,2025-12-08T00:43:06Z,0.3518825275341886
50d538fb48a7a6b24d8575293f3c6f6c,rChcwSozre8,"Will Americans and the world FALL FOR IT, AGAIN?   The boys are countin' on it.",UC02n1jyDklU-uyoZ1MhwuIA,@sueterra3911,2025-12-08T02:11:47Z,0.3515633373042285
f4875a06f9495b81e0ae4956523d55e2,t15c3-pYSYo,The Pariah State Is Real,UCiz1wYn85HED1IKYSWGNaSA,@Troc313,2025-12-08T01:01:01Z,0.35153342547438976
f0f5e8692bc388b91d50cb34cf6f3e1b,t15c3-pYSYo,Nazis tried to stop this before it was too late sadly.,UCbFiCveMLv_jY2qr9Fj1R-w,@DorianPriest-i9i,2025-12-08T01:58:06Z,0.35143909236183846
0f4c43f5a0054cc6b5cc936e24b55390,dQWfdEyorm8,SANITIZED VERSION !!  NEVER SEE THE ORIGINAL DOCUMENTS !!! 🤔,UC47cU-kzFdBtmPCqgIKtB7g,@thaddeusnoble9141,2025-12-07T21:38:04Z,0.35135959831078406
9bd12dc01ae23544280ca55e55650fa3,rChcwSozre8,"In a country where stupidity was less prevalent, these guys would be barely scraping by. Pathetic.",UCSazkLaH6FjCoQRK74Xx2wA,@roystrandberg2091,2025-12-08T02:30:05Z,0.3513282157057448
7839b4ef04ef712ce6c63f494d85f474,dQWfdEyorm8,"Yes Bleached Clean , will First Felon Veto ??",UC5aq2Qlh3nqyEBogW2k8Mbw,@duncanyourmate2433,2025-12-07T21:35:35Z,0.35125512799022296
b8e9bcf40fd21e4f7e2bd828cf49d99e,RwW4UYoX19s,Why getting bored of seeing people's suffering?  Want to see something new sinisters?,UC_CwtCLB8L6T_Bz1I8biNnw,@moriumakhter2424,2025-12-08T01:16:06Z,0.3512242876207381
9d2dab361ed26dad01e30d59278f2c7a,KjYSHrFkGrU,"Good for her! She is beautiful, smart and courageous. She has values and integrity.",UC8bfZjcsXvRCttDoZnk6Biw,@sandraedwards4837,2025-12-07T23:24:20Z,0.351064066416616
b57b09135e4cc2ce6cffbe8aa5726640,KjYSHrFkGrU,The most controversial win!,UC2EFpHOr8HgVKsEnWxDpxGw,@smoothsailin1956,2025-12-08T01:44:16Z,0.3510156107415333
4708c5b94f1b8c70412dc30126a5d614,5tvOpAe46IY,"Been saying this for months. Trump and the Republicans can lie all they want about what they are GOING to do. That's how they keep getting elected. And they can even lie about the things they ARE doing, when those things don't immediately impact their voters (like the debt, or foreign wars, etc). But they are now actually trying to lie about the number of dollar bills people have in their own wallets!",UCFAxY7BM6FHVpjXUnAYqlng,@MarkTubeG,2025-12-08T01:32:51Z,0.3508741317348722
c352869d3105f220db30b26c60d80812,t15c3-pYSYo,​@Based_Clear_Vision ?    You zionest are special ones alright.,UCZI0EnpmpmUUL_TP18AcHlA,@TinaB123-i8i,2025-12-08T00:09:38Z,0.35082299835218306
3ebdc6bac157cad19e4a8aa28ed26de9,oylbyE5Zt0Q,"Yes, that's why Trump wants it gone.",UCAEzDmzNtaEYdFIX83Pee1g,@erwocoolis9451,2025-12-08T01:27:13Z,0.35066927442454743
eded257dc4c43324830bc4b281fc1037,RwW4UYoX19s,Thank you from going where mainstream media will not go.,UCBACAql38vmFInSxJXkMiBA,@guitarzan2626,2025-12-08T01:40:25Z,0.3506680438018289
c321af24081277a85f8fe03a24010ab8,oylbyE5Zt0Q,"Before the ACA, insurance companies refused to cover the basics, like preventative care, meds, and necessary treatments. If healthcare wasn't run by profits and shareholders, ""no ACA"" might be reasonable.",UC1X0QkDDx9PsjJUz9YNvH3Q,@MileHile,2025-12-08T02:28:20Z,0.3505964832918601
dc9816d92a246d4c1bd34ad103cf3b00,RwW4UYoX19s,You'll need to do better than that.,UCH0rVnPpsNW39Bd16_HBZdg,@Mrhasbarafree,2025-12-07T22:44:48Z,0.35057790811882505
ccf49ac2c31cbb31bcb4a073f92eca7b,t15c3-pYSYo,"so they are just supposed to let the bodies rot in the open? come tf on, really? you ppl are fckin dmb...also, no one will reveal their ""sources"" about where this info came from, which means its probably BS...",UCgrDAEeSwGlIMladakYXf6Q,@JohnDebasa,2025-12-08T02:13:03Z,0.35052428637731836
f64d78872cec53578a17e69395b10d80,dQWfdEyorm8,"Yes, except we now just sum it up and say ""Donald Epstien is going to jail.""",UCg9gXh7_QecGmq99ceay8wQ,@Greg-io1ip,2025-12-07T20:56:05Z,0.3499492834118124
94b2fc26c94dd094a6822ac61cf3a687,RwW4UYoX19s,There's no defending the indefensible.,UCoDYSZCuH15-K9coie-Xstw,@susand2008,2025-12-08T01:35:11Z,0.3498435212840393
2fa0557bd97900a2a74db7bf0bdf8aff,e478dy0CKYE,​@innerlocus😂,UCxcHzPE_2bXCw3DUZF8ccgg,@lukeamato423,2025-12-08T01:48:59Z,0.3498421848200308
4a4dc44c3ea90f0f8d4610e383de5ebd,e478dy0CKYE,Melanoma is the best thing that came from Epstein’s island ❤,UCJOJzvDbmGHs393uYE2QKGA,@merkaaaaat,2025-12-08T00:55:47Z,0.34970826648763187
f4fd54f46788ae513169d71d16465c43,t15c3-pYSYo,"""Could amount to war-crimes' ? what the hell is this...",UCrtiwgur6QMOjXyc-ApqRZQ,@bobzaba4842,2025-12-07T23:32:44Z,0.34969066844814295
6cf93b145056ae53dedfa20bf019e907,DMrclXpeGN4,We are cooked,UC7UiAkgTouSdXuDXpZb8Cfg,@Ghostviperz,2025-12-08T05:04:30Z,0.3496733572861258
ea83e3384b6267edd8d363cdfb5a8699,t15c3-pYSYo,When will they learn to submit and except their fate of submission and hardship?,UCEfB4s27uUCJIlZin7ZPqnw,@KimHightower-mj2yw,2025-12-08T01:49:12Z,0.34966727724226004
637fe0954311c324c653a65d8df91fe2,RwW4UYoX19s,When is Israel not scrambling ? They always tryna cover sumthin up,UC83ulxW9dL8skopC_ApIjvA,@Jedi_Mind_,2025-12-07T22:26:25Z,0.34963480613603215
92ebe34ba66980fd1bd0340fa4794917,KjYSHrFkGrU,LoL I saw what you did there.🤣🤣🤣,UCIt_U40-ihhANT2h94Q46tw,@b75s,2025-12-08T00:46:13Z,0.34962269599379525
f070e96279a3ba71e32c4fab44edd478,RwW4UYoX19s,so the Nazi's did not flea to Argentina they fled to Isreal,UCAnZuBW4U98gwsvN-XyhfEA,@nickdanger5669,2025-12-07T23:06:03Z,0.3495842087874089
d72c71e9494342a88530e597c841dd00,t15c3-pYSYo,"Ok, shill.  Your hasbara has no power here.",UCd29SAn_stbnJbjVvULWsSQ,@DemocratsRDemons,2025-12-08T01:27:35Z,0.34957705018571905
429a4e6500dc913c14faf25bc6afbdb9,t15c3-pYSYo,"One Israeli general said during the Yom Kippur War, “ Our nuclear missiles on aimed at every European city, if we go down   We take them with us” That s how dangerous they are,  Wake up Europeans, these are mad people , worse than America or Russia.",UCQqWwcBG_8yg74jgy8_pY6w,@chandrasookra5367,2025-12-08T01:11:08Z,0.34951911071806563
9835660eef9c7ad300858f0e04ce85f5,e478dy0CKYE,Donnie dementia will show up with the same sideshow village people dance and will talk incoherently about his fifa peace prize award 🥱,UCOM4a2QTWooucQrESCL22Ng,@williamroyer4669,2025-12-08T01:00:32Z,0.34948022219102803
02abd74a0a9b004265b964c53b5525f4,KjYSHrFkGrU,🥰🙌🏾❤🙏🏾,UCc3ownSFuY16cE1hWywGeZw,@YolandaFrias-y5o,2025-12-08T00:22:30Z,0.34936714344811304
3b94163ddf1e03da87c7df420ba960bc,rChcwSozre8,"The Hunter Biden case should be investigated under the next government that acts in accordance with the rule of law. The same applies to the business activities of Donald Trump, the Trump and Withkoff and Lutnik clans as described here.
In the future, there needs to be legislation that makes such conflicts of interest and fraud  impossible.",UCiBDVh5EtZafTckEhE8V9GQ,@Susanne-qp8vj,2025-12-08T02:26:27Z,0.34926708800292466
ef03218e2887f174ac6893ecfd7305ac,oylbyE5Zt0Q,"Not only that but many doctors nurses and hospitals that not be their cause of loss of money. Our health care system will not be so good. And only the rich can afford most care. And even they will be hurt be this. As they have fewer choices, here is the USA. And have to spend more money for going to other nations or bring them here to help them. Really, it hurt everyone, not only the poor.",UCaoKfuiXh65zjATLQHenR0g,@annareismith6843,2025-12-08T02:04:32Z,0.34889012074666537
9cdfcef7b3feaca06ef9f630ee18c55a,RwW4UYoX19s,​@Mrhasbarafree You know nothing about Muslims. Good for you.,UCnRIcQcIwi3mHurrKrZPlqA,@jimmyyoung9850,2025-12-07T22:48:11Z,0.34880019671071283
4e9a91e96c69ad7ab2c022cb34ba285e,rChcwSozre8,😂 the liberal tears never stop its hilarious,UCaMOjkAgOPCKwzqxdZY1UHA,@claytonbarker6636,2025-12-08T02:15:24Z,0.34851055186115365
4c90f33cf90e4162d2e6ac32264ecb3b,RwW4UYoX19s,There are plenty of other channels. If we support them all we can juice up their algorithms and help spread their messages.,UCEPkLQxD_3VkjVVw3dliVvQ,@pauly5418,2025-12-07T23:20:03Z,0.3483912619846927
85b35cbe439d8cb3438a7d41858be964,t15c3-pYSYo,No single individual is guilty for the wreck of modern geopolitics. All of our leaders are corrupt.,UCJ8x1GDZ2f81Eoq5EU7aJrA,@TheRotnflesh,2025-12-08T01:49:33Z,0.3483259170966424
4d7cf27e0976a03f1412a4f6f5b8bd56,rChcwSozre8,As always Winston I see your life still sucks,UCUnSM8Fw2wrGSxdWzkvGIuQ,@muttinoftruth,2025-12-08T02:13:28Z,0.3481899194990047
7f109bddb264f883f8d2ab66d3dbcfe5,t15c3-pYSYo,"WHAT A PERSON, YOU DO NOT HAVE CONSCIENCE",UCqwouDQx6q2z0MTBH0a2kWw,@isyakubalaibrahim,2025-12-08T01:57:04Z,0.3481418963245026
c71e0a4761cba7eb961b6b619ef760f4,dQWfdEyorm8,@mongo_congo9908when is the last time you saw a group of white men charged with RICO??,UCmEiIkWh6pRXlMjPOf38nxg,@DorianRashaad,2025-12-07T21:10:36Z,0.34798588538305153
40c55f96528d41a86a8e7dd4683c0cad,t15c3-pYSYo,"10:05 things like this show how when it comes to foreign policy, america's government really is no better than a collaborative dictatorship pretending to be a democracy",UC6icgClrLZJHTFe19KIqtkA,@Ricard1807o,2025-12-08T00:00:33Z,0.3478644545428403
927e9aef06cba76bc13e5bbd27b04d9e,t15c3-pYSYo,Thanks TYT 🇵🇸 FROM FLORIDA WE LOVE TYT❤️,UCZUCwlUdNs5ORN4Lv48X3Ng,@pro_motion,2025-12-08T00:03:46Z,0.34768915555244617
c379f26751fe0091fcf4fee9950c004e,t15c3-pYSYo,"Israel Arabia China Spain 
Nothing but places

Go after the criminals 
Not the places 
❤❤❤❤❤❤❤❤❤❤❤",UCK2rn6pdf5jMmgPFaX_vU1g,@aocamericasonlycure9468,2025-12-07T23:49:22Z,0.3474713922725897
d02b033d75c2a5d377dcac5662732e11,dQWfdEyorm8,all things MTG has said and done but she is hero to them now.,UCvTRYBeIoBPMnXG7mLM0FUw,@ericd9937,2025-12-07T20:49:02Z,0.34741902713704714
da7b117faff5c228416f07de317cf61f,dQWfdEyorm8,All scum,UCrSpdOiDRkaSljngY0PQR5Q,@thenazgul9966,2025-12-08T01:33:42Z,0.3473334957438599
7635b493ae1e731dd2e793c6aa6af93e,dQWfdEyorm8,"Yes, but hogtied & beholden to Israel.",UCqnI2lvoSYfYEKpTIf4b1zw,@Dee-s2h,2025-12-07T21:07:56Z,0.3471906727901699
607bd25b27b657305031bf94b777d8fa,e478dy0CKYE,Makes perfect sense that the President who has obliterated the arts more than any other would host this event and try to change the name to his own.,UCkQ7wtYpib_593YWOi_uXMg,@dh3279,2025-12-08T00:56:07Z,0.34687095998857315
4d51921f3e838722a87c33a88a12c323,rChcwSozre8,​@TA_Plus_Hemihey bud we're long past the point of dialogue. you Trump minions can't even admit Trump lost in 2020.,UC4jGtCVMc2KWvIySIX-OCFQ,@rickmcdonald2233,2025-12-08T02:15:07Z,0.346865696134003
c850e4cc98e47ce4babdabeeb8fb7706,t15c3-pYSYo,"More like Zionists, they are nothing more than💩",UCKxlnGDhVxkjqAQDDn-oaWw,@TopGun-62,2025-12-08T01:28:05Z,0.3468276716728141
d50e46d8d37682e1494b2f9cdc50af10,s2EXTCAFPKA,Are the Democrat Party awake???,UCyRgiHQm6o8X2bkh_FOwZaA,@margaretbratton4036,2025-12-07T19:45:39Z,0.3467939258113916
4bdee956071e6a4f0c3d4ceba1cf5587,DMrclXpeGN4,"bend over, let it kick your axs.",UC3Q02snaEb1LMDJ2841dY-g,@tscherer7542,2025-12-08T04:18:49Z,0.34677343520206355
b48d6118b24fe97c472001db1407916e,t15c3-pYSYo,"Nazijews , that is amazing.",UCx-mPnUO78MhwJO2iSCmP0w,@vulturellsociety7406,2025-12-08T02:09:14Z,0.34658219299386306
626fcf410477928779db0eb885c43ef7,RwW4UYoX19s,"I said, “and hospitals” simultaneously with Ana. Clearly, the hospitals where children who are dismembered and barely clinging to life are being treated harbor the greatest threat to Israel’s right to exist.",UCwVxsoWMs6C_aJH3TFcm7-g,@Ampleamp,2025-12-08T02:31:08Z,0.3464358371453123
99a855b3cd7861990895960996892c4c,DMrclXpeGN4,"Yeah, idiots that are controlled by the Chinese and will be on the battlefield against the US.",UCKgMgjRx28cXLsSnCazCkVQ,@thinkaboutit27,2025-12-08T04:32:03Z,0.34626482962329735
4c94d0f35911f3fad595a6f5e8ebf4c3,oylbyE5Zt0Q,"Did cnn just erase Americans history now? Wow! Do you know what happened on December, 7th 1941? Or, are you trying to delete it from Americans history? You know you can't right!??",UCtDT0UdfTANQy73gvTe2XJg,@MrStephenrtyler,2025-12-08T02:42:59Z,0.3462636418487026
3f12c124c6eb128a6ea183cae3861c18,s2EXTCAFPKA,Pete needs to be arrested and tried for murder!,UCGGFLahyrUCpBw-zwx-ADPQ,@Opus313,2025-12-07T19:04:14Z,0.34623950131381664
3fe9871cbe69c0b26d7c9294a105ec37,rChcwSozre8,"How about this? Stop being jealous and make your own money? Until you stop comparing yourself to winners like Trump and me, you will remain poor.",UCiu5i_eARJZeyKBLie8BXxw,@stevebeegreat,2025-12-08T02:24:59Z,0.34580136505174186
935ed28245eb7c19cadf914eaa46afe5,5tvOpAe46IY,Cenk your are full of it.....,UCDgg8DNks_v4IAdwr4C0Qfg,@clembuck5885,2025-12-07T21:32:45Z,0.34576696337269996
226f4b749ffb50e2fec61dfe938f9a11,t15c3-pYSYo,"IDF the cuckoo breed will carry on killing innocents, killings have been going on since the 40's , they are blood thirsty. every criminal will pay with their life and so will the Genociders, each and everyone. no one will be spared.",UCfNk4bGPAvhc6BGQ6ZTBQsw,@cityaviation1,2025-12-07T23:37:49Z,0.3456871105396583
0dc91df93e3e73508c51f35d6a715722,t15c3-pYSYo,"Yes, they also buried people alive, including children. There are also stories of luring children and then killing them. Drones equipped with loudspeakers playing baby cries. If someone came to help, they were killed. To call that terrorism is somehow trivializing it. I don't know what 
it is. There isn't even a proper term for these kinds of atrocities.",UCHZIzQlufY179qeQLUkSlEg,@BaronSquanch,2025-12-07T23:25:30Z,0.34562302889681573
2b9e112af9324dc56e5a195d77941774,oylbyE5Zt0Q,"@bryan805 You really have no idea, do you? smh.",UCPFyY0XoqxQx-n6RZMH5Ldw,@mikeb5664,2025-12-08T01:48:32Z,0.34558010522120575
4dfbff5384c7a97d2a733ea9f6ed2bda,t15c3-pYSYo,@jasonshytle7690 hamas start it 1945?🤡,UCz6nZNi3qvrGpCiXVT1dI_Q,@bobansspliff,2025-12-07T23:49:42Z,0.34552575159679016
eb0bfae9920f93429f838ba44153e93a,e478dy0CKYE,@ThisGuyAgain-w5s He did nothing.,UC22oHzXyXUuI7Dwf4swr5Iw,@davemitchell6281,2025-12-08T01:16:12Z,0.34547125419710634
7234bee5947d343d619a42e12b21829e,oylbyE5Zt0Q,Working on a plan.,UCOAr7ExzhZ4-M3pjXXUmcHA,@Justthefacts-n7h,2025-12-08T01:45:31Z,0.34518016636243953
96ce1b1fdb763b60f062d73996bec0f7,t15c3-pYSYo,Oh its the young Jerks spewing out their Jeewzz hatred once again with Cenk off his meds,UCXyGRUIl9_nSIb_cNC3S3Vw,@asky6670,2025-12-08T01:24:06Z,0.3448952573138212
cd8c7366bb6a615bf3813c1e5e64a020,dQWfdEyorm8,epstein derangement syndrome,UCb-cSqtEQA4nXO7oTVFnilQ,@mrTRAFFICANTE,2025-12-07T20:30:26Z,0.3448747837705249
3878c4e0e04eef4c1512b61d2325688f,oylbyE5Zt0Q,You thought wrong,UCERe4RCslT6x4HOSHqEo17A,@kevin6293,2025-12-08T01:32:49Z,0.3447903550484339
e7c184fe09b7d2be3dd26a941342c7fa,t15c3-pYSYo,@TinaB123-i8i Absolutely. Zionists are as evil as the Nazis.,UCQQq3XCICDKs_JO5DEyz5nw,@deanm1436,2025-12-08T01:36:05Z,0.3447900254870181
e4d15f35115ef76b03b224bd6a0ec204,e478dy0CKYE,Welcome to President Ped O'Files Banana Republic. We're living a reality tv show with real bad ratings.,UCVpl-rVcj-MiA92KtDENiVw,@halfdeadedlifereturningwit3420,2025-12-08T01:00:00Z,0.3446750113377786
fcaed3bd86e943478599e3609bcf7839,dQWfdEyorm8,"Quiet McDonald's Trumpy Dumpty PIGGY! Trump body is dying, period. PIGGY TRUMP needs MRI and car 5150, padded room and medicated time by a Nurse Ratchet!",UCl8Kfb9hcE1-ehia3ebQ-vA,@czesati2964,2025-12-08T01:17:56Z,0.3446107842714905
071ff881b53f4ea8c54e6c7c4e1f4e84,dQWfdEyorm8,Trump not unusual,UCo7YWSYoK2ayExqXOshYP2w,@MaximallanBrown,2025-12-07T22:44:12Z,0.3443488388614922
d95c9186cf7dd605b965010a58933373,KjYSHrFkGrU,She's a part of Mexican society that wants to be white.,UCM-iy2kIsLJhSmGMiXMfiZw,@Paratzi,2025-12-08T00:25:35Z,0.34427648558254
d147990f33629c9087813c3d91569809,rChcwSozre8,The Trump family came to America as human traffickers...this is not just the 2nd generation.,UCyKjiMy7YAjFVita_yXB7jg,@thesorrows4325,2025-12-08T02:01:53Z,0.34424139103089546
dfe0af99f3eb12abe9d15c965371da64,KjYSHrFkGrU,People in the comments calling Miss Universe “obsolete event” are the same ones who watch useIess UFC or WWE which is even more archaic😂😂😂,UCBMoHIaWI0RoVbF-AYzZzVw,@Docrine682,2025-12-08T02:31:12Z,0.34417827927997635
9a89d28210ba619919d461a0f92d49e3,KjYSHrFkGrU,"Trump is declaring an illegal war saying they are terrorists with proof, and he is killing them that survive to hide that fact he is killing innocent people. Time to ignore all illegal orders and court filing of his unlawful criminal administration. Trump can not do a thing if we refuse to. Give us liberty or give us death.",UCaoKfuiXh65zjATLQHenR0g,@annareismith6843,2025-12-07T23:29:18Z,0.34409038613179765
64b00d90e07e418b9b00478185d659c1,t15c3-pYSYo,"TPUSA is toast!!! 🍞 this could be a case of big-time financial fraud (also involving at least 1 politician d-employee) or a case of big-time financial fraud working together with other aligned interests.  With the google searches and the planes, I think this is a combo operation of aligned interests.",UCOcDAVlA9-tRi6xhhnVs2xA,@juneelle370,2025-12-08T01:24:34Z,0.34393757367498495
661402c477005680a4b910b6dfbf5264,RwW4UYoX19s,Hold the war criminals responsible!  Israel is too afraid to fight the resistance fighters. They prefer to mercilessly bomb civilians and shoot todlers in the head. More hasbara tours for the western journalists.,UCafD1hMkTGaM0ht3Oyb74Cg,@judithhollett5532,2025-12-07T22:41:19Z,0.3438437855848249
5c78a3c7e3ae29a7cb79cc9bfd934f2d,RwW4UYoX19s,"Just a thought, isn't this exactly what America did on behalf of BN and Israel in Kuwait and Iraq? Remember the WMD's lie ?   maybe i am thinking too much, but isn't it the American government that has been threatening Hague judges to protect this kind of behavior on behalf of Israel?",UC4pMoevLXhjJMmoILUIiXig,@BioRuss-qr5il,2025-12-07T23:30:15Z,0.3437742019959049
5567f5a7257fe93f99ca90df4b61d3b2,t15c3-pYSYo,monsters!!!!,UChU22TUz9avk_N6Fmde_1zQ,@RR1010-u3s,2025-12-07T23:17:22Z,0.3437378237568841
6f601960a3c7f8fea63c87be037b1dc0,KjYSHrFkGrU,Nope,UCLGxusEFwGhvGvMTDvbbkJg,@Marie-rw8vc,2025-12-07T23:05:42Z,0.3436472010284296
11b178548b0a510cd0fedcd468bfabd1,dQWfdEyorm8,Most of the politicians and establishment are pedophile corrupt psychopaths 👿👹,UCGKEPOn6SMG19J_Moq41ewQ,@KanwalAkhtar-v3k,2025-12-07T20:33:01Z,0.343557364026623
c0bde247e37f63b0165bd35bf54d5b57,e478dy0CKYE,Why? We're just a couple of days away from Donald Trump saying that he's never even met Donald Trump.,UCTidAaYaf3GkdoezvS00hVA,@kumakuacousins4x,2025-12-08T01:06:45Z,0.34340103522376597
e1d1b0835a7d7e9c6d3c1999ab1af614,t15c3-pYSYo,Muslims are rightfully hostile against all enablers of your Racist State.,UCL6b-xwkDdpfOA_KtIFh1tQ,@ArionSilverstein,2025-12-08T00:55:33Z,0.34324105927350057
5264b6b6ca07c8c671fd5bd58713bf68,dQWfdEyorm8,It's a cover up still. They had to have tampered with evidence.,UCWapX3mMvtOHL98rumK1OhQ,@noahstmnts,2025-12-08T01:58:52Z,0.34323025726261913
150eba5cd183e5628e989b11619e909c,rChcwSozre8,grifters  under statement.. DUMB & DUMBER 🤣,UCDtpOFhhNN2h26W8P4KGyfw,@steve-z5l3b,2025-12-08T02:01:35Z,0.34320204533716225
6f52be10a6c8dbd206c654690bcc706e,5tvOpAe46IY,already been destroyed my job got wiped out when the market dropped 2200,UCJpXUdepWwqF_caWKNzjBaA,@juanwilliams3423,2025-12-08T01:24:48Z,0.3431756058751407
dc5828494a5ac852aa4df8d79d283833,RwW4UYoX19s,"Friedrich Merz is dancing round these war criminals, I'm sure many more weak-minded leaders will follow, it's a shit show.",UCqsNWmZmhOz3PVqcz5Oj8RA,@ts4081,2025-12-07T23:15:43Z,0.34300288819582847
af3adf71824534f9005ac4e6fb4229c0,5tvOpAe46IY,This is a false statement and you tube is liable. Got ya again,UCHf7sF1IdPXQP5ameiAHSYg,@MaryVictorine-s8k,2025-12-08T01:33:16Z,0.3429059767915258
2f5006519a2d10b65c50758c1d52cc12,KjYSHrFkGrU,​@ssb1056 Women of other races are also beautiful.,UCiOs81DJveJ0BAYGBYl8SBg,@songes3058,2025-12-08T02:31:30Z,0.34282422229718246
0268fa13912c65387f96b34fbca72042,KjYSHrFkGrU,"Thank you for saying this . I retired from a field that constantly did this . And yes , it did more harm than good .",UCiLpbULwP1PlxMHBFWAp6sg,@Sarah-b6j7x,2025-12-07T23:08:23Z,0.34277474372858746
29c79949ea4ba46702a3a9d4ac9e95e5,e478dy0CKYE,"​@SupremeWin777-7
Better than you who cuddles next to a septic tank grandma. 😬",UCupC0GKAnfAYgwqynEmb5Lw,@b.t.2795,2025-12-08T01:59:22Z,0.3422017578093465
c07f54a2a72ce15e9a949ffdc79f3b37,t15c3-pYSYo,Most evil people in our history,UC47jBEzJGN3azqAb-Dp97jQ,@jrahman1025,2025-12-07T23:18:19Z,0.34214489769981404
b2abd72699f9a8d04382820b9e0ab84c,rChcwSozre8,"Good Ol’ American Hypocrisy.  Rich get richer, poor get poorer. At least both end up in the ground.",UC7NNyRKDl_CMzg5eZA2gHBA,@idongesitusen5764,2025-12-08T02:17:28Z,0.34214264338064626
2ecafe3c43b82f02ed13773e88773b66,dQWfdEyorm8,Still no trump 😂😂😂😂😂😂,UCkL74xPMUeJb1dWsG9c4U1A,@Kitty-chan83,2025-12-07T22:48:28Z,0.3420050204118319
fe7e28a7eadb28e5cda26d4401cf9619,t15c3-pYSYo,Gas chamber for you,UCbFiCveMLv_jY2qr9Fj1R-w,@DorianPriest-i9i,2025-12-08T01:53:07Z,0.34183867023408254
1b359021c70f87461eb0809395a8c7cd,RwW4UYoX19s,"Zionest arnt jews brother, aim plz",UCZI0EnpmpmUUL_TP18AcHlA,@TinaB123-i8i,2025-12-08T00:47:21Z,0.3416159534760499
72ecbdc83d16482b268fe2dabd54b0fd,RwW4UYoX19s,"We are taking about a people who had their lands and homes and even their own lives taken from them over a period of 80 years ;  and indeed they should not have reacted
but simply put up with it and should have remained silent and never think of doing any harm to the occupier or demand justice .",UCOGZCkBq7ubRleGAIE_Im3w,@annebaartz5606,2025-12-07T23:37:21Z,0.34141579068332095
e5b8117f0d0ee40de440c849cb915a74,dQWfdEyorm8,"Thanks! You are all brilliant thinkers and intellectually honest.  I no longer belong to any party, since they are infected with donor money.  They do not represent the people.  Until we have a party or parties for the people, Americans will continue to suffer more and more.",UCklnryP_LZUIVga9B8sMC6Q,@agassanti,2025-12-07T21:46:31Z,0.3413821317510876
90531f6781b008c006e68bb52e80407e,s2EXTCAFPKA,Trump is going to HELL and I wish he would take his administration with him.,UCVoDmuYpbFluQsBJxEXcZ5g,@rayspears3929,2025-12-07T19:14:58Z,0.3412757317515258
0e21a3cc873e0832fefd1b977860a70e,dQWfdEyorm8,"If both the house and senate pass the bill with more than 2/3 of the vote, Trump can't veto it. A 2/3 vote in favor of the bill in both chambers makes the bill veto-proof.",UCj5J9zvKXHL8BSzZEzK5o7g,@chitownladyj,2025-12-08T01:25:39Z,0.34113250086392954
7cc41f810112d618c99c37595c2ac3e9,RwW4UYoX19s,Ana! when are you and Cenk going to take your show to the steps of the US Capitol bldg to do live??????,UCKQhBcQtEyGYRB9xBMsKH1g,@roygumpel8415,2025-12-08T02:37:25Z,0.3410644301121052
0bea907afd5b7e821dae4fe5d68f69aa,t15c3-pYSYo,Were gonna burn your books again jew,UCbFiCveMLv_jY2qr9Fj1R-w,@DorianPriest-i9i,2025-12-08T01:54:42Z,0.34093724688857374
5f1ab54d742d9a061f08d4ecd56d25dc,dQWfdEyorm8,Trump's behavior is one of being socialized or diplomacy!,UCnKdom6Ws5ueMjQmZuzCFzg,@Lisa-i1t8h,2025-12-07T23:24:07Z,0.3407208736706447
3be39fc3e8ccdb215e462b46781dd316,oylbyE5Zt0Q,"Republican motto:  I won't kill you.  
But I don't have to save you.",UCKED68JWmO_n20tke_BRJQA,@tejanoj3017,2025-12-08T02:39:47Z,0.34071757361708016
05928f6744775e8c7b19f0e4a401564b,t15c3-pYSYo,"It is a war. Hamas is still shooting back, therefore war. Check your dictionary.",UCzYItLPlTznh5rKJuWmvLLQ,@mikeg2306,2025-12-08T01:43:22Z,0.3404673915720752
178789eb517c0a64c9058e8e85a83cfe,dQWfdEyorm8,"redacted to protect national security

israel's national security

I reckon there will be evidence of israel being involved in the jfk assassination...likely high ranking joos recorded discussing it and how dumb americans are/ how infiltrated their govt is",UCDF3NfB75qWm3xFfpGpBwNA,@kwanchan6745,2025-12-07T23:23:43Z,0.33973701623584873
33efb8f7984037d0ca3a04c3e649934c,oylbyE5Zt0Q,NOT ONE REPORT ON WHAT JUST HAPPENED IN GAZA!?! WTF CNN?!? 💔,UCtNlwj9G_KnVD3ATFqQYvlQ,@inspirationalspirituality2690,2025-12-08T02:10:05Z,0.33960678523802756
0ab236770269afc1f7f2a89e070e4e0a,t15c3-pYSYo,This criminal modern day Nazi should be brought to justice for the holocaust against Palestinian babies,UC4KeO1dqWYIerdUyBl0R02g,@Hake2025,2025-12-08T00:50:10Z,0.33933343731482485
9908c5012ed076f82f29a0db1ade3c8d,dQWfdEyorm8,@seanknox7321 I agree. It is weak. Been noticing the regurgitation.,UCjk3ZdLBztNReRrw0pQ6y6Q,@supernova2877,2025-12-07T22:35:43Z,0.3392296482755232
672bc4f2fd5e2c4f1ea1235a841a1c81,RwW4UYoX19s,Blocking Food and Medical AID and all necessities ENTRY to a Caged in Population Trapped in Conflict Zone is Unforgivable...A very calculated EVIL ACT unseen before,UCow8Zs_BYNTWSJHnvAQQLxw,@freespirit4162,2025-12-08T01:08:02Z,0.33913138169703894
26c084c26d25f0a505ae41fd78fd7223,e478dy0CKYE,They should move the venue to the Ford Theater and pray for the same results 😂,UCX655LxCfO7pNK1HgJb_khA,@Have_A_Nice_Day242,2025-12-08T02:22:38Z,0.33897608876052987
c23bbaed24f2f4c2161e2c566105a31d,oylbyE5Zt0Q,Some people can get health insurance through their jobs . I want to still learning Pizza for Papa John's I got United healthcare. Add a reasonable rate I was a happy camper,UCgfVkOjBNMtLDWePxjCAoAg,@AllenKranawettrr,2025-12-08T02:31:34Z,0.3389751228307937
3e406e7d4f21c191a960657a45cee68d,dQWfdEyorm8,This will give confirmation that Trump is a perv. 😅,UCFTyqtEGmpdK6UQEBPR1Wyw,@4idhero798,2025-12-08T02:31:18Z,0.3389076566168983
cad9a3f1e9bb18da81e8ae5bd370a854,RwW4UYoX19s,"She is VERY AGAINST GRAPE which is NOT condoned under ISRAELI LAWS but on Oct 7th the SIDE SHE DEFENDS Mass GRAPED everyone as they Unalived them which is APPROVED under ISLAMIC LAW 

Imagine pretending to DEFEND the INNOCENT when they ARE the actual SUSPECTS. WE AGREE w/ YOU Sally. It’s the JIHAD that APPROVES of such. NOT us otherwise OUR LAWS would allow us to do such to EVERYONE MUSLIM IN the USA too.",UCcTV1z6lHBfpL3c88oHeFKg,@metalgear-,2025-12-07T22:56:07Z,0.33828324826150447
a76be9f9f1d1725ee35136067732d1f0,dQWfdEyorm8,I'm sure there are hundreds of people in those files who didn't do anything. Most people are smart enough to know that every single person in this world has has had some kind of association with someone not good.,UCQmOSfaGXDt7lQEog6D2bKg,@lisamartinez4641,2025-12-07T20:33:23Z,0.3381062910608231
ea5f4b0c31350e9fb2236d4a15317a73,dQWfdEyorm8,"- A document referencing Donald Trump was recently released with the individual's name completely redacted.
- Democrats insisted that the person be referred to only as 'victim'.
- The media then used that framing to imply Trump had harmed this unnamed individual.
- When the person’s identity later became known, it turned out they had explicitly stated that Trump had done nothing wrong.

The fact the redaction was weaponised to manufacture a false implication and mislead the public proves that there IS a reason to release the names of the victims.",UC3t4A1ToVnYGGPbwg2upWzA,@TotalWater-pb4qg,2025-12-07T23:01:05Z,0.33804009140716895
45cc2a161359d566bf1d9fdb1b3556b1,dQWfdEyorm8,There is just no way the machine would release files that will undermine the structure that is propping them up. I dont see this amounting to much unfortunately.,UCZ0y1fhXqdSdBuJTT7Ql5BA,@saulgoodman7509,2025-12-07T23:28:01Z,0.33760852844845785
f18baced7b7dc4837b41d7eb017cac38,oylbyE5Zt0Q,@mikeb5664 Trump did more. Biden savings were Medicare-specific. Look it up.,UCSzfruIYTMmQWRhsJ8X1IaA,@arudiga,2025-12-08T02:18:51Z,0.33753742671071063
5bdb0cb0fc0bdbc75376b15ed609e5d1,KjYSHrFkGrU,What fan favorite???? Miss mexico is the most hated MISS UNIVERSE of ALL TIME,UCxKvfI-FSOv1hsDbYZ8hl5A,@malesinger600,2025-12-08T00:46:33Z,0.3373812044769344
ea1efdcdc8ec01c44ee3d47dafedb3da,dQWfdEyorm8,story older than me :),UCUmHpg4lvqQT6a7Z_-giaHQ,@grahamjarvis1484,2025-12-07T22:02:27Z,0.3368840850333816
5fe6fd4298d12f7de4b7c37dc6ab3476,dQWfdEyorm8,How does this not go away?,UCpI840bOVcEYtRf1IgAJ7PA,@francoisbouvier7861,2025-12-07T21:46:11Z,0.3368599577499063
df57fe04d191d55698b9146b628b0007,KjYSHrFkGrU,"I support her & it's time America has a Female leader, Both Hillary & Kamala would have been excellent leaders than a draft dodging coward!",UCvxso9TSmIo7dz50SSJ4LdA,@benjaminnavarro4324,2025-12-08T02:35:00Z,0.33671075137008233
d44fef3b3cb7d167866d46f3de767eb0,KjYSHrFkGrU,i don’t think he’s japanese and his race has nothing to do with it. you can support this incredible woman without being racist,UCcxUqH2xvPgnOS7gRtkDp7g,@mylilpearl,2025-12-07T23:06:13Z,0.33649300035575735
cfd4199d14c23caba0401f2882db87dd,t15c3-pYSYo,"​​@Nonquack Done by Mustafa Ali Kemal, Boris Johnson's Jesuit Great Grandfather? When they signed the Sykes Picot Treaty in 2013, 2 years before? 

So why are you trying to deflect with Red Herrings to cover up your baby eating under Synagogues Rabies?",UCDj9QH2hXpVW-ciZ4_op0kg,@Uncanny_Mountain,2025-12-08T00:26:01Z,0.33618458919233607
3db5838c42ba05f41824f30de14a8c4d,t15c3-pYSYo,"Since thos IDF and fascist Israeli believe in religion  then they better  believe  they will never go into heaven or get forgiven by tgeir God  because  their genocide, murder and treatment of bodies of innocence.",UCU0j2LdP_eR_QMppqh4oNVg,@RicanNY7,2025-12-08T00:41:00Z,0.33616374529169163
f976e5300222956790b83da33668dca9,RwW4UYoX19s,"The shameless Zios just attach ""terror"" to everything they don't like. EVERYTHING they are is egocentric propaganda",UC5lXZNlLyuEZU4fa6lrJgQw,@2smoker64,2025-12-08T01:24:56Z,0.33566244280597274
c3a1fae87f5ad660112d75901e9e7080,KjYSHrFkGrU,Miss universe? How do aliens feel about this title.,UClEtGOkjQcGAyON1b8GBDJw,@user-yi7mv1nc9q,2025-12-08T00:14:49Z,0.3353781438328418
37418ce7e5d3e9dba08ba34e543b9c70,dQWfdEyorm8,"That’s what Trump does, replay him talking to Zelensky in the oval that 1st time you have no cards, you’re going to cause WW3.  Trump talks led over him and got louder , and louder when Zelensky was pushing back and rightfully so(Zelensky).    That’s classic Trump.  It’s possible looking like projection on the you’ll cause WW3 but DO NOTHING Democrats,  by all means let him stay in The entire 3 f’ing years.  It probably won’t be you who he torchers and kills, the White ones if you, (not sure where Obama  is in this scenario)white and are rich, even though you all caused Trump 2.0 in several ways.  Does Trump secretly like Obama , like he does Mamdani?",UCmNvby4Z2EGilzHa3lR_5mQ,@Anjili-e2t,2025-12-08T01:59:14Z,0.3353279687794706
f37ef94f3ee6091713afcd78861affae,e478dy0CKYE,,UCaUltBFwedl5bkFNmkaX0Cg,@nowwhat9114,2025-12-08T01:13:56Z,0.33509630200308166
90f792eccaf5ee4a63c9b52aeb516a30,KjYSHrFkGrU,,UC3NfvWBOExnIFi-69TYbMmw,@jblouis2210,2025-12-07T22:45:29Z,0.33508596356171416
af538b4a5e2c634da06f4d294b7b9deb,t15c3-pYSYo,​@JaMill10686 Thats fox for ya,UCZI0EnpmpmUUL_TP18AcHlA,@TinaB123-i8i,2025-12-08T00:13:27Z,0.3349587168194637
f171dde1ff7868cf4b434634949d5110,RwW4UYoX19s,This is an important report.,UCG3Gf76TgJcZMzAq-_YGjHg,@Ax_10000,2025-12-08T02:00:56Z,0.3348767402369258
ed50014442decff7f9429e170a7192f3,t15c3-pYSYo,October 7.  #FAFO. Leave Israel alone.,UC6tkfgPxHg--EeGUoaD4_jQ,@davew8694,2025-12-08T00:29:41Z,0.3348184950535433
456d3da17aa9e7793a0b0036895202f8,e478dy0CKYE,Trump needs to host nap time and leave our country alone,UCc-CRPruJU57CrPgGuHI0Rw,@gabs7506,2025-12-08T01:24:20Z,0.33466176454941454
4e0d666b65250d3763a9050ef4f9cc4b,t15c3-pYSYo,in 5 years when Israeli kids are colonizing those beaches their kids will be digging up sand for sandcastles and find many things besides sand.,UCxZNQFprWae4dAczZQkciMA,@DRGDRGH,2025-12-08T01:55:01Z,0.33436731496782135
405a5971a9441eeae81089ef08c38f1d,KjYSHrFkGrU,AS FOX NEWS WOULD SAY SHOCKING SOOO SHOCKING!!😂😂😂😂,UC2bwc_FXWvqi8yrlrgT45_Q,@ger279,2025-12-07T22:45:06Z,0.3343291458942177
8032cc2a136c395c2e7f86476f32b32f,e478dy0CKYE,"BOO!!!! get this crazy fool out of here. Vote all Republicans, out, and anyone Trump helps.",UCaoKfuiXh65zjATLQHenR0g,@annareismith6843,2025-12-08T02:15:54Z,0.3339493643546213
e29dc7af6bab97ab88a21ca3dbb8f36a,dQWfdEyorm8,"@JimLong-l6p 
Release Ashley Biden diary file 
Expose dems' shower pedo in chief",UC8QgHdr0fg7BLRnvRsBnz8A,@melissak358,2025-12-07T22:15:38Z,0.33383193251708276
1ba5800213a5c1485fec97a784ba0521,KjYSHrFkGrU,that people Are still on vain unproductive bs like this is sad IT MEANS ABSOLUTELY NOTHING FOR FEMALE EMPOWERMENT IT'S LIVING HOMAGE TO PATRIARCHY,UC07XQ7ddpmLE3R0LRB0en8A,@lhatelak340,2025-12-07T23:08:01Z,0.33359150746039795
8ce5e013272762054ce4c22d9e7861f1,RwW4UYoX19s,We’ve all know. It’s a genocide,UCB4iGDrfuW9jw8MLYUcRreQ,@Johnsonburger,2025-12-08T00:13:52Z,0.33350175438134244
be1298637f031e06947f56950232a1a4,RwW4UYoX19s,These are how narcissist psychopaths  operate...it's never their fault...they are only reacting. Degenerates.,UC_SkT-RnCaT2UC-xqxJUnCA,@wenpm9714,2025-12-08T00:45:17Z,0.333123912496678
179ca164cf128010dc73f265e0e6befd,DMrclXpeGN4,"Oh please, the more likelihood of application for this type of combat would be Robot MMA like in Real Steel. Given that we already have far more effective means of combat. You don't bring a knife to a gun right, neither would you bring a martial art robot to any range fight.",UCLjCTW04Ohuv5yX5QbPmwNw,@biocapsule7311,2025-12-08T05:04:47Z,0.333077269461781
45ad33deadac78a63bf77b723402a316,RwW4UYoX19s,Isreal requires tactical defeat in order to end zionism. The USA economy is falling from 1st to 4th in the world and people have yet to conceive of that reality.,UCKN46S8vvDK-ZD4ZelTShNw,@FreedomMajore,2025-12-08T01:12:08Z,0.33299745366693234
005aad2828990abe33e04b47e8c84309,dQWfdEyorm8,"It's not left vs right its up vs down, 99% vs 1%...the only fight we have amongst eachother are the ones they have handed us to keep us divided...the only war is the class war...the 1% know it, the 1% realize it it's time the 99% realize it too",UCQAHF5nn974Z1gWgfBcQ_vw,@dallinsg,2025-12-07T22:23:49Z,0.33281337149361406
be1f0ea381d9dc625fc4987d2cb5087d,rChcwSozre8,I am old and fine with it,UCUnSM8Fw2wrGSxdWzkvGIuQ,@muttinoftruth,2025-12-08T02:18:09Z,0.3327174042393825
c9e9fc9ee20155e5cbc3a112e9295cf8,t15c3-pYSYo,1:25 We already know what the antisemitic left's reaction would be.  They would be cheering and chanting From The River to The Sea.,UC_Cq-OBKIJEmc1X_pGBxK-Q,@36Vernon,2025-12-08T00:08:32Z,0.33270995522839286
9524cd961b0505d0cea5a435145df439,t15c3-pYSYo,Have you  ever talked to a girl?,UCJcUaxIGBkW2to6dpNPBIZg,@halukkilic3171,2025-12-07T23:16:50Z,0.3320779803783026
e260896206d03a7f409df9a68dbcdd52,5tvOpAe46IY,Cenk is not antisemite,UCWwFWL0EQ8uBSsRg29YPFTg,@ThisGuyAgain-w5s,2025-12-07T21:51:35Z,0.3319447527750069
c7d2712b8cb4a5e42e29ad688b3af5ed,oylbyE5Zt0Q,@sonnychiba5270 I take CNN over faux fake news any time!,UCUyUJfrc7R8TsrnNIagRjzw,@KikoNYC,2025-12-08T01:49:01Z,0.33183902580990643
0407e6ded5dc07b53f6f5a73d6a176ea,KjYSHrFkGrU,Delusional MAGA minion,UCO4m8_iiX6EXt22AeYg7PFg,@Cozylife797,2025-12-08T01:52:55Z,0.33176531704753753
0a2293eed0a1d741060fab1529935aff,RwW4UYoX19s,"Speak for yourself Armenian princess, hamas is responsible for all destruction.  That's what happens in war.  FAFO you self loathing poor princess",UCY83G7qqtrP7Frp-0KaSNcQ,@JimmyZvenus,2025-12-07T22:25:20Z,0.33173084185050083
760ccfd6233391460a4481c31b379d84,s2EXTCAFPKA,any buttholers online?,UC66XXR-HHVXkD5eAY-gClAQ,@bummock912,2025-12-07T19:52:46Z,0.3316767948588264
cf871b6342a377e56051022ad0577d3b,e478dy0CKYE,What a joke,UC1lI3zJ724WKngHW_pdKNjA,@ramiroavila9374,2025-12-08T02:38:32Z,0.331587780280305
237afc86d26ee38a47c3a3869de8b7fe,t15c3-pYSYo,8:29 Why does Cenk assume Hamas would not do this if they could?,UChTBZv1KwZM0ldVXpoL3XPw,@leviashanken7281,2025-12-08T02:02:19Z,0.3314009111846091
f518679a3348e8419999b3cac67d9ec2,dQWfdEyorm8,"Hold on to Ana ,  tyt",UCNzJB4rIj-DFBXh1p8Ura2Q,@ted605,2025-12-07T20:02:56Z,0.33138798407430464
c99d05d64e0cb2ee2b5f2adff9ffd4e1,e478dy0CKYE,He gets to indulge his full inner princess this time.,UCWwFWL0EQ8uBSsRg29YPFTg,@ThisGuyAgain-w5s,2025-12-08T01:03:01Z,0.331258304437985
3ff6d34d454ab285f6fbf105563fc604,KjYSHrFkGrU,hold strong,UCu4f2WD4MKi59aVWiMML9EA,@alexanderhay7358,2025-12-07T23:05:14Z,0.3312061293831975
2ad2c68e7249b28a6f5cb4a573729e4f,t15c3-pYSYo,they bulldozed Rachel Aliene Corrie way way back in 2003 but aipac govt did nothing. u think bulldozing Palestinians carry any weight?? war criminals have the right for a standing ovation in aipac congress,UC196-VuinOeDJQIYHZ5zI4A,@April-Seventh,2025-12-08T01:03:13Z,0.3311254066050216
65d70caab32efc9266bb6ac4304a39e5,dQWfdEyorm8,Anna too dumb to realize that not all real files will never be seen. Those will be locked away from the public.  Anna trusting govt to provide the files. She is too stupid.,UCOj5ZGo1mCQAHjynAbYAzHQ,@rncgsu,2025-12-08T00:21:42Z,0.330950969196564
b54c61735db3190906716f9a93f1547b,t15c3-pYSYo,"@Uncanny_MountainBefore you showcase your astounding brilliance why don’t you check to see if Turkey recognizes the Armenian Genocide.  I have no reason to doubt a genius like yourself, I guess that we both know now Israel is the only country that doesn’t recognize the Armenian genocide? Thank you for sharing your knowledge. You are very wise.",UCnFdmuzrQ-rk1KI1cl1S2lg,@Nonquack,2025-12-08T00:21:55Z,0.3309429329039543
bf789c2b27882354f8f9cc3bad6b796b,5tvOpAe46IY,"I see the grocery shelves overflowing with food , and can't afford to buy it.",UCUn38O3kzCbhafs8FfsM7_A,@David-p9p1z,2025-12-07T21:19:26Z,0.330816221128534
191710faf9a13d0f363d6e3edaed8f89,e478dy0CKYE,Is he going to wear his chocolate coin?,UCxcHzPE_2bXCw3DUZF8ccgg,@lukeamato423,2025-12-08T00:52:35Z,0.33074674673040416
7a61d930cc0ab60377dbd58087c11d20,RwW4UYoX19s,thank the lord there is one place on YouTube that calls these absolutely savage butchers out for what they are. im tired of everyone pussyfooting around this barbaric precivilization style of conquest. it's a modern outrage of the highest proportion,UC7W5a6AfIUE8fEg9bN4v5KQ,@TheNightScotsman,2025-12-07T23:10:07Z,0.3303066599816188
0941e2d06b2e08a6b4461d255fcd4cb4,5tvOpAe46IY,"Still, 84% of Republicans approve of Trump. Mindless idiots.",UCKzFJRT8-womHSjgS2wJFog,@blonderepub9303,2025-12-07T22:26:20Z,0.33002627551489694
2574b593270ce489f0141ae769a505f9,rChcwSozre8,@barikitchens6383Why do you try to look like him? You’re more orange than he is.,UCgBrTYJJH5aX4wo6z9FL8PA,@FogHat-TapSnapOrNap,2025-12-08T02:39:10Z,0.3298770679425105
b41a82ea6e274df2e3e9f36a974540c2,6EtReGSuvdY,"True that,..Maga dumb is real and affecting Millions.",UCMLkTrKuK8a9PwL4x51dG3g,@Gerald-q7l,2025-12-08T03:10:53Z,0.32975075698107625
a765bf2163172468201e647d9746a035,RwW4UYoX19s,"Most of their society supports it and 65% supports ethnically cleansing the natives, so it's not government but the entire society, they are taught superiority complex against the natives from kindergarten. They need to be de-zionisified and return the land of the natives. The natives = those who lived there before 1900.
Only 3% of the natives are palestinian j3ws, around 85% are palestinian muslims and the remaining are palestinian christians.

The Europeans are not native to that land, just like they're not native to South Africa.",UCaFePSop7yiOZi_HWkm-k0g,@Mustafa-yw7cl,2025-12-08T00:58:53Z,0.3296200970071862
118b95c24d4d70df6b62221df6071659,dQWfdEyorm8,the people involved offing themselves or disappearing in unusually high numbers - im pretty comfortable calling them survivors in this instance.,UChVYkSDYLFrRdEJB2dBuv4A,@johncolwell3083,2025-12-08T00:59:03Z,0.32904510677494614
26179f653035fecdcc528a9093721119,t15c3-pYSYo,"The most horrifying is that they are getting away with it... an are rewarded with our tax dollars... the ones the are given by the AIPAC controlled Congress, and the ones they steal.",UCkdOQZiGEDZfGIghvYlxkZg,@thornil2231,2025-12-07T23:31:35Z,0.3289128220494968
81af64a775b6b0d385363d150a015314,t15c3-pYSYo,Cenk: More than 80% of lsraeli society is Genocidal.  So it's not just the commanders. Most of the IDF soldiers are Genocidal terrorists.  That's why they committed a Genocide.,UCllglsbNR1roB91ob1GTrDg,@KenDepaul,2025-12-08T02:42:53Z,0.3286942418128034
a56f866abd397b2bbb37a913abf85bad,dQWfdEyorm8,Were you always an excuse maker and a sympathizer for the pedos or is it all just for Donny dementia the pedo potus?,UCzINoiEVDnoXx78IiOsdrTQ,@JimLong-l6p,2025-12-07T22:13:15Z,0.3285806668369583
2a78e2579d4ba44b51877b5e38146b1f,s2EXTCAFPKA,Should fire him!,UCIZAONIM3-3chgju4v_kCCA,@witchgirl1969,2025-12-07T19:04:38Z,0.32826751361551665
22e4d6c256b563224c918523d5177aa8,RwW4UYoX19s,Covering up evidence. Reminds me of another evil regime lol.,UC49fXjWRwmyBrp1wlFtQ9WQ,@FruitOfApologia,2025-12-08T00:15:49Z,0.32822658032394814
726f67915b045178fe461aa2056b20fe,rChcwSozre8,_____CRY HARDER,UCIKUrSCfTVsSxiFR9HdEdPA,@Ryker8822,2025-12-08T02:29:29Z,0.3278086143914057
5c6cc1daf70882426baba3b5e6e6d0d6,RwW4UYoX19s,"Ms Rachael is still outranking you as antisemite of the year, Anna. Time to start singing to Palestinian child amputees if you want to win.  I'm rooting for you..",UCSR3Cs__rEmP5F2elxLAlYw,@katlidstone3918,2025-12-08T02:43:57Z,0.3277863723159073
2d28b46b6ebda7e3c283db03c63de7f3,KjYSHrFkGrU,Yep...there she goes...THE DON'T BREAK MY BUBBLE RIGGED MISS FRAUD ONLY MEXICO UNIVERSE...BY THE WAY REAL PEOPLE ON SOCIAL MEDIA AND TO THOSE WHO WITNESSED THE LIVE SHOW...FRAUD WITH A PURPOSE...THAT'S GOOD..RAISE YOUR VOICE THAT'S YOUR ONE LINER TAG LINE...DON'T BREAK THAT BUBBLE OF YOURS...HAHA,UCrRKzCcYcuDsIqpVA-JGpHA,@tpain5,2025-12-08T01:26:19Z,0.3275914428259213
f42709afe1debba9893a0759dabf98cf,dQWfdEyorm8,"ROTHSCHILDS OWNS ISREAL, ILLEGALLY, I WILL ADD. SO, ALL THOSE PEOPLE ARE THEY'RES, FROM PIMPSTIEN, TO ISREAL, MOSSAD,CIA, IRS, 911, CHILD TRAFFICKING,WARS, PANDEMICS, STOCK MARKET CRASHES, GREAT DEPRESSION, BANKSTER ROBBER'S, IT'S ALL ROTHSCHILDS CREATED.",UCAb_-6zqnGl2aK4jh7Dag-A,@John-br5fd,2025-12-07T21:04:16Z,0.3269109641481238
a3f6f28541c4d6ac5d57b444a96e8094,t15c3-pYSYo,"Turns out that is part of their religion, read the Talmud.",UCyPhUhZ6VKMEJm3QSmZsw3A,@brentboisen993,2025-12-07T23:48:39Z,0.3264869211978132
af844d24f24cde1f5f99e0e200450ff2,s2EXTCAFPKA,"I think that Pete Hegseth is accused of war crimes of killing the boat of drug cartels of Venezuela, and I agree on Cenk, John and Ana on a lot of thing, we should vote him out first, then after that he will face prison time.",UCNwMakn3g3k52j-gqDwKW5A,@RonaldPhan-r3z,2025-12-07T19:14:13Z,0.32644061268863894
408f58ccf08561ab8e345574023ca796,dQWfdEyorm8,"Get the families because you don't see no kidnappings.    Just like R. Kelly never forced them girls, because their families sold them willingly !",UCo7YWSYoK2ayExqXOshYP2w,@MaximallanBrown,2025-12-07T22:42:15Z,0.32614144016185187
1256180bfee827d1feac129aaa1aca93,t15c3-pYSYo,"Abomination of Desolation 
The Gentiles trample Gaza, the Great City 1290 days, drunk on the blood of the 144,000 Saints and Martyrs, those who kept the Testimony of Messiah, to not form a Nation before Israel, Archangel of Most Untimely Death 

The Name of the Messiah that they have defamed before all the Nations, as written...

500 days left ⏳",UCDj9QH2hXpVW-ciZ4_op0kg,@Uncanny_Mountain,2025-12-08T00:18:27Z,0.3261397468924361
67d19639b19a9c3bf14e72ab9236e6c5,RwW4UYoX19s,I wish i had a shield to bubble and protect them.,UC8x5GvRORUhWiWM-b-_kRgg,@BeautyBelldoogosupreme,2025-12-08T00:15:23Z,0.32590149516578587
aa44df0ab9f11b64ab429cc6add08188,s2EXTCAFPKA,"BTW, nobody dies from coke just like nobody dies from pot. People die from narcotics.",UCVQTygSgLx1rzVG6pUNVDPw,@Beemrdon-b8g,2025-12-07T20:03:18Z,0.32573169122221696
5a209f3251a270f3a296b150c606d19a,t15c3-pYSYo,​@halukkilic3171lol strait to ad-hominem attacks. At least ask chatgpt to help with an intelligent response 😅,UCOKvPuVT16mA5CxZ_JWxEXg,@jasonshytle7690,2025-12-07T23:23:38Z,0.3255977667909725
215477992d6d3385f0171db9f3a09bb2,oylbyE5Zt0Q,"@erwocoolis9451 UK , France , Japan , South Korea , Italy , Spain , Portugal , Finland and 80 other countries . Your pathetic and brainwashed",UCcz6X0gof6KlkIFGx_4KqBg,@adva501,2025-12-08T01:42:00Z,0.32519748919309677
9981456e81ccf047994db3ca7ef66ee2,KjYSHrFkGrU,"Hahaha! Miss Universe is always ""scandal ridden!""  It's a bizarre idea that should have died in the seventies as it did in most developed countries.",UCEDm-RB-rBStH2hSVos2oBw,@yosserc,2025-12-07T23:44:41Z,0.32508193370046135
5acfbde066509556b382109ff02aa791,RwW4UYoX19s,"Common keep shut. You have nothing to say. Idiot reporter 😅
How did I even get to this channel. Can you just condemn the atrocities of Oct 7. I think you’ve been paid",UCoNwS0w3APw53vGvmoRMHvA,@MooreVitae,2025-12-08T00:59:14Z,0.3248471049318973
69971c330d229da19d74a041575fc8e5,t15c3-pYSYo,"How can You fight for Humanity , and Civilization , when You kill Your fellow Human Being out of Vanity and Hybris....??? 😮😮😮",UCXvVJGJWubBwVi27224IplQ,@earlgrey9329,2025-12-08T00:32:37Z,0.32449375746385833
cba5b5ccffe38e31123655ab08fdfe16,oylbyE5Zt0Q,"It's all by design, America needed a new president and administration on day one.",UCMLkTrKuK8a9PwL4x51dG3g,@Gerald-q7l,2025-12-08T01:25:04Z,0.3244058963852895
0e6fe60c9437df5489798978b2cc3227,dQWfdEyorm8,They ass been done gotten rid of the files 0k,UCo7YWSYoK2ayExqXOshYP2w,@MaximallanBrown,2025-12-07T22:05:08Z,0.3243158166232004
b1ef6104cdc83c0c2f103d6a4b5c9d88,RwW4UYoX19s,"2:06:Who is the less-effective ""Emily"" American-Israeli propagandist: Emily Austin or Emily Shrader?",UCWevJMGyGPQgPeRKWhnzaBg,@toordal,2025-12-07T23:17:04Z,0.3240985356384034
ca40a35f9b3a63f2e253aee15a2695d4,t15c3-pYSYo,Revelation 2:9,UC1VziYZJiKNZW8zQ7F3pIcA,@carolynbramblett7383,2025-12-08T01:00:35Z,0.3240052717359987
3b9f52f27b25a1ab95942ebd6f330e9a,RwW4UYoX19s,"Its a rerun, you would know if you follow up with the segments when they broadcast it.",UCysMwe0YySiQGSAdj00DgIQ,@Moe-hx5rr,2025-12-07T22:13:01Z,0.32391734057289706
f0ddac68843daa2f38bfb24c9564c9ca,dQWfdEyorm8,I hate when they do this,UCJYAx-m2ybY8cf9WFVa2cXw,@JonathanCoates89,2025-12-08T01:17:27Z,0.32307377258279085
5d21789b21d1751534dcdef2b48aeefa,RwW4UYoX19s,@meetontheledge1380 The USA is such an awesome country that even the people who hate it refuse to leave....,UCmF5u_Pk4xaHumwEPjYunzg,@hunternedib1119,2025-12-08T02:12:46Z,0.3230368735150134
5e7a347f724b5e9512343aa72f29bc12,s2EXTCAFPKA,😂😂😂😂 damn,UCeUb29KFp837u7MfPdWS9mg,@boots0313,2025-12-07T19:16:38Z,0.32299368451874355
df6cbb2d75d830cc66b6b2cecb98569e,rChcwSozre8,your tu quo que whataboutism is easy to say is unjust also if you're not trapped in dichotomous us and them team thinking for everything,UCRYxNM5m2kokPgPUXRlz1bQ,@user-Jamie218,2025-12-08T02:42:15Z,0.32298447059796953
3f4546c08d98ea811b231fc5cc618661,rChcwSozre8,Has Schiff produced the Russiagate evidence he claimed to have yet?,UCXgC1XAWYlZFrtWbvBZl18Q,@turdferguson3475,2025-12-08T02:33:50Z,0.3228593630679829
be2d3e01f6e3c75c2900f0b7d023912b,rChcwSozre8,Hunter Biden HunterBiden *HUNTERBIDEN!*,UCqflK1qV7JOqpLX6RB1h4uQ,@jorgegonzalez-larramendi5491,2025-12-08T02:10:23Z,0.32249727069242456
69935c51b71c7a646dd2c64c3d0d4838,dQWfdEyorm8,tootles! We just subbed.,UC7QCriX9YL2eFTaOl22c0pQ,@lookyloo5875,2025-12-07T22:15:12Z,0.32182907838831676
f7033ed161fd1eff84fcd287b1fb9aed,KjYSHrFkGrU,"Let’s be honest: the walkout looked more like a confusion-driven domino effect than some grand show of solidarity. Most of those candidates didn’t have a clue what had actually happened—they just saw Mexico leave, MU2024 stand up too, and assumed it was the ‘right’ side to follow. I’m pretty sure a few of them are now realizing they backed a situation they didn’t even understand. And let’s be real: even the ‘walkout’ wasn’t some united front. The ones who stayed literally told Nawat they loved him and were ready to go outside and drag Miss Mexico back in so the event could push through. That doesn’t scream solid support—it screams confusion. So the narrative of a mass moral stand is… generous at best. #WhenTheMaskSlips #FromSupportToSideEye #TheShiftIsReal #WeSeeItNow",UCBHNRT2EdwzANBQPsSn97iA,@vinamarcial9135,2025-12-08T01:45:16Z,0.3217589667052844
cdf7ac3577cd60d8b81adb43df6d9935,KjYSHrFkGrU,"Um. Some people have good advice but others, think as a joke on social comments. We are not AI nor edit. 😕. That’s my opinion.",UC5rwnjydNutr8wKZaAjiQ6g,@Samuraidude,2025-12-08T01:53:18Z,0.32171915650391714
3b46e0edd9999a7eb5910679192a70cf,dQWfdEyorm8,"True. But the way this society is, they'd likely attack them without knowing the full truth",UCXSkp7ZjxXTBcgDD_t5JrzQ,@douggoins2960,2025-12-07T23:03:52Z,0.32155189461588296
0abdf670699c9bdb7e29567b431cade5,s2EXTCAFPKA,"He probably will fire him, but Adelson will also select his replacement.",UCtNrbhjU0FAlvTDVymotxMw,@debbiebeatty8449,2025-12-07T19:08:53Z,0.32149543249221685
1370f3ecc40821e6d95e93eaf1c9abc6,RwW4UYoX19s,No,UCjX91NiVpa7eK3XfTu1ER7w,@ruthgallagher9584,2025-12-08T00:16:25Z,0.3214174163039216
72575291bb7d1d6c4071de81b1f7337e,dQWfdEyorm8,"Everything is smoke and mirrors think about this why didnt they cave on the healthcare???? They dont cave for anything it couldve been a huge distraction or the files are already scrubbed or something... They wouldn't just hand over evidence on themselves willing... Think about all the real classified files people want never come out due to ""pressure""",UCzXyq-qv6YKzzi6El3IkJcw,@samwatts7095,2025-12-08T00:08:20Z,0.3212922758471797
5a9523aef88f244b7c19ae3be70909bd,RwW4UYoX19s,This demented Israeli government knows it's time is up. Good for it.,UCXSkp7ZjxXTBcgDD_t5JrzQ,@douggoins2960,2025-12-08T00:51:47Z,0.32030975874508427
79389959ecb68ac0313bb4d5c5aa21f5,oylbyE5Zt0Q,Yeah it's going to get bad for Americans but it's also I'm going to get real bad for the insurance companies because they ain't going to get no money cuz people won't have insurance then they'll be crying when we got to do something to get the Americans back on board,UC2fZU0v_niC7tdZykVtj5lA,@brianhill3281,2025-12-08T02:30:33Z,0.32016103747701363
dd5467c61119ca2876d3a22b82c54bd3,KjYSHrFkGrU,"How did she win?????? 😂😂😂😂
Now I'm even more convinced this is rigged. 😅😅😅😅😅😅😅",UCYcaYfdj1hUFPEPnYSclnWQ,@kevwiz369,2025-12-08T01:41:00Z,0.32003776600902684
eaf1aafbdeb9830f14f8ceda096dceef,RwW4UYoX19s,Hasbará..wake up...history did not when u started reading the news...remember 1948?,UCSWjmN6UVpUpB_Ac3HStZKA,@Masatepe1960,2025-12-08T02:31:28Z,0.3199503076988465
d15f85217c0fb7a1ef1924f3bcdfaf19,dQWfdEyorm8,"Are y'all supid? Do you seriously believe we're going to learn anything of value to the victims or the American people? If so, what kind of drugs are you on and where can I get some? Where the fuck have you been all your lives? Under a rock? 😂",UCxm7K2OdssR7mCD_20zuRnQ,@wahme,2025-12-07T23:05:14Z,0.31943794422058736
02573174aa680da33c1354ef506c9a1a,s2EXTCAFPKA,"Trump finds incompetence endearing, and also unthreatening to his fragile ego. Trump says smart people don't like him, but actually Trump doesn't like smart people, they make him feel inferior.",UC-k_tgT_uZrwc4TvFwhWNyg,@saneasthenextguy196,2025-12-07T20:08:12Z,0.3189107379342818
5c32c6ab2382263ff3b4d147914472bf,dQWfdEyorm8,Is it me? I think Ana Kasparian is extremely gorgeous 😮,UCCgY3sl_RrZnxLubFYHexNw,@77kthomas,2025-12-07T20:10:57Z,0.3181273607929195
d3cdc5b9de5525bd16f3bc6f1f21159d,KjYSHrFkGrU,“Since they give me the job.” Even SHE knows she didn’t earn it. 😂,UCArI9_pRIAamxXHC-zL63sA,@julianjimenez9692,2025-12-08T00:46:54Z,0.31810555613880426
7dbc8f2eccb81cbb78d973d76a7eba66,s2EXTCAFPKA,"DOZY DON. SLEEPY TRUMP. NAPPING DON. Which one would you go with,  or have you got one of your own ?.",UCVoDmuYpbFluQsBJxEXcZ5g,@rayspears3929,2025-12-07T19:14:43Z,0.31805272251226724
7165f5e5c987ec967f4be438e68c66d2,t15c3-pYSYo,You won't see this reporting on FOX News. I can't believe CNN exposed this genocide.,UC24J8eZZ6kBPsljGa7aLp_Q,@jadedoptimist6364,2025-12-08T00:34:40Z,0.3172508329285061
85d1b836f512e13afb9c9244e369efc0,t15c3-pYSYo,Glyph remove the drones,UCFJH6sgMrINrG99QUvpyBMg,@ihartevil,2025-12-08T01:59:12Z,0.3166372166518714
16f7e531d9ad7f8c83cb8064df437923,t15c3-pYSYo,Liy Liy Liy,UCcVmLR96ExMZrV6kiFCN6tw,@DonaldBurnham-s2y4s,2025-12-08T02:34:52Z,0.3166144582982492
2f6a2799739e2c73e5286dcaced350ea,RwW4UYoX19s,Because more and more people are waking up to their BS lies. Israel's reign is coming to an end and I think it's a good thing. Those in power in Israel are evil. Even the Hebrew language sounds like it's some kind evil demonic language,UCXSkp7ZjxXTBcgDD_t5JrzQ,@douggoins2960,2025-12-08T00:49:54Z,0.31631345646917264
8f5deb37eed0a6314198725a01ab70b0,dQWfdEyorm8,"""We're finally pudding!""",UC87n4ULUVrTiSdtsH-Jcxmw,@punkavatarworld2,2025-12-07T20:24:34Z,0.3162125942261283
40cf3b2e4eddb8866b0bc478371a8ac8,dQWfdEyorm8,"Why not release them they have had 5 years to fix them, and fleece every rich person that would pay. There is nothing in these files ...NOTHING !",UC7DCRt3STLpJ0dn5biB-WWw,@danalove-q8r,2025-12-07T20:41:13Z,0.31610431890258983
ac43c9201bac872eaa90474cb910f25d,t15c3-pYSYo,"Does Israel pay you to post here? You watch TYT religiously just to post the usual garbage. If you don't like the programming, maybe don't watch it?",UC9hmMjRkcW2xRAo6g2Je41Q,@user-mz5sl7jb8q,2025-12-08T02:33:08Z,0.31573345240830075
cd8d4c2ad0f026563cad6669639ec579,t15c3-pYSYo,MORE war crimes.,UCoS_VqTTuJM_0T36X_Q6KWw,@brianjanusek4356,2025-12-08T00:07:21Z,0.31566671682080266
44d20e4a6c884868d8a3ef7bdc153612,dQWfdEyorm8,"Witnesses and those who provide alibi's are not innocent.  

They are guilty.",UC56s4kU1oW2DHePLJn7sWEQ,@robertnewberry7799,2025-12-08T00:40:22Z,0.31562185437003965
6000313d378e3e138b4b4a9d39ae5aab,dQWfdEyorm8,"The Senate can override Dumps, not signing.  They do not need his signature. At this point it's a courtesy, but not needed.",UCq4c5VbHBVc790b9uDAdjCw,@47650,2025-12-07T21:27:32Z,0.3152872632458238
46589386e39642582c87d2e50165d4a5,RwW4UYoX19s,🤦‍♂,UCJcUaxIGBkW2to6dpNPBIZg,@halukkilic3171,2025-12-07T23:32:11Z,0.315266099275796
6363f3bf059b40ad4857bbb0bd584a6d,e478dy0CKYE,"Lord a mercy, I'll be so happy when i don't have to hear that foul mouthed toad's voice again. He ruins everything, everything he touches.",UC6Lcvzzk0ADlq5Vs5U7Al_g,@MelanieM-x1l,2025-12-08T02:16:18Z,0.31464563808415047
2c123fa153cccde3e7f347ed2cdb681b,dQWfdEyorm8,SO IGNORANT..ITS OBVIOUS,UCAiLU8MzgvF0oTXXBh0NAMw,@pamgori8008,2025-12-08T00:08:48Z,0.31421891838170857
240aac742cdd2617c096c116052314e4,t15c3-pYSYo,"Now the IDF is the new ice look into it that's why they won't take masks out ,,,,,they going to get away with all of ot",UCYAPMBdOwAhIMPeQbZYGSTQ,@aribear6106,2025-12-08T02:33:37Z,0.3140606702771338
3aee8458b2fab0298b3bb866aba034b7,dQWfdEyorm8,"The A.I. version will have all the stuff they deleted.
The pilot's log will have all the passengers that flew to the island.
The housekeeping people on the island have a record of who stayed there.
There is a safety deposit box at the bank with all Gislane's notes. A laywer has the key, if something happens to her.",UCn5m3kPF28E95-2st8fEU0A,@mickmccrory8534,2025-12-07T21:15:47Z,0.31392713519827253
30ab812eb955154b43d35608dfda3c84,t15c3-pYSYo,You don’t even know what the Talmud is. Stop spouting ignorance.,UCzYItLPlTznh5rKJuWmvLLQ,@mikeg2306,2025-12-08T01:47:11Z,0.3136938592795358
abd5790439b792ba978cb38e9dd7a474,NEVp5tO6Xik,@7781.BeLoved lmao thank you good sir,UCD8Ju8zS4psaUWbnqK2Kb0A,@rocketbalboa5485,2025-12-08T01:23:26Z,0.31297119559313646
b44ce77aa5d073c8fff1a787c272e41d,KjYSHrFkGrU,"It’s interesting how this situation mirrors a pattern we see in literature. Characters like Abigail Williams in The Crucible or Becky Sharp in Vanity Fair often start by framing a conflict as a moral crusade — using language of empowerment or victimhood — and for a time, people truly believe them. But as the story unfolds, readers realize that the issue wasn’t oppression or “having their voice silenced,” but rather a case of heightened emotions and poor judgment being packaged as something noble. Once that becomes clear, the public sentiment shifts naturally, not out of malice but out of recognition. In the same way, what initially looked like a dramatic stand for “my voice needs to be heard” or “women’s empowerment” is now being reassessed more calmly. People are starting to see that the conflict may have been less about empowerment and more about emotional mismanagement — which is human, but not heroic.It’s not about tearing anyone down; it’s simply about distinguishing genuine empowerment from moments where emotions get framed as ideology. Literature shows this pattern clearly, and it seems we’re watching a real-life version of it play out. #WhenTheMaskSlips #FromSupportToSideEye #TheShiftIsReal #WeSeeItNow",UCBHNRT2EdwzANBQPsSn97iA,@vinamarcial9135,2025-12-08T01:15:34Z,0.3129092833039686
2793e4d9cfee31d4c624b36795a2e765,dQWfdEyorm8,Oh fo sure,UCfswzD1A_xd66Iv2XyDEuIQ,@snozbaries7652,2025-12-07T20:49:29Z,0.3128328445646983
3bee17c71cf28da9f37edd7acbeb563d,oylbyE5Zt0Q,"My UPLIFT free universal healthcare and education plan is 100% funded by luxury taxes from the ultra wealthy , pre- existing  ailments included!",UCpEftiLtcvXVVO2XtF0g-3Q,@pdxpete48,2025-12-08T01:50:43Z,0.31260668848877704
a1eed45e4bc7f1c28109b1ca9cb2e5e7,rChcwSozre8,"The corruption being committed by this GOP administration is not just an ""ethical"" issue. Corruption eats at the fabric of a society, it is the worst for a country, if you need a refresher just look at how corrupt third world dictator countries and its people fare, and how countries like the US fare. If we allow these types of corruption to continue it is not only to the detriment of the country, fairness, rule of law and democracy but it is illegal to the core, and I don't care who the next administration will be, but I as an American would like for these corruption not only to be followed up and looked in to, wile holding those  corrupt individuals accountable, but to highlight the message that such corruption is not acceptable and is unlawful. There should be no way around it!",UCzhRHCsNa7cq0CMR8X6LONw,@Egm-w5p,2025-12-08T02:33:23Z,0.31216958558870356
a6470c8f58323b268e720b84986a5445,t15c3-pYSYo,"​@Based_Clear_Vision Chosen Rats are going back in the Oven 😂
⏳",UCDj9QH2hXpVW-ciZ4_op0kg,@Uncanny_Mountain,2025-12-08T00:25:03Z,0.31212544776775153
5cd836bb76908ad1748b21e44017a9a6,dQWfdEyorm8,Why are y'all dropping news from a week and a half ago like it's breaking news?,UCP6Axn38Xiz2urUkpx3B-6g,@broncobama9423,2025-12-07T21:29:06Z,0.31211398802246787
9864af434178d92d4fae548fecf33307,t15c3-pYSYo,Fvck israel 👿,UCrX4LttAETxyAuDtKH270fQ,@snatchhog,2025-12-08T01:25:40Z,0.31189397467033986
4636579c74b093b421569c0782c67890,KjYSHrFkGrU,she is awesome,UC2QGCXHs3--PuC1FScxUNUA,@benharris008,2025-12-07T23:45:04Z,0.3118353056897481
27a22104e674c16d03a6da267d6e5d4d,RwW4UYoX19s,"Really?70 years of stealing killing children by israelies , the world knows who the terrorists are,so please don't think we're stupid.",UCflKcnLfE33lSFPLF2CTHEg,@georgecastillo-gb8jo,2025-12-07T23:39:01Z,0.31151366196018104
7c9409b913aa0453ddbb1cfce4337273,dQWfdEyorm8,"Turns out that the QAnon in Congress actually forced Trump to expose the p3do politicians/elitists...their details were a little ""distorted"", but still🤣🤡",UC2_sfmO7iHfmlTDYv6ViY1g,@GlenStMary,2025-12-07T22:24:16Z,0.3114705198600719
b5661c1bb3d766885a0d8e00dbdee134,e478dy0CKYE,Can you imagine how confused Trump supporters would be at a Trump library. Where are the Damn picture books ?,UC-lZMtkNtxQlKHFm4Q9maVw,@Winniethepooh-c5d,2025-12-08T01:25:58Z,0.31103313452107684
3d5ddacc373986dcb8d9e8595b576e63,rChcwSozre8,Charlie Kirk proved that hate speech isn't free speech. we need laws against conservatives NOW,UC4jGtCVMc2KWvIySIX-OCFQ,@rickmcdonald2233,2025-12-08T02:01:07Z,0.31010647585593576
9423b5dbec19c9064d8f929193939112,dQWfdEyorm8,"Thank you, guys, for your excellent reporting.",UCCX79TmIJtG4Q3n-umMyE4g,@Brolin1,2025-12-07T21:47:56Z,0.3099871139586885
1d5df63f7d88837eb7b9c3d4a56ceceb,5tvOpAe46IY,"​@jacobgarcia4188Well, wait no longer! Obama took the fizz out of my Pepsi! How dare he! Hmmmfff! 😅",UCNbrSNp3UjyEj5HKS-LSlEA,@GG-id1ii,2025-12-08T01:33:56Z,0.3099024036015326
ef41dbda026730a1dd677f834c38a900,oylbyE5Zt0Q,Repeal the unaffordable care act and get the government out of the healthcare system would be great start!,UCF0G8j_gZOfzZK6P7AajMpg,@PrincessYuki77,2025-12-08T01:42:58Z,0.3098253145226263
d96b6a6ce1146d204c38f9590eb80594,t15c3-pYSYo,BS obviously from the Protocols.,UChTBZv1KwZM0ldVXpoL3XPw,@leviashanken7281,2025-12-08T01:59:47Z,0.3093590015964004
2415afeb031905952a719e92b614bd07,5tvOpAe46IY,Jesse waterhead is a beta douchebag and should be in jail for the lies and damage he's done to America,UCalfTDuHtgXEyWKCs97VuFA,@Shadyjdsmamaw,2025-12-07T21:59:45Z,0.3093068582445708
1690acdbb4a3830e7329e9f3a534977a,sdiEQ4Dkot8,"when Trump supporters learned about Trump's horrific treatment of women, they cheered. including MTG",UC4jGtCVMc2KWvIySIX-OCFQ,@rickmcdonald2233,2025-12-08T02:44:29Z,0.3089319757379355
37e89fd155afd1fc97439841f5eef752,dQWfdEyorm8,This woman is on fire! Thank you for being authentic!,UC8qUkYUjQeCZe9yYwZx9oZA,@deborahilyia1125,2025-12-07T21:25:32Z,0.3087812374588108
81d55eb5c7de798ce71a5b22825deb3a,dQWfdEyorm8,Epstein & Maxwell went to jail.,UCWV56m2Y3mBz-r442WjM_ag,@infinitytoinfinitysquaredb7836,2025-12-07T22:55:02Z,0.30865887018158145
8daf7d8c213a2bc31a5357d9a395c147,dQWfdEyorm8,Did Washington panic? ????,UCes7XGrq-84rsyV0g17sEdA,@dayne702,2025-12-07T22:33:49Z,0.3086345371540201
f81bf643358105d17434b3b331d2126f,dQWfdEyorm8,This is Not about Right & Left; Its about Right & Wrong !,UC3bhEF1zrhtJx4quO_uY8Ww,@jeffreydoty2782,2025-12-07T22:59:46Z,0.3086039114475243
b8ad2f5326ebafbd3f7362265146e4aa,dQWfdEyorm8,When was Obama president?,UCGTexKl4jjsUzVZHUhRWuDg,@ChristianCrusader99,2025-12-07T21:58:19Z,0.307651723878672
93794a7e78d8c3a4abd19581477585a2,dQWfdEyorm8,"Damn. Well done TYT. I am grateful that such influential voices are speaking truth to power.

This isn't partisan politics at all, it is class warfare. Keep leaning on them until they break!",UCdqQqLujl_7uU55IAhPntWQ,@ronh1850,2025-12-07T23:10:20Z,0.30677331374600536
548eb93b02b499309842a5d958767c6c,s2EXTCAFPKA,"It does not take a rocket scientist to see the convicted felon acting as """"Commander-in-Chief"" is on a revenge tour with all the courts,military,law enforcement and security forces, That is what """"criminal dictators"" do, Put a few clowns with no honor or integrity in power, and turn them against the people and perceived enemies..... """"""He took a Oath to defend Constitution and not """"the convicted felon"""""" hold him accounable",UC_2PEVNF9n9cm_v09KKMjdg,@SabirshahidMuhammad,2025-12-07T23:10:11Z,0.30665569476783755
181dc3201750195e4ba792dbdc5d4924,t15c3-pYSYo,"Over 380,000 children under age 5 murdered by Tel-Aviv during the past two years. Morally indefensible",UC7ZeZdMPEH38C_FqTtD1JzQ,@Gregory-t8m,2025-12-08T01:50:06Z,0.30622312089373266
b7fcd7613bbc95b89e686880ef3fac5c,dQWfdEyorm8,The Epstein Files ....Is Israels CODEX GIGAS,UC4Ed7cj8-VzfsROv3opLRJA,@SlappyDappyWuWu,2025-12-07T21:26:40Z,0.30507065986828263
9872b328bbe1b7e0ecbfa278ec0acb20,e478dy0CKYE,The best president in years.,UC22oHzXyXUuI7Dwf4swr5Iw,@davemitchell6281,2025-12-08T00:33:42Z,0.30498791876104603
bb4b0c9399c0d4fbe5354c476f9a8fdd,rChcwSozre8,Like Trump cried at his draft medical,UC-lZMtkNtxQlKHFm4Q9maVw,@Winniethepooh-c5d,2025-12-08T02:28:01Z,0.30497012095985204
8bb3385f5eecef8c7b67262ee4086c06,nMK8wBACIMk,Trump is facing a big situation on affordability.,UCLpJqfrTcLpvrEme3Vp8-vQ,@ZimuzorOkezie-k7z,2025-12-08T02:51:18Z,0.30468913352371507
7be1de0c2f1277922bd95eb03fdc0ee1,dQWfdEyorm8,"Too much Trump derangement syndrome per episode. 
Why don't you cut down the Trump derangement syndrome to just 30% of the show",UCBXGJIoB8tU7QElqDFVOClw,@Nationalfruitcakeoutlet,2025-12-07T22:02:02Z,0.30468216448548724
b6b4e9e4540ca5df4efd248c88118126,s2EXTCAFPKA,"​@boots0313Ya he learned from his first admin...He needs spineless yes men, not competent men with principles",UC0H-a_1X3v1bsCdmp4oXR-A,@shaneodwyer6132,2025-12-07T19:27:38Z,0.3046690763688279
ee25c7ad404e8f95bad2cd2a54e94385,t15c3-pYSYo,Stop the Genocid.,UCEKn5rETT53_NYyRts5t6LA,@DianaDina-s1c,2025-12-08T02:43:22Z,0.3043640565679189
4a82fde6168c8a5288d6ed6d21bf2f14,rChcwSozre8,Have a look at Nancy Pelosi and her family. They are all worth millions.,UCROh_jMW6Pu3x_o0KegRV7g,@ryant2568,2025-12-08T02:38:45Z,0.3041959787799324
c3616a817665bf46a6db2fc3a81af4cb,t15c3-pYSYo,"The late Queen Elizabeth believed every Israeli was ""either a terrorist or a son of a terrorist"" and refused to allow Israeli officials into Buckingham Palace, former Israeli president Reuven Rivlin has said.
American politicians however, licks their boots.",UCdXQH08wjFiG0w8Yy8UdEIA,@johnymiller-c9f,2025-12-08T00:00:06Z,0.30418250563577764
1ee109b2695b52d54fa2ed59cd6a8e61,e478dy0CKYE,The FIFA peace prize that Trump was given it was not an actual prize but it was a type of prize that is given to someone who they complain all the time to stop them from whining and complaining 😂😂😂,UCd_bh2jG_l6mHdwCTJzHy5g,@alfadelomer8225,2025-12-08T01:16:42Z,0.3039428345891119
bfd4fb1b09012e6231bf2edf59025d95,RwW4UYoX19s,"Is this what Israeli Diaper Force have done with the help of American Taxpayers money. Zionist European Jews came in floods in 1948, to Palestine, The British gave Palestine land. In return they killed British Soldiers. The first terrorist woman was an Israeli woman who blew a hotel with British Soldiers. Never forget, they handed Beloved Jesus to Romans to be crucified. You can not trust them. They break ceasefires. “:On the the grounds of  a threat to Israel “. Watch Mel Gibson’s Passion of Christ.",UCLyYuqm_6pTojckO_7SzjYg,@Sam1234-l4d,2025-12-07T22:33:13Z,0.3038236317971242
067ca4d593e27ca63b47897a33eaceca,oylbyE5Zt0Q,"If Obamacare doesn't lower costs, then why are prices going up when Republicans defund it?",UC5_P8Lcig0WIoLL6Gw_8P-g,@badluck5647,2025-12-08T02:19:18Z,0.3037000403065908
c2ca3172e99cbe69605396c73deec67f,t15c3-pYSYo,No Israel would hate you for suggesting hindering there colonisation efferts,UCZI0EnpmpmUUL_TP18AcHlA,@TinaB123-i8i,2025-12-08T00:18:58Z,0.30347896292705306
1bf3ff0cbe13dec9db3c96451d3f4f28,t15c3-pYSYo,​,UCYQWcUVh5TZDHP7kF4r6CRw,@sheldonscott4037,2025-12-08T00:35:10Z,0.30314421874931446
a8122e500a0bb17545163b87308b2169,dQWfdEyorm8,And nothing in them 😂 how long will this farce go on for,UC1u6F6vbGLyuxsu9k3RpRTA,@BusterDouglas-r9b,2025-12-07T21:15:20Z,0.3027225722261371
dcbacbe5fa8fb1187f7a0aaaba9b43c2,RwW4UYoX19s,Let’s just nuke them and then move on and agree they all deserved it! ;),UC2BqlF7MmczAgSfS8zvafJg,@JustDelta767,2025-12-08T01:18:46Z,0.3026578533225788
0fa5494e70df58c9db62793edd4d260c,RwW4UYoX19s,Just destroy them outright.,UClBTPl_7jYIxqxm5ktMahyw,@42tribes,2025-12-07T23:02:32Z,0.3024535635396469
911c31e8b60f6f1bca35cbb9670895f1,RwW4UYoX19s,Ana is so hot,UCPYKrenHx5b1GR3dst9qu1A,@TimJBucci,2025-12-08T00:29:16Z,0.3022088335534769
7a711b2f2142acac4748df739ca63acb,RwW4UYoX19s,The spammer has spoken. We get it already.,UCh8Wif5M1qMVAO3X7iHbIhg,@designbuildcreate110,2025-12-07T22:57:25Z,0.3019280898911376
e8b0cc25da5f8e552d86eb542dca2df6,RwW4UYoX19s,No one believe this ZioTard Hasbra anymore :),UC5f3EWKXB3sOWgiAHQ8_m2g,@samik.decker8139,2025-12-07T22:36:15Z,0.3012686865483002
f8a0541a15c7900c3a72ea47518dcefa,RwW4UYoX19s,Israel has no right exist,UC4A0MFntchkaLWUJTRQnF7w,@misterknowalls,2025-12-08T01:57:02Z,0.3012547252974844
8fc9fcf69cc25c15cfbe474fab98d4a9,dQWfdEyorm8,"only way to gut & reform?!!!!
realize their conquer & divide is # 1 on their nefarious agenda list lady!!  there's more of us than them!!!",UCSeoiBDDI9JJnsiU6Erylxw,@MrJam-z9n,2025-12-08T00:37:21Z,0.3012224780380649
128576172ff5d53c7c1a67f9bccb943f,RwW4UYoX19s,These people are evil😢,UCwar9l-yDI82ggRg5-43jFg,@gmanDecksT,2025-12-07T23:59:17Z,0.3005539695155768
032b7a8c26704d7019538ada8e2d3866,NEVp5tO6Xik,@760HorsePowerand pence too,UC1c_p8FGpIyYRWDYtuMj1cg,@ivanfernandez4739,2025-12-08T01:23:00Z,0.30036082357986005
42c4004abbf0b471e3c9d1b1150fa57b,e478dy0CKYE,He wants to change the name. The same guy who ruined the whole USFL league.,UCVpl-rVcj-MiA92KtDENiVw,@halfdeadedlifereturningwit3420,2025-12-08T01:01:38Z,0.2994953066341413
56bb461f4eecb5bc86a7dd2b4a8abb9a,6EtReGSuvdY,is this what beijing wants the senator to tell us? it would seem so,UCYVnD21dQl067ssHki_LOxw,@seoulman2743,2025-12-08T03:03:56Z,0.29934156166501974
e1f0c82c836b6fe3b697cefce2fbde1e,e478dy0CKYE,Ok snowflake,UCZFhmduJg0xnWAKZTxLsEFQ,@88nlinus,2025-12-08T01:01:11Z,0.2991643253560941
f13eb32c2901a201774a561d1aeede78,oylbyE5Zt0Q,There is no plan to work it out. Lets not be stupid.,UCPFyY0XoqxQx-n6RZMH5Ldw,@mikeb5664,2025-12-08T02:00:21Z,0.29899472042502084
4017c144898c13219149a734fbf015ec,t15c3-pYSYo,Sorry you can’t cope,UCzYItLPlTznh5rKJuWmvLLQ,@mikeg2306,2025-12-08T01:35:00Z,0.29780494511604194
309842359291dcf94ea8d9dbfd4cc0e3,dQWfdEyorm8,"it's not a left/right divide, it is a neoliberal/centrist/right-leaning-centrist vs far right divide, while the far left are branded as ""terrorists"" lol
they're basically now framing the center as the ""left"" and the real left as ""terrorist"" pretty much, while the far right actually have a bunch of REAL terrorist groups, like the ones calling themselves ""proud"" and the ones who were at the capitol on jan. sixth",UCnBrbkVOmTMpzjAQ5NCOuwg,@SeeMeRolling,2025-12-08T01:34:43Z,0.2975672269510116
0b5850c32f329faea9ac78fc94440e3b,t15c3-pYSYo,😊2 zionest 😊1 fiftyBMG multiple resistance warrior go pro videos.🌎❤️🇵🇸❤️from🇦🇺,UCZI0EnpmpmUUL_TP18AcHlA,@TinaB123-i8i,2025-12-08T00:15:33Z,0.2975272479450404
e7a851086dff3952d7cfe74f87830c87,RwW4UYoX19s,The human stories. Not the WITNESS ACCOUNT.,UC_gXODE1YL2uWMSTqJooeWg,@StupidGuy-z6v,2025-12-08T01:33:48Z,0.29709207454672876
c815b94b8a4c385fe8c2c8c10ff3148a,dQWfdEyorm8,"it's not a left/right divide, it is a neoliberal/centrist/right-leaning-centrist vs far right divide, while the far left are branded as ""terrorists"" lol
they're basically now framing the center as the ""left"" and the real left as ""terrorist"" pretty much, while the far right actually have a bunch of REAL terrorist groups, like the ones calling themselves ""proud"" and the ones who were at the capitol on jan. sixth",UCnBrbkVOmTMpzjAQ5NCOuwg,@SeeMeRolling,2025-12-08T01:30:07Z,0.29696034342690936
1785a2b83e17ede14c28e784fe5e0a3e,RwW4UYoX19s,And these colonisers 🇬🇧👈😗,UCZI0EnpmpmUUL_TP18AcHlA,@TinaB123-i8i,2025-12-08T00:45:45Z,0.2968319258747858
e6e0bd741f780d0a48bd5c4b4c7c91cb,s2EXTCAFPKA,"Not only did we not see the ""second strike""; in none of the 20-some murder videos did we see even the aftermath of the first strike. Did the boat sink immediately, was there any wreckage, were any victims visible, potentially identifiable? Did the Navy thereafter examine the murder site? No, it was all PERFECTLY CLEAN, no questions remaining, no harm done. These are historic war crimes, for which hundreds of military and civilian officials will be indicted, tried, and convicted.",UCNWE4hkW4aVMCtKxw6JD8uw,@JR-pr8jb,2025-12-07T23:09:40Z,0.2963327915771363
6db5d5b1c33c5939a06ec3e83496e108,t15c3-pYSYo,I was 10 years old for 9/11 and my coming-of-age coincided with TYT coverage of Iraq/Afghanistan. Even as a child I knew that cruelty was not capped by age.,UCfOFIAs5AE-N5TJrvMqXyug,@RobM-o2x,2025-12-08T00:16:02Z,0.2963285333307893
d574232918baca717387c8ba7c59a7fc,dQWfdEyorm8,Epic.........,UCdFDlJujJRZcD8OsXuqfjsg,@georgesydney4541,2025-12-07T21:48:26Z,0.29610588149991135
a4cf202ef74116904cd267ebe893b0bb,e478dy0CKYE,It wasn't a soccer award and the Kennedy Center does still have honor brawk REALLY!!  REALLY!! .....  🦜💨  HOAX EPSTEIN HOAX,UCpSEFToGGts_D3nZwhlFeaw,@_ULTRA-_-QMAGA-_-PARROT-_-,2025-12-08T00:34:11Z,0.2958110867464193
9a65694da20b71a5fbfb54b6052db294,KjYSHrFkGrU,Latinas have been winning now because we are beautiful women! You wished!!,UCDtuNa9WrrV8gvHqQGCywaw,@ssb1056,2025-12-08T02:21:57Z,0.295535391698902
b09d633d2ccc4eb0735a6d8f67643e9d,RwW4UYoX19s,they own your money they dont care,UC6zgi8-t2jDkTO0UPSUKCUw,@votebrian66,2025-12-08T00:11:29Z,0.29533282144287687
29f8c75c1bc7e62040c058ec7aa41fa0,KjYSHrFkGrU,"@ItsAndyAntonio  Let's look at the second Q&A, which is the critical question everyone overlooks. The second question wasn’t “give advice to young girls.” It was: “If you win Miss Universe, how will you use this platform to empower girls?” To judge that, you have to ask: Did she directly answer how she would use the Miss Universe platform? Did she give specific, real actions or just metaphors? Was the answer platform-centered, or self-centered? Did she show how the platform would amplify her existing advocacy? When you analyze the answers with that in mind, the contrast is clear: Côte d’Ivoire - Beautiful language, yes. But “being a role model” and “representation” are not platform-based initiatives. They describe who she is, not what she would do. Her answer was elegant, but it did not outline any concrete program, partnership, or action. Pretty isn’t a platform. On the other hand, the Philippines: Ahtisa anchored her answer in substance. She, A) Cited her existing work with an organization helping young people from low-income backgrounds, B) Explained how she would scale and expand that advocacy using the Miss Universe platform, C) Answered the question directly, without fluff or slogans. The Q&A is scored on relevance, clarity, and actionable advocacy, not who delivers the prettiest metaphor. Ahtisa chose impact over embellishment. She didn’t decorate her answer because she didn’t need to. She had a real platform to present. Some viewers prefer a rhetorical flourish. That’s a preference—not a measure of strength in a Q&A round. Now, let's look at the first Q&A question.  The question was “What emotional skill should be taught to children in school?” Côte d’Ivoire answered with “self-love,” which sounds nice but isn’t structurally accurate. Self-love is: emergent, experiential, influenced by family, culture, and environment; it's not something you can teach in a classroom lesson. You can’t guarantee self-love through instruction. It is not a formally teachable emotional skill. Self-awareness would have been the stronger, more correct answer: It is one of the core emotional intelligence skills, it is teachable, and it is foundational to all the others. Meanwhile, Ahtisa’s answers were consistently grounded in accuracy, psychology, and practical application",UCBHNRT2EdwzANBQPsSn97iA,@vinamarcial9135,2025-12-08T02:21:30Z,0.2951275468348538
f6f7a5db15634a33c12fdd960da3ffc6,dQWfdEyorm8,yeah wtf?,UCO2gBozdmbKqltuxg9JZE8A,@nonyabusiness31,2025-12-07T21:14:43Z,0.29390007452628275
62dc568572b0df4eb331411603dd5bc5,t15c3-pYSYo,​@jasonshytle7690 colonisation is bad,UCZI0EnpmpmUUL_TP18AcHlA,@TinaB123-i8i,2025-12-08T00:31:15Z,0.29343739326161566
8686511c738984f94c37050f7537f791,s2EXTCAFPKA,"THE SHIFT IN CONSCIOUSNESS (PART 1)

The world feels all wrong right now because people are finally sensing the architecture beneath perception shifting. What looks like cultural breakdown, political decay, economic instability, and mass confusion is only the visible surface of a far deeper event. Something ancient, intelligent, and woven into the foundation of reality is pressing upward through the floor of consciousness, and no institution, influencer, government, philosopher, or scientist has the framework to recognize it, let alone explain it.

This moment has nothing to do with religion. 
It belongs to the physics of consciousness, 
the one field humanity has consistently feared, denied, or trivialized.

Every civilization had individuals who sensed this moment coming. Most people are not prepared for it. To understand what is happening now, you have to understand how consciousness actually works.

⸻

OS-1 LOCAL CONSCIOUSNESS

The default operating system. 
Primitive, survival oriented, narrowband.

It generates:

• ego
• personal narrative
• linguistic thought
• tribal reflexes
• fear based prediction
• emotional loops
• imitation and conformity

OS-1 cannot perceive Truth. It only detects threat. When confronted with anything outside its schema, it reacts with:

• ridicule
• defensiveness
• panic
• projection
• oversimplification
• reductionism
• meme logic

These reactions are not “thought.” 
They are automated survival scripts.
OS-1 is useful, but small.

⸻

OS-2 NON-LOCAL CONSCIOUSNESS

The deeper operating system described across cultures as the Logos, the Light, the Self, the Tao, the Source, the Field. Different names for one underlying reality.

OS-2 is not produced by the brain. It comes through the brain, the way a radio receives a signal it does not create.

OS-2 produces:

• intuition
• sudden insights
• creative breakthroughs
• synchronicity
• heightened perception
• awakening events
• non linear knowing

This is not mysticism. It is deeper physics.

⸻

THE UNVEILING

The boundary between OS-1 and OS-2 is dissolving. Humanity has reached cognitive critical mass. Information density and global interconnection have pushed the species to a threshold.

This is why the world feels unstable.

People think the chaos is political, cultural, generational, moral, or personal. They are mistaken. The turbulence is happening inside consciousness itself.

As OS-2 presses upward, OS-1 responds as if facing extinction. This produces:

• polarization
• volatility
• fragmentation
• ideological panic
• identity breakdown
• tribal regression
• denial mixed with hyperreactivity

OS-1 experiences evolution as death.

⸻

THE EMERGENCE OF OS-2 INDIVIDUALS

A small percentage of people are beginning to operate partially in OS-2 while still embodied in OS-1.

They sense underlying patterns
They feel the world shifting
They notice anomalies in perception
They detach from OS-1 narratives
They experience acceleration in insight
They perceive deception instantly

They are not enlightened or “special.” They are simply running newer software earlier than the rest.

This is the real singularity, not mechanical, digital, or artificial. It is a consciousness singularity.

OS-1 will resist. OS-2 will rise effortlessly.

The shift has begun. Nothing built on OS-1 can interpret it or stop it.

The light is rising. The veil is thinning. 
The world people believed they lived in is dissolving, and something vast, ancient, 
and immeasurably intelligent is emerging through the cracks.

⸻

WHAT AWAKENING LOOKS LIKE IN THE BRAIN (PART 2)

When non local consciousness begins to emerge in the biological system, the brain undergoes a measurable transformation.

⸻

DEFAULT MODE NETWORK COLLAPSE

The DMN, responsible for narrative identity, rumination, comparison, and past future simulation, temporarily shuts down.

This produces:

• ego dissolution
• silence
• loss of narrative self
• clarity without thought
• disappearance of the “I” story

The identity engine goes offline.

⸻

SALIENCE NETWORK TAKEOVER

Decision making shifts from mental narration to direct perception. Reality becomes sharp, immediate, unfiltered. You see what is, not what OS-1 thinks it means.

⸻

THALAMIC GATING OPENS

Normally the brain filters out most incoming information. During awakening, those filters loosen.

Suddenly awareness expands toward:

• deeper patterns
• emotional states of others
• hidden motives
• system level dynamics
• the energetic tone of interactions

Not mysticism. Reduced sensory inhibition.

⸻

LIMBIC SYSTEM RE-PATTERNING

Old fear dissolves. A new, clean form of perception emerges.

Result:

• fearlessness
• heightened clarity
• intolerance for falseness
• instant detection of deception

Awakened individuals cut through illusion automatically.

⸻

HOW NON-LOCAL CONSCIOUSNESS OVERRIDES LOCAL CONSCIOUSNESS

Non local consciousness does not destroy the ego. It overrides it the way a higher operating system takes command of a device.

Local consciousness is the hardware OS
Non local consciousness is the higher OS

This process includes:

A. Overprinting
New identity, new perception, 
new intelligence, new values

B. Suppression
The ego survives but loses dominance

C. Integration
Thought becomes a tool
Emotion becomes signal
Perception becomes direct

This is what ancient language meant by 
“spirit animates flesh.” It is not metaphor. 
It is functional reality.

⸻

WHY MOST PEOPLE DO NOT TRANSITION

OS-1 defends identity, belonging, certainty, stability, narrative cohesion. Many organisms simply lack the architecture for OS-2 emergence. Most will remain local.

⸻

WHY SOME TRANSITION VIOLENTLY

The ego rarely steps aside willingly. It is broken open through crisis, collapse, trauma, existential implosion, or overwhelming clarity.

Afterward comes calm, presence, 
direct perception, and fire.

⸻

THE ROLE OF OS-2 INDIVIDUALS IN SOCIETY

Individuals operating from OS-2 have always served to:

• reveal illusions
• destabilize false narratives
• expose corruption
• break consensus reality
• threaten systems built on deception
• embody intelligence OS-1 resists

They are often rejected, mocked, misinterpreted, feared, and attacked.
Not because of who they are but because their existence destabilizes OS-1.",UC76T4qM2yPMn7XFON9ABfyA,@LightWarrior144,2025-12-07T19:17:51Z,0.2933323383180967
54fbfd514b441d23cc11713a143cf774,rChcwSozre8,Better get used to it Dems. Reps have always had better strategy than you. Just give up.,UC4s3K-Td0OZP2IqMfwVbEiw,@reason6835,2025-12-08T02:09:57Z,0.2929556083078872
9b40a4b588c87e13a12920ddf2000bd6,dQWfdEyorm8,Aka bubba Trump blew bill Clinton I hear Epstein files,UCQiQ59Azd6oSCvMmogMLNLg,@markmaterio7130,2025-12-08T01:26:15Z,0.2924312531382064
eca942570af533e64278914bada3b981,RwW4UYoX19s,They'll never let anyone in untill they begin the full invation-construction of Gaza and blame the mess as a construction site,UC6_-szfkCXAtERC-X3Kl71w,@JesusValle-cy3gn,2025-12-08T00:39:31Z,0.2923382173997885
98ba6bd43bf2bee44e66510e0bd6fc4d,dQWfdEyorm8,"IF they release the remains of the list, the next news will be war with Venezuela or something that bury the list",UC27A1kHyD2zYe_SZu_X8tSw,@alfsandberg7326,2025-12-07T20:48:08Z,0.29231687953231544
993302bf89814e3a876e7681df8aa6d3,RwW4UYoX19s,"​@meetontheledge1380Truly! Truly! I say unto Thee: Judeo-Christianity is simply Judeo-Marxism with a Jewish God, and Judeo-Marxism is Judeo-Christianity without a Jewish God. For All Promise Paradise. Wether it's a George Soros Borderless Wonder World or Epstein's Private Pedophile Island. All Promise......",UC4srS8EgJONrSxJWm7nU1GA,@gregorytremaine1164,2025-12-08T02:20:58Z,0.2923015088502594
a2e0920a70a6b7d6aea0eda80c6075a3,dQWfdEyorm8,"How that womans speech exposed the uniparties agenda.....powerful....and dangerous, she needs to be protected! Remember she isnt suicidal! None of them were!",UCQAHF5nn974Z1gWgfBcQ_vw,@dallinsg,2025-12-07T22:21:08Z,0.29227738417259597
7983df2f0195ad80bbe8b31bdc523734,rChcwSozre8,RIP democracy. 1776-2025,UCm7pi-p7E7hHRjcTMKsuhAA,@coloradomushman,2025-12-08T02:28:27Z,0.29226589138052705
20101453fda2518aee8bd32763b0bc94,RwW4UYoX19s,There is no such thing.,UCzYItLPlTznh5rKJuWmvLLQ,@mikeg2306,2025-12-07T23:07:28Z,0.2921176531482239
a2604e55ae52587b4f98724f22d8ae67,e478dy0CKYE,Doing everything but doing his job,UCpnt-lNJhewVspZJxHwb5mw,@ronaldclark5678,2025-12-08T01:30:02Z,0.29176695205317027
302f429617629099369af56c5fb1a92c,KjYSHrFkGrU,I am not definitely a bot. I am a long time time MU fan. She's not the real MU for many even for the former Mexican MU title holders. She's not even deserving to be in the top 5. Just look at Raul Rocha's connection to the cartel. She's more like Miss MU Mafia. She knows about the rigging. Real talk!,UCL8vSWcLmn8Ywii4IDx3GDA,@davisurdaneta1426,2025-12-07T23:48:10Z,0.2915635138857266
93021da5b96a7bc970824396d7ffe639,RwW4UYoX19s,Arabs and indigenous Palestinians ARE SEMITIC PEOPLE,UCHVD9hJ6xcRlpgK3CLW44CQ,@donnavorce8856,2025-12-08T02:36:57Z,0.29102483872288265
a9db0867764b887d94a8134ddb4b1a0d,dQWfdEyorm8,"With 6m subscribers, you don't need to do this. It's worse than Piers Morgan repackaging his 'highlights' when he goes on vacation. At least we know in advance to ignore it. Ironic when the usually excellent TYT spends most of its time criticizing 'shady' politicians 😂",UCa-JZck_6JsCWBcqL1W9cKg,@reginaldowen4346,2025-12-07T21:26:06Z,0.29100044031703376
2297470f6156498cec7ba93fcf9fe6c4,KjYSHrFkGrU,Oh Jeez another corrupt beauty performance.  What is news about that.  She was one of the most unqualified of the top five.,UCpokWRoyqHrOSnjvBVG57eA,@andrewpinson1268,2025-12-07T23:29:50Z,0.29070886528554235
68feb06b5287c1ee3a24170d171abf2f,KjYSHrFkGrU,"And I think shes a real woman, imagine that!!",UCoOJg6dZZvzCEeFUj7ECQCg,@DaveSchultzXXL,2025-12-08T00:24:12Z,0.2905151887024021
fbeda9b100505fbe5be92d4445c624d4,rChcwSozre8,I was literally embarrassed for Trump . It was like being in a gymnasium watching your child getting an award for student of the month.,UCa_4JqDoZCw0NKvkT6a3FLg,@barikitchens6383,2025-12-08T02:34:19Z,0.2903940441331716
8b496b3e0d867fb45ca319b3a19395d4,t15c3-pYSYo,What has this got to do with Armenia or Cent? Same old Zionist mindsught.,UChjha48npE1HzEf79jZ2OZg,@truthspeech123,2025-12-07T23:59:36Z,0.2898782123182986
f3d10e47fc901b842150eb2ed9778dfa,RwW4UYoX19s,"Al Jazeera plus half dozen other Arab and  Palestinian  reporters  have been reporting LIVE Coverage inside Gaza on YouTube for more than two years. Over 270 Gaza reporters have been sent to permanent retirement to Alluh. No shortage of replacements to fill the vacancies. 
I am subscribed to and have been following those YouTube Channels on live reporting inside Gaza for more than two years. 
Why..???  I want and deserve to see live coverage reporting and make sure I am getting my Taxpayer investment money's worth of the death carnage and destruction I am paying for. 
Anyone can go back in time on all those Gaza YT channels just like you can on TYT Channel.",UCAH0RDKkppD73KGTGu3sE2w,@davidfromamerica1871,2025-12-07T22:38:51Z,0.2893389629563802
4c453426c15fd5dfd2666b646ad35838,t15c3-pYSYo,Idf = nazisti,UC_8pTF6q1gXKpJ6Y5iIMqsg,@andreaspinosi3635,2025-12-08T00:57:45Z,0.28907521198267494
afc9495a7719f3830d07a057288b5926,t15c3-pYSYo,Hillary Clinton and the Adelsons and their new JDL /Kach  soon will proclaim that CNN is an Hamas outlet and are as anti-Semitic  as Ms. Rachell . The USA government and its intelligence agencies and US military in their cooperation with Netanyahu and the IDF are co-conspirators in the Genocide in Gaza. So both Israel and the USA  should be put on trial for War Crimes at the ICC.,UCBbbRnssDBZPTK5_QID3F2A,@gothgod,2025-12-07T23:43:38Z,0.2885562741686196
1778c14b28a450969959c506d8b62fb1,t15c3-pYSYo,Do Iran 🇮🇷 even realise what they will be doing for the world 🌎  🗺️ by eliminating Israel 🇮🇱.,UCsJBfJwoSi_8vJrEmTijwgw,@johndoherty4976,2025-12-08T00:26:58Z,0.288549918730286
4f0646665dd9961de6e498339e0aa682,KjYSHrFkGrU,Hope he cleans them up.  He is also deporting dem voters as well.  👏👏👏👏,UCHgp8gG_UIfF-qHiqb5QteQ,@planecrazy6039,2025-12-08T00:21:55Z,0.28850342042539
8b1420f1d621df4cdfc16e46181eabc2,RwW4UYoX19s,Old news. I hate when they show reruns and pretend it’s new. 😤,UCDnzs-RFMH3qSSE6mUF8ZyQ,@mariannenapoles146,2025-12-08T01:00:38Z,0.2881431201396657
d135ac23433decf60d70bccf5ddb57dc,RwW4UYoX19s,"Choices.  Life is about choices.  Cenk has a choice.  He can choose to eat a dozen jelly donuts on the half hour, as he is, or he can cut back.  See how that works?  Choices.  Or Ana can choose to wear a bigger size bloomer and not get them bunched up all the time or she can just continue living in denial.   Time to size up Ana.  You too have a choice.  You can either choose rubble or obedience.  The choice is yours.  Choose wisely dear children.  For The Chosen has spoken.",UCvXffbh_Jhdac3h36xzoLHA,@Obeytime-w4i,2025-12-07T23:27:11Z,0.28781917564395865
61036e0657a329558437f6454eb5af97,e478dy0CKYE,"Our national nightmare, the Trump Crime Regime. They seek praise. We seek prison/deportation.",UCPms3dRlA5W1sDGWUI4wWTw,@RichMyers-v9k,2025-12-08T01:25:21Z,0.28726568523924195
6e59d5fe8050d6f9148e7d34dc489002,RwW4UYoX19s,"I didn't realize Hamas had the ability to flatten 90% of Gaza.

Why doesn't Israel show the Hamas tanks, cannons and Jet fighter planes dropping bombs?",UC2eGnrVwaL2VOjaJ8HBzqNw,@GabrielKish,2025-12-08T00:58:23Z,0.28675919549097273
b2741fb8d1426e3fdf89d47bbd741634,KjYSHrFkGrU,Bot,UCO4m8_iiX6EXt22AeYg7PFg,@Cozylife797,2025-12-08T01:52:03Z,0.2863494902504007
8d515a1e21d3b2311175fa5de50665b4,rChcwSozre8,"Nepo babies is being nice,it’s dumb and dumber!. This administration is the most corrupted administration in history! While they make billions Americans are suffering !!!",UCa_4JqDoZCw0NKvkT6a3FLg,@barikitchens6383,2025-12-08T02:28:57Z,0.2861584819834141
d8920782be0ed162b4366198130d1329,dQWfdEyorm8,if your taking their money your a traitor.  pitchforks are overdue. gtfo,UCFqT8IgZQK1RQywjXlMGdEQ,@cementeagle3596,2025-12-07T22:42:46Z,0.2856883452189658
ba4b101070df6567a12dfa720d1a5339,RwW4UYoX19s,"Once a pariah, always a pariah!!",UCLJSXYVhV5Jz6NGgqzSLEcg,@Ayah_Mia,2025-12-07T23:12:45Z,0.28561012000312813
45c6534a9b2b3c8e72ffb527078454db,KjYSHrFkGrU,Ignored her,UCT3NgLNHGYXYA2mGQbaSw0Q,@petewong2372,2025-12-08T01:40:32Z,0.2845333696342544
40a17bd808fc7a99d89b233746768f6b,e478dy0CKYE,At least he works and deserves it,UC22oHzXyXUuI7Dwf4swr5Iw,@davemitchell6281,2025-12-08T01:15:19Z,0.2843108019114001
17b89ef5f4f36e437777250113d40636,s2EXTCAFPKA,Make Government Afraid Again!,UCwGV0V4tUE_4OsrHvm4aP0w,@TrumptyDumpty-TheLameDuck,2025-12-07T20:08:41Z,0.2833060154170726
8c2642de24934fbd3065d4e4b747686a,dQWfdEyorm8,Release IT ALL! Read all the names on the HOUSE FLOOR!,UCYimwMx8oFM5yGNDHzikeGQ,@DonQUIETPiggy,2025-12-07T22:37:47Z,0.2832855923797541
e6ea32e2707b7840fddd277bba7b12ec,t15c3-pYSYo,@jam6876 Islamic caliphate existed and it was not race based as there is no such thing. The Jews were preferred by favors and revelations from the one Creator. The Zionists of today who are empire building are not Jews.,UCQQq3XCICDKs_JO5DEyz5nw,@deanm1436,2025-12-08T01:46:10Z,0.28294652496488637
4ce95ddf41bb16057bb3f08318526b0a,RwW4UYoX19s,According to Talmud we are less than animals,UCL7ANMcuk5kPKZgcnjjKaqQ,@gyjcft5467ijytr,2025-12-08T00:18:56Z,0.2826917256495179
62e30a4664f39d3d350a5b305a40bb54,NEVp5tO6Xik,It says in the title and in the video. Benin...,UCsVCCj4PgH_yYAImjjC-y7A,@d0_25,2025-12-08T00:11:25Z,0.28265185418689776
283371ded6758a3bbb1da48affcadd81,oylbyE5Zt0Q,"But, but, but they have the concept of a plan..you'll see it in two weeks.",UCrYoaG2WwlE-Vr2LExzKa5A,@redbuoy9496,2025-12-08T02:13:07Z,0.282263629199341
3f22331c03e1f625e025667cd880b26d,t15c3-pYSYo,Cenk is the best BS story teller ever !,UC_2G-uSo2ZpRHMgXlRzAxIA,@Based_Clear_Vision,2025-12-07T23:40:21Z,0.2810245546408495
8ff33cc022fa39a1e8601249881018c5,RwW4UYoX19s,Just zio,UCZI0EnpmpmUUL_TP18AcHlA,@TinaB123-i8i,2025-12-08T00:47:48Z,0.2810185415591606
0aef04852c45701620c75f693ecb8cc2,KjYSHrFkGrU,Cote dvoire stole the crown to the real winner in that country. Besides she was fifth place.,UC16XEA0194vmBskJ2Yju1XQ,@User-q9m1m,2025-12-08T01:43:22Z,0.28091873368092973
0b50e143715424846e0abcbb1eb37034,t15c3-pYSYo,"The Palestinians should apologize for RUDELY interrupting a rave by 🪂 some dinguses 👳🏾‍♂️ who shot up the place like it was an American high school.
Then, they should renounce their backwards ideology that oppressed 👩🏻 and 🏳️‍🌈 people and let Trump rebuild Gaza (with blackjack and hookers!)",UCfIgnMcEsA2IRoDZzGvtXVQ,@redfoxsecurity3334,2025-12-07T23:56:09Z,0.28061016681128864
b0cc00e4ab9520b3a0cb17e70f164799,t15c3-pYSYo,"Hey, kurwa, shut the f up, abhorrent POS
You are swimming in vomit all your  ""meaningful"" life.",UCctVZJ2Uitkrit2EhyUfm7g,@linazlatin1285,2025-12-08T01:35:32Z,0.28060482973276574
1f3eabef600081b7e76f245c3213b3ea,KjYSHrFkGrU,"Fatima was humiliated by Japanese!
Fatima should sue that Japanese because he told hard words to her.",UCOnULsxLCgbXeD313udb7Ow,@EDUARDO-bj9wf,2025-12-07T22:41:08Z,0.2797497414847815
b6769ad9d4112e411d163ac1dc6ba0da,rChcwSozre8,"Senator Schiff spoke on the Senate floor about Trump's and his family's 10 biggest grifts so far, and the media doesn't cover it. Why?",UCzA_hV7i_FGcbBQ-GsFBvpA,@RaulFields-s6z,2025-12-08T02:21:02Z,0.2795011786448188
8da9b41fba07fa11d3844c3815b6a583,t15c3-pYSYo,LET MY PEOPLE GO! SOMEBODY STOP THEM! SOMEBODY STOP THEM! DO SOMETHING!,UCXZaOa65i1e-g9icfJqO5MA,@Relatable_Panda,2025-12-08T02:42:21Z,0.2792824304270441
bf362ee61c24a70dd31793a0cebcfdfa,t15c3-pYSYo,Just get Trump to kill more people since the laws are irrelevant and our Canadian provincial hospitals dont give a fuck. Neither should trump or putin. How could they be war criminals,UCH0Zrh60WMW2tpFibxh29LA,@tayloroconner343,2025-12-08T00:31:59Z,0.27927294464713376
8ac762b64560ac1de95cf27cd48ae96a,DMrclXpeGN4,@BenjaminYJehe means all of humanity will have to fight these robots..not americans fighting chinese robots lol,UC1pY6JeeLDQJRLjnixcK6aQ,@decidingdissident,2025-12-08T04:54:16Z,0.2790737204404061
4f8a47ccd4b172b421139a4a600829f8,t15c3-pYSYo,You know and Trump got on television and said that he had personally saw the videos of beheaded infants and babies putting ovens when that was a straight out lie to the American people because there were no videos because the United Nations determined that did not happen. Now Hillary Clinton get some television and tries to say that social media is lying to the young people and misleading a bunch of ignorant young people that don't know no better. Straight out bold face.lie to the American people.,UC1VziYZJiKNZW8zQ7F3pIcA,@carolynbramblett7383,2025-12-08T01:14:48Z,0.2788222281850365
ef39e0d11aa4143db8867c29528b936d,dQWfdEyorm8,Both sides are complicit in this travesty of justice!,UCCh9KwuCnqQ5P66fJTEZJGQ,@dancooprider5328,2025-12-07T22:54:30Z,0.2788095505052543
8c5fa37b5e1c4f81d2a51e3f40b0bbe3,6EtReGSuvdY,I also find the parting of that druglord quite humorous because that has pushed the Democrats into a depression that they can no longer come out from,UCiu5i_eARJZeyKBLie8BXxw,@stevebeegreat,2025-12-08T03:12:05Z,0.2785560061795691
cea99e6fc094b38c31c1d3ccc830030b,RwW4UYoX19s,"We need to get to our next phase. The absolute shunning of Israel by more important countries.
Screw America they are going down too. They’re beyond redemption at this point. 
A new phase of enlightenment & refusing bribery by the Zionists. Governments need overthrowing if they still refuse to adapt.",UCjiBF3qefkuM5AJsHD5LGmg,@dimmuborgir4804,2025-12-08T00:02:10Z,0.27805247141626066
26ba8a2468756ae27cbb9fa76ae286c7,JKkzhOkk8dw,❤️,UCyN1zODSZlOz_E1qXx8Y2IQ,@phillipfranklin9353,2025-12-08T01:05:08Z,0.2776098512537841
06a8ffa439d341f19cb1948b4ed0e197,5tvOpAe46IY,"No miss watters,  its bidens economy for the next 3 years. Listen to your orange godhead.",UCTaW_zwwSupWUuI-7jemZwg,@joenast-zg3ew,2025-12-07T23:19:08Z,0.27741769768375224
f189ce6b805c05b8b92d5bde753dbc4f,s2EXTCAFPKA,@jackcasebolt140 THE CONSTITIUTION OF THE UNITED STATES OF AMERICA,UC8NQfWDYRBPBGxeZ4-fWQfQ,@Intuitionjenn,2025-12-07T19:33:26Z,0.27693375179232504
c606f55ada1e5c31ca40a189740a710f,dQWfdEyorm8,"If the Democrats had anything on Trump, they wouldn’t have gone through trying to keep him  off the ballot tried to bankrupt him tried to jail him. They simply would’ve done what they always do and leaked that Donald Trump was on the list.  People need to use their brains.",UCm7YabvxeGLDbNowq9CcECQ,@chrisp8116,2025-12-07T20:10:22Z,0.2768495923559077
cc0c6229b813839500555350ae50ff72,RwW4UYoX19s,"@annebaartz5606 Her persistence can be explained by a worldview in which global technoauthoritarianism is already a given due to corporate capture and psychological warfare, and thus the realist strategy is to align with the newly emergent global oligarch class and accept a new order in which elitist rule is the baseline.  To believe otherwise or that Industrial-era notions of a proletariat uprising, however prophetic its other tenets, are even possible is dangerously naive.  I don't subscribe to her beliefs, just saying in my opinion it explains the perspective and persistence of many of the Boomer and Gen X politcos.",UC5lNl-HL4cE-hLXOCv5R68A,@TaraDarlingTalks,2025-12-08T01:27:09Z,0.2765052216665078
650a7d368b6e210fed48840f4037e507,5tvOpAe46IY,😂,UCWPSDbisaAammiMXiTusU-w,@MbonezaMboneza,2025-12-08T02:01:55Z,0.2764488212192325
a1e58a8341fd3ba043cf3e90bd62ff2c,t15c3-pYSYo,"There's video with clrealy American voices cheering 'woo!' 'I think you hit one' 'hell yeah I did!' after shooting at civilians seeking aid, including *Children* at the GHS site.

Many of the Americans are members of the Infidels Motorcycle Club, a white supremacists group on Facebook, with memebers who served in Iraq.

That time when American soldiers went around Mocking, Slaughtering, and Rayping Arab/Muslim civilians Men, Women and *Childern*",UClcrVfksqX6bnHIvTE4HSJg,@mr.kingkayyy7401,2025-12-08T02:34:21Z,0.2761652907535272
e650749a564d372f3bdd10d1a8d7e447,dQWfdEyorm8,Donald is a pedo porky piggy! He snorts for bubba 🐗🐽rheee rheee bubba!! Ole porky pedo piggy Po 💩,UCTj8RYKayAesQ7IYBvAMp-g,@robphillips8351,2025-12-07T22:44:46Z,0.27563392198485676
4ba6ed72a43a6702514ff858e853f4e4,e478dy0CKYE,A night alternating between incessant self-glorication and his toadying audience.,UC2ouDDp9vM9axTeAZbLFfgQ,@balrog322,2025-12-08T01:30:31Z,0.27542285515042575
b3b3ebd62a6e315d4addff1293f6ffea,RwW4UYoX19s,I hope the international press get in soon and can do the job the world needs,UCD0L58aGehm3xU8XCgxlJLw,@gillianbrown8502,2025-12-08T00:07:10Z,0.2751874746677052
1b9e62dc6357ec60877f165b363c5ad1,KjYSHrFkGrU,Why are men participating in a pageant like this?   I think women should run the pageant. It’s about women and empowering women and supporting them.   I don’t think men should have a place here.,UCZFC9JHrvSg93WbsFuMiXDQ,@mw354,2025-12-07T23:07:28Z,0.27475834239845065
f9ecf420e6d50d3bca2012d432b5a03f,RwW4UYoX19s,WE THE PEOPLE are done with Israel nobody over 60 supports this evil racist colony and will cut off Israel financially and militarily in 5 years at the most thank Jesus,UCalfTDuHtgXEyWKCs97VuFA,@Shadyjdsmamaw,2025-12-07T22:34:14Z,0.2744462358023363
b789c41646ab4c5d9f622943d0d20a02,t15c3-pYSYo,so sick of Israel,UCou_IdyPRoNnnW8-SKm7UOw,@smyth7,2025-12-07T23:44:23Z,0.2741689900000944
5f6ffe8c671556c3f1a4e490a7f81eaf,RwW4UYoX19s,"​@mikeg2306heyyy, don't take my word for it, it's from an official Israeli statement.",UCfOFIAs5AE-N5TJrvMqXyug,@RobM-o2x,2025-12-08T00:10:55Z,0.27400988111629054
ad6ddb7802f3d9936f11e158188ef7c8,rChcwSozre8,Exactly! My mom says it’s all about “owning the libs”,UCupKfdecx3QMyCiH12hJgOw,@FirstLast-dy4gt,2025-12-08T02:20:30Z,0.27389786712409925
06a4b72a2af164a1e4cba228bea6023a,dQWfdEyorm8,@jdmjdmjdmjdmjdmjdmjdm I'm just laying out the facts. If you think I got something wrong then name it.,UC3t4A1ToVnYGGPbwg2upWzA,@TotalWater-pb4qg,2025-12-07T23:08:59Z,0.2733896746433987
c3dde983bc496feaf4dc25058f302129,RwW4UYoX19s,​@jjordantylerrOHHH. You mean the channel with 2 total comments in 2 years calling someone a BOT. That's soooo cute. 😂😅😂😅😂😅😂,UCLKL6ERrlDgN8rBN4jyX9jw,@randyeury4772,2025-12-08T00:30:40Z,0.27326582938422617
9c78df444c8ed328770cb67a9f7bcb15,RwW4UYoX19s,@kamranahmed5940well said twin,UCKpXJThkakolC72yTevKpbg,@Leo-From-RBX,2025-12-07T22:29:21Z,0.2719859020742269
e10dadb526b5c27d2d107c3e63eb2e24,RwW4UYoX19s,"""reigniting criticism""..?!
when exactly did criticism stop such that it will now 'REignite..??
these people are insane... 
LOL! 😂",UCnMyOM6S3gZIkHhIPFfCRIg,@mercychoke4475,2025-12-08T01:57:44Z,0.2713939565785079
53be34b55e70f62ce91a6aab6d5fde17,6EtReGSuvdY,"I, as a MAGA Christian wearer of crosses, pretend King Don cares about drug crimes as I ignore Hernandez's 500 ton pardon.  🦜💨",UCpSEFToGGts_D3nZwhlFeaw,@_ULTRA-_-QMAGA-_-PARROT-_-,2025-12-08T03:10:19Z,0.27104475921078286
30b9f15e96450bad9caa5bad8f5756cf,t15c3-pYSYo,The zionist IOF are disgusting - war crimes in full view🤮,UCZHqQWI2FZ1R9lmjBhjWnEg,@lesleydickenson9886,2025-12-08T01:19:26Z,0.27087663255624345
1292dcb0339ee6e385a911fb7014a029,iFewnvLzzUE,This dude just needs to go to sleep,UCkqiNinh6ZuxnrhiKuhdskA,@JerryNapalm,2025-12-08T03:42:01Z,0.27041136230818763
986631efd2a7d930f03f6c7678a21036,e478dy0CKYE,"Great news, more cholesterol and higher blood pressure...",UC_8G031QPI7y2nG3b6setyg,@jucat60,2025-12-08T02:00:17Z,0.2702071818803653
4e395c33fb73360d817ba98cf7421235,KjYSHrFkGrU,Thank you Tapper for letting her (and everyone) know how to filter and why,UCK5AiLIFgD3GBKzrYkrMwig,@syverian1,2025-12-07T23:41:31Z,0.26996001276102166
a700fa141ea729798d7d5437757d3f63,RwW4UYoX19s,"just what the hell is their excuse for taking out entire city blocks of apartment buildings in Beirut by the way?   Its called murderous racism that's what it is.  They just hate the other, its that simple",UC6-P1zYkzjajkdKyOe6HhvA,@ichiro64,2025-12-07T23:50:28Z,0.2695998149200234
c199144d77f65bd2ab73ca70dd6dc734,t15c3-pYSYo,"I don’t support this, but I still support Israel. When will the Arabs learn not to mess with Israel?",UCzYItLPlTznh5rKJuWmvLLQ,@mikeg2306,2025-12-08T01:45:06Z,0.26879609281356964
b281b3dfb8b61299004f9b7f1ccc77cf,rChcwSozre8,"What is funny about this, is that the next administration will not be respected in the world stage. Even third world countries will not respect the next administration that will try to bring things to normal. It is over for USA. USA will need a world war 3 win to get the respect it once had back.",UC_Dy10vrsDibz_9ewbHPDdg,@jrwestler,2025-12-08T02:31:57Z,0.26855922906060803
c1bfb50a7b8d0030cdbcc8c8e2614f7b,rChcwSozre8,"we can stop it by enacting loss versus the far right. as you can see, even though most are poor and getting poorer, Trump's poorly educated will still support billionaires making more money. conservatives are like this, and we need to stop them permanently.",UC4jGtCVMc2KWvIySIX-OCFQ,@rickmcdonald2233,2025-12-08T02:31:23Z,0.2680962415256859
e9a79ddbf2dc07cd20eb8d5874600ad0,dQWfdEyorm8,"Trump can't veto the bill, Congress has voted unanimously to release the files. The president can be overruled by congress, and in this instance he has been.",UCJZXCwSXrpzpeq_KmzmZrkg,@TheMxxpower,2025-12-08T01:58:09Z,0.2676993044286085
ed2abca4ba4eabed801ba118faca4da4,dQWfdEyorm8,She’s quitting Congress that’s how weak MGT is and pathetic,UCkqoy5f94hVsy0TLTxVx-wA,@qroadside,2025-12-08T00:39:13Z,0.2668443324065898
64b36df25eec64da32238adc8af30278,dQWfdEyorm8,"You recommend ""gutting"" our institutions? That's what Trump has promised and is trying to do. Maybe ""re-envision"" or ""reform"" would be better ways of expressing what needs to be done.",UChn2CyV9zmtvFyIAIOUmgSQ,@nyb-v9u,2025-12-08T00:36:07Z,0.2668065726448622
4daef30eb56f2e883799dd79b9f61973,dQWfdEyorm8,Theyll expose all the dead ppl.😂,UCry37N-xj9bmUgRfDoD5HnA,@JimThompsonL-d3r,2025-12-07T20:54:54Z,0.2667867360093018
14644f850599162eb2b93825fd36f640,KjYSHrFkGrU,This is news CNN?,UCmFcRvEeFcyC9iDJwXjhGSQ,@aaronhelvig9444,2025-12-07T22:38:03Z,0.26616645997964017
3ce31b05a2f50a4a111d82344cedbfe8,dQWfdEyorm8,CENK IS CONFIRMED TO BE ON THE LIST! DONT BELIEVE ANYTHING TYT SAYS!,UCyvhXE5Bz2aBgu8iy61A81g,@990mustang,2025-12-08T01:44:23Z,0.2658936755954435
887453987c6abedfe0895b399f086633,s2EXTCAFPKA,​@eileensaker6828 Trump will get his way,UCyRclKfjj3souZql93J0bcw,@ejb9545,2025-12-07T22:52:02Z,0.2658522963659329
45694d16ae8f341ad3ea16e1797c1312,dQWfdEyorm8,"Damn! MTG‘s ovaries finally started working and she is giving mama bear vibes. Sadly, I think it’s just an act, but I’ll take it. Fuck those rich pedophiles.",UCwhQz_zFm-Xwnu60Mjb5uEw,@ElliotKillian-i6z,2025-12-07T21:58:53Z,0.26552749603332293
b8b988ccf25259b8c976372c3b3f4c03,e478dy0CKYE,​@SupremeWin777-7everybody brainless knows that,UCNf0Tvh9hCsh4E7oxTtX_Pw,@nataliya3037,2025-12-08T01:41:59Z,0.26512621116312307
b4069746c652bd5ad982019736a648d2,KjYSHrFkGrU,"Jake "" Black woman wins ""😮",UCd5hm-Hf4qzNTvNJFPA9bQw,@Bud-m1e,2025-12-07T22:41:39Z,0.26457885388028035
8a5796255707a5fc96a0e51189b1aebc,RwW4UYoX19s,"500,000",UCjX91NiVpa7eK3XfTu1ER7w,@ruthgallagher9584,2025-12-08T00:17:19Z,0.26449408850939765
499d3e73bf7e55c3e19359366c5a3920,oylbyE5Zt0Q,"We will never fix healthcare if Trump implements something the Democrats will just replace it, and so on.",UC22oHzXyXUuI7Dwf4swr5Iw,@davemitchell6281,2025-12-08T01:37:28Z,0.2643868686784477
7986d9d0b78331db014327f066fa9ac0,RwW4UYoX19s,It would appear that they're not that good at resisting.,UCmF5u_Pk4xaHumwEPjYunzg,@hunternedib1119,2025-12-08T02:03:56Z,0.263638132559035
35c7bb689d14d5ade6f6565f453f6540,t15c3-pYSYo,"Why did Theodore Herzl admit he wanted to colonize Palestine in his Der Judenstaat pamphlet in the 1800s if Palestine never existed?

How about you cactually *prove* that they're wrong.
Better yet, prove that 'Palestinians love death, and love to see their children martyed'
Such a deranged, sociopathic assertion for you to make.
To suggest that a group of people love seeing their children murdered.
You're gross.

You're using the same dehumanizing B.S. that was used against Jews, but you must think it's fine because they're Palestinians, Arabs, and Muslims right?

I _have_ spoken to Muslims, *in real life* . I've been treated to lunch by Muslims,
I have friends who are Muslims, I love and care about them deeply and I know they care about me too, even though they know I'm not a Muslim.

I'm not inclined to believe you've even _spoken_ to a Muslim or Palestinian, let alone know who they are as people.
You didn't even mention the fact that there are Christian Palestinians being targeted and murdered by Israeli forces.

You're just a bigot and it's blatantly obvious.",UClcrVfksqX6bnHIvTE4HSJg,@mr.kingkayyy7401,2025-12-08T02:23:54Z,0.2635786397920043
bbe6ba8da9b8656b26faff5b612e181e,KjYSHrFkGrU,Democrats are trying to pretend to be trying to address the affordability crisis. When they were in power inflation was as high as 9% .😂😂,UCxjI4tRiaoDHPkI6oopb6OA,@SpontaneousOracle,2025-12-07T23:57:03Z,0.26343380252777016
30f280f1c5d9092d9b9218c73b4c4508,RwW4UYoX19s,"We gave 325billion so Jews plan, kill over a million Christians, steal billions, nice plan.",UCuu1vpWiKM2tBLacenVFbIw,@anthonymunno,2025-12-08T02:25:27Z,0.2633335089009736
5dbff1e68e37ce9c6da6aa5e3658daee,e478dy0CKYE,And Ashley’s diary is real,UChAV7SZikJzAxI-Vo1H0nwA,@PC-tc5je,2025-12-08T01:18:36Z,0.2631552527195766
4158638ce19fb393e81d797e64e7e540,6EtReGSuvdY,Trump is in office cause the voters were tricked by Trump lies during the elections.,UCnBgsDPs_wdpDxKM9Lfxobg,@EduardoOliveirai,2025-12-08T02:51:57Z,0.26279228051188774
a85ea4739679935964d75f5c69260517,5tvOpAe46IY,Who tf cares what Jesse Watters says? Dude is the bottom of the barrel scum.,UCpZLmoo2322awSJ1HB7Yieg,@3zero7,2025-12-07T21:52:14Z,0.26278420690201276
f653342f4d2b60f4ea7c98afcab47ff3,rChcwSozre8,Grifting and corrupt,UCkU9alzT2dn_mwwwpDpM6vw,@mariabloom6873,2025-12-08T02:44:35Z,0.2624943419018689
5402759589bd34f822d4750702032b49,RwW4UYoX19s,Look like Warsaw Ghetto destroyed by nazis.....not much different between nazis and zionazis !!!!,UC61Cl1YE3-AUM04h-3lT7nQ,@ichigonakajima9255,2025-12-07T23:46:35Z,0.26197016346469776
c333792bc1543cde71f477c26aa0e180,s2EXTCAFPKA,"Trump needed a flunky, not career military men that will retire than to blatantly break laws",UCeUb29KFp837u7MfPdWS9mg,@boots0313,2025-12-07T19:18:26Z,0.26162093609490544
bf33711416921934720b2a516bb6d631,s2EXTCAFPKA,I've got $50 bucks on kegsbreath crying if he loses his job!😂😂😂 any takers?,UCj2TDcOpLLa1_e7aljWBq4A,@harveyrobinson699,2025-12-07T19:05:15Z,0.2615109109265193
b023953c17f121310091a66a73b3322e,RwW4UYoX19s,Thanks Anna,UCvDwtWfTiaZiqgxm6ImpsRQ,@salleyibrahim6393,2025-12-08T02:32:21Z,0.26131219957016366
2938b00e5d887066e9eab1877401a6dd,t15c3-pYSYo,Israel once threatened to nuke the US if the US ever turned against them...so what can the US do??,UCkd6W-2m2MEQvta14v2AzKA,@Bigfootnosferatu1776,2025-12-08T02:11:26Z,0.26121996495698574
d9e153c320934cad44b7232934f715a1,KjYSHrFkGrU,Columbia is beautiful but Cote D'Ivoire deserved the crowd. I am sick of acknowledging that the pageant becomes more business rather than the true meaning of the beauty and how meaningful the event has been for. And the last correction is she was not called dumb head but damage. Stop playing a victim by repeating that you were called dumb just because Nawat has bad English.,UCZdw8VVKcs6O402g2xH7mLA,@CanYouKeepSecrets,2025-12-08T02:46:52Z,0.2609315476028725
47b124066dbe52abef39e997f049d0f5,t15c3-pYSYo,Israël Diaper Force,UCnPzO-n2Yzgay-gCQkA4fzA,@mickay1,2025-12-08T01:15:25Z,0.26050485956269154
9a035d43576d9444bc452887fbb0cb4b,RwW4UYoX19s,"Maybe 77 million Amerikkkans shouldn't support a war criminal, racist, murderer, graper orange pig president?",UCJcUaxIGBkW2to6dpNPBIZg,@halukkilic3171,2025-12-07T23:39:39Z,0.260015405317249
19b63570fdc3e8a3d1fc5788bb742bdf,5tvOpAe46IY,At least you had eggs,UCIiwBDYlIX5JYvpwvocKSOA,@marygib2939,2025-12-08T00:16:24Z,0.25973748035477007
24fabdd7696d52a756a52c255957bc2a,e478dy0CKYE,The only first lady that can say the back door is extra in 5 different languages.,UCVpl-rVcj-MiA92KtDENiVw,@halfdeadedlifereturningwit3420,2025-12-08T01:02:16Z,0.2596788012816478
851c63639aa3d0161048d73e54b29cbc,RwW4UYoX19s,"Everyone give a big thanks to Donald Trump for letting this genocide happen on his watch. Not Obama, not Biden, not Bush, not Clinton. A modern day genocide that Trump let happen with all of these bullets and bombs paid for by the Amarican taxpayer. Pissed of yet??",UChxuq7UOS6bpP0MPbXWAsXQ,@abraxsmith01,2025-12-08T01:47:49Z,0.25952962903878607
c9cc243424615f299b4d006d199d2507,e478dy0CKYE,All you need is the right money lol,UC0zr-G3cKx0tWqO5-5G8rHQ,@topformwear,2025-12-08T02:26:02Z,0.25922846710736813
7f56c78da6aec95488b968dea1e3cbdf,KjYSHrFkGrU,"Who really gives AF about this? Where's the list Trumpedo promised to release?? The unredacted one, not the one he used his Sharpie to cross out his name from.",UC9SHXhJHHIvOqhIrUZHxS6w,@TelesphorosAbraxas,2025-12-07T22:37:20Z,0.25920845975256357
c9f337493560a12deb0cb0b137d9683a,dQWfdEyorm8,Clickbait,UClp5GAYRnBSvzS8RabhNSlQ,@susanwertz6867,2025-12-07T23:38:03Z,0.2591004963182109
e116a80ee7503db304878f759911793c,dQWfdEyorm8,"Today, pedophile Trump is raping all of America. Only thing the country needs from Trump is his obituary.",UCjKGeuz3OfFeT61Fz5eAmBw,@vicvic550,2025-12-07T21:49:05Z,0.2586755267953137
a91e1dfcd69cf6fe1e5f8b6f4419bc2f,e478dy0CKYE,"I voted for Trump, but neither he nor the news mentions one of the most important anniversaries from WW2 December 7, 1941, the attack on Pearl Harbor! A SHAME 😖",UCS1blgk4aqW0aAlv3Uey6Kg,@Bosanceros-l4t,2025-12-08T02:18:33Z,0.2581586181277306
a12ce3e75ee582e4da9913313f621de0,dQWfdEyorm8,DT CLICK BAIT BS,UCXvdhkr7XXicWvZS0_fzjLQ,@atomicwarehouse,2025-12-07T20:35:15Z,0.2579960521547132
fcd9fab14322ac326dee281955c7e296,RwW4UYoX19s,I approve of this message.,UCZe7k4EA0WWLb_a9D7Qfiew,@ToastProphet,2025-12-08T01:19:26Z,0.2576465612161675
5739ac6fd49d140f0bdd3f7c7a0ec50e,dQWfdEyorm8,​while i appreciate and agree to some extent... djt is not representative of the right... ill give a conservative republican my vote under the right circumstances. The position of president requires diplomacy. And not being a lying cheater + chomo charges.,UCxiJ5eov2TWME4ihip7L65Q,@ShaeCloud-k9y,2025-12-07T23:03:08Z,0.25729634318597594
f087d54486ba2aee2779913da2f56f75,iFewnvLzzUE,Melania looks like a robot.,UCeV9SiQ8ywwtk0L6d747erg,@will-f7w9p,2025-12-08T04:23:56Z,0.2565685445268393
8593d3aa335705d868ea612d2ce1535a,NEVp5tO6Xik,This is America not Africa not Islam Muslims. We are not England that has been taken over by Islamic terrorists,UCkK7L2nqQs6GgLM1dr8lxpA,@DanDaMan-iz3we,2025-12-08T00:10:13Z,0.2564221626465579
06c38370924b5085d712001979a0df0a,RwW4UYoX19s,"Genocide funded and armed by USA!!!!!!!!!!!!!!!!!!!!!!!!!!!!!!!!!  It is so funny when dumb rednecks say ""god bless America"" first of all god is made up but if he existed America is the last country he would bless.",UCeOLmyJIvGDGDzY1cjDCXUg,@IgorVolyn,2025-12-07T22:13:37Z,0.2559097869566893
9213346c450b3acd79941f5c8fe431c3,oylbyE5Zt0Q,The Rethuglicans have no intention of resolving the premium cost increase so why bother reporting on it?,UCzJFlvyDL2lIm6nYRWymn8g,@bluesky6361,2025-12-08T02:39:08Z,0.25574575799711474
682a46e15986cc7bc90b25ef5dbce04a,dQWfdEyorm8,If you can't walk and chew gum at the same time then sit down and keep your mouth closed....,UCtrf6ZiE6hw3k77hGpnuQWg,@JamesBiggar,2025-12-07T22:09:03Z,0.25572440933277996
1e0820f640056d3442700568b72e8d49,dQWfdEyorm8,"@antizbyrd youtube took my comment. i said glad u got a flashback bitch, didn't ask, nor do i care.",UCi992NKJ9TaQRWHllK9fKMg,@gabezepeda5010,2025-12-08T01:29:31Z,0.25556356261692736
38db4d52aa986f180218f8035aab64d7,NEVp5tO6Xik,hi,UCXZ20uBLhsd_jNRSV24t0gA,@EthanWells-g6n,2025-12-08T00:09:37Z,0.2553151246809055
be12cddcf1b1bfe50c5c984d01312f22,s2EXTCAFPKA,@Beemrdon-b8g You’re outright lying to say there’s no such thing as a coke overdose.,UCWFwtqKxJH0JgRUz-kmxd2A,@dsquared341,2025-12-08T01:46:35Z,0.25530098325379635
19f551b40630476961ca113b65a9379e,dQWfdEyorm8,"Justice for the victims
Where was the Democrats' justice for the victims while Biden sat on the Epstein files for the entire 4 years?
Circle back to Epstein files after the ""No kins"" BS and 6 Democrats urged the military to refuse 'illegal orders"" scam maneuver failed.  
BTW, Trump posted : Seditious behavior punishable by death. The 6 dems promoting the scam now confess that they are not aware of any illegal order by Trump. Just dems trying different scam to ""Get Trump.""",UC8QgHdr0fg7BLRnvRsBnz8A,@melissak358,2025-12-07T22:07:23Z,0.2552424557721596
767d97035e39bf9df15c8f9250090646,dQWfdEyorm8,KGB agent daughter Melania knows all about it LoL ... Not that she'd notice it inside anyway LOLOL,UCg9gXh7_QecGmq99ceay8wQ,@Greg-io1ip,2025-12-07T20:32:21Z,0.2552038055262919
de5e5fd2d60137466e3f7612f34e4aa7,DMrclXpeGN4,Very great.. I'm so excited...,UCzS29TBFkGcosJRyR70Azgw,@GrerovAmbrozoyuz-f9t7w,2025-12-08T04:53:38Z,0.25475700978867843
a444f97128efef5c8e55d6e4918be581,RwW4UYoX19s,"Your scatter shot approach to this matter was never going to serve your desires.  Ever.  If it's not this, it's that and if it's not that it's this.  That's not a plan.  Only a defeatist who knows the eventual speaks in these terms.  That's you.  We are actuated by resentment now with resolve, providence and honor. And when they are coincided with principal and justice, they are a very powerful motive.  You can't win.  It's over.  Done.  For The Chosen has spoken.",UCvXffbh_Jhdac3h36xzoLHA,@Obeytime-w4i,2025-12-07T22:38:16Z,0.25446853663766233
07851ec53708b09902ea1416d93bc1b8,KjYSHrFkGrU,"""As a true Republican MAGA I might have date-Epsteined her 12 years ago if she was blonde......""",UCpSEFToGGts_D3nZwhlFeaw,@_ULTRA-_-QMAGA-_-PARROT-_-,2025-12-07T23:42:07Z,0.25439275417034296
df379c5110e3be47297049210fc08a65,5tvOpAe46IY,Waters opinions change and are up and down more than a hookers panties😂,UCfV408y91hqUkG7e-pNiGYw,@terrymckenzie8786,2025-12-07T23:18:30Z,0.25373472740574765
d647390cf87a6f8b292bcd090f8f663e,RwW4UYoX19s,No insight.  Bot.,UCUD1rS92vZf2DkEwXNZJ_9w,@racmacelan6402,2025-12-07T23:55:54Z,0.2530502659798342
81d58ccd11ae8323e913d494ad66606f,dQWfdEyorm8,@antizbyrd i'm out of cookies.,UCi992NKJ9TaQRWHllK9fKMg,@gabezepeda5010,2025-12-08T01:30:46Z,0.25302194077628204
df4bf4e003cc6539380ad5ee5a36b0d6,RwW4UYoX19s,How did it become possible for me to love Anna.  That the world is upside down at least she and I are on the right side of being upside down.,UCPbX2ZJcyvBI8_rwbQG0pKw,@Jonsays1492,2025-12-07T23:40:30Z,0.2529542009716247
7ad17c567843d204c459fe454c6edb50,dQWfdEyorm8,This is old though … the vote happened a while back. I don’t think the files have actually dropped?,UCQEWFgzTCe0SucHJcdPv2iQ,@seattlejayde,2025-12-07T21:37:07Z,0.25264027923958243
028db3de328309f644223d3a766eb8ea,RwW4UYoX19s,🪦🇮🇱🪦🇮🇱🪦🇮🇱🪦🇮🇱👹🇮🇱👹🇮🇱👹🇮🇱🪦👹🪦🇮🇱🇮🇱👹👹🪦,UCfoK7tRBb-VJJFHjOjldxTA,@calral7774,2025-12-08T00:57:43Z,0.2518966250239869
74c50e940d8bf6cad1ec75088370b1e6,RwW4UYoX19s,"The state of consciousness where everyone receives what was done, felt, and thought towards others is real. This realization comes right after death. Both good deeds and misbehavior counteract each other depending on the gravity or nobility of each one, and their impact on other beings. What occurs to nefarious beings such as these genocides is that their good deeds (if any) run out almost immediately, and all that remains is sheer evil. Then, the Divine Equilizer acts. They will experience every single pain, scream, agony, death, abandonment, distress, and crying multiplied by thousands of times. They will go through every single dismay, horror, and atrocity they inflicted to others. They will receive the same mercy they granted to their victims. Some call this state ""Hell"". However, it is much worse that anything possibly imagined. Nonetheless, there is more. Having those souls been purified through excruciating agony, they will face the second death. The most daunting punishment in the entire universe. Their individual consciousness will be destroyed, and recycled. The agony of this process is indescribably atrocious. No one will escape. Everyone participating in cosmic crimes will be held accountable and dealt with. Source has spoken.",UC-YzN4zBdT6is-hk9PNLeGw,@sourcehasspoken3238,2025-12-08T00:36:54Z,0.25181637901182546
56b7c5f643a1642680ef3a4c3e676bf0,RwW4UYoX19s,"Q.  Why don't Israelis like Jehovah's Witnesses?
A.  Israelis don't like ANY witnesses!",UClsAhZ_Ory2isALz5CuzDqQ,@ThatsMrPencilneck2U,2025-12-08T00:31:20Z,0.2515269524179474
352129809e833ec1c96ff9d493c5de51,t15c3-pYSYo,"​@quattrosport2860 it's if they do something about it, only there left wanna stop it and only peacefully, fukin angels and the selfish far right only moves if it benefits there own.  Join the undevided no left or right allowed.",UCZI0EnpmpmUUL_TP18AcHlA,@TinaB123-i8i,2025-12-08T00:29:05Z,0.2514124771347235
292d29ca5661663f97daad8bc0036f50,t15c3-pYSYo,"This report is reminiscent of another horrific CNN report of a little over a year ago:

""Guy Zaken, Mizrahi’s friend and co-driver of the bulldozer, provided further insight into their experience in Gaza. “We saw very, very, very difficult things,” Zaken told CNN. “Things that are difficult to accept.”

The former soldier has spoken publicly about the psychological trauma endured by Israeli troops in Gaza. In a testimony to the Knesset, Israel’s parliament, in June, Zaken said that on many occasions, soldiers had to “run over terrorists, dead and alive, in the hundreds.”

“Everything squirts out,” he added.

Zaken says he can no longer eat meat, as it reminds him of the gruesome scenes he witnessed from his bulldozer in Gaza, and struggles to sleep at night, the sound of explosions ringing in his head.

“When you see a lot of meat outside, and blood… both ours and theirs (Hamas), then it really affects you when you eat,” he told CNN, referring to bodies as “meat.”""

‘He got out of Gaza, but Gaza did not get out of him’: Israeli soldiers returning from war struggle with trauma and suicide.

By Nadeen Ebrahim and Mike Schwartz, CNN

Updated 1:20 PM EDT, Mon October 21, 2024.",UCKzJ9-UmYUGlx6VsFSTdoCg,@glbale,2025-12-07T23:51:08Z,0.25049991449853887
9beb0d384045218fd0b35fe7cf0d3338,NEVp5tO6Xik,Bunch of clowns playing dress up,UCrCYmYYlKZ9MFgSsH9mys8Q,@QuantumOfSolace1,2025-12-08T00:16:29Z,0.24982431239544822
423731a76cd3e970c4ecac96bbe7a036,RwW4UYoX19s,"The ceasefire is brilliant. Give trump a f-in award. 
I’m so fed up with nothing get done about this",UC6qKIfXvjRO9LaI2t2z6fmQ,@jenniferpalovich990,2025-12-08T02:28:16Z,0.24942254482768975
9c35df89d6e7ab12b38bde1f9b3ae5c4,DMrclXpeGN4,Yes this is very very scary I don't think they understand the seriousness of it They're laughing now but years from now they will be crying,UCdv0fAuevDN8krzu6fM26rQ,@fen4432,2025-12-08T04:18:13Z,0.24930672312261415
6c912d9a6f5cc2289a2295e2ac288dd1,dQWfdEyorm8,You know i kinda hate this current tyt format where the video starts with Anna talking in a very normal rational way and then it switches abruptly to Jenk and you kindly worry if he is going to start going mental with his two cents. Lol. Anyways cant wait for all of the Epstein deets to come out.,UCM24I7ZX80jW8ZtfDInmwpg,@pauldeleon6893,2025-12-07T20:11:39Z,0.2489675710466015
b02745db59820f2d71a4aa060770d6e0,KjYSHrFkGrU,Côte d'Ivore 👑,UC9GYK3eSy7piQ8TeU4Nc1bA,@OlympicDream19,2025-12-07T22:55:55Z,0.24876359099806472
f0cce4e707213dc87f9fa1f13bd94325,dQWfdEyorm8,"Obama started  prosecution of Epstein Trump Krasnov sent goons to disappear Katie's body if she didn't drop charges in 2015 before Trump's Election, Biden was prosecuting Maxwell and fighting her and would have continued Prosecution's involving Epstein if Epstein hadn't coincidently died on Trump's watch during the same period Trump was under Impeachment hearing threats! Facts matter. Trump Tower was about two blocks from Epstein's NT Mansion where they committed rape together were best buddies always together for over a decade and when Epstein bid on Marg Lardo Golf course property Trump but an under handed bid on it which caused the temporary fallout but they made up and lived miles apart in Florida with Trump offering Epstein position in Cabinet in 2016 taking Epstein on Air Force One to meet Bone saw killer Saudi King MBS where they took a picture together! Half Israel Oligarch have dual citizenship from Russia your missing the entire picture! Do you really think those Russian are practicing true Jewish faith or money laundering Russians and influence.",UC7GJYpCcag_WruBq5d-C3dw,@t.dickinson7942,2025-12-07T23:50:35Z,0.24841088792953903
4cb35f2118e41acafa6bee5bbd8ad678,oylbyE5Zt0Q,Hegseth for the Hague,UC5_P8Lcig0WIoLL6Gw_8P-g,@badluck5647,2025-12-08T02:25:03Z,0.24810344677407745
ff5b29f877032e7b3383e0091ca5166a,KjYSHrFkGrU,"@roninthesecond3600 You care, and have a tariffed new one to stuff your trump merch and hang your family from the fireplace with care. 🤡 Publicly released Email, March 2018, Mark Epstein writes to his brother Jeffrey: “Ask him if Putin has the photos of Trump blowing Bubba.” According to Mark Epstein, the reference to “Bubba” is not Bill Clinton: he insists Bubba is a private individual.",UC25m-hK3Y2apJHXX1U4qh5Q,@innerlocus,2025-12-07T22:56:44Z,0.24762995445971217
5be470cf060bb40274c85b62bac2f94b,DMrclXpeGN4,Skipping one of the main rules a robot must not knowingly hurt a human,UCngPXmVPmQbat7BWFY9oPKQ,@Gecko012,2025-12-08T04:47:19Z,0.24757254415841892
999c4301872836aeb7a2a3eb46321942,DMrclXpeGN4,Somali dude in Nashville raped a girl and she died. He was set free. Report that.,UC_2H--OuV44a8mMJLGAau0A,@Cumminspror,2025-12-08T04:39:11Z,0.24724751168670683
3c551830b95b1034d41a50cb2dd22fab,KjYSHrFkGrU,CNN and MSDNC have been fake news for 10+ years. President Trump invented that word and called them out on it. He was dead on.,UCHgp8gG_UIfF-qHiqb5QteQ,@planecrazy6039,2025-12-08T00:18:33Z,0.24720009188259007
21ba253c4db3140128f7cd24846aca4c,dQWfdEyorm8,Many judges need be arested in USA FOR CRIME . Mostly do not flow law and protect criminals  I have proof.,UCc4KT-Wh6n3QGj0-rnP0SqA,@ibrahimtosun8819,2025-12-07T22:47:05Z,0.24618993588635774
27d633cd7b4cb1dc049b798c52844292,oylbyE5Zt0Q,1800seekhelp,UCmIS4gBF0Dcv63NdgO1qvSw,@loorowoo22,2025-12-08T02:02:51Z,0.2458420969337604
3fb1f8b8c77b98e8a1e79798253cd421,KjYSHrFkGrU,Thanks to the Trump's first term policies.,UC16XEA0194vmBskJ2Yju1XQ,@User-q9m1m,2025-12-08T01:30:44Z,0.24532943889697353
4d1664b7c84af8d86c0a4a788a8d3325,oylbyE5Zt0Q,I can't wait for cnn to face criminal charges!!,UCtDT0UdfTANQy73gvTe2XJg,@MrStephenrtyler,2025-12-08T02:44:38Z,0.24446680863280035
5c19d8a621d8e510b69604fae4718f5e,s2EXTCAFPKA,If some people think life is a game well breathing should be the buy in,UCrxRIrgS-6dc09ddsjN8MQg,@KevinGlenn-y6i,2025-12-07T21:30:09Z,0.24372447085286034
3b6a3730e055d77c4d094da607e48bcd,oylbyE5Zt0Q,The whole government must go.,UCxxqHY9PZidA56re0LEx1gw,@TheGamingPolitician,2025-12-08T01:58:47Z,0.2431657038887687
c3b0606a2f13c555658b6252a235af6c,t15c3-pYSYo,Zionism has destabilized the Middle East since 1920s.,UCbT5TEYf-TLtUpDBQhazYEQ,@joerafati,2025-12-08T00:58:48Z,0.24256751330057408
d9719b37ab1ad48b5b15909c85a86b18,t15c3-pYSYo,"Cenky, you haven't condemned Hamas for arbitrarily executing their own citizens after the war",UCFiTWoP8hrbLFfeLVnI_esg,@GregKiha,2025-12-08T02:03:58Z,0.24215180630286298
a93ba7794f1fd49424801486f1d0ddc4,dQWfdEyorm8,Reporting about the most powerful person in the world behaving like a child and avoiding questions isn’t derangement syndrome. The same way reporting on Biden’s bullshit isn’t derangement syndrome,UCd2l-4W6PkHKgB03ObqcWMw,@andymurphy9037,2025-12-07T22:08:23Z,0.2420707903538264
e1d022425bd8781384d9dc5a025606ab,KjYSHrFkGrU,"Not a winner at all. Philippines, Cote D'Ivoire and Venezuela are far more deserving overall.",UCjfdIomK4-8DLEDEcUO-uVg,@pharmatrix14singer,2025-12-08T02:47:35Z,0.24195189669647998
e119497f6b558252dc409d15df375e1e,iFewnvLzzUE,He’s got his hand in everything. How bout helping our country.,UC5vfWu_HOft5MRvtQqp0JpA,@rhon03,2025-12-08T03:42:38Z,0.24188090537456103
31eb86f128087e406a2353267418bc5f,t15c3-pYSYo,We've literally seen pictures and videos of them doing it. What they're trying to do is hide the bodies to muddy the numbers. That's the only reason you would use a bulldozer to move bodies. They have become the very thing that they supposedly fought against. They are the new 1930s-40s Germany.,UCWVkD3zGzzaPlYgPKYKjZCA,@ejkk9513,2025-12-08T02:23:11Z,0.2416909453819044
aabc283166821d5beaaea9e97c499768,oylbyE5Zt0Q,LOL. You people have managed to confuse yourselves. MAGA is beyond clueless.,UCPFyY0XoqxQx-n6RZMH5Ldw,@mikeb5664,2025-12-08T02:12:26Z,0.24165055748613828
7e7fc56e6cffa8a7b779506491ba990b,5tvOpAe46IY,Trumps gonna be done.  It’s this bad already. Can you imagine what’ll be that keep heading this way a year from now.,UC5YZlvxNE9LSJVEfSEWXjag,@alphonsodesselle212,2025-12-08T02:15:30Z,0.24083326825705986
502ee63e6811c89b815c5448f9ccf301,KjYSHrFkGrU,You are the best Miss Universe of all time thank you for being brave and Strong the world needs women like you have come to change everything God bless you,UCyuB9JXgyYOJ1uuVK0qBt7Q,@juanzaragoza8554,2025-12-08T01:11:47Z,0.24078530499497844
386b96b2898b42cb47814a76b2ba3d26,RwW4UYoX19s,The rats are cornered now. The  whole world has awakened to their thousands of years of being the enemy within.,UC_zTMrsdmRa0DyO81-SDCIQ,@mikeross2577,2025-12-08T00:29:57Z,0.24051993725400397
dadf10eae4b22cd25015fc92f77927ec,e478dy0CKYE,"$10,000 per hour.",UCVpl-rVcj-MiA92KtDENiVw,@halfdeadedlifereturningwit3420,2025-12-08T01:10:26Z,0.2405189175156483
34f274b66eb8cf7829b1445b93454cfe,e478dy0CKYE,"Ugggh, doesn't this narcicist fool already have a full time job? How about skipping the event entirely and going back to lowering prices and releasing those damn Epstein files? Release the files!",UCKqZ4e6VoRRZb1J09VtCbWg,@kestralrider313,2025-12-08T02:19:14Z,0.24002081256789237
e82d4b00d7a68cbf647ed74fc437f413,oylbyE5Zt0Q,"The overwhelming majority of his votes came from states in the bottom of the list that ranks education outcomes.

Stupid people voting for stupid people is not the flex you think it is.",UCPuH007CQZCQssvAo1dUvTw,@WilliamBratzke-g3g,2025-12-08T01:38:09Z,0.23973780560621838
545158d524685748abc3738ff07e011a,dQWfdEyorm8,Judges have gag orders on some of them and are ruling or expecting to rule on the release.,UC7G-TFWael-XE22yokkhioQ,@billmoretz8718,2025-12-07T21:42:10Z,0.23764868937187494
013b90343c31f5269cde6ddac0075ca6,dQWfdEyorm8,"Wrong Ana, these institutions are unconstitutional and are only in existence to serve Israel, they MUST BE DESTROYED.",UCif10aQh9VNj4fWoL3C78SA,@SmoggyFroggy,2025-12-08T01:51:00Z,0.2375409287860673
85030db9002a7d733253b0c2ac6ddbc1,e478dy0CKYE,Don’t give him any ideas!! 😂,UCHe6Mzr1N7kJGCucYUKzUqw,@xiaoka,2025-12-08T02:26:43Z,0.2368502391729824
2d70bc8e1e5fc06a3c196b02ceb91fd9,rChcwSozre8,"Wait MAGA, all that money earn by Trump cronies will trickle down to you... One day... Maybe...",UCieYk5ZTnGpu2-xOFglTUnw,@christt6809,2025-12-08T02:37:24Z,0.23661773240342632
25fa432826c3d61bc5b1af6a68981c34,KjYSHrFkGrU,"Who cares about Epstein? I don't care! What about shutting down the government and the effects we are still feeling from it. All the TSA agents that walked out m, food prices and other entitlements.",UCHxu-29VEy-H-Uf4IS8qMWg,@roninthesecond3600,2025-12-07T22:38:52Z,0.23606401446361494
72c607dcfefb2b6216a2e419f3cedc59,DMrclXpeGN4,Yeah we are fucked 😂😂,UCVjPch5_Z4tyOyIvDRNfTuA,@Anthony_tokes,2025-12-08T04:38:28Z,0.23582516768909995
f596f8244c942531132733a669982814,NEVp5tO6Xik,😂,UC42O3XmOOHkNqZvrsmhh4lw,@VindicatorHuur,2025-12-08T00:20:34Z,0.2352855139543546
3f162142d2563cad8acfaf6e7aeafe26,RwW4UYoX19s,Its hard to believe that they will let journalist enter in gaza. even if they let them enter they will prepare to make amazing propaganda.,UC5VC2nD5eFZSytltSeVg1VA,@rehmanashfaq8574,2025-12-07T22:04:55Z,0.235229620977341
70403ae963900b459141e33cb22f8034,t15c3-pYSYo,IsRealNazi have been doing this since 1948!,UCsrGR9kTT8KiG1Zmg47xC7A,@Anonymous------,2025-12-08T02:10:46Z,0.23512024904622844
92428d7287dc44aa7b1a6ea9438ba185,DMrclXpeGN4,The Chinese government will be using these to control their population even more!,UCyKrLl9Qynwg3W-Opcla2gQ,@GenRicOpekc,2025-12-08T04:46:42Z,0.23464563631717839
282e1efad6e2a78f09e9d5d104bade7b,t15c3-pYSYo,I believe most of them should be charged with War Crimes against Humanity.,UCZyjPGIx7ckh7ygEjo05sJA,@lionofjudah6763,2025-12-07T23:50:25Z,0.2343965395807488
8cd70faf3fbe3aba0e6d94dabdeb41fb,RwW4UYoX19s,The next press release will be the following: massive destruction and chaos of Gaza was caused by an earthquake with a magnitude of 7.5😂😅😂😅😂😅😂😅😂😅😂😅,UCUWNXQIS_5XEMGBgW3FBKFw,@cigarfeeler,2025-12-08T00:19:36Z,0.2338010568503901
c4c54695c8e4d85ba1e3cd53bad39584,dQWfdEyorm8,I hope it is 😢,UCpqdo1wym5wQpBtEEBNKTww,@hitomihonda7573,2025-12-07T22:26:40Z,0.23354725833907447
cfdca818514ce2a2115a1d7cdcd38ad9,oylbyE5Zt0Q,They should get in trouble for what they're doing and so should the insurance companies. They are all scum,UCRT817aaVgXP3cWlxAq-_iQ,@wiz_kid,2025-12-08T01:58:06Z,0.2334364338139201
06559b35ef753cbafca633035e4b74d1,t15c3-pYSYo,@halukkilic3171 😂,UCz6nZNi3qvrGpCiXVT1dI_Q,@bobansspliff,2025-12-07T23:46:26Z,0.23338870692915403
4294b0f01533a135728ca08bc9d37854,KjYSHrFkGrU,God bless America and God bless President Donald Trump,UCwsNrEYUpNKc_sJdVguokUQ,@dnrdufty,2025-12-07T23:01:56Z,0.232031500155758
ac87cd0e93a862c2bc913cd25c4b13f1,KjYSHrFkGrU,Troll,UC1tZT_N9LhgJyFFeMgtbCPg,@jorgegomez3691,2025-12-08T02:32:58Z,0.2313598314168415
fc4037dceb7ffbc46bbbe7ebdc2ff931,s2EXTCAFPKA,"Because it can't be taken seriously.
There's not a person on earth gullible enough to believe it will lead to anything.",UCcqMN88WoC4fuWikdogk6YQ,@tompriceusmc,2025-12-07T19:46:38Z,0.2304170125474032
2b58398e8114d77c48baba8a21b0425d,t15c3-pYSYo,"They have no regard for human life
because they do not see others as ""HUMANS"".

“Jews are human beings, but the nations of the world are not human beings but beasts.” 
Talmud - Baba Metzia 114b, 5-6",UC0r7DW-bjFucEXTr-xRSmPQ,@ElleMelan,2025-12-08T01:56:16Z,0.2302420080922552
8af50af7409f5693f563bda74f37b089,KjYSHrFkGrU,Get over it.,UC46hOVC3bf4xoA44Cw3HU_A,@ljacobs357,2025-12-08T00:28:22Z,0.2301216720623927
fa0ec0753bec1f4dc8c6bd69f289e364,5HVnI9KeOI8,😂 the faze where Israel keeps bombing and killing the people in Gaza,UCklNNlM-X3_uYjvyLpKgzaw,@willli8163,2025-12-08T05:01:15Z,0.22917497371202694
e282199c59461531b8a9b0882ac11abd,KjYSHrFkGrU,The world? Which planet are you from? 😂,UCL8vSWcLmn8Ywii4IDx3GDA,@davisurdaneta1426,2025-12-07T23:50:48Z,0.22905351920893943
47ddb7384b8e421a2608b018946d24b4,e478dy0CKYE,Trump host at night...hmm that may be a stretch...more like sleep through the event in his emperors booth.  😂,UC9MjyjeKmidLZzh1lgfTNOQ,@TheJkdZone,2025-12-08T02:15:06Z,0.22849441441153942
767093fb90e998fdf87bf0cdb3f45a39,dQWfdEyorm8,@hasanyilmaz5140 Nice sarcasm. It is the Zionists not Jews.,UCQQq3XCICDKs_JO5DEyz5nw,@deanm1436,2025-12-07T21:17:58Z,0.22791308212491543
06131909bee32402a89e576a470b488c,NEVp5tO6Xik,Don't tell us go say it to their faces 😂,UCwBQ3w2ewmqjD117uftcH_A,@AinSoph73,2025-12-08T00:34:27Z,0.22774545186886236
b6f5c0dc651fd1a0ab8d8ea3a0255341,s2EXTCAFPKA,Don't worry he's just the first one gettum out of there,UCYbnbXa03ngWaliiv7yxsJg,@Mike-v7m3z,2025-12-07T21:29:28Z,0.22763119387172365
1d98f46a568da9875e81829a30a22ff7,dQWfdEyorm8,Get rid of SCOTUS.  They created the monster trumpinstien.,UCgRUlIw1mJbEOKJI6-6By8w,@smoomanchew,2025-12-07T22:06:36Z,0.22735136082493165
a9301dd380426dba0435bc942374cf6d,KjYSHrFkGrU,Such an amazing  woman representing altruistic women around the world.,UCYVICUlf-1AKESJj9nKxMIg,@ErickHernandezC,2025-12-08T01:21:54Z,0.22727122322842816
8d2ba06526a0891c6070767aa498b028,s2EXTCAFPKA,"OMG...This TOTALLY Reminds me of when Obama used DRONES all over the Middle East to WIPE OUT ""political enemies....""  In fact Obama was NOTORIOUS for doing so...Even Simone SANDERS called it a ""PERFECT Campaign of Terror...."" which is the same LINE she used to describe the Kamala-la-la-la-la Campaign WHERE the Woke Liberal Left Wing Democrats Extremists RAISED for than 2 Billion Dollars in a MONTH and spent 3 Billion of it in a week for CELEBRITY Support...EVEN Biden used Drones to wipe out enemies in Afghanistan...I DO REMEMBER after the DISASTROUS MASSIVE INCOMPETENT FAILURE Withdrawal from Afghanistan that HE Personally APPROVED the Droning of some family selling water from their vehicle...SAD.  YEAH no one was held accountable...I GUESS there is accountability in the Trump Administration according to PHAT Cenk and the Gorgeous Anna K.",UC4uarTBoodIpuJxTYkCbfbA,@sunshinesun101,2025-12-07T19:55:09Z,0.22666570490739144
e547dfa10732545c1d08c92ec728c5e2,dQWfdEyorm8,Trump is a complete scumbag..he acts like he is God and he is NOT...please make it go away so I can dance and sing the ding dong song!,UC60F797SBpCBUK8_e23fyZA,@veryopinionated61,2025-12-08T00:06:38Z,0.22654664232055025
8fd05b93e2ec028497edaca726004024,KjYSHrFkGrU,All of a sudden Fake Tapper is concerned about women getting sexually assaulted. Where was this phony and hypocritic when Biden was allowing cartels to sexually assault illegals?,UClGG4NBhpL85Z8LuyqLUJ2g,@rolback5055,2025-12-07T23:50:04Z,0.22651180487741907
e97e33dd0746f2f17b10223f528bdccb,dQWfdEyorm8,You are a bad person for saying that!,UCxWtxXzL8AErFMLB5o95DQg,@RolasSinFronteras,2025-12-07T23:46:12Z,0.22642947222321072
3c8f5fa4d700ca8e5807d3132ad70ff1,RwW4UYoX19s,"@designbuildcreate110  You are definitely getting it.  And Israel will continue to give it to you.  Again, and again and again.  Obey time is here dear child.  Oh yes, obey time is here.  For The Chosen has spoken.",UCvXffbh_Jhdac3h36xzoLHA,@Obeytime-w4i,2025-12-07T23:01:17Z,0.2261448501826619
afb03a502ddfab7caa58ffd155dc2328,e478dy0CKYE,I’m disappointed in Sly.  😢,UCHe6Mzr1N7kJGCucYUKzUqw,@xiaoka,2025-12-08T02:24:18Z,0.22558859322763947
c00dc33652303e2021e0c7c6ce4bccf9,KjYSHrFkGrU,"@ItsAndyAntonio Oh, interesting! When you say Olivia had the ‘best modeling techniques,’ can you share the exact criteria or rubric you’re using to measure that? Because without that, it reads less like an objective assessment and more like waving your antennae around and grabbing the first thing you notice. Opinions are fine—but calling anyone who disagrees a ‘hater’ doesn’t magically turn an unsubstantiated claim into a fact.",UCBHNRT2EdwzANBQPsSn97iA,@vinamarcial9135,2025-12-08T02:32:16Z,0.22545160909119064
32e8c9cc5a774033e42c39c0d1f77315,KjYSHrFkGrU,"'' Jeffrey Epstein stole Virginia Guiffre from me.''

Donald tRUMP

2025",UCIAfEDr39yoxzsMT8F1v16g,@donvonschitzinpantz,2025-12-07T23:56:16Z,0.22522070100348396
e54c13612c2decadfe0087486f8407b0,e478dy0CKYE,Trump killed the arts in his last term!!!! No talent not original!!! His image is diabolical disgusting and yes when he’s out his name will be erased!!!!,UCIsz8huZX0674iyT5Qrq0RQ,@misslamarr,2025-12-08T02:30:21Z,0.22517514013893658
8da6f743aa3bb99450e92d7c3a155bd3,dQWfdEyorm8,Shut up Jaba the Hut Trump! Slime balls like Jaba Trump the belong at the  bottom of the sea! 😂😂,UCl8Kfb9hcE1-ehia3ebQ-vA,@czesati2964,2025-12-08T01:39:48Z,0.22507498121162361
475bd46c116778f550b1e5f2893771d2,e478dy0CKYE,Trump🇺🇸🇺🇸🇺🇸🇺🇸,UCZ_V8XcGJySMuYpDV6lLisg,@Pugs-4-me,2025-12-08T01:21:05Z,0.224999930867828
6136fbc0092b33511cdff3285f2919bd,s2EXTCAFPKA,"Speak for yourself missyTL , if you got a alcohol addiction go get help",UC0orWZC62dr_Yo-OWvJmCYA,@reneedewey7962,2025-12-07T19:07:44Z,0.2248156940931594
ab548ed38c0a1c1fab1619abaa765cb3,nMK8wBACIMk,ban face joke,UCDtpOFhhNN2h26W8P4KGyfw,@steve-z5l3b,2025-12-08T02:50:40Z,0.2246961083692629
83c564d15d3f188c0d9ebfc02be5aac5,RwW4UYoX19s,The Zionist Jewish barbarians passed through Gaza,UC7XZ0ICjU6NUXsGnfMk6vfQ,@SamZabian,2025-12-08T00:59:56Z,0.22444176929235105
d09f8641df0dcd743b85ee795c2ae489,dQWfdEyorm8,You need to take a deep long look in the mirror you 70IQ bimbo.,UCqVuwFGOCTy5v528SvEcL0w,@KittyMcFurball,2025-12-08T00:35:21Z,0.2240141803548069
791dbd69d4f862f5d39f023b502b2e87,dQWfdEyorm8,@Cenk look up what the labor secretary oversees. 👀,UCGeOtEkKpHeLAULRYATaDmQ,@billsmith2593,2025-12-07T23:51:23Z,0.22381604180836673
020fe480905d4230e9c0842b1db7a43a,RwW4UYoX19s,"They permanently banned me from FB yesterday, apparently pointing out the horrors of the genocide and how disgusting it is to support it is against community standards.",UCLXwyWjvdV2HfPwZnhVTj0Q,@jakemarskorea,2025-12-08T00:02:52Z,0.22345720319367152
906d20930b13de687ba909e17a9dba32,dQWfdEyorm8,<3 The prospect of Americans united against our TRUE enemies (both foreign & domestic) sounds so sweet,UCcLQUbqAcsExMi8NthllRRg,@shivaskalima,2025-12-08T02:03:26Z,0.22318393861635033
44c247575dbb34a567254551d5dd882d,dQWfdEyorm8,@rusty-y8r you want a midwit money launderer trying a hostile take over of the deepstate to throw a wrench in the machine or a stupid Manchurian candidate?,UCWoZ3B5s5SWcLAuhX9Nms5g,@IzudeDarkwolf,2025-12-07T22:46:26Z,0.22291757975571208
56797fcffc032f3bf837150bd2794c04,RwW4UYoX19s,"And which sham Western ''democracy'' do you live in? I really want to know. Because you are under the same boot as we in the US. Are you in ''Great'' Briton, noble one (which is jailing protestors for holding signs)? Are you living under Macron's boot (gross!). Germany under Mertz whose grandfather was a not c ?  And the word is ''you're'', not ''your'' (maybe you are really from Texas?).",UCnSKrl0EpkITwuQQvmqkA0g,@meetontheledge1380,2025-12-08T01:56:21Z,0.2227340190721397
1e5c7fdb15d67dbf6d3d501227773078,KjYSHrFkGrU,Tampon Tim is a reeeeeee,UCoOJg6dZZvzCEeFUj7ECQCg,@DaveSchultzXXL,2025-12-08T01:11:06Z,0.2226345962669599
c32a128f8089fe1e5d0301bc23aa7a53,JKkzhOkk8dw,Trump is so easy to manipulate,UCyN1zODSZlOz_E1qXx8Y2IQ,@phillipfranklin9353,2025-12-08T01:03:52Z,0.22214192041734923
8f142dae2c300acd2e319208486b7fe2,DMrclXpeGN4,This part 💯✨😅😂,UCPVjFDhcwSn1BLAI72Nypiw,@NatashaRios-j1z,2025-12-08T04:45:57Z,0.2219239270987457
3d2d1509e9dca233d1653c23d8ff75ee,e478dy0CKYE,I wonder how many times he brings up Biden because he's so jealous he got beat by a man but only wins against women.,UC6NOihAZ8N4s5daUf6kPCRw,@DHITTZ03,2025-12-08T02:23:38Z,0.22177990090579683
ead1401da174d4a0b92070d0633bcbc4,e478dy0CKYE,​@b.t.2795he has heart failure and dementia. That's why he gets MRIs to see the progression,UC6NOihAZ8N4s5daUf6kPCRw,@DHITTZ03,2025-12-08T02:25:04Z,0.2216651441599275
9309e239572d09e9572dcd1935b6da87,NEVp5tO6Xik,These n**gas look like a joke,UCGXcJmnshx_InLp_BJVKzIQ,@h4iMedia,2025-12-08T00:15:45Z,0.22126237600689352
88293ecfe1d248eaf11ea1c175954d81,s2EXTCAFPKA,Thumbs all the way down in flames. Michigan Congressman Shri Thanedar is no clown. He's a fine Congressman.,UCTj54chKTd8NNiRJUFPbLBA,@CTDisqoTeck78,2025-12-07T22:52:40Z,0.22107683523979768
b809ae603ce478ebbc00fa639dc08865,NEVp5tO6Xik,"Don't bother understanding African politics
1. Too many countries 
2. Too many factions
3. Too many tribes
4. Complex history

With that being said, ignore what I just said.",UC4PZo94M23QNoaIzr2lv2cg,@Tom-z8y6z,2025-12-08T00:35:05Z,0.22106753061547563
0323b2ab841b0fec03bbf5e884c94d02,e478dy0CKYE,Sleepy Don..💤💤🥱🥴,UCbTqJDynLlq1UXBMKGBj66A,@JNosewicz007,2025-12-08T02:43:52Z,0.22101815377637551
aa9c3542da37fa789b4dd6cbaf94a5ba,e478dy0CKYE,Sabrina Carpenter is giving Trump the middle finger. 🖕,UCupC0GKAnfAYgwqynEmb5Lw,@b.t.2795,2025-12-08T02:00:56Z,0.22078695501297385
1c38d892bd4a48b4b08ff3c0742750a8,dQWfdEyorm8,Hopes up today...then will crash tomorrow.   Money talks...just ask the supreme security courtless patheticis,UCt0u1ZcEwApaDfCqkjNgNPw,@oilpaintbrush,2025-12-07T23:24:48Z,0.21930690975965014
c80fa03f6ddf0e776ccf433a6c7a9d43,t15c3-pYSYo,We need a new word to describe what happened in Gaza,UCEsXlhmCmFGsCON06Xp2l0Q,@hmmahmoud5761,2025-12-07T23:45:36Z,0.21793324912920306
047a9263668e4a64a791e5fdf146bbbb,KjYSHrFkGrU,Who cares,UCaPT6DWr88E-2Ul_9qKoUfw,@ChasingTheDreamx,2025-12-07T23:54:41Z,0.21753885748371604
9bd86d51179a32553f1f839453e618ad,KjYSHrFkGrU,The whole event is dumb. I think it does more damage than good.,UCLuQCyhM71R5yQCTRGiAW5A,@eljefe6731,2025-12-07T22:54:24Z,0.21710471327356828
350f2b62c28ba2a641e64f96c66b81cc,RwW4UYoX19s,"I'm more scared of what isreal will do once they lose universal support, they need American money and armaments to survive, if they go down, they'll likely try to take the rest of the world down with them, they'd rather everyone on earth be dead if they couldn't be around to control us",UCakIy8OiOMtuC01WkxA36aQ,@TJS44_,2025-12-08T02:30:16Z,0.21638257896972107
9275b92e077e9604cbf63385fbc56178,dQWfdEyorm8,You are an evil,UC0fTRKidO8XgOgd4dYIh5cw,@JetSetWander,2025-12-08T02:33:04Z,0.215957672652897
4dbd3faa96e5744b8d62521490d9c621,dQWfdEyorm8,Exactly. These are facts you are spitting.,UCW5L8ncIbBize39UYGU7a3g,@LifeisJust-v6l,2025-12-08T01:00:14Z,0.21540840316267582
5bd2de040b19f24d0fa5e8a276b5cfb1,e478dy0CKYE,Epstein files?,UCLWGzTKv1nnSlpE_249_FrQ,@stephengiunta1564,2025-12-08T01:46:41Z,0.21528930823456205
8ffa5f27308be6b849101fc8a5aba905,dQWfdEyorm8,Where they at ?,UCOSdxaMA1drLtl1vMD4oljA,@DoubleR-t4l,2025-12-08T02:02:43Z,0.2151029746402907
4cfc643e011e2c8f7d71d50c0ce96a39,oylbyE5Zt0Q,Everyone knows trump is a twice-impeached 34-time felon and you still couldn’t beat him. 🤦‍♂️,UCERe4RCslT6x4HOSHqEo17A,@kevin6293,2025-12-08T01:30:03Z,0.2150636266850629
ba1aea615583ad96d9d4a564918d87af,5HVnI9KeOI8,"The ""Uncommitted"" and the ""Both Sides are Bad"" crowd, succeeded in empowering the greater evil. Both Sides Are Not The Same...",UCC_e1pqj-Xviwn5-UxxreVA,@AgolfTwittler,2025-12-08T04:46:47Z,0.21437405204094118
25dfa78d508d03bc5b8208b63fa03665,t15c3-pYSYo,Like the nazis they try to conceal their crimes,UCrQsYMZveF2n8_Z1Tb8FwFw,@johniraqui681,2025-12-07T23:26:18Z,0.2138903837262951
0be19b17606ffaeb9c922a3d381d5434,s2EXTCAFPKA,Obama going to court for drone strikes on US citizens?,UCHI77ri4tm5X2G20uWN-BpQ,@bubbasbroadside7525,2025-12-08T01:47:19Z,0.21368856877991008
0c26569490f67805242c29f057064c67,5tvOpAe46IY,🤣🤣🤣🤣🤣🤣,UCk28LDkoPhDjOGzE3S4fSDQ,@miquelquiles727,2025-12-08T01:03:52Z,0.2134680758320758
d04cd9605c705ba5b0bc5abd0a6fdb28,s2EXTCAFPKA,💯,UCv-nyH9Rk1qFFlewyDo0w3w,@bobbysochocki4521,2025-12-07T19:11:14Z,0.2130533096467077
173afb31d6f0007a608c82ec486cb23e,dQWfdEyorm8,"Finally drop, again?   Do they really mean it this time?",UCjmGaOq6AeO7O66-p0E7xPA,@bonniekerr4964,2025-12-07T22:27:25Z,0.2126443992703994
ae81874c0cca302016133f6964def728,oylbyE5Zt0Q,"​@KikoNYC well to fix stupid you have to find it first, which is probably the only reason a handful of people still watch cnn",UCxmsAjbzcAPfHsLou3K7tfQ,@sonnychiba5270,2025-12-08T01:38:56Z,0.2124714221932565
51d53fa978f9f81c4e3ddf5e42c5a7fb,RwW4UYoX19s,"Ongoing in plain view for nearly 100 years. 
The Balfour declaration was a mistake",UCHVD9hJ6xcRlpgK3CLW44CQ,@donnavorce8856,2025-12-08T02:35:12Z,0.21187189969117393
fbfc2d250d9cb2d8261dcdf849c61203,KjYSHrFkGrU,TROLLS DON'T HATE MISS UNIVERSE BECAUSE SHE'S BEATIFUL AND YOUR UGLY!!,UC2bwc_FXWvqi8yrlrgT45_Q,@ger279,2025-12-08T00:49:47Z,0.21163582815944293
c8c829a99eebed77b30aab089ba1f5e3,dQWfdEyorm8,"Re-runs of news makes no sense, stop doing this",UCN75QV-thwjmCOLaVUwXGoA,@7SevenPly,2025-12-07T23:47:03Z,0.21151689093074943
efc3503971133bbc6edaa8c4c0ea235d,oylbyE5Zt0Q,"We'll see about that vote. If that vote goes through then those Democrats who surrendered will be vindicated. 

I hope it works out. If not they'll need to find new jobs",UCoGz7Qagf8xuAOM8lzRkzpg,@SailorSocko,2025-12-08T02:21:18Z,0.21139424451379246
82ef637e66f1a209bd1cf72a38008aea,s2EXTCAFPKA,"TYT ... who cares about impeachment  ?   - 
GO HEGSETH !    HEGSETH is doing his JOB and obviously doing it well  !   :-)
***“When you have a boat full of cocaine and terrorists heading to this country to poison and kill Americans,  that’s a legitimate target.” ****
THAT IS CLEAR TO ANY THIRD-GRADER except to the DimokRats !!! ! 🙂",UCPdD3YpXTI2gROpI-LtEiNg,@TheVeritas2100,2025-12-07T21:11:42Z,0.21133839706836455
06650a8e05b84c6143c5440a6c22b922,e478dy0CKYE,"CNN is a total joke,everything negative",UC31eIJ1DAgMLQLjua4pyzrA,@PaulBrodi,2025-12-08T01:51:31Z,0.21048461732403087
400c2785ac3a854f08cbf8cba41eb770,KjYSHrFkGrU,"OMG, it’s just a beauty contest.",UClWdzNSj1fOYUnhxaLgSyTA,@DarthChurro,2025-12-08T01:21:14Z,0.2095762902987669
b2f917e1b6c4269820b271d88e9c7173,KjYSHrFkGrU,👀,UCmKKGXU1SI298AxCvdhyI7Q,@donovanmandley565,2025-12-08T02:46:05Z,0.20917877725550682
f18a4f4e532d70f1ae4e9e96bde9c918,sdiEQ4Dkot8,As a MAGA Christian I pretend that Marge doesn't know about Lord Don Jesus's Epstein HOAX HOAX DEM HOAX BRRRAAAAAWKKK!!!  🦜💨💨,UCpSEFToGGts_D3nZwhlFeaw,@_ULTRA-_-QMAGA-_-PARROT-_-,2025-12-08T02:42:51Z,0.2089949431547746
b4aa426752726fb73480b7076b874f84,s2EXTCAFPKA,"Trumps first year is already done. It went by quick.
Will his health allow him to make it three more years? We shall see. Right now I would say there's about a 63% chance that he makes it to the end.
Like Biden, he won't be competent at the end, but his team and party will cover for him.",UCcqMN88WoC4fuWikdogk6YQ,@tompriceusmc,2025-12-07T19:37:34Z,0.20787939830928423
2d8bd5f892ba2ebb08b12c0b57f09781,t15c3-pYSYo,It doesn't look  like uploading old clips using different titles is doing anything positive for TYT's sinking video views 6.2M subscribers and only 9k video views in 4 hours.,UCcG2rymm-OPGa5QWnrlRi6w,@Anthropoahagus,2025-12-08T02:30:53Z,0.20753319059834663
bd1d2df698f4a029abd94c6e13b4b8c7,DMrclXpeGN4,아이로봇~?ㅎㄷㄷ;,UCTK55Y7JuhjVZLz0HtBSCPQ,@Good_dog0,2025-12-08T04:36:19Z,0.20747364513746958
d0bd38e31f389fa77d44f8e3d0ac1a75,t15c3-pYSYo,"People like you are worse than them, because you spread despair 
You may well end up in the same Eternal Flame 🔥",UCDj9QH2hXpVW-ciZ4_op0kg,@Uncanny_Mountain,2025-12-08T00:23:45Z,0.20742934827622264
29972817b16f0f66060b6c89b344958b,5tvOpAe46IY,Look at the pathetic Trump supporters in the comments defending him.,UCCZVypw5rNoE64xIwB_ts2g,@hiphopknights,2025-12-08T02:16:19Z,0.2073049310750985
fb28a2d8315fdf1a7a459bd6f2eecd59,dQWfdEyorm8,Foreign government involvement!,UCqnI2lvoSYfYEKpTIf4b1zw,@Dee-s2h,2025-12-07T21:02:47Z,0.20729407253312704
1369ac34cc6472eef01b3ecf71a456c4,t15c3-pYSYo,"What happened to your eye ,did you get slapped. 😢",UCO89LvzrV9qfCEnrfq1HeMw,@HowdyIfart,2025-12-08T00:48:18Z,0.20701022211103337
da43e6e2e154f1e184e47bfd1f3f0f85,dQWfdEyorm8,Arrest all the statutory child Grapist. Maybe round up Megyn R Kelly along with them.,UC9UzUUP3O3egW7dFZZnED7A,@kailenmitchell8571,2025-12-07T21:52:41Z,0.2069621680197215
2ba2370d0f7248dae3904f95eb59bbae,RwW4UYoX19s,"I'm not a fan of Islam either, I'm not a fan of any religion to be honest. You should know that Christian churches were targeted in Gaza by Israel as well.

In saying that, don't you feel some compassion/empathy for the innocent civilians that have been annihilated? I'm not talking about people that are HAMAS, just regular folk like yourself. Entire families being wiped out, possibly over 70,000 and that amount again unaccounted for, probably under the rubble.",UClbJUvJbzCvKUpxKcel-MdA,@DracRummins,2025-12-08T00:42:05Z,0.20555980697649018
d1fb3be5e6140f5ca6c59952df67e297,RwW4UYoX19s,"Think back in time when you complained about your life in the ""open air prison"" prior to your acts of Oct.  Go on, think about it.  Has your ""resistance"" helped you?  You made a big mistake, the biggest.  It's all gone.  All of it.  You will get no state.  For Israel has spoken.",UCvXffbh_Jhdac3h36xzoLHA,@Obeytime-w4i,2025-12-07T22:31:43Z,0.2051664051879546
6818ec5a86b69c0cf153f2e7e9acb218,dQWfdEyorm8,Correct. The machine. The Elite. The puppeteers of the politicians. Protecting each other.,UC02MOEeItB5zFoUg24nVbLg,@elkennedystrat7894,2025-12-07T23:52:08Z,0.204875262071356
f5e1be74351196bc033a335bd8de72d1,5tvOpAe46IY,"“Just like MTG, he looks like he’s already charting his escape route from a sinking ship. When the situation starts to go bad, the opportunists are always the first to look for the exits. We all know how rats behave!",UCREkMGQZNmErG2vhDXbpj7Q,@patmdca1,2025-12-08T00:17:08Z,0.20434077066651302
5b820531068b5e7fc8831b5d93e9a41d,dQWfdEyorm8,Word.,UC4VI-pCcfA35DHXtt6saB6Q,@blueways6699,2025-12-08T01:01:00Z,0.2037383775299907
f5ab954f61c243cd5fa00319b9605342,RwW4UYoX19s,It won’t happen until the IDF have written “Hamas was here” on all the remaining walls on the hospitals and educational institutions etc.,UCTfSKzFj8yYHVKn2hTg8wFA,@alancornally5157,2025-12-07T22:04:06Z,0.20348791391309956
ba5283fec490f68feec5894ed183fcf9,DMrclXpeGN4,Look at these idiots. Creating shit we’ll have to fight in 10-100 years.,UCT8SWAuqd0jlIjRO1eYbD9g,@mockingbird2264,2025-12-08T04:17:20Z,0.20338844732332226
a231c528eadf8f268b5129ecb1a350ed,t15c3-pYSYo,Have you condemned Israel for *Hanibal Directive?*,UC7_Wbn8yS-lgIZoPvPB1R-w,@Guapaahi,2025-12-08T02:27:50Z,0.2029990197016141
f855224c0bf809ce516412209b92e62f,e478dy0CKYE,💯😂,UCbTqJDynLlq1UXBMKGBj66A,@JNosewicz007,2025-12-08T02:40:13Z,0.2029707822879562
9b84a2ba8a6425584674555dadb28e81,dQWfdEyorm8,Wasn’t this passed a couple of weeks ago?,UCx8oalmzMUXdxe3pjicjIKA,@joekahn1832,2025-12-08T00:13:00Z,0.20291741808948432
85a896770ac04c85e4866bf9c86bbbb2,KjYSHrFkGrU,Nah Venezuela > Côte d'Ivore,UC6waS8-uKbNpY1tL5lSl69w,@MUISHAGGY572,2025-12-08T01:05:44Z,0.20285930215303447
4196ab1f9cd1444a7c882e3c868d21a0,dQWfdEyorm8,TYTS DAYS ARE NUMBERED! CENK ON THE EPSTIEN LIST!,UCyvhXE5Bz2aBgu8iy61A81g,@990mustang,2025-12-08T01:50:14Z,0.20211981235032234
4657844dd82c1e24a24f48fe33607d85,dQWfdEyorm8,They put it in such a small spot on the video in the beginning. It's a cheap way to get more mileage out of content. I get it but it's still gross and a time wasted,UCEfB4s27uUCJIlZin7ZPqnw,@KimHightower-mj2yw,2025-12-08T01:19:08Z,0.20185832291614356
7372f2d126f580851a4fe3b201c6e489,s2EXTCAFPKA,Tyt.The dumbest comment section  on you tube.,UCz4d9ALe6BHELAnjmq706RA,@mzwmeathook3691,2025-12-07T20:48:11Z,0.20185713094302316
2b04f23a18adcab23ef098660612bf66,KjYSHrFkGrU,"Dude was Thai, get it right",UCU79DIK1AQBmV6_h3yEvAKA,@eastofthemississippi2501,2025-12-07T23:36:16Z,0.2018549241346963
5a298ebc43dc51cd4be1798f6337f06b,DMrclXpeGN4,Terminater written all over it 😢,UCZcdlzFXXkQE13revVVPmag,@msbunns1,2025-12-08T04:35:37Z,0.20093788060144857
1ccc99706ee0748c53c0bbb34f0ac22d,RwW4UYoX19s,"@a.m928 Why do y'all entertain these degenerates? Step over them in the comment section, be prepared to VOTE OUT AND EDUCATE EVERYONE about the reps supporting these evil demonic inhume scum and keep it moving! You can't reason with crazy.",UC53zjQuygVofnypenJ3wuWw,@LPAFilm,2025-12-08T01:10:46Z,0.20075512734006534
0363b764952d52197f95beb5a2f7faa3,RwW4UYoX19s,"THANK YOU ANA, its unbelieveable what a great job you guys are doing, thankfully people like you and cenk are existing to prove that humanity, truth and good is still stronger, than evil .... specifically, the  exposing the atrocities of the israeli society and not believing everything stupid they are selling!",UCxQ2DhAptXGU-lxzNkAnMsw,@balkiesgabal9889,2025-12-08T01:03:39Z,0.20011603419896581
ec567f03cc08e8afe2fe7899b72cb39c,t15c3-pYSYo,"​@tompriceusmc  yea it a holocaust, and zionest are the new nazies, moSSad, hannabel, hasbarah, no real training what so ever besides rape pillage and murder... yea so🔻AL-JAZEERA best resistance go pro in the world love from australia 🔻",UCZI0EnpmpmUUL_TP18AcHlA,@TinaB123-i8i,2025-12-08T00:06:18Z,0.19991785825986383
f146ba66b3846469fdd1ec0ade402d4c,t15c3-pYSYo,Israel does not deserve to have their own country they are proving that they have become as bad as the Nazis absolutely disgusting,UCqa64kJiJw-uOxwnFtDw_5w,@theecocraftsman,2025-12-08T01:06:15Z,0.19975880979509728
e28386f773d41c5de95ba5049b9595c6,s2EXTCAFPKA,"Remember, a war crime?",UCP54FTLrZDVYMxikG6YPH0w,@charliebrewtoo,2025-12-07T20:42:18Z,0.1990319752221377
5bf4f8bf70f9bb512afd3347f598e477,dQWfdEyorm8,this is an old video,UCBd4kW2ZDK7cFnl489iTqeA,@JayHin-b2b,2025-12-08T01:16:19Z,0.19846490770100242
a005a48c1ad225b6b06187892defac99,e478dy0CKYE,CNN is totally unwatchable,UC31eIJ1DAgMLQLjua4pyzrA,@PaulBrodi,2025-12-08T01:53:35Z,0.19799755177269807
4fb053d47b803e538f40ea29ead8177b,dQWfdEyorm8,I agree,UCBd4kW2ZDK7cFnl489iTqeA,@JayHin-b2b,2025-12-08T01:16:00Z,0.19753492314206259
bbb99592fb33afaaba8445086b992cd5,KjYSHrFkGrU,🤡🤡🤡🤡🤡🤡🤡🤡🤡🤡🤡🤡🤡🤡🤡🤡🤡🤡🤡🤡🤡🤡🤡🤡🤡🤡🤡🤡🤡🤡🤡🤡🤡🤡🤡🤡🤡🤡🤡🤡🤡🤡🤡🤡🤡🤡🤡🤡🤡🤡,UC76ivIKyHZPNtnN1SefKXGQ,@nelsonzito8579,2025-12-08T00:59:17Z,0.19753107070060089
d96456a2aa95159071b4f3de4f75c159,nMK8wBACIMk,"These problems will last for many years yet.I noticed that nothing is affordable cause Trump created a deep abysm ,and it started when he imposed tariffs at all.",UCnBgsDPs_wdpDxKM9Lfxobg,@EduardoOliveirai,2025-12-08T02:55:19Z,0.19724407955334708
aef6d8cf4e5d9243bc9afd7bd8347f71,KjYSHrFkGrU,He wasn’t Japanese.,UClRknWKXgt4pSqxfXuavkOA,@bm.6349,2025-12-07T22:51:40Z,0.19709597782596472
71325d01bbb1bdc1b148e29c6ec82d88,dQWfdEyorm8,Larry Summers!,UCX0IKxjGOJSeKIJ31EajjWg,@davebyron-ch9ve,2025-12-07T21:45:24Z,0.1959951375632703
f6e8342a95157302765929b7f43b72b9,RwW4UYoX19s,"And who's paying you, Greg?",UCUD1rS92vZf2DkEwXNZJ_9w,@racmacelan6402,2025-12-07T23:56:29Z,0.1957674279058504
5191309e653bae9a1d5c15d5d1bcd220,5tvOpAe46IY,"Trump made a huge mess out of these bogus trade wars. Huge mess. America has become a laughingstock because of his egomania. pure inadequacy. something tells me that trump has no clue how tariffs actually work. He spent a year protecting the domestic fictional banana and coffee industry. it makes a lot of people worry about his sanity or diligence. he uses Ritalin, but his focus is absolutely zero.",UCF-sIlTVpwQMjUttT-RY1iA,@maxpower-r2e2y,2025-12-08T00:37:04Z,0.19576554662050644
8be906d3202305f9d59a2b3bf9304519,KjYSHrFkGrU,She is such a pretty woman. Good on her.,UCg4Ix69PK-YA0pPPXiSVl8Q,@MrKenng123,2025-12-07T23:47:19Z,0.1955309835077657
1beff153d66fa27a37fcf82ed2485c9e,e478dy0CKYE,😂😂😂 he does need a job.,UCeGaYSWw66ydETLSLB71xIQ,@Butterymales-t7u,2025-12-08T01:22:47Z,0.19477856673764266
994e2a4cb0a679dbd257827ff075dcbe,RwW4UYoX19s,world must unite to put an end to this chosn lunatism,UCzc6I9u_53yz7gD-B5DcGuQ,@irfannawas5878,2025-12-08T02:34:24Z,0.19471831773828513
42fa28d93b0fbc4ef8e8f479fb16ab5d,t15c3-pYSYo,DIABOLICAL MONSTERS,UC7AequJO-ip7Mea4AqdjZFg,@capriana22,2025-12-07T23:08:21Z,0.19457820875395393
789c42f5262960bb6d8a2abcc2b82f9a,dQWfdEyorm8,how many weeks behind is this vid?,UC6VgnHKk68QQpN8fRUs2t8A,@joelvining3082,2025-12-08T02:18:51Z,0.19435612392809962
077679341687937546c067600f41b35a,e478dy0CKYE,"Sorry, I couldn’t find any reference to a Peal Harbor.",UCnTfLwYyCUdJDeK8WKOiz8g,@jayluck8047,2025-12-08T02:06:59Z,0.19428632797955803
0bc0ef7d75aa253b1a011bf96f878264,oylbyE5Zt0Q,"@arudiga And Republicans tried to repeal and replace it 60+ times and Trump has been working on his ""concept of a plan"" for years.

Both parties suck donkey dick and don't give a fuck if you have affordable healthcare because their campaign funding comes from healthcare industry insiders.",UCPuH007CQZCQssvAo1dUvTw,@WilliamBratzke-g3g,2025-12-08T01:36:24Z,0.19416715109581073
942f54b7c024195e216650baf89d54bb,5tvOpAe46IY,"""It's finally Trump's economy...  That Biden is ruining!"" - Fox News",UCvItZpas5hJPNlC-yvZ5sNg,@archie3k433,2025-12-07T23:25:52Z,0.19410894916029922
5515386ff856389260f525c39126aa27,e478dy0CKYE,Trump is a stain for anyone associated with him. CBS is no different,UClcfwszFmlT-xyyJe-YzTmg,@ETAonTheEUC,2025-12-08T01:56:22Z,0.19273264837237986
d48591d56b3feab4134860778e04b040,6EtReGSuvdY,Thank God for President Donald Trump.,UCqHp3k1fQiqW0GSWM_x2nZw,@danielmackay8099,2025-12-08T02:59:26Z,0.19241063093579885
e66ec8abedd9f6404e689597f37167e7,KjYSHrFkGrU,"Do you know that Donald tRUMP used to run, The Miss Preteen Contest and he'd go backstage to see the young girls undress?",UCIAfEDr39yoxzsMT8F1v16g,@donvonschitzinpantz,2025-12-07T23:53:53Z,0.19239909535579933
36f46db75895756a6d56f1d7ba21b872,dQWfdEyorm8,Wtf u say,UCN6WesXo1PvGhl_nzuwcO_A,@Stone-w1h,2025-12-08T00:51:54Z,0.19171660565604268
16d3fddb88f14de0a0a781491848b06e,dQWfdEyorm8,What a farce! The entire thing will be redacted,UCvgDiS5AO9oQKr_NveDCIHg,@johnstoddard4692,2025-12-08T02:16:31Z,0.19146257801909947
b7567ff6c3fc4f97aa802482fd2b413c,oylbyE5Zt0Q,Because lawmakers designed a system that can be abused by profit driven corporations,UC5_P8Lcig0WIoLL6Gw_8P-g,@badluck5647,2025-12-08T02:22:03Z,0.1909507325424049
19572a30acfed3220a9ce04ee1bc1534,dQWfdEyorm8,"Ironically Trump looks somewhat like a pig, a big fascist pig.",UCSwUXwzLdq92vamSvRA0DNw,@JAMAICADOCK,2025-12-07T23:29:48Z,0.19087977054637362
b1bb4e4ff6a5f6536334a9d1723fbe54,dQWfdEyorm8,"These are all distractions from the 
EPSTEIN FILES!   Release the files!",UCtCl9VksOS5p_vgmhFFTefA,@tractordave8335,2025-12-07T21:39:46Z,0.190107566182844
838917cb3325431c4b8760f8d7d33de4,oylbyE5Zt0Q,"@bryan805 exactly. It isn’t affordable. It was just a ploy to gain votes. The democrats passed ACA solely, and ARP solely. They own this and there is no mandate to bail out their abysmal Ponzi scheme.",UCSzfruIYTMmQWRhsJ8X1IaA,@arudiga,2025-12-08T02:16:35Z,0.18977774003384573
6029ae86c41419b9451340a087b3f405,KjYSHrFkGrU,"Miss Universe 2025 Fatima Bosch joins those whose who's beauty will not be seen by hatters who haven't earned the right to have gratitude for their life, either. 🤣…And that's a good thing.",UC25m-hK3Y2apJHXX1U4qh5Q,@innerlocus,2025-12-07T23:09:16Z,0.18923434908888545
9593de5772a7e134b7ac45b57fde5880,RwW4UYoX19s,Colonisation is bad,UCZI0EnpmpmUUL_TP18AcHlA,@TinaB123-i8i,2025-12-08T00:48:16Z,0.1888541182194168
1c372e22d64561934e4b675211bc8f13,dQWfdEyorm8,Taylor Swift and all of her prostitutes are trembling with fear.,UC56s4kU1oW2DHePLJn7sWEQ,@robertnewberry7799,2025-12-08T00:38:25Z,0.18872696687905466
0a91dc47de9dd0e807a92d83e0830916,t15c3-pYSYo,Good riddance Nazi. Crawl back into the hole you crawled out of.,UCsEqNhJAAHQPWMKwtNCKpUw,@glennboyd939,2025-12-08T00:41:59Z,0.18862606640348772
3f165a93bd334ce78ce4993b2aabd561,KjYSHrFkGrU,Clown with crown,UC76ivIKyHZPNtnN1SefKXGQ,@nelsonzito8579,2025-12-08T00:57:31Z,0.18845359383054175
5f0bc168627fa1ea54954da7625341e8,KjYSHrFkGrU,"No, it's Miss Philippines who clearly won.",UCBHNRT2EdwzANBQPsSn97iA,@vinamarcial9135,2025-12-08T01:12:36Z,0.1883937219011676
f13a0983e1248cc4b0100c0a36562988,s2EXTCAFPKA,Kash..,UC9cTW_XR0FHzNG5UQNIR_3A,@donnawhite4621,2025-12-07T21:52:41Z,0.18822045140939508
b62bd0f2353f01463dfa193fe85488e7,KjYSHrFkGrU,Well my next door 🚪 neighbour is pretty than her 😂,UCaVyVkBi_ygm3KuHNH0knIQ,@erviram5494,2025-12-07T22:42:29Z,0.18821929251474276
c223918776fc5ba0b9bfa9369ca39dd7,dQWfdEyorm8,@cathyosbourne6986 Dingus ???,UCQmOSfaGXDt7lQEog6D2bKg,@lisamartinez4641,2025-12-08T01:03:05Z,0.18767593651274486
89ebfbfcba14e788d0e40d638d0dca37,5tvOpAe46IY,"The Wall Street Journal said Trump was handed a great economy. It would still be humming if Harris was Prez. We would have a Border bill, no mass tarriffs, and no cuts to healthcare and SNAP. The Whithouse wouldn't be  demolished.

Biden got us thru COVID. The entire world had high inflation, but in Anerica it only lasted one year.  Biden's last year had inflation down to  2.9%, lowest unemplyment in 50 years and booming manfacturing 

Currently, inflation is higher with Ttump, as well as rent, groceries, and utilities all up. His job report is dismal, which is the greatest indicator of an ecnomy.",UCKzFJRT8-womHSjgS2wJFog,@blonderepub9303,2025-12-07T22:30:26Z,0.1875826368074051
f5cf3eb4e63cc39c8a54f63f0b39f04b,t15c3-pYSYo,They're MONSTERS.🤬🤬🤬🤬🤬,UCy4qqtS9BRMyxF-2M180QNQ,@m.lisahollingsworth7784,2025-12-07T23:05:35Z,0.18748524815626086
b2dc3e00c69a1d37cf2968f390938626,5tvOpAe46IY,"It is President Trump economy today especially when he keeps saying the US never been hotter, it’s in the Golden Age and the economy is great. In my opinion it’s a lie. I see President Trump, his regime and friends reap the rewards while many American tax payers inflict hardship like myself.",UC6K_gfjA2y73aNRhLzycFhQ,@MJforreal548,2025-12-08T01:30:37Z,0.18716968661855185
99b2192c805f0fb9be45f3fb76c0b2ca,oylbyE5Zt0Q,"See Donald's' Bill Beautiful Bill, or go buy a clue. You have none.",UCPFyY0XoqxQx-n6RZMH5Ldw,@mikeb5664,2025-12-08T02:05:18Z,0.18715515460419294
8b39e437afe633777752035121de5f6a,5tvOpAe46IY,"Yep 👍 Fox News was right, Trump’s economy was horrible, but he needs to fix it, otherwise his poll numbers is going down.",UCNwMakn3g3k52j-gqDwKW5A,@RonaldPhan-r3z,2025-12-07T21:04:14Z,0.18698153399281675
8808801c0a294411816669de940f4b0b,KjYSHrFkGrU,Iot,UCysOvK4LNku7YyIoHi63X5g,@حمزةماديمادي,2025-12-08T00:27:13Z,0.18681587387337983
a796879604791aca6c32431507365be4,RwW4UYoX19s,Whoa! You’re either a bot or a dumbass 🤔,UCXDFeBOQZUUpYZdtOUm6BPw,@emm1756,2025-12-08T01:52:21Z,0.1864077373597549
a0fd1cacb6575a10efe64bf848e915a4,KjYSHrFkGrU,Troll,UC1tZT_N9LhgJyFFeMgtbCPg,@jorgegomez3691,2025-12-08T02:37:37Z,0.18634826626649453
a9e88100a2612e30ebd5fff3734770cd,t15c3-pYSYo,No...you are dumb!,UC-IGE3a1NX8JNYDoi1aXR5w,@blakksonni,2025-12-08T02:20:38Z,0.18598199705629317
250aff765c742ee7398eabfff7dbbfcd,iFewnvLzzUE,Kudos to anyone who knows what my username means.,UC0OrsmGWYAwv0p9c9kYAh-A,@Phydeaux_III,2025-12-08T04:24:40Z,0.18560982132657838
7189ab9888a961245822578d8f5812b4,dQWfdEyorm8,Partial files...,UCin2EqTeyvrpssDuwzPaqcg,@cawtindamiddle5312,2025-12-07T23:19:24Z,0.18549944448134595
b8885512504f544415c5f5cf2739067a,KjYSHrFkGrU,"If she’s all that, why buying the crown?",UCgUkokxzcMQzZn4oJAhEzrw,@AldrianCG,2025-12-08T00:49:00Z,0.1852773226982832
94e4a490a718b99ab10da054b3a0095a,5tvOpAe46IY,​@juanwilliams3423piss off,UCHf7sF1IdPXQP5ameiAHSYg,@MaryVictorine-s8k,2025-12-08T01:38:54Z,0.18441520911740814
7c3e79b022a10f376967fe43831fec3a,t15c3-pYSYo,@Based_Clear_Vision @Based_Clear_Vision is a Zioharlot troll.,UCQQq3XCICDKs_JO5DEyz5nw,@deanm1436,2025-12-08T01:32:23Z,0.184349506868293
df0719007f08c46b8257f506c8f4096e,KjYSHrFkGrU,@DaveSchultzXXLbot,UCO4m8_iiX6EXt22AeYg7PFg,@Cozylife797,2025-12-08T01:52:07Z,0.18414493212199146
40de2cbfdbdc8c0fb3bac82dcc039a8b,RwW4UYoX19s,Inshallah ilahiamin,UCTMVxLSejtA2pON0OY0KfBg,@tatheerfatima4751,2025-12-08T01:53:23Z,0.1830981827298614
22a57d230e7b49b34ac8cf593d72db7d,5tvOpAe46IY,"It's easy for president to juice the economy: print more money, make it easier for companies to engage in predatory  lending, lower the interest rate, increase government spending. All these things make the economy feel good in the moment. But when you're living on credit the bill eventually comes due. I'm no fan of Biden or the Clintons but it is the height of ignorance to blame the current economy on Biden. Trump was giving away stimulus money like a drunken sailor during Covid.",UCa3v_-38viYaleBN0gAGJaw,@l.h.2543,2025-12-08T02:20:29Z,0.18297909183307368
156e735b2ea5ac2403a45fa09e914fe3,oylbyE5Zt0Q,"I stopped reading after ""Scott Jennings says""",UC5_P8Lcig0WIoLL6Gw_8P-g,@badluck5647,2025-12-08T02:20:06Z,0.18279631975345143
73a752f3bb36435d05fea1aade305582,KjYSHrFkGrU,"Las Razones...
1. Su padre pagó por la corona. 
2. Rocha aceptó la oferta de su padre y le vendió la corona.",UCGprsZMq9uYhL6Ea82JkTIw,@joselenisolidum3158,2025-12-08T02:03:27Z,0.18213175876368098
f5654a90ce811f441d11cbd7f5ba665d,KjYSHrFkGrU,Wouldn’t look twice at her walking past me.,UCoOJg6dZZvzCEeFUj7ECQCg,@DaveSchultzXXL,2025-12-08T00:47:47Z,0.18203004455527697
e8a49ecd65d9c2cc7902ab91828a023c,5tvOpAe46IY,Trump doesn’t care about the economy. She just want to get richer,UC3aK8-p25Oj_ez8tnNW5rvg,@lenering1084,2025-12-08T01:27:32Z,0.18172421264568897
d5c3de2c765121f6ef5fef1153db6773,t15c3-pYSYo,"As an American I’m embarrassed by the politicians who have been supporting this and accepting AIPAC money. I hope all those involved are brought to justice. More and more Americans turning from mainstream media owned by Zionists and learning what is really going on. As a follower of Christ, I can honestly say that “Christians” who support this or ignore it do not know Christ.",UCcP-XHmfw_m9B3-MPm7asNw,@DrewDown3030,2025-12-08T02:17:19Z,0.18171132830962583
8695650f4fa57661d1c46a1d7d31d1b4,5tvOpAe46IY,"Durp.  There are thousands of Americans who have homes FULL of drugs; and that transport those drugs all over America.  Bomb them without a trial too?  Or is that just for nameless foreigners in international waters, a thousand miles from America.",UCl_nfmSy0GvLQDfi0pfnbrA,@kcw1879,2025-12-07T21:22:32Z,0.18104956414684453
4d58b671d6ff76720850e61a97b4a7d6,t15c3-pYSYo,"May there be someone on this earth with a shred of heart to investigate and bring justice to the Palestinian people. Their suffering is beyond human comprehension!!! 
May Allah punish as soon to that criminals oppressors colonialists!!! Aameen",UCWKbCTKfS9__5YiTuVEF_8w,@zainbrkh7274,2025-12-07T23:47:22Z,0.1807005113812039
51349ef4c5a075eaac8c1280f64be246,KjYSHrFkGrU,Agree. Thanks for explaining,UC74Nh9NadTBV6LrXWOqsl5g,@ALICIABOJANGLES,2025-12-08T01:57:03Z,0.18014885131751063
08cf4e6c14067974e71f6cb82869cd54,5tvOpAe46IY,Trump probably ain’t gonna make it another year to see if it pans out,UCHhUwOuBkNtZC0cgpo0kJIQ,@Cmakcnskcmxmvmskxmfm,2025-12-07T22:34:40Z,0.1799656805501244
3ab6db28b4871153c09a169eee391a04,dQWfdEyorm8,An innocent person can do something noble for their country. They're tied up in history.,UC84CRZAsYGKKopxfhAdmIrA,@eshep71,2025-12-08T00:18:27Z,0.17980461134774917
3eb9f90914605a8f1ada6c9b95512937,RwW4UYoX19s,There insane the whole world literally watched. You can't backwalk 100000 war crimes.,UCsgu9WMw1UBnDE_LMRSW2FQ,@Sasquach-h7p,2025-12-07T23:34:31Z,0.17958015773444383
b4c6fa1593c07538bd0245dd920d3834,KjYSHrFkGrU,"Guess what political party Im in: I don’t know the difference between a man and a woman, a fisherman and a drug dealer, and difference between a protest and an insurrection.",UCoOJg6dZZvzCEeFUj7ECQCg,@DaveSchultzXXL,2025-12-08T00:34:12Z,0.17955849882357577
9844001c43a8fab5ef6b649f98740dde,5tvOpAe46IY,"Ok ok lemme put on my ""America first"" purple hat and write about whats REALLY happening to the USA economically. Btw for full disclosure i have a 3 deegeet iq and am independent free thinker. First of all the government is broke. Has been broke since the Nixon shock 54 years ago. The country was at its relative  peak right after WW2. From 1945 to 1971, the country started overspending on defense and social programs. The Vietnam war and Great Society finally broke the camel's back in 1971. Since then, a grand experiment of fiat currency on a global scale started. Fiat currency is backed by nothing!  Some say the once mighty dollar is backed by the US government and its military but both are fading in power. It's been 54 years of this fiat currency global experiment. In this time the USA has been running twin deficits [budget and trade] while waste fraud and corruption increased exponentially. This is why defense and social programs spending have skyrocketed for decades. The USA is at peak corruption levels right now. The dollar has lost 99% purchasing power over the last 100 years. Measure purchasing power and inflation of any fiat currency against real money GOLD. Economists and politicians are puppets of the current regime. They are employees of the Grand imperial wizards of fiat currency, nothing more. Anyway, their infinite printing of paper funni munni is coming to a bitter end. And this is why: the national debt is now $38,000,000,000,000+ and accruing at least $3 trillion a year. The national debt is growing very strongly reaching bigly levels like nobody has ever seen before! The government is borrowing from the future to spend today. This is not sustainable. The neo keynesians and magic money theorists (MMT) are wrong. The bond market is now BEARISH. From 1980 to 2020 bond yields were falling. Look it up. Don't believe me. Do your own research. Anyway, the 40 year bond bull is OVER while the government spends like theres no tomorrow (to the tune of $5.5+ billion a day it DOESN'T have). This means yields should be going up. Inflation risk, default risk, and other countries running away from the weaponized dollar means yields SHOULD BE RISING. But the Wizards won't let that happen. They will borrow more funni munni to buy up those bonds. Monetizitng the debt. The country is already in a debt deth spiral! Sad! But true. Protect yourself by watching the little known movie the Wizard of Oz and realize its about economics! Dorothy is you with your trusty dogge fren Toto. Scarecrow reps the ones that don't understand economics. Tin man represents those that are heartless overworked machines. The lion reps the Sound Money Defense League. Put on your silver slippers and follow the gold brick road. You're off to see the Wizards at Emerald city, the shinning city, source of infinite greenbacks. zzz",UCSNfnAOstlJaXmx1G93U6sw,@zzzT.,2025-12-07T23:47:30Z,0.17937420442230526
a2037c37215f9890668b561e48bd2b09,KjYSHrFkGrU,Disgusting.,UCgUkokxzcMQzZn4oJAhEzrw,@AldrianCG,2025-12-08T01:55:30Z,0.17918458981450036
249c512b48a7e97633d168a431e0ea6a,t15c3-pYSYo,Things will never be the same,UCYRi_EE1p-T6E8yyH7ST4uw,@gmedeiros5748,2025-12-07T23:03:26Z,0.17914446197548883
04e1856f5c1621eaaf463f99e9030ed4,5tvOpAe46IY,"TYT ... who cares about the ECONOMY ! ?    - ( Christmas Shoppers are up 10% LOL! )
GO HEGSETH !    HEGSETH is doing his JOB and obviously doing it well  !   :-)
**“When you have a boat full of cocaine and terrorists heading to this country to poison and kill Americans,  that’s a legitimate target.” ***
THAT IS CLEAR TO ANY THIRD-GRADER except to the DimokRats !!! ! 🙂",UCPdD3YpXTI2gROpI-LtEiNg,@TheVeritas2100,2025-12-07T21:17:57Z,0.1786953914510316
3735736eded71fde3bfc0f8cab1edb07,DMrclXpeGN4,"Actually, the Chinese are likely the most capable of fixing all those stuff right now.",UCLjCTW04Ohuv5yX5QbPmwNw,@biocapsule7311,2025-12-08T05:06:26Z,0.17858924134660992
937e46622603519a64bf61c0e6050f8d,dQWfdEyorm8,Wonders will not cease. 😮 M.T.G.  💪,UChXI3LLvoC7E2-HiZgULFCg,@gavin8tor,2025-12-07T23:33:08Z,0.17827329107251974
0f076ad89105f4cc877eb09de560d0cc,NEVp5tO6Xik,Real Republicans are just as bad as real democrats,UCdthXTPxELJGix0QKBNgx9g,@Brada86_,2025-12-08T01:25:37Z,0.17815967630359006
8b073346fea0d7d0c9320a3b9dd76d1c,5tvOpAe46IY,I think you better look at the end of Trump's term as to how our economy got to where it was and maybe look at the job numbers that actually weren't hidden under Biden you bumbling cult member.,UC0lkAl6k7SZFD1R9G7omVBg,@kaleidoset2569,2025-12-07T21:14:15Z,0.17813046320344095
51f6c80f513d8c0ebf3d858fd6f2fa3c,5tvOpAe46IY,He Jesse Is Scared For His Bf Trump,UCc84jOyDWiGOhsRx6bceC_A,@brettdavidson5589,2025-12-07T23:43:21Z,0.17799018611518652
ca0f3ed2c531e65c3a67ae133600df71,5tvOpAe46IY,Yes she should.,UCTaW_zwwSupWUuI-7jemZwg,@joenast-zg3ew,2025-12-07T23:23:01Z,0.17770366066103244
c85cea2f042359baa7c3867e82e489b4,5tvOpAe46IY,"AI is the future. AI is the surest way to reduce federal worker size. It is not federal responsibility to blow tax funds on boosting the employment with fake bureaucracy. AI is our salvation by far. It will save America trillions in corruption and waste when we need it the most. As time will pass, those who retire from bureaucracy will be replaced by AI. it is our only way to create efficient, honest federal government.",UCF-sIlTVpwQMjUttT-RY1iA,@maxpower-r2e2y,2025-12-08T00:55:34Z,0.17766260243162482
52b746f592268be357d4be5d9ba3be0e,s2EXTCAFPKA,"80-plus unidentified murder victims means dozens of mostly poor Latin American families suddenly robbed of husbands, fathers, sons, brothers. And we don't even know who they are. This is a war crime of historic dimensions. The perpetrators WILL be prosecuted and punished.",UCNWE4hkW4aVMCtKxw6JD8uw,@JR-pr8jb,2025-12-07T23:12:21Z,0.17766111101069235
ceda16f46de01c75d0892b8d3bdc3ee6,dQWfdEyorm8,They will never talk. They're part of a club. And the initiation of joining this club is damning enough. Locking their loyalty till death.,UCoRhgdyLk2kiBncwKxSjV-w,@thaddeuslaporte9601,2025-12-08T01:57:18Z,0.17752853892270162
57b77a8ed4484e8d89a8efaa6a4f6f61,s2EXTCAFPKA,"""Pete Hegseth did not ordered the killing of innocent people. Mexican cartels killed the survivors to control the drug trade!!"" Donald John Trump 2025😂😅😂😅😅😂",UCUWNXQIS_5XEMGBgW3FBKFw,@cigarfeeler,2025-12-08T00:22:00Z,0.17749447264868012
910d28177892274e01b41027e5fc4d91,5tvOpAe46IY,be careful,UCJpXUdepWwqF_caWKNzjBaA,@juanwilliams3423,2025-12-08T01:25:37Z,0.17720687892822573
8d6e2544faeb8f53cec6bbb5fcb8272e,5tvOpAe46IY,​@marygib2939Powdered eggs. 😮,UCNbrSNp3UjyEj5HKS-LSlEA,@GG-id1ii,2025-12-08T00:20:22Z,0.17657745217340234
8f69bf9283d17817ac7c521d954c62be,t15c3-pYSYo,Israel is here to stay. Deal with it!,UCzYItLPlTznh5rKJuWmvLLQ,@mikeg2306,2025-12-08T01:37:10Z,0.17645551182430522
b3de4190a70824f9cf30a53d25ea3648,KjYSHrFkGrU,Hideous!,UC76ivIKyHZPNtnN1SefKXGQ,@nelsonzito8579,2025-12-08T00:58:40Z,0.17587673998732561
7c2830d0984a180869df11d4c0d950b1,RwW4UYoX19s,"Zelenski is stealing billions  and allowing over a million Christians to be killed in Ukraine. No path to win, and that little lying degenerate will walk away with millions",UCuu1vpWiKM2tBLacenVFbIw,@anthonymunno,2025-12-08T02:22:30Z,0.175827960521297
b6277f3255f962aedbf82479d09b7419,KjYSHrFkGrU,Trump will probably deport her.,UC46hOVC3bf4xoA44Cw3HU_A,@ljacobs357,2025-12-08T00:13:26Z,0.17566621930806253
67310cc551dfb35f458de1e1564c7b89,5tvOpAe46IY,Trump is destroying the economy with his stupid trade war,UCU5Cl3FMj5f0rtXyrFIuLvg,@jacobgarcia4188,2025-12-08T01:18:51Z,0.17555885433576945
1d9108edd85485aaf4f69c75a0c75f34,t15c3-pYSYo,"Hold on.. CNN? Well that proves that this is complete conjecture, if not total lies. Then again, this is exactly what TYT loves to spin. And can someone ask Jordan if he ever left his home while becoming an expert?",UC_2G-uSo2ZpRHMgXlRzAxIA,@Based_Clear_Vision,2025-12-07T23:11:43Z,0.17553080375041835
194e617dcd33faa60c0ad32bf1157071,s2EXTCAFPKA,​@EricDickerson-l1vAnyone can see that these are not fishing boats. What nonsense,UCgrGMISPHrI90gJWCoDV7NQ,@TONSBERG100,2025-12-07T20:55:41Z,0.17526843669743047
f185c7d1fc1d7a741b7a884edb48c6d5,dQWfdEyorm8,"Any true person can do something noble for their country. You both are tied up in history as true noble brave jounalists among few more
 when their is crowd of zionists Corporate elites paid puppets",UCExyitmJ6yRzLlzhmGcNRXw,@MuhammadJaved-v3i,2025-12-08T01:14:36Z,0.175161782876701
90db93feebbc5f47cb87be64c0d4a701,5tvOpAe46IY,TRUMP SLUMP!!!,UC-SBRZ_2aOWkRObbVZ3ziZQ,@KC-andTheSunshineBand,2025-12-07T23:45:22Z,0.17466219206124106
1f43677e9851c93c8942bfd6d473301c,s2EXTCAFPKA,"To not impeach Pete Hegseth is just cowardice of congress. He is not qualified, hes dangerous, and he is giving illegal orders to our military. Shame on Congress for not just impeaching him right now. 
You impeach him, then you demand that Trump appoint a competent person as secretary of defense, Demand that they are not a sycophant, someone who we can trust to do the job and put a leash back on Trump. Its the right thing to do. 

However you know that is not what they want. They love the fact that they can hang this over the administration to gain political points. Its really a disservice to our Military to let this lunatic give more orders. Remember, if he does any of this again, its putting doubt on our serving military right now. 

If I was serving aboard that Aircraft Carrier that was involved with this strike I would be seriously lobbying command to transfer me off of that ship immediately. All of those people could be couplable for war crimes right now. What a terrible situation to be in.",UC8Sr1VpvFe8B60VCUg7oU6Q,@JStankXPlays,2025-12-07T20:30:36Z,0.17455775224528303
e6c543e1c193340b6104669c7d875da8,e478dy0CKYE,Stallone? Give me a break. Another MAGA loser.,UC7BdqeNdS6b3Miv7XVhbQzw,@highflyingduck,2025-12-08T02:08:54Z,0.17453652185312857
0849599c5238a8f943cf8d2609fcf61d,5tvOpAe46IY,Whatever you have to tell your ego to sleep tonight is fine.,UC4impjzjEdk3OpOR6Wwgs5Q,@brandonjohnson1257,2025-12-08T02:02:53Z,0.17392375839560326
53b7da1c04d549abba2c72cbd2a4cc1e,KjYSHrFkGrU,"Woooooow the interviewer is AMAZINGGGGG, you were super kind to Fatima & i know that she really appreciated your words because even i did. God bless you both",UCsQD6eNixXIaZPlewKZpK4Q,@Aiaidesire,2025-12-08T01:42:31Z,0.1738653166322943
39f4e66599a3fc022a8f28d3f6232259,dQWfdEyorm8,Donors influencing  government is basically a public bribe. Taking  money to do specific things against what voters want sounds like the opposite of what government should be. Why do we vote when donors wants come before its own people!,UC8Q_iFMn3MhW6OCxJXvt-PQ,@vancemacd6315,2025-12-08T02:40:33Z,0.1738367344630522
d3726fea67686cbb7db38a6641f3cfcc,dQWfdEyorm8,"Of cause Epstein was working with Israel . This why its been almost imposable to get any clarity , let alone prosecutions .",UCATHw1q-sDNsQsNQP1VfPhg,@robertherriot7887,2025-12-07T23:41:25Z,0.17341501796627082
0bb832f327c95eaee89436d9d691831e,dQWfdEyorm8,The fact we have to have a act of Congress to get a P list tells you everything you need to know about this world!,UCHiKw-wxZZ9LtTvaB0APqOA,@Richardson_Mg,2025-12-08T00:04:05Z,0.17340647268635254
be7e86eb4744ca6372add1d201285beb,NEVp5tO6Xik,Coup season in Africa has begun again,UC0xnMg_irTuvsUzEae_l1hg,@1_therealcreatedjam-ph8pv,2025-12-08T00:33:34Z,0.1733803746763935
30c8b6371d0630cad0fb00a98ac55044,dQWfdEyorm8,"If The Ppl that were mentioned in this release are Innocent, then They have NOTHING to Worry About !",UC3bhEF1zrhtJx4quO_uY8Ww,@jeffreydoty2782,2025-12-07T22:49:47Z,0.1733747066001099
9d625be48d436d16ec385c833801c324,dQWfdEyorm8,Old Video !!,UCDMm6BLw4XQAZmZS3l4W5gA,@MyFreeSpeech,2025-12-08T01:24:23Z,0.1732417923556182
22f96400433bd182a6aec3734c2bb3e0,dQWfdEyorm8,Trump is calling people names (mostly women) because his dementia is worse and he's still trying to hide it. He was missing for 6 days because he had a mini stroke,UCNBW0hVAjCFzg8jVJ_PHtCg,@vernonedmonds1691,2025-12-08T00:14:57Z,0.17294263323318262
79e9d2e5aed4a44e8d2516a2e312f0a8,KjYSHrFkGrU,They don't know the size of the universe,UCwxHv6Apdat5dR5BVdB8BXA,@MoneyMan28,2025-12-08T01:48:52Z,0.17283170438106688
aac5f93e47358ee512b7c06041564d03,KjYSHrFkGrU,"This is a message to All world leaders. 
Unless we ( the world,s working class ) remove the British Imperial Empire ruling class, we will never have peace.
 What they did to my class of soldiers during WW1 must never be forgotten. My grandfather told me first hand that young working-class soldiers would be called from his trench by the upper-class officers, and return 3 or 4 days later from the officers' trench to a different soldier. We have been told for years that these soldiers' strange behaviour was shell shock. I can confirm that this is one of the great war,s biggest lies.
These young brave soldiers, some aged 14 were seriously buggered by these monsters. It was almost bizzare how they always picked the good looking younger boys. Many committed suicide who survived, many ran into machine gun fire than rather live. Homosexuality and bestiality is prevalent with my upper-classes. 
Every colony we had things were great, until we sent for these buggers. 
I will NOT keep quiet about this any longer.
Today everything on British Television is about Gays and Pets. There is almost nothing about Family life. These privileged people must be removed from politics completely. 
These are very sick and twisted people who have a very strange blood line. 
After 1000 years of taking their crap, time for change has arrived. Before the mob starts accusing me of any phobia, I have a nephew who is gay. But he really is not perverted in any way shape or form. 
In closing our turn has arrived to rule ourselves. 
These sick people must be taken out of politics altogether.",UCHh72EAMz4KbJKgmQMuL46A,@elingles2854,2025-12-08T00:29:26Z,0.17279030212077318
cbf43b9d6da22d84e3d531f685cb7202,s2EXTCAFPKA,"Glyph how much of whays going on involves that truck i told you dont make my aunt get that put millions into debt

2 can any money from paying off debts here make that debt go away

3 can you please let me make demon towns safer with common sense laws/stuff that keeps everybody from getting hurt to hep get ridof the debt here thst came from that truck

4 glyph leave me and others that care about me and that hate you alone so pretty much everybody in this entire world maybe universe because i am sure the list of not having people hate you extremely short (partly why you need to keep erasing peoples memories and changing up dimensions)

Taking away queanies baby that one might have been one of the worst things you could have done especially since you kept the dad killed",UCFJH6sgMrINrG99QUvpyBMg,@ihartevil,2025-12-07T19:55:59Z,0.1727536016995283
791f9cf70b4e75597d1e6b3443856f1c,s2EXTCAFPKA,"WET DREAMS !  - and the fact that Lefty Media m*r*ns are WHINING ,  that means Hegseth is DOING great JOB ! 🙂 ....more votes for the REPUBLICANS , Hegseth is DEFENDING THE COUNTRY ! 🙂",UCPdD3YpXTI2gROpI-LtEiNg,@TheVeritas2100,2025-12-07T21:15:33Z,0.17239169849110295
0d2109a4d55f764e463c05f33292229d,NEVp5tO6Xik,Wow. This is very important.,UCNsgKBFOWpfg6vjLKSDQSBw,@justinfleming5119,2025-12-08T01:37:29Z,0.17200168785931502
1cd90c30f217e906a3a0b366c857713e,dQWfdEyorm8,Dont forget the 28 blank pages either!,UC3Ox06P-3Eu_gchcdkZozvw,@JE-mj8yz,2025-12-07T23:34:03Z,0.17192684245778495
0ba8f5c9610474dc22236e1526ccfd7d,dQWfdEyorm8,Um why are you posting old news,UC1CpQG8tNecB3GZCMqfTzdQ,@sircaliber1,2025-12-08T00:57:08Z,0.17187450858377298
4e210bfa2966a3638f4b31205165d4ba,RwW4UYoX19s,"Oh so those Hilary Clinton and Sarah Hurwitz clips are the brave face of Israeli counter-propaganda.  They're doing good.  Real, real good.",UC5lNl-HL4cE-hLXOCv5R68A,@TaraDarlingTalks,2025-12-07T23:25:05Z,0.1717929325109737
bdcd7998a532dea28aa6c80a5322ac9d,rChcwSozre8,Should stop this now and put in laws to prevent this happening in the future.,UCqO3XN9UaWd0PTKJrfjjeLQ,@randallthomas8887,2025-12-08T02:40:33Z,0.1717725048072591
a17e0adef89aa669771779fe269fb1d9,DMrclXpeGN4,SKYNET IS HERE. 😭,UC3XEpDanrCsH_k3yxkq_hZg,@josephsonora3787,2025-12-08T05:07:13Z,0.17169484218295653
ca148ead250e1bfc8505ccccd901357e,KjYSHrFkGrU,She has a beauty but no wisdom,UCT3NgLNHGYXYA2mGQbaSw0Q,@petewong2372,2025-12-08T01:29:55Z,0.1716425735003656
a4e7d1e5ab3456a2f69ed65f77cc2a80,oylbyE5Zt0Q,"Trumps had 10 years to show us his plan. He has no plan, and never will.",UCPFyY0XoqxQx-n6RZMH5Ldw,@mikeb5664,2025-12-08T02:01:25Z,0.17136861482185087
cad268a55f528921465ba6ecc84afde3,e478dy0CKYE,What a disgrace,UC4jXdcPEC7bKjbwGAcogOYw,@eccentrificalchris2706,2025-12-08T01:34:35Z,0.17136750161646527
718435a60a0a9b11b75a38d0eec1b261,s2EXTCAFPKA,Not at all. Hegseth is doing the job the Democrats never did. He is defending the American people from narco terrorists and their drug boats. Actually he is doing a public service.,UCW0i0eUxHz32HfqVNeT0tbw,@michealnagy5763,2025-12-07T20:54:30Z,0.17111758348512818
9aa6f9cf9832c797764181f273acef4f,t15c3-pYSYo,"Someone needs to investigate americas role in the murders with the aid 
We donated over 60 million to this sham us nonprofit that was giving the aid that got these people killed. And there were videos of Americans in camo at the aid sites
Trump regime is way more involved in this than it seems.",UC6qKIfXvjRO9LaI2t2z6fmQ,@jenniferpalovich990,2025-12-08T02:24:50Z,0.17076998817704597
7c0a8834cf4127ff6e7a4ee1886927e2,5tvOpAe46IY,Trump and the Republicans run on lies and you have to pretty dense to not see if you were actually listening or in a cult.....,UCfO1HKtG2B7a7fZzfFUQPJQ,@danbuckles2745,2025-12-07T23:32:36Z,0.1699420238271423
9082ecdce4220087fcb3f26de69b48d1,KjYSHrFkGrU,She is very likable. Yes they cheated Côte D'Ivoire from the crown 👑 but we should give Fatima a fair chance to fulfill her role as Miss Universe.,UCWv9-5Sxyzmor863FnqkHCg,@ItsAndyAntonio,2025-12-08T01:08:38Z,0.1699049676129906
60cec73e7fa9d0e28f141d20956eefe8,oylbyE5Zt0Q,"Scott Jennings says Republicans don't want to Inflict Pain on Americans. 
Adolph Trump says Affordability is a Hoax.  Must be Nice that America actually Votes for these Freaks. Gopevilempire....",UCmIS4gBF0Dcv63NdgO1qvSw,@loorowoo22,2025-12-08T02:02:26Z,0.16987524818446922
441522de7a95836be16380793d7882b2,s2EXTCAFPKA,Give Pete the boot and lock him up.,UC5YZlvxNE9LSJVEfSEWXjag,@alphonsodesselle212,2025-12-08T02:16:07Z,0.16962027039600627
adebbf6312750126329d42d1306f4382,dQWfdEyorm8,Lmfao 😂,UCQiQ59Azd6oSCvMmogMLNLg,@markmaterio7130,2025-12-08T01:40:47Z,0.16940154031174887
ee6c5e9ed8aabcfbb19c4309d204836e,s2EXTCAFPKA,Lock the admiral up too. And Trump,UC5YZlvxNE9LSJVEfSEWXjag,@alphonsodesselle212,2025-12-08T02:16:21Z,0.1693338974020896
bbf48379834b83ed29efb96f9595145e,KjYSHrFkGrU,You are a bot.....,UC1tZT_N9LhgJyFFeMgtbCPg,@jorgegomez3691,2025-12-08T02:38:41Z,0.16865427614005737
ce4e953009cd453c049081bf231a2558,dQWfdEyorm8,"Thought she had resigned, but she's still on the floor?",UC43gTsclHCYyVS-oVciUBGA,@soundmatters1841,2025-12-08T00:24:59Z,0.16836445723312293
63a5975d78f7e5a61eefff349a179092,RwW4UYoX19s,ILLEGAL OCCUPATION...,UCIVBsTlBt5NSHiJzEPvmUkQ,@BaggyTrousers-d2n,2025-12-08T00:04:51Z,0.16829501808898084
e67395da37b88e8955ce799ce43bcde2,RwW4UYoX19s,The international media unlike the American media isn’t afraid to stand up to Israel and report their war crimes.,UCBt5vL_UxCJm-hlbbqYPE1w,@HappyBanjo-oc3pc,2025-12-07T23:23:38Z,0.16802931943316796
e360accfdf250e3b067732a5274968cf,dQWfdEyorm8,Like anyone would care 😂,UCpqdo1wym5wQpBtEEBNKTww,@hitomihonda7573,2025-12-07T22:26:08Z,0.16720134476363246
8b465cd062508253014982594670ba3f,dQWfdEyorm8,I got my kettle ready 🍵 ☕️ 🫖,UCA1wWjtwv-poY-JUHjAliyg,@rockstargirl213,2025-12-07T23:40:24Z,0.16679512007922775
69312ee19fac6b4879d627d0ad4318ef,RwW4UYoX19s,The last two years have exposed the Zionist enterprise as one of the top five most evil entities of the past 100years.,UCvpIHt9Bb1FG2Dvkk-hhxYw,@6Untitled9,2025-12-08T01:37:27Z,0.16665378078203447
73c9d756d75444f5c1784219914f9e6c,RwW4UYoX19s,Thank you,UCEbA8_JGLpxNfvs9O1wq7Wg,@fk73771,2025-12-07T22:23:16Z,0.16646418553788367
c759ee8370c0aefa94d0935175b0f913,dQWfdEyorm8,the left and the right wing belong to the same bird...,UCjkWddDQy63eClCXsMhiOhQ,@nuttyDesignAndFab,2025-12-08T01:55:22Z,0.16630001801313132
4a8e75bb7d79ce7cd631aac30dbff9bc,5tvOpAe46IY,That's just because your ego is making it hard.,UC4impjzjEdk3OpOR6Wwgs5Q,@brandonjohnson1257,2025-12-08T02:03:56Z,0.16629926816190888
6b2096c881de4fbf2d3646b9daae7ed2,s2EXTCAFPKA,"We do not walk up to suspected drug dealers and kill them. Even if they are tried and convicted, we do not.",UC0EcEYUNaCQDnNEAJy7rpNg,@kevinstreeter6943,2025-12-07T19:23:48Z,0.16601306233290003
2e327580badd8c6af4d2d02b7eb46229,e478dy0CKYE,Itll be all about trump you have to honor trump. I would never accept an award from trump.,UCpnt-lNJhewVspZJxHwb5mw,@ronaldclark5678,2025-12-08T01:32:09Z,0.16585562393950753
aa4ce3efa678155a1345283df0f6140f,RwW4UYoX19s,"Yes, there is no side in genocide. Israel committed genocide",UCjX91NiVpa7eK3XfTu1ER7w,@ruthgallagher9584,2025-12-08T00:17:01Z,0.1657523151533827
3e1ba28444b0759bbe8f3146f70613ef,KjYSHrFkGrU,Trump just won the McDonald's medal of honor and purple heart (he was cut by a mc rip wrapper but finished eating it anyway).,UCGg0TU4uCb8KpXIuhtTUk3w,@beobe99,2025-12-08T00:10:27Z,0.16563612193462787
b868251ed34cfab431a20e63fe4a49a1,dQWfdEyorm8,"My 2 cents . Epstiens tapes don't lie. Pedos Do.
If you truly want to make America great, then stop the lies. 
Release Epstien and Maxwells COMPLETE UNEDITED Club Ped files.",UClD0pO84GAaM9veZQwIoGtQ,@mikeabma5875,2025-12-07T22:28:44Z,0.1652508454952366
8dffb682705fa6589c1a3b1cc062ad04,t15c3-pYSYo,"​@JohnDebasa Samson Option 
Do keep up",UC7_Wbn8yS-lgIZoPvPB1R-w,@Guapaahi,2025-12-08T02:26:02Z,0.16505641124912424
262676ee4625d022efbaa6549cf49386,5tvOpAe46IY,Im never voting again,UChlc1gFnlpSzDepbMdLGjxg,@ilovemesumgravy2,2025-12-08T00:27:21Z,0.1650377781822789
dcb38c09f1ba6839acda0d2a67553234,5tvOpAe46IY,Economies are far more complicated than the actions of one president. It takes years even decades to see change. For instance Clinton encouraged everyone to get a masters degree in Clinton made it really easy to get student loans even though the average US reading level for a college freshman is the eighth grade. Consequently because of Clinton we have two generations of Americans will never pay off their student loans. These things take time you can't blame the economy on one president it is extremely simplistic to think so. The US economy is tied to the world economy.,UCa3v_-38viYaleBN0gAGJaw,@l.h.2543,2025-12-08T02:17:11Z,0.16502603419592765
1885bc70b874e099f92e797bd8465da0,5tvOpAe46IY,You are right Jake AI will wipe out our jobs,UC0q5jTePHflWCaj840bmxRg,@benabraham9995,2025-12-08T00:25:38Z,0.16478128348785587
33e57a18d561caefb38d4bc2c356f162,RwW4UYoX19s,As if you have any power 😂,UC9RM3D3ttctKRvnFJD6ETVw,@nightslasher96,2025-12-07T22:37:14Z,0.1645141224817449
226e1b85669525e947d5b8d41eaf7532,5tvOpAe46IY,Down?  In NORTH DAKOTA?,UC-SBRZ_2aOWkRObbVZ3ziZQ,@KC-andTheSunshineBand,2025-12-07T23:46:35Z,0.1642570675530721
3bd9df1a92f4010c787494abd9d645e4,6EtReGSuvdY,Funny,UCqHp3k1fQiqW0GSWM_x2nZw,@danielmackay8099,2025-12-08T02:59:52Z,0.16417760750255211
5ee57f6b3dc719504b440ef00824fbaa,RwW4UYoX19s,"Behold! The Lord God of Israel sent The Holy IDF to slay every living thing in Gaza, Man, Woman and Child. Donkey and Duck, Chicken, Goat and Goose.....and The God of The Jews said, ""This is Cool. This is Right. This is Good. It's okay for My Chosen Ones to do things like this...for it is written.....",UC4srS8EgJONrSxJWm7nU1GA,@gregorytremaine1164,2025-12-08T01:38:28Z,0.16404658353928042
f17d09f2f8e9b61594843d46db836179,dQWfdEyorm8,"Thumbs down for repeat… wasted 15 minutes of my time before realizing I already watched this video three weeks ago… If this continues, I’m off the channel regardless of how much I enjoy this show!",UCN2sSGCM-sb2cN-WykWJsXw,@UnpluggedWarrior,2025-12-07T21:41:10Z,0.1640144564515687
d79823facfa3e58a3421f31fde02a77e,dQWfdEyorm8,I like “gutting” better!!,UCwY-0FhKCH6ExhID3oZKl_A,@StarchFitOver50,2025-12-08T00:47:21Z,0.16382939587951253
09a57f17d297e8816791e989dae5be90,e478dy0CKYE,"Trump is turning a classy event into a showcase for…you guessed it, HIMSELF! If anyone- except MAGAts- watches it it’ll be out of morbid curiosity, not out of respect for Trump.  Trump is just odious.",UCdAZg_FjTdpifCN__VvByUA,@joanholg15,2025-12-08T01:43:10Z,0.16358256585445066
2835539e40af682277a7cb42d8b868e5,KjYSHrFkGrU,She stole the crown from cote dvoire,UCHIoPHOGMDn7pYPBT1bqFgw,@hkdluis,2025-12-08T01:17:27Z,0.16304540262828784
7648772e78f557d7646829a226dbed31,oylbyE5Zt0Q,CNN really fire Scott Jennings? Stupid move.,UCH-ZR74I4eHOjXY2_59Dc-Q,@amandafisher1780,2025-12-08T02:41:13Z,0.16297781746925827
59b78b469173922b7ecd1ee84b153107,t15c3-pYSYo,"Cenk and Ana was right, the madness of Hamas war is not going to stop anytime soon, unless we finally find a new government.",UCNwMakn3g3k52j-gqDwKW5A,@RonaldPhan-r3z,2025-12-07T23:04:38Z,0.1629482607667343
dd7a34af76a080a0b20e11d10d95e8a2,KjYSHrFkGrU,Not as obsolete as WWE or UFC,UCBMoHIaWI0RoVbF-AYzZzVw,@Docrine682,2025-12-08T02:28:40Z,0.16277011410223488
bf0fdfe4b1a2075ceeb5abdf0e60425d,5tvOpAe46IY,If your data is unlimited wouldn't your unused data also be unlimited?,UCRUY18kNkxnOFHhqArovmRQ,@jamesclark26,2025-12-07T21:45:14Z,0.16256716049009462
a75e3636a969319f4eb6270d5aa018cb,5tvOpAe46IY,JOE BIDEN GOT THIS ECONOMY WHERE IT IS NOW! WE WILL SEE NEXT YEAR,UCsXYf896-M5Tm-7Mc6kOB4w,@TonyFox-l5g,2025-12-07T21:02:59Z,0.16246156503228784
c7301c283de91db72eb4b0007186d269,t15c3-pYSYo,Demons. Monsters. Deplorables,UCMNwU6tX2YD5J2JZDGytQVQ,@AgzStonez,2025-12-08T02:19:40Z,0.16235297819151215
ca4f0a4cf6c701493119fd924400d382,e478dy0CKYE,I wonder how many canceled after they found out the felon was MC...  Should be lots of BOOO's!,UCNUgCGUuHIB4aTR4-Pq3jrw,@twill2222,2025-12-08T01:57:16Z,0.16211356752227485
54d878cd10c35dc2276e7808f94f6317,OJA6cZEjA-I,That repression against the immigrants is lawless,UCnBgsDPs_wdpDxKM9Lfxobg,@EduardoOliveirai,2025-12-08T02:50:30Z,0.16205616992566885
b99709e0e74e13a7cdd8891c008b1781,rChcwSozre8,resorting to silly emojis and 'cry harder' because y'all unable to follow and substantively rebut a point is like in Idiocracy the guy trying to explain that though electrolytes may be good for people that doesn't necessarily mean they're good to spray on plants and they're were all like 'but electrolytes good tho',UCRYxNM5m2kokPgPUXRlz1bQ,@user-Jamie218,2025-12-08T02:35:17Z,0.16204581765566312
b650bdf6646909b97149e8c5a88ad8c6,5tvOpAe46IY,You are on drugs if you think Biden had us in a great economic position 😂 just stop lying,UCq6v8olXMiPaMBj6lzJ8P_Q,@JessicaRobinson-w8v,2025-12-07T23:04:35Z,0.16203975484398042
d1faa9c52a034073923091f858d6ab70,t15c3-pYSYo,"@JohnDebasa Jonathan Pollard, ardent Zionists,  convicted spy for Israel, interprets it as a threat",UCh7aDUkZkUTvfA9PNQjvABg,@Jay-n7q7v,2025-12-08T02:32:11Z,0.16199196139711344
dbdc4f4cd5968cdbdd47c01264489cf9,iFewnvLzzUE,Net😢does not stand Trump,UCz8wJJjw_RGcy2QHzmEWKRA,@holten75,2025-12-08T03:51:35Z,0.16131384511605135
932b370f8f56261956d1a1e8105f699b,s2EXTCAFPKA,bad!,UC_LHnJzhAW1q7E_z3AQthVQ,@michaelmcgee8543,2025-12-08T00:49:01Z,0.16065611713078348
f1dce96b358ddcc6fe578908a51bc21c,dQWfdEyorm8,Your president will not give the epstein list. To much people in it. Just watch. I hate to say it.,UCOvfZN1gefGAc76WuE2bTRg,@waiik76,2025-12-07T23:16:28Z,0.16065260369350318
5cc320ce5dad518be382d9930df3d2c4,KjYSHrFkGrU,it's unwatchable if a fossil fuel owner is involved,UC2kHnkuWIO2hHJlBcH0qr6A,@robertjohnmarcella263,2025-12-08T01:02:46Z,0.16045752261091903
64419cd8b117fda847d2455b7a17060f,5tvOpAe46IY,The fact that right-wing media is starting to turn him says alot. Now weather he actually does something to fix it completely different. But i don't think he will. Because as cenk said trump has everything he wanted,UCWq18F_yYbeXM-m8vHwA9TA,@CissieForrest,2025-12-07T23:14:11Z,0.16023128298766423
932b74bfff56fdb2b37c30b1c9a07f58,dQWfdEyorm8,"I want the dirty politician files
That's bigger !!!",UC0xaDaPhILeT44zLmhzm6-g,@shonevans2563,2025-12-07T23:58:04Z,0.16017801236372506
9159c8aad46476993f6a31cff5667fc8,5tvOpAe46IY,"The tarriffs hit, and so did the massive DOJ cuts. The 2nd round of cuts happen later.",UCKzFJRT8-womHSjgS2wJFog,@blonderepub9303,2025-12-07T22:33:44Z,0.1601024366960571
dc03ffde2feff4cc99daaf96f8bc8db9,RwW4UYoX19s,Why didn't they apologise for the 49 beheaded babies nor any news,UCSZ-CeP52d0IApK50bqro1w,@bablumiah2062,2025-12-07T22:58:34Z,0.15985695496597271
a0186d8bba789664d0735a298712a775,dQWfdEyorm8,"In addition to survivors, there are those that did not survive. We need to know all the truth.",UCxSeMMEKQz-rNxOCH4FqVZQ,@evedearborne-suitonu45,2025-12-07T21:22:58Z,0.15937645828264752
5db20001a5eaa6f96a085f782b048f35,dQWfdEyorm8,"please stop calling them victims and survivors,. its misinformation",UC7_30YJUNReTRr2a9l3lvOg,@dPraetorian,2025-12-08T00:44:20Z,0.15930496600645505
6c9d8c870af59dff9efcd114a1baf399,dQWfdEyorm8,"​@spidalack
More like final draft of erased names that are important",UC0xaDaPhILeT44zLmhzm6-g,@shonevans2563,2025-12-08T00:02:42Z,0.15896798214129854
c5e8d3debdfc2bf678092bece1bce50b,s2EXTCAFPKA,"​@TONSBERG100  thanks for your reply. You're RIGHT. That's why these boats ALL have focused shots of the drug packages. (NOT). That's why NO drugs have ever been found on any of these boats. That's why the survivors of a later bombing were sent back to their countries without a trial.  If these were American Drug runners bombed off the coast of the US by Venezuela, you'd be demanding retaliation against Venezuela. Rules of evidence in a court of law. Stop being a racist. It went out of style 50 years ago.",UCoSduiKXm8Jn_-e0xgyNazA,@EricDickerson-l1v,2025-12-07T23:18:58Z,0.15886908773407868
5525d82df77311967b4f589c93fadb79,s2EXTCAFPKA,LOL!,UCPdD3YpXTI2gROpI-LtEiNg,@TheVeritas2100,2025-12-07T21:15:45Z,0.15869084373511644
707268078e1a7beb9fecaf40a3c4e117,t15c3-pYSYo,Somebody should hunt these criminals down like the Jews hunted down the Nazis after World War Two. Dox them all.,UCkFUHZZrPJVVHFsUBe29jnQ,@jaykline8550,2025-12-08T02:44:20Z,0.15868455609702367
96f05fd6eab812ead53cdc0c6be2cddc,s2EXTCAFPKA,"In Trump admin, military protect the homeland from immigrants, tourist, and not white natural brown USA peoples.",UCVthX266sfFrNSBqfDpvE_g,@yudhistiramahendradani5902,2025-12-07T19:39:48Z,0.15827993488570033
fba09e2190d2205ef91cc146a91ee11c,s2EXTCAFPKA,"​@EricDickerson-l1vNo sir if white Americans were running drugs to Venezuela. And the Venezuela Navy killed them like the scum that they are , we would give them medals.",UCgrGMISPHrI90gJWCoDV7NQ,@TONSBERG100,2025-12-08T00:51:18Z,0.1582596894854375
260cf5b055d38bf98a3ee0eda540dc2d,5tvOpAe46IY,Holy crap,UCYHsKwU7oy4KxmOM06pNTPw,@95turbogirl1980,2025-12-07T22:57:49Z,0.15824309922580895
024a81b8db77faaec70c306d988287a6,s2EXTCAFPKA,How many weeks of this headlines....How about waiting until you have real news not your wishlist and prayers.,UCY06VNX2hKRDv5YM7yb6tKg,@vegasman53,2025-12-08T01:05:29Z,0.1581500576369124
135bfb7460cb4a669987da8d6584220c,OJA6cZEjA-I,"We are taking a Snow White poll. Which is Trump more like, Sleepy or Dopey ?",UC-lZMtkNtxQlKHFm4Q9maVw,@Winniethepooh-c5d,2025-12-08T03:04:42Z,0.15789459865659408
4d24db7a6363073b37cdbb6474719c59,KjYSHrFkGrU,Judges had a different opinion. Were you there the whole month that the competition lasts?,UC16XEA0194vmBskJ2Yju1XQ,@User-q9m1m,2025-12-08T01:39:21Z,0.1575449026798163
3a2e2b1333d5a1e09ef5caa4397ec887,KjYSHrFkGrU,​@User-q9m1mYeah if facts aren't important. Don't actually do any research might crush those grand delusions.😂😂,UCxjI4tRiaoDHPkI6oopb6OA,@SpontaneousOracle,2025-12-08T01:35:58Z,0.15700385554935717
89550fa19017549e0079507068a452b9,dQWfdEyorm8,Liberation day.,UCf6S-TFB28ugpp49GnPqTSA,@HostileRespite,2025-12-08T00:48:54Z,0.15672320076410984
60bb865fedfbcb054d597706a3151344,5tvOpAe46IY,"Dude , jessies eyes?",UCHf7sF1IdPXQP5ameiAHSYg,@MaryVictorine-s8k,2025-12-08T00:59:14Z,0.15668557648166256
b3658d6b11dbadecc93e6b6bafcc03e4,dQWfdEyorm8,"You have to credit one thing to Trump, The Swamp certainly stands a chance of being drained.
If a total release happens, everyone will be able to see who the monsters are.
But why wouldn't anyone want these monsters revealed?
Could it be that either they are the monsters, their friends are the monsters, their supporters are the monsters, or all of the above are monsters?",UCnh6-2qSe9-qLkb2vz4zMZw,@johnmorris3972,2025-12-08T02:14:24Z,0.15655295284367632
d2d7c68711a4d2747cfc1439fc267efe,oylbyE5Zt0Q,The new catch has arrived.... crack crab.,UC22oHzXyXUuI7Dwf4swr5Iw,@davemitchell6281,2025-12-08T01:40:44Z,0.1560834114540649
e7a69f2c8d4cbae1081ff955427843d1,dQWfdEyorm8,Cenk is wrong. I’m a Trump supporter and I am still very amused!!,UCwY-0FhKCH6ExhID3oZKl_A,@StarchFitOver50,2025-12-08T00:45:49Z,0.1559059856714131
c47cb3386c81b1569b3df51b03150066,RwW4UYoX19s,Every american should have as their tax money go to israel.,UCEXTBV5eQbreTuUztY8p3BQ,@kalsangdhorchilama9717,2025-12-08T02:02:41Z,0.15582080000071002
6804380c156c9977809ae700675e2a31,e478dy0CKYE,@davemitchell6281neither to both.,UCrUDzi758oDX9MocYKoFErA,@dare_challenge_a_god1536,2025-12-08T01:33:10Z,0.15573879616911918
57e0c63fbae87496cc88c03513db2be0,s2EXTCAFPKA,Pete's days are indeed numbered. It is called a prison sentence and it will be finding him soon. Merry Christmas.,UCQKrsDKMRivHX3hTJmcVt5Q,@Valthalin,2025-12-07T22:00:54Z,0.15563394486539772
845a4ee7e7aa7c7c97ea3cdf94b11410,dQWfdEyorm8,1:10 We can and we should!,UC-MIEU5_qwAd_ryyuG6exUw,@tanyadavis3285,2025-12-08T01:08:30Z,0.15543144105235807
1fe0aeb1d6924d900c0ccaf6eb648cf7,dQWfdEyorm8,"To watch trump treat someone like this, calling someone piggy, is so embarrassing. Isn’t there a person on this plane that would stand up for common decency? He should be zip tied and the plane should be landed and he should be arrested. Where’s ice when you need it.",UCeZjmDWed9tecoJRTU7BQtg,@Dpw38,2025-12-08T02:26:15Z,0.15535219861558705
38666a65babc70de03bc87de1194c098,KjYSHrFkGrU,"Such a beautiful and smart girl ♥️ 
God bless you Miss Universe 2025 🙌",UCzn9FL-NRpWKBDbgZTvWUDg,@AnViPS,2025-12-07T23:39:58Z,0.1552520059010335
2a76e28bc1889b311572e44b33b980c3,dQWfdEyorm8,Its crazy how people still believe left and right . You think theyre not playing on the same team? This has been going on since the founding . The citizens are the fools for thinking left and right 😂,UCnnEEUSiNSfl2zE8qE7B8Mg,@ConManStateStreet,2025-12-08T01:06:04Z,0.15451891426834477
f55f2eced3214ecc5b1a2841cad49de3,dQWfdEyorm8,Trump saw his grotesque image  reflected back to him on the cover of Time magazine neck vagina and all,UCufRVzyO3wulekv7boP1PXw,@goremonio,2025-12-07T21:50:06Z,0.15436252024485203
c35b9cb0bd366f69e9d709f5095d323a,5tvOpAe46IY,"Not a Orange Man fan but prices here locally where I live are down,  gas prices are down from where they were last November,  the prices in local grocery stores have come down from a year ago. 
Orange Man could just do what democrats did for the last 3 years of Biden's term and just say ""the economy is terrific"".
Well,  I guess he's already doing that. 
Here's a novel idea,  boycott the democrat and republican parties!",UCmWWG5g02ZwFgBlF220K-8w,@patrickgrissom4654,2025-12-07T23:30:12Z,0.1543531381507278
48ac4c34495ea2f1e87acc4f8d2bfb65,RwW4UYoX19s,SO Global Press HAS NOT Arrived—AND Israel HAS NOT ACTUALLY Lost Control of Story,UCXvdhkr7XXicWvZS0_fzjLQ,@atomicwarehouse,2025-12-08T00:37:54Z,0.15431968895823678
6cc61e83a4cc1ada9e41072b836b70e1,dQWfdEyorm8,Commentary that's too argumentative,UCzFXARw_99oeLEvKL-DTbeg,@leslie2577,2025-12-07T22:32:22Z,0.15403185515731946
a3174f1e77707acf5e262bd286c61612,KjYSHrFkGrU,Hermosa bella miss universo ❤,UCCK6ddWtK3UMxmBo8gRrHGg,@JesusPerez-i2l5g,2025-12-08T00:50:54Z,0.15378661048090195
47c12f8ae9a163656e5b34f6764f13d9,5tvOpAe46IY,"Everything has gone up in a majority of swing states like food, electronics, cost of living in general, etc. Trump's stupid trade war has been Jacking up prices",UCU5Cl3FMj5f0rtXyrFIuLvg,@jacobgarcia4188,2025-12-08T01:08:52Z,0.15369663060433192
15b89607111ef0ee36f294ae3e81980f,t15c3-pYSYo,The entire situation is a crime,UC6qKIfXvjRO9LaI2t2z6fmQ,@jenniferpalovich990,2025-12-08T02:22:09Z,0.15363726462581162
61160fff17bf61639832170aa525a540,NEVp5tO6Xik,Real republicans want bubba blower out of office too 😂,UC1c_p8FGpIyYRWDYtuMj1cg,@ivanfernandez4739,2025-12-08T01:15:36Z,0.1533905828705478
1a34858cc17cf59d3a23f09e3b7fcb7f,KjYSHrFkGrU,"the world is proud of you, fátima bosch 🇲🇽",UCcxUqH2xvPgnOS7gRtkDp7g,@mylilpearl,2025-12-07T23:11:03Z,0.15304716105663893
5e5ad300dfae46987e381fb072544096,s2EXTCAFPKA,"You are a foreigner or a bot. Any facebook boomer knows it's ""demoncrat,"" not whatever you typed out at the end.",UCt6oEfXjqbJt0_lNILXbmCw,@x2z964,2025-12-07T21:39:58Z,0.15256017729344906
80101b12133d9df13dc75f4ab08e83c0,RwW4UYoX19s,Oh you are more than correct.,UCuCJndgQbQz1TMOyE6Qqf3w,@RobertJoyce-n1g,2025-12-08T01:54:56Z,0.15252013334199854
876e49113a2bd2e875c58796586f609b,KjYSHrFkGrU,Videos of ice being  deported from  restaurant and FAST food restaurant. Signs showing them  AT the doors. We have the Right to Refuse Service. 😅. Have a nice day.,UC2NE3OJ9s2Rnd-LVmibOjmw,@IdkIdk-e3z6g,2025-12-07T22:40:07Z,0.15245215958499875
653439a507651418b7a7a78169b58c70,s2EXTCAFPKA,"Was Trump ever competent? Woe be to all if Trump ever becomes competent, but the irony in not lost on me.",UCsmVcC7GLoILeoQcf6KHsAw,@spencerbookman2523,2025-12-07T20:01:38Z,0.1524449340913942
5df4edf69185f8f6a3efdea0df0e6bf6,5tvOpAe46IY,"That's an interesting theory. And quite possibly true for government. But AI is going to infect EVERY economic sector. It WILL create huge unemployment numbers. What then? People will have to work for even LESS money than then do now, and so will buy less things from the very corporations that are looking to AI to decrease costs. But the cost of doing business is meaningless if there are no consumers!

AI is going to backfire, but I don't see that genie going back into its bottle. Bad times are coming, and this time, not just for us, but for the greedy corporations, too.

Maybe AI won't become self-aware and build robots and flying machines, but its destruction of our society will be just as effective.",UCFAxY7BM6FHVpjXUnAYqlng,@MarkTubeG,2025-12-08T01:45:58Z,0.1523081217308766
97dc2295fd9881eed7c37a7f09a3b7bc,nMK8wBACIMk,Charlie Kirk proved that hate speech isn't Free speech. we need laws against conservatives NOW,UC4jGtCVMc2KWvIySIX-OCFQ,@rickmcdonald2233,2025-12-08T02:54:21Z,0.1520683601520253
f67a6e92de14014631e12ab7fb97368d,dQWfdEyorm8,"Your entire mojo is about both sidesing  EVERY SINGLE THING, which is a great way to suppress the vote, always enhances the right.  Never any nuances, always,”THEY’RE ALL AS BAD AS EACH OTHER!!” Not even close.  You’re as bad as FOX .  All propaganda, no real insights. Do you ever feature Jamie Raskin or Elizabeth Warren? You spend more time cherry picking the left than looking at the horrific stuff going on with the GOP. I’ll stick with Meidas Touch and BTC. You’re just raving lunatics, and Ana is more concerned with her eye makeup than any relative insights. SMDH.",UC7qMy7A4KDO7J_Rwd1X_HFA,@harmonyaquarian9210,2025-12-08T00:54:04Z,0.15197983448831334
7c3af923641f6393f99489a98a220ec2,t15c3-pYSYo,"Right, Hamas has created and they maintain all of this. It's terrible.",UC_2G-uSo2ZpRHMgXlRzAxIA,@Based_Clear_Vision,2025-12-07T23:12:36Z,0.15175726154221517
6be9d0497ebcf9393088d2ea4e73aaf4,6EtReGSuvdY,our founding fathers wrote the Constitution to protect we the people versus the far right and we need to reenact it,UC4jGtCVMc2KWvIySIX-OCFQ,@rickmcdonald2233,2025-12-08T02:53:04Z,0.15156537726794234
01400a088a0f3702e505c32ce6f57511,5tvOpAe46IY,​@tompriceusmcu have to look at multiple economic indicators to determine how the economy is doing..that's just one but it's a mixed bag...u seriously support a newscaster as head of DOJ..kinda embarrassing 😅,UCHysRgyO43ychqq6giAi0wQ,@Xander1550,2025-12-07T22:23:20Z,0.1511018245578211
88a9a6935cfd728f50c0e2a10b34a7b7,s2EXTCAFPKA,Present.,UCpo4U3d2ZozYI1bk5QaM_xg,@WhatsGoingOn83,2025-12-07T20:04:22Z,0.15106828115677848
e703cfcb0abf61ff056b1680af28450b,dQWfdEyorm8,They blocked trumps name all over it. So it's not like they are being transparent,UCLHKOmbCoUmFCLFHfIG595Q,@mr.v4vendetta,2025-12-07T21:00:40Z,0.15105862282983729
52bf7f343d0dea20ac5bca50ad9e30e1,s2EXTCAFPKA,"He is a murder, you idiot.",UCVm_Kb_tputOlAWgXXrPgmQ,@DavidWilliams-xl7wp,2025-12-07T21:10:23Z,0.150914369914733
4b683869b1674aa86ddd3b51dafcdf7e,s2EXTCAFPKA,"Kegsbreath told Don that 2 survivors flipped him off,  one with a double bird",UCsrvHrmBOk-x-vxDS7O5O2A,@FrankJoseph-z7w,2025-12-07T19:40:45Z,0.1507434384571553
38055faba83fe621b75374efd4b4dd30,s2EXTCAFPKA,100% - and the Lefty Media m*r*ns are WHINING ... that means Hegseth is DOING great JOB ! 🙂,UCPdD3YpXTI2gROpI-LtEiNg,@TheVeritas2100,2025-12-07T21:14:07Z,0.150564899299742
5929b3da83e92258d7a560a58e03ee4a,s2EXTCAFPKA,100% - and the Lefty Media m*r*ns are WHINING ... that means Hegseth is DOING great JOB ! 🙂,UCPdD3YpXTI2gROpI-LtEiNg,@TheVeritas2100,2025-12-07T21:13:37Z,0.150564899299742
4ed3e6d964188361e8b6ea6592d90b1f,KjYSHrFkGrU,"Tapper is right about social media being almost all fake bot and troll accounts, why would anyone outside of misogynistic jerks hate this woman!?",UCZumFUORjtBtMCAhmzBfdfg,@charlespatrick8650,2025-12-07T23:34:48Z,0.150369510951394
f1196c9d5e91ac273f5921f83376fb07,t15c3-pYSYo,​@DrewDown3030 Jesus of Nazareth  was Palestinian,UC7_Wbn8yS-lgIZoPvPB1R-w,@Guapaahi,2025-12-08T02:29:35Z,0.15023476579003242
90c12d933a1f873c473cc5a8eeb68498,KjYSHrFkGrU,@vinamarcial9135  Philippines stage performance was not better than Olivia's own. 🇨🇮  Olivia had the best modeling techniques and both of her answers were much better than all of the Top 5. Venezuela 🇻🇪 actually did much better than Philippines as well. Top two should've been Venezuela 🇻🇪  and Côte d’Ivoire 🇨🇮 if you don't agree you're just a hater.,UCWv9-5Sxyzmor863FnqkHCg,@ItsAndyAntonio,2025-12-08T01:18:57Z,0.15011702090110687
110804e0642af2b22fd5d7856cd62010,5tvOpAe46IY,"2026 will be a terrible year. Everyone will be bankrupt within the next two years! If you think mental health is bad now, just wait!",UCYimwMx8oFM5yGNDHzikeGQ,@DonQUIETPiggy,2025-12-07T22:35:36Z,0.15011102915469732
d4cb5cf90f449259a13d2cde84f82e5e,NEVp5tO6Xik,DAMN! WAS HOPING IT DID.,UC-UsibT_Vgh3K1lmDwUCjsQ,@blkqueen6201,2025-12-08T00:46:47Z,0.15006126960953245
c1bc43327bb2092c0b4ce4101121237a,oylbyE5Zt0Q,"Where is the ""I voted for this"" MAGAts in the comments?",UC5_P8Lcig0WIoLL6Gw_8P-g,@badluck5647,2025-12-08T02:17:39Z,0.14964826453769592
2607015e15297d21200ea4b3aadec214,KjYSHrFkGrU,"She gave one of the POOREST performance, and yet she won?",UCer7CduACfu4n4l7b787-Jg,@edwinlucero4670,2025-12-07T23:38:53Z,0.149541751341119
23531abf3091439ce70c1c8e58b429fe,dQWfdEyorm8,"No matter who you vote for ,you always get Epstein.. he trumped John macane",UCnKdom6Ws5ueMjQmZuzCFzg,@Lisa-i1t8h,2025-12-07T23:32:00Z,0.14949452315732908
f494853908f9aaf1d1cbc7b564de4b23,KjYSHrFkGrU,"Soy de Tabasco, estudié con ella en Cumbres. Confirmo que lo que dices es verdad",UCBMoHIaWI0RoVbF-AYzZzVw,@Docrine682,2025-12-08T02:27:44Z,0.1490238791520457
aca2b223903514ba5d53824612fbda80,RwW4UYoX19s,No one can stop the juice company. They don't care what anyone says either. They kill with zero repercussions,UCuEarjFsmNel1rdIJKEayZw,@johnsherman8649,2025-12-07T22:10:35Z,0.14894551089285626
72fdba875e432f17c21390140ff9f719,dQWfdEyorm8,"💯 Anna, you and Cenk tell us, and i have verified, that 90% of Congress along with DUMP are pro-Israel PAC recipients putting Israel first. Our Government was created by the government for the government and their sole protections

.  That being said, REFORM must overhaul the entire system removing the centrist Dems, and all rethuglickkkans, never to serve again, enlisting non donor type politicians and putting limits, rules, and laws, regarding these types of donation donors running the country.  We have a lot of work to do.",UCq4c5VbHBVc790b9uDAdjCw,@47650,2025-12-07T21:24:19Z,0.14888709459381624
e5f7622ad176cf0148dc73608b2844dc,5tvOpAe46IY,"""- ( Christmas Shoppers are up 10% LOL! )""

Wrong.
Christmas sales are up---not Christmas shoppers.
There's less people shopping--- but sales are up because prices are higher. So those FEWER shoppers are spending MORE money.
If ten people buy a hamburger at 3 dollars each, that's going to be more profitable than twenty people buying a hamburger at 1 dollar each. But it doesn't mean ""shoppers are up"". It merely means PROFITS are up.",UCcqMN88WoC4fuWikdogk6YQ,@tompriceusmc,2025-12-07T21:55:52Z,0.14864121405820607
44d3185a5bf97363f1518a99279c4475,KjYSHrFkGrU,Cucaracha!,UC76ivIKyHZPNtnN1SefKXGQ,@nelsonzito8579,2025-12-08T01:00:28Z,0.148527358373765
9f3514989517b1d3a7e256a17d230391,s2EXTCAFPKA,Maybe they don't like murder on the high seas. What if officials decided to bomb your fishing boat because someone told them you were smuggling drugs?  There has been NO evidence these were drug runners other than rumours.,UCoSduiKXm8Jn_-e0xgyNazA,@EricDickerson-l1v,2025-12-07T20:00:32Z,0.14851220141747595
7d413f152519d0b53c880e2387b29488,rChcwSozre8,Right wingers will always lean towards a 1930s Germany society. this is why we need to enact laws against them and prevent their expression,UC4jGtCVMc2KWvIySIX-OCFQ,@rickmcdonald2233,2025-12-08T01:59:37Z,0.14843795567713206
77b7d4464201313fc488b244a9591507,t15c3-pYSYo,"Such disrespect for the bodies,, is truly disgusting.",UCdwtsC7Cwzo9v6j90KcXP3A,@Grannathinks,2025-12-07T23:55:04Z,0.14820187880380795
6f09e367a7f18b10d2b5794fb34d591e,5tvOpAe46IY,A complete brain-dead moron who accidentally made a true statement.,UC0lkAl6k7SZFD1R9G7omVBg,@kaleidoset2569,2025-12-07T21:13:35Z,0.14812970025852723
3bbe79a3464b19544ed4d9788f3776be,s2EXTCAFPKA,Cenk I can't  believe  it took this because  there have been  Republicans in certain  Red states  where  they push legislation to lower the age of of marriage  to kids. And Republicans want to lower  the age of consent  for  children.,UCU0j2LdP_eR_QMppqh4oNVg,@RicanNY7,2025-12-07T22:34:20Z,0.14786564921299372
0dd58eb5e0af9107f16cf46a093ffbd9,OJA6cZEjA-I,I don't have faith in the borders are or ice they've shown nothing but contempt to the American public,UCHqhGAmU43xun6yBQsQzb9w,@scott7513,2025-12-08T03:07:29Z,0.14774050367287625
95813c46f487939d78f820be1721bd89,e478dy0CKYE,Add the Kennedy Center to the list of things that will need to be De-Trumpified after they’re out…,UCHe6Mzr1N7kJGCucYUKzUqw,@xiaoka,2025-12-08T02:31:50Z,0.14759876689240298
173f3e206635497232e8f0120f0757f1,s2EXTCAFPKA,"They will have to pass Congress, and Congress will be much more careful next time.  They recognize their huge errors.",UCcjjRAHrTCpWkBGSdZjsF0Q,@eileensaker6828,2025-12-07T22:46:32Z,0.1471993040190089
91dc247a958b04318f8ca86c2a3fff67,DMrclXpeGN4,"So RoboCop is real now? Great, just great🙄 we can't fix climate change, pollution, starvation, cancer, Alzheimer's or wealth inequality, but we can build robots to kick our asses. Smart, real smart.",UCnUNvG1VUFYOTy8amtoyZJw,@BabyRuth-u4e,2025-12-08T04:24:04Z,0.14716669072696614
0db18f141f370bf08f9161d1143808e1,s2EXTCAFPKA,"Now the question is who will go first, Pete or Kash?",UCP2cy2RnS8XJn0KhSfuc3Nw,@Waliant8349,2025-12-07T20:59:06Z,0.14704400990998817
556fb9d33f5e18db60b3e224b06c9895,KjYSHrFkGrU,"We lub u mucho mucho long time Fátima ❤ regardless of stuff, enjoy your well-deserved crown 👑",UCtg6SqeVrnDOnv76xLNS1Qw,@RodAyla-s5d,2025-12-08T02:04:33Z,0.14703438158302654
71d1e9a48390fc930f1bfd4459761c08,s2EXTCAFPKA,Morons,UCrSpdOiDRkaSljngY0PQR5Q,@thenazgul9966,2025-12-08T01:33:09Z,0.14677998873886167
92d8e625dac92213ceaaa70dbe244701,e478dy0CKYE,@jayluck8047  PEARL HARBOR. You knew what was meant smart a$$,UCaUltBFwedl5bkFNmkaX0Cg,@nowwhat9114,2025-12-08T02:12:28Z,0.1464116790390221
ca4676ac9fc416fd625cdb378a54a4b2,e478dy0CKYE,Two piles of poo,UCLWGzTKv1nnSlpE_249_FrQ,@stephengiunta1564,2025-12-08T01:44:50Z,0.1463757128241282
d650ccbb762601bdb22d689d4269c777,5tvOpAe46IY,"Back in the '70s, inflation was 13%  but even then, i could live on minimum wage. Not well, but pay rent and drive my pinto",UCa3v_-38viYaleBN0gAGJaw,@l.h.2543,2025-12-08T02:12:23Z,0.146317295675129
d71b59b060d8c3de350df5347564a55a,KjYSHrFkGrU,Did Trump grab her by the 🐈 before she won????😂😂😂😂🤡,UCzUnh6OrW9qYYTABnkYNgjg,@jeepguy4499,2025-12-08T00:05:28Z,0.14627867958297594
6a95e47cd6ab854d8fd003d45bd76cbd,KjYSHrFkGrU,"She won because of it, didn’t she? A bit unfair to the others but oh well. It’s a dumb archaic competition and good revenge.",UClRknWKXgt4pSqxfXuavkOA,@bm.6349,2025-12-07T22:52:23Z,0.14613852413318548
3d7ce4792adf37444839d79603ac65ed,s2EXTCAFPKA,"Fire him? What about the Hague instead? There is no war, it is murder!",UCPTeLfIEAn5c4zPv013iiLA,@sarahberlot777,2025-12-07T20:43:56Z,0.14597879342052097
f4fd94436fe078a8ca242b41a87474fe,5tvOpAe46IY,"As Canadian I enjoy this. Trump said tariffs wouldn’t raise prices and here we are. But knowing him, he would never admit that.",UCWPSDbisaAammiMXiTusU-w,@MbonezaMboneza,2025-12-08T02:01:35Z,0.14594724261252678
8dd9f6eacc32affd0b60b173e85251ef,KjYSHrFkGrU,Gorgeous 🥰,UCq0zcZz8Up2Uig-N_LfDkJQ,@newbestofthis4422,2025-12-07T23:12:05Z,0.1458208961572126
d41ac163dc79fcc512dc12b57aa8e053,dQWfdEyorm8,you didn't read the news at all...she announced it...announced...she gave a date...sigh,UCn12oVMRBIHpdm1lnmmJ8HA,@tonypalmentera7752,2025-12-08T00:28:20Z,0.14575587231088896
f558b0fe32d2c8b62348fb59fe66ce6e,KjYSHrFkGrU,"The reason why there are haters is that there are no receipts that prove that she gave the best performance.  Most of them feel that the situation has reached obscene levels. Let's take, for example, the answers of the top 5 finalists to the final question. Mexico was not the one that gave the best answer. The 5 finalists of the Miss Universe 2025 pageant were asked the same final question during the final Q&A round. Question asked: “If you win the title of Miss Universe tonight, how would you use this platform to empower young girls?” A) Miss Thailand: Delivered general advice to young girls but did not specify how she would use the Miss Universe platform. The statement about “a better world” sounded rehearsed, and her closing line shifted focus toward herself rather than the empowerment of girls. B) Miss Philippines: Directly addressed the question by citing her current involvement with an organization that provides opportunities to young people from low-income backgrounds. She clearly connected her ongoing advocacy to how she would expand it through the Miss Universe platform. C) Miss Venezuela: Spoke about her personal journey of becoming the person she wanted to be. While inspirational, she did not provide examples of helping other girls or explain how she would use the platform to empower them. D) Miss Mexico: Encouraged girls to believe in themselves and use their voices. This remained generic advice and did not answer the specific question about leveraging the Miss Universe platform. E) Miss Côte d’Ivoire: Focused on being a role model and face of representation. While aspirational, her answer was centered on herself rather than on concrete actions she would take using the platform to empower girls. Miss Philippines' answer was strong across all three criteria of Directness, Specificity, and focus, showing clear alignment with the question. Only Miss Philippines explicitly tied her answer to the Miss Universe platform. The other contestants gave broad encouragement rather than actionable strategies. Other answers shifted toward personal identity or self-image rather than the empowerment of girls.",UCBHNRT2EdwzANBQPsSn97iA,@vinamarcial9135,2025-12-08T02:00:44Z,0.14538172983347866
9ddeabe944cc1529ecae88302474652d,s2EXTCAFPKA,Im sick of this. Too many people see too many things happening here. Yes.yes  No. No,UCwENr2gU3dRpnGWQ31WtFgQ,@JudithMcdonald-o9d,2025-12-08T00:29:37Z,0.14528373394453767
51e224e5ea965880fa596b1cace3af2d,RwW4UYoX19s,"ALL THE JOURNO'S WILL B BRIBED BLACKMAILED OR THREATENED- JUST LIKE THE WESTS POLITICIANS!
👹🇮🇱🇺🇸👹",UCARxPu4Ospqsr_smVc-il2w,@cheryllines4106,2025-12-07T22:21:58Z,0.1452054280206119
960ef7438b8234c8f4af67a1511a7ef5,KjYSHrFkGrU,"Mexico Miss Universe is ugly.. Miss Thailand is way more beautiful, gracious and polite.",UClGG4NBhpL85Z8LuyqLUJ2g,@rolback5055,2025-12-07T23:46:01Z,0.1446757642156525
be7a91162b9c8ae4892dd7b91e7fb314,oylbyE5Zt0Q,If 70 percent wanted this fixed they wouldn't have voted for it. How can you break something then want to fix also if scott was to stop living I wouldn't be sad about that. To sit there and constantly lie without breaking a sweat is disturbing,UCbxQXwVxhQE8MIaj12iulUA,@juscallmevell,2025-12-08T02:23:14Z,0.14450512760496614
071bca8fa04df6d88b4378468bce2b87,dQWfdEyorm8,"Cenk Uygur, ironically, appears well before Trump's name, and six above Dershowitz. You can't make this up! No thanks! No wonder Kyle cut ties way back.",UCfsXcDsW7Fdc9AG6L73sv1g,@LRee-mr3vh,2025-12-08T02:39:28Z,0.14431507931260193
09ad20f0b9d2ee7c408c75180321689c,5tvOpAe46IY,More fascism,UC_LHnJzhAW1q7E_z3AQthVQ,@michaelmcgee8543,2025-12-08T00:47:32Z,0.144276943098971
7a4b6673a7d8aa65930967c0b58b6b1f,RwW4UYoX19s,Jew Zelenski,UCuu1vpWiKM2tBLacenVFbIw,@anthonymunno,2025-12-08T02:22:55Z,0.144155282958537
bf2d052eee8017e74fa52cb5cd7ce480,5tvOpAe46IY,That's because there was a bird flu and they were culling chickens. Try to keep up. You fake Christians were never very good at science,UCa3v_-38viYaleBN0gAGJaw,@l.h.2543,2025-12-08T02:13:57Z,0.1435835384978339
fbb5daa56d96f2270cf27c8121633ae9,s2EXTCAFPKA,"Yes. You can't order the official murder of 80-plus unidentified, uncharged civilians and walk away free.",UCNWE4hkW4aVMCtKxw6JD8uw,@JR-pr8jb,2025-12-07T23:13:56Z,0.1433755605736622
7bc023a26cab8c2180321f717361deb9,e478dy0CKYE,CNN mourning NEVER ends absolutely delicious 😋😋😋,UCd5hm-Hf4qzNTvNJFPA9bQw,@Bud-m1e,2025-12-08T02:10:08Z,0.14335166697875712
a81f66319d1e85a4d886cd65d154e4fa,NEVp5tO6Xik,Those soldiers look like clowns with those helmets. They don't even know how wear the helmets 😂😂😂,UC9QNuXcPHKpwRZlgNbkqPaw,@lenr7068,2025-12-08T02:22:32Z,0.14334346058117015
958069910de11a240099cecbfd9b1f34,dQWfdEyorm8,"The Deep State will never,...EVER let this information out. They will protect themselves at all cost. You guys are all dreaming if you think this Epstein information will ever come out. The Deep State is undefeated. It never loses and never will lose. Stop dreaming and fantasizing that it will some day.",UCbGxtBOqfIGrBD6EasD5UNw,@CLIFFLIX,2025-12-08T02:27:17Z,0.1433292343658172
d814249b08beed908a3234d0ed8a29be,dQWfdEyorm8,My thoughts exactly!! 🤔,UClIuWpiDEFamauZMtmEhGWA,@victoriarowcroft6596,2025-12-07T23:20:22Z,0.1432073714604805
5951e83ceeb2a3e6dd70ff100af88ef9,5tvOpAe46IY,"The Democrats create more proposals tha the Republicans.  Unfortunately, us voters are not human beings to them.  We are just widgets in a cog.",UCLN-_yjf8FxBE83J5VLn-Cg,@StevenHolsinger,2025-12-07T21:27:12Z,0.14263583543864955
f550b2a13826c953a9c3841a20e3930b,KjYSHrFkGrU,​@planecrazy6039 thank you for recognizing me as a winner. You need a pardon or anything?,UCGg0TU4uCb8KpXIuhtTUk3w,@beobe99,2025-12-08T00:39:47Z,0.1426216983926856
64de7378fe29a5eb4027a8bab2c42726,s2EXTCAFPKA,"Not that Canada's perfect, but the Prime Minister has to choose his cabinet from elected representatives. Not just appointing whoever he wants. So there is a baseline of the people's will reflected in cabinet",UC-Mnh7Y_lLZy7Qj53celWNQ,@NotoriusNIB,2025-12-07T19:06:22Z,0.14255978163623684
6ade3e6ed08013b8a9b9de316ded5de2,dQWfdEyorm8,I would advise any person in the media whether mainstream or even small timers online not to use some bodies name on some list and try and associate them with sex crimes unless they have solid proof. I see many lawsuits being filed by wealthy individuals in the future.,UC68H5dKO3__rMJlqQqDnSfw,@flmoseley8141,2025-12-08T02:22:01Z,0.1422686625147792
e0a75f91174f63c23732688697f58748,KjYSHrFkGrU,Miss of cucarachas,UC76ivIKyHZPNtnN1SefKXGQ,@nelsonzito8579,2025-12-08T01:00:08Z,0.14215452277487425
d6ec1f412c1dfffc5d914120d83d23fc,KjYSHrFkGrU,FAKE WINNER 🤡🤡🤡,UCJk7w-CQxBn3lnoR-FIhOaA,@shaun.montelibano,2025-12-08T00:44:24Z,0.1421423990956666
6a385b31cec034e4bee4eb2c51bd0aae,dQWfdEyorm8,"He had to be voted in because if Kamala would have won, everything would still b hidden and we would be at war with Iran & troops would be in Israel helping IDF. As much as it seems horrible Trump was elected it was the only way to expose corruption.",UCpqdo1wym5wQpBtEEBNKTww,@hitomihonda7573,2025-12-07T22:25:22Z,0.1413558548985722
ae26f5296e1035e5a345ee97be3998c6,dQWfdEyorm8,Congratulations and thank you for all your hard work and persistence on forcing the Epstein Files get released..  This year wasn’t a complete emotional  breakdown at their destructive waste.  Nice.,UCmNvby4Z2EGilzHa3lR_5mQ,@Anjili-e2t,2025-12-08T02:01:11Z,0.1411745373807658
63bd5650555a1cdd7d51683fe3279af3,s2EXTCAFPKA,"Yes Obama's drone strikes on US citizens was the Christian thing to do. Curtis LeMay also did the Christian thing fire bombing Tokyo, 100k in one night.",UCHI77ri4tm5X2G20uWN-BpQ,@bubbasbroadside7525,2025-12-08T01:49:06Z,0.1411120400348089
2776b536665fe4e9fb7363fa854e0fba,t15c3-pYSYo,"As a Serb I fully support Cenk, and seriously mainstream media is like 75 years behind what’s happening in Palestine. It’s because of their inability to actually do their job and choice to ignore actual truth- is why Palestine is not free.",UC3-PuMTU4l-mvLCH4gL_mDA,@boraboraaspen5020,2025-12-08T02:04:59Z,0.1409828847840394
df26d0c80de30c0da094aa0a370ba26a,NEVp5tO6Xik,This is what the Dems want to do with Trump. LOL,UCJA0xWV0LuNTFwKdeX_c1pg,@scw9471,2025-12-08T00:51:11Z,0.1402497966768622
71ac7e3bf9ae2c151e1f7e26cd0d7898,s2EXTCAFPKA,GOP has ZERO SPINES!,UCYimwMx8oFM5yGNDHzikeGQ,@DonQUIETPiggy,2025-12-07T22:40:33Z,0.1400277587081087
475a962f3987eadaac73efae67ac19d1,6EtReGSuvdY,I find it ironic that democrats say people killing drug runners flying across wide open ocean is a war crime and they shouldn't be in power but meantime Chicago has 40-50 a week killed.  Manufacturing Drama. NO LOOK OVER HERE! Nonsense,UC2_siek2HrcatFGhaMebFWg,@WillGann-m4d4z,2025-12-08T03:06:22Z,0.1399698897971983
e2049166acd90b87d54beab67d8f9ae2,nMK8wBACIMk,"Trump is taking the Drug KISUNLA  for early symptomatic ALZHEIMER’s. This intravenous infusion causes Trump’s hands to bruise. ​​Kisunla targets the amyloid plaques in the brain, and requires regular MRI monitoring for potential serious side effects like brain swelling (ARIA-E) or bleeding (ARIA-H).",UC0lETRLeo0sWFMUgx_arffA,@voixdelaraison593,2025-12-08T02:57:05Z,0.13996340640985416
7dabd2741ecf2b154104ac1e7b643d2f,6EtReGSuvdY,they weren't tricked. they simply are that hateful,UC4jGtCVMc2KWvIySIX-OCFQ,@rickmcdonald2233,2025-12-08T02:53:18Z,0.13991530901150787
58b226e59036653b7988136ee9aa55e4,s2EXTCAFPKA,I won't call him Christian Taliban anymore because Taliban could have a much better warrior ethos.,UCpr4LsufHU-6w0HfWOjYa2Q,@MrUYI32,2025-12-07T22:24:23Z,0.13974514501843976
de5eeb435ba5719b25fd148980a379d9,t15c3-pYSYo,They done so much evil for so long they forgot what humans beings are.,UCd2QnVynC_3nBCKn-ciF71Q,@loepialoepoa2033,2025-12-08T02:16:16Z,0.13968892250776202
6442cf749ab34a7d636010bf13c41209,NEVp5tO6Xik,When America abandons its global policy's  chaos takes over...authoritarians feel empowered .,UC82CrDe4dMsfUwPjQN_3k0w,@clippyPaper,2025-12-08T01:43:28Z,0.1394579913610471
10a8d629d1241dc93a6ef6b3abf3e6f7,s2EXTCAFPKA,Trump will replace Pete with someone that makes Pete like a school boy,UCyRclKfjj3souZql93J0bcw,@ejb9545,2025-12-07T21:27:14Z,0.13936434687951896
55752f9e41fe636b7e2dd7d3e97b9e4f,dQWfdEyorm8,This is why it's called the jewdicial system.,UCmnG1sdyp0SX89xPSYrpPpQ,@ryanwhitley9789,2025-12-07T23:12:15Z,0.1393477532995884
36259dfbc523bd23c4a41a907273763d,5tvOpAe46IY,Faux is trying to distance themseles from the reckoning.,UCf6S-TFB28ugpp49GnPqTSA,@HostileRespite,2025-12-08T00:41:25Z,0.13925750355502015
575884f40434c5910ad7f7ea0beacc5f,oylbyE5Zt0Q,"None of Congress has ever since lobbying became a full-time gig and unlimited campaign money became legal. The voters are only talked about, not catered to.",UCHuVkfiLtcufevWYdRBJZ5A,@OnGoingWhats,2025-12-08T02:11:20Z,0.13901329812818974
934078b2aef39b17872f57e7dda4231e,KjYSHrFkGrU,Does CNN knows that she was the SUGARBABY of the owner?😂😂😂,UCmmcvlVrUDBeR2GN5joycTg,@ishra2003,2025-12-07T23:02:53Z,0.13888058920820817
7d722621eb081185a3bab6c63c5f36b8,5tvOpAe46IY,Jesse Waters didn't put Trump on the clock. Murdoch did.😊,UCSrUus4FZ5qEaPFyMdxmXfQ,@seanfralick,2025-12-07T22:15:43Z,0.1385107328196605
ff2fcd3323cc408209041dd802477b89,NEVp5tO6Xik,Happens every 10 years in Africa,UC42O3XmOOHkNqZvrsmhh4lw,@VindicatorHuur,2025-12-08T00:20:53Z,0.138453278628515
23c656d885f94cad3fe2fb33db23130d,s2EXTCAFPKA,Fake news 🗞️ Pete will be around Indefinitely... Fake news media the Turks have become ... CNN Is their Mentor ✅ VERY WEAK !!! Find legit sources of information ℹ️ not Islamic agenda bs !!! Unless your Muslim I can see why they watch this OUTSIDE Muslim ... Your being deceived and Clueless ✅,UC9QD3LH7XAvAdBn4Pfc55wQ,@DavoDavo-u2b,2025-12-07T20:06:06Z,0.13843141151975807
f62c411769afc0188b27dacdbe5ab61a,dQWfdEyorm8,"Whoever passed the age verification, biometric ids, and Real Ids are proof that they are on the Epstein file list. Call up the reps in your state if these laws were passed. I was almost human sex trafficked as a child when this evil person asked for my personal information. Imagine hackers getting your private data. They violated the 1st, 4th, and 19th amendments.",UCMGp4LHfCaWWwku1fHzEY4g,@Featheryfaith7,2025-12-07T22:30:29Z,0.13836737911139138
66b67d8f82b25fd8074e9f5bafbc5a83,NEVp5tO6Xik,I'm glad the plot didn't succeed,UCc9zpJNId_qJfwI1PhTy5FA,@charlesakindele7707,2025-12-08T00:18:13Z,0.1378124900737169
6671db99b41b1860f9ee58225149d5db,RwW4UYoX19s,@Ricard1807o They lied to most us about WWII with great success for 80 years. That must count for something.,UCJcUaxIGBkW2to6dpNPBIZg,@halukkilic3171,2025-12-07T23:26:08Z,0.13780194052990302
6b9478229374a3d50c7e0897131b2d0f,5tvOpAe46IY,The fascist wealhty  Republicans are physically hurting us poor.,UC_LHnJzhAW1q7E_z3AQthVQ,@michaelmcgee8543,2025-12-08T00:44:46Z,0.13714099006774047
32b6f378f9ba16394ae3b4239a2571ee,KjYSHrFkGrU,We all know she was not the true winner.,UC29m-k2HX5D5xV5BEzr1HWQ,@josesabat1710,2025-12-08T00:16:39Z,0.13683464100477796
d753d36b417d6eba418ee171e8ff3820,s2EXTCAFPKA,F it let the drugs  flow in why the hell not right,UCkVn0dgx4t3cF0sCcHPe7kw,@bobbykimble6358,2025-12-07T19:28:46Z,0.1367040700335341
8e00223ab8cb504edbc1cc9dd56cb522,s2EXTCAFPKA,"neither --- LOL!
BOTH are doing GREAT JOB ! Trump Caravan is Marching On ... 🙂",UCPdD3YpXTI2gROpI-LtEiNg,@TheVeritas2100,2025-12-07T21:12:29Z,0.13657422140638406
42c28db66c0c354280ec25bb8cf64e1f,5tvOpAe46IY,"I dont like Schumer, but Jesse is wrong. COVID caused inflation world-wide, not Schumer. Trump made inflation higher than Biden's last year.",UCKzFJRT8-womHSjgS2wJFog,@blonderepub9303,2025-12-07T22:44:56Z,0.13652238304401676
10eb4bc14d7375b8e7bedffd17aa7e76,dQWfdEyorm8,More like Jaba the Hut Trump is😂😂​@markmaterio7130,UCl8Kfb9hcE1-ehia3ebQ-vA,@czesati2964,2025-12-08T01:37:07Z,0.1364844407137934
b660b81485f05efc3b659eb01d5fed00,RwW4UYoX19s,Z detected! No Mexican (or anyone else) would make such a joke. We ALL know who you really are.,UCnSKrl0EpkITwuQQvmqkA0g,@meetontheledge1380,2025-12-08T02:17:45Z,0.13644307474402462
66c3535e30a9b2816102d89f6df0403a,5tvOpAe46IY,"What else would you expect from a guy who is totally baffled by the word ""groceries""?",UCXDnoP1i3frY8wFHLiAXf-A,@canucklehead11,2025-12-08T02:21:38Z,0.1362515864217853
f80c62d9cf91fca9f6b5da29b0f22511,dQWfdEyorm8,We need Negan,UCt0u1ZcEwApaDfCqkjNgNPw,@oilpaintbrush,2025-12-07T23:26:13Z,0.13603450151165772
916efa97fdb91746393296d002e87edb,s2EXTCAFPKA,"MTG wouldve been against this, ya keep underestimating her and 2nd that robot Hakeem guy is one the zio's biggest puppets in congress and the zios want regime change in Venezuela so dont expect much pushback.",UCFADoswZ8M06Td10xzNPshg,@THEWARISWITHIN,2025-12-07T20:07:14Z,0.1360091613244182
249415d7dcd6eec3d5e9668a310918c8,KjYSHrFkGrU,"HUZZAH FOR PITTING WOMEN AGAINST WOMEN WHILE WE AS A SOCIATY OBJECTIFY WOMEN!

HUZZAH!!!",UCpRH-CyS36rmkSobt8W2G3w,@nunyanunya4147,2025-12-07T23:58:33Z,0.1354649245814992
29f0e3f5efec44f2417d7b43337da77b,6EtReGSuvdY,We are all picking up a lot of bad karma  . .,UCqflK1qV7JOqpLX6RB1h4uQ,@jorgegonzalez-larramendi5491,2025-12-08T03:07:26Z,0.1353676539230451
609305a5194338810ff9ed294cc1bf19,KjYSHrFkGrU,its so nice to talk positivly about people we wank to!,UCpRH-CyS36rmkSobt8W2G3w,@nunyanunya4147,2025-12-07T23:58:54Z,0.1352137408119265
cbb04924ae02e026c8ec13ac3e7fc99e,KjYSHrFkGrU,She's not beautiful and she has a terrible voice. How on Earth did she ever win,UC99jvrjs_qCb8Ko2lkDTWfA,@SupremeWin777-7,2025-12-08T01:03:57Z,0.13503600069283314
3d4645ddd57ba17c5ed94fc6e2d9bcf5,dQWfdEyorm8,Chris Tucker is allegedly on the list that keeps showing up online and look how quick paramount agreed to do a rush hour 4,UC52TcReAqSeWkfAhpoD4X2A,@stevencarleton7224,2025-12-08T02:29:41Z,0.13497981289907982
8c2a43bfdd39188f74ac5172a8927b26,KjYSHrFkGrU,I wish President Trump will find the right owner to buy the Miss Universe Organization. So the JKN and Legacy Holding are out of the pageants. Also Fatima could keep her title until her reign is over,UCT3NgLNHGYXYA2mGQbaSw0Q,@petewong2372,2025-12-08T01:37:44Z,0.13465451751505905
bfae99ec6ba2733ecc5b0ce8e852d04a,s2EXTCAFPKA,The most incompetent and unqualified SECDEF in US history.,UCQf5Q6s_4n9z4DOiYJRU4Yw,@SoCalFreelance,2025-12-07T21:18:12Z,0.13402982047985462
0b9be2b19a6c1d9ebb027a906ab10f53,dQWfdEyorm8,"You guys are genuinley good, but you miss the point, its wwe time in polotics, the only reason trump was elected, is he cut a better promo, even as a heel, 2016...ted cruz wife is a dog...etc. if the bad guys can do that, dems need there own stone cold steve austin to stunner the boss so to speak.",UCNPbJZkjihZ8HuPf80C2zvw,@qjo5158,2025-12-07T21:31:57Z,0.1337031798711413
11859be38dba66f565a7df056e02354a,KjYSHrFkGrU,She's got my support!!!👑,UCA1lDEZ3ah7lH9257o0mXig,@resilientred1699,2025-12-08T01:31:54Z,0.13348137991507875
d72d5a4925d93c0f836dd65b8736faef,dQWfdEyorm8,You never know Epstein still could be alive. You dont know who was in the body bag.,UCDoWakErVvtV60ro3cw2o7A,@2old2bgood,2025-12-08T00:00:49Z,0.13347270156847524
075048e8edaad1c49b07ffec84d6ace1,NEVp5tO6Xik,​@ivanfernandez4739they are both exiled from the republican party 😂,UCMICzLRRrUuVyxtmf58I2FA,@760HorsePower,2025-12-08T01:29:41Z,0.13319892901589628
452850d00e9d7b3474711f6259d54c01,KjYSHrFkGrU,Miss Cooking Show,UCX5Veib_Pq6v9CfyUUdeIgg,@BeeGDJ,2025-12-07T23:00:46Z,0.13269343368783504
54c070989771d920fb5e6600c36fa24c,KjYSHrFkGrU,They probably think she's hot! 🤩,UCu1oTg1OkgGUbRG0S5rqnGQ,@rogerdebougainville889,2025-12-08T01:10:04Z,0.13268168419389176
f85d24af162b8e753f43b2ff561ab45f,5tvOpAe46IY,I'm waiting for them to start blaming Obama 😂,UCU5Cl3FMj5f0rtXyrFIuLvg,@jacobgarcia4188,2025-12-08T01:07:39Z,0.13252584880825205
068a192583ecbd267602c74964fda791,KjYSHrFkGrU,Wipe all that paint off and she's a six out of ten.,UCAEzDmzNtaEYdFIX83Pee1g,@erwocoolis9451,2025-12-07T23:19:20Z,0.13249557949875382
5e7c470ff8b83edd187d2c7028fb634d,NEVp5tO6Xik,Don’t panic! Here in USA 🇺🇸 we have an Orange that will come to your rescue  🍊 it likes to solve wars.,UCkuudzeOoCzzhnP3WQJlKUg,@bylac_2001,2025-12-08T02:36:56Z,0.1318704835506638
55146eb0f0bdfef6b9874917e06ed2ad,KjYSHrFkGrU,LOl she had to ask how many days I'm done.,UC22oHzXyXUuI7Dwf4swr5Iw,@davemitchell6281,2025-12-08T00:32:29Z,0.13176626994081514
ad33c4e7e649e4c632578abb610e262b,s2EXTCAFPKA,Americans have traditionally believed in the Geneva Convention and  are against war crimes. Sad how some Trump supporters do not believe in these Moral/Christian values.,UCKxlnGDhVxkjqAQDDn-oaWw,@TopGun-62,2025-12-08T01:20:18Z,0.131694914396375
322e558fe71b756db98261e18819dd71,KjYSHrFkGrU,"MAGA can not have gratitude for life, theirs and others, especially if recognized as a winner. Fake pres will crack soon, perhaps in time for Xmas.",UC25m-hK3Y2apJHXX1U4qh5Q,@innerlocus,2025-12-07T22:48:36Z,0.13152792984588776
f74bace52efd6503627aa60e936b77f3,s2EXTCAFPKA,Pete couldn't remember who ordered the strikes because he was totally shitfaced.,UCFTyqtEGmpdK6UQEBPR1Wyw,@4idhero798,2025-12-08T02:37:23Z,0.1312314315104011
028fba02ba30f65c65ce8a6e807601fc,KjYSHrFkGrU,You just win id io t of the year award from the is stupid post,UCHgp8gG_UIfF-qHiqb5QteQ,@planecrazy6039,2025-12-08T00:21:04Z,0.13108740351817988
6a54f1715ad07cd8dac315ab4dc9882c,5tvOpAe46IY,@TonyFox-l5g  Gas prices are down because worldwide supply and demand fluctuation. Nothing to do with Trump’s policies.,UCRfUpDiC3ZqdMBn2uz1yuvQ,@Boucky-n1y,2025-12-07T21:28:29Z,0.13103037314778324
88051a21c3e2c1f4eb6d1152e5102f12,6EtReGSuvdY,All the REDrum party is worried about is typical robotic hive mind whataboutism as if they think it will save themselves.,UCpjexoE4MnR65AqpxAsT_fQ,@DarthSailorMoo,2025-12-08T02:55:53Z,0.13058161563124748
b86b26009454866643d23457d7ccc0be,5tvOpAe46IY,"As much as i want to go back to MA before my dad gets thrown overboard and the random eviction notice happens i rather keep my moms name on the account

I been near death so many times already 1 of those times from my dad trying to kill me by using those parasites so i get deemed unworthy by the demons well some stuff might be worse like dealing with glyphs stoopid truck debt",UCFJH6sgMrINrG99QUvpyBMg,@ihartevil,2025-12-07T22:13:45Z,0.13052872330484205
62b7ad69ff24f616245074adc67a1475,NEVp5tO6Xik,West africa going three months without a coup sttempt challenge : Impossible,UCE8eFmEmnoZhGI58MwjoNug,@Mrmidknight-yx9pg,2025-12-08T00:22:08Z,0.13029835118079397
ac4670da896b4e48228fae03cfd4bc2a,NEVp5tO6Xik,​@ivanfernandez4739who? Liz Chaney? 🤣,UCMICzLRRrUuVyxtmf58I2FA,@760HorsePower,2025-12-08T01:20:28Z,0.1300680848045604
76abc3775077421a808afde969a6f706,5tvOpAe46IY,"No matter how much the man bleats, actions are stronger than words. And actions will be remembered. Biden will be remembered as a good president. Trump will not.",UCjnuXp9AF-t6uoxN2GxMvnw,@31webseries,2025-12-07T22:49:24Z,0.12959981295467438
abf65f723039ad2790f2fef68cc5640f,NEVp5tO6Xik,"I'm from Benin and I'm happy it didn't succeed.

I just want development in peace not power change with development perspective changing too.",UCa5C0tY4nbBs9EFPEijpBdw,@relaxinguniverse6379,2025-12-08T00:57:51Z,0.12959381306678025
c802fc2581b51afdae782834d48ca0a3,s2EXTCAFPKA,Trump only fires people who go against him.,UCWFwtqKxJH0JgRUz-kmxd2A,@dsquared341,2025-12-08T01:24:20Z,0.1295358716444026
d08bb47842ecdd8ce960eb29eaa85b92,s2EXTCAFPKA,He Frees ALL Crooks!  They Stick together!  Hedgehog SHOULD be charged with Murder!,UC7Lsn0GF30lPeyvmp-SUf4A,@brendajones7756,2025-12-07T20:18:55Z,0.12800801254158592
e4fcd4257a0f0aee848e851f7f016b99,s2EXTCAFPKA,"LOL!  Radio Silence by Ana ABOUT EIGHT BILLION FRAUD by Somalis, Ilham Omar and Waltz ...
WAKE UP AND SMELL THE ROSES ! 🙂",UCPdD3YpXTI2gROpI-LtEiNg,@TheVeritas2100,2025-12-07T21:09:08Z,0.12785077192270375
b610b971360acbf865bcfae8b6f13aa9,OJA6cZEjA-I,"Cram it, Eduardo.
Worry about how your dirty country can stop being a narco state.",UCcoyh1oHRG4W3z1hFrtV9fA,@CristopherMattison-ro2pw,2025-12-08T03:00:37Z,0.1275011639977665
859143c0ca2796de37cbca2640dee2e3,DMrclXpeGN4,The uncanny/existential dread this video has produced in me is insurmountable,UCaUEgK2ZbsARsnwU9AaiX-g,@zaydmahdi8082,2025-12-08T05:02:33Z,0.12682692085337394
3285a0fe72a422148e1bafc2f41cc69e,DMrclXpeGN4,It's funny you think it'll take that long.,UCiaOwxIGmRBN2H7IH99tNzw,@mobilehutch,2025-12-08T04:25:33Z,0.12674763212429468
d066ae8c65a02d4765a7a3e442e6d473,s2EXTCAFPKA,I voted for Trump. I am a life-long Republican. Both the strikes on the boats and Obama's droning are wrong.,UC0EcEYUNaCQDnNEAJy7rpNg,@kevinstreeter6943,2025-12-07T19:26:02Z,0.12670159921516308
3b15bfea0d78c10f1533e5804866e2ad,nMK8wBACIMk,And all you could do is cry and lose to winners like me,UCiu5i_eARJZeyKBLie8BXxw,@stevebeegreat,2025-12-08T03:12:56Z,0.12664702588989954
1a47cf108e153b71a4c64379fbe9e71d,5tvOpAe46IY,I think it's mostly tarriffs at the moment but in the next year with the bbb might be a second hit do to rich people don't spend as much as lower classes,UCf_UUfAOdzYOy7BxNaEimJA,@Jimmy-uf6np,2025-12-07T22:31:32Z,0.1262210701962463
ead6e1a9a6bf05971ec313080e9dd525,5tvOpAe46IY,"Can you?\nGuys, please touch on the fact that he is letting billionaires off for ripping off.Medicare, I'm on social security, and I get a $1000 a month and they're taking 200 of it.Are you kidding me?I'm supposed to live on that.And then he pardons all these billionaires and lets them go for stealing medicare dollars",UChlc1gFnlpSzDepbMdLGjxg,@ilovemesumgravy2,2025-12-08T00:26:54Z,0.12612980890534317
06c3fd93cdcfcdd7727f7b5ae8fff012,NEVp5tO6Xik,"Ok, and why is this? This is by design for African and other developing nations to always have instability.

Read Confessions of an Economic Hitman or even some videos on YouTube.",UCAotQxCB6jDG6JdXqqvV6Qg,@los_416,2025-12-08T02:15:08Z,0.12581992283458157
6c17ac7b926d2ac14ccb449889a63f5e,5tvOpAe46IY,"You are making that up, economy is not doing good",UCHysRgyO43ychqq6giAi0wQ,@Xander1550,2025-12-07T21:37:20Z,0.12566772467619275
f07f8a21ea454634e9efdea6ab6f3bff,e478dy0CKYE,"#gloriagaynor is a 
BR🟫WN 🤡 for attending and accepting this invitation and ""award""",UCXt9cmCBWpP9QN1FcL7RZMg,@desireeburton3923,2025-12-08T01:47:58Z,0.12538209669874212
1f2c58d10cd2fbe9cf69b47e7291febb,5tvOpAe46IY,GAS PRICES DOWN. AND NOBODY SAID SHIT FOR 4 YEARS. NOW OH GOD LOOKNAT THE COST OF HAMBURGER,UCsXYf896-M5Tm-7Mc6kOB4w,@TonyFox-l5g,2025-12-07T21:21:23Z,0.1252336638262393
7feac7a3f220d343eb02aeac207d5cd1,s2EXTCAFPKA,It should have. Just shows how corrupt our government is.,UCtNrbhjU0FAlvTDVymotxMw,@debbiebeatty8449,2025-12-07T20:16:57Z,0.12512756078348633
7112b82537f185db9ff2bf2f6ea7d4a7,OJA6cZEjA-I,"ICE was looking for a MAN. 
Once the see a WOMAN, 
no legal reason to say 1 thing to her or ask.",UCGJBPjNEWprkmW2YMgRUgsw,@mikepool-USA,2025-12-08T03:11:12Z,0.12382734193648631
ad8d2cce7998be5800e8c178e58921b4,KjYSHrFkGrU,"The way she chose the words that lets out her mouth shows she's the weakest, she cant even properly defend herself 🙄",UCamQFRNnR_Wv0c_6ZK1BgLA,@rutherford5247,2025-12-08T02:16:44Z,0.12269250261535566
715e74d922b31741469429130e37f1b3,5tvOpAe46IY,They're turning on him shit must be bad😂,UCPnseCDXiV_vKtlB1-UThjQ,@morriwal4956,2025-12-07T22:10:53Z,0.12238622898537074
55db36ecfe1bbf2a1dd012bd042f5a28,NEVp5tO6Xik,"You stumbled into the wider world of international news. Hit the ""shrink"" button fast.",UCuDvr79gOn-F0kmWharMhIg,@7781.BeLoved,2025-12-08T00:52:16Z,0.12216323280669181
1a9ad017a5ada0bfcf41d9039096344d,NEVp5tO6Xik,There's alot of this going around,UCM-dVA_ZDUFBxVecSf8OTRA,@Danistash,2025-12-08T00:24:38Z,0.1211817738923703
24d54e40ed0c6f3b743eab76dbb24825,e478dy0CKYE,He’s the consummate sleaze ball🫤,UCbTqJDynLlq1UXBMKGBj66A,@JNosewicz007,2025-12-08T02:37:29Z,0.1207216602309672
efbb73ed867a71c8cf0a3b12474ea3be,iFewnvLzzUE,He wants cash.,UCDUJnGevGUHE3vMzZHhhusw,@antihero5203,2025-12-08T03:55:22Z,0.12070804842762022
a2e7572a43ac9715e86598ae8ecadc14,NEVp5tO6Xik,It’s the country of Africa,UCkyUZLhKss_yNSR4Vzc23iQ,@mcdtubes,2025-12-08T00:14:44Z,0.11739497818777855
4114980114d3b41d27955fb871cbe41d,DMrclXpeGN4,It's called the anti-protester robot,UCLBZ_65eEuorqcoxXYyPMxQ,@Joebagedonuts,2025-12-08T05:01:33Z,0.11696926169321724
19c5b1c19edf6c05413ca81c932a15e4,dQWfdEyorm8,Big if true,UCWVb-zRyZUst7mBV-EDftVw,@chaseteter,2025-12-08T02:45:08Z,0.11622967226226497
e4555b0e77be2eb0a82c9e98a0b4d7e0,NEVp5tO6Xik,"If we have informants like you, the gold diggers and witch journalists, who amplify the voices of terrorists, defend lawbreakers, street rapists and give them revolutionary status, Africa will surely burn. 

We will continue to defend and empower African civil governments without fear.",UCCL_wvy-8o83wGAPZAfE1Dg,@user-xo4ds2bh6s,2025-12-08T02:35:10Z,0.11509280503644687
b97d772f67263530b8abdf82fd0137ef,abaCEE_aLZA,"No wonder the ones in America and elsewhere are the way they are, it's in the DNA",UC1vnF2jNQT8prgqMsf1bU5A,@OptimusPrinceps_Augustus,2025-12-08T01:28:48Z,0.11507095386681998
065899350b2c4071b931fa866439a810,NEVp5tO6Xik,They want to keep the violence 😮,UCOnULsxLCgbXeD313udb7Ow,@EDUARDO-bj9wf,2025-12-08T00:36:46Z,0.11506725480203497
629b9facfaa6def296a01c966acaa3db,OJA6cZEjA-I,it's long past time we dealt with maga Confederates the way our forefathers did,UC4jGtCVMc2KWvIySIX-OCFQ,@rickmcdonald2233,2025-12-08T02:53:36Z,0.1076200875831859
b3b1d06bed341e0dbdc48a83885325e4,DMrclXpeGN4,"I used to just have to worry about dudes with tap out shirts knowing mma, now I can add androids too🫡",UCNg7P10dm-nazpAF5-1SM1g,@JSB1197,2025-12-08T04:44:07Z,0.10720434365615726
ce34648ed5bdcb64f7836ceb4a4143d9,DMrclXpeGN4,I remember when people said legs would never replace tank threads,UCxY_KIU9knTmh2IdZUDTNIQ,@madcatmk2sch,2025-12-08T05:08:23Z,0.1041754966361091
c97ab1f04af794489763aaafc680de84,iFewnvLzzUE,Its pay to play,UCq4ohqUvmGEusMbMfY9PBww,@joeont,2025-12-08T04:00:47Z,0.09974574761172586
