comment_id,video_id,text,author_id,author,published_at,bot_probability
0e4c6240cf76a5b173005fc79a2b3307,e478dy0CKYE,CNN is a joke 😂,UCuM6kpppW-mtPXDufwkUcCg,@Kloutkulture,2025-12-08T00:49:33Z,0.5081690624388387
70692a46668d62461c3ba1aedc7f6e68,oylbyE5Zt0Q,Release the Epstein files,UC_2UYrJRM73YNU-B4qemTrQ,@billmcgee2066,2025-12-08T01:44:16Z,0.49281330514155985
98ec90b4474d46e7e32ca104ab64bbc0,e478dy0CKYE,TRUMP CAN'T REMAKE THE KENNEDY CENTER IN HIS ORANGE IMAGE!!!  HE IS OUR COUNTRIES BIGGEST EMBARRASSMENT!!!,UC2yC8HbiNJaZQJS8aUM4gAQ,@dpar110,2025-12-08T00:37:45Z,0.48583789592103366
5c793509603067c6913534768f04d740,e478dy0CKYE,Another Bangladesh profile,UC5_P8Lcig0WIoLL6Gw_8P-g,@badluck5647,2025-12-08T00:38:25Z,0.48553455963389164
794a5560f14511468f2f1989728a2e4e,e478dy0CKYE,Clown show,UCNRXyB_8cro_Y7s8Uvd11cw,@FalseCast,2025-12-08T00:41:03Z,0.4836624648713882
c84cd97fe7a00cd7d6ad09d8aac39a9d,e478dy0CKYE,He will probably fall asleep if his med's are not timed right.,UCyUDZxm8uBNHJqe-IRks23w,@BlueJazzBoyNZ,2025-12-08T00:34:47Z,0.48187946728160536
43bcb6b90b34aff5c919df773f3e80a0,e478dy0CKYE,Get a job,UCwsNrEYUpNKc_sJdVguokUQ,@dnrdufty,2025-12-08T00:57:14Z,0.48160417039171427
67041bda8949a5517b2b86dd262628b9,oylbyE5Zt0Q,"Donald had 10 years now to come up with a different healthcare plan, he has NOTHING to show, no infrastructure plans, or healthcare plans his only plans are tee times to golf!!",UCpEftiLtcvXVVO2XtF0g-3Q,@pdxpete48,2025-12-08T01:34:00Z,0.48077006206286865
adb76c88c3b128892334f1eacf8e2c64,e478dy0CKYE,@dancooper4733 Cry less.,UCogTx8XkGLjU2eCDUIX03-A,@benoitguillette8945,2025-12-08T01:08:20Z,0.48045690403363295
2572bc7e903e2dd28cf9d59769fab65c,e478dy0CKYE,"KENNEDY CENTER???
Didn't the orange, dumb, old guy, RENAME it the trump shame centre???",UC4iPlZLj2vRmu2ww13O40aA,@jennilang2464,2025-12-08T00:38:28Z,0.4788763368713297
e06dff13b8aaeb97254fd8829378377a,e478dy0CKYE,"How is this news?  
why is CNN giving that Orange Scab airtime ?           we are sick of Adolf Orange and his psychosis !",UCpzwGD0xJV0mu4qZDV48VUw,@peterlongprong7521,2025-12-08T01:08:19Z,0.4781216649148202
283a0c33b00a8015a3d2e86b8ebe4442,e478dy0CKYE,🤣🤣🤣🤣🥯TRUMP DESTROYS EVERYTHING,UC52bodhD1hI3f1LGwW8ftvg,@SFL-6,2025-12-08T00:37:00Z,0.4777292904081737
a0e979453b1f61f3a2b2cda812789c39,e478dy0CKYE,@SupremeWin777-7you’re funny.,UCBUel7A-A7fHMt6v8k9a9dg,@Steve-p1e2h,2025-12-08T00:54:11Z,0.4772830766458678
3599a99db47b668697d29c93c15e77b0,e478dy0CKYE,Cry more.,UCIA66MZSi2QQxXeRWmrCmOg,@dancooper4733,2025-12-08T01:05:38Z,0.4745452667541114
0cc39fb0bf2ed8b514423deefbc7778e,e478dy0CKYE,"FIFA Peace Price?
What next? NFL Price in Economics?",UC5_P8Lcig0WIoLL6Gw_8P-g,@badluck5647,2025-12-08T00:35:31Z,0.4735681299187122
1f9eaf26d410fa459291889fda99455b,oylbyE5Zt0Q,But they have a concept of a plan I thought😂,UC1lI3zJ724WKngHW_pdKNjA,@ramiroavila9374,2025-12-08T02:43:50Z,0.4721638278333664
166a0db73508494416fb70a08cce5534,oylbyE5Zt0Q,We want our vaccination all the months .,UCnBgsDPs_wdpDxKM9Lfxobg,@EduardoOliveirai,2025-12-08T01:42:30Z,0.4718289118859996
c60fef437b9e429ba20287ccef8e1c06,e478dy0CKYE,Off topic: I have just become aware that CNN's Jeremy Diamond has dropped a report about how the IDF is indiscriminately ki...ll..ing innocent Gazans  trying to get food and bulldozing the bodies in unmarked graves. Replace Anderson Cooper with Jeremy Diamond.,UC24J8eZZ6kBPsljGa7aLp_Q,@jadedoptimist6364,2025-12-08T00:45:05Z,0.46961887201192126
cdce49d39f1a0c21b23e3b3a6f1c53f8,e478dy0CKYE,​@badluck5647 and?! Can't a Bangladeshi comment?,UCwYt9itmJ9Tm4jPwZDk8Bag,@jimmychoons5543,2025-12-08T00:47:51Z,0.46937759246416866
d2a436e5f675c97cd6d7752763b32bcc,KjYSHrFkGrU,"Ok as a pageant fan, what outraged many of us was her performance in the finals night. She had one of the worst performance in the history of Miss Universe. Yes we admire her bravery for walking out, but to win over Cote D'Ivoire? That's questionable.",UCxp1fkNYR8YoKfNG8iOUgSw,@ianandres2774,2025-12-08T02:05:47Z,0.46885378209268486
5ac94bd9a817c9d9293ab60de0767c49,oylbyE5Zt0Q,We had Obamacare and now it's Trumpdontcare,UCMOz_TsuFgcA09vaZy8Svxg,@505Caramelo,2025-12-08T01:34:31Z,0.46870431959274117
57814605c1e19d42c44286254c41dc73,e478dy0CKYE,"​@davemitchell6281
Of a made-up participation trophy?",UC5_P8Lcig0WIoLL6Gw_8P-g,@badluck5647,2025-12-08T00:41:04Z,0.4686902214660944
74dfc1d55a234322fb5b8cdd123e9e9d,oylbyE5Zt0Q,I’m doing it! Moving to Italy next summer! 😁,UCnr_4bUnFR3mpU2vYs4uQzQ,@MissRed92837,2025-12-08T01:56:35Z,0.4671634132196408
782deca2f6991a163fd6befd5c743c61,e478dy0CKYE,Melania is always beautiful. 😮,UCOnULsxLCgbXeD313udb7Ow,@EDUARDO-bj9wf,2025-12-08T00:35:28Z,0.466891055654307
f54aebf842b29eaa65d367057403af74,e478dy0CKYE,"Nope, take it all and pay down the debt",UCoOJg6dZZvzCEeFUj7ECQCg,@DaveSchultzXXL,2025-12-08T00:48:58Z,0.46537912063758013
4fe6b6b2661c304d4e2a0a1632b58294,e478dy0CKYE,I hope it falls in on him,UCvfuf7-lPn-URXqe2qhT9PQ,@BigPeepsFunnyBone,2025-12-08T00:44:59Z,0.4653204559855851
52c17f7432a898397623dbb2feb8a1d9,e478dy0CKYE,"$5,000 DODGE CHECK $2,000 TARIFF CHECK = $0,000 CHECK",UCfHegrhOBK3bGHE5a3avrzg,@Rok-po4wn,2025-12-08T00:57:14Z,0.46522092510768187
4f73cb85cd90e61cc05074b4ac3e3cca,e478dy0CKYE,"@nafet Speaking of bots, have you heard the story about the fake MAGA accounts on X? So, the location feature on X was turned on recently, and a whole lot of fake MAGA accounts in countries like Belarus, Russia, India, Bangladesh, Thailand, etc. were exposed. So, don't just dismiss davemitchell here as a Russian bot. He might actually be a guy named Apu from Bangladesh. 😁",UCbfjI2yj-FIfMf-aqNfL2OQ,@rahimmajid647,2025-12-08T00:57:55Z,0.46278713842172564
6dae4ac3c99ac18d4ea0a741af1d5994,e478dy0CKYE,Talk about the trans shows they put on at the Kennedy center.,UCrvjZYTceiyoeoaqZdXFacg,@imveryhungry112,2025-12-08T01:03:56Z,0.46104756291326526
4704f17e7347362388993fc6577cc621,KjYSHrFkGrU,Nope. Too bad CNN didn’t bother to report about Raul Rocha & his drug cartel crimes.,UC74Nh9NadTBV6LrXWOqsl5g,@ALICIABOJANGLES,2025-12-08T02:05:46Z,0.46018110475988294
42bcb3289ff110b8b54afe6b383d4d13,KjYSHrFkGrU,"💯 Agree with you. Congratulations Fátima, but Ivory Coast deserved this. No longer supporting miss Universe after 40 plus years of watching.",UCd1WihKRNhH_Ieb9OHoGXJQ,@FETISHINALLSHADES,2025-12-08T02:29:54Z,0.46006998732500076
9bc2aee7af761918144f8d70e4ba7fa6,e478dy0CKYE,That's disturbing to learn,UCwYt9itmJ9Tm4jPwZDk8Bag,@jimmychoons5543,2025-12-08T00:51:01Z,0.4598856635209194
9ff9b5e8d5fd97fc4d64c1b721a6ea46,oylbyE5Zt0Q,I thought Obamacare was supposed to make healthcare affordable??,UCxxguaDr2pYcGWNqnk2NLxQ,@stevep7713,2025-12-08T01:24:01Z,0.4574675919016429
a1daaa9c2c329e25bf875255019194dc,e478dy0CKYE,😂 “Dating” 😂😂😂😂,UCAC94TXwIjHGIHGYyJdj86g,@whatalifewhataprice5261,2025-12-08T00:57:53Z,0.4554717513716168
ba3c14a955c73124696ada0b2f96236b,oylbyE5Zt0Q,Then we are supposed to stick with bama care forever… like cmon if you remember the keep your doctor and all that 💩 he sold us on… you know it’s a lie and you won’t even admit it…,UCvAa4pMDX7um6ZxUfjWZBsQ,@CalCityComing,2025-12-08T02:30:57Z,0.4546793039375331
98c6a4ad344a6c95972bb781882cd174,e478dy0CKYE,UFC Prize in Astrophysics. 😁,UCbfjI2yj-FIfMf-aqNfL2OQ,@rahimmajid647,2025-12-08T00:44:59Z,0.4543892993235361
3b5fe2fd8cd099334e1c623a107d41c1,oylbyE5Zt0Q,I will still pretending that drug dealers are fisherman?? Asking for a fisherman..,UCoOJg6dZZvzCEeFUj7ECQCg,@DaveSchultzXXL,2025-12-08T01:34:28Z,0.45436191222842887
41359bc1ab5599af623403ee625543cc,KjYSHrFkGrU,Viva Fátima Bosh🎉🎉🎉!!!,UC4txN56hWZboyhLXATb-6hA,@anabeldominguezvargas7648,2025-12-08T01:34:02Z,0.454255749888737
1326acc4025a6659810f9b7ef1db7234,NEVp5tO6Xik,Benin,UC7tFBsqfv1zqV2uUF_a6-3w,@icephoenixes1536,2025-12-08T00:12:02Z,0.4526716838158996
e3c39fe7a1ecd2da08307fa78c55b4c0,oylbyE5Zt0Q,The Republicans are working on it Democrats still have their heads their ass,UCgfVkOjBNMtLDWePxjCAoAg,@AllenKranawettrr,2025-12-08T02:30:56Z,0.45265395493535593
9671e2980c0eb0fa787c30bd952891c4,e478dy0CKYE,Michelle Obama was the first trans first lady. Everybody knows it.,UC99jvrjs_qCb8Ko2lkDTWfA,@SupremeWin777-7,2025-12-08T00:54:46Z,0.45200121197552584
bf4bab23148b3470ba339a91fa3797e2,e478dy0CKYE,This is  Maga stupidity...lowest IQ political movement in history,UCJOJzvDbmGHs393uYE2QKGA,@merkaaaaat,2025-12-08T00:47:52Z,0.4518788485781954
a56dea00f69e34f233d852e332463185,e478dy0CKYE,President Trump is an American Hero🧡🙏🏻🇺🇸💪🏻,UC99jvrjs_qCb8Ko2lkDTWfA,@SupremeWin777-7,2025-12-08T00:51:27Z,0.4517820776297723
dd1f42600be7700d19ebe0f91b61748d,e478dy0CKYE,Isn't that the same guy that won this years FIFA Peace Prize?,UCwYt9itmJ9Tm4jPwZDk8Bag,@jimmychoons5543,2025-12-08T00:32:48Z,0.4515730151353008
e68548a29b99bf49580d930979a0e811,e478dy0CKYE,Hopefully he falls asleep again.,UCj1_0NX_bMsjSnDiPXxuUUg,@B.A.M.F.2026,2025-12-08T00:51:21Z,0.45121113960090986
cd936be8092a1973186107b4edf31e6a,e478dy0CKYE,"📰 Household names from the music and film industry will be recognized Sunday night at the 48th annual Kennedy Center Honors, but it will be President Donald Trump who is center stage as he hosts the institution’s awards show.

The president continues to publicly state that people may start referring to the performing arts center as the “Trump Kennedy Center,” a joke he repeated at this week’s FIFA World Cup draw held at the Washington, DC, institution.",UCht1jH3Kf6RPM9dFyiVTFJw,@cashaeleatemla,2025-12-08T00:37:47Z,0.4510413953554613
499013c191ebd02bfc60f13d3972e336,e478dy0CKYE,Queen Melania Trump is the most beautiful first lady ever in the history of the United States. 🧡🙏🏻🇺🇸💪🏻,UC99jvrjs_qCb8Ko2lkDTWfA,@SupremeWin777-7,2025-12-08T00:56:54Z,0.4510117150212972
bf9b38c169185e98a029b9719f02ae0b,e478dy0CKYE,"Trump's involved, there's no honor in it.",UCuB-i8KZ6vuYUU_7ODozSRg,@xG0ODGR13Fx,2025-12-08T00:38:30Z,0.4503274768327217
86ccf395700ede0d3cb38129b22bd68a,e478dy0CKYE,"After the FIFA Peace Price, NBA Price in Literature",UC5_P8Lcig0WIoLL6Gw_8P-g,@badluck5647,2025-12-08T00:39:41Z,0.4503215332800333
ead82a785465a36e05405b52ef9d786c,e478dy0CKYE,The dumbest president in history was creepy Joe in the most hated president was George Bush,UC99jvrjs_qCb8Ko2lkDTWfA,@SupremeWin777-7,2025-12-08T00:59:01Z,0.45030812767328043
1a4084cfcbb412a8d6ff442a1a18fc89,e478dy0CKYE,"Things that CNN won’t talk about: Democrats connected to Epstein, the Schumer Shutdown, and billion dollars of fraud in Minnesota welfare .",UCoOJg6dZZvzCEeFUj7ECQCg,@DaveSchultzXXL,2025-12-08T01:07:23Z,0.45003616870684127
a4e7d99b15410c52883a078b042d8148,e478dy0CKYE,Kennedy would rip his name of the building if he could see the despicable things Trump is doing there!,UCk0nnok_qMpmQ5rCKskvgfw,@R2_D3,2025-12-08T01:59:01Z,0.44938085218576085
a454ba50b02a46eb7752bdd1905777c5,e478dy0CKYE,Wie falsch das Paar auftritt. Warum händchenhaltend? Die beiden hassen sich doch. Leben sowieso nicht zusammen in einem Raum!! Zu Kotzen!!,UClB7IS2XtaiGFTZ51by-AiA,@reiterlinda5891,2025-12-08T00:57:11Z,0.4493043174304185
41ae8f7899203474da02eded5ad8d258,e478dy0CKYE,Vielleicht aus Angst dass sie schmilzt😂sie ist aus Schockolade😂,UClB7IS2XtaiGFTZ51by-AiA,@reiterlinda5891,2025-12-08T01:03:32Z,0.449091680846029
0d6fd801446b9aab9cc001a4d866f887,oylbyE5Zt0Q,"But if Obamacare is affordable, why the rush to negotiate changing it?",UC79fBLH9Y4rwOF5yYPZmIFw,@bryan805,2025-12-08T01:31:02Z,0.4488244368530392
2934e6544fbf79d27a47dfe08b1fb962,e478dy0CKYE,ICE should swoop in and deport Melania.,UCcgyWfGly9_RUYQdfIDkBtA,@markcutteridge5093,2025-12-08T00:45:12Z,0.4475820029617359
4a863f35279cf7b91e7cf26a7c6e82e2,e478dy0CKYE,Side effects of his Alzheimer's medication? 🤔,UCupC0GKAnfAYgwqynEmb5Lw,@b.t.2795,2025-12-08T00:59:42Z,0.4470918407590573
1250d593f0b5e41706542b2c8a10966f,e478dy0CKYE,"Replaced woke with pedo protection, great job!!",UCQ4PdgUn27MHVt6qC3cH4_Q,@nafet,2025-12-08T00:45:08Z,0.44647594332367857
d9ef9090dbc769d96ac66f8289fcb67a,e478dy0CKYE,"Guess what political party Im in: I don’t know the difference between a man and a woman, a fisherman and a drug dealer, and a protest and an insurrection.🤔",UCoOJg6dZZvzCEeFUj7ECQCg,@DaveSchultzXXL,2025-12-08T00:41:09Z,0.4463897045446882
5365af0e98841111cf2daa26575865cc,e478dy0CKYE,Now that Fauci is gone you'll have to wait.,UC22oHzXyXUuI7Dwf4swr5Iw,@davemitchell6281,2025-12-08T00:35:30Z,0.4455515557271504
a3c5ae999d979422632579f03b68ca4c,e478dy0CKYE,"Reasons why Trump is the greatest president of my lifetime:
1.First recipient of the FIFA Peace Prize,…it made me cry.
2. I’m just kidding, I hope he drops on stage. I call first dibs on Melania",UClWdzNSj1fOYUnhxaLgSyTA,@DarthChurro,2025-12-08T01:19:17Z,0.44545310310218184
d7e9ea0ea08a4e3948ec98bf66ddf935,e478dy0CKYE,🤣🤣🤣🤣🤣🤣🤣👍👍👍,UC4iPlZLj2vRmu2ww13O40aA,@jennilang2464,2025-12-08T00:36:53Z,0.44523703058353387
1b93be76ee8e8a2e55f8f9573c7a3cdf,e478dy0CKYE,Melania is thrilled to be holding his hand. Paid by the minute.,UCKiYIIr7EKNpc_ugNDV7qyw,@ireneperkins3404,2025-12-08T00:54:44Z,0.4446107199450305
162a238ce9597a40667a809ff388c6d2,KjYSHrFkGrU,"Let's call it what it is: what happened between Miss Mexico and Nawat wasn’t some grand moral fight. It was a trivial procedural disagreement that exploded only because it was handled without emotional intelligence. A Miss Universe candidate is expected to carry herself like an ambassador, not like someone itching for a public showdown over a social-media post. Even if Nawat’s tone was out of line, the sashing event—filled with delegates who simply wanted to continue and enjoy the evening—was absolutely the worst place to escalate. One calm line—“I’ll discuss this with my team and get back to you”—would have ended the tension immediately. That’s basic professionalism. That’s what adults do in any serious workplace when a cross-department conflict arises. What made the entire thing even more disappointing was the attempt to cloak a minor logistical misunderstanding in grand slogans like “my voice should be heard” and “this is women’s empowerment.” Put it plainly: misusing these phrases weakens them. It turns meaningful concepts into props. And sure—those lines might impress the naïve, the uncritical, or the overly emotional online crowd. But anyone with a discerning mind, anyone who actually understands leadership or organizational dynamics, can see through it instantly. This wasn’t empowerment. This wasn’t advocacy. This was poor judgment dressed up as a feminist moment. A truly empowered woman knows when to speak—and equally when not to hijack an entire room over a tiny issue that could have been handled privately with her national director. Leaders don’t sabotage the mood of an entire event because they’re triggered by a poorly worded ask. Leaders pick their battles, and they pick their timing. The role of Miss Universe demands diplomacy, composure, and strategic communication. If someone can’t stay calm over a simple promotional request, how will she handle real crises involving politics, culture, or international relations?",UCBHNRT2EdwzANBQPsSn97iA,@vinamarcial9135,2025-12-08T01:07:36Z,0.4440389997111115
c69c406feec636053f35ad73ce86af88,e478dy0CKYE,Is he also going to nominate and give himself another medal,UCrUDzi758oDX9MocYKoFErA,@dare_challenge_a_god1536,2025-12-08T00:48:58Z,0.4438381066808914
1f3bf87b7cd07283be7fb975c809c1de,DMrclXpeGN4,Why the Americans are worried that they have to fight China? Why do they have this kind of mindset? China does not have hundreds of military bases surrounding USA but USA has hundreds of military bases surrounding China. It’s China that needs to worry about USA’s attack.,UCpICZqX1RFQiEkQe0ztxQ4A,@BenjaminYJe,2025-12-08T04:49:02Z,0.4432511368147526
6befa39227b37ca2819f920c98d630eb,oylbyE5Zt0Q,@MissRed92837Hold on…He’s hating on Europe. You may get a free trip. I waiting for free tickets to Portugal.,UCSwydHPBCt9H43eTs2xivBg,@AnneDeCoito,2025-12-08T02:35:30Z,0.44321978606209
af2cf817ecb4fd5893724601c08bf48d,e478dy0CKYE,"Currently ,   Bible prophecy is being fulfilled . The Bible is a book of prophecy. Approximately 
30% of the Bible is about prophecy.
The earth is going to go through a time of tribulation.
The Great Tribulation  will be a time of distress that human kind has never experience before.
Earth will soon enter into this  time  of tribulation, and 
Bible prophecy wil be fulfilled.
True christians  (saved from sin by Jesus  )　will be raptured,
(lifted to heavenby Jesus)
but merely nominal  christians  
(those who are christians in name only ) will  remain 
on the earth. 
The second prophecy tells that 
Israel will be attacked like 
never before .
as  far  as  what happens first,
the order of prophecies 1,2,&3 might change.
1. All Christians in the world will disappear at once.
You might get an image of that if 
you watched the  movie
""LeftBehind "" but 
I think the Rapture will be incomparable  to the movie.
The movie cannot be compared 
with reality when the Rapture occurs.
2. Damascus ,the capital of Syria,will be destroyed.
3. The countries of Russia,Iran, and Turkey will attack Israel.
God will miraculously give 
Israel the victory in this battle.
The rise of the anti- Christ will occur  when he is 
welcomed as the new world leader.
He will confirm a peace treaty with Israel for seven years.
This will begin the Great 
Tribulation, which will last for 
seven years.
The anti-Christ will lie to the 
world about why Christians
disappear. For example,
the anti-Christ might lie and say 
that extraterrestrials snatched 
people who don't believe
in aliens from outer space.
During the Great Tribulation there will be famines, desease,
epidemics and pandemics 
and many kind of natural disasters. During this era of time 
in human history, hardships 
will happen like never before
experienced by human beings.
The anti-Christ will cause 
the Jews to rebuild the temple
in Jerusalem.
This has been difficult to achieve.
The anti-Christ will also cause 
the Jews to restore the 
ritual sacrifices in the temple.
The false  prophet (maybe a 
Roman catholic pope )
will create and lead a one 
world religion. After  three  and 
a half years,the  anti-christ   declare he is god, and 
make people worship him.
The anti-Christ will also break 
the peace treaty with Israel
after three and a half years.
The anti-Christ will coerce all 
people to take a mark of 666 in 
their right hand or forehead.
This mark might be a bar code 
or microchip .
The Bible says that those 
people who refuse to take  the 
mark will not be able to 
buy  or sell, and will be beheaded.
The people left behind who are 
repentant  Christians  will 
reject  the anti-Christ and his 
mark, so will be killed.
The people who followed the 
anti-Christ and took the 
mark of the beast will cast into 
the everlasting fire because
of God's forewarned judgment.
Those people who didn't 
follow the anti-Christ and who 
refused to take the mark of 
the beast, will go to be 
with God in heaven at last.
The Bible says that we should
never take that mark.
Jesus Christ's second coming 
will be at the Mount of Olives 
at the end of the seven 
years  of the Great Tribulation .
Then Christ will begin  1000 years of His earthly 
Kingdom.
Bible prophecy has been fulfilled 
in the past, but there is also 
still more that the Bible says  about  prophecy that will 
be  fulfilled  in the future.
Now, currently, today  is  the 
time to accept God's saying 
grace, before the beginning
of the Great Tribulation.
Those  people who believe that
Jesus Christ died on the cross 
for their sins, they will go to 
heaven  to be with Him .
Believing this is the priority 
above everything else.
I hope that many people will 
choose this before it's too late.",UC7cz6zV7mS5rGMRxUas6C0Q,@りこ-k6n,2025-12-08T01:39:14Z,0.44317417930597214
6f270a05e16ca576785158035c07e654,oylbyE5Zt0Q,"Why do those fishing boats keep going out, what's wrong with these people?  DON""T GO FISHING!!!",UC8SqVJZAXXm0SXhP_1G7eOQ,@BillyColeII-dr6dk,2025-12-08T01:51:09Z,0.4429856042348115
b77673b0df85735ee36dfc61d9ef0d45,e478dy0CKYE,Sloppy Seconds,UCrtF9tnV9T1NewZCySMN_Qg,@InternationalScoutIIHarvester,2025-12-08T01:12:56Z,0.44289693895087323
2aab0705d8084e39b5e10a1167202171,oylbyE5Zt0Q,​@ThePaterfamilious Actually both parties are owned by IZREEL.,UCbzJbibXxfUYXJpiIJ01ajQ,@o00p,2025-12-08T01:42:28Z,0.4422013791050147
6ad5bd91c3771af97fea2afd66c84cd7,e478dy0CKYE,I won’t be watching. I hope he gets boo’d,UCx4uGNyk_sK9fBOu33RVY_Q,@SamanthaStevenson76,2025-12-08T00:48:19Z,0.4417640302068041
eee542eacd0375823cc5a29e222ced59,e478dy0CKYE,I hope they boo the shit out of him.,UCfahT3ii4D4E0wVAsg7V3Xg,@blandrooker6541,2025-12-08T00:47:01Z,0.441434144481093
758c8ae704db57ff91d0db992edc54b7,oylbyE5Zt0Q,Trump and Republicans talk about bringing down the cost of living and they do nothing to bring down the cost of healthcare... people will remember that in November 😳😳😳,UC4CDo2u0YQk90hOTYDFdfNQ,@BobbyFarmer-l9f,2025-12-08T02:09:18Z,0.44133520181372526
9a61aa1fdf17409d219b0181cb8d71e6,e478dy0CKYE,Melania can't stand being anywhere near Trump. She doesn't just live in a separate bedroom. She lives in a separate city,UCJOJzvDbmGHs393uYE2QKGA,@merkaaaaat,2025-12-08T01:05:39Z,0.4410667326137362
39c7b6757b27acfda9285e2bf48e555c,e478dy0CKYE,Melania looks like she is about to hang herself.,UC6WktgEVFo3N5HO34pHIEWA,@pbfamous07,2025-12-08T01:39:11Z,0.4408450396248116
5dbf49dcc4108925185cdfde5ffbc2d0,e478dy0CKYE,She's a rotting corpse on the inside.,UCuB-i8KZ6vuYUU_7ODozSRg,@xG0ODGR13Fx,2025-12-08T00:40:10Z,0.4408266258201692
ed3538147292ebe24996a5b0eef4e0e5,e478dy0CKYE,You can't afford to go you're living your mom's basement😂😂😂,UC99jvrjs_qCb8Ko2lkDTWfA,@SupremeWin777-7,2025-12-08T00:51:02Z,0.4407051191294574
f594e3eb12483cc68de63ec2f89c71ed,e478dy0CKYE,All right.Can I afford food or my rent?I do not care about this,UCsiye9WoF-yd1jb5NK489dA,@kingmoctezuma21,2025-12-08T00:55:12Z,0.44056662942182445
7e0e95166bc20e059e40a0fb6a334376,e478dy0CKYE,Is Melania still viewed as the First Lady or the Third Wife?,UCJOJzvDbmGHs393uYE2QKGA,@merkaaaaat,2025-12-08T00:44:20Z,0.4404381600285411
d093bbcc5d374728526b97c21c461fc7,e478dy0CKYE,"@adrianl7147 Dude, they're literally Russian bots.",UCQ4PdgUn27MHVt6qC3cH4_Q,@nafet,2025-12-08T00:45:48Z,0.4402589087934451
4f5fd18ce9efb1d0d33b09ca26c92309,e478dy0CKYE,Yep. Because Trump is the consummate narcissist and prick 😐,UCbTqJDynLlq1UXBMKGBj66A,@JNosewicz007,2025-12-08T02:44:43Z,0.44005996354878185
4167ce0bf656aeaa86e070c4791c1a80,e478dy0CKYE,I already bought fireworks.,UCVpl-rVcj-MiA92KtDENiVw,@halfdeadedlifereturningwit3420,2025-12-08T01:03:34Z,0.44000397430145743
3e5470ac44aa2ab6db2301dc602c53d4,e478dy0CKYE,Booooooo,UCJb4VAUDy82NMW04xatvKVw,@slimydude,2025-12-08T00:54:10Z,0.439836654481087
347b87709c84b0c0580cf2cc7d775203,oylbyE5Zt0Q,That was democrats passing ACA.,UCn6eZbZXgeC8lbGpeacwfew,@webporta-1,2025-12-08T01:47:38Z,0.4392065722266586
44bdfa445c2286e580ea6721987c68da,e478dy0CKYE,CNN please get a grip.,UCHUVGigngw3gQ2rCVAeI2MA,@janaschrevel7576,2025-12-08T00:36:36Z,0.43900120273825277
988a1cdd4070813e7e22507817dace53,oylbyE5Zt0Q,And whats Trump solution?,UCMOz_TsuFgcA09vaZy8Svxg,@505Caramelo,2025-12-08T01:33:57Z,0.4388312089042168
fb207964414670ef92689d61d8e44b1c,e478dy0CKYE,They've been doing that the entire war.,UCWwFWL0EQ8uBSsRg29YPFTg,@ThisGuyAgain-w5s,2025-12-08T01:08:47Z,0.4384526729536181
0b04fc3104fa14449d0d4f3b4fefd4af,e478dy0CKYE,I'm still waiting for my $5000 DOGE stimulus check Donald.,UCJOJzvDbmGHs393uYE2QKGA,@merkaaaaat,2025-12-08T00:39:26Z,0.4378992412108279
e2d38296f52752a5655ef6d4cc66f306,e478dy0CKYE,@SupremeWin777-7 Umm... I'd say the dumbest president in history would be the one who thinks water damages magnets. Wanna have a wild guess who that president is? 😏,UCbfjI2yj-FIfMf-aqNfL2OQ,@rahimmajid647,2025-12-08T01:03:56Z,0.4377088143514175
352090f20db11a918882e4a354980d77,e478dy0CKYE,Looks like sleepy Donnie is decomposing in plain sight.,UCJOJzvDbmGHs393uYE2QKGA,@merkaaaaat,2025-12-08T00:58:55Z,0.4376770676748619
cb4d788f0f50c95521f717b85c31abe5,e478dy0CKYE,"Melania tRUMP is fluent in 5 languages. She knows how to say, ''Johnny, leave dah money honey on dah dresser,'' 5 different ways.",UCIAfEDr39yoxzsMT8F1v16g,@donvonschitzinpantz,2025-12-08T00:44:26Z,0.437435308023965
34e9b7600b99c2afcec602e8d5d1a323,e478dy0CKYE,Vomit,UCfEjwTvNuu3ShrdMu30tIsQ,@camdennorris646,2025-12-08T00:46:39Z,0.43708678357414854
e235c8967503ad84609107e93a7e3172,e478dy0CKYE,"'' Jeffrey Epstein stole Virginia Guiffre from me.''

Donald tRUMP

2025",UCIAfEDr39yoxzsMT8F1v16g,@donvonschitzinpantz,2025-12-08T00:41:03Z,0.4368375174494
936b6dbff01726ccfb9637b2b0092c22,oylbyE5Zt0Q,And the POS award goes to ...,UCty0KKpJtvbSz1tmZdzuRRw,@sr.gateau,2025-12-08T02:31:03Z,0.4365107945268913
f9411be7cc79d3099be04a4be12e9fd1,e478dy0CKYE,​@halfdeadedlifereturningwit3420not anymore 😂,UCrvjZYTceiyoeoaqZdXFacg,@imveryhungry112,2025-12-08T01:12:57Z,0.43603598448270153
7961954c9bbf640b8a7756def34d7b75,e478dy0CKYE,This CHOMO felon traitor is acting like a royal while real Americans suffer,UCalfTDuHtgXEyWKCs97VuFA,@Shadyjdsmamaw,2025-12-08T00:51:26Z,0.43602538602098295
f5e1b2826e8d674e56d5f3a6fb635986,e478dy0CKYE,"After hosting the show, he'll be up all night venting on Truth Social after he watches Marjorie Taylor Greene 60 Minutes tonight. 😂😂",UCSJMBi6A0hQeicVweTCKn4Q,@spectrum76t4e66u,2025-12-08T01:12:56Z,0.4360197782325712
f2e247886f0f3834206b285088d9bcea,e478dy0CKYE,@badluck5647 Jealous ?,UC22oHzXyXUuI7Dwf4swr5Iw,@davemitchell6281,2025-12-08T00:39:09Z,0.4357709074888339
b89b0f1801d9c1063bed5d50be154653,KjYSHrFkGrU,"Sadly, none of the real story was covered in this CNN interview. CNN blew it.",UC74Nh9NadTBV6LrXWOqsl5g,@ALICIABOJANGLES,2025-12-08T02:02:15Z,0.43562196950792365
d5cf8865816bb38e4bf9c118ac027c1e,e478dy0CKYE,@merkaaaaatI'll admit she is waiting.,UC22oHzXyXUuI7Dwf4swr5Iw,@davemitchell6281,2025-12-08T01:26:21Z,0.43497610551946797
d03f31d0f3c978283a382c6bfc58678b,e478dy0CKYE,It's been going on since the beginning.,UCVpl-rVcj-MiA92KtDENiVw,@halfdeadedlifereturningwit3420,2025-12-08T01:08:56Z,0.4346003101725473
4294da0c355f1f5807760298ad195f91,oylbyE5Zt0Q,"The democrats passed the disastrous ACA, then set the expiration of subsidies with ARP. Both passed along partisan lines. They could have made them permanent.",UCSzfruIYTMmQWRhsJ8X1IaA,@arudiga,2025-12-08T01:26:07Z,0.4344334822389598
bb3289795219b4614901a4a08a3ad3ce,e478dy0CKYE,"Trump SNAPS with INSANE announcement on Truth Social. As Trump has shown, how stupidly insanely crazy he really is. https://www.youtube.com/watch?v=RmWa1XibmhU",UCaoKfuiXh65zjATLQHenR0g,@annareismith6843,2025-12-08T01:08:25Z,0.4338485827230818
7b8eb873c41b1cbe3a66ccbe1543de13,oylbyE5Zt0Q,​@davemitchell6281 Bernie Sanders.,UCKED68JWmO_n20tke_BRJQA,@tejanoj3017,2025-12-08T02:42:36Z,0.43376679130792206
7b20ff710ee0438ed5dcf46ebba66d06,e478dy0CKYE,Trump's really packing on the pounds that tux looks ready to explode.,UCPXB8a7JUa9Hi4npX-B3idA,@roberthollingsworth8940,2025-12-08T00:38:36Z,0.4335565713193943
ffbd5b079ec93a4e9d5168010b7545db,KjYSHrFkGrU,"A Miss Universe have 3 distinct quality. She is either very beautiful, great communications skill, or great stage presence/performance. Or all of the above. But she needs at least one.... She doesn't have any of the three.... Any of the 4 women  un the top 5 outperformed her in every aspect.",UCJOM7oPax-ptotYxCEqEisA,@damn671,2025-12-07T22:53:38Z,0.4321024509594734
ad4d388590b90a255fd126dee93d5a8f,e478dy0CKYE,Always sold out.,UCVpl-rVcj-MiA92KtDENiVw,@halfdeadedlifereturningwit3420,2025-12-08T01:05:55Z,0.43175731118610483
109047e2c2e2f837007cd9fbdbf37b65,e478dy0CKYE,The only people there will be NAZIs.  Don’t let the time go to waste.,UC_a3MdtTBQkM2hT2beOVIZw,@blakeusry124,2025-12-08T02:44:42Z,0.4312992647703182
2382b02f7e6cd54b08254da775493807,KjYSHrFkGrU,Leave her alone,UCT3NgLNHGYXYA2mGQbaSw0Q,@petewong2372,2025-12-08T01:34:01Z,0.4312953919843139
b44dd9ff79fcb16160c441751684f76f,oylbyE5Zt0Q,the ship has sailed.,UCtQ-oAeXbU2Uii0Z1qn2rzw,@paraintheworld,2025-12-08T01:33:36Z,0.4311414704718691
c09d659105ec3d396a6cb33a0364b70e,e478dy0CKYE,Thank You President Trump for cleaning the woke out of that place ❤️,UCBcVvd4jvx7aC9smT59ZOuQ,@PSLLP,2025-12-08T00:40:06Z,0.43046916229177445
045d68760b1a0d5b3c3fddae53cd346d,e478dy0CKYE,America Needs a Commander & Chief NOT a Pedophile & Thief Pahaaaaa! 🫠,UCdyFYZBDR_mOqjAV7MlU0EA,@Dislocated617,2025-12-08T01:03:35Z,0.43046859495521966
d1b5b2ccd412230314bdf3cd707e489a,oylbyE5Zt0Q,Scott Jennings is a Total MORON !!!!!!!!!,UC7xS_FnH1hfz2Vzwpt8BS7Q,@Gandalf51,2025-12-08T01:26:14Z,0.4304327084099613
40f133e176687cdef19798fc1f9d30bd,e478dy0CKYE,Thank you President Donald Trump for saving our country and giving it back to we the people. Best admin in history MAGA,UCwsNrEYUpNKc_sJdVguokUQ,@dnrdufty,2025-12-08T00:57:47Z,0.4302876334042305
99ee6863ac60171e374e4db883ad992a,oylbyE5Zt0Q,Be passion only 36 months more end everything going to be OK,UCZDXdwYnUXOLnNCB-3IkHDg,@ilirajeti4207,2025-12-08T02:34:57Z,0.429227264826638
48880d0be6ad5b7d9f18c77bf1c10adb,oylbyE5Zt0Q,Republicans let your premiums sky rocket. They don't care,UCMOz_TsuFgcA09vaZy8Svxg,@505Caramelo,2025-12-08T01:33:24Z,0.4290364783005214
0bb799ef727d6a48b252f585f468dd10,e478dy0CKYE,Most hated President in US history.,UCm0gI5ZNFaiBiQVZE4Tl_wQ,@richardm4825,2025-12-08T00:44:09Z,0.42842628365757984
ba4abc4d8c00904bbef24215881b086e,e478dy0CKYE,"@jimmychoons5543 A bot script from a Bangladesh troll farm? It obviously can, but will be called out. As you can see.",UCAEzDmzNtaEYdFIX83Pee1g,@erwocoolis9451,2025-12-08T00:57:38Z,0.4282424063461989
17ad70f04b2933f976093f95134f7933,e478dy0CKYE,sounds like an onion article. id rather he t my news from the source.,UCO-t40v4tikdez35-_FneYg,@michaelseanchang,2025-12-08T00:49:33Z,0.42805458519713074
e2b9f3254a1d0202f234098077c43ed2,KjYSHrFkGrU,It's Thai. Are you stupid?,UCpA97btr1wU_WZUqdxu8Bhw,@浜辺のチンアナゴ,2025-12-07T23:06:36Z,0.4279766848104575
8e2f62ff456bf74c281f7f4b55a23d61,e478dy0CKYE,I can't wait to see the BREAKING NEWS headline we all want and deserve.,UCorI6TPrbxh0-_o0S_6Kyjg,@englewoodmusic,2025-12-08T00:32:51Z,0.42742389948843107
8d5531b758d7aaa3ffbc91e341a87868,e478dy0CKYE,Yes. A prize made up a month ago by history's most corrupt sports organization.,UC5_P8Lcig0WIoLL6Gw_8P-g,@badluck5647,2025-12-08T00:36:58Z,0.42720212910640265
e85e765e641d36e8f29524e1a32e48c9,e478dy0CKYE,What number & place is there for Stormy Daniels? I liked that girl!,UCwHi44RMhCcw6eqtpGpOhFg,@irinafrye9031,2025-12-08T01:26:22Z,0.42715471899747287
8d82aacddbc6b293e5eb67a120c25e30,oylbyE5Zt0Q,Both parties are bough and paid by big pharma otherwise they would have given us universal healthcare which is cheaper than the current system and covers everyone and most developed countries do have universal healthcare .,UCcz6X0gof6KlkIFGx_4KqBg,@adva501,2025-12-08T01:24:02Z,0.42713386779392626
5f492c8c2cab6e208c486cb32b55447b,oylbyE5Zt0Q,Any updates on John Griffin (this networks olproducer)?,UChAV7SZikJzAxI-Vo1H0nwA,@PC-tc5je,2025-12-08T01:19:18Z,0.4270783970170443
ea537a1667f225b65f5291f3bff0ba0f,KjYSHrFkGrU,Trump is moving on blue cities like it's a Miss USA pageant 😂,UCQwDemEqVd_uGgAI-nOID_Q,@ChrisDeWine,2025-12-08T00:07:19Z,0.4268728408859649
f7ac4b2f24644f07efddf92077eeadc3,e478dy0CKYE,@irinafrye9031 yep I need to lose a few as well.,UC22oHzXyXUuI7Dwf4swr5Iw,@davemitchell6281,2025-12-08T00:58:49Z,0.42685142867354153
f7f81679b48be828aab8696f8c46926d,oylbyE5Zt0Q,I just had a new knee and it cost me 40k no i'm only joking I had a new knee and it cost nothing but maybe that's because I live in Britain and don't have to pay anything.,UCXJ4BCSpYUpKzl2itoM2fuQ,@tonyturtle,2025-12-08T01:53:50Z,0.42636113846606977
5ad906802cb98c65683609cf54b19f92,e478dy0CKYE,Dozy DonOLS will fall asleep ~,UCHVVDFs73xBmB1B5-BV8wcw,@timkasten343,2025-12-08T01:05:07Z,0.4263558687053136
1a535a9c877ee4f9ea5e8f1aee9dd194,KjYSHrFkGrU,Troll,UC1tZT_N9LhgJyFFeMgtbCPg,@jorgegomez3691,2025-12-08T02:36:47Z,0.4262595309629244
1762d71088f9359a448b006bcc34f742,e478dy0CKYE,Now this is an awards show that's getting low ratings cuz ain't nobody watching this with him as host 😂,UCH8VxpBuDVKP0IBrYZN2fBg,@Vader91,2025-12-08T00:45:05Z,0.42615039787086695
e6f8c56a74cf77f2022844242fb03892,e478dy0CKYE,It's like the NFL for thanking on his contribution to neuroscience,UCxcHzPE_2bXCw3DUZF8ccgg,@lukeamato423,2025-12-08T00:54:07Z,0.42598204836703857
cc0bd5fcbd8d72d1b751108697119fbb,KjYSHrFkGrU,😊👏👏👏,UCbE5N5NjNhxNzBFdvXEZ3MA,@patricemasson6828,2025-12-08T01:15:03Z,0.4259216158045867
449a02ed7fc3dc4f9cb9c89c07176839,oylbyE5Zt0Q,​@BillyColeII-dr6dk Thank SCOTUS for that.,UC1X0QkDDx9PsjJUz9YNvH3Q,@MileHile,2025-12-08T02:24:07Z,0.4259034408307445
cfcac9083de091945b7d330699635c76,e478dy0CKYE,"GARBAGE 
GARBAGE. GARBAGE. EPSTEIN EPSTEIN EPSTEIN EPSTEIN EPSTEIN EPSTEIN EPSTEIN EPSTEIN EPSTEIN EPSTEIN",UCKEGsJmgzI_RGP58rRRBxZg,@LUISRAMOS-hl2bq,2025-12-08T00:59:44Z,0.4247483177526937
70d1fdf4557ed1fa5ed9eac19463916c,KjYSHrFkGrU,"I ignore bots & trolls, if you don't like my comment than go back & stay at Fox fake news 👊😊👍💙🇺🇲",UCvxso9TSmIo7dz50SSJ4LdA,@benjaminnavarro4324,2025-12-08T02:36:46Z,0.42450644048519853
771ec5dc5ca86d44d93114f84313e843,e478dy0CKYE,"Clearly Republican, no question. You are sinking fisherman while thinking they are drug dealers, you are storming the capitol while thinking you are protesting, and it very much looks like Bubba is a man.",UCAEzDmzNtaEYdFIX83Pee1g,@erwocoolis9451,2025-12-08T00:47:43Z,0.4240873712869313
20d1d277b0f8a5f19a8f3afb5f901b67,e478dy0CKYE,"I don't know about you, but my SNF tonite is more important than watching Trump fumble around in an oversized tux.",UCEZy4uHtukC6TjmzdgRia_g,@richardschulz1062,2025-12-08T01:14:19Z,0.42362734158184623
1b0d96fe72d0be732ad198389bc918d0,KjYSHrFkGrU,"Gambling CNN, really. You immoral garbage network.",UCQsbJv_EifQB8kTD5q-xQ2w,@USAoverrated,2025-12-08T00:23:44Z,0.4234440538982971
51cb9350098e476cfd496dc7a6d5ded6,oylbyE5Zt0Q,Vote all Republicans out if they let this stand.,UCaoKfuiXh65zjATLQHenR0g,@annareismith6843,2025-12-08T02:07:59Z,0.4228952059771152
c1f5a5d5df0e6379c85a534fb2be0184,KjYSHrFkGrU,"😂😂she looks like Michael Jackson😂😂😂 hideous girl, 😂😂😂😂",UCAoA1Cs3nkQFFa6_GdSs9bA,@thukelomaqoma7760,2025-12-08T00:07:18Z,0.4227215441472346
4d8a31a3a875f585389adf1969912c85,e478dy0CKYE,Stallone got himself a Mare a Lardo face.😂,UCJOJzvDbmGHs393uYE2QKGA,@merkaaaaat,2025-12-08T00:49:23Z,0.4221671897264909
9e0de3aeca92f6a8a956c479909426df,e478dy0CKYE,The world loves president Trump,UCftwnmn5yFKNKLcfBKJh5tA,@Hayden.McKenna,2025-12-08T00:43:42Z,0.42215296120257817
49f81847f2fd3b15c5742dd29997f7f6,oylbyE5Zt0Q,Two Weeks,UCJIDpJtdIXefzoQclAzBjjw,@jonathanboam5409,2025-12-08T01:17:46Z,0.42213408365928606
48bd6eb476d82639aced5dceac10d2b0,oylbyE5Zt0Q,"Trump Base realizes that their shutdown was nothing but a FAILURE, and the Democrats fight for the ACA Tax Credits should have been passed from the beginning!!! ;-) When Trump supporters have lost their Principles, Policies and Values they gave up all Religious Principles, Legal/Constitutional Policies and what was left of any Family Values they grew up with!!! The GOP has based their support of Trump on Tribal Partisanship and a corrupted Cult Following of Trump... The truth of the Don Con has come home to roost!!!",UCQvJGoOlnlsiFYCuJUHOomw,@ThePaterfamilious,2025-12-08T01:33:19Z,0.42116658243150007
f01099f5805a39bd114235340a256233,e478dy0CKYE,How much are you charging Melania,UCqyjWcMS6Pm7hdWQ8kyCvlg,@DARWINZOO,2025-12-08T00:53:58Z,0.420978386998724
61e1750568741c95b2d093e023c1b096,e478dy0CKYE,"It sounds like CNN does not like President Trump being the moderator at tonight's hosting. 
Would Joe Biden have been able to do the hosting when he was president of the United States I think not. 
CNN gets to attack the president again. This is something CNN has been doing forever. Unfortunately that very unsuccessful at attacking president Trump",UC2qj76e7g9tUfZLWO922hNQ,@billual,2025-12-08T00:39:37Z,0.4207340727614517
fcd3d3d4465cce54624f4426ae20ae30,e478dy0CKYE,"She is Dirty Donald's immigrant eye candy, transactional with money when needed to make an appearance.",UC_8G031QPI7y2nG3b6setyg,@jucat60,2025-12-08T01:59:03Z,0.42046830902901994
0b233993d7b33e126ed5bd4705e47448,e478dy0CKYE,"Who gives a 💩?
🔩CNN.",UC4P8KZ-8kTIrYM0tc3sgd2w,@kevinlowry3814,2025-12-08T01:07:46Z,0.4204148408617464
269a17eb19df9e7ef2d4b68e9e4ef342,oylbyE5Zt0Q,"Name those countries. And don't say Canada. In my country in Europe conservatives, pharma and privatizing/private equity have made health totally unavailable, just like in America. They are already complaining that too many people are visiting emergency rooms, like if they had a choice with no doctors available. Make cuts, take the money, blame the others if nothing works anymore, like conservatives do.",UCAEzDmzNtaEYdFIX83Pee1g,@erwocoolis9451,2025-12-08T01:33:41Z,0.42014890450439135
099003e88393879f0edb3f06ead08a16,e478dy0CKYE,@PC-tc5jebot account.,UCeGaYSWw66ydETLSLB71xIQ,@Butterymales-t7u,2025-12-08T01:22:05Z,0.4200407795207901
26fe8246af033ffb43db9c0e75c99e8f,e478dy0CKYE,Fuck KISS and every other group or person that accepts a corrupt presidents awards.,UCSkj7dZGnslVgSl_yNWCpnw,@pamelaarmstrong3612,2025-12-08T00:45:30Z,0.42002536298515336
aa89a0d34c5e6532bbc548e9eb6e43ae,KjYSHrFkGrU,She is beautiful and well spoken. ❤❤,UCBRIJyTKNCVydU-L2NSnmYg,@seantran5011,2025-12-08T02:02:21Z,0.4199059537530019
9a9df198fe505269ee147a367ed24c3c,e478dy0CKYE,Which made up award will the orange toddler get tonight???,UCm0saZgfveXY5KGTT6UDX9w,@KeithJackson-ux7eh,2025-12-08T00:34:51Z,0.4197027829356045
c056d1ffd7d403ec581712ba635dd4f9,e478dy0CKYE,That Ozempic isn’t working😂,UC1lI3zJ724WKngHW_pdKNjA,@ramiroavila9374,2025-12-08T02:38:58Z,0.41967422170598023
f537a14fe5b4f6a9fb207ee0abd0a3db,e478dy0CKYE,@nafet Bang     Bang,UC22oHzXyXUuI7Dwf4swr5Iw,@davemitchell6281,2025-12-08T00:47:18Z,0.418983922223161
efe58a96eb43173c096085db4074c357,KjYSHrFkGrU,"Bring back television....
 (no comments) 🙏",UC79-NrKePYtESqPbEbbd4fA,@Villapallenberg,2025-12-07T22:43:53Z,0.4188053960146461
d4cf4c6a086786995395e152fb0c2637,oylbyE5Zt0Q,Everybody must receive vaccines!,UCOnULsxLCgbXeD313udb7Ow,@EDUARDO-bj9wf,2025-12-08T01:26:29Z,0.4182214698198723
2095b3ca6cc4d8361e2720d25f14fce4,oylbyE5Zt0Q,Hegseth for president,UC_2UYrJRM73YNU-B4qemTrQ,@billmcgee2066,2025-12-08T01:46:23Z,0.41797484693114484
68647af083d488f43a2d20b17c10011c,e478dy0CKYE,"Wow... He's partying at the Kennedy Center while there are 3,000,000 casualties in the Ukraine.",UCrsgBpJ3f72JyHeRDa1SEKw,@mattreviews5502,2025-12-08T01:05:56Z,0.4179208318459589
6fafe05cffaac8a0a78b01d697b5e7b6,e478dy0CKYE,"You obviously are not familiar with President Trump and as many accomplishments since January and re-entering the White House. Inflation is a whole lot more under control than it was with Biden, gas and grocery prices are down. Apartment rental a little bit cheaper and this is all while Donald Trump presumes the presidency..
Fentanyl is not entering the country as it was on the Biden we have less illegal immigration in the country in fact I think it's down to zero. 
And you're criticizing president Trump you must be one of the illegals and entered the country why don't you sign out your name so it's about men of Justice can look you up and verify you're a citizen or not",UC2qj76e7g9tUfZLWO922hNQ,@billual,2025-12-08T00:45:16Z,0.41748369400238683
66c5f93c7fb53e3b30257d0212274ba0,e478dy0CKYE,"He ended 100 wars yesterday, or maybe it was 6 million.",UCWwFWL0EQ8uBSsRg29YPFTg,@ThisGuyAgain-w5s,2025-12-08T01:07:15Z,0.4168965959060945
248fa9191adff3ba92fa0c90ee466621,oylbyE5Zt0Q,@o00p agree,UC22oHzXyXUuI7Dwf4swr5Iw,@davemitchell6281,2025-12-08T01:44:23Z,0.4166203200589249
9cc4ac4b281aaa71b3a1dc3bb97b62d1,e478dy0CKYE,They do.,UC22oHzXyXUuI7Dwf4swr5Iw,@davemitchell6281,2025-12-08T00:45:36Z,0.4163956953000568
90e7d3aab55a2a3d56cbb75079217d3d,e478dy0CKYE,We MAGA of the Devotion pray that our dear Don Jesus cancels the show and dances to YMCA for three hours sssssQREEEEEEEEEEEchachachaaaaa.... 🦜💨,UCpSEFToGGts_D3nZwhlFeaw,@_ULTRA-_-QMAGA-_-PARROT-_-,2025-12-08T00:39:26Z,0.4163934551830071
de71ac10912c2b69fe5f1bfe95addffc,e478dy0CKYE,Any updates on cnnns olproducer John Griffin?,UChAV7SZikJzAxI-Vo1H0nwA,@PC-tc5je,2025-12-08T01:07:38Z,0.41632256027343567
b60a9eda11411446b9aa63097f1c5849,KjYSHrFkGrU,"Every women at one point in her life dreams to be a sex goddess. If you don't believe me, find the most prettiest girl you can find tomorrow and call her hideous. I bet you she will take your criticism to heart. No matter if you're an alpha male or bottom of the bottom. It's easy to destroy their self esteem but why would you?",UC4PZo94M23QNoaIzr2lv2cg,@Tom-z8y6z,2025-12-08T01:07:34Z,0.4162997194218748
9c3f953d28097be8d62cba7277ae9e0b,oylbyE5Zt0Q,@mikeb5664 Who does?,UC22oHzXyXUuI7Dwf4swr5Iw,@davemitchell6281,2025-12-08T02:40:04Z,0.41611004802478946
b3a740f7b220c685477fb978dab96863,e478dy0CKYE,washing of the feet after he wins the war on poverty,UCWWIFcSnnhzPvxjOy-IfANg,@StargazerFromBC,2025-12-08T00:54:41Z,0.41598434826334674
518aef3a692052c568e44f7db7fcd10c,oylbyE5Zt0Q,It's ironic that magas will be hurt the most by this.,UCPXB8a7JUa9Hi4npX-B3idA,@roberthollingsworth8940,2025-12-08T01:19:22Z,0.4158155651583949
12a633adcbd73ad60fc26d822006a7cb,oylbyE5Zt0Q,Mandela effect,UCWYL7LbGgjjlJcNnoC8mSGg,@JetTech1992,2025-12-08T01:49:41Z,0.4151665887078798
9d45f6c54915705e97394d75fc4ba6cf,e478dy0CKYE,Trump is considering to replace Pete Hegseth with Mike Lindell,UCfHegrhOBK3bGHE5a3avrzg,@Rok-po4wn,2025-12-08T00:39:15Z,0.41433089789743227
7b3a3170ffad4fd3d3ca050d45f8b41f,e478dy0CKYE,😂😂😂😂😂😂😂😮😮😮😮😮😮😮😢😢😢😢,UCWBhiJqQW8fh5yp6jbQJ0xg,@geoav,2025-12-08T00:53:49Z,0.4141454474331897
1c6ab4bdc0c2ed0192acb3583981d285,KjYSHrFkGrU,Not as much damage as Stranger Things which caused the sexualization of many children(who today are adults).,UCBMoHIaWI0RoVbF-AYzZzVw,@Docrine682,2025-12-08T02:29:48Z,0.4136374224748153
57e0360dff022623167a3c03c5b1d7d2,e478dy0CKYE,"'' If Ivanka weren't my daughter, perhaps I'd be dating her.''

Donald tRUMP",UCIAfEDr39yoxzsMT8F1v16g,@donvonschitzinpantz,2025-12-08T01:03:57Z,0.4136312053176431
cae9d68a4e025903afcda17f80a17832,e478dy0CKYE,RELEASE THE tRUMPSTEIN FILES!,UCIAfEDr39yoxzsMT8F1v16g,@donvonschitzinpantz,2025-12-08T00:42:27Z,0.4135789095471769
ec2358f3ed29b7475d0cc1bb357b7c20,oylbyE5Zt0Q,"This is such a nonsensical argument.
""On principle"" Republicans are going to refuse paying part of the insurance premium, so *you get to pay the whole amount to the insurance company.*",UC5_P8Lcig0WIoLL6Gw_8P-g,@badluck5647,2025-12-08T02:24:09Z,0.4134794808292925
af0ffad934b6bec4f5a56648544868fd,oylbyE5Zt0Q,"Yup. In Switzerland I paid 350$ a month for healthcare. Next year I’m leaving the US, where I have no access to affordable healthcare, and will be moving to Italy where I will have healthcare for 2000EUR a year! 🎉",UCnr_4bUnFR3mpU2vYs4uQzQ,@MissRed92837,2025-12-08T01:59:45Z,0.4133084876397714
1ee598b74c16f3fc39b396958158fb62,e478dy0CKYE,He’s going to sleep. 100%,UCveEf-Fh-hPSBLpthyTYX6A,,2025-12-08T00:52:13Z,0.4132415138059158
16e6fc29d441fac87ce1725203bb4e8a,KjYSHrFkGrU,@toni-xz6ddNo. But I have eyes and ears.,UCJOM7oPax-ptotYxCEqEisA,@damn671,2025-12-08T01:15:09Z,0.412797663449944
94eb209802f3a1f9c6c3b0ec99a3109e,e478dy0CKYE,Herod and Herodias.,UCntX6_cV3labt8C16u55EfA,@WillofGodwhosoever,2025-12-08T00:46:44Z,0.4125957039523891
47b7c3390b7ea04303acb1679d7e35b4,e478dy0CKYE,A mango coloered man and his European cat,UCga4dF9awtlnrLVLB6aQvTg,@dh-bbh,2025-12-08T01:14:25Z,0.41244828005589396
8272134498d16ec27faff5ebcafb7b72,oylbyE5Zt0Q,"I’ve given up on insurance, squeeze juice from a prune ya bastards, I’d rather not be stuck on this shthole planet any longer than necessary anyways",UCosYBwyxX3UR7vIVH3Tv6wQ,@eddiejames8647,2025-12-08T01:51:06Z,0.41244060237460156
1f80c966a84a3e8a009e76bd34bf1f24,KjYSHrFkGrU,She’s so beautiful!😍,UC1lI3zJ724WKngHW_pdKNjA,@ramiroavila9374,2025-12-08T02:34:34Z,0.4115213851021584
96a1d699b3b9e39b247c9f494a4f01c5,e478dy0CKYE,​@SupremeWin777-7obama was the most hated,UCWwFWL0EQ8uBSsRg29YPFTg,@ThisGuyAgain-w5s,2025-12-08T01:05:28Z,0.4114836039160077
1f047009d08c855d12827b7f4dd17f70,KjYSHrFkGrU,I wonder how they feel now she got the participation prize ?,UC9mhc1p5GVhZvyLvrOB33JQ,,2025-12-07T22:53:35Z,0.41137242798621126
5acd9319e8b18e77a25ebee9543b266b,oylbyE5Zt0Q,and how do you fix stupid?,UCUyUJfrc7R8TsrnNIagRjzw,@KikoNYC,2025-12-08T01:35:19Z,0.4109090311609652
3ce025f691da4f286ee5794f78b488e2,e478dy0CKYE,He will. He’s full of that Adderall.,UCeGaYSWw66ydETLSLB71xIQ,@Butterymales-t7u,2025-12-08T01:13:02Z,0.41086814478561356
742c49263c2b182f185ca1e0d97aaaec,e478dy0CKYE,Do Americans know that Israel is misleading America?😅😅😅,UC52Aj4zquftc7DPfW0pukdw,@sudheera4669,2025-12-08T00:49:41Z,0.41006981907687057
c9bf5e73273c48877ae20a606246d935,oylbyE5Zt0Q,"CNN partners with Kalshi, a gambling app that lets you wager on starvation in Gaza. Don't hide behind Zionism, stand on it, say it with your chest FOX jr.  C'mon, you need my permission?",UCMvlV3RAOMUUbZMFp_kbsOA,@LittleLadWhoLovesBerriesCream,2025-12-08T02:28:07Z,0.4098231901854383
b9c0e176f3f01e0868b09a812e54b850,e478dy0CKYE,TEAR DOWN THE KENNDY CENTER.  REBUILD A NEW DIVERSITY CENTER BASED ON KENNEDY’S DEI BELIEF FOR THE U.S. AS DID ALL FORMER PRESIDENTS UNTIL THE NAZI FASCIST TRUMP.,UCoR0hGjVYW7OVax1NBJyDuQ,@kelly3265,2025-12-08T01:28:10Z,0.4093620303169616
0da6f3db7ecd87733548c5f2aa764072,e478dy0CKYE,"If trump is going to be there, then I won’t be going.",UCBUel7A-A7fHMt6v8k9a9dg,@Steve-p1e2h,2025-12-08T00:39:00Z,0.40865035198342836
f057c10fa25f3b4ed6bffd95b05550ba,e478dy0CKYE,Can’t wait till Dozey Don doze indefinitely 🕊️,UC3eLRxZOkTWE5UFfNhNZY3Q,@SM-zd6ws,2025-12-08T01:04:55Z,0.4085968686441598
49f4705346e39878bef6fb7d69a6227e,KjYSHrFkGrU,Jake Tapper think he is innocent. He uses his platform to spread hate everyday.,UCuQT8-wrLwjP12PHQdmk0Tg,@edm8037,2025-12-08T01:14:52Z,0.40858814830934465
431244602f9b6e959474f555fdf3c603,oylbyE5Zt0Q,"@sr.gateau I don’t think. It’s a fact with rising premiums, unsustainable subsidies, implementation failures, increased substantial moral hazard introduced.",UCSzfruIYTMmQWRhsJ8X1IaA,@arudiga,2025-12-08T02:42:37Z,0.4084358272430011
dda6e0c52a06858365bbe0ba64759fae,e478dy0CKYE,"📰 Sylvester Stallone, Kiss and Gloria Gaynor are among the luminaries being celebrated Sunday at the annual Kennedy Center Honors, with Donald Trump hosting the show, the first time a president will command the stage instead of sitting in an Opera House box.

Since returning to office in January, Trump has made the John F. Kennedy Center for the Performing Arts, which is named after a Democratic predecessor, a touchstone in a broader attack against what he has lambasted as “woke” anti-American culture.",UCht1jH3Kf6RPM9dFyiVTFJw,@cashaeleatemla,2025-12-08T00:35:39Z,0.40820828254769836
fe24a5cf27c472e77c20ea28f75cd1c7,oylbyE5Zt0Q,@stevep7713 And I thought Trump was going to come up with a plan to replace it? It's been 10 years. The only thing he has produced is feces in his trousers.,UCPuH007CQZCQssvAo1dUvTw,@WilliamBratzke-g3g,2025-12-08T01:34:12Z,0.40763329352328437
e22223c28097bdaeabce7ef326b63cc9,oylbyE5Zt0Q,"Problem is that Fauci, the WHO, and CDC lied to Americans and now we trust them.",UCoOJg6dZZvzCEeFUj7ECQCg,@DaveSchultzXXL,2025-12-08T01:30:58Z,0.40757083228538526
3b44b618063005c56d258b4f6e793b45,oylbyE5Zt0Q,"20,000,000 illegals get everything free",UCWjVrEuj6j1Chqmxon51d4A,@Bob-bb3ur,2025-12-08T02:35:29Z,0.4072654856042414
aeccc6bb320bf40e5c683df65ff681a6,oylbyE5Zt0Q,Name one time Democrats lowered the cost of anything? Raising taxes or increasing the national debt is not lowering costs. Can anyone named a single time Democrats lower the cost of anything.,UCRT817aaVgXP3cWlxAq-_iQ,@wiz_kid,2025-12-08T02:03:32Z,0.4069670508867239
cf46f85303d3aed47bcf3e57b59a520c,e478dy0CKYE,"BOO! 

How many people attended? How many people booed him? He probably stacked the audience with all of his racist,  fascist,  MAGGOT MORON, sycophants. 

This is the KENNEDY CENTER, NOT the melanoma trump center.

Trump's renovations appear to consist of tearing buildings down and rebuilding them with fake gold and other garbage. 

😂😂😂😂",UCzJFlvyDL2lIm6nYRWymn8g,@bluesky6361,2025-12-08T02:29:34Z,0.40667991864407144
0868ba727baf9f06dd7b5dcecae4a8a8,oylbyE5Zt0Q,Scott got all scrunchie-faced because he wasn't politically aware when Obama adopted the Romney health plan . . .,UCwKEA2u2esSxf5LM1IzZT9Q,@leomuzzy6554,2025-12-08T02:08:00Z,0.4065997617390066
aec69f260bebc942658fe88e87e2d268,e478dy0CKYE,"This corrupt Dictator takes over and screws everything up Kennedy Center losing $, costs are way up, and next health care costs will double - his makeup is dripping again 🤮",UCqJDXsUW2OmT9kUIy6aJJPg,@kjmax68,2025-12-08T00:35:00Z,0.40620329009287354
a5aa10030ed90d40c75fa89ae69e8856,e478dy0CKYE,"The MOMENT, he has a chance to SIT ..... SOME TYPE of #benthead or #leaninghead TRYING TO GO TO SL😴😴P",UCXt9cmCBWpP9QN1FcL7RZMg,@desireeburton3923,2025-12-08T01:41:12Z,0.40613303107057536
a4c77492dac091401baf2b287b0624ea,e478dy0CKYE,Participation trophy president,UCMXCe7S42Ui-n-FEmAQaQlQ,@DeepCFishin,2025-12-08T01:27:37Z,0.40594997579120196
bf9053662d22d03893c967b9734d7e42,KjYSHrFkGrU,"Everyone heard him, of course they knew",UCl6rOFGVHJeNBZ0GZhxQFMQ,@mariadealva9059,2025-12-08T02:34:40Z,0.40571233908604737
bb0c088d93737e877767db3b3a54e12d,e478dy0CKYE,North Korea Shit,UCwgVw6Cmebcxgvfd__DkDSA,@fireman5171,2025-12-08T02:39:02Z,0.4056762570807423
55a6e78d7218eb170f2c823d60e83a50,e478dy0CKYE,Utube employees are BAT S... CRAZY,UC22oHzXyXUuI7Dwf4swr5Iw,@davemitchell6281,2025-12-08T01:19:23Z,0.4053395794750223
4e5b1a04e91a56ab18b0f4cdbfc0d9c2,oylbyE5Zt0Q,Dream on.,UCzJFlvyDL2lIm6nYRWymn8g,@bluesky6361,2025-12-08T02:40:13Z,0.40415684525675316
88011e52ca017abe198c03e1d56ab914,KjYSHrFkGrU,Why isn’t CNN covering the $1Billion+ fraud uncovered in Minnesota?,UCmcqtm15d4QY55vd_uPuQCQ,@A417C,2025-12-08T00:25:57Z,0.4038821877967818
56c86ac9e4b542f503e0ea0c531673da,DMrclXpeGN4,How is this funny? Absolute idiots.,UCfsIK942VbiQ2fVFNFz9TSA,@lcreager6231,2025-12-08T04:49:01Z,0.4037743846816389
b2f2cdbd7dc8960ec5924309dff5181a,e478dy0CKYE,@nafet Independent.,UC22oHzXyXUuI7Dwf4swr5Iw,@davemitchell6281,2025-12-08T01:28:22Z,0.4036291409764444
998e33ecefae56c505615e937c0afcd6,e478dy0CKYE,"Just before dying in jail, Trump’s last words will be “fake news”. Trump is a pathological hateful liar, a sore loser and cheater and much worse still: mass killer (COVID), terrorist (Jan 6), traitor (Russia’s agent), sexual predator (Jean Carroll, Stormy Daniels and Epstein),…",UCogTx8XkGLjU2eCDUIX03-A,@benoitguillette8945,2025-12-08T00:41:17Z,0.40289413526636764
a1d5d926875b79d51037aa9d6b1442a9,oylbyE5Zt0Q,@timothyburns2081 GOP doesn’t have a mandate to fix dumb Stalinist policies.,UCSzfruIYTMmQWRhsJ8X1IaA,@arudiga,2025-12-08T01:56:34Z,0.4024525995588164
b08df6611041d4c76ffc51d0f862f709,oylbyE5Zt0Q,Had the dems not shut down the government they would have time to work this out.,UCXbqsvPZdwsu6FJEnN-tpmA,@tman46544,2025-12-08T01:34:36Z,0.40231827223387107
3613171f580a98c2ad2f3b607a4e553d,oylbyE5Zt0Q,There is only one mechanism to manage healthcare costs. All representatives should have only obamacare option once they are elected.,UCAzKg4xGAnkj7dyEmoVeOMQ,@EdwardTeatch,2025-12-08T01:26:20Z,0.4021466211094952
99c8378c7d055e38b455d023141cfbb3,e478dy0CKYE,🤣🤣🤣 the couple of wannabes!!!,UC4iPlZLj2vRmu2ww13O40aA,@jennilang2464,2025-12-08T00:36:31Z,0.4018643265010492
ccd56e96de6c5225b1993000d1fc7c6e,KjYSHrFkGrU,"lol she is a nice piece of as. I respond to hate based psychological warfare, with hate. Because it's proportional to the cause. You have a great body, thanks for sharing it.",UCbsEhKJs5XToI4ayy_E2tjg,@NicholasWilliams-x9m,2025-12-07T22:43:56Z,0.40181630475252283
8e2423fd9670a098acd114d5b8d8d4fd,e478dy0CKYE,@xiaokahe has a lot of money so it would be a natural turn. These people are greedy.,UCeGaYSWw66ydETLSLB71xIQ,@Butterymales-t7u,2025-12-08T02:27:36Z,0.4015701827788724
4c22d61c379aa33d007de95523909b0e,e478dy0CKYE,​@SupremeWin777-7can't be jealous of something fake.,UCWwFWL0EQ8uBSsRg29YPFTg,@ThisGuyAgain-w5s,2025-12-08T01:09:42Z,0.401099847071476
4fb767d78e6885613e667c9c7646ceab,oylbyE5Zt0Q,"Healthcare will never be affordable until the the systems inflationary policies are brought to a halt !  What doctors and hospitals charge for their services is , and has been out of control for years !",UC7xS_FnH1hfz2Vzwpt8BS7Q,@Gandalf51,2025-12-08T01:30:53Z,0.40087800435655063
e37a577bf3ff8578371a675fa1ec4c73,oylbyE5Zt0Q,The GOP is being owned by the Wall Street Healthcare Companies and Contributors!!!,UCQvJGoOlnlsiFYCuJUHOomw,@ThePaterfamilious,2025-12-08T01:35:08Z,0.4006904997055101
05c7008b31f3ecd192efaa80d5852a0c,oylbyE5Zt0Q,Relax guys! They pinky promised they would negotiate 😂,UCqHrqTAUXJZ_RAEiqCFvq7Q,@moonkey537,2025-12-08T01:17:37Z,0.4001351212807759
aba7636652f2684fe9176f241530dbe3,KjYSHrFkGrU,"💤💤💤💤💤
This is you when you wake up
😫💦💦💦💦",UCHgp8gG_UIfF-qHiqb5QteQ,@planecrazy6039,2025-12-08T00:19:33Z,0.40008648478288833
a5aec6693f4d28dce8b5ca474c6f459b,e478dy0CKYE,"Poor thing can barely speak English, otherwise she would never steal the speech from Michelle Obama.
Never forget!😅


​",UCwHi44RMhCcw6eqtpGpOhFg,@irinafrye9031,2025-12-08T01:24:42Z,0.3998809056165459
081bcbc3277aed1df213808fb043751f,e478dy0CKYE,I hope Gene Simmons and Sly Stallone like tater tots and chicken nuggets.,UCDUJnGevGUHE3vMzZHhhusw,@antihero5203,2025-12-08T01:24:49Z,0.39981552891363725
555fd57d39771a2b4cecb3e8ffdc5c47,KjYSHrFkGrU,Whats a woman???,UCoOJg6dZZvzCEeFUj7ECQCg,@DaveSchultzXXL,2025-12-08T00:23:36Z,0.3994710388106448
4ed3b7a3ddab0d949ec977e271cca210,e478dy0CKYE,Lol. Cute.  Guy couldn't manage an Applebee's,UCqH3dRI2uToFgNiA5uJ9aVA,@adrianl7147,2025-12-08T00:36:49Z,0.39891415885255543
cdf32e9f1372ec63ed3f03febeddc0d8,e478dy0CKYE,Are you Russian or a traitor?,UCQ4PdgUn27MHVt6qC3cH4_Q,@nafet,2025-12-08T00:43:51Z,0.3987302142605071
c531e8a15140096869d22ab780d7ffa4,e478dy0CKYE,Mr President looking… rotund.,UCL4qnP4C2Kppw0jdYRCGpeA,@a2soc,2025-12-08T00:55:17Z,0.39872390967575444
e170589a4adcf89edb962436acd70752,e478dy0CKYE,"'' BE BEST ''

Melania tRUMP",UCIAfEDr39yoxzsMT8F1v16g,@donvonschitzinpantz,2025-12-08T01:04:41Z,0.3981741692135569
926da5aaf0256521936477a2809c894a,e478dy0CKYE,Didn't he say CBS was fake news more than once?  So this is the sycophant awards night. OK.,UC-FnktF314OIkgi4uIAS3OA,@AndrewAtwill,2025-12-08T01:26:54Z,0.3978072379829162
21687075387b6d7fbe5e6333abae5234,NEVp5tO6Xik,what country is this,UCXZ20uBLhsd_jNRSV24t0gA,@EthanWells-g6n,2025-12-08T00:08:24Z,0.397744697444435
c42dbbaf68d0348ab85790ee2c57251e,e478dy0CKYE,Not till he’s gone,UCfEjwTvNuu3ShrdMu30tIsQ,@camdennorris646,2025-12-08T00:47:09Z,0.39755038096787026
810dabee7f32d9102ff244b277606489,e478dy0CKYE,Twilight Zone,UCVpl-rVcj-MiA92KtDENiVw,@halfdeadedlifereturningwit3420,2025-12-08T01:07:05Z,0.3975180845642345
ce59713fd3a70f567c7fe1d2b828816b,oylbyE5Zt0Q,​@bryan805you ok?,UCeV9SiQ8ywwtk0L6d747erg,@will-f7w9p,2025-12-08T01:51:52Z,0.39744546486629795
a922d0ef459246df28862a2c05f649a6,KjYSHrFkGrU,@User-q9m1mhe is telling the truth though,UCPvj9PV-kyDW0ulJP0z2gXA,@misstrixy3408,2025-12-08T02:29:38Z,0.3971766513316108
204f59abbfb503f084036f4c920126db,NEVp5tO6Xik,It's in the title and mentioned in the report 🤦‍♂️🤭,UCwYt9itmJ9Tm4jPwZDk8Bag,@jimmychoons5543,2025-12-08T00:11:59Z,0.39705407333867315
83391953f09ce50810ade2fe83faa1cf,e478dy0CKYE,"Another Democrat who knows nothing. I'll bet you at the Kennedy center that I have full attendance tonight. 
And as you've seen on the YouTube videos the last 3 or 4 days the corruption with the federal insurance goes all the way back to Obama. 
You've got 20 states that will not submit their data on SNAP program for the federal government. Lowe's 20 states are all deep blue that's Democrat in case you're not aware. Rachel January when mandami becomes the mayor of New York City and you see how poorly it is run and out of finance they are. Welcome to democratic hell",UC2qj76e7g9tUfZLWO922hNQ,@billual,2025-12-08T00:48:11Z,0.39658570122488856
d09b90d36a5a27ad793921b99bc07962,oylbyE5Zt0Q,"In the USA, greed is the driving force behind everything. Just as your politics are increasingly polarised, so are your econimics skewed in favour of corporations and the wealthy. The majority of americans would be better off with socialism. But most americans have been programmed to reflexively equate socialism with communism. And right now, the USA is a dictatorship. You are so fucked people. Half of you are aware and the other half are brainwashed.",UCty0KKpJtvbSz1tmZdzuRRw,@sr.gateau,2025-12-08T02:43:55Z,0.3964375168702765
9eb08f16b4525e917944aafd6ab2d625,e478dy0CKYE,"'' If Ivanka weren't my daughter, perhaps I'd be dating her and she'd be America's 1st Lady.''

Donald tRUMP",UCIAfEDr39yoxzsMT8F1v16g,@donvonschitzinpantz,2025-12-08T00:45:42Z,0.39591424233062844
ebaf80643d03d05c7e42087b25ef5a5c,e478dy0CKYE,"No, Trump already ate them all, gold wrapping and all 🤣before he reach the car to go home.",UC25m-hK3Y2apJHXX1U4qh5Q,@innerlocus,2025-12-08T01:41:18Z,0.39580434840011347
3826141dde98ef1ecc7540ad3bec8abf,oylbyE5Zt0Q,The solution is very simple. Follow the money and make the people pay who are getting rich off of us being unwell.,UCRT817aaVgXP3cWlxAq-_iQ,@wiz_kid,2025-12-08T01:59:51Z,0.3954599402605931
d1dfa1bf58a0a76c80a3a029332633fd,e478dy0CKYE,He’s never has done anything for any of us except to embarrass and shame the United States. Everything he has done is for himself! Biggest mistake in history.,UCSUkJFPrPtSK8kfs63mtmeQ,@rosemarygallagher3076,2025-12-08T02:27:28Z,0.39540109326611184
a9c8203029f417c245bd075e2c1b8ef8,oylbyE5Zt0Q,"@mikeb5664 ""Elections have consequences""  Barrack Hussein Obama",UC8SqVJZAXXm0SXhP_1G7eOQ,@BillyColeII-dr6dk,2025-12-08T01:53:56Z,0.3953009841246375
7dab6cd3ea794e19b3552851ba5293b1,oylbyE5Zt0Q,"Exactly, don't remember Obama telling us taxpayer's would have to subsidize the 'AFFORDABLE Care Act"".....was told prices would drop, you can keep your Dr....Not the Federal govt's responsibility to provide health care to begin with.",UC8SqVJZAXXm0SXhP_1G7eOQ,@BillyColeII-dr6dk,2025-12-08T01:53:26Z,0.3951202503695805
31443959779ae279974590f560f1ef01,oylbyE5Zt0Q,How many Canadians live in New Jersey ?,UC22oHzXyXUuI7Dwf4swr5Iw,@davemitchell6281,2025-12-08T01:49:31Z,0.39506010924256973
9f99ba39dc4122ecf32bfaaeda4e5d3a,e478dy0CKYE,Wait until Trump supporters find out the 2020 election wasn't stolen and they've been deceived for the last 5 years. Their minds are going to explode,UC6NOihAZ8N4s5daUf6kPCRw,@DHITTZ03,2025-12-08T02:27:43Z,0.39503108058467823
83264d93d57c52c79d5d508930c89138,e478dy0CKYE,😂😂😂,UCeGaYSWw66ydETLSLB71xIQ,@Butterymales-t7u,2025-12-08T01:23:55Z,0.3937575199165655
0a295147cd0feeaa62fb800e4cade9e1,e478dy0CKYE,Yep an wont be watching he ruined it all,UCqRr29xfpBr6L2v5HaA_iaw,@Rmk4luv61,2025-12-08T00:46:29Z,0.39367908675744645
f914a43b484c63e958b5df7c5ca5e46f,e478dy0CKYE,"​@rahimmajid647
NASCAR's Humanitarian of the Year",UC5_P8Lcig0WIoLL6Gw_8P-g,@badluck5647,2025-12-08T00:53:09Z,0.39343250377720673
888553f24bcd0a0db05708ad6c12c5a0,e478dy0CKYE,Why hasn't CNN mentioned Pearl Harbor Day?,UCaUltBFwedl5bkFNmkaX0Cg,@nowwhat9114,2025-12-08T01:15:51Z,0.39269621242323544
b86ee6865fae5a394875adc27bb57e29,oylbyE5Zt0Q,"20,000,000 illegals get everything free",UCWjVrEuj6j1Chqmxon51d4A,@Bob-bb3ur,2025-12-08T02:34:53Z,0.39241154715875365
52bb421e200356be0a83efe35e8208f9,e478dy0CKYE,TRUMP IS AN EMBARRASSMENT TO THE KENNEDY CENTER HONORS!!!  THE SELF PROCLAIMED KING IS A JOKE!!!,UC2yC8HbiNJaZQJS8aUM4gAQ,@dpar110,2025-12-08T00:36:10Z,0.3916768850139521
25cfb449aa387b7fadc7d615d4f8d066,oylbyE5Zt0Q,Trump has had 10 years since 2015,UC_2UYrJRM73YNU-B4qemTrQ,@billmcgee2066,2025-12-08T01:44:50Z,0.391343656470605
5888c8da99ed701e9dbf5c8dea0d5778,e478dy0CKYE,Why isn’t he wearing his fake medal?,UCJOJzvDbmGHs393uYE2QKGA,@merkaaaaat,2025-12-08T00:56:34Z,0.39063654993830343
83407f7ed007d96e09c3bb8402414085,e478dy0CKYE,"​@davemitchell6281trump doesn't need anyone's help in self-damage, he is doing a great job himself! +50 Lbs, I guess.",UCwHi44RMhCcw6eqtpGpOhFg,@irinafrye9031,2025-12-08T00:52:02Z,0.39024604779381966
3df4dab00e587e39dcb1e07182d0bc29,e478dy0CKYE,Hope the tangerine toddler stays awake.,UCBXPjY9GwNV505B3PauIM5w,@gbj4063,2025-12-08T00:48:45Z,0.3901281453125339
9585a98398a99d2b10155be40b9c01d6,oylbyE5Zt0Q,​@BillyColeII-dr6dk🤡,UCo1LkFdOLrJn0AsOKMTlutA,@DavidHarrison-x2r4eyes,2025-12-08T02:09:33Z,0.389962213319905
fdda2fd256351ba544e2838492a6c42d,e478dy0CKYE,@ThisGuyAgain-w5s SNL at the White house ok,UC22oHzXyXUuI7Dwf4swr5Iw,@davemitchell6281,2025-12-08T01:27:03Z,0.38878585485077344
9e429df6beb8204b50a9e0910cbd0ba4,e478dy0CKYE,⚰️ 🎉,UCNRXyB_8cro_Y7s8Uvd11cw,@FalseCast,2025-12-08T00:42:41Z,0.3887626444068033
1f302745c3004b99091604d9bce4dd89,oylbyE5Zt0Q,"Why can't America get it together 🇨🇦?
Stop electing multi millionaires and billionaires into office
Jennings is a liar and a trump suckup",UCo1LkFdOLrJn0AsOKMTlutA,@DavidHarrison-x2r4eyes,2025-12-08T02:09:01Z,0.3886889110799333
707f0dc84bad08e1eeaa85049c35f635,e478dy0CKYE,"Even after the ceasefire, about 400 Palestinians have been killed and Trump has no value😅😅😅😅😅😅😅",UC52Aj4zquftc7DPfW0pukdw,@sudheera4669,2025-12-08T00:57:03Z,0.3884903190296395
24b030991eb72b3e4e8707e87da22607,e478dy0CKYE,"Always in the thick of everything for maximum exposure,  sick of yr orange face everywhere I look.  Take a break man!",UCPFHlDxj4NRQzhV1oWRvZrQ,@moonbeam077vanderbilt7,2025-12-08T01:21:59Z,0.38837619273533663
569203131abdd8db1f2dedae55a3e3c6,oylbyE5Zt0Q,In other news....the new American Dream is to leave the country.,UCPFyY0XoqxQx-n6RZMH5Ldw,@mikeb5664,2025-12-08T01:47:45Z,0.3881408999847162
230628192256f217842b5252b39d85ac,oylbyE5Zt0Q,"I would be stunned if they did anything because they are operating the philosophy of eugenics lite by limiting help so ""the weak"" will die. Very cool, very Christian.",UCHuVkfiLtcufevWYdRBJZ5A,@OnGoingWhats,2025-12-08T02:09:11Z,0.3879100349599694
6b8e5f6c0f75a94ab2b34af51e900502,DMrclXpeGN4,"I swear to god this technocrats are just trying to find the most financially viable way to fug over humanity. Pure evil shid right here disguised as fun.
This will either become a) soldiers to take out other countries including USA  b) police force to suppress civilians c) just flat out Skynet.

Yay us.",UCcG7WQTNkf2FwuaJmKqbLBA,@dwk_1987,2025-12-08T04:19:05Z,0.3878652992794856
572e8cae1461ceb8dee814e8c3464657,NEVp5tO6Xik,who??,UCD8Ju8zS4psaUWbnqK2Kb0A,@rocketbalboa5485,2025-12-08T00:08:32Z,0.38771753433156186
99776a4f27fbaafc10bd5b1449c26cd3,oylbyE5Zt0Q,...at least the concept of one 🤔,UChUJ5PfYUAUEQKaTUttc6Cw,@Mondfischli,2025-12-08T02:07:41Z,0.38763425278943797
7d0ea00856479aa27cd0735f325c950a,KjYSHrFkGrU,"lol, are a judge?",UChU6XTCSrS0b3Zjbri4rmhA,@toni-xz6dd,2025-12-08T01:07:25Z,0.3875306065466233
80e2c5bacd40fad7e6d201c212407811,e478dy0CKYE,25th now this criminal,UCqUl1LdEOrlSh7SjFGIi62g,@SoulVision1111,2025-12-08T01:26:30Z,0.3872795638628898
1f88e5abdb4f7afe6dc0bfc055d2a104,e478dy0CKYE,CNN can not be Trusted,UCZFhmduJg0xnWAKZTxLsEFQ,@88nlinus,2025-12-08T01:00:55Z,0.38661911793816983
631041edba572505d9100429881f69dd,oylbyE5Zt0Q,They have no plan,UCNG8-RIuzTlpxe2C1cfWDxQ,@margarettesta5228,2025-12-08T01:32:27Z,0.3865750240740511
4e52bd3ef77d21af3d03f756ecdb6986,oylbyE5Zt0Q,Dump Obamacare and stop the insurance payoffs !,UCYw9_NgDgB6d7npatsKvElw,@rbprafcolman3438,2025-12-08T01:51:33Z,0.3865396468791914
8e57c6374e79b94ba2b2361d28ad62ad,KjYSHrFkGrU,Trump🇺🇸🇺🇸🇺🇸🇺🇸✊✊✊✊✊,UCHgp8gG_UIfF-qHiqb5QteQ,@planecrazy6039,2025-12-08T00:22:54Z,0.38604622624575125
545986322394472ce6b9baab016f5306,e478dy0CKYE,FIFAke Prize for a FAKe President.,UCJOJzvDbmGHs393uYE2QKGA,@merkaaaaat,2025-12-08T00:40:50Z,0.3856624531062133
2ddc9ea7fad9a33052c4c0f08b639261,KjYSHrFkGrU,"​@roninthesecond3600   Yes, all of that is directly tied into Trumpedo. If he's taken down for the files, then all of his corruption will end.",UC9SHXhJHHIvOqhIrUZHxS6w,@TelesphorosAbraxas,2025-12-07T22:43:34Z,0.38522730229743135
a56fd13373ed9fd54373f60ea4a4524c,e478dy0CKYE,It's bigly deserving of the FIFA Peace Prize recipient to host the Trump Center Honors tonight,UCBZ4K_4bHOGj4Snd3vCKK-w,@GDTBATH,2025-12-08T00:59:18Z,0.3850684711379243
7611053a1ed84062cd39d8f81a3c202c,e478dy0CKYE,Making sure he doesn't fall over.,UCVpl-rVcj-MiA92KtDENiVw,@halfdeadedlifereturningwit3420,2025-12-08T01:06:29Z,0.38498314741308387
eb24fe5ac79eb79c82edc45973cfd54e,KjYSHrFkGrU,For many years a pedophile owner was involved and so many of you never complained😂,UC16XEA0194vmBskJ2Yju1XQ,@User-q9m1m,2025-12-08T01:50:15Z,0.384387176619966
f076284c7d2bb6749d33d2dbb2ee1dd0,oylbyE5Zt0Q,Then we need to go after the hospitals who only give deals to insurance companies and expect everyone else to pay the highest premium possible for their healthcare putting them into a lifetime of debt. Something far worse should happen to them,UCRT817aaVgXP3cWlxAq-_iQ,@wiz_kid,2025-12-08T01:53:12Z,0.3840653674780635
f77f12ee18be602a777fbd4e287894b7,e478dy0CKYE,The place will be emptier than usual. The effect of our Liar in Chief.,UCcj7ZmXEhWKR_3Cm_VntTbQ,@JoeSmith-bp2yz,2025-12-08T00:38:19Z,0.3834064677469861
320d94c9d86772f0a971008c44157192,KjYSHrFkGrU,"I've been extremely proud of Miss Canada to be up and out the door without a instant of hesitation as seen in the video. She's in the light pink dress. FYI, Miss USA did not walk out. Some passed the moral fortitude portion of the pagent. Some did not.",UCmMk1wPlZBMtkBPPCD7qCLg,@tstorm3706,2025-12-07T22:46:21Z,0.3831919004938986
f5eb405d2e915726adb4459420a405c9,oylbyE5Zt0Q,@KikoNYC where like at the airport,UCxmsAjbzcAPfHsLou3K7tfQ,@sonnychiba5270,2025-12-08T02:04:16Z,0.3815994685117735
d3331779a8e46588a0f58ad640d14046,e478dy0CKYE,Give him time 😂,UCuqHnx5ROKCe8FXxr5Ui4UA,,2025-12-08T01:49:28Z,0.38151753561342155
5fdfd6477a1460ad05d381c7389eb497,e478dy0CKYE,"CNN is so disgraceful, why would they waste time on this? I have no use for these news stations anymore. All that he has done and all the rot he has created and they give this foolishness airtime.",UCdD3kGrYhg5cW8hbVuc7RzA,@elizabeththomason2586,2025-12-08T00:41:38Z,0.38142376640963327
680f10cfc78e8305bd63e034e03954ed,e478dy0CKYE,​@nafetNot so sure.  He did get 77 million votes,UCqH3dRI2uToFgNiA5uJ9aVA,@adrianl7147,2025-12-08T00:56:45Z,0.3812297657756596
b4823c6dc2d471a9baa9beb87ee9bf1d,e478dy0CKYE,You sound jealous Tinkerbell😂😂😂,UC99jvrjs_qCb8Ko2lkDTWfA,@SupremeWin777-7,2025-12-08T01:00:14Z,0.38113263599423824
7e86842e9515190565b8579b43646a16,KjYSHrFkGrU,"she is beautiful. smart and courageous? values and integrity? haha. of course if your IQ is 5, you would think someone with an IQ of 10 is a genius.",UCCrtvDAl_x_AgzOBuzhzLJA,@kimcastro7300,2025-12-08T00:41:26Z,0.3810923414501919
be2ce8ef754977df992a3973fe547985,oylbyE5Zt0Q,Here we go again. ObamaCare was solely created by Democrats. Mismanagement and over inflated spending run amuck. Somehow now it’s Trumps fault.,UCWYL7LbGgjjlJcNnoC8mSGg,@JetTech1992,2025-12-08T01:45:08Z,0.38105257158051675
591023088602de07af4e5f99a126841f,oylbyE5Zt0Q,Why do we keep blaming Republicans or democrats for this instead of blaming the healthcare providers and insurance companies,UCRT817aaVgXP3cWlxAq-_iQ,@wiz_kid,2025-12-08T01:57:10Z,0.38037085992225955
246b30fb7073a0e795b1f936788e7c91,oylbyE5Zt0Q,@webporta-1 Agreed. Why it's better to have a single payer system and you wouldn't even notice it coming out of your taxes.,UCPFyY0XoqxQx-n6RZMH5Ldw,@mikeb5664,2025-12-08T02:03:40Z,0.3790061749585798
8cd7a5ebda5725e67da0f4fee77ff266,KjYSHrFkGrU,Gosh her english is so hard to understand 🥱 so boring,UCamQFRNnR_Wv0c_6ZK1BgLA,@rutherford5247,2025-12-08T02:02:29Z,0.37867068241815655
defb06d576dc218ffb573463c086acfc,oylbyE5Zt0Q,It was designed to fail and then the government would take over,UCoOJg6dZZvzCEeFUj7ECQCg,@DaveSchultzXXL,2025-12-08T01:32:17Z,0.3786490425825128
f56b98ace4750e487e7f09329a69dfc3,e478dy0CKYE,Melania is looking like Bruce Jenner?,UCqX6XRnVnkfLBjb2UazDwWQ,@chlakosek,2025-12-08T01:39:30Z,0.3786005795437527
2c5db6a397cbde75dca6b992788567eb,e478dy0CKYE,Boycott the event!,UCbWcbfc7cvNIReM-rwYA8AA,@armandocrisostomo5926,2025-12-08T01:09:30Z,0.3784812871684605
afd998f0d593a6aa3b9453b260a5efae,KjYSHrFkGrU,Toll,UC1tZT_N9LhgJyFFeMgtbCPg,@jorgegomez3691,2025-12-08T02:36:31Z,0.37831474865075776
6999a04fb43c59b58aaebf8f0902463d,KjYSHrFkGrU,💤💤💤💤💤,UCHgp8gG_UIfF-qHiqb5QteQ,@planecrazy6039,2025-12-08T00:25:18Z,0.37753882211114403
0464350b593ded289cdb42653456cafd,KjYSHrFkGrU,"Fatima, me inspiras 🩷✨",UCsQD6eNixXIaZPlewKZpK4Q,@Aiaidesire,2025-12-08T01:44:00Z,0.3767372160005811
e9659ccfe09dd54ad4c753458e0901c6,DMrclXpeGN4,This is actually terrifying,UCoZHTbuqLJbSVp9MeLZVfuA,@LewyGooey3,2025-12-08T04:32:26Z,0.3760944362530754
29adda73c31762e8cdeeeda2234bd53c,e478dy0CKYE,"A fascist traitor that think's they are clever, so... a republican!",UCQ4PdgUn27MHVt6qC3cH4_Q,@nafet,2025-12-08T00:44:37Z,0.3753268548068026
9d220d685afdd0e0382e865682969c1a,e478dy0CKYE,Just here for the boomer comments always crying for X content. 😂,UC2hZe__NLW92DEsiP_E8CcQ,@a-l-l-e-n01,2025-12-08T00:42:16Z,0.37420307132918307
ad2881eaebba1ff9dbf079c16f7c96fd,oylbyE5Zt0Q,@badluck5647 they’ve been rising to the tune of 80-169% and even rose after its inception. Keep up sparky.,UCSzfruIYTMmQWRhsJ8X1IaA,@arudiga,2025-12-08T02:27:54Z,0.37399417837045806
e7e5f4dab739f85bdec180e19eddb653,e478dy0CKYE,America is a joke,UCrTlGnAtoPtT9eRLn3Xz-dQ,@martinhumble,2025-12-08T02:29:16Z,0.3739839940111719
894541e7bd2805c0a812b3f95579f442,KjYSHrFkGrU,Wow CNN showing an Actual Woman .  WTF,UCcGVYYy9SXvsn795uQVwH_w,@MRick-cd1kr,2025-12-08T00:14:30Z,0.3739026921510189
8007040ca0a660f30ac177ca4196beb5,KjYSHrFkGrU,What did she do to you??? Why do you hate her?? Why do you even care what she does?? Or you hate women in general??,UC16XEA0194vmBskJ2Yju1XQ,@User-q9m1m,2025-12-08T01:33:29Z,0.3737159349883965
a49f311f2c74498a3922594f61f89274,oylbyE5Zt0Q,"​@bryan805  I shouldn't bother, but (in big picture) Republicans are trying to get rid of it, dems want to keep it going. Now make me regret replying to your ignorance 😂",UCqHrqTAUXJZ_RAEiqCFvq7Q,@moonkey537,2025-12-08T02:14:56Z,0.3728512607413942
a45ee7bf8b4000b48a08e2942cd25bdc,e478dy0CKYE,"🤣🤣🤣🤣🤣🤣🤣DID PAPA STERNS JUST TELL STEPHAN, TO OFFER TO MAKE THEM ALL ""HIS RUBEN ""???

Does chris sterns never watch cell block h? He thinks that it's like the prison version of best cooks in florida, w full kitchen, sandwich access, huh???🤣🤣🤣🤣🤣🤣🤣🤣",UC4iPlZLj2vRmu2ww13O40aA,@jennilang2464,2025-12-08T00:53:17Z,0.3723460071119467
6ae98d36bd1aff940c3ed40ad4ca1677,e478dy0CKYE,WHY SHOW THIS MONSTER WHO TOOK OVER THE CENTER AND FIRED PEOPLE WHO WORKED THERE FOR YEARS. He is a bag of garbage.  Man who is giving top drug dealers pardons or maybe Don Jr. told his dad to pardon these proven criminals.,UC52bodhD1hI3f1LGwW8ftvg,@SFL-6,2025-12-08T00:37:58Z,0.37148031236926116
1e7e10adc6ac195ce931ddfa14209952,oylbyE5Zt0Q,Biden lowered the cost of some meds significantly during his term. And Donald promptly took those savings away. Look it up.,UCPFyY0XoqxQx-n6RZMH5Ldw,@mikeb5664,2025-12-08T02:07:22Z,0.371333090158394
e80b50dcf3776f5829eb783ff86a0893,oylbyE5Zt0Q,@will-f7w9p Biden reduced the cost of some meds significantly. Then Donald promptly reversed that.,UCPFyY0XoqxQx-n6RZMH5Ldw,@mikeb5664,2025-12-08T02:08:44Z,0.3694370370189587
7d8728cb9ec4bfcdf35f4722fce3a6ec,e478dy0CKYE,"Wake me up when there is real, no political entertainment.",UCYvl-7QANxObz-YBcCKqHGQ,@andrewalderman9489,2025-12-08T01:27:47Z,0.368491033997171
79e1c72bcb41721786dd7745741662a9,KjYSHrFkGrU,Wow she’s hot,UC-2pV1JjMLcKwxJUmd4JG7g,@TylerJRobinson5088,2025-12-07T22:46:07Z,0.3682907514470458
fd1b6126e8cc5c3309d772603b9927b9,oylbyE5Zt0Q,"Total BS the Republicans are the ones inflicting. Pain. Get this guy out of here, telling his lies is not wanted here or anywhere.",UCaoKfuiXh65zjATLQHenR0g,@annareismith6843,2025-12-08T02:14:05Z,0.36808850123490455
765e25b7ee50db2f3b4e8fe99fd79002,e478dy0CKYE,The third lady,UCSUkJFPrPtSK8kfs63mtmeQ,@rosemarygallagher3076,2025-12-08T02:22:56Z,0.36609213754597114
6e2c0cd08c1ce42a8657b09077901083,oylbyE5Zt0Q,"People use this opportunity to let politicians know that you are voting and this matters to you. If it doesn't work they'll be out.
 Blow up these comments and let them know that their role is on the line. 💪🏼 💪🏼 💪🏼",UCiXDnjn4bGGc26Wbwi-9teA,@simplyme922,2025-12-08T01:56:55Z,0.36602380265225576
271d31f5da0f1605881f430e8a346b46,e478dy0CKYE,FUCKERY ….,UCHbhHTv0Gh7PFLrwJtJ9M2A,@THEGETDOWNOXCITY,2025-12-08T00:48:31Z,0.36517981056359505
4652f2ec965ecf9895ea1994d0c161c0,e478dy0CKYE,His prized immigrant 😆,UC3eLRxZOkTWE5UFfNhNZY3Q,@SM-zd6ws,2025-12-08T01:03:20Z,0.3648359601048827
4d53316d206e1761a1a0928ea90d1941,KjYSHrFkGrU,Elon revealed that over half of Biden’s followers on Twitter were bots. Democrats use them to create false narratives and fake support for their weird political views.,UCoOJg6dZZvzCEeFUj7ECQCg,@DaveSchultzXXL,2025-12-08T00:26:19Z,0.3647257775356711
e4b721799013f3f5609dd40f97247ec9,KjYSHrFkGrU,Can't believe they still do this in 2025,UClVRaMwIzPktDPpGSsyJuLA,@johndowner2196,2025-12-08T00:19:19Z,0.36304353473119333
d670ba925879c798400286e2579e32f1,oylbyE5Zt0Q,"GOP, ""Let's cut the capital gains tax, so the money can trickle down, and _The poors_ can use it to buy health care.""",UC5_P8Lcig0WIoLL6Gw_8P-g,@badluck5647,2025-12-08T02:15:12Z,0.3625141540706331
1cb12c57d4421db7cdd1515851a69f71,oylbyE5Zt0Q,"Cant go against big pharma. Impossible. Presidents come and go, but trillion$ business is something else.",UCeV9SiQ8ywwtk0L6d747erg,@will-f7w9p,2025-12-08T01:59:32Z,0.36247606774934116
7f236938a2744084e7a2e7e68bacc5d3,KjYSHrFkGrU,Shes so beautiful and such a beautiful personality ❤❤ so happy shes the new Miss universe!!,UCKnlWVizjWLivDrUOBrawZw,@estertellez4571,2025-12-08T02:09:33Z,0.3622585438751814
0bcacb04b873e888deaa17bca91727a7,KjYSHrFkGrU,He should find the right owner to buy the Miss Universe Organization from the JKN and Legacy Holding,UCT3NgLNHGYXYA2mGQbaSw0Q,@petewong2372,2025-12-08T01:33:43Z,0.36146262265918594
423c74ad508ecbad7326693ed14caa0f,oylbyE5Zt0Q,"Our Government is giving $35 billion dollars a year to health insurance companies. Since Obamacare was passed 15 Years ago, Insurance Companies Revenues and profits have increased 10 Fold and 85% of those profits is the $35 Billion a year that is given to them through Taxpayer's Money. Additionally, since Obamacare was passed the out of pocket price has quadrupled and the quality has Tanked.",UCykS9EXkbjcT_KiURF6oN-w,@richardhoward6564,2025-12-08T02:31:16Z,0.36143292331690424
5ad6928c8b93a34b41ae0e8894e35af2,KjYSHrFkGrU,Miss usa and majority of the women didnt realise what happened,UCtQeo8yEi46OBZfK7of5pRA,@AbekhoReady,2025-12-07T23:06:50Z,0.36011345400237116
394b076a35329c93e24b3b3157d2dfe8,DMrclXpeGN4,you all fucking fired,UCWqFuT3RXo1jKHYRk67GwFg,@aztecabrnsoyyo1167,2025-12-08T04:32:38Z,0.3598735776018896
07e8cd32bc840cec6c123a1c2dff7e62,KjYSHrFkGrU,She seemed like a genuine sweet person. Honestly glad she won,UCWwlAIoJYE-yJr8xhmDwbgQ,@Deceived-r5n,2025-12-08T01:50:29Z,0.35963864619221064
3da97d0c3cad7415216954a7e29727b3,oylbyE5Zt0Q,​@ThePaterfamiliousIs that why democrats are calling to tax americans billions to hand to insurance companies?,UCn6eZbZXgeC8lbGpeacwfew,@webporta-1,2025-12-08T01:48:07Z,0.3582646673079692
64505c20b23db884ac19e6f0735aacd6,KjYSHrFkGrU,​​@DaveSchultzXXLRepublicans do the same. 1:34,UC16XEA0194vmBskJ2Yju1XQ,@User-q9m1m,2025-12-08T01:26:41Z,0.3582071930304532
2dca4bb78d005295023c905e5d8eea56,oylbyE5Zt0Q,Me being charged a couple grand a month so 10 people can get their fifth heart transplant because they are eating themselves to death is defintly not cheaper.,UCn6eZbZXgeC8lbGpeacwfew,@webporta-1,2025-12-08T01:46:36Z,0.35681194639074976
b5db8ecff380e97d73e16c0154cbb446,KjYSHrFkGrU,And have a very nasty fork tongue and feel like abuse.,UC0iOiVPPGDNy1CBn2vMSbWw,@whitekuk4679,2025-12-08T00:41:43Z,0.3567460822786589
9ac547a38abf3b3d840a779d63d67f4d,oylbyE5Zt0Q,You think ACA is a disaster ... repealing it would be far worse.,UCty0KKpJtvbSz1tmZdzuRRw,@sr.gateau,2025-12-08T02:36:59Z,0.3546904801319717
091d2450807208a44daab8d22ddc3e19,oylbyE5Zt0Q,everything you said is wrong and zero sense.,UCAH3L2VwTu5TSUM90d4HXEg,@radomirsretenovic8492,2025-12-08T02:34:34Z,0.3545563811204438
ec7e1ccb953d8dba7651dced40fea4e3,KjYSHrFkGrU,Tapper is mad because she's a white woman.,UC7MHfoSKeeWFEIoOawKEv_w,@charlespittsjr604,2025-12-08T02:09:13Z,0.3541372354649253
594927051733cff0cd8ca0aadd43d246,oylbyE5Zt0Q,​@billmcgee206610 years? Do you not remember biden? And Trump is not even a year into his 2nd term and the whole time dems have fought him on everything and left the border open all drain the system to the point of chaos. It will definitely take awhile for it all to be cleaned up.,UCXbqsvPZdwsu6FJEnN-tpmA,@tman46544,2025-12-08T02:37:15Z,0.3540723386415376
a1cb7bbfec4806c757c5ce5030c1ae5c,e478dy0CKYE,"Don't Want To Say Retarded, But I Think trump Is A Little Slow.",UC7r_jS3XLZu-QFgIUGYwiiw,@eddiearmijo6635,2025-12-08T01:49:16Z,0.3536707896147917
9d2dab361ed26dad01e30d59278f2c7a,KjYSHrFkGrU,"Good for her! She is beautiful, smart and courageous. She has values and integrity.",UC8bfZjcsXvRCttDoZnk6Biw,@sandraedwards4837,2025-12-07T23:24:20Z,0.35364749873198653
f80033bab8ce1ab2c64a0b6312881e99,KjYSHrFkGrU,Who decides? The judges? Ask them. I'm sure a lot of people have a different #1,UCqHrqTAUXJZ_RAEiqCFvq7Q,@moonkey537,2025-12-07T23:24:41Z,0.35299800274645265
9835660eef9c7ad300858f0e04ce85f5,e478dy0CKYE,Donnie dementia will show up with the same sideshow village people dance and will talk incoherently about his fifa peace prize award 🥱,UCOM4a2QTWooucQrESCL22Ng,@williamroyer4669,2025-12-08T01:00:32Z,0.3526206540056441
e7c7ffeb9cd709c22c6389e5d043286d,oylbyE5Zt0Q,That's because Obamacare is garbage. Everybody who has any money that has to go through the exchange pays exorbitant rates to subsidize the poor. Everyone else who gets their health care from their workplace get to sweetheart deal. What needs to be happening is we need to get rid of Obamacare maybe line up the CEOs of the top eight healthcare organizations and imprison them for life for being the scum of the earth.,UCRT817aaVgXP3cWlxAq-_iQ,@wiz_kid,2025-12-08T01:52:12Z,0.35231891935842463
f43bf48e92a51d96bc5dde87eb5267c2,oylbyE5Zt0Q,BS,UCzJFlvyDL2lIm6nYRWymn8g,@bluesky6361,2025-12-08T02:39:27Z,0.3522239441558662
b57b09135e4cc2ce6cffbe8aa5726640,KjYSHrFkGrU,The most controversial win!,UC2EFpHOr8HgVKsEnWxDpxGw,@smoothsailin1956,2025-12-08T01:44:16Z,0.3518771677140552
c321af24081277a85f8fe03a24010ab8,oylbyE5Zt0Q,"Before the ACA, insurance companies refused to cover the basics, like preventative care, meds, and necessary treatments. If healthcare wasn't run by profits and shareholders, ""no ACA"" might be reasonable.",UC1X0QkDDx9PsjJUz9YNvH3Q,@MileHile,2025-12-08T02:28:20Z,0.3516777811305144
02abd74a0a9b004265b964c53b5525f4,KjYSHrFkGrU,🥰🙌🏾❤🙏🏾,UCc3ownSFuY16cE1hWywGeZw,@YolandaFrias-y5o,2025-12-08T00:22:30Z,0.35088211372429057
2fa0557bd97900a2a74db7bf0bdf8aff,e478dy0CKYE,​@innerlocus😂,UCxcHzPE_2bXCw3DUZF8ccgg,@lukeamato423,2025-12-08T01:48:59Z,0.35083958815128274
3ebdc6bac157cad19e4a8aa28ed26de9,oylbyE5Zt0Q,"Yes, that's why Trump wants it gone.",UCAEzDmzNtaEYdFIX83Pee1g,@erwocoolis9451,2025-12-08T01:27:13Z,0.3506752995231777
a9ae542c4209039592e654bdf186ff76,oylbyE5Zt0Q,All on you now Trumpers. All on you.,UCm0gI5ZNFaiBiQVZE4Tl_wQ,@richardm4825,2025-12-08T02:14:23Z,0.34945132357606845
ef03218e2887f174ac6893ecfd7305ac,oylbyE5Zt0Q,"Not only that but many doctors nurses and hospitals that not be their cause of loss of money. Our health care system will not be so good. And only the rich can afford most care. And even they will be hurt be this. As they have fewer choices, here is the USA. And have to spend more money for going to other nations or bring them here to help them. Really, it hurt everyone, not only the poor.",UCaoKfuiXh65zjATLQHenR0g,@annareismith6843,2025-12-08T02:04:32Z,0.3492988895999891
607bd25b27b657305031bf94b777d8fa,e478dy0CKYE,Makes perfect sense that the President who has obliterated the arts more than any other would host this event and try to change the name to his own.,UCkQ7wtYpib_593YWOi_uXMg,@dh3279,2025-12-08T00:56:07Z,0.3490947815678568
7f83ef8be173f97e50f009e67cdde043,KjYSHrFkGrU,❤❤❤❤❤,UCWZdHanLqH3XLd5KrJIbi3A,@worldofbeauty8509,2025-12-08T01:45:38Z,0.3483940592439046
0d629e8d9d0436b5195c61e5468f80a6,e478dy0CKYE,"'' BE BEST.''

Guess who?",UCIAfEDr39yoxzsMT8F1v16g,@donvonschitzinpantz,2025-12-08T00:42:56Z,0.34827505648673374
6cf93b145056ae53dedfa20bf019e907,DMrclXpeGN4,We are cooked,UC7UiAkgTouSdXuDXpZb8Cfg,@Ghostviperz,2025-12-08T05:04:30Z,0.34766979920727903
f2d1c8f78ca3d1dda04bf39ce7903180,e478dy0CKYE,Do you know that Jeffrey Epstein was dating Melania before the Donald met her?,UCIAfEDr39yoxzsMT8F1v16g,@donvonschitzinpantz,2025-12-08T00:41:57Z,0.34679067909713956
dfe0af99f3eb12abe9d15c965371da64,KjYSHrFkGrU,People in the comments calling Miss Universe “obsolete event” are the same ones who watch useIess UFC or WWE which is even more archaic😂😂😂,UCBMoHIaWI0RoVbF-AYzZzVw,@Docrine682,2025-12-08T02:31:12Z,0.34662065298853306
d95c9186cf7dd605b965010a58933373,KjYSHrFkGrU,She's a part of Mexican society that wants to be white.,UCM-iy2kIsLJhSmGMiXMfiZw,@Paratzi,2025-12-08T00:25:35Z,0.34633434998897195
2b9e112af9324dc56e5a195d77941774,oylbyE5Zt0Q,"@bryan805 You really have no idea, do you? smh.",UCPFyY0XoqxQx-n6RZMH5Ldw,@mikeb5664,2025-12-08T01:48:32Z,0.34566754171211456
7234bee5947d343d619a42e12b21829e,oylbyE5Zt0Q,Working on a plan.,UCOAr7ExzhZ4-M3pjXXUmcHA,@Justthefacts-n7h,2025-12-08T01:45:31Z,0.34558536075321633
2f5006519a2d10b65c50758c1d52cc12,KjYSHrFkGrU,​@ssb1056 Women of other races are also beautiful.,UCiOs81DJveJ0BAYGBYl8SBg,@songes3058,2025-12-08T02:31:30Z,0.3449737612018865
9a10b43dc936b016956d3c04732133ca,oylbyE5Zt0Q,How does that change it being the right thing to do now?,UCCPZ_nqv98mbUkN1mM_GKqg,@timothyburns2081,2025-12-08T01:26:56Z,0.3449573261464318
29c79949ea4ba46702a3a9d4ac9e95e5,e478dy0CKYE,"​@SupremeWin777-7
Better than you who cuddles next to a septic tank grandma. 😬",UCupC0GKAnfAYgwqynEmb5Lw,@b.t.2795,2025-12-08T01:59:22Z,0.34372192687871156
4c94d0f35911f3fad595a6f5e8ebf4c3,oylbyE5Zt0Q,"Did cnn just erase Americans history now? Wow! Do you know what happened on December, 7th 1941? Or, are you trying to delete it from Americans history? You know you can't right!??",UCtDT0UdfTANQy73gvTe2XJg,@MrStephenrtyler,2025-12-08T02:42:59Z,0.3436738384384723
99a855b3cd7861990895960996892c4c,DMrclXpeGN4,"Yeah, idiots that are controlled by the Chinese and will be on the battlefield against the US.",UCKgMgjRx28cXLsSnCazCkVQ,@thinkaboutit27,2025-12-08T04:32:03Z,0.34334167431846085
e4d15f35115ef76b03b224bd6a0ec204,e478dy0CKYE,Welcome to President Ped O'Files Banana Republic. We're living a reality tv show with real bad ratings.,UCVpl-rVcj-MiA92KtDENiVw,@halfdeadedlifereturningwit3420,2025-12-08T01:00:00Z,0.34305159313279865
4a4dc44c3ea90f0f8d4610e383de5ebd,e478dy0CKYE,Melanoma is the best thing that came from Epstein’s island ❤,UCJOJzvDbmGHs393uYE2QKGA,@merkaaaaat,2025-12-08T00:55:47Z,0.3420789584494437
179e15c029a9d6eb493e3cc798f84b46,e478dy0CKYE,Just is,UCO31XKveNp-QvMTSkRJLlAg,@DanielMedina-u8v,2025-12-08T00:46:06Z,0.34206778485762646
c23bbaed24f2f4c2161e2c566105a31d,oylbyE5Zt0Q,Some people can get health insurance through their jobs . I want to still learning Pizza for Papa John's I got United healthcare. Add a reasonable rate I was a happy camper,UCgfVkOjBNMtLDWePxjCAoAg,@AllenKranawettrr,2025-12-08T02:31:34Z,0.3417005233067702
46be534351664a06c71d11f01a632335,KjYSHrFkGrU,Check here visa and passport. A lot of Mexicans violate US immigration law.,UClGG4NBhpL85Z8LuyqLUJ2g,@rolback5055,2025-12-07T23:48:35Z,0.34128103136023746
0268fa13912c65387f96b34fbca72042,KjYSHrFkGrU,"Thank you for saying this . I retired from a field that constantly did this . And yes , it did more harm than good .",UCiLpbULwP1PlxMHBFWAp6sg,@Sarah-b6j7x,2025-12-07T23:08:23Z,0.34092322462480773
5bdb0cb0fc0bdbc75376b15ed609e5d1,KjYSHrFkGrU,What fan favorite???? Miss mexico is the most hated MISS UNIVERSE of ALL TIME,UCxKvfI-FSOv1hsDbYZ8hl5A,@malesinger600,2025-12-08T00:46:33Z,0.3403681277492769
26c084c26d25f0a505ae41fd78fd7223,e478dy0CKYE,They should move the venue to the Ford Theater and pray for the same results 😂,UCX655LxCfO7pNK1HgJb_khA,@Have_A_Nice_Day242,2025-12-08T02:22:38Z,0.3401180029761357
c0bde247e37f63b0165bd35bf54d5b57,e478dy0CKYE,Why? We're just a couple of days away from Donald Trump saying that he's never even met Donald Trump.,UCTidAaYaf3GkdoezvS00hVA,@kumakuacousins4x,2025-12-08T01:06:45Z,0.3399663354920709
4bdee956071e6a4f0c3d4ceba1cf5587,DMrclXpeGN4,"bend over, let it kick your axs.",UC3Q02snaEb1LMDJ2841dY-g,@tscherer7542,2025-12-08T04:18:49Z,0.3398123225198427
3878c4e0e04eef4c1512b61d2325688f,oylbyE5Zt0Q,You thought wrong,UCERe4RCslT6x4HOSHqEo17A,@kevin6293,2025-12-08T01:32:49Z,0.3397291081142997
f18baced7b7dc4837b41d7eb017cac38,oylbyE5Zt0Q,@mikeb5664 Trump did more. Biden savings were Medicare-specific. Look it up.,UCSzfruIYTMmQWRhsJ8X1IaA,@arudiga,2025-12-08T02:18:51Z,0.33956447460563727
3be39fc3e8ccdb215e462b46781dd316,oylbyE5Zt0Q,"Republican motto:  I won't kill you.  
But I don't have to save you.",UCKED68JWmO_n20tke_BRJQA,@tejanoj3017,2025-12-08T02:39:47Z,0.3386710708923858
c3a1fae87f5ad660112d75901e9e7080,KjYSHrFkGrU,Miss universe? How do aliens feel about this title.,UClEtGOkjQcGAyON1b8GBDJw,@user-yi7mv1nc9q,2025-12-08T00:14:49Z,0.3381903110671499
df57fe04d191d55698b9146b628b0007,KjYSHrFkGrU,"I support her & it's time America has a Female leader, Both Hillary & Kamala would have been excellent leaders than a draft dodging coward!",UCvxso9TSmIo7dz50SSJ4LdA,@benjaminnavarro4324,2025-12-08T02:35:00Z,0.33812236971460685
d44fef3b3cb7d167866d46f3de767eb0,KjYSHrFkGrU,i don’t think he’s japanese and his race has nothing to do with it. you can support this incredible woman without being racist,UCcxUqH2xvPgnOS7gRtkDp7g,@mylilpearl,2025-12-07T23:06:13Z,0.33724458384237965
456d3da17aa9e7793a0b0036895202f8,e478dy0CKYE,Trump needs to host nap time and leave our country alone,UCc-CRPruJU57CrPgGuHI0Rw,@gabs7506,2025-12-08T01:24:20Z,0.3361487942102821
8032cc2a136c395c2e7f86476f32b32f,e478dy0CKYE,"BOO!!!! get this crazy fool out of here. Vote all Republicans, out, and anyone Trump helps.",UCaoKfuiXh65zjATLQHenR0g,@annareismith6843,2025-12-08T02:15:54Z,0.3354771672914105
f37ef94f3ee6091713afcd78861affae,e478dy0CKYE,,UCaUltBFwedl5bkFNmkaX0Cg,@nowwhat9114,2025-12-08T01:13:56Z,0.3353918495297805
90f792eccaf5ee4a63c9b52aeb516a30,KjYSHrFkGrU,,UC3NfvWBOExnIFi-69TYbMmw,@jblouis2210,2025-12-07T22:45:29Z,0.33534895833333334
f2c09f24d39f89ef304551bc2f25c260,oylbyE5Zt0Q,Josh gottheimer is Israel first not America first .,UCcz6X0gof6KlkIFGx_4KqBg,@adva501,2025-12-08T01:24:43Z,0.333763786456166
191710faf9a13d0f363d6e3edaed8f89,e478dy0CKYE,Is he going to wear his chocolate coin?,UCxcHzPE_2bXCw3DUZF8ccgg,@lukeamato423,2025-12-08T00:52:35Z,0.33358049250762445
c7d2712b8cb4a5e42e29ad688b3af5ed,oylbyE5Zt0Q,@sonnychiba5270 I take CNN over faux fake news any time!,UCUyUJfrc7R8TsrnNIagRjzw,@KikoNYC,2025-12-08T01:49:01Z,0.3331832095414002
1ba5800213a5c1485fec97a784ba0521,KjYSHrFkGrU,that people Are still on vain unproductive bs like this is sad IT MEANS ABSOLUTELY NOTHING FOR FEMALE EMPOWERMENT IT'S LIVING HOMAGE TO PATRIARCHY,UC07XQ7ddpmLE3R0LRB0en8A,@lhatelak340,2025-12-07T23:08:01Z,0.332956610792268
179ca164cf128010dc73f265e0e6befd,DMrclXpeGN4,"Oh please, the more likelihood of application for this type of combat would be Robot MMA like in Real Steel. Given that we already have far more effective means of combat. You don't bring a knife to a gun right, neither would you bring a martial art robot to any range fight.",UCLjCTW04Ohuv5yX5QbPmwNw,@biocapsule7311,2025-12-08T05:04:47Z,0.33281856840054713
c99d05d64e0cb2ee2b5f2adff9ffd4e1,e478dy0CKYE,He gets to indulge his full inner princess this time.,UCWwFWL0EQ8uBSsRg29YPFTg,@ThisGuyAgain-w5s,2025-12-08T01:03:01Z,0.3327426443274739
cf871b6342a377e56051022ad0577d3b,e478dy0CKYE,What a joke,UC1lI3zJ724WKngHW_pdKNjA,@ramiroavila9374,2025-12-08T02:38:32Z,0.33269248870663326
0407e6ded5dc07b53f6f5a73d6a176ea,KjYSHrFkGrU,Delusional MAGA minion,UCO4m8_iiX6EXt22AeYg7PFg,@Cozylife797,2025-12-08T01:52:55Z,0.3322847386868385
eb0bfae9920f93429f838ba44153e93a,e478dy0CKYE,@ThisGuyAgain-w5s He did nothing.,UC22oHzXyXUuI7Dwf4swr5Iw,@davemitchell6281,2025-12-08T01:16:12Z,0.32908912694237247
2d28b46b6ebda7e3c283db03c63de7f3,KjYSHrFkGrU,Yep...there she goes...THE DON'T BREAK MY BUBBLE RIGGED MISS FRAUD ONLY MEXICO UNIVERSE...BY THE WAY REAL PEOPLE ON SOCIAL MEDIA AND TO THOSE WHO WITNESSED THE LIVE SHOW...FRAUD WITH A PURPOSE...THAT'S GOOD..RAISE YOUR VOICE THAT'S YOUR ONE LINER TAG LINE...DON'T BREAK THAT BUBBLE OF YOURS...HAHA,UCrRKzCcYcuDsIqpVA-JGpHA,@tpain5,2025-12-08T01:26:19Z,0.3284593461646087
92ebe34ba66980fd1bd0340fa4794917,KjYSHrFkGrU,LoL I saw what you did there.🤣🤣🤣,UCIt_U40-ihhANT2h94Q46tw,@b75s,2025-12-08T00:46:13Z,0.3283042051906199
9981456e81ccf047994db3ca7ef66ee2,KjYSHrFkGrU,"Hahaha! Miss Universe is always ""scandal ridden!""  It's a bizarre idea that should have died in the seventies as it did in most developed countries.",UCEDm-RB-rBStH2hSVos2oBw,@yosserc,2025-12-07T23:44:41Z,0.32770860095523363
dd5467c61119ca2876d3a22b82c54bd3,KjYSHrFkGrU,"How did she win?????? 😂😂😂😂
Now I'm even more convinced this is rigged. 😅😅😅😅😅😅😅",UCYcaYfdj1hUFPEPnYSclnWQ,@kevwiz369,2025-12-08T01:41:00Z,0.32373266388976984
33efb8f7984037d0ca3a04c3e649934c,oylbyE5Zt0Q,NOT ONE REPORT ON WHAT JUST HAPPENED IN GAZA!?! WTF CNN?!? 💔,UCtNlwj9G_KnVD3ATFqQYvlQ,@inspirationalspirituality2690,2025-12-08T02:10:05Z,0.32228935033625866
9eb0c2907c31eefab4f9fba4bc5aaf37,oylbyE5Zt0Q,"It’s ok , they got nothing … don’t hold your breath",UCxsm8t1vR0sXU4dEkmEHVjQ,@oscar.p3214,2025-12-08T01:54:21Z,0.32202272084599176
f7033ed161fd1eff84fcd287b1fb9aed,KjYSHrFkGrU,"Let’s be honest: the walkout looked more like a confusion-driven domino effect than some grand show of solidarity. Most of those candidates didn’t have a clue what had actually happened—they just saw Mexico leave, MU2024 stand up too, and assumed it was the ‘right’ side to follow. I’m pretty sure a few of them are now realizing they backed a situation they didn’t even understand. And let’s be real: even the ‘walkout’ wasn’t some united front. The ones who stayed literally told Nawat they loved him and were ready to go outside and drag Miss Mexico back in so the event could push through. That doesn’t scream solid support—it screams confusion. So the narrative of a mass moral stand is… generous at best. #WhenTheMaskSlips #FromSupportToSideEye #TheShiftIsReal #WeSeeItNow",UCBHNRT2EdwzANBQPsSn97iA,@vinamarcial9135,2025-12-08T01:45:16Z,0.32138878645085345
d3cdc5b9de5525bd16f3bc6f1f21159d,KjYSHrFkGrU,“Since they give me the job.” Even SHE knows she didn’t earn it. 😂,UCArI9_pRIAamxXHC-zL63sA,@julianjimenez9692,2025-12-08T00:46:54Z,0.3213013988661818
79389959ecb68ac0313bb4d5c5aa21f5,oylbyE5Zt0Q,Yeah it's going to get bad for Americans but it's also I'm going to get real bad for the insurance companies because they ain't going to get no money cuz people won't have insurance then they'll be crying when we got to do something to get the Americans back on board,UC2fZU0v_niC7tdZykVtj5lA,@brianhill3281,2025-12-08T02:30:33Z,0.32078092999963326
9a89d28210ba619919d461a0f92d49e3,KjYSHrFkGrU,"Trump is declaring an illegal war saying they are terrorists with proof, and he is killing them that survive to hide that fact he is killing innocent people. Time to ignore all illegal orders and court filing of his unlawful criminal administration. Trump can not do a thing if we refuse to. Give us liberty or give us death.",UCaoKfuiXh65zjATLQHenR0g,@annareismith6843,2025-12-07T23:29:18Z,0.3195944935641565
6363f3bf059b40ad4857bbb0bd584a6d,e478dy0CKYE,"Lord a mercy, I'll be so happy when i don't have to hear that foul mouthed toad's voice again. He ruins everything, everything he touches.",UC6Lcvzzk0ADlq5Vs5U7Al_g,@MelanieM-x1l,2025-12-08T02:16:18Z,0.3151464834734365
cba5b5ccffe38e31123655ab08fdfe16,oylbyE5Zt0Q,"It's all by design, America needed a new president and administration on day one.",UCMLkTrKuK8a9PwL4x51dG3g,@Gerald-q7l,2025-12-08T01:25:04Z,0.3146330915421702
cdf7ac3577cd60d8b81adb43df6d9935,KjYSHrFkGrU,"Um. Some people have good advice but others, think as a joke on social comments. We are not AI nor edit. 😕. That’s my opinion.",UC5rwnjydNutr8wKZaAjiQ6g,@Samuraidude,2025-12-08T01:53:18Z,0.3145450695843176
4636579c74b093b421569c0782c67890,KjYSHrFkGrU,she is awesome,UC2QGCXHs3--PuC1FScxUNUA,@benharris008,2025-12-07T23:45:04Z,0.31452613198213986
215477992d6d3385f0171db9f3a09bb2,oylbyE5Zt0Q,"@erwocoolis9451 UK , France , Japan , South Korea , Italy , Spain , Portugal , Finland and 80 other countries . Your pathetic and brainwashed",UCcz6X0gof6KlkIFGx_4KqBg,@adva501,2025-12-08T01:42:00Z,0.31442223973166894
3bee17c71cf28da9f37edd7acbeb563d,oylbyE5Zt0Q,"My UPLIFT free universal healthcare and education plan is 100% funded by luxury taxes from the ultra wealthy , pre- existing  ailments included!",UCpEftiLtcvXVVO2XtF0g-3Q,@pdxpete48,2025-12-08T01:50:43Z,0.31404794997571894
ef41dbda026730a1dd677f834c38a900,oylbyE5Zt0Q,Repeal the unaffordable care act and get the government out of the healthcare system would be great start!,UCF0G8j_gZOfzZK6P7AajMpg,@PrincessYuki77,2025-12-08T01:42:58Z,0.3117443078012447
b5661c1bb3d766885a0d8e00dbdee134,e478dy0CKYE,Can you imagine how confused Trump supporters would be at a Trump library. Where are the Damn picture books ?,UC-lZMtkNtxQlKHFm4Q9maVw,@Winniethepooh-c5d,2025-12-08T01:25:58Z,0.31122054618842054
abd5790439b792ba978cb38e9dd7a474,NEVp5tO6Xik,@7781.BeLoved lmao thank you good sir,UCD8Ju8zS4psaUWbnqK2Kb0A,@rocketbalboa5485,2025-12-08T01:23:26Z,0.3097187756565555
405a5971a9441eeae81089ef08c38f1d,KjYSHrFkGrU,AS FOX NEWS WOULD SAY SHOCKING SOOO SHOCKING!!😂😂😂😂,UC2bwc_FXWvqi8yrlrgT45_Q,@ger279,2025-12-07T22:45:06Z,0.30880127117341344
9872b328bbe1b7e0ecbfa278ec0acb20,e478dy0CKYE,The best president in years.,UC22oHzXyXUuI7Dwf4swr5Iw,@davemitchell6281,2025-12-08T00:33:42Z,0.30684038722811596
1ee109b2695b52d54fa2ed59cd6a8e61,e478dy0CKYE,The FIFA peace prize that Trump was given it was not an actual prize but it was a type of prize that is given to someone who they complain all the time to stop them from whining and complaining 😂😂😂,UCd_bh2jG_l6mHdwCTJzHy5g,@alfadelomer8225,2025-12-08T01:16:42Z,0.3062941537126329
3ff6d34d454ab285f6fbf105563fc604,KjYSHrFkGrU,hold strong,UCu4f2WD4MKi59aVWiMML9EA,@alexanderhay7358,2025-12-07T23:05:14Z,0.3049868906796759
b44ce77aa5d073c8fff1a787c272e41d,KjYSHrFkGrU,"It’s interesting how this situation mirrors a pattern we see in literature. Characters like Abigail Williams in The Crucible or Becky Sharp in Vanity Fair often start by framing a conflict as a moral crusade — using language of empowerment or victimhood — and for a time, people truly believe them. But as the story unfolds, readers realize that the issue wasn’t oppression or “having their voice silenced,” but rather a case of heightened emotions and poor judgment being packaged as something noble. Once that becomes clear, the public sentiment shifts naturally, not out of malice but out of recognition. In the same way, what initially looked like a dramatic stand for “my voice needs to be heard” or “women’s empowerment” is now being reassessed more calmly. People are starting to see that the conflict may have been less about empowerment and more about emotional mismanagement — which is human, but not heroic.It’s not about tearing anyone down; it’s simply about distinguishing genuine empowerment from moments where emotions get framed as ideology. Literature shows this pattern clearly, and it seems we’re watching a real-life version of it play out. #WhenTheMaskSlips #FromSupportToSideEye #TheShiftIsReal #WeSeeItNow",UCBHNRT2EdwzANBQPsSn97iA,@vinamarcial9135,2025-12-08T01:15:34Z,0.3049336669950413
067ca4d593e27ca63b47897a33eaceca,oylbyE5Zt0Q,"If Obamacare doesn't lower costs, then why are prices going up when Republicans defund it?",UC5_P8Lcig0WIoLL6Gw_8P-g,@badluck5647,2025-12-08T02:19:18Z,0.30486652336681375
6f601960a3c7f8fea63c87be037b1dc0,KjYSHrFkGrU,Nope,UCLGxusEFwGhvGvMTDvbbkJg,@Marie-rw8vc,2025-12-07T23:05:42Z,0.3040326399679341
42c4004abbf0b471e3c9d1b1150fa57b,e478dy0CKYE,He wants to change the name. The same guy who ruined the whole USFL league.,UCVpl-rVcj-MiA92KtDENiVw,@halfdeadedlifereturningwit3420,2025-12-08T01:01:38Z,0.30097319721923005
e1f0c82c836b6fe3b697cefce2fbde1e,e478dy0CKYE,Ok snowflake,UCZFhmduJg0xnWAKZTxLsEFQ,@88nlinus,2025-12-08T01:01:11Z,0.2994923070592481
032b7a8c26704d7019538ada8e2d3866,NEVp5tO6Xik,@760HorsePowerand pence too,UC1c_p8FGpIyYRWDYtuMj1cg,@ivanfernandez4739,2025-12-08T01:23:00Z,0.2987936055090968
9a65694da20b71a5fbfb54b6052db294,KjYSHrFkGrU,Latinas have been winning now because we are beautiful women! You wished!!,UCDtuNa9WrrV8gvHqQGCywaw,@ssb1056,2025-12-08T02:21:57Z,0.2987020250775918
f13eb32c2901a201774a561d1aeede78,oylbyE5Zt0Q,There is no plan to work it out. Lets not be stupid.,UCPFyY0XoqxQx-n6RZMH5Ldw,@mikeb5664,2025-12-08T02:00:21Z,0.2977118635729392
29f8c75c1bc7e62040c058ec7aa41fa0,KjYSHrFkGrU,"@ItsAndyAntonio  Let's look at the second Q&A, which is the critical question everyone overlooks. The second question wasn’t “give advice to young girls.” It was: “If you win Miss Universe, how will you use this platform to empower girls?” To judge that, you have to ask: Did she directly answer how she would use the Miss Universe platform? Did she give specific, real actions or just metaphors? Was the answer platform-centered, or self-centered? Did she show how the platform would amplify her existing advocacy? When you analyze the answers with that in mind, the contrast is clear: Côte d’Ivoire - Beautiful language, yes. But “being a role model” and “representation” are not platform-based initiatives. They describe who she is, not what she would do. Her answer was elegant, but it did not outline any concrete program, partnership, or action. Pretty isn’t a platform. On the other hand, the Philippines: Ahtisa anchored her answer in substance. She, A) Cited her existing work with an organization helping young people from low-income backgrounds, B) Explained how she would scale and expand that advocacy using the Miss Universe platform, C) Answered the question directly, without fluff or slogans. The Q&A is scored on relevance, clarity, and actionable advocacy, not who delivers the prettiest metaphor. Ahtisa chose impact over embellishment. She didn’t decorate her answer because she didn’t need to. She had a real platform to present. Some viewers prefer a rhetorical flourish. That’s a preference—not a measure of strength in a Q&A round. Now, let's look at the first Q&A question.  The question was “What emotional skill should be taught to children in school?” Côte d’Ivoire answered with “self-love,” which sounds nice but isn’t structurally accurate. Self-love is: emergent, experiential, influenced by family, culture, and environment; it's not something you can teach in a classroom lesson. You can’t guarantee self-love through instruction. It is not a formally teachable emotional skill. Self-awareness would have been the stronger, more correct answer: It is one of the core emotional intelligence skills, it is teachable, and it is foundational to all the others. Meanwhile, Ahtisa’s answers were consistently grounded in accuracy, psychology, and practical application",UCBHNRT2EdwzANBQPsSn97iA,@vinamarcial9135,2025-12-08T02:21:30Z,0.29688042324636144
a4cf202ef74116904cd267ebe893b0bb,e478dy0CKYE,It wasn't a soccer award and the Kennedy Center does still have honor brawk REALLY!!  REALLY!! .....  🦜💨  HOAX EPSTEIN HOAX,UCpSEFToGGts_D3nZwhlFeaw,@_ULTRA-_-QMAGA-_-PARROT-_-,2025-12-08T00:34:11Z,0.2967637260816517
302f429617629099369af56c5fb1a92c,KjYSHrFkGrU,I am not definitely a bot. I am a long time time MU fan. She's not the real MU for many even for the former Mexican MU title holders. She's not even deserving to be in the top 5. Just look at Raul Rocha's connection to the cartel. She's more like Miss MU Mafia. She knows about the rigging. Real talk!,UCL8vSWcLmn8Ywii4IDx3GDA,@davisurdaneta1426,2025-12-07T23:48:10Z,0.2939404830652173
2297470f6156498cec7ba93fcf9fe6c4,KjYSHrFkGrU,Oh Jeez another corrupt beauty performance.  What is news about that.  She was one of the most unqualified of the top five.,UCpokWRoyqHrOSnjvBVG57eA,@andrewpinson1268,2025-12-07T23:29:50Z,0.29346207321069817
68feb06b5287c1ee3a24170d171abf2f,KjYSHrFkGrU,"And I think shes a real woman, imagine that!!",UCoOJg6dZZvzCEeFUj7ECQCg,@DaveSchultzXXL,2025-12-08T00:24:12Z,0.29275297856544863
4f0646665dd9961de6e498339e0aa682,KjYSHrFkGrU,Hope he cleans them up.  He is also deporting dem voters as well.  👏👏👏👏,UCHgp8gG_UIfF-qHiqb5QteQ,@planecrazy6039,2025-12-08T00:21:55Z,0.288209777637574
40a17bd808fc7a99d89b233746768f6b,e478dy0CKYE,At least he works and deserves it,UC22oHzXyXUuI7Dwf4swr5Iw,@davemitchell6281,2025-12-08T01:15:19Z,0.2870105719261732
45c6534a9b2b3c8e72ffb527078454db,KjYSHrFkGrU,Ignored her,UCT3NgLNHGYXYA2mGQbaSw0Q,@petewong2372,2025-12-08T01:40:32Z,0.2858362233130771
0aef04852c45701620c75f693ecb8cc2,KjYSHrFkGrU,Cote dvoire stole the crown to the real winner in that country. Besides she was fifth place.,UC16XEA0194vmBskJ2Yju1XQ,@User-q9m1m,2025-12-08T01:43:22Z,0.2841235977104062
62e30a4664f39d3d350a5b305a40bb54,NEVp5tO6Xik,It says in the title and in the video. Benin...,UCsVCCj4PgH_yYAImjjC-y7A,@d0_25,2025-12-08T00:11:25Z,0.2827394906219203
283371ded6758a3bbb1da48affcadd81,oylbyE5Zt0Q,"But, but, but they have the concept of a plan..you'll see it in two weeks.",UCrYoaG2WwlE-Vr2LExzKa5A,@redbuoy9496,2025-12-08T02:13:07Z,0.2813202790183961
a2604e55ae52587b4f98724f22d8ae67,e478dy0CKYE,Doing everything but doing his job,UCpnt-lNJhewVspZJxHwb5mw,@ronaldclark5678,2025-12-08T01:30:02Z,0.280287595635662
61036e0657a329558437f6454eb5af97,e478dy0CKYE,"Our national nightmare, the Trump Crime Regime. They seek praise. We seek prison/deportation.",UCPms3dRlA5W1sDGWUI4wWTw,@RichMyers-v9k,2025-12-08T01:25:21Z,0.27767407296932045
8ac762b64560ac1de95cf27cd48ae96a,DMrclXpeGN4,@BenjaminYJehe means all of humanity will have to fight these robots..not americans fighting chinese robots lol,UC1pY6JeeLDQJRLjnixcK6aQ,@decidingdissident,2025-12-08T04:54:16Z,0.27732018119291624
1f3eabef600081b7e76f245c3213b3ea,KjYSHrFkGrU,"Fatima was humiliated by Japanese!
Fatima should sue that Japanese because he told hard words to her.",UCOnULsxLCgbXeD313udb7Ow,@EDUARDO-bj9wf,2025-12-07T22:41:08Z,0.27723052367549345
4ba6ed72a43a6702514ff858e853f4e4,e478dy0CKYE,A night alternating between incessant self-glorication and his toadying audience.,UC2ouDDp9vM9axTeAZbLFfgQ,@balrog322,2025-12-08T01:30:31Z,0.2771045626545667
1b9e62dc6357ec60877f165b363c5ad1,KjYSHrFkGrU,Why are men participating in a pageant like this?   I think women should run the pageant. It’s about women and empowering women and supporting them.   I don’t think men should have a place here.,UCZFC9JHrvSg93WbsFuMiXDQ,@mw354,2025-12-07T23:07:28Z,0.2770462260777605
4e395c33fb73360d817ba98cf7421235,KjYSHrFkGrU,Thank you Tapper for letting her (and everyone) know how to filter and why,UCK5AiLIFgD3GBKzrYkrMwig,@syverian1,2025-12-07T23:41:31Z,0.2699818759729837
b4069746c652bd5ad982019736a648d2,KjYSHrFkGrU,"Jake "" Black woman wins ""😮",UCd5hm-Hf4qzNTvNJFPA9bQw,@Bud-m1e,2025-12-07T22:41:39Z,0.2685442688505396
499d3e73bf7e55c3e19359366c5a3920,oylbyE5Zt0Q,"We will never fix healthcare if Trump implements something the Democrats will just replace it, and so on.",UC22oHzXyXUuI7Dwf4swr5Iw,@davemitchell6281,2025-12-08T01:37:28Z,0.26637428714471617
14644f850599162eb2b93825fd36f640,KjYSHrFkGrU,This is news CNN?,UCmFcRvEeFcyC9iDJwXjhGSQ,@aaronhelvig9444,2025-12-07T22:38:03Z,0.26614905297669345
b8b988ccf25259b8c976372c3b3f4c03,e478dy0CKYE,​@SupremeWin777-7everybody brainless knows that,UCNf0Tvh9hCsh4E7oxTtX_Pw,@nataliya3037,2025-12-08T01:41:59Z,0.2645817774750426
d9e153c320934cad44b7232934f715a1,KjYSHrFkGrU,Columbia is beautiful but Cote D'Ivoire deserved the crowd. I am sick of acknowledging that the pageant becomes more business rather than the true meaning of the beauty and how meaningful the event has been for. And the last correction is she was not called dumb head but damage. Stop playing a victim by repeating that you were called dumb just because Nawat has bad English.,UCZdw8VVKcs6O402g2xH7mLA,@CanYouKeepSecrets,2025-12-08T02:46:52Z,0.26394794472964433
bbe6ba8da9b8656b26faff5b612e181e,KjYSHrFkGrU,Democrats are trying to pretend to be trying to address the affordability crisis. When they were in power inflation was as high as 9% .😂😂,UCxjI4tRiaoDHPkI6oopb6OA,@SpontaneousOracle,2025-12-07T23:57:03Z,0.26377094903236276
24fabdd7696d52a756a52c255957bc2a,e478dy0CKYE,The only first lady that can say the back door is extra in 5 different languages.,UCVpl-rVcj-MiA92KtDENiVw,@halfdeadedlifereturningwit3420,2025-12-08T01:02:16Z,0.26266006410814036
986631efd2a7d930f03f6c7678a21036,e478dy0CKYE,"Great news, more cholesterol and higher blood pressure...",UC_8G031QPI7y2nG3b6setyg,@jucat60,2025-12-08T02:00:17Z,0.26175008965023583
a91e1dfcd69cf6fe1e5f8b6f4419bc2f,e478dy0CKYE,"I voted for Trump, but neither he nor the news mentions one of the most important anniversaries from WW2 December 7, 1941, the attack on Pearl Harbor! A SHAME 😖",UCS1blgk4aqW0aAlv3Uey6Kg,@Bosanceros-l4t,2025-12-08T02:18:33Z,0.2564945459725795
38db4d52aa986f180218f8035aab64d7,NEVp5tO6Xik,hi,UCXZ20uBLhsd_jNRSV24t0gA,@EthanWells-g6n,2025-12-08T00:09:37Z,0.2553294690069747
07851ec53708b09902ea1416d93bc1b8,KjYSHrFkGrU,"""As a true Republican MAGA I might have date-Epsteined her 12 years ago if she was blonde......""",UCpSEFToGGts_D3nZwhlFeaw,@_ULTRA-_-QMAGA-_-PARROT-_-,2025-12-07T23:42:07Z,0.25500182995497267
9213346c450b3acd79941f5c8fe431c3,oylbyE5Zt0Q,The Rethuglicans have no intention of resolving the premium cost increase so why bother reporting on it?,UCzJFlvyDL2lIm6nYRWymn8g,@bluesky6361,2025-12-08T02:39:08Z,0.25492689838624477
b02745db59820f2d71a4aa060770d6e0,KjYSHrFkGrU,Côte d'Ivore 👑,UC9GYK3eSy7piQ8TeU4Nc1bA,@OlympicDream19,2025-12-07T22:55:55Z,0.2508731144448982
9beb0d384045218fd0b35fe7cf0d3338,NEVp5tO6Xik,Bunch of clowns playing dress up,UCrCYmYYlKZ9MFgSsH9mys8Q,@QuantumOfSolace1,2025-12-08T00:16:29Z,0.2508019945701621
3c551830b95b1034d41a50cb2dd22fab,KjYSHrFkGrU,CNN and MSDNC have been fake news for 10+ years. President Trump invented that word and called them out on it. He was dead on.,UCHgp8gG_UIfF-qHiqb5QteQ,@planecrazy6039,2025-12-08T00:18:33Z,0.2475256449809577
4cb35f2118e41acafa6bee5bbd8ad678,oylbyE5Zt0Q,Hegseth for the Hague,UC5_P8Lcig0WIoLL6Gw_8P-g,@badluck5647,2025-12-08T02:25:03Z,0.24664298974450236
e1d022425bd8781384d9dc5a025606ab,KjYSHrFkGrU,"Not a winner at all. Philippines, Cote D'Ivoire and Venezuela are far more deserving overall.",UCjfdIomK4-8DLEDEcUO-uVg,@pharmatrix14singer,2025-12-08T02:47:35Z,0.2447301663970375
c9cc243424615f299b4d006d199d2507,e478dy0CKYE,All you need is the right money lol,UC0zr-G3cKx0tWqO5-5G8rHQ,@topformwear,2025-12-08T02:26:02Z,0.24368315693938242
5be470cf060bb40274c85b62bac2f94b,DMrclXpeGN4,Skipping one of the main rules a robot must not knowingly hurt a human,UCngPXmVPmQbat7BWFY9oPKQ,@Gecko012,2025-12-08T04:47:19Z,0.24341512665935738
7f56c78da6aec95488b968dea1e3cbdf,KjYSHrFkGrU,"Who really gives AF about this? Where's the list Trumpedo promised to release?? The unredacted one, not the one he used his Sharpie to cross out his name from.",UC9SHXhJHHIvOqhIrUZHxS6w,@TelesphorosAbraxas,2025-12-07T22:37:20Z,0.24309610356399183
4d1664b7c84af8d86c0a4a788a8d3325,oylbyE5Zt0Q,I can't wait for cnn to face criminal charges!!,UCtDT0UdfTANQy73gvTe2XJg,@MrStephenrtyler,2025-12-08T02:44:38Z,0.242901764303069
502ee63e6811c89b815c5448f9ccf301,KjYSHrFkGrU,You are the best Miss Universe of all time thank you for being brave and Strong the world needs women like you have come to change everything God bless you,UCyuB9JXgyYOJ1uuVK0qBt7Q,@juanzaragoza8554,2025-12-08T01:11:47Z,0.24274831960984605
aabc283166821d5beaaea9e97c499768,oylbyE5Zt0Q,LOL. You people have managed to confuse yourselves. MAGA is beyond clueless.,UCPFyY0XoqxQx-n6RZMH5Ldw,@mikeb5664,2025-12-08T02:12:26Z,0.24164357997849303
3fb1f8b8c77b98e8a1e79798253cd421,KjYSHrFkGrU,Thanks to the Trump's first term policies.,UC16XEA0194vmBskJ2Yju1XQ,@User-q9m1m,2025-12-08T01:30:44Z,0.24043946909564778
5dbff1e68e37ce9c6da6aa5e3658daee,e478dy0CKYE,And Ashley’s diary is real,UChAV7SZikJzAxI-Vo1H0nwA,@PC-tc5je,2025-12-08T01:18:36Z,0.23942624484873096
85030db9002a7d733253b0c2ac6ddbc1,e478dy0CKYE,Don’t give him any ideas!! 😂,UCHe6Mzr1N7kJGCucYUKzUqw,@xiaoka,2025-12-08T02:26:43Z,0.23883207870357168
de5e5fd2d60137466e3f7612f34e4aa7,DMrclXpeGN4,Very great.. I'm so excited...,UCzS29TBFkGcosJRyR70Azgw,@GrerovAmbrozoyuz-f9t7w,2025-12-08T04:53:38Z,0.23854410396426384
999c4301872836aeb7a2a3eb46321942,DMrclXpeGN4,Somali dude in Nashville raped a girl and she died. He was set free. Report that.,UC_2H--OuV44a8mMJLGAau0A,@Cumminspror,2025-12-08T04:39:11Z,0.23802282152997215
34f274b66eb8cf7829b1445b93454cfe,e478dy0CKYE,"Ugggh, doesn't this narcicist fool already have a full time job? How about skipping the event entirely and going back to lowering prices and releasing those damn Epstein files? Release the files!",UCKqZ4e6VoRRZb1J09VtCbWg,@kestralrider313,2025-12-08T02:19:14Z,0.23798484181605534
8593d3aa335705d868ea612d2ce1535a,NEVp5tO6Xik,This is America not Africa not Islam Muslims. We are not England that has been taken over by Islamic terrorists,UCkK7L2nqQs6GgLM1dr8lxpA,@DanDaMan-iz3we,2025-12-08T00:10:13Z,0.23658315416637427
27d633cd7b4cb1dc049b798c52844292,oylbyE5Zt0Q,1800seekhelp,UCmIS4gBF0Dcv63NdgO1qvSw,@loorowoo22,2025-12-08T02:02:51Z,0.2358653783028311
72c607dcfefb2b6216a2e419f3cedc59,DMrclXpeGN4,Yeah we are fucked 😂😂,UCVjPch5_Z4tyOyIvDRNfTuA,@Anthony_tokes,2025-12-08T04:38:28Z,0.23585987702749067
dadf10eae4b22cd25015fc92f77927ec,e478dy0CKYE,"$10,000 per hour.",UCVpl-rVcj-MiA92KtDENiVw,@halfdeadedlifereturningwit3420,2025-12-08T01:10:26Z,0.2351079163797366
9c35df89d6e7ab12b38bde1f9b3ae5c4,DMrclXpeGN4,Yes this is very very scary I don't think they understand the seriousness of it They're laughing now but years from now they will be crying,UCdv0fAuevDN8krzu6fM26rQ,@fen4432,2025-12-08T04:18:13Z,0.2349590302379035
92428d7287dc44aa7b1a6ea9438ba185,DMrclXpeGN4,The Chinese government will be using these to control their population even more!,UCyKrLl9Qynwg3W-Opcla2gQ,@GenRicOpekc,2025-12-08T04:46:42Z,0.23309358607894645
cfdca818514ce2a2115a1d7cdcd38ad9,oylbyE5Zt0Q,They should get in trouble for what they're doing and so should the insurance companies. They are all scum,UCRT817aaVgXP3cWlxAq-_iQ,@wiz_kid,2025-12-08T01:58:06Z,0.23090919383647035
a9301dd380426dba0435bc942374cf6d,KjYSHrFkGrU,Such an amazing  woman representing altruistic women around the world.,UCYVICUlf-1AKESJj9nKxMIg,@ErickHernandezC,2025-12-08T01:21:54Z,0.22828070844241144
ff5b29f877032e7b3383e0091ca5166a,KjYSHrFkGrU,"@roninthesecond3600 You care, and have a tariffed new one to stuff your trump merch and hang your family from the fireplace with care. 🤡 Publicly released Email, March 2018, Mark Epstein writes to his brother Jeffrey: “Ask him if Putin has the photos of Trump blowing Bubba.” According to Mark Epstein, the reference to “Bubba” is not Bill Clinton: he insists Bubba is a private individual.",UC25m-hK3Y2apJHXX1U4qh5Q,@innerlocus,2025-12-07T22:56:44Z,0.22784491149650518
afb03a502ddfab7caa58ffd155dc2328,e478dy0CKYE,I’m disappointed in Sly.  😢,UCHe6Mzr1N7kJGCucYUKzUqw,@xiaoka,2025-12-08T02:24:18Z,0.22724873620652952
e54c13612c2decadfe0087486f8407b0,e478dy0CKYE,Trump killed the arts in his last term!!!! No talent not original!!! His image is diabolical disgusting and yes when he’s out his name will be erased!!!!,UCIsz8huZX0674iyT5Qrq0RQ,@misslamarr,2025-12-08T02:30:21Z,0.22676500827847876
475bd46c116778f550b1e5f2893771d2,e478dy0CKYE,Trump🇺🇸🇺🇸🇺🇸🇺🇸,UCZ_V8XcGJySMuYpDV6lLisg,@Pugs-4-me,2025-12-08T01:21:05Z,0.22656541970050312
8fd05b93e2ec028497edaca726004024,KjYSHrFkGrU,All of a sudden Fake Tapper is concerned about women getting sexually assaulted. Where was this phony and hypocritic when Biden was allowing cartels to sexually assault illegals?,UClGG4NBhpL85Z8LuyqLUJ2g,@rolback5055,2025-12-07T23:50:04Z,0.22636395180284086
c00dc33652303e2021e0c7c6ce4bccf9,KjYSHrFkGrU,"@ItsAndyAntonio Oh, interesting! When you say Olivia had the ‘best modeling techniques,’ can you share the exact criteria or rubric you’re using to measure that? Because without that, it reads less like an objective assessment and more like waving your antennae around and grabbing the first thing you notice. Opinions are fine—but calling anyone who disagrees a ‘hater’ doesn’t magically turn an unsubstantiated claim into a fact.",UCBHNRT2EdwzANBQPsSn97iA,@vinamarcial9135,2025-12-08T02:32:16Z,0.22602400545898793
47ddb7384b8e421a2608b018946d24b4,e478dy0CKYE,Trump host at night...hmm that may be a stretch...more like sleep through the event in his emperors booth.  😂,UC9MjyjeKmidLZzh1lgfTNOQ,@TheJkdZone,2025-12-08T02:15:06Z,0.2255107662551129
8f142dae2c300acd2e319208486b7fe2,DMrclXpeGN4,This part 💯✨😅😂,UCPVjFDhcwSn1BLAI72Nypiw,@NatashaRios-j1z,2025-12-08T04:45:57Z,0.22476313702475814
3d2d1509e9dca233d1653c23d8ff75ee,e478dy0CKYE,I wonder how many times he brings up Biden because he's so jealous he got beat by a man but only wins against women.,UC6NOihAZ8N4s5daUf6kPCRw,@DHITTZ03,2025-12-08T02:23:38Z,0.22458044926085427
ead1401da174d4a0b92070d0633bcbc4,e478dy0CKYE,​@b.t.2795he has heart failure and dementia. That's why he gets MRIs to see the progression,UC6NOihAZ8N4s5daUf6kPCRw,@DHITTZ03,2025-12-08T02:25:04Z,0.22332561389602873
0323b2ab841b0fec03bbf5e884c94d02,e478dy0CKYE,Sleepy Don..💤💤🥱🥴,UCbTqJDynLlq1UXBMKGBj66A,@JNosewicz007,2025-12-08T02:43:52Z,0.22313006768202337
3b6a3730e055d77c4d094da607e48bcd,oylbyE5Zt0Q,The whole government must go.,UCxxqHY9PZidA56re0LEx1gw,@TheGamingPolitician,2025-12-08T01:58:47Z,0.2220711574508769
9309e239572d09e9572dcd1935b6da87,NEVp5tO6Xik,These n**gas look like a joke,UCGXcJmnshx_InLp_BJVKzIQ,@h4iMedia,2025-12-08T00:15:45Z,0.22132551731412814
ac87cd0e93a862c2bc913cd25c4b13f1,KjYSHrFkGrU,Troll,UC1tZT_N9LhgJyFFeMgtbCPg,@jorgegomez3691,2025-12-08T02:32:58Z,0.22104464626690767
aa9c3542da37fa789b4dd6cbaf94a5ba,e478dy0CKYE,Sabrina Carpenter is giving Trump the middle finger. 🖕,UCupC0GKAnfAYgwqynEmb5Lw,@b.t.2795,2025-12-08T02:00:56Z,0.22059210730901135
b809ae603ce478ebbc00fa639dc08865,NEVp5tO6Xik,"Don't bother understanding African politics
1. Too many countries 
2. Too many factions
3. Too many tribes
4. Complex history

With that being said, ignore what I just said.",UC4PZo94M23QNoaIzr2lv2cg,@Tom-z8y6z,2025-12-08T00:35:05Z,0.21905488458212796
25fa432826c3d61bc5b1af6a68981c34,KjYSHrFkGrU,"Who cares about Epstein? I don't care! What about shutting down the government and the effects we are still feeling from it. All the TSA agents that walked out m, food prices and other entitlements.",UCHxu-29VEy-H-Uf4IS8qMWg,@roninthesecond3600,2025-12-07T22:38:52Z,0.21893522319681286
e82d4b00d7a68cbf647ed74fc437f413,oylbyE5Zt0Q,"The overwhelming majority of his votes came from states in the bottom of the list that ranks education outcomes.

Stupid people voting for stupid people is not the flex you think it is.",UCPuH007CQZCQssvAo1dUvTw,@WilliamBratzke-g3g,2025-12-08T01:38:09Z,0.21877067452159782
06131909bee32402a89e576a470b488c,NEVp5tO6Xik,Don't tell us go say it to their faces 😂,UCwBQ3w2ewmqjD117uftcH_A,@AinSoph73,2025-12-08T00:34:27Z,0.2183211393687941
32e8c9cc5a774033e42c39c0d1f77315,KjYSHrFkGrU,"'' Jeffrey Epstein stole Virginia Guiffre from me.''

Donald tRUMP

2025",UCIAfEDr39yoxzsMT8F1v16g,@donvonschitzinpantz,2025-12-07T23:56:16Z,0.21779033309915946
1e5c7fdb15d67dbf6d3d501227773078,KjYSHrFkGrU,Tampon Tim is a reeeeeee,UCoOJg6dZZvzCEeFUj7ECQCg,@DaveSchultzXXL,2025-12-08T01:11:06Z,0.21603795008892712
fbfc2d250d9cb2d8261dcdf849c61203,KjYSHrFkGrU,TROLLS DON'T HATE MISS UNIVERSE BECAUSE SHE'S BEATIFUL AND YOUR UGLY!!,UC2bwc_FXWvqi8yrlrgT45_Q,@ger279,2025-12-08T00:49:47Z,0.21474086104011134
9bd86d51179a32553f1f839453e618ad,KjYSHrFkGrU,The whole event is dumb. I think it does more damage than good.,UCLuQCyhM71R5yQCTRGiAW5A,@eljefe6731,2025-12-07T22:54:24Z,0.2139774034709242
400c2785ac3a854f08cbf8cba41eb770,KjYSHrFkGrU,"OMG, it’s just a beauty contest.",UClWdzNSj1fOYUnhxaLgSyTA,@DarthChurro,2025-12-08T01:21:14Z,0.21362453718340962
ae81874c0cca302016133f6964def728,oylbyE5Zt0Q,"​@KikoNYC well to fix stupid you have to find it first, which is probably the only reason a handful of people still watch cnn",UCxmsAjbzcAPfHsLou3K7tfQ,@sonnychiba5270,2025-12-08T01:38:56Z,0.21290314520459735
e282199c59461531b8a9b0882ac11abd,KjYSHrFkGrU,The world? Which planet are you from? 😂,UCL8vSWcLmn8Ywii4IDx3GDA,@davisurdaneta1426,2025-12-07T23:50:48Z,0.21247903289175474
5bd2de040b19f24d0fa5e8a276b5cfb1,e478dy0CKYE,Epstein files?,UCLWGzTKv1nnSlpE_249_FrQ,@stephengiunta1564,2025-12-08T01:46:41Z,0.21235145336077954
f596f8244c942531132733a669982814,NEVp5tO6Xik,😂,UC42O3XmOOHkNqZvrsmhh4lw,@VindicatorHuur,2025-12-08T00:20:34Z,0.21205066502349762
06650a8e05b84c6143c5440a6c22b922,e478dy0CKYE,"CNN is a total joke,everything negative",UC31eIJ1DAgMLQLjua4pyzrA,@PaulBrodi,2025-12-08T01:51:31Z,0.2108602061878689
b2f917e1b6c4269820b271d88e9c7173,KjYSHrFkGrU,👀,UCmKKGXU1SI298AxCvdhyI7Q,@donovanmandley565,2025-12-08T02:46:05Z,0.20998181231153062
4294b0f01533a135728ca08bc9d37854,KjYSHrFkGrU,God bless America and God bless President Donald Trump,UCwsNrEYUpNKc_sJdVguokUQ,@dnrdufty,2025-12-07T23:01:56Z,0.2087001763766292
4cfc643e011e2c8f7d71d50c0ce96a39,oylbyE5Zt0Q,Everyone knows trump is a twice-impeached 34-time felon and you still couldn’t beat him. 🤦‍♂️,UCERe4RCslT6x4HOSHqEo17A,@kevin6293,2025-12-08T01:30:03Z,0.20604979198331055
85a896770ac04c85e4866bf9c86bbbb2,KjYSHrFkGrU,Nah Venezuela > Côte d'Ivore,UC6waS8-uKbNpY1tL5lSl69w,@MUISHAGGY572,2025-12-08T01:05:44Z,0.20441170227304029
2b04f23a18adcab23ef098660612bf66,KjYSHrFkGrU,"Dude was Thai, get it right",UCU79DIK1AQBmV6_h3yEvAKA,@eastofthemississippi2501,2025-12-07T23:36:16Z,0.20341861793318786
efc3503971133bbc6edaa8c4c0ea235d,oylbyE5Zt0Q,"We'll see about that vote. If that vote goes through then those Democrats who surrendered will be vindicated. 

I hope it works out. If not they'll need to find new jobs",UCoGz7Qagf8xuAOM8lzRkzpg,@SailorSocko,2025-12-08T02:21:18Z,0.20187898572113638
5a298ebc43dc51cd4be1798f6337f06b,DMrclXpeGN4,Terminater written all over it 😢,UCZcdlzFXXkQE13revVVPmag,@msbunns1,2025-12-08T04:35:37Z,0.20123142793702575
ba5283fec490f68feec5894ed183fcf9,DMrclXpeGN4,Look at these idiots. Creating shit we’ll have to fight in 10-100 years.,UCT8SWAuqd0jlIjRO1eYbD9g,@mockingbird2264,2025-12-08T04:17:20Z,0.20088400599831613
8be906d3202305f9d59a2b3bf9304519,KjYSHrFkGrU,She is such a pretty woman. Good on her.,UCg4Ix69PK-YA0pPPXiSVl8Q,@MrKenng123,2025-12-07T23:47:19Z,0.19960786383952786
a005a48c1ad225b6b06187892defac99,e478dy0CKYE,CNN is totally unwatchable,UC31eIJ1DAgMLQLjua4pyzrA,@PaulBrodi,2025-12-08T01:53:35Z,0.19917238153052522
1beff153d66fa27a37fcf82ed2485c9e,e478dy0CKYE,😂😂😂 he does need a job.,UCeGaYSWw66ydETLSLB71xIQ,@Butterymales-t7u,2025-12-08T01:22:47Z,0.19771667786818103
aef6d8cf4e5d9243bc9afd7bd8347f71,KjYSHrFkGrU,He wasn’t Japanese.,UClRknWKXgt4pSqxfXuavkOA,@bm.6349,2025-12-07T22:51:40Z,0.19693434296465082
bd1d2df698f4a029abd94c6e13b4b8c7,DMrclXpeGN4,아이로봇~?ㅎㄷㄷ;,UCTK55Y7JuhjVZLz0HtBSCPQ,@Good_dog0,2025-12-08T04:36:19Z,0.1965674673006249
0bc0ef7d75aa253b1a011bf96f878264,oylbyE5Zt0Q,"@arudiga And Republicans tried to repeal and replace it 60+ times and Trump has been working on his ""concept of a plan"" for years.

Both parties suck donkey dick and don't give a fuck if you have affordable healthcare because their campaign funding comes from healthcare industry insiders.",UCPuH007CQZCQssvAo1dUvTw,@WilliamBratzke-g3g,2025-12-08T01:36:24Z,0.19559289916337508
077679341687937546c067600f41b35a,e478dy0CKYE,"Sorry, I couldn’t find any reference to a Peal Harbor.",UCnTfLwYyCUdJDeK8WKOiz8g,@jayluck8047,2025-12-08T02:06:59Z,0.19279405326625454
5515386ff856389260f525c39126aa27,e478dy0CKYE,Trump is a stain for anyone associated with him. CBS is no different,UClcfwszFmlT-xyyJe-YzTmg,@ETAonTheEUC,2025-12-08T01:56:22Z,0.19256281522717747
5f0bc168627fa1ea54954da7625341e8,KjYSHrFkGrU,"No, it's Miss Philippines who clearly won.",UCBHNRT2EdwzANBQPsSn97iA,@vinamarcial9135,2025-12-08T01:12:36Z,0.19207073113736864
6029ae86c41419b9451340a087b3f405,KjYSHrFkGrU,"Miss Universe 2025 Fatima Bosch joins those whose who's beauty will not be seen by hatters who haven't earned the right to have gratitude for their life, either. 🤣…And that's a good thing.",UC25m-hK3Y2apJHXX1U4qh5Q,@innerlocus,2025-12-07T23:09:16Z,0.1916588901026865
838917cb3325431c4b8760f8d7d33de4,oylbyE5Zt0Q,"@bryan805 exactly. It isn’t affordable. It was just a ploy to gain votes. The democrats passed ACA solely, and ARP solely. They own this and there is no mandate to bail out their abysmal Ponzi scheme.",UCSzfruIYTMmQWRhsJ8X1IaA,@arudiga,2025-12-08T02:16:35Z,0.19076052694967754
3f165a93bd334ce78ce4993b2aabd561,KjYSHrFkGrU,Clown with crown,UC76ivIKyHZPNtnN1SefKXGQ,@nelsonzito8579,2025-12-08T00:57:31Z,0.190234795137074
b62bd0f2353f01463dfa193fe85488e7,KjYSHrFkGrU,Well my next door 🚪 neighbour is pretty than her 😂,UCaVyVkBi_ygm3KuHNH0knIQ,@erviram5494,2025-12-07T22:42:29Z,0.19014515920765687
b7567ff6c3fc4f97aa802482fd2b413c,oylbyE5Zt0Q,Because lawmakers designed a system that can be abused by profit driven corporations,UC5_P8Lcig0WIoLL6Gw_8P-g,@badluck5647,2025-12-08T02:22:03Z,0.19005890236836423
047a9263668e4a64a791e5fdf146bbbb,KjYSHrFkGrU,Who cares,UCaPT6DWr88E-2Ul_9qKoUfw,@ChasingTheDreamx,2025-12-07T23:54:41Z,0.1900353005060832
b8885512504f544415c5f5cf2739067a,KjYSHrFkGrU,"If she’s all that, why buying the crown?",UCgUkokxzcMQzZn4oJAhEzrw,@AldrianCG,2025-12-08T00:49:00Z,0.18880410157087027
99b2192c805f0fb9be45f3fb76c0b2ca,oylbyE5Zt0Q,"See Donald's' Bill Beautiful Bill, or go buy a clue. You have none.",UCPFyY0XoqxQx-n6RZMH5Ldw,@mikeb5664,2025-12-08T02:05:18Z,0.1881026112799877
8808801c0a294411816669de940f4b0b,KjYSHrFkGrU,Iot,UCysOvK4LNku7YyIoHi63X5g,@حمزةماديمادي,2025-12-08T00:27:13Z,0.18656141004300061
df0719007f08c46b8257f506c8f4096e,KjYSHrFkGrU,@DaveSchultzXXLbot,UCO4m8_iiX6EXt22AeYg7PFg,@Cozylife797,2025-12-08T01:52:07Z,0.18548483990932285
e66ec8abedd9f6404e689597f37167e7,KjYSHrFkGrU,"Do you know that Donald tRUMP used to run, The Miss Preteen Contest and he'd go backstage to see the young girls undress?",UCIAfEDr39yoxzsMT8F1v16g,@donvonschitzinpantz,2025-12-07T23:53:53Z,0.1854266604106813
f5654a90ce811f441d11cbd7f5ba665d,KjYSHrFkGrU,Wouldn’t look twice at her walking past me.,UCoOJg6dZZvzCEeFUj7ECQCg,@DaveSchultzXXL,2025-12-08T00:47:47Z,0.18392061979837832
73a752f3bb36435d05fea1aade305582,KjYSHrFkGrU,"Las Razones...
1. Su padre pagó por la corona. 
2. Rocha aceptó la oferta de su padre y le vendió la corona.",UCGprsZMq9uYhL6Ea82JkTIw,@joselenisolidum3158,2025-12-08T02:03:27Z,0.18265941425704296
156e735b2ea5ac2403a45fa09e914fe3,oylbyE5Zt0Q,"I stopped reading after ""Scott Jennings says""",UC5_P8Lcig0WIoLL6Gw_8P-g,@badluck5647,2025-12-08T02:20:06Z,0.18192212541313654
b4c6fa1593c07538bd0245dd920d3834,KjYSHrFkGrU,"Guess what political party Im in: I don’t know the difference between a man and a woman, a fisherman and a drug dealer, and difference between a protest and an insurrection.",UCoOJg6dZZvzCEeFUj7ECQCg,@DaveSchultzXXL,2025-12-08T00:34:12Z,0.17907968416280592
3735736eded71fde3bfc0f8cab1edb07,DMrclXpeGN4,"Actually, the Chinese are likely the most capable of fixing all those stuff right now.",UCLjCTW04Ohuv5yX5QbPmwNw,@biocapsule7311,2025-12-08T05:06:26Z,0.17769207379186241
b6277f3255f962aedbf82479d09b7419,KjYSHrFkGrU,Trump will probably deport her.,UC46hOVC3bf4xoA44Cw3HU_A,@ljacobs357,2025-12-08T00:13:26Z,0.1775922554645995
0f076ad89105f4cc877eb09de560d0cc,NEVp5tO6Xik,Real Republicans are just as bad as real democrats,UCdthXTPxELJGix0QKBNgx9g,@Brada86_,2025-12-08T01:25:37Z,0.1767714671730353
e6c543e1c193340b6104669c7d875da8,e478dy0CKYE,Stallone? Give me a break. Another MAGA loser.,UC7BdqeNdS6b3Miv7XVhbQzw,@highflyingduck,2025-12-08T02:08:54Z,0.17634452821534832
a0fd1cacb6575a10efe64bf848e915a4,KjYSHrFkGrU,Troll,UC1tZT_N9LhgJyFFeMgtbCPg,@jorgegomez3691,2025-12-08T02:37:37Z,0.17599747645558692
b3de4190a70824f9cf30a53d25ea3648,KjYSHrFkGrU,Hideous!,UC76ivIKyHZPNtnN1SefKXGQ,@nelsonzito8579,2025-12-08T00:58:40Z,0.17553781116656006
53b7da1c04d549abba2c72cbd2a4cc1e,KjYSHrFkGrU,"Woooooow the interviewer is AMAZINGGGGG, you were super kind to Fatima & i know that she really appreciated your words because even i did. God bless you both",UCsQD6eNixXIaZPlewKZpK4Q,@Aiaidesire,2025-12-08T01:42:31Z,0.1742516241029365
ca148ead250e1bfc8505ccccd901357e,KjYSHrFkGrU,She has a beauty but no wisdom,UCT3NgLNHGYXYA2mGQbaSw0Q,@petewong2372,2025-12-08T01:29:55Z,0.1739776599326309
9082ecdce4220087fcb3f26de69b48d1,KjYSHrFkGrU,She is very likable. Yes they cheated Côte D'Ivoire from the crown 👑 but we should give Fatima a fair chance to fulfill her role as Miss Universe.,UCWv9-5Sxyzmor863FnqkHCg,@ItsAndyAntonio,2025-12-08T01:08:38Z,0.17335482684689005
be7e86eb4744ca6372add1d201285beb,NEVp5tO6Xik,Coup season in Africa has begun again,UC0xnMg_irTuvsUzEae_l1hg,@1_therealcreatedjam-ph8pv,2025-12-08T00:33:34Z,0.17206626201457992
a4e7d1e5ab3456a2f69ed65f77cc2a80,oylbyE5Zt0Q,"Trumps had 10 years to show us his plan. He has no plan, and never will.",UCPFyY0XoqxQx-n6RZMH5Ldw,@mikeb5664,2025-12-08T02:01:25Z,0.171889640890158
f855224c0bf809ce516412209b92e62f,e478dy0CKYE,💯😂,UCbTqJDynLlq1UXBMKGBj66A,@JNosewicz007,2025-12-08T02:40:13Z,0.1715138172410614
a2037c37215f9890668b561e48bd2b09,KjYSHrFkGrU,Disgusting.,UCgUkokxzcMQzZn4oJAhEzrw,@AldrianCG,2025-12-08T01:55:30Z,0.17150286207684895
cad268a55f528921465ba6ecc84afde3,e478dy0CKYE,What a disgrace,UC4jXdcPEC7bKjbwGAcogOYw,@eccentrificalchris2706,2025-12-08T01:34:35Z,0.17076538772791483
60cec73e7fa9d0e28f141d20956eefe8,oylbyE5Zt0Q,"Scott Jennings says Republicans don't want to Inflict Pain on Americans. 
Adolph Trump says Affordability is a Hoax.  Must be Nice that America actually Votes for these Freaks. Gopevilempire....",UCmIS4gBF0Dcv63NdgO1qvSw,@loorowoo22,2025-12-08T02:02:26Z,0.16952887330280036
b2741fb8d1426e3fdf89d47bbd741634,KjYSHrFkGrU,Bot,UCO4m8_iiX6EXt22AeYg7PFg,@Cozylife797,2025-12-08T01:52:03Z,0.16917611280604705
2e327580badd8c6af4d2d02b7eb46229,e478dy0CKYE,Itll be all about trump you have to honor trump. I would never accept an award from trump.,UCpnt-lNJhewVspZJxHwb5mw,@ronaldclark5678,2025-12-08T01:32:09Z,0.16822645589867127
79e9d2e5aed4a44e8d2516a2e312f0a8,KjYSHrFkGrU,They don't know the size of the universe,UCwxHv6Apdat5dR5BVdB8BXA,@MoneyMan28,2025-12-08T01:48:52Z,0.1671362793320419
2835539e40af682277a7cb42d8b868e5,KjYSHrFkGrU,She stole the crown from cote dvoire,UCHIoPHOGMDn7pYPBT1bqFgw,@hkdluis,2025-12-08T01:17:27Z,0.1664188168267212
09a57f17d297e8816791e989dae5be90,e478dy0CKYE,"Trump is turning a classy event into a showcase for…you guessed it, HIMSELF! If anyone- except MAGAts- watches it it’ll be out of morbid curiosity, not out of respect for Trump.  Trump is just odious.",UCdAZg_FjTdpifCN__VvByUA,@joanholg15,2025-12-08T01:43:10Z,0.16520052472508734
7648772e78f557d7646829a226dbed31,oylbyE5Zt0Q,CNN really fire Scott Jennings? Stupid move.,UCH-ZR74I4eHOjXY2_59Dc-Q,@amandafisher1780,2025-12-08T02:41:13Z,0.16459983917787321
a17e0adef89aa669771779fe269fb1d9,DMrclXpeGN4,SKYNET IS HERE. 😭,UC3XEpDanrCsH_k3yxkq_hZg,@josephsonora3787,2025-12-08T05:07:13Z,0.16450838889813524
dd7a34af76a080a0b20e11d10d95e8a2,KjYSHrFkGrU,Not as obsolete as WWE or UFC,UCBMoHIaWI0RoVbF-AYzZzVw,@Docrine682,2025-12-08T02:28:40Z,0.16326090854686326
ca4f0a4cf6c701493119fd924400d382,e478dy0CKYE,I wonder how many canceled after they found out the felon was MC...  Should be lots of BOOO's!,UCNUgCGUuHIB4aTR4-Pq3jrw,@twill2222,2025-12-08T01:57:16Z,0.16260046477072035
5cc320ce5dad518be382d9930df3d2c4,KjYSHrFkGrU,it's unwatchable if a fossil fuel owner is involved,UC2kHnkuWIO2hHJlBcH0qr6A,@robertjohnmarcella263,2025-12-08T01:02:46Z,0.15946621001408717
a3174f1e77707acf5e262bd286c61612,KjYSHrFkGrU,Hermosa bella miss universo ❤,UCCK6ddWtK3UMxmBo8gRrHGg,@JesusPerez-i2l5g,2025-12-08T00:50:54Z,0.15864944913156115
38666a65babc70de03bc87de1194c098,KjYSHrFkGrU,"Such a beautiful and smart girl ♥️ 
God bless you Miss Universe 2025 🙌",UCzn9FL-NRpWKBDbgZTvWUDg,@AnViPS,2025-12-07T23:39:58Z,0.1584907576437793
4d24db7a6363073b37cdbb6474719c59,KjYSHrFkGrU,Judges had a different opinion. Were you there the whole month that the competition lasts?,UC16XEA0194vmBskJ2Yju1XQ,@User-q9m1m,2025-12-08T01:39:21Z,0.15778978665148333
d2d7c68711a4d2747cfc1439fc267efe,oylbyE5Zt0Q,The new catch has arrived.... crack crab.,UC22oHzXyXUuI7Dwf4swr5Iw,@davemitchell6281,2025-12-08T01:40:44Z,0.1560201791482377
3e1ba28444b0759bbe8f3146f70613ef,KjYSHrFkGrU,Trump just won the McDonald's medal of honor and purple heart (he was cut by a mc rip wrapper but finished eating it anyway).,UCGg0TU4uCb8KpXIuhtTUk3w,@beobe99,2025-12-08T00:10:27Z,0.15578464260591487
1a34858cc17cf59d3a23f09e3b7fcb7f,KjYSHrFkGrU,"the world is proud of you, fátima bosch 🇲🇽",UCcxUqH2xvPgnOS7gRtkDp7g,@mylilpearl,2025-12-07T23:11:03Z,0.15415836847661754
61160fff17bf61639832170aa525a540,NEVp5tO6Xik,Real republicans want bubba blower out of office too 😂,UC1c_p8FGpIyYRWDYtuMj1cg,@ivanfernandez4739,2025-12-08T01:15:36Z,0.1540908240007319
2607015e15297d21200ea4b3aadec214,KjYSHrFkGrU,"She gave one of the POOREST performance, and yet she won?",UCer7CduACfu4n4l7b787-Jg,@edwinlucero4670,2025-12-07T23:38:53Z,0.15357597237622722
6804380c156c9977809ae700675e2a31,e478dy0CKYE,@davemitchell6281neither to both.,UCrUDzi758oDX9MocYKoFErA,@dare_challenge_a_god1536,2025-12-08T01:33:10Z,0.15351349420433397
8af50af7409f5693f563bda74f37b089,KjYSHrFkGrU,Get over it.,UC46hOVC3bf4xoA44Cw3HU_A,@ljacobs357,2025-12-08T00:28:22Z,0.15341479695232835
90c12d933a1f873c473cc5a8eeb68498,KjYSHrFkGrU,@vinamarcial9135  Philippines stage performance was not better than Olivia's own. 🇨🇮  Olivia had the best modeling techniques and both of her answers were much better than all of the Top 5. Venezuela 🇻🇪 actually did much better than Philippines as well. Top two should've been Venezuela 🇻🇪  and Côte d’Ivoire 🇨🇮 if you don't agree you're just a hater.,UCWv9-5Sxyzmor863FnqkHCg,@ItsAndyAntonio,2025-12-08T01:18:57Z,0.1529536398133692
3a2e2b1333d5a1e09ef5caa4397ec887,KjYSHrFkGrU,​@User-q9m1mYeah if facts aren't important. Don't actually do any research might crush those grand delusions.😂😂,UCxjI4tRiaoDHPkI6oopb6OA,@SpontaneousOracle,2025-12-08T01:35:58Z,0.15092566717691053
f494853908f9aaf1d1cbc7b564de4b23,KjYSHrFkGrU,"Soy de Tabasco, estudié con ella en Cumbres. Confirmo que lo que dices es verdad",UCBMoHIaWI0RoVbF-AYzZzVw,@Docrine682,2025-12-08T02:27:44Z,0.150561391879366
4ed3e6d964188361e8b6ea6592d90b1f,KjYSHrFkGrU,"Tapper is right about social media being almost all fake bot and troll accounts, why would anyone outside of misogynistic jerks hate this woman!?",UCZumFUORjtBtMCAhmzBfdfg,@charlespatrick8650,2025-12-07T23:34:48Z,0.1502456031089026
d71b59b060d8c3de350df5347564a55a,KjYSHrFkGrU,Did Trump grab her by the 🐈 before she won????😂😂😂😂🤡,UCzUnh6OrW9qYYTABnkYNgjg,@jeepguy4499,2025-12-08T00:05:28Z,0.149927002255809
960ef7438b8234c8f4af67a1511a7ef5,KjYSHrFkGrU,"Mexico Miss Universe is ugly.. Miss Thailand is way more beautiful, gracious and polite.",UClGG4NBhpL85Z8LuyqLUJ2g,@rolback5055,2025-12-07T23:46:01Z,0.14974593501691472
95813c46f487939d78f820be1721bd89,e478dy0CKYE,Add the Kennedy Center to the list of things that will need to be De-Trumpified after they’re out…,UCHe6Mzr1N7kJGCucYUKzUqw,@xiaoka,2025-12-08T02:31:50Z,0.14900946450053562
556fb9d33f5e18db60b3e224b06c9895,KjYSHrFkGrU,"We lub u mucho mucho long time Fátima ❤ regardless of stuff, enjoy your well-deserved crown 👑",UCtg6SqeVrnDOnv76xLNS1Qw,@RodAyla-s5d,2025-12-08T02:04:33Z,0.14862703047897388
f558b0fe32d2c8b62348fb59fe66ce6e,KjYSHrFkGrU,"The reason why there are haters is that there are no receipts that prove that she gave the best performance.  Most of them feel that the situation has reached obscene levels. Let's take, for example, the answers of the top 5 finalists to the final question. Mexico was not the one that gave the best answer. The 5 finalists of the Miss Universe 2025 pageant were asked the same final question during the final Q&A round. Question asked: “If you win the title of Miss Universe tonight, how would you use this platform to empower young girls?” A) Miss Thailand: Delivered general advice to young girls but did not specify how she would use the Miss Universe platform. The statement about “a better world” sounded rehearsed, and her closing line shifted focus toward herself rather than the empowerment of girls. B) Miss Philippines: Directly addressed the question by citing her current involvement with an organization that provides opportunities to young people from low-income backgrounds. She clearly connected her ongoing advocacy to how she would expand it through the Miss Universe platform. C) Miss Venezuela: Spoke about her personal journey of becoming the person she wanted to be. While inspirational, she did not provide examples of helping other girls or explain how she would use the platform to empower them. D) Miss Mexico: Encouraged girls to believe in themselves and use their voices. This remained generic advice and did not answer the specific question about leveraging the Miss Universe platform. E) Miss Côte d’Ivoire: Focused on being a role model and face of representation. While aspirational, her answer was centered on herself rather than on concrete actions she would take using the platform to empower girls. Miss Philippines' answer was strong across all three criteria of Directness, Specificity, and focus, showing clear alignment with the question. Only Miss Philippines explicitly tied her answer to the Miss Universe platform. The other contestants gave broad encouragement rather than actionable strategies. Other answers shifted toward personal identity or self-image rather than the empowerment of girls.",UCBHNRT2EdwzANBQPsSn97iA,@vinamarcial9135,2025-12-08T02:00:44Z,0.14856874212879392
6a95e47cd6ab854d8fd003d45bd76cbd,KjYSHrFkGrU,"She won because of it, didn’t she? A bit unfair to the others but oh well. It’s a dumb archaic competition and good revenge.",UClRknWKXgt4pSqxfXuavkOA,@bm.6349,2025-12-07T22:52:23Z,0.14834684311531846
8dd9f6eacc32affd0b60b173e85251ef,KjYSHrFkGrU,Gorgeous 🥰,UCq0zcZz8Up2Uig-N_LfDkJQ,@newbestofthis4422,2025-12-07T23:12:05Z,0.1483091637944596
91dc247a958b04318f8ca86c2a3fff67,DMrclXpeGN4,"So RoboCop is real now? Great, just great🙄 we can't fix climate change, pollution, starvation, cancer, Alzheimer's or wealth inequality, but we can build robots to kick our asses. Smart, real smart.",UCnUNvG1VUFYOTy8amtoyZJw,@BabyRuth-u4e,2025-12-08T04:24:04Z,0.14770142960251664
876e49113a2bd2e875c58796586f609b,KjYSHrFkGrU,Videos of ice being  deported from  restaurant and FAST food restaurant. Signs showing them  AT the doors. We have the Right to Refuse Service. 😅. Have a nice day.,UC2NE3OJ9s2Rnd-LVmibOjmw,@IdkIdk-e3z6g,2025-12-07T22:40:07Z,0.14734279712940762
c1bc43327bb2092c0b4ce4101121237a,oylbyE5Zt0Q,"Where is the ""I voted for this"" MAGAts in the comments?",UC5_P8Lcig0WIoLL6Gw_8P-g,@badluck5647,2025-12-08T02:17:39Z,0.14698635284367897
92d8e625dac92213ceaaa70dbe244701,e478dy0CKYE,@jayluck8047  PEARL HARBOR. You knew what was meant smart a$$,UCaUltBFwedl5bkFNmkaX0Cg,@nowwhat9114,2025-12-08T02:12:28Z,0.14579035829683779
bbf48379834b83ed29efb96f9595145e,KjYSHrFkGrU,You are a bot.....,UC1tZT_N9LhgJyFFeMgtbCPg,@jorgegomez3691,2025-12-08T02:38:41Z,0.14532425168958338
d6ec1f412c1dfffc5d914120d83d23fc,KjYSHrFkGrU,FAKE WINNER 🤡🤡🤡,UCJk7w-CQxBn3lnoR-FIhOaA,@shaun.montelibano,2025-12-08T00:44:24Z,0.14506547612139617
51349ef4c5a075eaac8c1280f64be246,KjYSHrFkGrU,Agree. Thanks for explaining,UC74Nh9NadTBV6LrXWOqsl5g,@ALICIABOJANGLES,2025-12-08T01:57:03Z,0.1449121857727334
7bc023a26cab8c2180321f717361deb9,e478dy0CKYE,CNN mourning NEVER ends absolutely delicious 😋😋😋,UCd5hm-Hf4qzNTvNJFPA9bQw,@Bud-m1e,2025-12-08T02:10:08Z,0.14445924203395671
be7a91162b9c8ae4892dd7b91e7fb314,oylbyE5Zt0Q,If 70 percent wanted this fixed they wouldn't have voted for it. How can you break something then want to fix also if scott was to stop living I wouldn't be sad about that. To sit there and constantly lie without breaking a sweat is disturbing,UCbxQXwVxhQE8MIaj12iulUA,@juscallmevell,2025-12-08T02:23:14Z,0.1437466163030227
a81f66319d1e85a4d886cd65d154e4fa,NEVp5tO6Xik,Those soldiers look like clowns with those helmets. They don't even know how wear the helmets 😂😂😂,UC9QNuXcPHKpwRZlgNbkqPaw,@lenr7068,2025-12-08T02:22:32Z,0.14209074936203686
934078b2aef39b17872f57e7dda4231e,KjYSHrFkGrU,Does CNN knows that she was the SUGARBABY of the owner?😂😂😂,UCmmcvlVrUDBeR2GN5joycTg,@ishra2003,2025-12-07T23:02:53Z,0.14187393795096936
df26d0c80de30c0da094aa0a370ba26a,NEVp5tO6Xik,This is what the Dems want to do with Trump. LOL,UCJA0xWV0LuNTFwKdeX_c1pg,@scw9471,2025-12-08T00:51:11Z,0.14052215365723897
ca4676ac9fc416fd625cdb378a54a4b2,e478dy0CKYE,Two piles of poo,UCLWGzTKv1nnSlpE_249_FrQ,@stephengiunta1564,2025-12-08T01:44:50Z,0.14030446694215923
f550b2a13826c953a9c3841a20e3930b,KjYSHrFkGrU,​@planecrazy6039 thank you for recognizing me as a winner. You need a pardon or anything?,UCGg0TU4uCb8KpXIuhtTUk3w,@beobe99,2025-12-08T00:39:47Z,0.13972067257911028
cbb04924ae02e026c8ec13ac3e7fc99e,KjYSHrFkGrU,She's not beautiful and she has a terrible voice. How on Earth did she ever win,UC99jvrjs_qCb8Ko2lkDTWfA,@SupremeWin777-7,2025-12-08T01:03:57Z,0.1395302203135558
32b6f378f9ba16394ae3b4239a2571ee,KjYSHrFkGrU,We all know she was not the true winner.,UC29m-k2HX5D5xV5BEzr1HWQ,@josesabat1710,2025-12-08T00:16:39Z,0.1392882712621622
ff2fcd3323cc408209041dd802477b89,NEVp5tO6Xik,Happens every 10 years in Africa,UC42O3XmOOHkNqZvrsmhh4lw,@VindicatorHuur,2025-12-08T00:20:53Z,0.1382719383947255
8c2a43bfdd39188f74ac5172a8927b26,KjYSHrFkGrU,I wish President Trump will find the right owner to buy the Miss Universe Organization. So the JKN and Legacy Holding are out of the pageants. Also Fatima could keep her title until her reign is over,UCT3NgLNHGYXYA2mGQbaSw0Q,@petewong2372,2025-12-08T01:37:44Z,0.13778355101565595
bbb99592fb33afaaba8445086b992cd5,KjYSHrFkGrU,🤡🤡🤡🤡🤡🤡🤡🤡🤡🤡🤡🤡🤡🤡🤡🤡🤡🤡🤡🤡🤡🤡🤡🤡🤡🤡🤡🤡🤡🤡🤡🤡🤡🤡🤡🤡🤡🤡🤡🤡🤡🤡🤡🤡🤡🤡🤡🤡🤡🤡,UC76ivIKyHZPNtnN1SefKXGQ,@nelsonzito8579,2025-12-08T00:59:17Z,0.1368485792595348
66b67d8f82b25fd8074e9f5bafbc5a83,NEVp5tO6Xik,I'm glad the plot didn't succeed,UCc9zpJNId_qJfwI1PhTy5FA,@charlesakindele7707,2025-12-08T00:18:13Z,0.136816247327882
11859be38dba66f565a7df056e02354a,KjYSHrFkGrU,She's got my support!!!👑,UCA1lDEZ3ah7lH9257o0mXig,@resilientred1699,2025-12-08T01:31:54Z,0.13638870840381256
452850d00e9d7b3474711f6259d54c01,KjYSHrFkGrU,Miss Cooking Show,UCX5Veib_Pq6v9CfyUUdeIgg,@BeeGDJ,2025-12-07T23:00:46Z,0.13564336212437783
068a192583ecbd267602c74964fda791,KjYSHrFkGrU,Wipe all that paint off and she's a six out of ten.,UCAEzDmzNtaEYdFIX83Pee1g,@erwocoolis9451,2025-12-07T23:19:20Z,0.13543343968437396
54c070989771d920fb5e6600c36fa24c,KjYSHrFkGrU,They probably think she's hot! 🤩,UCu1oTg1OkgGUbRG0S5rqnGQ,@rogerdebougainville889,2025-12-08T01:10:04Z,0.13466255650469436
249415d7dcd6eec3d5e9668a310918c8,KjYSHrFkGrU,"HUZZAH FOR PITTING WOMEN AGAINST WOMEN WHILE WE AS A SOCIATY OBJECTIFY WOMEN!

HUZZAH!!!",UCpRH-CyS36rmkSobt8W2G3w,@nunyanunya4147,2025-12-07T23:58:33Z,0.13453741006430012
d4cb5cf90f449259a13d2cde84f82e5e,NEVp5tO6Xik,DAMN! WAS HOPING IT DID.,UC-UsibT_Vgh3K1lmDwUCjsQ,@blkqueen6201,2025-12-08T00:46:47Z,0.13378317657947003
aac5f93e47358ee512b7c06041564d03,KjYSHrFkGrU,"This is a message to All world leaders. 
Unless we ( the world,s working class ) remove the British Imperial Empire ruling class, we will never have peace.
 What they did to my class of soldiers during WW1 must never be forgotten. My grandfather told me first hand that young working-class soldiers would be called from his trench by the upper-class officers, and return 3 or 4 days later from the officers' trench to a different soldier. We have been told for years that these soldiers' strange behaviour was shell shock. I can confirm that this is one of the great war,s biggest lies.
These young brave soldiers, some aged 14 were seriously buggered by these monsters. It was almost bizzare how they always picked the good looking younger boys. Many committed suicide who survived, many ran into machine gun fire than rather live. Homosexuality and bestiality is prevalent with my upper-classes. 
Every colony we had things were great, until we sent for these buggers. 
I will NOT keep quiet about this any longer.
Today everything on British Television is about Gays and Pets. There is almost nothing about Family life. These privileged people must be removed from politics completely. 
These are very sick and twisted people who have a very strange blood line. 
After 1000 years of taking their crap, time for change has arrived. Before the mob starts accusing me of any phobia, I have a nephew who is gay. But he really is not perverted in any way shape or form. 
In closing our turn has arrived to rule ourselves. 
These sick people must be taken out of politics altogether.",UCHh72EAMz4KbJKgmQMuL46A,@elingles2854,2025-12-08T00:29:26Z,0.1334436909477879
075048e8edaad1c49b07ffec84d6ace1,NEVp5tO6Xik,​@ivanfernandez4739they are both exiled from the republican party 😂,UCMICzLRRrUuVyxtmf58I2FA,@760HorsePower,2025-12-08T01:29:41Z,0.1331968247969608
44d3185a5bf97363f1518a99279c4475,KjYSHrFkGrU,Cucaracha!,UC76ivIKyHZPNtnN1SefKXGQ,@nelsonzito8579,2025-12-08T01:00:28Z,0.13286268576481958
028fba02ba30f65c65ce8a6e807601fc,KjYSHrFkGrU,You just win id io t of the year award from the is stupid post,UCHgp8gG_UIfF-qHiqb5QteQ,@planecrazy6039,2025-12-08T00:21:04Z,0.13251639074976101
322e558fe71b756db98261e18819dd71,KjYSHrFkGrU,"MAGA can not have gratitude for life, theirs and others, especially if recognized as a winner. Fake pres will crack soon, perhaps in time for Xmas.",UC25m-hK3Y2apJHXX1U4qh5Q,@innerlocus,2025-12-07T22:48:36Z,0.13202826846691548
ac4670da896b4e48228fae03cfd4bc2a,NEVp5tO6Xik,​@ivanfernandez4739who? Liz Chaney? 🤣,UCMICzLRRrUuVyxtmf58I2FA,@760HorsePower,2025-12-08T01:20:28Z,0.13152516964322744
0d2109a4d55f764e463c05f33292229d,NEVp5tO6Xik,Wow. This is very important.,UCNsgKBFOWpfg6vjLKSDQSBw,@justinfleming5119,2025-12-08T01:37:29Z,0.12963536403481163
62b7ad69ff24f616245074adc67a1475,NEVp5tO6Xik,West africa going three months without a coup sttempt challenge : Impossible,UCE8eFmEmnoZhGI58MwjoNug,@Mrmidknight-yx9pg,2025-12-08T00:22:08Z,0.1295911156759796
55146eb0f0bdfef6b9874917e06ed2ad,KjYSHrFkGrU,LOl she had to ask how many days I'm done.,UC22oHzXyXUuI7Dwf4swr5Iw,@davemitchell6281,2025-12-08T00:32:29Z,0.12927116246113476
abf65f723039ad2790f2fef68cc5640f,NEVp5tO6Xik,"I'm from Benin and I'm happy it didn't succeed.

I just want development in peace not power change with development perspective changing too.",UCa5C0tY4nbBs9EFPEijpBdw,@relaxinguniverse6379,2025-12-08T00:57:51Z,0.1290030574237913
f07f8a21ea454634e9efdea6ab6f3bff,e478dy0CKYE,"#gloriagaynor is a 
BR🟫WN 🤡 for attending and accepting this invitation and ""award""",UCXt9cmCBWpP9QN1FcL7RZMg,@desireeburton3923,2025-12-08T01:47:58Z,0.12854489797270405
6442cf749ab34a7d636010bf13c41209,NEVp5tO6Xik,When America abandons its global policy's  chaos takes over...authoritarians feel empowered .,UC82CrDe4dMsfUwPjQN_3k0w,@clippyPaper,2025-12-08T01:43:28Z,0.1279509593263498
e0a75f91174f63c23732688697f58748,KjYSHrFkGrU,Miss of cucarachas,UC76ivIKyHZPNtnN1SefKXGQ,@nelsonzito8579,2025-12-08T01:00:08Z,0.12757504204810316
609305a5194338810ff9ed294cc1bf19,KjYSHrFkGrU,its so nice to talk positivly about people we wank to!,UCpRH-CyS36rmkSobt8W2G3w,@nunyanunya4147,2025-12-07T23:58:54Z,0.12617683121066184
3285a0fe72a422148e1bafc2f41cc69e,DMrclXpeGN4,It's funny you think it'll take that long.,UCiaOwxIGmRBN2H7IH99tNzw,@mobilehutch,2025-12-08T04:25:33Z,0.1254773448757919
859143c0ca2796de37cbca2640dee2e3,DMrclXpeGN4,The uncanny/existential dread this video has produced in me is insurmountable,UCaUEgK2ZbsARsnwU9AaiX-g,@zaydmahdi8082,2025-12-08T05:02:33Z,0.1249022595413982
ad8d2cce7998be5800e8c178e58921b4,KjYSHrFkGrU,"The way she chose the words that lets out her mouth shows she's the weakest, she cant even properly defend herself 🙄",UCamQFRNnR_Wv0c_6ZK1BgLA,@rutherford5247,2025-12-08T02:16:44Z,0.12283241045875627
575884f40434c5910ad7f7ea0beacc5f,oylbyE5Zt0Q,"None of Congress has ever since lobbying became a full-time gig and unlimited campaign money became legal. The voters are only talked about, not catered to.",UCHuVkfiLtcufevWYdRBJZ5A,@OnGoingWhats,2025-12-08T02:11:20Z,0.12242903387991623
a2e7572a43ac9715e86598ae8ecadc14,NEVp5tO6Xik,It’s the country of Africa,UCkyUZLhKss_yNSR4Vzc23iQ,@mcdtubes,2025-12-08T00:14:44Z,0.11758937719604765
55db36ecfe1bbf2a1dd012bd042f5a28,NEVp5tO6Xik,"You stumbled into the wider world of international news. Hit the ""shrink"" button fast.",UCuDvr79gOn-F0kmWharMhIg,@7781.BeLoved,2025-12-08T00:52:16Z,0.11678621923740551
24d54e40ed0c6f3b743eab76dbb24825,e478dy0CKYE,He’s the consummate sleaze ball🫤,UCbTqJDynLlq1UXBMKGBj66A,@JNosewicz007,2025-12-08T02:37:29Z,0.1161584516620388
06c3fd93cdcfcdd7727f7b5ae8fff012,NEVp5tO6Xik,"Ok, and why is this? This is by design for African and other developing nations to always have instability.

Read Confessions of an Economic Hitman or even some videos on YouTube.",UCAotQxCB6jDG6JdXqqvV6Qg,@los_416,2025-12-08T02:15:08Z,0.11615409100853498
4114980114d3b41d27955fb871cbe41d,DMrclXpeGN4,It's called the anti-protester robot,UCLBZ_65eEuorqcoxXYyPMxQ,@Joebagedonuts,2025-12-08T05:01:33Z,0.11591524070842142
5e7c470ff8b83edd187d2c7028fb634d,NEVp5tO6Xik,Don’t panic! Here in USA 🇺🇸 we have an Orange that will come to your rescue  🍊 it likes to solve wars.,UCkuudzeOoCzzhnP3WQJlKUg,@bylac_2001,2025-12-08T02:36:56Z,0.1100459864995468
b3b1d06bed341e0dbdc48a83885325e4,DMrclXpeGN4,"I used to just have to worry about dudes with tap out shirts knowing mma, now I can add androids too🫡",UCNg7P10dm-nazpAF5-1SM1g,@JSB1197,2025-12-08T04:44:07Z,0.10695703933890623
e4555b0e77be2eb0a82c9e98a0b4d7e0,NEVp5tO6Xik,"If we have informants like you, the gold diggers and witch journalists, who amplify the voices of terrorists, defend lawbreakers, street rapists and give them revolutionary status, Africa will surely burn. 

We will continue to defend and empower African civil governments without fear.",UCCL_wvy-8o83wGAPZAfE1Dg,@user-xo4ds2bh6s,2025-12-08T02:35:10Z,0.10510302237399807
ce34648ed5bdcb64f7836ceb4a4143d9,DMrclXpeGN4,I remember when people said legs would never replace tank threads,UCxY_KIU9knTmh2IdZUDTNIQ,@madcatmk2sch,2025-12-08T05:08:23Z,0.10358770294416994
1a9ad017a5ada0bfcf41d9039096344d,NEVp5tO6Xik,There's alot of this going around,UCM-dVA_ZDUFBxVecSf8OTRA,@Danistash,2025-12-08T00:24:38Z,0.10212908368530157
065899350b2c4071b931fa866439a810,NEVp5tO6Xik,They want to keep the violence 😮,UCOnULsxLCgbXeD313udb7Ow,@EDUARDO-bj9wf,2025-12-08T00:36:46Z,0.1005679240387185
