comment_id,video_id,text,author_id,author,published_at,bot_probability
7dcbeced6ba8ce3a5ee9b0a22ccfa03b,NlkZ2-hntaw,❤❤❤❤❤❤❤❤❤❤❤❤,UCKNK94GclrIH3FYZLBI2cRQ,@nicolemai-x2l,2025-12-05T18:26:11Z,0.5591908311758487
66acd1b62931cdd819c3bce115fadf12,lrwHsZ_CrIs,❤❤❤❤❤❤❤❤❤❤❤❤❤❤❤❤❤❤❤❤❤❤❤❤❤❤❤❤,UCDKRkQW6QjLI2RqKIFSCaGQ,@yvonnemillus5638,2025-12-05T23:13:57Z,0.5590129841384293
633f0b731a09bcaa84086f1fd5f19dbc,NlkZ2-hntaw,Nothing will happen.,UCk5bnking3QAte5XW_32hCg,@Enzo-v1c5i,2025-12-05T21:26:54Z,0.5385990822184623
7f0464389cb8be7aecb808e45945fda2,ce4lMhwVHSA,Deport them all !!!,UCILdGJqmeYLMsyvqiN8yQQQ,@mikemarlow1865,2025-12-05T19:11:48Z,0.5383298888726946
c93b0c759b0610533ac4838b5b0f1717,ce4lMhwVHSA,Nothing will happen 🤷🏻‍♂️,UCgdaS5MJDmYOwprwT4MCroA,@seansquill8773,2025-12-05T19:08:05Z,0.5328016086869254
2db38a103f38b132b7e4f2e22ffe49d1,lrwHsZ_CrIs,"stop saying alleged, it's highly offensive",UCO2b5rhWyZP8CyW86_Y_XRg,@wheelmanstan,2025-12-05T20:11:36Z,0.5322386126721408
255a7b3eb287d51b9ad018aafe16e906,lrwHsZ_CrIs,Double tap is excessive,UC-t2OQcKkmgm7aZrCIxYLeQ,@the.real.a-v,2025-12-05T20:18:03Z,0.5299572967768924
8b1d561573c76fae1d4a1c25f1016cc9,lrwHsZ_CrIs,Stop saying alleged.,UCWU8U1DvoP35QK6ZmweTfng,@MichaelValentine-x2e,2025-12-05T20:01:02Z,0.5220445984340814
8a17459fccd57591dee3058814f1ceab,lrwHsZ_CrIs,Dems mad cause they love they drugs.,UC0Zod8BfC9FjODYqEkiS-QA,@DavidAdkison,2025-12-05T19:10:13Z,0.5217997331012559
ba85bd1558f1658b1ffd3509a7334fbd,lrwHsZ_CrIs,😂,UCAc93RdzK4YuCrBUbFYh2jw,@scottp3287,2025-12-05T19:36:43Z,0.5195806102077739
ede51a93a40488126945f7ebddf193be,NlkZ2-hntaw,Desantis 2028🇺🇲🇺🇲🇺🇲,UCCRLYBDNXAG1fWGoUcjngsw,@timnichols7760,2025-12-05T18:33:52Z,0.5172563013431539
d5bb434e63d359b9f1203fc6577bd3ad,lrwHsZ_CrIs,Shipwrecked sailors?  That’s a good one!,UCbd2VhFwPqkvquky1YdtSjg,@robertrusnak620,2025-12-05T20:12:34Z,0.516941443328991
32aa344fb3e6368eac12acb5a84e182f,ce4lMhwVHSA,Time to deport Omar,UCFD90hd3w_1SovUc3qOBsVA,@Tony-d8z9t,2025-12-05T23:18:45Z,0.5139190485443748
fa5f80c0a6473c046f6c881df46c4d46,NlkZ2-hntaw,Desantis/Rubio for President 2028,UCWodR_NJXpbBqAWLrkkwr1g,@nibborrepooc,2025-12-05T18:11:09Z,0.512219406048212
52d1fd845e4bbe3d10f096da6f07b35c,lrwHsZ_CrIs,I would have love to see some rage about drugs coming to USA by these democrats.,UCgdAvtc8EAWhus1tb4SI8FQ,@triciab7750,2025-12-05T19:47:51Z,0.5116830584449736
f88d7451d82df0f948ac2ad095666887,NlkZ2-hntaw,DeSantis for President 2028,UCLxNSFZ4D4I0_xoxqPD8csw,@LisaBafundo,2025-12-05T19:01:08Z,0.5110785279695618
d2ee14ab47374a4c8c1af0c9eee0d55f,ce4lMhwVHSA,RELEASE THE EPSTEIN FILES!!!!!!!!!!!!!!   Dec 19th.  What LIE will he cook up next?,UCv98o9HUz3kb6_9bSShJaIA,@cpamfly6858,2025-12-05T19:33:40Z,0.5109329642288328
7375e1ed7243a4bcac2b401e348ca103,lrwHsZ_CrIs,Keep up the fabulous work,UCrFgYXbc5Kc664vVEOUFjSg,@JohnRiker-i9u,2025-12-05T19:39:09Z,0.5107500187647225
868b117953828243cce559882d53cc40,lrwHsZ_CrIs,Dems rage because they aren’t getting their drugs or drug monies.,UCLkSDnj7VTyq3If1ecis4Hw,@vonniedugan7339,2025-12-05T19:51:14Z,0.5095781091883482
f8f1fcf0c425f2abdde2d432ce9207d2,lrwHsZ_CrIs,Classic FAFO,UCdOG63iUi5UMGXK50W30Zag,@HulaDula-bg9sj,2025-12-05T20:12:40Z,0.5085068852313688
1b23e803a213352c8786ca86e2570c36,lrwHsZ_CrIs,Of course the democrats are angry over criminals being killed. But zero concern for the people killed by their drugs.,UCbFNOYz_Q4JBkcxiGaFoW2w,@JCMills55,2025-12-05T20:32:32Z,0.5067295860885774
2727e0de297caa3d5584d2fa6e316480,lrwHsZ_CrIs,Dems are having a harder time getting their drug fix!!!! Or they are losing their income from the drugs??????,UC0g1uCmybfgnQcqsWzaDdmQ,@lowee8834,2025-12-05T20:50:43Z,0.5066354119066514
c4745514ae93096a050314e9fbf87db1,lrwHsZ_CrIs,"I hope they struck it at least 5 times, It appears the democrats are getting stressed out because they can't get their drug shipments through to the intercity where their votes are.  They know that if they keep these people hooked on drugs they will vote democrat. It is as simple as that.",UCDVagAzZa0gKC24OBasOOKA,@lesterwatson8519,2025-12-05T20:30:11Z,0.5061151482374917
057a4bc8d65a106f49d890281cd67cfa,ce4lMhwVHSA,I beleive its more like 8 Billion.,UCQdAHyP4c7oZX_b44XZpqZw,@amerinrussia,2025-12-05T22:31:49Z,0.5059389104287386
86120474b7b166c5e2400293663a852a,lrwHsZ_CrIs,Double tap that,UCSOB72WE42T97R_IelJo9Ig,@ScottSheridan-nw8uz,2025-12-05T20:02:37Z,0.5048014840093547
059ed9574fca90998956564f9db0490d,lrwHsZ_CrIs,Democrats obviously love drugs flooding into our country because they're probably getting a cut.,UC1DQcGNiVbet3_2-1H5FU1w,@scottwade7073,2025-12-05T21:36:53Z,0.503726075793727
4f1422d5a8ab0a4bb6ca4ab3acd92476,NlkZ2-hntaw,"Ron DeSantis, future president!!!!❤❤😅😅😅",UC0P-lVjMiCXLnpw_ekf2Byg,@Chronictoday,2025-12-05T19:48:54Z,0.5016485872559799
4a74de8d50fb5bbcb0429f36209c5cff,ce4lMhwVHSA,Omar over 100 million?,UCDiSMd4I1N5lenbpLAJgIEw,@FreddB-w3p,2025-12-05T19:15:27Z,0.5009965999474273
97753eafd461f9c3f61e7329395263f2,a4BoCVPQB7Q,Jesus is the Lord and KIng,UCp6R_AjuB1rGv-8SdyYjGBw,@CVCompay,2025-12-05T21:53:44Z,0.5007034170285594
dc7f87f2cda23d20b9d43aa97662ec41,lrwHsZ_CrIs,Dems get mad when you blow up their cocaine.,UCf42c1CtgaIMyHyI1GXzYDQ,@Noturdummy,2025-12-05T19:37:01Z,0.49904547844202074
e3f2f00dae9208abe2a520c88756896f,lrwHsZ_CrIs,only one who would rage is the one that made the drugs to sell and the ones that are waiting to receive the drugs. Dems seem to be on bad guys side everywhere they go🧐,UC2Zk9pLMpXdK0kDoLHjmLQw,@izzyloney4245,2025-12-05T19:59:24Z,0.4989820664765907
497efbf78058f989194ba4a7bcaa5240,lrwHsZ_CrIs,Alleged,UChN7vDHcrHxa1GQ3E00B6mg,@SamStephens31,2025-12-05T21:36:49Z,0.49881337302824547
5babce66cf46d927af913c4df2602652,lrwHsZ_CrIs,Guess the Dems aren't getting their cut from the cartels - that's why they're furious.,UC4amCZENLgPw12NhOH_aBtw,@patmichael8519,2025-12-05T20:11:38Z,0.4979472881527456
40c89c90b2013ae7a1903b88eec33a62,lrwHsZ_CrIs,Shipwrecked sailors . . . LMAO!,UCQGeBMHi7yLE7pbc-FyAjDQ,@jackshafer5751,2025-12-05T21:40:14Z,0.49723512414327803
b017ecb34e663d9ea3d039b08c35350d,lrwHsZ_CrIs,Keep blowing them up I love this,UC9SzKb1S-fznI04g18P7V6Q,@jamesthomas6611,2025-12-05T20:01:01Z,0.49709481007578704
c56001b78ae40933c12693b17cb57480,ce4lMhwVHSA,"Say what you like about Omar, but she has publicly stated, repeatedly, that her first priority is the Somali community, above and beyond all others. She has stayed true to her words by her massively corrupt actions. She along with her countrymen and women have fleeced the US taxpayer of hundreds of millions of dollars, whilst simultaneously pouring hate on America at every opportunity. How on earth is she not in jail? Or is this just the way things pan out in the US?",UCh82Mun5I89Y2yKuDUEcxEw,@alfchooberance,2025-12-05T19:37:23Z,0.49602025633899205
f0f82b8f3f45f164e72b2a1ed63292a5,a4BoCVPQB7Q,"Some disappear due to natural hazards or accidents, while others simply leave behind no clues at all. Despite extensive search efforts, many are never found, fueling speculation and fascination among hikers and investigators alike.
Because some people don't know what they're doing and come unprepared for the environment most of the time.",UCB9-4aGQCJSwyGTRGXCl0_Q,@bigstick5278,2025-12-05T22:15:53Z,0.49592379920565177
09208c1dd571311f679a7590067bec4a,lrwHsZ_CrIs,"Looks like Democrats are in Narco business, so they are profiting from it.",UCfIECctFd9IyZKwBYnOImFQ,@MZ-fw1lm,2025-12-05T22:48:44Z,0.4944250477042556
79e387a019aa5dad5307e43630319885,ce4lMhwVHSA,Of course she knew,UCJLwL7Q4T8GO5d70sNBue5g,@Barbarawoodcock1,2025-12-05T20:13:24Z,0.4943029117868805
00273a94a03e739cfea7b74119f24d29,ce4lMhwVHSA,Omar is DISGUSTING!!! DEPORT!!!!!!!!!!!!!!!!,UCyiFeYTmWqXByyyu7enpI-A,@rustedwoods100,2025-12-05T20:09:32Z,0.49423752532079823
05bb64732e159be117d515172d3f5dbd,ce4lMhwVHSA,In Waltz mind is the image of Ding-Dongs.,UCWOW9nXbn1mO0UkQSGkrLeQ,@Roger-c3n5s,2025-12-05T19:05:37Z,0.4938592776954152
7711475c52011597550a92862f3b81e8,ce4lMhwVHSA,Deport her already!!!! Married her brother to illegally enter the Country....Sick of this $hit!!!,UCqi4CEBWkYRRKjKtV8HbmZQ,@nitroidhawaii6198,2025-12-05T19:15:03Z,0.49379531808056165
7e04c0242ad6657842280916e44506f8,a4BoCVPQB7Q,@Buxtonnesyou mean pronounce?,UCi9Jg0cB_w43yjZcafMESnw,@bmwm31230,2025-12-05T23:02:37Z,0.4932704746213509
4607cf3123dd72e83f5e7cdf8fe9e612,a4BoCVPQB7Q,FAOC,UC1_nF_AKcCr-IIG-Fg3OtWA,@peplsuk7635,2025-12-05T22:29:38Z,0.49315116000143044
0072d356541baea0402af51f0117dae6,a4BoCVPQB7Q,"Thank you, President Trump!",UCGexNX1yvi-3MmXhcH1xuaw,@madkingeric9669,2025-12-05T22:02:37Z,0.4926838438439495
7ba68eb2e09aca63c5a5a09051be0956,lrwHsZ_CrIs,Fafo?,UC5ZOVBvlDmUnHFahFCRNoDw,@laynelommen9460,2025-12-05T22:44:46Z,0.49265691517093013
6eba3a2cbbaf0bdd88a085e6ea3308fe,lrwHsZ_CrIs,Thank you President Trump!!🙏🙏🇺🇸🇺🇸,UCGEiUm1x-K8Q6AAaz0yVWhQ,@Jamielbr,2025-12-05T22:56:48Z,0.4918265968477825
07e879594dc97b9e793d4c46559edd48,NlkZ2-hntaw,What about lottery money for schools?,UCMRDmNCYE5noKlvStEUx1OQ,@dixiedewful,2025-12-05T19:01:47Z,0.4917525152368992
27d8bae6ad12eb87a6183c8b8228f72b,ce4lMhwVHSA,"Parasitic guests gone wild, behaving badly, armed with long straws and drinking up their Minnesotan Milkshake  ...oh ya, go ahead and just Walz your way into America's backyard of public funds and clean the place right out and claim it all as your own. Ya know, when you illegitimately amass the equivalent accumulated wealth of Al Capone's net worth, you're gonna eventually get people's attention and raise the eyebrows of those whose pens, paper and written words are more powerful than the ideology of schemers and their wet gunpowder. Certainly like the 20's and 30's a lot of individuals were on the take, today those on the take are going to Walz out of the beloved backyards of the United States of America and Walz straight into the prison yards of the United States of America. A lack of 'safeguards' does not justify liberty from accountability and there's never been a prohibition on doing the right thing for these, The United States of America!",UCoJvn702cyyHvNJL2gZMNDA,@karl1949,2025-12-05T19:33:40Z,0.49144558241735703
ea31e5a2ae0b3c9d818c9fc101e01f52,NlkZ2-hntaw,I wish he was my governor.,UCpsb33OD_ivya1X1b_nrZlQ,@Dave-ll6ei,2025-12-05T19:48:57Z,0.49094174118434797
98131a50110ac701ef792477db14a383,a4BoCVPQB7Q,"Happy Holidays Charlie Kirk.
oops, never mind.",UC1K6jBYLly7LD1GvH31uJ9Q,@TheSmartWay888,2025-12-05T21:52:43Z,0.4904813865440238
0a5053e3f4381b974900929f791c16a5,a4BoCVPQB7Q,But waaaaait… I thought Trump said the affordability crisis is a con job? 🤔,UCh3JcKdrrKhZ5vn6bb9Af8A,@andrewdejesus1081,2025-12-05T22:39:10Z,0.49044144654069743
e97c95040efccec9c7e3ca36acc687c4,a4BoCVPQB7Q,Schumer has never worked at McDonalds or a trash truck.  President Trump did!  Schumer has enriched himself in Congress & if he goes to the grocery store it would be because he wants to!  He is such a clown!,UCLYaG2vsJkk07dJAFVyJ8mg,@sandylong1529,2025-12-05T23:13:18Z,0.49037156396906695
d21357c9e73656bb3b27cf20e5d18f36,lrwHsZ_CrIs,I told you. Democrats are all drug addicted. That's why they are fighting Trump to stop the flow of drugs to the USA.,UCEqR7LYbMpiejHekEFbIRQQ,@hansdeleeuw4431,2025-12-05T20:29:38Z,0.4901523394819689
1bfd49b77da6557f92979a9d244e82b5,ce4lMhwVHSA,"Just arrest them all, don’t ask, There privileges are gone, they are all corrupt lunatics whom hate the USA, ,,,,DEPORT or JAIL",UC_ceaEcM6M5Y0_Y-oTJdChg,@XRP3295,2025-12-05T18:52:48Z,0.49006471426465237
48586746ea6c3e20356920717193220b,NlkZ2-hntaw,Wish we had someone like DeSantis in California instead of Newscum who is ripping us off at every level and yet be in deficit 😢,UCc9evMpqHRpzjUvEgHgIljg,@rinkupeterson8689,2025-12-05T19:20:56Z,0.48953343213392453
7a480ce1bdce2872d406da0f42a40df7,NlkZ2-hntaw,"They getting participation awards from FIFA!  Bahaha 🤣 Dozy DonOLD was trolled so hard today! 
What an imbecile!",UCHVVDFs73xBmB1B5-BV8wcw,@timkasten343,2025-12-05T18:55:59Z,0.4894396210481946
d027423b13d4a687bf532e15c33b0afe,ce4lMhwVHSA,Lock them up!!!,UC6vgJyP7VMYBnbIogvlwlOw,@Apb23,2025-12-05T20:11:15Z,0.48943184970246484
b73729931736ed2cb43ac5f33a4ee9db,lrwHsZ_CrIs,Keep it up,UCjjzD6I9d89vT2bs3BE2maQ,@coldhardysucculentswithkdw4988,2025-12-05T20:56:00Z,0.48928344973239346
e203d4dd66a47476cb315a831b47b425,NlkZ2-hntaw,LOVE me some De Santis!,UChZqz5SuEScxfNImUmtMyHg,@MrsCopperpot,2025-12-05T18:33:41Z,0.48919237030078505
318d0e9625457c23bec84ee251a2e1ec,ce4lMhwVHSA,Lock em up boys,UCuQMyjgPb4NgHXy6Ps11avQ,@longlinecharters,2025-12-05T19:23:27Z,0.48916357850848646
c6a2ead0d0cc3de54075f9ccee5b66ec,a4BoCVPQB7Q,@Babayaga97111 Huh? U okay,UCAj3SG47d_QuT8w5VjL-0GA,@FREEDOM-x1b,2025-12-05T22:06:39Z,0.4888530026261062
70fc780805433ad98ea40692dd9afff2,lrwHsZ_CrIs,So these crazy Democrats are more concerned about some low life drug smugglers than they are the millions of people that have died from those drugs they smuggle. Smuggling drugs is and has always been a dangerous occupation.,UCjgIsUCCe91Tya698z75TCA,@patriot4america,2025-12-05T20:32:09Z,0.4884406482683378
56296f5b24766d9e68bef7be153d3fe8,lrwHsZ_CrIs,😂😂😂😂😂,UCDgHFlpU12jLN3z2X0HsUjQ,@jamiemoffatt50,2025-12-05T19:36:28Z,0.4881275905425221
a864aadee66cf44ea5c3f8ffd765b636,lrwHsZ_CrIs,Good job !,UCndf4j84cDOVQxf0MRfvFFA,@plumalynne1399,2025-12-05T20:10:44Z,0.4878604745355524
81f138d4cc9042b7fdb733ffc9a7850e,ce4lMhwVHSA,Epstein files?,UCEoQxz3osed6rv_WE2As72A,@jasonz2201,2025-12-05T19:57:12Z,0.48767530883561944
7361e6d71253a35e98325c987daa6c64,NlkZ2-hntaw,Desantis needs to run for PRESIDENT 2028!!! He is an excellent Governor!!! Smart brilliant Patriot!!!❤️🫡🇺🇸🇺🇸🇺🇸👍,UCurUA6tpFmzgQUd40knB3kQ,@ellenmorrison3022,2025-12-05T17:52:44Z,0.4873948154721508
112fa9d2e795e73355093a882ff74d6e,ce4lMhwVHSA,I want to know who is going to prison and who is responsible.  There is no way in hell I would vote for Walz.  Didn’t the first time.  Omar should be deported for marrying her brother.  I don’t trust any Somalian ever.  Tired my my property taxes going up due to all the mishandling of OUR MONEY!,UCHrRezuP-yPp110kvyxED1w,@Jazz1959,2025-12-05T18:52:51Z,0.4872050867160539
ffb3cd730b94e49e28ee69b34b2d501b,NlkZ2-hntaw,The lottery was voted in because it would help the Schools,UC5lUh56SW3k49FNbULwRxFg,@jerryowenssr.9894,2025-12-05T19:19:57Z,0.4872014602646718
aacab709335347fec57730074eaa1088,a4BoCVPQB7Q,👍,UCXEtzUp6K-bXw-5toITpFxw,@deneshtulsie3798,2025-12-05T22:39:13Z,0.4870209499487772
3753f5ffd34eb54e7fa41731a3f58762,a4BoCVPQB7Q,Schumer  needs to be in jail,UCgPSpmBJppdNua6URIZhbwg,@peterbishop1933,2025-12-05T22:39:32Z,0.4860937986110234
23a1942c709f98cc67c2bad7d9334dc9,lrwHsZ_CrIs,Awesome.,UCiXaqUcyCgfmT5zcfL2kEzg,@RonBowman-e2d,2025-12-05T20:37:29Z,0.48582956167219754
a777dfeda1f3462443ee8fdad10cf5f6,a4BoCVPQB7Q,"Still waiting on Bubba and Epstein,",UCKey20totl_t6Oiu0RZ1YFQ,@jonathanbranin9312,2025-12-05T22:49:49Z,0.4858178462399429
e7568acc96a56d34cae3fca6806d4a70,ce4lMhwVHSA,Deport her!,UCzw15U2oFjJoy21T1aVNK5g,@malachi-,2025-12-05T21:38:19Z,0.48520177304187756
bc89fc57420c76f2b2fda8a016436589,ce4lMhwVHSA,"God bless Michael Johnson and Donald J Trump, best Speaker and President of my lifetime.",UCs7wsLlxVswl7LwiU26Wg0g,@josemorrasge8100,2025-12-05T19:46:22Z,0.4847944087716604
8048adb02c5748774de69e3754779bd8,a4BoCVPQB7Q,Oh now the Democrats are worried about affordability again. Good Lord! They didn't worry about it during the 8 years of Obama and during the 4 years of Biden when everybody was struggling super hard. We're still trying to pick up the pieces from the last 4 years and he's going to sit there on his pedestal. What a piece of 💩,UC5UlPjTtW70pT3QIZJK-KRQ,@andrewtruffin4781,2025-12-05T22:32:42Z,0.48470042350479486
cd0b029f33ecde897cccb2f04ef0dfa3,a4BoCVPQB7Q,"President Trump 2028.
🇺🇸🇺🇸🇺🇸🇺🇸MAGA NATION🇺🇸🇺🇸🇺🇸🇺🇸",UCHs6R6v0kS1bMiuPCwzXD7w,@danhall2197,2025-12-05T21:57:37Z,0.4845555755437907
99a21a34c04bac2ef879a547e4bcde89,lrwHsZ_CrIs,Keep them coming,UCYOAyYgHXpr9lgtvg8ZshQg,@user-cb2427,2025-12-05T21:05:10Z,0.4843869428995019
7b7e80e4f1d0e2c78f697c5c12d7fb9a,lrwHsZ_CrIs,Prison for conviction of war crimes,UCGElHlG25YBeggkfcJFFp0Q,@DonaldjayCole,2025-12-05T21:57:53Z,0.484158371401195
5c36cd3feb790b806d7b9841a6cab9c1,a4BoCVPQB7Q,Best President ever. President Trump 2028.,UCZo0em90gT7cexZZ8vyJziw,@SunFlower-winner,2025-12-05T22:35:34Z,0.48401890361042876
5757874fcb2868d832c98cfc4ee45845,a4BoCVPQB7Q,This affordability crisis is Trump’s. He owns it u dmfks.,UC7W_8HsiSRRozpW6ND6KQeA,@DavidTaylor-p9b7t,2025-12-05T21:53:24Z,0.4838964475279983
3b9d79568df72f9b12041cbba8d85759,lrwHsZ_CrIs,"""Attacking shipwrecked sailors""
😅😅😅😅😅😅😅😅😅😅😅😅",UCY4Gt5nYvtPvlKmv056UAjA,@MoonkeyBidness,2025-12-05T20:18:02Z,0.48353599166082106
d40aa3ad31f3b9264865f092fca6f8c5,lrwHsZ_CrIs,How long does it take the DOJ to release the Epstein files?    I want to know who Bubba is!!,UCLi_of7iB5lBJqQLwp_zj_g,@vaqusis,2025-12-05T19:49:56Z,0.4829423076249364
f35403e96444cb7d4e935263fdc85986,NlkZ2-hntaw,Thank you Florida residents for backing this governor!,UCpl8ayldXLxOhVSN-fsJQ2Q,@thomas__1258,2025-12-05T18:26:04Z,0.4827529636245132
7abf9c817e036174e89c03a1204d5545,ce4lMhwVHSA,This Somali pirate Omar must be kicked out of America along with her swindling relatives,UCv6q5VoRACxxfkCARM6zs8A,@benyacreek3633,2025-12-05T19:47:40Z,0.48266941982435785
01df3a0bacce4842d39fb3fb6809edc1,lrwHsZ_CrIs,How was the boat shipwrecked when it's still doing 20 knots?,UC_z-M8C_eUHFc8UC5BNnr3A,@graasroots,2025-12-05T20:42:59Z,0.48236521056336923
d6df84f5759a98ed7f461249665a486c,lrwHsZ_CrIs,It proves Democrats is drug users cutting their supply routes.,UCLLosUuM6DOcy3uohU5JkxQ,@MarkSun-i9p,2025-12-05T19:54:53Z,0.48212363016761567
ba5cab3584a80ffd628585fec7a3c0c2,lrwHsZ_CrIs,Keep on blowing these boats up thank you Trump!!!!!,UCvcvoagUEQNelKjJiufPL-g,@Areyoutalkingtomuh,2025-12-05T20:59:55Z,0.4815226121080397
38db313fe206b6537c1a5567673f5d64,lrwHsZ_CrIs,"Unbelievable the Democrats beating war drums because of illegal drug transportation hits, Are they Americans?",UC6SlO_C8Kxkaapari9NX7nw,@FakeNews_Ignored,2025-12-05T20:52:23Z,0.48110470102280767
2690e5f2c2afc7fb6fd887c9b619cf9e,ce4lMhwVHSA,Democrats cheat in elections,UCTVwLqWwm4hZnEjEo7HRdXw,@duey1duey,2025-12-05T21:31:39Z,0.48099874364250683
0f2cf9d5b72992a04b2c310492a495e5,a4BoCVPQB7Q,"""affordability is a democratic hoax"" - trump this week",UCu_O5P7XK5icNZ2WyhfA7nw,@sachiperez,2025-12-05T22:27:39Z,0.4808983970039834
8cd9a55c92e75589fdf357a629404472,NlkZ2-hntaw,"Yes DeSantis, republican's and yourself need to be warned, citizens are tired of having to fight politicians who are meant to be doing the people business not listening and doing what they think we are incapable of doing for ourselves. Yes trader, stop stealing tax payers funds to block the citizens rights to vote on issues. I'd never vote for DeSantas, not even as a yard man. He's morally bankrupt.",UCDCmozhmU3e-HyIyTe2eRug,@RogerHolmes-c6o,2025-12-05T18:45:48Z,0.48045008264552075
3b6085af7e56ccfcbf2e2cc8e92bce56,lrwHsZ_CrIs,The Dems are so pissed because their drugs aren’t showing up,UCLw1r6HtuWy5ktW40dl_ybg,@juddgranger7457,2025-12-05T21:27:16Z,0.4803978546354407
d93c995d430e15321805d2bb104af438,ce4lMhwVHSA,And you wonder how Omar got rich?,UCrVG2g3hCT3ZO1HBdLg0lJQ,@cacinaz8802,2025-12-05T21:42:50Z,0.4803843905098523
c12b03274cc84f257356ae0ae1ac4c8a,a4BoCVPQB7Q,Schumer is stuck in his head like all those on the other side of common sense and rational. He needs to remove his Hershey Kisses wrapper and get out of his head.,UCz-1vxPoZA2A1dYLjK8mMow,@canadiancjn,2025-12-05T22:49:50Z,0.4800927911349448
79e25a7aac87caf7b6eef8423f6507d8,lrwHsZ_CrIs,Bullseye - Nice shot !,UCuexDA3qkPycioSL2VDXROg,@fredperry523,2025-12-05T20:40:35Z,0.4798858978447914
dd904f2ff8594fa091312b618e43206e,a4BoCVPQB7Q,Congratulations your president won the one and only FIFA peace prize,UCZpevvYCPpxs-4MXbJDXecg,@nandy1256,2025-12-05T22:21:43Z,0.47942546645537243
36cd8e716ede2cd2cfca887eaa73a6ac,ce4lMhwVHSA,Lock them up before they disappear,UCX4nd7hGv56DVfeloYpskrw,@Gary-z8b,2025-12-05T20:00:00Z,0.47921223453202777
dbe18013457c1f20b534fe3eb198b249,ce4lMhwVHSA,Walz Enemy impeach. Omar deport.She speaks against our country.,UCQxjLDhCeMdk3mfpxddrNsA,@DEWashington-g2k,2025-12-05T19:23:24Z,0.47918853866972777
bff111683758a8f69ccfb30853cb925d,NlkZ2-hntaw,The State Gov't sees the residual income. They need to stop squeezing their population. Corrupt politicians. My state just doubled my property tax. I call BS.,UCI--sjCJJxCQZ4crGZuz4Fg,@stewartpalmer2456,2025-12-05T18:20:02Z,0.4789541902890121
20ccf58cce504cbf5c210c93f68f289b,NlkZ2-hntaw,Go. DeSantis.   !!!!    He's a wow. !!,UCfITbF3F9eeXS6ZzZQW2OAw,@timandsuzidickey9358,2025-12-05T17:58:51Z,0.47886996731879355
951ed7af843b86a11177c05711dcbb6e,a4BoCVPQB7Q,Tell cheesecake Chuck that I just saw Trump buy some popcorn in a store a month or so ago... People are aware of democrats spewing lies. By the way...it's disgusting Chuck.,UCYMTTqyaNXL1RZ-AduxiSeA,@Stormy711,2025-12-05T23:07:32Z,0.4788629568483438
42e88792a4113bd0157caf8df6236fd6,lrwHsZ_CrIs,"Not one democrat was upset over 50,000 Americans dying from drugs brought in just like these Blow Fast boats. Democrats are sick people. It's their own criminal kind they are upset about.",UCVauhqKElVCJt-ybjDSmeAA,@benjohnson7950,2025-12-05T21:34:41Z,0.47827217570066616
6f321ded8b6bcebf6d90deae78280919,a4BoCVPQB7Q,Trump is my president 💯 ✊🏼 ❤️,UCSeeriLyoDbVljmgXyCHokQ,@jeffriddle5475,2025-12-05T21:50:00Z,0.4782703564872999
066394b0d53c8d5887b667ea720924e1,lrwHsZ_CrIs,America has to take these drug traffickers out they are killing our American citizens 🇺🇸🇺🇸🇺🇸🇺🇸🇺🇸🇺🇸😊❤️❤️❤️❤️❤️❤️❤️🙏🏻,UCoDwGkvBKy3Q78WYAQ-vldQ,@sarahmessex8231,2025-12-05T20:29:32Z,0.47817506396790577
8a412948a1882b3d7575f3aadb94b539,ce4lMhwVHSA,No christmas for charlie kirk this year.  Happy Holidays!,UC7ST2Re92sw5j-P_e8Ek0gA,@johnnya6911,2025-12-05T20:24:55Z,0.4781514250616751
b5476f516de921aefa4d8cc792b82ae4,ce4lMhwVHSA,Deport deport if she didn't marry her brother just get a DNA test,UCTe0iktv04uNYlPynC-JckQ,@TonyGarcia-cm4jz,2025-12-05T23:08:06Z,0.4773744001865554
c22b9da475ea2b1ba27c0002956e8fe4,ce4lMhwVHSA,"Enough talk already 

Seize every single asset that Omar has acquired since since she was dropped off in our country 

And send her back to camel land where she belongs forever",UCardNKpD-sa0MEvsC-hFvnw,@marksweeney5237,2025-12-05T19:45:31Z,0.47719062496981424
14f6d676fa834434174f76209d0172dc,lrwHsZ_CrIs,God Bless President Trump!!!,UCD-axlcKx-hjfImju3CoZLA,@natalyayarosh3699,2025-12-05T21:55:48Z,0.4769675974670631
b48045d29b041d1c4f504f2d9ddb9cd6,a4BoCVPQB7Q,"He may not have been in a grocery store, but he's been in a McDonald's, and I don't appreciate Schumer's cursing. And having Lara Trump comment on President Trump is an obvious conflict of interest: what's she going to do? Criticize her own father-in-law?",UCKrsiva2s0vX_bKulF858SA,@periphron,2025-12-05T21:58:49Z,0.4768562493437861
8f4a18e0fdd66820ddaf5c7516c430f6,a4BoCVPQB7Q,FGN,UC1_nF_AKcCr-IIG-Fg3OtWA,@peplsuk7635,2025-12-05T22:30:14Z,0.4767809488305482
e56302729cc9354d0b859a88f2d13b62,lrwHsZ_CrIs,"👍🇺🇸 Thank you President Trump. ALL IS FAIR IN LOVE AND WAR.  Keep cleaning house until they are all gone. Find them in all of their hiding spots and crush them.  Democrats are nuts and I was a 30 year union Democrat, never again.  I only vote straight red ticket these days.🇺🇸🍿",UCJY_qGnAKnmEllQtVVz60CQ,@johnm8538,2025-12-05T19:58:10Z,0.4766104219872668
373e9c7a7405bac90fffb07606ee8acd,NlkZ2-hntaw,ok JD and Desantis for 2028. I'm good with either.,UCurJ-0yzokAsZ4-WVYrfirg,@dspiritlight,2025-12-05T17:58:25Z,0.4763223117094504
2845ba306654bf13a013c2d5df2e4194,lrwHsZ_CrIs,Support our best president ever Donald Trump.❤❤❤,UCCh7QAfr1gFXNBaOnzQu3Xg,@ramonmirabal101,2025-12-05T21:50:25Z,0.475816708908648
8034f1e0fed7272b7562d10b0479a4df,lrwHsZ_CrIs,"And if drugs being smuggled into the US was on the rise, the delusional democrats would say Trump is weak and not doing enough. Those people are pathetic.",UCk9dPCzxlnDelzKyrjsmU8Q,@Steve-pk9ok,2025-12-05T19:37:08Z,0.47574349677934075
9443b6e4a620ebb3ce71f52a2e4ae6e3,NlkZ2-hntaw,My question is why haven’t they released the files yet?,UCA_iWp63ZE2LiVYjfFpvfnQ,@JarodFarrant,2025-12-05T18:11:12Z,0.4755250861711343
99877f8a8464b7eba8c9f1cd5dc214b4,lrwHsZ_CrIs,This is even better than what I voted for. Thank you President Trump.,UC_GRNFSM6kmm63JtrDguR0Q,@jpdunamislodge,2025-12-05T20:32:32Z,0.4753060416775742
ae9940bf7fc8bc1701499192e46b2803,NlkZ2-hntaw,No property taxes on primary residences. Easy peasy.,UCZISGQjEJykuTYHEv-3GXrA,@WhiskeyCrack,2025-12-05T20:11:56Z,0.47495156905305247
3f9864202357ea1414972e86416b3847,lrwHsZ_CrIs,Good. Keep going. I bet the Democrats are pulling all this crap so the drug boats won't be stopped.,UCRL_Cy81Dp3L_Sba9udy0jA,@kristinguelmine6565,2025-12-05T20:36:11Z,0.4748816420035121
694fac64f4c3a63f5630457869ab3c03,lrwHsZ_CrIs,Democrats love their drugs...very evident in their defense of making all drugs legal...and their cognitive reasoning is twisted from years of drug use... Just look at the Bidens...,UC0OJM_M8weii0zkuC-Q-3fQ,@davidlgilpatrick503,2025-12-05T22:23:54Z,0.4745133414346763
2f1b0e8c579ba051d4e381a9e642ca45,NlkZ2-hntaw,"NO MORE TAXES!!! NO MORE MANDATED FEDERAL, STATE, PROPERTY OR INCOME TAXES!! THE GOVERNMENT HAS TO FIND OTHER AND MORE BETTER WAYS TO CONTROL THE ECONOMY 💰💵💸🏛️🇺🇸🙂😇",UCpb2XKOieHiGqTssrJUANxw,@sonicjet7759,2025-12-05T17:49:11Z,0.4741779181804947
f8e0e1729e258fed4bc47d5ee21e0fef,lrwHsZ_CrIs,"I want to see these videos in color, I can’t see anything in black and white",UCJa7u8qchf9par8HS9TQofQ,@MusicByDiverse,2025-12-05T19:56:03Z,0.47371005894137114
d0e3d69e2d0187e9c2a354ccfc39e0e0,lrwHsZ_CrIs,Alleged? You're an embarrassment to journalism!,UCDgHFlpU12jLN3z2X0HsUjQ,@jamiemoffatt50,2025-12-05T19:36:51Z,0.47329006813342456
594eeb5423af2385614da5cd12464d38,a4BoCVPQB7Q,FNP,UC1_nF_AKcCr-IIG-Fg3OtWA,@peplsuk7635,2025-12-05T22:29:17Z,0.472811583995712
6c0aafec9e7e73b21bbb78c6b0ab0fef,lrwHsZ_CrIs,"GO USA 🇺🇸 
NO MORE POSION IN AMERICA  YES!!! TRUMP ADMINISTRATION BRAVO BRAVO PRESIDENT TRUMP BRAVO PRESIDENT TRUMP BRAVO PRESIDENT TRUMP BRAVO PRESIDENT TRUMP BRAVO",UCe4hxuprNciIY9owFgw7beg,@christinemarie154,2025-12-05T19:39:53Z,0.4726546977552982
c0a9a98bf0b93fb011d9883a131cabd9,NlkZ2-hntaw,"Epstein files please, as you promised. You have till December 19. Tick tock.",UCju5gZ7tAy5Mh0mQc4aS83A,@roderickdewar1064,2025-12-05T20:03:35Z,0.47257009251537474
a187311e0fc13901e73122c01db3c94c,ce4lMhwVHSA,People want to keep voting for these democratic criminals! 🤷,UCOu4DGzA3ZrzTbxKdc808Hw,@Proudogg1220,2025-12-05T19:46:20Z,0.4725552524305275
112874fa2e6d6e72f0e8e90167ccd82b,lrwHsZ_CrIs,Dems wants to protect drug dealers,UCsGcp7uQZ7RZ10uLw4L2XoQ,@melvinyocum1267,2025-12-05T20:38:44Z,0.4721475344908014
8b21bf681d8950c77ae0cd7eeb21c9f3,NlkZ2-hntaw,I'm leaving Florida. Eliminating property taxes just raises costs everywhere else.,UCk7rYMzuVwpMSBZcPn3Y8Iw,@BryanEller-i3g,2025-12-05T20:44:11Z,0.47180351963885137
7e841684f99ba1ce8313d8deded64eff,NlkZ2-hntaw,Ron is doing a great job in Florida!!!! I wish IL do something!!! They are killing us there!!!,UC5I7jhv727SxIIIEPcYAxkA,@dannyalss,2025-12-05T18:06:09Z,0.47179800818566503
2406f399b0cdc0f55c71383f93e165b7,ce4lMhwVHSA,Real Americans always get shafted .. boot them all out .. now even her,UCqbce6TXjakby8Xan2HvxmQ,@ChrisHasselbeck-f8o1h,2025-12-05T19:38:30Z,0.4714862514997543
ac98636295bc2a86e715d83ea160588c,NlkZ2-hntaw,"If DeSantis succeeds in eliminating property tax, I’m moving to FL.",UC2I89AX4I4SesjA-PA54hNA,@marions2393,2025-12-05T18:02:41Z,0.4714340632261238
c783d2c5f1533dd89a125a081438d32e,lrwHsZ_CrIs,Dems wants our nation to be sick!,UCle-xOdxjFQJkAt-UIQPHAA,@BrittanyPeace-m4t,2025-12-05T19:09:30Z,0.47136487950535116
e1f03377637535704f80c705e43a5a0c,lrwHsZ_CrIs,Double tap is fine. Triple one is the best 🎉,UCBPdkV5FsuXI0tH9fKbERpg,@Tuaregoxffff,2025-12-05T20:06:52Z,0.4703790299012215
0a72bafaadc32755e8388b4118524e9a,NlkZ2-hntaw,lying  where's the 10 million dollars?,UCcBVW_alxRFuMlzZSPAvUMA,@Rottiek9000-r2u,2025-12-05T17:56:22Z,0.4703180566118332
c6c83fc2e66836f2956dead1f26e457c,a4BoCVPQB7Q,Chuck is history and he's grasping at straws.  Democrats are a joke.,UCnRIcQcIwi3mHurrKrZPlqA,@jimmyyoung9850,2025-12-05T22:04:23Z,0.4703042546405509
97caebb97e8afc2b560fa3bb7cab3ddd,ce4lMhwVHSA,The voters want justice now on the Biden administration Walz & Omar,UCCWA-7zqH1gYV1PYdg-nm0g,@stephanytollefson9565,2025-12-05T19:09:39Z,0.4701565580933795
23b57c585a97e35039eb79b45aef19a7,a4BoCVPQB7Q,"Rate cuts help everybody, period.",UC5-ABN7KPLqeYetHmCGZHOw,@ronderushe,2025-12-05T22:09:55Z,0.4701407772527168
17270982b305184ea3af90e809cbd1ff,a4BoCVPQB7Q,FCS,UC1_nF_AKcCr-IIG-Fg3OtWA,@peplsuk7635,2025-12-05T22:28:41Z,0.4697512197342667
bfb245f56d5064e594bc2fe44479b728,lrwHsZ_CrIs,But Trump pardoned major traffic narcotics from Honduras 🤡🤡🤣🤣🤣,UCe01MpGJoUSTzUL4VXeBnNg,@Johndof,2025-12-05T19:54:33Z,0.4692493818736738
fe4d1b57eee3f05a805ba53dfb034d8a,lrwHsZ_CrIs,THANK YOU PETE!!!👏🏾👏🏾👏🏾❤️🇺🇸❤️🇺🇸,UCSA81cFySOYeLzM151kCvaw,@keptorian,2025-12-05T19:12:17Z,0.46895302258524074
0fcb65b360d4e46c651689a9a964eb6e,ce4lMhwVHSA,Way to go Minnesota your votes did count. Now live with it.,UCvbGx_dD6qwPbU0FST6Gwjw,@randyrhyne8658,2025-12-05T22:28:26Z,0.46894924580440744
f34c85c75edd684175ac8dbe40b77d9e,NlkZ2-hntaw,"Hey Ronnie..... Let's start with the $10 Million you and your wife STOLE!!!!

Where is the $10,000,000?!?",UCMfxLJzvdgEu-G1p2kDK0gw,@tonyjones3732,2025-12-05T21:23:45Z,0.4687336485024674
9724ef4b296860bf244ea5ba4c9a7ecf,ce4lMhwVHSA,Deport her.,UCXVlElKJvRyzxHEZSRNsigA,@elizabethh1059,2025-12-05T18:49:56Z,0.46864774027712397
6e5b4786760d1da0f879f245782df228,NlkZ2-hntaw,Dear Lord please heal Kabir of bitterness & anger Jesus’ Name,UC0-J6L-_a6nzGB1svT_1KfQ,@Not_YourNormalFriend,2025-12-05T19:04:04Z,0.4678046225185021
e6b207293a82023c7094fcede8f5269b,lrwHsZ_CrIs,Keep blowing them drug dealers and traffickers up even with a double tap.  We support you,UCqi-hW4QupQYqVhZgQD-o_g,@chipkelley0307,2025-12-05T19:36:40Z,0.4675034598172588
58bc5c43f1408e2c52f8ff5d3572ecc6,NlkZ2-hntaw,It won't happen 😮,UCqw1Pm-_Pt9MZA02VvyM8oQ,@marilynsmith3882,2025-12-05T18:02:49Z,0.4672705299425968
e8a9077953d909323ead021bbdcac24a,lrwHsZ_CrIs,God bless the American military,UCynRjfsh1GMMUmgHnduEuow,,2025-12-05T19:09:08Z,0.4672701640130458
5187b40400464ee9592468249baa8642,a4BoCVPQB7Q,And you can't  grill a burger!!,UCwjhUspSQ_LYD-0s4HXiWMA,@ramonalvarez7594,2025-12-05T21:55:38Z,0.46705218427046213
169125e555f7985afc2821a383931c38,a4BoCVPQB7Q,"Millionaire compared to billionaire, a bit different aren’t they 🧐",UCeG-nrditN7VV9cYqzfhXbA,@robertsharp3238,2025-12-05T23:16:35Z,0.46664173372924456
42e7ff617fc32ae4f892f7f6ff581310,ce4lMhwVHSA,Arrest Waltz and Omar and deport all Somollians.,UCxo34Z_-IA37h8o6FMLnl8A,@Mitchrenz6314,2025-12-05T19:05:45Z,0.4664141164570058
0ccfd7f31e7e6f060556ef198338298e,NlkZ2-hntaw,If property taxes do not go away nationwide there should at least be forever CAPS placed on what local governments can charge. Make local governments budget wisely.,UCKWXLvlPO783MVZWUfILkxw,@votaric,2025-12-05T19:14:47Z,0.46628201712850137
cffead959924312ec8e547914b516ed5,lrwHsZ_CrIs,Good sttike😅,UCHyEouwt0MHCIIbE5ctPIeA,@jimg8218,2025-12-05T20:40:51Z,0.46627239349379646
db9be799318aff46ed2047d41313e5c3,ce4lMhwVHSA,"Seize all assets, kick them out of office throw them in jail and do everything to them that they tried to do to all of us",UC4hS9xn8lO-J6vfo5C0Vstg,@Soundman68,2025-12-05T19:57:56Z,0.4662632438287209
c3bf533f9a2100041da74b93014ae092,ce4lMhwVHSA,"Plundering the state's coffers, how very piratey of the poor Somalis. A billion dollars is 1,000,000,000.  The country is gone.",UC8iREOJsFJj1tKu0eBpdL8A,@df289,2025-12-05T18:52:23Z,0.4659435044713829
74fde6f737ef163e43640d6e38eecda4,lrwHsZ_CrIs,The Democrats are scumbags for going against this.,UCuzlUyMPFzm9qv-Q532-h8A,@JohnVolianitis,2025-12-05T19:41:19Z,0.4659082764391693
f43ab75e88a9b31d2652baed81fa26ba,a4BoCVPQB7Q,FJC,UC1_nF_AKcCr-IIG-Fg3OtWA,@peplsuk7635,2025-12-05T22:30:22Z,0.46574207087703595
e7379b243bc830e784d40dd196ed1aa2,a4BoCVPQB7Q,"the obsession w Biden/dems/Obama is old 
we voted GOP already, last year btw
stop looking in the rear view mirror 
Americans need help now, today.",UC6YJyNqfiNcrWq2wBBxrJyQ,@kurifutsunami,2025-12-05T22:32:42Z,0.46574057901265287
bf611dddee82c6044f24cb2d4983eb32,ce4lMhwVHSA,"Let Tim Walz and Ilhan Omar pay all 1B$ back to
fed government and deport Omar and her people
back to Somali!!",UCmef13hNyz3DoBYmPjLIuqw,@ginocha01,2025-12-05T18:54:59Z,0.4656644824850979
2b45d5e6999d48ec286ae8c99b34d9de,NlkZ2-hntaw,Byron Donalds needs to get onboard with DeSantis when it comes to property tax. He wont get my vote if he dont.,UCxXsIFvn6f3hdmDHt4K6PAQ,@BobbyC62,2025-12-05T17:47:17Z,0.46556437633193837
08b36b2790550986075dc581fb7d5f77,NlkZ2-hntaw,Property taxes are the original unrealized capital gains tax.,UCH3qGRoqmWrw7e0dAxjXacw,@ShawnMcMahon-f3n,2025-12-05T18:23:50Z,0.46554558822579933
99c13727717bfeea37ef67f4b991f86c,a4BoCVPQB7Q,Y Venezuela pa'cuando???,UCt8_C0pG2X8amBeKarn8BdA,@abelubaldobolanos2724,2025-12-05T22:10:39Z,0.46525052978711623
20b2f637717d08eb5ac1032d04491af2,ce4lMhwVHSA,"The 💰 is gone and the trail erased! 🤦‍♀️🤦‍♀️🤦‍♀️ sadly, no one will be held accountable and all the ‘news’, media coverage will be just that, coverage. It’s hopeless. The governor will be re-elected as people are voting for and counting on the promises of  politicians’ ‘give me, give me, give me’ programs. Look to NYC leading the charge! It’s disheartening, truth be told, terrifying that today’s justice system is overburdened into oblivion.",UCBrvMdDHKuvryUS6Aswu08A,@kathleencollier5277,2025-12-05T18:47:52Z,0.46511024176718974
44e6b32657d16be04d52600b53b759be,ce4lMhwVHSA,What a knuckle head,UCsyR5GsIqOmSlWGF2d9opPQ,@Btl_Grp_Dakota,2025-12-05T20:25:30Z,0.46484185337478295
4ced7c5fbac1f88191cdfe94cf0742f4,a4BoCVPQB7Q,Like I said Schumer oh what a joke,UCXo-YD14T2P1vVYMThjG_4A,@ronniedotson-i8y,2025-12-05T22:39:09Z,0.4642606999880544
caf9adf67729cd23d9b15e140ad7ea77,a4BoCVPQB7Q,"Of course he is in a bubble of ignorance, lies and stupidity! His auto pen and handlers are running our country. He has no idea what is going on! And keeps saying prices are down. Jobs are up. A golden age of economy. Inflation is down. ALL LIES! Either hes just ignorant or hes lying on purpose.  Tariffs are destroying our economy and jobs while skyrocketing the national debt! ALL facts!!!!",UCdf4M7MbyzTtfX_-1AbJcVg,@ligft34w1,2025-12-05T22:06:41Z,0.4642237105231638
0df9f176b99a2d02343f8a1f076a943c,a4BoCVPQB7Q,"A.S.L. WHOM IS
SCHUMER SIGNING TOO..ASK",UC2o_CVJzXsFaWnBfgtq9zmQ,@roybeach3397,2025-12-05T21:50:00Z,0.46406560536826685
e46257dd9a18377c74272a39d26863f7,lrwHsZ_CrIs,Keep Killing the Cartels Trump!!!!!,UCag5jhg4hwoc9KGvQcUbxgw,@craigsteckelsr.4708,2025-12-05T19:38:24Z,0.46401019370910024
62ebbe60677d953f46192176fcc5fa25,ce4lMhwVHSA,"Folks, it’s time this Omar whatever the hell she is to go back to her beautiful country. She can see how her bitching does there",UCxo6DUYmPI1DBmYebadESfQ,@geraldetcdrone6262,2025-12-05T20:46:08Z,0.4639382313919433
8397a74309dd1b0dc5a6913f9dc5817d,ce4lMhwVHSA,I hope the FBI gets Tim Walz and/or Ilhan Omar.,UC-wUaGok9sVMGHZlwYHs_9Q,@steveking7719,2025-12-05T23:07:30Z,0.4636559265373619
fdd7fd15d11e53e2f68749eaaa3dc447,a4BoCVPQB7Q,Democrats.. America ypu ...got CHUCKED .. .demonrats have lost there minds... Schumer shutdown.. .shows...  you there are insane..,UC_gtqPly8csw-PUbJtjqrVg,@AllHealthyChoices-u5q,2025-12-05T22:02:46Z,0.463629061717777
66a1c4a52607af7801e98df319385b49,a4BoCVPQB7Q,Saludos desde Islas Canarias España,UCt8_C0pG2X8amBeKarn8BdA,@abelubaldobolanos2724,2025-12-05T22:11:04Z,0.46361993355082404
2b8b587d9d422758ed9c0414fbd9e8a4,lrwHsZ_CrIs,"The ""War on Drugs"" is finally a war. Thank God for President Trump and DOW Secretary Pete Hegseth. Billions have been spent on the war on drugs and we have failed. It is about time we take the war to the source.",UCRbsNItHCulB81Sk7Hv4FFQ,@kf7bws,2025-12-05T21:42:44Z,0.46360034562840186
daed2d0a4c7556a5e4e94e47758936fc,lrwHsZ_CrIs,ITS THE DEMOCRATS DRUGS....THEIR WAS NO SHIP WRECK,UCFd6gkpLOuP4VNgsKkZ8ClA,@cliffordcurtiss541,2025-12-05T20:38:33Z,0.4635827824297343
781f3bb147f0f054adc69a63d1fda18b,a4BoCVPQB7Q,"@Schumer President Trump NEVER put cheese on a raw hamburger while pretending to be a regular guy barbequing! You and the Biden admin created the affordability crisis and cause near hyperinflation. Your head is so far up your anus, you look out of your mouth to see where you're going.",UChRDOPH2ctE91TaH0Pw2PGQ,@michaelchadwicklong3799,2025-12-05T21:58:18Z,0.46351029665140053
523efc7728186cbfffbd9894ae81cb92,ce4lMhwVHSA,Democrats are scumbags,UCW5LHAAxVkRWMqLnRfQM3Fw,@StevenCombs-c6h,2025-12-05T19:11:21Z,0.46350026296546704
2c5515677c5c0e41b13fc961d2e93f78,lrwHsZ_CrIs,🇺🇸..YES ...💣🚤..🛥️💣..⛵💣🛶💣..⛴️💣..AT ANY COST..KEEP USA DRUG FREE .💪🏽,UCnRwRsweACDLEvVKl-xeTtQ,@AlvaroEstrella-ei3ff,2025-12-05T20:59:41Z,0.46349881862751124
7ff908b3eb3ac359301da2e309fd1226,lrwHsZ_CrIs,I can’t even imagine how high the fish are off the Venezuelan coast. 😂😂😂,UCoj65W_m3KC0PZnMDN2AWPA,@nickmagoulianos7828,2025-12-05T21:27:45Z,0.46320997259894203
b23d829c844d62a4c348d259a63c5157,lrwHsZ_CrIs,WINNING !  Fuk those LOSER DEMOCRATS !  They are complicit and being paid off - Bought by the Cartels.....,UCZWwm472ruMRVAZpkGvxhWA,@eurothrasher2823,2025-12-05T21:31:46Z,0.4631036370919477
01c840dc33196a1cc8722cd6e8a6f7c2,a4BoCVPQB7Q,FMK,UC1_nF_AKcCr-IIG-Fg3OtWA,@peplsuk7635,2025-12-05T22:30:33Z,0.4629965791075541
311c7b92fe5799d43dcce1b3c1b72116,NlkZ2-hntaw,"I may suburban voter, and why would I be mad at republicans for saving me money? That makes no sense. Us suburban people are the homeowners.",UClF_cYxYicDnglsm20j4Eew,@albundy7198,2025-12-05T18:33:43Z,0.46279550431018635
9ca7fe907068baa1990c91f61607b904,lrwHsZ_CrIs,"JUST ANOTHER DEMOCRATE CLOWN, TO PUT A WHOLE NEW MEANING TO WAR.. O NO WE JUST BOMBED SHIPWRECKED SAILORS,, LOL, LOL, LOL, JUST SOME POOR  FISHERMEN HAVING A BAD DAY WITH THERE HIGH PERFORMANCE FISHING BOAT,,",UCtdRQAqR1F5WzdYVPFaLmKA,@mikeofstedahl8041,2025-12-05T19:51:58Z,0.4627223042821639
8dff79af1c9c847f3dc79dceb690a9d1,lrwHsZ_CrIs,Even if you tell them the truth they will flip it and cut out parts of it they won't believe you even if you tried to tell them,UC7nU1bvrc4H3r4jJRgvIytQ,@ChaseOConnell-i3t,2025-12-05T22:15:31Z,0.4627018830643381
32e4015133e85f8ca4aab5d2b3985c2b,a4BoCVPQB7Q,"Seen Trump frying French fry's, seen Trump get out of a Trash Truck, That Clown thinks he has never been in a Grocery store, DUDE, TRUMP will go in there and stock them shelves.",UC5iPyieeF30ng7UmRJUarhg,@williamcooper4927,2025-12-05T22:17:06Z,0.4626784890801128
f59dd4648f4456393c01740302cbf795,a4BoCVPQB7Q,Trump’s the one that’s caused the inflation 🤣,UCeG-nrditN7VV9cYqzfhXbA,@robertsharp3238,2025-12-05T23:13:19Z,0.4624499281971451
3533a0f606822df43109c285d96932a6,ce4lMhwVHSA,"“Did Omar know….?” If she doesn’t know, how did she gets so rich? Tim Waltz knew, Minneapolis mayor knew, they all knew. Only taxpayers don’t know.",UCZ8D_dBddr75F8Kulv2Cb5g,@ToToNat_sm826,2025-12-05T21:44:27Z,0.46231124068268775
ad89b505b6e575a310d3abb45cd507d1,lrwHsZ_CrIs,Yes good shot,UCnyx2yGaiqdfkTeIZsUXygA,@RayWilliams-x2g,2025-12-05T21:45:13Z,0.4622675628661861
75ec11258355281d21bf2dccfddc59a7,a4BoCVPQB7Q,"Why should I learn the French again,by the way?I already got C1 level in CEFR European language group now,actually",UC8j6KhWITqSdtuNV9hjnrtw,@박시후-l5d,2025-12-05T22:39:32Z,0.462257631929864
7514e757ab895c5f772c230c7f119d18,NlkZ2-hntaw,We ❤ Governor DeSantis,UC0-J6L-_a6nzGB1svT_1KfQ,@Not_YourNormalFriend,2025-12-05T18:04:10Z,0.46212323164708835
4c36343bf807d2a82d574149056f12ea,NlkZ2-hntaw,"I have a question for desantis. Mr. Ron the Con, what happen to the $10 million that you stole from the people of florida?",UC7oIXJEYdKnHAwaTBKRTM_w,@Andrew-m2v3p,2025-12-05T19:14:46Z,0.4619031955614926
9018567a106609bc18f28c0316842cd4,lrwHsZ_CrIs,Not a fan of the double-tap in this situation. They should have let the sharks get them. If they were radioing for back-up then they should have waited until that boat showed up for the second strike.,UCfaTHx5Ak2Vb3aydNzaCGrg,@Harmsxway,2025-12-05T20:50:41Z,0.4618574268062099
3e6be2548a7f58eee21b07d7c390c15d,ce4lMhwVHSA,"Nobody of significance is going to get charged much less go to prison. The DOJ doesn't have the stomach to put anyone that's a Big fish in politics behind bars. The DOJ hasn't put anybody that is a Big fish in jail or prison. And they never will put anyone in prison. Fauci, Comey, Hillary, Myorkias, Fani Willis, Leticia James, etc...... No one is going to jail, we all know it and they all know it. There will be no accountability for any of these bad actors. It's  all hype from the DOJ.  They'll put a few small fish in jail and say ""look we did it!""  But that's as far as it goes. They all got away with it. Nothing is going to happen to omar either.. It's all talk as usual no real action. We voted for accountability.  We will not get it and we were fools to think that anthing would change. Politicians still get away with major crimes and always will. Bondi, Patel, and Bongino are all paper tigers. They are catching sardines and are bragging about it. But the sharks that they should catch are still roaming free and always will.",UC9euuZkqgYviuyAdEWWRNsQ,@davidryan2669,2025-12-05T20:24:25Z,0.46174397588280003
a2b7e08249699d004f0f6e1ab309048e,lrwHsZ_CrIs,Make it rain boys!,UCaCC7tiP0ntGpl0UTAMgwXg,@BryanKinder,2025-12-05T19:55:43Z,0.46173632886973354
df374922e8a0c9c7ec0f475d7efdd3a3,a4BoCVPQB7Q,Hey Chuck go get a cheesecake,UCMi0pCDwwN_OOQeSda9A5RA,@davidsonowski414,2025-12-05T22:09:26Z,0.461654118115273
6f8e9b4ff334ccf18182dd411d49c941,a4BoCVPQB7Q,This is in Oklahoma are $2.10 and we're steadily starting to see other things come down because of it Promises made promises kept We have a very bold and brave president He's fighting hard for all of the American people I hope our Senate Republicans will put America first and fight equally as hard because they're up against a lot they're up against some demon rats and schumers one of the best and if he can buy a Republican so they don't vote the way they should he will if he can turn another Republicans he will so please Republicans think about America put us first Don't get on the fence like one of your other Republicans if you don't like the policy say no if you're four America put his first and say yes The Stand strong people that jump on a fence like that or just wishy-washy and they have no nothing there are nothing You got to stand for something Mr Senator are you going to fall for the demon rats plan and next thing you know that same ideology ideology that they got is going to be in your head just like it is in MJT said,UCRFH-LtUUtAXjrkoiWM8zBQ,@karlalee2789,2025-12-05T21:54:55Z,0.46135494915688635
fe703e630104934051e12ddaa6c6b4b6,a4BoCVPQB7Q,"Donald Trump is totally wrong, afforded.Bill is what we need not this c***He's doing get the economy under control and help the poor people",UCCN9bNhyjpy3ehmhkBZqyfQ,@gilbertsmith2104,2025-12-05T21:56:52Z,0.46133073325407464
0cb3870db21d9f850f11c08c372d6cbf,NlkZ2-hntaw,THIS is the only issue I'm backing. We are drowning as Sr's in house taxes.,UCIcYxb8Z9NAyQHlQ4Dgzdtw,@bice-w9t,2025-12-05T20:47:31Z,0.461042787179488
e4c1f7f6fef89c21a7ce94b39d7a8fab,lrwHsZ_CrIs,Let the DemonRats rattle on about USA taking out the Narco dealers!! They apparently don’t have kids on any drugs!!They have to have something to complain about otherwise they’re not happy! A pathetic lot!!,UCe-vhiftnbujiKgMGfie7cg,@JoyceJones-l5g,2025-12-05T19:31:54Z,0.4605411684142455
f46c73ae00eeed7c04b697fa59606c38,lrwHsZ_CrIs,Fox News is based asf for these  titles,UCtdYGERa4WjbKVO4beDYpCQ,@operatorstone,2025-12-05T19:54:37Z,0.46034908318263823
28094c2d4ceee395ce8b287c44b56a3d,ce4lMhwVHSA,State run media propaganda dictated by Trump,UCYdKn7O5e7HvhFv83WMEIlw,@JamesArthur-e3g,2025-12-05T19:41:52Z,0.4602456591749348
f97986aface3655bf04f6be8de3e2b8f,NlkZ2-hntaw,Desantis/Rubio 2028 🙏🏼,UCupGFdgE2xEAJTlmkf-fIAA,@fytghggyungf7601,2025-12-05T18:34:19Z,0.46011252618063847
e9654d94ea9cd4c0ccb8bdded1bf35b4,NlkZ2-hntaw,GREAT JOB RON,UCeOOpW3ltW7Vqv_RIlWzeKQ,@toddjahn1355,2025-12-05T21:33:53Z,0.4600444059965082
cacd5aa65991905965329f302d163665,a4BoCVPQB7Q,You are free to move,UCx9LsEGiuxndy5xs64AE6Qw,@ongodside,2025-12-05T22:39:12Z,0.4598149864121815
e5eab041cecb9a3f03e106062ca49659,lrwHsZ_CrIs,"Alleged???? Really...come on, so ignorant !!! This is why I watch Zero, news channels, it's All Propoganda, in one shape or form, can't trust any of them, do your own research people! I just saw the headline and watched, so I could make this comment.... Alleged, ha, so so ignorant. Quit the F***in games and tell us the news, unbiased and factual.",UCiV9GrN8JUebV3D3u5U5pow,@Dillon-vg3jk,2025-12-05T20:58:21Z,0.4597942854325686
fe9f4f79f5fb8d70fb3230ae12711680,lrwHsZ_CrIs,"You would think that by now the cartels would figure its too stupid to smuggle drugs via speed boats by now, but they must be as dumb as the democrats.",UCoLJO5DUHYoZqDiz3j9wlAQ,@johngioiosa5267,2025-12-05T20:40:10Z,0.4597665885897582
a385928bdb1684cfb5a4fdf6aefff4e0,NlkZ2-hntaw,"GOP is doing nothing as usual. All they know how to do is criticize, They have no plan",UCaqN9Njp8Avrh9t8Y80BLPg,@ScottPatriot,2025-12-05T18:02:26Z,0.45975063451361237
932f6781974173f32d5a9e76f36a8a64,ce4lMhwVHSA,How much more do we need about her before we get around to deporting her??????,UCXfkfsNOqszjX2r-YKa0AtA,@gymgym3059,2025-12-05T20:47:06Z,0.45972048981329505
bfbe9a19cb19481e144102c554d23a01,ce4lMhwVHSA,Scumbag thieves,UCoSPXsQzlYXPw2_NSf4Hiwg,@SamuelWilliams-lk2yd,2025-12-05T20:57:35Z,0.45964808479765096
4446d737ac04f87f58ab29acedd6617b,a4BoCVPQB7Q,You don't even live in the US.,UCAG2KSvHOq3wM5UhUnOd9Hg,@danajohnson4480,2025-12-05T21:56:33Z,0.4596206465623169
8a4094c939fbeb5afa86b997b479d25b,NlkZ2-hntaw,"""It's a tale of two cities""  Republican DeSantis proposing eliminating Property Taxes . Democrat Newsom proposing new tax on Savings accounts .",UCDK7vHMn0pKx142weas4bCQ,@tombaker2780,2025-12-05T17:58:20Z,0.45955750055065153
23b21fe602fece3c9cfeb0832b8ac319,lrwHsZ_CrIs,Remember to always Double-Tap.,UCjAb9PECpot75KraNH2H-nQ,@TheDieselndust,2025-12-05T21:22:22Z,0.4595443157014345
94d7537934d65daf8f60c07e865f92fe,lrwHsZ_CrIs,"Look at Kiril and who is negotiating for Russia wit the US now:
2017: Before Trump took office: Kirill Dmitriev has worked with the Trump camp for almost a decade, Kirill is the CEO of the Russian Direct Investment Fund (RDIF) also know as the Russian Sovereign Wealth Fond meet with Erik Prince the founder of the private military company Blackwater. In 2017 Kirill Dmitriev is in Washington and was supposed to meet Steve Witkoff Trumps envoy. Recently Steve Witkoff gave and interview to Tucker Carlson and told about Trump and Putin BFF. Kirill Dmitriev offered Rare Earth Minerals to Steve Witkoff if the US accepted Russias occupation of Ukraine. Europe and Ukraine exposed the information and setup demands. Trumps foreign policy is describes as deco-modification and the question is how tempted Washington is.",UCxSmfVkmJ55x469SyvTYq1w,@nox6559,2025-12-05T22:15:32Z,0.4588692738044344
2864154d7f74dd79b5383369d3230d43,NlkZ2-hntaw,"this guy should of been vice president,desantes is one of reps best",UCiReaz_6crGlCVTN1Snd2_Q,@ozzmundo5095,2025-12-05T18:05:03Z,0.458847105232041
45a14b975b4e5bb0d51503986f5b6dc4,NlkZ2-hntaw,De Santis is the Man!!! I hope he runs for POTUS in '28!!!,UCljbkXZvdw9VcIrPuV1iAlg,@calamari311,2025-12-05T17:56:12Z,0.45867983934336687
f760a5a5b2d45bc75c03aa7acbe9d2d5,lrwHsZ_CrIs,"Attacking ""shipwrecked sailors""?  ....That's funny Himes....Tell me,  are you planning on sending a sympathy card to the parents of every kid who died of a Fentanyl overdose?....These are Narco-terrorists that have been warned that they will die if they keep trying to smuggle drugs....Stopping the smuggling means two things, destroying the boat and killing the smugglers.  I have no problem at all with killing smugglers to finish off the operation. In case you Democrats didn't know this is a war to save countless American lives.",UCdKu7f4_xvDk76cBywWEYqA,@jamesesselman283,2025-12-05T20:07:04Z,0.4585864361969795
3ff31bb9f69d9e7a6162cfe108145856,lrwHsZ_CrIs,Republicans need to do their homework - trumpf just pardoned a guy convicted of distribution of 400 TONS of cocaine in this country,UCcD_8x_nZWrAUNJjNtKhZiA,@BigAl455,2025-12-05T23:02:29Z,0.45854584585329017
cee0e72f9121dde071ceecba54206cda,lrwHsZ_CrIs,"Dems rage?. It is Americans raging including Republicans because they are committing crimes. We have not seen the video on the second strike that killed the 2 survivors have we?...why?.They keep releasing new and others strikes, but not the one where they killed the 2 survivors. They don't want the public to see an illegal execution.",UCiitr-tOs8wA-NbUS1mLhmQ,@BM-uk3sh,2025-12-05T20:01:38Z,0.4585241930583007
583170884647cf18f957472d255b18cc,lrwHsZ_CrIs,I wonder if the dems are raging so much cause either this is affecting their bad habits or it’s messing there income???,UCZiHGUYtVOTQUyE5XwcR3OA,@albertchenette7429,2025-12-05T22:18:09Z,0.4583577385684936
45bfefff1fd2dc59634a0e8cb6a3ad1d,NlkZ2-hntaw,Lead the effort and don't give up,UCRdjLzoy6zMZ5lrhzjpusqg,@louveniastreet3733,2025-12-05T18:19:45Z,0.45834406318216214
0424cc9fd6236c479ca7810da45c3acc,lrwHsZ_CrIs,Military needs to use bigger bombs the first time to eliminate the need for a second strike. Then no more 'shipwrecked sailors'!,UC1Cg3tWxMB5T0XPuwJw9zEA,@JF-wr6lw,2025-12-05T22:44:59Z,0.4582677537481594
4638af950cb2685235f4fdaee66e18d2,ce4lMhwVHSA,Exactly! Who votes for these people,UCboqRtmmqvsHjomL3pC_Q2w,@ginodecastro7028,2025-12-05T18:42:27Z,0.4580950006604493
c9ab5978c370176d64763a36d7596f54,NlkZ2-hntaw,"Love you, DeSantis... I will never buy into the idiots who think you're fake.  You've been real and actually doing what most politicians cannot do... HELPING AND SERVING YOUR PEOPLE/STATE.",UCw4EzVdCp5dWnCWwYclxuuw,@Batman1084CK,2025-12-05T19:02:48Z,0.45788710587316694
7fffd8ffc233b578126cf161cea52e25,ce4lMhwVHSA,"Tampy Tim is finally telling the truth, at least partially, Minnesota IS a well run state, if you are a fraudster! Where else can you pull out nearly a Billion while not providing anything at all in return but the warm fuzzy contented feeling of not being called a racist. Isn't that what all Liberals really want out of life? I think they got their moneys worth. It's just the conservatives who expect some tangible outcome from the money that are still unsatisfied. Can you believe they actually wanted someone to give some food to poor kids for that cash? What idiots don't they know how it works in Somalia... er little Somalia? 
Transplanted, not transformed.",UCIY1pamxfe-VRxowlr4SnSg,@jimbo4afg,2025-12-05T20:51:25Z,0.45773176826246537
4cf5a9ce544fc45fb4f2aac79c2dba80,lrwHsZ_CrIs,Why do Democrats get to run their mouths about eliminating drugs and drug boats from society?? They must not be getting their cut. These people are extremely sick between their ears.,UCJENnwpdvCtHyumKFVubZog,@briansousa6341,2025-12-05T19:46:52Z,0.45754377883364333
98e6fe53b1b2948613af0da0e35299e0,ce4lMhwVHSA,Get her out of our country. Now.,UCOdcfviUvTnck1KlKYHfsQg,@redghost3170,2025-12-05T18:44:41Z,0.4574093689631592
7b4b0d9b7c5bb77540957c7470b4e471,a4BoCVPQB7Q,"​@Buxtonnesand you are functionally illiterate. Pronoun? Are we talking about how you see yourself?
What is your pronoun? Going with ""It""
Thanks for the laugh",UCqSvx2bOTu2JhI6D4BmkZtQ,@Todd-nd5cl,2025-12-05T22:51:00Z,0.4573992849666284
7828f9f3073a94db84ca5023702f3e35,ce4lMhwVHSA,Convince yourself Mr. Waltz.,UCWOW9nXbn1mO0UkQSGkrLeQ,@Roger-c3n5s,2025-12-05T19:01:10Z,0.45736843160022206
5c9179c708ffb5c40d56fc894a86e54a,a4BoCVPQB7Q,They did not stop medicare for seniors.  They have reduced medicaid thats a different coverage,UCx9LsEGiuxndy5xs64AE6Qw,@ongodside,2025-12-05T22:30:25Z,0.45728259842701213
4f8b75268a483a61d58e189a3e563018,a4BoCVPQB7Q,Absolutely disgusting,UCuCxtT1Bnve2HftbGCL4_Zg,@ZiJa7777,2025-12-05T21:54:56Z,0.4572603157738791
dc2ba1cae314112fa63a150727cd5d1d,NlkZ2-hntaw,What are they doing? Gathering intel ... for buying and trading stocks.,UClg_2zvYfKFr5MLxvxClJKw,@mathompson53187,2025-12-05T18:26:07Z,0.4571736019875972
f07b6cc7401571dd337f51f98c35bab9,a4BoCVPQB7Q,"If you're waiting for God or Christ to do something, you'll be waiting a while because they don't exist 
God loves the world? For centuries, there have been endless wars and murders. There have been famines and catastrophes, and God has never once helped. 
God has never helped or protected anyone, and Jesus hasn’t saved anyone. Don't waste your time on this fictional nonsense",UCoYJQdrKWt6lO9tO1ZSbtAQ,@stuartconway6946,2025-12-05T21:52:37Z,0.4571022319668884
0e725bd675f54f923ce8c36b5ec223ad,NlkZ2-hntaw,It's like a magician trick with no rabbit coming out of the hat,UCRTrMe3_Awuih01r3hpr3pQ,@jimbolyard4889,2025-12-05T20:11:57Z,0.45707913160011016
1439361133c2f08972a27253c9f8cf57,lrwHsZ_CrIs,Dems rage? Are their personal supply lines dwindling?,UC_6tVNZpMjPY4gidEv2ad3g,@DLB42,2025-12-05T20:07:22Z,0.4570635899180947
65e1d166f55936a0e1a13ef96023a10c,NlkZ2-hntaw,I keep hearing talk about lower or no property taxes. It's all lip service until something happens.,UC5LSSmxrrjK9F4UyHweYWOw,@roberthibbard512,2025-12-05T19:17:38Z,0.45694657052292575
692947d56d7fe730708fbb7d5e148494,a4BoCVPQB7Q,"My position to crave ravenously to live and die, break and heal everything",UCKkC7aNFOEL4Fzkojh8_zGg,@Mr.Death1221,2025-12-05T22:29:19Z,0.45691770475690063
da53366b489a2ae4dadaf9ec8133cde3,lrwHsZ_CrIs,They are mad about the money they are loosing for the drugs and the stocks they have in narcan and other similar meds,UCrz_g5zX4gP2ya4n3cTOFuA,@Shredtires,2025-12-05T22:49:55Z,0.45688189763901954
dfdf7269a6b5bcb3debf43836fa5b686,a4BoCVPQB7Q,Rate cuts does not help the poor and the people on social security.,UCCN9bNhyjpy3ehmhkBZqyfQ,@gilbertsmith2104,2025-12-05T21:57:43Z,0.4567129405413976
13b02c15299fe30a1f25a136ab4e3ad3,a4BoCVPQB7Q,The fact that anyone believes anything goofy trump says is absolutely disgusting!!!,UCAG2KSvHOq3wM5UhUnOd9Hg,@danajohnson4480,2025-12-05T21:53:26Z,0.4566668819307745
61f690369eec80776e3060f9460dfc15,lrwHsZ_CrIs,Keep destroying those drug boats and they'll stop coming,UCvizeihd0C80NJU5gKBBWZA,@nitrokyosho,2025-12-05T19:34:15Z,0.45666150701973707
72d1e8e1cc0a0ecbf88a68b8720c646a,ce4lMhwVHSA,Of course she is linked. How did she go from nothing to being worth $30 mil?? Disgusting.,UC7d6i4quOCB_amf2hwxRGwQ,@sarahk7559,2025-12-05T20:24:26Z,0.456541410587135
4b5008ebcd8970dcd069a149c48ac654,ce4lMhwVHSA,What about the 18 BILLION com on😡,UCYr8i1voTbmCV21geXBdmAA,@jericullen9252,2025-12-05T20:13:23Z,0.45649248919687885
2bf22fb3beadf28712273c88c6692c27,lrwHsZ_CrIs,Fox fake news at it again 🤡🤡🤡,UCe01MpGJoUSTzUL4VXeBnNg,@Johndof,2025-12-05T19:51:55Z,0.45637449295662924
e974e036fc90771e4fb7003bc7a464ec,ce4lMhwVHSA,Anyone who doesn't think certain high level Democrats are not getting kickbacks are either blind or stupid are corrupt themselves. Tampon Tim probably knew at the least. But he probably falls in the stupid category.,UCaROQnts63MOq3mDtq2QyeA,@carlcrabtree7191,2025-12-05T19:15:01Z,0.4563513255355993
cbd7e6a43d4cb857c31763a3491a11d0,a4BoCVPQB7Q,i saw President Trump go to a grocery store last year....i guess Shumer missed that,UCi9Jg0cB_w43yjZcafMESnw,@bmwm31230,2025-12-05T22:06:52Z,0.4562373190441776
f88f88aef5218a39b06229bdf095a07c,a4BoCVPQB7Q,No more dual citizenships!,UCBOLFOmRtkeoCVyBn_UXyDQ,@jeffupton8898,2025-12-05T22:04:21Z,0.45592600268947836
4581add5205a1fcf980db879806340b3,a4BoCVPQB7Q,Schumer is perhaps the biggest liar in history. The man will say anything...disgusting,UCYMTTqyaNXL1RZ-AduxiSeA,@Stormy711,2025-12-05T23:02:38Z,0.45587610223795
f9c169c61286ca267e1c68feea989b1d,lrwHsZ_CrIs,Criminal drug dealers not shipwrecked sailors. Our graveyards are filled with millions of Americans who have been affected by this sick carnage of abuse... Why don't you ask their families of what they went through for years???,UCmGJXUjlge76zhLgF3oekSg,@BarrierIsland,2025-12-05T22:56:50Z,0.4558510157353596
9c2720e15d7c59fe1696248d8c780706,lrwHsZ_CrIs,So sick and tired with the democrats.,UCzV4RPyq-dO_xs_ZkVjZp8Q,@cv63vet98,2025-12-05T19:59:07Z,0.45580361109414375
9f30c4ce0ff38a133b5ffb816a7a2cdb,a4BoCVPQB7Q,Chuck-U-Schumer has been driven crazy by Trump. I love it.,UCfX9b0EVGcBH4484epE4LUw,@utility-bill,2025-12-05T22:06:58Z,0.4557921189254719
7b6c328762f178b86a8c16132bf2021d,lrwHsZ_CrIs,AWESOME!  KEEP IT UP!!! STOPPING DRUG RUNNERS FROM REACHING THE UNITED STATES!!!!,UC6YrEr5sdbpTBGb7jBydQPg,@johnharper3987,2025-12-05T21:32:09Z,0.4557878194943789
a6127ecd2acbe1a62e9aff2056cd43bf,ce4lMhwVHSA,Anyone surprised by this?,UCmjIpGewm6Ky0CZ9W4PoNmw,@PomPom-ei3kl,2025-12-05T22:31:58Z,0.4557002422310633
1aa3288ffa362acd85361a2422f08b4f,a4BoCVPQB7Q,"Epstein who?? Whatever happened to that guy?? Benny, Tucker, Marjorie, Rand, Bannon, Mark Dice, anybody???",UC6ANfKz4qr3jTAV6Dbr_e5g,@DrewMAGA,2025-12-05T22:05:31Z,0.4556764766884291
d1e488d63a782ad08ffa76006abacef6,lrwHsZ_CrIs,THANK YOU TO THE UNITED STATES OF AMERICA MILITARY FOR KEEPING AMERICA 🇺🇸 SAFE ❤❤❤❤❤❤🎉🎉🎉🎉🎉🎉❤🎉❤🎉❤🎉❤🎉❤,UCe4hxuprNciIY9owFgw7beg,@christinemarie154,2025-12-05T19:40:41Z,0.4556708954979669
5cf45a770aa202bc76e78dd9b9c92e2f,a4BoCVPQB7Q,The economy will be booming around March 2026,UCXj_fzZpAWhJYo53I_uR4hA,@Trump_is_a_Meanie,2025-12-05T22:09:52Z,0.45525637420290116
b2cd39c3bf4e30087b20aa597429d1dc,a4BoCVPQB7Q,Donald J. Trump is President...NOT Chucko the Clown!,UC4Gn6sFAfXkorAMW65tqwdQ,@WhatYouTalkinBout,2025-12-05T22:09:52Z,0.45523182185098154
f0d9f90938a3b119c80ae2317eccb64d,ce4lMhwVHSA,Of course she does. She supported these programs and was part of their ads and media coverage.,UCnp6Guvc9AdjzOvFMD-jaaA,@jacksoncothren5831,2025-12-05T18:49:31Z,0.45510832937196827
6ac25dce9551764d2855aca2464ea0da,ce4lMhwVHSA,Shocking,UC9WuJcz3IaUxwAPMbOPWtbA,@larrywoods7507,2025-12-05T19:00:50Z,0.45458931116540047
a014e97bbc39c18ac88a04152ae5b53d,ce4lMhwVHSA,نمیخواهید پولمو بدهزد؟نابودتان میکنم و میراثتان را میخورم. کوسمشنگها همه دشمن من هستید. کونتون سخنگوتان هست. من اسم دارم. مثل ابو نظیر و مهسا و سپاه و ماسک کونده زن جنده,UCJYJKONhcWvnTosTGhGuZvQ,@MohammadRezaMikaeil,2025-12-05T21:44:26Z,0.45445393814268653
f7b9a9723ea816f4ead2c8c14529f1f3,ce4lMhwVHSA,Take them to jail!!!,UCzrbn1vdeY5NEPHewvG23mg,@kimbryant7877,2025-12-05T19:55:09Z,0.45445359033032273
d28da8b901b8d213767f04fa336d5a4c,ce4lMhwVHSA,Keep voting Democrat you can afford it!,UChl3R7kGKTe0EaWGxCIUzpQ,@ericcook7424,2025-12-05T18:42:19Z,0.4544116544753495
14c3e965362beff66fe0f19a8ac32cf1,NlkZ2-hntaw,There's science and then there is the new CDC advisory board on vaccines. Two very different things.,UC2pDnsnToCz9zN8gb6VCN8Q,@jacklyke7731,2025-12-05T18:05:03Z,0.45437357990347194
63b10532db3085dd99e944b37923ce82,ce4lMhwVHSA,"Duh, is anyone really surprised? What would surprise all of us is Walz or Omar being indicted and sent to jail, or at least fired from their jobs! Freaking Democrats are Teflon, nothing sticks and they are never accountable and the buck never stops with them, they pass on the blame!",UCEgyfKzHAak-cdl6euPiLJw,,2025-12-05T18:48:43Z,0.4541474774077088
4e2c71ad0e8267d4eb935ba3b93a3714,ce4lMhwVHSA,The Somalis - what a nightmare.,UCmNIbJGSk_QolFb8mMNHO4w,@dan-w1t9b,2025-12-05T19:46:16Z,0.45413981007845083
131b45e4ec279bcd06c1574a271de6c2,lrwHsZ_CrIs,Thank you President Trump. Thanks Pete. Keep sending them to the bottom.,UCJnvT34OBmc5C8M_jnqS_Pw,@frodobaggins1505,2025-12-05T22:44:53Z,0.4540791627978972
0f5015889b4536852165389a55e871ae,ce4lMhwVHSA,deport them all 😂😂,UCL1GO40gZwDwQcliwSeibpQ,@sleek-j7r,2025-12-05T20:10:43Z,0.4540604027969563
1dcf965d94b73d9ae93ff40600274726,NlkZ2-hntaw,What exactly does it backdrop them for,UCBqIsZYNBbDtyGoidQjh_PQ,@MillicentBullock,2025-12-05T21:23:46Z,0.4540431630818129
2284e81ac5e5ac0e13b89a5781c72e44,NlkZ2-hntaw,Gooooooood from Desantis.,UCFLrtI9PZkcMoWnk2onz5DQ,@franciscacharon9571,2025-12-05T21:22:50Z,0.4540232150774033
84e17a67adcc92ffcd11c71a790fa32d,lrwHsZ_CrIs,Dems what them drugs killing Americans so they can use it for propaganda campaigns😂,UCR7xw30xVQPwNQy93hOGI0g,@zenithproject817,2025-12-05T19:53:49Z,0.4539040898983512
d6846904076e84f5eca6787b1a78ba3b,lrwHsZ_CrIs,"Why do they keep calling them ""alledged""?",UCRpXRC30ayPKDRvr6wcGVjA,@bigoledave5718,2025-12-05T19:59:25Z,0.45389729337402906
a3ad1f735c8e1d6adebb221b0aaff830,lrwHsZ_CrIs,So no kickbacks from drug cartels to the democrats?,UCvuhQop73hpuGSi8YZBsKaA,@Bufordtorkelton,2025-12-05T22:59:12Z,0.4538095781249688
a637313cdcdd486dd0017fbd44000a87,lrwHsZ_CrIs,"Himes, they were not sailors or shipwrecked you idiot",UCcMsnyzps_2kn7Pi1y9dLtQ,@AngeloBlascovich,2025-12-05T21:55:41Z,0.45377925562287846
0d0e0b33f0805a03dd27b15c32bbef76,ce4lMhwVHSA,"Omar should be arrested and incarcerated. Until the billion Dollars is found , she has something to do with it , in reality she wants to be deported as she knows a lot about that money , these Somalis are a very devious people , all of them .",UCRON2GiN8iaT0zVbuoJiDsw,@HectorFano-le8tu,2025-12-05T20:35:30Z,0.4536350689363047
3af7cdd32f5ef3feb3c917d256fcaf7c,ce4lMhwVHSA,"This may account for Walz’s ability to travel to China regularly and remain there for extended durations. Anyone might do the same if the costs weren’t personally incurred. However, this is merely speculation until verified.",UCpEsws9488c4n_2n9R9h8iA,@LalaCorona3330-h5c,2025-12-05T19:33:23Z,0.4536115159510624
90e813e2791175e138e6a9d9aaf23566,lrwHsZ_CrIs,Keep striking!,UC5KN5WpGlsWNOeXW3_c7EWQ,@bbouchan1,2025-12-05T21:00:47Z,0.45359647472236764
0f150786ee80542b62c65e2d7d69fdf1,lrwHsZ_CrIs,The boat was flying through the water!!!!!,UCmL3KJSsj7_N1ZBajqYvzMA,@franklinhenry8568,2025-12-05T20:28:03Z,0.4534894385609577
16fd533dd4198f0bf386e9e747b562d0,lrwHsZ_CrIs,I voted for Tap Tap. Pete you gotta get those numbers up kid.,UCIdGUozFZ18JiYcJEziyIwg,@liberh8terzhuzxur974,2025-12-05T19:09:31Z,0.45327991677497653
99c0ddeda2ecf0f1019744b015392154,a4BoCVPQB7Q,"TRUMP IS F********G THIS COUNTRY UP IN BIG PROPORTIONS🧠🙄

Putin and Xi are laughting to this clown who didn't get it yet😂😂😂",UCV298b0dGtqTDCeOOo9fYaw,@Babayaga97111,2025-12-05T22:35:40Z,0.452622745240129
3a2f8dcb3c31e980bfa458c83d34aab0,a4BoCVPQB7Q,The fact that anyone is stilling believing what either one of them say is amazing😊,UCu1W2L-EUrE07wZYMh6D5oA,@stevenmurphy6737,2025-12-05T22:05:31Z,0.4526079439928272
22353196d967531084c07ef6e1840c67,ce4lMhwVHSA,☪️ancer,UCCJnf6Y0MUCuKdXodYLyd5w,@User3s556,2025-12-05T22:28:23Z,0.45258189388885706
9df752f6bfa712bc1613ab3a747ca421,a4BoCVPQB7Q,Ba ha ha! trump and his fake peace prize!,UCAG2KSvHOq3wM5UhUnOd9Hg,@danajohnson4480,2025-12-05T21:54:03Z,0.45250281584909724
9ae460ef14a446b6a5e5806a909d18eb,lrwHsZ_CrIs,Thank goodness for our Armed forces. Keep up the fantastic work💪💪💪👍👍👍👍,UCkKO1iXODdNJ6hqmGOtCe7Q,@Lindas33,2025-12-05T19:46:22Z,0.452426000118706
e8bb4064f35aacae630b234ba8a5110a,ce4lMhwVHSA,So no BALLS Walz and ILHAN came up with another scam. PAID family time off . I see this coming. How many SALAMIS are going to get paid family time off. To soak the TAX PAYERS out of more money .  I see the hand writing on the WALL.,UCFWCSQoI-CgJ0SC708kthCw,@fredrichallen3161,2025-12-05T18:47:06Z,0.4523081531211002
ba917f062b4b06d5480751c996db7be6,a4BoCVPQB7Q,Project 2026?,UCzjkMxm9IPPEvzwKZfMqTYg,@Foxtrotechogolfcharlie,2025-12-05T22:09:59Z,0.45226350601132603
2a7da800d5a0d03c9829fee5ccfd7db4,lrwHsZ_CrIs,It proves Democrats is drug users cutting their supply routes.,UCLLosUuM6DOcy3uohU5JkxQ,@MarkSun-i9p,2025-12-05T19:55:16Z,0.4521735469729401
ec8b419e0d7eac79118fe705124bf114,ce4lMhwVHSA,No one will get in trouble!!!! and it will continue!!!!!,UCOoAo5nq30850DPQmNqo1Fg,@kennyr7153,2025-12-05T19:45:34Z,0.45208487217784665
f7915f6e1bb511aff4d4ccd01f49d10d,lrwHsZ_CrIs,Democrats get upset when evil gets punished.,UCVvVB7_mdE9SNUwM-_C1MRg,@lucaspeddie3114,2025-12-05T21:30:40Z,0.45208119912458966
4a94a0909bc7cf51511a673c22b2951b,ce4lMhwVHSA,Jail these bastards they stole from the american people,UC50UCBhOFZJlDT6qemQg5Gg,@rustyshepard9659,2025-12-05T20:04:45Z,0.45192695885302975
e7df0ee6ac848c0403ac626596395c52,ce4lMhwVHSA,To think tampon could have been  vp...scary stuff,UCHLAmPbFPO62nKpTYHRu4JA,@Randall-d7z,2025-12-05T20:06:10Z,0.45190785289989144
4c4fd243eda51d26e2d2e57e9bba0237,a4BoCVPQB7Q,"SCHUMER IS A SELLOUT
HE DO NOT SPEAK FOR US👎",UCV298b0dGtqTDCeOOo9fYaw,@Babayaga97111,2025-12-05T21:49:49Z,0.45188016548282944
3318b48f7af5b36ee45ffa3437250e4f,a4BoCVPQB7Q,"Found a receipt where I bought a pack of smokes 6 months ago and now they're 3 dollars more -- a trip to Home Depot is full on grape-grape, $17 bucks for a few fasteners.",UC3h-hWTI7v0sib5QZedFWaQ,@supertech-h7e,2025-12-05T23:15:06Z,0.4518578140769138
c7bc519c03220ac1496e8a281e8997de,NlkZ2-hntaw,"Amen DeSantis.  But the property tax bracket should be adjusted when the property value gos up. When a prooerty valued at $500,000 at the tax rate of 1.2%. Then property value goes up to $1,000,000 the tax bracket remains the same 1.2%. That is the real killer. Set the tax rate based on the purchase value and anchor it at that rate. Property value fluctuates artificially,  based on market manipulations. Is the government foolish enough to sway and swag alongside the private manipulators? Unfortunately they do because it always works in the government favor,  because even if property value fluctuates, the tax bracket is not going to go any lower than the original property value was purchased.  Therefore,  in all cases the government is the winner. Property owners should revolt against government swindle. Not against ICE for deporting illegal immigrants and lowering the rent and real estate values,  because the illegal immigrants always cause inflations. They are causing 1000 times more damages to the people and the government,  than being beneficial for the farmers.  Let the farmers pay the proper salaries to the locals and employ the locals. It's a pathetic excuse that some idiots came up with for an excuse. Neither the farmers nor the manufacturers should hire intruders/trespassers.  

Most inherent American farmers are family operated. They keep it amongst themselves. They don't hire outsiders unless they need the extra help. Only democratic oriented srates hire those coyotes for slaves. In this case is it human rights protected or somehow overlooked by closed eyes? I would machine process those hypocritic human rights activists.  They are the ones who are violating every human right.",UCctGCJdbx9EgG2W_y7tGc1g,@Pure-Lucidity,2025-12-05T17:57:25Z,0.45178872503335765
de6d906674b5e52f0debcf007f0f71a0,ce4lMhwVHSA,Theses people know how to use the system's lots of us as seniors working so hard paying our taxes and get so much turnaround if we need help even we work hard,UCy5wtg21JOcL3IQX2rSTUww,@basiliasantiago7746,2025-12-05T19:37:25Z,0.45140692122470333
0527e545611a6e84fb6296b80b916aad,a4BoCVPQB7Q,@stuartconway6946 agree 100%,UC1K6jBYLly7LD1GvH31uJ9Q,@TheSmartWay888,2025-12-05T21:53:47Z,0.4513664191568182
6989c9ca4b6e7d9df28322d85628c768,NlkZ2-hntaw,President Trump is doing things every DAY !  Just yesterday he did a deal with the top car manufactures.  President Trump talks about the border daily and the proof is in the pudding  striking these drug boats .  I agree Governor s should be helping with the Economy.  They know their states needs.,UCYmdUzL6ZTUkkP2gP5Yj19g,@debratucker2031,2025-12-05T18:06:05Z,0.451023834437757
619e1d925f5ce0ad9049d534ad7c566b,ce4lMhwVHSA,They need to check Ilhan Omar's and her husband/maybe other brother bank account.,UCYvhHE9has6o8w8wlrOI8bA,@JohnJohnson-hl4fv,2025-12-05T19:20:54Z,0.45097641650581877
679b8787ce9d29dd2e8539fecfae6a12,ce4lMhwVHSA,"As a parent of a child on the spectrum working hard to make ends meet, this is infuriating.",UCqiY5-opFWhDz7hMr-MmhMg,@Ndnative3431,2025-12-05T22:03:01Z,0.4509612763502656
d089a61af262bbbb0d9d97136f601af6,ce4lMhwVHSA,Deport the entire 'Squad' to Mogadishu! Inshallah!,UC4EZAD7g3AiOelcsELEFUgw,@richarde3378,2025-12-05T19:02:09Z,0.45085327707111345
39d22a99ab1541a1180f73926eff48ea,NlkZ2-hntaw,that's how you lower rent too.,UCVnS0ycQ6nj5S0z0j_eWSWg,@ThomasPain2025,2025-12-05T17:26:18Z,0.45073026437419117
93955dcabfd7927e1f69a9200a8882d7,NlkZ2-hntaw,"I think Ron DeSantis is a great governor. I don't live in Fla. but watching him take care of Fla. as hurricanes are coming in and after, he really has his stuff together and a good staff working to handle the mess, before and after. Listening to him talk, you can tell he truly cares, if clear about what and why his is doing what he does and the BS level is very, very low. Great guy all the way around!!",UCPjIjx5aRJiCQ-7aDRFPYXA,@nancyseery2213,2025-12-05T17:26:18Z,0.45072985957132294
010c2dfd8819eb9a1967bf89ed883899,a4BoCVPQB7Q,"Yes I can grill a burger Ramon, because I don't let others like you influence me, 🖕",UCWH8owUOKJTv_sGNMzpmQow,@calvinwhite3807,2025-12-05T22:15:47Z,0.4504855297604371
9896a594dfd23f749bcc212be07f96cf,NlkZ2-hntaw,Decline bc of influx of migrants 😂,UC0-J6L-_a6nzGB1svT_1KfQ,@Not_YourNormalFriend,2025-12-05T19:07:16Z,0.4504594854933592
cfdb156d3ab8aa6535f4ebc11f2d6e6a,NlkZ2-hntaw,Sounds like we’ve got a few RINOs. Rand Paul in the Senate.,UC_sbS-l5cATdgMAJBpVdaPA,@jorgemontefusco650,2025-12-05T17:32:50Z,0.45045849510075797
60d1dc5c41bf9b5ea2aa54226e9d7f1c,NlkZ2-hntaw,I would love to have Ron Desantis here in California,UCecZUgcn_6lmmB8Mv-vgmag,@rkm5369,2025-12-05T17:32:50Z,0.4504582409460458
83d45dd35f46f5d53a2d34d224c82763,NlkZ2-hntaw,"Trump is a disaster for America. His tariffs have caused prices of everything to increase. His dithering has caused the Ukrainian war to continue. 
In January, EVERYONE loses their healthcare. Not a single thing is better since Trump became president",UCoYJQdrKWt6lO9tO1ZSbtAQ,@stuartconway6946,2025-12-05T17:28:00Z,0.4503646122524523
730deabf690cefeb8cf4b0a4708d2da9,NlkZ2-hntaw,100% supported,UCi4W1fiKNdrUlBWqIc3WMsQ,@Bobatea266,2025-12-05T17:28:00Z,0.45036400591278636
e02fa8221ebf57e7d0ce34afeac824ce,lrwHsZ_CrIs,Burn them all and make sure everything is destroyed.,UCk4ri7JzHbrbzdFBL2hnHtQ,@harleydude-xo8pu,2025-12-05T21:31:19Z,0.45033335290602716
468e28d2ef216bf918dd97771623bb2d,a4BoCVPQB7Q,🤣,UCB9-4aGQCJSwyGTRGXCl0_Q,@bigstick5278,2025-12-05T22:08:43Z,0.45007042432286903
c06556a6c66f006ecfa6edfba454cafb,lrwHsZ_CrIs,Only the democrats will shed tears because they keep looking for something to criticize! These would have killed so many youn people had been allowed to get to the US.,UCFbLUqv1XsGBV5vd5goZd6w,@Chorizo1217,2025-12-05T19:38:03Z,0.44996383588561395
84a17b813c08e13134238b145af737c9,lrwHsZ_CrIs,SHIP WRECKED SAILORS. REALLY YOU SICK FHUK REMOVE THIS D()()SCHE FROM OFFICE. TALK ABOUT SOMETHING MEANINGFUL PLEASE.,UCDnnNjkcr2yMmSW4QFgUp-g,@SigmaPolyMathHybridBrain,2025-12-05T21:30:41Z,0.4499144258298349
df55e3a739c58299193be877e9f9f051,a4BoCVPQB7Q,Hey Russia,UCAj3SG47d_QuT8w5VjL-0GA,@FREEDOM-x1b,2025-12-05T21:57:38Z,0.4497980790366627
ff08052368e4b62d4782a1a00ab40320,lrwHsZ_CrIs,Keep digging that hole Democrats keep digging you DUMBA$$E$ 🇺🇸👍👍,UCuII0Bsi_qgCAyQSzU54t6w,@Toby-pq7dr,2025-12-05T21:04:25Z,0.44960849443004824
f0c36f77ce1c7d2455b61eb2e10e7303,NlkZ2-hntaw,we live in a 1 story 1950's 1500 square foot ranch house in the suburbs of a large city in MO and pay $3000 in real estate taxes! it is insane!    we live in a nice quiet area but the taxes is insane.   and 3/4 of it goes to the school district!  CRAZY!! We havent had any kids go there since the early 2000s!   WTH???,UCHGMqjNT3e9Vf0NoQLIo6HQ,@nancygarrett0000,2025-12-05T19:48:54Z,0.44947819930483857
d4f35a76d172eca0a30709d432498067,lrwHsZ_CrIs,"If it takes two strikes to sink a drug boat I’m good with that. These drug runners are not innocent people. From what I understand two of the drug traffickers crawled back in the boat, got out their satellite phone to call for help and were trying to save their cargo.",UC5CbbAtWT00K3rRBFoD0vPQ,@RetGMTech,2025-12-05T19:30:14Z,0.4493868121110175
88d6caa65c276392111e92a9c91d18db,a4BoCVPQB7Q,"*Trump is so Proud of his Inaugural just Invented FIFA peace prize by the notoriously corrupt org. - what an insecure, little man*",UCAj3SG47d_QuT8w5VjL-0GA,@FREEDOM-x1b,2025-12-05T21:52:41Z,0.4493864218680613
a28250f8e45e3d3ec57bad53eb856958,NlkZ2-hntaw,"Would be incredible if this went through.
If FL's congress doesn't approve the prop, they're not getting reelected.",UCTy2su70TX08-h0PgsyetsA,@Fixer_101,2025-12-05T18:28:32Z,0.44930782615462117
9daff03fa35c3044a968a5a98d5ef4cf,lrwHsZ_CrIs,Keep it up.  One less load of drugs in America.,UCM8sb7S8H9v_z3TLy-oVPdg,@morgoth62,2025-12-05T21:31:25Z,0.44930372834404614
2409d6cf5e65d3c9a95f91fd8753cc29,ce4lMhwVHSA,CLEAN UP TIME!!!,UCZZkawg84_O40z0vUVYAUiw,@robertcolvin6602,2025-12-05T19:41:52Z,0.4492108069305072
b1bf2feedcd265a501b63d7ce5863ad2,a4BoCVPQB7Q,😂😂😂😂😂😂😂😂imbecile 😂😂😂😂😂😂😂😂😂😂😂,UC7GJBBaD3qWqjHT2YYLxhdA,@EricYoung-r7g,2025-12-05T21:59:18Z,0.4491166906190919
076b0110c941b7386b1e1f373dbe514e,a4BoCVPQB7Q,"They do, but it's indirect.",UCbLadsYPkZ7YXBnAoiAr0Ug,@MrEkzotic,2025-12-05T22:15:43Z,0.44910178339489465
681859bc59106670694b023679e7ed0f,a4BoCVPQB7Q,stop telling me things are getting better - NOT where I live - they are getting worse and NM just stopped paying Medicare help for seniors,UCGLpZfFKpSa7-hG8oYdylkA,@jdog9784,2025-12-05T21:52:42Z,0.44898101214126385
9d14145ee0694a499b2c1effefbb0ae7,lrwHsZ_CrIs,So some guy son a boat get bombed and the first thing they do is try and save the drugs? 😂😂😂,UCJa7u8qchf9par8HS9TQofQ,@MusicByDiverse,2025-12-05T19:57:39Z,0.44895540959621516
abd1286ffe9b7791e531a59aeb489368,lrwHsZ_CrIs,"I'm sorry for your loss sir, no father should ever have to bury their children.",UCWKPZ3_pBmCgqtL7bZUsxUA,@brettstiltner4143,2025-12-05T20:55:52Z,0.4487511876523256
2288b375b2ebe23e1e9368ac75a5d838,a4BoCVPQB7Q,AND SCHUMER KNOWS WHAT REGULAR PEOPLE GO THROUGH?  RICH JACKASS SCHUMER,UCV5saiNPvDIkOnGgcMdC4tg,@guwakzaiall7122,2025-12-05T23:04:19Z,0.4486031496506123
3112394b5547852b2ac1b4616932d14f,lrwHsZ_CrIs,"Keep pardoning real drug traffickers, and kiss putin on the lips Trump.",UCW4DTdvPpXsvvxZzD32UDgA,@ToddClarkson-q1i,2025-12-05T22:55:56Z,0.44858334928900534
4a56078d7e352fd1ffab63406b36b36e,a4BoCVPQB7Q,The pay today isn’t low !!  Compared tothecostof living!!,UC9bHnZhPsz7lELQdOlI8HUA,@bryanspayde5681,2025-12-05T22:57:39Z,0.44845359386398886
079ccd80c99c125f10121a370f302901,NlkZ2-hntaw,ABOLISH Property Tax,UCaCG9e83Z9LcLo-6ZngI0wg,@clinteast7476,2025-12-05T19:49:02Z,0.44842330527286495
6475788e5226f98cb22a1035991600b1,lrwHsZ_CrIs,Ohh it is just civilian olympic fishing team... lol,UC0kbGM3GWc9qgUgk9f271Xg,@calverley79,2025-12-05T21:42:58Z,0.4482928269563404
9501c1acc6f5e8e427ce7c2e76ab5150,lrwHsZ_CrIs,The devil is the head of the Democratic Party,UCgEnzBobrxXhG8ovfNPFjCA,@jodyjones7475,2025-12-05T22:23:49Z,0.4482920743215289
5c48c60252e49e70910d5583a39ca8eb,lrwHsZ_CrIs,"Just think if Kamala was President, she would be helping the drug cartels unloading those drug boats at US ports.",UCIiSNSUseFm7SN99n7zw_9w,@Radar-SeesAll,2025-12-05T20:12:32Z,0.4482793863754043
24e5171186427249c8d8273af7742d1d,ce4lMhwVHSA,Tampon Timpax weirdo Walz is the embodiment and epitome on an OXYMORON!,UCYqMjj0iV_DouX_pmwr61Kg,@ALuDoy,2025-12-05T19:20:57Z,0.44816802239229525
0334626baacf84eccd6e0cb03cbd24ce,a4BoCVPQB7Q,I stopped caring about what he has to say a long time ago.,UC3QP_ZDjHLjj_jxsTOR_d7A,@FlintG,2025-12-05T21:59:58Z,0.448043354890419
eb64e3bbed091f583b8deaefda8a6200,lrwHsZ_CrIs,Go Navy ! Keeping America safe !,UCfPEjrdt_jYO-7YBKAgd5dg,@RayDipietro,2025-12-05T19:40:39Z,0.4480351975207797
b8c64c23ad3e288b49e669430701e0f9,a4BoCVPQB7Q,Uneducated I presume.,UC1K6jBYLly7LD1GvH31uJ9Q,@TheSmartWay888,2025-12-05T21:54:54Z,0.44801203083045804
f41ec094cd0835a0a0177f4a100bb253,lrwHsZ_CrIs,I'm amazed they can find people stupid enough to get in the boats.,UCgysRixsIolSXa0ewhjGQRQ,@simplesimon5739,2025-12-05T19:30:11Z,0.4478194077954813
53a48dc69b1d2fd468cb1b2e08ed28b9,ce4lMhwVHSA,No trust in this government if NO ONE is held responsible.....so tired of the differences Democrats wouldn't blink twice to take someone to jail....,UCsr67mvfS7FLzDUl_cNDj1Q,@jeannebqc4756,2025-12-05T21:42:38Z,0.4477374407207817
31daf3f4ec239dc168803bb6d57867fc,lrwHsZ_CrIs,Dems mad their funding is blowing up,UCqQ9lmqABieqvtvSwQ3P01g,@jeffzuccarell9420,2025-12-05T22:14:18Z,0.4476493993507477
bfb09dceae89eed804edd6fb9182f406,lrwHsZ_CrIs,There were no drugs on board,UCdPg0BIp1zlrG6ufZEsPRlw,@GourmetBleu,2025-12-05T23:13:54Z,0.4474130016961459
aadc74f58974baf2de5a31a0e72dd57a,a4BoCVPQB7Q,Trump !!,UC7ZtZnW20Ksj-Op2vAafwAA,@suziepickett7313,2025-12-05T21:56:59Z,0.4473354504915228
e161b0c491cf9ef138a90a7fd7c52549,ce4lMhwVHSA,Walz has to go. Not good for Minnesota,UCqzeJcNs9xUaq1RGmDQXy_g,@jilljohnson3058,2025-12-05T19:05:05Z,0.44728075059242467
a455b26cf5ce7ee4d2f1b701a28c0d6f,ce4lMhwVHSA,Now we know how Ilhan Omar became a millionaire !,UC71ueILZddLK5LE_qEqCV1Q,@ronniegraves7050,2025-12-05T19:16:42Z,0.44711593738312216
dc2374062156eeb467fb974461c10ca2,ce4lMhwVHSA,Tippy toes Tim should be held accountable just the same as Omar and all the rest on the list..there is no way they did not know it was going on.,UCrEo9ExR6Qg9SlkTyjjbRxQ,@pepper1958,2025-12-05T19:01:06Z,0.4470095668230927
94f1636969966853518694d3cb815993,NlkZ2-hntaw,"Property taxes can be REPLACED and not hurt anyone. Yes. It is an unrealized gain yet taxed on that. 

Yes   As a visitor it is fine to pay even 10 cents increase in sales tax in order to replace property taxes and totally eliminate them.",UCC-oAdFbDaHEeoj784_G0CQ,@PhilTrager,2025-12-05T19:48:56Z,0.4470035386430082
116a6d8389f93f7fef61b7f7eaba1fce,lrwHsZ_CrIs,AMERICA!!! 🇺🇸,UCnyvnhRckBe-cre95P-BCgg,@piratehipster412,2025-12-05T20:59:49Z,0.4469280925273874
6e3ecf71269a6361d58250e7e23102f2,ce4lMhwVHSA,Biden...Worst president in US history!!!!!,UCqi4CEBWkYRRKjKtV8HbmZQ,@nitroidhawaii6198,2025-12-05T19:16:46Z,0.44686346570605173
7d982c008c7b2a6758be9f0ce086a2fc,NlkZ2-hntaw,Wish DeSantis would come to California.,UCZ_V8XcGJySMuYpDV6lLisg,@Pugs-4-me,2025-12-05T18:49:26Z,0.4467317575244046
301583e5c74653379582d61623cd4e36,NlkZ2-hntaw,Ron DeSantis is awesomely smart!,UCkCKfmuzb5MphmUdVk1Pw7A,@kimberlywoods4177,2025-12-05T18:04:18Z,0.44668334628938156
126febc07dbf48b2f629d4ad112e20fe,lrwHsZ_CrIs,"A mere 10 months, GARGANTUAN U.S. leadershi….2028 🇺🇸",UC2_7WiVUh65Eo2q2FinGv3Q,@peggyelchert8340,2025-12-05T19:41:13Z,0.4465113719028244
29f7121a139a7c4422d5ec330c3f1e7d,NlkZ2-hntaw,Trader,UCgb5QJonNsWRSl264fVGMLg,@TheMrD661,2025-12-05T19:57:01Z,0.446499620575194
757128c361c81114badfa9be294cc56e,ce4lMhwVHSA,"scumbags, they are subhumans...get rid of them...all of them",UC4C76Nr9CJWxk2jAi5RZY_A,@slacksabbath-t4u,2025-12-05T20:46:15Z,0.4464231674473496
bc26f0c4ab193c7340f8285183d4fc0c,NlkZ2-hntaw,Snowbirds are fleeing FL which is going to leave that funding pot he just talked about empty.  Ron is such a low IQ clown.,UCqtJEJ8roQwC1Jr-G-yqLAg,@nhlpa17,2025-12-05T19:30:40Z,0.44637322694252185
d07d4539aa4f5ba45f65fe53c3eb56e7,NlkZ2-hntaw,"1975, Average middle-income $15500, Average 3 bedroom home, $16500, Today, $650000 income,, 3 bedroom home $480000!!!!!!!¡?????THIS IS WRONG!!!! To the American people!!!!!!!",UCg7CiXEothZm35NJWLKGb8g,@lynchmobfc,2025-12-05T17:58:25Z,0.4463642127938236
d697415e30b10cd035b8751ca04e4c03,lrwHsZ_CrIs,"Democrat Communists are sticking with their Boat Strike story because they created the Boat Strike story -------------- they make crap up all the time

The Communist Party wants Trump removed and getting rid of Pete Hegseth is the first step",UCAmMfDSFgTLcXjotPHIPFWw,@Mannequinwizard-cx6vw,2025-12-05T23:02:31Z,0.4462498448469825
e33a24d2abd30c3675dcd1321ec68b5d,lrwHsZ_CrIs,Their mad cause they're running out of COCAIN,UC8q92gtzMpQuNhGSAXHPM5A,@gymcghee8584,2025-12-05T20:58:22Z,0.44615377874328077
34f1cca27ca3b8d34490896c741b69ae,ce4lMhwVHSA,Fox is full of bigots.  Just hateful.,UChpMzZNg0cLmC21UTkkf2wQ,@barbarafaulder9087,2025-12-05T20:51:34Z,0.44612553026621105
4e2e82d422e468153b230859354724e2,ce4lMhwVHSA,When is the left going to wake up tp corrupt politicians they elected?,UCMQo-WvsnEeqmyUJ9Di5f3w,@lawrencejames2923,2025-12-05T23:08:05Z,0.44610832877115386
024cd7179da32b6a6ba73f1acea713a8,NlkZ2-hntaw,Desantis makin a lotta sense here!!!,UC_EDbavkx5PqmV6BSdggpAA,@AlternateUniverse,2025-12-05T17:49:23Z,0.4460692913063629
5f28cc7fb8d79506840f8a7a68eaa97e,ce4lMhwVHSA,"Let me guess... Omar make's $170,000 per year..... How much is she worth now????",UC5slkaJaIpDwSoUzsrNAUiA,@beans-n-bacon4016,2025-12-05T21:31:20Z,0.4458970669501662
4284cc2e14ef1d518698c74ce5d8d7ea,lrwHsZ_CrIs,Not aledged. Keep up the good work.,UCpp_u6LqqvvTt13cdotRKbA,@Joeowensoutdoors,2025-12-05T20:52:35Z,0.445846613788929
577dbd657eb6a9fdb48cd51ab9abceed,ce4lMhwVHSA,"America, Minnesota can longer continue as it is. Too many Americans are suffering, will suffer for a very long time.",UCnqZlAZ4vgqIqP1VPubobiw,@blusheen378,2025-12-05T23:07:27Z,0.44582721392218105
894ad45096135883c14853313129802d,a4BoCVPQB7Q,"We need a new party because the Democrats and liberals are so corrupt, and the GOP is only focused on making themselves richer without caring about the people.",UCL_HmsXqD0Bjj-41MQaP1qw,@notsaying-mn2kz,2025-12-05T22:17:05Z,0.445775955569055
8293ebe1d812ccf34a953d6e48ce34c0,ce4lMhwVHSA,"So many allegations, frauds and convictions and trump is still free. Still waiting for him to make a statement about his collaboration and friendship with Jeffrey Epstein I'm just asking imo.",UCqhg66B2aunrYKVVUtFiepQ,@dannylucas8992,2025-12-05T19:15:00Z,0.445773163566186
0c4e3699e6bc05bca741aaa601b93548,NlkZ2-hntaw,DeSantis is not scared of loosing votes! Democrats are affraid of republicans winning anything!,UCfkyQvjuHffEhl91D9AflOA,@JasonBailey-n4n,2025-12-05T17:36:35Z,0.445620842572062
31030e53a329a6b03d358a6fedb33f5d,NlkZ2-hntaw,Love Desantis,UCKWvJVyGRnU5fEI9v_SQIjg,@AmericanAussie1776,2025-12-05T17:36:34Z,0.44561714708056166
4534c14a3109478f18245674839e755b,ce4lMhwVHSA,If billions was frauded best believe we’re getting 20 billion back. Mf Somalia and Africa in general,UCSVGtc03LKmI5jCHAoH9_ow,@calvinbroad8618,2025-12-05T18:57:30Z,0.4455308758864958
dd6f1c24556b1042f56af3c7f8de927d,ce4lMhwVHSA,If he is re-elected again..then residents deserve what he has done..all those paid taxes ..their money stolen and benefits given to people who did not pay and kick backs to people in government..ie..The Governor..Tim Waltz!! jmo,UC9AFKKqhXgZYR_o0YXY40dA,@laquataland2344,2025-12-05T22:46:55Z,0.4455274678398814
182c44a1ea2fce441506030322df8ba6,NlkZ2-hntaw,He is so common sense smart it breaks peoples brains,UCkXMOnBveMOwmnhd_gt3uxw,@geewhizinfo,2025-12-05T17:32:34Z,0.44546563192904653
c8ec6f542c4e3f0b4119876d9c705809,NlkZ2-hntaw,"Lov an prayers gov desantis,loc an load fire away.merry christmas to u an family,,an our neighbors in fla.ga.gal.❤",UCc6sqS21OR6_g5Beb-nBGGg,@MaryRaptis,2025-12-05T17:32:33Z,0.445460088691796
36b1ee16ba3d2e10f4c7bdea5727421f,ce4lMhwVHSA,If he stays in power it’s because there’s more immigrants voting than Minnesota citizens.,UCY97jS0f8gQSMRIet1c9t6g,@LVdoneright,2025-12-05T19:05:38Z,0.4454189950115035
1e13ea159d8e5ba3206e6ec87cc0ccda,NlkZ2-hntaw,"I think it’s pretty simple for those who own multiple properties. Your primary residence should be property tax free. That’s it. Because everything else is excess. If you wanna have that extra luxury lifestyle you need to pay for it. Still a bit extreme, but at least primary residence",UCagEVczGkolXhFnUe4oC1Sg,@shadowscreamer1,2025-12-05T17:39:56Z,0.4453898743532889
01f607049f55c72b98d3784daa1355c1,NlkZ2-hntaw,,UCfjW2aG07v3hy0MdbrpnAag,@adamplona9438,2025-12-05T17:39:55Z,0.44538802660753873
1e67eb8da46ea3c834526f7ed33d471b,lrwHsZ_CrIs,TAKE DOWN ALL DRUG TRAFFICKERS PLEASE. DEMOCRATS WASTE TAX DOLLARS.,UCGXLpxq8sie7uWAk5Mei3sw,@un-limited7009,2025-12-05T21:52:29Z,0.44532202176029495
2b606360d43d03e05d405d071cfdb56f,NlkZ2-hntaw,We've had a few good governors here in Florida. I've been in Florida for over 40 years but Ron is twine hard to help us senior citizens with this property tax deal,UCxMWOr4LtsHJbCm_fSWJbrQ,@sandrasteady5374,2025-12-05T18:23:51Z,0.44526622296173046
69acdfb55a90a0d11f1c70e1645c71fe,a4BoCVPQB7Q,"Sewer rats gave us this high inflation, Trump will fix it",UC7ZtZnW20Ksj-Op2vAafwAA,@suziepickett7313,2025-12-05T21:57:32Z,0.4452442698187546
235f2d6eb6873aba736381bc7cd64970,NlkZ2-hntaw,Property taxes are the state's way of shaking us down for more money. It's no different than the mafia.,UCLE7aTdA-uPip4NIgjBzOCQ,@julieslate5995,2025-12-05T17:25:21Z,0.44524390243902434
cf78f934290f8ad8c13a2216cf630555,lrwHsZ_CrIs,"Remove any doubt, use bigger bombs!",UCJSBPU9bzShM1Vs5WC3kbRg,@mini30coupe,2025-12-05T19:55:28Z,0.44524066859613254
46dc6f0eb28f9776b71bee4587f1df99,NlkZ2-hntaw,"TEXAS PROUD TEXAS STRONG                   
🟦⭐️⬜️⬜️🇺🇸
🟦🟦🟥🟥 Hey Abbott are you listening to this great governor wake up and lead like we voted you in to do",UCWBf6AHwRD752Hi6B8_vF_A,@ORTHO-GLUCHENSNABLE,2025-12-05T17:25:20Z,0.4452346637102734
5daba7c901aed9640ac015ada0108ceb,NlkZ2-hntaw,PLEASE SOMEONE HELP US CALIFORNIA'S WITH PROPERTY TAXES. newsome won't help us.,UCf3hlMIULvxgAJKB1Axm40A,@pattyespinoza8902,2025-12-05T21:21:31Z,0.4449031973392927
16c7285032bbd23a9377e0f933019ceb,lrwHsZ_CrIs,Who cares about the Dems.  Blow those boats out of the water.,UCNvnqx3Fr4XDgszqXosLYKA,@Zona-dw9rp,2025-12-05T21:31:53Z,0.44470883502211295
2bfb1428c09963203c8d0dd504f8a2a4,NlkZ2-hntaw,California is ripping us off.,UCPinhXHdLvvpKSc-IYyuvnQ,@larrynone6354,2025-12-05T18:04:40Z,0.444691604660259
15ffd8da0cd723bd72d12eeb5820bfec,ce4lMhwVHSA,Are they auditing all their financial records?  Walz was told about this in 2016.   Walz did nothing.  Someone needs to go to jail and Ilam needs to be deported.,UCHKjNP0GCtP-7x1TeEwhpAw,@juliaharbeck774,2025-12-05T20:45:55Z,0.44460754032468325
3cec5f6698638e018f4d02aa1727a593,ce4lMhwVHSA,Arrest them now.,UC_nY7qvBlF3yWmSr81w19OA,@maxfulmer3193,2025-12-05T18:59:27Z,0.444511567774008
e333badcb47efae607e17891a674c365,ce4lMhwVHSA,PRESIDENT TRUMP SHOULD ROUND THEM ALL UP AND PUT THEM IN PRISON.,UChV5GLWpaNDr501QNg3Tzuw,@dannymark5894,2025-12-05T22:40:35Z,0.44442439956099644
21265bee19f80e6d5f538ec177e746ed,lrwHsZ_CrIs,Blow them all sky high! Keep it it!!,UCmJ_TuxReEkprZcvONBa3qA,@michaelfrank4557,2025-12-05T21:40:19Z,0.44428889065821797
280ada05e26e39faef08e42dc0daddb2,lrwHsZ_CrIs,"Fentanyl kills thousands of Americans, but a democratic shill wants the drug cartel putting them  in our children’s hands, he wants them safe. . Democrats serve Satan …make no mistake.",UCPx6COWolwf1jspDWJGFo8g,@miamitreasurehunter,2025-12-05T20:14:17Z,0.44427534469117724
7bd3dd39e6e3ed08cb078a09d8c31d4a,lrwHsZ_CrIs,I really don't understand why the Dems would think it is a good idea to oppose this. Nobody without TDS could possibly not think this is long overdue and it is about time the US is finally taking meaningful action.,UC5wl0j0drX7B-UL31HF7ODw,@chrisjordan5209,2025-12-05T20:37:32Z,0.44424870726066945
ec1ae9ba7839030e99b7391452c515fa,ce4lMhwVHSA,Hey let's go pick on poor disabled citizens and children who need S.N.A.P. Benefits again and just forget about all this Somalia business.,UC6X1U8ASpiieZGX7kCmIlXQ,@jamescook4881,2025-12-05T19:36:00Z,0.4441166673169108
36e09866493d194060d9ddeeab2a8751,ce4lMhwVHSA,I think Walz is going to run (as in leave the country). Someone doesn't steal this much money only to be put in jail.,UCTbPT3tlfHqkX66wPGJubHQ,@Mav1Gator,2025-12-05T19:43:11Z,0.4440717705821807
da87e29f2945a3dd66c3dc2a2f72004e,NlkZ2-hntaw,Thank you Governor DeSantis,UCTmhfUpe5jeVXHaMsRAZGeA,@gregbruns9868,2025-12-05T18:26:25Z,0.4440404531217779
9a6f36597ea860e4f4047b2fa74a8e41,ce4lMhwVHSA,Let’s see the evidence fox ‘news’.   😊,UChpMzZNg0cLmC21UTkkf2wQ,@barbarafaulder9087,2025-12-05T23:18:47Z,0.44397541223625814
28cbddd1cbb49587e5ea02366fdc413f,ce4lMhwVHSA,Send fake-citizenship-application-always-complaining Omar back to Somalia!!,UCoT-JcS0KCseMz0rTbqJgCQ,@MR-sq8ez,2025-12-05T20:22:17Z,0.4439650112864968
99acbff07f2dcabb675c1019e3f47289,a4BoCVPQB7Q,TRUMP HAS HEGSETH LITERALLY KHILLING PEOPLE IN ORDER TO DISTRACT FROM THE EPSTEIN FILES,UCbX6uVwOpeaRdk-EXKPNwqQ,@TheirLiesAreObvious,2025-12-05T23:19:29Z,0.44393659929895857
8fafe3771b4b13fbb3f1eaac37e63981,NlkZ2-hntaw,just because you own a home doesnt mean your rich.,UCeuhSp9SJEaRhJA2zl9steQ,@falls2488,2025-12-05T17:57:20Z,0.4437352691697013
a7af02b56a195b737de4804e92b2b028,lrwHsZ_CrIs,Are the democrats making money on drugs coming into the country. Sure sounds like it.,UC3AfbkYR4IQOqYFqbMB54xA,@meFatuations,2025-12-05T21:22:38Z,0.4437217345194105
108b01999a6b602a45fedd4db5d1c95f,a4BoCVPQB7Q,"Before there was Epstein there was Craig Spence in the 1980s running the same kind of ring, ignored by the media, got arrested, and died of a mysterious 'suicide.'",UCrod9DLIVXGHeIcq63B-OVQ,@eddiemarten3381,2025-12-05T22:45:29Z,0.4436778002735217
6b5caacf2ae12bf2b1d23b045f790673,a4BoCVPQB7Q,God bless Donald Trump and his administration God Bless the USA..... Democrats haha,UCXo-YD14T2P1vVYMThjG_4A,@ronniedotson-i8y,2025-12-05T22:40:28Z,0.44349190687103734
78807ce51a960984cbb9489707de9001,lrwHsZ_CrIs,😃,UCNjz7OJl74xxxeXtVBog_Wg,@DS111-b8b,2025-12-05T21:19:21Z,0.4434576319141177
d3e032c9ff55ee7743a022401a24a9f5,a4BoCVPQB7Q,trump can't even pronoun the word grocery,UCaFX2-ecM9CzDQQ5Hmjymeg,@Buxtonnes,2025-12-05T22:46:44Z,0.4434207483667501
e196401bda1a246baa0ec7a4f357e8dc,NlkZ2-hntaw,You better watch your wallet.Did I still ten million dollars from the government,UCEPL4pWoZ7oxPLB2gipTGYA,@darrellwalls3581,2025-12-05T18:20:04Z,0.44326409627632923
154af1569fd84d1c83f12ff12f9be675,lrwHsZ_CrIs,We finally have a president who is a true leader.,UCbOFTddZ9eK2GlgeROmqnvw,@trevormcmanis,2025-12-05T19:58:01Z,0.4431130236408953
bee230911389595e3c7c74edab2f97b2,NlkZ2-hntaw,Love Desantis❤,UC6SYoBRjhbzwL6BvSlUlyIg,@serenadevon,2025-12-05T21:10:46Z,0.4430627235669904
6312f7ad4df542a1adc24e5a8ecadeb2,ce4lMhwVHSA,Omar needs to go back to her own country asap.,UCH_EaBP2UHavgerCtApkftQ,@johntatum1951,2025-12-05T20:51:16Z,0.4430086710505374
85dcd5df23fc4b03d584dedd4bdf8910,ce4lMhwVHSA,"Mmmmmm, how nobody goes jail is a mystery.",UCfJTbBQFdmmOhRSfPcyWqbA,@michaeloneill6524,2025-12-05T22:48:47Z,0.4429388836695962
3fc98f14d79a5448dae5cbd4ea3400ba,ce4lMhwVHSA,"UNITED STATES OF SOMALIA These people are here to do what they’re doing! Of course, nothing will EVER be done about it.",UCvTcP7weib7Lv3Ck_HVYBhQ,@bobscott6991,2025-12-05T20:25:32Z,0.4427505148427927
385a3fe322ae234d7000dc4548e13168,a4BoCVPQB7Q,The USA needs Jesus Christ! He's literally God in human flesh and he died for all your sins on the cross and rose from the dead so that salvation would be a FREE GIFT that he completely paid for. Trust in Christ alone as your savior and be forever saved from Hell.,UCm3tNGwZGnD4--7KFiZlFcg,@Josh-k1o4d,2025-12-05T21:47:10Z,0.44243557382237786
c4e215fc4dd83e254a41a43b19ee1c47,lrwHsZ_CrIs,"It is not DEMS raging, it is America. This is NOT who we are. 🇺🇸",UCGGefblb_5ZEObps4mbozWg,@TTOCSSMITH,2025-12-05T20:43:02Z,0.44242071601110367
78965e96119c65217e36d89765bd53a8,lrwHsZ_CrIs,"Democrats don't want the cost of their cocaine to go up, and these boat strikes threaten that it will. Huter is blackmailing people into complaining.",UCFBS70KFhPJ-Lt7ABEKJZPQ,@VulcanAvenger,2025-12-05T21:05:30Z,0.44238185383678696
ae57ba332c3dc532ad79858d3dd46fe9,a4BoCVPQB7Q,"No wonder you people are so hated, can't end well for you",UCqSvx2bOTu2JhI6D4BmkZtQ,@Todd-nd5cl,2025-12-05T22:05:04Z,0.44231002264462516
45e53845a9162a1dcfd156753d607500,NlkZ2-hntaw,"What a frigging moron.  Does he not realize that if he taxes out of state visitors.  Guess what idiot, we are not coming anymore.  How does that help your state.",UCdw9D0pYCLz1rgbxSH63Cog,@dantremblay3180,2025-12-05T19:04:08Z,0.4422985756578771
090228167403b1dfea2b4cff99d13009,ce4lMhwVHSA,"Waldo the clown needs to go to jail, buffoonery at its finest. Tampon Timmy needs to GO now, what a loser",UCzuIUA93o-Ji424lLtPLRQA,@duhver-citymusic167,2025-12-05T20:14:07Z,0.4422667834672471
16cc490e7ac68ba27593fcb51d47effe,lrwHsZ_CrIs,I am farmer.....to make a living I have to deal in reality or I will go out of buisness....How anyone with any critical thinking can support this grifter is beyond me. This billionaire has never worked a day in his lousy life.....following this fool will end us,UCwtj9v55QB2TRLt2K4Xo-_A,@andrewstolz3253,2025-12-05T23:02:34Z,0.44218988003611104
154ed8931f770f84ec2602349fdbb82c,ce4lMhwVHSA,Y ese hombre weria ser vise presidente cuanto iva adestruir el pais,UCO4lzsIZerqVySpntnyCliQ,@kilitoskilitos5176,2025-12-05T20:53:36Z,0.4421793931821562
66bd58907979e06b60815b8514331b37,lrwHsZ_CrIs,They got they're own room in the back of the bus,UC8q92gtzMpQuNhGSAXHPM5A,@gymcghee8584,2025-12-05T20:59:46Z,0.44212735330560243
8de758b29f3b12136fac58ad38a38db4,lrwHsZ_CrIs,"FIRE HEGSETH- THE ARROGANT, BLOOD THIRSTY WAR CRIMINAL.",UC2sUHj1vtMFacADEfdwFIWg,@alexjackson4558,2025-12-05T20:10:42Z,0.44212728686358943
87c83c690859699aca646a52081f799d,lrwHsZ_CrIs,"Who was it that said he loves the uneducated?  Oh, that was Trump.",UCQ4on3x7s8s_Of10znbJtkg,@enoughyoutube9723,2025-12-05T21:42:56Z,0.441986127319934
b54f1b1f18e504039e99dc67c16d7366,ce4lMhwVHSA,Rid the country of foreign thieves,UCqtOKKwYZSqqs8OARaPfTzQ,@Buck_Thenar,2025-12-05T19:37:25Z,0.4419849649679926
5f07d068b25b1c22013020b93e8ea50c,lrwHsZ_CrIs,trumpf just pardoned a guy convicted of bringing in 400 TONS of cocaine into this country.,UCcD_8x_nZWrAUNJjNtKhZiA,@BigAl455,2025-12-05T22:59:07Z,0.4419723753407985
7847ab95c72a2d4ce33ae5fd71db0140,a4BoCVPQB7Q,Probably following a young girl.,UCKey20totl_t6Oiu0RZ1YFQ,@jonathanbranin9312,2025-12-05T22:57:45Z,0.4419266016478931
1511b513d1e61c8ee82ed34a9a40c6e9,lrwHsZ_CrIs,"Cool , makes great target practice.",UC6qznUI2_zcofgtoSsL6T5g,@mikediotte3220,2025-12-05T22:03:50Z,0.44184835924751853
3b3509579aef6997cac8bf2128972ef3,lrwHsZ_CrIs,just here for the lies and hypocrisy.,UC_G-2z0nn8dqecpVT-zF13g,@jaykay5580,2025-12-05T21:50:25Z,0.44169937688922156
f815df66afac2ac4037400bca25cbe5f,lrwHsZ_CrIs,"Don't stop. The Dems need those drugs, that's why they are furious.",UCDa0GQQyWwndhnx7zL4sr0w,@JDP91SIX,2025-12-05T20:36:28Z,0.4416004735801766
44d248c4740b906c9bc69717611f3a42,ce4lMhwVHSA,Shocking.,UCpH0qppw6ZdnQv2KEHgPmQw,@shenaniganfarm1440,2025-12-05T19:15:43Z,0.44155199014178625
52cb4f40710308cb66bf0ea0cc6e34e4,a4BoCVPQB7Q,Trump best president ever thanks for no tax on overtime its awesome !!!,UCjZSr26T86eJwOOnmKQCkXQ,@dikjones-tb2xy,2025-12-05T22:08:13Z,0.441525081255224
b228a38335b2e91476ea56bcb36134c8,NlkZ2-hntaw,I wish DeSantis ran California,UCxkF8zgpuj8QpDit5XYgX-A,@ThePrincemgomez,2025-12-05T19:47:40Z,0.4415233117204556
02c22b803b4ca075537952e024506e30,NlkZ2-hntaw,@Not_YourNormalFriendpraise the Lord! May Gods bless you and keep you safe dear friend…. But Trump did ruin the Republican Party.,UCunC-Vz-EbOihsEb1Yf0jxA,@Andy28-i7y,2025-12-05T19:20:52Z,0.4415097520717537
67252e4e5bf9b9d82fc98cfe009083b0,lrwHsZ_CrIs,🔴🇺🇸🇺🇸🇺🇸🙏,UC_PebcHVPtongdf6w5tQ4rw,@BERDOO,2025-12-05T21:55:51Z,0.44140687346239177
f595ee5975ef04c1179e7b9fbfbb794c,ce4lMhwVHSA,"I'm tired of hearing all the hype, get that trash out of the country already",UCC__IUP4Oqi86Eepd27tS_Q,@Truth12360,2025-12-05T22:26:02Z,0.44139782609887324
bf16e4ea817edeb412a7af8fca185530,NlkZ2-hntaw,"5:06 she looks like the  girlfriend of ROSS on the episode of friends, but he went to her house and it was ugly, cluttery, and nasty. She didn’t clean up. She didn’t do anything.🤣🤣🤣🥳 don’t believe me go look at that episode of friends. It’s called the one with the nasty girlfriend.",UCr8RVRakB_BVR2LTSUOkiqQ,@tiffanycurtis4794,2025-12-05T18:19:51Z,0.4413809536078343
7b0d2dc096802c006cc6f0648861388e,lrwHsZ_CrIs,Democrats are losing money with cartels by stopping drugs why else would they try so hard to stop us from protecting our country,UCHWn1ObdEXTuOkPzQjHpuwQ,@CaryMyner,2025-12-05T22:48:27Z,0.44137709058998986
cad8b552b0c9055c96b4f9c54d88ab4e,NlkZ2-hntaw,America's Governor and hopefully in the near future America's President. I'm from the south but not Florida but I love this man's policies,UCOF9dshUr7bbpE3JcEZRWrg,@TheOriginalMrBreeze,2025-12-05T19:38:05Z,0.441362687233842
a062599e54ec6f7a10828b678b5ef2f3,ce4lMhwVHSA,Walz didn't stuff the money in his own pocket like Donnie has with his 6 billion dollar crypto currency scam.,UCicTgzKgO-JX4J3g9AGoMjg,@susanl4198,2025-12-05T20:06:08Z,0.44129895816322207
625f990ad01f8fdf3172484528941d05,a4BoCVPQB7Q,On a bunch of f****** lies... Inflation was at 3% just like it is now. And Trump is actively destroying the economy with the tariffs.,UCErBM75YVQGaSrgnL28snFQ,@tdstrtodd,2025-12-05T22:21:40Z,0.44120394066022905
93e03859c66549b7a2cdeae076118035,lrwHsZ_CrIs,Thank you Trump for making are county Safer! 🇺🇸,UC23011S1m6o3U_OT3J0MkyA,@SDGT-xz7pz,2025-12-05T19:58:16Z,0.4411813277367503
7645d89e488dcb80a98e078fdc1859ee,a4BoCVPQB7Q,Hope he still eats them like that!😅,UCBOLFOmRtkeoCVyBn_UXyDQ,@jeffupton8898,2025-12-05T22:06:39Z,0.44101736102982714
b8582d293abcd7e782b622208867ba8b,ce4lMhwVHSA,2A❤️🇺🇸❤️ Stop voting for DemocRATS !,UClhOBPVGDVZNCNlO7FHjUcA,@nathancoohon5690,2025-12-05T19:47:42Z,0.44100916368918497
e293ca5b7088ddc73c35740072a92974,a4BoCVPQB7Q,Dump meaning Biden yes.,UCue0R8vNxzLKt4SyXSXX95A,@batterymetallica1,2025-12-05T21:54:04Z,0.44100687276080697
8560a9c8c82fd75fda2be36ad0a96e12,a4BoCVPQB7Q,They both should have retired years ago.  Trump and Schumer,UCu1W2L-EUrE07wZYMh6D5oA,@stevenmurphy6737,2025-12-05T22:04:59Z,0.44091533551873974
dfe1bef6ac8eaf62f3c9f38fe7c88e57,a4BoCVPQB7Q,Did one of your viewers get brainwashed about the 2020 election being stolen then tried to commit a terror attack?  I only ask since Fox was pushing that lie so hard.,UCBuI2GcON8MkVlQOej1r_XQ,@CharliesWorld8647,2025-12-05T21:55:57Z,0.44075582052699414
55370167686be4046050dfcdf647090f,NlkZ2-hntaw,I ❤ Ron DeSantis!! Who is complaining about NOT paying property taxes???,UCLShV3RlKk51URfG8d9btNg,@Saskabush1123,2025-12-05T19:04:24Z,0.4406693383797031
cef7644f2a9d71a36c76b4996018a95b,ce4lMhwVHSA,"She got PAID , Walz GOT PAID !!!!!",UCP1cO8gZqBXW9u8lEV3GU1A,@RobertFoy-s2m,2025-12-05T19:09:36Z,0.4406632124730831
f339a20025078eb91f405b4e781847fa,a4BoCVPQB7Q,*Why is he going to PA to discuss a Democratic HOAX?*,UCTMIhzxjycbx2aaixQKPaNw,@kkh-d1j,2025-12-05T21:50:51Z,0.44063047186409027
e7d15cc5194bb685fafbbb0a2bd7f0d8,lrwHsZ_CrIs,"Findings include: Putin 🇷🇺 ordered the DNC hack and coordinated leaks via WikiLeaks. Bipartisan Report 🇺🇸 2020: Senate Select Committee on Intelligence – Bipartisan Report (2020) In its public Volume V (“Counterintelligence Threats and Vulnerabilities”), the Senate 🇺🇸 Committee affirmed that Russia 🇷🇺 carried out an “aggressive, multi‑faceted effort to influence or attempt to influence the 2016 election,” at the direction of Putin. - Fullerton Observer.",UCxSmfVkmJ55x469SyvTYq1w,@nox6559,2025-12-05T22:15:13Z,0.4406048398137237
fe8932de5775cb59ee7f9e2981f7a3f3,NlkZ2-hntaw,Wait till the first when premiums SKYROCKET,UCUuDWKZwe3T-fYCoO0T1vyA,@billbonu1639,2025-12-05T17:31:07Z,0.44060051736881
ed5a6d53b7184577605bd812ccbbec7e,NlkZ2-hntaw,Why didn't maga idiots vote for him,UCzWpJn0P9a8Vw6Wdjf5ZMPg,@KevinCox-v2o,2025-12-05T17:31:09Z,0.44060051736881
2384639701fd23fa56934094edf96b29,ce4lMhwVHSA,Send that kooky c*** back where she belongs,UCIXKGIDQilq3-fVNZy45yJg,@georgecarson8034,2025-12-05T22:46:57Z,0.4405580719433854
a4a7b772087a0b5c1812974a7eed3e3d,NlkZ2-hntaw,Ron we some help out Here.!!!,UClg8yqkCdU08gDcy4HDA5kg,@PaulGriffin-e3m,2025-12-05T17:35:50Z,0.44049602072922445
3563091b5ad5a0e274c25c8efb1bcb6c,NlkZ2-hntaw,Amen 🙏🏻 God bless America 🇺🇸 and God bless Florida and  Ron DeSantis 🇺🇸 that's why I live here. Mayor Demings is epic failure to the people of Orange county...,UCHtdSSRRFnfCX5oI4FN6gOw,@makinbigbassmemories6450,2025-12-05T17:35:48Z,0.44047671840354763
1b7f7729844d153870735787aaeae1e0,NlkZ2-hntaw,Thank you for saying it out loud. We The People voted for action to be taken. Trump may be awesome but congress hasn't done anything.,UC0OD_16O2sSf_Xh7VJzG7lA,@dianabradley7582,2025-12-05T17:46:43Z,0.44041019955654104
8acba048e2aca261bc9164aa42f5e461,NlkZ2-hntaw,I want to move to FL ❤,UC-GwqpSnGjD9J1ifByMGAWA,@Beau89,2025-12-05T17:46:41Z,0.4404028085735403
63600d2f5c5c3e607b768a1c34268b50,NlkZ2-hntaw,"Big Corporations, Private Equity Firms (Blackrock and Vanguard) are buying homes and real estate, then turning them into rentals..all over America..GREED!  I wonder if any Hi-rise condo's and apartments will be built where the California single family homes burned to the ground?",UCaZO7fbH-4y540cEEE5MMGQ,@cathyr2419,2025-12-05T19:17:39Z,0.44028958489577985
24007463dc6efff65f386c08df2c6473,lrwHsZ_CrIs,"They were OK when President Obama hit Al-Awlaki, his son, and others in separate drone attacks.",UCKe4imf6sQGiaPL3Nyzd2Ow,@ytbenavraham9553,2025-12-05T19:37:58Z,0.44026866683027155
7803e18efcff1b2db0f160ff5ceada9d,a4BoCVPQB7Q,@Babayaga97111 but he is a democrat like you.,UCfPSiig5qfHbovpiVFnwTEA,@Jenna-zv6ve2sx4u,2025-12-05T22:35:35Z,0.4402335853883462
35e69920923a852f8d9823d50b63341b,NlkZ2-hntaw,Trump sucks.  Republicans suck.    Vote  bluenfor good economy and a flourishing country.,UCsacuHZ6VLE00QJenB47Gtg,@cthulutheroor,2025-12-05T17:24:12Z,0.4401736881005174
074bf57f905929869eec9e8ee417b01d,NlkZ2-hntaw,Stick to gether Republicans,UCMqni-c_0gjrR8PDGZCf5qw,@Patriot1777,2025-12-05T17:24:10Z,0.440169992609017
fcf0e6c8c8863844f17678922c8338ea,NlkZ2-hntaw,Thank you Governor Ron DeSantis! 🇺🇸  Thank you President Trump! America 🇺🇸  Make America 🇺🇸 GREAT Again! 👍  Make America 🇺🇸 SAFE Again! 👍,UCYqMjj0iV_DouX_pmwr61Kg,@ALuDoy,2025-12-05T19:06:12Z,0.4400076001834776
482920e52c298346498ac851559accfa,lrwHsZ_CrIs,Cutting in the Democrats profit.,UC60vklOxvK82XoZXH14K-ZA,@mitcholiver6284,2025-12-05T21:32:04Z,0.43990862700926053
6344154c521b1bf1974d151e9381079a,NlkZ2-hntaw,If they wont vote term limits the least they can do is eliminate property taxes!,UCZo8yctUioD06OzlQuKtJcw,@itiswhatitis875,2025-12-05T17:51:58Z,0.43989887515357595
a15fb15ee41f7b881057c5a2cfc118a1,a4BoCVPQB7Q,And the American people are calling to boycott Costco for being the greedy pigs they are.,UCR6SPvkd-ejn2pCxRV3PDvg,@SpiderMurphy-ze5xs,2025-12-05T23:16:36Z,0.43977970336077926
73a361731968829ef2e2e2a9e05e507a,lrwHsZ_CrIs,Trump is worse then Maduro,UCa8T-D1ZiSoUWQy7DP-IIEA,@RobertAlexander-h2m,2025-12-05T20:44:24Z,0.4397556512685356
aaf3168cfc26aa0cafa8b9a28baad9a7,lrwHsZ_CrIs,Dems are literally mad at anything Trump does no matter how good. TDS is so real,UCX54IkjMzC46u3eqa9KmQag,@YungHungNW,2025-12-05T21:42:40Z,0.43974803476464003
58d2b635b01ba4cb663a917135303355,a4BoCVPQB7Q,FIO,UC1_nF_AKcCr-IIG-Fg3OtWA,@peplsuk7635,2025-12-05T22:29:47Z,0.4396966822206685
23b0b1ccb10daba62c62b5347299d46d,NlkZ2-hntaw,Got USA going crazy no one can just flip a pen and get things done,UCjCh3QGcTMStiZd0jmyXtrQ,@MJOS-h7v,2025-12-05T18:45:22Z,0.4396554475008887
8dc9082138788dbeed62e6bda93c78a0,a4BoCVPQB7Q,"Since Donald Trump has been president of the United States of America, what has the Democratic Communist party done for the people who voted for them? They've done nothing but fight against our president and against the good things that he has done they have damage to the people that they represent they act like communists, they're a dead party that has nothing to do with the United States.",UCH2BsoJgBI7-IGIAvVFMBpA,@richardhodges7228,2025-12-05T23:07:33Z,0.4396340014753202
c421a0940aeac10d4dc89195cee1dc36,a4BoCVPQB7Q,Illegal seniors .,UC4Q11sf9yFpRDQ0ewpF_85g,@chrissteele7211,2025-12-05T21:55:36Z,0.43962385472601406
2f2a5a1a96cc78b5233a5e7e2fe54954,ce4lMhwVHSA,"Billions dollars.. Flying away.. No one knows what happened.. OMG 🤔🤔🤔🤔💵💵💵✈️✈️✈️
Some one has the brain problem.. 😂😂😂. I wish I could have.. 2 hundreds thousands dollars for my.
Retired.. Would be fantastic.. Paradise...
I'm wondering how. It's happening in the United States of America..billions dollars been. Stolen from the taxpayer.. Unbelievable..
Who you going to call..!!!??
Who you going to call... 🗽🗽🗽🗽🇺🇸🇺🇸🇺🇸🇺🇸🤙🤙☎️☎️☎️☎️☎️☎️☎️",UCUzJvlIOvygCBjNBfKw8scA,@Neversaynohoho,2025-12-05T20:51:28Z,0.4393229636036203
c2280209db1d09c96fa9d75ac95424c6,NlkZ2-hntaw,"Lie.  The mil rate gets, or should get adjusted down when values go up and up when they go down.  If that’s not happening, thats the problem.  Taking away property tax is about a giant power grab for the state.  It basically takes all local authority away and allows the state to run everything.",UCJDswaXOLl-d4VuN60Km-AA,@Justonemonkey-n5g,2025-12-05T17:59:31Z,0.43926529508904394
201196d2b8285ade1bbc73bf4994183d,NlkZ2-hntaw,Dear Lord please heal Vanessa Shade of bitterness/anger/ resentment,UC0-J6L-_a6nzGB1svT_1KfQ,@Not_YourNormalFriend,2025-12-05T19:06:01Z,0.43918038278218174
193cbf1489b6b85180f073e41ca04604,NlkZ2-hntaw,Dear Lord please heal Roger of bitterness & anger in Jesus,UC0-J6L-_a6nzGB1svT_1KfQ,@Not_YourNormalFriend,2025-12-05T19:02:53Z,0.4391271214720086
24cf691f30a0702f4cd0c900a00fed54,ce4lMhwVHSA,Make no mistake about it! The squad members are involved period! Omar didn’t suddenly become a multi millionaire because she is smart! She’s a criminal like all democrats!!!,UC2sA_93INBwoBAOkdXJxGOg,@DanStreet-rm9wr,2025-12-05T19:35:50Z,0.43897550589944406
9070b152c219d434466c35957e190c5f,NlkZ2-hntaw,Correction today's income 65.000 income,UCg7CiXEothZm35NJWLKGb8g,@lynchmobfc,2025-12-05T17:59:38Z,0.43893894672516975
b6e69a4d2086d7b09f5b510f28f4c7fa,lrwHsZ_CrIs,The drug runners that actually get caught should have to ingest a tablespoon of the mess they are bringing in.,UCPGAkxdi3YBCKlTcY0cgFxg,@WildRiceRDMC,2025-12-05T19:47:53Z,0.43886763118386185
310a353e38cc3046d3f59937b8aadce7,ce4lMhwVHSA,"Yeump,impeach all these ewe'zzzless fraud's",UCY7-ILTX9eL2pDzkOLwDmYA,@charliecummings2516,2025-12-05T19:05:51Z,0.43886273740479986
32b51f68eb9e5de7b7db9d8b8bd3c649,NlkZ2-hntaw,All these people with more than one home,UCp7uk_8sk53CxkV7_4siMHQ,@paulrichardson7905,2025-12-05T19:29:16Z,0.43886164886121254
aee5a6d57d0d10226e974303a846ff19,lrwHsZ_CrIs,Maybe Jim Hines should visit a few American funeral services and try explaining why the families loved ones are laying in a casket because of a fentanyl overdose. 🇺🇲,UCEzKqAww2ayfhho8O5y-ZfA,@miguelsalami,2025-12-05T19:39:52Z,0.43883779536355333
682434cfbc85df013cac37a43f74ecd5,ce4lMhwVHSA,Arrest ALL these M’fuckers!,UCD-fq0XRLbmxNCZL8EHnU-g,@mneatobabes2520,2025-12-05T20:22:09Z,0.4386857566615021
57d6e4898609c8eaa0e7095b464b112b,NlkZ2-hntaw,Yes please,UCA7f5qzRdOb1Xf8OiVlPvug,@DrJosephLoDico,2025-12-05T17:53:14Z,0.4385105407637746
5d724434907e439b934544b77dd4f94e,a4BoCVPQB7Q,Just a list of Chuck Schumer turns my stomach anymore because he lies he deflects what they are doing odd to trap in the Republican party she's just a he's a snake and many colors people and he will negotiate with you one way in a closet or a back room and then when he gets on the floor he'll be a whole nother different color of snake but he's still a snake Don't fall for it Senator soon Please don't fall for it Do the right thing for America First you did it before keep doing it,UCRFH-LtUUtAXjrkoiWM8zBQ,@karlalee2789,2025-12-05T21:58:11Z,0.4383905141042602
3dd3bbe41477f531a7ab9a2d1d57959a,a4BoCVPQB7Q,"Groceries are still getting more expensive.
“a little more time” indefinitely.
Jobs have sunk, prices still high.
& I’m no lefty.",UC6YJyNqfiNcrWq2wBBxrJyQ,@kurifutsunami,2025-12-05T22:29:35Z,0.4383792702920307
2cdc3162cd26a211618e0affdab5fa1a,lrwHsZ_CrIs,"Im waiting for the effects to hit the streets, great for recovery centers.",UCV5Sbtce4RGak0wT-3G_LHA,@candykane4271,2025-12-05T20:29:31Z,0.4382745488182236
4c80088bd6185f5e7081fa984a3a28b3,ce4lMhwVHSA,Omar suddenly has 40 million dollars. How much evidence do you need?,UCpvw0nD3fQWUtye9lAeH56g,@schuy601,2025-12-05T22:27:09Z,0.4381850871264392
0ac3849961f5ac6505c3071bcaa79ae8,ce4lMhwVHSA,They ALL need a necklace!!!!!,UCauXaG-HoiSdI1c_ir44CnA,@RACKRUNNER72,2025-12-05T18:47:53Z,0.4381625902131986
bbefcff81f30f7b63c8e546233ffb590,ce4lMhwVHSA,"Trump immigration - when will the US send Trump, the son of immigrants, to Germany? He should be ashamed of what he's doing; his father wouldn't be happy if he were alive.",UCwaWe0BxmJFYp-p4u2qYHTQ,@kabirkbiri1372,2025-12-05T18:57:30Z,0.4380738834944188
96ee6c3d0660516a36d6e74b70f6d588,lrwHsZ_CrIs,"Now this what I call The War On Drugs!!! 
Thank you President TRUMP ❤🇺🇸",UC0-5UVBwytMzFNpByiE3j2A,@gregbowden1552,2025-12-05T19:21:04Z,0.4380690881928887
a8ef243852802d5f4caceb2ed584950d,lrwHsZ_CrIs,Shipwrecked criminals,UCng6qVw2Qxg9uQF7s5qodsw,@robinbelle5159,2025-12-05T20:54:39Z,0.43804407386069544
2bb378313a3c6860cf58425e69043dce,NlkZ2-hntaw,Like Nancy pelosi,UCrIH3Ljf97u9hxIHahpfy6A,@j_mm1084,2025-12-05T18:45:21Z,0.43798409717375986
71c4404d40bf961205722c95b97e8420,lrwHsZ_CrIs,Good don't let up don't let Congress and the drug lords get to you,UCuS6k3HP_YBVLMCoIshkIRg,@thomaswebber259,2025-12-05T23:14:49Z,0.43796173492076806
aa371c7bf39e4e401f0b75c651ee47ec,ce4lMhwVHSA,"🙏🙏🙏GOD'S HOLY SPIRIT IS MIRACULOUS🙏🙏🙏
🙏🙏🙏JESUS IS LORD, SAVIOR AND KING🙏🙏🙏",UCRc7qAwjSoXaIdYgdkpPQXQ,@maryboushell940,2025-12-05T18:45:15Z,0.4379543410265446
286ec4aec75e444c5ac94a609aa0f6a5,a4BoCVPQB7Q,Central Ohio just north of Columbus!,UC9bHnZhPsz7lELQdOlI8HUA,@bryanspayde5681,2025-12-05T22:27:43Z,0.43779980848221406
9f5e44106a2f3f1b628b93ab93aada4c,lrwHsZ_CrIs,The democrat British globalist drug run empire is being systematically destroyed… god bless America it’s 1776 with a real president,UCo64KZwA3hIulpQ4vFAmdzQ,@Rocky567,2025-12-05T19:09:06Z,0.43779289199001703
d809f64dd13540ebf619f3a1dcb13c92,ce4lMhwVHSA,"Ya ya ya ya talk talk talk, just make it happen and get rid of this trash once and for all.",UCelB0QbfxLojpqJFNsgpgEQ,@timcarl9271,2025-12-05T18:42:22Z,0.4376098905974575
25bd2e9d8f40229b9bdbe6f0d675c755,NlkZ2-hntaw,Ron DeSantis needs to be our next President.,UCVhsEcaYnh8IgMQs44ocAug,@hollydewbean3248,2025-12-05T18:36:40Z,0.4375788853450586
31a1c0a9b85a32024469237aa106fc98,NlkZ2-hntaw,Florida had over 1300 murders last year. Let that sink in,UCOWXz88XBCezFdNJITdVo_Q,@bobwoods1302,2025-12-05T18:28:31Z,0.43757083310285827
b1617b85f03fc26f8cbfd7a37ab041b8,a4BoCVPQB7Q,2nd best president this year!,UCUMjr51IH7WYuKuQ_W-_QFw,@natesbored,2025-12-05T22:31:00Z,0.4375426419486096
846e2f3a1e25d37f0aca81e5af2aac29,lrwHsZ_CrIs,"Uh oh, FAFO!! 🌊🚤💥🤣",UCOxwNnmVxZ3evP7aTd1RjQw,@LibtardSlayer80,2025-12-05T22:28:37Z,0.4374216306034545
c5791fb5e9234ecd757f386583f58846,a4BoCVPQB7Q,Write your Congress Representative.,UCvSdknes7CWqms1z9mlFXxg,@knelson3484,2025-12-05T22:11:00Z,0.43737310511854083
8486140d013af3d0cdff22f85da51e04,NlkZ2-hntaw,Drain the RINO's in DC,UCBxdcOIAcyxxVrsbkgzRqKQ,@GmanfromTexas,2025-12-05T18:33:53Z,0.4373046951117855
70c0ec8af2a365f04a1b0ad377ad6068,a4BoCVPQB7Q,Groceries are still too high. I think the stores are gouging.,UCx9LsEGiuxndy5xs64AE6Qw,@ongodside,2025-12-05T22:22:53Z,0.4372817648931759
8fedf25fc747c0c506bc2c5c2aec3b61,NlkZ2-hntaw,America get out and vote this countries depending on him cause Trump’s not on the ballot do it anyway,UCcGVwkAS0EWigy7K5KTRiXQ,@Marye-v2o,2025-12-05T17:49:11Z,0.43727731883236487
7eacf8a55c827df08c77a6bf94f69e64,ce4lMhwVHSA,She has slapped United States taxpayer in the face. It is time for her to go to jail. Know if and or buts about it.,UChEFanzegbn8wiN-3twX2zg,@williampool3080,2025-12-05T21:01:30Z,0.43703629838086167
7f0ec9becdc203fcfa43af3176ab8d4a,a4BoCVPQB7Q,"New Hoax by Dems, new Crisis. Whats new.",UCw3OgJSEaUvFAswxVNmK_xQ,@Rob-o1z6w,2025-12-05T22:10:44Z,0.4367827386710873
929df40f519397e73c7c3a0ef17af512,ce4lMhwVHSA,Anybody that voted for this guy to be there leader deserves to be whipped,UCLREchAKcK-c9rLEFBh1WBg,@Republicis,2025-12-05T22:31:58Z,0.43677690115229323
19230696a0941bbeb31577ed3c1473ed,a4BoCVPQB7Q,​@danajohnson4480trump won 11 months ago 😂 imagine still trying desperately to get a win,UCtAGTy02pD1iVWcXaHz9QLA,@JohnBalnisThePu-C,2025-12-05T21:59:58Z,0.43666822218070295
0312ea7828337ee24936a66320c1ffc5,NlkZ2-hntaw,"Wish I wasn't GOING UNDER in California....$3,600 per year for P.T. .., older, can't work anymore and have multiple health problems, and shop at Dollar tree and buy walmart store brands to survive...this $3,600 will NEVER be eliminated here due to DEMOCRAT SOCIALISM ....paying billions per year to people who trespassed here...wish money grew on trees for everyone....but ...well.... it doesn't.  Granted that's not all going to that situation but a large chunk is...",UC-FtoiiBoRTJr3sQzWqBvwQ,@barrya.6212,2025-12-05T18:44:45Z,0.4366634239765429
7dcabd1d0305f775089c6a9ab0558742,a4BoCVPQB7Q,"@kurifutsunamipack of 18 eggs for me is $2.29, found the lying dipshit",UCQ1dWV95Q1LEhxfTxzdorfA,@Spektakular99,2025-12-05T22:39:39Z,0.4366579558209787
eacec6d7feeb2e7ae45931422365aa68,lrwHsZ_CrIs,"lol, no, would like us to not be murderers, detain, court, jail",UCXSmg9ONCTUjo0qRWbHOlFQ,@laurielaw370,2025-12-05T22:49:55Z,0.43652279043112274
33020b9117476b6b98f7149a8412d18c,lrwHsZ_CrIs,"WITH THE WAY THE DEMOCRATS ARE DEFENDING THESE CARTELS, MAYBE THEY'RE ON THE TAKE TIME TO OPEN AN INVESTIGATION",UCvizeihd0C80NJU5gKBBWZA,@nitrokyosho,2025-12-05T19:34:48Z,0.4363941078946698
ac618317a559e402bb44c946808c3270,a4BoCVPQB7Q,FHJ,UC1_nF_AKcCr-IIG-Fg3OtWA,@peplsuk7635,2025-12-05T22:29:29Z,0.4363707631951238
4988f72303dfac605923364957461259,NlkZ2-hntaw,"Was a big Gov DeS supporter until I found he allows electric companies,  utilities,  insurance companies to rip off Floridians",UCHhy53KqcH-SCMl2oeANxBw,,2025-12-05T19:04:52Z,0.4363409601367134
6764acafbac2198d513cbb69be133f9a,ce4lMhwVHSA,Sees all of their assets,UC4hS9xn8lO-J6vfo5C0Vstg,@Soundman68,2025-12-05T19:57:25Z,0.4362981200155638
2c00fd0396fd0f305f275a5f7a13c997,lrwHsZ_CrIs,I support Trump's actions against the drug runners--they richly deserve to get vaporized--but I would also ask the drug users in the US to ease back on the consumption of illegal drugs. Why do Americans think drug use leads to happiness? It is only a momentary thrill--not a good choice for a good life.,UCMikPHhpXF3Z8HfiEz4QLyw,@gymshoe8862,2025-12-05T20:00:55Z,0.4362650675792192
8f6c570e02d6faf1b61773104b1789fe,a4BoCVPQB7Q,Bad things happen in Philadelphia,UCuGAccKAO0csFFZSAavlXyg,@AeroMetalRush,2025-12-05T21:47:45Z,0.4361791008751563
3447687683d06db33c9a2b5bbffa5483,ce4lMhwVHSA,When are we going to take the Trash out? No more talking…. Do it!,UCg9gFXb9oZmroz_XD9ESglw,@Rbw.4206,2025-12-05T21:31:26Z,0.4360101159682074
477795ff77dcbf390ed07b017e7e745a,lrwHsZ_CrIs,"If they are just ""innocent sailors"" why do they need a boat with three or four high power engines?",UCN1kX34IOPrcbEyobG8mq9A,@mrocque8327,2025-12-05T22:44:39Z,0.43599362543475945
37995ba5a11dacf4cc51be74dc03a317,NlkZ2-hntaw,"9,000.00 dollar annual property tax on a 300,000.00 dollar home here in CT. My job is the only thing keeping me here.",UCi7gJ0Pc1E0raFE_T-LYnbg,@rightofright-v7v,2025-12-05T19:51:15Z,0.4359492723100463
779c4f02da085beb2d71a5995b05da11,ce4lMhwVHSA,Just all her friends are involved,UCQz8ZKRYzJwQWHobmOeUttg,@leonardtaylor879,2025-12-05T18:52:30Z,0.43588350830395634
19b5690934c1e86f888d413f3c848876,lrwHsZ_CrIs,Just watched and read comments on CNN.....what a toilet.,UC7sAry8PxdNgQC2h95QTQPQ,@RustyGates-g6j,2025-12-05T22:23:48Z,0.43574278057032007
a5a81fe591435ba07e520127fb128732,NlkZ2-hntaw,He would make an outstanding president also.,UCpAE4IiY1pE4S49JGU9uM7Q,@zorbexfx8059,2025-12-05T17:26:15Z,0.43572985957132293
8f91d7e1769d60234f97dc09eff66f5f,NlkZ2-hntaw,"They renamed a building Governor Meatball, won’t that lower grocery prices for your dmfk voters?",UC7W_8HsiSRRozpW6ND6KQeA,@DavidTaylor-p9b7t,2025-12-05T17:37:17Z,0.4357296296296296
66d45679ae95f9390190ea0bae6668ea,NlkZ2-hntaw,More and more reasons to move to Florida!,UCAFAhoh4XBHhX3Zy59hMREA,@debbiedenker8976,2025-12-05T17:37:20Z,0.4357224685883222
247acaf853a048f4e083d4d40e75784d,NlkZ2-hntaw,DeSantis 2028 F Ra€e traitor vance,UCBF9c5zXr-I-MHLMa-HQjTQ,@jayjordan2909,2025-12-05T17:26:12Z,0.43571877309682183
19ac5388ad2e18767c519d6d76eeaf8b,NlkZ2-hntaw,i don't live in Florida but i think DeSantis does a great job for his State. i wish they all would.,UCDjzqCz97zhf5EVevvzG9Gg,@shirleyscott8579,2025-12-05T18:04:54Z,0.4357061917887869
93dcff5b4717d856e1cd16b8d6749c67,NlkZ2-hntaw,DeSantis/Gabbard 2028.,UCJFp63klRN4YSlRabKHnsNQ,@aprileskofski769,2025-12-05T17:37:26Z,0.4356984478935698
945a39f1e1c2c8c91b50459c7aaa1f71,NlkZ2-hntaw,If Republicans run on this they would win every election.,UCMrjzCQHSgo1r-dS9bVe7xQ,@billkelly7973,2025-12-05T17:37:29Z,0.4356766500277315
e8818d90d16e8ff4226296c451ab70c4,lrwHsZ_CrIs,This guy has no idea what he’s talking about. They’re killing hundreds of thousands of Americans every year with this illicit drugs fentanyl so take your mouth and shut it up stupid ignorant that’s what you are.,UCqlj0G1-oYEOWgIzFfUZcbw,@billboring3925,2025-12-05T20:44:20Z,0.4354994504509533
266a3ac51b0317665830afe0c145660c,NlkZ2-hntaw,The uniparty runs America against Trump and the MAGA movement.,UCn8D4ybZOPKNs7mhjfZ3j5w,@snakepluskun,2025-12-05T17:27:28Z,0.4354785661492978
5b30a7835a8163bac3c93f627eec14a9,NlkZ2-hntaw,"Taxes should not pay for schools.  That's where things went wrong.  It used to be, parents with children would pool their monies and pay for the teacher(s) and school house.  People without kids didn't pay.  Then things got bigger and schools got enormous.  School taxes on EVERYONE became a thing, but the PROMISE and RATIONALE was, if you ALL chip in to pay for education, we'll produce kids that are smart and useful to society, so we all win.  Here's the thing:  THAT IS NO LONGER THE CASE.  Schools are churning out DUMB and CLUELESS kids who are a BURDEN to society because they are lazy and complain and ATTACK US, the people who PAID for their ""education"".

It's time to END public education taxes ENTIRELY.  Make it a voucher system for people with kids... THEY PAY INTO IT per each child, subsidize it if you have to (with general funds, just like other welfare), and then they get to enroll their kids wherever they want, with the schools getting paid (by parents choosing them) only if they are producing good results.  Just like PRIVATE SCHOOLS DO.

Eliminate the school portion of property taxes and you can eliminate property taxes too.",UCPwjewPHFqN0chExJGIHKLw,@rubyxfinity8634,2025-12-05T17:27:31Z,0.43547302291204726
7198bd0c12e9426f43bfef58eeaa797e,NlkZ2-hntaw,When I bought my home I paid taxes like a good citizen. Every year since I continue to pay this usury tax and my house is paid off. This usury tax I argue is unconstitutional and should be abolished. What other commodity do we buy that gets taxed every year after the purchase; none! I want to tax politicians a service tax because that is what they are supposed to provide.,UCg28DRaVncqepMUYBUr2wqA,@603storm,2025-12-05T17:32:37Z,0.4354711751662971
a09abd9fec5d61270b2769f571cec8af,NlkZ2-hntaw,"When you survive by bullshitting a bunch of rubes you have to control the dialogue. Kind of like Trump texting a FOX ""anchor"" in mid-sentence saying to change the conversation. Where is the jobs report? All the horrible news is under the FOX rug. So, they spackle make-up on to a bunch of bimbos who will say anything their told to say. The guys on FOX are a bunch of angry incels who couldn't get laid in a morgue.",UCY__dlu7CU9XCFTzPOZCdgw,@MarkBacon-r5m,2025-12-05T17:56:19Z,0.43541597337770377
e236e15a2bb6460e70835abf6035bd4b,NlkZ2-hntaw,"​​@half-breedProve it Darren. DeSantis is guilty cause you say so, troll? Try again fella. Lol
Your hero Tampon Tim is in a world of trouble. A billion dollars are missing. Ooops!",UCv3dcP7SOvFU1JG-pHlUiww,@terrihilder8217,2025-12-05T17:55:50Z,0.4354122758365686
5dc9e5c48ca9d4ec4acc659d8b1b6b37,NlkZ2-hntaw,We need DeSantis in Arizona 🙏,UCH2ZTGim7ZfmDVnNMJlpIcA,@mlopez4546,2025-12-05T17:29:55Z,0.4353769401330376
9d83c931c4a930bdb922158f5d4c2091,NlkZ2-hntaw,Tax Canadians 👍good way to get rid of them.,UC22oHzXyXUuI7Dwf4swr5Iw,@davemitchell6281,2025-12-05T17:29:52Z,0.4353713968957871
2fd72ceeff0e0a9ff6686cff6f0f4b6c,ce4lMhwVHSA,"Dig, dig and dig and then bury the f&cker!",UC711ZKqdmWiwDFnp1pBxHjw,@axelrodaxel,2025-12-05T20:33:59Z,0.4353513637983234
bc9a71755eb2c0c7501dc6f97380f7a6,a4BoCVPQB7Q,"CIA. FBI. BBC. FOX News 담당자님 1급 국가 기밀 아래 밝혔습니다.


북한 중국 스파이 간첩들이 이재명과 한국 민주당 내세워, 미국의 핵잠수함 기술 한국으로 이전 위장해 핵잠수함 군사 기술을 빼내려는 속임수 입니다. 미국 한국 군사 협력은 핵잠수함 기술을 손에 넣기 위한 술책 거짓말 전략 위장 속이는 전략 입니다. 미국이 한국에 핵잠수함 기술 이전은 자살 행위 입니다. 고도의 심리전 아군 으로 위장해! 미국의 핵잠수함 기술을 빼내서 북한. 중국 사령부에 넘기려는 신분 위장한 한국인 이재명과 민주당 정치인 ( 간첩 스파이 )들 책략 술책 입니다. 이재명과 한국 민주당을 배후에서 조종하는 사령부는 북한 중국 간첩 스파이들이 있습니다. 미국의 핵잠수함 기술이 중국 북한으로 넘어가면 미국 유럽은 핵탄두 핵 미사일에 멸망 할수 있습니다. ㅜ ㅜ 중국 북한 한국 심리전 전략이, 미국 보다 몇수 위에 있지만, 미국을 속이기 위해 겉으로는 순진하고 단순하고 바보 처럼 연기 행동 합니다!
속지 마세요! 미국 핵잠수함 기술 빼앗기면 미국 유럽은 끝입니다 ㅠ ㅠ

탐욕은 분별력을 약화 시킵니다!",UCK1lezxwH0gFmuFslSVxBOw,@이준-x5q,2025-12-05T22:57:41Z,0.43531960408823234
cbd2fc13d10560a02eeab1fcc25edb77,lrwHsZ_CrIs,Why do you even give these Dumocrats the opportunity to whine? It's all they ever do!,UCA_vWItKZd_dKNsqJpy09Kw,@rickymoss4565,2025-12-05T20:43:01Z,0.4353106572637169
b155800c7771bc5449728d456f26b08c,lrwHsZ_CrIs,Trump is fighting the drug Lords and set one Free 😂😂😂,UCl83_vSBvJTt8tWFrz-UqLQ,@RafaelNegrete-f2x9b,2025-12-05T20:59:31Z,0.4352865765952898
c07417d83e0f68f3829eeb7c6b854452,NlkZ2-hntaw,How?,UCvXS_utX7LKQD1kpernFaxQ,@aliekatsmom,2025-12-05T19:07:13Z,0.43519227213902756
767d6990843c102b04aa920bcbc2f110,NlkZ2-hntaw,Donate To The Casey DeSantis Hope Charity Foundation investigation.,UC7r_jS3XLZu-QFgIUGYwiiw,@eddiearmijo6635,2025-12-05T21:21:30Z,0.4351781612670266
a50d5d912cec71a4788b14164135f08d,ce4lMhwVHSA,"Leave lady, you're not American.",UCRFCYYp-MXHPGjKMeua4Xqg,@dukewright8498,2025-12-05T21:36:53Z,0.4348326547658253
b61b0962a07a88a7c14c750f429fb75e,NlkZ2-hntaw,He wasn't even supposed to move in moral ago.He was supposed to buy it as a property.And then he took him and his family and squeezed up in there,UCBqIsZYNBbDtyGoidQjh_PQ,@MillicentBullock,2025-12-05T21:41:05Z,0.4348290469714819
e035f7fdbd8dd3b5c717afadf534e908,lrwHsZ_CrIs,Meanwhile DJ6T Pardons a Honduran Drug King Pin.....enough said!,UC8HpA2SRZ7otKpBwOP_pFPg,@Nonofyrbusiness,2025-12-05T19:34:08Z,0.4346717994045346
e5f473977e2f41907a00d853ffdad9fb,a4BoCVPQB7Q,Why did one of your viewers allegedly leave pipe 💣’s at party HQ on J6?,UCBuI2GcON8MkVlQOej1r_XQ,@CharliesWorld8647,2025-12-05T21:53:47Z,0.4346659169390774
e5f473977e2f41907a00d853ffdad9fb,a4BoCVPQB7Q,Why did one of your viewers allegedly leave pipe 💣’s at party HQ on J6?,UCBuI2GcON8MkVlQOej1r_XQ,@CharliesWorld8647,2025-12-05T21:53:47Z,0.4346659169390774
d6fab1a69f6ce2e40397f9931ef08ae2,ce4lMhwVHSA,How many fraudsters have left the country to escape justice. I live in Saint Paul. Yesterday I went shopping and didn't see one Somali when usually it's many.,UC0vwa66xRWRbsUg2aAoHIzQ,@skimmer8774,2025-12-05T18:45:44Z,0.4346422580844153
bb7ba1e3cda536cfd5c74e1ab2fcd093,NlkZ2-hntaw,"Dedickhead ruined florida, sweaky voice.  Can't stand fake.",UCluhTevgKYVDAeJlCfEeYbw,@robertoroblero3259,2025-12-05T18:55:58Z,0.4346357586909628
d0cecf38b5404278f5f0b45eb7f34c5b,NlkZ2-hntaw,i have been proud to have this man as Florida's Governor and have proudly voted for him twice...,UCGWnDJ-bmzZXcjYNCrgmPag,@thomasziniewicz2086,2025-12-05T18:38:47Z,0.43460070223102276
f4bfef28e57fd3e0f16cfe7d5f62ffc7,lrwHsZ_CrIs,Three more years of this might actually have an effect.,UCszlohf_muJSJAsRZ3du9Fw,@ltdc426,2025-12-05T21:27:48Z,0.43448010599519726
215050bb6fe76abbd920c8a560e39904,ce4lMhwVHSA,"Walz: ""demonize a entire community over a few"" = bad

Walz: White people are racist because a few are = good",UCQqcv0y-maAXqHTvwWxqNww,@GeistView,2025-12-05T19:26:02Z,0.43445023124648074
030249ae2e02bc677c0fbcb6cbd65ad4,NlkZ2-hntaw,"All for this. We don’t have to eliminate all property taxes but if you don’t live in the state or have multiple houses or real estate, you can absorb it. I just got my winter tax bill and the crap I’m paying for I’ve voted against.",UCYhBhTjgAPubKYv2BgZWYhQ,@Hofftimusprime1,2025-12-05T18:07:24Z,0.43441326656105095
48349b8c915100d38d35df221116731a,ce4lMhwVHSA,They are a nest of thieves and they are NOT above the law!!,UCIaEfGksUkx_jyicvBQfwHg,@Dixie-n1f,2025-12-05T20:57:42Z,0.4343288816476807
083072ab9679184319e21c004cdc2fc5,lrwHsZ_CrIs,"havent seen the dems this upset since.....well, yesterday",UCQXgCwEa4uR9jFL9O6zvM1w,@PolPotsPieHole,2025-12-05T20:40:54Z,0.4342803611927272
1f28c2de0210a0d6ed00a32c91c81adf,ce4lMhwVHSA,"ITS CALLED KICK BACKS, HOW DO YOU THINK SHE GOT HER NET WORTH OF 44 MILLION",UC-gTR3yDr4UsCLrj0_7T98A,@StevenBowles-j1n,2025-12-05T21:38:28Z,0.43422301272387
19459f0b6d7dd9f4d442961e560747df,ce4lMhwVHSA,"Cmon,  let's do something about this and just not sit back and let it happen without consequences",UCQco2Iu_l-8S2sViqgPdrQg,@briankay3414,2025-12-05T22:03:03Z,0.4341413954497113
f25285fe45683968b2b163fcf2936fbe,ce4lMhwVHSA,THINK of how WELL we could ALL live if these THIEVES didn't have their hands on our money and in our pockets!,UCauXaG-HoiSdI1c_ir44CnA,@RACKRUNNER72,2025-12-05T18:49:38Z,0.4341344192881239
918cc89b56ea94cf4b080a9b85cce440,lrwHsZ_CrIs,"Admiral Bradley, good job sir. Keep up the good work.",UCcMsnyzps_2kn7Pi1y9dLtQ,@AngeloBlascovich,2025-12-05T21:57:58Z,0.4341081059827323
4f9941cb4163b95740b713367fb628a7,lrwHsZ_CrIs,I don’t care what the Democrats say. Doing something is better than doing nothing. Which is what the Democrats have done on this issue for ever.,UCakGMiQN_jGVWn_iwS-6bgA,@georgewilliamssr5230,2025-12-05T19:49:54Z,0.43410774180558964
c8c8d25c6bf0a6be5b42b03d77a59cf3,lrwHsZ_CrIs,Riiiiiiiiiiiiiiiiiiiiiiiiittt 🙂,UClg8yqkCdU08gDcy4HDA5kg,@PaulGriffin-e3m,2025-12-05T19:54:59Z,0.43408375744287514
0297627ffe460416906d4d0093f985b0,a4BoCVPQB7Q,"It's all the crooked Dems have to run on, their TDS... lol",UCB3tJvVaCvLztpDjZD6s30Q,@LarryFleetwood8675,2025-12-05T22:17:15Z,0.43400510021716576
d891df32722235222450e222a8bb76d0,a4BoCVPQB7Q,"Blaming Biden is like when Biden blamed Trump.
Americans don’t want excuses, we want results.",UC6YJyNqfiNcrWq2wBBxrJyQ,@kurifutsunami,2025-12-05T22:30:15Z,0.43388323327131595
bb7959785b592c9ea1742a3f58b3fc75,ce4lMhwVHSA,I bet the governor was getting a spiff from them for allowing it to happen.,UCtFtvP9nIRgl9XQKPxBxnoA,@timtoolman1243,2025-12-05T19:33:26Z,0.43386976597011884
1e7b26b45ccfcfbdc76b6d566b307735,ce4lMhwVHSA,"Get these Democrats out of Political positions in Minnesota now, same goes for California and NY.",UCF_ZO08Z9TEdzo4GaCMiqzA,@raincheck90,2025-12-05T19:43:06Z,0.4338100367692461
475f3f87d1d6cefa500c6135f32d0518,ce4lMhwVHSA,Saw this coming months ago yet idiots are still electing these assholes.,UCF6qNlG7Fdiyk6ZchZackUA,@uJarGamer,2025-12-05T20:47:07Z,0.43358487403643386
bd057348909af10c91d019e759335a8f,ce4lMhwVHSA,Send her back home and fire that stupid tim walz,UCcZ3td2fGN8x1H3c7o75ZZQ,@jayreneburns3051,2025-12-05T19:57:28Z,0.4335828628598718
46b3134e9c3079628d941e4338875764,NlkZ2-hntaw,Absolutely one home no tax but multiple houses get tax thats most of tour politicians  ther the rich,UCVEIWacx88D5TlJkd_IAalA,@davidredford3111,2025-12-05T18:10:23Z,0.4334200084265655
801a2f080ceb71d1e641ab161747782d,ce4lMhwVHSA,"Money says Ohmar throws Tampon Tim under the bus, first.",UC8SqVJZAXXm0SXhP_1G7eOQ,@BillyColeII-dr6dk,2025-12-05T20:09:36Z,0.4333824635463219
6849b5259d4bc13d8da1ac2e6d9b47d8,lrwHsZ_CrIs,The nonstop fake outrage from the left is to deflect the news cycle that the democrats were working with Epstein to go after Trump...,UCbAtLaVyhBgMz3N6Kj6P3yQ,@lloydchristmas2542,2025-12-05T19:12:17Z,0.43325667280983493
81bf03d2b85d1270eb209f0d7246dcd1,lrwHsZ_CrIs,"Keep blowing them up, makes for a beautiful day.",UCuU5Jh76fn3AE0DSnpvqPPg,@WolffairMoon,2025-12-05T19:35:42Z,0.43283620349401886
a020de1cdf09487e2c5409727bf6f6a0,lrwHsZ_CrIs,8/8/2022: FBI executed a search warrant at Mar-a-Lago 🇺🇸 and found thousands of documents including classified and national security related documents. (Who else than Putin 🇷🇺 would have any use of these documents?) - 13000 document where found 300 Classified,UCxSmfVkmJ55x469SyvTYq1w,@nox6559,2025-12-05T22:18:05Z,0.4327611182172734
8f0cc8a3e37a49cd5396797526985f1c,a4BoCVPQB7Q,Every company in a 30 mile circle of me is hiring!!  Sad thing no one is applying!!,UC9bHnZhPsz7lELQdOlI8HUA,@bryanspayde5681,2025-12-05T22:15:51Z,0.43249307435615053
a14ac2fcd9104169d8a40a2ee6c28410,NlkZ2-hntaw,Fu—-king upAmerica like you are doing to Florida!!!,UCeH2ZkhuYC3_Bq84ppeq7xw,@gordoncheswick4169,2025-12-05T17:50:27Z,0.43244104754582635
232c5b865e78a1168f8893839a1676d7,NlkZ2-hntaw,As a Tampa man. Thank you sir.,UCfeVgApuMPw04-2JpqO5w8A,@jonplayscsgo9379,2025-12-05T18:04:45Z,0.43241743911010494
13d6e4c69749e43853604b988c723f97,NlkZ2-hntaw,It's not a stupid idea if the plan is to eliminate local government and consolidate it all under a state government.  It's not like DeSantis can just say it tho..,UCUWIhAOVWv8U1wIg9F5FrXw,@doggobork-bork5305,2025-12-05T21:41:08Z,0.43237053135325787
19c6ad54d249696fb02c1246c427d605,lrwHsZ_CrIs,GREAT JOB!!!!!!!!!!!!!!!!,UC4oTHTBVpiyP9_OdchlYoBw,@christinarandle6440,2025-12-05T21:54:09Z,0.43230103717334356
b79d13a42e3345d5568bc297def89cf1,lrwHsZ_CrIs,Offer Dems a free cruise to exotic location....,UCEvkyZqKCS54WKmERylwwqA,@zerohope6720,2025-12-05T20:02:58Z,0.432283267096265
ee1352dcd63a209bb997850ec586a9cc,ce4lMhwVHSA,Frauding the Future,UCRLnvLn-3iNp_7v9j7sUNiA,@neilhathaway4471,2025-12-05T19:57:11Z,0.43211641992339295
d848e207bc13a3e66acc34505f094cc7,a4BoCVPQB7Q,All you do is prove why decent people hate the Left.  We're simply better than you.,UCa2x-ifN-0XlOn7y6jzvXMA,@johnhoran9840,2025-12-05T21:55:56Z,0.432072814510572
5402f8af883d87ee932a75b1385b9655,ce4lMhwVHSA,We’ll run? Lol,UC8-6fuij9NJ5raN6NteohFw,@catescurto5479,2025-12-05T20:35:15Z,0.43205069902792514
fedfcd0b7e681adca67b05172cd6b1f3,NlkZ2-hntaw,"Make sure the real estate appraisers are legit...not being ""motivated"" to overvalue property.  And, try eliminating waste before raising taxes of any kind.  No one, especially retired people, should worry about losing a home they PAID OFF because of property tax.",UCIRKB791cffITqtAGWlsFRQ,@joshuamcpherson007,2025-12-05T17:55:53Z,0.4320279760932608
dcc338970c88328fad3eb870f96cc800,ce4lMhwVHSA,Not linked... YET,UC9wNb4TOrb7Ko_uxNd4Eh6g,@jeffreykuhn965,2025-12-05T19:05:09Z,0.4319659076631812
df1b84905b50061d3c1110fa8a94ae68,lrwHsZ_CrIs,"21/1/2025: UN agencies responded on Tuesday to President Trump’s executive orders ending US membership of the World Health Organization (WHO) and its adherence to the Paris Climate Agreement, highlighting the massive potential negative impact on public health and efforts to curb global warming. WHY - Oil corruption?",UCxSmfVkmJ55x469SyvTYq1w,@nox6559,2025-12-05T22:23:57Z,0.43183061532808137
947192cf6e2667ac6f0f5e562daa8f00,lrwHsZ_CrIs,DEMOCRATS HATE THESE DRUG BOATS BEING DESTROYED BECAUSE DEMOCRATS ARE GETTING PAID BY THE CARTELS TO ALLOW DRUGS INTOTHE COUNTRY BY IGNORING INSPECTIONS AT SEAPORTS.,UC_sdVTPsa8URK_er3C4xrgA,@philbogner3907,2025-12-05T20:19:03Z,0.4318141975506344
a1c728a5e216acdc3de573209747a45d,NlkZ2-hntaw,"My parents have fully paid for their Connecticut home, yet they are paying more than $500 monthly in taxes, a burden they can hardly afford. This is precisely why I intend to purchase a house in the south.",UC9Z4V0tK_FC4XQvXoqNwZWg,@ThomasFalkowski-v5f,2025-12-05T20:47:36Z,0.43177183065003755
a79261f9850e9eebb9e3a01620dd5d2a,NlkZ2-hntaw,Florida has horrible schools. It has horrendous clean water….bad traffic. The infrastructure is disgusting. Good luck paying your home insurance there. People are fleeing Florida. Tourism is down 27% this year.,UCay36T6RgIf7q0YZqCZZc_g,@jasenjahn,2025-12-05T19:01:46Z,0.4317478728116944
3a7e6d725f4843b8a273469c41e6b502,ce4lMhwVHSA,Congress needs to take action against these Representatives that are fleecing American taxpayers to fund nefarious actions!!,UCyIZdoAhhRSiWEAvOuxj_9g,@LanceMorgan-f1u,2025-12-05T18:42:01Z,0.43173930014875544
5e2ca56539afe302a7929a43ad954d53,ce4lMhwVHSA,The Pirates have moved inland.😊,UCpfWvc2m3yckLPf0XUGlfrg,@MattHarris-u9n,2025-12-05T20:11:04Z,0.43153829248223563
c9ff5374084db8eee4ab0d4a99022a64,ce4lMhwVHSA,She was in on the scam and got her share hidden somewhere........NOTHING happens in the Somali Community without her knowledge.,UC87QrYltW5kAEz-UyRR11Tg,@chillijay77,2025-12-05T22:13:20Z,0.4313920899657163
3afb2f1e639c6832a62a7226b552babb,ce4lMhwVHSA,And the only people in America that find this surprising is the DOJ that continues to slow walk their prosecution. Maybe if this platform didn't delete all calls for action from the last decade it would have been more widely known.,UC1pGVGbkbQJcuXYbf9uHWGA,@WalkiTalki,2025-12-05T19:15:27Z,0.43137579529393266
e0e08b909834e839c95a08569391a326,NlkZ2-hntaw,Still mad that we had a chance to make this man President and decided to pass.,UCj1w0MCUWQs_SetQoUEwQBg,@chrisholiday3273,2025-12-05T18:38:44Z,0.4313562519851095
c1c0bd498af85fef38f410926fdc1983,lrwHsZ_CrIs,America I will never get tired of seeing these,UCnyx2yGaiqdfkTeIZsUXygA,@RayWilliams-x2g,2025-12-05T21:55:25Z,0.431298387519196
3f4f62929376069b30472752fbecdff5,ce4lMhwVHSA,FOX HALF A MILLION IN FINES FOR TELLING LIES. FOX THE PDF PROTECTION NETWORK.RELEASE THE FILES AND FILE WAR CRIME CHARGES ON YOUR BOY PETE KEGSBREATH.,UCXp1hYqgz-D76SnFtcV2YVg,@donmcmillan4388,2025-12-05T20:57:52Z,0.43129457064419163
d07a35f8ed6924a32a63373a64dd65b7,a4BoCVPQB7Q,Poor people and social security people don't have time to wait for the fruit to bear.The fruit should have already been buried.And they should have been given it to us now spraying down the economy,UCCN9bNhyjpy3ehmhkBZqyfQ,@gilbertsmith2104,2025-12-05T21:55:40Z,0.43115082859987913
e62f51b05f2fa718626e884c9818a248,ce4lMhwVHSA,She knew about it................🚩🚩🚩🚩🚩🚩🚩🚩🚩🚩🚩🚩🚩🚩34,UCTeN4kQlvdLHVXZDJr-hQRw,,2025-12-05T22:24:51Z,0.43099116471811266
5897f79b429d6aa74fd5bed0ea578b3a,lrwHsZ_CrIs,"Light them up.  💪🏼.  I wish I could be on those missions.

🇩🇴🤝🇺🇸",UCRM_7yPpl5DGDV_8rygdTWg,@uni8091,2025-12-05T19:56:03Z,0.4309454773726464
2eed646a47463c016fe7862742666b5f,NlkZ2-hntaw,That would help me,UCJYLQSY5WW1lWove0eJHP4g,@karmasutra4774,2025-12-05T21:22:58Z,0.4309329560316312
219388e2937bc9b4d11a0d84fbb73d6e,a4BoCVPQB7Q,"Yeah, because it's not called ""Obamacare"".  😅😅",UCa2x-ifN-0XlOn7y6jzvXMA,@johnhoran9840,2025-12-05T21:56:33Z,0.4308627567780692
5827307aaac9fb97b398cf841868d39a,lrwHsZ_CrIs,Everything Trump does is so “troubling “ for Dems. Just shut up,UC-QftIhfu_C0F6cWdNROXKg,@lisamays6496,2025-12-05T21:04:20Z,0.4308600093770144
5ba404231fb903c76dba012dbcb529f9,ce4lMhwVHSA,ill-ham NOmar,UCj-VSksZ3KkN9GeS8gFGolg,@stevennieto9898,2025-12-05T19:11:46Z,0.43077809822378155
dbb0ba67d7098568b0dab8f05d1efafc,NlkZ2-hntaw,Florida is in more trouble than any other state in the union. The housing market has fell apart and global warming is destroying it.,UCrfD2AzGDAYXpRrbkOznWFg,@ronmcgee1868,2025-12-05T17:26:08Z,0.4306892091648189
d3a8990f0f1d50d0dd09bdadfa14c696,ce4lMhwVHSA,Minnesota TAXPAYERS want the crooked SOB'S OUT,UCNO367Iyb8RxY7YqTCGz9xQ,@frankcrenshaw7343,2025-12-05T20:22:38Z,0.4305788734005895
fda6254bb9249ea4bae76e7c84d450e8,ce4lMhwVHSA,"*Propaganda 4 Tyranny*
So you have no evidence at all, but you're going to go after them with lies and empty accusations.
*Propaganda 4 Tyranny*",UCpjjjQVE-bnp-2NE0Svu-1A,@AwkballOddward,2025-12-05T18:44:38Z,0.4304394737160734
321fa0afa6db8050ae0f8ec0c6144bb9,a4BoCVPQB7Q,AutoPen Handlers Hurt To America Will Continue To Be Revealed,UCXxa5QbNK-BYCiMgg0EFloA,@RichardTauriainen-b3p,2025-12-05T22:04:57Z,0.43043237140445156
ee8db9072dfb19edcef84ecb8b8875bd,lrwHsZ_CrIs,"Lolololol ""alleged"" shouldn't it be confirmed. Sick so glad to move away from USA. 🇨🇦💪",UCLeSSatpJ9-I1mAfrWbMODg,@urmeiamu,2025-12-05T19:46:26Z,0.43037866617418136
b0b1e007fa81fecad62d8474f47a1efe,lrwHsZ_CrIs,Awesome,UCMVaHHhVKI5cl7G78Z_O22A,@magdalenasmyl6366,2025-12-05T21:49:10Z,0.4303539888063778
530e890edf71b80c4face9ea14aec3ea,ce4lMhwVHSA,Cut all federal funding to this state until there are answers and people in prison,UCh-bC8ravLIaLwWwYQmNk6g,@GregElbert-ug9kt,2025-12-05T19:03:46Z,0.43034965608730935
11424130657b1f97f8067429323d7790,NlkZ2-hntaw,😂😂😂😂😂what has he done for you personally.,UCC5AiMD0Huaqk7pYxqKguxA,@anniegoulaheee8025,2025-12-05T18:45:52Z,0.43031966001478195
9598a4915b99554eba04fce85d306fbb,NlkZ2-hntaw,"Absolutely!  I had to forgo my homeowners insurance because my property taxes go so high.  I live in a rural area that receives little help for roads or anything else.  And by the way, we don't have good public schools anyway!  And YES, GOP needs to stay focused and get off their butts and remember that our win isn't permanent.  And the Left HATES you.  If you want to continue fixing our land and come back to what America stands for, vote, and keep your mind on the job ahead.  If you don't those monsters will eat us up!",UCZzD4-p1FMLopS8Q_iYqPtg,@djm0701,2025-12-05T17:40:30Z,0.4302716186252771
e8da6455f855f152019f521c8c504238,NlkZ2-hntaw,Next POTUS I predict.,UCAWiuZ8CZbJgAxg_LH552NA,@georgehunter1133,2025-12-05T17:40:34Z,0.43024205469327415
62d0626c692b62f67784f6efe614feff,ce4lMhwVHSA,Tammy walls is still just under 50%.😂🎉😂 holy dumb people!,UCIeURl4usdr3c6x63aRQISQ,@Rob-dp1tt,2025-12-05T21:37:03Z,0.4302393159060344
776b71cc5ad57eb92befc307f7450956,a4BoCVPQB7Q,"​@bigstick5278why yes, it does 😂",UCqSvx2bOTu2JhI6D4BmkZtQ,@Todd-nd5cl,2025-12-05T22:47:45Z,0.43022583533458547
5753c03a01cb6c8e4a1cf42c82984f80,lrwHsZ_CrIs,"The Democrats love terrorists, criminals and drug dealers. Can’t be denied.",UCRp73v6KoutcRiNrJ4MiWQQ,@alambyant,2025-12-05T21:05:41Z,0.4302205687071702
d3a184216e13a318275b705337ffc7e6,NlkZ2-hntaw,"Since you have looked through the lens of a different perspective once before,...What is the pull of the Democrats and their ideas ?? 

What is attractive about their ideas ? And what may be the reason they are able to keep as much support as they have despite being such huge failures ?",UCsjqBB7XGAZlf5ewzyTGEWg,@stricknine8623,2025-12-05T18:39:54Z,0.4301792313377679
9093fa15e974cf66b408809bb1914abe,NlkZ2-hntaw,"I am a suburbanite in Florida, and I will ONLY vote for candidates who support this.",UCIdGUozFZ18JiYcJEziyIwg,@liberh8terzhuzxur974,2025-12-05T17:41:57Z,0.4301036461225245
b89b31f47b6a98756c6cb91a6c7c3ee8,NlkZ2-hntaw,Thank you Desantis!!! Can’t wait!!!,UCmObeN0SPCEz5DgFyzPehxg,@lilitoledo615,2025-12-05T17:41:53Z,0.4301034737620103
577084c3fcc0e1eecee9e85f673aab4a,ce4lMhwVHSA,"Good, Lord! Little Timmy Walz knows he's got the lowbrow crowd in his pocket. Every dismissal from these shysters plays.. like, the devil's violin. No, little Timmy.. none of your crowd belong.",UCBDd8JxfFQ4zsE5Z9f3MXKg,@SatanSitting,2025-12-05T18:49:33Z,0.4299413001046839
28fe0444b50726e1856725d27943d2c2,lrwHsZ_CrIs,Its all about point of veiw ! Republicans say these strikes are saving American lives. Democrats say your killing people !!( who are drug runners and terrorists)!!! I say its good for the environment!! Sharks gotta eat man!!!😋😋😋😋😋,UCY42uB0cpuL8uND_oFE1fGw,@Luther-b8o,2025-12-05T19:56:53Z,0.4299149964769012
7d0db65a1137b0436ca4b5a7e2bc1d9d,lrwHsZ_CrIs,I just love this new series of busting Biden and Hunter's buddies .,UCJrXUOK4v4wwyPUqTVqpUBA,@Freeanroaming,2025-12-05T19:55:42Z,0.42974715693039334
8d0d69e25c39cde7ddfe88244b7591d1,lrwHsZ_CrIs,Should of triple tapped,UCBINNR1O7r7EEUXVMi3cgjw,@jacobodom8053,2025-12-05T19:15:16Z,0.4296615319734406
c7aa6045ea984115e19cba4ce3f2c683,lrwHsZ_CrIs,"Thank you, President Trump, for the expected stimulus check from your tariff windfall. 👍",UC2pDnsnToCz9zN8gb6VCN8Q,@jacklyke7731,2025-12-05T20:50:07Z,0.4296550938461272
feb12497557b19a9b3731210bd0c8747,ce4lMhwVHSA,Ilhan's net worth is in excess of $30 MILLION.  She makes around $175k per year....HOW IN THE F**** does this happen??????,UC9SX2zR4bdekAFgqmNh8Edg,@b-man1232,2025-12-05T19:42:01Z,0.42949023803258857
9553420bd0c4d8d5dadbbfc35d8ef2dc,lrwHsZ_CrIs,SEE THE COMPLAINERS IN THE DNC...AND NEVER  FORGET THEM AMERICA...,UCOvOseV19N_oRXoDLUYqfCg,@mel-x2e5u,2025-12-05T20:32:06Z,0.42943762496216764
8960ac6913d467c2250c3f6d16c1a407,lrwHsZ_CrIs,Sweet,UCHj_4BISQxWuUDSwq0BIV_g,@BomberMay,2025-12-05T22:56:13Z,0.4294116774462634
45340565666c010f10ac101baa7a97e7,a4BoCVPQB7Q,"Sir, explain to yourself, not me, how a grocery store can lower prices when you vote for higher tariffs on your meat, vegetables, cheese etc
+ tariffs on the materials those companies import to use in their business.",UCm_PR4oVL-yyehwIsblNtmA,@mr.v3061,2025-12-05T22:46:43Z,0.42938969300971763
c596214bf98db070025550db2dd6ac85,NlkZ2-hntaw,"If they get rid of H1b's
Then, the Republicans will win and the midterms..",UC8Xxf5xxWVK9gOu1EAUSUHw,@DeathVRGame,2025-12-05T18:10:20Z,0.4293774705324187
a021ac0c79eb0517353478f05e1d789a,lrwHsZ_CrIs,"Pirates on the high sea are subject to summary execution and have been since the 1600's. If you target a pirate and miss with your first volley there's nothing preventing a second volley.
    Even when the British captured pirates alive after an engagement they still hung them. The fact that they were lucky enough to survive the initial battle was of no consideration.",UCkWDUBryrjfk7ES1gCsA7nA,@allanlavigne7249,2025-12-05T21:19:02Z,0.4293502088625303
d101ceb7d26e6aed4cb8a598ef9a15ea,a4BoCVPQB7Q,This is not news. People disappearing and being found dead in our national parks is news AND YOU DONT REPORT IT. SEND MY CHECK,UCls6_y3uRnFuD_Lm1yJOmxg,@johnq8362,2025-12-05T22:09:20Z,0.4290429782821189
64e0aaa00e56d3898007753b42acbef5,ce4lMhwVHSA,Why in the hell do they kept voting him in so why complain,UCioVYC14hZJMWikcq8VFfnQ,@PatriciaAllen-b6x,2025-12-05T21:54:57Z,0.4289602662195642
d78dc204ab4fdaefe08c986acc6e356c,a4BoCVPQB7Q,my daughter started talking fast like that i scolded her,UC5i3mB-ojXIqA8BVL63vfYw,@julitasroom2843,2025-12-05T22:45:36Z,0.42875115362265825
8f6bc61d7f8ed8f818b443d3149b5415,NlkZ2-hntaw,I agree the Republican Party is not moving forward,UCVO79BfueJ08SyInOhK9-rw,@Godblessamerics2025,2025-12-05T19:43:19Z,0.42870024398248147
e2b4186bbcdc0825f705dc3538592dc7,lrwHsZ_CrIs,The navy needs to use big bombs...... one and  done ... no fish not big enough.....,UCXdNqPxcLe0lDrrgvota6rQ,@gordylester3905,2025-12-05T20:52:13Z,0.42863042684295904
cc26645c36b0677d1640aac5266c2c36,lrwHsZ_CrIs,Why tell us just do it,UCYbYpJadaMM0VdqtwWCFbtg,@MReading-y1l,2025-12-05T20:07:15Z,0.42857323794834884
499c76013bc8f6b21681f27ec2719d2a,NlkZ2-hntaw,I really like Desantis. 🎉,UCYGUC5g_ygmA866qVgH8ZOQ,@DRochna-hh2je,2025-12-05T19:47:25Z,0.42846072039945016
563789fb15cbb19f3da15be4e43fc577,a4BoCVPQB7Q,"Do you pull that around social security and don't pay any taxes?Nothing is helping.Groceries are still way way too high.\nYou say it's getting better.The only place budgets getting better for is the rich people, not the poor people.The poor people are still suffering bad",UCCN9bNhyjpy3ehmhkBZqyfQ,@gilbertsmith2104,2025-12-05T21:54:58Z,0.4283399064325304
08ef519beb8ae68e02130e4a7be7e1f5,ce4lMhwVHSA,Somalis are seriously embarrassing themselves.,UC9rm2-9ZncMxUyR0zkA9PyA,@kevinf497,2025-12-05T20:22:31Z,0.42832306157892874
029aafff3a2f420744f0f26b908eecb7,NlkZ2-hntaw,Never understood why paying taxes on land my home is own. The government does NOTHING to do anything with my land.,UCh2CsfdBxVs6soBAU01x3VA,@VforVendetta13,2025-12-05T17:58:48Z,0.4282528947348112
5a4ee57ec21da3737224ccfdd2843375,NlkZ2-hntaw,Why does anyone really believe in this bs?,UCk5bnking3QAte5XW_32hCg,@Enzo-v1c5i,2025-12-05T21:25:08Z,0.4281808264708741
7d5a6759431790b8e2d6d44d1e8c9104,lrwHsZ_CrIs,We are getting what we voted for. 4 more democrat grifters take the room temperature challenge. Keep it coming !!,UCcj3O7miPBuHHF8HyzVXDrw,@charlesmurphy1093,2025-12-05T21:44:54Z,0.42809744638799063
9b2b99788f53e383e63afec9d78d631b,lrwHsZ_CrIs,🤣🤣🤣🤣🤣🤣🤣🤣🤣🤣🤣🤣🤣🤣🤣🤣🤣🤣🤣,UCbd2VhFwPqkvquky1YdtSjg,@robertrusnak620,2025-12-05T20:09:42Z,0.42798883358937445
c36634a3799c7bc989fb08214e330681,ce4lMhwVHSA,stop saying $1 billion it’s $8 billion now 😂,UCyIDkeJJJjZ8k097bSIYLIA,@mitchberisha6025,2025-12-05T22:19:12Z,0.42793711353556
c83e0500a37fe0abf74871311d78a1fc,ce4lMhwVHSA,How much money went into Tampon Tim's bank account?,UCDMwgrMIIW3vje7o5saiXew,@waymonhutto2274,2025-12-05T20:02:42Z,0.42793469997372213
6349f848303076812014b102721d8cf8,ce4lMhwVHSA,Just think if you owe 1.00 in taxes and don't pay they come after you but millions can defraud the system and get cookies and milk,UCEy0zZUBzcQZfCh1K-DUamg,@sandrasibley1742,2025-12-05T19:38:27Z,0.42792658346476786
4c8fdf844bef49c8ca96b7dc73752693,lrwHsZ_CrIs,"Being a DUMACRAT is ""troubling"" enough!",UCakGMfOKYtFD85vadE0ncVA,@AllenKalaiwaa,2025-12-05T19:36:47Z,0.42792288819374696
72996a301e850bb6b78f18091d9631ed,NlkZ2-hntaw,"Jackson county Missouri, some home we're going up by 100% or more, we fought it and the courts found Jackson county didn't have the authority to increase by that much. 

Big cities recklessly spend money on social services and have to fund it somehow. 🤬",UCMb6dfnWfAxH3b9WyTuGa2A,@DevMeloy,2025-12-05T18:06:05Z,0.42772374153274545
95aea4906571e1c869de912875a8dffd,a4BoCVPQB7Q,The fact that anyone is still receiving participation trophies is absolutely insane!!!,UCuGAccKAO0csFFZSAavlXyg,@AeroMetalRush,2025-12-05T21:47:16Z,0.42752714727918434
00d6f3d1b11fe25b1a0495232dc007f0,a4BoCVPQB7Q,You just summed up MAGAts in a nutshell.,UC1K6jBYLly7LD1GvH31uJ9Q,@TheSmartWay888,2025-12-05T21:50:49Z,0.4275228210615979
e39633e84b2307cebbc33d55d3288e8c,ce4lMhwVHSA,Are there fair elections in Minnesota????,UC80v_tf3280u4CJOn4w-30A,@lavonnekelly9173,2025-12-05T21:34:38Z,0.4275060045511765
7d7ad514f4b4a4a592326dfdbb7a8244,lrwHsZ_CrIs,Somebody not getting their dose of fentanyl !!,UCBTkIvYSZuzf0uFKDFa-_LA,@UKsoldier45,2025-12-05T22:48:41Z,0.4273212926879253
acff095ff8cef3cb63c23217d364721f,lrwHsZ_CrIs,What a idiot ship wrecked sailors😂,UCBINNR1O7r7EEUXVMi3cgjw,@jacobodom8053,2025-12-05T19:14:35Z,0.42724781436524256
80b43e720d211734e755a41c47630f3d,a4BoCVPQB7Q,Kinda the GOP mess ngl,UCUMjr51IH7WYuKuQ_W-_QFw,@natesbored,2025-12-05T22:30:39Z,0.4272230884378482
eb374e07642df340baa94dcf32d57114,ce4lMhwVHSA,THEY ARE NOT FOR U.S.! WHY ARE THEY IN OUR CONGRESS??!,UCO1hsVpqYdTLt_9oruldsOA,@m.allard4057,2025-12-05T21:55:02Z,0.42703621984899454
62f63ae76c5b0b82b4241790e7ce613a,lrwHsZ_CrIs,Dems are mad cause they miss their cocaine supplies…………and the money they receive for protection,UCDWdumV9jVkVrXPQf-nZ5lg,@jeanierides2232,2025-12-05T21:46:59Z,0.4270328748560558
79c46abf780e2ea9efc1f8447dcc42b1,ce4lMhwVHSA,"I hope they look at Deerbrook Michigan.
Same stuff.",UCjqZciFZrG80237qZtFj4eA,@ricardocarmona5210,2025-12-05T19:26:05Z,0.42694327987921776
6f3aabe496da744a1fc67b38e2e8370e,lrwHsZ_CrIs,Get more boats. 🚤 stop the fent. TY Pete 🎉,UCZnoe5j6yjwy2Z7j9BDlpaA,@carloscegelski4914,2025-12-05T21:55:22Z,0.4268524212809285
90c657e4093b67ac7c1a2972715b8fa9,ce4lMhwVHSA,"Play a quick layout of the case, more often. Work it. It's a miserable play.",UCBDd8JxfFQ4zsE5Z9f3MXKg,@SatanSitting,2025-12-05T18:44:34Z,0.4266595347228663
d0918f000ad6d2f648eacc91f9a6e9ee,lrwHsZ_CrIs,Nice,UCEmEHlM4Hg7cG6fz8e4nOIQ,@willj535,2025-12-05T22:40:11Z,0.42653780165230515
08122b666a27cc2660f3e7f069045be4,ce4lMhwVHSA,What was it 2 months ago it was reported that all the sudden Omar was worth $30 million? It's not a puzzle . Omar is a ratchet Somalian scumb bag and it's just insane she is a sitting congress woman. What in the name of God is happening in our country?,UCTGne6xF1PH_a6VgIuw8OKQ,@TimothyNickel-j5q,2025-12-05T19:07:51Z,0.4264532203836571
425ce58e6bd73423f1d206620b4e41d1,lrwHsZ_CrIs,You keep coming back now you hear !?? Keep trying to poison my kids and grand kids Maduro!!🇺🇸💥🚤🛥️🚤🫵😠,UCowPYvagfgj_c7qwVGodb2Q,@invinoveritas6859,2025-12-05T20:03:00Z,0.4264260965401885
285e12d02f91440e685f11eb40ec2400,a4BoCVPQB7Q,"@mr.v3061 Buy producing food at home, more on.  But you knew that, didn't you, Dem?",UCYPXtMslU5TNE-RzzAQFGBw,@FlipDahlenburg,2025-12-05T23:15:08Z,0.4264094971800679
d6d17183368524992f627f50bf024637,NlkZ2-hntaw,this guy would be a great president,UCuIZwrOWJdr8NQoOA3E0YFA,@RandyReacciones,2025-12-05T18:56:56Z,0.42613206019436256
f1066724e226d24c114f2c5beee7923f,a4BoCVPQB7Q,how cuz we dont hate zodi already won that way,UCmjQRS1pH1A87BkzxKrX6VQ,@qqqqqqqqqqqqqqqqqqqqqqqqqqqq54,2025-12-05T22:05:50Z,0.42608121203563953
da1f3d19640172135cadf9a66ea803a0,ce4lMhwVHSA,That mother puss bucket needs to be in prison. Let's elect him for prison!,UCC8oXnQpqHFeBXpIbYq4nZQ,@ericlewis4783,2025-12-05T22:48:51Z,0.4260776295564843
ce18399a79708fd0399ee20c7281fcd2,ce4lMhwVHSA,Ilhoot is a total LIAR AND CHEAT.,UCakGMfOKYtFD85vadE0ncVA,@AllenKalaiwaa,2025-12-05T19:38:29Z,0.4259262778735329
47b1ad2988e5a037172f19b42998d671,ce4lMhwVHSA,"WELFARE was intended FOR US CITIZENS !!!!!!!!!!!!!!!!!!!!!!!!!!
This has to STOP !!!!!!!!!!!!!!!!!!!!!!!!",UCREzd_hIP92_wI5K1TKjwDg,@darknes7800,2025-12-05T20:39:40Z,0.4257368565855567
ade51750567f94daea9bb218bf423a42,lrwHsZ_CrIs,Thank you Trump,UC6Woz0BS0B582fX84CEzvfQ,@JB-pq6pl,2025-12-05T21:58:14Z,0.42562600530999706
a83ad40b48fdb682f52ddb5a7af12a66,ce4lMhwVHSA,Someone needs to go jail,UCI8kPN4o80-CK_VPoV35XgA,@DavidPerez-dv7qb,2025-12-05T18:48:53Z,0.4255595713920276
d5de5fedab51663e7480feffc0786612,NlkZ2-hntaw,"Trump is a disaster for America. His tariffs have caused prices of everything to increase. His dithering has caused the Ukrainian war to continue. 
In January, EVERYONE loses their healthcare. Not a single thing is better since Trump became president",UCoYJQdrKWt6lO9tO1ZSbtAQ,@stuartconway6946,2025-12-05T17:31:23Z,0.4255570979085693
c11d9aab5c3f2409b8f02faab53ee2f7,NlkZ2-hntaw,❗When is meatball going to pay back the 10 million dollars of tax payers money that he stole❓,UCZHHzf2q57b9ygeQskJ6nNw,@half-breed,2025-12-05T17:37:47Z,0.4255456899741028
da167e83c839c41a2832b1db304b4ebb,NlkZ2-hntaw,Inflation was out of control under Biden’s watch,UCiujhp7QL7B4qMHragb2usg,@ceocommunications1248,2025-12-05T17:26:59Z,0.42553030303030304
7779effb5f6c8078dad18640be0e583c,NlkZ2-hntaw,Thank you DeSantis. I was mad when you tried to changed our history but we are on border with you. And we will never vote for an immigrant to be our governor.,UCwO5jMtv5h7IFzNqrIFj7Sw,@JaniceRidgeway-c4u,2025-12-05T17:31:28Z,0.42552845528455285
ea2807ee5b859e4ba4b155e807301b67,NlkZ2-hntaw,They shake us down for money and offer us protection.,UCMrjzCQHSgo1r-dS9bVe7xQ,@billkelly7973,2025-12-05T17:35:55Z,0.425523202070623
04bcf035061df67fed0d2d66f1360292,NlkZ2-hntaw,Ron DeSantis is a future president.,UCaJp9Yn4cEffctOtAVq3zAg,@leslieromeroramirez5765,2025-12-05T17:37:52Z,0.42550813008130073
fabf484eebe3593a2e60b4bc42f0c0cc,NlkZ2-hntaw,"Yep DeSantis, he’s right what he saying! And best republican! Newsom the girl cry and cry too much!!",UCqACwIAKm3fZIWFL8qjVo8A,@rosaelinav8036,2025-12-05T17:27:04Z,0.42550813008130073
0352ff36d4a583a379b9ffa69355096b,NlkZ2-hntaw,"America do not let them Democrats fool you they’re gonna do the same thing they did in 2024 so let’s not let them back in there. I’m gonna vote. Trump ain’t gonna be on the ticket but I’m gonna vote because it’s very important in the midterms, so let’s flood the pols in 2026.",UCcGVwkAS0EWigy7K5KTRiXQ,@Marye-v2o,2025-12-05T17:52:04Z,0.4254918714845284
f83693475d3f0edfae86611ce99ad77c,ce4lMhwVHSA,DOGE these clowns.,UCzcPHuIlGaunfay1mwzSRHQ,@obfuscator,2025-12-05T21:42:33Z,0.4254866448095139
762d13b80f935c7736798df250ae0d5a,NlkZ2-hntaw,Is trump dead yet?  The champagne is getting warm,UCCupdOX4iuGaByUZpxW796w,@rsd1954,2025-12-05T17:31:33Z,0.42548306496390886
a29bc0e250d6c21d9a692c801bce436f,NlkZ2-hntaw,"I have a very basic 4 bedroom colonial built in the mid-80s.  When I moved here in 2004, my property tax was $5,000..... it is now $13,400.  That's an increase of 168% over 21 years. 😭",UCRF31ersViUd1kegojMZKCQ,@jables3377,2025-12-05T17:27:23Z,0.42547487065779743
f998a0dd965bb4fc1b81925b5ebafba1,lrwHsZ_CrIs,"Love how the White House is covering this. They want no nonsense, no games from the Democrats and total transparency is infuriating the Dems as they can't play their little tricks and make false statement on Legacy News outlets and get away with it.",UCPJn2p_48xQ7q2ctoCpD4pw,@geterdunn2733,2025-12-05T19:57:43Z,0.42544566660367034
fe06739cf5e75c0350acc75bda76c51e,a4BoCVPQB7Q,The only bucks stopped by Trump are the ones he can pocket.,UCgod1jVuJszOWSj2V8LBvgw,@Bof-k6h,2025-12-05T22:48:51Z,0.42542473136244185
eab2310fef3a99ac433603f74916d1f9,NlkZ2-hntaw,...waiting in at the food bank.,UCCupdOX4iuGaByUZpxW796w,@rsd1954,2025-12-05T18:02:54Z,0.42539607625393294
b1d2e1b132de8f5e7f0f14939adc37d8,ce4lMhwVHSA,Lol the squad profiled  as well everyone knows it,UC5V00hfLK5lqFxFyp-KcITA,@DanielleCody-f4o,2025-12-05T20:35:12Z,0.4253692025283523
c47345bbfbcb9fecdf1af1d7974cb0db,lrwHsZ_CrIs,Poor brown people,UCwKjvrYjBBFQuRgjLiyCK_Q,@ultimtsacrifice,2025-12-05T19:38:17Z,0.42536250497629546
62b161582260f8ec7b57fd792b870605,a4BoCVPQB7Q,You are incorrect.  The market place insurance was no good.  10000 deductables and the coverage is lousy.  They want to send the subsidy to the people directly.  You can go to bill share companies for coverage and they pay everything. No deductable. Either.,UCx9LsEGiuxndy5xs64AE6Qw,@ongodside,2025-12-05T22:28:36Z,0.42535870207306464
ad5c7cf96b4618cf01467a456cdb6058,ce4lMhwVHSA,Why is that broad still in congress then ?!,UCd0FE0D79RXOEKL0eEq4N8Q,@isaacchavez5702,2025-12-05T22:08:52Z,0.4253149448362442
b62857c51c5165658d06410f4e017416,lrwHsZ_CrIs,Why would Dems rage over this? Wouldn't they agree if this helps remove more drugs out of the US?,UCOWyzyJefOVuYgRbs2h4VIw,@cwlktadis,2025-12-05T21:47:21Z,0.4252004393917624
393380fce28bd3f1d6792957bcf8bdb5,ce4lMhwVHSA,If it smells like a turd and looks like a turd it most likely is a Turd.,UC2arOYlRJOw_3L58Ygs9U1Q,@jamesrichardson1,2025-12-05T18:41:53Z,0.4251430559978708
189274d4e057f5e832e55cbe194dabe9,NlkZ2-hntaw,I think we the people should vote on that,UCcGVwkAS0EWigy7K5KTRiXQ,@Marye-v2o,2025-12-05T17:47:49Z,0.42512010598273
4ce007681d0dce80cbf3d99563614866,a4BoCVPQB7Q,"Don't worry, Trump bailed out Argentina like you voted for.
Also unlimited support for Israel. 

you didn't actually think he would care about a random voter, right?",UCm_PR4oVL-yyehwIsblNtmA,@mr.v3061,2025-12-05T22:51:02Z,0.4250702147063993
5de7620bf65fa08dcc349782dd45eb35,lrwHsZ_CrIs,"THEMs are deeply anti America. That is the bottom line, folks.",UCbIiCSId6hfR4Ob730-ACWg,@lgflanang,2025-12-05T20:30:09Z,0.4249852443687353
b64148625404b133225bf68034f7b25b,NlkZ2-hntaw,Amen brother !!!,UCteFfhhbjDhiKf8yX3cD8BQ,@NoGarageGuy,2025-12-05T19:51:09Z,0.42496426170730994
d375229aff2bfed3ef87e5eb2fadf1a1,NlkZ2-hntaw,100% agree.  Air BNB and part timers are driving up housing cost in these areas people are coming to.,UCkuEOJvIFlTqRwynmf5trtg,@drb_tn,2025-12-05T18:04:37Z,0.42488138925745217
86a94dc68d6d46c7e0fc6a4fb7ebf9e2,a4BoCVPQB7Q,"​@CharliesWorld8647
""Official Status: Federal authorities have not released any information confirming Cole's political affiliations or motives.""

But I get it. The truth doesn't matter to you.",UCMxOKc7VLY9g-AsYeKwv9Hg,@daveruckert7926,2025-12-05T21:56:52Z,0.42475250696007005
86a94dc68d6d46c7e0fc6a4fb7ebf9e2,a4BoCVPQB7Q,"​@CharliesWorld8647
""Official Status: Federal authorities have not released any information confirming Cole's political affiliations or motives.""

But I get it. The truth doesn't matter to you.",UCMxOKc7VLY9g-AsYeKwv9Hg,@daveruckert7926,2025-12-05T21:56:52Z,0.42475250696007005
1be61cc0100f4554e8a244a2b4503ee7,NlkZ2-hntaw,"I agree that when you buy something, you should ""own"" it and it shouldn't be further taxed.  However, I can see were wealthy individuals could take advantage of this loophole.  For example, people who rent property and conduct business under the, ""property tax free owners"" would eventually lead to the raising of property taxes of non-business tax payers; which would lead to fewer ""homestead"" owners because the landlords aren't paying taxes on the income generated.  (This is probably where the term, ""Landlord"" originated from.)",UCFGv7LXAbNgLPORuaSVYQHw,@user-in9bv7ou6s,2025-12-05T17:59:34Z,0.42474210194375295
9654d85b6307bc5fd5fac42924138763,ce4lMhwVHSA,"Lock em up period then send em back, if somali garner illian's bank accounts then send to Somalia",UCQ19NKU8R8iP4dqzv-KbAaA,@lewislakner2081,2025-12-05T19:08:27Z,0.42465433734604763
9f36b2c4deeca39c7ec4582f3db89afc,NlkZ2-hntaw,I live in a  10 million dollar home. The $150k I pay in property taxes are killing me. All my neighbors feel the same. I can't wait to defer taxable liability to all the poor saps who can barely afford rent. Let them eat cake! I love Liberal math!,UC3i61_TwzHy-cxiRgXGgwxw,@KM-yx9gh,2025-12-05T20:11:45Z,0.4246269294905958
3a986c18dbf97ecdc346febc74267cc2,a4BoCVPQB7Q,After shutting down the Federal Government I highly doubt Schumer has credibility left.,UCiEbMX-9RNkk_Rfy3QZ85uw,@lukemn29,2025-12-05T21:49:45Z,0.4245609234340065
273716a5b3993bb49045c99a36c7d4ab,ce4lMhwVHSA,This guy is going down rich.This guy scammed his state big time.,UCQi86xJudjVJCrDbwtLJKSg,@RonMazyk,2025-12-05T18:42:28Z,0.42454515146242155
735c592eff049949ed7c062b733ca63d,NlkZ2-hntaw,Boot lifts still around 😂,UC9avub1GVTMG7foNUn8yT_w,@dumbernews,2025-12-05T17:47:09Z,0.4245207213588795
5dfa73f142206389c841de0ba8322a1e,ce4lMhwVHSA,"[OVERHEAD IN MINNESOTA] ""Tampon Tim is a bloody thief"".",UCzTJBQGJNHKHsbaJAYx8GQw,@BuzzMediaUS,2025-12-05T22:27:17Z,0.4244949299584866
62253ede519757e3ee148e412ca00711,NlkZ2-hntaw,Same with yearly vehicle registration. Its a scam.,UCUrIh0lrL9SQ1vjFloys08A,@Noblewar,2025-12-05T20:44:06Z,0.4244028431591856
e2432ccc609327498e4ea5840a01b33f,ce4lMhwVHSA,Denaturalize and deport,UCzWbdy6S3B7kvndiNrC6JzQ,@Nothing-hp3zq,2025-12-05T20:39:29Z,0.42434450307865756
d11ec8c51f87f13e92e5fa3a7b8d01ea,a4BoCVPQB7Q,"the subpreme maga kangaroo court is out to inflict pain on americans, not follow the constitution. bonespurs will be gone, we will stack the court and be done with with the racist maga cult, that rewards billionaires while taking away healthcare from the needy. they are the worst court in ALL of our land  - we will stop this coup at mid terms",UCGTJbZ9ONLnF1wT6YGd9Auw,@johnnyt3973,2025-12-05T22:08:12Z,0.42421157073657756
26667f26b3aa1bd54dc94cbe47ddff4b,ce4lMhwVHSA,"No election for Tampon Timmy Waltz, jail term for Tampon Timmy Waltz.  That's new jumpers in his favorite color,3 squares aday and at least a term of 20-25 years.",UCYAtW2xXlR23de1UcqpamSA,@ralphallen1084,2025-12-05T20:50:24Z,0.4240589376845151
eb752e8fe39d136bb17cd7e12a4bcab8,a4BoCVPQB7Q,"How do Democrats get away with those statements. Who listens to them the ignorant people only. Meat prices doubled during the Biden administration, because diesel for trucks went up to 5:50 from Trump's 2: 85 in the previous administration.",UCPLhgZXY1HFJxAtr0SPrWww,@joemartin09,2025-12-05T22:55:28Z,0.4240532352439323
adc1f716c17469602394bd62f555bdcc,a4BoCVPQB7Q,Pot meet kettle,UCLxf7BbSIQzwlp-4Nzd76zA,@TheRorschack,2025-12-05T23:04:22Z,0.4240014652046504
5574484646516a8f0cdf4d79efa3f73f,lrwHsZ_CrIs,"Democrats are upset that their kickback money for protecting drug traffickers isn't coming in.  Most normal Americans want the drugs to stop coming in, only those who are profiting from these drugs are against this action on the high seas.",UCc-twOFDH-Euw6RKFcYxTuQ,@straydawg461,2025-12-05T21:51:56Z,0.4240004676100644
6d610ffa5e918c22ddbf0d49f1834a14,lrwHsZ_CrIs,May they rest in pieces.,UC86VC8V_UfEeDBPvfRRbU7w,@pat98708,2025-12-05T19:57:36Z,0.4238011907285519
4d2fc287af5d55cf42cc0b5018d379d7,a4BoCVPQB7Q,BIDEN NOMICS almost destroyed our country and economy four years of 25% inflation and no job growth except government jobs! That is the only jobs the i don't know sleepy Joe Bidens administration created!,UCdD_oHsX8KB62xQLdp5Vi1g,@michaelwhitewolf10,2025-12-05T22:10:46Z,0.4237675171351282
8d4b92d605bfe97106eb18be2b778acd,ce4lMhwVHSA,The Somali community will cover for each other. Follow the money.,UCOYCp5oSnW0iPxgWl0ZQ9iQ,@patriot1294,2025-12-05T18:59:22Z,0.4236467323072606
bdde529d217f05045ae18adc9d3afb63,lrwHsZ_CrIs,Nice Shot!💀☠️👍 That hit alone saved alot of American lives,UCJv8R_nZXEwwMCUyL2SawpQ,@bretrodrigues475,2025-12-05T19:58:08Z,0.42358036037667574
c27a34153e05de8bd6ffbcf1cbf7bf70,ce4lMhwVHSA,Are all Democrat politicians crooked ?,UCZYTXNDk7rz7b9NY8hHqlcA,@BradleyNelson-db7qf,2025-12-05T21:34:29Z,0.42354819734922033
1a83f5fd8dd1676e5b6dd7dbc1bce8cb,NlkZ2-hntaw,He's evil,UCRCyJ_1oQabOXse2WhWw2RQ,@larrysmith665,2025-12-05T21:16:08Z,0.42354032785223633
5b36762e7716eca9c4c3e81d63367d20,NlkZ2-hntaw,They are weak and compromised.,UC8imZtAF0buqlVTH6w6h4Cw,@chrisdent9669,2025-12-05T18:36:25Z,0.4235379243603601
74499eb4fc146a468d7b951062edea1d,ce4lMhwVHSA,"Of course she can’t remember. She’s going to protect Somalia from within the United States. She’s not gonna get herself dirty. I’m sure she knows everything that’s going on, but she’s gonna keep herself safe. I hope the hell that they can catch her.",UCnyHL7AE5EBLBZgby24LLtQ,@janettepainter4453,2025-12-05T21:42:54Z,0.42345768961499386
667fe5a41508a69fe0e280e08e1642cc,ce4lMhwVHSA,When are these Politicians going to be Jailed ?,UC18M0MxOMj9G9GyfkLJR_tA,@Fred-y8w,2025-12-05T22:08:43Z,0.42345234314062563
19b6e6ea9c90af4f25111f4e2abf4aff,a4BoCVPQB7Q,"Schumer has never been in a grocery store, lets be real.",UC5-ABN7KPLqeYetHmCGZHOw,@ronderushe,2025-12-05T22:08:23Z,0.42343492247905123
d976ce97a5cf8d5d3ecc9e361323ebcd,ce4lMhwVHSA,I heard Ivanka was also connected,UCZb777DMB5rqO3zHnapML7A,@mightybruno,2025-12-05T19:55:16Z,0.4233740091301861
c709e32bb67c919638cac866e7a7c689,a4BoCVPQB7Q,Schumer be gone.,UCLEiXEEiM24CmsryDtUoJnw,@Betsy-b2r,2025-12-05T23:00:20Z,0.423362379684887
34827fafe258f0462903cefa76609855,a4BoCVPQB7Q,"@robertsharp3238 Please don't reproduce, Bobby.",UCYPXtMslU5TNE-RzzAQFGBw,@FlipDahlenburg,2025-12-05T23:16:21Z,0.4232246247609116
f863c4de14a69f1d3a88adb7206d13d0,a4BoCVPQB7Q,"It's slightly embarrassing that you're trying to hold Trump accountable while you put ""MAGA"" in your nickname.

Trump wants absolute loyalty and no pushback.",UCm_PR4oVL-yyehwIsblNtmA,@mr.v3061,2025-12-05T22:47:48Z,0.4232122821136532
235c5a4b05d38c817059a23c5fbeb3d1,lrwHsZ_CrIs,Dead drug dealers are a good thing. Tap tap Pete.,UCIdGUozFZ18JiYcJEziyIwg,@liberh8terzhuzxur974,2025-12-05T19:10:11Z,0.42311167591316756
b8a824b3591c2ac52bb10c517d406a97,a4BoCVPQB7Q,"Exactly, it's not like he solved nine wars. Chuckles never got a FIFA Peace Prize.",UCzjkMxm9IPPEvzwKZfMqTYg,@Foxtrotechogolfcharlie,2025-12-05T22:05:22Z,0.42309530480369856
d108326132552b8e21a015e5fafd1373,ce4lMhwVHSA,Just wait until somebody audits California...,UCAtRH_FMYBx66jAubqX1twg,@blackmetalmatters9101,2025-12-05T20:14:02Z,0.42307521837668527
f1e2e0b0631c8be17c0e97d2b402b5ef,ce4lMhwVHSA,"Inside ICE Detention: Stripped, Shackled, Starved - The New York Times Opinion and The New York Times - YouTube
We heard it over and over on the campaign trail: Donald Trump’s promise of a crackdown on criminals and undocumented immigrants at a scale and breadth this country had never seen before. Immigration and Customs Enforcement, commonly known as ICE, has swept into American cities and is detaining more people than ever before.

However, 71 percent of those held in immigrant detention by the end of September did not have criminal convictions, according to the Migration Policy Institute, a think tank focused on immigration. Many law-abiding immigrants who followed the rules in their applications for visas, green cards or asylum are being taken into ICE detention centers.

In the Opinion Video above, meet three people who came to America legally, only to find themselves in ICE detention. They followed the rules — but it didn’t matter.",UCOlnVMMaCwpT6JQqgYH92vA,@annviolet4727,2025-12-05T18:52:22Z,0.42304365568535174
1ea8e87c2b8b0fc668e28e8eb06be2b6,ce4lMhwVHSA,Let's be real. Nobody is going to do jack squat. Thier all crooked politicians taking care of crooked politicians.,UChSFit3ya4usLgaQzf91o7g,@stevecofer8207,2025-12-05T19:33:15Z,0.42296209229776044
046a112ce8408c28047a7cae0bfde296,NlkZ2-hntaw,Zzzzzz,UCmYIDuuwrpsu5J7HqJj16hQ,@swiftnezgaming8086,2025-12-05T19:01:26Z,0.42281305278748255
979a9d66c1fc9f8c7b00ad0e3ff8c4e3,a4BoCVPQB7Q,"Dems are actually doing something, sad to see Reps not committed to improving affordability",UCjVVMGwg9Wcef8h1UKYqtGQ,@rodrigovassalo4004,2025-12-05T22:47:37Z,0.4227623062678021
0e81ec9298e81439ce5b773049b9f61f,a4BoCVPQB7Q,Nobody gives a 💩💩💩 about Schumer’s opinion,UCUlGUkYCWFIPOWc4vM-rR7A,@porfzuniga4506,2025-12-05T22:31:06Z,0.4227270903196956
cfece2395e8350421ab024372c97735c,NlkZ2-hntaw,Trump has ruined the Republican Party,UCunC-Vz-EbOihsEb1Yf0jxA,@Andy28-i7y,2025-12-05T18:22:02Z,0.42270817201882094
bfe1ad65bd05fe3f5684be558fdecbc6,lrwHsZ_CrIs,"I am AMERICAN, and I APPROVE these strikes!!!",UCDuA-0yP9fQDfhtrZZZJHYw,@mr_trigga-time,2025-12-05T22:54:20Z,0.4226308284132835
d011d79ddaec7b69976cd752e62c1e6b,ce4lMhwVHSA,They aren't fraudsters they are just Democrats.,UCuLTnN0BWx7Wk64CcvZLYtw,@samsingh9592,2025-12-05T20:50:31Z,0.42254445467581014
533362257adf4ea97bae64947594c6bc,ce4lMhwVHSA,We need a unit to police the government,UCyDoZcHQAcx6EmdjKK50JLw,@Yengkong-h9p,2025-12-05T21:37:00Z,0.42247292014828863
23618fbc96d76f5b126bdda314fa7d9d,ce4lMhwVHSA,Deport them all and make sure Omar is at the front of the line. No Mercy. Scorched Earth.,UCpocCN0DmAbHf6lHXyL9C4w,@paulgunyan6985,2025-12-05T19:47:58Z,0.422459438580755
238d84ceeb88e7c8771ee127aaa9922c,lrwHsZ_CrIs,"awwe gee, another sad day for democrats,",UC8rDFBeJkOEz4DpS51JNqgA,@jessenone3708,2025-12-05T20:40:31Z,0.4223895045616631
4eaac58d9ce2fdee37d662658ba5003b,lrwHsZ_CrIs,"30/1/2023: Donald Trump🇺🇸 Says He Trusts Vladimir Putin🇷🇺 More Than U.S.🇺🇸 Intelligence 'Lowlifes' In a post on Truth Social, the former president referenced comments he gave after meeting with Putin🇷🇺 in Helsinki, Finland🇫🇮, in 2018 when he said that he didn't ""see any reason"" why Russia🇷🇺 would have meddled in the 2016 election, despite what the FBI stated.",UCxSmfVkmJ55x469SyvTYq1w,@nox6559,2025-12-05T22:18:37Z,0.4223515500439559
54eb93ab660183b99315f4471cc12205,ce4lMhwVHSA,Knucklehead governor.,UCtatAbbZFO8ffU__cRgNZJw,@JeffGriffith-k3x,2025-12-05T18:54:04Z,0.4222298038976151
8ea847fb3dedecf81d7561acb3e71083,lrwHsZ_CrIs,Bet there's a ship departed from China headed to the Port of Manzanillo loaded with precursers right now. Blow it up!,UCgctZngToMGlfc0V94HW1dw,@sicksteaneyen,2025-12-05T19:51:51Z,0.42218913463928787
66c69978b04a22c38a7944c24f742fdb,a4BoCVPQB7Q,​@danajohnson4480triggered you 😂😂😂😂😂😂😂😂,UCtAGTy02pD1iVWcXaHz9QLA,@JohnBalnisThePu-C,2025-12-05T21:59:22Z,0.4221875313670255
273edfc76085411dd1962434e3c3a51a,a4BoCVPQB7Q,"🤔Inflation that went up under Biden and now Trump is taking steps towards to solve it, but it may take a few more months until people really start to feel the effects. President TRUMP needs a better communication strategy and start showing some results before the dems restart another BS hoax campaign.",UC9VTLDRXpSEOec7E5H2yKfw,@marylanderWorld,2025-12-05T22:55:36Z,0.4221638254661438
647499ee504ad9c8c58996a7e0689bc3,lrwHsZ_CrIs,Awesome.  What about the Epstein files? Nobody cares about narco-terrorists.  Tell us who the baby rapers were now!,UCEoQxz3osed6rv_WE2As72A,@jasonz2201,2025-12-05T19:59:10Z,0.42205372733026525
a9093517cfa3f56a53fc89c58e1af46c,lrwHsZ_CrIs,I can't believe they are still sending boats.,UCAHRY1O9i5Vt1TKqfObpC7Q,@YahushuaMessiah777,2025-12-05T20:46:37Z,0.42201519523572295
69c15fe0dfb09ea2facdc8bc44936f61,lrwHsZ_CrIs,Americans wants them dead. Venezuelans wants them dead. End of story.,UCbZFqx3zOO5jzvwQOQq_NjQ,@Megaprog,2025-12-05T20:02:32Z,0.421931488221551
7ce02fc670fd38fecd2b121e897d3bee,ce4lMhwVHSA,"Do the citizens of Minnesota walk around with a sign on their backs saying ""Kick Me""?",UCaAmsX5iRyJ27JfngCJft4w,@charliecharlie7898,2025-12-05T19:15:10Z,0.4219046460552131
41aa9c875ea48fdf6b07ceb5c04da3d8,NlkZ2-hntaw,San Bernardino took my moms house in 2007 over a supplemental tax that she couldnt pay.,UCaXNXfkO9_p0cLLBkpmo_nw,@FTW-x6x,2025-12-05T19:05:57Z,0.4218998529927336
63e0d093a5126cbdd977332ec3427150,NlkZ2-hntaw,They are doing nothing so they can  give Congress back to the Democrats. The GOP are useless.,UCFvmbj9yMDV0G0xZiZEyARg,@strakill,2025-12-05T18:10:08Z,0.4217437690154051
7c60f368396091f0e746d8db646a5f4f,ce4lMhwVHSA,It doesn't matter what liberal Democrats do there is always a lunatic left liberal activist Judge who will let them off.,UCryZZS-xmaoOCIY76St1d-Q,@jahenry2,2025-12-05T20:39:43Z,0.42173421654552257
0a9bc199368d3dc654a8d04e71edf0cf,ce4lMhwVHSA,We’ve been invaded and had it not been for President Trump and his team we may have even been overrun. I mean the democrats were all in wanting to make waltz the vice president!,UC6tvlswBFL2gO9ZpSd-7t0w,@will-ob6vn,2025-12-05T20:00:13Z,0.42172827543841823
9fd1545647fc426613974b532e547282,a4BoCVPQB7Q,"Can you live on eggs, maga? 😅While Trump and his cabinet enjoy fine dining.",UC84oDUR7RrWWCZaAZpi8r8A,@KAZHE63,2025-12-05T22:27:38Z,0.4215990377934118
dbe2d39408256aa2c4fe226fda85bb8a,NlkZ2-hntaw,Trump should have never promised DOGE and Tariff checks and lie about them......A lot of people that voted for him including me are really upset at him for teasing people and flat out lying to people that need the money bad! That is how rich people roll....always teasing the poor and expecting their votes!,UCShd-L4NquG_SA3-IptUkmQ,@harryo2253,2025-12-05T18:02:22Z,0.4215761090125617
29d11d67e9e60ef5e835fe5794952f0a,NlkZ2-hntaw,Property tax is a scam. End it,UCpxBaWnpiApe9rHmUgRJhow,@RafiJaan-p1w,2025-12-05T18:13:58Z,0.42152871088359445
8c7fc1a833b12d83db9e13613927ccc3,lrwHsZ_CrIs,Go get um DJT n Hegset get rid of these terrorists take them out👍,UCDQqqs2NFsUtLEvPHKLL3XA,@tommyperreira3123,2025-12-05T20:58:14Z,0.42133990114129893
f6118d80b282d45513e9f2b1ddaa95f4,lrwHsZ_CrIs,This is going to bankrupt the Democratic party.,UC7LqYowx6QqAB5v8gO0ESvw,@ronkestle8284,2025-12-05T22:54:13Z,0.42129551850786995
004cb110b65ce7ad83e430b9116b21d8,lrwHsZ_CrIs,Of course they are raging they need that dope for their supporters they are starting to fein 😢,UCEh9GUtxWHvMuyOtj3gqtEg,@THESCRAPDOGSHOW,2025-12-05T19:25:52Z,0.42126819150726963
539785d4441318338e4516bc9ed0c4a9,a4BoCVPQB7Q,"CPI Inflation declined from a high of 9.1% under the Federal Reserve to 3% at the start of this autocratic madman's rule. Fell to 2.3% in April, was projected to drop below 2 and level to 2.2, and because of madman's tariffs is back up to 3% (really probably double that). Fed policy deals with inflation but a madman is sabotaging it.",UCrod9DLIVXGHeIcq63B-OVQ,@eddiemarten3381,2025-12-05T22:35:23Z,0.42125229924002444
00673ffba016d6c18f34f88ee9e6a8c6,NlkZ2-hntaw,DeSantis is just another Trump clone,UCmcpyU5l75cXRa3a54iX7TA,@greatoutdoors6074,2025-12-05T18:07:02Z,0.42120070759050554
dca191d91e70f6de0daa037fcd873af5,ce4lMhwVHSA,The stories of Somalians buying million-dollar homes after defrauding Medicare and Medicaid are crazy!!  These people need to be rounded up and deported!!,UCfAm11FLQidnxAlLPJGcq1w,@JAGoogler,2025-12-05T21:01:18Z,0.42105718751419885
52ad3079dfd93133f268b4ede4ee4804,NlkZ2-hntaw,"Trump immigration - when will the US send Trump, the son of immigrants, to Germany? He should be ashamed of what he's doing; his father wouldn't be happy if he were alive.",UCwaWe0BxmJFYp-p4u2qYHTQ,@kabirkbiri1372,2025-12-05T18:57:03Z,0.4210059218401668
6457d7fdaae2ebb031ba71cc5be89c74,ce4lMhwVHSA,Time to take out the 🗑️,UCATolgGWymawPd1L4bEKCNA,@JayeDavis-s5l,2025-12-05T18:45:36Z,0.42097543818465594
d3783d420181514badc829745c73f8f1,a4BoCVPQB7Q,Fk you people don't have a clue and if you did it would be more stupied.,UCfrSpBYlc7Zg4IIjvoMNMsg,@JimCricket-m4l-v2m,2025-12-05T22:11:07Z,0.4208942310707263
ecf58d031482e76da98a4c1ffc2cf0dc,a4BoCVPQB7Q,POOR THING.. 🤣🤣🤣🤣,UCB9-4aGQCJSwyGTRGXCl0_Q,@bigstick5278,2025-12-05T22:09:29Z,0.4205836444985114
5fe05efc540f90560e255a481795e069,lrwHsZ_CrIs,"Republican led! 19/2/2024: Trump campaign Russia 🇷🇺 contacts were 'grave threat', says Senate report. A Republican-led Senate 🇺🇸 panel has concluded that Trump campaign contacts with Russia in 2016 ""represented a grave counterintelligence threat"". The nearly 1,000-page intelligence committee report laid out links between President Donald Trump's associates and Kremlin officials. It is the fifth and probably final report into Russian meddling during the 2016 presidential election. When asked about the report on Tuesday, Mr Trump said he ""didn't read it"".",UCxSmfVkmJ55x469SyvTYq1w,@nox6559,2025-12-05T22:20:59Z,0.4205379148320112
732f6db2796cc5632c9fb248fadab52f,ce4lMhwVHSA,Obama is a mastermind.,UCujQmj6dmezGp83Ulvy4DDw,@RussellAsh-t6w,2025-12-05T18:45:42Z,0.4205202116446619
4183b642cbceb1c583acbd60d3f64641,lrwHsZ_CrIs,You would think they might decide it's a bad idea smuggling drugs to the US.,UCGF3QBosPqFw8vclO0iFyyQ,@wayneborkovich3460,2025-12-05T21:34:31Z,0.42043941203660173
9eb6b356f57146e2431c6442fc798ae0,ce4lMhwVHSA,Tragic,UC65GMHPLzSXu9na-o7dkRsw,@MsKawami,2025-12-05T18:58:10Z,0.4203645365727794
8273067bb0d15706b73216e5d8cd4d11,a4BoCVPQB7Q,@daveruckert7926 read carefully…. He believes that the 2020 election was stolen.  You lose once again.  Stop the harassment.,UCBuI2GcON8MkVlQOej1r_XQ,@CharliesWorld8647,2025-12-05T21:58:49Z,0.4203312246653611
8273067bb0d15706b73216e5d8cd4d11,a4BoCVPQB7Q,@daveruckert7926 read carefully…. He believes that the 2020 election was stolen.  You lose once again.  Stop the harassment.,UCBuI2GcON8MkVlQOej1r_XQ,@CharliesWorld8647,2025-12-05T21:58:49Z,0.4203312246653611
9bc203cd7e2e242d9475185630c6e82c,ce4lMhwVHSA,NOTHING will happen !!!! NO ONE EVER GETS ARRESTED,UCP1cO8gZqBXW9u8lEV3GU1A,@RobertFoy-s2m,2025-12-05T19:11:08Z,0.42031399944210346
cca9677d5f43e52c45e351a3107f7f7a,NlkZ2-hntaw,Taxes are illegal…. Check your constitution only in the time of war,UCls6_y3uRnFuD_Lm1yJOmxg,@johnq8362,2025-12-05T18:39:58Z,0.42029573298658135
1c02410b1d48b8d36dd4b99d354301be,NlkZ2-hntaw,Typical red state,UCZHHzf2q57b9ygeQskJ6nNw,@half-breed,2025-12-05T17:44:11Z,0.4202830188679245
794f6f2e12830aae00576c9263e1ad0a,NlkZ2-hntaw,"Florida is unique in that we can leach off of tourists and snowbirds. The babyboomers are fading fast and theirs no one to replace them. Younger generations are struggling and can't afford housing or children much less Disney vacations. We have the highest inflation in the country, our housing markets crashing, and all of our young people have fled. In ten years our once beautiful coastline will just be an abandoned strip mall.",UC4niLiWZI4XpghTnPwjip4g,@barrythomas1148,2025-12-05T17:44:05Z,0.4202827050997783
ab2139e3c5cc6204b8edd3661e349862,NlkZ2-hntaw,"​@terrihilder8217    first you have to prove he was involved in a crime Karen, meatball was directly involved in the 10 million",UCZHHzf2q57b9ygeQskJ6nNw,@half-breed,2025-12-05T17:48:19Z,0.420251572327044
8dd0c5ad4d1629594d3c9df66097f3a2,a4BoCVPQB7Q,Does this mean you're gonna vote Republican in 2026?🤣🤣,UCB9-4aGQCJSwyGTRGXCl0_Q,@bigstick5278,2025-12-05T22:08:06Z,0.42023726621378615
e98eca775154453a0dfb62e677ebcabe,ce4lMhwVHSA,You fail to pay a parking ticket my state will serve a bench warent suspension of your driving privileges and if you get caught driving on a suspension you go to jail these people steal money in the billions and not a single one has been so much as questioned by Pam Blondi cash Patel Dan Bongino as far as we know notta zip nothing but tough talk.,UC7kpvR1Sp3DGrTnMVu-drhw,@JamesLadouceur-i2r,2025-12-05T22:24:46Z,0.4201113674179281
2fa00ed7361be3484096eb03c0f76980,lrwHsZ_CrIs,THE CARRIBEAN IS NOT IN THE EASTERN PACIFIC.  PLEASE GET THE GEOGRAPHY  CORRECT.,UCPHtMK83Fc9_R0Ie2l3xa-g,@JamesTumlinson,2025-12-05T21:06:44Z,0.4200607732037037
27df676385408fe836ca5403e818f353,lrwHsZ_CrIs,Democrats better stop worrying about the rights of cartels and Islamists,UCXK4YvhqvGWOTOTNMyYL94g,@duanecrump4831,2025-12-05T21:45:09Z,0.42003133352916133
6ecebae39f05611e130c5c413f21899d,a4BoCVPQB7Q,I doubt that. They probably got their handsbin it and stole it. Proof is out there.,UCBOLFOmRtkeoCVyBn_UXyDQ,@jeffupton8898,2025-12-05T22:06:00Z,0.4197503957357974
58d33505339264008b63176fae2568c6,ce4lMhwVHSA,In China all corrupted politicians involved in with fraudulent must face execution,UCFPZCMx2zMjSQhrDkuNKcfg,@kevintran6804,2025-12-05T19:12:02Z,0.41973679400298064
bbd971a120145a81d279b20a8a7a60e7,ce4lMhwVHSA,"The punsihment wont match the crime. Ad weve seen, the corrupt judges will over turn the jurys verdict",UCrGfG3Qflwb2SlE-G7t0xcg,@0_k_1_,2025-12-05T19:36:02Z,0.41965825749475916
8570391b610058f09e69c2e1281edd2a,NlkZ2-hntaw,What is supposed to replace property tax,UC5SML9lpGgTW0PLEucLOChA,@b195-l5s,2025-12-05T19:38:22Z,0.41963128152049206
60b34dc5cdd275faa6353bfb123a3a30,lrwHsZ_CrIs,Poor democrat pussycat,UCmL3KJSsj7_N1ZBajqYvzMA,@franklinhenry8568,2025-12-05T20:27:31Z,0.41960538277877546
4aa5164988d38a1d3bfc7ad8e1db55dc,lrwHsZ_CrIs,The apprehended drug runners should simply request asylum.,UCL1N-NkB2tn5xvigrPmpi3Q,@jerrybrickley2115,2025-12-05T21:45:01Z,0.41957612344391804
1e7ab213038cec7d31be19f89381019c,ce4lMhwVHSA,Don't have much confidence that the voters have enough insight to vote otherwise. No limits to how stupid democrat voters are!,UC1zIggX5lj_Ixm2FArleiEw,@frankong6799,2025-12-05T22:40:42Z,0.41954602224040294
0dfeeb30ee4ab14f6dcc25aca8d77bb7,NlkZ2-hntaw,"So the argument is that suburbanites will be......angry? If they don't have to pay taxes? Please make this make sense. Right now, Ron is actually looking like a good candidate for 2028 because he is listening to the kitchen table issues. We don't care about bringing peace to other nations when we can't put groceries in our own fridge or can't afford a home for our family.",UCSj2xjFQJffweAih9l3ao_Q,@jaredmiller8740,2025-12-05T18:43:17Z,0.41953938754814946
98349c07febcbcde2e0417184138b184,lrwHsZ_CrIs,Well they do love law breakers and criminals more than the American people. Why you think they don't care about crime in their city's.,UCWY1sWhRHv1akOz8dMXmt9Q,@Mark-m7u6r,2025-12-05T19:34:44Z,0.41949770734457825
6a8b8c3c90c7a994a70bc288a4ec391e,a4BoCVPQB7Q,"@danajohnson4480 The Peace Prize has meant nothing since Barack Hussein Obama II received it for being installed in office. Of course, you would support Hussein Obama II for drone striking innocent Americans.",UCr1gJhjOPjllykghxCfxXgA,@elbrujo6983,2025-12-05T22:02:52Z,0.41944469326522316
6bdd14dedafa7f3a8367faee05469f8d,NlkZ2-hntaw,Look at this garbage 😮,UCtf-taFQfPflj_3WiIjHGug,@Jayjayrice,2025-12-05T19:29:08Z,0.41933555278905676
fbada87ca777b2fa6af770cb999171c7,ce4lMhwVHSA,It's 8 billion.,UChMgaUaL8c5YO7PBMO2TDCw,@EvanWyn,2025-12-05T19:21:50Z,0.41919377222449383
d05c6536096a56124f202e4f91fab0bf,lrwHsZ_CrIs,EXCELLENT.....,UCFd6gkpLOuP4VNgsKkZ8ClA,@cliffordcurtiss541,2025-12-05T20:35:59Z,0.4191919349775584
415c2194cde82b7db2bae376f10a7cd0,a4BoCVPQB7Q,Trump is on his last legs. He'll be lucky if he makes it to the midterms. We'll be lucky if he doesn't,UCoYJQdrKWt6lO9tO1ZSbtAQ,@stuartconway6946,2025-12-05T22:02:34Z,0.4190751851056963
2d76a2c55256a3b114711c66306fc49a,lrwHsZ_CrIs,"GOOD !!  This is what I voted for. The fact that it upsets the Dems, is just another cherry on top of my Trump Sunday🧡🍧 !!!",UCqh0YXbYHMTLVyEAXstxi8A,@WalterHildahl,2025-12-05T21:27:04Z,0.4189974385242766
1e72a4c1bb0a629415aaa53361e158a2,NlkZ2-hntaw,"I Don't Even Have Any Kids So Those That Don't Have Any Also Shouldn't Be Payin For Other People's Kids Education....Nor Do I Ever Want Any'
I Never Signed Up To Pay For Any Of This They Just Choseee To Take It!!!",UC_hFK37Qj24AAkFIthI1JKA,@RykerMcDowell,2025-12-05T17:56:09Z,0.4188303972653533
a86c7e08027f24c1f1e0764b6b295ba6,ce4lMhwVHSA,They still take responsibility and blaming everyone else,UC6i_xLK7BWXg1Mx5UNY94kQ,@paulbuchanan33,2025-12-05T21:16:01Z,0.4188297861506235
aacb99283f07b3eab2cda41319fc5d5e,lrwHsZ_CrIs,Smoke em if ya got em!,UCUZ_FeXQ_4RNsQw98Jj0U_A,@Mack-bc4qo,2025-12-05T21:53:54Z,0.41880157058973366
b7cb7a87998287efc3a9cc53a9c84d15,ce4lMhwVHSA,The fraudulent election results in fraudulent behaviors,UC4hS9xn8lO-J6vfo5C0Vstg,@Soundman68,2025-12-05T20:00:06Z,0.4187770969721175
d6d9c93a6c5d1638e3ad59c42613d5e5,ce4lMhwVHSA,🤬🤬🤬,UC5I7fua7kSqdHRpSefsc0yA,@janetb25,2025-12-05T20:57:48Z,0.41851442661926225
c6a032665210a96895302484137565bb,a4BoCVPQB7Q,"Things definitely are not getting better in Colorado, but Trump has nothing to do with it. Blue state blues just like NM",UCqSvx2bOTu2JhI6D4BmkZtQ,@Todd-nd5cl,2025-12-05T22:06:35Z,0.41850971572935314
fa22db09b1383a6ca2799f28a9ce8d8c,lrwHsZ_CrIs,"How can anybody be with after Trump pardoning Drug Kingpin responsible for facilitating the importation of 1.000.000 pound of drugs into the US. This was determined in 2018 and steps where taken in 2019. Drug Kingpin Juan Orlando Hernández was President of Honduras and after leaving office in 2022, he was arrested and extradited to the US on drug-trafficking and related weapons charges. In 2024 he was  sentenced to 45 years in federal Prison. Trump gave him a full and unconditional pardon that was signed on 1 December 2025. • Hernández was released from U.S. prison on 2 December 2025.",UCxSmfVkmJ55x469SyvTYq1w,@nox6559,2025-12-05T22:37:02Z,0.41844590152752503
f7bf248dfb9398f9d6a6f0fde9121fae,ce4lMhwVHSA,"It was like taking candy from a baby,sadly.",UCBfDQNuhpjOWNlXt5v-1Bgw,@JoeBananas-e1p,2025-12-05T19:02:04Z,0.41842163342914085
b0a677fbbd1aeb03e545853f07ccf13f,a4BoCVPQB7Q,XI's dictatorship is much better,UC309ZfFENqF2KYILdriu8Mg,@MrClaushk,2025-12-05T21:55:45Z,0.41833026913069654
410b04915b7baf5c69f64ed7ebf39129,ce4lMhwVHSA,Walz can't solve the problem when he is the problem!,UCYwSgaFBOuHRVmMD74N_EsA,@MarianneSuny-c2o,2025-12-05T21:56:45Z,0.4181735971148078
2c194fbe4f503d78e2ee013a84ec2f3c,lrwHsZ_CrIs,They are persistent aren’t they 🤣,UCbd2VhFwPqkvquky1YdtSjg,@robertrusnak620,2025-12-05T20:10:49Z,0.41802612017816043
5517a80caf53b420df5c3fe88dfd3f49,NlkZ2-hntaw,"Yep ,get to work there’s More to do !",UC-QIg7QxeliS8GGhDCgmqmw,@henryblicharz5556,2025-12-05T20:03:28Z,0.41777563759869896
bbcdf79469b578bb9c883bece271300a,NlkZ2-hntaw,"Watch PBD on how to implement this tax . Ron call PBD . If you don't know,  nothing wrong with reaching out to others .",UCTjjs9HEov4i8BuHw49-AwA,@JohnSeltzer-s7e,2025-12-05T19:19:56Z,0.41774895969773207
71f3b75686a67acc05f59eb3ad91c32a,NlkZ2-hntaw,Imagin if even half the elected officials in America were as competent as Gov. DeSantis,UCppAfqzC7Rc0qRPgyYrNgCA,@jasonchappina8319,2025-12-05T19:57:09Z,0.41772633643402196
32b2366cea48e7da0635d0825436c1fc,a4BoCVPQB7Q,Schumer should seriously give up his ignorance it ain't working anymore,UCFM8V_8DgM-NQVu8hU77Gwg,@89firebird,2025-12-05T22:03:50Z,0.41753811533851726
2978e31cfb818052d721f31c2794776b,ce4lMhwVHSA,Lock him up,UCXVlElKJvRyzxHEZSRNsigA,@elizabethh1059,2025-12-05T18:50:40Z,0.4172806830949851
93a63848917c18433c7691ab220c03b7,ce4lMhwVHSA,"Any moment we will hear that she was the mastermind or at least ""the last person in the room"" with whoever was.",UCGPkv6D-iB9ng8ITFyweGPA,@TheRealCharnley,2025-12-05T20:33:52Z,0.4172756581879111
516ce360236fa8439ffe8127077972be,lrwHsZ_CrIs,""" Stay in the fight""...? Ha!",UC9wlUlyARNatf5fsVTpLV-w,@jessiebradshaw6194,2025-12-05T19:39:14Z,0.4170695562195841
b619ffea7104dfb3ba9b802ab76e2dcd,lrwHsZ_CrIs,Don JR will have to find a new plug for his cocaine habit,UCQwiKashQSpZkVC0OynwY1w,@mr.george9886,2025-12-05T19:41:09Z,0.41696794266955073
5b3626d538c3c5d176d0e18e0b76ad0f,lrwHsZ_CrIs,Keep piling them up and let God sort them out.,UCP_Z1jD2Bh0zqsfcoKP_BpQ,@ashayacatl,2025-12-05T23:14:43Z,0.416861383471439
3109fdc12e31f14258ed267e90d67dc5,lrwHsZ_CrIs,It's obvious to me which Party has been getting kickbacks from cartels,UCF_ZO08Z9TEdzo4GaCMiqzA,@raincheck90,2025-12-05T19:14:11Z,0.4165135327110422
6562dd2049008ea973496ba178ecbb5e,a4BoCVPQB7Q,Oh please son. Everyone knows the Government shutdown was due to Republicans refusing to negotiate to prevent Americans health insurance costs from skyrocketing next month due to trumps tax cut giveaway to corporations and billionaires 😂,UC-6s-S7QpQ0-Wc_C1eNrobQ,@thememo6019,2025-12-05T21:59:36Z,0.41650637357599696
f0ba8f7080e0fe04f572840813c6d782,lrwHsZ_CrIs,"And we are supposed to be sad about the ""ship wrecked"" drug dealers ? Lol that's absolutely crazy how these guys think these type of arguments will win them votes",UCTCRkv3zAHq4ixSW9OxIdIA,@jdub929,2025-12-05T20:34:49Z,0.4163628090410938
5a309868014518b6538f28ef10053eb7,lrwHsZ_CrIs,"Oh no, the Democrat's bonus money getting blown up",UC5sWdALeHav_bo3cFMIJtdA,@XChildeofMalkavX,2025-12-05T19:33:54Z,0.4163445929032928
2e0f076664b1457bd92e1ece3317dfe4,ce4lMhwVHSA,Of Course they were     BIRDS OF THE SAME FEATHER WILL FLOCK TOGETHER,UCwXVQdwdmzWxzTQQE41l7ew,@alanlangley7246,2025-12-05T19:12:06Z,0.41609013862035515
e262c28ff589a3f4e22326f7adbc1baf,lrwHsZ_CrIs,America is done with Dems sticking up for criminals,UCMmdGsw2RtbR95RUeLcrlAw,@musty6818,2025-12-05T19:14:21Z,0.4160280444323047
3f3c6470236aa02153c73ddaefdb7554,ce4lMhwVHSA,This is why very few trust the government!,UCOe_k2PdugTXV8rHINo4M4Q,@wonemorethought8009,2025-12-05T18:46:54Z,0.41593757410384063
63b8f66ce1cd5739480ddbd8684211a7,lrwHsZ_CrIs,"I’m here to tell you right now, we don’t care!! 
Blow ‘em all up, for good measure!!",UC6D2Cgn8M1Svmh5NAxNqXzA,@originalv5107,2025-12-05T20:38:51Z,0.4158177009796457
60162fbfbd0d3540eaad8e09f39e0913,a4BoCVPQB7Q,"YOU ABSOLUTELY SICK MONSTERS. IMPEACH TRUMP NOW, SAVE THE WORLD!!",UCP31odWRcEMmtMTHs3n9zEQ,@billyofdoon,2025-12-05T22:01:47Z,0.4157595869110464
d3f739bb4c792dd8b1140ca818832009,NlkZ2-hntaw,ทำมั้ยผมต้องรู้สึกแบบนี้น่า,UCbw9gM5DzlxvMEx9Z68cjUA,@AiBik-s2s,2025-12-05T17:37:10Z,0.41571507760532145
97fed956d34269b8fb02fa7890807e34,NlkZ2-hntaw,"Republicans are gonna lose badly in the midterms and Trump will re enter the list as one of the worst Presidents of All Time
Don’t be mad at Democrats or your fellow independent voters
Y’all had a chance and failed",UCWnrGIpI1W9oa5Pf9oN2l0g,@KeithSwain-6,2025-12-05T17:26:26Z,0.4156969865039748
8dc94143bd5ffe75823ed008964d19bc,NlkZ2-hntaw,Think about your kids and your grandkids before 2026 things are gonna flip for the good these Democrats are making it rough on Trump because they wanna make him look bad. Remember Democrats have to vote on this just like the Republicans.,UCcGVwkAS0EWigy7K5KTRiXQ,@Marye-v2o,2025-12-05T17:52:39Z,0.4156848315445093
08dcfa2f0074adcc6c8535982f7485f5,NlkZ2-hntaw,"I pay almost 7k in property tax for my home in Florida.  I don’t live there all year, but my mother does.   I pay all utilities and mortgage along with property tax.   No relief for me.",UCMTyXLwY3xuxUwUnkqL5a-A,@FreedomI775,2025-12-05T17:37:03Z,0.4156762749445676
a0d59085393dfb288e721a40c8ced296,NlkZ2-hntaw,"Don’t say Ron 2028, it hurts Don.",UCSTJRdxMP65WaTXGGrqT-2g,@thomasruckstuhl9980,2025-12-05T17:26:33Z,0.41567073170731705
fe9d5e75f3313063d5d5146ce5f518fa,ce4lMhwVHSA,She and her bestie Tim were INVOLVED. Guaranteed. The way they tried to silence whistleblowers and punish anyone who was critical and the absolute abuse of power and corruption she and Tim are involved in should mean they are thrown in prison FOR LIFE,UCe_w2FUWgVFnoDVMikB0NkQ,@Ibeewhalen,2025-12-05T18:59:33Z,0.41563114708242876
d62a435e03d98bf55d3f00eaa585e8b2,lrwHsZ_CrIs,Ok china and mexico NOW!,UCktbWiBAir-1bCliycnoCvw,@Uniquemum73,2025-12-05T21:53:47Z,0.41553458613611605
89b581cfa15c066610b1d75e0ccdfe50,NlkZ2-hntaw,"Primarily, this proposal should be enacted on a national scale. Additionally, homeowners who have fully paid off their mortgages should be relieved of their property tax obligations. It is unjust that homeowners are tasked with funding education, while renters with sizable families are not expected to contribute proportionally.",UCeWRII8Md7Vo41XuiE0CQ5w,@daniela36849,2025-12-05T17:30:45Z,0.4155099778270509
9b0bc1f741ad044887a552cb3297c3ab,a4BoCVPQB7Q,A Democrat accusing anyone of being in a bubble is an absolute projection. A total joke too.,UCyJcfQ4zL_ZnwJdbpeXeW5g,@iknothatukno,2025-12-05T23:04:03Z,0.4154985289037648
f745472dfcdbe428a534704c9b95a95c,NlkZ2-hntaw,Lifelong Floridian and former Dem... this dude is the best thing to ever happen to Florida.,UCAenkqlYR6HZcQl300gRQVw,@skip6562,2025-12-05T17:30:38Z,0.415480413895048
1818d760b852fd4e164ba69765c29216,NlkZ2-hntaw,Is Desadist still out on bail for stealing 10 million dollars from the State of Florida?,UCKey20totl_t6Oiu0RZ1YFQ,@jonathanbranin9312,2025-12-05T17:40:03Z,0.4153779877709838
fa286ea36d54f04e1619c49ba44cb2d7,NlkZ2-hntaw,"If they did, they would take down this post 🙄🙄",UCojCS7WxogK5V7mY51t-DKA,@Satc34,2025-12-05T17:53:21Z,0.4153252032520325
29d433d2870cdf7b45bd81ddd8dd9f92,a4BoCVPQB7Q,"How any of you cant see that Trump is a total grifter at this point is beyond me. He so obviously couldnt care less about the average American, he is a selfish entitled billionaire born into money. He has never done a honest day of work in his life. As a farmer who works for every cent i get i find him deplorable",UCwtj9v55QB2TRLt2K4Xo-_A,@andrewstolz3253,2025-12-05T22:22:46Z,0.41523449270857116
1f1fcce05fea51f45f72b53a370113ce,NlkZ2-hntaw,"​​i thought it was illegal to mentally abuse and physically mutilate children. why are biden, newsom and many others not in prison?",UC_2FHDfVins2ACvhOSCe-4A,@Johnnyjacob-d9t,2025-12-05T18:18:59Z,0.41512391684182903
b59f27de75f6613c607aaa0cded75e66,ce4lMhwVHSA,"Well now we know one reason why they come at Trump so hard, because they are guilty!!!",UCBu3CAWI98_SA5oNgsfyB4w,@laurabutler6253,2025-12-05T19:04:27Z,0.41509690570060365
fff35ba9859e86729976fdae45976414,ce4lMhwVHSA,REAL AMERICANS SPEAK ENGLISH,UCWOW9nXbn1mO0UkQSGkrLeQ,@Roger-c3n5s,2025-12-05T19:04:17Z,0.4148537631628768
ba0cd286019011ea9eebaadd2dfc7a5e,a4BoCVPQB7Q,"Well i guess voting for massive tariffs on YOURSELF worked perfectly as it was supposed to.
Yet, you expected a different outcome?",UCm_PR4oVL-yyehwIsblNtmA,@mr.v3061,2025-12-05T22:48:53Z,0.41475747191227136
f3a5b0e15d58be1313a8a6cab4d250ae,ce4lMhwVHSA,Real Americans are the only people in the world without their own country,UCesZllRBquffsvxAJTVqilQ,@bufordt.pusser4865,2025-12-05T18:57:10Z,0.41457273316186904
abb4aa17b86aaeddc5767f8daacbd3c7,a4BoCVPQB7Q,Anything that comes out a democrats mouth is either a lie and/or pubic hair and sperm. From all that child molesting they do to pre-teen kids...,UCDpDHPvnPkiAjSovbljSujg,@RichardTijerina-t9m,2025-12-05T22:05:10Z,0.4144293597765478
a7eda859a5c97abe5cac86d7bae2fb3f,ce4lMhwVHSA,Duh,UC91X8tKqlJ7faXGQExmWrSg,@RealBoomerWisdom,2025-12-05T19:57:51Z,0.41422614337851155
8ed52025798293783397f6fe9c36c0e5,a4BoCVPQB7Q,"@thememo6019 Not true, Democrats shut the Government down, and if you don't see that, you should look into the votes and who voted no. Besides, you must not have health insurance if you can't see that Obamacare is part of the problem. I'm shocked you forgot Democrats ran from their state to go without voting. What have Democrats done but spread misinformation and propaganda? They don't care about you.",UCr1gJhjOPjllykghxCfxXgA,@elbrujo6983,2025-12-05T22:01:55Z,0.41389230068164845
b2dfd88140e1b1ed78b74d4c93e0e6d6,lrwHsZ_CrIs,I'm looking for serious relationship,UCrtFjBTFIkg1PEGs-SGqyRw,@BabyBiance-t6z,2025-12-05T22:55:38Z,0.4137108162979762
779cb657f904061fab12f860aed4864a,ce4lMhwVHSA,"Oh yeah, cause he had all this Somalia is voting for him",UCfKyuOzUhwzGhzBBLIogGLg,@debraraab3249,2025-12-05T20:46:45Z,0.41348791012189134
6bb1a2d684d2b8bc22dd765bd4168267,a4BoCVPQB7Q,Who care what Demon Democrat ShutDown Schumer Spews... Stick a fork in him... He's Done.,UCMt30rzhJLXqzVGZzby-4wQ,@lasersbee,2025-12-05T22:50:02Z,0.41344870451133453
5b6b905e3a1530e921b445c20f381d18,ce4lMhwVHSA,흑인들한태는.미국이천국이지요.천국.천국.부럽다,UCklG55t1rEMAs9LypT8k24w,@revoke-o2t,2025-12-05T19:11:28Z,0.4134050108005065
04d168fb811bb1aa478b29602a28e57c,ce4lMhwVHSA,When are we going to.see arrests.??????,UCIrvi0GBwQtu8-zzZuveN-Q,@threelittlebearshatch4219,2025-12-05T21:31:45Z,0.41332530824599867
088d6b8cea22d456e58209c046ccec27,lrwHsZ_CrIs,"Ship wrecked?...no,..blown out of the water running drugs more accurately..the Dems habit of rearranging the English language so criminals appear innocent is astounding....",UCgVxdTAP2c6SzSLvx987P2w,@jamesBrian-lu4kj,2025-12-05T20:37:11Z,0.4133211418700865
48af7bcb2fd41603946b888fa7901539,lrwHsZ_CrIs,"The boats are running dark at very high speed, loaded with waterproof packages, running no lights or transponder, and not answering radio calls -  in known drug running routes. Snuff 'em.",UCQRpGNZRN5FgOHBzKogdcMg,@XrayMike17plus1,2025-12-05T21:19:09Z,0.4132611289682298
eabfd6c143d5eeb2c6b006c86f934956,lrwHsZ_CrIs,"We should find out where these boats are going , that seems like a good step",UCJQ8QBy7XSli8FsAX6Ly2Xw,@ozzy541,2025-12-05T22:55:50Z,0.41321322922978276
c9aaf0fedddff5a4e0110483641ec6a6,lrwHsZ_CrIs,Way to go USA!,UCviLzvEAfCXP0HdoqCyU2nw,@Gregory98,2025-12-05T21:30:30Z,0.413173162139184
7c701cbb02ba6dce60fc75429f9ac17b,a4BoCVPQB7Q,age term cognitive limits........... get rid of the rinos,UCSzsQpaHkzB8a6wt7Jp_OZw,@JMAC-o2o,2025-12-05T21:52:49Z,0.4131368693558401
e2b8fbf99b747406ab3a113cd31ed303,NlkZ2-hntaw,I wonder if he’s in the same files with Jeffrey Epstein,UCA_iWp63ZE2LiVYjfFpvfnQ,@JarodFarrant,2025-12-05T18:11:51Z,0.41312550031306194
c27fb113fc4a30b69269ab2a40c23ac3,lrwHsZ_CrIs,DemocRat's are mad  because their dope operations are being destroyed.,UCyLagg7YHhdOiKx4YLIXU_g,@adamwarren7771,2025-12-05T19:33:32Z,0.4130960845192608
e88979daf91ba570ee95e8cfb7d2c5e3,lrwHsZ_CrIs,"From 2015: GCHQ 🇬🇧 (Like NSA) reported that Trumps personal had contacts with the Russians 🇷🇺. This was later verified by other European countries with sigint from Germany🇩🇪, Estonia🇪🇪 , Poland🇵🇱 and Australia🇦🇺. The Material was relayed to the US🇺🇸. This was not a proactive search but acquired by watching the Russians. Now you know why Trump hated the intelligence services and Real Americans.",UCxSmfVkmJ55x469SyvTYq1w,@nox6559,2025-12-05T22:14:27Z,0.4130035481448148
2380c05ff99f84027f8cb70a32b68f3b,a4BoCVPQB7Q,Under Biden eggs were over 5$ a dozen.,UCYrdVaDj5oKxQrUze4BSz9w,@timothyblevins8886,2025-12-05T22:03:27Z,0.4129426380005441
8c2693e22830e4a18d5761d27f1c784f,ce4lMhwVHSA,Kik dat biotch out,UCt16fwXEo6a9FBX5YxYYMmg,@MrJoannanddan,2025-12-05T20:53:26Z,0.4129388116277943
eae38976cfe5555ba805fc4092d3b27e,lrwHsZ_CrIs,"Please just stop!  Stop killing!  Maybe America should ask Why are so many Americans taking drugs? The cartels aren’t shoving the drugs down their throats.  Why is the market so large for drug intake with Americans…Maybe improve mental health care for people…make it free..
Maybe try and spread love instead of hate …maybe have a leader who respects himself..then he wouldn’t have to put others down..name calling etc..like a 12 year old.",UCjpLHyR0XNFLG9PZsDLSe2w,@jillfasick6313,2025-12-05T19:26:42Z,0.41291290889535687
db3accef6538693d6583c6e863142600,a4BoCVPQB7Q,"Typical dem, the only thing they can articulate is the four letter word, or it's gerund form.   The higher their position, the more they use it.    That's the way to show the fruits of  higher education.",UCGk4Z4iQu9nDtPZShvTfH8w,@Fiveseveneight888,2025-12-05T23:19:24Z,0.41287831314295886
d17f013283603584e07dd7292333b100,NlkZ2-hntaw,The primary concern would be what happens when there is an economic downturn? Reliance on sales taxes and tourism fees leaves the state vulnerable to large drops in revenue that can lead to dramatic public service cuts. You have to be very careful with how you plan for that.,UCXVvEWIyQ7Gx28MfsSbsVAg,@cawheeler27,2025-12-05T17:50:31Z,0.41271550799116563
69f334eb134aae2300763c9fadf2a9ae,NlkZ2-hntaw,I like what he is saying.,UC75-vaybAjzBcYPCX-yYJZA,@Dee-y4p1s,2025-12-05T19:43:24Z,0.4125528815410201
ca7b037125b993c1ebb20406169066fa,ce4lMhwVHSA,the prez should be empowered to order any elected person in the country into the Supreme Court to answer questions And any n all documents and  evidence looking into what they are up to. there could be a proper way to write it up,UCTdJEKy-qKbLO4OBJepnI6w,@joestitz539,2025-12-05T19:03:39Z,0.4124372418196264
32231476ab4df145c64e20eb04985841,lrwHsZ_CrIs,take a drive down Kensington Ave. in Philadelphia and then tell us again it's ok to bring drugs into the US.,UCBSAKLB-c_oManEJjmT9vfw,@John-e5b2e,2025-12-05T20:14:22Z,0.4123104756069137
08e61f3eeb84e7b9c84850178d9b2ac9,NlkZ2-hntaw,"Ron DeSantis is right. Republicans are just riding the words of Trump thinking that is good enough without realizing that messaging wins 1 election. Results win the rest. Talk you want, but without transforming that talk into action the midterms will be very disappointing and the 2028 election will be massively disappointing.",UCYG2Xxc0kMVu7EkMO18Rjgg,@blodhthringa,2025-12-05T19:30:47Z,0.41217917627354395
4ddf9f0373b21707959ed485e6cf6aac,a4BoCVPQB7Q,Where is the reporting on the 'FIFA' peace prize? We foreigners laughing our A off at the im....les that do not see that that was total demented grandpa grooming. Also disturbing that that grandpa is supposed to be the leader of the world.,UCKQwpfig6T04joWqC2_HvFQ,@hansleeuw2840,2025-12-05T22:01:35Z,0.41213266031692963
f115ef9a1ec0e87d77dff38461630d47,lrwHsZ_CrIs,"If it makes Dems kick and scream, just keep doing it.",UC9qTvHAwNVRVWQFuRsWxUfA,@southernfried19,2025-12-05T19:25:41Z,0.4121273551983317
8e6151de8fbcb2e5bc9cd749d61ea7fe,ce4lMhwVHSA,"He won't get elected if he doesn't support Somalia's, he knows it, so he only cares about getting elected, not about the voters.   He was told about this 9 years ago.  Harris was warned her VP pick was crooked.   They didn't think they would get caught.",UCHKjNP0GCtP-7x1TeEwhpAw,@juliaharbeck774,2025-12-05T20:50:16Z,0.41209762057053007
f0380c5a7358a1aa79ce76eea1e96ecd,lrwHsZ_CrIs,Who else besides me kept hitting replay when the scumbags were blown to hell?,UCZxMs5ZqvDerE3U8ApLktPA,@kmatch1,2025-12-05T19:51:09Z,0.41206003592485907
59d231776406ee1e860c2f36daf57f8c,ce4lMhwVHSA,They are fkn criminals.,UCo6mSbgiDh6CH3yHWJaHrrw,@robertherrera5975,2025-12-05T20:16:22Z,0.41188737120257346
bc2b4e4f204f9ebe60466bca6f5416cf,lrwHsZ_CrIs,The only thing I’m upset about is why didn’t that hellfire do the job the first time?  🇺🇸👍👍,UCuII0Bsi_qgCAyQSzU54t6w,@Toby-pq7dr,2025-12-05T21:05:07Z,0.41185322785456524
c58cd1db7ecdc3fddbdd34ae39b03993,NlkZ2-hntaw,I am in Florida and my taxes are 350 a month here,UCJYLQSY5WW1lWove0eJHP4g,@karmasutra4774,2025-12-05T21:24:51Z,0.4116671586685288
0483da4b2fd5baa061df19b8cbb2d658,lrwHsZ_CrIs,"They are not innocent sailors,  their illegal drug runners, end of story!!!",UCWYv-hPpl09fZEeKv8yWR7g,@gregorybolton4,2025-12-05T20:09:59Z,0.41160041695049965
5a9235f165d85bb085c47d1509fd328c,lrwHsZ_CrIs,"Democrats are pathetic.  At this point they care more about being argumentative than the actual American people. Conservatives do something, they find a way to call it bad.",UCooV05fE4aZddhMeNX4J_sw,@user-sj7qp5qg9t,2025-12-05T22:14:39Z,0.4115758867716385
9e34c9a3a70ccfe0dbd3c392f118fcab,lrwHsZ_CrIs,3/12/2022: Former President Donald Trump called for the TERMINATION OF THE CONSTITUTION½ to overturn the 2020 election and reinstate him to power Saturday in a continuation of his election denial-ism and pushing of fringe conspiracy theories.,UCxSmfVkmJ55x469SyvTYq1w,@nox6559,2025-12-05T22:18:20Z,0.4114385170329231
face3bb1ce6d929ae0029593b1233db9,ce4lMhwVHSA,WE caught you Punk.,UCWOW9nXbn1mO0UkQSGkrLeQ,@Roger-c3n5s,2025-12-05T19:08:09Z,0.41140910302676587
50db5c811bcd6106874bf801f614b61f,NlkZ2-hntaw,Property taxes and home insurance for me in the free state of South Carolina is 1500 a year for both. I am lucky. I moved from Florida partially because of property taxes.,UCDQ0vOEfkG4WAitAq4MDOSg,@andredaedone7732,2025-12-05T18:25:57Z,0.4112998319357678
6f480ad67387218ab46cb685903e8130,lrwHsZ_CrIs,If that's the most troubling things he's seen in public service not sure how's he's missed the atrocities that have happened on US soil due to people and drugs being let in….This is not about the video…they are trying to slow down Trump.,UCu_7ZGxNO_cMJFQOyX0o6vg,@Ec2Folo,2025-12-05T19:45:47Z,0.4112699016080762
86a6cbb8a6137a6123e233bd0b09ed97,lrwHsZ_CrIs,Yeah  boy !.. you go trump  we are all behond you even the secret  anti American democrats,UC_3QBdZgT31M79LuQ_9yBrw,@robertlovato2257,2025-12-05T19:26:52Z,0.41126487654881283
df664497a6649a45aea6e00ca21360bd,lrwHsZ_CrIs,Risk American Service Members lives to save scum? This isn’t a Disney movie.,UCbk6fqksvhIie0_pU_mDOnA,@stevebrzosko9793,2025-12-05T20:28:06Z,0.4111775860717266
f02c37ec717a3b05827f4bc918ef5667,ce4lMhwVHSA,She literally married her own brother to get him citizenship,UC1o8VoEXiySeIW7pNWyuD8Q,@mdh7842,2025-12-05T20:02:54Z,0.41110721886638507
71e82d7915a70b27d380d1d6cc97d10a,a4BoCVPQB7Q,Says the guy who shut the government down for a month oh and his loser dem friends helped. Bunch of cows falling each other over a cliff.,UCO-aHOfK6TRjR-IBuzhAMpw,@Smoothswayde,2025-12-05T22:24:03Z,0.4109754710729015
a1e102c714bd779473f281f311502b17,ce4lMhwVHSA,That’s the face of a brother-pucker,UChSqi1NsKYpPKrcjnKXcBiw,@jeffreymedeiros6253,2025-12-05T19:12:30Z,0.4108934803931587
f3dd71a31209a69a373b039ab8207c36,lrwHsZ_CrIs,They checked their pulse,UCBsIqkfz4QaXYZ-w0m07Uxw,@Unknown-th8hx,2025-12-05T22:36:42Z,0.4108775361141034
ed53769154be0dbaaaaeafe15e7c56f6,a4BoCVPQB7Q,Good point Jesse!,UCLYaG2vsJkk07dJAFVyJ8mg,@sandylong1529,2025-12-05T23:16:26Z,0.4106240671327194
9b09c0a87abb38a7949f108c4b31049a,a4BoCVPQB7Q,Good reporting and good information,UCIgyuDs9pKfxt489bjC1ZPA,@timothymoyersr9891,2025-12-05T23:06:27Z,0.41055605266076745
a7f2b419fc1360e0f167fe810a6ab9ee,NlkZ2-hntaw,Im ron desantis as VP on the 2028 ticket !!!!,UCuN8lYPUFdOKmDaDdYI787Q,@kathysheppeard2178,2025-12-05T17:36:03Z,0.41053769401330376
90c5fa927a7330f53ebdf414065654fb,lrwHsZ_CrIs,"Why are these operations being made public? I recall the first timecwe dropped ordinance on Iraq and we didnt need to see it, so thry stopped showing it",UCx4bHVXbvc5GhNqZLibbjPw,@MarilynScott-fs3jw,2025-12-05T22:18:30Z,0.4105105288437043
74c110f1c726758ecb7ef3320a9312cf,NlkZ2-hntaw,Still blaming Biden huh? Yall are done in 26 and 28🤣🤣,UCWnrGIpI1W9oa5Pf9oN2l0g,@KeithSwain-6,2025-12-05T17:38:00Z,0.410419670918839
43586fda91003c6db5521123cefc6dbe,ce4lMhwVHSA,Talk! Talk! Talk! No actions whatsoever!! Stop posting these so called allegations without convictions!! Nobody cares unless prosecutions are actually in place.,UCvMC7vqyqw9_70nZcfuWeCA,@audiovideo-f4b,2025-12-05T21:16:07Z,0.4104066741886529
3abe2c7c2f3c9dd89912397cb575b93b,a4BoCVPQB7Q,Not in Washington state. We need a republican,UC2d7t7pDMSs0dgnT61nU6Qw,@lkanan3869,2025-12-05T21:58:59Z,0.4102265201411258
03845416716e41f2b8f2545e4cc6ef96,ce4lMhwVHSA,"This Campbell Soup eater would already be in jail, no?  There is no two-tiered justice system in America, right?",UCiqgEt3j2iU7LO_aswt99BA,@robertkauffman8137,2025-12-05T18:47:01Z,0.41019532139452475
267e65683b8a5e0fbbacfe3c92472c40,NlkZ2-hntaw,DeSantis for President 2028!,UCnmdz__KxbGP_1Gv99uR4HQ,@jarettamurphy7096,2025-12-05T20:04:08Z,0.41001661790148347
942b01bbd88b6167ab64e205a37efd34,lrwHsZ_CrIs,Them Narco Terrorists are slooooooow learners….😂,UC2P6IaK7BKuaYuoozK-YKOQ,@Sheric6762,2025-12-05T22:15:17Z,0.4099997685777885
61cea9f20dbc291db7727e1df77dcd06,lrwHsZ_CrIs,"Great Work.🇺🇸,💪🏻,🙏.",UC47CNBVHAEn0pUOno2od8Ow,@Jjuly61,2025-12-05T20:01:30Z,0.40990042135540367
96a9078a64b2101ea226957ebc9a808a,lrwHsZ_CrIs,"No, no,,, the democrats call them shipwrecked sailors 😂",UCNeUoigo5PpE7jn_wz4ORmw,@denniswilliams2385,2025-12-05T19:22:11Z,0.4098909243607921
5b9ad82cb3d317623e27a58093d11bdc,lrwHsZ_CrIs,"Oh, I’m sure Hunter Biden is in tears about this!!! 😂😂😂😂",UCvcvoagUEQNelKjJiufPL-g,@Areyoutalkingtomuh,2025-12-05T21:00:42Z,0.4097345135733953
f5563652facc7118fdff75b9b3db11cd,NlkZ2-hntaw,"Americans living under President Donald Trump are being laid off at a rate not seen since the peak of the COVID-19 pandemic, according to new data.

In November alone, 71,321 job losses were announced, taking the total to 1.17 million in 2025.

The data from consultancy firm Challenger, Gray & Christmas revealed that terminations have not been announced at such a rate since 2020, and are 54 percent higher than the same 11-month period last year.",UClIzhCtwNga1gc7y2njaLxQ,@gdkpskdkps,2025-12-05T18:49:39Z,0.40969389674394097
435302066a6e27d5451b1733370a84be,NlkZ2-hntaw,You bought it. Why does these mfers think its theirs. F the government,UCja1jusj9Q3t0412Q4vfq-Q,@Poppysdad-z4x,2025-12-05T20:25:38Z,0.40962685403182186
f27fa3d9c74b1d8ad0e01ec20f7ca8dc,lrwHsZ_CrIs,Ill bet dems are going to be mad they won't have drugs for their cities.,UC0Jne90V2SbFx85Y8o2-ziA,@jimdailey1018,2025-12-05T21:10:56Z,0.4093145534088749
56bf75ca219ff7e2797c7e35b49b9063,ce4lMhwVHSA,She has 30 million dollars she’s crooked as hell.,UC3o8Xsw5Go5E3FU17dLlJ8Q,@stevebushey5079,2025-12-05T18:56:50Z,0.40914883357327747
e95c72b51cce2f2d4f308ebb4c59cb37,lrwHsZ_CrIs,"Geez, we guess that President Trump isn’t intimidated by the democrats and the liberal press.",UC_sbS-l5cATdgMAJBpVdaPA,@jorgemontefusco650,2025-12-05T22:03:56Z,0.4091282624127801
6f5813bbbac3041d783e636617e40a2a,NlkZ2-hntaw,That sounds good if y’all can push that and get it done that would be great for America,UCcGVwkAS0EWigy7K5KTRiXQ,@Marye-v2o,2025-12-05T17:48:13Z,0.4090953287381831
3ae3654ac007b1d9ec47f1abe65c6954,a4BoCVPQB7Q,"Chump literally just said ""Affordability is a Democrat hoax!""

Russia's FauX News running with the disinformation again 🤣😂",UCBOkRmc_VZxLgAgqMVbV8Vg,@williammartin9450,2025-12-05T23:19:43Z,0.409010636809301
677492f2211894b9273ddd8d901558e9,ce4lMhwVHSA,"She is not in handcuffs shows you she and all Somalis are so much smarter than Trump and Bondi, the CIA and FBI under Trump.",UCp3CnHFB0C4ME4in6YZXeXQ,@TommyJones49,2025-12-05T22:07:02Z,0.4088023096855675
1c27825a185b4e375f34b06478a1e22d,lrwHsZ_CrIs,Have a group of democrat senators wait on shore for when the boats arrive and try to arrest them.,UCCOJlwyZ6M4_VNPGAggxruw,@oldschool1993,2025-12-05T22:10:14Z,0.40878187733386173
244e201551f8e51810e5cb056e32bb9d,NlkZ2-hntaw,"Ron DeSantis will be our president, still young, more and more people will see his achievements and brilliance!",UCGAHjCEA5rKfZm57ye_Cv8Q,@johnchen8888,2025-12-05T19:31:01Z,0.40870443039392285
3e15c06c379e23487741ce853c18e4a1,ce4lMhwVHSA,50 percent support?Unreal !,UCADlBbQ7BfrwzUY0_TIAQDw,@scottfors1450,2025-12-05T20:52:11Z,0.4086716935416569
09e98ed0412685a3cce14d52a6f149ac,ce4lMhwVHSA,Ship them all out,UCFJnklKYvnncUXZ8rmErepg,@Gladys-yv6nt,2025-12-05T18:59:45Z,0.4086656660013245
a5467c26d472315161b3203d6c17315a,lrwHsZ_CrIs,"Keep it up President Trump. 
Take our defense seriously. 
Stop the drug markets.",UCwUHiiivje_lmuxwa35Sgdg,@GordonKley-nz4qm,2025-12-05T19:16:46Z,0.40866062997080854
7547895dba10763fedc606c5cab6284e,lrwHsZ_CrIs,"It amazes me that so many find issue with this, but nobody worries about how many of our kids are dying from these drugs coming across our border, it's truly shocking.",UCQEfqgWAkAEdf7f8xdYiIpQ,@GenePalie,2025-12-05T21:31:39Z,0.4086401686137138
929625cb37fd8904231eabaabdc7a6af,NlkZ2-hntaw,How do you think average RETIREES can pay? Not talking about the rich ones.,UCpHltGaMpQRyC9wRN6c9LtQ,@slkwrm2,2025-12-05T19:01:00Z,0.408599984182651
cf1793f5f83b391ee8b23625e89666b6,ce4lMhwVHSA,"Seems like all the bad people are taking advantage of Minnesota, our home state.  $‼️",UCW9GErC_5w35FO70k84dwGA,@MegaLivingIt,2025-12-05T18:49:45Z,0.40858034237304297
3cd8ebf32fa6fed04d13d530ce3db25f,ce4lMhwVHSA,"So devoutly religious we wear rags on our head, explode near non-believers and steal from the taxpayers in a country we hate but invaded anyway. 

I’m-all FUBAR!!!!",UCRXtKKpn7VlNNSmnjmAaZ7w,@LearnAllUCan,2025-12-05T22:24:49Z,0.40845812674864884
8fbe161bd5049885c19b148420dafe5f,ce4lMhwVHSA,1billion is way more than the budget of somalia.....when they had one....,UCloxiwnGUZcqFiwn6k2V3lQ,@raphaelflanners5686,2025-12-05T19:13:34Z,0.4084358713806894
9d3de74884a727e7e1a2d86622dc935a,NlkZ2-hntaw,"Property taxes pay for local parks and social services, local infrastructure, i.e. roads, sidewalks, sewers, education, police, et etc., stupidest idea.",UCuhNQYEU1CtQh1NXiZUUBAA,@Andrico77,2025-12-05T19:04:45Z,0.4083738884955178
8dd1106d95a8d2b74d03eaa31c97800d,lrwHsZ_CrIs,Oh just war crimes committed by the Trump administration. I mean come on he's a rapist that commits crimes all the time. Just because they use words to try to change the story doesn't change international law. Evil man killed people in international waters with 0 proof. And then they killed people hanging off the side of a burning boat that posed 0 threat to anybody in the United States. Trump is a war criminal.,UCErBM75YVQGaSrgnL28snFQ,@tdstrtodd,2025-12-05T22:28:30Z,0.4082756947002899
d4bff2c10aa48a89848259a968fe349c,NlkZ2-hntaw,​@anonymousNine😂😂😂😂 yea ok,UC2SezOyV_Neybxk0VaTrFPA,@bothpartiesRtotaldogsht,2025-12-05T18:13:47Z,0.4081113969621028
bebddbb9c8ff40725b0557e5584d0b4f,a4BoCVPQB7Q,The indicators you people are talking about does not help social security people and poor people get over yourselves and start helping the real people,UCCN9bNhyjpy3ehmhkBZqyfQ,@gilbertsmith2104,2025-12-05T22:01:15Z,0.4080762855948007
6b57f20b7add7578484e3eb5c4cde272,a4BoCVPQB7Q,Did republicans have anything to do with the ACA? Just asking​@natesbored,UCqSvx2bOTu2JhI6D4BmkZtQ,@Todd-nd5cl,2025-12-05T22:38:43Z,0.40775761209687456
687059cd8c2c0118b5743ac200d5326e,NlkZ2-hntaw,Can you even imagine this news???,UCtKnBGWANjWKY0_jYQUNX4Q,@guyco8748,2025-12-05T20:25:47Z,0.40760064415815356
e0197c5281d7faebd376e77aed716ca5,ce4lMhwVHSA,Why arent they siezing the bank accounts and property of these thieves?,UCOsQ4Zn64Z24fLJqir3coHw,@CandyConley-zt2yw,2025-12-05T19:23:13Z,0.40748280911358686
951067564bf65222530438c8f7f11068,a4BoCVPQB7Q,FTW,UC1_nF_AKcCr-IIG-Fg3OtWA,@peplsuk7635,2025-12-05T22:30:07Z,0.40744360984679373
5c0761689a709899f18f8c439ea661dd,NlkZ2-hntaw,Democrats are known thieves and enemies of the American citizen. Enjoy this proof. Good job Ron.,UCs6zRtlNrFOmY5-Cfy33nVw,@mrfortygrit,2025-12-05T17:47:29Z,0.4074414843207742
84e0f410b95ad8c66481ca053bb54bb2,a4BoCVPQB7Q,I don't know where you live or you're an Illegal but my Medicare is just fine here in Rio Arriba County.,UCB9-4aGQCJSwyGTRGXCl0_Q,@bigstick5278,2025-12-05T22:20:28Z,0.4072668956952847
f535f1ffb2288c3eb3fc3af8f420dc1e,lrwHsZ_CrIs,We the Americans voted for this. The media should be next  your traitors and should be delt with.,UCEmHg9cSvrR9-kkbnJw2DHA,@louiscrow-vc6km,2025-12-05T20:40:19Z,0.4072376660671627
54ca3b3babf65c878a169736c1433d31,NlkZ2-hntaw,Do something about property insurance. That’s up 200% since 2021 and it is four times higher than property tax.,UC08MGW7atI9gFiVM6ygNU0w,@martinzenor7449,2025-12-05T21:18:22Z,0.40719521862441027
7b2a872dcef1d10fa70e12ebeaf3bdc6,lrwHsZ_CrIs,"27/7/2016: Donald Trump🇺🇸 took a wild turn at a news conference Wednesday, saying he hopes Russia🇷🇺 finds emails deleted by Hillary Clinton from her time as secretary of state...... And Russia🇷🇺 did! - Moscow Asset Governing America?",UCxSmfVkmJ55x469SyvTYq1w,@nox6559,2025-12-05T22:14:47Z,0.40668489315655953
7fa0a651517cc702436d24af9383342b,a4BoCVPQB7Q,Trump has Alzheimer’s. Everyone knows this now except for Trump. He doesn’t even know what the doctors test him for. FOX news just wants to keep helping the rich get richer and the poor get poorer. You know this is true. And FOX just smirks in your face while blatant lying to you.,UCAjHP2HBZCVKBwndrNfUj8g,@diggdugg2169,2025-12-05T23:01:06Z,0.40648071490339727
05bfecfb0336eadce577fb39b2e4e44b,ce4lMhwVHSA,Tim Walsh will not be running for office.He better be going to jail.,UCoMl_MMFBQ0Fh1HmQjFTxWg,@StephenWard-t1o,2025-12-05T22:00:23Z,0.4063296350341229
ba694388b492d5fb0745b8ad4c6f8c1a,lrwHsZ_CrIs,This guy never been in combat,UCl4Hx6zurs-IyMmJ0MH7lbA,@michaelshannon5324,2025-12-05T19:40:27Z,0.406175202070952
5be471ae31d8ebae5ea872ccbcaeced6,NlkZ2-hntaw,"It’s a great idea, property tax elimination.
Governor is right about Republicans being less active, we expect them to bring new ideas to the floor and make the life easier, there is no place for wasting the time.",UCGQO3h52WMG_6wbGNwZ7YIQ,@hamiddavari3536,2025-12-05T19:52:53Z,0.4061308628717162
16135326becd867d3d5343aa936423a5,lrwHsZ_CrIs,Democrats wrong again.,UCWOW9nXbn1mO0UkQSGkrLeQ,@Roger-c3n5s,2025-12-05T19:36:20Z,0.4060669150929408
a38ddccb4e70554df15366bf9c0200c2,NlkZ2-hntaw,The problem in the idea that they going to put the Floridian to vote is that instead of putting one option for the law to pass they are putting others complicate options so it is impossible to agree on one. It is to good to be true! 😮,UCC7ZZ6AAWs4LHOZgUabfMhA,@orquistar,2025-12-05T18:55:51Z,0.40593951597393685
7d963ae2233c2bb77a55e2eace626ce4,a4BoCVPQB7Q,"​​@CharliesWorld8647
And his father sued Trump. 
Sounds pretty inconclusive to me, but you've already made up your mind.
P.S. You constantly playing victim is getting old, but still amuses me. 🤣",UCMxOKc7VLY9g-AsYeKwv9Hg,@daveruckert7926,2025-12-05T22:01:21Z,0.4059088717836056
7d963ae2233c2bb77a55e2eace626ce4,a4BoCVPQB7Q,"​​@CharliesWorld8647
And his father sued Trump. 
Sounds pretty inconclusive to me, but you've already made up your mind.
P.S. You constantly playing victim is getting old, but still amuses me. 🤣",UCMxOKc7VLY9g-AsYeKwv9Hg,@daveruckert7926,2025-12-05T22:01:21Z,0.4059088717836056
05b5cc44a682d868956a754890b6c45b,a4BoCVPQB7Q,Low interest rates to purchase already high priced stuff is BS talk,UC-XoOm4LrID484qmvVWmAQQ,@AndrewDavis-i1e,2025-12-05T22:38:58Z,0.4058942799783948
3668cd83c28fe3db593d7bea085a45df,ce4lMhwVHSA,omars in on it she gets kick backs and walz too. i know they are crooks,UCCkPFoZrYJLiej2L3qWselQ,@askrenee9880,2025-12-05T18:45:00Z,0.40584526989067476
89793f0cd7f1fdcf1c66a6509b432681,ce4lMhwVHSA,And democrats wanted this guy the VP of the US. Ha 🤣😂🤣😂,UClGOyXpVHyeVqCIdG-Yr6yQ,@AndrewH-v2f,2025-12-05T22:13:45Z,0.40579969428348583
407efa122b5b0588fd138c86522ca185,lrwHsZ_CrIs,"Excellent, that's one thing I voted for. Amen. 
If you think or know anyone who does think that's wrong.....
You have a lot to learn, or you never will, or you're a drug user/ pusher, or you're an illegal immigrant.
The men on those boats are not fisherman, they have no poles, no tackle, no bait, all they have is a lot drugs. If think they give a rip about you or yours you're seriously mistaken!!!
That's what you should be thinking about, take them all out before they reach your children and loved ones. 😢",UC0P-lVjMiCXLnpw_ekf2Byg,@Chronictoday,2025-12-05T19:15:01Z,0.40569268042302165
6ff6e117297895e7033958915d8a2ab1,ce4lMhwVHSA,"If arrests, and jailings dont happen then Americans will start stepping in..  Combat Veterans are sitting back but only for so long.. 2026 better be the year of accountability!!!",UCZKyIe4CIFHs4xeXX3t9BKw,@QuarantineEng,2025-12-05T20:25:40Z,0.40567706285060867
a76ec32b0867d9d1517f654384227fbf,ce4lMhwVHSA,Now Omar planning fled to Russia for protection...,UCtScPAAHusSilWzbkIYocMQ,@Father-y9u,2025-12-05T22:19:01Z,0.40561258955849433
1e0bb6c3baacc93a1da6f5ee315d3e21,NlkZ2-hntaw,Florida is a democratic state anyways.,UCE0TQA_vTE8pA4Bi9uZsXIA,@JosephSciegns,2025-12-05T17:30:58Z,0.4055672579453067
9e5c3971eb4f634f873c8f32d499a904,a4BoCVPQB7Q,Where are you located. Im retired but i want to keep busy,UCx9LsEGiuxndy5xs64AE6Qw,@ongodside,2025-12-05T22:24:56Z,0.4054870754711446
476d90e18f11e8a356f3c4f99c8415a7,NlkZ2-hntaw,​@rickcrammond2617 what does racists have to do with property taxes??? 😂,UCWQqbHTnAWvfsyzb8zAfkHw,@zmyGe,2025-12-05T21:18:30Z,0.4054788295254196
b76194adb43ad1de2af4d6cf5e1316cd,lrwHsZ_CrIs,"Hey
Another one bites the dust
Another one bites the dust, ow!
Another one bites the dust, hey, hey
Another one bites the dust, hey
Ooh, shout!",UCQ7JIZ6T5ybVzikmggLA-yQ,@leonardcollings7389,2025-12-05T19:50:15Z,0.40545737039770235
cd61f598ac35af1c268e20dfae13fe00,NlkZ2-hntaw,"🗽 Trump Vance MAGA 2025 🗽
🇺🇸 Making America Great and Safe Again 🇺🇸 
👍 President Donald Trump And Vice President JD Vance 👍",UCq8nw-_swaPrAoPApUAPC-A,@johnzabik270,2025-12-05T17:29:43Z,0.4053252032520325
3ee38f05cdc56b4b7e6310450df7edf1,NlkZ2-hntaw,Call your sponsor.🍺,UCCupdOX4iuGaByUZpxW796w,@rsd1954,2025-12-05T17:50:51Z,0.4053109383675736
ca7af533f568d63e42d6c610c6d6abfa,NlkZ2-hntaw,"Yeah, DeSantis is calling out to all 5 Republicans in DC - that place is lost.",UCPrPRaY6vlr-aMGqjtMIZkw,@RedEyeC,2025-12-05T17:28:09Z,0.405290096082779
5568d96fb0025b62e59313e1adf12ccf,lrwHsZ_CrIs,Democrats: Stop messing with our supply lines.,UCjgiLmsM9lETmdQ_9XJ6LEQ,@bingo7799,2025-12-05T19:47:04Z,0.4052860326213612
dd46372ead047ee26b5801523f1d6c12,lrwHsZ_CrIs,". . . the men on the boat were not ‘sailors’, they were ‘drug-runners’, any dipshit that says differently are the same that would coddle illegal hardened criminals, which these were some . . . how about upholding your oath of office . . .",UCd1QZaVMxf7tALCZznrxrAw,@BigHeadTodd3,2025-12-05T19:12:00Z,0.4050126250746323
3266bd15058b42f56d25f2a099a3b599,a4BoCVPQB7Q,Dems spent trillions and are now like 'Who Me?',UC3h-hWTI7v0sib5QZedFWaQ,@supertech-h7e,2025-12-05T23:10:22Z,0.40488913740670385
ce2f95e35933b10f91512d9491ce144e,lrwHsZ_CrIs,I can only imagine the Fox News reaction if Biden was murdering people without a trial. They would start a new network just to cover it.,UCQBXCM-ydWDtYyT5kRXYDLw,@smw4628,2025-12-05T22:36:50Z,0.40486231771582126
55162a40f850c5f6fac48ddbce4ddbdf,ce4lMhwVHSA,No one should pay federal or state income tax until this gets resolved.,UCD-fq0XRLbmxNCZL8EHnU-g,@mneatobabes2520,2025-12-05T20:23:31Z,0.4047899626480629
c15018adb27875f11faf01452eaf8be0,lrwHsZ_CrIs,Bill hemmer is part of the swamp i remember when he defended obama called him a great president and a historical one disgusting,UCPJtDGQWB8LhSuIqbQypnYQ,@josetteforde6817,2025-12-05T19:58:21Z,0.4047631281058752
ec6af15a2030b6429c695268b2b8e54a,ce4lMhwVHSA,U.S. has delayed the full enforcement of sanctions against certain Lukoil fuel stations until April 2026. Yeah Putin has a pic of Trump with BUBBA / 🐎😝😮😲😱🥒🍆,UCIGc_sh0uWZR0W2sjuC9Qgw,@GirlRights,2025-12-05T22:13:57Z,0.40442961085412316
1c9d45e1415d58fe269f16771ef3de1e,lrwHsZ_CrIs,Bigger bombs please,UCsgDWYocPo46efweASFamFA,@anglo4eva,2025-12-05T23:16:52Z,0.40432350169626063
2414893aa5310b44d0306f116779c1e5,NlkZ2-hntaw,Because ur mom is in the victim list,UCrIH3Ljf97u9hxIHahpfy6A,@j_mm1084,2025-12-05T18:43:04Z,0.4042833080872821
87196c7e6a02b099b8482adf00ef17f8,ce4lMhwVHSA,"I think Americans have to be thankful to president Trump,  and prevented Walz from becoming vice president, by winning the election!   One thing I question about Trump is that in California,  he sent ICE in, but Minnesota,  you don't hear anything about ICE! ???",UC8ESFLyiIFsI6EBf85P56oA,@vinnybutchdog94,2025-12-05T22:00:14Z,0.4042723886022652
6fe437bfdeb9b09f63193ebd47794a7c,a4BoCVPQB7Q,U just can’t fix MAGAT level stupid.,UC7W_8HsiSRRozpW6ND6KQeA,@DavidTaylor-p9b7t,2025-12-05T22:38:51Z,0.40416207421275785
e55a0834ac95e7f01ce52f08fe1a42b9,ce4lMhwVHSA,Just $1B - this is crazy - the west continues to lose while our own citizens suffer more and more everyday.,UCK0IlKDKAs3UNATPZCX7fEA,@gs8376,2025-12-05T20:10:57Z,0.404130108649857
8794c989d760c875f21b71a4bc1cba21,NlkZ2-hntaw,"Agree about Republicans needing to get busy. Especially on codifying EO’s, getting another tax cut or rescission bill passed,focusing on economic growth and recovery…Property taxes and insurance is high for people..school tax also",UCb9BIXjzeMCb8pSCv3wTCUg,@mhuffman6282,2025-12-05T19:56:44Z,0.4040316784687461
781027d18d57bc2fd2f2034cdd063a02,a4BoCVPQB7Q,@elbrujo6983 Really? When will Mexico pay for the wall?,UCAG2KSvHOq3wM5UhUnOd9Hg,@danajohnson4480,2025-12-05T22:03:37Z,0.4038884991538774
ffd30a3754eac9705caff6e336933653,ce4lMhwVHSA,"I know too much about election integrity to care about voting. For my sanity, I'm voting out Walz. I have to be able to tell myself I tried. That's how bad this man is.",UCgzck7aOzVCPUf1bsDh8R5A,@Rose-E_89,2025-12-05T18:57:22Z,0.4035573101356736
34ea0866d1c025761dc1a7b5220c4710,a4BoCVPQB7Q,"that's cause of a drout ,takes 2 yrs to raise a steer 6 months for hogs",UCnMnERV7k6HCZPdqjO9XN0Q,@suekotchevar2765,2025-12-05T22:23:52Z,0.4035399583883792
aa8067bfd323d27195a48c574d0c9812,ce4lMhwVHSA,IT'S A TWO TIER JUSTICE SYSTEM AND IT'S GOT TO STOP,UCqUyhbJXoOeGNiV1zzO8KLg,@gregcosta7759,2025-12-05T22:13:14Z,0.40340677740844877
869bae16dd235046d44557bfeb118d98,ce4lMhwVHSA,"@ Lisa Demuth.....You didnt look hard enough.... ""The last 7 years you have been looking into this!!!""  at what point in time 1 year 2 years 3 years????????? do you question the so called ""investigators"" or alarms you've raised...and yet none of ever made it to the election or debates!!!I I hope this ties back to Rashida Talib Rep from Michigan as-well that also ties into Dearborn Michigan.  Even better it ties back to the whole ""Squad"" so they all go prison and out of our lives forever.  Someone or entity was funding the riots and terror and violent protests and free flights into the country and also supplied means for crowds that flocked the boarders......I hope this investigation leads to that...!🤬🤬",UCfSBaAA2CHybv1x2rSzYXAA,@nathanmartin9308,2025-12-05T18:54:14Z,0.4032238846969967
e4b0055c80a0e2a11627a54fcd483675,NlkZ2-hntaw,"his whole plan is to fund his Charter School plan, 60 % of taxes collected go to the School Board and he wants that money to Fund his wife's pet project",UCp7zvBiqpFjZc_oHqPAYEEQ,@robospear5606,2025-12-05T17:47:45Z,0.4030058654268265
f9736641de9a989d199af7f2b6a03c49,ce4lMhwVHSA,Tampon Tim.,UCDKDNnlLLJfDENAPKHCl_UQ,@josemondragon5311,2025-12-05T19:53:22Z,0.4029897622815415
4d6a741546bded76368552d520148dac,ce4lMhwVHSA,ILHAN OMAR 4 PRESIDENT,UCzSI33EMVUupditH0CZYemg,@mbarakali1873,2025-12-05T23:12:40Z,0.40281170792333754
d438ffef6270cf3063dc8d16020ac994,ce4lMhwVHSA,Stop.federal money going to Minnesota until 1 billion and interest is paid off.,UCC6K5rZ-3-_YCGbmF4r5-FA,@raddy8898,2025-12-05T23:12:30Z,0.4028015307647291
2e406f54b4d4cb643955c4a8d87d03ac,NlkZ2-hntaw,🎉🎉🎉🎉🎉,UCW44UyqPPwh25ab_G23XXvQ,@edilbertonaranjo2725,2025-12-05T18:11:34Z,0.4027036785667313
8ece9f4cbfffccd8e88aa7d997c9b13f,lrwHsZ_CrIs,"They need to get bigger missles, so when the smoke clears you can't tell where the boat even use to be.",UCf6FKBSa-eU-LBJs1B_o_Pw,@spaghettiracing9660,2025-12-05T22:49:12Z,0.40270231025984693
0a5e1b85e06ae46c36541264def729b7,ce4lMhwVHSA,Someone look up who gave Harris/walz campaign all that money in the last weeks running up to the election. Sus af,UCa3W3WEzMhtan_8EWlF_6yg,@NtenseXchange,2025-12-05T18:42:13Z,0.40242934108044337
389c5e30f2f81ce05c1fbe30bc9bc2b4,lrwHsZ_CrIs,I don’t see any one hanging on the side of the boat alive?,UCxuB8ld9rfSxLkuqkhfzBxg,@Whatistruthtv86,2025-12-05T19:22:56Z,0.40210202724032745
9ca9267a8e1c38da0c7e8f4620971829,lrwHsZ_CrIs,I voted for this 🫵🏽💥💥💥💥💥💥💥💥💥💥💥💥💥🚤🚤🚤🚤🚤🚤🚤🚤🚤🚤🚤,UCTha-aeq_QUUdOuW3_YFbvg,@AmericanMade-tp6wd,2025-12-05T22:10:03Z,0.40206739873197195
0b8e77b561473ced6fcddd363e416e28,NlkZ2-hntaw,"They access the prices of your house therefore you pay more!!!!   So the county/ciry get more money, but say the didnt raise the date.",UCt9i4HYkFzmikNOCoIwllfg,@debbiemerritt6707,2025-12-05T19:38:14Z,0.40192735817170033
b10a2a391c2ad3ff0d841a54cc245233,lrwHsZ_CrIs,"Can't believe how low the Democrats came just to fight Trump, protecting drug dealers and throwing decency out of the window because they hate Trump. If Americans can't see this in the next elections, they are blind as well. The Democrats hate you as well.",UCYr9CVUA1vOubI5Wv1WUx0w,@NS-ex6cm,2025-12-05T20:10:25Z,0.40179301063852635
610425d2717df6408165276b8cb7bd88,lrwHsZ_CrIs,Big difference between shipwrecked sailors and Narcotic transfer carrying criminals.,UCrThO9Cb1uV55eE3v_wOwcQ,@jameslawless9819,2025-12-05T19:56:16Z,0.40177801611683395
8d7c65e29616f26892e355dc50b674a2,ce4lMhwVHSA,She will be connected in time. Takes time to make a case. Hopefully she'll go down just like she did to her brother/husband,UClByENXsgf8CizUpeNvg8og,@kurtmohr8770,2025-12-05T18:59:15Z,0.4017092911504492
b4d79966f6c25ce6404e317fcbb7e48e,a4BoCVPQB7Q,@ZiJa7777 No wonder people hate the Left.,UCa2x-ifN-0XlOn7y6jzvXMA,@johnhoran9840,2025-12-05T22:01:07Z,0.40168657914662764
aaaa9e0783e5e6c212552d4f5c2025c6,NlkZ2-hntaw,​@j_mm1084 truly a bipartisan tradition.,UClg_2zvYfKFr5MLxvxClJKw,@mathompson53187,2025-12-05T19:01:31Z,0.40146589903285756
b3d1cabf6f8b2348aea9673a02866321,a4BoCVPQB7Q,"Land of the free has become land of the chosen few.
Good luck with that.
Suckers.
Losers.",UCh9zOCf6QNBhdUWNprco99w,@12stringking-q1c,2025-12-05T22:07:26Z,0.4014455658299293
2ccb49536ef393e62fd190188e584f5a,lrwHsZ_CrIs,"Wake up Fox News they are not alleged drug boats!!!! If they get sunk by the US Military, THEY ARE DRUG BOATS!!!!!!",UCqad35Os-C9NLpU0aJOCp5w,@jmiddlefinger4534,2025-12-05T20:34:32Z,0.40131665484049933
9dffc4ef28b31be8e7ad6c33b3e01ae2,a4BoCVPQB7Q,​@bigstick5278i will never vote red,UCV298b0dGtqTDCeOOo9fYaw,@Babayaga97111,2025-12-05T22:33:52Z,0.40124777543499235
8c9a8978b82dd1fd08c49622b78e3453,ce4lMhwVHSA,"Racism means stay away we are filling our pockets, a well run state, this guy is a ffffffing idiot…..🤬",UC_ceaEcM6M5Y0_Y-oTJdChg,@XRP3295,2025-12-05T18:55:06Z,0.4010344855180018
ed33a52535cc98e1b12d307861b61713,ce4lMhwVHSA,"She said what essentially amounted to burning up the $1,000,000,000, but a large portion went to support terrorists of America. That goes further than just destroying it, this is using it against American people.",UCYjzYdR9Sz9LfrnZkL1e0jw,@joekuykendall1418,2025-12-05T19:08:17Z,0.4006611505233303
88cc614459608062020b274d05917039,NlkZ2-hntaw,Love love De Santis. We know they don’t like him cause he’s actually changing things around. De Santis for president,UChDo8P7DoRTfSO190fhqICQ,@user-yq3cz4to7f,2025-12-05T17:36:45Z,0.4006208425720621
3aa516bef986f5aa85fb6f403986ec27,lrwHsZ_CrIs,"Shouldn't have raised a drug addict

Btw trump just pardoned a drug kingpin and he doesn't care about you, he just wanted your vote. smart people don't like trump, but you do",UCLi15Ba1mtMNvN9nCOJ8ycA,@fcktherich6913,2025-12-05T20:51:58Z,0.40054269614781013
e4f5da27c14779fef18e3da332fe4148,lrwHsZ_CrIs,Least violent right-winger :,UCFFFT8e0BjTuFgNQNoWmgrw,@JotaKaEfe,2025-12-05T20:42:51Z,0.4004686885319392
09359bc840c36b8e68f2681b063c1323,lrwHsZ_CrIs,"Adm. Alvin Holsey is a genius for getting out before everything went to hell. The boat strikes are looking uglier by the day. Trump's but kissers will be charged with war crime. I suspect the international community will be be the first to do it. No foreign travel for the but kissers or jail time in a foreign prison. And when the Dems take over next year...MAGA will see what real outrage from the rest of the country that's not MAGA feels like. Yes, real outrage, not the fake outrage Fox gives MAGA and excuse to express. You voted for this MAGA.",UCkJOjnpd307_UqbwX7SgHuA,@Jay-o3k3i,2025-12-05T19:11:11Z,0.4003936021691037
1825003682b11a08535b442349bd0e0c,lrwHsZ_CrIs,They will change routes. Hollywood is waiting.,UCWbMJdnAM9vVBftQdOZn4eQ,@NNWtu,2025-12-05T20:14:09Z,0.40032807225002287
5e61034f48a65d03474c3850b11d3722,NlkZ2-hntaw,Geesh I hope you or Scott be. A president. This is bad Trump has changed opposite to what he was.,UCjCh3QGcTMStiZd0jmyXtrQ,@MJOS-h7v,2025-12-05T18:44:38Z,0.40021859658575804
f1bdc5d85db632aeb8820368bb6f9d74,lrwHsZ_CrIs,Then you need to Self Deport Now. 😐😑,UClg8yqkCdU08gDcy4HDA5kg,@PaulGriffin-e3m,2025-12-05T19:38:37Z,0.4002142639904652
d4559475271c67e6c6489a5c278b1d7b,ce4lMhwVHSA,HOW IS OMAR STILL IN THE CONGRESS???????????,UCfsV26LR7EhNaoC0uJeKLyg,@user-tr7ee9uj7e,2025-12-05T22:07:11Z,0.4002007833178638
f34cea23149b3f7e393190343a0c4558,NlkZ2-hntaw,This makes so much sense from a common sense Governor.,UCZf4IuOrMBmE2h4Bv_Pp_MQ,@craigpeters4434,2025-12-05T21:41:20Z,0.3999658891940232
919c382ac202726bee24da73b49038ad,lrwHsZ_CrIs,"Well of course the Dems are upset. How do you keep all the mindless drug addicts in blue states mindless with no drugs? They might come out of a drug induced stupor and not like what they find, maybe even get curious how they have been voting while passed out even.",UC-QoBV8jqLFzXCWS0K9o31Q,@johnmaestas1831,2025-12-05T20:35:37Z,0.39995388302758267
f27269fea631fb5d7951dbe21e284028,ce4lMhwVHSA,She is the head... Cut off the head and the body will shrivel!,UCErSh-Cs4cpXNrrRE7tOTHQ,@texanswreck2011,2025-12-05T22:25:53Z,0.39989433604629326
60f5b18e88ccb495c2f426a098bc9b31,lrwHsZ_CrIs,If it has tons of drugs - fair game !!  Booya,UCoM8-JhmYESW4PUUhknK7Hw,@suntzu1901,2025-12-05T22:20:54Z,0.399881627981929
927af44b7af43d5bbb27f7e04b981690,a4BoCVPQB7Q,Beef still up 100% since Biden took over,UCaTOE_6zGyJArLA2QwgHGxQ,@Dwsee58,2025-12-05T22:32:49Z,0.3996931598320313
e8ee2ce6dac88b58429c5b1b9086f5e2,ce4lMhwVHSA,Need to get them some Camels so they can go back home,UCzuJL2iQyEMI11uFB6ym_kA,@wilsil55,2025-12-05T20:04:32Z,0.39964487511146274
10f5e80a0e9e3a89b91ed3c1f22f1d2f,ce4lMhwVHSA,Sounds just like Ferguson here in WA. Praying voters pay attention to his ineptitude when he runs for reelection…provided the state has not gone bankrupt by then. 🙏🏻,UCZxM9P_HHiBCuRTszAmC4ew,@Fran-ou7zf,2025-12-05T20:46:36Z,0.3994469629896821
ce060d9e9bc617421ef427b912836787,ce4lMhwVHSA,Of course.,UCeMTapDr6RZjbwOWeyU3GLQ,@ShelsYouTube,2025-12-05T23:02:49Z,0.3994209560862107
85591c7e6cc87fd5ee3f54bfc7e5eb14,lrwHsZ_CrIs,Double tap on helpless fisherman 🎉,UCexNumkDw0pnljhK1GMNwHg,@hernanbanos9056,2025-12-05T20:27:51Z,0.39912837000904444
5ef5782886ee10683af9dd7a0f847a75,lrwHsZ_CrIs,"Oh! So our borders are NOT secure as Trump claims. I mean, if they were, then what would it matter about little boats on the Caribbean?",UCvlRxZYvNBYzBb_E5wBZrYg,@keithbarnhart6952,2025-12-05T20:27:26Z,0.3991112464861005
e6f8e3105a42c83b27e719e25af7a4c3,a4BoCVPQB7Q,How long has Chuck been ripping us off again?,UCk9w6Az3DAEq80GHNKzvNfA,@mattt5006,2025-12-05T22:05:43Z,0.39908687002479304
9d97f061ced75a19fc39e5130ea3f60a,ce4lMhwVHSA,I'm sure she had no idea....😒,UC48Fk-HFhHUiw_33X-bNdOw,@muthafuckyoutube,2025-12-05T22:01:50Z,0.3990745453041238
95fdd360c5616c64755bdcb0b3a1e5eb,ce4lMhwVHSA,"Really , a crooked Democrat. Who would  have ever thought.",UCxM00i65uBsCx2lAWs2gQvw,@larrygockley5166,2025-12-05T23:10:33Z,0.39901811247642294
ba8a66655af491ed75a86cd062e93f63,a4BoCVPQB7Q,"Name one thing Trump did that actually helped America—without lying. You can’t.
– He didn’t achieve energy independence.
– He did tank the economy.
– He killed a bipartisan border bill and offered nothing better.
– The border? Same now as under Biden.
– Egg prices? Not down.
– He didn’t keep us out of war.
– He didn’t lower taxes—he just shifted them. (Tariffs are taxes. You paid them. On average, $7,000 more per household.)
-he didn’t release the Epstein files, in fact he’s covering them up
– And yes, he illegally profited from the presidency.

Trump helped himself. Not America.",UCzx2jDCwqLgPEUkCnCVzTBg,@RedHatRoast,2025-12-05T21:54:35Z,0.3990112834252225
4e4e37abd31bdfd9bf2faf99926b758d,ce4lMhwVHSA,No yet keep digging.,UCoo_xPPEM-7kKxM7ThZF6zg,@mbic7249,2025-12-05T20:34:15Z,0.3990095938907301
46c24a2fbb658ec8b7630cd90a4f8da9,lrwHsZ_CrIs,"""They were just Poor Maryland Men""",UCzFAONwZpQ4VTu891DQSQ1w,@JimBrock2,2025-12-05T22:49:24Z,0.3986106846428451
ba6768b383bb5e3b138e2360df52c298,a4BoCVPQB7Q,Thanks Dump for robbing us of our healthcare and food assistance to pay for troops and masked goons in the streets.,UC1K6jBYLly7LD1GvH31uJ9Q,@TheSmartWay888,2025-12-05T21:47:49Z,0.39847843915343584
38d70ee5824bc5397e512af9d8ad877d,NlkZ2-hntaw,Doesn’t help if you can’t afford insurance on your house.,UCk5bnking3QAte5XW_32hCg,@Enzo-v1c5i,2025-12-05T21:23:56Z,0.39841178508751796
c1ff8f09b0f37018f56653a3f0579eba,a4BoCVPQB7Q,@batterymetallica1 Meaning trump and what's in your shorts.,UC1K6jBYLly7LD1GvH31uJ9Q,@TheSmartWay888,2025-12-05T21:57:25Z,0.39816730694306446
75f50aa5b9ab5c17993d63e26710210a,NlkZ2-hntaw,"Y'all about to get out of town that big , beautiful bill took everything from the public",UCBqIsZYNBbDtyGoidQjh_PQ,@MillicentBullock,2025-12-05T21:26:59Z,0.39809122863151064
9a721f038ac43484dbd048e9e1e35127,ce4lMhwVHSA,Send her to jail. She hates America anyway. While sitting on our congress.,UCayFVqYlfMdAFsFFGd8E5Lw,@TonyaGreathouse-x8p,2025-12-05T19:15:59Z,0.3980031162859914
18796a3deb4b72bd34f3048b67467ced,ce4lMhwVHSA,Nothing will be done to these traitors    they WILL STEAL MORE,UCYJB3AdMFwoqzfqHSQOvmjg,@promod6037,2025-12-05T22:55:35Z,0.397850264211958
37fc70517ff2c60041c86b2f4d98789d,NlkZ2-hntaw,"If they have a homestead extension or paying way less , they shouldn't be",UCBqIsZYNBbDtyGoidQjh_PQ,@MillicentBullock,2025-12-05T21:24:57Z,0.39778366132002585
8afa1ee8ba0490958217ec56bc085cd0,lrwHsZ_CrIs,Yes they are going to RAGE . They want those drugs in the US.,UC2K2fZC7AVKpRn5MFaqIfyA,@SMR3663,2025-12-05T21:37:10Z,0.397566244686253
01e07ae72fb7603cde89db9f22e77335,lrwHsZ_CrIs,"Either have I, whats you point? I cannot be a leader or organize anything?",UCXYrmZJy1pTQRdWfRFrMZoQ,@lynned.7253,2025-12-05T19:45:59Z,0.3975475778375429
2f6bf07a492c036484ce0faaffa4ebaa,ce4lMhwVHSA,What this country doing allowing these criminals into our congress,UCPDjWWMI-CEXNYHwSCiQM7g,@jeanuytico6233,2025-12-05T23:10:50Z,0.39748424669287263
dfdb2f01ba10e699b6ffc30d92c0367b,ce4lMhwVHSA,"Let me guess.  There will outrage, then a probe, then……… Nothing.",UCSvw8gecx8roTuSskSsk3VQ,@John_D67,2025-12-05T21:38:34Z,0.39745540928081036
1fbd35c4deec491860523d057586cf24,ce4lMhwVHSA,No wonder Omar is pooping herself right now.,UC1yBLArVb9DQZ-1wfrKFKng,@DEI_4_Hire,2025-12-05T19:10:58Z,0.39721360972459707
bf4f85120b87db0b891b71ce221a129e,ce4lMhwVHSA,I'm sure Omar was getting kickbacks under the table even if it's not on paper. Can rest assure that 💩,UC5UlPjTtW70pT3QIZJK-KRQ,@andrewtruffin4781,2025-12-05T21:04:12Z,0.3972060963439519
cfbc342cd7f4552ff616ea05d7acb432,a4BoCVPQB7Q,bot.,UC6YJyNqfiNcrWq2wBBxrJyQ,@kurifutsunami,2025-12-05T22:34:12Z,0.3971611078669963
22eaf6e706f6f91fb7269b1733f7b89f,a4BoCVPQB7Q,Just ignore your ignorance!!  It’s all a hoax!!  -DJT,UCBuI2GcON8MkVlQOej1r_XQ,@CharliesWorld8647,2025-12-05T21:52:30Z,0.39711147271989305
9696dca69d6b89f6907b1dfaaf85ed1b,a4BoCVPQB7Q,"When is the child rapist coming out with a big, beautiful health care plan?",UCkOy6foqVq48SvgVJQYxIbQ,@seanobrien8861,2025-12-05T22:33:44Z,0.3970851536104595
64f60a9a70f2f890e830e072141233d4,lrwHsZ_CrIs,GO TRUMP 2025,UCLP-QovfAGEWtuMNyHCCwDA,@billcarter4670,2025-12-05T21:50:11Z,0.3970733010844108
46b660d2486dfeb07b3102dfec5bf317,ce4lMhwVHSA,I identify walz as a complicent criminal,UC19X_xEskOjg32LnMXmNPWA,@scottmadoff7444,2025-12-05T19:58:30Z,0.396819728418801
a8f90fb66ce323476cd2d0ed10aba7bf,ce4lMhwVHSA,The whole SQUAT needs to be ousted! Yes I said squat. 🇺🇸,UCi8OYgK7CSoH8qXinm0fqnA,@donnaparrish7638,2025-12-05T18:56:59Z,0.39677662627925236
fe75304dec2f2df996c2ba6f9ab6dbbb,lrwHsZ_CrIs,It is so disrespectful to call it alleged. How can you be an American and promote ignorance?,UCuufY3kZauF2yrGL2t-mJYA,@Tropicalfishlivebreeders,2025-12-05T21:47:37Z,0.396104440660481
7604cc00b5a6b30a754d2ab8789c99c9,ce4lMhwVHSA,They planned on Kammy winning the election and this been swept under the giant proverbial Rug. Minnesota has become possibly more dispicable than California if that's possible,UCPoptHd-JgzKhTGSjf11Ebg,@Whyus793,2025-12-05T19:19:32Z,0.39608725942052847
dcf5e3d6d8fd9c07a5fa204a2f341d1b,ce4lMhwVHSA,They wanted this idiot for our vice president? The people of Minnesota voted for him and Omar what is wrong with people?,UC2s4qVK3p2hkdJLjxfVY3CA,@elvagates1709,2025-12-05T18:40:58Z,0.39596800074792926
169707b489e7a039fc66f042edf2631d,NlkZ2-hntaw,​@anonymousNine🙄🙄🙄😂😂😂😂,UC2SezOyV_Neybxk0VaTrFPA,@bothpartiesRtotaldogsht,2025-12-05T21:10:34Z,0.39583457046799425
9945aa1cab710f6574fda8a31ec4e8e6,ce4lMhwVHSA,Put the DOGE squad on it they’ll find every dollar,UCBfDQNuhpjOWNlXt5v-1Bgw,@JoeBananas-e1p,2025-12-05T18:44:02Z,0.39580056014629383
86d953e70f67470d5cfacbe5aef8b559,a4BoCVPQB7Q,@bigstick5278there are very strange creatures being reported all so,UCls6_y3uRnFuD_Lm1yJOmxg,@johnq8362,2025-12-05T22:27:15Z,0.395743648830828
1fb8901c35c63d7127f34ad6077d6a19,NlkZ2-hntaw,"I am a Florida Resident and I think it should be good to prioritize who is the first in line to buy a house.  It ends up that investors buy before residents and then prizes go up that a resident can not ever buy the dream property.  Also, it should be an investigation of the investors if they are from unfriendly countries with the money to buy property in Florida … These people poison the lands ….foreign investors should buy vertical property only not land!!!!",UCH0qzGtnHcIH_bgChWoCxDg,@lolohe-ho4576,2025-12-05T19:45:14Z,0.3956853145910758
3b83c2ad5b913259c0ad2f3aef782b46,ce4lMhwVHSA,qu'on mette ces escrocs en prison !,UC9ggBrzEk9AETXE3PXMnNQw,@boukhalfaguem5022,2025-12-05T18:58:21Z,0.39559760401141075
655c5acfeb36bab5d370a0b82c620f93,lrwHsZ_CrIs,"Demoncrates will always try and stir up strife!, they hate God, America our Constitution and most of all our President Trump!",UCWKPZ3_pBmCgqtL7bZUsxUA,@brettstiltner4143,2025-12-05T21:06:34Z,0.3955974499517598
082973e1b42fe48a4f5dd1463cc78af6,NlkZ2-hntaw,"No property tax on homestead makes a lot of sense; suggest a cap on the amount, tho.",UCSbOFVVM2JmdUSfsceVoMZw,@simpleingredients,2025-12-05T17:25:57Z,0.3955838876570584
3e190a8d60d29f62f720e835879d3c10,lrwHsZ_CrIs,YOU belong in jail for being a failed parent,UCKvWmG03nXPgtzkUakFvdSw,@LeaSchmid7,2025-12-05T21:11:33Z,0.3955261498606921
32207b245278c6494e4fa9157b057cb6,lrwHsZ_CrIs,"Git em git em, TRUMP TRUMP TRUMP MAGA MAGA MAGA USA USA USA!",UCWKPZ3_pBmCgqtL7bZUsxUA,@brettstiltner4143,2025-12-05T20:54:28Z,0.3955216684852362
b7e2291121ed533cf213c753b45b281b,NlkZ2-hntaw,"If DeSantis isn't our next president, I will be disappointed. America's governor ❤🇺🇲🙏🏻",UC_uuAGP_-VMiA2L8QaKQJ5Q,@askshadowthewerewolf1294,2025-12-05T17:33:01Z,0.3953972653362897
fddce5241246c05b6f90934e9bae0106,a4BoCVPQB7Q,@danajohnson4480 President Trump is more honest than the entire Democrat party or their supporters.,UCr1gJhjOPjllykghxCfxXgA,@elbrujo6983,2025-12-05T21:59:46Z,0.395383716937062
7a8ee47d049dd484e9cf9b665a77a179,lrwHsZ_CrIs,Strike strike strike!!!,UC9023Ru6uut_UV0ToUlaKeA,@Anthony-f8s8q,2025-12-05T21:11:15Z,0.39534776847007147
0b0fd8d4056524bf26f80d8e90a5a455,NlkZ2-hntaw,I’m a suburban voter in south Florida and I really hope so,UCsKwcWYwgs4f0Sm0ihs53Kg,@RobSmith-ye3rk,2025-12-05T18:44:27Z,0.39534063708501
eaa127e963cce85b36ff66e769e64d9c,NlkZ2-hntaw,No tax until you sell it.,UCZXK5boVsBkKZjVFhRTWxFg,@danstepnik2012,2025-12-05T17:51:15Z,0.3952878762075831
17931ced7f96689f15200f5e773cea5e,NlkZ2-hntaw,Florida GOP is trying to run out the clock for Desantis's term with B.S. bills. WE SEE YOU!!!  And we will remember you when it's your turn.,UCIdGUozFZ18JiYcJEziyIwg,@liberh8terzhuzxur974,2025-12-05T17:45:37Z,0.39524430871737926
314708e640115b8c7f377eabceb7bda9,ce4lMhwVHSA,"Her salary is 174k and her net worth 30 million,  make you on conclusion.",UCY5rLxYbnhR8FyiXTe1MT_Q,@adriandelavega4791,2025-12-05T22:46:33Z,0.39523734404016764
615fe9da648a40b1c148c7d95b793b15,NlkZ2-hntaw,Don't worry Florida. Blue states will continue to subsidize you.,UCY__dlu7CU9XCFTzPOZCdgw,@MarkBacon-r5m,2025-12-05T17:45:26Z,0.39523294509151413
b2c226c9838c9ce21eaf5c0473dd02c6,NlkZ2-hntaw,All that money we paid in taxes and these people get away with that money so what's the point all that work goes to nothing,UCYSiE9OusdEtW_UuxikglAw,@colorfulfartcloud,2025-12-05T18:05:14Z,0.3952129567423833
094590a75ee31c000b5043f391e55f16,NlkZ2-hntaw,We need a Ron in California,UC5Ix8HQcxDadSTIKv7TlWWQ,@m2pac16,2025-12-05T21:33:43Z,0.39513075938493947
bb1a367dc18290c0f2e491f6755d41f6,ce4lMhwVHSA,She knew and helped.,UCdRDH2Rqp-qx8SHVVcvQ7eg,@JeffMalone-nb5ps,2025-12-05T22:40:04Z,0.3950780209672077
332f58be2808e486dbe62dfce1dd1026,ce4lMhwVHSA,How about you?Let me know when somebody goes to jail.I think this is all b******* until somebody goes to jail,UCs7OfMjZAtzceIA54-ue3yw,@Insighttogether,2025-12-05T21:56:33Z,0.3950574883410436
6a377a8c93c5ec5d3d0b12e68556cb36,a4BoCVPQB7Q,no,UC1K6jBYLly7LD1GvH31uJ9Q,@TheSmartWay888,2025-12-05T21:50:10Z,0.3949828460663209
a17580cc7c7ae4263510fd661115d0f9,ce4lMhwVHSA,"100 years ago people would have been shot over something like this. No trail, no nothing.",UCTJWkRemBBHSEnw-Ssly1aA,@AlfredSmatter,2025-12-05T18:47:17Z,0.3949387676652847
3807406a2c8b6588c3fd5262cebaa556,ce4lMhwVHSA,"Several governors have went to prison, over the years. Tim Walz should be the next",UCdwcHlIwxGvy8Bb0Es63E5g,@Mullet-ZubazPants,2025-12-05T19:07:40Z,0.39491398482231216
5f06069b473cb391421bde9318ddc62f,a4BoCVPQB7Q,:3,UCHs9BMOBFJ5sTsUa3NSs73g,@youcannotstopme7893,2025-12-05T21:51:54Z,0.39479682942520133
5f06069b473cb391421bde9318ddc62f,a4BoCVPQB7Q,:3,UCHs9BMOBFJ5sTsUa3NSs73g,@youcannotstopme7893,2025-12-05T21:51:54Z,0.39479682942520133
9a27fbef8252250eba5e79b580b10440,a4BoCVPQB7Q,"​@thememo6019oh please memuu....
    Sell it to your neighbors.",UCKflTMWB0_-lrtUoRDH2XSQ,@Rob-fd6si,2025-12-05T22:02:22Z,0.3947764849900446
1c4b4b8cc09648822eb0b66fcd902dc3,a4BoCVPQB7Q,Trump has driven a bunch of business men and career military so crazy they committed suicide ! lol I love it,UC_ZW4nbHwymfiD0oQYbf3KA,@therumjiggler,2025-12-05T22:51:15Z,0.39416978696832905
e746d083d55f0b4b607ee36d0d7c9db4,lrwHsZ_CrIs,They don’t care if these boats get blown up. They have plenty more,UC987z3_jAALZ5M_4m3Wzvcw,@DiaHegge,2025-12-05T20:50:31Z,0.39396423887537846
773fe32cdb6762f6bc0530ec6c0ea540,lrwHsZ_CrIs,Let see if they lost a child just maybe they would understand why trump is it's doing this wake up American,UCeduX6ZUiLN2JLKvPwJ73jw,@jackwalls5712,2025-12-05T20:58:31Z,0.39389987032769636
04dd0a65b85cb55ff34d9622e058fc00,a4BoCVPQB7Q,"For what Schumer said about Trump, it also speak about yourself Schumer being a millionare...",UCFLk9V5RJaoQ2fUcZG_1y3A,@russ7479,2025-12-05T22:40:49Z,0.39383012584725396
61a30a1c8b954a77f8f6720f4ed672b8,a4BoCVPQB7Q,EVERY THING YOU DEMS DO IS A SCAM  WE THE PEOPLE STAND WHIT PRESIDENT TRUMP YOU DEMS NEED TO GO AWAY YOUR NOT FOR ANYTHING GOOD FOR OUR COUNTRY,UCD-mQTMtFKnu3DZT54g67Yw,@WillyCrossen,2025-12-05T22:25:45Z,0.39380336988186326
3e06ca1a705f167e063d377a5d5a68f5,NlkZ2-hntaw,He is currently giving huge tax incentives to BlackRock and they are destroying our small communities and parks.,UCp7zvBiqpFjZc_oHqPAYEEQ,@robospear5606,2025-12-05T17:51:00Z,0.393783452470128
03db4893fea893a91660641151eb3e6e,a4BoCVPQB7Q,Many Democrat trolls here cause Democrats are scared sit less about losing elections and losing their voters.,UCEioiIdnuSu2NDUyJl4QR6A,@davidboggs5150,2025-12-05T21:57:16Z,0.3937664614678166
6b7a528ac7b3f954015c2ca38a188091,NlkZ2-hntaw,Eliminate property taxes! You bought it to have refuge in your old age,UCzBUrxMlLkH0PkTAKmxTUBQ,@maryanncraze5118,2025-12-05T22:54:48Z,0.3937505043242341
7a9ffbd2f4da24bb379cdeef09030c94,lrwHsZ_CrIs,Murderers.   They have no idea what is on those boats.  Taking shots at every target they can see.  Unreal what the USa has become.,UC9HvDLhg8o2PdDJdqKMGJjw,@djprecise123,2025-12-05T19:20:48Z,0.39356316119708895
150451a7e01b6afc423c3dc9e459b3a5,NlkZ2-hntaw,"Would love to see this in Oklahoma. Anyone who owns a home would appreciate this. Since the homeowners are predominantly Republican/Independents who believe in working for what you get, I don't see how property owners would leave the party over more money in their own pockets for a change.",UCcmm7nxcy4187SwtbcjkbZg,@BetsyJames-o3f,2025-12-05T21:23:31Z,0.3935046473843267
24d0e55543018f3814d428f442416675,ce4lMhwVHSA,"NOW, American society knows the TRUTH, y'all Somalis lie, y'all scam and worst of all, y'all are sending money to ALShabab TERRORISTS in Somalia who have killed American soldiers.  THAT IS TREASON.  Maybe Trump can't deport you because you got your US citizenship years ago, but TRUMP CAN DEPORT YOU TO PRISON for being a Benedict Arnold, for being an accessory to terrorism.",UCJzOye5PSb_HkhloMgLc97A,@viccky-j6z,2025-12-05T18:56:34Z,0.39341074817850097
46a04ac9df25a447af3afe1a6ba439bf,ce4lMhwVHSA,50%???????     Wow.   Minnesota is a bunch of duffs,UCDyvjaVq_5bfp1Yd35PlUzA,@ronsmith8434,2025-12-05T18:49:19Z,0.39335603875009234
b7a93bab081d551df236907d301cd546,lrwHsZ_CrIs,Most crime only exists because The Left allows it to exist.,UCNk80z0UTScmSIC8TWoSLIw,@cpm1003,2025-12-05T19:10:31Z,0.3933331936860957
e22b0bd18f0426c7f6063bc9c8551d2e,ce4lMhwVHSA,Where is the ACCOUNTABILITY?????? THAT'S OUR HARD EARNED MONEY!!!! And yes I'm yelling!!!,UC-LDRpMjamKrpCaPhXay_Lg,@halffull9527,2025-12-05T20:00:47Z,0.3932700406213334
db332c6de842ba6eb4ab937716ac293b,lrwHsZ_CrIs,That’s what I voted for,UCvCCUZdV7XRKN4ly-fTttPg,@darkzak47,2025-12-05T19:29:12Z,0.3931595886853634
860d032ef18e0ced45096dd120256f95,lrwHsZ_CrIs,"So, according to a modern Dems thinking process, if a psychotic criminal was caught cannibalizing human babies, and Trump expressed his revulsion, and roundly condemned the practice, than the Dems should rally around the psycho, collect money to support him, and hold baby eating rallies......Hmmmmmmm.......I see...",UCCE84flXnIZlJGYyoeYm0Fw,@larry-yz2de,2025-12-05T19:23:07Z,0.3931048983095068
6493f0a1be1d46e9f15cd8592290d0aa,ce4lMhwVHSA,Walz should be jailed. His dance card would be pretty filled lol,UCu8yhbuF_ncNzTHUVcw0rcQ,@joey8682,2025-12-05T20:16:09Z,0.39308053267785825
a00dd66897230fb763bf45d7ca9fa32f,ce4lMhwVHSA,"Distraction much?

Epstein, what about Epstein?",UCFHv65dS4zeQswsbSEmHauQ,@jodylowe8476,2025-12-05T20:04:17Z,0.39287457843219564
0c0f48d281fa85c6be74d2c760fbaa62,NlkZ2-hntaw,If the GOP implement this in every red state and try to do this nationwide. There’s no way they can lose,UCoY6D3zqLztpxjqS1rgGp_w,@JennyLuna-y5g,2025-12-05T18:36:16Z,0.3928593254868832
af3605198f3662797c1c88efd13a1ea6,ce4lMhwVHSA,Get all documents  handed over.,UC0_MRQKGyiuo-2svnx0T6-Q,@carolokbrblol,2025-12-05T22:03:41Z,0.3927120086029842
e074edc73a87800b984cefc823877bf9,a4BoCVPQB7Q,Don't be a sucker and a loser. Don't join the military 😊,UCjvx1E0gHFdC5LxJRT0aGsg,@ElmoNeedsAnotherBeer,2025-12-05T21:58:00Z,0.39248650607806956
365585b8a67cecef542682fdcd57d8df,lrwHsZ_CrIs,Does the democrat party give lessons to their politicians on how to promote any other persons or countries over the U.S?,UC5cg1AMc4XPEOgL8s7SC0Ng,@Lightseeker8-l8n,2025-12-05T20:17:50Z,0.392371873829645
f8d0380dbcbbc7950505d84c925f1f0f,ce4lMhwVHSA,"A Billion here and a Billion there, pretty soon you are takin real money 😂",UCgpyalyb_FavhdOh76ihGBA,@JB-gr6om,2025-12-05T20:15:51Z,0.3923051137917345
c86e5eb5ff37d8babdf182cd38dd1602,lrwHsZ_CrIs,"If we keep striking these drug boats, I predict Maduro will be dead by the end of January if he doesn't step down.",UCAmzl5SPYY8fIWdXBBW6AUQ,@asyfydiet9169,2025-12-05T21:30:52Z,0.39230479506672866
cd2e6975889a8495361fd8cdf72b628d,ce4lMhwVHSA,Minnesota has taken away the trust of the citizens of the United States. This is about as unconstitutional as it gets. It is time for the United States to act against Minnesota.,UChEFanzegbn8wiN-3twX2zg,@williampool3080,2025-12-05T21:04:23Z,0.39226396901555843
6becff0eb5087192c38790f1c56271ea,lrwHsZ_CrIs,the dead know only one thing it is better to be alive.,UCXVIkv29htA9rNr1Tibgdaw,@CalvinMorris-cf8jk,2025-12-05T19:39:41Z,0.392172545033042
f1cf657c9351e55eb0625209bd94cd34,ce4lMhwVHSA,Whodathotit,UCcay-y8bW3FR_0HQnn6oT8g,@steveg2479,2025-12-05T19:35:29Z,0.3921033219415918
3509bec0f63f7ae2f31115b8649284f2,ce4lMhwVHSA,Minnesota is definitely not what it used to be. It's kind of a scary place to live now. I sure won't be voting Democrat any longer.,UCDXlDUDrQx1LJIa4zIVc8ug,@alanzolotoff6014,2025-12-05T20:03:10Z,0.39198172218841354
3abe75562d95ddbdd99ae39cf0af77b0,ce4lMhwVHSA,"White Supremacy is not something whites created... rather, it's the black and brown people of the world that gave whites their supremacy through... ""attrition""! Here's the proof. America has over 5000 degree granting institutions which is more than the rest of the world combined. 101 of those are HBCU, which is more than all of the African nations combined. 90% of the world population is non-white... so ask yourself ... how did 10% of the world population become ""supreme""? There are 2 answers (1) It was Christianity and Charlemagne that mandated education in Western Europe where 99% of the white people lived before America existed. When whites migrated to America, they brought Christianity and education with them. (2) But the real reason why whites became supreme comes from the Religious & Political leaders of the non-white nations... that had no education policy for their masses. In fact, those religious & political leaders purposely kept their masses uneducated because it's easier to control ignorant people. So... when you have a group of uneducated people vs educated people, the group of educated people become ""supreme"". Then to make matters worse... the leaders of non-white nations ... through state run media and propaganda... tell their black and brown masses that their suffering is caused by the white man. Lastly... black and brown people that come to America to get educated... never go back to their home countries to help their countrymen ... do you know why they don't want to go back?

Why is it okay for countries like Mexico, all countries of South America, China, Japan, India, Pakistan, all the Middle East, and all the African nations... to have their black and brown nationalism? Those aforementioned countries are all 99% black and brown. Why can't America be 99% white? Why can't the UK be 99% white? Why are all of the black and brown people coming to predominantly white nations if they think we're racist? It appears they don't want to assimilate ... it appears they want to take over America and push the white man out. They want black and brown nationalism... it appears. Why does the American government keep letting ""them"" in?",UC-wUaGok9sVMGHZlwYHs_9Q,@steveking7719,2025-12-05T23:04:46Z,0.3919621372106379
434c9f0f8e27d7eb7a7eb91146d08791,NlkZ2-hntaw,"Always love both Kilmeade and DeSantis, and I'm with Kilmeade: you need to convince DeSantis to visit more often!",UCKrsiva2s0vX_bKulF858SA,@periphron,2025-12-05T19:43:37Z,0.391799192929303
d6eed09c5319404424478e569a9e9c33,lrwHsZ_CrIs,Under investigation..for now it's CYA.,UCktbWiBAir-1bCliycnoCvw,@Uniquemum73,2025-12-05T22:07:19Z,0.3917339171512823
34565f8047b05620005c34e91ec68541,a4BoCVPQB7Q,"After saying he would lower prices on day one, I highly doubt Trump has any credibility left.",UCAG2KSvHOq3wM5UhUnOd9Hg,@danajohnson4480,2025-12-05T21:55:10Z,0.39170131877010944
746f2a340b194c453c3efcdea592ce95,ce4lMhwVHSA,ARREST THEM.     ARREST THEM.  ARREST  THEM.   Is anybody listening to us AMERICANS?,UC0z2D_xBWlmAdeAuGJLdDmw,@carvinlambert6899,2025-12-05T19:13:55Z,0.3915805256828237
59eb17ba121af3d222eec7e78ede35b9,NlkZ2-hntaw,So every local jurisdiction is on board with this.They are all going to eliminate property taxes all jurisdictions😊😊,UCBqIsZYNBbDtyGoidQjh_PQ,@MillicentBullock,2025-12-05T21:36:11Z,0.3914371439883136
751a29089e5cfb351d1ae7e9f2c9e3f9,lrwHsZ_CrIs,Blow em back to stoneage,UCDEcu0kTAvqC3pVGF4AuBSA,@user-qb3zf2bq9p,2025-12-05T20:50:18Z,0.391281409332849
13f0d7721207ab2897d40adc3287919b,lrwHsZ_CrIs,Is the democrat position simply default to opposition?,UCHeUzqJ9_k57zaU-HDf0LIQ,@MarkieRies,2025-12-05T19:11:26Z,0.3909968565636499
8aae04d8d16f97956f2e98364fd779f6,a4BoCVPQB7Q,"Just wait till AOC takes his place, talk about Idiocracy 2.0.",UCB9-4aGQCJSwyGTRGXCl0_Q,@bigstick5278,2025-12-05T22:11:18Z,0.390886847767244
60517e73d678795f9aa9c833df66f831,ce4lMhwVHSA,"Omar is just as guilty as Waltz. Bet she knew where the Campaign funds were being funneled from. If she cheats to get citizenship, she will cheat about anything.",UCYr7cE-pNQbyNL9Qhvw3duA,@veronicaf9444,2025-12-05T18:57:51Z,0.3908852193175262
7ad4bf78d0b0bfe47fd7329b6183c5ff,NlkZ2-hntaw,"Property tax is theft,  pure and simple. Do all the right things save and scrimp to buy a house. Work your life away to someday own it. You never own it. Its always rented to the govt.",UCrzW_uYCdrbON9UNGuLt7yQ,@theeolrazzledazzle,2025-12-05T19:11:34Z,0.39084245766357645
32c5f7fad788d49a902d6b346715ea14,NlkZ2-hntaw,Kick out the Democrats.,UCNCrnVdkPZOWcUp-9-TeSQQ,@OpalPh,2025-12-05T19:28:33Z,0.3907581006482079
28bb9533ddc31a5aa722f778d0ef6bd6,lrwHsZ_CrIs,"hey fool, trumpf just pardoned a guy convicted of distribution of 400 TONS of cocaine into this country.",UCcD_8x_nZWrAUNJjNtKhZiA,@BigAl455,2025-12-05T23:00:58Z,0.3907090516769301
4f6a62fbe4ef8f94888d21f29b4fbc7f,a4BoCVPQB7Q,"where is he coming up with this $3k ... NOTHING HAS GONE DOWN FOR MY FAMILY... and it still costs about $1,000 to feed 3 for us!!",UCw39-Vlc553SRvPD_w4neqw,@CarolannSeitzinger-l6u,2025-12-05T23:01:17Z,0.390586514723119
52fc57319c62fad8b2aa2608e2fed430,NlkZ2-hntaw,"Tax unearned income instead. Eliminate tax on earned income,  yes and I mean investment income too. It's earned despite what the IRS says.",UCVnS0ycQ6nj5S0z0j_eWSWg,@ThomasPain2025,2025-12-05T17:29:31Z,0.39024958402662224
37d55b45636cf46b4b00e83f42ca2942,ce4lMhwVHSA,کیر کفتار بر عومار و دانالد ترامپ,UCJYJKONhcWvnTosTGhGuZvQ,@MohammadRezaMikaeil,2025-12-05T21:43:06Z,0.3901378783868152
7d05056161abfdc232ba25efa9ed79bd,lrwHsZ_CrIs,Keep up the good work.,UCbm4Ct9IR36B4XRe3tAfifg,@bustercrabbe8447,2025-12-05T23:01:44Z,0.3901164017581621
b09fb93a914055401368081f39da4157,a4BoCVPQB7Q,Yep...he bought popcorn...lol...it is true,UCYMTTqyaNXL1RZ-AduxiSeA,@Stormy711,2025-12-05T23:03:55Z,0.38971576541255504
5640e617e594f32cef5b1387fdfefc13,ce4lMhwVHSA,Didn't Trump have ties to Epstein?,UCJQKHMwb1Vzfrz59meNnG7Q,@NCH_111-g7f,2025-12-05T18:55:53Z,0.3896988662660471
b8b28196c22cb3b7c937cee481dba9d3,a4BoCVPQB7Q,Well food is a lot cheaper than when Biden was in charge do you think democrats was eating rice and beans during that inflation or would they also have been fine dining how about during covid when everyone had to stay at home or wear masks but then newsom and democrats was out eating meals maskless 😂,UCPOxUdLxoXLV0MZeqAY3Hew,@StarzeGaming,2025-12-05T22:34:02Z,0.3895602666176661
ba2d17be8f125852ead7c8824031a739,NlkZ2-hntaw,We are in a recession. It will be a depression caused by Donald Trump. Have a good day. 😂😂😂😂😂,UCAohOKFoOYq1eFCOJYJzqBQ,@morningglory8841,2025-12-05T18:22:14Z,0.3894037791518803
8f17c995a1e62593697bbabf37733145,NlkZ2-hntaw,"​​@Not_YourNormalFriendi love jesus, just hate fake people, sweaky voice, wears makeup, puts lifts in his shoes to look taller, as if we care, i love floreida, dropped millons in Miami.",UCluhTevgKYVDAeJlCfEeYbw,@robertoroblero3259,2025-12-05T19:07:26Z,0.389300726567027
478216380d3859eb7d24e4183bdfda95,ce4lMhwVHSA,"Just remember and don't forget, democrats are above the law",UCdgNeoWh0o3genSWpscN_uw,@bruceelwell4264,2025-12-05T19:56:12Z,0.38899893766022725
ecd4ae0f34b2035e78773bef289ddd7f,ce4lMhwVHSA,I think prosecutors are loading their shotguns now.,UCVLSNttbfMtzFESh4XmXDfg,@AMERICANPATRIOTi9,2025-12-05T19:12:19Z,0.38892840527206807
2cfbd92b175caaf65b45489685957256,lrwHsZ_CrIs,Don’t listen to the Democrats. They’re not getting their kick back from the cartel that’s why they’re pissed off.,UCvcvoagUEQNelKjJiufPL-g,@Areyoutalkingtomuh,2025-12-05T21:01:29Z,0.3888653735619473
18154ac9233f419eaa6160ff17f5d07b,ce4lMhwVHSA,Scum,UC5-jrbVErrb6y_yHb7ZAkhQ,@MG77567,2025-12-05T21:02:38Z,0.388855206010889
916ecd0f30528a10786846e79348675d,a4BoCVPQB7Q,Who cares about low inflation if prices of everything remains high....any kind of inflation ...low or high only adds to the already high price of everything.....because not much has come down to appreciate the noise from POTUS or any politician,UC-XoOm4LrID484qmvVWmAQQ,@AndrewDavis-i1e,2025-12-05T22:37:57Z,0.3888239520394763
2a18fe6edace69c72c47602e416e339f,lrwHsZ_CrIs,KEEP RAGING MORONS,UCsF1DnT-8en_fZiMYp_ArmA,@robleo-j1b,2025-12-05T19:50:07Z,0.3887422699209618
3ea14b2d1ad7b9a52883496912871ed4,ce4lMhwVHSA,Lock them all up and remove them from office and get our money back,UCDg1jn0HmcGxnt4q6b1i02w,@jamesparent1525,2025-12-05T20:31:27Z,0.38857247097333336
e7e17b8049528dc9a5a02203c3ff3576,NlkZ2-hntaw,"If you have surplus , why are the children in florida gonna go hungry",UCBqIsZYNBbDtyGoidQjh_PQ,@MillicentBullock,2025-12-05T21:34:00Z,0.38854103511488874
3d20c4da2de27a420b65344dc760fceb,NlkZ2-hntaw,"What would billionaires know about ""affordability"" problems?  Why would they care?  Here's a news flash: They don't care! Trump doesn't care. Musk doesn't care. Their ultra-rich corporate donors don't care.",UCMG4vrEq3fFEvxXr_fMiSRA,@beechnut8779,2025-12-05T17:46:56Z,0.38845536400501
4b730dff91da09342219140fb845a5fe,ce4lMhwVHSA,Typical for Dems. People will still vote for them.,UCXb-LkVL53ZoAsCORAQMgGQ,@buckystarfinger2487,2025-12-05T19:09:54Z,0.38839343341890364
fcd0309aca3874444aa26a0766c734ad,ce4lMhwVHSA,BLM used the same playbook as these thieves. And we all know that now yet I still see Black Lives Matter placards all over Seattle.,UCnp6Guvc9AdjzOvFMD-jaaA,@jacksoncothren5831,2025-12-05T18:52:37Z,0.3883162754177499
a9a4500d31d81279e8ed56f5ea758612,ce4lMhwVHSA,"Trump is the reason for all this accountability, he's getting into their pockbooks thats why they hate him LOL Go Trump Spank them all",UCF5xJlfnbFWeYtgnUyt3C6A,@huntfish,2025-12-05T20:25:15Z,0.38805427092204414
06fbc299034c6379383f486c7da6da2b,ce4lMhwVHSA,Bvllshit! Ilhan the brother fvcker is getting a %. If your friends are stealing BILLIONS then you are getting a fvcking cut! Stealing BILLIONS of Taxpayer dollars must rise to the level of TREASON and EVERY one of these m0therfvckers MUST be EXECUTED!,UCGiCaQeiXZYDxLt5m2_9NXQ,@geraldhedrick9982,2025-12-05T20:10:28Z,0.3879783108541244
e2d3798b745fc7d835041dd9d40fee68,NlkZ2-hntaw,Insurance is unaffordable in Florida !,UCeW5c-FlNwtS-IMDiztdQeQ,@craigloschky9293,2025-12-05T20:11:34Z,0.3879227444728051
0bf73d21d77a18db9d76828aa808071e,lrwHsZ_CrIs,"Yes, They should have combated Themselves. 🥱😁😁",UClg8yqkCdU08gDcy4HDA5kg,@PaulGriffin-e3m,2025-12-05T19:56:43Z,0.3878707171948188
93eb28ee63934bbb6c94cb71911ab28f,lrwHsZ_CrIs,Until the drug flow stops...LIGHT THEM UP !,UCdhfOA7-yaSwFkqgen3Yk-A,@nealruth664,2025-12-05T19:31:44Z,0.38782062232687875
1f623830e2b0baba3bfa882d44ff6b50,a4BoCVPQB7Q,​@hansleeuw2840why are you so angry about trump? 😂 get a better therapist,UCtAGTy02pD1iVWcXaHz9QLA,@JohnBalnisThePu-C,2025-12-05T22:07:32Z,0.3875382411496615
c104b247ad4531a9cee2ac9dc671ab68,ce4lMhwVHSA,Since they thought they were better than black Americans; they all should suffer the same fate. No we are not the same!!!!!!!!,UC33KV39qgto4iofwQ6nG3Xg,@donaldbyrd6164,2025-12-05T20:52:22Z,0.38752814843138716
6d141dcd2847c4599ff6f64f09628a2e,ce4lMhwVHSA,Why did it take so long NO BALLS WALZ 😫,UCNO367Iyb8RxY7YqTCGz9xQ,@frankcrenshaw7343,2025-12-05T20:24:43Z,0.38743344086074266
d50a405b162a530d7804880ac1539e51,a4BoCVPQB7Q,*Crying Chuck is wasting the Oxygen an aborted baby should be breathing.*,UCR6SPvkd-ejn2pCxRV3PDvg,@SpiderMurphy-ze5xs,2025-12-05T23:14:55Z,0.3874031895266046
b88274acfd7d46f371c787da84bb342c,ce4lMhwVHSA,Not up in fire.. Its all stuffed in that vacuum bag on her head,UCE-XAbH1WQyBpEoqvvEScBA,@MarkHahn,2025-12-05T19:55:37Z,0.3873483211868885
306e437dc7f8e9d4e6da0466ad043fae,lrwHsZ_CrIs,Its looking like they make so much drug over their they can afford to loose some just to get one through!!!!!,UCWYv-hPpl09fZEeKv8yWR7g,@gregorybolton4,2025-12-05T20:07:53Z,0.3872693451680561
432404baae6bba50e7b2a674f219c81d,a4BoCVPQB7Q,That fact that anyone still cares about Chuck Schumer is absolutely disgusting!!!,UCuGAccKAO0csFFZSAavlXyg,@AeroMetalRush,2025-12-05T21:46:55Z,0.38715078280321236
dbc50a1bffec59ad9080ba57251eeb21,lrwHsZ_CrIs,"The alleged fishing boats have four (4) Mercury  V12-600 hp Verado outboard motors totaling 2,400 hp, that can reach speeds up to 70 mph.
The Democrats need to do their homework. 
Fishing boats don't fish at 70 mph heading for California from Venezuela with tons of narcotics.",UCciBHhAty0lwHgN-SIu9b_w,@Pete-w9j9m,2025-12-05T22:44:29Z,0.38694648578206203
99adec71285c14621b742bbc0d75baa5,ce4lMhwVHSA,yeah the crooks killed the woman and husband who voted against it,UCCkPFoZrYJLiej2L3qWselQ,@askrenee9880,2025-12-05T18:45:52Z,0.38666292095549076
8abe95a36fd19b40219dda473c299807,a4BoCVPQB7Q,There is no replacement for Trump except a rabid dog.,UCKey20totl_t6Oiu0RZ1YFQ,@jonathanbranin9312,2025-12-05T22:55:46Z,0.3861721991827578
be28149d1752822a27f678b630f6b233,lrwHsZ_CrIs,Keep blowing them up if they are dumb enough to keep doing it!,UCsyW2UbCgdqlmfmdf0xoFrQ,@jrculbertson7463,2025-12-05T19:16:28Z,0.3861361930547329
a8927653d8878ee307c7a6eb03f23f33,NlkZ2-hntaw,Meatball ron has run Florida into the ground. Its the east coast's California...,UC2SezOyV_Neybxk0VaTrFPA,@bothpartiesRtotaldogsht,2025-12-05T18:07:13Z,0.3860820061520213
67c317fcf783fc027e670f30f60d43ec,a4BoCVPQB7Q,But... but.. he's getting rid of the brown skinned people! LOL,UCAG2KSvHOq3wM5UhUnOd9Hg,@danajohnson4480,2025-12-05T21:58:35Z,0.3859109917616094
3c610d31dcc30351bda6c608654b47bc,ce4lMhwVHSA,Just saw an interview with little Ilhan. She don't look so cocky anymore. Not a very good poker player either because I can see the f-king panic on her face.,UCO-JZCyRoyMAVBaviQU2feA,@jameylane9944,2025-12-05T21:37:53Z,0.38586485360265216
87f3e1b029aaff51bce512fdc10fce6e,a4BoCVPQB7Q,I haven't heard anyone from the Democrats say what they would do  to make things more affordable.,UCbsCeP7BdPA8D8_MdeGI56Q,@JCP209,2025-12-05T22:26:01Z,0.38580913150666307
56133e811d8945eb79ffd9c3419fc962,lrwHsZ_CrIs,"Good. Approved by the majority of the American people. ❤🙏👊👍
The left, the criminals and democRATS will go bankrupt, their investments are going down the bottom of the ocean😂",UCiFpnsHgl5hZ7tGnl1A77Tw,@yookleed9149,2025-12-05T19:28:55Z,0.38569327285081745
f83b30d99a0ced23c2486c26f4be03ec,NlkZ2-hntaw,I hope every Republican governor is taking notes.,UCwWaUdbow-ImBlMizUMFL_g,@galanoftaa6439,2025-12-05T17:36:21Z,0.3855672579453067
5409a7d134a17c5e4488d2fa70f21c15,ce4lMhwVHSA,I need to be distant friends with these democrats. Maybe they could hook it up with me if I’m a good friend lmao,UCEaRrsWsV1OW3MPYmFOKduA,@Alex_Monroe92,2025-12-05T19:49:38Z,0.3852867914632494
b9ac5cd89ce007ae35e47e6bc7971965,ce4lMhwVHSA,Now that makes it $2 billion so far…keeps getting juicy,UCP8Ca1uQWyNA6irNP8ik59g,@timmy2310,2025-12-05T20:58:29Z,0.38527904975423277
ac8be68067ca79041da110b194e4b511,NlkZ2-hntaw,Why does Fox take down posts that conflict with their bias view of the world?,UCcP2Rauokc_02hgsKsfya3Q,@GeraldCordell,2025-12-05T17:43:52Z,0.38524958402662224
36e7ab81dd4f8c746db7690bccd7fa5e,ce4lMhwVHSA,Why don’t we just get rid of these idiots once and for all? They are criminals after all 🤷,UCqhxEirRs1Zo4rU9mxHiLsg,@MousaHaghani,2025-12-05T21:45:38Z,0.3851495154350094
2539666cfe5f28038680e4d2359eacf9,ce4lMhwVHSA,No Shiiii Sherlock!,UCfRqHOvd_72A7HekIZ78T6w,@Plumbob_3,2025-12-05T19:35:38Z,0.38513149342453584
4f4a676720177aeb4e69f3d0bdac985a,NlkZ2-hntaw,Dream on,UCWodR_NJXpbBqAWLrkkwr1g,@nibborrepooc,2025-12-05T18:12:34Z,0.3851220188574598
54b6b62b59f6a0abfb762c8eda18a5c1,NlkZ2-hntaw,Do homesteaders pay florida state property tax,UCBqIsZYNBbDtyGoidQjh_PQ,@MillicentBullock,2025-12-05T21:22:38Z,0.38495606151997575
f4b8849823cda914889b1d5df5cdacf2,NlkZ2-hntaw,"He needs to be the next president, not vance",UCIZPOOqAs9TpL-rIds5Ej2Q,@rikkperez2039,2025-12-05T18:24:06Z,0.38492806294940074
86baaa05955202030cc98956aa97eaa7,a4BoCVPQB7Q,Mid-evil times. Clowns nothing else heck most of the dems are I can only think of 2 intelligent dems Harold Ford and John Fetterman,UCWzShoZZgEXpKvYzjnuqHGA,@LoreneWinder,2025-12-05T23:00:28Z,0.3849241219205426
4b419955e53974c8afac809f10283f81,a4BoCVPQB7Q,Bull 💩! Keep dangling that carrot!,UCP-AKQxJM8StDZNd-L7FQ5A,@COLONIAL1962,2025-12-05T21:53:32Z,0.38481480655910616
6737af2d68023620b1940d0bd272d4b9,a4BoCVPQB7Q,"Trump has NO Economic policy. This years deficit will be the largest in our nations history.  He passed Biden’s deficit the first week of September. 
He does the same insane routine every year he’s been in office. Just like his healthcare reform policy, he has done nothing but increase costs to US consumers. In January he will continue Obamacare as he did every year of his first term. 
At this point, if you still believe anything this child says, you need to go with Trump to his next Alzheimer’s checkup.",UCHibz4GFruWiwJ3bKs_dQZA,@user-cm4xz5nl997,2025-12-05T22:07:10Z,0.3845527722914809
c9eca10a4b96c40ab7319ea51f04d589,NlkZ2-hntaw,Dear Lord please heal Roberto of bitterness & anger in Jesus,UC0-J6L-_a6nzGB1svT_1KfQ,@Not_YourNormalFriend,2025-12-05T19:00:44Z,0.3842310486414812
a062681095404f3e2cd0bc552268c0d6,NlkZ2-hntaw,Must be nice to actually own several residences...,UCa4jJIi4Sb3_5ssh-u8fpew,@ronquiring7796,2025-12-05T21:44:49Z,0.3841893448819397
3fd19e4e58a58d8be8421234d21e77ef,NlkZ2-hntaw,You’d never see this effort from a Democrat.,UCRo6wL87lSU4Is3mEF0iM_g,@donaldn1193,2025-12-05T18:34:33Z,0.38411336921595063
372846e1c72f552df8de1e12e3748f01,ce4lMhwVHSA,Deport her and rip that thing off her fro before she go!  Im a poet and didn't know it!,UCaTAFoE62QzLLptCRPw9gHg,@cindywand405,2025-12-05T18:55:33Z,0.3839512256983144
bd4c640e1e46dec8d42689fb002b3b6b,ce4lMhwVHSA,Hand those documents over,UCU7WEYvJau0eIjA0zFaAHQw,@Degasil,2025-12-05T22:24:10Z,0.38378676830395597
9b48c6cc1234d96b0b0dc82a01339e2a,a4BoCVPQB7Q,YOU POOR TDS MENTAL MIDGET.🤣🤣🤣🤣,UCB9-4aGQCJSwyGTRGXCl0_Q,@bigstick5278,2025-12-05T22:22:37Z,0.38371397520114175
0b3b58969b610b3f5e4f01fd2b0404a8,ce4lMhwVHSA,You don’t just MISPLACE a BILLION-plus dollars  . Walz is complicit and should be held accountable.,UCXjYwIt4_YUzBGs0KFuCdZQ,@gaylavogel4335,2025-12-05T18:56:10Z,0.38369971179483453
b44a7b5127ef9fecc1e992ebb627323d,ce4lMhwVHSA,"Arrest,Jail and Deport Omar to Somali !",UCsYdhvEArgCOAvaoVc-nsTA,@HotAA-b6c,2025-12-05T19:52:57Z,0.3834013744996853
a8851701779c19a13f8ced11bbc264f0,a4BoCVPQB7Q,Which kind of moron would believe these lies. Seriously are you that dumb to believe these lies,UCcokFB3aPgwwBzn8gtIP26A,@mkarbsi,2025-12-05T22:50:15Z,0.3832520668014049
49de4ea9948e622b09d3a282e5e49a3a,a4BoCVPQB7Q,Eggs were $1.24 a dozen at my store today. This is unbelievable seeing it is winter and prices normally go up. If this keeps up I expect eggs to be around 80cents a dozen by spring.,UCYrdVaDj5oKxQrUze4BSz9w,@timothyblevins8886,2025-12-05T22:00:45Z,0.38323539631371284
c5cc214f0db30d5358fcd3875889df7c,NlkZ2-hntaw,Republicans are useless. They are mostly never Trumpers. They desperately want to go back to the john bohner and paul Ryan days. What a worthless lot.,UCN-gWDXm2CI2vr6TgzP5Yew,@FreddyFlakesGoBoom,2025-12-05T19:52:35Z,0.38319767681547057
d94bd54c377bc7836c5ccf062436a944,ce4lMhwVHSA,RICO charge Omar,UC49ulzqrhscIrBYW8Ml5Agw,@joshandersons6914,2025-12-05T20:05:16Z,0.38308315742539023
86e508e596b0e9546e3d52e06c732b3b,NlkZ2-hntaw,He is up against a thieving group of people.  The government just wants all our money and property.  Does anyone think that he is going to be able to take away their cash cow?  They set all the programs up decades ago to take from the average citizen...,UCMKQeBCAUMiqjp_6g7ePG-Q,@TNice-c5u,2025-12-05T19:45:26Z,0.3830725512558048
77c447158b5f8ccb99b3d57090ec08ab,lrwHsZ_CrIs,Wipe them out. Semper Paratus,UCGbJTdM6XneREY73Jl324PA,@wolfhawg,2025-12-05T19:10:43Z,0.3828275362156179
6fc3cc4a3cd54b8103855fedc8d5885e,ce4lMhwVHSA,Sence they are part of government they should pay double the penalty,UCX4nd7hGv56DVfeloYpskrw,@Gary-z8b,2025-12-05T20:00:40Z,0.3828006642307299
1938bbefb9b466f96a1417d749bcb852,lrwHsZ_CrIs,"I saw the video DEMOCRAT JIM HIMES and thought it was GREAT! Ship wrecked sailors - give me a freaking break. Why don't you go there and save those ""ship wrecked"" sailors and bring them back to your home. Let them have fun with the wife and kids. YOU MORON!",UCF1hcizqnvh4gH5Lb8Codkg,@georgebanana314,2025-12-05T21:30:12Z,0.3827553868780852
4c94ef0cb1555aa40d313832779129f3,NlkZ2-hntaw,We just got ours raised big time in the Philadelphia PA suburbs !! Thank you Ron D and state of FL administration,UCpl8ayldXLxOhVSN-fsJQ2Q,@thomas__1258,2025-12-05T18:20:19Z,0.3821658090668436
f72cda0efc7f9ac112b8d22ea6835f03,a4BoCVPQB7Q,"President “got busy” 
no duh, the President should be busy.",UC6YJyNqfiNcrWq2wBBxrJyQ,@kurifutsunami,2025-12-05T22:31:43Z,0.3820799687127366
51f6dc5009dc5a5ec73e2f70d74cd9f6,ce4lMhwVHSA,"We just do not need people with such incredibly low morals in our country. Ten years in jail, followed by expulsion with extreme prejudice.",UC79ItWR_DMfO3OEkXkrlAeQ,@erepsekahs,2025-12-05T20:24:16Z,0.3820146294133113
5a175065456e85a1df3ebde746197f25,NlkZ2-hntaw,Presidential Candidate 2028.,UCT4MrLc7jMQdpxEgLK8L_7w,@HawaiiJetboat,2025-12-05T18:51:25Z,0.381923093415414
743cd04bbc2457e84d8b91c7f34e51f4,lrwHsZ_CrIs,I lost my son the police told me they would have to arrest everyone,UCeduX6ZUiLN2JLKvPwJ73jw,@jackwalls5712,2025-12-05T21:01:04Z,0.381802336112373
f7384cf6f3be651c3380749949c2810e,ce4lMhwVHSA,Send them and Omar back to Somalia.  They hate America and provide nothing positive.,UCObSGiTmuWPJFVi6Xpd6cHQ,@erikandreski6099,2025-12-05T19:00:03Z,0.38165344307742
139472300a4de3b0426960c8c82c16ea,NlkZ2-hntaw,"You get services for those taxes, idiot.",UCNugrNx7On7tTCWqEo-9b6g,@allin4once,2025-12-05T20:03:18Z,0.3816503265941822
9b34c09488ea1e34fabce604df7ded32,NlkZ2-hntaw,DeSantis for president 🎉,UCwqoo6P5Aw4GiGm9wan7YEQ,@raulcavazos7780,2025-12-05T18:16:36Z,0.38154932102148276
465ae644779e86889e15f3597998e97f,a4BoCVPQB7Q,Omg jefferies is an idiot,UCzBUrxMlLkH0PkTAKmxTUBQ,@maryanncraze5118,2025-12-05T22:40:39Z,0.3813064767003021
e5d00a5d3971b6b470fd36f9f5d1a8c3,lrwHsZ_CrIs,"Those mysterious explosions y'all are hearing in Webster, N.Y......   well that's a bunch of leftist's heads exploding, like swollen zit pustules.....🤣🤣🤣🤣",UCcyeGLaYh9zTcD2YEBUJbvw,@jamesyoung187,2025-12-05T20:46:28Z,0.3812506999111339
63c6aae247850a835e2ccbab09c46f61,lrwHsZ_CrIs,And when Obama did a similar action most of those lawmakers who were in office had nothing to say. It was understood that getting bad guys remotely was better than endangering our servicemen by putting them on the ground.,UCk-7abu__SFVTE459oWJRDA,@AaronD-q9h,2025-12-05T21:29:57Z,0.38107950552355035
d90c4b7387d7ecd549db569735e10175,a4BoCVPQB7Q,Go President Trump Keep standing America I believe the first 4 months of 2026 We will see some good things happen but it's going to take a lot of bold strong Republican senators to do the right thing and I pray that they will otherwise we'll never see any of these good policies happen because you were will not allow it and neither will any of the other demon rats there because it's not their playbook,UCRFH-LtUUtAXjrkoiWM8zBQ,@karlalee2789,2025-12-05T21:56:14Z,0.38100616436497625
3709b37d1a3f2de0caaf831a2b1bc328,NlkZ2-hntaw,"More lying BS. The inflation came from the money pumped into the economy by the COVID money - then a broken supply chain - too much money chasing too few goods . So, Mr Smarty pants Govenor-the seeds of the inflation came from Trump !!! The clock does not reset the night one President leaves and another starts 
Stop lying !",UC382UTo_zc0SBFrERqmIFJA,@creasedlinen,2025-12-05T18:13:32Z,0.38099922395158625
8484c23ba5d33b3cdc25dac1bdc6f478,NlkZ2-hntaw,Unsustainable..he got it,UCRdjLzoy6zMZ5lrhzjpusqg,@louveniastreet3733,2025-12-05T18:18:50Z,0.38096277292020336
018f3f9832dbbf736662dab637d9680f,a4BoCVPQB7Q,I just btt fk’d Jesus for an hour.,UC7W_8HsiSRRozpW6ND6KQeA,@DavidTaylor-p9b7t,2025-12-05T21:48:05Z,0.38075583410528113
48b0199a54a2649afa941578fa0502a4,lrwHsZ_CrIs,take down war criminal felon and hegseth immediately,UCGTJbZ9ONLnF1wT6YGd9Auw,@johnnyt3973,2025-12-05T22:07:32Z,0.3806763150203516
3c277d4c61f0c08eb843458d1c602413,lrwHsZ_CrIs,Dems are made because it's making their dope more expensive.,UCVGxZO1G53hE8y8k00ahapA,@JGTaylor62,2025-12-05T21:33:06Z,0.38061928962637626
b59a2fbff67f6e93351988ae4094ac7a,ce4lMhwVHSA,Omar and Walz need to be tried for treason!,UCSsQbGzr8vudGhO8bdvkHuw,@BnU_c,2025-12-05T21:39:30Z,0.380510857537333
43e7857d166a886db9d47c13d2577c6b,NlkZ2-hntaw,"This is about assisting the Real Estate Developers to eliminate their yearly taxes, this is NOT good for a stable community! So as a Floridan, who's going to pay for the towns and cities? The Public Services? The Police? The Fire Department? The local Community support for an orderly town?!",UC3CLRrimiQq-oQ2kpj0qkEg,@mangographics225,2025-12-05T18:51:03Z,0.38042750300132544
2d22a7dca09526146e708f51ee433b33,ce4lMhwVHSA,"""Show no mercy.""",UCin5si7K4x_jp_ZIAunGmMA,@saintmichael1874,2025-12-05T19:19:47Z,0.3803749449533886
37c893a3a29fde51afce1fd2649ced90,NlkZ2-hntaw,.The bottom floor of an outhouse has more charisma than  Ron Desantis 💩,UCCupdOX4iuGaByUZpxW796w,@rsd1954,2025-12-05T17:53:35Z,0.38028502683694243
6010638628b0a81dc37d27807d8c10e2,NlkZ2-hntaw,😂😂😂 cry harder,UCrIH3Ljf97u9hxIHahpfy6A,@j_mm1084,2025-12-05T18:46:06Z,0.3802404735479097
eba89be0f90cbb2ed7932268f9586923,NlkZ2-hntaw,He is 💯 percent correct!,UCh9mdhSIhFijK5XUzPm5fMg,@lynnep6088,2025-12-05T22:55:00Z,0.3801223974915144
328af92831f4b862f0c5c75d5dfc9fd3,ce4lMhwVHSA,Follow the money trail and you will find who is benefit the most,UCHkFDnGGO2f47ZvMwHeofnA,@seanm5263,2025-12-05T20:45:44Z,0.3800926928233522
3bece436fae99135d0d028d6e3dd9a49,a4BoCVPQB7Q,I thought he's the schmuck from New....,UC7RUcnYcqrxypGCttHPYJOQ,@jerroldrieger5345,2025-12-05T23:06:37Z,0.37989527644713394
86fd80c48446d91918fe84b671d1fa6c,ce4lMhwVHSA,"Ok, we've all known the squad was up to something, along with Walz, so lets finally see accountability.  prison time, and deport.",UCUIvXsJ1jUPO1A3L8zN1hsw,@user-yp1fb4pn1e,2025-12-05T18:58:47Z,0.37988146735302153
3ec40d547b07738aaecc69bbf98e080e,ce4lMhwVHSA,Sounds like the moran Tim Woodman can't be trusted.....what do you mean people were surprised????....they keep voting for this idiot !!!!!,UCkXG9y2hSmO_zcbWpDEifpw,@bryanlongshore6198,2025-12-05T19:58:41Z,0.3792787935397317
146110e55bdd6802e0d589affec2d20f,lrwHsZ_CrIs,Good. Keep blowing them up.,UCCfgYYO82uuEWrQbpbxNamA,@pattym5022,2025-12-05T22:39:51Z,0.3789660838433367
9ca9da13eb42a0bc01a65903f3681e2a,ce4lMhwVHSA,Wrong.  Trump.  Not Biden.,UCfEa338QgDlmy5GrXO82qGg,@TennesseeHomesteadUSA,2025-12-05T21:42:17Z,0.378620405782885
01cce311a425545927b9e45e8f29041e,ce4lMhwVHSA,dont forget this weenie sold secrets to china,UCkoB6vXtlar4xCLXLxFFsFQ,@snarfsnarf3062,2025-12-05T19:23:36Z,0.37828457369030866
51bca73fb1493cbab866167fb1a2217b,ce4lMhwVHSA,Why not do it nothing happens to these lowlifes,UC5tsP6MJstkvRhjuaRfD3ag,@michael-rc5pv,2025-12-05T19:56:24Z,0.3781936597382918
86093e4d918538633a82a2d8690c31ed,ce4lMhwVHSA,Stop Taxes till this is sorted out,UCp3CnHFB0C4ME4in6YZXeXQ,@TommyJones49,2025-12-05T22:04:08Z,0.3779455468238073
eb6a3a7d6f0c6894722f5f6a9a1a11e1,ce4lMhwVHSA,they can only get away with it because people at the top are letting them,UCViQmNdhx8093id4_5MJZIA,@johnnycash6690,2025-12-05T18:43:48Z,0.37778353856029345
1f09d3577398c31194eb1b10435b0cee,NlkZ2-hntaw,Covering for pedos is a full time job. They haven’t got time to do anything for the actual country.,UCEoQxz3osed6rv_WE2As72A,@jasonz2201,2025-12-05T19:11:49Z,0.37777968936836326
1327acfc9035d1f9d4e3143b81ff447c,NlkZ2-hntaw,I love the idea,UCVEIWacx88D5TlJkd_IAalA,@davidredford3111,2025-12-05T18:08:25Z,0.377518013183346
a64d9a13672689ed78669218b2722797,ce4lMhwVHSA,PUT THEM IN JAIL.,UCgBin5d6eRGVQoiF-K4BGIA,@ReginaGentilini-b3y,2025-12-05T21:39:09Z,0.37734589695712256
633c8f5dac84cd3f9b029404c24f5f28,NlkZ2-hntaw,That Disney sham cost Floridians thousands. Lots of people are leaving Florida after arriving. lol,UCTkH7o0_87pyvoNbgd2MhsA,@VanessaShade-m3v,2025-12-05T18:40:13Z,0.37690081402917186
f7a1aaffe529a999b6cf7490d29edaea,ce4lMhwVHSA,"If there's no accountability, there's no crime.",UCCF0p8JN5iRBj5ORycvMW4A,@rickdavis6434,2025-12-05T22:04:27Z,0.37666917579179654
4186cf1a6eacaf6a5e2d69ef3a216281,lrwHsZ_CrIs,Let the military do their job.,UCZf4IuOrMBmE2h4Bv_Pp_MQ,@craigpeters4434,2025-12-05T21:52:15Z,0.3764331674707808
6af90506c052ea9db3c5e9c689bec9ea,lrwHsZ_CrIs,Alleged. The USA murdering people again,UC82bkJ2tZBFxGggcMeXaERg,@HelenUrben,2025-12-05T19:54:04Z,0.3764268478707916
164e7a6c6ff725d6c2f7f87c72012355,a4BoCVPQB7Q,Costco is sued the Benedict Donald administration to recover the loses causes by the tariff tax.,UCgqpBDemn5iQNRjcdGyxCJw,@victorrowan3118,2025-12-05T23:10:06Z,0.3763524210577052
3bd8c76ea3215c2568fabc7c61830c3b,a4BoCVPQB7Q,Read more: https://www.foxnews.com/politics/democrats-surge-tennessee-throws-new-uncertainty-onto-gops-2026-house-map,UCXIJgqnII2ZOINSWNOGFThA,@FoxNews,2025-12-05T21:51:39Z,0.3761878988794882
3bd8c76ea3215c2568fabc7c61830c3b,a4BoCVPQB7Q,Read more: https://www.foxnews.com/politics/democrats-surge-tennessee-throws-new-uncertainty-onto-gops-2026-house-map,UCXIJgqnII2ZOINSWNOGFThA,@FoxNews,2025-12-05T21:51:39Z,0.3761878988794882
0697b2a48e2ae7c148c9f443691a8b38,lrwHsZ_CrIs,"but it's ok for trump to pardon the drug lord, explain that",UCXSmg9ONCTUjo0qRWbHOlFQ,@laurielaw370,2025-12-05T22:37:22Z,0.37596399071436637
2222fa56bdd73903148faf808a735fa5,NlkZ2-hntaw,"I kept telling people Ron was better than Trump. Why? Because of this, Trump is smart but Ron is a marksmen",UCZPRNYSRxWkxNIpvjx6O6Hw,,2025-12-05T17:35:33Z,0.375310421286031
68c61df5cb26df3465c42e08140daacf,lrwHsZ_CrIs,They do not leave survivors to avoid lawsuits and not affect the braggart who wants the Nobel Peace Prize,UC5XSwR9gXJfpWnNBCd-Mfbg,@Cocoliche6813,2025-12-05T20:23:00Z,0.37528933404406917
8f8e52f463e4cc2394dd9a7f5fec3a25,lrwHsZ_CrIs,"I thought that was the point. Weather it’s something you agree with or not. They should take away power that was given to the president, whoever they may be.  That would solve the problem. Why go after it one by one?  Obama drones a U.S. citizen and not a word.  Just take that power away and be done with it.  Congress didn’t like them combing through their phones.  Lol. Keep the laws you put in place or cry more.  Fix it or deal with it.  Why doesn’t someone just say that?  Probably because it’s a power they want to keep.",UCwl-LG3FsfsbFA-RbHdxugw,@tmdfaw,2025-12-05T20:54:17Z,0.37498848197223256
373311f0962848b74c9f53e00d75279b,a4BoCVPQB7Q,"Trump should ""sit less"" because he's grossly overweight 😂",UC7GJBBaD3qWqjHT2YYLxhdA,@EricYoung-r7g,2025-12-05T22:29:06Z,0.37497755709634484
f4e77e765964d9d5d2c89bf99bb312f8,a4BoCVPQB7Q,Schumer is a scum bag! He doesn’t represent anyone but himself. Put him in prison where he belongs.,UC-gZjHJlPzGObfn1u005zXA,@aluna410,2025-12-05T22:26:39Z,0.374965413899804
ab722a46b9337adafaf9294c87ea83b4,a4BoCVPQB7Q,If you voted for Trump then you voted for sexual abuse so that means you can't be with God which means you can't be Christian which means you need to leave your church right now you sickos thank you for your attention to this matter😂😂😂😂😂😂😂😂,UCwk0nGGw6OFJHn1X4lyk96Q,@joerivera5850,2025-12-05T22:31:54Z,0.37481087413865494
952fbd516d090ab6c61be87bc594db1e,NlkZ2-hntaw,Well 1100 sq foot homes in south Florida cost 750k in the hood. Yes desantis is a good governor but housing in Florida is a joke. Rent is at minimum 1600 for a 1 bedroom apartment so unless you’re a millionaire you have no chance of buying a home in Florida.,UCH_Br78N44cEgvlgTaJcKuw,@Unclerico25,2025-12-05T21:15:57Z,0.3747217514354193
23a8028210dad6c205aeb0e5a1121dbf,lrwHsZ_CrIs,the fact that dems are still in existence is TROUBLING !!!!!!!,UCxi8Q1XROgtbcE-k3ulq35A,@davidchatham5,2025-12-05T21:04:52Z,0.3746987815272095
7c388ea103e0ac36f72b49d42c4c38be,ce4lMhwVHSA,"It doesn't matter guys - she'll skate. This is why conservatives DON'T TRUST THE GOP anymore. Nothing ever, EVER gets done.",UC6AL-KMssQRqQJs4OJz4iSA,@nakoloc1040,2025-12-05T22:55:48Z,0.3746279184290374
0bb6dd321c9c96d8f47e9a342f2256d5,a4BoCVPQB7Q,:3,UCHs9BMOBFJ5sTsUa3NSs73g,@youcannotstopme7893,2025-12-05T21:46:37Z,0.37456005547033633
88f624af3a402a0db2870117336f567b,ce4lMhwVHSA,If you don't think that sheet head gal was involved then you like Obama Barrackladden would give Iran a nuclear weapon....,UCHLAmPbFPO62nKpTYHRu4JA,@Randall-d7z,2025-12-05T20:05:04Z,0.3745413915557632
547c5f15157c418a94a51a56f062460f,lrwHsZ_CrIs,Tom Cotton is a liar.,UCLsf3KatZ30CfF4IFB0kRrw,@merlinlucas8280,2025-12-05T20:23:17Z,0.37418556928913715
62ff315305adf44d072596c9bfc72d01,NlkZ2-hntaw,I hate lizards soooo much! But I’d happily move to Florida because of Ron DeSantis ⭐️,UCFG3y2_SVpLTXZo69ZAnFiA,@ChezNam,2025-12-05T17:53:49Z,0.3741504404042635
22913a6c968bd6248a3e805c332337ed,ce4lMhwVHSA,Thieves stay together,UCAj0C3F3HGfuezpvKC3XUCg,@TerryNelson-u4d,2025-12-05T20:38:51Z,0.37406128154416907
ae6632cbed9787e46e490678cae0f8e9,ce4lMhwVHSA,Timmy needs a jail ! Omar needs a very deep investigation!,UCsYu3IRGRyZnCs3iBWD8nJQ,@DouglasMix-o7h,2025-12-05T20:38:33Z,0.3740275913047361
efb15f65be017b13f414774d9d64e3ad,NlkZ2-hntaw,My wife's health care premium just went from $0.12 - Obama Care to $186/month --- Trump don't care.  ////  Thanks for the pay cut DONALD,UCEfUt2kmfM8SfucfjVeJq4A,@Wee-The-Pee-Ple,2025-12-05T18:12:47Z,0.3737043645046173
80bc4890d46d3cfa24e52bc22eb178dc,NlkZ2-hntaw,I wish we have you as our Governor,UCUBMXTLxruDORgK0TM_8gng,@tanieng9335,2025-12-05T18:17:05Z,0.3736321733788255
edefbb7a27d79505d54c52c96e353149,ce4lMhwVHSA,THE JUDICIAL SYSTEM WILL DO NOTHING. OMAR WILL CONTINUE TO OPERATE,UCql6rs6xXxnwz-OoooI7N6Q,@autovilletv9661,2025-12-05T20:23:46Z,0.37340723575719187
06f8e8bce598c3c14ab83c72ebec5641,ce4lMhwVHSA,None of them are going to see jail time. They are the untouchable elites.,UCu9hLuPlhWvrduZv9Jm6CWA,@clearelement1051,2025-12-05T20:58:44Z,0.3732046201049165
123f4e7a664c840a970eebd3b2e95ade,a4BoCVPQB7Q,Congratulations Kevin hassett on your appointment for the FED chairman position you're going to do a great job I can see it now😅,UCFQ3EdtuKzsl9H8fDj33Rkw,@ProJoe-xb5ie,2025-12-05T22:20:12Z,0.3731925968690798
679ce3c524d3c6208592331f823f94ba,a4BoCVPQB7Q,Shimmer what a joke for America,UCXo-YD14T2P1vVYMThjG_4A,@ronniedotson-i8y,2025-12-05T22:38:07Z,0.372745153222509
6183f2d1618660a9ad51324a2527e4c3,NlkZ2-hntaw,Dude has clearly never heard of San Diego. Lmao,UCYi8ccKFPRBPzWcPn81dTeg,@mikeymikedabeast1793,2025-12-05T18:38:30Z,0.3722759542251075
29e2383f4f708279963a64e56607b5f0,lrwHsZ_CrIs,🤣🤣🤣lol... magatards love to double down on bad decisions....keep digging that hole!,UCweNcKiXrIC8ZcNoGxvmJCA,@eblsymk,2025-12-05T19:28:12Z,0.3720520832328881
fc6c94702805f2a137806fcb644c4685,lrwHsZ_CrIs,i voted for this .. so did 77 million other AMERICANS,UCZEz846YsD5enxyuGDYa9-Q,@gabrielgriffin9230,2025-12-05T19:40:09Z,0.371998147932958
5812ec30afff63014fe6485986729831,NlkZ2-hntaw,Someone Ask him why he allows certain industries to rip us off,UCHhy53KqcH-SCMl2oeANxBw,,2025-12-05T19:05:41Z,0.37174675594310247
d22c62a9c97d44b5a60aa0aaaf6e989c,ce4lMhwVHSA,and why are there so many Fmuslims in Minnesota??? Fmuslim OSCUMA,UCWalrPHkQ3Q9ILZeUzByoQw,@soxbearshwks8988,2025-12-05T19:55:54Z,0.3713880238205687
9b2ff6193e07d456fe88959d1853f070,NlkZ2-hntaw,Enter the question about the schools,UCBqIsZYNBbDtyGoidQjh_PQ,@MillicentBullock,2025-12-05T21:36:50Z,0.37129984457670173
2451674b9f4324066243d56100ddcaae,lrwHsZ_CrIs,"Well, if nothing else, they will shut down the Venezuelan fishing fleet. Maybe the fish will have a chance 😂",UCiiWnnYYn-7bZ2J30n4iIxA,@applenaut,2025-12-05T19:30:30Z,0.3712830388191338
be0b00810ec60aedb6b91272fbf5d54a,a4BoCVPQB7Q,"There has been too much division in our country. We are all Americans who love our country and want the best for our country. Let's unite as one people, one nation. Us American patriots need to become one people once again. Let's make sure that the Epstein files are released and that Donny the Diddler is held accountable for his crimes against children. No more Trump, no more Epstein, no more NAMBLA. Come on America let's do this!",UCrQ5gBHpyN3hWvHb8q_UROQ,@Ilovesean-q2q,2025-12-05T22:08:55Z,0.3711918793917741
d01c7cd1532c735ff1223b98de5bac8b,NlkZ2-hntaw,Us Floridians love you Ron!. Thank you for trying to make your residents and your self live an easier life! ❤,UCFVzy5wfCIroT3kHNW6jK9A,@Voss-s4i,2025-12-05T19:30:18Z,0.3711124187727999
aecc00efdaf8ef9743ffd1da072b6aab,a4BoCVPQB7Q,He's not just president for red states. I live in California and for trump. Nothing has changed at all. It still sucks,UCezg3Dhuif8l8iF-uUOT1MQ,@garybayles581,2025-12-05T23:14:04Z,0.37094288304950906
3fd64e8c74b05210dedf540a4b9df102,a4BoCVPQB7Q,"@stuartconway6946, you still have to get a job by January if you want to keep your free healthcare and food stamps",UCDhyswSIqpVBF-q2mXa4GfA,@harryfarber6435,2025-12-05T22:17:28Z,0.37085282772829303
00407995ccaa4380910f634dddb1c7b2,NlkZ2-hntaw,Ron DeSantis - One can't Help but Love How You Take Care of Your State - All You Need Is JESUS!!!,UCSNPohTpH0TwIC1Qb1_RpKA,@SteveandLoriHorner,2025-12-05T17:31:49Z,0.37038248337028823
cafd6d082ea7b2b65e8149520d6104ef,lrwHsZ_CrIs,"Let the ICC deal with this the house and senete hearings are just a waste of time, show boating to the camera",UC_gHyU4rBnatxCsXASXjt5w,@ByronRobinson-n3n,2025-12-05T20:45:18Z,0.3702776089771441
ee0dce8e94e562874bda98867842c96d,ce4lMhwVHSA,Isᥣׁׅ֪am out !!!!,UCe5PkU4wVEwjzpuScPoB2_A,@Zutt_UNIT,2025-12-05T22:26:56Z,0.3701886211187513
f5ed73342f15d254460f82081fda93de,NlkZ2-hntaw,"Can you put your mom on the deed, if she doesn't own a home anywhere else? May be worth it anyway, because of homeowners exemption.  Then make sure you are the one who would inherit the house when she dies. Just a suggestion.",UCzEdaazE4Do0aDz-Y3pWinw,@shrinkingviolet3,2025-12-05T17:43:13Z,0.37013865779256794
a825f9dede0fa44b3f08c2959f80a9d9,NlkZ2-hntaw,When is Tampon Tim going to pay pay back the billion dollars he and his buddies stole? Yeah exactly! Get back with us.,UCv3dcP7SOvFU1JG-pHlUiww,@terrihilder8217,2025-12-05T17:42:57Z,0.37009058975781106
88e26d4b4c905ce617b71a7d9a5b28fe,a4BoCVPQB7Q,Shumer and Jefferies are fools.  Trump has much less inflation than the democrats under President Biden.,UCONHTA-sxdJ-_OSaVvim8hw,@patrickegan5669,2025-12-05T22:59:34Z,0.36999098785781853
424670be23700094ebc588d68f447d91,ce4lMhwVHSA,You can believe it,UC4hS9xn8lO-J6vfo5C0Vstg,@Soundman68,2025-12-05T19:56:53Z,0.36993772200322095
fbf9b9e5f6beca959ed680c399dd7099,NlkZ2-hntaw,Dear Lord please heal Jarod of bitterness & envy in Jesus’ Name,UC0-J6L-_a6nzGB1svT_1KfQ,@Not_YourNormalFriend,2025-12-05T19:10:59Z,0.3699082584787837
4c6698880b4054949514df2a301b46a4,a4BoCVPQB7Q,@JohnBalnisThePu-C Look at how Trump is trolled internationally for this and even FAUX does not take it seriously and called it corny.,UCKQwpfig6T04joWqC2_HvFQ,@hansleeuw2840,2025-12-05T22:03:07Z,0.36949732939560376
a07711abf552a65be66b91a18022772b,lrwHsZ_CrIs,They did it wrong. They should have used the boat as bait and waited for them to receive assistance from their buddy's and blown them all to bits.,UCFK9w7six9GcMMYg49MKrZw,@GavGotRiffs,2025-12-05T20:56:50Z,0.3690383757674278
b9ddfe6d1f546e2eddb2dbd288649bd2,NlkZ2-hntaw,"And if you eliminate the property tax , what happened to the school budget since the federal money is gone",UCBqIsZYNBbDtyGoidQjh_PQ,@MillicentBullock,2025-12-05T21:23:13Z,0.3689218212696896
f25422d93d7a5b6fb5525bce240ebcc0,ce4lMhwVHSA,1B+ they admit. We know its more duh!!! History shows Waltz will loose re-election.,UCG1NCWuK5-JyuggQd5UAl-A,@tunaglove,2025-12-05T18:41:10Z,0.3687837447014574
456c896f7dc5ef5499b04e4d781b3690,NlkZ2-hntaw,Lower the tax rate!,UCaL_VN13wLpeUFzcMy-6KAw,@charlesbartlett2569,2025-12-05T18:49:55Z,0.3686336930049736
f9cb14670be04d6a79309cba8726a233,NlkZ2-hntaw,every anti woke law you think he passed in fl never happend all over turned by judge he never tells you that its all a lie,UCunW-Xi58WFqsMeH1oo6vvQ,@berserkerpatriotstore9025,2025-12-05T17:52:25Z,0.368420636445869
ad5c783be5e20d55d035428312d5917f,NlkZ2-hntaw,Good...murphy has made nj unaffordable.,UCRctbPbW1tFQSx9qlfTxvPw,@KeithMurray-z6i,2025-12-05T22:36:51Z,0.3683477714130209
8072ba57202fc9906216916c83a3850c,ce4lMhwVHSA,They will vote him back in,UCEy0zZUBzcQZfCh1K-DUamg,@sandrasibley1742,2025-12-05T19:36:35Z,0.36801948859659606
ffeb4847f1f2e5fb11b72d648df53467,a4BoCVPQB7Q,Buying power is not the issue...prices need to go down,UCFPxnqN6VljYqt-C0ZlRwww,@deanacarmack5323,2025-12-05T22:10:17Z,0.3678774602812777
42d5d3ff5bd78225d458f341ab1f6c38,NlkZ2-hntaw,"Contrast ?  Let's see  Demonic Socialist Party support illegal Migrants vs Republicans supporting American Citizens , Demonic Socialist Party  name one thing they done for the American people.  ?  Ah Trumps administration has found more corruption in government since elected President what Party is involved in it all mmm Demonic Socialist Party scum of humanity Domestic ENEMY of the American People. !!!",UC6wg3TWQEz_GspA4sXaGkQg,@yikes5790,2025-12-05T18:38:13Z,0.3677001390843027
4b4563774233baa3184b54a5778662ba,a4BoCVPQB7Q,"The Socialist are taking over their positions..
We thought these idiots were bad just hold on for Idiocracy 2.0.",UCB9-4aGQCJSwyGTRGXCl0_Q,@bigstick5278,2025-12-05T22:25:09Z,0.36769495648612105
d2edacfc9bf537119468dd3d42569731,ce4lMhwVHSA,Prison for them,UCfYD6PqWjNkuNDjVa5mP9tA,@mach1yell66,2025-12-05T19:32:58Z,0.3671988351969825
bb0d4b9032854961d3a9883886811c44,ce4lMhwVHSA,Why didn’t doge find this ??? Cause there all currupt,UCHsF9wPcYnk1upp5-zbig_Q,@RowdyMowdayOutdoors,2025-12-05T22:51:16Z,0.3670017018387749
b1f3462736b911859699f5b92c9cc88a,a4BoCVPQB7Q,Google chuck shimmers “wife”.  Real French macron type.,UCSt1RZV1TwkRwuUd11iWjAw,@joesmith3590,2025-12-05T21:54:21Z,0.36669110929898574
301f9d6841db21d19d49f96ab5b410a0,ce4lMhwVHSA,"So FBI,   Busy?",UCY6hQpKmKUjGZVEvBXJ8cpA,@greenranger9428,2025-12-05T19:49:25Z,0.36667810473672724
a5b2fdde5a9e8155f72c3dfebd7b1a18,lrwHsZ_CrIs,Demorats are screaming because they are being funded by the drug cartels . Dems give nods and winks to them as long as money comes their way,UCNueNsVy1u88HqSUhVUo14g,@markgustafson4570,2025-12-05T21:58:45Z,0.3666497369689727
e33dd9b709de94ce54eee05d67bd9956,a4BoCVPQB7Q,Yesh Trump !!!,UCjq7IDWM-1aYMNM-UErNacQ,@glennhopkins2643,2025-12-05T22:59:56Z,0.3664240069872654
50ea0c36855454a0f9227f77b0664bf1,lrwHsZ_CrIs,Good job Trump get rid of this crap,UCzdKquJB2GNQjJ0KunLHCmA,@frankcline66,2025-12-05T20:41:15Z,0.3662854696577186
5f143aa5171477f80bb92d5324be14e5,ce4lMhwVHSA,Somalis are Thieves from birth,UCrTD5zdxx-Lwh2dNIvHAs3w,@itsme-qk2vb,2025-12-05T22:46:14Z,0.3659806655632498
ad5d8b9a56d32d0d6bbeaf54a32b0661,ce4lMhwVHSA,"The Venezuelan boat strikes were Hegseths testing of the American people, to see if it could slide by so when he does the next big stupidur thing we don’t notice, all of this is to set up for a major accepted war for election year 2028 so that they can suspend the general election. Pay attention to the patterns",UCdO75BAA5vaHHZU2kZKlnFA,@RawHeadRay,2025-12-05T18:52:06Z,0.36595713438504873
d02c503b9879d79b6641640aff0cd447,NlkZ2-hntaw,The best Governor. Hope he's my next President .,UC6Rnyhm7d9oN8NUyiPOrupA,@katereznikov8792,2025-12-05T20:52:18Z,0.3656041082913762
2a2849e4496159adb2957f8d0ec2e7a0,NlkZ2-hntaw,DeSantis has destroyed the FL economy and now wants tax breaks for rich retirees? Too funny. Go MAGA!,UCaFJZgu-lkZ4q5aT0d8JH_A,@RAMartini,2025-12-05T17:45:54Z,0.36525697910889254
71815e11fa6ac2477354ddbd4660a519,lrwHsZ_CrIs,I hope they don’t let those drugs pollute the water! I’m worried more about that.,UCWHveC-25lVa-avIXn7AHqw,@thomasbressler416,2025-12-05T19:35:56Z,0.3650273785844722
2aa67ab4dbc9874fc7b3775f65f687b8,ce4lMhwVHSA,"Nice to know they are still steeling money in Washington… wow… I’m surprised 🙄
These are not people to be admired… they should be spit on.",UC3JYEBecAzZ9u23O_SmYFGw,@TestPilotN911RG,2025-12-05T19:32:39Z,0.3648981961881351
b313d37ee819c3fa7f7a7d65c1e30eb3,lrwHsZ_CrIs,"Support this: Drug Kingpin Juan Orlando Hernánde's fortunes began to unravel in 2019 during Trump V1.  US federal prosecutors accused him of accepting a $1m bribe from notorious drug lord Joaquín ""El Chapo"" Guzmán for his first presidential campaign in exchange for protecting narcotics routes through Honduras. 
The allegations surfaced in a separate case involving his brother, Juan Antonio ""Tony"" Hernández, who was arrested in Miami in 2018 on charges of smuggling cocaine into the US. At the time, the then-president denied any involvement in his brother's crimes. Trump announced he planned to pardon Hernández on 28 November 2025. - The Guardian 
• The full and unconditional pardon was signed on 1 December 2025. - Al Jazeera  • Hernández was released from U.S. prison on 2 December 2025. - Reuters",UCxSmfVkmJ55x469SyvTYq1w,@nox6559,2025-12-05T22:04:18Z,0.3646790944756044
07398a0bd5c25e8dc750faa75aa0bc8a,lrwHsZ_CrIs,Can't get any worse then the BAD guys from Cos Cob Connecticut like little Jimmy  Hime,UCT8xyVfPrnnBk3aatJ8ld8w,@CAHOBBES,2025-12-05T21:22:09Z,0.364482115549849
5f47bf56463603eba9dc9165278c2407,NlkZ2-hntaw,So glade i have the best gov. In all 50 states,UCZvtpw2-LqZw6evn0-AqcNA,@thymorical,2025-12-05T18:06:41Z,0.36444391996297765
ed2589bf383bf19726cd5f531ba951e9,a4BoCVPQB7Q,I hope “Quiet Piggy” are the last words Trump hears whispered in his ear from a nurse.😮,UC2TF3i2EOyEN-L8Rm8OBntw,@YumaCrims1,2025-12-05T22:24:43Z,0.36432083282093153
9cf9f96cee2fe0b2f344226a8492058d,NlkZ2-hntaw,A country of renters..,UCaZO7fbH-4y540cEEE5MMGQ,@cathyr2419,2025-12-05T19:28:19Z,0.36403251000982095
81c5bce82864efa65e5af9361f00c850,ce4lMhwVHSA,They still will get away with it. Wake up Trump Bondi. Taxes is the cause of all this. Stop taxes yesterday.,UCp3CnHFB0C4ME4in6YZXeXQ,@TommyJones49,2025-12-05T22:02:40Z,0.363918543991947
f77b61fc96dedc330b84d6829e283e8a,a4BoCVPQB7Q,Schummer is possibly one of the lowest IQ people I've ever saw. How did democrats get so many irresponsible people.,UCNRTq2pMXLeczFdV8HU7o4Q,@crehad,2025-12-05T23:13:51Z,0.36352015367996227
ffd6eddf8179e8373fa0a4b0dd7a63cc,lrwHsZ_CrIs,"the Seditious Six told Venezuela to send more so they can charge Trump with ""war crime""",UC_USEFQl4oiMhOQHUjpi6pQ,@TomLax,2025-12-05T20:07:37Z,0.36327350234175965
b099c77bab0499aa6f712a55ef3531b0,lrwHsZ_CrIs,"Another hillbilly Congressman. While his farmers in Arkansas are going broke, this idiot still follows the stupidity of a conman, insurrectionist, rapist, convicted felon, fraudster, and grifter who thinks he is God. He is however, the dumbest POTUS in US history and has the lowest approval rating of all presidents ever.",UCjG3L2gaTP1P2wdAdgKEhyQ,@jefflassle6994,2025-12-05T20:18:21Z,0.3631975772889504
12dc1b5346d42a4fa79e721af20de26c,lrwHsZ_CrIs,You right-wingers are something else.,UCFFFT8e0BjTuFgNQNoWmgrw,@JotaKaEfe,2025-12-05T20:45:32Z,0.36301492756993664
ea3060317142b5afe40f5ed44dbcd649,lrwHsZ_CrIs,Himes gives GREAT footrubs,UCfCouKXB_tMG85Gd0m_60JQ,@Nate-n4e,2025-12-05T20:38:16Z,0.36274645504841496
f64a49ebfb16347322f6276047e825e5,ce4lMhwVHSA,2 BILLION,UCJqc0EZHgerfBzORGEnHp1A,@clintonreisig,2025-12-05T22:08:12Z,0.3624523682241474
1e486d702187b935cc110a56eadbdad2,a4BoCVPQB7Q,😊😊❤❤ 100% correct truth to God let's go America first warriors of Maga strong 💯 winning every single day well said the great Kevin hassett,UC0jJxJsBKdyLKNMM81Fb1Ng,@chosenwarriorofJesusChristtrue,2025-12-05T22:27:01Z,0.3623794293418553
c375ad0e9f75519a8022a8b8211107a8,NlkZ2-hntaw,I think Florida needs to also work on home owner association.,UCZo0em90gT7cexZZ8vyJziw,@SunFlower-winner,2025-12-05T22:37:08Z,0.36227667778746486
8ea69428eab455632c5e4c54ea5ed204,a4BoCVPQB7Q,President Trump merged the Federal Reserve with his private golf club to ensure “monetary stability and scenic views.”,UCe2x_KN_sjsXwwJyxumHrpg,@supreme_leader_donald,2025-12-05T23:00:42Z,0.36208219683726395
2e67eb9a37d56596480b0c9322fd0417,NlkZ2-hntaw,I don't see where all this property tax money is going in the first place,UCRTrMe3_Awuih01r3hpr3pQ,@jimbolyard4889,2025-12-05T20:11:15Z,0.3620163691324714
adf3e562a24cf4178e3e0aea41eada9c,a4BoCVPQB7Q,❗️Why is the President of the US falling asleep and hate womens all the time? Is he old and stupid?,UCGpoA6eHHj4Cn4YsOFd4erg,@mikebee888,2025-12-05T22:27:56Z,0.36199489358759807
b593f396d906b5e277f390578310ebb7,ce4lMhwVHSA,"The Corruption in the Federal Government, (Major Leagues) led by failures and abject losers, was at a ""DEFCON LEVEL 10"" level when the TROTSKYITE LEFTIST MAGGOTS were in control of the Federal piggy bank! The RAT states (Minor Leagues) led by HARD, LEFTIST, RADICAL REVOLUTIONARY GRIFTERS, basically copied and pasted the major league game plan. And Boom Shacka Lacka Boom, corruption becomes mainstream in the ""MARXIST RAT"" controlled states.",UC9k9Bfd3ZcuUgFGa04Nqk2w,@deeneeevans1255,2025-12-05T22:24:33Z,0.36160044797797597
2a56584c78b78d710aa231785391c638,a4BoCVPQB7Q,Fatberg !!,UCKey20totl_t6Oiu0RZ1YFQ,@jonathanbranin9312,2025-12-05T22:56:21Z,0.3615172263407651
9dadb167ba0912eb0857c1b11f78587b,ce4lMhwVHSA,"Soon all money going towards AI development will be used to try to make it lie and appear more politically correct and not say the truth. But for now it still speaks the truth cause after an extensive chat with ChatGTP it finally concluded: ""Make America like Poland again and get rid of all inbred low IQ Moo ----Slums"". This is the smartest thing I have ever heard from AI so far that is 100000000 times smarter than any of them.",UCQ3XhCwWHIsJ4q2OomdRMVA,@AIStuff-f6c,2025-12-05T21:37:40Z,0.36151429733449925
fd3161181872b62f739be606ca781a1f,ce4lMhwVHSA,Deport this disgusting towel face......,UC81zcf4kuHixmbPD5f6xLaA,@rcPYROone,2025-12-05T22:51:34Z,0.3613731200784148
64d804cf5e32e738fd09abfc3d312853,ce4lMhwVHSA,"These are noises. They always get away with it.  If regular people  do these, they will be in jail and take all their  assets",UC-pY7JQaZSAI6w2OW_n1tWw,@DaisyMirador-q6x,2025-12-05T20:16:43Z,0.3612556924628433
356c1f3ec05a539a8fe9e074ba787e35,ce4lMhwVHSA,Take all the Somalis wealth and give it to Americans.,UCWOW9nXbn1mO0UkQSGkrLeQ,@Roger-c3n5s,2025-12-05T19:03:20Z,0.36093049026471824
b0ee915810e85ced2e3a3f1aff5072d6,ce4lMhwVHSA,Who is getting prosecuted?,UCiwXm8qpvoK6d7eKE6JconA,@charles56737,2025-12-05T23:04:30Z,0.3608759007760773
227d41f095a2a0782f17245ddfc0ca3e,lrwHsZ_CrIs,"26/2/2024: Trump says Ukraine is ‘demolished’ and dismisses its defense against Russia’s invasion. Former President Donald Trump described Ukraine in bleak and mournful terms Wednesday, referring to its people as “dead” and the country itself as “demolished,” and further raising questions about how much the former president would be willing if elected again to concede in a negotiation over the country’s future. 
Trumo is Putins (Bubbas?) A55 Puppet!",UCxSmfVkmJ55x469SyvTYq1w,@nox6559,2025-12-05T22:21:46Z,0.360723159073596
3e907b47e18b8f55ff2905360729314e,ce4lMhwVHSA,One more reason she should be deport and striped of her money,UCN_iXPrE7nj8KzONUX2gXFw,@dardar9655,2025-12-05T19:20:14Z,0.36061475834100876
6a8ce4451af77983e34e3e88cc8ee755,ce4lMhwVHSA,"Ultra corrupt!! Why won’t The View, CNN, MSNBC, ABC, BBC talk about any of this!",UCxG7Uu_KNLiA3D-hRLCthMQ,@motorsportfreak1,2025-12-05T20:47:30Z,0.3604617649393901
7872075fdb759cc9f7667065a1a85c6f,NlkZ2-hntaw,💙💙💙💙💙💙,UCZFlFA_f1WCwrYZhpxgM3oQ,@c.s.102,2025-12-05T17:39:37Z,0.36028824833702877
3af62b71ed4d838c1c15c19c00194363,NlkZ2-hntaw,@Satc34 I was much more specific in detailing the president's unconstitutional actions Satc.,UCcP2Rauokc_02hgsKsfya3Q,@GeraldCordell,2025-12-05T18:03:37Z,0.3602237012386763
01d6979df9a50c5485867f9bb4aa724d,ce4lMhwVHSA,Looks like one big happy party with easy GOVERNMENT DOLLARS for all!! Tampon Tim and his creepy sister Omar are guilty as hell!!! They say the money went by so fast they they never knew it was gone!!?? We didn't know---HONEST!!,UCYMKQ-yKas2Vj4_SuPDsy-Q,@davidchrash2158,2025-12-05T19:22:17Z,0.36017957695859315
d30677f5949909bb1b9fb83458fab53f,NlkZ2-hntaw,"He's a politician, I hear him say he's pushing.  I see it's still not the case, and may never be.",UCEkJB4ZLOKt2aWFOg9H-FJQ,@mastermason10,2025-12-05T17:33:45Z,0.36012564671101255
fa38e1d4ab577de22764848cc4746558,NlkZ2-hntaw,"Republicans have decided to help DEMOCRATS  take down PRESIDENT TRUMP, JUST ASK RAND PAUL ONE OF THE MAIN LEADERS OF THE EFFORT, NEXT WILL BE THE SUPREME COURT WHEN THEY STOP THE TARRIFF PROGRAM UNDER TRUMP AS WELL. THE REPUBLICANS ARE DOING THEIR BEST TO THROW AWAY THE. IDTERM ELECTIONS, TO WEAKEN TRUMP FURTHER.",UC1wRRuCBKkUDnVCayfrl-Mw,@dwaters60,2025-12-05T17:34:03Z,0.3600776053215078
686ccbd40cf109119d8b9875147d6678,ce4lMhwVHSA,"where did she get her 40 million from, she was minus 47 grand when she took office",UCP3hjjv-EoffkYtuIBYzIRA,@garyjohnson5968,2025-12-05T19:00:29Z,0.35988796325763056
8a17a5f66fdfce70f94438af8f4e66ce,NlkZ2-hntaw,The shysters will just get it back out of you with sales tax and utilities fees.,UCO-JZCyRoyMAVBaviQU2feA,@jameylane9944,2025-12-05T21:36:26Z,0.3596754265682435
f4a1f25f24a9f0808523a4ce36127ed4,lrwHsZ_CrIs,Perhaps Democrats can take boats out and protest. Perhaps eat a missile or two for supporting this dangerous invasion into our country.  If they do not wish to protect American citizens then they can go down with the vile criminals they support.,UCfS_8pmC0L_FsrKJr11s-Fw,@DianaPike-2771,2025-12-05T20:08:19Z,0.3596228772345854
b217797d1c43908be79093d2e6cfef26,NlkZ2-hntaw,"I want all my money back from this BS 
MY HOUSE is paid off",UCySReTfg6xeRSPzFN6Kp5CA,@robinznaidi1293,2025-12-05T21:44:33Z,0.3594981623275703
8467c7492dc8c34158985740480f9b80,ce4lMhwVHSA,All Minnesota officials need deported or locked up.,UCoMl_MMFBQ0Fh1HmQjFTxWg,@StephenWard-t1o,2025-12-05T21:57:36Z,0.35946975903864037
cbf3b338e01c1b20649f37a62edc201a,NlkZ2-hntaw,What are republicans dong - ruining the country!,UCJqkZDhGxzQBbuN26fLnCGQ,@nof7864,2025-12-05T18:01:10Z,0.35911374853630323
fcadf4e455855e60d7e4945103ab0338,ce4lMhwVHSA,Of course they are. Let's say they weren't. Omar was still the representative there and should assume responsibility? Remember that word? They don't.,UCaFVcRMC2ob0no8HEhtb51g,@theivory1,2025-12-05T23:03:05Z,0.3587247461420434
5c495c86c9c34badc7aae9c09f6820f3,ce4lMhwVHSA,They are all tied together 2008-2025..partnerships..at all cost..2016-2025,UCRdjLzoy6zMZ5lrhzjpusqg,@louveniastreet3733,2025-12-05T19:49:07Z,0.3586076860309967
266914b8e19fbf7e847b303ce4c1c861,a4BoCVPQB7Q,Don’t worry folks… the mass layoffs will continue and get even worse and then inflation will definitely go down😊,UCCUfUqT4jYddXQo0qx17VkA,@chuckb25,2025-12-05T22:56:04Z,0.35856735075289736
664b81e325bbdd803469b0548ba101ac,lrwHsZ_CrIs,Jim Himes is going to have to cancel his nightly parties.,UCJIakGIwf4lw1byIHxnZ_Ww,@lblepus,2025-12-05T19:20:31Z,0.35834240831748465
31bb6e1d7d6f21babec9cb773f63bca7,lrwHsZ_CrIs,"I can honestly state that I have a problem with killing Fishermen that are suspected drug smugglers without evidence.  That is equal to the US killing suspected p3dophiles, R4pists and Protectors of p3dophil3s without evidence. I can honestly state that I prefer incapacitated P3dophil3s, R4pists and their supporters and protectors to incapacitated drug runners.  Drug users make their choice r4pe victims do not!   It is a morale thing a lot of you will not get it!",UCxSmfVkmJ55x469SyvTYq1w,@nox6559,2025-12-05T21:49:29Z,0.35825206394129244
2639ca8b732f2321a92f70e4ebb9f2c9,lrwHsZ_CrIs,GOOD!!!😊,UCIe15gMXxcbQ-A5PO2UvJxg,@clintfrazier6078,2025-12-05T20:17:09Z,0.3581729285994102
3e68747772300f2f4e7ed41ed6003223,lrwHsZ_CrIs,All they have to do is stop sending the boats. 😂,UCMQ0ZUyHLYmZdASSY9n2zug,@KillerRose0,2025-12-05T19:47:27Z,0.3576801208880264
6c8bd79726ac84a65e765617c96fc0b5,a4BoCVPQB7Q,Hacks won't f this country 🇺🇸🗽,UCV298b0dGtqTDCeOOo9fYaw,@Babayaga97111,2025-12-05T21:52:08Z,0.35741728177575627
6d9afc14e2eb36a168fc7f95f102676a,a4BoCVPQB7Q,Just remember. GOP taking away Health subsidies will cause premiums to skyrocket. Dems were fighting to keep them! Thats what the shutdown was about! Dems that voted with GOP are vile! Marjorie Taylor Greene even admitted this! Facts are Facts!,UCdf4M7MbyzTtfX_-1AbJcVg,@ligft34w1,2025-12-05T22:20:49Z,0.35695607605009605
146ff9cad46d7f3eda5f4bac7abb2add,lrwHsZ_CrIs,Democrats should make this a cornerstone of their platform. We will win a landslide in the midterms.,UCEOfhFYHtR6gnP-4vyDmfPA,@joeinge4808,2025-12-05T20:52:55Z,0.3566947253056136
c08458cc39f916a2e013d140c4d2b36c,lrwHsZ_CrIs,The people complaining about it are the ones getting the kickbacks from it.Go PETE.,UCDKRkQW6QjLI2RqKIFSCaGQ,@yvonnemillus5638,2025-12-05T23:16:34Z,0.35622963998946267
96efe2eeb67726dae4388114fa8630bf,ce4lMhwVHSA,Shitskins,UCHYBIDel9D5aSbA90i_NSvA,@MarsquakeStudio,2025-12-05T18:51:00Z,0.35616204154150255
2a8b8e3f7c5f441890a3d8115e7bd28d,a4BoCVPQB7Q,"Biden, Schumer, and Pelosi let in 20-30 million people, giving them expensive places to live, causing a housing shortage and rising prices, and costing us a lot of expenses.",UCF0sO9eR6oonUB4TCGhrpyg,@garywjensen1,2025-12-05T22:16:09Z,0.35589808967965236
c183649d7b1f9f7b337696836f18a23c,lrwHsZ_CrIs,Why keep releasing it? We don’t have to see everyone,UCdtTDSeRV3dZx3Wwcotpu_w,@mericanmadesoldier2345,2025-12-05T20:56:30Z,0.35564688019934426
30930800d571183996d206f248326c8a,a4BoCVPQB7Q,"These are the people that ran up the cost of living, and now complaining about cost for the first time since Obiden 😮",UCcU7hQOboCImPBiTALSOBmQ,@AlbertBundick,2025-12-05T22:43:34Z,0.3555366332174233
7f4ba1d6eb5311b39bcffd7465870859,NlkZ2-hntaw,DC GOP is the absolute worst. All they do is lobby and throw lavish events.,UCpv5nsVDJjZiZwDcylvecqA,@Lady_Laura_Z,2025-12-05T17:30:19Z,0.3554120473022912
68b4d7d3312862626a182e4a4c9a07a9,ce4lMhwVHSA,Fox lies as usual.,UC9rsPG16hUG_i_KUFKuwhmQ,@Grant-d7h,2025-12-05T22:47:24Z,0.3553754500367059
8175f9a83b79e691c21c348df056868a,lrwHsZ_CrIs,"The U.S. Rules of Engagement for Operation Desert Storm instructed forces: ""Do not engage anyone who has surrendered, is out of battle due to sickness or wounds, [or] is shipwrecked."" This language reflects the clear understanding within the U.S. military that shipwrecked individuals, regardless of the circumstances that led to their condition, are protected persons who may not be targeted.",UCHdAu6riUiqViLO3736o_8g,@NIGHTSTAR-dr1zq,2025-12-05T20:34:15Z,0.35510122353067597
c32bfa82f2d034b832ca34364f6d3398,lrwHsZ_CrIs,"For those struggling to understand why the left is supporting this, it makes much more sense once you realize that leftism is more like a religion than just a set of ideas. In the church of leftism, one of the things they worship is non-white skin. For them, the more melanin a person or population has, the more valued they are, regardless of the content of their character. Venezuelan drug runners have the additional benefit of supporting the left’s absolutely massive human trafficking network to bring in non-white voters to America so they can secure a permanent majority. For the leftists “priest” class, it’s about absolute power. For the underlings, they’ve been duped by a worldview that is completely divorced from reality.",UCTcULAxnLTSkr_HmXJPVIIw,@DinghySlight,2025-12-05T19:21:54Z,0.3548610667216282
236554fc08eb20fcac3530a55e32ac14,ce4lMhwVHSA,Where have her millions come from? Money has been channelled to her husband rapidly for no valid reason,UCkzaYy3Q8QswaMfAG58fOcA,@thompodc,2025-12-05T21:02:19Z,0.3546735565856415
6caa2b1d9df6419044b29658fb3a937b,ce4lMhwVHSA,This isn’t treason??😂😂,UCDjPXX1_QLCHyDOKd-UFMLQ,@kfkgjgkvkgkggknfnfndb2039,2025-12-05T19:36:17Z,0.3546448124557973
c9d7cb78ba5f5ca21d9b5cdef9479f1d,lrwHsZ_CrIs,FEED the FISHES!!!,UC_EVZOX04xbsO1-pv_Tlecg,@GrumpyWarVet,2025-12-05T23:02:12Z,0.3545022249470167
b3f160fca05756d8240d9561fb3efa8d,ce4lMhwVHSA,I’m sure if you sniff around you will find some of that money was flowing to Dem politicians which is why they ignored it.  Will anybody look? Doubt it.,UC2WGxLFNGXLyh9IinBRLhaw,@NormanBartlett,2025-12-05T20:13:45Z,0.35435648066138503
a4fa1cd41ea4e569180dbfc659fb7d62,ce4lMhwVHSA,"Tampon Tim and ""Garbage."" Couldn't have happened to a better pair.",UCjRmVS-FyYcKg4pVo_A2oDA,@searchforthestrangler5034,2025-12-05T21:21:24Z,0.35411286845685636
b1cb59f6ea8f27b6c1bf6edaa354dd07,NlkZ2-hntaw,We would love that idea but how will police be funded??,UCJMWFa4DiTXEShW_prbTguA,@duhhuskie2698,2025-12-05T19:53:13Z,0.3537869191237314
7c74e5c9b84fc66e6b9c536c94a79d87,ce4lMhwVHSA,"OVER A 2 BILLION $$$.  SOMOLI  , MONEY LAUNDERING SCAM",UCTsVBds37T4VK5jFLQ_1edA,@mahendra2435,2025-12-05T21:01:48Z,0.3536929902124035
e8083df09d021a2cba9df1c2303c69ad,NlkZ2-hntaw,"Congratulations, you support a vile racist. It says a lot about you.",UC2B6UGkH1aOW37HfCxcx-gw,@rickcrammond2617,2025-12-05T21:15:33Z,0.353296745216784
4ac965d856c0f66f96946aee07dbed8a,lrwHsZ_CrIs,"Democrats defending criminals and villainizing US military. Raise your hand if you are shocked. Anyone? One last chance, nary a hand in sight. Show me a country who fought a civilized war and won. War crime is oxymoronic.",UCuqrsjo5K-GQs5SGe7AUVlw,@box4859,2025-12-05T19:27:54Z,0.3527583917771583
296e7302d0f3b1d740a58892c99e996c,ce4lMhwVHSA,"Blue states are all fraudulent, investigations need to take place immediately",UCPoI11w72seQt9IHfkApnpw,@garyladyman2642,2025-12-05T19:13:16Z,0.35258034816846806
6b0aa6a8ca57dc19e81027bd516dfe8c,NlkZ2-hntaw,Thats what should be done everywhere. Our taxes up went up overnight in North Carolina!! Not right at all!,UCvJCaIHmrIcFkr9s4ip7DDQ,@truthful2877,2025-12-05T19:10:41Z,0.35214651669855757
83089e013bc04d30f4fbaee3a25681b4,ce4lMhwVHSA,Perp walk Tampon Timmy and ALL the rats connected to him!!!,UCBgZibhnzHOH8GPHtqLObMg,@SteveHenthorn-dk9bf,2025-12-05T20:47:47Z,0.3521171403015835
9a172587f11861577513afda7d53886e,NlkZ2-hntaw,RELEASE THE EPSTEIN FILES,UCXp1hYqgz-D76SnFtcV2YVg,@donmcmillan4388,2025-12-05T20:56:34Z,0.35184157449207976
d2f587399f826b504788639f3a97e69c,lrwHsZ_CrIs,"Wait, were you following illegal orders? Naughty, naughty.",UChnJwYOKVOkSP2Px_0vj4wA,@ginnysimpson5232,2025-12-05T20:09:26Z,0.35179316316511144
99b409887c82d96d7b2333e9a45599c0,lrwHsZ_CrIs,"Osama obama, literally murdered a US CITIZEN, granted, he was affiliated with isis, BUT WHERE THE F WAS THE OUTRAGE THERE???? They use the british import agemcies tactics of flood the country with opium, and let em fall tactics",UCkJbrzsq7EcLdTCW34nvDCA,@eLSyDro,2025-12-05T20:43:20Z,0.35160858720229393
4a0efc838395a883215aaeee2bdbb376,ce4lMhwVHSA,Repercussions?????,UCTXiW9WWqMYy-tchIMrvM2A,@cynthiahanley7006,2025-12-05T21:45:54Z,0.35142531062710813
513a7e9b768b93e2c1033fba8f735059,NlkZ2-hntaw,"Excellent. If we are buying homes doesn’t that mean we own it? 
I guess not currently",UCZlNNO6GiXBVaxeAHtuh4pA,@Upmarketcookie9,2025-12-05T18:00:49Z,0.35123042626331413
d7cc37849bf448941576a3e4d19f196d,lrwHsZ_CrIs,"COOL STORY TOUGH GUY!😂
YOU ACTUALLY THINK THE IRAQ WAR IS THE BEST WAY TO FLEX  IN DEFENSE OF ANOTHER POINTLESS US MILITARY INVASION ?😂😂😂😂 GFY RET*RD!",UCtBeEcsGaF-kmPDowOEw2Pg,@michaelpetersen7806,2025-12-05T23:00:39Z,0.3511762172366383
e24c0d68703e619e2f3e8a02507b85be,a4BoCVPQB7Q,don't be too worried about who takes power because nobody's going to vote for the Democrats,UCH2BsoJgBI7-IGIAvVFMBpA,@richardhodges7228,2025-12-05T23:03:37Z,0.35065076759785874
bab66f87499a40d125721c26d649db02,lrwHsZ_CrIs,"Main thing, no survivors or else the DUMACRATS will complain, again!",UCakGMfOKYtFD85vadE0ncVA,@AllenKalaiwaa,2025-12-05T19:35:09Z,0.35045050942068956
a9fc410ee3fc10095a862e4b253f3cb5,NlkZ2-hntaw,One option of the ballot! Jay Collins for governor!,UCs-en0qhzy67ZRRWxtkQexg,@Dohair879,2025-12-05T21:16:23Z,0.3503800389687228
5310b20b3e862caac6859fb11e396f7c,ce4lMhwVHSA,Deport the immigrants! We must end this once and for all with force,UCCQGQvgD4N8Wy19_46ZiSig,@MXMSTHHCKR,2025-12-05T18:40:34Z,0.3503118373812991
6b39e75c1b5b8fc08d027b215edf01bd,NlkZ2-hntaw,Sure why wouldn’t we give tax breaks to rich Florida retirees? Thats what makes America great. How are your grocery bills?,UCaFJZgu-lkZ4q5aT0d8JH_A,@RAMartini,2025-12-05T17:44:31Z,0.35025143279718984
d3824f12885accaabd05bdef2949beed,NlkZ2-hntaw,​@brianreilly4766are you kidding me?😂😂😂,UCxMWOr4LtsHJbCm_fSWJbrQ,@sandrasteady5374,2025-12-05T18:43:37Z,0.3501423553337031
330f57cce83f13820654cf8eb3bc89a4,ce4lMhwVHSA,"Ok...WHATS GOING TO HAPPEN TO THESE PEOPLE? Who cares about him being re-elected! He and Omar have committed treason. Sick hearing all this happening, I'm busting my behind keeping life going.",UCBD6DP4Krww4IGd02FOF4cw,@zombenut,2025-12-05T21:44:54Z,0.3496560958207851
06eaf1ba8ae08cddbc45bf4192ffcb8d,ce4lMhwVHSA,Somali sub-human squad...go Minny,UCzksAq-4hJcifoEpqJfQm4w,@tracerdg,2025-12-05T22:39:43Z,0.34927366700351614
fe415205fd123b63ee1291f3e4980ab5,ce4lMhwVHSA,"State taxes all time high, total 1.5 trillion per year, government taxes all time high at 5 trillion per year. The affordability crisis is real. This all happened Obama 3 year term",UC93fa-7TDJKDfxKvGyaUP7w,@MrI8igmac,2025-12-05T19:42:42Z,0.34922448417462626
98248674ccb963d556e0fdc7963039ba,NlkZ2-hntaw,Dear Lord please heal Tim of bitterness & anger in Jesus,UC0-J6L-_a6nzGB1svT_1KfQ,@Not_YourNormalFriend,2025-12-05T19:00:35Z,0.3491912080229682
38b67baaa65a568a2f31bd6889c71155,ce4lMhwVHSA,Deport her noone is above the law!,UCgyoSpIFO1dd7MzjA53l-ug,@phantumbelly1319,2025-12-05T22:29:56Z,0.34879506983845265
83fa522d7bee1267f070d28f97a7db37,a4BoCVPQB7Q,Everyone needs to relax Trump hasn't even been in office for a year and look at all he has accomplished. It's only going to go up from here and then we move on to president Vance,UC5U9kgYktcQbglY7Q-zaIzg,@Annedaisy-o1w,2025-12-05T22:32:14Z,0.3484051840076802
5d18f90299df71e52b41b4436ebe6898,NlkZ2-hntaw,Hurricane insurance and car registration highest in the nation!,UCnMWIblTzW_PtcLAYVIGZ5A,@speedracer2336,2025-12-05T20:10:55Z,0.3473060815050506
d3bea11bbe001e8cd60516473bf895d7,lrwHsZ_CrIs,"They're trying to push these as ""fuel delivery boats"" now.  That's not very explosive or flammable fuel.",UCRg0Y7BJ2zfsJK6iSBTuk6g,@tomjones5418,2025-12-05T19:26:15Z,0.3470891596254382
f9f7f84b248e857340b1395bc289f71d,lrwHsZ_CrIs,"Perhaps some of the dems would like to control some of the boats, I am sure they are in need of boat operators.",UCxMVyAVNm2qKvj8QfL-03bA,@charlesfadeley826,2025-12-05T20:24:45Z,0.34706907060546865
6ecef236274060f6cf33781c741c7468,a4BoCVPQB7Q,Saying things are better doesn't make it so,UCFPxnqN6VljYqt-C0ZlRwww,@deanacarmack5323,2025-12-05T22:11:35Z,0.34696700989581664
45af257e39974d106156984e8e1227b3,a4BoCVPQB7Q,He is always busy.,UCuvZ8JxMvYQzZkDj_90V-Pw,@tcharli1948,2025-12-05T22:47:11Z,0.3469203812648045
42ee473f4dede141d07e139e836995f7,ce4lMhwVHSA,Deport,UC74s3tyDYKTibN_3AwkbxYA,@welshie1979,2025-12-05T21:19:47Z,0.3465916179943633
a3325824515ea6ff8db0f96a23337efc,NlkZ2-hntaw,"To answer his question.  The Republicans in Washington DC are doing absolutely nothing. The only thing  that's happening is defending the Sewer/Swamp. 
The one thing you can depend on with the Republicans is they will do nothing.",UCJlAphZPeGfu9cZJsCnDs1g,@Dennis379c16,2025-12-05T19:24:31Z,0.346110790861621
c0d263751750b7c2ef0d21010693ad5e,NlkZ2-hntaw,I'd cut my house down with a chainsaw before I gave it up for taxes.,UCPinhXHdLvvpKSc-IYyuvnQ,@larrynone6354,2025-12-05T18:03:19Z,0.3458456592423125
28865141fd2f9cfc97dd66d040438b3b,lrwHsZ_CrIs,"ok, so what about trumpf, who just pardoned a guy convicted of distribution of 400 TONS of cocaine into the United States.",UCcD_8x_nZWrAUNJjNtKhZiA,@BigAl455,2025-12-05T22:57:56Z,0.34570833736302453
09e5320cf93ee1c42c8f1eb2215c3687,lrwHsZ_CrIs,Lol in 20 years these loser in here will act like they were against this foreign war like iraq.😅😅😅😅,UCfF1AalCvyt2Sd96rNN3bAw,@Joshua-fg8mz,2025-12-05T22:22:05Z,0.34564971515148696
f23788644a2bcd07ea32ac6aaaa1914a,lrwHsZ_CrIs,GOD ISN'T REAL BECAUSE IF HE WAS ALL THE REPUBLICANS WOULD BE IN HELL RIGHT NOW LMFAO,UCP31odWRcEMmtMTHs3n9zEQ,@billyofdoon,2025-12-05T21:44:34Z,0.34556991615487587
c49572350c06cc182f9056a5e97bd088,NlkZ2-hntaw,"Good grief, that's a lot of $$,  I hope he can get rid of property taxes too.",UCzEdaazE4Do0aDz-Y3pWinw,@shrinkingviolet3,2025-12-05T17:46:15Z,0.34530134960251435
96c9df1675042bfe5115f1a5f4cb13d1,NlkZ2-hntaw,Ron Desantis is the greatest Governor of all time! We all would leave for Florida if not for the hurricanes there!!!,UCh8hCsti0sVLeXLoQFoUevA,@theknownguy2221,2025-12-05T19:26:31Z,0.34529450866999306
0b3071c0811c80ada4645fcee1259649,ce4lMhwVHSA,The buck stops at Waltz...,UC80v_tf3280u4CJOn4w-30A,@lavonnekelly9173,2025-12-05T21:33:13Z,0.34391020222437624
994d76c1481f2314ba6021442e8f1c1f,lrwHsZ_CrIs,They are probably on it!,UCQcuphhvax9aJIKpOGiBcaA,@thelmalynch828,2025-12-05T22:58:49Z,0.34388473543633913
b15782bc8c4b14020e5e032abbd8675c,lrwHsZ_CrIs,​@BigAl455and who says the guy had 400 tons cause no one has mentioned until .I'm on YouTube every dam day and have been for 8 years solid I'm 63 all I do is look at this all morning 8 years I never heard on news or YouTube 400 TONS do you know how much a ton is think about that before you answer. 400 tons and no one heard about it til now prove to me first,UCHWn1ObdEXTuOkPzQjHpuwQ,@CaryMyner,2025-12-05T23:08:59Z,0.34383631956032723
d76600e1e8d1d51ad70417836e49a30e,lrwHsZ_CrIs,The dems are raging!!!!!! And we just keep winning winninggg lets goooo war crimes yayyy thnk u mr trump for keeping us safe <3,UCTYOkBoxcPFGPfbziq3WlCA,@Goaway-h5c,2025-12-05T21:29:27Z,0.3437770757902747
cdd6181fbd5e463a31fa33f11d0402bc,ce4lMhwVHSA,"As the investigation deepens,  more Somali dirt will surface. This is treason.  Hanging should be next. These people bring nothing good to our country.",UCvLXHsoxyRGqBVG9xB2xSog,@johnhauser4589,2025-12-05T23:12:04Z,0.34365551508215936
e00fdec2d36e0e450a32e8c97849f77c,lrwHsZ_CrIs,Agents of chemical warfare,UC_YjsatUIXuXJOcztC1PQjw,@stevebushell1193,2025-12-05T23:08:38Z,0.343106230330244
ceb75ac40d0e3cb2b773e2ac4ae44362,NlkZ2-hntaw,I'm retired 62 years old my home is paid off and the county I live in just reassessed this year  based on inflation and everyone’s property taxes nearly doubled! BS,UCIK3c5-CGCr5qhID6yy5aQA,@marynewton-e3x,2025-12-05T18:17:28Z,0.343047033262439
55dd061686a73f1b617cb6e44ac666bf,ce4lMhwVHSA,No one goes to jail,UC35w6_uwClaKGLVl_-tLWEw,@debbiebless65,2025-12-05T22:17:22Z,0.34284555802134453
8f2005fef64e8af621828b6321165ebf,ce4lMhwVHSA,Nanny State parasite scum.,UCBDd8JxfFQ4zsE5Z9f3MXKg,@SatanSitting,2025-12-05T18:41:30Z,0.34268745493219505
cec2975971e86ce100e65e40237c1dd4,NlkZ2-hntaw,I hope he runs for president in 2028 and  I hope this property tax legislation gets adopted in all states.,UCZn5Uq6Dy4Ok62we7udhMsQ,@Andrée1614,2025-12-05T21:43:30Z,0.34248253088008695
5867250a3d15563fd8b1194d9e4ff644,ce4lMhwVHSA,She's in it up to her eye balls,UCefjmV2yE17vnME3Ffmb5cA,@BobSwift-y4p,2025-12-05T23:00:07Z,0.342448550460424
dc7a3bf755b668a75618127fcbc7e31c,a4BoCVPQB7Q,"Hahahahaha! A plan for the economy- just wait, just like a concept of a plan for healthcare that started in 2016!",UCeGr6Y2jvA23DNSKMf7oyPA,@drcarlsberg3658,2025-12-05T23:16:05Z,0.3422815220238937
2457bebd2e6f22d52c27f39df46ca31c,a4BoCVPQB7Q,Explain to me how a grocery store lowers prices when you vote for prices to up through tariffs?,UCm_PR4oVL-yyehwIsblNtmA,@mr.v3061,2025-12-05T22:43:13Z,0.3422648830355872
b49572f2c4f6837b2ee62e3280357444,lrwHsZ_CrIs,THEY'RE FISHING BOATS THAT CAN'T REACH THE US. WITHOUT PROOF THEY'RE JUST FISHING BOATS,UCLi15Ba1mtMNvN9nCOJ8ycA,@fcktherich6913,2025-12-05T20:49:35Z,0.34207078927195844
a479df81e7c98452bd2b9bcd9b8bf049,NlkZ2-hntaw,"*_MOST property taxes VIOLATE FUNDAMENTAL AMERICANISM._* [read: property taxes as assessed are ANTI-American.]
American laws require that all Citizens be treated EQUALLY. For all practical purposes, property taxes, and most income and other taxes, are UNEQUAL ... because such taxes are paid by one group of people --- property owners, etc --- and NOT BY OTHERS. IOW; this is simply another GOVT REDISTRIBUTION VOTE-BUYING PROGRAM. *_In a word: UNCONSTITUTIONAL!_*",UCdK8u2mTNAwDMNd2vsrsVuA,@johnk2452,2025-12-05T18:08:46Z,0.34168785371714755
dc95a60648533d9f6733608187a0404c,lrwHsZ_CrIs,the dope dealers got bored with snuff films decades ago. They been gang-raping and murdering little children since the 90's.  But who's more sick?  the cartels?.....or chevron oil-demorat/rino's ?,UCJ7C0lQ0jlewYBebFwureQQ,@robertwatkins-k5p,2025-12-05T20:11:15Z,0.3416583729269672
a7d5fb4a72c51d8181bd2772bd2c19c8,NlkZ2-hntaw,And on november one that hit cuts to medicaid cuts to medicare cuts to food stamps cuts the nursing care,UCBqIsZYNBbDtyGoidQjh_PQ,@MillicentBullock,2025-12-05T21:27:17Z,0.3411867500627651
5ab9f3ea279f90ef8bf57bbbd4829c6d,lrwHsZ_CrIs,"Republicans are doing everything to protect America ln citizens.......

Meanwhile, Democrats are doing everything to defend terrorists, rapists, murders, drug traffickers and illegal aliens.",UCgF6mCgJmfpo2dC5kcDfj9A,@The_Tacticianist,2025-12-05T20:12:06Z,0.3410840268699512
41f2236baa2901e1e190d7d83b06221f,lrwHsZ_CrIs,"Huge difference between President Trump and Barack Hussein Obama's strikes, President Trump is defending American waters. Barack Hussein Obama was killing Americans on foreign soil. He literally blew up entire buildings to get one person.",UCy6wNSSy5021FugvjbCr1AA,@biderdoo,2025-12-05T20:18:43Z,0.34060027376572105
221a78362e7ee38a2e4e91554189d72a,lrwHsZ_CrIs,I love you Mr President keep blowing them up 😊,UCEh9GUtxWHvMuyOtj3gqtEg,@THESCRAPDOGSHOW,2025-12-05T19:29:37Z,0.3403850094798492
d80328788c18eda33a993deb53503388,lrwHsZ_CrIs,The greatest military force attacking the tiniest boats and killing non combatants!,UCV8QaNgFn0ECGq6AdMMjNqA,@domfel2123,2025-12-05T19:50:36Z,0.3401758808768861
64a6ba0de324406a9141d086cbbc6dc9,NlkZ2-hntaw,I wanted DeSantis for president.,UCETz4CikRMW2M37aEGJdZxw,@harmagician1,2025-12-05T17:49:56Z,0.34009324728314194
5b504bcdc22368ccd88083889d921cc1,NlkZ2-hntaw,More than 1% os baffling,UCyRIghZ7vS0n-bKKiNPy14A,@kathrynhogan3387,2025-12-05T21:21:53Z,0.33967026315103777
ce23df0cc921da7bafacca61d591a46f,ce4lMhwVHSA,Not shocking. This is what democrats wants to protect. Theyll do anything to steal votes and money..,UCbRQgJBRuLW3jIdTos_-rBQ,@julesd54,2025-12-05T19:46:50Z,0.3396542875005925
7f5b001a4c119655770a4612656c3005,lrwHsZ_CrIs,Seriously. How can anyone be with the dems? Now they want illegal drugs in our country?? Wow,UC4FVOKWaW7Lqg6hBcSVNy1Q,@corptusion,2025-12-05T22:25:58Z,0.3393317352046655
b7c6e17c0072c5e3818ee50ee0ff5c88,NlkZ2-hntaw,he population has no use for your noble prizes while the homeless do not receive any help and you violate human rights,UCG7JRDGySfgv9IeNaJf3gpA,@XiomaraBL,2025-12-05T22:05:49Z,0.33926490197177284
41f779a3a044a6ae32a2a2a1ce6297b4,lrwHsZ_CrIs,"If these drug runners are alive, they are a threat to the United States because they will do it again if you pick them up and  just send them back home",UCqBN5U6GSVAkK72xGW1Panw,@tonyv8596,2025-12-05T20:24:22Z,0.3392447005566434
6f3a3d2f9a03249466ae4faf9e928212,ce4lMhwVHSA,Tim Walz is looking pretty guilty to me. Walz was getting some kickbacks I’m sure.,UCz7n-wbrA_P2DwV9beeybvg,@CarrieOKing,2025-12-05T19:25:35Z,0.3389411144835771
e212bd7a3fe068345598b3158649b681,lrwHsZ_CrIs,"I do not understand how these guys keep sending people out there to get blown up, knowing that is what is going to happen.  It's like people who know they are illegal in the country staying here after being offered money and a free ticket to leave, and then being super shocked at being arrested.   I just do not get it!!",UCneorqIoMOohHOrlo1m8axg,@Shawneverette,2025-12-05T20:16:48Z,0.3386507194336941
5a90eaaf024f9c89d1dcf805042315eb,ce4lMhwVHSA,They are involved in it we know this now do something about it!!!!!!!!!!!!!!!!!!!!!!!!!!!!!!!!!!!!!!!!!!!!!!!!!!!!!!!!!!!!!!!!!!!!!!!!!!!!!!!!!!,UCHFxd7PMuqnkzbbrsh6QHyw,@Rob-qs3xx,2025-12-05T22:25:12Z,0.33846728225546263
309ab2893b37c6764bae823cbcdd0d36,a4BoCVPQB7Q,*President Trump is the **_GOAT  POTUS_*,UCR6SPvkd-ejn2pCxRV3PDvg,@SpiderMurphy-ze5xs,2025-12-05T23:19:02Z,0.33837961136607875
7dcbc2ad357a6314a70c706f4da14e4a,ce4lMhwVHSA,It's about time that's a whole lot of  tampons,UC3lsgvwXKJ3xrFTFtJpCVfg,@pauljanssen7594,2025-12-05T19:02:50Z,0.33817462045442187
1e5e44624762a216e6912ace8bd2a882,ce4lMhwVHSA,How is Omar a multimillionaire?????,UCXjYwIt4_YUzBGs0KFuCdZQ,@gaylavogel4335,2025-12-05T18:53:29Z,0.33767992359251287
ed5e4347f3defa97e1f4ed45096b8bcd,ce4lMhwVHSA,Waltz is insanely nuts.,UCVHZccq1NrMQhVt593QlGDA,@AngelWatson-fu7ub,2025-12-05T22:45:40Z,0.33767948237322054
5f718cb47aa877e17d7362ee47f151c9,ce4lMhwVHSA,everyone of them are traitors who favor foreigners over citizens.,UC0Grip7OkGswYyjsQukiROQ,@mhaas281,2025-12-05T20:12:06Z,0.3375285137939743
dc1a288d3d48d8edb84b902419b57acb,ce4lMhwVHSA,Moral failure.....caused lot of sufferings!  🎉🎉🎉,UCoFnQ1CUBEyidBbo5gizW_A,@sengchhuon2133,2025-12-05T18:48:13Z,0.33748185570687583
3c770a6d2b568d7a229fcbd03fe949b3,NlkZ2-hntaw,"What about?\nNon homesteaders , because we know the homesteaders are billionaires",UCBqIsZYNBbDtyGoidQjh_PQ,@MillicentBullock,2025-12-05T21:25:25Z,0.3374781105161605
ec9593bb219687875ecfb6f4786724a5,lrwHsZ_CrIs,O great! Trump is sinking all these peaceful fishing boats and now the price I pay for Venezuela fish at the store will triple! Impeach Trump Now! 😭😭😭,UC1VKU_Q7mMhraEKjlCa0xlw,@randeldaniel5437,2025-12-05T21:33:33Z,0.3371981238276017
ae305d8cf76512ac988b2c5a8bcba952,a4BoCVPQB7Q,"tRumps- drug prices are down 600%. 😂😂😂😂😂
So now drug companies are paying people to take drugs. 😂😂😂 Dumbest president in history!",UCdf4M7MbyzTtfX_-1AbJcVg,@ligft34w1,2025-12-05T22:13:06Z,0.3368374767867779
6165f7160c0b95cff4893ce7ee920445,lrwHsZ_CrIs,Insane Clueless Democrats live in the Bizzaro universe....,UCMt30rzhJLXqzVGZzby-4wQ,@lasersbee,2025-12-05T19:21:27Z,0.3367203173169574
a4064ecacc6474d03df089641cb2ddf6,lrwHsZ_CrIs,They were just fishermen.,UCZCN7OxziTqJIClvRayhO3w,@solarcharging9743,2025-12-05T19:41:47Z,0.33627922312824077
9e9f4dbcae925b46ae7b33975224ecc8,lrwHsZ_CrIs,"Yet, PERVERT TRUMP pardoned the Honduran president that smuggled COCAINE. Another dumb move by PERVERT TRUMP.  Google it.",UCjpgL8U9g2ZN5Ojr_gswjpA,@crst2785,2025-12-05T19:13:42Z,0.33626279226813405
794e80d168d6cd3079f836a4328faa1e,NlkZ2-hntaw,Looks like DeSantis is gonna be next president,UCbNGH7QtyDa4ogMlDSeB81g,@ClarksvilleCustomAwnings24,2025-12-05T17:55:18Z,0.336092830243348
de04016a87d4be66ee83f31befcd03b4,lrwHsZ_CrIs,"‘….. as Dems rage’

What is the relevance of this observation?

Dems rage about everything that they can spin into victimhood. Don’t feed the trolls.",UCRpi4ZOzNkh60r4FBYXLj8Q,@seandrew7837,2025-12-05T20:21:47Z,0.3355292323649627
b598a0a63a0643be08c80690d0ce3614,a4BoCVPQB7Q,"Democrats, Free Pizza on Friday. Knowing it’s not possible. I hope the American voters have had enough. You’re not getting free pizza. Their friends are getting the funds that pay for your free pizza.",UCoe2P0S-koPG90DN9MqfsIg,@valelliott2106,2025-12-05T22:17:53Z,0.3353755380818182
e5932b658cf9de95c5a31d0ff6141296,NlkZ2-hntaw,"Rather than remove property tax, just simply reduce them to a very very low rate and pay them every 3 years.",UC-wUaGok9sVMGHZlwYHs_9Q,@steveking7719,2025-12-05T19:24:08Z,0.33497502332848994
bf3bcaff02ebcc24d22dff2ce8c0db40,lrwHsZ_CrIs,So many outboard boats make it across open oceans.   How much do these missiles cost?   Guess the Navy doesn't have guns anymore.,UCK42_mpjxeX6oX0GzQ1N6LQ,@cindernubblebutt1340,2025-12-05T20:21:22Z,0.33481486056753373
9ed1c8a81516e7e37b660f2be6a71745,ce4lMhwVHSA,He’s just awful,UCLXHI7LXQiTe3aiF85BKtRw,@rockfordfiles5451,2025-12-05T19:18:48Z,0.33475485795787596
c1b9da6e97201d8c59917be23d75024a,ce4lMhwVHSA,They know we are SOFT in this country,UCoHOjvewS-3Qm7KPMCQFz9A,@PJBHolden,2025-12-05T22:01:32Z,0.3343618002015867
8dff66d366bf60e3a8f8f31797c2fa2c,a4BoCVPQB7Q,I hope “Quiet Piggy” are the last words Trump hears whispered in his ear from a nurse.😮,UC2TF3i2EOyEN-L8Rm8OBntw,@YumaCrims1,2025-12-05T22:24:22Z,0.33432083282093156
79120f8f28332cc72af809360933f502,ce4lMhwVHSA,You can guarantee she knows who did it,UC1sXcl5DV29YeF1zDDUsj-g,@rogerpickford1137,2025-12-05T20:31:02Z,0.3341579082693762
f94958e2229a0935d530fa8b6c090226,lrwHsZ_CrIs,MAGA47 blowing up narco scum...beyond awesome,UCzksAq-4hJcifoEpqJfQm4w,@tracerdg,2025-12-05T20:58:55Z,0.3338882652571624
bce476b9fef6acf054a6e2f26c3d3121,ce4lMhwVHSA,Walz should be shagging shopping carts at Walmart.  Room temp IQ at most.,UCqJ5xvNYbHz35GSRrx4n8LQ,@dscop442,2025-12-05T21:21:52Z,0.3334837388105135
616c2e8fafdecf27ae8c03b527e19af1,NlkZ2-hntaw,😂 wait till you start paying them tariff fees on everything you buy,UCBqIsZYNBbDtyGoidQjh_PQ,@MillicentBullock,2025-12-05T21:43:07Z,0.3332838798673651
330e36d3909846e891b1cbae081f8aa8,lrwHsZ_CrIs,"hey fool, it was trumpf that just pardoned a guy convicted of distribution of 400 TONS of cocaine into the U.S.",UCcD_8x_nZWrAUNJjNtKhZiA,@BigAl455,2025-12-05T23:00:09Z,0.3325391811587519
6de7e1ff59967c4060b9624fedad1a8e,ce4lMhwVHSA,Did Ilhan’s Campaign get donations from any of these Fraudsters?  That’s a question that needs answers,UCoQRdglBG-e31AuzcUwkZ6w,@75vuong,2025-12-05T22:27:40Z,0.33251265463726754
02bf07e28c8435f03416cd2dd5045863,lrwHsZ_CrIs,"Ok, so we already know that fentanyl doesn't come from Venezuela, and that country is merely a conduit for Columbia/Peru/Bolivia cocaine, which theses days, kills about 25,000 people annually. So at 23-boats now destroyed, these unapproved bombings have saved (according to Trump math) about 605,000 lives. So if we follow this, by the year 2100 the USA's population will eclipse China and India.",UCvlRxZYvNBYzBb_E5wBZrYg,@keithbarnhart6952,2025-12-05T20:35:10Z,0.33149048863162867
58f65cd3b0935f0311449055f4058c82,NlkZ2-hntaw,The difference being California is still desirable and doesnt have tanking home values.,UC3mcVIWXNjCtAYo9ce2x7DA,@anonymousNine,2025-12-05T18:10:48Z,0.3311500864646437
c1d8fead40be78de41bc9f6c69a567b1,ce4lMhwVHSA,Get back to me when people are in handcuffs.,UCjnw-mxdK9PTDRYZdMNR_XA,@kerrycarter330,2025-12-05T19:18:21Z,0.33110064306999965
585f4b67cd2e676d437eed53f91d1609,a4BoCVPQB7Q,Goodbye Chuck Schumer aoc's going to take your job exchanging one idiot for another that's all😅,UCFQ3EdtuKzsl9H8fDj33Rkw,@ProJoe-xb5ie,2025-12-05T22:22:09Z,0.3306864208064487
be371619b182dd0e21e1cbaa6a82785e,ce4lMhwVHSA,Waltz is a known lier.,UCWOW9nXbn1mO0UkQSGkrLeQ,@Roger-c3n5s,2025-12-05T19:07:00Z,0.3305927109714434
8c3097b971d2e406e67b4da0b22b2c16,lrwHsZ_CrIs,Humble Australian the only good drug runner is a dead drug runner.😊,UCHF06QQT1hHgcQYdr0hhjJA,@stephenallen4374,2025-12-05T21:39:53Z,0.33028798987584707
22eacf41d34053cc44dfa897f4ccdcbe,NlkZ2-hntaw,Trump needs to keep the tarrifs stipends. Just eliminate property tax and income tax and we'll be grand.,UCQeD3eIybMhk-xkevJSsR7A,@judgedread9724,2025-12-05T17:44:55Z,0.3302032520325203
12fc3426c655d8fdd3496f3dd4ac657b,NlkZ2-hntaw,DeSantis❤,UC95F-6oWWN_xcF8LYqnkPBA,@llchew7784,2025-12-05T17:24:36Z,0.3301866223207687
1e31472564b9c0dc68289f20be227309,NlkZ2-hntaw,Prices of homes just shot up…..I do love this idea. We just can’t allow offset taxes to surprise us.  Keep your eyes open,UC1vz1FHEAUWhuJedC7933Ug,@RCGC01,2025-12-05T20:52:40Z,0.33004665151143514
bf4114f868e3f1bbe6484674759b354a,lrwHsZ_CrIs,Oh did Trump make your economy better? Do foreigners pay the Tariffs? Is Epstein a Hoax? The list goes on...,UCxSmfVkmJ55x469SyvTYq1w,@nox6559,2025-12-05T22:20:19Z,0.32998980048095944
40225603989f71840d5c8dee5699e997,NlkZ2-hntaw,"I totally agree with that.Republicans have been in control , and we are sending billions and billions to israel to commit genocide",UCBqIsZYNBbDtyGoidQjh_PQ,@MillicentBullock,2025-12-05T21:42:11Z,0.3299389865952876
131cb7735a653bfaad300749e83ad384,a4BoCVPQB7Q,"Google!!!!!!  Estimates for Senate Majority Leader Chuck Schumer's net worth vary significantly, with some sources suggesting around $75 million from investments and career",UCcEZvo-jG1YSMlmvkCYdcBw,@katyaultman3519,2025-12-05T23:15:34Z,0.3297469738827859
58fbf40a789d6d6ab57ce77f580fc99e,lrwHsZ_CrIs,THE GUY WHO TRAFFICKED AND R8PED CHILDREN WITH JEFFREY EPSTINE IS THE HEAD OF THE R8PUBLICAN PARTY 😂,UCtBeEcsGaF-kmPDowOEw2Pg,@michaelpetersen7806,2025-12-05T22:44:07Z,0.32943886856498983
5446b6fc007ebe314cdc8f5ee5a08f0c,lrwHsZ_CrIs,Next the Democrats will start calling them Venezuelan fathers (a-la Abrego Garcia),UCSFC80sUTIqcpMkx_HVobNA,@stevencope5683,2025-12-05T20:49:16Z,0.3292619085954089
280e06b8e09f40c821dd5241970b040e,ce4lMhwVHSA,Well that’s not so hard to believe! How much air time will this get on ABC/NBC/CBS? Permanent Deportation should be the win win solution for these people.,UCTo0EU99rK6p1DadEXj8e4A,@stephenseth-yr7kz,2025-12-05T22:16:56Z,0.32891479563241116
36201b1e3811dd0e1aa8d0f7146c819b,lrwHsZ_CrIs,I guess they don't have any airplanes😂,UCFMR4B_dBPhoMb8ytUdsOvg,@Jillycut,2025-12-05T22:58:25Z,0.3287446757986112
03f8540a4a4fe5b440f1af5f97ab5692,NlkZ2-hntaw,Democrats are lazy,UC_I4v1Ny_cVGniXWOmkmRaA,@CrackerJack1961,2025-12-05T18:00:07Z,0.328712018813422
161d665fd99da81fa9109866138830ce,ce4lMhwVHSA,That's what happens when you let enemies move into your country in hoards.,UCzw15U2oFjJoy21T1aVNK5g,@malachi-,2025-12-05T21:30:58Z,0.32867858440761394
03844cfe9ee8007d03a4127abe6d0f22,a4BoCVPQB7Q,Democrats stupid voters forget who put us in this huge overpay situation,UCkD5wIPDeTn1u98ncKzz2vw,@KidNavy7777,2025-12-05T23:02:11Z,0.3284758789822655
07349bd5e03e4d0d6e86157a0ce22000,ce4lMhwVHSA,"No arrests, this is all theater.",UCsF7YmHLSUQKVm-1yyvAGPg,@tomgilson9180,2025-12-05T21:59:10Z,0.32829915358798
0eb54df194cf804a8765e009d141fd11,NlkZ2-hntaw,"Gosh, Desantis is the best. Florida is very lucky to have him. Can we clone him for other states?  😂",UCiVW0pHBlL8MntVl6DVJprg,@LifeIsGood-forSure,2025-12-05T19:42:06Z,0.3277578816704553
aa55b9bfa5d371c51665b0812a8313cd,NlkZ2-hntaw,Trump is destroying maga 🤣 LOCK HIM UP!! 🤣,UCc0021moXiGcFI2IQDdL36w,@JeauxSchmeaux,2025-12-05T19:46:33Z,0.32680140621571424
5fc992b89201ce5cbc51abdc1791fdb0,lrwHsZ_CrIs,It’s crazy to see how the media can deceive ppl and not speak the truth. Venezuela have Oil!,UC_FbQBdP7Nf6Durkyvzn9Cw,@Slickrick7678,2025-12-05T19:15:43Z,0.3266852683935774
dd9a500f28c7c8bc982c67c961d8cf6d,lrwHsZ_CrIs,Trump is even making the fish happy.  Everyone wins.,UCI_jMi8M2cPTde2leP5Gx_g,@Brent-i1n,2025-12-05T21:03:52Z,0.32647243300822204
2f1b22b67bcbfa17fcf0219ad140be15,ce4lMhwVHSA,"Democrats have only one thing in their favor, RINO Republicans! Equally Bad or worse",UCbahqJnEYXMi8F2IKuptUOg,@ct9400as,2025-12-05T21:35:28Z,0.32638946165543564
ca3d683aa61a4bc5e2d74787c93e7e8e,ce4lMhwVHSA,Tampon tim has no clue about anything but woke nonesense😢😢😢😢,UCjuAqgsizMFm1Bc7brlisRg,@stanvan6462,2025-12-05T19:51:21Z,0.3259812285461351
a4a308a32d815bf4b7f9fe7d6573efb6,NlkZ2-hntaw,"This will ruin affordable housing for people that need to rent.  My property tax on my homesteaded home is fine, but my non homesteaded homes (because I can't have more than one) is double my home, but those units are half the size.  I rent them, but I have to charge high rent to break even because the non homesteaded homes are way over what they should be.  Right now they are empty because no one can afford what I need to breakeven. This approach is not sustainable and there will be no affordable rentals available.",UC9bkjU5VZQ16bhGmAoUlC0g,@JW3213,2025-12-05T22:05:25Z,0.3259615627857753
77eab60fe74dcacaa27d87c48d9b9b38,lrwHsZ_CrIs,Any fast boat in the Caribbean that comes from South or Central America is 70% likely to be druggies!  Send an AGM-158 JASSM up their Venezuelan tailpipe!!!  😂😂😂😂,UC7-B_bGZKh6xUUe7q6CWwEg,@alessandrapirelli7040,2025-12-05T22:29:01Z,0.32594483524800283
7f2dca3467c5185689c314ac2796670f,a4BoCVPQB7Q,Of course there is an affordability crisis in the country. The democrats (communists) caused it.,UCUVcjW1PBFr5_KjYF--W42Q,@stephengagin4325,2025-12-05T22:16:39Z,0.3254245432155554
dd041f1ca185c7d9f2e9df5d1e1e5247,NlkZ2-hntaw,President Newsom is our only hope,UC4pEzRCyp6glqBcjMq7UNYQ,@brianreilly4766,2025-12-05T18:37:05Z,0.32512195121951215
05dcd3fea05fa05e2899b544408a1360,a4BoCVPQB7Q,"Chuckles is so funny now. 
      It’s 6:01 hilarious when Hawk TAUH tries to talk when he is gagging with a mouth full of ….",UCU6xkiVaGJUjPi3wQ1-Xntg,@rsitch1,2025-12-05T22:40:04Z,0.32509586524097517
9f322698222e760eadf24765788b9de0,lrwHsZ_CrIs,Keep taking them out boys👍👍👍💪💪💪🇺🇸🇺🇸🇺🇸🇺🇸🇺🇸🇺🇸,UCeqrh3HjE2HXTZPpINDO-wA,@Crazyhorseracing461,2025-12-05T20:26:17Z,0.32487961651398556
abf5c5e1e4bfd9d91e95ea5e21e22590,lrwHsZ_CrIs,Democrats don't have privy to the secret information that the President and military have.  That does not mean we do not know who is in the boats or what they are carrying.  It means that the Democrats will not be able to have the intelligence necessary to protect drug shipments or to use the media to help save their operations.,UCI_jMi8M2cPTde2leP5Gx_g,@Brent-i1n,2025-12-05T20:43:54Z,0.32477323265808833
9e46e1b4235b6cc54d71c9479f54d968,ce4lMhwVHSA,Yet Tampon Tim is worried about looking racist towards other races!,UCWY7a9hFzUUCIBmNPw-egmg,@greer776611,2025-12-05T19:17:50Z,0.32415683009311685
20b26cb08dbd4a5e8dc8cfcc093bede4,NlkZ2-hntaw,What will Floridians do without Desantis? This is his last term.🤔,UCh7jsXGOc2txgpJRXzjRTDQ,@nikkipage9132,2025-12-05T20:04:36Z,0.32391433834222527
094566936bf6193e34c4d4a660e77a2e,NlkZ2-hntaw,They sold Florida the idea along time ago that Lottery would pay for our schools,UCrtML7737PgoFp6rl4NuZIA,@anthonymitchell6831,2025-12-05T18:41:43Z,0.3234737088901088
b414856ea3fe504686ff95bb5db128a0,ce4lMhwVHSA,No term limits on the governor?,UC7XLfeMJzWZX_vfZQ8Iivwg,@tomconcitis9322,2025-12-05T22:58:39Z,0.3234583499635463
4057a297038ddbee65b97b00e7e6ce84,a4BoCVPQB7Q,Boy Schumer needs to get his slave orders from Hakeem. Shut up Boy!,UC3VkN_z92a02FAZpata0KxA,,2025-12-05T22:55:06Z,0.32310170489402806
7bde2719d34f4f2ba6cfaebac03c3044,NlkZ2-hntaw,lol gdkpsk dkps 😂,UC0-J6L-_a6nzGB1svT_1KfQ,@Not_YourNormalFriend,2025-12-05T19:02:16Z,0.32263678283869357
235ccce7f5717fce0b8c67cc939e2a56,ce4lMhwVHSA,She is so guilty it’s unbelievable. Greed always gets you !,UCjz3Gxf9ddXO0he4a8OpcEA,@michaelamanek8908,2025-12-05T22:59:44Z,0.32240034729439493
1cb6bc51cac29a1503b9fd945aada3a8,lrwHsZ_CrIs,"Frankly, I have no respect for any republican, who says he has any respect for a democrat. are you stupid",UCWbsSFluANBH9kxJVf_iTiw,@logan825sher,2025-12-05T20:25:51Z,0.3219690165593907
0c131f2483bbc6184ff129ef3fa4a50c,ce4lMhwVHSA,"I can't imagine that political violence won't return. To be clear, I'm thankful that it hasn't, but there are so many people pissed off about this and I can't imagine that their aren't a few gun-toting nutcases among them.",UCWP4NGp8SfUy76XvxRUMMPw,@mustbetrue1602,2025-12-05T22:28:51Z,0.32193987302896476
a25ddbc42366ff3d69e4417a83c0ad44,a4BoCVPQB7Q,"Trumo’s so baked he’s sleeping through his own cabinet meetings, the whole world has seen the images, Fox is lying to you !",UCeG-nrditN7VV9cYqzfhXbA,@robertsharp3238,2025-12-05T23:14:29Z,0.3214812005064974
e158f60828060b05ec1ca0f39be22d12,NlkZ2-hntaw,"No king's day, the largest civil peaceful protest in American history every city.And you supported the wannabe king",UCBqIsZYNBbDtyGoidQjh_PQ,@MillicentBullock,2025-12-05T21:40:43Z,0.3212787358445104
42b6a80dda9432951daf3b29fbfbe06e,ce4lMhwVHSA,Walz is a dummy. Omar should be deported😂,UCKjfd8qSL7jv83XEw2TEMFA,@JohnMorelock-q4k,2025-12-05T20:30:28Z,0.32052599142531485
808267b2f23877da30a0285584d572e2,a4BoCVPQB7Q,Meat is out of control 20 dollars a pound up 1 dollar every year last 5 years,UCC4JgYdnpvQRvfg4YtTG3qg,@lisaryon2485,2025-12-05T22:12:03Z,0.32045811990648776
10fdcc9971409c195ffd645748da3a6c,ce4lMhwVHSA,"Why aren’t they being arrested? Oh wait, they ARE above the law,that’s right!🧐",UCfi_xz23hkLfuZWxNzen5iQ,@davidwagner2931,2025-12-05T21:32:45Z,0.319963789770783
0329039631329816ae4390fa4e9c7def,NlkZ2-hntaw,"lol racists will be racists, no matter where they live.",UC2B6UGkH1aOW37HfCxcx-gw,@rickcrammond2617,2025-12-05T21:14:23Z,0.3199267731862807
21894b5ab530c2cfc5303a48d31abb92,ce4lMhwVHSA,This guy could have been the VP.....,UCECt5djqyBVznqhmi7E1a_Q,@michaelgarcia2050,2025-12-05T20:18:41Z,0.3196472226457122
3ecd086fda885c6f751435b6b4ff82da,NlkZ2-hntaw,Do it !!!! In tx,UCySReTfg6xeRSPzFN6Kp5CA,@robinznaidi1293,2025-12-05T21:42:34Z,0.3192997499980811
1f3cfe17be73520085ff0840a314594f,ce4lMhwVHSA,They always maintain plausible deniability.  Keeping at arms length is only good for avoiding legal ramifications. The People will know. Honest ones will stand up.,UCa0_SDmpUnBLq2zlvzKpGUQ,@OneWildTurkey,2025-12-05T21:35:02Z,0.3191079659314509
593af19e0b0d73010d0ccb7c785acda0,ce4lMhwVHSA,Throw Omar and Tampon Tim Walz in prison and then forget about them. We don't need them running anything not even a lemonade stand!,UCIoujX6Q68SVQ89uFot6DDQ,@darcimunday4410,2025-12-05T19:06:24Z,0.3187419223936089
8f883029b7c341fa5df418d70b9092c4,a4BoCVPQB7Q,"If we don’t see these corrupt Democrats going to jail, and the GOP just sitting around doing nothing, the GOP can kiss the midterms goodbye.",UCL_HmsXqD0Bjj-41MQaP1qw,@notsaying-mn2kz,2025-12-05T22:13:32Z,0.31871132461601764
7596c855ac30063d0d6ab957c2c97451,ce4lMhwVHSA,"The Trump administration is the real narco-government; it's the one that makes deals with drug traffickers, pardons drug traffickers, and will release drug traffickers, for example, the former president of Honduras. And he keeps saying that Mexico, Colombia, Nicaragua, Venezuela, etc., are involved with drug traffickers. The one who truly has friends and connections with drug traffickers is Trump. What a shame and what a disappointment for those of us who voted for him. We never imagined how corrupt Trump is.",UC8W1IWY3FwFqQmbdGu5BCww,@Tlahuicole1497,2025-12-05T19:09:00Z,0.3185578528537615
709a3d4e7530753387f846c40aa58e30,ce4lMhwVHSA,"This is Federal government money. You know what they say. A billion here, a billion there, now you're talking real money.",UC-793Q-DesS7_5Kyi2MiUlw,@louisgiokas2206,2025-12-05T19:17:19Z,0.31802949619350634
725e71b8e61e1c239024814fba17ae17,ce4lMhwVHSA,america sounds like africa...,UCrDOS5pDF0HvoYrEzOZZ0kw,@ivandotcoza8106,2025-12-05T21:04:55Z,0.317863298986963
84bc2b3f85d5cece6fa9d804b0bc6bcc,ce4lMhwVHSA,Didn’t answer the question deflected/what a politician. This guy is a criminal should be thrown in jail zero accountability.,UCKPbDTbEyXrlXy0DL3Wt6mw,@dianemerrill4919,2025-12-05T20:23:01Z,0.31742550936355873
aac8372416c8e6248215796cdce155c5,lrwHsZ_CrIs,"I AM curious about a few things: a) how does he know the exact contents of the boats? (b) how does he know the exact amounts? He MUST know to claim how many lives it saves with EACH one destroyed? (c) How does a person(s) clinging to floating boat remnants, who could not possibly swim to our borders, pose any type of threat to the US?",UCvlRxZYvNBYzBb_E5wBZrYg,@keithbarnhart6952,2025-12-05T20:39:14Z,0.3158853004141001
d02806509f67ebde4fbbfb4ef0e72206,NlkZ2-hntaw,I really like this Man. He is a really good governor.👍🏼🇺🇸,UCjq3D2i0c1t26SLsK8Pj0pw,@florencedarling1911,2025-12-05T23:10:14Z,0.3155567546110424
5723373b1a2e9a8b074f5207c35a5d49,lrwHsZ_CrIs,Just imagine what they let in the last 4 years.,UCqb0-vjnN7UdFy6ONw-NkrQ,@joeclassen6555,2025-12-05T21:32:45Z,0.3146852897530477
fb3847f21b4e48f234b7aa26a02d3cd1,NlkZ2-hntaw,Ron is never gonna fix that,UCNezQBVNhILJiMqN29caIVQ,@lamarcurrey3920,2025-12-05T23:09:43Z,0.3138223991925766
eafab8299558798f484c4cabbac9454a,a4BoCVPQB7Q,He is,UC7RUcnYcqrxypGCttHPYJOQ,@jerroldrieger5345,2025-12-05T23:05:58Z,0.31376347590063347
5e7fa6c01c6731bcbb8b9b2866f8f134,lrwHsZ_CrIs,Keep going drug smugglers we love you -- Yamaha outboard motors Co.,UCCJcUDmjK_TQaheR4CzPhtA,@czarcastic1458,2025-12-05T21:39:28Z,0.3117726158210737
215be56e5ef5d4686c54c70d1028f183,ce4lMhwVHSA,Im shocked how did they find this out could it be she came to America 12 years ago as a self proclaimed poor somoli refugee with 5k and 12 years later her net worth is over 40 million on a 175 k a year salary Democrats are fools .,UCaBtEQl-gM2D3ridTJe-4ug,@bdanielcal4608,2025-12-05T22:29:23Z,0.311622915251884
8751039377dbc8dc438df4ffb8af267c,lrwHsZ_CrIs,MORE PLEASE,UC2ze6HLMvstFPfD_uUU2Dsg,@U.S.bill2066,2025-12-05T20:03:31Z,0.31092913806986017
721a92efd441dfa9e32c173a0de12810,NlkZ2-hntaw,"The Trump administration is the real narco-government; it's the one that makes deals with drug traffickers, pardons drug traffickers, and will release drug traffickers, for example, the former president of Honduras. And he keeps saying that Mexico, Colombia, Nicaragua, Venezuela, etc., are involved with drug traffickers. The one who truly has friends and connections with drug traffickers is Trump. What a shame and what a disappointment for those of us who voted for him. We never imagined how corrupt Trump is.",UC8W1IWY3FwFqQmbdGu5BCww,@Tlahuicole1497,2025-12-05T19:08:22Z,0.31087325693027434
4bdf7e73e666f94f3827cf45b31fcdb6,lrwHsZ_CrIs,That boat is not a fishing boat .. Obviously drug running. The dea laws show lethal fire is allowed on fleeing boats. No war crimes being committed,UCh8zUskcfrvi63dleUGNTUA,@kaydeedid,2025-12-05T23:09:29Z,0.3108342666925917
5a1ae4ba420c4c26401a51114b121fa4,NlkZ2-hntaw,De Santis is spot on.,UC9y69M3xFvryH183t_yUTjA,@ron6426,2025-12-05T19:56:07Z,0.31063222387086803
b1050f9d9ea0f61c9e76021a639022c2,lrwHsZ_CrIs,Trump's cutting into the Dems drug profits....,UC2H7UCgkCphed0_VCzvyVWQ,@marktwaine9344,2025-12-05T23:10:12Z,0.3101826322265011
0fec297d0aff8e5c89007c43b11e6ad6,ce4lMhwVHSA,"The story will come out and people will get fingered.  Whether they go to jail or not is a different story.  ill-ham onmars is a fukkin cretin.  Ugly, stinking brown piece of dog feces.",UCwX-2VDNpzVf5-lWW-4vrVQ,@mikeholness3860,2025-12-05T20:11:45Z,0.309970456905596
7c4aa61d79256f1bd0aae3ba3ed1f383,ce4lMhwVHSA,That money wasn’t burnt. It was attached to a boomerang that will return with violence.,UC4La1d8rnjb_cOtODyj-jIQ,@robertyoungs3181,2025-12-05T18:51:38Z,0.30969228419469136
b51159f0888696d2fc90ffb751f93bbc,ce4lMhwVHSA,"When civilisation stands on the precipice, good men don't count the cost, they pay it",UCCGP4Zktxh5Nwi-YG4vkINQ,@jasonrowland2903,2025-12-05T22:07:38Z,0.30936154561563967
1435c5860b8b25df66406e5073a11ba2,ce4lMhwVHSA,"Just remember... In this club, nobody goes to jail. Nobody.",UCy8GP5VZpVJFJeymyL4XJNQ,@Wazhadnin-wj5te,2025-12-05T20:59:16Z,0.3092932603733542
1ea049584a528a80d2d6edabba6c2ee7,NlkZ2-hntaw,"I think the consumption tax is a good idea, but it should be progressive based on income.If your earning seven twenty five an hour , you should not pay as much as a billionaire in a progressive tax",UCBqIsZYNBbDtyGoidQjh_PQ,@MillicentBullock,2025-12-05T21:24:24Z,0.3083023904047152
838677ae6f338dd946f8020fdc542bff,a4BoCVPQB7Q,Every time a Democrat opens their mouths it's  lies. They're so irrelevant now I don't even listen to them  3:41,UCxkKS4RTTQW6z_7pZ4vbJzQ,@Oldcarnut63,2025-12-05T23:10:49Z,0.30824522535281484
ae905faa4e961079e9fe7f85fb92545d,lrwHsZ_CrIs,"Pardon the ones that funded, the boats",UCtEMxAhuwzzQF_RcA-3eSiQ,@perryschafer5431,2025-12-05T22:19:53Z,0.30788173388687523
640e2024f9ad435266620dcc81f1ecea,lrwHsZ_CrIs,Don't do drugs seek Jesus.,UCsLUdthze6WxGEYKkGKU8fQ,@goodlook22,2025-12-05T21:59:14Z,0.30678074560360136
a52060a8b8027ebe0b9efe25590840ca,NlkZ2-hntaw,Should’ve been the President. Far more qualified than anyone else who ran in 2024 and probably 2028,UCzyJiK6qGkTbZzqgRW4mGrw,@ElectricGaming_97,2025-12-05T18:24:40Z,0.30576672078148204
45596f26dff19fb32d9f33fec9f0f890,NlkZ2-hntaw,My home in TX is appraised at $100k above sales evaluation even though we have contested the rate three years in a row.  They adjust it down…..then raise it again.,UC0Gdwc_TvtvtiqiV7l8UxLg,@reneelancaster7933,2025-12-05T19:27:00Z,0.30539334610698154
2b48b718627246aa6031f75f05f5600e,a4BoCVPQB7Q,"Not according to some of the comments I've been reading, some real weirdos out there!!",UCWH8owUOKJTv_sGNMzpmQow,@calvinwhite3807,2025-12-05T22:19:40Z,0.3052462388847672
eb4747afbd32c2cc15db088d06ef2826,NlkZ2-hntaw,In the Florida pannhaamdle,UC9bHnZhPsz7lELQdOlI8HUA,@bryanspayde5681,2025-12-05T17:39:06Z,0.3051554691837868
0c68e946db6e6d5cfa2c0e25e49491b2,NlkZ2-hntaw,"Good politics. Bad policy. This is a diabolical plan to give him an excuse to slash funding for social programs and public education. If this pass, I bet that's what is coming next. It's still a goodie, and of course Floridians are going to vote for this. He is going to blow up Florida's surplus and leave the baggage for the next governor.",UC4PZo94M23QNoaIzr2lv2cg,@Tom-z8y6z,2025-12-05T17:38:37Z,0.30514597191426457
bee3e8ca8d64134dcb3f9b42ec6522d4,NlkZ2-hntaw,"Bro should be governor for life, he’s doing a great job. Wish we had him instead of Tampon Tim",UCi0roWH9FzIKdWYJea1Ruvw,@vinnyvangogo,2025-12-05T19:46:04Z,0.3049795217997775
f742ca1b5080a28db96c77d365749f6e,ce4lMhwVHSA,Go Lisa!! Thank you for finding this!!,UCwdPBwbU_daHaqQHMRo1hjw,@maryjaneplasman70,2025-12-05T20:19:12Z,0.30474389357438325
0e98053d81495513601eff9fe12a036f,NlkZ2-hntaw,It's just techy robots no civilization. It's gross.,UCjCh3QGcTMStiZd0jmyXtrQ,@MJOS-h7v,2025-12-05T18:46:40Z,0.3043342812629913
d4796d041fafe59fe445c785fa43a72b,NlkZ2-hntaw,The greatest Governor of the beautiful sunshine state. 🌴❤,UCuRmwTTMUZzi3VQ4xsQJwkg,@admandysworld,2025-12-05T21:54:20Z,0.3040019575621304
6e4c25db38fde5128d4bceb701a956ed,NlkZ2-hntaw,And let people know that Democrats will be wasting every moment on more failed impeachment attempts instead of making the country better if they win the House.,UCjgiLmsM9lETmdQ_9XJ6LEQ,@bingo7799,2025-12-05T19:32:22Z,0.3038611029399977
d1c18184de8f3dd484ab16e82f4bf5cc,lrwHsZ_CrIs,I’m for anything that makes Dems rage!!,UC1p0gTbx4UiFC-1iT_0m7mA,@SweetPappy077,2025-12-05T21:36:14Z,0.3038076196021332
08a415e63fb5b18a5039b739833b3b50,a4BoCVPQB7Q,Affordability is the goal just take a look of the greatest example of democrat affordability California under Gavin Newsom the crook!!,UC-oqwjU-gPcJ64UKcE6HUuA,@albertoestrada4320,2025-12-05T22:18:22Z,0.3027911135352862
5748e93d3f703cc829f0b6c3a994a0c9,ce4lMhwVHSA,She should take that carpet off her head and fly back to where ever she came from,UCqY3LzlUqOybn54O22ZhufA,@blrenx,2025-12-05T21:33:46Z,0.30174062559727943
e98d2990125a6d62b2859df63144e6b0,ce4lMhwVHSA,Let me know when she is Gone.,UC_SzN5xIyot7TkQRilcAraw,@GovtLies,2025-12-05T21:20:18Z,0.30158410935696445
d056ff2f0daf62b21578fd49ec49d989,NlkZ2-hntaw,Results and substance..so true 👍,UCRdjLzoy6zMZ5lrhzjpusqg,@louveniastreet3733,2025-12-05T18:23:20Z,0.301438536690076
477cc2116efbf7fdb6e8f458369d7f8b,lrwHsZ_CrIs,BULLSEYE!!!!!!!    Great gun control!!!!  👍👍👍👍👍👍,UCftAIPZHdDYr4DTLTOj4RpA,@waynehegland1314,2025-12-05T19:45:14Z,0.3011115056149419
5adaa758faf0b76236806961f7096013,lrwHsZ_CrIs,Dems are lying. Same liars who came out of classified briefings on Russian collusion claiming there was clear evidence of Trump colluding when there was not. They have no interest in keeping Americans safe.,UCUpCKlMbgS1Vq9usqkwW6Jw,@bayricker,2025-12-05T22:09:36Z,0.3010744228764035
5053689d812972821f180c592573e125,NlkZ2-hntaw,Desantis is the most slimy politician he has no right to call any true republican,UCxs5FfALYvVtL8WzU1qmzMw,@qwertyuiop2994,2025-12-05T19:42:39Z,0.3009274073064595
b15c8aadd6324f7288938de6da602bb8,ce4lMhwVHSA,"Why wasn't their someone who didn't go higher or inform the press❓
4: 11, diversion, denial, deflection.
When and Who directed this concentration of criminals to this (or any) state ⁉️ There has to be a profile used to pick locations.",UCnDuK6rxa7gDFkwC6QEOB9A,@Buzzkill3-ak47,2025-12-05T21:58:43Z,0.29996940309161857
87ece6d345055a59e891d004ef1e743a,lrwHsZ_CrIs,talk about definition of insanity. how dumb are these cartels. do they think the US is going to run out of bombs? what's that a ton of drugs per boat. so 20tons of drugs so far?,UCDJMrIN72nmBWW0GPqjy-tA,@somfplease,2025-12-05T20:00:06Z,0.2997665330796715
3a81265d1520d528fca02eda2753423e,lrwHsZ_CrIs,Good. Keep it coming,UCcMsnyzps_2kn7Pi1y9dLtQ,@AngeloBlascovich,2025-12-05T21:51:14Z,0.29950929567378637
6bdb3c4b84a01e39d40b568f10e89d4a,NlkZ2-hntaw,Texas needs to learn from Florida,UCWQqbHTnAWvfsyzb8zAfkHw,@zmyGe,2025-12-05T18:57:31Z,0.29936416008440125
31f89d39d418857fdc958e5655b2f635,a4BoCVPQB7Q,"""Democrat leaders if you can call them that...were counting on the Economy as a weak point for Trump"".  Lets remember that they created the bad economy.",UCnV8VP3lIBPrEXK31rCi1oQ,@DG-ie5ip,2025-12-05T22:34:54Z,0.2990047076086041
84acbc387d3ab55594d0f5a23fbe9537,ce4lMhwVHSA,🙏🙏🙏 God is Glorious!! Thank You for saving our beautiful Minnesota 🙏🇺🇸🙏,UCLxDFyhZYr0jNpp2bwRthaw,@JonTazSmya,2025-12-05T20:48:28Z,0.2978618512803752
04277589c7540698d30ddd075d576bd1,lrwHsZ_CrIs,If they're just shipwrecked sellers why didn't he bring them home give him a hot meal and give him a nice warm bed to stay in? Because he knows better. They will feel everything he has.,UCqBN5U6GSVAkK72xGW1Panw,@tonyv8596,2025-12-05T20:26:48Z,0.29777536079193767
02b48aacb074eca7b0718e79ea0f42b4,ce4lMhwVHSA,Stick a tampon in his mouth and send him on his way,UC2s4qVK3p2hkdJLjxfVY3CA,@elvagates1709,2025-12-05T18:43:14Z,0.29764050229577543
83546d2f541f42ad1fa7d43aa2ffd183,lrwHsZ_CrIs,"They are lying about the whole thing, the only reason they went back after them was because they were continuing to load the cocaine",UCpCIpjN0NF01o5QBgUzWVLw,@craigforbes4636,2025-12-05T22:07:59Z,0.29732821767824846
1f2c94bce100430cbf154908b9568c2a,lrwHsZ_CrIs,"Why is it an alleged drug boat, but not an alleged US strike?",UCL1N-NkB2tn5xvigrPmpi3Q,@jerrybrickley2115,2025-12-05T21:40:55Z,0.2972292560565882
a44a482e284e97d0724ab62850b73bb7,lrwHsZ_CrIs,"Important: Presidential Collusion: 12/11/2024: Nikolai Platonovich Patrushev made a comment to a Russian🇷🇺 Newspaper (a week after the Trump🇺🇸 election.) “To achieve success in the election Donald Trump🇺🇸 relied on certain forces to which he has corresponding obligations as a responsible person he will be obliged to full fill them”. - Does this fit with what actions we are all witnessing from Trump? Nikolai Platonovich Patrushev🇷🇺 is Aide to the President of the Russian🇷🇺 Federation. He is a Russian politician, security officer and former intelligence officer who served as the secretary of the Security Council of Russia from 2008 to 2024.",UCxSmfVkmJ55x469SyvTYq1w,@nox6559,2025-12-05T22:23:14Z,0.2970296760401523
b9116ff88f599c79033707e0891d98e7,lrwHsZ_CrIs,The Democrats are only mad because they didn't think about bombing them first...😂 If Biden or Obama would have done it first there would be nothing but praise. They'd be saying it's the best thing ever since Obama care.😮,UCP5EA-7Y0ZhR7Wp9Ig0UaOg,@DuTch_-0-,2025-12-05T20:51:15Z,0.29686144247649426
a37720ad3050c73ce5cad701f3c58884,NlkZ2-hntaw,"They already are..and the Private Equity Firms are buying them too..lots of them, then renting them. Blackrock and Vanguard, and others..",UCaZO7fbH-4y540cEEE5MMGQ,@cathyr2419,2025-12-05T19:31:51Z,0.29620462408955267
ebac1eb9b31db99177efa9ca54db8be9,NlkZ2-hntaw,So why is your state subjecting that citizens to poverty?And no health care,UCBqIsZYNBbDtyGoidQjh_PQ,@MillicentBullock,2025-12-05T21:34:22Z,0.29608092753065407
c8c381994d7242d933b96a7d934f1185,lrwHsZ_CrIs,I love it!! I love that it burns the Dems asses!,UCrf3sz8HBoEUyEP_xw7bglQ,@Frank_The_Tank72,2025-12-05T19:23:40Z,0.2949233572727646
3eef900a3eb5568f2f08c7821b7a4300,NlkZ2-hntaw,"So people who rent will still be paying taxes.  Cause let's face it, the homeowner passes those taxes onto the renters.  So the poorest people.  Those not bright enough to have their sh*t together will support those who do?
If dems ever drop the DEI & woke crap, I'll be voting for them.  Republicans hate poor people and people on the low end of the spectrum.
Now if they throw in a clause that says rental property where the average person stays longer than 3 years can have no property taxes, then I'd be on board.",UCEhkjuvJUfkN5HJuoF2uaSQ,@garrett6064,2025-12-05T17:54:25Z,0.29492209892935684
4c628db21c0963b050693a1efb8092aa,lrwHsZ_CrIs,"9/5/2024: Former President Donald J. Trump told a group of oil executives and lobbyists gathered at a dinner at his Mar-a-Lago resort last month that they should donate $1 billion to his reelection campaign because, if elected, he would roll back environmental rules that he said hampered their industry, according to two people who were there. About 20 people attended an April 11 event. . - New York Times 
 Trump sold America who do you think will have to pay for this?",UCxSmfVkmJ55x469SyvTYq1w,@nox6559,2025-12-05T22:22:36Z,0.29489738658584996
7fc31735fddc527056ad6d707f3a988e,a4BoCVPQB7Q,@mr.v3061 Don't be an ignorant dem your whole life. It's just too short to be so miserable.,UCbUTGz8R1YHDGUOrwVMjzgA,@oliphauntsneverlie6227,2025-12-05T23:11:17Z,0.2947882288661611
43ef0700bbea66dedb0c9a2487ae4e95,ce4lMhwVHSA,how else would you think Omar came up with that 30 million dollar net worth. hello.,UCXVIkv29htA9rNr1Tibgdaw,@CalvinMorris-cf8jk,2025-12-05T19:34:21Z,0.29475698018012364
32943986ea1fb1127a62d80da0f83034,lrwHsZ_CrIs,"Just think if Kamala was President, she would be helping the drug cartels unloading those drug boats at US ports.",UCIiSNSUseFm7SN99n7zw_9w,@Radar-SeesAll,2025-12-05T20:25:18Z,0.29310375317148496
64cfacde2489ece6c828242a3c23117c,ce4lMhwVHSA,ny post reporting half the visas in minnesota are fraudulent... the hits keep coming.,UCjUp_lnBndtjq70PmnTfL8A,@0U812A,2025-12-05T23:18:15Z,0.2928893889384612
190cd71d368cb2d88b74690fecd2e597,ce4lMhwVHSA,"Take guns work around,  terrorists removed",UCxXH_m8Q-Y6QmWCCag58zLQ,@JacobDanielson-j3e,2025-12-05T20:18:08Z,0.29283218822863644
3afbe582ddd4cccc423f83f70f8b542e,NlkZ2-hntaw,Make sure all homeowners are included.Not just a billionaire homesteader class,UCBqIsZYNBbDtyGoidQjh_PQ,@MillicentBullock,2025-12-05T21:33:15Z,0.2924318087110914
68dc20a6a1639ee584912b50c6dca23b,NlkZ2-hntaw,"They're finding out the Jan 5 bomber is a MAGA  who thinks the 2020  election was stolen.    BWAH HA HA HA HA HA!    Oh this is SOOO RICH!   MAGA waa all set to go all in on how this guy was some shadowy figure who was there a part of a conspiracy to, I guess, ""trick"" the rioters into rioting?   Now that little theory is toast, just like how Obama was born in Kenya?    Don't hear much about that nowadays huh?   How humiliating.",UCK42_mpjxeX6oX0GzQ1N6LQ,@cindernubblebutt1340,2025-12-05T20:16:14Z,0.29189475064857895
180ecd2f6beb45a533d24bce9ce48682,lrwHsZ_CrIs,"This is stopping democrats slush money and large source of income, that’s why they a spewing so much bs, Obama cartel needs the drug money coming in,",UC7GSLQNH726994azH3l4g8w,@brianhubbard1621,2025-12-05T23:04:31Z,0.2915700702953693
ac519a7370c47d322550967a11030f67,lrwHsZ_CrIs,"@bayricker Trump 🇺🇸 supporting communism ☭🇷🇺 before the wall came down in 1989: 2/9/1987: Less than 2 months after Trumps🇺🇸 Moscow🇷🇺 trip, the ads against NATO and US🇺🇸 foreign policy appeared in the papers; the New York Times, the Washington Post, and the Boston Globe. According to an Associated Press story published the night before they appeared in print, Trump paid $94,801 to run the advertisements. Was Trump bought in 1987?",UCxSmfVkmJ55x469SyvTYq1w,@nox6559,2025-12-05T22:13:46Z,0.29110967767199647
fd8bb2c72329de0a41d28394e11ca3f6,lrwHsZ_CrIs,"not asking to let them go, asking that they aren't just murdered, detain, court and then jail",UCXSmg9ONCTUjo0qRWbHOlFQ,@laurielaw370,2025-12-05T22:47:54Z,0.29090562337383563
8d744613ac483e38dee46f5f5e728ad4,NlkZ2-hntaw,Desantis is covering up for the terrible Florida decline in recent years. With Texas right behind. 2 states with biggest declines in years.,UCB_v65qZoOMKHQMZe5yWN0A,@Love-migrants101,2025-12-05T18:35:41Z,0.29088328703081257
64dce672797903d7dee13a04a175bd75,NlkZ2-hntaw,Bruh they are sabotaging an election.  Gotta get the Dems back in power.  They do this all the time do not act surprised,UCdm6XKicjgoCQj9T4nlY5cw,@MrRourk,2025-12-05T19:25:55Z,0.2895688348467421
6fe2841718c4f26dfa657c5c8b28a66b,NlkZ2-hntaw,Great states with republican governors and no state income tax.,UCBgBk2zUg8Xng1wJuSDBayA,@jonismith6229,2025-12-05T18:42:10Z,0.2893667866419574
a173cbb6510da6055e640efd6b10c648,ce4lMhwVHSA,🤠🔥🐴🇺🇸🫡,UCmeSTJxoMLrABWWK1xFj6Aw,@SuPerPiTs,2025-12-05T20:12:48Z,0.287978867972612
1114911212c26a40c718a6d23bc1f5b6,lrwHsZ_CrIs,Lets goooooooooooo!,UCUPJ3EJulZFj4QE8xkBRu2Q,@NuclearWinter69,2025-12-05T20:28:57Z,0.2879637710026591
88e286da786c1c943dc3b91037e37a8c,NlkZ2-hntaw,Too funny yes its 84 degrees in Florida 😊today,UCRdjLzoy6zMZ5lrhzjpusqg,@louveniastreet3733,2025-12-05T18:18:06Z,0.2871240266603016
d96fd805f6d03a2f1c06311b33f3808d,ce4lMhwVHSA,"If you're illegally gained finances are great enough you will not be charged. They only catch the little fish, they only ever chase the big ones with tiny rods.",UC_hLguUJ-7pSg3ew3mz-czg,@bryanstone3579,2025-12-05T20:08:59Z,0.2859387704258286
73557a4e04655344330f192da1b22e2e,lrwHsZ_CrIs,"Imagine if we didn't have Trump....
Imagine how many more people would be dead. How can you not support Trump's efforts?😅",UC0P-lVjMiCXLnpw_ekf2Byg,@Chronictoday,2025-12-05T19:17:55Z,0.28580514932716855
2b1c6ac839d52a51f3f4f28da006f2d1,ce4lMhwVHSA,"Go look up a deep story into this, they have just started scratching the surface with investigations, a very small group of people that got millions have been arrested, but that's it,  billions have been taken right from under Minnesotas noses.

Everything was just a giant victim scam, and nobody just checked the real numbers, it's that simple.",UCzw15U2oFjJoy21T1aVNK5g,@malachi-,2025-12-05T21:36:22Z,0.28526663128925533
7b9e846640ebed6342f5d2cf9dc05381,NlkZ2-hntaw,Republicans…VOTE-VOTE-VOTE and work the polls again. Watch EVERY vote and get MAGA votes together. Let’s change midterm history and make it 4th time in history to hold the House and Senate.,UCZJAtHDXaqeRP4xws8tU-1w,@DrEd-th2lu,2025-12-05T20:26:21Z,0.2851712400420714
91e5b10207635a377a7a2a1a4bfce6cc,ce4lMhwVHSA,"MN liberals control the voting and that is why they are successful. MN, the home of ACORN and other election engineered frauds. But MN has good fishing and a football team only rivaled by the Green Bay Packers....",UCvtv3u8FCGIBlntSKWUT9Vg,@dennisw2597,2025-12-05T20:49:04Z,0.283861087429645
2102bf9e49a8ff8585048b53fbf78b5e,ce4lMhwVHSA,Take her money back to the people and send her home,UCogBwKecx8WqTLOHJnS_TDA,@philiprichardson9528,2025-12-05T21:20:51Z,0.2834844068288676
f30106b30deb935f5eb388228057a697,lrwHsZ_CrIs,"COMPLETE BLACK OUT……
Still no FOX NEWS story about the new indictments decision from the grand jury about the Letisha James case…why no story FOX NEWS.",UCb6w3EkvFlwctKOzelje2xA,@Trumps-crazy-hair-flap,2025-12-05T20:08:52Z,0.28299562457164684
72b5b3e619bae8c6ba3bb4e8a6252fce,lrwHsZ_CrIs,"BOOMITY-BOOM!  
MORE FENT
SENT
TO DAVY'S LOCKER!",UC8brFWqcjgnhTDZq_hw7R1g,@andreaurelius45,2025-12-05T21:19:55Z,0.28251455737991515
3deb1bd5ffb0e66449c0a51bf081dbbf,NlkZ2-hntaw,Property taxes are one of the biggest scams out there.  Even when retirees pay off their home they end up getting taxed right out of their homes!,UCsyW2UbCgdqlmfmdf0xoFrQ,@jrculbertson7463,2025-12-05T19:15:23Z,0.282278689350053
d350cdda9de738447b3372507bd8d264,NlkZ2-hntaw,"Well, the only other tax local governments can use for funding are sales taxes. Which put the burden on the poor and middle class. Essentially, like all Republican politicians, Ron wants to lower the taxes on the wealthy and raise them on everyone else. Also, I hope Florida redistricts. It will be a ""dummymander"" since they're already as red as they can safely be. Anymore, and they'll water down the vote to the point of creating unintentional blue districts. Given the Tennessee election results anyway. Anything less than +15R will be at risk.",UClVMURIvK9VoR2Fg3LEq11w,@possumverde,2025-12-05T18:15:18Z,0.28072201853781553
767939415745f7d0a06635caa65a364f,NlkZ2-hntaw,"I am not worried about FL, I live here.  Its the clowns in the rest of the country that scare me.",UCflGYmmboZa6xXcDMpbKDqQ,@michaelgomez3044,2025-12-05T21:14:54Z,0.27854781533661177
a1b0e80a28812e0aaf5296a0752a3d7c,NlkZ2-hntaw,Lord enter Andy’s heart Jesus with what You did at the cross for him,UC0-J6L-_a6nzGB1svT_1KfQ,@Not_YourNormalFriend,2025-12-05T19:09:56Z,0.2782759155698504
f06083a7f3276db95da2ca351d65c51c,lrwHsZ_CrIs,That's what happens when addicts don't get their fix. No blow for you today Barry! HA!,UCML3IKFPXLuPLBOOtdXKCHw,@TylerDurden-n8b,2025-12-05T21:41:26Z,0.27826983622237134
ea924be5f044717e5efa4ca6df41bc40,ce4lMhwVHSA,since no one is in jail.. I only need about 2M to retire so how do I get on the gravy train in MN?,UCfcNSUVklxm1orgj6KjHTrQ,@michaelmaddox6646,2025-12-05T21:58:07Z,0.2782269203806965
92f4862294472c319657a74a53c4b382,ce4lMhwVHSA,We’ve been watching this for several years. We all knew the squad was corrupt. But they’ll get away with it. They’re Democrats. They won’t be held responsible.   Democrats are above the law.,UCM2xSAUurniqjeKSqm7T_wA,@Crit0615,2025-12-05T21:55:42Z,0.2777577308453197
fa3895a6478da968d0feef39dd904815,NlkZ2-hntaw,Simple. An exemption on the first million on a property. Maybe less maybe more but the point is the lower and middle class will pay no property tax,UCauuP1DUgB2CgFxvliEiQ8g,@prepperfitness7932,2025-12-05T21:53:47Z,0.2772369207638042
c603657dba996e694db99d4d43209e61,ce4lMhwVHSA,Somalia born Ilhan Omar should not be a member of congress in the United States. How or who voted her in to office. Insane!,UCCfgYYO82uuEWrQbpbxNamA,@pattym5022,2025-12-05T19:50:47Z,0.27646320018203296
6b11f9b5039d1dbd7e0e03d389825b70,lrwHsZ_CrIs,Sink them all,UCSMzgS-CDyqKnlmPa_BMZjA,@williamallen7194,2025-12-05T21:02:08Z,0.27632654105484467
4e173da2f2ba011ad7c346f8c97391cf,ce4lMhwVHSA,Corrupt Democrats    enemy,UCHsTIcoufKa876aWIQlNVKw,@scooty46805,2025-12-05T21:40:08Z,0.27324212296268857
bcd99b1f15d1cf1d4e13aacc71548dad,lrwHsZ_CrIs,"How’s the fentanyl fight going? So far we’re hitting Canada with tariffs even though they don’t make fentanyl, and blasting boats with people who don’t have fentanyl either. Meanwhile the real source isn’t being touched. Why are we fighting the wrong enemy?",UCy0dWprGeHHUh5l-kobUQ1A,@JD_-_,2025-12-05T19:18:27Z,0.2729550082532687
b1c4d3727b4a4bb074b011626449f9db,ce4lMhwVHSA,Won't be long before the rats rat out the queen Somali rat. No honor among thieves !,UCMWNxUAdyvr9TdVsJPC3hog,@DonBronsconi,2025-12-05T23:03:58Z,0.27268057862273964
8aa44e45f6b0c4e42439b1edbd6f4e07,ce4lMhwVHSA,"Department of Defense (DOD) accepted the Qatari Boeing 747-8 as an unconditional gift FOR Trump. Air Force Secretary Troy Meink has said the cost will be $400 Million-- independents say $1 Billion. The plane will be in service a short period, as the Air Force One replacement jets (already under contract with Boeing) are slated for delivery around 2027. The Trump Library keeps the plane when he leaves office. TAX PAYERS are giving the Trump family a really luxurious FLY ABOUT. (Violation of Constitution's Foreign Emoluments Clause?) I wonder what Trump's bought-and-paid-for Supreme Court will do with that one.",UCTWk826G2ExSzQpgyRAFoHw,@suzanneheritage,2025-12-05T20:33:12Z,0.2726702741659853
f31977263bf26cd6089762e029631835,ce4lMhwVHSA,Throw the treasonous  democrats in a cage where they belong😢,UCsdu-Rf4TspPhvxtBFpKJ1Q,@johnadams4rth,2025-12-05T19:54:31Z,0.27221729172411274
e74c167ee0a9373a7ad3845898c0ac89,NlkZ2-hntaw,"please stop interrupting, Ainsley.",UCxi_rPl6e18BCytBo9YCPkw,@amesrichardson6119,2025-12-05T19:54:40Z,0.27162321351362
23f6093908c07ed4cc033aad02989eac,lrwHsZ_CrIs,They didn't shed a tear over my son dying. I'm not going to lose any sleep over them dying.,UCB92O4OLprReUKtlxsukJnA,@gridtwodriver6769,2025-12-05T19:52:38Z,0.27043434188787485
a3fbe26880732fbc444b1f2b5ec7a80b,lrwHsZ_CrIs,"We know why. 6/2/2025: Trumps New US attorney General Bondi first days on the job
US Cuts Task Force On Foreign Influence, Russia🇷🇺 Sanctions. - Barron’s by AFP 
Shutting down the foreign agent registration act. 
Disbands Task Force Kleptocracy that enforces Sanctions on Russia🇷🇺 . - Ends FBI🇺🇸 effort to combat foreign influence in the USA",UCxSmfVkmJ55x469SyvTYq1w,@nox6559,2025-12-05T22:26:33Z,0.2698890906692244
b9dd8ccf04a3ec49988e61d6b0b7d5d4,lrwHsZ_CrIs,You would think the drug smugglers would stop using their boats.,UC1syRUuWi8q4RGXzKuLkfXQ,@bobducharme4809,2025-12-05T21:37:52Z,0.26942013356591066
8dcf23620f7eb136afcddf62fb26de1d,NlkZ2-hntaw,Where is the money going to come from,UCVB6rQIq_YO0E0o22vq7xjw,@nicholaspowell7931,2025-12-05T18:15:59Z,0.26759363307247647
34062736a87987375b2abffaf1ea386b,NlkZ2-hntaw,Republicans  in all States an federal  government  are a very poor choice other than democrats. They are lazy about  getting  2nd addmendment  laws passed for law abiding citizens.  An income taxes on lower income  Americans.  An property  taxes on the homes Americans  live in an raise their families  they are ad evil as democrats.  Who avoid these issues fir the people.,UC6jDnt5Yw4mhwVkLZPhG47Q,@Jeffery-jf8dy,2025-12-05T22:24:40Z,0.26737914969328036
5c16198714364c928d9f3725169f16e7,NlkZ2-hntaw,​@bothpartiesRtotaldogshtone is a top 4 economy in the world. The other is Florida.😂😂😂😂😂,UC3mcVIWXNjCtAYo9ce2x7DA,@anonymousNine,2025-12-05T19:25:02Z,0.26718884804520204
8124350913f9c111736f135f123aca84,NlkZ2-hntaw,"HOWS YOUR INSURANCE DOING RON?
WHY I MOVED THE HELL OUT
THEM GATORS AND FLOODS AND LOW PAY DROVE ME OUT
AND YOUR RATES?  FORGET IT",UCiSdIYTSAryLO3M1d1sSMtg,@ekop1778,2025-12-05T19:27:46Z,0.265806190837754
a886d3d2286f645c9743ba152d63bb52,ce4lMhwVHSA,"We could use Elon to DOGE the connections between all lawyers in politics.
My bet:
They are all ""organized""
Connections likely would have multiple branches that swing back to themselves and each other.
Want a shadow government?
That's how I'd do it.",UC_BAQhU7820uJDr2OQLaJdQ,@richardmoore7630,2025-12-05T22:58:07Z,0.2653798469902736
27322d0a951e231e238d73fc76a0a63f,lrwHsZ_CrIs,"Well , they're  not sailors , they are not fisherman ,  they are not shipwrecked  , keep up the good work ,  when are they going to learn ? I think it's  funny , the Democrats  are looking   stupider and stupider , I like seeing them  lose it over every single  thing President Trump  does , its  a great time to be a Republican ...",UC7N469kEgqmagVCqGpl0pzA,@jameskarchner8218,2025-12-05T22:08:46Z,0.2647373182417541
6affbc2d493c3a0be4fe17ee17a90e1f,ce4lMhwVHSA,"Funny this comes out a year after the election. If this came out in 2024, she wouldn't even win California.",UCT4-PFl8WFm7RlvqUDeKljA,@davidpickens8800,2025-12-05T20:59:53Z,0.2630281602691532
9d8ee486933f37b471528b99cce39f2e,NlkZ2-hntaw,My only sorrow is that the great governor Ron DeSantis can't serve another term ... or better yet ... be our governor forever!,UCiLyrJhKSmlIWEAXDrj1MDg,@b-villeboy2704,2025-12-05T23:02:15Z,0.26293823406933275
ced57f8229437af024e1a4985e8127eb,ce4lMhwVHSA,"how many trumpers does it take to change a light bulb? none, trump will just tell them he fixed it and they will cheer in the dark.....",UCm38iSLZDAq9oJtRjk5HjUw,@goodyguitars4270,2025-12-05T20:44:25Z,0.262793349643223
6ebe73004f0caed712d6df0d8c5a7c3e,lrwHsZ_CrIs,Good! Anything that pisses demorats off is entertaining AF.,UCQRpGNZRN5FgOHBzKogdcMg,@XrayMike17plus1,2025-12-05T21:02:53Z,0.26245393243254944
b8e72190d1e2ba8de3e4ad24e9c96f7c,NlkZ2-hntaw,I love Desantis...I was going to vote for him if Trump was not going to make it.....,UCRspky3sgHLiAsZBrQaf4Lw,@theresacarlton9560,2025-12-05T20:08:02Z,0.2620976774239866
9cc8792bafd8fde0dbfeb558dcd77ed7,NlkZ2-hntaw,"Ron is easily in the top 5 most intelligent republicans. Right up there with Marco Rubio and JD. That’s why I think unfortunately he won’t ever be backed in any major way by the GOP. 
 Mainly because a man with that sort of intellect, integrity, and determination rolled together is a danger even to them. 
 Ron would’ve thrown everyone in the Epp list under the bus. Friend or foe. Trump weighed the options and chose the reasonable route of putting it on hold. But we didn’t vote Trump in to be reasonable. We voted him in to figuratively “burn it all down” and start from scratch in the idea of what the founding fathers originally envisioned. To get back to what made America great. Not to cover up for cho mos as to not rock the boat.",UCoeGS56J7yqkE2i5Mkq1C0A,@JohnDoe-989,2025-12-05T20:15:39Z,0.2620211471491912
e31c98823e3836746ad1f0dc00d97099,ce4lMhwVHSA,Democrats cheat on everything and everyone .,UCmcTHPe_b8zjsDZlKxo7u9w,@artworkbysteve1,2025-12-05T22:37:58Z,0.26108765764574665
5f8bd5ac3a66d82b7a117e28d19c6177,a4BoCVPQB7Q,Just spent $263 at Walmart didn't even fill the buggy halfway.. that is not affordable.,UCqWMj-5mm6RDCshVZwsJATQ,@prestonwheeler959,2025-12-05T22:41:49Z,0.2606208400799599
8e9cdb96ec0bdc8547e881ed545c0f36,NlkZ2-hntaw,Americas governor 🇺🇸,UC5C3ZWaq8hQrLQhK-bE6Xjw,@ChickenParmesan45,2025-12-05T21:13:44Z,0.25961114485358233
bba62e1c1ff52d678577fa1f22ccb585,lrwHsZ_CrIs,Leave no survivors. This is what America voted for.,UCLboahbZIFMghpmBQfUVejA,@Qlorque,2025-12-05T20:53:33Z,0.2591855159840335
6cafe88e9e27b5bc53ee9820b59bc2e1,a4BoCVPQB7Q,Boom keep shoving it down their throat. Can’t wait till we have 12 more Democrats on there.🎉,UCkYy3kxIOhtFZMrmhoUitQw,@jeffreyengland2960,2025-12-05T22:44:13Z,0.25744351385481584
af8a73ff0764297746405f19d854ce6b,NlkZ2-hntaw,"Property taxes are not a federal tax! Congress doesn't control it! It pays for irrigation water, highway maintenance, fire suppression, etc",UC-WXj5co89gywZMIdOgLu-Q,@DavidLStone-qy8xh,2025-12-05T19:55:17Z,0.257391091655812
42d59eab54d728ba4dbaafb3144f6f1b,NlkZ2-hntaw,Yeah no more taxes,UC9WT9nqofvN3abZeL8M4rCQ,@RobertHuff-f8k,2025-12-05T20:55:54Z,0.25686567108621816
48e7b9575dd13184ca7681257a32721a,a4BoCVPQB7Q,Neither do you Chuck,UC3uZ1UCC1uihIP-aov7az9Q,@tombowman2154,2025-12-05T22:42:26Z,0.2559085284362259
1cec5f2bff84a5dc76e7952b980ce3ef,ce4lMhwVHSA,Get this trash out of our country.,UCgkHEP8kgFLmvjT8gnpv-Eg,,2025-12-05T20:15:07Z,0.2554866707203497
803b4d00cdc8d5008e7a0a91e8988beb,ce4lMhwVHSA,This be like everything else all talk and no action taken rinse and repeat,UCIYCaMLrLMnI5CyYs0e-TKg,@toc8470,2025-12-05T19:52:18Z,0.25529810263356895
ecfe50410592dc7df427f9d328fa95fa,lrwHsZ_CrIs,"there is a right way and wrong way, detain, take to court and jail is the legal way, now our nation is going so downhill on morals, innocent until proven guilty should apply to all, this would be so illegal if it happened on american soil",UCXSmg9ONCTUjo0qRWbHOlFQ,@laurielaw370,2025-12-05T22:43:28Z,0.25508844029416977
6f5fdd6589abf95269e2bb68b938762a,NlkZ2-hntaw,Me2,UCGx8vojw6VufJ4OSJyfqJYg,@treypierce74,2025-12-05T19:12:43Z,0.2534810970935956
3d080857b70d1dac547e728dea64d35d,a4BoCVPQB7Q,"Affordability is a hoax u stpd, broke dmfks.",UC7W_8HsiSRRozpW6ND6KQeA,@DavidTaylor-p9b7t,2025-12-05T21:48:33Z,0.25245145286597265
b1a891e32952dc42006bebf3dc91ae7e,a4BoCVPQB7Q,​@mr.v3061yes i voted for it. Also i can complain about some of the things going on. Unlike liberals im no boot licker.,UCqWMj-5mm6RDCshVZwsJATQ,@prestonwheeler959,2025-12-05T23:17:13Z,0.25233839279198633
8d9321ac100ab2d04d32e3c5957c4dc7,lrwHsZ_CrIs,"just hit them at the source-Venezuela, Columbia, Mexico. Not like they can do anything to stop the USA.",UCLE_ZuaY0sIZ_MFkseXgQ5w,@gerwyntiberius1918,2025-12-05T19:32:30Z,0.2520479872531564
18716a3333b162b14c9342acdac14ffa,ce4lMhwVHSA,And no arrests trump has no balls,UCN_cQ5l3GUidDATfTag7o_A,@murdernationpikschus6853,2025-12-05T20:43:47Z,0.2511984152547
c23c900fecfd345c22ae4e9bb97786b0,ce4lMhwVHSA,Sub Saharans need deportation NOW!,UCeeANKWkaGjyD55NBzYbMAA,@OneCrazyRay,2025-12-05T19:59:21Z,0.2507148005364117
e2d0cbb94706282ab73dd57ab21903fc,NlkZ2-hntaw,Eliminating property taxes is going to cost Republican voters. 😂 nope.,UCpOoStTsmR4yBFORwOwLQFg,@getinthespace7715,2025-12-05T21:08:22Z,0.2496849386017742
f21b4fb37d69b0223ccdef8f64dc255f,ce4lMhwVHSA,"Seventy-eight out of 80,000 Somalians! 
And Trump calls them all garbage!
Shame on you, Kennedy!",UC7ghz_2AFFvoftXlp0O78nQ,@sauquoit13456,2025-12-05T20:40:20Z,0.24939479702634357
00f37ee4b8d1f09934ce6ffce94d11d6,NlkZ2-hntaw,New jersey worst property taxes in all 50 states and low inventory. Very Difficult for first time home buyers. We need RON!,UCq1LzzkyDZj8yG7UAmvVDzQ,@DavidCruz-we1so,2025-12-05T20:05:18Z,0.24890485884061758
71e38321ca35eaa1fab25eced7df9f67,NlkZ2-hntaw,Idk who I want to be President more DeSantis or Marco Rubio.,UCLZwhShejAWovrN2m41mWYA,@EternalCreator,2025-12-05T21:55:05Z,0.24638993596734549
88a97e97c47957ceddf0a7c7697c49c7,NlkZ2-hntaw,That's my Governor,UC-0MFGsYxsWPLQUmauAU0Mw,@landonic81,2025-12-05T23:12:51Z,0.24619097192585143
9ae708eda5068dd109b7f890ee50cc26,NlkZ2-hntaw,"He’s right congress has done absolutely nothing since August. They shutdown government, that’s it. Why are they getting a paycheck. There should be a bill for congress folks to get paid based on results and taxpayer satisfaction. Trump should focus less on immigration and global policies and more on wellbeing of people. What’s up with healthcare. Is that ever getting fixed?",UCtKe-6UJN4f33lqBDcA36YA,@htenthusiast2897,2025-12-05T23:01:36Z,0.24615275136650427
582f9111a7ced25fa3930e62bcf074f7,lrwHsZ_CrIs,"BEAUTIFUL. THE ""DEADLY"" STRIKE IS NOTHING COMPARED TO THE HORRIFIC ADDICTIONS AND PAIN CAUSED TO FAMILIES. RELEASE THE BOMBS NOT THE TERRORISTS. 2 STRIKES ARE GORGEOUS.",UCDnnNjkcr2yMmSW4QFgUp-g,@SigmaPolyMathHybridBrain,2025-12-05T21:28:50Z,0.24511392329174964
865e2ea7b2c06c4cfffc9348534e2a74,NlkZ2-hntaw,"See, he told us Desantis. That the homeowners with a homestead exemption already paid lower fees now they want to pay nothing",UCBqIsZYNBbDtyGoidQjh_PQ,@MillicentBullock,2025-12-05T21:45:35Z,0.244089501076578
a134ac88b88b6a4f1afdc2ff86fcde79,NlkZ2-hntaw,"Yeah unchecked spending by local government, it’s all corruption.",UCgHHw2_5Zb27PNblYb6ihlA,@haha20042003,2025-12-05T22:25:18Z,0.2440884971761436
4c382625e78b457054c1f5efa72f2cd8,NlkZ2-hntaw,No property tax=raise you're State Income Tax Dahhhhhhhhhhhhhhhh,UCjLCBOhvRZpU_igpKc6UMjg,@ken-k3r5l,2025-12-05T21:07:35Z,0.2440824520265941
3d2a57773754dcf286910a53a76c1c68,ce4lMhwVHSA,😮,UCq5dKC9CRek1K-MKofN9x-A,@Happy-wf5np,2025-12-05T22:12:24Z,0.24353490868313946
b98cd9c3f7a37252c131f2ef9ec8f1e7,NlkZ2-hntaw,no taxes in Florida - i hope none of our tax money is sent to the crazy state - grow a pair florida and do something for America,UCZb777DMB5rqO3zHnapML7A,@mightybruno,2025-12-05T19:59:45Z,0.24188245707486625
54506f598b6ee0cce03875474a9a3f7a,ce4lMhwVHSA,Somali Cosa Nostra,UCQqlAR141yniCRjiJToQwLQ,@LabadeeLuke,2025-12-05T22:18:08Z,0.24026251892520195
723f6c041a86f7ca5f1eb08a717e578f,ce4lMhwVHSA,Tampon Tim Time has come it’s that time of month!😊,UCLx4B8bnDGQlUjYjLQ-093w,@richardkronberg4925,2025-12-05T22:23:05Z,0.240242144474311
2fbb2a8b23312e61ff734716705419aa,a4BoCVPQB7Q,Cult gibberish.,UCKey20totl_t6Oiu0RZ1YFQ,@jonathanbranin9312,2025-12-05T22:56:46Z,0.23951804570980334
1809c4a8f41999d32fc32f322c10d134,NlkZ2-hntaw,This guy is eliminating Taxes for Hedge Fund Managers that are hugely investing in large swaths of Homes. ELIMINATING the single Family affordability Homes for Middle Class workers.,UC3CLRrimiQq-oQ2kpj0qkEg,@mangographics225,2025-12-05T18:53:44Z,0.2394395380296157
6eab9b1345434551f8384f488d46bdb8,NlkZ2-hntaw,There should be no such thing as property taxes,UC7VIwlmfXD2FZVFjBbjDJZg,@Jerryusa63,2025-12-05T20:07:16Z,0.23863168576747032
fcb35e1b9b2a09eeeacf1d36f71dd8d2,lrwHsZ_CrIs,Well drugs are coming in from Canada while y'all focusing down south hahaha 😅,UCGk9pC2zRifZqLFPnlEdUPQ,@josemartin9185,2025-12-05T22:54:58Z,0.23827534747747564
de5c8fe08820374824b1b3660eb6dce4,NlkZ2-hntaw,"At the very least,  seniors should not be required to pay property taxes.  Over 90% of seniors rely on social security",UC4BrmHU_W01-Egv8KztRMhw,@KevinSwaney-s7n,2025-12-05T19:13:26Z,0.23734510956294194
49024f3ad2dc203ddc9bcf1d9dfc43e1,NlkZ2-hntaw,"$5,000 tax on a $1.3 million home in Tennessee………one of the many reasons I left CT a long time ago.",UC9-tZ7E3KYvz_EAQdOQRCyw,@jeffbrassard1268,2025-12-05T20:10:07Z,0.23566174498320586
b8852461e1b885a47578b5243aa235f2,NlkZ2-hntaw,time to eliminate income tax too! thats the answer.,UCmmtPV2qusmpDcozqEKKq3w,@1HK-TV,2025-12-05T19:33:08Z,0.23459012158120143
bf0c4c369645766fcedb114423f86f0e,ce4lMhwVHSA,these scum are stealing our money!,UCAcok1f448Otjieb82zr2uQ,@blown503,2025-12-05T21:18:54Z,0.2340769307188331
19cdeac6caf4fda8cbcbd9252f614bfe,lrwHsZ_CrIs,Dems are pissed.   Maybe cutting off their business ??????????,UCZjkmUg4ylsRM_uqhV32mBw,@fredhinck9685,2025-12-05T22:53:16Z,0.23394871322950256
7dc713e2d757aa63f8c2e690ef4edd1f,lrwHsZ_CrIs,"Fox can't wait till the body bags come back from Venezuela 
Our American soldiers who get killed, Killed for Oil !!!!
This is Evil",UCdAr1lkx5d4qkNj-oCGBPLQ,@JohnQuaranta-m8c,2025-12-05T23:05:14Z,0.2335987353378542
fc6519e8ab0169f666d32cf92ed9c91c,NlkZ2-hntaw,DeSantis 2028 🇺🇸,UC8m664T46NZwxITfB87QFTg,@yellowjacket588,2025-12-05T22:46:31Z,0.23187277370035891
c55e277b71920ef5bdfb7c971a43f57e,ce4lMhwVHSA,This is why democrats hate DOGE poking around in the scams and stopping their money laundering.  Anyone to blind to see democrats are the enemy of every taxpayers.,UCr4vWzd9i4owQum37ssOuiw,@Harpo77,2025-12-05T21:18:05Z,0.23078071775572967
1130c6eb0ef7345a5d791a51feaa003f,ce4lMhwVHSA,Yeah you dont find direct links thats the point,UCYbYpJadaMM0VdqtwWCFbtg,@MReading-y1l,2025-12-05T20:01:36Z,0.2304847837260731
68616f4d8ec6670382923a2dc3443bec,NlkZ2-hntaw,DeSantis for 2028🇺🇸🇺🇸🇺🇸🇺🇸🇺🇸🇺🇸,UCKIEjKEigyPXQRja0ioFXhA,@Bria4567,2025-12-05T19:39:49Z,0.23044724116819892
fb9d0534eac3f378002f3424097881ed,NlkZ2-hntaw,Bc of Bob’s policies 😂,UC0-J6L-_a6nzGB1svT_1KfQ,@Not_YourNormalFriend,2025-12-05T19:09:00Z,0.22850386584767166
ca4d5881d2dbb45ccb4f354dd9c7cc00,ce4lMhwVHSA,These anti American scumbags are stealing tax payer money,UCHJ3GWaBeVdEkutJa2Ltq7g,@truthhurts3492,2025-12-05T22:57:11Z,0.22817355091566857
e25320cb45e29819b3dd350b232c5736,lrwHsZ_CrIs,Your son deserved it,UCUHhFRDz1F-DdRioWlraDDA,@Beyondfire8,2025-12-05T21:10:10Z,0.2277270743118565
ce09c934185bd72f7b974385f74499b6,NlkZ2-hntaw,"Im paying $4,500 on property taxes on a home that was purchased for $88k in 1988. Now market price is about $200k. Plus $2,500 a year in home insurance.  For a 70 year old home that needs renovations. This is stupid. My state and local government just do not care.",UCcGTahl_deaMtPl8oFWVa2w,@John-g8f9t,2025-12-05T18:29:50Z,0.22684481142221952
7d25ccf34a666ef621ef6a73fd76c094,lrwHsZ_CrIs,Democrats must like drugs killing Americans,UC3ogKqtzn8tm07H8DbWk3PA,@MichaelJWhitman,2025-12-05T23:03:33Z,0.22666808651389395
c8ba49868a87ae49d689e1f736f6e215,NlkZ2-hntaw,They are counting their cut of the corruption.  It’s a big scam.  We all know it.,UCk9w6Az3DAEq80GHNKzvNfA,@mattt5006,2025-12-05T18:54:28Z,0.22579188238202408
5b7d58bf3cf2e51979719edd64436b68,NlkZ2-hntaw,"Schools shouldn't get more money if they're not doing their jobs, students are being failed by a system that wants to promote kids who don't even know basic math and reading skills.",UC0QjqNEzFG2adTEt0IWdEfA,@pholly,2025-12-05T18:30:35Z,0.22436466368064908
e173925b0e87dc78aca249f0a46eb1be,lrwHsZ_CrIs,Instead of bitching why don't you thank a veteran for their service!!?? 🤷🏻‍♂️GO MAGA!!!! ❤️🇺🇸❤️🇺🇸,UCGJY1A_hY_c7BmbHoOsIsHg,@randygibson6777,2025-12-05T21:20:39Z,0.22409413346031115
2aaccae3c34bd5ff476b8c6a31c07617,ce4lMhwVHSA,"TRUMP = AN AGED CALIGULA (Roman emperor in 41 AD..see 1980 movie) who sits on his throne while vile activities swirl around him, has an impotent Congress and a mindless military with only a few good men.",UCr-_c7AbOU_fjkDRm_8nU3g,@jme6293,2025-12-05T22:41:30Z,0.22240776174370136
70cdcfa01aadb81af08ca6d40b76ebf9,ce4lMhwVHSA,Ship this turd back to the toilet she came from,UCKAV-1RIMSXINXUp6ipSFNA,@jamesfiscus7539,2025-12-05T21:22:43Z,0.22087646302041003
610d8043f390dd367f83d5420a341336,NlkZ2-hntaw,"Is it for every home owner?Regardless of the status , whether it's just single family , home homesteader , apartment building",UCBqIsZYNBbDtyGoidQjh_PQ,@MillicentBullock,2025-12-05T21:26:04Z,0.2204888121654009
968f7adf7654ceba4c34428d49f41c32,lrwHsZ_CrIs,"""Alleged"" what are you afraid of making a drug runner feel bad? Are they going too sue you?",UCor_y7T3fndL-bBlDtJOKjA,@BogusJNutherwebb,2025-12-05T19:42:48Z,0.2203296837693884
06685d06e37a2c449194bcc82047192c,lrwHsZ_CrIs,Drugs of Mass destruction. Yes always trust the government. I would never say MAGA are stupid people. Their not human.,UCy7x7DpB__OiAOQrBUXgR3w,@steven7936,2025-12-05T20:04:53Z,0.21906649116584775
b301b0fb9dfa6a1c73ba5931bb91ccab,NlkZ2-hntaw,Start with Absolutely NO TAXES AT ALL ON ANYTHING FOR ANYONE RETIRED OVER 62!!!,UCFeENAbpXmPrACJZxUJ4GpA,@i_found_it_4_you914,2025-12-05T18:21:04Z,0.21882300711252622
37282347b1d67fc68628129978d0a3f9,lrwHsZ_CrIs,"22/5/2018: President Donald Trump told the veteran journalist Lesley Stahl of the CBS program ""60 Minutes"" that he bashes the press to ""demean"" and ""discredit"" reporters so that the public will not believe’ negative stories about him.",UCxSmfVkmJ55x469SyvTYq1w,@nox6559,2025-12-05T22:16:19Z,0.2187761850673449
3b2da2395c5436640af954a221484ece,ce4lMhwVHSA,Correction...That number is up to almost 8 Billion now....,UC9jH3_n3VYb6qSS1zcyp3qQ,@MichaelMatthis8,2025-12-05T22:11:08Z,0.21574089125820434
425c7a4f2717d636d3b0335788c25a47,lrwHsZ_CrIs,“God created war so that Americans would learn geography” - Mark Twain,UCbNH3tNnFJgxTIXHHUGYqmQ,@RealSirGuy,2025-12-05T21:08:21Z,0.2153767274032592
b99d06d6211333d0583150c6aca143f2,NlkZ2-hntaw,"COMPLETE BLACK OUT……
Still no FOX NEWS story about the new indictments decision from the grand jury about the Letisha James case…why no story FOX NEWS.",UCb6w3EkvFlwctKOzelje2xA,@Trumps-crazy-hair-flap,2025-12-05T20:09:15Z,0.2143111567073231
2bb4f693dc3c7db9a7512a187db69227,lrwHsZ_CrIs,GOD bless America....F J B,UCnyx2yGaiqdfkTeIZsUXygA,@RayWilliams-x2g,2025-12-05T21:46:08Z,0.2141391681736356
310266f3e57fb2850c07af7d67f61d81,ce4lMhwVHSA,"8 billion,  and counting",UCPcBLaaoEKcVSyI_OstH2ag,@roberthall843,2025-12-05T23:14:48Z,0.2141050572769804
a02a1d4def5ea5b897897808cf8033a8,NlkZ2-hntaw,Why can't you MAGA minions see what felon Trump is doing to you? Are you honestly that dumb?,UC2B6UGkH1aOW37HfCxcx-gw,@rickcrammond2617,2025-12-05T21:12:55Z,0.21307919928649982
5056d5ebd02eeff9796086b1532a0fce,ce4lMhwVHSA,"Omar is not directly linked, only indirect link. Get her out.",UChCu1BopnMxU9Zzt-vospPg,@Truthbtold365,2025-12-05T21:27:50Z,0.21279950609129666
b1b5503f257784d7c7508e3c10b8cc9e,lrwHsZ_CrIs,"Tim Pool 🇺🇸 -🇷🇺 was added to the White House Press Pool a few months ago: 5/9/2024: Employees of the 🇷🇺 Russia-backed media network RT🇷🇺 funded and directed a scheme that sent millions of dollars to prominent right-wing 🇺🇸 commentators including well-known personalities Tim Pool, Dave Rubin and Benny Johnson through a pro-Trump 🇺🇸 media outlet in the Tennessee-based company - Tenet Media. Other Media companies come to mind!",UCxSmfVkmJ55x469SyvTYq1w,@nox6559,2025-12-05T22:22:51Z,0.21255751767525743
3067d870ce6e138e664afb758e82914e,NlkZ2-hntaw,When republicans are in power they do nothing!,UCnMWIblTzW_PtcLAYVIGZ5A,@speedracer2336,2025-12-05T19:58:56Z,0.2121689421286396
fe9d8a536aa4ad148970133375c292d3,lrwHsZ_CrIs,HELL YEA!!,UCxi_rPl6e18BCytBo9YCPkw,@amesrichardson6119,2025-12-05T19:43:34Z,0.2118989163029716
6078d72040c51eb791587afaa8d79a77,ce4lMhwVHSA,"They are all involved and Walz knows what he has been court doing 
Democrats have been involved in many of crimes like this 
And that's why they have been so desperate to get and stay in power 💣🧨💣🧨💣🖕🏻",UCutUnR7L15TFhegzrv16lng,@leebarber8045,2025-12-05T20:08:02Z,0.21069673577159456
0957925ff0185d289bcfe508b9dcb587,NlkZ2-hntaw,DeSantis needs to run on this next time. He's still a good candidate for president. JD or Ron are next,UCGiGhDVSBmLRQXSQjEKofVw,@PhoqueU2,2025-12-05T21:51:40Z,0.2106460259742155
e73626094d04e2a31978b4e5bfe45020,ce4lMhwVHSA,Impeach and jail and fine gov chew him up.    Who thought this was all a good idea?  Unreal,UCumTiSUMMP51WtHlW4MsxVA,@Eric-wu5uc,2025-12-05T22:38:44Z,0.21062592833785398
f6a5db25238aab3402ba608835e6da70,lrwHsZ_CrIs,Trump strikes alleged drug boats.....SO WHY DID HE PARDON A TRAFFICKER WHO MOVED 500 TONS OF COCAINE? WHY???? TRUMP NEEDS TO BE IMPEACHED!  A third grader that worships money should not  be in the Oval Office....PERIOD,UCVzz4vVnvrQf1X4p2_XospQ,@shebe1175,2025-12-05T20:20:01Z,0.20947474660940407
c41fc5b0204b5f076ee3b44c7ef9b63e,a4BoCVPQB7Q,🥱 right...over a million layoffs,UCCwFWQN38GZ1_8Gmmyy5JOQ,@keithclanton7634,2025-12-05T23:18:01Z,0.20938836181535553
1d0f0884dd622e409039ff54fa40b046,ce4lMhwVHSA,"This will All mean nothing unless these people are Arrested, prosecuted and put in prison and or Deported. Bank Accounts and All Assets Seized.",UC47CNBVHAEn0pUOno2od8Ow,@Jjuly61,2025-12-05T19:24:37Z,0.20639463567246646
033d4c482b4b58c56fbb1361496bec21,NlkZ2-hntaw,Cost voters? Who is Fox kidding? We know they are controlled along with all MSM by the alphabet agencies! No one gets truth from any MSM outlet. On either side. Controlled opposition!!!,UCxj3DAu1ihAOL8Ew16BiSDw,@markushutch,2025-12-05T20:18:01Z,0.20593629783963296
1f433abb5657865e4d7b07a4126f8730,lrwHsZ_CrIs,its all about STEALING OIL from Venezuela and WAR CRIME🇺🇸,UCUHhFRDz1F-DdRioWlraDDA,@Beyondfire8,2025-12-05T21:09:08Z,0.20565105049547808
ebfba25dbc2d7c07bb46cce42bfdd349,lrwHsZ_CrIs,They were soldiers in the drug war.,UCdn0s-7xK_t9U185JF1envw,@matt1699,2025-12-05T20:05:41Z,0.2055046779028768
59663c4e77604522d0268ee74db70c33,ce4lMhwVHSA,You can’t tell me there was this much money flowing into the Somali community and none of it was making its way into her coffers.,UCqzaAuvyneg0k4TmYCANYXw,@rotorheadv8,2025-12-05T21:09:43Z,0.20543710794973472
360f0965fecec78cade4987cda8c1284,lrwHsZ_CrIs,"6/1/2020: The Insurrectionist in chief: The United States🇺🇸 Capitol Building in Washington, D.C., was attacked by a mob of supporters of then-president Donald Trump🇺🇸 in an attempted self-coup, two months after his defeat in the 2020 presidential🇺🇸 election. For all of you that are not cultists go watch the J6 videos of 3000 cultists with weapons storming the Capitol. Crushing and attacking Police officers. Charlie Kirk a political influencer that supported, the J6 insurrection of D.J.T. By CK own accounts with 80 buses with people by eye witness accounts with 7-8 buses and 300 people",UCxSmfVkmJ55x469SyvTYq1w,@nox6559,2025-12-05T22:17:21Z,0.20483436641879652
f136d5e56349c225944b929bfe74bdb5,ce4lMhwVHSA,Scumbags!!,UCI_hCGuh0MPnvOR9x6ttCDQ,@aundreacaisse5220,2025-12-05T21:14:25Z,0.2047920018845428
adb3b5b961896f7554b4e431c29c4b5a,NlkZ2-hntaw,I wish that the government would let seniors not pay property tax even if they’re still paying for their house. My home went from $90k value to $128k. I pay city and county taxes on a house built in 1970.,UCsX16Caq8Ox3n6bX3_PAiRg,@lindakitts4304,2025-12-05T19:16:14Z,0.2037665936977757
c1f2cf682b6b51ea65f921f90b2e1a8e,NlkZ2-hntaw,Desantis Rubio,UCXk_8drb2ZaBE_ZqjJ3YMfw,@CM-maga,2025-12-05T22:17:02Z,0.2027699000810054
4551ba583b23d6d23d07b82af57e9d7f,ce4lMhwVHSA,"These criminal Minnesotans and Somali's living in Minnesota need to go to jail, all money needs to be returned, and after the jail sentence, all Somali's should be deported to the rotten hell hole they came from.",UCzuQDvpHv3j-p27gtzVE5Zg,@randyjackson8314,2025-12-05T22:34:32Z,0.2027239621364736
6e411f793ffd9c8b013f7c4ceef17273,lrwHsZ_CrIs,Sounds like the dems are pissed off they are not getting their cut anymore,UC3jHyzqX3mFbFLD4DO3cU3Q,@ralph5136,2025-12-05T22:30:10Z,0.20223735749649635
4b4028045ff794583e7957ee99d27f1d,ce4lMhwVHSA,Arrest them both! Deportation is too good for her. Guver her a year for every million she stole.,UC7unsJtxDCjKfd049MpxNIw,@missmmann7534,2025-12-05T22:15:00Z,0.20204367586051225
1754441e2d51a601ad2bc5af9e5b1dc0,NlkZ2-hntaw,Chris benoit treatment for ice gestapos and their children ❤,UCPWL7ZC5t0CYrlr7ztyiNgQ,@mitchconnor3655,2025-12-05T20:17:12Z,0.20142183457829335
28759f26900d665a648bb77a5c4c5bea,a4BoCVPQB7Q,"Schumer's in a bubble, this is his mess.",UCp--A0CaSt0L4LNb2z8f7zw,@billferris5292,2025-12-05T22:14:48Z,0.20130794686068632
4208421bbda1e2895001597196cf3315,NlkZ2-hntaw,It should be on the ballot in Michigan soon if the commie Democrats don't stop it.,UCNPAtJBTowM-etaowaXK9gw,@maxsands3861,2025-12-05T18:31:22Z,0.20044403516283563
bd7c13dcf6999ec7a6593dd1f9fdfc73,lrwHsZ_CrIs,"I wish the DEMs would spend all that hard work determination and will, on protecting American citizens and stop protecting ill3gals, murders, drug dealers and terrorists.",UCk3zDwtg4YOQf4fSropS2xg,@CarlosRodriguez-qr3yq,2025-12-05T23:11:22Z,0.19992642864634164
26c5f13fcc18427a1ab46709d54f3941,ce4lMhwVHSA,send this omar piggy back to sandy box,UCndN8d2Px1agmjFkGeQ6v7Q,@ynot-h9x,2025-12-05T20:07:01Z,0.19905343192043123
570d12d52f596b5418581a3e99c3a056,lrwHsZ_CrIs,You are an Id1ot and that is on a good day! How many fishers vs Drug boats do you think there are?,UCxSmfVkmJ55x469SyvTYq1w,@nox6559,2025-12-05T22:39:04Z,0.19904123070112772
65befeb205260aa3f2df83549a8fe6ed,ce4lMhwVHSA,Michelle Wu brags about Boston's bond rating...,UCfEa338QgDlmy5GrXO82qGg,@TennesseeHomesteadUSA,2025-12-05T21:46:41Z,0.19845531045703527
bbbd3da828a17e89f00208e7098c288c,ce4lMhwVHSA,Herr Waltzy is another LIAR AND CHEAT!,UCakGMfOKYtFD85vadE0ncVA,@AllenKalaiwaa,2025-12-05T19:40:06Z,0.1964127764073299
ff7cdd0676d373db963f4b2133d6fffc,lrwHsZ_CrIs,For some reason it seams to me that Democrats are opposed to the war on drugs.,UC8oPZYJa7BJjVc5xEaYmiHw,@dksayt,2025-12-05T21:16:47Z,0.19590863342056702
975b1a1866308c0f4100c2a3373d852f,NlkZ2-hntaw,- Texas - needs to abolish property taxes.,UCZxDJs_sy3giFze4o6NWxXA,@BobSmith-ko3kd,2025-12-05T21:02:26Z,0.19481302634740147
d7f5b3fbe40f2701a7c49d9a8626fe28,lrwHsZ_CrIs,"6/2/2025: DOGE a 19 year old we all know controls domains including one registered in Russia🇷🇺. He got FULL-access to the U.S.🇺🇸 Cybersecurity and Infrastructure Security Agency. – Wired (Trust?)

6/2/2025: Well Russia🇷🇺 welcomes USAID 🇺🇸 Cuts according to Moscow Times and Calls the Agency a Machine for Interfering. US Farmer now regret their votes!",UCxSmfVkmJ55x469SyvTYq1w,@nox6559,2025-12-05T22:25:09Z,0.1947484019024899
5b9a2b28ea87b604614658b07bd9c8f9,NlkZ2-hntaw,Just wondering why good old Ronnie Boy didn’t think of this years ago? Could it possibly be because he is a lame duck governor and knows if property taxes were eliminated ( which won’t happen) someone else would have to deal with it? And oh yeah why did Casey DeSantis get 11 million of state money for her pet project?,UCK-v4pqF8vZ2d4lUVB6vurA,@JohnP-l2v,2025-12-05T22:30:10Z,0.19409506143800348
92e29a93abc657c826eb8bd6a77cde9b,NlkZ2-hntaw,DeSantis is amazing!!!!!! Love this guy! Wish Washington State would listen to jim!,UCYhVJ7rcBMyIc1ejhnZ4u4g,@EllenBerdan-p3f,2025-12-05T22:35:28Z,0.1937575723577425
d29606d441d4fd9b73058d21acf8cdba,lrwHsZ_CrIs,The Democrats say they may be missionaries bringing Bibles.,UCdRDH2Rqp-qx8SHVVcvQ7eg,@JeffMalone-nb5ps,2025-12-05T22:42:40Z,0.19330327039973605
bcd77cd2d433dff15e24b0f902e6432e,ce4lMhwVHSA,Talk! Talk! Talk! Where’s the convictions?,UCvMC7vqyqw9_70nZcfuWeCA,@audiovideo-f4b,2025-12-05T21:16:49Z,0.1924219994934887
c2e452d04e97b53fa1c8958fc3c417f5,NlkZ2-hntaw,❤🎉😊 please.,UCMtfoHfegkwitaCnKKSNX5Q,@umamiramen6980,2025-12-05T21:47:18Z,0.1917780668162552
4240545acbe5119d7c5adc0000e52ed1,lrwHsZ_CrIs,The democrats arent going to get paid much longer.,UC8VybL6Sl2P2je3H9q8JmWw,@MarkTurner-vs7uc,2025-12-05T21:12:28Z,0.1911850505949094
ddbaf6ad3e34654510278a70499cbbb4,lrwHsZ_CrIs,"Trump wants to be like Putin and pushes away allies: 8/2/2025: Trump🇺🇸 has said he wouldn't rule out using military force to take over Greenland🇬🇱, which is part of Denmark🇩🇰 a NATO🇪🇺 founding partner. Panama also was threatened with violence. A softer approach was promised for Canada🇨🇦 but still they should be part of the U.S.A.",UCxSmfVkmJ55x469SyvTYq1w,@nox6559,2025-12-05T22:26:50Z,0.1899292220191502
c54f78947cf8314e9bb3b3e2efa8f01f,lrwHsZ_CrIs,‘Attacking shipwrecked sailors’ - what a laughable interpretation by an equally laughable representative.,UCq3iEmG13pUTmCMKoBQvOdg,@ianleach1562,2025-12-05T22:12:18Z,0.18961673481565577
d31653296ce0817fa92288bc0a3d3ad4,lrwHsZ_CrIs,Dang—I hope none of those FIFA fans arrive by boat. I for one am canceling my Caribbean cruise.,UCLAa91wDB2gAO833k-p1zLw,@jpurpleyou,2025-12-05T22:01:59Z,0.18921356977243825
05e9d36a0319019447f02d6a0727a8d0,lrwHsZ_CrIs,Democrats do some work and shut up,UC9aCmCwOt-YvuzuzYr5b8qQ,@eddiedancy5731,2025-12-05T21:17:41Z,0.1891023239769882
d6aa447fd569caf5d48cfa80a5d893d4,lrwHsZ_CrIs,"4/2/2025: President🇺🇸 Donald Trump has announced that the United States🇺🇸 will withdraw from the 🇺🇳 U.N.'s top human rights body. WHY unless you want to break Human Rights? 
Do you think Americans prefer to have Human Rights or Not?",UCxSmfVkmJ55x469SyvTYq1w,@nox6559,2025-12-05T22:24:43Z,0.18846391078635677
94a1898b69458c62b3a8c2cd5f68345f,ce4lMhwVHSA,Indict her.Freeze her assets and return to taxpayers,UCXys7l5vwc-Fs7Dgqd7g4Jg,@FOXGLOVE-h7i,2025-12-05T22:35:57Z,0.18814416913298296
9a1d87704bb456335069826a653be62d,ce4lMhwVHSA,"Wow, and bet no one gets charged with anything smh",UChgnbJaVg2sK4dUy5Zyk0Xw,@JosephCremin,2025-12-05T21:27:00Z,0.1881213611342457
e1b0c21934b356608654a56d560f34e1,lrwHsZ_CrIs,One guy had Tylenol with him so I heard....,UCm-gYQbSJz63iokYK5Xgghg,@raymondperez1131,2025-12-05T22:02:49Z,0.1849154466006504
2503ec0f4a2d3e7044be06b7246a3a03,a4BoCVPQB7Q,It’s gonna be interesting when Democrats get to stack the Supreme Court,UCkYy3kxIOhtFZMrmhoUitQw,@jeffreyengland2960,2025-12-05T22:44:37Z,0.1840726327723592
b83dfcd188cbfd5c5c295aaadba2aaae,NlkZ2-hntaw,Ron is Don’s lacky!,UCB_v65qZoOMKHQMZe5yWN0A,@Love-migrants101,2025-12-05T18:32:44Z,0.18403259771993963
9dde2d0b59249fda76f9bd8a11bfc96d,lrwHsZ_CrIs,"it is not just dems that rage, any decent human being is raging, this are executions with no evidence",UCXSmg9ONCTUjo0qRWbHOlFQ,@laurielaw370,2025-12-05T22:35:17Z,0.18363746023722938
c94f1610638c1b5cdc3f6fbbeb07a59c,NlkZ2-hntaw,Love this,UCtuHzmfhd3xx54Bhr9M6pcw,@gladysortega7502,2025-12-05T22:06:53Z,0.18317341067013931
3e4c1db986fc4844f5c2e6e4543373e9,lrwHsZ_CrIs,It's about time this country has a president who does his job. God bless President Donald Trump.,UCsFXoCtjaE1fx8o8kElgUxg,@mikelongo4689,2025-12-05T21:15:39Z,0.18298660874648803
10723bc3d293447d4006046e6509a1f1,NlkZ2-hntaw,"That's right , you got the ice nazis out in the street",UCBqIsZYNBbDtyGoidQjh_PQ,@MillicentBullock,2025-12-05T21:35:03Z,0.18285021054671596
aa36f2f48ff91de6ba454ebca2f9b1a5,NlkZ2-hntaw,"And they're gonna also vote you out for your specific , targeting a brown people",UCBqIsZYNBbDtyGoidQjh_PQ,@MillicentBullock,2025-12-05T21:27:47Z,0.18284972944143027
4b03321d0437a519e2e70f6f0d1376b5,lrwHsZ_CrIs,Double tap those scum. Don't care.,UCGHD7SwBYFalykKia94ZtmA,@Gadfly247,2025-12-05T21:13:43Z,0.18234507808011302
3b2cf8e84ecb6bc9d36b4901baabe37f,a4BoCVPQB7Q,"Anyone who puts Israel first deserves to go to jail, so that includes Trump too !",UCeG-nrditN7VV9cYqzfhXbA,@robertsharp3238,2025-12-05T23:12:11Z,0.18185807238324353
eaab476e3484f1c297119928d4de5cc3,NlkZ2-hntaw,No property tax.,UCPFGlf3tc0YhkD8J1M9FW2Q,@2tinfoilhat,2025-12-05T18:47:51Z,0.18156720243671182
fd6a7d1cabc366a765ff6e47a2557494,NlkZ2-hntaw,Those are supremacists with a part background.They are not compatible with america,UCBqIsZYNBbDtyGoidQjh_PQ,@MillicentBullock,2025-12-05T21:29:19Z,0.18133483473337025
d5a5013f67ab9ad5acddd5fb0dc16471,NlkZ2-hntaw,I love how he makes it seem like fl is perfect. Ask anyone living there that ain't worth 10 million if lifes so great,UCNezQBVNhILJiMqN29caIVQ,@lamarcurrey3920,2025-12-05T23:13:41Z,0.180937021382369
33b93d6996b1344197bcf573ed792a03,NlkZ2-hntaw,Best governor we ever had and best governor in the country 👏 👏 👏 👏,UC0jqRt6hUK4cVB6Jkb1DRwA,@Matt-d7m3v,2025-12-05T20:50:37Z,0.1808931900881156
e9da30759b5fd3240e06c2574e09e90b,ce4lMhwVHSA,Thats means she is involved also.,UCeqQDpjHV5QArLtAZTbW4Lg,@LeoMartin-j8l,2025-12-05T21:25:56Z,0.18086734533662494
6f6361a8c7494b80baec1d87ec407367,NlkZ2-hntaw,Just left upstate for FL......freaking 84 today,UCMVi9yHYd-NBY9GaOZ-Hh2g,@ttfahd,2025-12-05T20:33:37Z,0.17959222639197484
9f2ce6c53d53478a40da3d85d236eebc,NlkZ2-hntaw,It's not for all 😂😂😂 this dude is out I stay in Florida and the people had enough of desantis,UCOj6uqdNVO7mTk1HkOkKM1w,@BryanGuzman-t9h,2025-12-05T20:18:58Z,0.1795842049504508
b393a3453424899ece0b7ef491bda274,ce4lMhwVHSA,So all they are good at is pirating ships.......why do you thing they will do better after they are in US? Now they are pirating public purse.,UC_vWPhc_8545WaArToRNh5w,@spy1309,2025-12-05T21:10:34Z,0.17907552802105844
c38ab7461c8ea4ed3ad7e8eadc2ca83f,lrwHsZ_CrIs,You’re so excited about owning the libs that you are supporting war crimes .. the entire world hates Trump and maga now. Congrats 🎉,UCB6sQMIDwOSv744E_E6on4g,@benharrison7244,2025-12-05T19:19:36Z,0.17897555183544245
171f13246572a69e11ac13e29195140b,lrwHsZ_CrIs,I wanna see the proof.,UCVTbD7dDtP5tmOBHA67cbrA,@WyattsVlog,2025-12-05T21:25:31Z,0.17868295474990342
905a5d959f5da97e245340c3ac1fd29f,ce4lMhwVHSA,The people of Minnesota voted for this. Live in your mess.,UCQjwpJDuBCr-MRbYwqoX6rA,@paulcianca9974,2025-12-05T21:49:55Z,0.17846270437677678
9d3f2cd3e1da08a96c6c343f1dc753aa,NlkZ2-hntaw,Best governor we've had in 100+ years,UC24-wQLoDACUtKVJF_xl6VQ,@mrearlygold,2025-12-05T21:50:34Z,0.17721646667218138
4222b9d2803a73aea12958c352007570,lrwHsZ_CrIs,Thanks Fox News I need my daily Narco State boat explosion.👍🏻,UCM5kqPaw-oxj2xbW1vtC5Tw,@EVRET-BOSS,2025-12-05T23:18:11Z,0.17672175145500627
fdfc361cc9c19bec6fe4d444a7c2902f,ce4lMhwVHSA,"US should stop all immigrants visas except spouses or merit no government welfare for at least 20 years for all immigrants, only president or 2/3 both houses could issue asylum refugees visas,go  take your problems to third world countries,we have $38 trillions debts.Americans first.",UC7We4Du8uEbt8jiPNlXZQpA,@jackmaa3647,2025-12-05T20:41:54Z,0.17609913577563083
8f30ec491a66aa0e9216428803a10ccb,NlkZ2-hntaw,I think it’s great !,UCJHRfY06qgKLCZCC5CAFvag,@Jeriboberry,2025-12-05T22:00:24Z,0.1759407730385694
1da79e130186a2e8a50ee6cc080cea65,ce4lMhwVHSA,The Democratic party is a fruad empire  that bribe their voters using taxpayers money,UCBvO-SqvMX_MDTVt7gNoA7Q,@emmanuelpeter5352,2025-12-05T20:36:27Z,0.17478491695504536
76c65dba995ad41f7f716d1fa27da722,lrwHsZ_CrIs,Greatest President Ever!!!!!,UCEffhQ8RrH5sp6C3898K2vA,@GeneralTso-y9h7w,2025-12-05T19:48:55Z,0.1739781853467894
00873bc49f0e0c43fe2589b440df9599,ce4lMhwVHSA,"Undocumented immigrants pay more than $200 million in Minnesota taxes each year, according to a July 2024 report from the Institute on Taxation and Economic Policy. Nationwide, undocumented migrants pay close to $100 billion in taxes annually when including federal receipts.",UClT9IjLsB-KtLLS7j-YCMpg,@dhulkaygahooyo3023,2025-12-05T19:27:48Z,0.17396137609281853
948ce27d2bd158ff182b97d05a941230,ce4lMhwVHSA,"Gee, you think theres a lack of accountability how else do you get off w sloppy organized crime(s) MN???",UCeNkK9i43pMN07b55h7zrcw,@DWS1110-BigSteppa4justice,2025-12-05T23:16:09Z,0.1736792600081748
de8f472f19ead2bb63a52674a2e7a973,NlkZ2-hntaw,LMAO Nazis calling Out Nazis i love i9. you can not make this stuff up,UCuaPy0suLHvjv4a3R9hLwoA,@patsfanxxx-p4w,2025-12-05T20:21:21Z,0.17293720591577733
153a206e9b480bf990d3215451d53334,lrwHsZ_CrIs,The facts make Trump/Karoline Leavitts deflection of Bidens procecution of The Drug Kingpin and Trumps Pardon Bull Crap!,UCxSmfVkmJ55x469SyvTYq1w,@nox6559,2025-12-05T22:05:58Z,0.17270565243375874
695750dcabdcbbd9886dd2afd9aed94b,ce4lMhwVHSA,"Stealing food from children, and  funds for assistance with disabled children… that’s so low and wrong!",UCiaIi9oU_CS6ihQimVRBOJQ,@georgegoughnour1509,2025-12-05T23:05:38Z,0.1719319781608115
903ac3158cb806820f3591b680ef34d1,NlkZ2-hntaw,"Byron donalds, is next",UC0jqRt6hUK4cVB6Jkb1DRwA,@Matt-d7m3v,2025-12-05T20:50:56Z,0.17176087372236581
2c02e0094a46ddb83d57ff6b80c7c3b1,ce4lMhwVHSA,Will it be Walz or Omar throwing each other under the bus looking to get from under this.  I believe both need to go,UCVYq4L_frNmodog1BVPNMHA,@ericryden4273,2025-12-05T21:05:57Z,0.17118196408363745
bff03dda36dbdb7793cd3cf9e42f8cb6,NlkZ2-hntaw,No taxes on legal citizens period…. If immigrants want to be here. Tax them for a ten yr period while they file for citizenship or return home annually. First thing Congress should do is immigration reform that benefits citizens! Annually!!! Between that & Trumps tariffs it  would easily cover all federal gov expenses!!! Make it happen!!!,UCxj3DAu1ihAOL8Ew16BiSDw,@markushutch,2025-12-05T20:20:00Z,0.17103017490012576
c28e5e4f71f88f99b920b4b14d7081da,NlkZ2-hntaw,AMERICA 🇺🇸 SOUNDS LIKE A BIG RUNAROUND SO HELP US GOD 🇺🇸,UCR_e-BWh0LZqj03tns5TWBA,@RudyLeal-z3h4d,2025-12-05T22:43:38Z,0.17097090979613794
0696929b25e6d04379b203d1b9b57139,lrwHsZ_CrIs,"anyone seen the sick stuff these cartel members do? you don't wanna know, thank the brave Americans keeping you from seeing it",UCO2b5rhWyZP8CyW86_Y_XRg,@wheelmanstan,2025-12-05T20:15:18Z,0.16972744727914713
4dd8fa3374da5c6c6b8a13245ccafbdc,NlkZ2-hntaw,Property tax is killing us… seniors are forced out of their homes … can’t ever own your home .. that is absurd,UCEaXnTLIrQj-RvqUPZ7q6qw,@JetteHogenmiller,2025-12-05T20:01:03Z,0.169557609183993
723fd22bbce215d8ea6e05da0e0a5717,a4BoCVPQB7Q,Of course blame someone else for Trumps dismal failure to do anything he promised to get votes. Trump is the con man. Him and his family all they want is to make $ off his position and name.Release the Epsteine files.,UC6KbEa3JA_BZixvZ2TB9yqA,@dachshundking1,2025-12-05T22:52:29Z,0.16891299509902657
ea986a3cd60aa75980cada0618c3f85f,ce4lMhwVHSA,PIECE OF CRAP!!!,UCpDXvflGqt1l-hUSkSKbFtg,@JohnnyBreck,2025-12-05T20:42:49Z,0.16849893630588497
99aa89669934c9e0024f474217f2d5fe,NlkZ2-hntaw,They roll in an advance too with a maga hats on,UCBqIsZYNBbDtyGoidQjh_PQ,@MillicentBullock,2025-12-05T21:30:06Z,0.1682748600737296
b0f8556c437993653b240f6a8e20d627,NlkZ2-hntaw,Only for residents who own and occupy the home!,UC271Nxl8TFblL6IIcAP7XXQ,@sjpallanck8442,2025-12-05T21:03:33Z,0.16791587052586893
cb49753df448f8f2cb4175317191b49a,NlkZ2-hntaw,Give with one hand and take away with the other ...,UC_qrNNh5_-yFULcm1rkyIng,@ArenAurelius,2025-12-05T22:01:27Z,0.16725798231420166
4b4adeb2d5422b6903a3d20979dea177,ce4lMhwVHSA,Why is this woman still in office!!!,UCuKcIHAuUbFZshEd0TMt46g,@scottcampbell2585,2025-12-05T21:07:34Z,0.16714573573603733
0ef8acc0c8db95da73f3b49d59b07812,NlkZ2-hntaw,He needs to be quiet and keep eating pasta,UCFntHfRMoS6ac7H7Lgwkdzg,@Verno-x7t,2025-12-05T23:07:41Z,0.16429864105783124
0ccb06a1401831913c138ec3426beb3e,NlkZ2-hntaw,No property taxes = Corporations buying all the homes.,UCy7x7DpB__OiAOQrBUXgR3w,@steven7936,2025-12-05T19:22:59Z,0.1642783892643386
885ff9763be5272b314ff5795360e599,NlkZ2-hntaw,My property taxes are half my house payment 🤬,UCENN53LhU2fXCa4feb2VGAw,@GeorgiaDuke-m3w3c,2025-12-05T22:49:31Z,0.1625359441124412
7438febea04f2602ba47e2d5d9977c7f,NlkZ2-hntaw,He's not having a moratorium on white nationalists from south africa brought them in his refugees,UCBqIsZYNBbDtyGoidQjh_PQ,@MillicentBullock,2025-12-05T21:29:03Z,0.16220638286289835
4daa6f58a08843fad5efd3138ee16e23,lrwHsZ_CrIs,"nox, you seem very intelligent, these people just don't get it",UCXSmg9ONCTUjo0qRWbHOlFQ,@laurielaw370,2025-12-05T22:52:17Z,0.1617639304336481
ae03695ff156031b3545fe3b5c848c8a,NlkZ2-hntaw,What the government has done is basically tell everybody you can never own your property. It's always going to be owned by us. You can pay it off but you're still going to owe us yearly rent for the property you've paid for. It's ridiculous. We need to get rid of the taxes that aren't for the people get rid of the politicians that aren't for the people,UC5UlPjTtW70pT3QIZJK-KRQ,@andrewtruffin4781,2025-12-05T20:54:48Z,0.16066604961984915
0bfde80f99c5623bfeb63a0b8c826e2f,NlkZ2-hntaw,Every state needs to do this. PEOPLE SHOULD NOT HAVE TO LOUSE THERE HOME IF ITS PAID OFF. THIS IS JUST UNCONSTITUTIONAL.  THIS IS BS. STOP THE STEAL AND PUTTING SENIORS OUT OF THERE HOMES AND BECOME HOMELESS.,UCvXS_utX7LKQD1kpernFaxQ,@aliekatsmom,2025-12-05T18:59:24Z,0.16027249806365065
ba9a0a378349e9666599e0c0662838db,lrwHsZ_CrIs,I voted for this.  Make every drug runner go *_SPLAT!!_*,UC19vDD0xuulm-XddkcozXbw,@13BGunBunny-13b,2025-12-05T22:32:06Z,0.15976510363509971
5c043a7789b348d1dcfcf8abab85bc22,NlkZ2-hntaw,"If I were a voter in florida , I would make sure that legislation included every home , not just homesteaders",UCBqIsZYNBbDtyGoidQjh_PQ,@MillicentBullock,2025-12-05T21:45:54Z,0.1588647037776425
50519c902b2043c996021c725f55ae90,NlkZ2-hntaw,"In 1949 the property at 5129 Goodland in Hollywood was bought for $7,000.   Today it is valued at $1,250,000+.",UCK65GVB0kc5TH7ykDTRSHPQ,@dorothypoole8908,2025-12-05T20:24:17Z,0.15840881839701568
a96d947f207abb223c1e5199f1f8ec87,NlkZ2-hntaw,"I think once you get to a certain age and own your house, that you shouldn’t have to pay property tax.",UCdqHJiIU-SYvuSEUyhF8Gaw,@topdogkk,2025-12-05T20:38:15Z,0.1581628630721131
ac29fce575465ab5de3cc1fe3edab2aa,ce4lMhwVHSA,Why aren't they held accountable then,UCmlHCW6-MBQnYG67LxDkYrQ,@Anthony-g2z,2025-12-05T22:33:25Z,0.15618587599830086
b6ce1be6f5ca8046af424e42e7506e28,ce4lMhwVHSA,"our government is getting rich off taxpayers money, while telling us socialism is bad. .",UCmm5HovW4wlKaPhdV9fNQWw,@J_Rock1111,2025-12-05T21:28:54Z,0.15570759718124547
8587ce8df4ecb103658970fa497a2707,ce4lMhwVHSA,People! Don't forget that fox news was fined almost a billion dollars not that long ago for LYING!,UCa4jJIi4Sb3_5ssh-u8fpew,@ronquiring7796,2025-12-05T21:48:01Z,0.15540166745277334
c887b0453f58d0d930ff86c6b02987ec,ce4lMhwVHSA,I bet a million percent she involved or its just one hell of a coincidence smh somalia she from somalia 😂 amd she fd her brother theres that too lol😂,UCtLBuaf5fcxJgOd2Iq1L6TQ,@roscoe72,2025-12-05T22:05:37Z,0.15483687214675987
2aec88a949a689912037c83a6ec89fd3,lrwHsZ_CrIs,"They just keep sending boats. I wonder if the people on those boats are being threatened or their families. Make the run, or we'll pay your family a visit. With all those boats being targeted from above you have to imagine the people going out on the water would be scared.",UCY8JdFZYYj-6e7rnEiKU7mA,@NightEyes267,2025-12-05T22:51:06Z,0.15478493315054342
8ee9aaf6d4d03b298eb1cb4ceb0521d2,NlkZ2-hntaw,"FYI 
No property taxes DOES NOT AFFECT POLICE OFFICERS 🇺🇸 FUNDED AND SCHOOLS BEING FUNDED ETCETERA GOVERNMENT ENTITIES FUNDED 👍 GREAT",UC3AcR_OWSILz6SWh2rilkeA,@JohnSiemieniewicz,2025-12-05T20:28:32Z,0.15436289559913238
125336d83d94c5715dccb27aec6a1047,NlkZ2-hntaw,As a crime prevention,UCBqIsZYNBbDtyGoidQjh_PQ,@MillicentBullock,2025-12-05T21:35:24Z,0.15372420649032967
ae8c103eb5a7eeff58b27ce899b02154,NlkZ2-hntaw,If you dont pay your property taxes they auction your property off.,UCzBUrxMlLkH0PkTAKmxTUBQ,@maryanncraze5118,2025-12-05T22:57:18Z,0.15371168402098076
7768c91f08312c458e4a004d547cc423,NlkZ2-hntaw,Start packing up that gum's mention is gonna be vacated by you,UCBqIsZYNBbDtyGoidQjh_PQ,@MillicentBullock,2025-12-05T21:37:42Z,0.1529128603926696
1bfa7ce2f63f1be90029baf5f52715e6,NlkZ2-hntaw,"""DUNCE CAP"" DE SANTIS........A GOOFBALL TRYING TO STAY RELEVANT.....""FORGET ABOUT IT""",UC2sUHj1vtMFacADEfdwFIWg,@alexjackson4558,2025-12-05T22:28:27Z,0.15270634158754495
645b710fd4425b20a729cc0a87880178,NlkZ2-hntaw,Allocate property tax to renters as well. It's not right that people who pay no property tax can vote for levies they do not have to pay.,UCLWpMd0012w59HGaMo4R9Kw,@donald5967,2025-12-05T21:00:37Z,0.15233749040985883
388f5ad80ab5252737118fb3022484eb,NlkZ2-hntaw,"The fact most boomers pay property tax and still think they ""own"" is scary.",UCeO1aO-HV1DgjqLCu1bi3UQ,@CrossStario,2025-12-05T21:05:57Z,0.1520146988903146
6dd296f380e89aae0677fca7c5540101,NlkZ2-hntaw,It's crazy they charge people property tax on something they bought and paid for,UCYbtRxS1X5l11NeonOBN48g,@michaelyoung1532,2025-12-05T20:34:56Z,0.1513504319709802
e39dbed0f9c94756221d5dafbfb3f5a3,ce4lMhwVHSA,Democrats if they can’t make money with insider trading they steal it,UCsjL8c7bWzM074u9Z3CihQg,@RickDarr-l3m,2025-12-05T19:29:36Z,0.15133003684743682
4c27528721afb8c7b4e384d54cc64c81,NlkZ2-hntaw,Sounds like Desanctimonious is running for Pres,UCXe7nQxCypYj5Fr_k9yM2dw,@rigitdigit,2025-12-05T23:11:46Z,0.15038913867985673
d0aac965077cf666136f5e820db70cb2,NlkZ2-hntaw,You can't distance yourself from Trump now.It's over buddy,UCBqIsZYNBbDtyGoidQjh_PQ,@MillicentBullock,2025-12-05T21:40:03Z,0.15008043141657584
95773593093f51da4f4a28e6d32a7bf8,NlkZ2-hntaw,I know one thing. No Republican or Democrat not supporting Israel and peddling antisemetism will not get my vote. Never! We are not fking 1930's Germany.,UC_ZgXI9apb0U0PIKd4-8hVw,@janetprice85,2025-12-05T20:29:58Z,0.14909139408919592
4d5cfe3bffc5ab302d011f6d5f60aaa0,NlkZ2-hntaw,"And all those poor cubans that stood up there , yelling for trump",UCBqIsZYNBbDtyGoidQjh_PQ,@MillicentBullock,2025-12-05T21:29:53Z,0.1489716301284462
fc9cf1eec75994f2e2fd634ed69f1ede,ce4lMhwVHSA,How about you stop taxing us every time we fart or cough and then they'll be nothing for anyone to steal.,UCrE7M4C5aRquuMRKLNqHXcQ,@waywarddrifter677,2025-12-05T21:13:08Z,0.1486807706727156
ebd64210ef659aa2ee62c58c2d59efcc,ce4lMhwVHSA,"MURDERERS AND THOSE WHO ARE COMPLICIT NOW WALKING THE GILDED CORRIDORS OF THE WH?
THIS IS NOW THE STATE OF AFFAIRS IN THE USA.

OH! FIFA PEACE PRIZE GIVEAWAY TONIGHT AT THE KENNEDY CENTER!",UCr-_c7AbOU_fjkDRm_8nU3g,@jme6293,2025-12-05T22:52:45Z,0.14825465248454678
581426e12b9170eb0f7161880c7bb888,NlkZ2-hntaw,"Immigration isn’t the main issue — people care about taxes, housing costs, grocery prices, and crime. The social democrats understand that housing and groceries are the biggest problems for younger voters, which is why they’ve been gaining popularity.",UCnxMCwOrzkFuBk_Ed4IU8KQ,@MJ-hr8yi,2025-12-05T23:04:39Z,0.1476574418016876
9627e94394b9c0cb7bcc2cb1b1e8cccb,ce4lMhwVHSA,Now start investigation group homes owned by somalis. They usually bill for services not provided,UCve2zEdn9Ddzdvm8fSG-Bag,@naomimatundura-hu8tz,2025-12-05T19:31:12Z,0.14753116196191557
9d88c11ce4d790fe9bb13f2eb2f61b36,ce4lMhwVHSA,Cut it out nothing will happen are my taxes going down no they won’t so who care blame the goverment for giving money away to Unamericans and nothing changes sounding the alarm for years what a joke,UCOIZTYpxah43zAGOXC8Y1tQ,@Myopiniononly,2025-12-05T20:28:57Z,0.14570049051083062
d813b9e74783d3911d47fca4384b21f8,ce4lMhwVHSA,"MAGA Election denier tied to attempted mass murders!    LOL!    YET ANOTHER CHUNK OF REALITY SHOVING THE RIGHTS FACE INTO DOG CRAP!  For God's sake, cultivate compassion, love & understanding.  Then maybe you won't look like the sleazebag hypocritical liars that YOU are currently are?",UCK42_mpjxeX6oX0GzQ1N6LQ,@cindernubblebutt1340,2025-12-05T21:24:45Z,0.14567896133919306
dd786dcbefc381c833fdac37a4e3b3e7,NlkZ2-hntaw,Warning constant racism being promoted by u the governor,UCBqIsZYNBbDtyGoidQjh_PQ,@MillicentBullock,2025-12-05T21:39:28Z,0.14564148842056265
409ce8e99e275de31c7a961aaa0322ce,ce4lMhwVHSA,All the dominio going down,UCH7OUWq0lHG9YVHCjbolDzg,@PastorJoelEspinal,2025-12-05T20:20:32Z,0.14556616135611616
9f4af21d9031c8bf6663963ee3342bd1,a4BoCVPQB7Q,Imagine what could get done if Dems would start helping instead of fighting everything trump,UCM44GZj3nWOqRDzUkVnZTxw,@gregblum7484,2025-12-05T22:54:01Z,0.14501181150220077
002cc917db9870dc598d18d7de266786,ce4lMhwVHSA,lol. Say it ain’t sooo. lol lol,UC2XzGwj6NjXM6Nz14ipdI2A,@doc1time75,2025-12-05T20:27:13Z,0.1445659148979101
a99057e63c81b1ca4b40da6922bfb1d7,NlkZ2-hntaw,"If I buy a home and my tax rate is X. It should remain at X. I can live with that. That was what i agreed to. But to increase every year until it impacts my ability to meet my mortgage, you're forcing me out of my home. Set a tax at the time of purchase and with integrity, maintain that rate. Or, ditch the tax completely for lived in homesteaded houses.",UCjwM6eRed9Go5wegatK0ihA,@MyMaxTheDog,2025-12-05T22:11:55Z,0.14405528694454062
db5bebe8e4f1d92f61620013e8d86aa3,NlkZ2-hntaw,The suburbs want property tax? That is hilarious.,UCkeg3zf886a5Cw24mn5Qx5g,@johnpollard744,2025-12-05T20:53:46Z,0.14352490294457437
79eb6af728a21cd400a498263ea45345,lrwHsZ_CrIs,"KA-BOOM!!!!!!!!      PELAGIC FISH FOOD!!!.........................THEY ALL CHOSE POORLY.
KILGORE Outstanding, Red Team. Get you a case of beer for that one.",UCGeR_g2ttAYFRna6sLEBytA,@stur.7502,2025-12-05T22:41:27Z,0.14178851843642715
6b2f60876be6bf294dd32d7796bb6912,NlkZ2-hntaw,They brought back slavery in 2025.He can't guarantee nothing,UCBqIsZYNBbDtyGoidQjh_PQ,@MillicentBullock,2025-12-05T21:38:18Z,0.14152294783620223
8cfb05907efa01207590af3eb32b0185,NlkZ2-hntaw,What's to stop the owner of an Airbnb to put his family member as owner homestead it and rent it out a few times a year without using corporate Airbnb just privately. And on top of it they won't register as a business and they won't collect or remit sales tax.,UCIWwNtXosni5MUf7JtryD2A,@mjmj8980,2025-12-05T20:57:36Z,0.14086257334636243
274875d00e22215fb9ac5810e3379156,lrwHsZ_CrIs,Adios chicos. They really are dumb,UC97KsqfIIgwQ9oaoRaothzA,@SteveDelGatto,2025-12-05T22:46:13Z,0.1386061320535111
e14d915beec03e8b6a9a025b10d062cb,NlkZ2-hntaw,"Yes, it's a scam and the rubbish our tax dollars are spent on makes NO sense. DOGE has been to my county and found plenty of waste. Frankly we are run by the same families since I was twelve and I'm 76. We need forward looking leaders that build up not build over. Lol!",UC_ZgXI9apb0U0PIKd4-8hVw,@janetprice85,2025-12-05T22:19:59Z,0.13851337987214027
1a80dce86a4aef4b47745876ff991dd7,ce4lMhwVHSA,"Even the social workers and offices seen that something wasn't right somewhere and alerted the higher ups, they didn't do nothing because they didn't want to be seen as prejudice and lose votes and careers.",UCzw15U2oFjJoy21T1aVNK5g,@malachi-,2025-12-05T21:29:52Z,0.13836486485547664
ada310853c7f552105e8278bf1ecbbbc,NlkZ2-hntaw,Just an acceptable place to live.  That was the objective.  The left destroyed that.,UCEhYJ1GsYFZCKVKIHFgsc1w,@jacktribble5253,2025-12-05T18:52:33Z,0.13728245789987417
c7d4306986e42751936f65b24d8754b6,NlkZ2-hntaw,"After Hurricane Katrina on the coast of Ms. our taxes & ins. quadrupled. Forced me off the coast just 1/2 hr north & luckily love being farther away from tourists, crime & homeless.",UCK1T7PMRUoryJ5-vtBQUGNQ,@sheilahenry7279,2025-12-05T20:31:31Z,0.13705647789604936
c079dbc8f4e072bcbe419491394052d4,NlkZ2-hntaw,Speci.\nFically in united states citizens,UCBqIsZYNBbDtyGoidQjh_PQ,@MillicentBullock,2025-12-05T21:27:58Z,0.13597022225656696
4b42ac92a6e081095b774bef081acd83,NlkZ2-hntaw,"With that 50 year loan, the administration proposed bite.When you're thirty , kinda on it , when on your eighty",UCBqIsZYNBbDtyGoidQjh_PQ,@MillicentBullock,2025-12-05T21:38:55Z,0.13564577007132445
1c593283ae7e24ae20dbb2d0edace793,ce4lMhwVHSA,Kamallas Guy right . isnt his son autistic also? double whammy,UCnQGgxMaEw22daEGCwosxsw,@phillyformage4622,2025-12-05T21:52:03Z,0.1332018882138565
bde7962ec8305f1c630e6b11967b8618,NlkZ2-hntaw,"Why not make it a two part bill,so it could evaluate it in 3 years,and then adjust as needed",UCgnI8ws2fm6n6MMCVwft40Q,@robertnorkus5582,2025-12-05T20:13:48Z,0.13217314057282153
1cfe06e508e712774ff5749cb3de78be,NlkZ2-hntaw,PLEASE ; ONE RESOLUTION ! ONE VOTE !! NO BS ! ONE CLEAN VOTE OFFER ! NOT 12 !!! ONE SIMPLE VOTE !!!!   GATER DONE.,UCA1RO1biNjetD1cBKUg-8Ww,@bartongrasshopper,2025-12-05T21:19:44Z,0.1280897382493051
a8741816b6e9d25b18c570b9a5f34523,NlkZ2-hntaw,"And⁰ that alligator pit you have in your state , doesn't help either",UCBqIsZYNBbDtyGoidQjh_PQ,@MillicentBullock,2025-12-05T21:28:22Z,0.12697283654306682
